cohort	metric	estimand	contrast	site	difference
endpoint_specific	shannon	marginal	Deep-Surface	1	-1.0351138678666798
endpoint_specific	shannon	marginal	Deep-Surface	2	-0.3487891150065412
endpoint_specific	shannon	marginal	Deep-Surface	3	-0.000498175541609136
endpoint_specific	shannon	marginal	Deep-Surface	4	0.1032138044027171
endpoint_specific	shannon	marginal	Deep-Surface	5	-0.07737819543889657
endpoint_specific	shannon	marginal	Deep-Surface	6	0.5814395073405896
endpoint_specific	shannon	marginal	Deep-Surface	7	0.7625842743094537
endpoint_specific	shannon	marginal	Deep-Surface	8	-0.46059923969352834
endpoint_specific	shannon	marginal	Deep-Surface	9	0.008858529988503783
endpoint_specific	shannon	marginal	Deep-Surface	10	-0.1409893832421094
endpoint_specific	shannon	marginal	Deep-Surface	11	0.9434003116661636
endpoint_specific	shannon	marginal	Deep-Surface	12	0.7745396641744815
endpoint_specific	shannon	marginal	Deep-Surface	13	0.28488621755921173
endpoint_specific	shannon	marginal	Deep-Surface	14	-0.2406321265769389
endpoint_specific	shannon	marginal	Deep-Surface	15	0.29886269608447513
endpoint_specific	shannon	marginal	Deep-Surface	16	0.5161010746634256
endpoint_specific	shannon	marginal	Deep-Surface	17	0.11220568406457065
endpoint_specific	shannon	marginal	Deep-Surface	18	0.09306391243458911
endpoint_specific	shannon	marginal	Deep-Surface	19	0.30667600376543547
endpoint_specific	shannon	marginal	Deep-Surface	20	0.2605449004760372
endpoint_specific	shannon	marginal	Deep-Surface	21	0.3341805840403911
endpoint_specific	shannon	marginal	Deep-Surface	22	-0.07302545837699626
endpoint_specific	shannon	marginal	Deep-Surface	23	-0.005671907388718367
endpoint_specific	shannon	marginal	Deep-Surface	24	0.2843612691758546
endpoint_specific	shannon	marginal	Deep-Surface	25	0.4634667178585756
endpoint_specific	shannon	marginal	Deep-Surface	26	0.1154845400455411
endpoint_specific	shannon	marginal	Deep-Surface	27	0.7311450760905274
endpoint_specific	shannon	marginal	Deep-Surface	28	0.27811264531750446
endpoint_specific	shannon	marginal	Deep-Surface	29	0.7379293484210416
endpoint_specific	shannon	marginal	Deep-Surface	30	-0.08391988240652193
endpoint_specific	shannon	marginal	Deep-Surface	31	-0.08620405582449298
endpoint_specific	shannon	marginal	Deep-Surface	32	0.006156573668480547
endpoint_specific	shannon	marginal	Deep-Surface	33	0.06473655771480491
endpoint_specific	shannon	marginal	Deep-Surface	34	0.1849026578417492
endpoint_specific	shannon	marginal	Deep-Surface	35	0.30251366661542
endpoint_specific	shannon	marginal	Deep-Surface	36	0.428053875674709
endpoint_specific	shannon	marginal	Deep-Surface	37	-0.08179081943534516
endpoint_specific	shannon	marginal	Deep-Surface	38	0.10898083827844918
endpoint_specific	shannon	marginal	Deep-Surface	39	-0.29527627477801843
endpoint_specific	shannon	marginal	Deep-Surface	40	-0.06380093684086674
endpoint_specific	shannon	marginal	Deep-Surface	41	-1.5449372481462103
endpoint_specific	shannon	marginal	Deep-Surface	42	-0.679756541083635
endpoint_specific	shannon	marginal	Deep-Surface	43	0.6062495547681923
endpoint_specific	shannon	marginal	Deep-Surface	44	0.2656065875914777
endpoint_specific	shannon	marginal	Deep-Surface	45	-0.02096171243378997
endpoint_specific	shannon	marginal	Deep-Surface	46	1.4584459320844747
endpoint_specific	shannon	marginal	Deep-Surface	47	-0.009407960148849703
endpoint_specific	shannon	marginal	Deep-Surface	48	-1.2603260483959104
endpoint_specific	shannon	marginal	Deep-Surface	49	-0.5916996236973819
endpoint_specific	shannon	marginal	Deep-Surface	50	-0.01628214690216989
endpoint_specific	shannon	marginal	Deep-Surface	51	0.4049151983156758
endpoint_specific	shannon	marginal	Deep-Surface	52	0.9547591366062873
endpoint_specific	shannon	marginal	Deep-Surface	53	0.7526565448328948
endpoint_specific	shannon	marginal	Deep-Surface	54	1.9122955252873117
endpoint_specific	shannon	marginal	Deep-Surface	55	-0.2394248725246193
endpoint_specific	shannon	marginal	Deep-Surface	56	-0.5846099290747424
endpoint_specific	shannon	marginal	Deep-Surface	57	-0.15473242490315986
endpoint_specific	shannon	marginal	Deep-Surface	58	-2.052893126108483
endpoint_specific	shannon	marginal	Deep-Surface	59	-0.9472451178865078
endpoint_specific	shannon	marginal	Deep-Surface	60	0.17607882283348442
endpoint_specific	shannon	marginal	Rhizosphere-Surface	1	-0.7802213196269427
endpoint_specific	shannon	marginal	Rhizosphere-Surface	2	-1.0080852865963408
endpoint_specific	shannon	marginal	Rhizosphere-Surface	3	-0.7506736791642572
endpoint_specific	shannon	marginal	Rhizosphere-Surface	4	-0.36940231611577623
endpoint_specific	shannon	marginal	Rhizosphere-Surface	5	0.10718037761035237
endpoint_specific	shannon	marginal	Rhizosphere-Surface	6	-0.4776846071138223
endpoint_specific	shannon	marginal	Rhizosphere-Surface	7	0.21347692076221225
endpoint_specific	shannon	marginal	Rhizosphere-Surface	8	0.13476304015541896
endpoint_specific	shannon	marginal	Rhizosphere-Surface	9	-0.6899012807216893
endpoint_specific	shannon	marginal	Rhizosphere-Surface	10	-1.0714347223513219
endpoint_specific	shannon	marginal	Rhizosphere-Surface	11	0.5539398634240777
endpoint_specific	shannon	marginal	Rhizosphere-Surface	12	0.005305430592671634
endpoint_specific	shannon	marginal	Rhizosphere-Surface	13	0.279968077309138
endpoint_specific	shannon	marginal	Rhizosphere-Surface	14	-1.5864904030815978
endpoint_specific	shannon	marginal	Rhizosphere-Surface	15	-0.45621210541599044
endpoint_specific	shannon	marginal	Rhizosphere-Surface	16	0.11226730932498086
endpoint_specific	shannon	marginal	Rhizosphere-Surface	17	-0.35809544768562773
endpoint_specific	shannon	marginal	Rhizosphere-Surface	18	-1.802274143437339
endpoint_specific	shannon	marginal	Rhizosphere-Surface	19	-0.21487074164792563
endpoint_specific	shannon	marginal	Rhizosphere-Surface	20	0.13094826997362308
endpoint_specific	shannon	marginal	Rhizosphere-Surface	21	-0.24385777319885715
endpoint_specific	shannon	marginal	Rhizosphere-Surface	22	0.05076617559492291
endpoint_specific	shannon	marginal	Rhizosphere-Surface	23	-0.24291005707233726
endpoint_specific	shannon	marginal	Rhizosphere-Surface	24	0.816800766188825
endpoint_specific	shannon	marginal	Rhizosphere-Surface	25	-0.7036111879443494
endpoint_specific	shannon	marginal	Rhizosphere-Surface	26	-0.6951032212350672
endpoint_specific	shannon	marginal	Rhizosphere-Surface	27	-0.6750575927467031
endpoint_specific	shannon	marginal	Rhizosphere-Surface	28	-0.5628578716357282
endpoint_specific	shannon	marginal	Rhizosphere-Surface	29	0.28703932016746325
endpoint_specific	shannon	marginal	Rhizosphere-Surface	30	-0.39721133811274356
endpoint_specific	shannon	marginal	Rhizosphere-Surface	31	-1.0454461846034633
endpoint_specific	shannon	marginal	Rhizosphere-Surface	32	-0.41111025105886334
endpoint_specific	shannon	marginal	Rhizosphere-Surface	33	-0.21676140013356804
endpoint_specific	shannon	marginal	Rhizosphere-Surface	34	-0.2575121767677073
endpoint_specific	shannon	marginal	Rhizosphere-Surface	35	-0.44260652978486803
endpoint_specific	shannon	marginal	Rhizosphere-Surface	36	-0.3391824857431125
endpoint_specific	shannon	marginal	Rhizosphere-Surface	37	-0.7850080188446924
endpoint_specific	shannon	marginal	Rhizosphere-Surface	38	-0.7999348923549876
endpoint_specific	shannon	marginal	Rhizosphere-Surface	39	-0.6046179736797095
endpoint_specific	shannon	marginal	Rhizosphere-Surface	40	-0.162017182536335
endpoint_specific	shannon	marginal	Rhizosphere-Surface	41	-0.4779568707762687
endpoint_specific	shannon	marginal	Rhizosphere-Surface	42	-0.3026606383100843
endpoint_specific	shannon	marginal	Rhizosphere-Surface	43	-0.15409943586236796
endpoint_specific	shannon	marginal	Rhizosphere-Surface	44	-0.23551706123814053
endpoint_specific	shannon	marginal	Rhizosphere-Surface	45	-0.10883827215311825
endpoint_specific	shannon	marginal	Rhizosphere-Surface	46	0.9729393382068157
endpoint_specific	shannon	marginal	Rhizosphere-Surface	47	0.4196062686853539
endpoint_specific	shannon	marginal	Rhizosphere-Surface	48	-0.1946511436680609
endpoint_specific	shannon	marginal	Rhizosphere-Surface	49	-0.42342217918939973
endpoint_specific	shannon	marginal	Rhizosphere-Surface	50	-0.49961592983181546
endpoint_specific	shannon	marginal	Rhizosphere-Surface	51	-0.25384276990769017
endpoint_specific	shannon	marginal	Rhizosphere-Surface	52	2.790760917040883
endpoint_specific	shannon	marginal	Rhizosphere-Surface	53	1.8185148601961267
endpoint_specific	shannon	marginal	Rhizosphere-Surface	54	2.347173860704766
endpoint_specific	shannon	marginal	Rhizosphere-Surface	55	0.17603412523690176
endpoint_specific	shannon	marginal	Rhizosphere-Surface	56	-0.5425419050465448
endpoint_specific	shannon	marginal	Rhizosphere-Surface	57	1.1119422360031952
endpoint_specific	shannon	marginal	Rhizosphere-Surface	58	0.3595641376352079
endpoint_specific	shannon	marginal	Rhizosphere-Surface	59	-0.24657330628415863
endpoint_specific	shannon	marginal	Rhizosphere-Surface	60	1.0793129941283572
endpoint_specific	shannon	marginal	Rhizosphere-Deep	1	0.25489254823973706
endpoint_specific	shannon	marginal	Rhizosphere-Deep	2	-0.6592961715897996
endpoint_specific	shannon	marginal	Rhizosphere-Deep	3	-0.7501755036226481
endpoint_specific	shannon	marginal	Rhizosphere-Deep	4	-0.47261612051849333
endpoint_specific	shannon	marginal	Rhizosphere-Deep	5	0.18455857304924894
endpoint_specific	shannon	marginal	Rhizosphere-Deep	6	-1.059124114454412
endpoint_specific	shannon	marginal	Rhizosphere-Deep	7	-0.5491073535472415
endpoint_specific	shannon	marginal	Rhizosphere-Deep	8	0.5953622798489473
endpoint_specific	shannon	marginal	Rhizosphere-Deep	9	-0.6987598107101931
endpoint_specific	shannon	marginal	Rhizosphere-Deep	10	-0.9304453391092125
endpoint_specific	shannon	marginal	Rhizosphere-Deep	11	-0.3894604482420858
endpoint_specific	shannon	marginal	Rhizosphere-Deep	12	-0.7692342335818099
endpoint_specific	shannon	marginal	Rhizosphere-Deep	13	-0.004918140250073755
endpoint_specific	shannon	marginal	Rhizosphere-Deep	14	-1.345858276504659
endpoint_specific	shannon	marginal	Rhizosphere-Deep	15	-0.7550748015004656
endpoint_specific	shannon	marginal	Rhizosphere-Deep	16	-0.40383376533844473
endpoint_specific	shannon	marginal	Rhizosphere-Deep	17	-0.4703011317501984
endpoint_specific	shannon	marginal	Rhizosphere-Deep	18	-1.8953380558719282
endpoint_specific	shannon	marginal	Rhizosphere-Deep	19	-0.5215467454133611
endpoint_specific	shannon	marginal	Rhizosphere-Deep	20	-0.1295966305024141
endpoint_specific	shannon	marginal	Rhizosphere-Deep	21	-0.5780383572392482
endpoint_specific	shannon	marginal	Rhizosphere-Deep	22	0.12379163397191917
endpoint_specific	shannon	marginal	Rhizosphere-Deep	23	-0.2372381496836189
endpoint_specific	shannon	marginal	Rhizosphere-Deep	24	0.5324394970129704
endpoint_specific	shannon	marginal	Rhizosphere-Deep	25	-1.167077905802925
endpoint_specific	shannon	marginal	Rhizosphere-Deep	26	-0.8105877612806083
endpoint_specific	shannon	marginal	Rhizosphere-Deep	27	-1.4062026688372304
endpoint_specific	shannon	marginal	Rhizosphere-Deep	28	-0.8409705169532327
endpoint_specific	shannon	marginal	Rhizosphere-Deep	29	-0.4508900282535784
endpoint_specific	shannon	marginal	Rhizosphere-Deep	30	-0.31329145570622163
endpoint_specific	shannon	marginal	Rhizosphere-Deep	31	-0.9592421287789703
endpoint_specific	shannon	marginal	Rhizosphere-Deep	32	-0.4172668247273439
endpoint_specific	shannon	marginal	Rhizosphere-Deep	33	-0.28149795784837295
endpoint_specific	shannon	marginal	Rhizosphere-Deep	34	-0.4424148346094565
endpoint_specific	shannon	marginal	Rhizosphere-Deep	35	-0.745120196400288
endpoint_specific	shannon	marginal	Rhizosphere-Deep	36	-0.7672363614178215
endpoint_specific	shannon	marginal	Rhizosphere-Deep	37	-0.7032171994093472
endpoint_specific	shannon	marginal	Rhizosphere-Deep	38	-0.9089157306334368
endpoint_specific	shannon	marginal	Rhizosphere-Deep	39	-0.30934169890169105
endpoint_specific	shannon	marginal	Rhizosphere-Deep	40	-0.09821624569546827
endpoint_specific	shannon	marginal	Rhizosphere-Deep	41	1.0669803773699416
endpoint_specific	shannon	marginal	Rhizosphere-Deep	42	0.37709590277355076
endpoint_specific	shannon	marginal	Rhizosphere-Deep	43	-0.7603489906305603
endpoint_specific	shannon	marginal	Rhizosphere-Deep	44	-0.5011236488296182
endpoint_specific	shannon	marginal	Rhizosphere-Deep	45	-0.08787655971932828
endpoint_specific	shannon	marginal	Rhizosphere-Deep	46	-0.48550659387765904
endpoint_specific	shannon	marginal	Rhizosphere-Deep	47	0.4290142288342036
endpoint_specific	shannon	marginal	Rhizosphere-Deep	48	1.0656749047278495
endpoint_specific	shannon	marginal	Rhizosphere-Deep	49	0.1682774445079822
endpoint_specific	shannon	marginal	Rhizosphere-Deep	50	-0.4833337829296456
endpoint_specific	shannon	marginal	Rhizosphere-Deep	51	-0.658757968223366
endpoint_specific	shannon	marginal	Rhizosphere-Deep	52	1.8360017804345956
endpoint_specific	shannon	marginal	Rhizosphere-Deep	53	1.065858315363232
endpoint_specific	shannon	marginal	Rhizosphere-Deep	54	0.43487833541745413
endpoint_specific	shannon	marginal	Rhizosphere-Deep	55	0.41545899776152106
endpoint_specific	shannon	marginal	Rhizosphere-Deep	56	0.04206802402819765
endpoint_specific	shannon	marginal	Rhizosphere-Deep	57	1.266674660906355
endpoint_specific	shannon	marginal	Rhizosphere-Deep	58	2.4124572637436907
endpoint_specific	shannon	marginal	Rhizosphere-Deep	59	0.7006718116023491
endpoint_specific	shannon	marginal	Rhizosphere-Deep	60	0.9032341712948728
endpoint_specific	shannon	campaign_matched	Deep-Surface	1	-0.4287564871978781
endpoint_specific	shannon	campaign_matched	Deep-Surface	2	0.011296879349089295
endpoint_specific	shannon	campaign_matched	Deep-Surface	3	0.478545615032225
endpoint_specific	shannon	campaign_matched	Deep-Surface	4	0.08759055395758453
endpoint_specific	shannon	campaign_matched	Deep-Surface	5	-0.035741632566981485
endpoint_specific	shannon	campaign_matched	Deep-Surface	6	0.5814395073405887
endpoint_specific	shannon	campaign_matched	Deep-Surface	7	0.8971319934816254
endpoint_specific	shannon	campaign_matched	Deep-Surface	8	-1.01569407542281
endpoint_specific	shannon	campaign_matched	Deep-Surface	9	0.00885852998850408
endpoint_specific	shannon	campaign_matched	Deep-Surface	10	-0.19669714880632375
endpoint_specific	shannon	campaign_matched	Deep-Surface	11	0.9434003116661631
endpoint_specific	shannon	campaign_matched	Deep-Surface	12	0.7745396641744811
endpoint_specific	shannon	campaign_matched	Deep-Surface	13	0.4368424216111662
endpoint_specific	shannon	campaign_matched	Deep-Surface	14	-0.2406321265769391
endpoint_specific	shannon	campaign_matched	Deep-Surface	15	0.2988626960844749
endpoint_specific	shannon	campaign_matched	Deep-Surface	16	0.5161010746634254
endpoint_specific	shannon	campaign_matched	Deep-Surface	17	-0.05567903073825805
endpoint_specific	shannon	campaign_matched	Deep-Surface	18	0.0930639124345894
endpoint_specific	shannon	campaign_matched	Deep-Surface	19	0.30667600376543547
endpoint_specific	shannon	campaign_matched	Deep-Surface	20	0.35464364712237045
endpoint_specific	shannon	campaign_matched	Deep-Surface	21	0.3341805840403913
endpoint_specific	shannon	campaign_matched	Deep-Surface	22	-0.07302545837699743
endpoint_specific	shannon	campaign_matched	Deep-Surface	23	-0.35324511816903187
endpoint_specific	shannon	campaign_matched	Deep-Surface	24	0.2951804521437286
endpoint_specific	shannon	campaign_matched	Deep-Surface	25	0.4634667178585752
endpoint_specific	shannon	campaign_matched	Deep-Surface	26	0.1154845400455411
endpoint_specific	shannon	campaign_matched	Deep-Surface	27	0.5643888740878827
endpoint_specific	shannon	campaign_matched	Deep-Surface	28	0.13057420728735783
endpoint_specific	shannon	campaign_matched	Deep-Surface	29	0.7379293484210413
endpoint_specific	shannon	campaign_matched	Deep-Surface	30	0.2007729755822547
endpoint_specific	shannon	campaign_matched	Deep-Surface	31	-0.3052133669751124
endpoint_specific	shannon	campaign_matched	Deep-Surface	32	0.006156573668480547
endpoint_specific	shannon	campaign_matched	Deep-Surface	33	0.0647365577148055
endpoint_specific	shannon	campaign_matched	Deep-Surface	34	-0.6390569275796376
endpoint_specific	shannon	campaign_matched	Deep-Surface	35	0.24623868449472872
endpoint_specific	shannon	campaign_matched	Deep-Surface	36	0.428053875674709
endpoint_specific	shannon	campaign_matched	Deep-Surface	37	-0.14871441604125243
endpoint_specific	shannon	campaign_matched	Deep-Surface	38	0.032787776052636275
endpoint_specific	shannon	campaign_matched	Deep-Surface	39	-0.29527627477801843
endpoint_specific	shannon	campaign_matched	Deep-Surface	40	0.08356427262357051
endpoint_specific	shannon	campaign_matched	Deep-Surface	41	0.39513047586863603
endpoint_specific	shannon	campaign_matched	Deep-Surface	42	-0.46714133273005337
endpoint_specific	shannon	campaign_matched	Deep-Surface	43	0.3780043044220121
endpoint_specific	shannon	campaign_matched	Deep-Surface	44	0.3592812435842836
endpoint_specific	shannon	campaign_matched	Deep-Surface	45	-0.02096171243378997
endpoint_specific	shannon	campaign_matched	Deep-Surface	46	1.4584459320844747
endpoint_specific	shannon	campaign_matched	Deep-Surface	47	-0.009407960148849703
endpoint_specific	shannon	campaign_matched	Deep-Surface	48	-1.5185285181893002
endpoint_specific	shannon	campaign_matched	Deep-Surface	49	-0.565688719469196
endpoint_specific	shannon	campaign_matched	Deep-Surface	50	-0.016282146902170485
endpoint_specific	shannon	campaign_matched	Deep-Surface	51	0.40491519831567696
endpoint_specific	shannon	campaign_matched	Deep-Surface	52	0.9871231056870631
endpoint_specific	shannon	campaign_matched	Deep-Surface	53	0.7526565448328948
endpoint_specific	shannon	campaign_matched	Deep-Surface	54	1.9122955252873115
endpoint_specific	shannon	campaign_matched	Deep-Surface	55	-0.18494127916875266
endpoint_specific	shannon	campaign_matched	Deep-Surface	56	-1.0227954882863366
endpoint_specific	shannon	campaign_matched	Deep-Surface	57	-0.15473242490315955
endpoint_specific	shannon	campaign_matched	Deep-Surface	58	-1.970417504914857
endpoint_specific	shannon	campaign_matched	Deep-Surface	59	-0.9472451178865076
endpoint_specific	shannon	campaign_matched	Deep-Surface	60	0.8489737549166194
endpoint_specific	shannon	campaign_matched	Rhizosphere-Surface	1	-0.7958089499812656
endpoint_specific	shannon	campaign_matched	Rhizosphere-Surface	2	-0.7978913208247503
endpoint_specific	shannon	campaign_matched	Rhizosphere-Surface	3	-1.0094963780031254
endpoint_specific	shannon	campaign_matched	Rhizosphere-Surface	4	-0.36940231611577606
endpoint_specific	shannon	campaign_matched	Rhizosphere-Surface	5	-0.033249194302436225
endpoint_specific	shannon	campaign_matched	Rhizosphere-Surface	6	-0.47768460711382266
endpoint_specific	shannon	campaign_matched	Rhizosphere-Surface	7	0.1857562344547586
endpoint_specific	shannon	campaign_matched	Rhizosphere-Surface	8	0.08249356931874585
endpoint_specific	shannon	campaign_matched	Rhizosphere-Surface	9	-1.090051628838759
endpoint_specific	shannon	campaign_matched	Rhizosphere-Surface	10	-1.4356795450880029
endpoint_specific	shannon	campaign_matched	Rhizosphere-Surface	11	0.5539398634240771
endpoint_specific	shannon	campaign_matched	Rhizosphere-Surface	12	0.005305430592670968
endpoint_specific	shannon	campaign_matched	Rhizosphere-Surface	13	0.10293864797352725
endpoint_specific	shannon	campaign_matched	Rhizosphere-Surface	14	-1.5864904030815974
endpoint_specific	shannon	campaign_matched	Rhizosphere-Surface	15	-0.4562121054159909
endpoint_specific	shannon	campaign_matched	Rhizosphere-Surface	16	0.11226730932497997
endpoint_specific	shannon	campaign_matched	Rhizosphere-Surface	17	-0.46965352946744127
endpoint_specific	shannon	campaign_matched	Rhizosphere-Surface	18	-2.423289993501484
endpoint_specific	shannon	campaign_matched	Rhizosphere-Surface	19	-0.7438837814225897
endpoint_specific	shannon	campaign_matched	Rhizosphere-Surface	20	0.13094826997362286
endpoint_specific	shannon	campaign_matched	Rhizosphere-Surface	21	-0.2506194959598404
endpoint_specific	shannon	campaign_matched	Rhizosphere-Surface	22	-0.12112233143778332
endpoint_specific	shannon	campaign_matched	Rhizosphere-Surface	23	-0.7928623287099595
endpoint_specific	shannon	campaign_matched	Rhizosphere-Surface	24	0.09065257153531636
endpoint_specific	shannon	campaign_matched	Rhizosphere-Surface	25	-0.7036111879443497
endpoint_specific	shannon	campaign_matched	Rhizosphere-Surface	26	-0.6951032212350674
endpoint_specific	shannon	campaign_matched	Rhizosphere-Surface	27	-0.8778138595079362
endpoint_specific	shannon	campaign_matched	Rhizosphere-Surface	28	-0.3309827706776745
endpoint_specific	shannon	campaign_matched	Rhizosphere-Surface	29	-0.011033819212859472
endpoint_specific	shannon	campaign_matched	Rhizosphere-Surface	30	-0.39721133811274356
endpoint_specific	shannon	campaign_matched	Rhizosphere-Surface	31	-1.045446184603463
endpoint_specific	shannon	campaign_matched	Rhizosphere-Surface	32	-0.9552112608895578
endpoint_specific	shannon	campaign_matched	Rhizosphere-Surface	33	-0.2859155137942109
endpoint_specific	shannon	campaign_matched	Rhizosphere-Surface	34	-0.38896506415335236
endpoint_specific	shannon	campaign_matched	Rhizosphere-Surface	35	-0.347478405625217
endpoint_specific	shannon	campaign_matched	Rhizosphere-Surface	36	-0.626038311488903
endpoint_specific	shannon	campaign_matched	Rhizosphere-Surface	37	-0.9190878074909138
endpoint_specific	shannon	campaign_matched	Rhizosphere-Surface	38	-0.799934892354988
endpoint_specific	shannon	campaign_matched	Rhizosphere-Surface	39	-0.6046179736797099
endpoint_specific	shannon	campaign_matched	Rhizosphere-Surface	40	-0.023376877823604758
endpoint_specific	shannon	campaign_matched	Rhizosphere-Surface	41	-0.9657398844980802
endpoint_specific	shannon	campaign_matched	Rhizosphere-Surface	42	-0.30266063831008405
endpoint_specific	shannon	campaign_matched	Rhizosphere-Surface	43	-0.5244119592999524
endpoint_specific	shannon	campaign_matched	Rhizosphere-Surface	44	-0.8515419583173021
endpoint_specific	shannon	campaign_matched	Rhizosphere-Surface	45	-0.10883827215311825
endpoint_specific	shannon	campaign_matched	Rhizosphere-Surface	46	0.19880868809991514
endpoint_specific	shannon	campaign_matched	Rhizosphere-Surface	47	0.09200527393155704
endpoint_specific	shannon	campaign_matched	Rhizosphere-Surface	48	-0.05259307275894409
endpoint_specific	shannon	campaign_matched	Rhizosphere-Surface	49	-0.4234221791894
endpoint_specific	shannon	campaign_matched	Rhizosphere-Surface	50	-0.7282773690944658
endpoint_specific	shannon	campaign_matched	Rhizosphere-Surface	51	-0.3539511690071156
endpoint_specific	shannon	campaign_matched	Rhizosphere-Surface	52	4.0080607195196185
endpoint_specific	shannon	campaign_matched	Rhizosphere-Surface	53	2.4539088944918857
endpoint_specific	shannon	campaign_matched	Rhizosphere-Surface	54	2.1280537858276656
endpoint_specific	shannon	campaign_matched	Rhizosphere-Surface	55	0.23051771859276826
endpoint_specific	shannon	campaign_matched	Rhizosphere-Surface	56	-0.20268824588149403
endpoint_specific	shannon	campaign_matched	Rhizosphere-Surface	57	1.1103455140210596
endpoint_specific	shannon	campaign_matched	Rhizosphere-Surface	58	0.04053845719184531
endpoint_specific	shannon	campaign_matched	Rhizosphere-Surface	59	-0.39845946420312095
endpoint_specific	shannon	campaign_matched	Rhizosphere-Surface	60	1.1017669091090434
endpoint_specific	shannon	campaign_matched	Rhizosphere-Deep	1	0.2548925482397365
endpoint_specific	shannon	campaign_matched	Rhizosphere-Deep	2	-0.7279579610480265
endpoint_specific	shannon	campaign_matched	Rhizosphere-Deep	3	-1.4880419930353506
endpoint_specific	shannon	campaign_matched	Rhizosphere-Deep	4	-0.42096973570107066
endpoint_specific	shannon	campaign_matched	Rhizosphere-Deep	5	-0.03414876846789383
endpoint_specific	shannon	campaign_matched	Rhizosphere-Deep	6	-1.0591241144544115
endpoint_specific	shannon	campaign_matched	Rhizosphere-Deep	7	-0.549107353547242
endpoint_specific	shannon	campaign_matched	Rhizosphere-Deep	8	0.7159304114478535
endpoint_specific	shannon	campaign_matched	Rhizosphere-Deep	9	-1.0989101588272632
endpoint_specific	shannon	campaign_matched	Rhizosphere-Deep	10	-0.930445339109212
endpoint_specific	shannon	campaign_matched	Rhizosphere-Deep	11	-0.38946044824208603
endpoint_specific	shannon	campaign_matched	Rhizosphere-Deep	12	-0.7692342335818101
endpoint_specific	shannon	campaign_matched	Rhizosphere-Deep	13	-0.10845003811647569
endpoint_specific	shannon	campaign_matched	Rhizosphere-Deep	14	-1.345858276504658
endpoint_specific	shannon	campaign_matched	Rhizosphere-Deep	15	-0.7550748015004658
endpoint_specific	shannon	campaign_matched	Rhizosphere-Deep	16	-0.4038337653384454
endpoint_specific	shannon	campaign_matched	Rhizosphere-Deep	17	-0.47030113175019883
endpoint_specific	shannon	campaign_matched	Rhizosphere-Deep	18	-2.5163539059360738
endpoint_specific	shannon	campaign_matched	Rhizosphere-Deep	19	-0.8324817249868772
endpoint_specific	shannon	campaign_matched	Rhizosphere-Deep	20	-0.21363793164772105
endpoint_specific	shannon	campaign_matched	Rhizosphere-Deep	21	-0.7109993454865974
endpoint_specific	shannon	campaign_matched	Rhizosphere-Deep	22	-0.04809687306078588
endpoint_specific	shannon	campaign_matched	Rhizosphere-Deep	23	-0.2372381496836189
endpoint_specific	shannon	campaign_matched	Rhizosphere-Deep	24	0.6173575595174045
endpoint_specific	shannon	campaign_matched	Rhizosphere-Deep	25	-1.167077905802925
endpoint_specific	shannon	campaign_matched	Rhizosphere-Deep	26	-0.8105877612806085
endpoint_specific	shannon	campaign_matched	Rhizosphere-Deep	27	-1.4062026688372298
endpoint_specific	shannon	campaign_matched	Rhizosphere-Deep	28	-0.8409705169532322
endpoint_specific	shannon	campaign_matched	Rhizosphere-Deep	29	-0.7489631676339008
endpoint_specific	shannon	campaign_matched	Rhizosphere-Deep	30	-0.31231710600688317
endpoint_specific	shannon	campaign_matched	Rhizosphere-Deep	31	-0.7402328176283506
endpoint_specific	shannon	campaign_matched	Rhizosphere-Deep	32	-0.9613678345580383
endpoint_specific	shannon	campaign_matched	Rhizosphere-Deep	33	-0.3506520715090164
endpoint_specific	shannon	campaign_matched	Rhizosphere-Deep	34	-0.26542572779531337
endpoint_specific	shannon	campaign_matched	Rhizosphere-Deep	35	-0.7451201964002885
endpoint_specific	shannon	campaign_matched	Rhizosphere-Deep	36	-1.0164744155708445
endpoint_specific	shannon	campaign_matched	Rhizosphere-Deep	37	-0.7032171994093468
endpoint_specific	shannon	campaign_matched	Rhizosphere-Deep	38	-0.9941406378420092
endpoint_specific	shannon	campaign_matched	Rhizosphere-Deep	39	-0.3093416989016915
endpoint_specific	shannon	campaign_matched	Rhizosphere-Deep	40	-0.28454075551535524
endpoint_specific	shannon	campaign_matched	Rhizosphere-Deep	41	1.261406798073
endpoint_specific	shannon	campaign_matched	Rhizosphere-Deep	42	0.227805026678074
endpoint_specific	shannon	campaign_matched	Rhizosphere-Deep	43	-0.7603489906305598
endpoint_specific	shannon	campaign_matched	Rhizosphere-Deep	44	-0.501123648829618
endpoint_specific	shannon	campaign_matched	Rhizosphere-Deep	45	-0.08787655971932828
endpoint_specific	shannon	campaign_matched	Rhizosphere-Deep	46	-0.7685548895753209
endpoint_specific	shannon	campaign_matched	Rhizosphere-Deep	47	0.10141323408040674
endpoint_specific	shannon	campaign_matched	Rhizosphere-Deep	48	1.4959953263617978
endpoint_specific	shannon	campaign_matched	Rhizosphere-Deep	49	0.14226654027979593
endpoint_specific	shannon	campaign_matched	Rhizosphere-Deep	50	-0.7119952221922953
endpoint_specific	shannon	campaign_matched	Rhizosphere-Deep	51	-0.7588663673227926
endpoint_specific	shannon	campaign_matched	Rhizosphere-Deep	52	3.0209376138325554
endpoint_specific	shannon	campaign_matched	Rhizosphere-Deep	53	1.701252349658991
endpoint_specific	shannon	campaign_matched	Rhizosphere-Deep	54	0.2157582605403543
endpoint_specific	shannon	campaign_matched	Rhizosphere-Deep	55	0.4154589977615209
endpoint_specific	shannon	campaign_matched	Rhizosphere-Deep	56	1.3840251380140103
endpoint_specific	shannon	campaign_matched	Rhizosphere-Deep	57	1.2650779389242193
endpoint_specific	shannon	campaign_matched	Rhizosphere-Deep	58	1.605921397571596
endpoint_specific	shannon	campaign_matched	Rhizosphere-Deep	59	0.5487856536833866
endpoint_specific	shannon	campaign_matched	Rhizosphere-Deep	60	1.7214155097436832
endpoint_specific	richness_rare	marginal	Deep-Surface	1	-118.4021315479547
endpoint_specific	richness_rare	marginal	Deep-Surface	2	-107.98104210646534
endpoint_specific	richness_rare	marginal	Deep-Surface	3	763.5395801123061
endpoint_specific	richness_rare	marginal	Deep-Surface	4	507.563725070499
endpoint_specific	richness_rare	marginal	Deep-Surface	5	-670.979069272161
endpoint_specific	richness_rare	marginal	Deep-Surface	6	978.4671234032435
endpoint_specific	richness_rare	marginal	Deep-Surface	7	434.4650850740097
endpoint_specific	richness_rare	marginal	Deep-Surface	8	448.1666914294101
endpoint_specific	richness_rare	marginal	Deep-Surface	9	-97.886895167489
endpoint_specific	richness_rare	marginal	Deep-Surface	10	-129.288391949141
endpoint_specific	richness_rare	marginal	Deep-Surface	11	1010.3319502636966
endpoint_specific	richness_rare	marginal	Deep-Surface	12	855.2941492524126
endpoint_specific	richness_rare	marginal	Deep-Surface	13	474.0343511926608
endpoint_specific	richness_rare	marginal	Deep-Surface	14	-14.992319529271526
endpoint_specific	richness_rare	marginal	Deep-Surface	15	411.49201144512244
endpoint_specific	richness_rare	marginal	Deep-Surface	16	460.0478234194916
endpoint_specific	richness_rare	marginal	Deep-Surface	17	503.38951326307097
endpoint_specific	richness_rare	marginal	Deep-Surface	18	-71.80276623627856
endpoint_specific	richness_rare	marginal	Deep-Surface	19	87.72269281300487
endpoint_specific	richness_rare	marginal	Deep-Surface	20	-282.9111447199207
endpoint_specific	richness_rare	marginal	Deep-Surface	21	-94.76738250499602
endpoint_specific	richness_rare	marginal	Deep-Surface	22	50.64374424821381
endpoint_specific	richness_rare	marginal	Deep-Surface	23	258.30167951117346
endpoint_specific	richness_rare	marginal	Deep-Surface	24	615.9574940574416
endpoint_specific	richness_rare	marginal	Deep-Surface	25	237.86246965265423
endpoint_specific	richness_rare	marginal	Deep-Surface	26	32.8108708004811
endpoint_specific	richness_rare	marginal	Deep-Surface	27	576.8080602879261
endpoint_specific	richness_rare	marginal	Deep-Surface	28	66.23037241822794
endpoint_specific	richness_rare	marginal	Deep-Surface	29	304.0568921222914
endpoint_specific	richness_rare	marginal	Deep-Surface	30	-741.7052114063331
endpoint_specific	richness_rare	marginal	Deep-Surface	31	310.4258850963445
endpoint_specific	richness_rare	marginal	Deep-Surface	32	-211.37705263540784
endpoint_specific	richness_rare	marginal	Deep-Surface	33	179.3173598784149
endpoint_specific	richness_rare	marginal	Deep-Surface	34	487.1477931243908
endpoint_specific	richness_rare	marginal	Deep-Surface	35	416.2656295470131
endpoint_specific	richness_rare	marginal	Deep-Surface	36	-113.66508012748523
endpoint_specific	richness_rare	marginal	Deep-Surface	37	-206.45521489451335
endpoint_specific	richness_rare	marginal	Deep-Surface	38	-2.9319207095131787
endpoint_specific	richness_rare	marginal	Deep-Surface	39	205.7344547145733
endpoint_specific	richness_rare	marginal	Deep-Surface	40	-93.77212373574207
endpoint_specific	richness_rare	marginal	Deep-Surface	41	121.38249159616373
endpoint_specific	richness_rare	marginal	Deep-Surface	42	-282.6925674611514
endpoint_specific	richness_rare	marginal	Deep-Surface	43	1004.2194276026149
endpoint_specific	richness_rare	marginal	Deep-Surface	44	397.71755220009004
endpoint_specific	richness_rare	marginal	Deep-Surface	45	-195.97270381918065
endpoint_specific	richness_rare	marginal	Deep-Surface	46	944.3451741555599
endpoint_specific	richness_rare	marginal	Deep-Surface	47	-305.2554664586181
endpoint_specific	richness_rare	marginal	Deep-Surface	48	-426.0694214432576
endpoint_specific	richness_rare	marginal	Deep-Surface	49	-15.081345254439498
endpoint_specific	richness_rare	marginal	Deep-Surface	50	-266.7551265128511
endpoint_specific	richness_rare	marginal	Deep-Surface	51	349.3831705153883
endpoint_specific	richness_rare	marginal	Deep-Surface	52	226.1657399334369
endpoint_specific	richness_rare	marginal	Deep-Surface	53	391.51999241549873
endpoint_specific	richness_rare	marginal	Deep-Surface	54	188.68315647046865
endpoint_specific	richness_rare	marginal	Deep-Surface	55	-40.72858748827571
endpoint_specific	richness_rare	marginal	Deep-Surface	56	-459.6950326332944
endpoint_specific	richness_rare	marginal	Deep-Surface	57	-4.353287155685905
endpoint_specific	richness_rare	marginal	Deep-Surface	58	-491.7491769306351
endpoint_specific	richness_rare	marginal	Deep-Surface	59	-382.592669545416
endpoint_specific	richness_rare	marginal	Deep-Surface	60	14.890453019441594
endpoint_specific	richness_rare	marginal	Rhizosphere-Surface	1	-378.81947069348803
endpoint_specific	richness_rare	marginal	Rhizosphere-Surface	2	-671.6640145324332
endpoint_specific	richness_rare	marginal	Rhizosphere-Surface	3	314.9673319919091
endpoint_specific	richness_rare	marginal	Rhizosphere-Surface	4	-93.37798061661852
endpoint_specific	richness_rare	marginal	Rhizosphere-Surface	5	23.48601181518825
endpoint_specific	richness_rare	marginal	Rhizosphere-Surface	6	405.6810462665012
endpoint_specific	richness_rare	marginal	Rhizosphere-Surface	7	331.0639765545611
endpoint_specific	richness_rare	marginal	Rhizosphere-Surface	8	707.9271464745843
endpoint_specific	richness_rare	marginal	Rhizosphere-Surface	9	-521.6468589800811
endpoint_specific	richness_rare	marginal	Rhizosphere-Surface	10	-656.8725777036209
endpoint_specific	richness_rare	marginal	Rhizosphere-Surface	11	1134.507857936437
endpoint_specific	richness_rare	marginal	Rhizosphere-Surface	12	46.61905290992104
endpoint_specific	richness_rare	marginal	Rhizosphere-Surface	13	748.3635316555219
endpoint_specific	richness_rare	marginal	Rhizosphere-Surface	14	-1336.076364953807
endpoint_specific	richness_rare	marginal	Rhizosphere-Surface	15	-483.96714778736714
endpoint_specific	richness_rare	marginal	Rhizosphere-Surface	16	103.30941610074751
endpoint_specific	richness_rare	marginal	Rhizosphere-Surface	17	-440.77321200953565
endpoint_specific	richness_rare	marginal	Rhizosphere-Surface	18	34.29454235199978
endpoint_specific	richness_rare	marginal	Rhizosphere-Surface	19	-396.1092493019971
endpoint_specific	richness_rare	marginal	Rhizosphere-Surface	20	145.39170229645242
endpoint_specific	richness_rare	marginal	Rhizosphere-Surface	21	-220.37267926884624
endpoint_specific	richness_rare	marginal	Rhizosphere-Surface	22	379.66484174438733
endpoint_specific	richness_rare	marginal	Rhizosphere-Surface	23	-108.58742995701073
endpoint_specific	richness_rare	marginal	Rhizosphere-Surface	24	981.3248505648396
endpoint_specific	richness_rare	marginal	Rhizosphere-Surface	25	-669.1293511852689
endpoint_specific	richness_rare	marginal	Rhizosphere-Surface	26	-612.487267768166
endpoint_specific	richness_rare	marginal	Rhizosphere-Surface	27	-551.762489723784
endpoint_specific	richness_rare	marginal	Rhizosphere-Surface	28	-283.4546440753593
endpoint_specific	richness_rare	marginal	Rhizosphere-Surface	29	440.110784973951
endpoint_specific	richness_rare	marginal	Rhizosphere-Surface	30	-610.1072124205352
endpoint_specific	richness_rare	marginal	Rhizosphere-Surface	31	-618.2988569534756
endpoint_specific	richness_rare	marginal	Rhizosphere-Surface	32	-4.776019334072771
endpoint_specific	richness_rare	marginal	Rhizosphere-Surface	33	55.39152138065765
endpoint_specific	richness_rare	marginal	Rhizosphere-Surface	34	-138.51783392154357
endpoint_specific	richness_rare	marginal	Rhizosphere-Surface	35	-672.9642487606989
endpoint_specific	richness_rare	marginal	Rhizosphere-Surface	36	-526.0460690581613
endpoint_specific	richness_rare	marginal	Rhizosphere-Surface	37	-241.96115143040493
endpoint_specific	richness_rare	marginal	Rhizosphere-Surface	38	-669.8588736098518
endpoint_specific	richness_rare	marginal	Rhizosphere-Surface	39	-67.62117218006074
endpoint_specific	richness_rare	marginal	Rhizosphere-Surface	40	-126.66339522816247
endpoint_specific	richness_rare	marginal	Rhizosphere-Surface	41	227.6773864229374
endpoint_specific	richness_rare	marginal	Rhizosphere-Surface	42	-298.518998935019
endpoint_specific	richness_rare	marginal	Rhizosphere-Surface	43	503.49542756208314
endpoint_specific	richness_rare	marginal	Rhizosphere-Surface	44	348.7562577488304
endpoint_specific	richness_rare	marginal	Rhizosphere-Surface	45	-123.23295153195158
endpoint_specific	richness_rare	marginal	Rhizosphere-Surface	46	1050.861632555851
endpoint_specific	richness_rare	marginal	Rhizosphere-Surface	47	250.1137825159267
endpoint_specific	richness_rare	marginal	Rhizosphere-Surface	48	15.908370465685266
endpoint_specific	richness_rare	marginal	Rhizosphere-Surface	49	-387.96728847288523
endpoint_specific	richness_rare	marginal	Rhizosphere-Surface	50	37.33079074878174
endpoint_specific	richness_rare	marginal	Rhizosphere-Surface	51	248.79732216113916
endpoint_specific	richness_rare	marginal	Rhizosphere-Surface	52	585.7554514336907
endpoint_specific	richness_rare	marginal	Rhizosphere-Surface	53	614.4556257014189
endpoint_specific	richness_rare	marginal	Rhizosphere-Surface	54	371.64963198904144
endpoint_specific	richness_rare	marginal	Rhizosphere-Surface	55	164.82335552660732
endpoint_specific	richness_rare	marginal	Rhizosphere-Surface	56	-227.26309370136198
endpoint_specific	richness_rare	marginal	Rhizosphere-Surface	57	646.099063228047
endpoint_specific	richness_rare	marginal	Rhizosphere-Surface	58	133.4423784104191
endpoint_specific	richness_rare	marginal	Rhizosphere-Surface	59	-232.07469450975907
endpoint_specific	richness_rare	marginal	Rhizosphere-Surface	60	690.1809896163641
endpoint_specific	richness_rare	marginal	Rhizosphere-Deep	1	-260.41733914553333
endpoint_specific	richness_rare	marginal	Rhizosphere-Deep	2	-563.6829724259678
endpoint_specific	richness_rare	marginal	Rhizosphere-Deep	3	-448.57224812039703
endpoint_specific	richness_rare	marginal	Rhizosphere-Deep	4	-600.9417056871175
endpoint_specific	richness_rare	marginal	Rhizosphere-Deep	5	694.4650810873493
endpoint_specific	richness_rare	marginal	Rhizosphere-Deep	6	-572.7860771367423
endpoint_specific	richness_rare	marginal	Rhizosphere-Deep	7	-103.4011085194486
endpoint_specific	richness_rare	marginal	Rhizosphere-Deep	8	259.76045504517424
endpoint_specific	richness_rare	marginal	Rhizosphere-Deep	9	-423.7599638125921
endpoint_specific	richness_rare	marginal	Rhizosphere-Deep	10	-527.5841857544799
endpoint_specific	richness_rare	marginal	Rhizosphere-Deep	11	124.17590767274032
endpoint_specific	richness_rare	marginal	Rhizosphere-Deep	12	-808.6750963424915
endpoint_specific	richness_rare	marginal	Rhizosphere-Deep	13	274.32918046286113
endpoint_specific	richness_rare	marginal	Rhizosphere-Deep	14	-1321.0840454245354
endpoint_specific	richness_rare	marginal	Rhizosphere-Deep	15	-895.4591592324896
endpoint_specific	richness_rare	marginal	Rhizosphere-Deep	16	-356.73840731874407
endpoint_specific	richness_rare	marginal	Rhizosphere-Deep	17	-944.1627252726066
endpoint_specific	richness_rare	marginal	Rhizosphere-Deep	18	106.09730858827834
endpoint_specific	richness_rare	marginal	Rhizosphere-Deep	19	-483.831942115002
endpoint_specific	richness_rare	marginal	Rhizosphere-Deep	20	428.3028470163731
endpoint_specific	richness_rare	marginal	Rhizosphere-Deep	21	-125.60529676385022
endpoint_specific	richness_rare	marginal	Rhizosphere-Deep	22	329.0210974961735
endpoint_specific	richness_rare	marginal	Rhizosphere-Deep	23	-366.8891094681842
endpoint_specific	richness_rare	marginal	Rhizosphere-Deep	24	365.367356507398
endpoint_specific	richness_rare	marginal	Rhizosphere-Deep	25	-906.9918208379231
endpoint_specific	richness_rare	marginal	Rhizosphere-Deep	26	-645.2981385686471
endpoint_specific	richness_rare	marginal	Rhizosphere-Deep	27	-1128.57055001171
endpoint_specific	richness_rare	marginal	Rhizosphere-Deep	28	-349.6850164935872
endpoint_specific	richness_rare	marginal	Rhizosphere-Deep	29	136.0538928516596
endpoint_specific	richness_rare	marginal	Rhizosphere-Deep	30	131.59799898579786
endpoint_specific	richness_rare	marginal	Rhizosphere-Deep	31	-928.7247420498201
endpoint_specific	richness_rare	marginal	Rhizosphere-Deep	32	206.60103330133506
endpoint_specific	richness_rare	marginal	Rhizosphere-Deep	33	-123.92583849775724
endpoint_specific	richness_rare	marginal	Rhizosphere-Deep	34	-625.6656270459343
endpoint_specific	richness_rare	marginal	Rhizosphere-Deep	35	-1089.229878307712
endpoint_specific	richness_rare	marginal	Rhizosphere-Deep	36	-412.38098893067604
endpoint_specific	richness_rare	marginal	Rhizosphere-Deep	37	-35.50593653589158
endpoint_specific	richness_rare	marginal	Rhizosphere-Deep	38	-666.9269529003386
endpoint_specific	richness_rare	marginal	Rhizosphere-Deep	39	-273.35562689463404
endpoint_specific	richness_rare	marginal	Rhizosphere-Deep	40	-32.8912714924204
endpoint_specific	richness_rare	marginal	Rhizosphere-Deep	41	106.29489482677366
endpoint_specific	richness_rare	marginal	Rhizosphere-Deep	42	-15.826431473867615
endpoint_specific	richness_rare	marginal	Rhizosphere-Deep	43	-500.7240000405318
endpoint_specific	richness_rare	marginal	Rhizosphere-Deep	44	-48.96129445125962
endpoint_specific	richness_rare	marginal	Rhizosphere-Deep	45	72.73975228722907
endpoint_specific	richness_rare	marginal	Rhizosphere-Deep	46	106.51645840029119
endpoint_specific	richness_rare	marginal	Rhizosphere-Deep	47	555.3692489745448
endpoint_specific	richness_rare	marginal	Rhizosphere-Deep	48	441.9777919089429
endpoint_specific	richness_rare	marginal	Rhizosphere-Deep	49	-372.88594321844573
endpoint_specific	richness_rare	marginal	Rhizosphere-Deep	50	304.08591726163286
endpoint_specific	richness_rare	marginal	Rhizosphere-Deep	51	-100.58584835424915
endpoint_specific	richness_rare	marginal	Rhizosphere-Deep	52	359.58971150025377
endpoint_specific	richness_rare	marginal	Rhizosphere-Deep	53	222.93563328592006
endpoint_specific	richness_rare	marginal	Rhizosphere-Deep	54	182.9664755185728
endpoint_specific	richness_rare	marginal	Rhizosphere-Deep	55	205.55194301488302
endpoint_specific	richness_rare	marginal	Rhizosphere-Deep	56	232.4319389319324
endpoint_specific	richness_rare	marginal	Rhizosphere-Deep	57	650.452350383733
endpoint_specific	richness_rare	marginal	Rhizosphere-Deep	58	625.1915553410543
endpoint_specific	richness_rare	marginal	Rhizosphere-Deep	59	150.51797503565697
endpoint_specific	richness_rare	marginal	Rhizosphere-Deep	60	675.2905365969225
endpoint_specific	richness_rare	campaign_matched	Deep-Surface	1	-19.92202604423149
endpoint_specific	richness_rare	campaign_matched	Deep-Surface	2	-107.98104210646562
endpoint_specific	richness_rare	campaign_matched	Deep-Surface	3	763.5395801123063
endpoint_specific	richness_rare	campaign_matched	Deep-Surface	4	379.50304531517554
endpoint_specific	richness_rare	campaign_matched	Deep-Surface	5	-647.0827971305029
endpoint_specific	richness_rare	campaign_matched	Deep-Surface	6	978.4671234032432
endpoint_specific	richness_rare	campaign_matched	Deep-Surface	7	496.0102731692564
endpoint_specific	richness_rare	campaign_matched	Deep-Surface	8	17.27241979897451
endpoint_specific	richness_rare	campaign_matched	Deep-Surface	9	-97.88689516748907
endpoint_specific	richness_rare	campaign_matched	Deep-Surface	10	-448.91393554843427
endpoint_specific	richness_rare	campaign_matched	Deep-Surface	11	1010.3319502636964
endpoint_specific	richness_rare	campaign_matched	Deep-Surface	12	855.2941492524126
endpoint_specific	richness_rare	campaign_matched	Deep-Surface	13	767.6803066640047
endpoint_specific	richness_rare	campaign_matched	Deep-Surface	14	-14.99231952927147
endpoint_specific	richness_rare	campaign_matched	Deep-Surface	15	411.4920114451223
endpoint_specific	richness_rare	campaign_matched	Deep-Surface	16	460.0478234194917
endpoint_specific	richness_rare	campaign_matched	Deep-Surface	17	117.06816454585744
endpoint_specific	richness_rare	campaign_matched	Deep-Surface	18	-71.80276623627867
endpoint_specific	richness_rare	campaign_matched	Deep-Surface	19	87.7226928130051
endpoint_specific	richness_rare	campaign_matched	Deep-Surface	20	-194.01432361629102
endpoint_specific	richness_rare	campaign_matched	Deep-Surface	21	-94.76738250499608
endpoint_specific	richness_rare	campaign_matched	Deep-Surface	22	50.64374424821366
endpoint_specific	richness_rare	campaign_matched	Deep-Surface	23	-369.60874195654384
endpoint_specific	richness_rare	campaign_matched	Deep-Surface	24	475.9685382800426
endpoint_specific	richness_rare	campaign_matched	Deep-Surface	25	237.86246965265437
endpoint_specific	richness_rare	campaign_matched	Deep-Surface	26	32.81087080048093
endpoint_specific	richness_rare	campaign_matched	Deep-Surface	27	140.40540998144039
endpoint_specific	richness_rare	campaign_matched	Deep-Surface	28	-244.96755959359544
endpoint_specific	richness_rare	campaign_matched	Deep-Surface	29	304.05689212229146
endpoint_specific	richness_rare	campaign_matched	Deep-Surface	30	-398.49812656617627
endpoint_specific	richness_rare	campaign_matched	Deep-Surface	31	-13.89640939249845
endpoint_specific	richness_rare	campaign_matched	Deep-Surface	32	-211.37705263540772
endpoint_specific	richness_rare	campaign_matched	Deep-Surface	33	179.31735987841458
endpoint_specific	richness_rare	campaign_matched	Deep-Surface	34	-300.39195568293565
endpoint_specific	richness_rare	campaign_matched	Deep-Surface	35	129.41700894133456
endpoint_specific	richness_rare	campaign_matched	Deep-Surface	36	-113.66508012748515
endpoint_specific	richness_rare	campaign_matched	Deep-Surface	37	-52.89004613678927
endpoint_specific	richness_rare	campaign_matched	Deep-Surface	38	-105.80152005271027
endpoint_specific	richness_rare	campaign_matched	Deep-Surface	39	205.7344547145732
endpoint_specific	richness_rare	campaign_matched	Deep-Surface	40	82.37574856077383
endpoint_specific	richness_rare	campaign_matched	Deep-Surface	41	1005.8140405861054
endpoint_specific	richness_rare	campaign_matched	Deep-Surface	42	-139.30226794820692
endpoint_specific	richness_rare	campaign_matched	Deep-Surface	43	547.8324530168019
endpoint_specific	richness_rare	campaign_matched	Deep-Surface	44	270.3277506929617
endpoint_specific	richness_rare	campaign_matched	Deep-Surface	45	-195.97270381918054
endpoint_specific	richness_rare	campaign_matched	Deep-Surface	46	944.3451741555597
endpoint_specific	richness_rare	campaign_matched	Deep-Surface	47	-305.2554664586182
endpoint_specific	richness_rare	campaign_matched	Deep-Surface	48	-536.4872658760333
endpoint_specific	richness_rare	campaign_matched	Deep-Surface	49	-265.58545271674103
endpoint_specific	richness_rare	campaign_matched	Deep-Surface	50	-266.75512651285106
endpoint_specific	richness_rare	campaign_matched	Deep-Surface	51	349.3831705153884
endpoint_specific	richness_rare	campaign_matched	Deep-Surface	52	6.0
endpoint_specific	richness_rare	campaign_matched	Deep-Surface	53	343.67075086587886
endpoint_specific	richness_rare	campaign_matched	Deep-Surface	54	639.7403196364814
endpoint_specific	richness_rare	campaign_matched	Deep-Surface	55	-19.139480664320285
endpoint_specific	richness_rare	campaign_matched	Deep-Surface	56	-716.9924175195808
endpoint_specific	richness_rare	campaign_matched	Deep-Surface	57	-4.353287155685924
endpoint_specific	richness_rare	campaign_matched	Deep-Surface	58	-63.554283658681484
endpoint_specific	richness_rare	campaign_matched	Deep-Surface	59	45.30342620467161
endpoint_specific	richness_rare	campaign_matched	Deep-Surface	60	43.633306309115255
endpoint_specific	richness_rare	campaign_matched	Rhizosphere-Surface	1	-499.23199255497485
endpoint_specific	richness_rare	campaign_matched	Rhizosphere-Surface	2	-659.946821140643
endpoint_specific	richness_rare	campaign_matched	Rhizosphere-Surface	3	195.94632661697847
endpoint_specific	richness_rare	campaign_matched	Rhizosphere-Surface	4	-93.37798061661897
endpoint_specific	richness_rare	campaign_matched	Rhizosphere-Surface	5	-39.461999819061134
endpoint_specific	richness_rare	campaign_matched	Rhizosphere-Surface	6	274.8713371021459
endpoint_specific	richness_rare	campaign_matched	Rhizosphere-Surface	7	148.11675546805157
endpoint_specific	richness_rare	campaign_matched	Rhizosphere-Surface	8	583.7034588574895
endpoint_specific	richness_rare	campaign_matched	Rhizosphere-Surface	9	-951.2336795827977
endpoint_specific	richness_rare	campaign_matched	Rhizosphere-Surface	10	-1309.4145825707485
endpoint_specific	richness_rare	campaign_matched	Rhizosphere-Surface	11	1134.5078579364372
endpoint_specific	richness_rare	campaign_matched	Rhizosphere-Surface	12	46.619052909920924
endpoint_specific	richness_rare	campaign_matched	Rhizosphere-Surface	13	649.2210974330458
endpoint_specific	richness_rare	campaign_matched	Rhizosphere-Surface	14	-1336.076364953807
endpoint_specific	richness_rare	campaign_matched	Rhizosphere-Surface	15	-483.96714778736686
endpoint_specific	richness_rare	campaign_matched	Rhizosphere-Surface	16	103.30941610074748
endpoint_specific	richness_rare	campaign_matched	Rhizosphere-Surface	17	-695.822094878351
endpoint_specific	richness_rare	campaign_matched	Rhizosphere-Surface	18	-249.91036983982133
endpoint_specific	richness_rare	campaign_matched	Rhizosphere-Surface	19	-790.4787231227488
endpoint_specific	richness_rare	campaign_matched	Rhizosphere-Surface	20	145.39170229645242
endpoint_specific	richness_rare	campaign_matched	Rhizosphere-Surface	21	-429.0385239072366
endpoint_specific	richness_rare	campaign_matched	Rhizosphere-Surface	22	30.432161555190003
endpoint_specific	richness_rare	campaign_matched	Rhizosphere-Surface	23	-1033.2688535865293
endpoint_specific	richness_rare	campaign_matched	Rhizosphere-Surface	24	0.49943115386770387
endpoint_specific	richness_rare	campaign_matched	Rhizosphere-Surface	25	-669.129351185269
endpoint_specific	richness_rare	campaign_matched	Rhizosphere-Surface	26	-612.487267768166
endpoint_specific	richness_rare	campaign_matched	Rhizosphere-Surface	27	-596.7389249596491
endpoint_specific	richness_rare	campaign_matched	Rhizosphere-Surface	28	-512.9889180681181
endpoint_specific	richness_rare	campaign_matched	Rhizosphere-Surface	29	83.5959166568919
endpoint_specific	richness_rare	campaign_matched	Rhizosphere-Surface	30	-610.1072124205353
endpoint_specific	richness_rare	campaign_matched	Rhizosphere-Surface	31	-618.2988569534758
endpoint_specific	richness_rare	campaign_matched	Rhizosphere-Surface	32	-620.1557686231617
endpoint_specific	richness_rare	campaign_matched	Rhizosphere-Surface	33	-51.705329218245346
endpoint_specific	richness_rare	campaign_matched	Rhizosphere-Surface	34	-415.17522462795415
endpoint_specific	richness_rare	campaign_matched	Rhizosphere-Surface	35	-645.2613969506672
endpoint_specific	richness_rare	campaign_matched	Rhizosphere-Surface	36	-868.6986495479961
endpoint_specific	richness_rare	campaign_matched	Rhizosphere-Surface	37	-436.49967456372974
endpoint_specific	richness_rare	campaign_matched	Rhizosphere-Surface	38	-669.8588736098518
endpoint_specific	richness_rare	campaign_matched	Rhizosphere-Surface	39	-67.6211721800608
endpoint_specific	richness_rare	campaign_matched	Rhizosphere-Surface	40	-160.67264052337032
endpoint_specific	richness_rare	campaign_matched	Rhizosphere-Surface	41	183.4671533681087
endpoint_specific	richness_rare	campaign_matched	Rhizosphere-Surface	42	-298.5189989350191
endpoint_specific	richness_rare	campaign_matched	Rhizosphere-Surface	43	124.48584562462622
endpoint_specific	richness_rare	campaign_matched	Rhizosphere-Surface	44	-255.4497580968839
endpoint_specific	richness_rare	campaign_matched	Rhizosphere-Surface	45	-123.23295153195153
endpoint_specific	richness_rare	campaign_matched	Rhizosphere-Surface	46	650.3849716579865
endpoint_specific	richness_rare	campaign_matched	Rhizosphere-Surface	47	339.9883192658614
endpoint_specific	richness_rare	campaign_matched	Rhizosphere-Surface	48	-16.00540295443119
endpoint_specific	richness_rare	campaign_matched	Rhizosphere-Surface	49	-387.96728847288523
endpoint_specific	richness_rare	campaign_matched	Rhizosphere-Surface	50	-157.1403582610961
endpoint_specific	richness_rare	campaign_matched	Rhizosphere-Surface	51	161.35295384134625
endpoint_specific	richness_rare	campaign_matched	Rhizosphere-Surface	52	638.3199890131299
endpoint_specific	richness_rare	campaign_matched	Rhizosphere-Surface	53	732.2192355821877
endpoint_specific	richness_rare	campaign_matched	Rhizosphere-Surface	54	116.47339458848558
endpoint_specific	richness_rare	campaign_matched	Rhizosphere-Surface	55	186.41246235056278
endpoint_specific	richness_rare	campaign_matched	Rhizosphere-Surface	56	-86.8355669544182
endpoint_specific	richness_rare	campaign_matched	Rhizosphere-Surface	57	513.4822539021733
endpoint_specific	richness_rare	campaign_matched	Rhizosphere-Surface	58	-152.53643795408382
endpoint_specific	richness_rare	campaign_matched	Rhizosphere-Surface	59	-232.07469450975904
endpoint_specific	richness_rare	campaign_matched	Rhizosphere-Surface	60	399.0249229233817
endpoint_specific	richness_rare	campaign_matched	Rhizosphere-Deep	1	-359.5569719762999
endpoint_specific	richness_rare	campaign_matched	Rhizosphere-Deep	2	-1140.7339132527597
endpoint_specific	richness_rare	campaign_matched	Rhizosphere-Deep	3	-567.5932534953279
endpoint_specific	richness_rare	campaign_matched	Rhizosphere-Deep	4	-661.7792696517497
endpoint_specific	richness_rare	campaign_matched	Rhizosphere-Deep	5	425.48678583326927
endpoint_specific	richness_rare	campaign_matched	Rhizosphere-Deep	6	-770.779217334042
endpoint_specific	richness_rare	campaign_matched	Rhizosphere-Deep	7	-183.98451378115004
endpoint_specific	richness_rare	campaign_matched	Rhizosphere-Deep	8	511.71648498053787
endpoint_specific	richness_rare	campaign_matched	Rhizosphere-Deep	9	-853.3467844153087
endpoint_specific	richness_rare	campaign_matched	Rhizosphere-Deep	10	-527.58418575448
endpoint_specific	richness_rare	campaign_matched	Rhizosphere-Deep	11	124.17590767274083
endpoint_specific	richness_rare	campaign_matched	Rhizosphere-Deep	12	-808.6750963424918
endpoint_specific	richness_rare	campaign_matched	Rhizosphere-Deep	13	39.928340769371744
endpoint_specific	richness_rare	campaign_matched	Rhizosphere-Deep	14	-1321.0840454245354
endpoint_specific	richness_rare	campaign_matched	Rhizosphere-Deep	15	-895.4591592324891
endpoint_specific	richness_rare	campaign_matched	Rhizosphere-Deep	16	-356.73840731874424
endpoint_specific	richness_rare	campaign_matched	Rhizosphere-Deep	17	-944.1627252726066
endpoint_specific	richness_rare	campaign_matched	Rhizosphere-Deep	18	-549.3715289895815
endpoint_specific	richness_rare	campaign_matched	Rhizosphere-Deep	19	-930.7087520438259
endpoint_specific	richness_rare	campaign_matched	Rhizosphere-Deep	20	169.51192238928493
endpoint_specific	richness_rare	campaign_matched	Rhizosphere-Deep	21	-287.1331302216468
endpoint_specific	richness_rare	campaign_matched	Rhizosphere-Deep	22	-20.211582693023654
endpoint_specific	richness_rare	campaign_matched	Rhizosphere-Deep	23	-366.8891094681841
endpoint_specific	richness_rare	campaign_matched	Rhizosphere-Deep	24	280.86424690438224
endpoint_specific	richness_rare	campaign_matched	Rhizosphere-Deep	25	-906.9918208379233
endpoint_specific	richness_rare	campaign_matched	Rhizosphere-Deep	26	-645.2981385686469
endpoint_specific	richness_rare	campaign_matched	Rhizosphere-Deep	27	-1128.5705500117103
endpoint_specific	richness_rare	campaign_matched	Rhizosphere-Deep	28	-349.6850164935873
endpoint_specific	richness_rare	campaign_matched	Rhizosphere-Deep	29	-220.46097546539954
endpoint_specific	richness_rare	campaign_matched	Rhizosphere-Deep	30	2.1623496690611623
endpoint_specific	richness_rare	campaign_matched	Rhizosphere-Deep	31	-604.4024475609773
endpoint_specific	richness_rare	campaign_matched	Rhizosphere-Deep	32	-408.77871598775397
endpoint_specific	richness_rare	campaign_matched	Rhizosphere-Deep	33	-231.02268909665995
endpoint_specific	richness_rare	campaign_matched	Rhizosphere-Deep	34	-429.6078975357757
endpoint_specific	richness_rare	campaign_matched	Rhizosphere-Deep	35	-1089.2298783077117
endpoint_specific	richness_rare	campaign_matched	Rhizosphere-Deep	36	-741.6505165487382
endpoint_specific	richness_rare	campaign_matched	Rhizosphere-Deep	37	-35.505936535891806
endpoint_specific	richness_rare	campaign_matched	Rhizosphere-Deep	38	-567.6599667914
endpoint_specific	richness_rare	campaign_matched	Rhizosphere-Deep	39	-273.355626894634
endpoint_specific	richness_rare	campaign_matched	Rhizosphere-Deep	40	-290.1130363241445
endpoint_specific	richness_rare	campaign_matched	Rhizosphere-Deep	41	-72.42788892867173
endpoint_specific	richness_rare	campaign_matched	Rhizosphere-Deep	42	-197.52358958981722
endpoint_specific	richness_rare	campaign_matched	Rhizosphere-Deep	43	-500.7240000405317
endpoint_specific	richness_rare	campaign_matched	Rhizosphere-Deep	44	-48.96129445125962
endpoint_specific	richness_rare	campaign_matched	Rhizosphere-Deep	45	72.73975228722898
endpoint_specific	richness_rare	campaign_matched	Rhizosphere-Deep	46	-887.9665727604951
endpoint_specific	richness_rare	campaign_matched	Rhizosphere-Deep	47	389.87271008930844
endpoint_specific	richness_rare	campaign_matched	Rhizosphere-Deep	48	522.6965343216649
endpoint_specific	richness_rare	campaign_matched	Rhizosphere-Deep	49	-122.38183575614416
endpoint_specific	richness_rare	campaign_matched	Rhizosphere-Deep	50	109.61476825175498
endpoint_specific	richness_rare	campaign_matched	Rhizosphere-Deep	51	-188.0302166740421
endpoint_specific	richness_rare	campaign_matched	Rhizosphere-Deep	52	632.3199890131299
endpoint_specific	richness_rare	campaign_matched	Rhizosphere-Deep	53	728.0622390247826
endpoint_specific	richness_rare	campaign_matched	Rhizosphere-Deep	54	-35.861414681976214
endpoint_specific	richness_rare	campaign_matched	Rhizosphere-Deep	55	205.55194301488305
endpoint_specific	richness_rare	campaign_matched	Rhizosphere-Deep	56	316.9298943787164
endpoint_specific	richness_rare	campaign_matched	Rhizosphere-Deep	57	517.8355410578591
endpoint_specific	richness_rare	campaign_matched	Rhizosphere-Deep	58	70.07066573398998
endpoint_specific	richness_rare	campaign_matched	Rhizosphere-Deep	59	-9.33518627571408
endpoint_specific	richness_rare	campaign_matched	Rhizosphere-Deep	60	637.9149181953048
endpoint_specific	normalized_shannon	marginal	Deep-Surface	1	-0.02211832280687631
endpoint_specific	normalized_shannon	marginal	Deep-Surface	2	0.020989240596272607
endpoint_specific	normalized_shannon	marginal	Deep-Surface	3	0.004033347915414431
endpoint_specific	normalized_shannon	marginal	Deep-Surface	4	0.005130584033061991
endpoint_specific	normalized_shannon	marginal	Deep-Surface	5	0.043782126926090736
endpoint_specific	normalized_shannon	marginal	Deep-Surface	6	0.0454811915693355
endpoint_specific	normalized_shannon	marginal	Deep-Surface	7	0.07423077223396513
endpoint_specific	normalized_shannon	marginal	Deep-Surface	8	-0.00530824640679517
endpoint_specific	normalized_shannon	marginal	Deep-Surface	9	0.007218924621725575
endpoint_specific	normalized_shannon	marginal	Deep-Surface	10	-0.00816930135342575
endpoint_specific	normalized_shannon	marginal	Deep-Surface	11	0.055106330915157264
endpoint_specific	normalized_shannon	marginal	Deep-Surface	12	0.06136869269082623
endpoint_specific	normalized_shannon	marginal	Deep-Surface	13	0.005701746911088046
endpoint_specific	normalized_shannon	marginal	Deep-Surface	14	-0.029653618686944827
endpoint_specific	normalized_shannon	marginal	Deep-Surface	15	0.010684939056476606
endpoint_specific	normalized_shannon	marginal	Deep-Surface	16	0.04091462692907322
endpoint_specific	normalized_shannon	marginal	Deep-Surface	17	-0.01833103352176413
endpoint_specific	normalized_shannon	marginal	Deep-Surface	18	0.010960230799360926
endpoint_specific	normalized_shannon	marginal	Deep-Surface	19	0.05237427346545953
endpoint_specific	normalized_shannon	marginal	Deep-Surface	20	0.04927484915018354
endpoint_specific	normalized_shannon	marginal	Deep-Surface	21	0.03982067649479637
endpoint_specific	normalized_shannon	marginal	Deep-Surface	22	-0.04374445821667372
endpoint_specific	normalized_shannon	marginal	Deep-Surface	23	0.02874807435098503
endpoint_specific	normalized_shannon	marginal	Deep-Surface	24	-0.0123525827857911
endpoint_specific	normalized_shannon	marginal	Deep-Surface	25	0.04617507084116235
endpoint_specific	normalized_shannon	marginal	Deep-Surface	26	0.01049670076746656
endpoint_specific	normalized_shannon	marginal	Deep-Surface	27	0.07207351857168942
endpoint_specific	normalized_shannon	marginal	Deep-Surface	28	0.03726050538976089
endpoint_specific	normalized_shannon	marginal	Deep-Surface	29	0.06744573074146543
endpoint_specific	normalized_shannon	marginal	Deep-Surface	30	0.033786551761991745
endpoint_specific	normalized_shannon	marginal	Deep-Surface	31	-0.029120686181765332
endpoint_specific	normalized_shannon	marginal	Deep-Surface	32	0.014843182551891543
endpoint_specific	normalized_shannon	marginal	Deep-Surface	33	-0.009111132546692824
endpoint_specific	normalized_shannon	marginal	Deep-Surface	34	-0.006994495986547333
endpoint_specific	normalized_shannon	marginal	Deep-Surface	35	0.020498684081691976
endpoint_specific	normalized_shannon	marginal	Deep-Surface	36	0.0277734518934607
endpoint_specific	normalized_shannon	marginal	Deep-Surface	37	0.002840129004663794
endpoint_specific	normalized_shannon	marginal	Deep-Surface	38	0.01412203830922698
endpoint_specific	normalized_shannon	marginal	Deep-Surface	39	-0.0008344660930523773
endpoint_specific	normalized_shannon	marginal	Deep-Surface	40	0.0008475908703168278
endpoint_specific	normalized_shannon	marginal	Deep-Surface	41	-0.13644437496351158
endpoint_specific	normalized_shannon	marginal	Deep-Surface	42	0.019754047949690157
endpoint_specific	normalized_shannon	marginal	Deep-Surface	43	-0.0010230810252152
endpoint_specific	normalized_shannon	marginal	Deep-Surface	44	0.010678819086681113
endpoint_specific	normalized_shannon	marginal	Deep-Surface	45	0.009113083086078388
endpoint_specific	normalized_shannon	marginal	Deep-Surface	46	-0.013263347548417403
endpoint_specific	normalized_shannon	marginal	Deep-Surface	47	-0.05471832714588809
endpoint_specific	normalized_shannon	marginal	Deep-Surface	48	-0.015786014755880484
endpoint_specific	normalized_shannon	marginal	Deep-Surface	49	-0.08162989124675835
endpoint_specific	normalized_shannon	marginal	Deep-Surface	50	0.005478409929871586
endpoint_specific	normalized_shannon	marginal	Deep-Surface	51	0.012689416454973235
endpoint_specific	normalized_shannon	marginal	Deep-Surface	52	0.0600706147341572
endpoint_specific	normalized_shannon	marginal	Deep-Surface	53	0.2434615563542516
endpoint_specific	normalized_shannon	marginal	Deep-Surface	54	0.02865504527656959
endpoint_specific	normalized_shannon	marginal	Deep-Surface	55	-0.0493044874028723
endpoint_specific	normalized_shannon	marginal	Deep-Surface	56	0.008202083769336621
endpoint_specific	normalized_shannon	marginal	Deep-Surface	57	0.008842653801279687
endpoint_specific	normalized_shannon	marginal	Deep-Surface	58	-0.008803721788206431
endpoint_specific	normalized_shannon	marginal	Deep-Surface	59	0.03138263674633268
endpoint_specific	normalized_shannon	marginal	Deep-Surface	60	-0.045478198711295215
endpoint_specific	normalized_shannon	marginal	Rhizosphere-Surface	1	-0.06887368003779204
endpoint_specific	normalized_shannon	marginal	Rhizosphere-Surface	2	-0.05132732574779153
endpoint_specific	normalized_shannon	marginal	Rhizosphere-Surface	3	-0.13992084260520665
endpoint_specific	normalized_shannon	marginal	Rhizosphere-Surface	4	-0.04362940058701492
endpoint_specific	normalized_shannon	marginal	Rhizosphere-Surface	5	0.0024991990457461366
endpoint_specific	normalized_shannon	marginal	Rhizosphere-Surface	6	-0.012427682342858737
endpoint_specific	normalized_shannon	marginal	Rhizosphere-Surface	7	0.03123142686049707
endpoint_specific	normalized_shannon	marginal	Rhizosphere-Surface	8	-0.001844341861380494
endpoint_specific	normalized_shannon	marginal	Rhizosphere-Surface	9	-0.04612165064603668
endpoint_specific	normalized_shannon	marginal	Rhizosphere-Surface	10	-0.08610370499786668
endpoint_specific	normalized_shannon	marginal	Rhizosphere-Surface	11	0.006122730144411115
endpoint_specific	normalized_shannon	marginal	Rhizosphere-Surface	12	0.0022068747060085547
endpoint_specific	normalized_shannon	marginal	Rhizosphere-Surface	13	-0.005782598067769373
endpoint_specific	normalized_shannon	marginal	Rhizosphere-Surface	14	-0.09424552194187563
endpoint_specific	normalized_shannon	marginal	Rhizosphere-Surface	15	-0.036030606868975856
endpoint_specific	normalized_shannon	marginal	Rhizosphere-Surface	16	0.009244078680778478
endpoint_specific	normalized_shannon	marginal	Rhizosphere-Surface	17	-0.02335749181179636
endpoint_specific	normalized_shannon	marginal	Rhizosphere-Surface	18	-0.2289070560636971
endpoint_specific	normalized_shannon	marginal	Rhizosphere-Surface	19	-0.002919311949568848
endpoint_specific	normalized_shannon	marginal	Rhizosphere-Surface	20	0.0094500300700191
endpoint_specific	normalized_shannon	marginal	Rhizosphere-Surface	21	-0.018172295883321588
endpoint_specific	normalized_shannon	marginal	Rhizosphere-Surface	22	-0.04631835202569723
endpoint_specific	normalized_shannon	marginal	Rhizosphere-Surface	23	0.016452274035693604
endpoint_specific	normalized_shannon	marginal	Rhizosphere-Surface	24	0.046362731263481005
endpoint_specific	normalized_shannon	marginal	Rhizosphere-Surface	25	-0.05525814489820691
endpoint_specific	normalized_shannon	marginal	Rhizosphere-Surface	26	-0.035101567637352726
endpoint_specific	normalized_shannon	marginal	Rhizosphere-Surface	27	-0.055584710053880104
endpoint_specific	normalized_shannon	marginal	Rhizosphere-Surface	28	-0.0571139951131755
endpoint_specific	normalized_shannon	marginal	Rhizosphere-Surface	29	0.023052991357442543
endpoint_specific	normalized_shannon	marginal	Rhizosphere-Surface	30	-0.018177154669983042
endpoint_specific	normalized_shannon	marginal	Rhizosphere-Surface	31	-0.08222778856116197
endpoint_specific	normalized_shannon	marginal	Rhizosphere-Surface	32	-0.03850741515155409
endpoint_specific	normalized_shannon	marginal	Rhizosphere-Surface	33	-0.03899317738637431
endpoint_specific	normalized_shannon	marginal	Rhizosphere-Surface	34	-0.02505333787355235
endpoint_specific	normalized_shannon	marginal	Rhizosphere-Surface	35	0.00713007787209019
endpoint_specific	normalized_shannon	marginal	Rhizosphere-Surface	36	-0.053042723434089445
endpoint_specific	normalized_shannon	marginal	Rhizosphere-Surface	37	-0.08930463975728853
endpoint_specific	normalized_shannon	marginal	Rhizosphere-Surface	38	-0.026391167425866113
endpoint_specific	normalized_shannon	marginal	Rhizosphere-Surface	39	-0.06646345677440446
endpoint_specific	normalized_shannon	marginal	Rhizosphere-Surface	40	-0.016469046056890813
endpoint_specific	normalized_shannon	marginal	Rhizosphere-Surface	41	-0.10075691003707588
endpoint_specific	normalized_shannon	marginal	Rhizosphere-Surface	42	-0.016169821789903116
endpoint_specific	normalized_shannon	marginal	Rhizosphere-Surface	43	-0.06525663934524317
endpoint_specific	normalized_shannon	marginal	Rhizosphere-Surface	44	-0.029061954029336645
endpoint_specific	normalized_shannon	marginal	Rhizosphere-Surface	45	-0.00542654897312711
endpoint_specific	normalized_shannon	marginal	Rhizosphere-Surface	46	-0.029254239447206287
endpoint_specific	normalized_shannon	marginal	Rhizosphere-Surface	47	-0.0023241057944438648
endpoint_specific	normalized_shannon	marginal	Rhizosphere-Surface	48	-0.0033900654230794025
endpoint_specific	normalized_shannon	marginal	Rhizosphere-Surface	49	-0.009521465285566078
endpoint_specific	normalized_shannon	marginal	Rhizosphere-Surface	50	-0.09288489380059706
endpoint_specific	normalized_shannon	marginal	Rhizosphere-Surface	51	-0.0717891614869649
endpoint_specific	normalized_shannon	marginal	Rhizosphere-Surface	52	0.05248740642248084
endpoint_specific	normalized_shannon	marginal	Rhizosphere-Surface	53	0.14007050206845217
endpoint_specific	normalized_shannon	marginal	Rhizosphere-Surface	54	-0.0022552797153615467
endpoint_specific	normalized_shannon	marginal	Rhizosphere-Surface	55	-0.021089949038057165
endpoint_specific	normalized_shannon	marginal	Rhizosphere-Surface	56	-0.13405898801922422
endpoint_specific	normalized_shannon	marginal	Rhizosphere-Surface	57	-0.01889137690574194
endpoint_specific	normalized_shannon	marginal	Rhizosphere-Surface	58	-0.01832887493842883
endpoint_specific	normalized_shannon	marginal	Rhizosphere-Surface	59	-0.0337974329831916
endpoint_specific	normalized_shannon	marginal	Rhizosphere-Surface	60	-0.01706967099967449
endpoint_specific	normalized_shannon	marginal	Rhizosphere-Deep	1	-0.04675535723091573
endpoint_specific	normalized_shannon	marginal	Rhizosphere-Deep	2	-0.07231656634406414
endpoint_specific	normalized_shannon	marginal	Rhizosphere-Deep	3	-0.14395419052062108
endpoint_specific	normalized_shannon	marginal	Rhizosphere-Deep	4	-0.04875998462007691
endpoint_specific	normalized_shannon	marginal	Rhizosphere-Deep	5	-0.0412829278803446
endpoint_specific	normalized_shannon	marginal	Rhizosphere-Deep	6	-0.057908873912194236
endpoint_specific	normalized_shannon	marginal	Rhizosphere-Deep	7	-0.042999345373468056
endpoint_specific	normalized_shannon	marginal	Rhizosphere-Deep	8	0.0034639045454146755
endpoint_specific	normalized_shannon	marginal	Rhizosphere-Deep	9	-0.05334057526776226
endpoint_specific	normalized_shannon	marginal	Rhizosphere-Deep	10	-0.07793440364444093
endpoint_specific	normalized_shannon	marginal	Rhizosphere-Deep	11	-0.04898360077074615
endpoint_specific	normalized_shannon	marginal	Rhizosphere-Deep	12	-0.05916181798481768
endpoint_specific	normalized_shannon	marginal	Rhizosphere-Deep	13	-0.01148434497885742
endpoint_specific	normalized_shannon	marginal	Rhizosphere-Deep	14	-0.0645919032549308
endpoint_specific	normalized_shannon	marginal	Rhizosphere-Deep	15	-0.04671554592545246
endpoint_specific	normalized_shannon	marginal	Rhizosphere-Deep	16	-0.03167054824829474
endpoint_specific	normalized_shannon	marginal	Rhizosphere-Deep	17	-0.005026458290032232
endpoint_specific	normalized_shannon	marginal	Rhizosphere-Deep	18	-0.23986728686305803
endpoint_specific	normalized_shannon	marginal	Rhizosphere-Deep	19	-0.05529358541502838
endpoint_specific	normalized_shannon	marginal	Rhizosphere-Deep	20	-0.03982481908016444
endpoint_specific	normalized_shannon	marginal	Rhizosphere-Deep	21	-0.05799297237811796
endpoint_specific	normalized_shannon	marginal	Rhizosphere-Deep	22	-0.0025738938090235086
endpoint_specific	normalized_shannon	marginal	Rhizosphere-Deep	23	-0.012295800315291427
endpoint_specific	normalized_shannon	marginal	Rhizosphere-Deep	24	0.058715314049272105
endpoint_specific	normalized_shannon	marginal	Rhizosphere-Deep	25	-0.10143321573936925
endpoint_specific	normalized_shannon	marginal	Rhizosphere-Deep	26	-0.04559826840481929
endpoint_specific	normalized_shannon	marginal	Rhizosphere-Deep	27	-0.12765822862556953
endpoint_specific	normalized_shannon	marginal	Rhizosphere-Deep	28	-0.09437450050293639
endpoint_specific	normalized_shannon	marginal	Rhizosphere-Deep	29	-0.04439273938402288
endpoint_specific	normalized_shannon	marginal	Rhizosphere-Deep	30	-0.05196370643197479
endpoint_specific	normalized_shannon	marginal	Rhizosphere-Deep	31	-0.05310710237939664
endpoint_specific	normalized_shannon	marginal	Rhizosphere-Deep	32	-0.053350597703445635
endpoint_specific	normalized_shannon	marginal	Rhizosphere-Deep	33	-0.029882044839681488
endpoint_specific	normalized_shannon	marginal	Rhizosphere-Deep	34	-0.018058841887005017
endpoint_specific	normalized_shannon	marginal	Rhizosphere-Deep	35	-0.013368606209601785
endpoint_specific	normalized_shannon	marginal	Rhizosphere-Deep	36	-0.08081617532755014
endpoint_specific	normalized_shannon	marginal	Rhizosphere-Deep	37	-0.09214476876195232
endpoint_specific	normalized_shannon	marginal	Rhizosphere-Deep	38	-0.040513205735093094
endpoint_specific	normalized_shannon	marginal	Rhizosphere-Deep	39	-0.06562899068135208
endpoint_specific	normalized_shannon	marginal	Rhizosphere-Deep	40	-0.01731663692720764
endpoint_specific	normalized_shannon	marginal	Rhizosphere-Deep	41	0.03568746492643571
endpoint_specific	normalized_shannon	marginal	Rhizosphere-Deep	42	-0.03592386973959327
endpoint_specific	normalized_shannon	marginal	Rhizosphere-Deep	43	-0.06423355832002797
endpoint_specific	normalized_shannon	marginal	Rhizosphere-Deep	44	-0.03974077311601776
endpoint_specific	normalized_shannon	marginal	Rhizosphere-Deep	45	-0.014539632059205498
endpoint_specific	normalized_shannon	marginal	Rhizosphere-Deep	46	-0.015990891898788884
endpoint_specific	normalized_shannon	marginal	Rhizosphere-Deep	47	0.052394221351444226
endpoint_specific	normalized_shannon	marginal	Rhizosphere-Deep	48	0.012395949332801082
endpoint_specific	normalized_shannon	marginal	Rhizosphere-Deep	49	0.07210842596119227
endpoint_specific	normalized_shannon	marginal	Rhizosphere-Deep	50	-0.09836330373046864
endpoint_specific	normalized_shannon	marginal	Rhizosphere-Deep	51	-0.08447857794193814
endpoint_specific	normalized_shannon	marginal	Rhizosphere-Deep	52	-0.007583208311676359
endpoint_specific	normalized_shannon	marginal	Rhizosphere-Deep	53	-0.10339105428579942
endpoint_specific	normalized_shannon	marginal	Rhizosphere-Deep	54	-0.030910324991931137
endpoint_specific	normalized_shannon	marginal	Rhizosphere-Deep	55	0.028214538364815134
endpoint_specific	normalized_shannon	marginal	Rhizosphere-Deep	56	-0.14226107178856084
endpoint_specific	normalized_shannon	marginal	Rhizosphere-Deep	57	-0.02773403070702163
endpoint_specific	normalized_shannon	marginal	Rhizosphere-Deep	58	-0.009525153150222399
endpoint_specific	normalized_shannon	marginal	Rhizosphere-Deep	59	-0.06518006972952428
endpoint_specific	normalized_shannon	marginal	Rhizosphere-Deep	60	0.028408527711620724
endpoint_specific	normalized_shannon	campaign_matched	Deep-Surface	1	0.016624697019652374
endpoint_specific	normalized_shannon	campaign_matched	Deep-Surface	2	0.02098924059627258
endpoint_specific	normalized_shannon	campaign_matched	Deep-Surface	3	0.004033347915414431
endpoint_specific	normalized_shannon	campaign_matched	Deep-Surface	4	0.009523754110545984
endpoint_specific	normalized_shannon	campaign_matched	Deep-Surface	5	0.04407206163147695
endpoint_specific	normalized_shannon	campaign_matched	Deep-Surface	6	0.04548119156933554
endpoint_specific	normalized_shannon	campaign_matched	Deep-Surface	7	0.08680843231644764
endpoint_specific	normalized_shannon	campaign_matched	Deep-Surface	8	-0.0357829662110527
endpoint_specific	normalized_shannon	campaign_matched	Deep-Surface	9	0.007218924621725686
endpoint_specific	normalized_shannon	campaign_matched	Deep-Surface	10	-0.0010866784179423365
endpoint_specific	normalized_shannon	campaign_matched	Deep-Surface	11	0.05510633091515721
endpoint_specific	normalized_shannon	campaign_matched	Deep-Surface	12	0.06136869269082615
endpoint_specific	normalized_shannon	campaign_matched	Deep-Surface	13	0.007438780403935308
endpoint_specific	normalized_shannon	campaign_matched	Deep-Surface	14	-0.029653618686944827
endpoint_specific	normalized_shannon	campaign_matched	Deep-Surface	15	0.010684939056476633
endpoint_specific	normalized_shannon	campaign_matched	Deep-Surface	16	0.04091462692907322
endpoint_specific	normalized_shannon	campaign_matched	Deep-Surface	17	-0.024232380507157925
endpoint_specific	normalized_shannon	campaign_matched	Deep-Surface	18	0.010960230799361073
endpoint_specific	normalized_shannon	campaign_matched	Deep-Surface	19	0.052374273465459587
endpoint_specific	normalized_shannon	campaign_matched	Deep-Surface	20	0.055042948017810144
endpoint_specific	normalized_shannon	campaign_matched	Deep-Surface	21	0.03982067649479629
endpoint_specific	normalized_shannon	campaign_matched	Deep-Surface	22	-0.04374445821667383
endpoint_specific	normalized_shannon	campaign_matched	Deep-Surface	23	0.02376147361051902
endpoint_specific	normalized_shannon	campaign_matched	Deep-Surface	24	-0.003611968422846945
endpoint_specific	normalized_shannon	campaign_matched	Deep-Surface	25	0.04617507084116232
endpoint_specific	normalized_shannon	campaign_matched	Deep-Surface	26	0.010496700767466532
endpoint_specific	normalized_shannon	campaign_matched	Deep-Surface	27	0.06854176544796912
endpoint_specific	normalized_shannon	campaign_matched	Deep-Surface	28	0.033730549404025756
endpoint_specific	normalized_shannon	campaign_matched	Deep-Surface	29	0.06744573074146547
endpoint_specific	normalized_shannon	campaign_matched	Deep-Surface	30	0.05452667530945173
endpoint_specific	normalized_shannon	campaign_matched	Deep-Surface	31	-0.03800959527032188
endpoint_specific	normalized_shannon	campaign_matched	Deep-Surface	32	0.014843182551891487
endpoint_specific	normalized_shannon	campaign_matched	Deep-Surface	33	-0.009111132546692899
endpoint_specific	normalized_shannon	campaign_matched	Deep-Surface	34	-0.06705887150448253
endpoint_specific	normalized_shannon	campaign_matched	Deep-Surface	35	0.025566793187388748
endpoint_specific	normalized_shannon	campaign_matched	Deep-Surface	36	0.02777345189346066
endpoint_specific	normalized_shannon	campaign_matched	Deep-Surface	37	-0.019183502524079854
endpoint_specific	normalized_shannon	campaign_matched	Deep-Surface	38	0.009782452509674319
endpoint_specific	normalized_shannon	campaign_matched	Deep-Surface	39	-0.000834466093052405
endpoint_specific	normalized_shannon	campaign_matched	Deep-Surface	40	0.0035640564855939174
endpoint_specific	normalized_shannon	campaign_matched	Deep-Surface	41	-0.043384447917018676
endpoint_specific	normalized_shannon	campaign_matched	Deep-Surface	42	0.03744962574286518
endpoint_specific	normalized_shannon	campaign_matched	Deep-Surface	43	-0.008264093044419182
endpoint_specific	normalized_shannon	campaign_matched	Deep-Surface	44	0.0329881187932316
endpoint_specific	normalized_shannon	campaign_matched	Deep-Surface	45	0.009113083086078416
endpoint_specific	normalized_shannon	campaign_matched	Deep-Surface	46	-0.013263347548417478
endpoint_specific	normalized_shannon	campaign_matched	Deep-Surface	47	-0.054718327145888056
endpoint_specific	normalized_shannon	campaign_matched	Deep-Surface	48	0.00034075186080358605
endpoint_specific	normalized_shannon	campaign_matched	Deep-Surface	49	-0.049971648692065794
endpoint_specific	normalized_shannon	campaign_matched	Deep-Surface	50	0.005478409929871549
endpoint_specific	normalized_shannon	campaign_matched	Deep-Surface	51	0.01268941645497342
endpoint_specific	normalized_shannon	campaign_matched	Deep-Surface	52	0.19512880013261413
endpoint_specific	normalized_shannon	campaign_matched	Deep-Surface	53	0.16242856069613115
endpoint_specific	normalized_shannon	campaign_matched	Deep-Surface	54	0.030411752947462012
endpoint_specific	normalized_shannon	campaign_matched	Deep-Surface	55	-0.036760508007265234
endpoint_specific	normalized_shannon	campaign_matched	Deep-Surface	56	0.0012174384566905616
endpoint_specific	normalized_shannon	campaign_matched	Deep-Surface	57	0.008842653801279613
endpoint_specific	normalized_shannon	campaign_matched	Deep-Surface	58	0.03529940547372579
endpoint_specific	normalized_shannon	campaign_matched	Deep-Surface	59	0.0513201676299444
endpoint_specific	normalized_shannon	campaign_matched	Deep-Surface	60	0.02827038091381201
endpoint_specific	normalized_shannon	campaign_matched	Rhizosphere-Surface	1	-0.04850918955130257
endpoint_specific	normalized_shannon	campaign_matched	Rhizosphere-Surface	2	-0.05626299763170687
endpoint_specific	normalized_shannon	campaign_matched	Rhizosphere-Surface	3	-0.16685842786701247
endpoint_specific	normalized_shannon	campaign_matched	Rhizosphere-Surface	4	-0.04362940058701503
endpoint_specific	normalized_shannon	campaign_matched	Rhizosphere-Surface	5	0.0006535357478714976
endpoint_specific	normalized_shannon	campaign_matched	Rhizosphere-Surface	6	-0.03004652941334232
endpoint_specific	normalized_shannon	campaign_matched	Rhizosphere-Surface	7	-0.04117938289793549
endpoint_specific	normalized_shannon	campaign_matched	Rhizosphere-Surface	8	0.00561280977722628
endpoint_specific	normalized_shannon	campaign_matched	Rhizosphere-Surface	9	-0.0706993497085154
endpoint_specific	normalized_shannon	campaign_matched	Rhizosphere-Surface	10	-0.10021894597181276
endpoint_specific	normalized_shannon	campaign_matched	Rhizosphere-Surface	11	0.006122730144411004
endpoint_specific	normalized_shannon	campaign_matched	Rhizosphere-Surface	12	0.0022068747060084715
endpoint_specific	normalized_shannon	campaign_matched	Rhizosphere-Surface	13	-0.024814126436578137
endpoint_specific	normalized_shannon	campaign_matched	Rhizosphere-Surface	14	-0.09424552194187563
endpoint_specific	normalized_shannon	campaign_matched	Rhizosphere-Surface	15	-0.036030606868975856
endpoint_specific	normalized_shannon	campaign_matched	Rhizosphere-Surface	16	0.00924407868077845
endpoint_specific	normalized_shannon	campaign_matched	Rhizosphere-Surface	17	-0.02072464179142804
endpoint_specific	normalized_shannon	campaign_matched	Rhizosphere-Surface	18	-0.30097093951792075
endpoint_specific	normalized_shannon	campaign_matched	Rhizosphere-Surface	19	-0.050796425844200375
endpoint_specific	normalized_shannon	campaign_matched	Rhizosphere-Surface	20	0.0094500300700191
endpoint_specific	normalized_shannon	campaign_matched	Rhizosphere-Surface	21	-0.010267654907084109
endpoint_specific	normalized_shannon	campaign_matched	Rhizosphere-Surface	22	-0.05116084297624198
endpoint_specific	normalized_shannon	campaign_matched	Rhizosphere-Surface	23	-0.0029878934732234796
endpoint_specific	normalized_shannon	campaign_matched	Rhizosphere-Surface	24	0.014633878693850466
endpoint_specific	normalized_shannon	campaign_matched	Rhizosphere-Surface	25	-0.05525814489820685
endpoint_specific	normalized_shannon	campaign_matched	Rhizosphere-Surface	26	-0.03510156763735278
endpoint_specific	normalized_shannon	campaign_matched	Rhizosphere-Surface	27	-0.07900225231162405
endpoint_specific	normalized_shannon	campaign_matched	Rhizosphere-Surface	28	-0.015129027447811158
endpoint_specific	normalized_shannon	campaign_matched	Rhizosphere-Surface	29	0.009899665390781983
endpoint_specific	normalized_shannon	campaign_matched	Rhizosphere-Surface	30	-0.018177154669983042
endpoint_specific	normalized_shannon	campaign_matched	Rhizosphere-Surface	31	-0.08222778856116202
endpoint_specific	normalized_shannon	campaign_matched	Rhizosphere-Surface	32	-0.08304342057887987
endpoint_specific	normalized_shannon	campaign_matched	Rhizosphere-Surface	33	-0.04139630689332866
endpoint_specific	normalized_shannon	campaign_matched	Rhizosphere-Surface	34	-0.025002977878530896
endpoint_specific	normalized_shannon	campaign_matched	Rhizosphere-Surface	35	0.025446623858821387
endpoint_specific	normalized_shannon	campaign_matched	Rhizosphere-Surface	36	-0.02866754505754754
endpoint_specific	normalized_shannon	campaign_matched	Rhizosphere-Surface	37	-0.09591811485494395
endpoint_specific	normalized_shannon	campaign_matched	Rhizosphere-Surface	38	-0.026391167425866058
endpoint_specific	normalized_shannon	campaign_matched	Rhizosphere-Surface	39	-0.06646345677440438
endpoint_specific	normalized_shannon	campaign_matched	Rhizosphere-Surface	40	0.0033283261124578134
endpoint_specific	normalized_shannon	campaign_matched	Rhizosphere-Surface	41	-0.1665598761918632
endpoint_specific	normalized_shannon	campaign_matched	Rhizosphere-Surface	42	-0.016169821789903033
endpoint_specific	normalized_shannon	campaign_matched	Rhizosphere-Surface	43	-0.08877509077694905
endpoint_specific	normalized_shannon	campaign_matched	Rhizosphere-Surface	44	-0.09453317863448624
endpoint_specific	normalized_shannon	campaign_matched	Rhizosphere-Surface	45	-0.005426548973127082
endpoint_specific	normalized_shannon	campaign_matched	Rhizosphere-Surface	46	-0.019112740669393724
endpoint_specific	normalized_shannon	campaign_matched	Rhizosphere-Surface	47	0.027370435629226808
endpoint_specific	normalized_shannon	campaign_matched	Rhizosphere-Surface	48	0.033639013959285424
endpoint_specific	normalized_shannon	campaign_matched	Rhizosphere-Surface	49	-0.009521465285566041
endpoint_specific	normalized_shannon	campaign_matched	Rhizosphere-Surface	50	-0.11158047565850537
endpoint_specific	normalized_shannon	campaign_matched	Rhizosphere-Surface	51	-0.07582189085257425
endpoint_specific	normalized_shannon	campaign_matched	Rhizosphere-Surface	52	0.09578722112658034
endpoint_specific	normalized_shannon	campaign_matched	Rhizosphere-Surface	53	0.24124453581522998
endpoint_specific	normalized_shannon	campaign_matched	Rhizosphere-Surface	54	0.005693761238003359
endpoint_specific	normalized_shannon	campaign_matched	Rhizosphere-Surface	55	-0.00854596964245006
endpoint_specific	normalized_shannon	campaign_matched	Rhizosphere-Surface	56	-0.014817771575904914
endpoint_specific	normalized_shannon	campaign_matched	Rhizosphere-Surface	57	-0.0020324147770666525
endpoint_specific	normalized_shannon	campaign_matched	Rhizosphere-Surface	58	-0.07307261323038178
endpoint_specific	normalized_shannon	campaign_matched	Rhizosphere-Surface	59	-0.033797432983191655
endpoint_specific	normalized_shannon	campaign_matched	Rhizosphere-Surface	60	-0.02383105368562377
endpoint_specific	normalized_shannon	campaign_matched	Rhizosphere-Deep	1	-0.06392014555366016
endpoint_specific	normalized_shannon	campaign_matched	Rhizosphere-Deep	2	-0.07023947825464975
endpoint_specific	normalized_shannon	campaign_matched	Rhizosphere-Deep	3	-0.1708917757824269
endpoint_specific	normalized_shannon	campaign_matched	Rhizosphere-Deep	4	-0.03813756061842255
endpoint_specific	normalized_shannon	campaign_matched	Rhizosphere-Deep	5	-0.03687219637405322
endpoint_specific	normalized_shannon	campaign_matched	Rhizosphere-Deep	6	-0.06975266111313291
endpoint_specific	normalized_shannon	campaign_matched	Rhizosphere-Deep	7	-0.04143858993535343
endpoint_specific	normalized_shannon	campaign_matched	Rhizosphere-Deep	8	0.0009898835735336526
endpoint_specific	normalized_shannon	campaign_matched	Rhizosphere-Deep	9	-0.07791827433024108
endpoint_specific	normalized_shannon	campaign_matched	Rhizosphere-Deep	10	-0.0779344036444409
endpoint_specific	normalized_shannon	campaign_matched	Rhizosphere-Deep	11	-0.048983600770746205
endpoint_specific	normalized_shannon	campaign_matched	Rhizosphere-Deep	12	-0.05916181798481768
endpoint_specific	normalized_shannon	campaign_matched	Rhizosphere-Deep	13	-0.01675815562429811
endpoint_specific	normalized_shannon	campaign_matched	Rhizosphere-Deep	14	-0.0645919032549308
endpoint_specific	normalized_shannon	campaign_matched	Rhizosphere-Deep	15	-0.04671554592545249
endpoint_specific	normalized_shannon	campaign_matched	Rhizosphere-Deep	16	-0.031670548248294766
endpoint_specific	normalized_shannon	campaign_matched	Rhizosphere-Deep	17	-0.005026458290032204
endpoint_specific	normalized_shannon	campaign_matched	Rhizosphere-Deep	18	-0.3212997458887471
endpoint_specific	normalized_shannon	campaign_matched	Rhizosphere-Deep	19	-0.06878642371126253
endpoint_specific	normalized_shannon	campaign_matched	Rhizosphere-Deep	20	-0.03883700214365774
endpoint_specific	normalized_shannon	campaign_matched	Rhizosphere-Deep	21	-0.06717325301904804
endpoint_specific	normalized_shannon	campaign_matched	Rhizosphere-Deep	22	-0.007416384759568147
endpoint_specific	normalized_shannon	campaign_matched	Rhizosphere-Deep	23	-0.0122958003152914
endpoint_specific	normalized_shannon	campaign_matched	Rhizosphere-Deep	24	0.07495575774661108
endpoint_specific	normalized_shannon	campaign_matched	Rhizosphere-Deep	25	-0.10143321573936917
endpoint_specific	normalized_shannon	campaign_matched	Rhizosphere-Deep	26	-0.045598268404819314
endpoint_specific	normalized_shannon	campaign_matched	Rhizosphere-Deep	27	-0.12765822862556958
endpoint_specific	normalized_shannon	campaign_matched	Rhizosphere-Deep	28	-0.09437450050293644
endpoint_specific	normalized_shannon	campaign_matched	Rhizosphere-Deep	29	-0.05754606535068348
endpoint_specific	normalized_shannon	campaign_matched	Rhizosphere-Deep	30	-0.042619788762824386
endpoint_specific	normalized_shannon	campaign_matched	Rhizosphere-Deep	31	-0.044218193290840126
endpoint_specific	normalized_shannon	campaign_matched	Rhizosphere-Deep	32	-0.09788660313077135
endpoint_specific	normalized_shannon	campaign_matched	Rhizosphere-Deep	33	-0.03228517434663577
endpoint_specific	normalized_shannon	campaign_matched	Rhizosphere-Deep	34	-0.008969081500456314
endpoint_specific	normalized_shannon	campaign_matched	Rhizosphere-Deep	35	-0.013368606209601785
endpoint_specific	normalized_shannon	campaign_matched	Rhizosphere-Deep	36	-0.08816437309057201
endpoint_specific	normalized_shannon	campaign_matched	Rhizosphere-Deep	37	-0.0921447687619523
endpoint_specific	normalized_shannon	campaign_matched	Rhizosphere-Deep	38	-0.049411486724727983
endpoint_specific	normalized_shannon	campaign_matched	Rhizosphere-Deep	39	-0.06562899068135197
endpoint_specific	normalized_shannon	campaign_matched	Rhizosphere-Deep	40	-0.02846026663738817
endpoint_specific	normalized_shannon	campaign_matched	Rhizosphere-Deep	41	0.029867137354913365
endpoint_specific	normalized_shannon	campaign_matched	Rhizosphere-Deep	42	-0.040904689052490374
endpoint_specific	normalized_shannon	campaign_matched	Rhizosphere-Deep	43	-0.06423355832002797
endpoint_specific	normalized_shannon	campaign_matched	Rhizosphere-Deep	44	-0.03974077311601776
endpoint_specific	normalized_shannon	campaign_matched	Rhizosphere-Deep	45	-0.014539632059205498
endpoint_specific	normalized_shannon	campaign_matched	Rhizosphere-Deep	46	0.012293894706834507
endpoint_specific	normalized_shannon	campaign_matched	Rhizosphere-Deep	47	0.11621423298013045
endpoint_specific	normalized_shannon	campaign_matched	Rhizosphere-Deep	48	0.02346912690648632
endpoint_specific	normalized_shannon	campaign_matched	Rhizosphere-Deep	49	0.04045018340649975
endpoint_specific	normalized_shannon	campaign_matched	Rhizosphere-Deep	50	-0.11705888558837692
endpoint_specific	normalized_shannon	campaign_matched	Rhizosphere-Deep	51	-0.08851130730754768
endpoint_specific	normalized_shannon	campaign_matched	Rhizosphere-Deep	52	-0.0993415790060338
endpoint_specific	normalized_shannon	campaign_matched	Rhizosphere-Deep	53	0.018523215853152475
endpoint_specific	normalized_shannon	campaign_matched	Rhizosphere-Deep	54	-0.019277990677090073
endpoint_specific	normalized_shannon	campaign_matched	Rhizosphere-Deep	55	0.028214538364815172
endpoint_specific	normalized_shannon	campaign_matched	Rhizosphere-Deep	56	0.0670163994095318
endpoint_specific	normalized_shannon	campaign_matched	Rhizosphere-Deep	57	-0.010875068578346267
endpoint_specific	normalized_shannon	campaign_matched	Rhizosphere-Deep	58	-0.1359723459873613
endpoint_specific	normalized_shannon	campaign_matched	Rhizosphere-Deep	59	-0.043144163235371624
endpoint_specific	normalized_shannon	campaign_matched	Rhizosphere-Deep	60	0.13633879181824715
common_profiles	shannon	marginal	Deep-Surface	1	-0.16992999690305144
common_profiles	shannon	marginal	Deep-Surface	2	0.0017513075898980546
common_profiles	shannon	marginal	Deep-Surface	3	0.4785456150322247
common_profiles	shannon	marginal	Deep-Surface	4	0.21783732903576336
common_profiles	shannon	marginal	Deep-Surface	5	-0.04956047257523277
common_profiles	shannon	marginal	Deep-Surface	6	0.747958585941265
common_profiles	shannon	marginal	Deep-Surface	7	0.7625842743094537
common_profiles	shannon	marginal	Deep-Surface	8	0.18073048911621203
common_profiles	shannon	marginal	Deep-Surface	9	0.008858529988503783
common_profiles	shannon	marginal	Deep-Surface	10	-0.1409893832421094
common_profiles	shannon	marginal	Deep-Surface	11	0.9434003116661636
common_profiles	shannon	marginal	Deep-Surface	12	0.7745396641744815
common_profiles	shannon	marginal	Deep-Surface	13	0.28488621755921173
common_profiles	shannon	marginal	Deep-Surface	14	-0.2406321265769389
common_profiles	shannon	marginal	Deep-Surface	15	0.29886269608447513
common_profiles	shannon	marginal	Deep-Surface	16	0.5161010746634256
common_profiles	shannon	marginal	Deep-Surface	17	0.04543750752667286
common_profiles	shannon	marginal	Deep-Surface	18	0.09306391243458911
common_profiles	shannon	marginal	Deep-Surface	19	0.30667600376543547
common_profiles	shannon	marginal	Deep-Surface	20	0.2605449004760372
common_profiles	shannon	marginal	Deep-Surface	21	0.3341805840403911
common_profiles	shannon	marginal	Deep-Surface	22	-0.07302545837699626
common_profiles	shannon	marginal	Deep-Surface	23	-0.005671907388718367
common_profiles	shannon	marginal	Deep-Surface	24	0.2843612691758546
common_profiles	shannon	marginal	Deep-Surface	25	0.4634667178585756
common_profiles	shannon	marginal	Deep-Surface	26	0.1154845400455411
common_profiles	shannon	marginal	Deep-Surface	27	0.7311450760905274
common_profiles	shannon	marginal	Deep-Surface	28	0.27811264531750446
common_profiles	shannon	marginal	Deep-Surface	29	0.7379293484210416
common_profiles	shannon	marginal	Deep-Surface	30	-0.08391988240652193
common_profiles	shannon	marginal	Deep-Surface	31	-0.08620405582449298
common_profiles	shannon	marginal	Deep-Surface	32	0.006156573668480547
common_profiles	shannon	marginal	Deep-Surface	33	0.06473655771480491
common_profiles	shannon	marginal	Deep-Surface	34	0.1849026578417492
common_profiles	shannon	marginal	Deep-Surface	35	0.30251366661542
common_profiles	shannon	marginal	Deep-Surface	36	0.15244054196847667
common_profiles	shannon	marginal	Deep-Surface	37	-0.08179081943534516
common_profiles	shannon	marginal	Deep-Surface	38	0.10898083827844918
common_profiles	shannon	marginal	Deep-Surface	39	0.09317566942400379
common_profiles	shannon	marginal	Deep-Surface	40	-0.06380093684086674
common_profiles	shannon	marginal	Deep-Surface	41	-0.9201006176788988
common_profiles	shannon	marginal	Deep-Surface	42	-0.679756541083635
common_profiles	shannon	marginal	Deep-Surface	43	0.6062495547681923
common_profiles	shannon	marginal	Deep-Surface	44	0.2656065875914777
common_profiles	shannon	marginal	Deep-Surface	45	-0.02096171243378997
common_profiles	shannon	marginal	Deep-Surface	46	1.4584459320844747
common_profiles	shannon	marginal	Deep-Surface	47	-0.009407960148849703
common_profiles	shannon	marginal	Deep-Surface	48	-1.2603260483959104
common_profiles	shannon	marginal	Deep-Surface	49	-0.5916996236973819
common_profiles	shannon	marginal	Deep-Surface	50	-0.1466623554481714
common_profiles	shannon	marginal	Deep-Surface	51	0.4049151983156758
common_profiles	shannon	marginal	Deep-Surface	52	0.9547591366062873
common_profiles	shannon	marginal	Deep-Surface	53	2.0458750484562214
common_profiles	shannon	marginal	Deep-Surface	54	-0.06861495536368878
common_profiles	shannon	marginal	Deep-Surface	55	-0.5252525105291563
common_profiles	shannon	marginal	Deep-Surface	56	-0.6879273438941347
common_profiles	shannon	marginal	Deep-Surface	57	-0.15473242490315986
common_profiles	shannon	marginal	Deep-Surface	58	-3.037973131623054
common_profiles	shannon	marginal	Deep-Surface	59	-0.3816441849633154
common_profiles	shannon	marginal	Deep-Surface	60	0.17607882283348442
common_profiles	shannon	marginal	Rhizosphere-Surface	1	-0.7551165129996571
common_profiles	shannon	marginal	Rhizosphere-Surface	2	-0.6684023946023654
common_profiles	shannon	marginal	Rhizosphere-Surface	3	-0.719196870124235
common_profiles	shannon	marginal	Rhizosphere-Surface	4	-0.36940231611577623
common_profiles	shannon	marginal	Rhizosphere-Surface	5	0.007143933955648052
common_profiles	shannon	marginal	Rhizosphere-Surface	6	0.11363038724350272
common_profiles	shannon	marginal	Rhizosphere-Surface	7	0.37101250779570893
common_profiles	shannon	marginal	Rhizosphere-Surface	8	0.36986833504116934
common_profiles	shannon	marginal	Rhizosphere-Surface	9	-0.6894166137658777
common_profiles	shannon	marginal	Rhizosphere-Surface	10	-1.0714347223513219
common_profiles	shannon	marginal	Rhizosphere-Surface	11	0.6583740514769252
common_profiles	shannon	marginal	Rhizosphere-Surface	12	0.005305430592671634
common_profiles	shannon	marginal	Rhizosphere-Surface	13	0.279968077309138
common_profiles	shannon	marginal	Rhizosphere-Surface	14	-1.5864904030815978
common_profiles	shannon	marginal	Rhizosphere-Surface	15	-0.45621210541599044
common_profiles	shannon	marginal	Rhizosphere-Surface	16	0.14723118753356612
common_profiles	shannon	marginal	Rhizosphere-Surface	17	-0.4248636242235255
common_profiles	shannon	marginal	Rhizosphere-Surface	18	-1.5505545577709539
common_profiles	shannon	marginal	Rhizosphere-Surface	19	-0.21487074164792563
common_profiles	shannon	marginal	Rhizosphere-Surface	20	0.13094826997362308
common_profiles	shannon	marginal	Rhizosphere-Surface	21	-0.24385777319885715
common_profiles	shannon	marginal	Rhizosphere-Surface	22	0.05076617559492291
common_profiles	shannon	marginal	Rhizosphere-Surface	23	-0.24291005707233726
common_profiles	shannon	marginal	Rhizosphere-Surface	24	0.816800766188825
common_profiles	shannon	marginal	Rhizosphere-Surface	25	-0.7036111879443494
common_profiles	shannon	marginal	Rhizosphere-Surface	26	-0.6951032212350672
common_profiles	shannon	marginal	Rhizosphere-Surface	27	-0.6750575927467031
common_profiles	shannon	marginal	Rhizosphere-Surface	28	-0.5628578716357282
common_profiles	shannon	marginal	Rhizosphere-Surface	29	0.28703932016746325
common_profiles	shannon	marginal	Rhizosphere-Surface	30	-0.39721133811274356
common_profiles	shannon	marginal	Rhizosphere-Surface	31	-1.0454461846034633
common_profiles	shannon	marginal	Rhizosphere-Surface	32	-0.41111025105886334
common_profiles	shannon	marginal	Rhizosphere-Surface	33	-0.21676140013356804
common_profiles	shannon	marginal	Rhizosphere-Surface	34	-0.2575121767677073
common_profiles	shannon	marginal	Rhizosphere-Surface	35	-0.5050322702529222
common_profiles	shannon	marginal	Rhizosphere-Surface	36	-0.6147958194493448
common_profiles	shannon	marginal	Rhizosphere-Surface	37	-0.7850080188446924
common_profiles	shannon	marginal	Rhizosphere-Surface	38	-0.5404596807494535
common_profiles	shannon	marginal	Rhizosphere-Surface	39	-0.5973576531755347
common_profiles	shannon	marginal	Rhizosphere-Surface	40	-0.162017182536335
common_profiles	shannon	marginal	Rhizosphere-Surface	41	-0.4779568707762687
common_profiles	shannon	marginal	Rhizosphere-Surface	42	-0.3026606383100843
common_profiles	shannon	marginal	Rhizosphere-Surface	43	-0.15409943586236796
common_profiles	shannon	marginal	Rhizosphere-Surface	44	-0.23551706123814053
common_profiles	shannon	marginal	Rhizosphere-Surface	45	-0.10883827215311825
common_profiles	shannon	marginal	Rhizosphere-Surface	46	1.4824768019613286
common_profiles	shannon	marginal	Rhizosphere-Surface	47	0.4885261080819552
common_profiles	shannon	marginal	Rhizosphere-Surface	48	-0.1946511436680609
common_profiles	shannon	marginal	Rhizosphere-Surface	49	-0.42342217918939973
common_profiles	shannon	marginal	Rhizosphere-Surface	50	-0.629996138377817
common_profiles	shannon	marginal	Rhizosphere-Surface	51	-0.25384276990769017
common_profiles	shannon	marginal	Rhizosphere-Surface	52	2.790760917040883
common_profiles	shannon	marginal	Rhizosphere-Surface	53	1.8185148601961267
common_profiles	shannon	marginal	Rhizosphere-Surface	54	0.4629468610217842
common_profiles	shannon	marginal	Rhizosphere-Surface	55	-0.10979351276763527
common_profiles	shannon	marginal	Rhizosphere-Surface	56	-0.7957834942821607
common_profiles	shannon	marginal	Rhizosphere-Surface	57	1.1119422360031952
common_profiles	shannon	marginal	Rhizosphere-Surface	58	0.44203975882883384
common_profiles	shannon	marginal	Rhizosphere-Surface	59	-0.32897438243467514
common_profiles	shannon	marginal	Rhizosphere-Surface	60	1.0793129941283572
common_profiles	shannon	marginal	Rhizosphere-Deep	1	-0.5851865160966057
common_profiles	shannon	marginal	Rhizosphere-Deep	2	-0.6701537021922634
common_profiles	shannon	marginal	Rhizosphere-Deep	3	-1.1977424851564598
common_profiles	shannon	marginal	Rhizosphere-Deep	4	-0.5872396451515396
common_profiles	shannon	marginal	Rhizosphere-Deep	5	0.056704406530880824
common_profiles	shannon	marginal	Rhizosphere-Deep	6	-0.6343281986977622
common_profiles	shannon	marginal	Rhizosphere-Deep	7	-0.3915717665137448
common_profiles	shannon	marginal	Rhizosphere-Deep	8	0.1891378459249573
common_profiles	shannon	marginal	Rhizosphere-Deep	9	-0.6982751437543815
common_profiles	shannon	marginal	Rhizosphere-Deep	10	-0.9304453391092125
common_profiles	shannon	marginal	Rhizosphere-Deep	11	-0.2850262601892384
common_profiles	shannon	marginal	Rhizosphere-Deep	12	-0.7692342335818099
common_profiles	shannon	marginal	Rhizosphere-Deep	13	-0.004918140250073755
common_profiles	shannon	marginal	Rhizosphere-Deep	14	-1.345858276504659
common_profiles	shannon	marginal	Rhizosphere-Deep	15	-0.7550748015004656
common_profiles	shannon	marginal	Rhizosphere-Deep	16	-0.36886988712985946
common_profiles	shannon	marginal	Rhizosphere-Deep	17	-0.4703011317501984
common_profiles	shannon	marginal	Rhizosphere-Deep	18	-1.643618470205543
common_profiles	shannon	marginal	Rhizosphere-Deep	19	-0.5215467454133611
common_profiles	shannon	marginal	Rhizosphere-Deep	20	-0.1295966305024141
common_profiles	shannon	marginal	Rhizosphere-Deep	21	-0.5780383572392482
common_profiles	shannon	marginal	Rhizosphere-Deep	22	0.12379163397191917
common_profiles	shannon	marginal	Rhizosphere-Deep	23	-0.2372381496836189
common_profiles	shannon	marginal	Rhizosphere-Deep	24	0.5324394970129704
common_profiles	shannon	marginal	Rhizosphere-Deep	25	-1.167077905802925
common_profiles	shannon	marginal	Rhizosphere-Deep	26	-0.8105877612806083
common_profiles	shannon	marginal	Rhizosphere-Deep	27	-1.4062026688372304
common_profiles	shannon	marginal	Rhizosphere-Deep	28	-0.8409705169532327
common_profiles	shannon	marginal	Rhizosphere-Deep	29	-0.4508900282535784
common_profiles	shannon	marginal	Rhizosphere-Deep	30	-0.31329145570622163
common_profiles	shannon	marginal	Rhizosphere-Deep	31	-0.9592421287789703
common_profiles	shannon	marginal	Rhizosphere-Deep	32	-0.4172668247273439
common_profiles	shannon	marginal	Rhizosphere-Deep	33	-0.28149795784837295
common_profiles	shannon	marginal	Rhizosphere-Deep	34	-0.4424148346094565
common_profiles	shannon	marginal	Rhizosphere-Deep	35	-0.8075459368683422
common_profiles	shannon	marginal	Rhizosphere-Deep	36	-0.7672363614178215
common_profiles	shannon	marginal	Rhizosphere-Deep	37	-0.7032171994093472
common_profiles	shannon	marginal	Rhizosphere-Deep	38	-0.6494405190279027
common_profiles	shannon	marginal	Rhizosphere-Deep	39	-0.6905333225995385
common_profiles	shannon	marginal	Rhizosphere-Deep	40	-0.09821624569546827
common_profiles	shannon	marginal	Rhizosphere-Deep	41	0.44214374690263014
common_profiles	shannon	marginal	Rhizosphere-Deep	42	0.37709590277355076
common_profiles	shannon	marginal	Rhizosphere-Deep	43	-0.7603489906305603
common_profiles	shannon	marginal	Rhizosphere-Deep	44	-0.5011236488296182
common_profiles	shannon	marginal	Rhizosphere-Deep	45	-0.08787655971932828
common_profiles	shannon	marginal	Rhizosphere-Deep	46	0.024030869876853878
common_profiles	shannon	marginal	Rhizosphere-Deep	47	0.4979340682308049
common_profiles	shannon	marginal	Rhizosphere-Deep	48	1.0656749047278495
common_profiles	shannon	marginal	Rhizosphere-Deep	49	0.1682774445079822
common_profiles	shannon	marginal	Rhizosphere-Deep	50	-0.4833337829296456
common_profiles	shannon	marginal	Rhizosphere-Deep	51	-0.658757968223366
common_profiles	shannon	marginal	Rhizosphere-Deep	52	1.8360017804345956
common_profiles	shannon	marginal	Rhizosphere-Deep	53	-0.22736018826009463
common_profiles	shannon	marginal	Rhizosphere-Deep	54	0.531561816385473
common_profiles	shannon	marginal	Rhizosphere-Deep	55	0.41545899776152106
common_profiles	shannon	marginal	Rhizosphere-Deep	56	-0.10785615038802598
common_profiles	shannon	marginal	Rhizosphere-Deep	57	1.266674660906355
common_profiles	shannon	marginal	Rhizosphere-Deep	58	3.4800128904518877
common_profiles	shannon	marginal	Rhizosphere-Deep	59	0.052669802528640286
common_profiles	shannon	marginal	Rhizosphere-Deep	60	0.9032341712948728
common_profiles	shannon	campaign_matched	Deep-Surface	1	0.22118470293898795
common_profiles	shannon	campaign_matched	Deep-Surface	2	0.0017513075898980546
common_profiles	shannon	campaign_matched	Deep-Surface	3	0.478545615032225
common_profiles	shannon	campaign_matched	Deep-Surface	4	0.20221407859063056
common_profiles	shannon	campaign_matched	Deep-Surface	5	-0.03293302061699399
common_profiles	shannon	campaign_matched	Deep-Surface	6	0.7479585859412656
common_profiles	shannon	campaign_matched	Deep-Surface	7	0.8971319934816254
common_profiles	shannon	campaign_matched	Deep-Surface	8	-0.20202427262245948
common_profiles	shannon	campaign_matched	Deep-Surface	9	0.00885852998850408
common_profiles	shannon	campaign_matched	Deep-Surface	10	-0.19669714880632375
common_profiles	shannon	campaign_matched	Deep-Surface	11	0.9434003116661631
common_profiles	shannon	campaign_matched	Deep-Surface	12	0.7745396641744811
common_profiles	shannon	campaign_matched	Deep-Surface	13	0.4368424216111662
common_profiles	shannon	campaign_matched	Deep-Surface	14	-0.2406321265769391
common_profiles	shannon	campaign_matched	Deep-Surface	15	0.2988626960844749
common_profiles	shannon	campaign_matched	Deep-Surface	16	0.5161010746634254
common_profiles	shannon	campaign_matched	Deep-Surface	17	-0.12244720727615584
common_profiles	shannon	campaign_matched	Deep-Surface	18	0.0930639124345894
common_profiles	shannon	campaign_matched	Deep-Surface	19	0.30667600376543547
common_profiles	shannon	campaign_matched	Deep-Surface	20	0.35464364712237045
common_profiles	shannon	campaign_matched	Deep-Surface	21	0.3341805840403913
common_profiles	shannon	campaign_matched	Deep-Surface	22	-0.07302545837699743
common_profiles	shannon	campaign_matched	Deep-Surface	23	-0.35324511816903187
common_profiles	shannon	campaign_matched	Deep-Surface	24	0.2951804521437286
common_profiles	shannon	campaign_matched	Deep-Surface	25	0.4634667178585752
common_profiles	shannon	campaign_matched	Deep-Surface	26	0.1154845400455411
common_profiles	shannon	campaign_matched	Deep-Surface	27	0.5643888740878827
common_profiles	shannon	campaign_matched	Deep-Surface	28	0.13057420728735783
common_profiles	shannon	campaign_matched	Deep-Surface	29	0.7379293484210413
common_profiles	shannon	campaign_matched	Deep-Surface	30	0.2007729755822547
common_profiles	shannon	campaign_matched	Deep-Surface	31	-0.3052133669751124
common_profiles	shannon	campaign_matched	Deep-Surface	32	0.006156573668480547
common_profiles	shannon	campaign_matched	Deep-Surface	33	0.0647365577148055
common_profiles	shannon	campaign_matched	Deep-Surface	34	-0.6390569275796376
common_profiles	shannon	campaign_matched	Deep-Surface	35	0.24623868449472872
common_profiles	shannon	campaign_matched	Deep-Surface	36	0.15244054196847698
common_profiles	shannon	campaign_matched	Deep-Surface	37	-0.14871441604125243
common_profiles	shannon	campaign_matched	Deep-Surface	38	0.032787776052636275
common_profiles	shannon	campaign_matched	Deep-Surface	39	0.09317566942400313
common_profiles	shannon	campaign_matched	Deep-Surface	40	0.08356427262357051
common_profiles	shannon	campaign_matched	Deep-Surface	41	0.39513047586863603
common_profiles	shannon	campaign_matched	Deep-Surface	42	-0.46714133273005337
common_profiles	shannon	campaign_matched	Deep-Surface	43	0.3780043044220121
common_profiles	shannon	campaign_matched	Deep-Surface	44	0.3592812435842836
common_profiles	shannon	campaign_matched	Deep-Surface	45	-0.02096171243378997
common_profiles	shannon	campaign_matched	Deep-Surface	46	1.4584459320844747
common_profiles	shannon	campaign_matched	Deep-Surface	47	-0.009407960148849703
common_profiles	shannon	campaign_matched	Deep-Surface	48	-1.5185285181893002
common_profiles	shannon	campaign_matched	Deep-Surface	49	-0.565688719469196
common_profiles	shannon	campaign_matched	Deep-Surface	50	-0.146662355448172
common_profiles	shannon	campaign_matched	Deep-Surface	51	0.40491519831567696
common_profiles	shannon	campaign_matched	Deep-Surface	52	0.9871231056870631
common_profiles	shannon	campaign_matched	Deep-Surface	53	1.1776039959217297
common_profiles	shannon	campaign_matched	Deep-Surface	54	1.037210783355114
common_profiles	shannon	campaign_matched	Deep-Surface	55	-0.3777913672896414
common_profiles	shannon	campaign_matched	Deep-Surface	56	-1.2661102278304348
common_profiles	shannon	campaign_matched	Deep-Surface	57	-0.15473242490315955
common_profiles	shannon	campaign_matched	Deep-Surface	58	-1.944162951178232
common_profiles	shannon	campaign_matched	Deep-Surface	59	0.577967736233004
common_profiles	shannon	campaign_matched	Deep-Surface	60	0.8489737549166194
common_profiles	shannon	campaign_matched	Rhizosphere-Surface	1	-0.7092523550534056
common_profiles	shannon	campaign_matched	Rhizosphere-Surface	2	-0.7128012374115595
common_profiles	shannon	campaign_matched	Rhizosphere-Surface	3	-0.967527299283096
common_profiles	shannon	campaign_matched	Rhizosphere-Surface	4	-0.36940231611577606
common_profiles	shannon	campaign_matched	Rhizosphere-Surface	5	-0.033249194302436225
common_profiles	shannon	campaign_matched	Rhizosphere-Surface	6	-0.06603102753658918
common_profiles	shannon	campaign_matched	Rhizosphere-Surface	7	-0.24765159031069972
common_profiles	shannon	campaign_matched	Rhizosphere-Surface	8	0.37637518792593294
common_profiles	shannon	campaign_matched	Rhizosphere-Surface	9	-1.08940540623101
common_profiles	shannon	campaign_matched	Rhizosphere-Surface	10	-1.4356795450880029
common_profiles	shannon	campaign_matched	Rhizosphere-Surface	11	0.658374051476925
common_profiles	shannon	campaign_matched	Rhizosphere-Surface	12	0.005305430592670968
common_profiles	shannon	campaign_matched	Rhizosphere-Surface	13	0.10293864797352725
common_profiles	shannon	campaign_matched	Rhizosphere-Surface	14	-1.5864904030815974
common_profiles	shannon	campaign_matched	Rhizosphere-Surface	15	-0.4562121054159909
common_profiles	shannon	campaign_matched	Rhizosphere-Surface	16	0.14723118753356568
common_profiles	shannon	campaign_matched	Rhizosphere-Surface	17	-0.536421706005339
common_profiles	shannon	campaign_matched	Rhizosphere-Surface	18	-2.1267178676459046
common_profiles	shannon	campaign_matched	Rhizosphere-Surface	19	-0.7438837814225897
common_profiles	shannon	campaign_matched	Rhizosphere-Surface	20	0.13094826997362286
common_profiles	shannon	campaign_matched	Rhizosphere-Surface	21	-0.2506194959598404
common_profiles	shannon	campaign_matched	Rhizosphere-Surface	22	-0.12112233143778332
common_profiles	shannon	campaign_matched	Rhizosphere-Surface	23	-0.7928623287099595
common_profiles	shannon	campaign_matched	Rhizosphere-Surface	24	0.09065257153531636
common_profiles	shannon	campaign_matched	Rhizosphere-Surface	25	-0.7036111879443497
common_profiles	shannon	campaign_matched	Rhizosphere-Surface	26	-0.6951032212350674
common_profiles	shannon	campaign_matched	Rhizosphere-Surface	27	-0.8778138595079362
common_profiles	shannon	campaign_matched	Rhizosphere-Surface	28	-0.3309827706776745
common_profiles	shannon	campaign_matched	Rhizosphere-Surface	29	-0.011033819212859472
common_profiles	shannon	campaign_matched	Rhizosphere-Surface	30	-0.39721133811274356
common_profiles	shannon	campaign_matched	Rhizosphere-Surface	31	-1.045446184603463
common_profiles	shannon	campaign_matched	Rhizosphere-Surface	32	-0.9552112608895578
common_profiles	shannon	campaign_matched	Rhizosphere-Surface	33	-0.2859155137942109
common_profiles	shannon	campaign_matched	Rhizosphere-Surface	34	-0.38896506415335236
common_profiles	shannon	campaign_matched	Rhizosphere-Surface	35	-0.4307127262492889
common_profiles	shannon	campaign_matched	Rhizosphere-Surface	36	-0.626038311488903
common_profiles	shannon	campaign_matched	Rhizosphere-Surface	37	-0.9190878074909138
common_profiles	shannon	campaign_matched	Rhizosphere-Surface	38	-0.5404596807494539
common_profiles	shannon	campaign_matched	Rhizosphere-Surface	39	-0.5973576531755354
common_profiles	shannon	campaign_matched	Rhizosphere-Surface	40	-0.023376877823604758
common_profiles	shannon	campaign_matched	Rhizosphere-Surface	41	-0.9657398844980802
common_profiles	shannon	campaign_matched	Rhizosphere-Surface	42	-0.30266063831008405
common_profiles	shannon	campaign_matched	Rhizosphere-Surface	43	-0.5244119592999524
common_profiles	shannon	campaign_matched	Rhizosphere-Surface	44	-0.8515419583173021
common_profiles	shannon	campaign_matched	Rhizosphere-Surface	45	-0.10883827215311825
common_profiles	shannon	campaign_matched	Rhizosphere-Surface	46	1.4906893752287043
common_profiles	shannon	campaign_matched	Rhizosphere-Surface	47	0.9593386446994352
common_profiles	shannon	campaign_matched	Rhizosphere-Surface	48	-0.05259307275894409
common_profiles	shannon	campaign_matched	Rhizosphere-Surface	49	-0.4234221791894
common_profiles	shannon	campaign_matched	Rhizosphere-Surface	50	-0.8586575776404674
common_profiles	shannon	campaign_matched	Rhizosphere-Surface	51	-0.3539511690071156
common_profiles	shannon	campaign_matched	Rhizosphere-Surface	52	4.0080607195196185
common_profiles	shannon	campaign_matched	Rhizosphere-Surface	53	2.4539088944918857
common_profiles	shannon	campaign_matched	Rhizosphere-Surface	54	0.2430113404292502
common_profiles	shannon	campaign_matched	Rhizosphere-Surface	55	0.03766763047187949
common_profiles	shannon	campaign_matched	Rhizosphere-Surface	56	-0.20268824588149403
common_profiles	shannon	campaign_matched	Rhizosphere-Surface	57	1.1103455140210596
common_profiles	shannon	campaign_matched	Rhizosphere-Surface	58	-0.3644961073432609
common_profiles	shannon	campaign_matched	Rhizosphere-Surface	59	-0.32897438243467536
common_profiles	shannon	campaign_matched	Rhizosphere-Surface	60	1.1017669091090434
common_profiles	shannon	campaign_matched	Rhizosphere-Deep	1	-0.7772781199431356
common_profiles	shannon	campaign_matched	Rhizosphere-Deep	2	-0.9573011581209737
common_profiles	shannon	campaign_matched	Rhizosphere-Deep	3	-1.446072914315321
common_profiles	shannon	campaign_matched	Rhizosphere-Deep	4	-0.5355932603341167
common_profiles	shannon	campaign_matched	Rhizosphere-Deep	5	-0.03414876846789383
common_profiles	shannon	campaign_matched	Rhizosphere-Deep	6	-0.7910358807062232
common_profiles	shannon	campaign_matched	Rhizosphere-Deep	7	-0.415129862931761
common_profiles	shannon	campaign_matched	Rhizosphere-Deep	8	0.2990046294922048
common_profiles	shannon	campaign_matched	Rhizosphere-Deep	9	-1.098263936219514
common_profiles	shannon	campaign_matched	Rhizosphere-Deep	10	-0.930445339109212
common_profiles	shannon	campaign_matched	Rhizosphere-Deep	11	-0.28502626018923816
common_profiles	shannon	campaign_matched	Rhizosphere-Deep	12	-0.7692342335818101
common_profiles	shannon	campaign_matched	Rhizosphere-Deep	13	-0.10845003811647569
common_profiles	shannon	campaign_matched	Rhizosphere-Deep	14	-1.345858276504658
common_profiles	shannon	campaign_matched	Rhizosphere-Deep	15	-0.7550748015004658
common_profiles	shannon	campaign_matched	Rhizosphere-Deep	16	-0.3688698871298597
common_profiles	shannon	campaign_matched	Rhizosphere-Deep	17	-0.47030113175019883
common_profiles	shannon	campaign_matched	Rhizosphere-Deep	18	-2.5695615543267376
common_profiles	shannon	campaign_matched	Rhizosphere-Deep	19	-0.8324817249868772
common_profiles	shannon	campaign_matched	Rhizosphere-Deep	20	-0.21363793164772105
common_profiles	shannon	campaign_matched	Rhizosphere-Deep	21	-0.7109993454865974
common_profiles	shannon	campaign_matched	Rhizosphere-Deep	22	-0.04809687306078588
common_profiles	shannon	campaign_matched	Rhizosphere-Deep	23	-0.2372381496836189
common_profiles	shannon	campaign_matched	Rhizosphere-Deep	24	0.6173575595174045
common_profiles	shannon	campaign_matched	Rhizosphere-Deep	25	-1.167077905802925
common_profiles	shannon	campaign_matched	Rhizosphere-Deep	26	-0.8105877612806085
common_profiles	shannon	campaign_matched	Rhizosphere-Deep	27	-1.4062026688372298
common_profiles	shannon	campaign_matched	Rhizosphere-Deep	28	-0.8409705169532322
common_profiles	shannon	campaign_matched	Rhizosphere-Deep	29	-0.7489631676339008
common_profiles	shannon	campaign_matched	Rhizosphere-Deep	30	-0.31231710600688317
common_profiles	shannon	campaign_matched	Rhizosphere-Deep	31	-0.7402328176283506
common_profiles	shannon	campaign_matched	Rhizosphere-Deep	32	-0.9613678345580383
common_profiles	shannon	campaign_matched	Rhizosphere-Deep	33	-0.3506520715090164
common_profiles	shannon	campaign_matched	Rhizosphere-Deep	34	-0.26542572779531337
common_profiles	shannon	campaign_matched	Rhizosphere-Deep	35	-0.8075459368683424
common_profiles	shannon	campaign_matched	Rhizosphere-Deep	36	-1.0164744155708445
common_profiles	shannon	campaign_matched	Rhizosphere-Deep	37	-0.7032171994093468
common_profiles	shannon	campaign_matched	Rhizosphere-Deep	38	-0.6481736890346305
common_profiles	shannon	campaign_matched	Rhizosphere-Deep	39	-0.6905333225995385
common_profiles	shannon	campaign_matched	Rhizosphere-Deep	40	-0.28454075551535524
common_profiles	shannon	campaign_matched	Rhizosphere-Deep	41	0.25135570163807053
common_profiles	shannon	campaign_matched	Rhizosphere-Deep	42	0.227805026678074
common_profiles	shannon	campaign_matched	Rhizosphere-Deep	43	-0.7603489906305598
common_profiles	shannon	campaign_matched	Rhizosphere-Deep	44	-0.501123648829618
common_profiles	shannon	campaign_matched	Rhizosphere-Deep	45	-0.08787655971932828
common_profiles	shannon	campaign_matched	Rhizosphere-Deep	46	-0.536377147664818
common_profiles	shannon	campaign_matched	Rhizosphere-Deep	47	0.7938436638625037
common_profiles	shannon	campaign_matched	Rhizosphere-Deep	48	1.4959953263617978
common_profiles	shannon	campaign_matched	Rhizosphere-Deep	49	0.14226654027979593
common_profiles	shannon	campaign_matched	Rhizosphere-Deep	50	-0.7119952221922953
common_profiles	shannon	campaign_matched	Rhizosphere-Deep	51	-0.7588663673227926
common_profiles	shannon	campaign_matched	Rhizosphere-Deep	52	3.0209376138325554
common_profiles	shannon	campaign_matched	Rhizosphere-Deep	53	1.2816761898589728
common_profiles	shannon	campaign_matched	Rhizosphere-Deep	54	0.4091252224763915
common_profiles	shannon	campaign_matched	Rhizosphere-Deep	55	0.4154589977615209
common_profiles	shannon	campaign_matched	Rhizosphere-Deep	56	1.3840251380140103
common_profiles	shannon	campaign_matched	Rhizosphere-Deep	57	1.2650779389242193
common_profiles	shannon	campaign_matched	Rhizosphere-Deep	58	1.575696424565182
common_profiles	shannon	campaign_matched	Rhizosphere-Deep	59	-0.2585740637501397
common_profiles	shannon	campaign_matched	Rhizosphere-Deep	60	1.7214155097436832
common_profiles	richness_rare	marginal	Deep-Surface	1	58.3801887206464
common_profiles	richness_rare	marginal	Deep-Surface	2	-107.98104210646534
common_profiles	richness_rare	marginal	Deep-Surface	3	763.5395801123061
common_profiles	richness_rare	marginal	Deep-Surface	4	507.563725070499
common_profiles	richness_rare	marginal	Deep-Surface	5	-670.979069272161
common_profiles	richness_rare	marginal	Deep-Surface	6	978.4671234032435
common_profiles	richness_rare	marginal	Deep-Surface	7	434.4650850740097
common_profiles	richness_rare	marginal	Deep-Surface	8	448.1666914294101
common_profiles	richness_rare	marginal	Deep-Surface	9	-97.886895167489
common_profiles	richness_rare	marginal	Deep-Surface	10	-129.288391949141
common_profiles	richness_rare	marginal	Deep-Surface	11	1010.3319502636966
common_profiles	richness_rare	marginal	Deep-Surface	12	855.2941492524126
common_profiles	richness_rare	marginal	Deep-Surface	13	474.0343511926608
common_profiles	richness_rare	marginal	Deep-Surface	14	-14.992319529271526
common_profiles	richness_rare	marginal	Deep-Surface	15	411.49201144512244
common_profiles	richness_rare	marginal	Deep-Surface	16	460.0478234194916
common_profiles	richness_rare	marginal	Deep-Surface	17	503.38951326307097
common_profiles	richness_rare	marginal	Deep-Surface	18	-71.80276623627856
common_profiles	richness_rare	marginal	Deep-Surface	19	87.72269281300487
common_profiles	richness_rare	marginal	Deep-Surface	20	-282.9111447199207
common_profiles	richness_rare	marginal	Deep-Surface	21	-94.76738250499602
common_profiles	richness_rare	marginal	Deep-Surface	22	50.64374424821381
common_profiles	richness_rare	marginal	Deep-Surface	23	258.30167951117346
common_profiles	richness_rare	marginal	Deep-Surface	24	615.9574940574416
common_profiles	richness_rare	marginal	Deep-Surface	25	237.86246965265423
common_profiles	richness_rare	marginal	Deep-Surface	26	32.8108708004811
common_profiles	richness_rare	marginal	Deep-Surface	27	576.8080602879261
common_profiles	richness_rare	marginal	Deep-Surface	28	66.23037241822794
common_profiles	richness_rare	marginal	Deep-Surface	29	304.0568921222914
common_profiles	richness_rare	marginal	Deep-Surface	30	-741.7052114063331
common_profiles	richness_rare	marginal	Deep-Surface	31	310.4258850963445
common_profiles	richness_rare	marginal	Deep-Surface	32	-211.37705263540784
common_profiles	richness_rare	marginal	Deep-Surface	33	179.3173598784149
common_profiles	richness_rare	marginal	Deep-Surface	34	487.1477931243908
common_profiles	richness_rare	marginal	Deep-Surface	35	416.2656295470131
common_profiles	richness_rare	marginal	Deep-Surface	36	-113.66508012748523
common_profiles	richness_rare	marginal	Deep-Surface	37	-206.45521489451335
common_profiles	richness_rare	marginal	Deep-Surface	38	-2.9319207095131787
common_profiles	richness_rare	marginal	Deep-Surface	39	205.7344547145733
common_profiles	richness_rare	marginal	Deep-Surface	40	-93.77212373574207
common_profiles	richness_rare	marginal	Deep-Surface	41	121.38249159616373
common_profiles	richness_rare	marginal	Deep-Surface	42	-282.6925674611514
common_profiles	richness_rare	marginal	Deep-Surface	43	1004.2194276026149
common_profiles	richness_rare	marginal	Deep-Surface	44	397.71755220009004
common_profiles	richness_rare	marginal	Deep-Surface	45	-195.97270381918065
common_profiles	richness_rare	marginal	Deep-Surface	46	944.3451741555599
common_profiles	richness_rare	marginal	Deep-Surface	47	-305.2554664586181
common_profiles	richness_rare	marginal	Deep-Surface	48	-426.0694214432576
common_profiles	richness_rare	marginal	Deep-Surface	49	-15.081345254439498
common_profiles	richness_rare	marginal	Deep-Surface	50	-266.7551265128511
common_profiles	richness_rare	marginal	Deep-Surface	51	349.3831705153883
common_profiles	richness_rare	marginal	Deep-Surface	52	226.1657399334369
common_profiles	richness_rare	marginal	Deep-Surface	53	391.51999241549873
common_profiles	richness_rare	marginal	Deep-Surface	54	188.68315647046865
common_profiles	richness_rare	marginal	Deep-Surface	55	-40.72858748827571
common_profiles	richness_rare	marginal	Deep-Surface	56	-459.6950326332944
common_profiles	richness_rare	marginal	Deep-Surface	57	-4.353287155685905
common_profiles	richness_rare	marginal	Deep-Surface	58	-491.7491769306351
common_profiles	richness_rare	marginal	Deep-Surface	59	-382.592669545416
common_profiles	richness_rare	marginal	Deep-Surface	60	14.890453019441594
common_profiles	richness_rare	marginal	Rhizosphere-Surface	1	-378.81947069348803
common_profiles	richness_rare	marginal	Rhizosphere-Surface	2	-671.6640145324332
common_profiles	richness_rare	marginal	Rhizosphere-Surface	3	314.9673319919091
common_profiles	richness_rare	marginal	Rhizosphere-Surface	4	-93.37798061661852
common_profiles	richness_rare	marginal	Rhizosphere-Surface	5	23.48601181518825
common_profiles	richness_rare	marginal	Rhizosphere-Surface	6	405.6810462665012
common_profiles	richness_rare	marginal	Rhizosphere-Surface	7	331.0639765545611
common_profiles	richness_rare	marginal	Rhizosphere-Surface	8	707.9271464745843
common_profiles	richness_rare	marginal	Rhizosphere-Surface	9	-521.6468589800811
common_profiles	richness_rare	marginal	Rhizosphere-Surface	10	-656.8725777036209
common_profiles	richness_rare	marginal	Rhizosphere-Surface	11	1134.507857936437
common_profiles	richness_rare	marginal	Rhizosphere-Surface	12	46.61905290992104
common_profiles	richness_rare	marginal	Rhizosphere-Surface	13	748.3635316555219
common_profiles	richness_rare	marginal	Rhizosphere-Surface	14	-1336.076364953807
common_profiles	richness_rare	marginal	Rhizosphere-Surface	15	-483.96714778736714
common_profiles	richness_rare	marginal	Rhizosphere-Surface	16	103.30941610074751
common_profiles	richness_rare	marginal	Rhizosphere-Surface	17	-440.77321200953565
common_profiles	richness_rare	marginal	Rhizosphere-Surface	18	34.29454235199978
common_profiles	richness_rare	marginal	Rhizosphere-Surface	19	-396.1092493019971
common_profiles	richness_rare	marginal	Rhizosphere-Surface	20	145.39170229645242
common_profiles	richness_rare	marginal	Rhizosphere-Surface	21	-220.37267926884624
common_profiles	richness_rare	marginal	Rhizosphere-Surface	22	379.66484174438733
common_profiles	richness_rare	marginal	Rhizosphere-Surface	23	-108.58742995701073
common_profiles	richness_rare	marginal	Rhizosphere-Surface	24	981.3248505648396
common_profiles	richness_rare	marginal	Rhizosphere-Surface	25	-669.1293511852689
common_profiles	richness_rare	marginal	Rhizosphere-Surface	26	-612.487267768166
common_profiles	richness_rare	marginal	Rhizosphere-Surface	27	-551.762489723784
common_profiles	richness_rare	marginal	Rhizosphere-Surface	28	-283.4546440753593
common_profiles	richness_rare	marginal	Rhizosphere-Surface	29	440.110784973951
common_profiles	richness_rare	marginal	Rhizosphere-Surface	30	-610.1072124205352
common_profiles	richness_rare	marginal	Rhizosphere-Surface	31	-618.2988569534756
common_profiles	richness_rare	marginal	Rhizosphere-Surface	32	-4.776019334072771
common_profiles	richness_rare	marginal	Rhizosphere-Surface	33	55.39152138065765
common_profiles	richness_rare	marginal	Rhizosphere-Surface	34	-138.51783392154357
common_profiles	richness_rare	marginal	Rhizosphere-Surface	35	-672.9642487606989
common_profiles	richness_rare	marginal	Rhizosphere-Surface	36	-526.0460690581613
common_profiles	richness_rare	marginal	Rhizosphere-Surface	37	-241.96115143040493
common_profiles	richness_rare	marginal	Rhizosphere-Surface	38	-669.8588736098518
common_profiles	richness_rare	marginal	Rhizosphere-Surface	39	-67.62117218006074
common_profiles	richness_rare	marginal	Rhizosphere-Surface	40	-126.66339522816247
common_profiles	richness_rare	marginal	Rhizosphere-Surface	41	227.6773864229374
common_profiles	richness_rare	marginal	Rhizosphere-Surface	42	-298.518998935019
common_profiles	richness_rare	marginal	Rhizosphere-Surface	43	503.49542756208314
common_profiles	richness_rare	marginal	Rhizosphere-Surface	44	348.7562577488304
common_profiles	richness_rare	marginal	Rhizosphere-Surface	45	-123.23295153195158
common_profiles	richness_rare	marginal	Rhizosphere-Surface	46	1050.861632555851
common_profiles	richness_rare	marginal	Rhizosphere-Surface	47	250.1137825159267
common_profiles	richness_rare	marginal	Rhizosphere-Surface	48	15.908370465685266
common_profiles	richness_rare	marginal	Rhizosphere-Surface	49	-387.96728847288523
common_profiles	richness_rare	marginal	Rhizosphere-Surface	50	37.33079074878174
common_profiles	richness_rare	marginal	Rhizosphere-Surface	51	248.79732216113916
common_profiles	richness_rare	marginal	Rhizosphere-Surface	52	585.7554514336907
common_profiles	richness_rare	marginal	Rhizosphere-Surface	53	614.4556257014189
common_profiles	richness_rare	marginal	Rhizosphere-Surface	54	371.64963198904144
common_profiles	richness_rare	marginal	Rhizosphere-Surface	55	164.82335552660732
common_profiles	richness_rare	marginal	Rhizosphere-Surface	56	-227.26309370136198
common_profiles	richness_rare	marginal	Rhizosphere-Surface	57	646.099063228047
common_profiles	richness_rare	marginal	Rhizosphere-Surface	58	133.4423784104191
common_profiles	richness_rare	marginal	Rhizosphere-Surface	59	-232.07469450975907
common_profiles	richness_rare	marginal	Rhizosphere-Surface	60	690.1809896163641
common_profiles	richness_rare	marginal	Rhizosphere-Deep	1	-437.19965941413443
common_profiles	richness_rare	marginal	Rhizosphere-Deep	2	-563.6829724259678
common_profiles	richness_rare	marginal	Rhizosphere-Deep	3	-448.57224812039703
common_profiles	richness_rare	marginal	Rhizosphere-Deep	4	-600.9417056871175
common_profiles	richness_rare	marginal	Rhizosphere-Deep	5	694.4650810873493
common_profiles	richness_rare	marginal	Rhizosphere-Deep	6	-572.7860771367423
common_profiles	richness_rare	marginal	Rhizosphere-Deep	7	-103.4011085194486
common_profiles	richness_rare	marginal	Rhizosphere-Deep	8	259.76045504517424
common_profiles	richness_rare	marginal	Rhizosphere-Deep	9	-423.7599638125921
common_profiles	richness_rare	marginal	Rhizosphere-Deep	10	-527.5841857544799
common_profiles	richness_rare	marginal	Rhizosphere-Deep	11	124.17590767274032
common_profiles	richness_rare	marginal	Rhizosphere-Deep	12	-808.6750963424915
common_profiles	richness_rare	marginal	Rhizosphere-Deep	13	274.32918046286113
common_profiles	richness_rare	marginal	Rhizosphere-Deep	14	-1321.0840454245354
common_profiles	richness_rare	marginal	Rhizosphere-Deep	15	-895.4591592324896
common_profiles	richness_rare	marginal	Rhizosphere-Deep	16	-356.73840731874407
common_profiles	richness_rare	marginal	Rhizosphere-Deep	17	-944.1627252726066
common_profiles	richness_rare	marginal	Rhizosphere-Deep	18	106.09730858827834
common_profiles	richness_rare	marginal	Rhizosphere-Deep	19	-483.831942115002
common_profiles	richness_rare	marginal	Rhizosphere-Deep	20	428.3028470163731
common_profiles	richness_rare	marginal	Rhizosphere-Deep	21	-125.60529676385022
common_profiles	richness_rare	marginal	Rhizosphere-Deep	22	329.0210974961735
common_profiles	richness_rare	marginal	Rhizosphere-Deep	23	-366.8891094681842
common_profiles	richness_rare	marginal	Rhizosphere-Deep	24	365.367356507398
common_profiles	richness_rare	marginal	Rhizosphere-Deep	25	-906.9918208379231
common_profiles	richness_rare	marginal	Rhizosphere-Deep	26	-645.2981385686471
common_profiles	richness_rare	marginal	Rhizosphere-Deep	27	-1128.57055001171
common_profiles	richness_rare	marginal	Rhizosphere-Deep	28	-349.6850164935872
common_profiles	richness_rare	marginal	Rhizosphere-Deep	29	136.0538928516596
common_profiles	richness_rare	marginal	Rhizosphere-Deep	30	131.59799898579786
common_profiles	richness_rare	marginal	Rhizosphere-Deep	31	-928.7247420498201
common_profiles	richness_rare	marginal	Rhizosphere-Deep	32	206.60103330133506
common_profiles	richness_rare	marginal	Rhizosphere-Deep	33	-123.92583849775724
common_profiles	richness_rare	marginal	Rhizosphere-Deep	34	-625.6656270459343
common_profiles	richness_rare	marginal	Rhizosphere-Deep	35	-1089.229878307712
common_profiles	richness_rare	marginal	Rhizosphere-Deep	36	-412.38098893067604
common_profiles	richness_rare	marginal	Rhizosphere-Deep	37	-35.50593653589158
common_profiles	richness_rare	marginal	Rhizosphere-Deep	38	-666.9269529003386
common_profiles	richness_rare	marginal	Rhizosphere-Deep	39	-273.35562689463404
common_profiles	richness_rare	marginal	Rhizosphere-Deep	40	-32.8912714924204
common_profiles	richness_rare	marginal	Rhizosphere-Deep	41	106.29489482677366
common_profiles	richness_rare	marginal	Rhizosphere-Deep	42	-15.826431473867615
common_profiles	richness_rare	marginal	Rhizosphere-Deep	43	-500.7240000405318
common_profiles	richness_rare	marginal	Rhizosphere-Deep	44	-48.96129445125962
common_profiles	richness_rare	marginal	Rhizosphere-Deep	45	72.73975228722907
common_profiles	richness_rare	marginal	Rhizosphere-Deep	46	106.51645840029119
common_profiles	richness_rare	marginal	Rhizosphere-Deep	47	555.3692489745448
common_profiles	richness_rare	marginal	Rhizosphere-Deep	48	441.9777919089429
common_profiles	richness_rare	marginal	Rhizosphere-Deep	49	-372.88594321844573
common_profiles	richness_rare	marginal	Rhizosphere-Deep	50	304.08591726163286
common_profiles	richness_rare	marginal	Rhizosphere-Deep	51	-100.58584835424915
common_profiles	richness_rare	marginal	Rhizosphere-Deep	52	359.58971150025377
common_profiles	richness_rare	marginal	Rhizosphere-Deep	53	222.93563328592006
common_profiles	richness_rare	marginal	Rhizosphere-Deep	54	182.9664755185728
common_profiles	richness_rare	marginal	Rhizosphere-Deep	55	205.55194301488302
common_profiles	richness_rare	marginal	Rhizosphere-Deep	56	232.4319389319324
common_profiles	richness_rare	marginal	Rhizosphere-Deep	57	650.452350383733
common_profiles	richness_rare	marginal	Rhizosphere-Deep	58	625.1915553410543
common_profiles	richness_rare	marginal	Rhizosphere-Deep	59	150.51797503565697
common_profiles	richness_rare	marginal	Rhizosphere-Deep	60	675.2905365969225
common_profiles	richness_rare	campaign_matched	Deep-Surface	1	215.7877343139031
common_profiles	richness_rare	campaign_matched	Deep-Surface	2	-107.98104210646562
common_profiles	richness_rare	campaign_matched	Deep-Surface	3	763.5395801123063
common_profiles	richness_rare	campaign_matched	Deep-Surface	4	379.50304531517554
common_profiles	richness_rare	campaign_matched	Deep-Surface	5	-647.0827971305029
common_profiles	richness_rare	campaign_matched	Deep-Surface	6	978.4671234032432
common_profiles	richness_rare	campaign_matched	Deep-Surface	7	496.0102731692564
common_profiles	richness_rare	campaign_matched	Deep-Surface	8	17.27241979897451
common_profiles	richness_rare	campaign_matched	Deep-Surface	9	-97.88689516748907
common_profiles	richness_rare	campaign_matched	Deep-Surface	10	-448.91393554843427
common_profiles	richness_rare	campaign_matched	Deep-Surface	11	1010.3319502636964
common_profiles	richness_rare	campaign_matched	Deep-Surface	12	855.2941492524126
common_profiles	richness_rare	campaign_matched	Deep-Surface	13	767.6803066640047
common_profiles	richness_rare	campaign_matched	Deep-Surface	14	-14.99231952927147
common_profiles	richness_rare	campaign_matched	Deep-Surface	15	411.4920114451223
common_profiles	richness_rare	campaign_matched	Deep-Surface	16	460.0478234194917
common_profiles	richness_rare	campaign_matched	Deep-Surface	17	117.06816454585744
common_profiles	richness_rare	campaign_matched	Deep-Surface	18	-71.80276623627867
common_profiles	richness_rare	campaign_matched	Deep-Surface	19	87.7226928130051
common_profiles	richness_rare	campaign_matched	Deep-Surface	20	-194.01432361629102
common_profiles	richness_rare	campaign_matched	Deep-Surface	21	-94.76738250499608
common_profiles	richness_rare	campaign_matched	Deep-Surface	22	50.64374424821366
common_profiles	richness_rare	campaign_matched	Deep-Surface	23	-369.60874195654384
common_profiles	richness_rare	campaign_matched	Deep-Surface	24	475.9685382800426
common_profiles	richness_rare	campaign_matched	Deep-Surface	25	237.86246965265437
common_profiles	richness_rare	campaign_matched	Deep-Surface	26	32.81087080048093
common_profiles	richness_rare	campaign_matched	Deep-Surface	27	140.40540998144039
common_profiles	richness_rare	campaign_matched	Deep-Surface	28	-244.96755959359544
common_profiles	richness_rare	campaign_matched	Deep-Surface	29	304.05689212229146
common_profiles	richness_rare	campaign_matched	Deep-Surface	30	-398.49812656617627
common_profiles	richness_rare	campaign_matched	Deep-Surface	31	-13.89640939249845
common_profiles	richness_rare	campaign_matched	Deep-Surface	32	-211.37705263540772
common_profiles	richness_rare	campaign_matched	Deep-Surface	33	179.31735987841458
common_profiles	richness_rare	campaign_matched	Deep-Surface	34	-300.39195568293565
common_profiles	richness_rare	campaign_matched	Deep-Surface	35	129.41700894133456
common_profiles	richness_rare	campaign_matched	Deep-Surface	36	-113.66508012748515
common_profiles	richness_rare	campaign_matched	Deep-Surface	37	-52.89004613678927
common_profiles	richness_rare	campaign_matched	Deep-Surface	38	-105.80152005271027
common_profiles	richness_rare	campaign_matched	Deep-Surface	39	205.7344547145732
common_profiles	richness_rare	campaign_matched	Deep-Surface	40	82.37574856077383
common_profiles	richness_rare	campaign_matched	Deep-Surface	41	1005.8140405861054
common_profiles	richness_rare	campaign_matched	Deep-Surface	42	-139.30226794820692
common_profiles	richness_rare	campaign_matched	Deep-Surface	43	547.8324530168019
common_profiles	richness_rare	campaign_matched	Deep-Surface	44	270.3277506929617
common_profiles	richness_rare	campaign_matched	Deep-Surface	45	-195.97270381918054
common_profiles	richness_rare	campaign_matched	Deep-Surface	46	944.3451741555597
common_profiles	richness_rare	campaign_matched	Deep-Surface	47	-305.2554664586182
common_profiles	richness_rare	campaign_matched	Deep-Surface	48	-536.4872658760333
common_profiles	richness_rare	campaign_matched	Deep-Surface	49	-265.58545271674103
common_profiles	richness_rare	campaign_matched	Deep-Surface	50	-266.75512651285106
common_profiles	richness_rare	campaign_matched	Deep-Surface	51	349.3831705153884
common_profiles	richness_rare	campaign_matched	Deep-Surface	52	6.0
common_profiles	richness_rare	campaign_matched	Deep-Surface	53	343.67075086587886
common_profiles	richness_rare	campaign_matched	Deep-Surface	54	639.7403196364814
common_profiles	richness_rare	campaign_matched	Deep-Surface	55	-19.139480664320285
common_profiles	richness_rare	campaign_matched	Deep-Surface	56	-716.9924175195808
common_profiles	richness_rare	campaign_matched	Deep-Surface	57	-4.353287155685924
common_profiles	richness_rare	campaign_matched	Deep-Surface	58	-63.554283658681484
common_profiles	richness_rare	campaign_matched	Deep-Surface	59	45.30342620467161
common_profiles	richness_rare	campaign_matched	Deep-Surface	60	43.633306309115255
common_profiles	richness_rare	campaign_matched	Rhizosphere-Surface	1	-499.23199255497485
common_profiles	richness_rare	campaign_matched	Rhizosphere-Surface	2	-659.946821140643
common_profiles	richness_rare	campaign_matched	Rhizosphere-Surface	3	195.94632661697847
common_profiles	richness_rare	campaign_matched	Rhizosphere-Surface	4	-93.37798061661897
common_profiles	richness_rare	campaign_matched	Rhizosphere-Surface	5	-39.461999819061134
common_profiles	richness_rare	campaign_matched	Rhizosphere-Surface	6	274.8713371021459
common_profiles	richness_rare	campaign_matched	Rhizosphere-Surface	7	148.11675546805157
common_profiles	richness_rare	campaign_matched	Rhizosphere-Surface	8	583.7034588574895
common_profiles	richness_rare	campaign_matched	Rhizosphere-Surface	9	-951.2336795827977
common_profiles	richness_rare	campaign_matched	Rhizosphere-Surface	10	-1309.4145825707485
common_profiles	richness_rare	campaign_matched	Rhizosphere-Surface	11	1134.5078579364372
common_profiles	richness_rare	campaign_matched	Rhizosphere-Surface	12	46.619052909920924
common_profiles	richness_rare	campaign_matched	Rhizosphere-Surface	13	649.2210974330458
common_profiles	richness_rare	campaign_matched	Rhizosphere-Surface	14	-1336.076364953807
common_profiles	richness_rare	campaign_matched	Rhizosphere-Surface	15	-483.96714778736686
common_profiles	richness_rare	campaign_matched	Rhizosphere-Surface	16	103.30941610074748
common_profiles	richness_rare	campaign_matched	Rhizosphere-Surface	17	-695.822094878351
common_profiles	richness_rare	campaign_matched	Rhizosphere-Surface	18	-249.91036983982133
common_profiles	richness_rare	campaign_matched	Rhizosphere-Surface	19	-790.4787231227488
common_profiles	richness_rare	campaign_matched	Rhizosphere-Surface	20	145.39170229645242
common_profiles	richness_rare	campaign_matched	Rhizosphere-Surface	21	-429.0385239072366
common_profiles	richness_rare	campaign_matched	Rhizosphere-Surface	22	30.432161555190003
common_profiles	richness_rare	campaign_matched	Rhizosphere-Surface	23	-1033.2688535865293
common_profiles	richness_rare	campaign_matched	Rhizosphere-Surface	24	0.49943115386770387
common_profiles	richness_rare	campaign_matched	Rhizosphere-Surface	25	-669.129351185269
common_profiles	richness_rare	campaign_matched	Rhizosphere-Surface	26	-612.487267768166
common_profiles	richness_rare	campaign_matched	Rhizosphere-Surface	27	-596.7389249596491
common_profiles	richness_rare	campaign_matched	Rhizosphere-Surface	28	-512.9889180681181
common_profiles	richness_rare	campaign_matched	Rhizosphere-Surface	29	83.5959166568919
common_profiles	richness_rare	campaign_matched	Rhizosphere-Surface	30	-610.1072124205353
common_profiles	richness_rare	campaign_matched	Rhizosphere-Surface	31	-618.2988569534758
common_profiles	richness_rare	campaign_matched	Rhizosphere-Surface	32	-620.1557686231617
common_profiles	richness_rare	campaign_matched	Rhizosphere-Surface	33	-51.705329218245346
common_profiles	richness_rare	campaign_matched	Rhizosphere-Surface	34	-415.17522462795415
common_profiles	richness_rare	campaign_matched	Rhizosphere-Surface	35	-645.2613969506672
common_profiles	richness_rare	campaign_matched	Rhizosphere-Surface	36	-868.6986495479961
common_profiles	richness_rare	campaign_matched	Rhizosphere-Surface	37	-436.49967456372974
common_profiles	richness_rare	campaign_matched	Rhizosphere-Surface	38	-669.8588736098518
common_profiles	richness_rare	campaign_matched	Rhizosphere-Surface	39	-67.6211721800608
common_profiles	richness_rare	campaign_matched	Rhizosphere-Surface	40	-160.67264052337032
common_profiles	richness_rare	campaign_matched	Rhizosphere-Surface	41	183.4671533681087
common_profiles	richness_rare	campaign_matched	Rhizosphere-Surface	42	-298.5189989350191
common_profiles	richness_rare	campaign_matched	Rhizosphere-Surface	43	124.48584562462622
common_profiles	richness_rare	campaign_matched	Rhizosphere-Surface	44	-255.4497580968839
common_profiles	richness_rare	campaign_matched	Rhizosphere-Surface	45	-123.23295153195153
common_profiles	richness_rare	campaign_matched	Rhizosphere-Surface	46	650.3849716579865
common_profiles	richness_rare	campaign_matched	Rhizosphere-Surface	47	339.9883192658614
common_profiles	richness_rare	campaign_matched	Rhizosphere-Surface	48	-16.00540295443119
common_profiles	richness_rare	campaign_matched	Rhizosphere-Surface	49	-387.96728847288523
common_profiles	richness_rare	campaign_matched	Rhizosphere-Surface	50	-157.1403582610961
common_profiles	richness_rare	campaign_matched	Rhizosphere-Surface	51	161.35295384134625
common_profiles	richness_rare	campaign_matched	Rhizosphere-Surface	52	638.3199890131299
common_profiles	richness_rare	campaign_matched	Rhizosphere-Surface	53	732.2192355821877
common_profiles	richness_rare	campaign_matched	Rhizosphere-Surface	54	116.47339458848558
common_profiles	richness_rare	campaign_matched	Rhizosphere-Surface	55	186.41246235056278
common_profiles	richness_rare	campaign_matched	Rhizosphere-Surface	56	-86.8355669544182
common_profiles	richness_rare	campaign_matched	Rhizosphere-Surface	57	513.4822539021733
common_profiles	richness_rare	campaign_matched	Rhizosphere-Surface	58	-152.53643795408382
common_profiles	richness_rare	campaign_matched	Rhizosphere-Surface	59	-232.07469450975904
common_profiles	richness_rare	campaign_matched	Rhizosphere-Surface	60	399.0249229233817
common_profiles	richness_rare	campaign_matched	Rhizosphere-Deep	1	-536.3392922449009
common_profiles	richness_rare	campaign_matched	Rhizosphere-Deep	2	-1140.7339132527597
common_profiles	richness_rare	campaign_matched	Rhizosphere-Deep	3	-567.5932534953279
common_profiles	richness_rare	campaign_matched	Rhizosphere-Deep	4	-661.7792696517497
common_profiles	richness_rare	campaign_matched	Rhizosphere-Deep	5	425.48678583326927
common_profiles	richness_rare	campaign_matched	Rhizosphere-Deep	6	-770.779217334042
common_profiles	richness_rare	campaign_matched	Rhizosphere-Deep	7	-183.98451378115004
common_profiles	richness_rare	campaign_matched	Rhizosphere-Deep	8	511.71648498053787
common_profiles	richness_rare	campaign_matched	Rhizosphere-Deep	9	-853.3467844153087
common_profiles	richness_rare	campaign_matched	Rhizosphere-Deep	10	-527.58418575448
common_profiles	richness_rare	campaign_matched	Rhizosphere-Deep	11	124.17590767274083
common_profiles	richness_rare	campaign_matched	Rhizosphere-Deep	12	-808.6750963424918
common_profiles	richness_rare	campaign_matched	Rhizosphere-Deep	13	39.928340769371744
common_profiles	richness_rare	campaign_matched	Rhizosphere-Deep	14	-1321.0840454245354
common_profiles	richness_rare	campaign_matched	Rhizosphere-Deep	15	-895.4591592324891
common_profiles	richness_rare	campaign_matched	Rhizosphere-Deep	16	-356.73840731874424
common_profiles	richness_rare	campaign_matched	Rhizosphere-Deep	17	-944.1627252726066
common_profiles	richness_rare	campaign_matched	Rhizosphere-Deep	18	-549.3715289895815
common_profiles	richness_rare	campaign_matched	Rhizosphere-Deep	19	-930.7087520438259
common_profiles	richness_rare	campaign_matched	Rhizosphere-Deep	20	169.51192238928493
common_profiles	richness_rare	campaign_matched	Rhizosphere-Deep	21	-287.1331302216468
common_profiles	richness_rare	campaign_matched	Rhizosphere-Deep	22	-20.211582693023654
common_profiles	richness_rare	campaign_matched	Rhizosphere-Deep	23	-366.8891094681841
common_profiles	richness_rare	campaign_matched	Rhizosphere-Deep	24	280.86424690438224
common_profiles	richness_rare	campaign_matched	Rhizosphere-Deep	25	-906.9918208379233
common_profiles	richness_rare	campaign_matched	Rhizosphere-Deep	26	-645.2981385686469
common_profiles	richness_rare	campaign_matched	Rhizosphere-Deep	27	-1128.5705500117103
common_profiles	richness_rare	campaign_matched	Rhizosphere-Deep	28	-349.6850164935873
common_profiles	richness_rare	campaign_matched	Rhizosphere-Deep	29	-220.46097546539954
common_profiles	richness_rare	campaign_matched	Rhizosphere-Deep	30	2.1623496690611623
common_profiles	richness_rare	campaign_matched	Rhizosphere-Deep	31	-604.4024475609773
common_profiles	richness_rare	campaign_matched	Rhizosphere-Deep	32	-408.77871598775397
common_profiles	richness_rare	campaign_matched	Rhizosphere-Deep	33	-231.02268909665995
common_profiles	richness_rare	campaign_matched	Rhizosphere-Deep	34	-429.6078975357757
common_profiles	richness_rare	campaign_matched	Rhizosphere-Deep	35	-1089.2298783077117
common_profiles	richness_rare	campaign_matched	Rhizosphere-Deep	36	-741.6505165487382
common_profiles	richness_rare	campaign_matched	Rhizosphere-Deep	37	-35.505936535891806
common_profiles	richness_rare	campaign_matched	Rhizosphere-Deep	38	-567.6599667914
common_profiles	richness_rare	campaign_matched	Rhizosphere-Deep	39	-273.355626894634
common_profiles	richness_rare	campaign_matched	Rhizosphere-Deep	40	-290.1130363241445
common_profiles	richness_rare	campaign_matched	Rhizosphere-Deep	41	-72.42788892867173
common_profiles	richness_rare	campaign_matched	Rhizosphere-Deep	42	-197.52358958981722
common_profiles	richness_rare	campaign_matched	Rhizosphere-Deep	43	-500.7240000405317
common_profiles	richness_rare	campaign_matched	Rhizosphere-Deep	44	-48.96129445125962
common_profiles	richness_rare	campaign_matched	Rhizosphere-Deep	45	72.73975228722898
common_profiles	richness_rare	campaign_matched	Rhizosphere-Deep	46	-887.9665727604951
common_profiles	richness_rare	campaign_matched	Rhizosphere-Deep	47	389.87271008930844
common_profiles	richness_rare	campaign_matched	Rhizosphere-Deep	48	522.6965343216649
common_profiles	richness_rare	campaign_matched	Rhizosphere-Deep	49	-122.38183575614416
common_profiles	richness_rare	campaign_matched	Rhizosphere-Deep	50	109.61476825175498
common_profiles	richness_rare	campaign_matched	Rhizosphere-Deep	51	-188.0302166740421
common_profiles	richness_rare	campaign_matched	Rhizosphere-Deep	52	632.3199890131299
common_profiles	richness_rare	campaign_matched	Rhizosphere-Deep	53	728.0622390247826
common_profiles	richness_rare	campaign_matched	Rhizosphere-Deep	54	-35.861414681976214
common_profiles	richness_rare	campaign_matched	Rhizosphere-Deep	55	205.55194301488305
common_profiles	richness_rare	campaign_matched	Rhizosphere-Deep	56	316.9298943787164
common_profiles	richness_rare	campaign_matched	Rhizosphere-Deep	57	517.8355410578591
common_profiles	richness_rare	campaign_matched	Rhizosphere-Deep	58	70.07066573398998
common_profiles	richness_rare	campaign_matched	Rhizosphere-Deep	59	-9.33518627571408
common_profiles	richness_rare	campaign_matched	Rhizosphere-Deep	60	637.9149181953048
common_profiles	normalized_shannon	marginal	Deep-Surface	1	-0.02211832280687631
common_profiles	normalized_shannon	marginal	Deep-Surface	2	0.020989240596272607
common_profiles	normalized_shannon	marginal	Deep-Surface	3	0.004033347915414431
common_profiles	normalized_shannon	marginal	Deep-Surface	4	0.005130584033061991
common_profiles	normalized_shannon	marginal	Deep-Surface	5	0.043782126926090736
common_profiles	normalized_shannon	marginal	Deep-Surface	6	0.0454811915693355
common_profiles	normalized_shannon	marginal	Deep-Surface	7	0.07423077223396513
common_profiles	normalized_shannon	marginal	Deep-Surface	8	-0.00530824640679517
common_profiles	normalized_shannon	marginal	Deep-Surface	9	0.007218924621725575
common_profiles	normalized_shannon	marginal	Deep-Surface	10	-0.00816930135342575
common_profiles	normalized_shannon	marginal	Deep-Surface	11	0.055106330915157264
common_profiles	normalized_shannon	marginal	Deep-Surface	12	0.06136869269082623
common_profiles	normalized_shannon	marginal	Deep-Surface	13	0.005701746911088046
common_profiles	normalized_shannon	marginal	Deep-Surface	14	-0.029653618686944827
common_profiles	normalized_shannon	marginal	Deep-Surface	15	0.010684939056476606
common_profiles	normalized_shannon	marginal	Deep-Surface	16	0.04091462692907322
common_profiles	normalized_shannon	marginal	Deep-Surface	17	-0.01833103352176413
common_profiles	normalized_shannon	marginal	Deep-Surface	18	0.010960230799360926
common_profiles	normalized_shannon	marginal	Deep-Surface	19	0.05237427346545953
common_profiles	normalized_shannon	marginal	Deep-Surface	20	0.04927484915018354
common_profiles	normalized_shannon	marginal	Deep-Surface	21	0.03982067649479637
common_profiles	normalized_shannon	marginal	Deep-Surface	22	-0.04374445821667372
common_profiles	normalized_shannon	marginal	Deep-Surface	23	0.02874807435098503
common_profiles	normalized_shannon	marginal	Deep-Surface	24	-0.0123525827857911
common_profiles	normalized_shannon	marginal	Deep-Surface	25	0.04617507084116235
common_profiles	normalized_shannon	marginal	Deep-Surface	26	0.01049670076746656
common_profiles	normalized_shannon	marginal	Deep-Surface	27	0.07207351857168942
common_profiles	normalized_shannon	marginal	Deep-Surface	28	0.03726050538976089
common_profiles	normalized_shannon	marginal	Deep-Surface	29	0.06744573074146543
common_profiles	normalized_shannon	marginal	Deep-Surface	30	0.033786551761991745
common_profiles	normalized_shannon	marginal	Deep-Surface	31	-0.029120686181765332
common_profiles	normalized_shannon	marginal	Deep-Surface	32	0.014843182551891543
common_profiles	normalized_shannon	marginal	Deep-Surface	33	-0.009111132546692824
common_profiles	normalized_shannon	marginal	Deep-Surface	34	-0.006994495986547333
common_profiles	normalized_shannon	marginal	Deep-Surface	35	0.020498684081691976
common_profiles	normalized_shannon	marginal	Deep-Surface	36	0.0277734518934607
common_profiles	normalized_shannon	marginal	Deep-Surface	37	0.002840129004663794
common_profiles	normalized_shannon	marginal	Deep-Surface	38	0.01412203830922698
common_profiles	normalized_shannon	marginal	Deep-Surface	39	-0.0008344660930523773
common_profiles	normalized_shannon	marginal	Deep-Surface	40	0.0008475908703168278
common_profiles	normalized_shannon	marginal	Deep-Surface	41	-0.13644437496351158
common_profiles	normalized_shannon	marginal	Deep-Surface	42	0.019754047949690157
common_profiles	normalized_shannon	marginal	Deep-Surface	43	-0.0010230810252152
common_profiles	normalized_shannon	marginal	Deep-Surface	44	0.010678819086681113
common_profiles	normalized_shannon	marginal	Deep-Surface	45	0.009113083086078388
common_profiles	normalized_shannon	marginal	Deep-Surface	46	-0.013263347548417403
common_profiles	normalized_shannon	marginal	Deep-Surface	47	-0.05471832714588809
common_profiles	normalized_shannon	marginal	Deep-Surface	48	-0.015786014755880484
common_profiles	normalized_shannon	marginal	Deep-Surface	49	-0.08162989124675835
common_profiles	normalized_shannon	marginal	Deep-Surface	50	0.005478409929871586
common_profiles	normalized_shannon	marginal	Deep-Surface	51	0.012689416454973235
common_profiles	normalized_shannon	marginal	Deep-Surface	52	0.0600706147341572
common_profiles	normalized_shannon	marginal	Deep-Surface	53	0.2434615563542516
common_profiles	normalized_shannon	marginal	Deep-Surface	54	0.02865504527656959
common_profiles	normalized_shannon	marginal	Deep-Surface	55	-0.0493044874028723
common_profiles	normalized_shannon	marginal	Deep-Surface	56	0.008202083769336621
common_profiles	normalized_shannon	marginal	Deep-Surface	57	0.008842653801279687
common_profiles	normalized_shannon	marginal	Deep-Surface	58	-0.008803721788206431
common_profiles	normalized_shannon	marginal	Deep-Surface	59	0.03138263674633268
common_profiles	normalized_shannon	marginal	Deep-Surface	60	-0.045478198711295215
common_profiles	normalized_shannon	marginal	Rhizosphere-Surface	1	-0.06887368003779204
common_profiles	normalized_shannon	marginal	Rhizosphere-Surface	2	-0.05132732574779153
common_profiles	normalized_shannon	marginal	Rhizosphere-Surface	3	-0.13992084260520665
common_profiles	normalized_shannon	marginal	Rhizosphere-Surface	4	-0.04362940058701492
common_profiles	normalized_shannon	marginal	Rhizosphere-Surface	5	0.0024991990457461366
common_profiles	normalized_shannon	marginal	Rhizosphere-Surface	6	-0.012427682342858737
common_profiles	normalized_shannon	marginal	Rhizosphere-Surface	7	0.03123142686049707
common_profiles	normalized_shannon	marginal	Rhizosphere-Surface	8	-0.001844341861380494
common_profiles	normalized_shannon	marginal	Rhizosphere-Surface	9	-0.04612165064603668
common_profiles	normalized_shannon	marginal	Rhizosphere-Surface	10	-0.08610370499786668
common_profiles	normalized_shannon	marginal	Rhizosphere-Surface	11	0.006122730144411115
common_profiles	normalized_shannon	marginal	Rhizosphere-Surface	12	0.0022068747060085547
common_profiles	normalized_shannon	marginal	Rhizosphere-Surface	13	-0.005782598067769373
common_profiles	normalized_shannon	marginal	Rhizosphere-Surface	14	-0.09424552194187563
common_profiles	normalized_shannon	marginal	Rhizosphere-Surface	15	-0.036030606868975856
common_profiles	normalized_shannon	marginal	Rhizosphere-Surface	16	0.009244078680778478
common_profiles	normalized_shannon	marginal	Rhizosphere-Surface	17	-0.02335749181179636
common_profiles	normalized_shannon	marginal	Rhizosphere-Surface	18	-0.2289070560636971
common_profiles	normalized_shannon	marginal	Rhizosphere-Surface	19	-0.002919311949568848
common_profiles	normalized_shannon	marginal	Rhizosphere-Surface	20	0.0094500300700191
common_profiles	normalized_shannon	marginal	Rhizosphere-Surface	21	-0.018172295883321588
common_profiles	normalized_shannon	marginal	Rhizosphere-Surface	22	-0.04631835202569723
common_profiles	normalized_shannon	marginal	Rhizosphere-Surface	23	0.016452274035693604
common_profiles	normalized_shannon	marginal	Rhizosphere-Surface	24	0.046362731263481005
common_profiles	normalized_shannon	marginal	Rhizosphere-Surface	25	-0.05525814489820691
common_profiles	normalized_shannon	marginal	Rhizosphere-Surface	26	-0.035101567637352726
common_profiles	normalized_shannon	marginal	Rhizosphere-Surface	27	-0.055584710053880104
common_profiles	normalized_shannon	marginal	Rhizosphere-Surface	28	-0.0571139951131755
common_profiles	normalized_shannon	marginal	Rhizosphere-Surface	29	0.023052991357442543
common_profiles	normalized_shannon	marginal	Rhizosphere-Surface	30	-0.018177154669983042
common_profiles	normalized_shannon	marginal	Rhizosphere-Surface	31	-0.08222778856116197
common_profiles	normalized_shannon	marginal	Rhizosphere-Surface	32	-0.03850741515155409
common_profiles	normalized_shannon	marginal	Rhizosphere-Surface	33	-0.03899317738637431
common_profiles	normalized_shannon	marginal	Rhizosphere-Surface	34	-0.02505333787355235
common_profiles	normalized_shannon	marginal	Rhizosphere-Surface	35	0.00713007787209019
common_profiles	normalized_shannon	marginal	Rhizosphere-Surface	36	-0.053042723434089445
common_profiles	normalized_shannon	marginal	Rhizosphere-Surface	37	-0.08930463975728853
common_profiles	normalized_shannon	marginal	Rhizosphere-Surface	38	-0.026391167425866113
common_profiles	normalized_shannon	marginal	Rhizosphere-Surface	39	-0.06646345677440446
common_profiles	normalized_shannon	marginal	Rhizosphere-Surface	40	-0.016469046056890813
common_profiles	normalized_shannon	marginal	Rhizosphere-Surface	41	-0.10075691003707588
common_profiles	normalized_shannon	marginal	Rhizosphere-Surface	42	-0.016169821789903116
common_profiles	normalized_shannon	marginal	Rhizosphere-Surface	43	-0.06525663934524317
common_profiles	normalized_shannon	marginal	Rhizosphere-Surface	44	-0.029061954029336645
common_profiles	normalized_shannon	marginal	Rhizosphere-Surface	45	-0.00542654897312711
common_profiles	normalized_shannon	marginal	Rhizosphere-Surface	46	-0.029254239447206287
common_profiles	normalized_shannon	marginal	Rhizosphere-Surface	47	-0.0023241057944438648
common_profiles	normalized_shannon	marginal	Rhizosphere-Surface	48	-0.0033900654230794025
common_profiles	normalized_shannon	marginal	Rhizosphere-Surface	49	-0.009521465285566078
common_profiles	normalized_shannon	marginal	Rhizosphere-Surface	50	-0.09288489380059706
common_profiles	normalized_shannon	marginal	Rhizosphere-Surface	51	-0.0717891614869649
common_profiles	normalized_shannon	marginal	Rhizosphere-Surface	52	0.05248740642248084
common_profiles	normalized_shannon	marginal	Rhizosphere-Surface	53	0.14007050206845217
common_profiles	normalized_shannon	marginal	Rhizosphere-Surface	54	-0.0022552797153615467
common_profiles	normalized_shannon	marginal	Rhizosphere-Surface	55	-0.021089949038057165
common_profiles	normalized_shannon	marginal	Rhizosphere-Surface	56	-0.13405898801922422
common_profiles	normalized_shannon	marginal	Rhizosphere-Surface	57	-0.01889137690574194
common_profiles	normalized_shannon	marginal	Rhizosphere-Surface	58	-0.01832887493842883
common_profiles	normalized_shannon	marginal	Rhizosphere-Surface	59	-0.0337974329831916
common_profiles	normalized_shannon	marginal	Rhizosphere-Surface	60	-0.01706967099967449
common_profiles	normalized_shannon	marginal	Rhizosphere-Deep	1	-0.04675535723091573
common_profiles	normalized_shannon	marginal	Rhizosphere-Deep	2	-0.07231656634406414
common_profiles	normalized_shannon	marginal	Rhizosphere-Deep	3	-0.14395419052062108
common_profiles	normalized_shannon	marginal	Rhizosphere-Deep	4	-0.04875998462007691
common_profiles	normalized_shannon	marginal	Rhizosphere-Deep	5	-0.0412829278803446
common_profiles	normalized_shannon	marginal	Rhizosphere-Deep	6	-0.057908873912194236
common_profiles	normalized_shannon	marginal	Rhizosphere-Deep	7	-0.042999345373468056
common_profiles	normalized_shannon	marginal	Rhizosphere-Deep	8	0.0034639045454146755
common_profiles	normalized_shannon	marginal	Rhizosphere-Deep	9	-0.05334057526776226
common_profiles	normalized_shannon	marginal	Rhizosphere-Deep	10	-0.07793440364444093
common_profiles	normalized_shannon	marginal	Rhizosphere-Deep	11	-0.04898360077074615
common_profiles	normalized_shannon	marginal	Rhizosphere-Deep	12	-0.05916181798481768
common_profiles	normalized_shannon	marginal	Rhizosphere-Deep	13	-0.01148434497885742
common_profiles	normalized_shannon	marginal	Rhizosphere-Deep	14	-0.0645919032549308
common_profiles	normalized_shannon	marginal	Rhizosphere-Deep	15	-0.04671554592545246
common_profiles	normalized_shannon	marginal	Rhizosphere-Deep	16	-0.03167054824829474
common_profiles	normalized_shannon	marginal	Rhizosphere-Deep	17	-0.005026458290032232
common_profiles	normalized_shannon	marginal	Rhizosphere-Deep	18	-0.23986728686305803
common_profiles	normalized_shannon	marginal	Rhizosphere-Deep	19	-0.05529358541502838
common_profiles	normalized_shannon	marginal	Rhizosphere-Deep	20	-0.03982481908016444
common_profiles	normalized_shannon	marginal	Rhizosphere-Deep	21	-0.05799297237811796
common_profiles	normalized_shannon	marginal	Rhizosphere-Deep	22	-0.0025738938090235086
common_profiles	normalized_shannon	marginal	Rhizosphere-Deep	23	-0.012295800315291427
common_profiles	normalized_shannon	marginal	Rhizosphere-Deep	24	0.058715314049272105
common_profiles	normalized_shannon	marginal	Rhizosphere-Deep	25	-0.10143321573936925
common_profiles	normalized_shannon	marginal	Rhizosphere-Deep	26	-0.04559826840481929
common_profiles	normalized_shannon	marginal	Rhizosphere-Deep	27	-0.12765822862556953
common_profiles	normalized_shannon	marginal	Rhizosphere-Deep	28	-0.09437450050293639
common_profiles	normalized_shannon	marginal	Rhizosphere-Deep	29	-0.04439273938402288
common_profiles	normalized_shannon	marginal	Rhizosphere-Deep	30	-0.05196370643197479
common_profiles	normalized_shannon	marginal	Rhizosphere-Deep	31	-0.05310710237939664
common_profiles	normalized_shannon	marginal	Rhizosphere-Deep	32	-0.053350597703445635
common_profiles	normalized_shannon	marginal	Rhizosphere-Deep	33	-0.029882044839681488
common_profiles	normalized_shannon	marginal	Rhizosphere-Deep	34	-0.018058841887005017
common_profiles	normalized_shannon	marginal	Rhizosphere-Deep	35	-0.013368606209601785
common_profiles	normalized_shannon	marginal	Rhizosphere-Deep	36	-0.08081617532755014
common_profiles	normalized_shannon	marginal	Rhizosphere-Deep	37	-0.09214476876195232
common_profiles	normalized_shannon	marginal	Rhizosphere-Deep	38	-0.040513205735093094
common_profiles	normalized_shannon	marginal	Rhizosphere-Deep	39	-0.06562899068135208
common_profiles	normalized_shannon	marginal	Rhizosphere-Deep	40	-0.01731663692720764
common_profiles	normalized_shannon	marginal	Rhizosphere-Deep	41	0.03568746492643571
common_profiles	normalized_shannon	marginal	Rhizosphere-Deep	42	-0.03592386973959327
common_profiles	normalized_shannon	marginal	Rhizosphere-Deep	43	-0.06423355832002797
common_profiles	normalized_shannon	marginal	Rhizosphere-Deep	44	-0.03974077311601776
common_profiles	normalized_shannon	marginal	Rhizosphere-Deep	45	-0.014539632059205498
common_profiles	normalized_shannon	marginal	Rhizosphere-Deep	46	-0.015990891898788884
common_profiles	normalized_shannon	marginal	Rhizosphere-Deep	47	0.052394221351444226
common_profiles	normalized_shannon	marginal	Rhizosphere-Deep	48	0.012395949332801082
common_profiles	normalized_shannon	marginal	Rhizosphere-Deep	49	0.07210842596119227
common_profiles	normalized_shannon	marginal	Rhizosphere-Deep	50	-0.09836330373046864
common_profiles	normalized_shannon	marginal	Rhizosphere-Deep	51	-0.08447857794193814
common_profiles	normalized_shannon	marginal	Rhizosphere-Deep	52	-0.007583208311676359
common_profiles	normalized_shannon	marginal	Rhizosphere-Deep	53	-0.10339105428579942
common_profiles	normalized_shannon	marginal	Rhizosphere-Deep	54	-0.030910324991931137
common_profiles	normalized_shannon	marginal	Rhizosphere-Deep	55	0.028214538364815134
common_profiles	normalized_shannon	marginal	Rhizosphere-Deep	56	-0.14226107178856084
common_profiles	normalized_shannon	marginal	Rhizosphere-Deep	57	-0.02773403070702163
common_profiles	normalized_shannon	marginal	Rhizosphere-Deep	58	-0.009525153150222399
common_profiles	normalized_shannon	marginal	Rhizosphere-Deep	59	-0.06518006972952428
common_profiles	normalized_shannon	marginal	Rhizosphere-Deep	60	0.028408527711620724
common_profiles	normalized_shannon	campaign_matched	Deep-Surface	1	0.016624697019652374
common_profiles	normalized_shannon	campaign_matched	Deep-Surface	2	0.02098924059627258
common_profiles	normalized_shannon	campaign_matched	Deep-Surface	3	0.004033347915414431
common_profiles	normalized_shannon	campaign_matched	Deep-Surface	4	0.009523754110545984
common_profiles	normalized_shannon	campaign_matched	Deep-Surface	5	0.04407206163147695
common_profiles	normalized_shannon	campaign_matched	Deep-Surface	6	0.04548119156933554
common_profiles	normalized_shannon	campaign_matched	Deep-Surface	7	0.08680843231644764
common_profiles	normalized_shannon	campaign_matched	Deep-Surface	8	-0.0357829662110527
common_profiles	normalized_shannon	campaign_matched	Deep-Surface	9	0.007218924621725686
common_profiles	normalized_shannon	campaign_matched	Deep-Surface	10	-0.0010866784179423365
common_profiles	normalized_shannon	campaign_matched	Deep-Surface	11	0.05510633091515721
common_profiles	normalized_shannon	campaign_matched	Deep-Surface	12	0.06136869269082615
common_profiles	normalized_shannon	campaign_matched	Deep-Surface	13	0.007438780403935308
common_profiles	normalized_shannon	campaign_matched	Deep-Surface	14	-0.029653618686944827
common_profiles	normalized_shannon	campaign_matched	Deep-Surface	15	0.010684939056476633
common_profiles	normalized_shannon	campaign_matched	Deep-Surface	16	0.04091462692907322
common_profiles	normalized_shannon	campaign_matched	Deep-Surface	17	-0.024232380507157925
common_profiles	normalized_shannon	campaign_matched	Deep-Surface	18	0.010960230799361073
common_profiles	normalized_shannon	campaign_matched	Deep-Surface	19	0.052374273465459587
common_profiles	normalized_shannon	campaign_matched	Deep-Surface	20	0.055042948017810144
common_profiles	normalized_shannon	campaign_matched	Deep-Surface	21	0.03982067649479629
common_profiles	normalized_shannon	campaign_matched	Deep-Surface	22	-0.04374445821667383
common_profiles	normalized_shannon	campaign_matched	Deep-Surface	23	0.02376147361051902
common_profiles	normalized_shannon	campaign_matched	Deep-Surface	24	-0.003611968422846945
common_profiles	normalized_shannon	campaign_matched	Deep-Surface	25	0.04617507084116232
common_profiles	normalized_shannon	campaign_matched	Deep-Surface	26	0.010496700767466532
common_profiles	normalized_shannon	campaign_matched	Deep-Surface	27	0.06854176544796912
common_profiles	normalized_shannon	campaign_matched	Deep-Surface	28	0.033730549404025756
common_profiles	normalized_shannon	campaign_matched	Deep-Surface	29	0.06744573074146547
common_profiles	normalized_shannon	campaign_matched	Deep-Surface	30	0.05452667530945173
common_profiles	normalized_shannon	campaign_matched	Deep-Surface	31	-0.03800959527032188
common_profiles	normalized_shannon	campaign_matched	Deep-Surface	32	0.014843182551891487
common_profiles	normalized_shannon	campaign_matched	Deep-Surface	33	-0.009111132546692899
common_profiles	normalized_shannon	campaign_matched	Deep-Surface	34	-0.06705887150448253
common_profiles	normalized_shannon	campaign_matched	Deep-Surface	35	0.025566793187388748
common_profiles	normalized_shannon	campaign_matched	Deep-Surface	36	0.02777345189346066
common_profiles	normalized_shannon	campaign_matched	Deep-Surface	37	-0.019183502524079854
common_profiles	normalized_shannon	campaign_matched	Deep-Surface	38	0.009782452509674319
common_profiles	normalized_shannon	campaign_matched	Deep-Surface	39	-0.000834466093052405
common_profiles	normalized_shannon	campaign_matched	Deep-Surface	40	0.0035640564855939174
common_profiles	normalized_shannon	campaign_matched	Deep-Surface	41	-0.043384447917018676
common_profiles	normalized_shannon	campaign_matched	Deep-Surface	42	0.03744962574286518
common_profiles	normalized_shannon	campaign_matched	Deep-Surface	43	-0.008264093044419182
common_profiles	normalized_shannon	campaign_matched	Deep-Surface	44	0.0329881187932316
common_profiles	normalized_shannon	campaign_matched	Deep-Surface	45	0.009113083086078416
common_profiles	normalized_shannon	campaign_matched	Deep-Surface	46	-0.013263347548417478
common_profiles	normalized_shannon	campaign_matched	Deep-Surface	47	-0.054718327145888056
common_profiles	normalized_shannon	campaign_matched	Deep-Surface	48	0.00034075186080358605
common_profiles	normalized_shannon	campaign_matched	Deep-Surface	49	-0.049971648692065794
common_profiles	normalized_shannon	campaign_matched	Deep-Surface	50	0.005478409929871549
common_profiles	normalized_shannon	campaign_matched	Deep-Surface	51	0.01268941645497342
common_profiles	normalized_shannon	campaign_matched	Deep-Surface	52	0.19512880013261413
common_profiles	normalized_shannon	campaign_matched	Deep-Surface	53	0.16242856069613115
common_profiles	normalized_shannon	campaign_matched	Deep-Surface	54	0.030411752947462012
common_profiles	normalized_shannon	campaign_matched	Deep-Surface	55	-0.036760508007265234
common_profiles	normalized_shannon	campaign_matched	Deep-Surface	56	0.0012174384566905616
common_profiles	normalized_shannon	campaign_matched	Deep-Surface	57	0.008842653801279613
common_profiles	normalized_shannon	campaign_matched	Deep-Surface	58	0.03529940547372579
common_profiles	normalized_shannon	campaign_matched	Deep-Surface	59	0.0513201676299444
common_profiles	normalized_shannon	campaign_matched	Deep-Surface	60	0.02827038091381201
common_profiles	normalized_shannon	campaign_matched	Rhizosphere-Surface	1	-0.04850918955130257
common_profiles	normalized_shannon	campaign_matched	Rhizosphere-Surface	2	-0.05626299763170687
common_profiles	normalized_shannon	campaign_matched	Rhizosphere-Surface	3	-0.16685842786701247
common_profiles	normalized_shannon	campaign_matched	Rhizosphere-Surface	4	-0.04362940058701503
common_profiles	normalized_shannon	campaign_matched	Rhizosphere-Surface	5	0.0006535357478714976
common_profiles	normalized_shannon	campaign_matched	Rhizosphere-Surface	6	-0.03004652941334232
common_profiles	normalized_shannon	campaign_matched	Rhizosphere-Surface	7	-0.04117938289793549
common_profiles	normalized_shannon	campaign_matched	Rhizosphere-Surface	8	0.00561280977722628
common_profiles	normalized_shannon	campaign_matched	Rhizosphere-Surface	9	-0.0706993497085154
common_profiles	normalized_shannon	campaign_matched	Rhizosphere-Surface	10	-0.10021894597181276
common_profiles	normalized_shannon	campaign_matched	Rhizosphere-Surface	11	0.006122730144411004
common_profiles	normalized_shannon	campaign_matched	Rhizosphere-Surface	12	0.0022068747060084715
common_profiles	normalized_shannon	campaign_matched	Rhizosphere-Surface	13	-0.024814126436578137
common_profiles	normalized_shannon	campaign_matched	Rhizosphere-Surface	14	-0.09424552194187563
common_profiles	normalized_shannon	campaign_matched	Rhizosphere-Surface	15	-0.036030606868975856
common_profiles	normalized_shannon	campaign_matched	Rhizosphere-Surface	16	0.00924407868077845
common_profiles	normalized_shannon	campaign_matched	Rhizosphere-Surface	17	-0.02072464179142804
common_profiles	normalized_shannon	campaign_matched	Rhizosphere-Surface	18	-0.30097093951792075
common_profiles	normalized_shannon	campaign_matched	Rhizosphere-Surface	19	-0.050796425844200375
common_profiles	normalized_shannon	campaign_matched	Rhizosphere-Surface	20	0.0094500300700191
common_profiles	normalized_shannon	campaign_matched	Rhizosphere-Surface	21	-0.010267654907084109
common_profiles	normalized_shannon	campaign_matched	Rhizosphere-Surface	22	-0.05116084297624198
common_profiles	normalized_shannon	campaign_matched	Rhizosphere-Surface	23	-0.0029878934732234796
common_profiles	normalized_shannon	campaign_matched	Rhizosphere-Surface	24	0.014633878693850466
common_profiles	normalized_shannon	campaign_matched	Rhizosphere-Surface	25	-0.05525814489820685
common_profiles	normalized_shannon	campaign_matched	Rhizosphere-Surface	26	-0.03510156763735278
common_profiles	normalized_shannon	campaign_matched	Rhizosphere-Surface	27	-0.07900225231162405
common_profiles	normalized_shannon	campaign_matched	Rhizosphere-Surface	28	-0.015129027447811158
common_profiles	normalized_shannon	campaign_matched	Rhizosphere-Surface	29	0.009899665390781983
common_profiles	normalized_shannon	campaign_matched	Rhizosphere-Surface	30	-0.018177154669983042
common_profiles	normalized_shannon	campaign_matched	Rhizosphere-Surface	31	-0.08222778856116202
common_profiles	normalized_shannon	campaign_matched	Rhizosphere-Surface	32	-0.08304342057887987
common_profiles	normalized_shannon	campaign_matched	Rhizosphere-Surface	33	-0.04139630689332866
common_profiles	normalized_shannon	campaign_matched	Rhizosphere-Surface	34	-0.025002977878530896
common_profiles	normalized_shannon	campaign_matched	Rhizosphere-Surface	35	0.025446623858821387
common_profiles	normalized_shannon	campaign_matched	Rhizosphere-Surface	36	-0.02866754505754754
common_profiles	normalized_shannon	campaign_matched	Rhizosphere-Surface	37	-0.09591811485494395
common_profiles	normalized_shannon	campaign_matched	Rhizosphere-Surface	38	-0.026391167425866058
common_profiles	normalized_shannon	campaign_matched	Rhizosphere-Surface	39	-0.06646345677440438
common_profiles	normalized_shannon	campaign_matched	Rhizosphere-Surface	40	0.0033283261124578134
common_profiles	normalized_shannon	campaign_matched	Rhizosphere-Surface	41	-0.1665598761918632
common_profiles	normalized_shannon	campaign_matched	Rhizosphere-Surface	42	-0.016169821789903033
common_profiles	normalized_shannon	campaign_matched	Rhizosphere-Surface	43	-0.08877509077694905
common_profiles	normalized_shannon	campaign_matched	Rhizosphere-Surface	44	-0.09453317863448624
common_profiles	normalized_shannon	campaign_matched	Rhizosphere-Surface	45	-0.005426548973127082
common_profiles	normalized_shannon	campaign_matched	Rhizosphere-Surface	46	-0.019112740669393724
common_profiles	normalized_shannon	campaign_matched	Rhizosphere-Surface	47	0.027370435629226808
common_profiles	normalized_shannon	campaign_matched	Rhizosphere-Surface	48	0.033639013959285424
common_profiles	normalized_shannon	campaign_matched	Rhizosphere-Surface	49	-0.009521465285566041
common_profiles	normalized_shannon	campaign_matched	Rhizosphere-Surface	50	-0.11158047565850537
common_profiles	normalized_shannon	campaign_matched	Rhizosphere-Surface	51	-0.07582189085257425
common_profiles	normalized_shannon	campaign_matched	Rhizosphere-Surface	52	0.09578722112658034
common_profiles	normalized_shannon	campaign_matched	Rhizosphere-Surface	53	0.24124453581522998
common_profiles	normalized_shannon	campaign_matched	Rhizosphere-Surface	54	0.005693761238003359
common_profiles	normalized_shannon	campaign_matched	Rhizosphere-Surface	55	-0.00854596964245006
common_profiles	normalized_shannon	campaign_matched	Rhizosphere-Surface	56	-0.014817771575904914
common_profiles	normalized_shannon	campaign_matched	Rhizosphere-Surface	57	-0.0020324147770666525
common_profiles	normalized_shannon	campaign_matched	Rhizosphere-Surface	58	-0.07307261323038178
common_profiles	normalized_shannon	campaign_matched	Rhizosphere-Surface	59	-0.033797432983191655
common_profiles	normalized_shannon	campaign_matched	Rhizosphere-Surface	60	-0.02383105368562377
common_profiles	normalized_shannon	campaign_matched	Rhizosphere-Deep	1	-0.06392014555366016
common_profiles	normalized_shannon	campaign_matched	Rhizosphere-Deep	2	-0.07023947825464975
common_profiles	normalized_shannon	campaign_matched	Rhizosphere-Deep	3	-0.1708917757824269
common_profiles	normalized_shannon	campaign_matched	Rhizosphere-Deep	4	-0.03813756061842255
common_profiles	normalized_shannon	campaign_matched	Rhizosphere-Deep	5	-0.03687219637405322
common_profiles	normalized_shannon	campaign_matched	Rhizosphere-Deep	6	-0.06975266111313291
common_profiles	normalized_shannon	campaign_matched	Rhizosphere-Deep	7	-0.04143858993535343
common_profiles	normalized_shannon	campaign_matched	Rhizosphere-Deep	8	0.0009898835735336526
common_profiles	normalized_shannon	campaign_matched	Rhizosphere-Deep	9	-0.07791827433024108
common_profiles	normalized_shannon	campaign_matched	Rhizosphere-Deep	10	-0.0779344036444409
common_profiles	normalized_shannon	campaign_matched	Rhizosphere-Deep	11	-0.048983600770746205
common_profiles	normalized_shannon	campaign_matched	Rhizosphere-Deep	12	-0.05916181798481768
common_profiles	normalized_shannon	campaign_matched	Rhizosphere-Deep	13	-0.01675815562429811
common_profiles	normalized_shannon	campaign_matched	Rhizosphere-Deep	14	-0.0645919032549308
common_profiles	normalized_shannon	campaign_matched	Rhizosphere-Deep	15	-0.04671554592545249
common_profiles	normalized_shannon	campaign_matched	Rhizosphere-Deep	16	-0.031670548248294766
common_profiles	normalized_shannon	campaign_matched	Rhizosphere-Deep	17	-0.005026458290032204
common_profiles	normalized_shannon	campaign_matched	Rhizosphere-Deep	18	-0.3212997458887471
common_profiles	normalized_shannon	campaign_matched	Rhizosphere-Deep	19	-0.06878642371126253
common_profiles	normalized_shannon	campaign_matched	Rhizosphere-Deep	20	-0.03883700214365774
common_profiles	normalized_shannon	campaign_matched	Rhizosphere-Deep	21	-0.06717325301904804
common_profiles	normalized_shannon	campaign_matched	Rhizosphere-Deep	22	-0.007416384759568147
common_profiles	normalized_shannon	campaign_matched	Rhizosphere-Deep	23	-0.0122958003152914
common_profiles	normalized_shannon	campaign_matched	Rhizosphere-Deep	24	0.07495575774661108
common_profiles	normalized_shannon	campaign_matched	Rhizosphere-Deep	25	-0.10143321573936917
common_profiles	normalized_shannon	campaign_matched	Rhizosphere-Deep	26	-0.045598268404819314
common_profiles	normalized_shannon	campaign_matched	Rhizosphere-Deep	27	-0.12765822862556958
common_profiles	normalized_shannon	campaign_matched	Rhizosphere-Deep	28	-0.09437450050293644
common_profiles	normalized_shannon	campaign_matched	Rhizosphere-Deep	29	-0.05754606535068348
common_profiles	normalized_shannon	campaign_matched	Rhizosphere-Deep	30	-0.042619788762824386
common_profiles	normalized_shannon	campaign_matched	Rhizosphere-Deep	31	-0.044218193290840126
common_profiles	normalized_shannon	campaign_matched	Rhizosphere-Deep	32	-0.09788660313077135
common_profiles	normalized_shannon	campaign_matched	Rhizosphere-Deep	33	-0.03228517434663577
common_profiles	normalized_shannon	campaign_matched	Rhizosphere-Deep	34	-0.008969081500456314
common_profiles	normalized_shannon	campaign_matched	Rhizosphere-Deep	35	-0.013368606209601785
common_profiles	normalized_shannon	campaign_matched	Rhizosphere-Deep	36	-0.08816437309057201
common_profiles	normalized_shannon	campaign_matched	Rhizosphere-Deep	37	-0.0921447687619523
common_profiles	normalized_shannon	campaign_matched	Rhizosphere-Deep	38	-0.049411486724727983
common_profiles	normalized_shannon	campaign_matched	Rhizosphere-Deep	39	-0.06562899068135197
common_profiles	normalized_shannon	campaign_matched	Rhizosphere-Deep	40	-0.02846026663738817
common_profiles	normalized_shannon	campaign_matched	Rhizosphere-Deep	41	0.029867137354913365
common_profiles	normalized_shannon	campaign_matched	Rhizosphere-Deep	42	-0.040904689052490374
common_profiles	normalized_shannon	campaign_matched	Rhizosphere-Deep	43	-0.06423355832002797
common_profiles	normalized_shannon	campaign_matched	Rhizosphere-Deep	44	-0.03974077311601776
common_profiles	normalized_shannon	campaign_matched	Rhizosphere-Deep	45	-0.014539632059205498
common_profiles	normalized_shannon	campaign_matched	Rhizosphere-Deep	46	0.012293894706834507
common_profiles	normalized_shannon	campaign_matched	Rhizosphere-Deep	47	0.11621423298013045
common_profiles	normalized_shannon	campaign_matched	Rhizosphere-Deep	48	0.02346912690648632
common_profiles	normalized_shannon	campaign_matched	Rhizosphere-Deep	49	0.04045018340649975
common_profiles	normalized_shannon	campaign_matched	Rhizosphere-Deep	50	-0.11705888558837692
common_profiles	normalized_shannon	campaign_matched	Rhizosphere-Deep	51	-0.08851130730754768
common_profiles	normalized_shannon	campaign_matched	Rhizosphere-Deep	52	-0.0993415790060338
common_profiles	normalized_shannon	campaign_matched	Rhizosphere-Deep	53	0.018523215853152475
common_profiles	normalized_shannon	campaign_matched	Rhizosphere-Deep	54	-0.019277990677090073
common_profiles	normalized_shannon	campaign_matched	Rhizosphere-Deep	55	0.028214538364815172
common_profiles	normalized_shannon	campaign_matched	Rhizosphere-Deep	56	0.0670163994095318
common_profiles	normalized_shannon	campaign_matched	Rhizosphere-Deep	57	-0.010875068578346267
common_profiles	normalized_shannon	campaign_matched	Rhizosphere-Deep	58	-0.1359723459873613
common_profiles	normalized_shannon	campaign_matched	Rhizosphere-Deep	59	-0.043144163235371624
common_profiles	normalized_shannon	campaign_matched	Rhizosphere-Deep	60	0.13633879181824715
