family	source	source_data_row	hypothesis	p	q
alpha_original:richness_rare	results/paired_compartment_effects.tsv	18	"{""comparison"": ""Deep-Surface"", ""metric"": ""richness_rare"", ""trip"": ""all""}"	0.0224836181874831	0.0661895744202898
alpha_original:richness_rare	results/paired_compartment_effects.tsv	19	"{""comparison"": ""Rhizosphere-Surface"", ""metric"": ""richness_rare"", ""trip"": ""all""}"	0.813765349083316	0.8680163723555371
alpha_original:richness_rare	results/paired_compartment_effects.tsv	20	"{""comparison"": ""Rhizosphere-Deep"", ""metric"": ""richness_rare"", ""trip"": ""all""}"	0.0585000453346624	0.1170000906693249
alpha_original:richness_rare	results/paired_compartment_effects.tsv	21	"{""comparison"": ""Deep-Surface"", ""metric"": ""richness_rare"", ""trip"": ""1""}"	0.0047555180135857	0.0190220720543431
alpha_original:richness_rare	results/paired_compartment_effects.tsv	22	"{""comparison"": ""Rhizosphere-Surface"", ""metric"": ""richness_rare"", ""trip"": ""1""}"	0.9489011496671084	0.9489011496671084
alpha_original:richness_rare	results/paired_compartment_effects.tsv	23	"{""comparison"": ""Rhizosphere-Deep"", ""metric"": ""richness_rare"", ""trip"": ""1""}"	0.000685357841121	0.005482862728968
alpha_original:richness_rare	results/paired_compartment_effects.tsv	24	"{""comparison"": ""Rhizosphere-Surface"", ""metric"": ""richness_rare"", ""trip"": ""2""}"	0.25	0.3636363636363636
alpha_original:richness_rare	results/paired_compartment_effects.tsv	25	"{""comparison"": ""Deep-Surface"", ""metric"": ""richness_rare"", ""trip"": ""3""}"	0.0248210904076086	0.0661895744202898
alpha_original:richness_rare	results/paired_compartment_effects.tsv	26	"{""comparison"": ""Rhizosphere-Surface"", ""metric"": ""richness_rare"", ""trip"": ""3""}"	0.0012618111611096	0.0067296595259179
alpha_original:richness_rare	results/paired_compartment_effects.tsv	27	"{""comparison"": ""Rhizosphere-Deep"", ""metric"": ""richness_rare"", ""trip"": ""3""}"	7.725510608599777e-05	0.0012360816973759
alpha_original:richness_rare	results/paired_compartment_effects.tsv	28	"{""comparison"": ""Deep-Surface"", ""metric"": ""richness_rare"", ""trip"": ""4""}"	0.2779693898009373	0.3706258530679164
alpha_original:richness_rare	results/paired_compartment_effects.tsv	29	"{""comparison"": ""Rhizosphere-Surface"", ""metric"": ""richness_rare"", ""trip"": ""4""}"	0.0375203480331233	0.0857607955042818
alpha_original:richness_rare	results/paired_compartment_effects.tsv	30	"{""comparison"": ""Rhizosphere-Deep"", ""metric"": ""richness_rare"", ""trip"": ""4""}"	0.1891633225549045	0.3026613160878472
alpha_original:richness_rare	results/paired_compartment_effects.tsv	31	"{""comparison"": ""Deep-Surface"", ""metric"": ""richness_rare"", ""trip"": ""5""}"	0.4037628173828125	0.4614432198660714
alpha_original:richness_rare	results/paired_compartment_effects.tsv	32	"{""comparison"": ""Rhizosphere-Surface"", ""metric"": ""richness_rare"", ""trip"": ""5""}"	0.3053088188171386	0.3757647000826322
alpha_original:richness_rare	results/paired_compartment_effects.tsv	33	"{""comparison"": ""Rhizosphere-Deep"", ""metric"": ""richness_rare"", ""trip"": ""5""}"	0.090818200726062	0.1614545790685547
alpha_original:shannon	results/paired_compartment_effects.tsv	1	"{""comparison"": ""Deep-Surface"", ""metric"": ""shannon"", ""trip"": ""all""}"	0.1134796780253832	0.189426442685062
alpha_original:shannon	results/paired_compartment_effects.tsv	2	"{""comparison"": ""Rhizosphere-Surface"", ""metric"": ""shannon"", ""trip"": ""all""}"	0.0106347687157284	0.0256331034907036
alpha_original:shannon	results/paired_compartment_effects.tsv	3	"{""comparison"": ""Rhizosphere-Deep"", ""metric"": ""shannon"", ""trip"": ""all""}"	0.0120626369368017	0.0256331034907036
alpha_original:shannon	results/paired_compartment_effects.tsv	4	"{""comparison"": ""Deep-Surface"", ""metric"": ""shannon"", ""trip"": ""1""}"	2.1099144751812227e-05	0.0001793427303904
alpha_original:shannon	results/paired_compartment_effects.tsv	5	"{""comparison"": ""Rhizosphere-Surface"", ""metric"": ""shannon"", ""trip"": ""1""}"	0.1255898982693679	0.189426442685062
alpha_original:shannon	results/paired_compartment_effects.tsv	6	"{""comparison"": ""Rhizosphere-Deep"", ""metric"": ""shannon"", ""trip"": ""1""}"	1.0896568198859312e-05	0.0001793427303904
alpha_original:shannon	results/paired_compartment_effects.tsv	7	"{""comparison"": ""Rhizosphere-Surface"", ""metric"": ""shannon"", ""trip"": ""2""}"	0.25	0.3035714285714285
alpha_original:shannon	results/paired_compartment_effects.tsv	8	"{""comparison"": ""Rhizosphere-Deep"", ""metric"": ""shannon"", ""trip"": ""2""}"	0.8125	0.8125
alpha_original:shannon	results/paired_compartment_effects.tsv	9	"{""comparison"": ""Deep-Surface"", ""metric"": ""shannon"", ""trip"": ""3""}"	0.0243493317656901	0.0459931822240813
alpha_original:shannon	results/paired_compartment_effects.tsv	10	"{""comparison"": ""Rhizosphere-Surface"", ""metric"": ""shannon"", ""trip"": ""3""}"	0.0083143177491007	0.0235572336224521
alpha_original:shannon	results/paired_compartment_effects.tsv	11	"{""comparison"": ""Rhizosphere-Deep"", ""metric"": ""shannon"", ""trip"": ""3""}"	0.0022707815278114	0.0096508214931985
alpha_original:shannon	results/paired_compartment_effects.tsv	12	"{""comparison"": ""Deep-Surface"", ""metric"": ""shannon"", ""trip"": ""4""}"	0.4874227483084589	0.549407958984375
alpha_original:shannon	results/paired_compartment_effects.tsv	13	"{""comparison"": ""Rhizosphere-Surface"", ""metric"": ""shannon"", ""trip"": ""4""}"	0.0022554405055918	0.0096508214931985
alpha_original:shannon	results/paired_compartment_effects.tsv	14	"{""comparison"": ""Rhizosphere-Deep"", ""metric"": ""shannon"", ""trip"": ""4""}"	0.1448555149944591	0.189426442685062
alpha_original:shannon	results/paired_compartment_effects.tsv	15	"{""comparison"": ""Deep-Surface"", ""metric"": ""shannon"", ""trip"": ""5""}"	0.51708984375	0.549407958984375
alpha_original:shannon	results/paired_compartment_effects.tsv	16	"{""comparison"": ""Rhizosphere-Surface"", ""metric"": ""shannon"", ""trip"": ""5""}"	0.1374893188476562	0.189426442685062
alpha_original:shannon	results/paired_compartment_effects.tsv	17	"{""comparison"": ""Rhizosphere-Deep"", ""metric"": ""shannon"", ""trip"": ""5""}"	0.0068945339880883	0.0234414155595004
composition	compartment_composition/compartment_location_results.tsv	2	"{""contrast"": ""Deep-Surface""}"	0.001	0.001
composition	compartment_composition/compartment_location_results.tsv	3	"{""contrast"": ""Rhizosphere-Surface""}"	0.001	0.001
composition	compartment_composition/compartment_location_results.tsv	4	"{""contrast"": ""Rhizosphere-Deep""}"	0.001	0.001
climate_alpha	environment_associations/climate_alpha_correlations.tsv	1	"{""climate_variable"": ""mean_air_temperature_c"", ""response"": ""shannon""}"	2.006285336e-10	6.018856007e-10
climate_alpha	environment_associations/climate_alpha_correlations.tsv	2	"{""climate_variable"": ""mean_air_temperature_c"", ""response"": ""expected_richness_25k""}"	3.4654897720000004e-14	3.118940795e-13
climate_alpha	environment_associations/climate_alpha_correlations.tsv	3	"{""climate_variable"": ""mean_air_temperature_c"", ""response"": ""normalized_evenness""}"	9.737253644e-07	1.752705656e-06
climate_alpha	environment_associations/climate_alpha_correlations.tsv	4	"{""climate_variable"": ""mean_monthly_rain_mm"", ""response"": ""shannon""}"	0.0001487701498	0.0001673664185
climate_alpha	environment_associations/climate_alpha_correlations.tsv	5	"{""climate_variable"": ""mean_monthly_rain_mm"", ""response"": ""expected_richness_25k""}"	5.844927621e-05	7.514906942e-05
climate_alpha	environment_associations/climate_alpha_correlations.tsv	6	"{""climate_variable"": ""mean_monthly_rain_mm"", ""response"": ""normalized_evenness""}"	0.02059311071	0.02059311071
climate_alpha	environment_associations/climate_alpha_correlations.tsv	7	"{""climate_variable"": ""mean_relative_humidity_pct"", ""response"": ""shannon""}"	4.616640526e-10	1.038744118e-09
climate_alpha	environment_associations/climate_alpha_correlations.tsv	8	"{""climate_variable"": ""mean_relative_humidity_pct"", ""response"": ""expected_richness_25k""}"	6.383345964e-13	2.872505684e-12
climate_alpha	environment_associations/climate_alpha_correlations.tsv	9	"{""climate_variable"": ""mean_relative_humidity_pct"", ""response"": ""normalized_evenness""}"	1.925309344e-05	2.887964016e-05
climate_genus	environment_associations/climate_genus_correlations.tsv	1	"{""climate_variable"": ""mean_air_temperature_c"", ""genus"": ""Domibacillus""}"	0.3848180324	0.4500795701
climate_genus	environment_associations/climate_genus_correlations.tsv	2	"{""climate_variable"": ""mean_air_temperature_c"", ""genus"": ""Massilia""}"	0.003114223661	0.007785559153
climate_genus	environment_associations/climate_genus_correlations.tsv	3	"{""climate_variable"": ""mean_air_temperature_c"", ""genus"": ""Bacillus""}"	1.6566209e-16	4.9698627e-14
climate_genus	environment_associations/climate_genus_correlations.tsv	4	"{""climate_variable"": ""mean_air_temperature_c"", ""genus"": ""Microvirga""}"	0.1072851108	0.1554856679
climate_genus	environment_associations/climate_genus_correlations.tsv	5	"{""climate_variable"": ""mean_air_temperature_c"", ""genus"": ""Flavisolibacter""}"	0.002221053918	0.0057940537
climate_genus	environment_associations/climate_genus_correlations.tsv	6	"{""climate_variable"": ""mean_air_temperature_c"", ""genus"": ""Noviherbaspirillum""}"	0.01574130341	0.0303690741
climate_genus	environment_associations/climate_genus_correlations.tsv	7	"{""climate_variable"": ""mean_air_temperature_c"", ""genus"": ""Streptomyces""}"	1.674398753e-07	2.283271027e-06
climate_genus	environment_associations/climate_genus_correlations.tsv	8	"{""climate_variable"": ""mean_air_temperature_c"", ""genus"": ""Herpetosiphon""}"	0.01908673027	0.03601269862
climate_genus	environment_associations/climate_genus_correlations.tsv	9	"{""climate_variable"": ""mean_air_temperature_c"", ""genus"": ""Paenibacillus""}"	0.003325523799	0.008211169874
climate_genus	environment_associations/climate_genus_correlations.tsv	10	"{""climate_variable"": ""mean_air_temperature_c"", ""genus"": ""Nocardioides""}"	0.003353447559	0.008246182522
climate_genus	environment_associations/climate_genus_correlations.tsv	11	"{""climate_variable"": ""mean_air_temperature_c"", ""genus"": ""Lysinibacillus""}"	0.110118733	0.1588250957
climate_genus	environment_associations/climate_genus_correlations.tsv	12	"{""climate_variable"": ""mean_air_temperature_c"", ""genus"": ""Rubrobacter""}"	6.606279277e-05	0.0002893260997
climate_genus	environment_associations/climate_genus_correlations.tsv	13	"{""climate_variable"": ""mean_air_temperature_c"", ""genus"": ""Ammoniphilus""}"	4.70188198e-12	4.70188198e-10
climate_genus	environment_associations/climate_genus_correlations.tsv	14	"{""climate_variable"": ""mean_air_temperature_c"", ""genus"": ""Deinococcus""}"	0.003230639678	0.008009850442
climate_genus	environment_associations/climate_genus_correlations.tsv	15	"{""climate_variable"": ""mean_air_temperature_c"", ""genus"": ""Rubellimicrobium""}"	0.006397617471	0.01411239148
climate_genus	environment_associations/climate_genus_correlations.tsv	16	"{""climate_variable"": ""mean_air_temperature_c"", ""genus"": ""Nibribacter""}"	0.3071284604	0.3700342896
climate_genus	environment_associations/climate_genus_correlations.tsv	17	"{""climate_variable"": ""mean_air_temperature_c"", ""genus"": ""Geodermatophilus""}"	9.196595041e-05	0.0003831914601
climate_genus	environment_associations/climate_genus_correlations.tsv	18	"{""climate_variable"": ""mean_air_temperature_c"", ""genus"": ""Ramlibacter""}"	0.07488461312	0.1152070971
climate_genus	environment_associations/climate_genus_correlations.tsv	19	"{""climate_variable"": ""mean_air_temperature_c"", ""genus"": ""Planococcus""}"	0.2215538975	0.2816363103
climate_genus	environment_associations/climate_genus_correlations.tsv	20	"{""climate_variable"": ""mean_air_temperature_c"", ""genus"": ""Ectobacillus""}"	0.2283661284	0.2872529917
climate_genus	environment_associations/climate_genus_correlations.tsv	21	"{""climate_variable"": ""mean_air_temperature_c"", ""genus"": ""Neobacillus""}"	0.1466471297	0.2041491365
climate_genus	environment_associations/climate_genus_correlations.tsv	22	"{""climate_variable"": ""mean_air_temperature_c"", ""genus"": ""Acidiferrimicrobium""}"	0.4988956566	0.5543285073
climate_genus	environment_associations/climate_genus_correlations.tsv	23	"{""climate_variable"": ""mean_air_temperature_c"", ""genus"": ""Adhaeribacter""}"	8.414548828e-05	0.0003559265597
climate_genus	environment_associations/climate_genus_correlations.tsv	24	"{""climate_variable"": ""mean_air_temperature_c"", ""genus"": ""Metabacillus""}"	5.177224674e-07	5.878972128e-06
climate_genus	environment_associations/climate_genus_correlations.tsv	25	"{""climate_variable"": ""mean_air_temperature_c"", ""genus"": ""Ellin6055""}"	1.657697131e-08	3.978473115e-07
climate_genus	environment_associations/climate_genus_correlations.tsv	26	"{""climate_variable"": ""mean_air_temperature_c"", ""genus"": ""Solirubrobacter""}"	9.998336908e-07	9.229234069e-06
climate_genus	environment_associations/climate_genus_correlations.tsv	27	"{""climate_variable"": ""mean_air_temperature_c"", ""genus"": ""Bradyrhizobium""}"	1.264339903e-06	1.149399912e-05
climate_genus	environment_associations/climate_genus_correlations.tsv	28	"{""climate_variable"": ""mean_air_temperature_c"", ""genus"": ""Halomonas""}"	1.573182811e-07	2.195138807e-06
climate_genus	environment_associations/climate_genus_correlations.tsv	29	"{""climate_variable"": ""mean_air_temperature_c"", ""genus"": ""Arthrobacter""}"	0.001340897873	0.003707551723
climate_genus	environment_associations/climate_genus_correlations.tsv	30	"{""climate_variable"": ""mean_air_temperature_c"", ""genus"": ""Symbiobacterium""}"	0.2536590247	0.3144533364
climate_genus	environment_associations/climate_genus_correlations.tsv	31	"{""climate_variable"": ""mean_air_temperature_c"", ""genus"": ""Sphingoaurantiacus""}"	0.05201510765	0.08573918844
climate_genus	environment_associations/climate_genus_correlations.tsv	32	"{""climate_variable"": ""mean_air_temperature_c"", ""genus"": ""Blastococcus""}"	1.23557096e-05	6.887621553e-05
climate_genus	environment_associations/climate_genus_correlations.tsv	33	"{""climate_variable"": ""mean_air_temperature_c"", ""genus"": ""Pseudomonas""}"	7.376575062e-06	4.562829935e-05
climate_genus	environment_associations/climate_genus_correlations.tsv	34	"{""climate_variable"": ""mean_air_temperature_c"", ""genus"": ""Pontibacter""}"	3.560200088e-09	1.068060027e-07
climate_genus	environment_associations/climate_genus_correlations.tsv	35	"{""climate_variable"": ""mean_air_temperature_c"", ""genus"": ""Roseomonas""}"	0.03153650857	0.05565266219
climate_genus	environment_associations/climate_genus_correlations.tsv	36	"{""climate_variable"": ""mean_air_temperature_c"", ""genus"": ""Nitrolancea""}"	0.7719511336	0.8027221493
climate_genus	environment_associations/climate_genus_correlations.tsv	37	"{""climate_variable"": ""mean_air_temperature_c"", ""genus"": ""Tumebacillus""}"	0.04835361996	0.0805893666
climate_genus	environment_associations/climate_genus_correlations.tsv	38	"{""climate_variable"": ""mean_air_temperature_c"", ""genus"": ""Pseudonocardia""}"	1.895419476e-08	4.374044945e-07
climate_genus	environment_associations/climate_genus_correlations.tsv	39	"{""climate_variable"": ""mean_air_temperature_c"", ""genus"": ""CSP1-2""}"	0.6152036152	0.6626968925
climate_genus	environment_associations/climate_genus_correlations.tsv	40	"{""climate_variable"": ""mean_air_temperature_c"", ""genus"": ""Chthoniobacter""}"	9.454986835e-05	0.0003885611028
climate_genus	environment_associations/climate_genus_correlations.tsv	41	"{""climate_variable"": ""mean_air_temperature_c"", ""genus"": ""Lysobacter""}"	0.1656360596	0.2248453298
climate_genus	environment_associations/climate_genus_correlations.tsv	42	"{""climate_variable"": ""mean_air_temperature_c"", ""genus"": ""Saccharopolyspora""}"	0.006529377029	0.01435027919
climate_genus	environment_associations/climate_genus_correlations.tsv	43	"{""climate_variable"": ""mean_air_temperature_c"", ""genus"": ""Cytophaga""}"	0.1910057195	0.2503422004
climate_genus	environment_associations/climate_genus_correlations.tsv	44	"{""climate_variable"": ""mean_air_temperature_c"", ""genus"": ""Cellulomonas""}"	1.040659952e-09	4.459971222e-08
climate_genus	environment_associations/climate_genus_correlations.tsv	45	"{""climate_variable"": ""mean_air_temperature_c"", ""genus"": ""Archangium""}"	0.121874696	0.1736931534
climate_genus	environment_associations/climate_genus_correlations.tsv	46	"{""climate_variable"": ""mean_air_temperature_c"", ""genus"": ""Pirellula""}"	2.743761794e-07	3.429702243e-06
climate_genus	environment_associations/climate_genus_correlations.tsv	47	"{""climate_variable"": ""mean_air_temperature_c"", ""genus"": ""Actinomadura""}"	0.001371558742	0.003772802217
climate_genus	environment_associations/climate_genus_correlations.tsv	48	"{""climate_variable"": ""mean_air_temperature_c"", ""genus"": ""Chelativorans""}"	0.3162176767	0.3787038044
climate_genus	environment_associations/climate_genus_correlations.tsv	49	"{""climate_variable"": ""mean_air_temperature_c"", ""genus"": ""Segetibacter""}"	0.0003352617968	0.001130095944
climate_genus	environment_associations/climate_genus_correlations.tsv	50	"{""climate_variable"": ""mean_air_temperature_c"", ""genus"": ""Devosia""}"	0.4605477127	0.5205386233
climate_genus	environment_associations/climate_genus_correlations.tsv	51	"{""climate_variable"": ""mean_air_temperature_c"", ""genus"": ""Phenylobacterium""}"	0.0008814972883	0.002605410704
climate_genus	environment_associations/climate_genus_correlations.tsv	52	"{""climate_variable"": ""mean_air_temperature_c"", ""genus"": ""Steroidobacter""}"	5.383363185e-09	1.46818996e-07
climate_genus	environment_associations/climate_genus_correlations.tsv	53	"{""climate_variable"": ""mean_air_temperature_c"", ""genus"": ""Oxalophagus""}"	0.8809026548	0.894317416
climate_genus	environment_associations/climate_genus_correlations.tsv	54	"{""climate_variable"": ""mean_air_temperature_c"", ""genus"": ""Halalkalibacter""}"	1.941697601e-17	1.1650185610000001e-14
climate_genus	environment_associations/climate_genus_correlations.tsv	55	"{""climate_variable"": ""mean_air_temperature_c"", ""genus"": ""Gemmatimonas""}"	2.473772984e-06	1.927615312e-05
climate_genus	environment_associations/climate_genus_correlations.tsv	56	"{""climate_variable"": ""mean_air_temperature_c"", ""genus"": ""Gaiella""}"	4.443412515e-06	3.029599442e-05
climate_genus	environment_associations/climate_genus_correlations.tsv	57	"{""climate_variable"": ""mean_air_temperature_c"", ""genus"": ""Prauserella""}"	0.2044941336	0.2644320694
climate_genus	environment_associations/climate_genus_correlations.tsv	58	"{""climate_variable"": ""mean_air_temperature_c"", ""genus"": ""Cnuella""}"	0.01027647686	0.02097240176
climate_genus	environment_associations/climate_genus_correlations.tsv	59	"{""climate_variable"": ""mean_air_temperature_c"", ""genus"": ""Azospirillum""}"	0.0961162063	0.1423943797
climate_genus	environment_associations/climate_genus_correlations.tsv	60	"{""climate_variable"": ""mean_air_temperature_c"", ""genus"": ""Vallicoccus""}"	0.03462907858	0.06057564767
climate_genus	environment_associations/climate_genus_correlations.tsv	61	"{""climate_variable"": ""mean_air_temperature_c"", ""genus"": ""Roseisolibacter""}"	4.742563829e-06	3.197234042e-05
climate_genus	environment_associations/climate_genus_correlations.tsv	62	"{""climate_variable"": ""mean_air_temperature_c"", ""genus"": ""Mycobacterium""}"	0.0003884522701	0.001273614
climate_genus	environment_associations/climate_genus_correlations.tsv	63	"{""climate_variable"": ""mean_air_temperature_c"", ""genus"": ""Sphingomonas""}"	4.195484066e-06	2.927081907e-05
climate_genus	environment_associations/climate_genus_correlations.tsv	64	"{""climate_variable"": ""mean_air_temperature_c"", ""genus"": ""Daejeonella""}"	0.01647292247	0.03137699518
climate_genus	environment_associations/climate_genus_correlations.tsv	65	"{""climate_variable"": ""mean_air_temperature_c"", ""genus"": ""Telluribacter""}"	0.04825290632	0.0805893666
climate_genus	environment_associations/climate_genus_correlations.tsv	66	"{""climate_variable"": ""mean_air_temperature_c"", ""genus"": ""MND1""}"	0.04301805642	0.07374523959
climate_genus	environment_associations/climate_genus_correlations.tsv	67	"{""climate_variable"": ""mean_air_temperature_c"", ""genus"": ""Marmoricola""}"	1.040659952e-09	4.459971222e-08
climate_genus	environment_associations/climate_genus_correlations.tsv	68	"{""climate_variable"": ""mean_air_temperature_c"", ""genus"": ""Pir4 lineage""}"	0.0680127615	0.1073885708
climate_genus	environment_associations/climate_genus_correlations.tsv	69	"{""climate_variable"": ""mean_air_temperature_c"", ""genus"": ""Terribacillus""}"	0.5271464531	0.5835569592
climate_genus	environment_associations/climate_genus_correlations.tsv	70	"{""climate_variable"": ""mean_air_temperature_c"", ""genus"": ""Croceibacterium""}"	0.7638942898	0.797107085
climate_genus	environment_associations/climate_genus_correlations.tsv	71	"{""climate_variable"": ""mean_air_temperature_c"", ""genus"": ""Verrucosispora""}"	0.09894231878	0.1455690937
climate_genus	environment_associations/climate_genus_correlations.tsv	72	"{""climate_variable"": ""mean_air_temperature_c"", ""genus"": ""Pedomicrobium""}"	0.1386200393	0.1961604329
climate_genus	environment_associations/climate_genus_correlations.tsv	73	"{""climate_variable"": ""mean_air_temperature_c"", ""genus"": ""DSSF69""}"	0.02081846199	0.03891301306
climate_genus	environment_associations/climate_genus_correlations.tsv	74	"{""climate_variable"": ""mean_air_temperature_c"", ""genus"": ""Peredibacter""}"	0.3101732243	0.3729537767
climate_genus	environment_associations/climate_genus_correlations.tsv	75	"{""climate_variable"": ""mean_air_temperature_c"", ""genus"": ""Acidibacter""}"	0.293469888	0.3557210764
climate_genus	environment_associations/climate_genus_correlations.tsv	76	"{""climate_variable"": ""mean_air_temperature_c"", ""genus"": ""Opitutus""}"	0.1021526574	0.1494916937
climate_genus	environment_associations/climate_genus_correlations.tsv	77	"{""climate_variable"": ""mean_air_temperature_c"", ""genus"": ""Litchfieldia""}"	4.440978111e-05	0.0002148860376
climate_genus	environment_associations/climate_genus_correlations.tsv	78	"{""climate_variable"": ""mean_air_temperature_c"", ""genus"": ""Bryobacter""}"	1.182910583e-07	1.731088657e-06
climate_genus	environment_associations/climate_genus_correlations.tsv	79	"{""climate_variable"": ""mean_air_temperature_c"", ""genus"": ""Nitrospira""}"	0.0004856360113	0.001549902164
climate_genus	environment_associations/climate_genus_correlations.tsv	80	"{""climate_variable"": ""mean_air_temperature_c"", ""genus"": ""Limnobacter""}"	1.662830521e-06	1.366710017e-05
climate_genus	environment_associations/climate_genus_correlations.tsv	81	"{""climate_variable"": ""mean_air_temperature_c"", ""genus"": ""Kallotenue""}"	0.007858500774	0.01690000167
climate_genus	environment_associations/climate_genus_correlations.tsv	82	"{""climate_variable"": ""mean_air_temperature_c"", ""genus"": ""Novosphingobium""}"	0.0321610244	0.05658831273
climate_genus	environment_associations/climate_genus_correlations.tsv	83	"{""climate_variable"": ""mean_air_temperature_c"", ""genus"": ""Pelagibacterium""}"	3.396207486e-07	4.075448983e-06
climate_genus	environment_associations/climate_genus_correlations.tsv	84	"{""climate_variable"": ""mean_air_temperature_c"", ""genus"": ""Actinophytocola""}"	4.936403175e-05	0.000233215898
climate_genus	environment_associations/climate_genus_correlations.tsv	85	"{""climate_variable"": ""mean_air_temperature_c"", ""genus"": ""Mesobacillus""}"	0.007698246159	0.01661491977
climate_genus	environment_associations/climate_genus_correlations.tsv	86	"{""climate_variable"": ""mean_air_temperature_c"", ""genus"": ""Arcticibacter""}"	0.02538407889	0.04587484137
climate_genus	environment_associations/climate_genus_correlations.tsv	87	"{""climate_variable"": ""mean_air_temperature_c"", ""genus"": ""Kocuria""}"	0.4297975531	0.4911972036
climate_genus	environment_associations/climate_genus_correlations.tsv	88	"{""climate_variable"": ""mean_air_temperature_c"", ""genus"": ""Arenimicrobium""}"	0.6804798745	0.7240749734
climate_genus	environment_associations/climate_genus_correlations.tsv	89	"{""climate_variable"": ""mean_air_temperature_c"", ""genus"": ""Truepera""}"	0.0006210448482	0.001930709372
climate_genus	environment_associations/climate_genus_correlations.tsv	90	"{""climate_variable"": ""mean_air_temperature_c"", ""genus"": ""OM27 clade""}"	0.6020348058	0.6517985317
climate_genus	environment_associations/climate_genus_correlations.tsv	91	"{""climate_variable"": ""mean_air_temperature_c"", ""genus"": ""Parviterribacter""}"	1.910260269e-06	1.548859677e-05
climate_genus	environment_associations/climate_genus_correlations.tsv	92	"{""climate_variable"": ""mean_air_temperature_c"", ""genus"": ""Sporocytophaga""}"	0.09898698373	0.1455690937
climate_genus	environment_associations/climate_genus_correlations.tsv	93	"{""climate_variable"": ""mean_air_temperature_c"", ""genus"": ""Brucella""}"	5.690891133e-07	5.990411719e-06
climate_genus	environment_associations/climate_genus_correlations.tsv	94	"{""climate_variable"": ""mean_air_temperature_c"", ""genus"": ""Isoptericola""}"	0.6187757584	0.6653502778
climate_genus	environment_associations/climate_genus_correlations.tsv	95	"{""climate_variable"": ""mean_air_temperature_c"", ""genus"": ""Saccharomonospora""}"	8.550266147e-07	8.015874513e-06
climate_genus	environment_associations/climate_genus_correlations.tsv	96	"{""climate_variable"": ""mean_air_temperature_c"", ""genus"": ""Dongia""}"	0.001026909472	0.002948065471
climate_genus	environment_associations/climate_genus_correlations.tsv	97	"{""climate_variable"": ""mean_air_temperature_c"", ""genus"": ""Roseicella""}"	0.01483101124	0.02889158034
climate_genus	environment_associations/climate_genus_correlations.tsv	98	"{""climate_variable"": ""mean_air_temperature_c"", ""genus"": ""Subgroup 10""}"	0.9707539702	0.9723745945
climate_genus	environment_associations/climate_genus_correlations.tsv	99	"{""climate_variable"": ""mean_air_temperature_c"", ""genus"": ""Streptococcus""}"	1.872736146e-05	9.94373175e-05
climate_genus	environment_associations/climate_genus_correlations.tsv	100	"{""climate_variable"": ""mean_air_temperature_c"", ""genus"": ""Glycomyces""}"	0.6927489074	0.7343627993
climate_genus	environment_associations/climate_genus_correlations.tsv	101	"{""climate_variable"": ""mean_air_temperature_c"", ""genus"": ""Gracilibacillus""}"	3.380114889e-08	6.589308679e-07
climate_genus	environment_associations/climate_genus_correlations.tsv	102	"{""climate_variable"": ""mean_air_temperature_c"", ""genus"": ""Saccharibacillus""}"	0.2494930299	0.3112179167
climate_genus	environment_associations/climate_genus_correlations.tsv	103	"{""climate_variable"": ""mean_air_temperature_c"", ""genus"": ""Gemmata""}"	2.513376375e-07	3.278317011e-06
climate_genus	environment_associations/climate_genus_correlations.tsv	104	"{""climate_variable"": ""mean_air_temperature_c"", ""genus"": ""Pantoea""}"	0.06211726446	0.09965336544
climate_genus	environment_associations/climate_genus_correlations.tsv	105	"{""climate_variable"": ""mean_air_temperature_c"", ""genus"": ""Saccharothrix""}"	0.02356796968	0.04298109973
climate_genus	environment_associations/climate_genus_correlations.tsv	106	"{""climate_variable"": ""mean_air_temperature_c"", ""genus"": ""Georgenia""}"	0.01261581919	0.02514781234
climate_genus	environment_associations/climate_genus_correlations.tsv	107	"{""climate_variable"": ""mean_air_temperature_c"", ""genus"": ""Rhodocista""}"	1.812599792e-11	1.359449844e-09
climate_genus	environment_associations/climate_genus_correlations.tsv	108	"{""climate_variable"": ""mean_air_temperature_c"", ""genus"": ""TM7a""}"	0.2027339922	0.2627222362
climate_genus	environment_associations/climate_genus_correlations.tsv	109	"{""climate_variable"": ""mean_air_temperature_c"", ""genus"": ""Baekduia""}"	0.0001849599586	0.0006766827753
climate_genus	environment_associations/climate_genus_correlations.tsv	110	"{""climate_variable"": ""mean_air_temperature_c"", ""genus"": ""Lautropia""}"	0.009711899905	0.02028205739
climate_genus	environment_associations/climate_genus_correlations.tsv	111	"{""climate_variable"": ""mean_air_temperature_c"", ""genus"": ""Brevibacillus""}"	0.009474678242	0.02008765705
climate_genus	environment_associations/climate_genus_correlations.tsv	112	"{""climate_variable"": ""mean_air_temperature_c"", ""genus"": ""Conexibacter""}"	0.0004145118627	0.001351669117
climate_genus	environment_associations/climate_genus_correlations.tsv	113	"{""climate_variable"": ""mean_air_temperature_c"", ""genus"": ""YC-ZSS-LKJ147""}"	0.8383548839	0.8583838402
climate_genus	environment_associations/climate_genus_correlations.tsv	114	"{""climate_variable"": ""mean_air_temperature_c"", ""genus"": ""Oceanobacillus""}"	0.0003607946399	0.001189432879
climate_genus	environment_associations/climate_genus_correlations.tsv	115	"{""climate_variable"": ""mean_air_temperature_c"", ""genus"": ""Turicibacter""}"	0.1122199362	0.1610812482
climate_genus	environment_associations/climate_genus_correlations.tsv	116	"{""climate_variable"": ""mean_air_temperature_c"", ""genus"": ""Nesterenkonia""}"	0.0001249666452	0.0004868830332
climate_genus	environment_associations/climate_genus_correlations.tsv	117	"{""climate_variable"": ""mean_air_temperature_c"", ""genus"": ""Falsirhodobacter""}"	0.0001569394054	0.0005959724254
climate_genus	environment_associations/climate_genus_correlations.tsv	118	"{""climate_variable"": ""mean_air_temperature_c"", ""genus"": ""Neorhizobium""}"	0.3465762515	0.41014941
climate_genus	environment_associations/climate_genus_correlations.tsv	119	"{""climate_variable"": ""mean_air_temperature_c"", ""genus"": ""[Polyangium] brachysporum group""}"	0.4231255388	0.4844948918
climate_genus	environment_associations/climate_genus_correlations.tsv	120	"{""climate_variable"": ""mean_air_temperature_c"", ""genus"": ""Rubritepida""}"	0.0001762142968	0.0006526455436
climate_genus	environment_associations/climate_genus_correlations.tsv	121	"{""climate_variable"": ""mean_air_temperature_c"", ""genus"": ""Niallia""}"	0.06982550665	0.1093872167
climate_genus	environment_associations/climate_genus_correlations.tsv	122	"{""climate_variable"": ""mean_air_temperature_c"", ""genus"": ""Staphylococcus""}"	4.019858157e-08	7.537234045e-07
climate_genus	environment_associations/climate_genus_correlations.tsv	123	"{""climate_variable"": ""mean_air_temperature_c"", ""genus"": ""Methylobacillus""}"	0.09373812996	0.1392150445
climate_genus	environment_associations/climate_genus_correlations.tsv	124	"{""climate_variable"": ""mean_air_temperature_c"", ""genus"": ""Blastocatella""}"	3.290217719e-08	6.589308679e-07
climate_genus	environment_associations/climate_genus_correlations.tsv	125	"{""climate_variable"": ""mean_air_temperature_c"", ""genus"": ""Kineococcus""}"	0.04649361227	0.07814052482
climate_genus	environment_associations/climate_genus_correlations.tsv	126	"{""climate_variable"": ""mean_air_temperature_c"", ""genus"": ""Aeromicrobium""}"	0.07081483915	0.1103607883
climate_genus	environment_associations/climate_genus_correlations.tsv	127	"{""climate_variable"": ""mean_air_temperature_c"", ""genus"": ""Brevundimonas""}"	0.4741962922	0.5338044565
climate_genus	environment_associations/climate_genus_correlations.tsv	128	"{""climate_variable"": ""mean_air_temperature_c"", ""genus"": ""Cystobacter""}"	0.3318151876	0.3957776761
climate_genus	environment_associations/climate_genus_correlations.tsv	129	"{""climate_variable"": ""mean_air_temperature_c"", ""genus"": ""Sumerlaea""}"	0.0003469869632	0.001150233027
climate_genus	environment_associations/climate_genus_correlations.tsv	130	"{""climate_variable"": ""mean_air_temperature_c"", ""genus"": ""Caenimonas""}"	9.970744273e-05	0.0004015064808
climate_genus	environment_associations/climate_genus_correlations.tsv	131	"{""climate_variable"": ""mean_air_temperature_c"", ""genus"": ""Amycolatopsis""}"	0.07651261436	0.1171111444
climate_genus	environment_associations/climate_genus_correlations.tsv	132	"{""climate_variable"": ""mean_air_temperature_c"", ""genus"": ""Polycyclovorans""}"	0.4178551407	0.4802932652
climate_genus	environment_associations/climate_genus_correlations.tsv	133	"{""climate_variable"": ""mean_air_temperature_c"", ""genus"": ""Caulobacter""}"	0.4402935955	0.5003336313
climate_genus	environment_associations/climate_genus_correlations.tsv	134	"{""climate_variable"": ""mean_air_temperature_c"", ""genus"": ""Paracoccus""}"	0.1031174998	0.1505364961
climate_genus	environment_associations/climate_genus_correlations.tsv	135	"{""climate_variable"": ""mean_air_temperature_c"", ""genus"": ""Hydrocarboniphaga""}"	0.006093445161	0.01369313519
climate_genus	environment_associations/climate_genus_correlations.tsv	136	"{""climate_variable"": ""mean_air_temperature_c"", ""genus"": ""Aridibacter""}"	7.348139171e-06	4.562829935e-05
climate_genus	environment_associations/climate_genus_correlations.tsv	137	"{""climate_variable"": ""mean_air_temperature_c"", ""genus"": ""Arsenicitalea""}"	0.2184828501	0.2783221021
climate_genus	environment_associations/climate_genus_correlations.tsv	138	"{""climate_variable"": ""mean_air_temperature_c"", ""genus"": ""Herbaspirillum""}"	0.005948283655	0.01344579434
climate_genus	environment_associations/climate_genus_correlations.tsv	139	"{""climate_variable"": ""mean_air_temperature_c"", ""genus"": ""Bauldia""}"	0.01552634801	0.03005099616
climate_genus	environment_associations/climate_genus_correlations.tsv	140	"{""climate_variable"": ""mean_air_temperature_c"", ""genus"": ""Pajaroellobacter""}"	0.009783411985	0.02028205739
climate_genus	environment_associations/climate_genus_correlations.tsv	141	"{""climate_variable"": ""mean_air_temperature_c"", ""genus"": ""Longispora""}"	0.07191947336	0.1112156804
climate_genus	environment_associations/climate_genus_correlations.tsv	142	"{""climate_variable"": ""mean_air_temperature_c"", ""genus"": ""Aureibacillus""}"	0.02182391513	0.04041465765
climate_genus	environment_associations/climate_genus_correlations.tsv	143	"{""climate_variable"": ""mean_air_temperature_c"", ""genus"": ""SH-PL14""}"	0.01708530046	0.03244044391
climate_genus	environment_associations/climate_genus_correlations.tsv	144	"{""climate_variable"": ""mean_air_temperature_c"", ""genus"": ""Thermosipho""}"	0.02308721282	0.04236185839
climate_genus	environment_associations/climate_genus_correlations.tsv	145	"{""climate_variable"": ""mean_air_temperature_c"", ""genus"": ""Plastorhodobacter""}"	4.021476308e-10	2.412885785e-08
climate_genus	environment_associations/climate_genus_correlations.tsv	146	"{""climate_variable"": ""mean_air_temperature_c"", ""genus"": ""Azohydromonas""}"	0.1684894177	0.227176743
climate_genus	environment_associations/climate_genus_correlations.tsv	147	"{""climate_variable"": ""mean_air_temperature_c"", ""genus"": ""Myxococcus""}"	0.5801253461	0.6317154404
climate_genus	environment_associations/climate_genus_correlations.tsv	148	"{""climate_variable"": ""mean_air_temperature_c"", ""genus"": ""Rufibacter""}"	0.003206072823	0.00798192404
climate_genus	environment_associations/climate_genus_correlations.tsv	149	"{""climate_variable"": ""mean_air_temperature_c"", ""genus"": ""Limibaculum""}"	2.835737468e-06	2.126803101e-05
climate_genus	environment_associations/climate_genus_correlations.tsv	150	"{""climate_variable"": ""mean_air_temperature_c"", ""genus"": ""Corynebacterium""}"	4.19180582e-05	0.0002044783327
climate_genus	environment_associations/climate_genus_correlations.tsv	151	"{""climate_variable"": ""mean_air_temperature_c"", ""genus"": ""Rhodococcus""}"	0.2671766483	0.3277205741
climate_genus	environment_associations/climate_genus_correlations.tsv	152	"{""climate_variable"": ""mean_air_temperature_c"", ""genus"": ""Candidatus Alysiosphaera""}"	0.1866545998	0.2461379339
climate_genus	environment_associations/climate_genus_correlations.tsv	153	"{""climate_variable"": ""mean_air_temperature_c"", ""genus"": ""Abditibacterium""}"	0.0005256845691	0.001651365138
climate_genus	environment_associations/climate_genus_correlations.tsv	154	"{""climate_variable"": ""mean_air_temperature_c"", ""genus"": ""Phaselicystis""}"	0.03074847303	0.05442207616
climate_genus	environment_associations/climate_genus_correlations.tsv	155	"{""climate_variable"": ""mean_air_temperature_c"", ""genus"": ""SM1A02""}"	9.128146067e-05	0.0003829991357
climate_genus	environment_associations/climate_genus_correlations.tsv	156	"{""climate_variable"": ""mean_air_temperature_c"", ""genus"": ""Allorhizocola""}"	0.4021522824	0.4658134546
climate_genus	environment_associations/climate_genus_correlations.tsv	157	"{""climate_variable"": ""mean_air_temperature_c"", ""genus"": ""Anaeromyxobacter""}"	0.098674658	0.1455690937
climate_genus	environment_associations/climate_genus_correlations.tsv	158	"{""climate_variable"": ""mean_air_temperature_c"", ""genus"": ""Nordella""}"	0.1558334974	0.2139590353
climate_genus	environment_associations/climate_genus_correlations.tsv	159	"{""climate_variable"": ""mean_air_temperature_c"", ""genus"": ""Caldilinea""}"	0.003780941349	0.009110702045
climate_genus	environment_associations/climate_genus_correlations.tsv	160	"{""climate_variable"": ""mean_air_temperature_c"", ""genus"": ""Luteitalea""}"	3.803905049e-06	2.749810879e-05
climate_genus	environment_associations/climate_genus_correlations.tsv	161	"{""climate_variable"": ""mean_air_temperature_c"", ""genus"": ""Rhodoplanes""}"	0.2676384688	0.3277205741
climate_genus	environment_associations/climate_genus_correlations.tsv	162	"{""climate_variable"": ""mean_air_temperature_c"", ""genus"": ""Ornithinibacillus""}"	5.736563298e-08	1.0123347e-06
climate_genus	environment_associations/climate_genus_correlations.tsv	163	"{""climate_variable"": ""mean_air_temperature_c"", ""genus"": ""Ohtaekwangia""}"	0.002566042671	0.006607835205
climate_genus	environment_associations/climate_genus_correlations.tsv	164	"{""climate_variable"": ""mean_air_temperature_c"", ""genus"": ""Cupriavidus""}"	0.7284325711	0.7654282708
climate_genus	environment_associations/climate_genus_correlations.tsv	165	"{""climate_variable"": ""mean_air_temperature_c"", ""genus"": ""JCM 18997""}"	0.2158401562	0.2755406249
climate_genus	environment_associations/climate_genus_correlations.tsv	166	"{""climate_variable"": ""mean_air_temperature_c"", ""genus"": ""Pannonibacter""}"	5.1521840450000006e-14	7.728276067e-12
climate_genus	environment_associations/climate_genus_correlations.tsv	167	"{""climate_variable"": ""mean_air_temperature_c"", ""genus"": ""Fimbriiglobus""}"	0.07992837784	0.1211036028
climate_genus	environment_associations/climate_genus_correlations.tsv	168	"{""climate_variable"": ""mean_air_temperature_c"", ""genus"": ""Paraconexibacter""}"	4.571526733e-07	5.378266744e-06
climate_genus	environment_associations/climate_genus_correlations.tsv	169	"{""climate_variable"": ""mean_air_temperature_c"", ""genus"": ""I-8""}"	0.001042040815	0.002977259471
climate_genus	environment_associations/climate_genus_correlations.tsv	170	"{""climate_variable"": ""mean_air_temperature_c"", ""genus"": ""Rhizorhabdus""}"	0.1548271401	0.2135546761
climate_genus	environment_associations/climate_genus_correlations.tsv	171	"{""climate_variable"": ""mean_air_temperature_c"", ""genus"": ""Actinoplanes""}"	9.35482569e-05	0.0003870962355
climate_genus	environment_associations/climate_genus_correlations.tsv	172	"{""climate_variable"": ""mean_air_temperature_c"", ""genus"": ""Tepidisphaera""}"	0.002670326191	0.006788964892
climate_genus	environment_associations/climate_genus_correlations.tsv	173	"{""climate_variable"": ""mean_air_temperature_c"", ""genus"": ""Modestobacter""}"	0.06778056104	0.1073043183
climate_genus	environment_associations/climate_genus_correlations.tsv	174	"{""climate_variable"": ""mean_air_temperature_c"", ""genus"": ""Niastella""}"	0.005154249818	0.01184885016
climate_genus	environment_associations/climate_genus_correlations.tsv	175	"{""climate_variable"": ""mean_air_temperature_c"", ""genus"": ""Sandaracinobacter""}"	0.00970542136	0.02028205739
climate_genus	environment_associations/climate_genus_correlations.tsv	176	"{""climate_variable"": ""mean_air_temperature_c"", ""genus"": ""Pseudaminobacter""}"	0.004131752611	0.009837506217
climate_genus	environment_associations/climate_genus_correlations.tsv	177	"{""climate_variable"": ""mean_air_temperature_c"", ""genus"": ""Pelagibius""}"	8.425381345e-08	1.308836542e-06
climate_genus	environment_associations/climate_genus_correlations.tsv	178	"{""climate_variable"": ""mean_air_temperature_c"", ""genus"": ""MM2""}"	6.894122602e-05	0.000299744461
climate_genus	environment_associations/climate_genus_correlations.tsv	179	"{""climate_variable"": ""mean_air_temperature_c"", ""genus"": ""Ensifer""}"	0.2231822805	0.2831064868
climate_genus	environment_associations/climate_genus_correlations.tsv	180	"{""climate_variable"": ""mean_air_temperature_c"", ""genus"": ""Haloactinopolyspora""}"	0.08076280755	0.1217529762
climate_genus	environment_associations/climate_genus_correlations.tsv	181	"{""climate_variable"": ""mean_air_temperature_c"", ""genus"": ""Peribacillus""}"	0.140887434	0.1988999068
climate_genus	environment_associations/climate_genus_correlations.tsv	182	"{""climate_variable"": ""mean_air_temperature_c"", ""genus"": ""PMMR1""}"	0.002622838381	0.006725226618
climate_genus	environment_associations/climate_genus_correlations.tsv	183	"{""climate_variable"": ""mean_air_temperature_c"", ""genus"": ""Longimicrobium""}"	0.4620966369	0.5211616206
climate_genus	environment_associations/climate_genus_correlations.tsv	184	"{""climate_variable"": ""mean_air_temperature_c"", ""genus"": ""Litorilinea""}"	0.9099082706	0.9206491777
climate_genus	environment_associations/climate_genus_correlations.tsv	185	"{""climate_variable"": ""mean_air_temperature_c"", ""genus"": ""Mangrovihabitans""}"	0.01162708624	0.02348906311
climate_genus	environment_associations/climate_genus_correlations.tsv	186	"{""climate_variable"": ""mean_air_temperature_c"", ""genus"": ""Altericroceibacterium""}"	1.320356401e-06	1.174461716e-05
climate_genus	environment_associations/climate_genus_correlations.tsv	187	"{""climate_variable"": ""mean_air_temperature_c"", ""genus"": ""Nonomuraea""}"	0.1084788522	0.1568368947
climate_genus	environment_associations/climate_genus_correlations.tsv	188	"{""climate_variable"": ""mean_air_temperature_c"", ""genus"": ""Actinokineospora""}"	0.003954381139	0.009490514733
climate_genus	environment_associations/climate_genus_correlations.tsv	189	"{""climate_variable"": ""mean_air_temperature_c"", ""genus"": ""Schinkia""}"	0.00555466738	0.01262424405
climate_genus	environment_associations/climate_genus_correlations.tsv	190	"{""climate_variable"": ""mean_air_temperature_c"", ""genus"": ""Fontimonas""}"	5.464145517e-05	0.0002502662069
climate_genus	environment_associations/climate_genus_correlations.tsv	191	"{""climate_variable"": ""mean_air_temperature_c"", ""genus"": ""Kineosporia""}"	0.8065325105	0.8314768149
climate_genus	environment_associations/climate_genus_correlations.tsv	192	"{""climate_variable"": ""mean_air_temperature_c"", ""genus"": ""Enterovirga""}"	0.0223352593	0.04123432486
climate_genus	environment_associations/climate_genus_correlations.tsv	193	"{""climate_variable"": ""mean_air_temperature_c"", ""genus"": ""Tautonia""}"	0.1512810478	0.2094002332
climate_genus	environment_associations/climate_genus_correlations.tsv	194	"{""climate_variable"": ""mean_air_temperature_c"", ""genus"": ""Desertimonas""}"	0.8494079319	0.8682193512
climate_genus	environment_associations/climate_genus_correlations.tsv	195	"{""climate_variable"": ""mean_air_temperature_c"", ""genus"": ""Frankia""}"	0.1459252313	0.2040912325
climate_genus	environment_associations/climate_genus_correlations.tsv	196	"{""climate_variable"": ""mean_air_temperature_c"", ""genus"": ""SZB85""}"	0.7589114608	0.7960609728
climate_genus	environment_associations/climate_genus_correlations.tsv	197	"{""climate_variable"": ""mean_air_temperature_c"", ""genus"": ""Psychroglaciecola""}"	0.004131752611	0.009837506217
climate_genus	environment_associations/climate_genus_correlations.tsv	198	"{""climate_variable"": ""mean_air_temperature_c"", ""genus"": ""possible genus 04""}"	0.4606766816	0.5205386233
climate_genus	environment_associations/climate_genus_correlations.tsv	199	"{""climate_variable"": ""mean_air_temperature_c"", ""genus"": ""Plantactinospora""}"	0.8367077816	0.8581618273
climate_genus	environment_associations/climate_genus_correlations.tsv	200	"{""climate_variable"": ""mean_air_temperature_c"", ""genus"": ""Sandaracinus""}"	0.01433400333	0.02829079604
climate_genus	environment_associations/climate_genus_correlations.tsv	201	"{""climate_variable"": ""mean_monthly_rain_mm"", ""genus"": ""Domibacillus""}"	0.1950513843	0.2538629731
climate_genus	environment_associations/climate_genus_correlations.tsv	202	"{""climate_variable"": ""mean_monthly_rain_mm"", ""genus"": ""Massilia""}"	5.108469194e-08	9.288125807e-07
climate_genus	environment_associations/climate_genus_correlations.tsv	203	"{""climate_variable"": ""mean_monthly_rain_mm"", ""genus"": ""Bacillus""}"	0.000289285783	0.001009136452
climate_genus	environment_associations/climate_genus_correlations.tsv	204	"{""climate_variable"": ""mean_monthly_rain_mm"", ""genus"": ""Microvirga""}"	0.7632476104	0.797107085
climate_genus	environment_associations/climate_genus_correlations.tsv	205	"{""climate_variable"": ""mean_monthly_rain_mm"", ""genus"": ""Flavisolibacter""}"	1.366265386e-06	1.174461716e-05
climate_genus	environment_associations/climate_genus_correlations.tsv	206	"{""climate_variable"": ""mean_monthly_rain_mm"", ""genus"": ""Noviherbaspirillum""}"	5.105545152e-06	3.32970336e-05
climate_genus	environment_associations/climate_genus_correlations.tsv	207	"{""climate_variable"": ""mean_monthly_rain_mm"", ""genus"": ""Streptomyces""}"	2.425266172e-06	1.927615312e-05
climate_genus	environment_associations/climate_genus_correlations.tsv	208	"{""climate_variable"": ""mean_monthly_rain_mm"", ""genus"": ""Herpetosiphon""}"	5.542971661e-07	5.990411719e-06
climate_genus	environment_associations/climate_genus_correlations.tsv	209	"{""climate_variable"": ""mean_monthly_rain_mm"", ""genus"": ""Paenibacillus""}"	0.7748544735	0.8043472043
climate_genus	environment_associations/climate_genus_correlations.tsv	210	"{""climate_variable"": ""mean_monthly_rain_mm"", ""genus"": ""Nocardioides""}"	4.874535787e-05	0.0002321207518
climate_genus	environment_associations/climate_genus_correlations.tsv	211	"{""climate_variable"": ""mean_monthly_rain_mm"", ""genus"": ""Lysinibacillus""}"	0.6872992243	0.7298752824
climate_genus	environment_associations/climate_genus_correlations.tsv	212	"{""climate_variable"": ""mean_monthly_rain_mm"", ""genus"": ""Rubrobacter""}"	5.384206698e-05	0.0002485018476
climate_genus	environment_associations/climate_genus_correlations.tsv	213	"{""climate_variable"": ""mean_monthly_rain_mm"", ""genus"": ""Ammoniphilus""}"	0.002750056317	0.00696216789
climate_genus	environment_associations/climate_genus_correlations.tsv	214	"{""climate_variable"": ""mean_monthly_rain_mm"", ""genus"": ""Deinococcus""}"	0.001594929507	0.004291290154
climate_genus	environment_associations/climate_genus_correlations.tsv	215	"{""climate_variable"": ""mean_monthly_rain_mm"", ""genus"": ""Rubellimicrobium""}"	0.01101903931	0.02233589049
climate_genus	environment_associations/climate_genus_correlations.tsv	216	"{""climate_variable"": ""mean_monthly_rain_mm"", ""genus"": ""Nibribacter""}"	0.002832314675	0.007110413411
climate_genus	environment_associations/climate_genus_correlations.tsv	217	"{""climate_variable"": ""mean_monthly_rain_mm"", ""genus"": ""Geodermatophilus""}"	0.03939304116	0.06811476858
climate_genus	environment_associations/climate_genus_correlations.tsv	218	"{""climate_variable"": ""mean_monthly_rain_mm"", ""genus"": ""Ramlibacter""}"	3.995222767e-05	0.0001981102199
climate_genus	environment_associations/climate_genus_correlations.tsv	219	"{""climate_variable"": ""mean_monthly_rain_mm"", ""genus"": ""Planococcus""}"	0.227613968	0.286908363
climate_genus	environment_associations/climate_genus_correlations.tsv	220	"{""climate_variable"": ""mean_monthly_rain_mm"", ""genus"": ""Ectobacillus""}"	3.854008541e-06	2.752863243e-05
climate_genus	environment_associations/climate_genus_correlations.tsv	221	"{""climate_variable"": ""mean_monthly_rain_mm"", ""genus"": ""Neobacillus""}"	0.3833001459	0.4491798585
climate_genus	environment_associations/climate_genus_correlations.tsv	222	"{""climate_variable"": ""mean_monthly_rain_mm"", ""genus"": ""Acidiferrimicrobium""}"	0.007084550909	0.01546794735
climate_genus	environment_associations/climate_genus_correlations.tsv	223	"{""climate_variable"": ""mean_monthly_rain_mm"", ""genus"": ""Adhaeribacter""}"	6.513302627e-06	4.157427209e-05
climate_genus	environment_associations/climate_genus_correlations.tsv	224	"{""climate_variable"": ""mean_monthly_rain_mm"", ""genus"": ""Metabacillus""}"	0.1457394692	0.2040912325
climate_genus	environment_associations/climate_genus_correlations.tsv	225	"{""climate_variable"": ""mean_monthly_rain_mm"", ""genus"": ""Ellin6055""}"	0.01482954884	0.02889158034
climate_genus	environment_associations/climate_genus_correlations.tsv	226	"{""climate_variable"": ""mean_monthly_rain_mm"", ""genus"": ""Solirubrobacter""}"	7.374272602e-07	7.136392841e-06
climate_genus	environment_associations/climate_genus_correlations.tsv	227	"{""climate_variable"": ""mean_monthly_rain_mm"", ""genus"": ""Bradyrhizobium""}"	0.006183883626	0.01384451558
climate_genus	environment_associations/climate_genus_correlations.tsv	228	"{""climate_variable"": ""mean_monthly_rain_mm"", ""genus"": ""Halomonas""}"	2.459133366e-06	1.927615312e-05
climate_genus	environment_associations/climate_genus_correlations.tsv	229	"{""climate_variable"": ""mean_monthly_rain_mm"", ""genus"": ""Arthrobacter""}"	0.1852139978	0.2449653015
climate_genus	environment_associations/climate_genus_correlations.tsv	230	"{""climate_variable"": ""mean_monthly_rain_mm"", ""genus"": ""Symbiobacterium""}"	0.1669527722	0.2260684435
climate_genus	environment_associations/climate_genus_correlations.tsv	231	"{""climate_variable"": ""mean_monthly_rain_mm"", ""genus"": ""Sphingoaurantiacus""}"	0.00117828899	0.003304187769
climate_genus	environment_associations/climate_genus_correlations.tsv	232	"{""climate_variable"": ""mean_monthly_rain_mm"", ""genus"": ""Blastococcus""}"	0.2075745769	0.2672634037
climate_genus	environment_associations/climate_genus_correlations.tsv	233	"{""climate_variable"": ""mean_monthly_rain_mm"", ""genus"": ""Pseudomonas""}"	0.1834322028	0.2434940746
climate_genus	environment_associations/climate_genus_correlations.tsv	234	"{""climate_variable"": ""mean_monthly_rain_mm"", ""genus"": ""Pontibacter""}"	0.1223945236	0.1740206497
climate_genus	environment_associations/climate_genus_correlations.tsv	235	"{""climate_variable"": ""mean_monthly_rain_mm"", ""genus"": ""Roseomonas""}"	0.0003374408516	0.001131086653
climate_genus	environment_associations/climate_genus_correlations.tsv	236	"{""climate_variable"": ""mean_monthly_rain_mm"", ""genus"": ""Nitrolancea""}"	0.0002104206257	0.000756002248
climate_genus	environment_associations/climate_genus_correlations.tsv	237	"{""climate_variable"": ""mean_monthly_rain_mm"", ""genus"": ""Tumebacillus""}"	0.01641013974	0.03137699518
climate_genus	environment_associations/climate_genus_correlations.tsv	238	"{""climate_variable"": ""mean_monthly_rain_mm"", ""genus"": ""Pseudonocardia""}"	0.001023195807	0.002948065471
climate_genus	environment_associations/climate_genus_correlations.tsv	239	"{""climate_variable"": ""mean_monthly_rain_mm"", ""genus"": ""CSP1-2""}"	0.0002506575748	0.0008846737934
climate_genus	environment_associations/climate_genus_correlations.tsv	240	"{""climate_variable"": ""mean_monthly_rain_mm"", ""genus"": ""Chthoniobacter""}"	0.003600173633	0.008745361051
climate_genus	environment_associations/climate_genus_correlations.tsv	241	"{""climate_variable"": ""mean_monthly_rain_mm"", ""genus"": ""Lysobacter""}"	0.0002972318502	0.001030861908
climate_genus	environment_associations/climate_genus_correlations.tsv	242	"{""climate_variable"": ""mean_monthly_rain_mm"", ""genus"": ""Saccharopolyspora""}"	9.614402478e-06	5.616700841e-05
climate_genus	environment_associations/climate_genus_correlations.tsv	243	"{""climate_variable"": ""mean_monthly_rain_mm"", ""genus"": ""Cytophaga""}"	0.02342774002	0.04285562198
climate_genus	environment_associations/climate_genus_correlations.tsv	244	"{""climate_variable"": ""mean_monthly_rain_mm"", ""genus"": ""Cellulomonas""}"	0.01203325317	0.02406650633
climate_genus	environment_associations/climate_genus_correlations.tsv	245	"{""climate_variable"": ""mean_monthly_rain_mm"", ""genus"": ""Archangium""}"	0.3012899851	0.3637303644
climate_genus	environment_associations/climate_genus_correlations.tsv	246	"{""climate_variable"": ""mean_monthly_rain_mm"", ""genus"": ""Pirellula""}"	3.16771877e-05	0.0001624471164
climate_genus	environment_associations/climate_genus_correlations.tsv	247	"{""climate_variable"": ""mean_monthly_rain_mm"", ""genus"": ""Actinomadura""}"	1.370205335e-06	1.174461716e-05
climate_genus	environment_associations/climate_genus_correlations.tsv	248	"{""climate_variable"": ""mean_monthly_rain_mm"", ""genus"": ""Chelativorans""}"	0.9286420513	0.9348745483
climate_genus	environment_associations/climate_genus_correlations.tsv	249	"{""climate_variable"": ""mean_monthly_rain_mm"", ""genus"": ""Segetibacter""}"	6.525357799e-05	0.0002878834323
climate_genus	environment_associations/climate_genus_correlations.tsv	250	"{""climate_variable"": ""mean_monthly_rain_mm"", ""genus"": ""Devosia""}"	0.897387836	0.9095146986
climate_genus	environment_associations/climate_genus_correlations.tsv	251	"{""climate_variable"": ""mean_monthly_rain_mm"", ""genus"": ""Phenylobacterium""}"	1.239771879e-05	6.887621553e-05
climate_genus	environment_associations/climate_genus_correlations.tsv	252	"{""climate_variable"": ""mean_monthly_rain_mm"", ""genus"": ""Steroidobacter""}"	0.0003469130837	0.001150233027
climate_genus	environment_associations/climate_genus_correlations.tsv	253	"{""climate_variable"": ""mean_monthly_rain_mm"", ""genus"": ""Oxalophagus""}"	0.0007574748163	0.002261118855
climate_genus	environment_associations/climate_genus_correlations.tsv	254	"{""climate_variable"": ""mean_monthly_rain_mm"", ""genus"": ""Halalkalibacter""}"	6.026250957e-07	6.026250957e-06
climate_genus	environment_associations/climate_genus_correlations.tsv	255	"{""climate_variable"": ""mean_monthly_rain_mm"", ""genus"": ""Gemmatimonas""}"	3.095069015e-05	0.0001614818616
climate_genus	environment_associations/climate_genus_correlations.tsv	256	"{""climate_variable"": ""mean_monthly_rain_mm"", ""genus"": ""Gaiella""}"	2.643823185e-07	3.375093428e-06
climate_genus	environment_associations/climate_genus_correlations.tsv	257	"{""climate_variable"": ""mean_monthly_rain_mm"", ""genus"": ""Prauserella""}"	0.556164829	0.6105015719
climate_genus	environment_associations/climate_genus_correlations.tsv	258	"{""climate_variable"": ""mean_monthly_rain_mm"", ""genus"": ""Cnuella""}"	1.003586415e-05	5.734779515e-05
climate_genus	environment_associations/climate_genus_correlations.tsv	259	"{""climate_variable"": ""mean_monthly_rain_mm"", ""genus"": ""Azospirillum""}"	0.2151964337	0.275304606
climate_genus	environment_associations/climate_genus_correlations.tsv	260	"{""climate_variable"": ""mean_monthly_rain_mm"", ""genus"": ""Vallicoccus""}"	0.9261304358	0.9348745483
climate_genus	environment_associations/climate_genus_correlations.tsv	261	"{""climate_variable"": ""mean_monthly_rain_mm"", ""genus"": ""Roseisolibacter""}"	3.123941946e-05	0.0001615832041
climate_genus	environment_associations/climate_genus_correlations.tsv	262	"{""climate_variable"": ""mean_monthly_rain_mm"", ""genus"": ""Mycobacterium""}"	0.1615138057	0.2207477983
climate_genus	environment_associations/climate_genus_correlations.tsv	263	"{""climate_variable"": ""mean_monthly_rain_mm"", ""genus"": ""Sphingomonas""}"	0.05675183038	0.09202999521
climate_genus	environment_associations/climate_genus_correlations.tsv	264	"{""climate_variable"": ""mean_monthly_rain_mm"", ""genus"": ""Daejeonella""}"	6.780433935e-06	4.282379328e-05
climate_genus	environment_associations/climate_genus_correlations.tsv	265	"{""climate_variable"": ""mean_monthly_rain_mm"", ""genus"": ""Telluribacter""}"	0.630891497	0.6771643975
climate_genus	environment_associations/climate_genus_correlations.tsv	266	"{""climate_variable"": ""mean_monthly_rain_mm"", ""genus"": ""MND1""}"	0.02097929378	0.03909185177
climate_genus	environment_associations/climate_genus_correlations.tsv	267	"{""climate_variable"": ""mean_monthly_rain_mm"", ""genus"": ""Marmoricola""}"	0.006387833863	0.01411239148
climate_genus	environment_associations/climate_genus_correlations.tsv	268	"{""climate_variable"": ""mean_monthly_rain_mm"", ""genus"": ""Pir4 lineage""}"	0.02296295115	0.04226310027
climate_genus	environment_associations/climate_genus_correlations.tsv	269	"{""climate_variable"": ""mean_monthly_rain_mm"", ""genus"": ""Terribacillus""}"	0.2996939659	0.3625330233
climate_genus	environment_associations/climate_genus_correlations.tsv	270	"{""climate_variable"": ""mean_monthly_rain_mm"", ""genus"": ""Croceibacterium""}"	0.07932153005	0.1204884001
climate_genus	environment_associations/climate_genus_correlations.tsv	271	"{""climate_variable"": ""mean_monthly_rain_mm"", ""genus"": ""Verrucosispora""}"	9.957640713e-05	0.0004015064808
climate_genus	environment_associations/climate_genus_correlations.tsv	272	"{""climate_variable"": ""mean_monthly_rain_mm"", ""genus"": ""Pedomicrobium""}"	0.00635194653	0.01411239148
climate_genus	environment_associations/climate_genus_correlations.tsv	273	"{""climate_variable"": ""mean_monthly_rain_mm"", ""genus"": ""DSSF69""}"	0.4340223771	0.4941431238
climate_genus	environment_associations/climate_genus_correlations.tsv	274	"{""climate_variable"": ""mean_monthly_rain_mm"", ""genus"": ""Peredibacter""}"	0.02006744233	0.03762645437
climate_genus	environment_associations/climate_genus_correlations.tsv	275	"{""climate_variable"": ""mean_monthly_rain_mm"", ""genus"": ""Acidibacter""}"	0.0006649312301	0.002014943122
climate_genus	environment_associations/climate_genus_correlations.tsv	276	"{""climate_variable"": ""mean_monthly_rain_mm"", ""genus"": ""Opitutus""}"	6.404763974e-05	0.0002846561766
climate_genus	environment_associations/climate_genus_correlations.tsv	277	"{""climate_variable"": ""mean_monthly_rain_mm"", ""genus"": ""Litchfieldia""}"	8.047024353e-09	2.099223744e-07
climate_genus	environment_associations/climate_genus_correlations.tsv	278	"{""climate_variable"": ""mean_monthly_rain_mm"", ""genus"": ""Bryobacter""}"	0.05452019855	0.08937737467
climate_genus	environment_associations/climate_genus_correlations.tsv	279	"{""climate_variable"": ""mean_monthly_rain_mm"", ""genus"": ""Nitrospira""}"	0.009717308112	0.02028205739
climate_genus	environment_associations/climate_genus_correlations.tsv	280	"{""climate_variable"": ""mean_monthly_rain_mm"", ""genus"": ""Limnobacter""}"	0.4903165168	0.5490178299
climate_genus	environment_associations/climate_genus_correlations.tsv	281	"{""climate_variable"": ""mean_monthly_rain_mm"", ""genus"": ""Kallotenue""}"	0.03575099233	0.06235638198
climate_genus	environment_associations/climate_genus_correlations.tsv	282	"{""climate_variable"": ""mean_monthly_rain_mm"", ""genus"": ""Novosphingobium""}"	0.04860292061	0.08078047747
climate_genus	environment_associations/climate_genus_correlations.tsv	283	"{""climate_variable"": ""mean_monthly_rain_mm"", ""genus"": ""Pelagibacterium""}"	3.344698491e-05	0.00016864026
climate_genus	environment_associations/climate_genus_correlations.tsv	284	"{""climate_variable"": ""mean_monthly_rain_mm"", ""genus"": ""Actinophytocola""}"	0.001624061164	0.004350163833
climate_genus	environment_associations/climate_genus_correlations.tsv	285	"{""climate_variable"": ""mean_monthly_rain_mm"", ""genus"": ""Mesobacillus""}"	0.00151282711	0.004088721918
climate_genus	environment_associations/climate_genus_correlations.tsv	286	"{""climate_variable"": ""mean_monthly_rain_mm"", ""genus"": ""Arcticibacter""}"	0.004477408354	0.01057655517
climate_genus	environment_associations/climate_genus_correlations.tsv	287	"{""climate_variable"": ""mean_monthly_rain_mm"", ""genus"": ""Kocuria""}"	0.002175218952	0.005699263629
climate_genus	environment_associations/climate_genus_correlations.tsv	288	"{""climate_variable"": ""mean_monthly_rain_mm"", ""genus"": ""Arenimicrobium""}"	0.001230334567	0.003417596021
climate_genus	environment_associations/climate_genus_correlations.tsv	289	"{""climate_variable"": ""mean_monthly_rain_mm"", ""genus"": ""Truepera""}"	4.814699997e-10	2.626199998e-08
climate_genus	environment_associations/climate_genus_correlations.tsv	290	"{""climate_variable"": ""mean_monthly_rain_mm"", ""genus"": ""OM27 clade""}"	0.009782332566	0.02028205739
climate_genus	environment_associations/climate_genus_correlations.tsv	291	"{""climate_variable"": ""mean_monthly_rain_mm"", ""genus"": ""Parviterribacter""}"	0.0009375892633	0.002730842515
climate_genus	environment_associations/climate_genus_correlations.tsv	292	"{""climate_variable"": ""mean_monthly_rain_mm"", ""genus"": ""Sporocytophaga""}"	0.4041793444	0.4672593577
climate_genus	environment_associations/climate_genus_correlations.tsv	293	"{""climate_variable"": ""mean_monthly_rain_mm"", ""genus"": ""Brucella""}"	0.0001719443057	0.0006407862326
climate_genus	environment_associations/climate_genus_correlations.tsv	294	"{""climate_variable"": ""mean_monthly_rain_mm"", ""genus"": ""Isoptericola""}"	0.02439546329	0.0443553878
climate_genus	environment_associations/climate_genus_correlations.tsv	295	"{""climate_variable"": ""mean_monthly_rain_mm"", ""genus"": ""Saccharomonospora""}"	5.348359336e-05	0.0002485018476
climate_genus	environment_associations/climate_genus_correlations.tsv	296	"{""climate_variable"": ""mean_monthly_rain_mm"", ""genus"": ""Dongia""}"	8.284173079e-07	7.889688647e-06
climate_genus	environment_associations/climate_genus_correlations.tsv	297	"{""climate_variable"": ""mean_monthly_rain_mm"", ""genus"": ""Roseicella""}"	0.05858405052	0.09449040407
climate_genus	environment_associations/climate_genus_correlations.tsv	298	"{""climate_variable"": ""mean_monthly_rain_mm"", ""genus"": ""Subgroup 10""}"	0.1853570781	0.2449653015
climate_genus	environment_associations/climate_genus_correlations.tsv	299	"{""climate_variable"": ""mean_monthly_rain_mm"", ""genus"": ""Streptococcus""}"	0.05547174943	0.0905867267
climate_genus	environment_associations/climate_genus_correlations.tsv	300	"{""climate_variable"": ""mean_monthly_rain_mm"", ""genus"": ""Glycomyces""}"	0.04995937546	0.08280559469
climate_genus	environment_associations/climate_genus_correlations.tsv	301	"{""climate_variable"": ""mean_monthly_rain_mm"", ""genus"": ""Gracilibacillus""}"	5.232204027e-09	1.46818996e-07
climate_genus	environment_associations/climate_genus_correlations.tsv	302	"{""climate_variable"": ""mean_monthly_rain_mm"", ""genus"": ""Saccharibacillus""}"	0.556733069	0.6105015719
climate_genus	environment_associations/climate_genus_correlations.tsv	303	"{""climate_variable"": ""mean_monthly_rain_mm"", ""genus"": ""Gemmata""}"	0.004641214515	0.01087784652
climate_genus	environment_associations/climate_genus_correlations.tsv	304	"{""climate_variable"": ""mean_monthly_rain_mm"", ""genus"": ""Pantoea""}"	0.05124080266	0.08469554158
climate_genus	environment_associations/climate_genus_correlations.tsv	305	"{""climate_variable"": ""mean_monthly_rain_mm"", ""genus"": ""Saccharothrix""}"	0.7693671759	0.8014241415
climate_genus	environment_associations/climate_genus_correlations.tsv	306	"{""climate_variable"": ""mean_monthly_rain_mm"", ""genus"": ""Georgenia""}"	0.0001455971381	0.0005564221839
climate_genus	environment_associations/climate_genus_correlations.tsv	307	"{""climate_variable"": ""mean_monthly_rain_mm"", ""genus"": ""Rhodocista""}"	0.000234203314	0.0008314910557
climate_genus	environment_associations/climate_genus_correlations.tsv	308	"{""climate_variable"": ""mean_monthly_rain_mm"", ""genus"": ""TM7a""}"	0.5647172256	0.6160551552
climate_genus	environment_associations/climate_genus_correlations.tsv	309	"{""climate_variable"": ""mean_monthly_rain_mm"", ""genus"": ""Baekduia""}"	0.0001657755912	0.0006216584669
climate_genus	environment_associations/climate_genus_correlations.tsv	310	"{""climate_variable"": ""mean_monthly_rain_mm"", ""genus"": ""Lautropia""}"	0.008580232981	0.01832078216
climate_genus	environment_associations/climate_genus_correlations.tsv	311	"{""climate_variable"": ""mean_monthly_rain_mm"", ""genus"": ""Brevibacillus""}"	0.1825813479	0.2429020149
climate_genus	environment_associations/climate_genus_correlations.tsv	312	"{""climate_variable"": ""mean_monthly_rain_mm"", ""genus"": ""Conexibacter""}"	0.007472641096	0.01624487195
climate_genus	environment_associations/climate_genus_correlations.tsv	313	"{""climate_variable"": ""mean_monthly_rain_mm"", ""genus"": ""YC-ZSS-LKJ147""}"	0.0007174791908	0.002163253842
climate_genus	environment_associations/climate_genus_correlations.tsv	314	"{""climate_variable"": ""mean_monthly_rain_mm"", ""genus"": ""Oceanobacillus""}"	8.507437525e-08	1.308836542e-06
climate_genus	environment_associations/climate_genus_correlations.tsv	315	"{""climate_variable"": ""mean_monthly_rain_mm"", ""genus"": ""Turicibacter""}"	0.01473641701	0.02889158034
climate_genus	environment_associations/climate_genus_correlations.tsv	316	"{""climate_variable"": ""mean_monthly_rain_mm"", ""genus"": ""Nesterenkonia""}"	0.0004367296713	0.001416420556
climate_genus	environment_associations/climate_genus_correlations.tsv	317	"{""climate_variable"": ""mean_monthly_rain_mm"", ""genus"": ""Falsirhodobacter""}"	0.1822983638	0.2429020149
climate_genus	environment_associations/climate_genus_correlations.tsv	318	"{""climate_variable"": ""mean_monthly_rain_mm"", ""genus"": ""Neorhizobium""}"	0.6029136418	0.6517985317
climate_genus	environment_associations/climate_genus_correlations.tsv	319	"{""climate_variable"": ""mean_monthly_rain_mm"", ""genus"": ""[Polyangium] brachysporum group""}"	3.215783499e-05	0.0001635144152
climate_genus	environment_associations/climate_genus_correlations.tsv	320	"{""climate_variable"": ""mean_monthly_rain_mm"", ""genus"": ""Rubritepida""}"	0.02478321315	0.04492425345
climate_genus	environment_associations/climate_genus_correlations.tsv	321	"{""climate_variable"": ""mean_monthly_rain_mm"", ""genus"": ""Niallia""}"	0.175257652	0.2347200696
climate_genus	environment_associations/climate_genus_correlations.tsv	322	"{""climate_variable"": ""mean_monthly_rain_mm"", ""genus"": ""Staphylococcus""}"	0.001432148765	0.003888186692
climate_genus	environment_associations/climate_genus_correlations.tsv	323	"{""climate_variable"": ""mean_monthly_rain_mm"", ""genus"": ""Methylobacillus""}"	0.680630475	0.7240749734
climate_genus	environment_associations/climate_genus_correlations.tsv	324	"{""climate_variable"": ""mean_monthly_rain_mm"", ""genus"": ""Blastocatella""}"	0.251962591	0.3129970074
climate_genus	environment_associations/climate_genus_correlations.tsv	325	"{""climate_variable"": ""mean_monthly_rain_mm"", ""genus"": ""Kineococcus""}"	0.007089475868	0.01546794735
climate_genus	environment_associations/climate_genus_correlations.tsv	326	"{""climate_variable"": ""mean_monthly_rain_mm"", ""genus"": ""Aeromicrobium""}"	0.3703136732	0.435663145
climate_genus	environment_associations/climate_genus_correlations.tsv	327	"{""climate_variable"": ""mean_monthly_rain_mm"", ""genus"": ""Brevundimonas""}"	0.1464004898	0.2041491365
climate_genus	environment_associations/climate_genus_correlations.tsv	328	"{""climate_variable"": ""mean_monthly_rain_mm"", ""genus"": ""Cystobacter""}"	0.2644102254	0.3257620847
climate_genus	environment_associations/climate_genus_correlations.tsv	329	"{""climate_variable"": ""mean_monthly_rain_mm"", ""genus"": ""Sumerlaea""}"	0.70258589	0.7434771323
climate_genus	environment_associations/climate_genus_correlations.tsv	330	"{""climate_variable"": ""mean_monthly_rain_mm"", ""genus"": ""Caenimonas""}"	3.516061639e-06	2.572728029e-05
climate_genus	environment_associations/climate_genus_correlations.tsv	331	"{""climate_variable"": ""mean_monthly_rain_mm"", ""genus"": ""Amycolatopsis""}"	0.4231190599	0.4844948918
climate_genus	environment_associations/climate_genus_correlations.tsv	332	"{""climate_variable"": ""mean_monthly_rain_mm"", ""genus"": ""Polycyclovorans""}"	0.8304528853	0.8532050191
climate_genus	environment_associations/climate_genus_correlations.tsv	333	"{""climate_variable"": ""mean_monthly_rain_mm"", ""genus"": ""Caulobacter""}"	0.0006203633568	0.001930709372
climate_genus	environment_associations/climate_genus_correlations.tsv	334	"{""climate_variable"": ""mean_monthly_rain_mm"", ""genus"": ""Paracoccus""}"	0.003388808547	0.008297974293
climate_genus	environment_associations/climate_genus_correlations.tsv	335	"{""climate_variable"": ""mean_monthly_rain_mm"", ""genus"": ""Hydrocarboniphaga""}"	0.01348434363	0.02670167056
climate_genus	environment_associations/climate_genus_correlations.tsv	336	"{""climate_variable"": ""mean_monthly_rain_mm"", ""genus"": ""Aridibacter""}"	0.5574437563	0.6105015719
climate_genus	environment_associations/climate_genus_correlations.tsv	337	"{""climate_variable"": ""mean_monthly_rain_mm"", ""genus"": ""Arsenicitalea""}"	0.2737778457	0.3325236992
climate_genus	environment_associations/climate_genus_correlations.tsv	338	"{""climate_variable"": ""mean_monthly_rain_mm"", ""genus"": ""Herbaspirillum""}"	0.005061214116	0.01167972488
climate_genus	environment_associations/climate_genus_correlations.tsv	339	"{""climate_variable"": ""mean_monthly_rain_mm"", ""genus"": ""Bauldia""}"	0.4987551191	0.5543285073
climate_genus	environment_associations/climate_genus_correlations.tsv	340	"{""climate_variable"": ""mean_monthly_rain_mm"", ""genus"": ""Pajaroellobacter""}"	0.001100630607	0.00312975528
climate_genus	environment_associations/climate_genus_correlations.tsv	341	"{""climate_variable"": ""mean_monthly_rain_mm"", ""genus"": ""Longispora""}"	0.1000588228	0.1467855592
climate_genus	environment_associations/climate_genus_correlations.tsv	342	"{""climate_variable"": ""mean_monthly_rain_mm"", ""genus"": ""Aureibacillus""}"	0.329581276	0.3939218438
climate_genus	environment_associations/climate_genus_correlations.tsv	343	"{""climate_variable"": ""mean_monthly_rain_mm"", ""genus"": ""SH-PL14""}"	0.04764902519	0.07985870143
climate_genus	environment_associations/climate_genus_correlations.tsv	344	"{""climate_variable"": ""mean_monthly_rain_mm"", ""genus"": ""Thermosipho""}"	0.07139592888	0.1109781278
climate_genus	environment_associations/climate_genus_correlations.tsv	345	"{""climate_variable"": ""mean_monthly_rain_mm"", ""genus"": ""Plastorhodobacter""}"	0.002027351389	0.005358638033
climate_genus	environment_associations/climate_genus_correlations.tsv	346	"{""climate_variable"": ""mean_monthly_rain_mm"", ""genus"": ""Azohydromonas""}"	0.2736840278	0.3325236992
climate_genus	environment_associations/climate_genus_correlations.tsv	347	"{""climate_variable"": ""mean_monthly_rain_mm"", ""genus"": ""Myxococcus""}"	0.4079031379	0.4706574668
climate_genus	environment_associations/climate_genus_correlations.tsv	348	"{""climate_variable"": ""mean_monthly_rain_mm"", ""genus"": ""Rufibacter""}"	0.1938663639	0.2528691702
climate_genus	environment_associations/climate_genus_correlations.tsv	349	"{""climate_variable"": ""mean_monthly_rain_mm"", ""genus"": ""Limibaculum""}"	1.523687882e-06	1.269739901e-05
climate_genus	environment_associations/climate_genus_correlations.tsv	350	"{""climate_variable"": ""mean_monthly_rain_mm"", ""genus"": ""Corynebacterium""}"	0.0001774239162	0.0006530941701
climate_genus	environment_associations/climate_genus_correlations.tsv	351	"{""climate_variable"": ""mean_monthly_rain_mm"", ""genus"": ""Rhodococcus""}"	0.0001877295392	0.0006785405033
climate_genus	environment_associations/climate_genus_correlations.tsv	352	"{""climate_variable"": ""mean_monthly_rain_mm"", ""genus"": ""Candidatus Alysiosphaera""}"	0.3940711194	0.4582222319
climate_genus	environment_associations/climate_genus_correlations.tsv	353	"{""climate_variable"": ""mean_monthly_rain_mm"", ""genus"": ""Abditibacterium""}"	0.7080743102	0.745671983
climate_genus	environment_associations/climate_genus_correlations.tsv	354	"{""climate_variable"": ""mean_monthly_rain_mm"", ""genus"": ""Phaselicystis""}"	0.001377072809	0.003772802217
climate_genus	environment_associations/climate_genus_correlations.tsv	355	"{""climate_variable"": ""mean_monthly_rain_mm"", ""genus"": ""SM1A02""}"	0.0006524975215	0.001997441392
climate_genus	environment_associations/climate_genus_correlations.tsv	356	"{""climate_variable"": ""mean_monthly_rain_mm"", ""genus"": ""Allorhizocola""}"	0.1912920965	0.2503422004
climate_genus	environment_associations/climate_genus_correlations.tsv	357	"{""climate_variable"": ""mean_monthly_rain_mm"", ""genus"": ""Anaeromyxobacter""}"	0.0005246155238	0.001651365138
climate_genus	environment_associations/climate_genus_correlations.tsv	358	"{""climate_variable"": ""mean_monthly_rain_mm"", ""genus"": ""Nordella""}"	0.006356422763	0.01411239148
climate_genus	environment_associations/climate_genus_correlations.tsv	359	"{""climate_variable"": ""mean_monthly_rain_mm"", ""genus"": ""Caldilinea""}"	3.362220118e-06	2.490533421e-05
climate_genus	environment_associations/climate_genus_correlations.tsv	360	"{""climate_variable"": ""mean_monthly_rain_mm"", ""genus"": ""Luteitalea""}"	0.0777569578	0.1184116109
climate_genus	environment_associations/climate_genus_correlations.tsv	361	"{""climate_variable"": ""mean_monthly_rain_mm"", ""genus"": ""Rhodoplanes""}"	0.3874937909	0.4523273824
climate_genus	environment_associations/climate_genus_correlations.tsv	362	"{""climate_variable"": ""mean_monthly_rain_mm"", ""genus"": ""Ornithinibacillus""}"	9.044642128e-08	1.356696319e-06
climate_genus	environment_associations/climate_genus_correlations.tsv	363	"{""climate_variable"": ""mean_monthly_rain_mm"", ""genus"": ""Ohtaekwangia""}"	0.6326955006	0.6778880364
climate_genus	environment_associations/climate_genus_correlations.tsv	364	"{""climate_variable"": ""mean_monthly_rain_mm"", ""genus"": ""Cupriavidus""}"	0.5363124163	0.5926104048
climate_genus	environment_associations/climate_genus_correlations.tsv	365	"{""climate_variable"": ""mean_monthly_rain_mm"", ""genus"": ""JCM 18997""}"	0.0001084724394	0.0004310163155
climate_genus	environment_associations/climate_genus_correlations.tsv	366	"{""climate_variable"": ""mean_monthly_rain_mm"", ""genus"": ""Pannonibacter""}"	0.0009039339738	0.002645660411
climate_genus	environment_associations/climate_genus_correlations.tsv	367	"{""climate_variable"": ""mean_monthly_rain_mm"", ""genus"": ""Fimbriiglobus""}"	0.004249107797	0.01007693549
climate_genus	environment_associations/climate_genus_correlations.tsv	368	"{""climate_variable"": ""mean_monthly_rain_mm"", ""genus"": ""Paraconexibacter""}"	0.05882009814	0.09461677985
climate_genus	environment_associations/climate_genus_correlations.tsv	369	"{""climate_variable"": ""mean_monthly_rain_mm"", ""genus"": ""I-8""}"	0.05858405052	0.09449040407
climate_genus	environment_associations/climate_genus_correlations.tsv	370	"{""climate_variable"": ""mean_monthly_rain_mm"", ""genus"": ""Rhizorhabdus""}"	0.1729325589	0.2326446981
climate_genus	environment_associations/climate_genus_correlations.tsv	371	"{""climate_variable"": ""mean_monthly_rain_mm"", ""genus"": ""Actinoplanes""}"	0.7083883838	0.745671983
climate_genus	environment_associations/climate_genus_correlations.tsv	372	"{""climate_variable"": ""mean_monthly_rain_mm"", ""genus"": ""Tepidisphaera""}"	0.001219969542	0.003404566163
climate_genus	environment_associations/climate_genus_correlations.tsv	373	"{""climate_variable"": ""mean_monthly_rain_mm"", ""genus"": ""Modestobacter""}"	0.3408114077	0.4041241989
climate_genus	environment_associations/climate_genus_correlations.tsv	374	"{""climate_variable"": ""mean_monthly_rain_mm"", ""genus"": ""Niastella""}"	0.06456025755	0.1032964121
climate_genus	environment_associations/climate_genus_correlations.tsv	375	"{""climate_variable"": ""mean_monthly_rain_mm"", ""genus"": ""Sandaracinobacter""}"	0.4439438307	0.5035279744
climate_genus	environment_associations/climate_genus_correlations.tsv	376	"{""climate_variable"": ""mean_monthly_rain_mm"", ""genus"": ""Pseudaminobacter""}"	0.1379799153	0.1957161919
climate_genus	environment_associations/climate_genus_correlations.tsv	377	"{""climate_variable"": ""mean_monthly_rain_mm"", ""genus"": ""Pelagibius""}"	1.762447498e-05	9.441683024e-05
climate_genus	environment_associations/climate_genus_correlations.tsv	378	"{""climate_variable"": ""mean_monthly_rain_mm"", ""genus"": ""MM2""}"	0.2697629978	0.3292059245
climate_genus	environment_associations/climate_genus_correlations.tsv	379	"{""climate_variable"": ""mean_monthly_rain_mm"", ""genus"": ""Ensifer""}"	0.2699488581	0.3292059245
climate_genus	environment_associations/climate_genus_correlations.tsv	380	"{""climate_variable"": ""mean_monthly_rain_mm"", ""genus"": ""Haloactinopolyspora""}"	0.01580869984	0.03040134585
climate_genus	environment_associations/climate_genus_correlations.tsv	381	"{""climate_variable"": ""mean_monthly_rain_mm"", ""genus"": ""Peribacillus""}"	9.89766526e-06	5.710191496e-05
climate_genus	environment_associations/climate_genus_correlations.tsv	382	"{""climate_variable"": ""mean_monthly_rain_mm"", ""genus"": ""PMMR1""}"	0.1793461359	0.2396607606
climate_genus	environment_associations/climate_genus_correlations.tsv	383	"{""climate_variable"": ""mean_monthly_rain_mm"", ""genus"": ""Longimicrobium""}"	0.0009910500079	0.002872608719
climate_genus	environment_associations/climate_genus_correlations.tsv	384	"{""climate_variable"": ""mean_monthly_rain_mm"", ""genus"": ""Litorilinea""}"	0.02128247882	0.03953401638
climate_genus	environment_associations/climate_genus_correlations.tsv	385	"{""climate_variable"": ""mean_monthly_rain_mm"", ""genus"": ""Mangrovihabitans""}"	0.1121656261	0.1610812482
climate_genus	environment_associations/climate_genus_correlations.tsv	386	"{""climate_variable"": ""mean_monthly_rain_mm"", ""genus"": ""Altericroceibacterium""}"	4.978967404e-06	3.282835651e-05
climate_genus	environment_associations/climate_genus_correlations.tsv	387	"{""climate_variable"": ""mean_monthly_rain_mm"", ""genus"": ""Nonomuraea""}"	0.0264476182	0.04751069137
climate_genus	environment_associations/climate_genus_correlations.tsv	388	"{""climate_variable"": ""mean_monthly_rain_mm"", ""genus"": ""Actinokineospora""}"	7.66520109e-08	1.29586321e-06
climate_genus	environment_associations/climate_genus_correlations.tsv	389	"{""climate_variable"": ""mean_monthly_rain_mm"", ""genus"": ""Schinkia""}"	7.964494235e-06	4.826966203e-05
climate_genus	environment_associations/climate_genus_correlations.tsv	390	"{""climate_variable"": ""mean_monthly_rain_mm"", ""genus"": ""Fontimonas""}"	0.2671699304	0.3277205741
climate_genus	environment_associations/climate_genus_correlations.tsv	391	"{""climate_variable"": ""mean_monthly_rain_mm"", ""genus"": ""Kineosporia""}"	0.002773646591	0.006992386363
climate_genus	environment_associations/climate_genus_correlations.tsv	392	"{""climate_variable"": ""mean_monthly_rain_mm"", ""genus"": ""Enterovirga""}"	0.06965206143	0.1093872167
climate_genus	environment_associations/climate_genus_correlations.tsv	393	"{""climate_variable"": ""mean_monthly_rain_mm"", ""genus"": ""Tautonia""}"	0.0002531279185	0.0008881681351
climate_genus	environment_associations/climate_genus_correlations.tsv	394	"{""climate_variable"": ""mean_monthly_rain_mm"", ""genus"": ""Desertimonas""}"	0.04593197988	0.07767764543
climate_genus	environment_associations/climate_genus_correlations.tsv	395	"{""climate_variable"": ""mean_monthly_rain_mm"", ""genus"": ""Frankia""}"	0.1915117833	0.2503422004
climate_genus	environment_associations/climate_genus_correlations.tsv	396	"{""climate_variable"": ""mean_monthly_rain_mm"", ""genus"": ""SZB85""}"	0.1633338756	0.22222296
climate_genus	environment_associations/climate_genus_correlations.tsv	397	"{""climate_variable"": ""mean_monthly_rain_mm"", ""genus"": ""Psychroglaciecola""}"	0.1442454283	0.2031625751
climate_genus	environment_associations/climate_genus_correlations.tsv	398	"{""climate_variable"": ""mean_monthly_rain_mm"", ""genus"": ""possible genus 04""}"	0.2501038709	0.3113326194
climate_genus	environment_associations/climate_genus_correlations.tsv	399	"{""climate_variable"": ""mean_monthly_rain_mm"", ""genus"": ""Plantactinospora""}"	0.3475532451	0.4104959588
climate_genus	environment_associations/climate_genus_correlations.tsv	400	"{""climate_variable"": ""mean_monthly_rain_mm"", ""genus"": ""Sandaracinus""}"	0.5847634882	0.6356124872
climate_genus	environment_associations/climate_genus_correlations.tsv	401	"{""climate_variable"": ""mean_relative_humidity_pct"", ""genus"": ""Domibacillus""}"	0.7082352137	0.745671983
climate_genus	environment_associations/climate_genus_correlations.tsv	402	"{""climate_variable"": ""mean_relative_humidity_pct"", ""genus"": ""Massilia""}"	0.0004992803836	0.001585017091
climate_genus	environment_associations/climate_genus_correlations.tsv	403	"{""climate_variable"": ""mean_relative_humidity_pct"", ""genus"": ""Bacillus""}"	9.241234674e-13	1.108948161e-10
climate_genus	environment_associations/climate_genus_correlations.tsv	404	"{""climate_variable"": ""mean_relative_humidity_pct"", ""genus"": ""Microvirga""}"	0.1574155953	0.2156378017
climate_genus	environment_associations/climate_genus_correlations.tsv	405	"{""climate_variable"": ""mean_relative_humidity_pct"", ""genus"": ""Flavisolibacter""}"	7.359583304e-05	0.000315410713
climate_genus	environment_associations/climate_genus_correlations.tsv	406	"{""climate_variable"": ""mean_relative_humidity_pct"", ""genus"": ""Noviherbaspirillum""}"	0.0003101885503	0.001069615691
climate_genus	environment_associations/climate_genus_correlations.tsv	407	"{""climate_variable"": ""mean_relative_humidity_pct"", ""genus"": ""Streptomyces""}"	5.533107069e-11	3.688738046e-09
climate_genus	environment_associations/climate_genus_correlations.tsv	408	"{""climate_variable"": ""mean_relative_humidity_pct"", ""genus"": ""Herpetosiphon""}"	0.0008504136974	0.00252598128
climate_genus	environment_associations/climate_genus_correlations.tsv	409	"{""climate_variable"": ""mean_relative_humidity_pct"", ""genus"": ""Paenibacillus""}"	0.04408187206	0.07513955465
climate_genus	environment_associations/climate_genus_correlations.tsv	410	"{""climate_variable"": ""mean_relative_humidity_pct"", ""genus"": ""Nocardioides""}"	2.924413372e-05	0.0001539164932
climate_genus	environment_associations/climate_genus_correlations.tsv	411	"{""climate_variable"": ""mean_relative_humidity_pct"", ""genus"": ""Lysinibacillus""}"	0.5575914356	0.6105015719
climate_genus	environment_associations/climate_genus_correlations.tsv	412	"{""climate_variable"": ""mean_relative_humidity_pct"", ""genus"": ""Rubrobacter""}"	9.740706406e-05	0.0003975798533
climate_genus	environment_associations/climate_genus_correlations.tsv	413	"{""climate_variable"": ""mean_relative_humidity_pct"", ""genus"": ""Ammoniphilus""}"	1.204927306e-09	4.72664303e-08
climate_genus	environment_associations/climate_genus_correlations.tsv	414	"{""climate_variable"": ""mean_relative_humidity_pct"", ""genus"": ""Deinococcus""}"	0.001178493638	0.003304187769
climate_genus	environment_associations/climate_genus_correlations.tsv	415	"{""climate_variable"": ""mean_relative_humidity_pct"", ""genus"": ""Rubellimicrobium""}"	0.005301326932	0.01209428197
climate_genus	environment_associations/climate_genus_correlations.tsv	416	"{""climate_variable"": ""mean_relative_humidity_pct"", ""genus"": ""Nibribacter""}"	0.2062650723	0.2661484804
climate_genus	environment_associations/climate_genus_correlations.tsv	417	"{""climate_variable"": ""mean_relative_humidity_pct"", ""genus"": ""Geodermatophilus""}"	0.0001274599775	0.0004933934613
climate_genus	environment_associations/climate_genus_correlations.tsv	418	"{""climate_variable"": ""mean_relative_humidity_pct"", ""genus"": ""Ramlibacter""}"	0.009570235706	0.02021880783
climate_genus	environment_associations/climate_genus_correlations.tsv	419	"{""climate_variable"": ""mean_relative_humidity_pct"", ""genus"": ""Planococcus""}"	0.2091366847	0.2681239547
climate_genus	environment_associations/climate_genus_correlations.tsv	420	"{""climate_variable"": ""mean_relative_humidity_pct"", ""genus"": ""Ectobacillus""}"	0.02723834844	0.04878510168
climate_genus	environment_associations/climate_genus_correlations.tsv	421	"{""climate_variable"": ""mean_relative_humidity_pct"", ""genus"": ""Neobacillus""}"	0.3964426204	0.4600881474
climate_genus	environment_associations/climate_genus_correlations.tsv	422	"{""climate_variable"": ""mean_relative_humidity_pct"", ""genus"": ""Acidiferrimicrobium""}"	0.2417323898	0.3027963129
climate_genus	environment_associations/climate_genus_correlations.tsv	423	"{""climate_variable"": ""mean_relative_humidity_pct"", ""genus"": ""Adhaeribacter""}"	0.000900164834	0.002645660411
climate_genus	environment_associations/climate_genus_correlations.tsv	424	"{""climate_variable"": ""mean_relative_humidity_pct"", ""genus"": ""Metabacillus""}"	5.19699369e-05	0.0002436090792
climate_genus	environment_associations/climate_genus_correlations.tsv	425	"{""climate_variable"": ""mean_relative_humidity_pct"", ""genus"": ""Ellin6055""}"	6.001599634e-07	6.026250957e-06
climate_genus	environment_associations/climate_genus_correlations.tsv	426	"{""climate_variable"": ""mean_relative_humidity_pct"", ""genus"": ""Solirubrobacter""}"	5.647756658e-07	5.990411719e-06
climate_genus	environment_associations/climate_genus_correlations.tsv	427	"{""climate_variable"": ""mean_relative_humidity_pct"", ""genus"": ""Bradyrhizobium""}"	4.378720277e-06	3.019807087e-05
climate_genus	environment_associations/climate_genus_correlations.tsv	428	"{""climate_variable"": ""mean_relative_humidity_pct"", ""genus"": ""Halomonas""}"	7.366488403e-07	7.136392841e-06
climate_genus	environment_associations/climate_genus_correlations.tsv	429	"{""climate_variable"": ""mean_relative_humidity_pct"", ""genus"": ""Arthrobacter""}"	0.06542888651	0.1044077976
climate_genus	environment_associations/climate_genus_correlations.tsv	430	"{""climate_variable"": ""mean_relative_humidity_pct"", ""genus"": ""Symbiobacterium""}"	0.7829468322	0.8099449988
climate_genus	environment_associations/climate_genus_correlations.tsv	431	"{""climate_variable"": ""mean_relative_humidity_pct"", ""genus"": ""Sphingoaurantiacus""}"	0.001998550652	0.005305886686
climate_genus	environment_associations/climate_genus_correlations.tsv	432	"{""climate_variable"": ""mean_relative_humidity_pct"", ""genus"": ""Blastococcus""}"	0.0001168936674	0.0004584065387
climate_genus	environment_associations/climate_genus_correlations.tsv	433	"{""climate_variable"": ""mean_relative_humidity_pct"", ""genus"": ""Pseudomonas""}"	0.0007376986717	0.002213096015
climate_genus	environment_associations/climate_genus_correlations.tsv	434	"{""climate_variable"": ""mean_relative_humidity_pct"", ""genus"": ""Pontibacter""}"	2.766449147e-06	2.101100618e-05
climate_genus	environment_associations/climate_genus_correlations.tsv	435	"{""climate_variable"": ""mean_relative_humidity_pct"", ""genus"": ""Roseomonas""}"	0.002353371483	0.006112653202
climate_genus	environment_associations/climate_genus_correlations.tsv	436	"{""climate_variable"": ""mean_relative_humidity_pct"", ""genus"": ""Nitrolancea""}"	0.1630137084	0.22222296
climate_genus	environment_associations/climate_genus_correlations.tsv	437	"{""climate_variable"": ""mean_relative_humidity_pct"", ""genus"": ""Tumebacillus""}"	0.02828805454	0.0505143831
climate_genus	environment_associations/climate_genus_correlations.tsv	438	"{""climate_variable"": ""mean_relative_humidity_pct"", ""genus"": ""Pseudonocardia""}"	1.504816675e-06	1.269739901e-05
climate_genus	environment_associations/climate_genus_correlations.tsv	439	"{""climate_variable"": ""mean_relative_humidity_pct"", ""genus"": ""CSP1-2""}"	0.4975510183	0.5543285073
climate_genus	environment_associations/climate_genus_correlations.tsv	440	"{""climate_variable"": ""mean_relative_humidity_pct"", ""genus"": ""Chthoniobacter""}"	5.814280079e-05	0.0002642854581
climate_genus	environment_associations/climate_genus_correlations.tsv	441	"{""climate_variable"": ""mean_relative_humidity_pct"", ""genus"": ""Lysobacter""}"	0.01647292247	0.03137699518
climate_genus	environment_associations/climate_genus_correlations.tsv	442	"{""climate_variable"": ""mean_relative_humidity_pct"", ""genus"": ""Saccharopolyspora""}"	7.264238715e-05	0.0003135642611
climate_genus	environment_associations/climate_genus_correlations.tsv	443	"{""climate_variable"": ""mean_relative_humidity_pct"", ""genus"": ""Cytophaga""}"	0.7814890408	0.8098332029
climate_genus	environment_associations/climate_genus_correlations.tsv	444	"{""climate_variable"": ""mean_relative_humidity_pct"", ""genus"": ""Cellulomonas""}"	3.404476151e-08	6.589308679e-07
climate_genus	environment_associations/climate_genus_correlations.tsv	445	"{""climate_variable"": ""mean_relative_humidity_pct"", ""genus"": ""Archangium""}"	0.06601057159	0.1050566126
climate_genus	environment_associations/climate_genus_correlations.tsv	446	"{""climate_variable"": ""mean_relative_humidity_pct"", ""genus"": ""Pirellula""}"	1.48752887e-07	2.125041243e-06
climate_genus	environment_associations/climate_genus_correlations.tsv	447	"{""climate_variable"": ""mean_relative_humidity_pct"", ""genus"": ""Actinomadura""}"	0.0001064616144	0.0004258464576
climate_genus	environment_associations/climate_genus_correlations.tsv	448	"{""climate_variable"": ""mean_relative_humidity_pct"", ""genus"": ""Chelativorans""}"	0.8173264524	0.8411592992
climate_genus	environment_associations/climate_genus_correlations.tsv	449	"{""climate_variable"": ""mean_relative_humidity_pct"", ""genus"": ""Segetibacter""}"	0.0003314343553	0.001123506289
climate_genus	environment_associations/climate_genus_correlations.tsv	450	"{""climate_variable"": ""mean_relative_humidity_pct"", ""genus"": ""Devosia""}"	0.6563426493	0.7007216897
climate_genus	environment_associations/climate_genus_correlations.tsv	451	"{""climate_variable"": ""mean_relative_humidity_pct"", ""genus"": ""Phenylobacterium""}"	5.831007842e-07	6.026250957e-06
climate_genus	environment_associations/climate_genus_correlations.tsv	452	"{""climate_variable"": ""mean_relative_humidity_pct"", ""genus"": ""Steroidobacter""}"	6.763371473e-10	3.381685737e-08
climate_genus	environment_associations/climate_genus_correlations.tsv	453	"{""climate_variable"": ""mean_relative_humidity_pct"", ""genus"": ""Oxalophagus""}"	0.3621864197	0.4269388052
climate_genus	environment_associations/climate_genus_correlations.tsv	454	"{""climate_variable"": ""mean_relative_humidity_pct"", ""genus"": ""Halalkalibacter""}"	1.215612589e-15	2.431225177e-13
climate_genus	environment_associations/climate_genus_correlations.tsv	455	"{""climate_variable"": ""mean_relative_humidity_pct"", ""genus"": ""Gemmatimonas""}"	2.99388919e-07	3.665986764e-06
climate_genus	environment_associations/climate_genus_correlations.tsv	456	"{""climate_variable"": ""mean_relative_humidity_pct"", ""genus"": ""Gaiella""}"	8.789832672e-06	5.221682775e-05
climate_genus	environment_associations/climate_genus_correlations.tsv	457	"{""climate_variable"": ""mean_relative_humidity_pct"", ""genus"": ""Prauserella""}"	0.8542011718	0.8701539951
climate_genus	environment_associations/climate_genus_correlations.tsv	458	"{""climate_variable"": ""mean_relative_humidity_pct"", ""genus"": ""Cnuella""}"	0.001397005571	0.003810015194
climate_genus	environment_associations/climate_genus_correlations.tsv	459	"{""climate_variable"": ""mean_relative_humidity_pct"", ""genus"": ""Azospirillum""}"	0.07342542149	0.1132525781
climate_genus	environment_associations/climate_genus_correlations.tsv	460	"{""climate_variable"": ""mean_relative_humidity_pct"", ""genus"": ""Vallicoccus""}"	0.08030681429	0.1213705002
climate_genus	environment_associations/climate_genus_correlations.tsv	461	"{""climate_variable"": ""mean_relative_humidity_pct"", ""genus"": ""Roseisolibacter""}"	1.993324026e-07	2.657765368e-06
climate_genus	environment_associations/climate_genus_correlations.tsv	462	"{""climate_variable"": ""mean_relative_humidity_pct"", ""genus"": ""Mycobacterium""}"	0.007983325748	0.0171071266
climate_genus	environment_associations/climate_genus_correlations.tsv	463	"{""climate_variable"": ""mean_relative_humidity_pct"", ""genus"": ""Sphingomonas""}"	0.0003292201069	0.001122341274
climate_genus	environment_associations/climate_genus_correlations.tsv	464	"{""climate_variable"": ""mean_relative_humidity_pct"", ""genus"": ""Daejeonella""}"	0.002405959296	0.006222308523
climate_genus	environment_associations/climate_genus_correlations.tsv	465	"{""climate_variable"": ""mean_relative_humidity_pct"", ""genus"": ""Telluribacter""}"	0.1181954649	0.1688506641
climate_genus	environment_associations/climate_genus_correlations.tsv	466	"{""climate_variable"": ""mean_relative_humidity_pct"", ""genus"": ""MND1""}"	0.1514661687	0.2094002332
climate_genus	environment_associations/climate_genus_correlations.tsv	467	"{""climate_variable"": ""mean_relative_humidity_pct"", ""genus"": ""Marmoricola""}"	5.193092047e-07	5.878972128e-06
climate_genus	environment_associations/climate_genus_correlations.tsv	468	"{""climate_variable"": ""mean_relative_humidity_pct"", ""genus"": ""Pir4 lineage""}"	0.01754376967	0.03320587318
climate_genus	environment_associations/climate_genus_correlations.tsv	469	"{""climate_variable"": ""mean_relative_humidity_pct"", ""genus"": ""Terribacillus""}"	0.5128541279	0.568784615
climate_genus	environment_associations/climate_genus_correlations.tsv	470	"{""climate_variable"": ""mean_relative_humidity_pct"", ""genus"": ""Croceibacterium""}"	0.9806683526	0.9806683526
climate_genus	environment_associations/climate_genus_correlations.tsv	471	"{""climate_variable"": ""mean_relative_humidity_pct"", ""genus"": ""Verrucosispora""}"	0.08330748076	0.1240309887
climate_genus	environment_associations/climate_genus_correlations.tsv	472	"{""climate_variable"": ""mean_relative_humidity_pct"", ""genus"": ""Pedomicrobium""}"	0.1672906482	0.2260684435
climate_genus	environment_associations/climate_genus_correlations.tsv	473	"{""climate_variable"": ""mean_relative_humidity_pct"", ""genus"": ""DSSF69""}"	0.3324532479	0.3957776761
climate_genus	environment_associations/climate_genus_correlations.tsv	474	"{""climate_variable"": ""mean_relative_humidity_pct"", ""genus"": ""Peredibacter""}"	0.9283081221	0.9348745483
climate_genus	environment_associations/climate_genus_correlations.tsv	475	"{""climate_variable"": ""mean_relative_humidity_pct"", ""genus"": ""Acidibacter""}"	0.07171131411	0.111180332
climate_genus	environment_associations/climate_genus_correlations.tsv	476	"{""climate_variable"": ""mean_relative_humidity_pct"", ""genus"": ""Opitutus""}"	0.01053098536	0.02141895328
climate_genus	environment_associations/climate_genus_correlations.tsv	477	"{""climate_variable"": ""mean_relative_humidity_pct"", ""genus"": ""Litchfieldia""}"	8.282891571e-08	1.308836542e-06
climate_genus	environment_associations/climate_genus_correlations.tsv	478	"{""climate_variable"": ""mean_relative_humidity_pct"", ""genus"": ""Bryobacter""}"	1.559305998e-05	8.480285936e-05
climate_genus	environment_associations/climate_genus_correlations.tsv	479	"{""climate_variable"": ""mean_relative_humidity_pct"", ""genus"": ""Nitrospira""}"	0.02550232241	0.04595013047
climate_genus	environment_associations/climate_genus_correlations.tsv	480	"{""climate_variable"": ""mean_relative_humidity_pct"", ""genus"": ""Limnobacter""}"	1.470359539e-05	8.093722231e-05
climate_genus	environment_associations/climate_genus_correlations.tsv	481	"{""climate_variable"": ""mean_relative_humidity_pct"", ""genus"": ""Kallotenue""}"	0.07673178841	0.1171477686
climate_genus	environment_associations/climate_genus_correlations.tsv	482	"{""climate_variable"": ""mean_relative_humidity_pct"", ""genus"": ""Novosphingobium""}"	0.04106382899	0.07079970516
climate_genus	environment_associations/climate_genus_correlations.tsv	483	"{""climate_variable"": ""mean_relative_humidity_pct"", ""genus"": ""Pelagibacterium""}"	1.568852898e-05	8.480285936e-05
climate_genus	environment_associations/climate_genus_correlations.tsv	484	"{""climate_variable"": ""mean_relative_humidity_pct"", ""genus"": ""Actinophytocola""}"	6.137112957e-06	3.959427714e-05
climate_genus	environment_associations/climate_genus_correlations.tsv	485	"{""climate_variable"": ""mean_relative_humidity_pct"", ""genus"": ""Mesobacillus""}"	0.0006272474793	0.001931735778
climate_genus	environment_associations/climate_genus_correlations.tsv	486	"{""climate_variable"": ""mean_relative_humidity_pct"", ""genus"": ""Arcticibacter""}"	0.005032616721	0.01165857155
climate_genus	environment_associations/climate_genus_correlations.tsv	487	"{""climate_variable"": ""mean_relative_humidity_pct"", ""genus"": ""Kocuria""}"	0.08214308058	0.1235234294
climate_genus	environment_associations/climate_genus_correlations.tsv	488	"{""climate_variable"": ""mean_relative_humidity_pct"", ""genus"": ""Arenimicrobium""}"	0.3883190083	0.4524104951
climate_genus	environment_associations/climate_genus_correlations.tsv	489	"{""climate_variable"": ""mean_relative_humidity_pct"", ""genus"": ""Truepera""}"	5.570886656e-07	5.990411719e-06
climate_genus	environment_associations/climate_genus_correlations.tsv	490	"{""climate_variable"": ""mean_relative_humidity_pct"", ""genus"": ""OM27 clade""}"	0.1057719387	0.1540368039
climate_genus	environment_associations/climate_genus_correlations.tsv	491	"{""climate_variable"": ""mean_relative_humidity_pct"", ""genus"": ""Parviterribacter""}"	4.825024847e-06	3.216683231e-05
climate_genus	environment_associations/climate_genus_correlations.tsv	492	"{""climate_variable"": ""mean_relative_humidity_pct"", ""genus"": ""Sporocytophaga""}"	0.0521757911	0.08576842373
climate_genus	environment_associations/climate_genus_correlations.tsv	493	"{""climate_variable"": ""mean_relative_humidity_pct"", ""genus"": ""Brucella""}"	7.549352752e-06	4.622052706e-05
climate_genus	environment_associations/climate_genus_correlations.tsv	494	"{""climate_variable"": ""mean_relative_humidity_pct"", ""genus"": ""Isoptericola""}"	0.2565222842	0.3173471557
climate_genus	environment_associations/climate_genus_correlations.tsv	495	"{""climate_variable"": ""mean_relative_humidity_pct"", ""genus"": ""Saccharomonospora""}"	4.599045931e-05	0.0002207542047
climate_genus	environment_associations/climate_genus_correlations.tsv	496	"{""climate_variable"": ""mean_relative_humidity_pct"", ""genus"": ""Dongia""}"	0.0001335483804	0.000513647617
climate_genus	environment_associations/climate_genus_correlations.tsv	497	"{""climate_variable"": ""mean_relative_humidity_pct"", ""genus"": ""Roseicella""}"	0.004902814555	0.01144625966
climate_genus	environment_associations/climate_genus_correlations.tsv	498	"{""climate_variable"": ""mean_relative_humidity_pct"", ""genus"": ""Subgroup 10""}"	0.1743036073	0.2339645735
climate_genus	environment_associations/climate_genus_correlations.tsv	499	"{""climate_variable"": ""mean_relative_humidity_pct"", ""genus"": ""Streptococcus""}"	4.046725266e-05	0.0001990192754
climate_genus	environment_associations/climate_genus_correlations.tsv	500	"{""climate_variable"": ""mean_relative_humidity_pct"", ""genus"": ""Glycomyces""}"	0.4952694533	0.5533736909
climate_genus	environment_associations/climate_genus_correlations.tsv	501	"{""climate_variable"": ""mean_relative_humidity_pct"", ""genus"": ""Gracilibacillus""}"	1.224035714e-08	3.060089285e-07
climate_genus	environment_associations/climate_genus_correlations.tsv	502	"{""climate_variable"": ""mean_relative_humidity_pct"", ""genus"": ""Saccharibacillus""}"	0.2271243707	0.286893942
climate_genus	environment_associations/climate_genus_correlations.tsv	503	"{""climate_variable"": ""mean_relative_humidity_pct"", ""genus"": ""Gemmata""}"	0.0001606651253	0.0006062834918
climate_genus	environment_associations/climate_genus_correlations.tsv	504	"{""climate_variable"": ""mean_relative_humidity_pct"", ""genus"": ""Pantoea""}"	0.04550186227	0.07734027581
climate_genus	environment_associations/climate_genus_correlations.tsv	505	"{""climate_variable"": ""mean_relative_humidity_pct"", ""genus"": ""Saccharothrix""}"	0.1911519982	0.2503422004
climate_genus	environment_associations/climate_genus_correlations.tsv	506	"{""climate_variable"": ""mean_relative_humidity_pct"", ""genus"": ""Georgenia""}"	0.01346850602	0.02670167056
climate_genus	environment_associations/climate_genus_correlations.tsv	507	"{""climate_variable"": ""mean_relative_humidity_pct"", ""genus"": ""Rhodocista""}"	1.260438141e-09	4.72664303e-08
climate_genus	environment_associations/climate_genus_correlations.tsv	508	"{""climate_variable"": ""mean_relative_humidity_pct"", ""genus"": ""TM7a""}"	0.1449070807	0.2036165068
climate_genus	environment_associations/climate_genus_correlations.tsv	509	"{""climate_variable"": ""mean_relative_humidity_pct"", ""genus"": ""Baekduia""}"	0.000109417095	0.0004319095857
climate_genus	environment_associations/climate_genus_correlations.tsv	510	"{""climate_variable"": ""mean_relative_humidity_pct"", ""genus"": ""Lautropia""}"	0.002057166655	0.005413596461
climate_genus	environment_associations/climate_genus_correlations.tsv	511	"{""climate_variable"": ""mean_relative_humidity_pct"", ""genus"": ""Brevibacillus""}"	0.04251679559	0.07309477753
climate_genus	environment_associations/climate_genus_correlations.tsv	512	"{""climate_variable"": ""mean_relative_humidity_pct"", ""genus"": ""Conexibacter""}"	8.423595245e-05	0.0003559265597
climate_genus	environment_associations/climate_genus_correlations.tsv	513	"{""climate_variable"": ""mean_relative_humidity_pct"", ""genus"": ""YC-ZSS-LKJ147""}"	0.06758203788	0.107273076
climate_genus	environment_associations/climate_genus_correlations.tsv	514	"{""climate_variable"": ""mean_relative_humidity_pct"", ""genus"": ""Oceanobacillus""}"	0.0006278141279	0.001931735778
climate_genus	environment_associations/climate_genus_correlations.tsv	515	"{""climate_variable"": ""mean_relative_humidity_pct"", ""genus"": ""Turicibacter""}"	0.01017482654	0.02090717783
climate_genus	environment_associations/climate_genus_correlations.tsv	516	"{""climate_variable"": ""mean_relative_humidity_pct"", ""genus"": ""Nesterenkonia""}"	0.0003180439642	0.001090436449
climate_genus	environment_associations/climate_genus_correlations.tsv	517	"{""climate_variable"": ""mean_relative_humidity_pct"", ""genus"": ""Falsirhodobacter""}"	0.0006620785957	0.002014943122
climate_genus	environment_associations/climate_genus_correlations.tsv	518	"{""climate_variable"": ""mean_relative_humidity_pct"", ""genus"": ""Neorhizobium""}"	0.4319102517	0.4926732909
climate_genus	environment_associations/climate_genus_correlations.tsv	519	"{""climate_variable"": ""mean_relative_humidity_pct"", ""genus"": ""[Polyangium] brachysporum group""}"	0.03897193313	0.06758138693
climate_genus	environment_associations/climate_genus_correlations.tsv	520	"{""climate_variable"": ""mean_relative_humidity_pct"", ""genus"": ""Rubritepida""}"	6.253445712e-05	0.0002800050319
climate_genus	environment_associations/climate_genus_correlations.tsv	521	"{""climate_variable"": ""mean_relative_humidity_pct"", ""genus"": ""Niallia""}"	0.208591255	0.2679973298
climate_genus	environment_associations/climate_genus_correlations.tsv	522	"{""climate_variable"": ""mean_relative_humidity_pct"", ""genus"": ""Staphylococcus""}"	2.200990994e-09	6.950497875e-08
climate_genus	environment_associations/climate_genus_correlations.tsv	523	"{""climate_variable"": ""mean_relative_humidity_pct"", ""genus"": ""Methylobacillus""}"	0.5642935745	0.6160551552
climate_genus	environment_associations/climate_genus_correlations.tsv	524	"{""climate_variable"": ""mean_relative_humidity_pct"", ""genus"": ""Blastocatella""}"	4.035628557e-06	2.848678981e-05
climate_genus	environment_associations/climate_genus_correlations.tsv	525	"{""climate_variable"": ""mean_relative_humidity_pct"", ""genus"": ""Kineococcus""}"	0.005199117123	0.01190637509
climate_genus	environment_associations/climate_genus_correlations.tsv	526	"{""climate_variable"": ""mean_relative_humidity_pct"", ""genus"": ""Aeromicrobium""}"	0.08311251505	0.1240309887
climate_genus	environment_associations/climate_genus_correlations.tsv	527	"{""climate_variable"": ""mean_relative_humidity_pct"", ""genus"": ""Brevundimonas""}"	0.85106017	0.8684287449
climate_genus	environment_associations/climate_genus_correlations.tsv	528	"{""climate_variable"": ""mean_relative_humidity_pct"", ""genus"": ""Cystobacter""}"	0.4812989186	0.5407853018
climate_genus	environment_associations/climate_genus_correlations.tsv	529	"{""climate_variable"": ""mean_relative_humidity_pct"", ""genus"": ""Sumerlaea""}"	0.00340216946	0.008297974293
climate_genus	environment_associations/climate_genus_correlations.tsv	530	"{""climate_variable"": ""mean_relative_humidity_pct"", ""genus"": ""Caenimonas""}"	1.108605404e-05	6.275124928e-05
climate_genus	environment_associations/climate_genus_correlations.tsv	531	"{""climate_variable"": ""mean_relative_humidity_pct"", ""genus"": ""Amycolatopsis""}"	0.04403517374	0.07513955465
climate_genus	environment_associations/climate_genus_correlations.tsv	532	"{""climate_variable"": ""mean_relative_humidity_pct"", ""genus"": ""Polycyclovorans""}"	0.5416339786	0.5973904176
climate_genus	environment_associations/climate_genus_correlations.tsv	533	"{""climate_variable"": ""mean_relative_humidity_pct"", ""genus"": ""Caulobacter""}"	0.3406020583	0.4041241989
climate_genus	environment_associations/climate_genus_correlations.tsv	534	"{""climate_variable"": ""mean_relative_humidity_pct"", ""genus"": ""Paracoccus""}"	0.005960968823	0.01344579434
climate_genus	environment_associations/climate_genus_correlations.tsv	535	"{""climate_variable"": ""mean_relative_humidity_pct"", ""genus"": ""Hydrocarboniphaga""}"	0.003677373792	0.008896872076
climate_genus	environment_associations/climate_genus_correlations.tsv	536	"{""climate_variable"": ""mean_relative_humidity_pct"", ""genus"": ""Aridibacter""}"	0.0001872075665	0.0006785405033
climate_genus	environment_associations/climate_genus_correlations.tsv	537	"{""climate_variable"": ""mean_relative_humidity_pct"", ""genus"": ""Arsenicitalea""}"	0.3768374405	0.4424705759
climate_genus	environment_associations/climate_genus_correlations.tsv	538	"{""climate_variable"": ""mean_relative_humidity_pct"", ""genus"": ""Herbaspirillum""}"	0.01500936621	0.02914440042
climate_genus	environment_associations/climate_genus_correlations.tsv	539	"{""climate_variable"": ""mean_relative_humidity_pct"", ""genus"": ""Bauldia""}"	0.009045709019	0.0192461894
climate_genus	environment_associations/climate_genus_correlations.tsv	540	"{""climate_variable"": ""mean_relative_humidity_pct"", ""genus"": ""Pajaroellobacter""}"	0.02953864473	0.05243546402
climate_genus	environment_associations/climate_genus_correlations.tsv	541	"{""climate_variable"": ""mean_relative_humidity_pct"", ""genus"": ""Longispora""}"	0.009802994404	0.02028205739
climate_genus	environment_associations/climate_genus_correlations.tsv	542	"{""climate_variable"": ""mean_relative_humidity_pct"", ""genus"": ""Aureibacillus""}"	0.04595927355	0.07767764543
climate_genus	environment_associations/climate_genus_correlations.tsv	543	"{""climate_variable"": ""mean_relative_humidity_pct"", ""genus"": ""SH-PL14""}"	0.00264958611	0.006764900706
climate_genus	environment_associations/climate_genus_correlations.tsv	544	"{""climate_variable"": ""mean_relative_humidity_pct"", ""genus"": ""Thermosipho""}"	0.05629750941	0.0915406657
climate_genus	environment_associations/climate_genus_correlations.tsv	545	"{""climate_variable"": ""mean_relative_humidity_pct"", ""genus"": ""Plastorhodobacter""}"	1.494944607e-09	5.276275083e-08
climate_genus	environment_associations/climate_genus_correlations.tsv	546	"{""climate_variable"": ""mean_relative_humidity_pct"", ""genus"": ""Azohydromonas""}"	0.1504193692	0.2089157906
climate_genus	environment_associations/climate_genus_correlations.tsv	547	"{""climate_variable"": ""mean_relative_humidity_pct"", ""genus"": ""Myxococcus""}"	0.868777589	0.8835026329
climate_genus	environment_associations/climate_genus_correlations.tsv	548	"{""climate_variable"": ""mean_relative_humidity_pct"", ""genus"": ""Rufibacter""}"	0.03772267506	0.06560465228
climate_genus	environment_associations/climate_genus_correlations.tsv	549	"{""climate_variable"": ""mean_relative_humidity_pct"", ""genus"": ""Limibaculum""}"	3.349894673e-08	6.589308679e-07
climate_genus	environment_associations/climate_genus_correlations.tsv	550	"{""climate_variable"": ""mean_relative_humidity_pct"", ""genus"": ""Corynebacterium""}"	2.628852614e-08	5.841894698e-07
climate_genus	environment_associations/climate_genus_correlations.tsv	551	"{""climate_variable"": ""mean_relative_humidity_pct"", ""genus"": ""Rhodococcus""}"	0.1167173226	0.1671369775
climate_genus	environment_associations/climate_genus_correlations.tsv	552	"{""climate_variable"": ""mean_relative_humidity_pct"", ""genus"": ""Candidatus Alysiosphaera""}"	0.070199462	0.1096866594
climate_genus	environment_associations/climate_genus_correlations.tsv	553	"{""climate_variable"": ""mean_relative_humidity_pct"", ""genus"": ""Abditibacterium""}"	0.009888245081	0.02038813419
climate_genus	environment_associations/climate_genus_correlations.tsv	554	"{""climate_variable"": ""mean_relative_humidity_pct"", ""genus"": ""Phaselicystis""}"	0.004934985557	0.0114767106
climate_genus	environment_associations/climate_genus_correlations.tsv	555	"{""climate_variable"": ""mean_relative_humidity_pct"", ""genus"": ""SM1A02""}"	0.0002168445809	0.0007744449319
climate_genus	environment_associations/climate_genus_correlations.tsv	556	"{""climate_variable"": ""mean_relative_humidity_pct"", ""genus"": ""Allorhizocola""}"	0.5870966986	0.6369946097
climate_genus	environment_associations/climate_genus_correlations.tsv	557	"{""climate_variable"": ""mean_relative_humidity_pct"", ""genus"": ""Anaeromyxobacter""}"	0.02867808673	0.05105890813
climate_genus	environment_associations/climate_genus_correlations.tsv	558	"{""climate_variable"": ""mean_relative_humidity_pct"", ""genus"": ""Nordella""}"	0.1555814561	0.2139590353
climate_genus	environment_associations/climate_genus_correlations.tsv	559	"{""climate_variable"": ""mean_relative_humidity_pct"", ""genus"": ""Caldilinea""}"	2.603677625e-06	2.002828942e-05
climate_genus	environment_associations/climate_genus_correlations.tsv	560	"{""climate_variable"": ""mean_relative_humidity_pct"", ""genus"": ""Luteitalea""}"	8.395884495e-06	5.037530697e-05
climate_genus	environment_associations/climate_genus_correlations.tsv	561	"{""climate_variable"": ""mean_relative_humidity_pct"", ""genus"": ""Rhodoplanes""}"	0.9621874019	0.96540542
climate_genus	environment_associations/climate_genus_correlations.tsv	562	"{""climate_variable"": ""mean_relative_humidity_pct"", ""genus"": ""Ornithinibacillus""}"	7.775179262e-08	1.29586321e-06
climate_genus	environment_associations/climate_genus_correlations.tsv	563	"{""climate_variable"": ""mean_relative_humidity_pct"", ""genus"": ""Ohtaekwangia""}"	0.05555985904	0.0905867267
climate_genus	environment_associations/climate_genus_correlations.tsv	564	"{""climate_variable"": ""mean_relative_humidity_pct"", ""genus"": ""Cupriavidus""}"	0.763572527	0.797107085
climate_genus	environment_associations/climate_genus_correlations.tsv	565	"{""climate_variable"": ""mean_relative_humidity_pct"", ""genus"": ""JCM 18997""}"	0.01194895183	0.02397782977
climate_genus	environment_associations/climate_genus_correlations.tsv	566	"{""climate_variable"": ""mean_relative_humidity_pct"", ""genus"": ""Pannonibacter""}"	7.341450519e-12	6.292671873e-10
climate_genus	environment_associations/climate_genus_correlations.tsv	567	"{""climate_variable"": ""mean_relative_humidity_pct"", ""genus"": ""Fimbriiglobus""}"	0.03398362953	0.05962040269
climate_genus	environment_associations/climate_genus_correlations.tsv	568	"{""climate_variable"": ""mean_relative_humidity_pct"", ""genus"": ""Paraconexibacter""}"	1.349227976e-06	1.174461716e-05
climate_genus	environment_associations/climate_genus_correlations.tsv	569	"{""climate_variable"": ""mean_relative_humidity_pct"", ""genus"": ""I-8""}"	0.0004662361109	0.001495944741
climate_genus	environment_associations/climate_genus_correlations.tsv	570	"{""climate_variable"": ""mean_relative_humidity_pct"", ""genus"": ""Rhizorhabdus""}"	0.4116532995	0.4740728977
climate_genus	environment_associations/climate_genus_correlations.tsv	571	"{""climate_variable"": ""mean_relative_humidity_pct"", ""genus"": ""Actinoplanes""}"	0.004550915333	0.01070803608
climate_genus	environment_associations/climate_genus_correlations.tsv	572	"{""climate_variable"": ""mean_relative_humidity_pct"", ""genus"": ""Tepidisphaera""}"	0.0004614974382	0.001488701414
climate_genus	environment_associations/climate_genus_correlations.tsv	573	"{""climate_variable"": ""mean_relative_humidity_pct"", ""genus"": ""Modestobacter""}"	0.490455928	0.5490178299
climate_genus	environment_associations/climate_genus_correlations.tsv	574	"{""climate_variable"": ""mean_relative_humidity_pct"", ""genus"": ""Niastella""}"	0.007535653015	0.01632271411
climate_genus	environment_associations/climate_genus_correlations.tsv	575	"{""climate_variable"": ""mean_relative_humidity_pct"", ""genus"": ""Sandaracinobacter""}"	0.06975768617	0.1093872167
climate_genus	environment_associations/climate_genus_correlations.tsv	576	"{""climate_variable"": ""mean_relative_humidity_pct"", ""genus"": ""Pseudaminobacter""}"	0.01025607668	0.02097240176
climate_genus	environment_associations/climate_genus_correlations.tsv	577	"{""climate_variable"": ""mean_relative_humidity_pct"", ""genus"": ""Pelagibius""}"	2.178199358e-09	6.950497875e-08
climate_genus	environment_associations/climate_genus_correlations.tsv	578	"{""climate_variable"": ""mean_relative_humidity_pct"", ""genus"": ""MM2""}"	0.001819693808	0.004852516821
climate_genus	environment_associations/climate_genus_correlations.tsv	579	"{""climate_variable"": ""mean_relative_humidity_pct"", ""genus"": ""Ensifer""}"	0.2248189842	0.2845809927
climate_genus	environment_associations/climate_genus_correlations.tsv	580	"{""climate_variable"": ""mean_relative_humidity_pct"", ""genus"": ""Haloactinopolyspora""}"	0.2007572407	0.2607236892
climate_genus	environment_associations/climate_genus_correlations.tsv	581	"{""climate_variable"": ""mean_relative_humidity_pct"", ""genus"": ""Peribacillus""}"	0.01984062514	0.03731779022
climate_genus	environment_associations/climate_genus_correlations.tsv	582	"{""climate_variable"": ""mean_relative_humidity_pct"", ""genus"": ""PMMR1""}"	0.0462744069	0.07799057343
climate_genus	environment_associations/climate_genus_correlations.tsv	583	"{""climate_variable"": ""mean_relative_humidity_pct"", ""genus"": ""Longimicrobium""}"	0.0145806894	0.02868332341
climate_genus	environment_associations/climate_genus_correlations.tsv	584	"{""climate_variable"": ""mean_relative_humidity_pct"", ""genus"": ""Litorilinea""}"	0.247822197	0.3097777463
climate_genus	environment_associations/climate_genus_correlations.tsv	585	"{""climate_variable"": ""mean_relative_humidity_pct"", ""genus"": ""Mangrovihabitans""}"	0.08307356514	0.1240309887
climate_genus	environment_associations/climate_genus_correlations.tsv	586	"{""climate_variable"": ""mean_relative_humidity_pct"", ""genus"": ""Altericroceibacterium""}"	9.64200311e-06	5.616700841e-05
climate_genus	environment_associations/climate_genus_correlations.tsv	587	"{""climate_variable"": ""mean_relative_humidity_pct"", ""genus"": ""Nonomuraea""}"	0.6140148665	0.6626059711
climate_genus	environment_associations/climate_genus_correlations.tsv	588	"{""climate_variable"": ""mean_relative_humidity_pct"", ""genus"": ""Actinokineospora""}"	5.983773899e-05	0.0002699446872
climate_genus	environment_associations/climate_genus_correlations.tsv	589	"{""climate_variable"": ""mean_relative_humidity_pct"", ""genus"": ""Schinkia""}"	3.544012561e-05	0.0001772006281
climate_genus	environment_associations/climate_genus_correlations.tsv	590	"{""climate_variable"": ""mean_relative_humidity_pct"", ""genus"": ""Fontimonas""}"	0.001133252179	0.003207317488
climate_genus	environment_associations/climate_genus_correlations.tsv	591	"{""climate_variable"": ""mean_relative_humidity_pct"", ""genus"": ""Kineosporia""}"	0.2591359221	0.3199208914
climate_genus	environment_associations/climate_genus_correlations.tsv	592	"{""climate_variable"": ""mean_relative_humidity_pct"", ""genus"": ""Enterovirga""}"	0.2377868205	0.2984771805
climate_genus	environment_associations/climate_genus_correlations.tsv	593	"{""climate_variable"": ""mean_relative_humidity_pct"", ""genus"": ""Tautonia""}"	0.01174116772	0.02363993501
climate_genus	environment_associations/climate_genus_correlations.tsv	594	"{""climate_variable"": ""mean_relative_humidity_pct"", ""genus"": ""Desertimonas""}"	0.803757969	0.830042653
climate_genus	environment_associations/climate_genus_correlations.tsv	595	"{""climate_variable"": ""mean_relative_humidity_pct"", ""genus"": ""Frankia""}"	0.107190051	0.1554856679
climate_genus	environment_associations/climate_genus_correlations.tsv	596	"{""climate_variable"": ""mean_relative_humidity_pct"", ""genus"": ""SZB85""}"	0.3145711124	0.3774853349
climate_genus	environment_associations/climate_genus_correlations.tsv	597	"{""climate_variable"": ""mean_relative_humidity_pct"", ""genus"": ""Psychroglaciecola""}"	0.08326845878	0.1240309887
climate_genus	environment_associations/climate_genus_correlations.tsv	598	"{""climate_variable"": ""mean_relative_humidity_pct"", ""genus"": ""possible genus 04""}"	0.642508616	0.6871749904
climate_genus	environment_associations/climate_genus_correlations.tsv	599	"{""climate_variable"": ""mean_relative_humidity_pct"", ""genus"": ""Plantactinospora""}"	0.9583253803	0.9631410857
climate_genus	environment_associations/climate_genus_correlations.tsv	600	"{""climate_variable"": ""mean_relative_humidity_pct"", ""genus"": ""Sandaracinus""}"	0.07513603259	0.1152982597
field_weather	environment_associations/field_weather_adjusted_models.tsv	1	"{""response"": ""shannon"", ""weather_variable"": ""temperature_c""}"	0.08969534321	0.4036290444
field_weather	environment_associations/field_weather_adjusted_models.tsv	2	"{""response"": ""expected_richness_25k"", ""weather_variable"": ""temperature_c""}"	0.5114282862	0.6575506536
field_weather	environment_associations/field_weather_adjusted_models.tsv	3	"{""response"": ""normalized_evenness"", ""weather_variable"": ""temperature_c""}"	0.03546248857	0.3191623971
field_weather	environment_associations/field_weather_adjusted_models.tsv	4	"{""response"": ""shannon"", ""weather_variable"": ""pressure_mbar""}"	0.424697303	0.6575506536
field_weather	environment_associations/field_weather_adjusted_models.tsv	5	"{""response"": ""expected_richness_25k"", ""weather_variable"": ""pressure_mbar""}"	0.2094037492	0.527497469
field_weather	environment_associations/field_weather_adjusted_models.tsv	6	"{""response"": ""normalized_evenness"", ""weather_variable"": ""pressure_mbar""}"	0.6825780588	0.7679003161
field_weather	environment_associations/field_weather_adjusted_models.tsv	7	"{""response"": ""shannon"", ""weather_variable"": ""relative_humidity_pct""}"	0.5113714023	0.6575506536
field_weather	environment_associations/field_weather_adjusted_models.tsv	8	"{""response"": ""expected_richness_25k"", ""weather_variable"": ""relative_humidity_pct""}"	0.7966308205	0.7966308205
field_weather	environment_associations/field_weather_adjusted_models.tsv	9	"{""response"": ""normalized_evenness"", ""weather_variable"": ""relative_humidity_pct""}"	0.2344433196	0.527497469
taxon_route	taxon_context_corrected_20260909/transect_replacement.tsv	1	"{""genus"": ""Cellulomonas""}"	4.689834915e-14	2.344917457e-12
taxon_route	taxon_context_corrected_20260909/transect_replacement.tsv	2	"{""genus"": ""Blastocatella""}"	1.127052213e-12	3.75684071e-11
taxon_route	taxon_context_corrected_20260909/transect_replacement.tsv	3	"{""genus"": ""Marmoricola""}"	3.242669718e-10	5.895763123e-09
taxon_route	taxon_context_corrected_20260909/transect_replacement.tsv	4	"{""genus"": ""Ellin6055""}"	5.036612055e-10	7.888980205e-09
taxon_route	taxon_context_corrected_20260909/transect_replacement.tsv	5	"{""genus"": ""Roseisolibacter""}"	7.002049855e-10	9.336066473e-09
taxon_route	taxon_context_corrected_20260909/transect_replacement.tsv	6	"{""genus"": ""Steroidobacter""}"	9.598013889e-10	1.199751736e-08
taxon_route	taxon_context_corrected_20260909/transect_replacement.tsv	7	"{""genus"": ""Limnobacter""}"	1.407579694e-09	1.481662835e-08
taxon_route	taxon_context_corrected_20260909/transect_replacement.tsv	8	"{""genus"": ""Aridibacter""}"	1.525992848e-09	1.525992848e-08
taxon_route	taxon_context_corrected_20260909/transect_replacement.tsv	9	"{""genus"": ""Sphingomonas""}"	6.47764682e-09	5.52680661e-08
taxon_route	taxon_context_corrected_20260909/transect_replacement.tsv	10	"{""genus"": ""Paraconexibacter""}"	6.580277393e-09	5.52680661e-08
taxon_route	taxon_context_corrected_20260909/transect_replacement.tsv	11	"{""genus"": ""Gemmatimonas""}"	8.848554801e-09	7.078843841e-08
taxon_route	taxon_context_corrected_20260909/transect_replacement.tsv	12	"{""genus"": ""Solirubrobacter""}"	3.149030664e-08	2.171745286e-07
taxon_route	taxon_context_corrected_20260909/transect_replacement.tsv	13	"{""genus"": ""Bryobacter""}"	6.340858891e-08	4.22723926e-07
taxon_route	taxon_context_corrected_20260909/transect_replacement.tsv	14	"{""genus"": ""Pirellula""}"	6.889459756e-08	4.444812746e-07
taxon_route	taxon_context_corrected_20260909/transect_replacement.tsv	15	"{""genus"": ""Actinoplanes""}"	8.816122077e-08	5.343104289e-07
taxon_route	taxon_context_corrected_20260909/transect_replacement.tsv	16	"{""genus"": ""Gemmata""}"	1.01636946e-07	5.876489174e-07
taxon_route	taxon_context_corrected_20260909/transect_replacement.tsv	17	"{""genus"": ""Blastococcus""}"	1.051198987e-07	5.876489174e-07
taxon_route	taxon_context_corrected_20260909/transect_replacement.tsv	18	"{""genus"": ""Pseudonocardia""}"	1.087150497e-07	5.876489174e-07
taxon_route	taxon_context_corrected_20260909/transect_replacement.tsv	19	"{""genus"": ""Parviterribacter""}"	1.174282232e-07	6.180432798e-07
taxon_route	taxon_context_corrected_20260909/transect_replacement.tsv	20	"{""genus"": ""Abditibacterium""}"	1.757494876e-07	9.012794236e-07
taxon_route	taxon_context_corrected_20260909/transect_replacement.tsv	21	"{""genus"": ""Rubritepida""}"	2.681627367e-07	1.340813683e-06
taxon_route	taxon_context_corrected_20260909/transect_replacement.tsv	22	"{""genus"": ""Streptomyces""}"	3.015777128e-07	1.471110794e-06
taxon_route	taxon_context_corrected_20260909/transect_replacement.tsv	23	"{""genus"": ""Luteitalea""}"	9.532780108e-07	4.433851213e-06
taxon_route	taxon_context_corrected_20260909/transect_replacement.tsv	24	"{""genus"": ""Caenimonas""}"	1.768888471e-06	8.040402141e-06
taxon_route	taxon_context_corrected_20260909/transect_replacement.tsv	25	"{""genus"": ""Adhaeribacter""}"	2.381393149e-06	1.035388326e-05
taxon_route	taxon_context_corrected_20260909/transect_replacement.tsv	26	"{""genus"": ""Gaiella""}"	2.552257513e-06	1.069337545e-05
taxon_route	taxon_context_corrected_20260909/transect_replacement.tsv	27	"{""genus"": ""Geodermatophilus""}"	2.889011752e-06	1.17918847e-05
taxon_route	taxon_context_corrected_20260909/transect_replacement.tsv	28	"{""genus"": ""Baekduia""}"	7.972779167e-06	3.066453526e-05
taxon_route	taxon_context_corrected_20260909/transect_replacement.tsv	29	"{""genus"": ""Actinophytocola""}"	1.045871205e-05	3.873597054e-05
taxon_route	taxon_context_corrected_20260909/transect_replacement.tsv	30	"{""genus"": ""Rubrobacter""}"	1.107959375e-05	4.028943182e-05
taxon_route	taxon_context_corrected_20260909/transect_replacement.tsv	31	"{""genus"": ""Conexibacter""}"	1.412884476e-05	5.046015985e-05
taxon_route	taxon_context_corrected_20260909/transect_replacement.tsv	32	"{""genus"": ""Mycobacterium""}"	2.097659702e-05	7.233309316e-05
taxon_route	taxon_context_corrected_20260909/transect_replacement.tsv	33	"{""genus"": ""Segetibacter""}"	2.566306688e-05	8.699344707e-05
taxon_route	taxon_context_corrected_20260909/transect_replacement.tsv	34	"{""genus"": ""Rufibacter""}"	9.449779701e-05	0.0002907624523
taxon_route	taxon_context_corrected_20260909/transect_replacement.tsv	35	"{""genus"": ""PMMR1""}"	9.714689019e-05	0.0002943845157
taxon_route	taxon_context_corrected_20260909/transect_replacement.tsv	36	"{""genus"": ""Rhodocytophaga""}"	0.000177549198	0.000529997606
taxon_route	taxon_context_corrected_20260909/transect_replacement.tsv	37	"{""genus"": ""Nitrospira""}"	0.0001837463042	0.0005404303066
taxon_route	taxon_context_corrected_20260909/transect_replacement.tsv	38	"{""genus"": ""Sumerlaea""}"	0.0001943862196	0.0005634383178
taxon_route	taxon_context_corrected_20260909/transect_replacement.tsv	39	"{""genus"": ""Saccharothrix""}"	0.0002195440512	0.0006272687177
taxon_route	taxon_context_corrected_20260909/transect_replacement.tsv	40	"{""genus"": ""Mangrovihabitans""}"	0.0002239413199	0.0006308206195
taxon_route	taxon_context_corrected_20260909/transect_replacement.tsv	41	"{""genus"": ""Deinococcus""}"	0.0002883560197	0.0008009889436
taxon_route	taxon_context_corrected_20260909/transect_replacement.tsv	42	"{""genus"": ""Novosphingobium""}"	0.0003344443903	0.0009162860008
taxon_route	taxon_context_corrected_20260909/transect_replacement.tsv	43	"{""genus"": ""Chthoniobacter""}"	0.0003494583923	0.0009444821414
taxon_route	taxon_context_corrected_20260909/transect_replacement.tsv	44	"{""genus"": ""Dongia""}"	0.0003595781194	0.000958874985
taxon_route	taxon_context_corrected_20260909/transect_replacement.tsv	45	"{""genus"": ""Caldilinea""}"	0.0003893489743	0.001011296037
taxon_route	taxon_context_corrected_20260909/transect_replacement.tsv	46	"{""genus"": ""Modestobacter""}"	0.0008235205372	0.002084862119
taxon_route	taxon_context_corrected_20260909/transect_replacement.tsv	47	"{""genus"": ""Flavisolibacter""}"	0.001001047239	0.002502618097
taxon_route	taxon_context_corrected_20260909/transect_replacement.tsv	48	"{""genus"": ""Sphingoaurantiacus""}"	0.001132682428	0.002762640067
taxon_route	taxon_context_corrected_20260909/transect_replacement.tsv	49	"{""genus"": ""Massilia""}"	0.001599661822	0.003763910169
taxon_route	taxon_context_corrected_20260909/transect_replacement.tsv	50	"{""genus"": ""Kallotenue""}"	0.001631548433	0.003794298682
taxon_route	taxon_context_corrected_20260909/transect_replacement.tsv	51	"{""genus"": ""Arcticibacter""}"	0.001788010581	0.004110369152
taxon_route	taxon_context_corrected_20260909/transect_replacement.tsv	52	"{""genus"": ""Vallicoccus""}"	0.002114589107	0.004805884333
taxon_route	taxon_context_corrected_20260909/transect_replacement.tsv	53	"{""genus"": ""Arthrobacter""}"	0.002759834718	0.006201875771
taxon_route	taxon_context_corrected_20260909/transect_replacement.tsv	54	"{""genus"": ""Actinomadura""}"	0.003160758428	0.007023907618
taxon_route	taxon_context_corrected_20260909/transect_replacement.tsv	55	"{""genus"": ""Sporocytophaga""}"	0.00410231629	0.008918078891
taxon_route	taxon_context_corrected_20260909/transect_replacement.tsv	56	"{""genus"": ""Fimbriiglobus""}"	0.004378185348	0.009415452361
taxon_route	taxon_context_corrected_20260909/transect_replacement.tsv	57	"{""genus"": ""Cnuella""}"	0.004535456288	0.009649906995
taxon_route	taxon_context_corrected_20260909/transect_replacement.tsv	58	"{""genus"": ""Rubellimicrobium""}"	0.004643052156	0.009774846644
taxon_route	taxon_context_corrected_20260909/transect_replacement.tsv	59	"{""genus"": ""Verrucosispora""}"	0.004787683602	0.009974340838
taxon_route	taxon_context_corrected_20260909/transect_replacement.tsv	60	"{""genus"": ""Nonomuraea""}"	0.004843816772	0.009987251076
taxon_route	taxon_context_corrected_20260909/transect_replacement.tsv	61	"{""genus"": ""Ramlibacter""}"	0.005352533836	0.01092353844
taxon_route	taxon_context_corrected_20260909/transect_replacement.tsv	62	"{""genus"": ""Phaselicystis""}"	0.005975165941	0.0120710423
taxon_route	taxon_context_corrected_20260909/transect_replacement.tsv	63	"{""genus"": ""Phenylobacterium""}"	0.006494380343	0.01298876069
taxon_route	taxon_context_corrected_20260909/transect_replacement.tsv	64	"{""genus"": ""Noviherbaspirillum""}"	0.008629843224	0.01675697713
taxon_route	taxon_context_corrected_20260909/transect_replacement.tsv	65	"{""genus"": ""Archangium""}"	0.008866538034	0.01705103468
taxon_route	taxon_context_corrected_20260909/transect_replacement.tsv	66	"{""genus"": ""Roseicella""}"	0.009195021667	0.01751432698
taxon_route	taxon_context_corrected_20260909/transect_replacement.tsv	67	"{""genus"": ""Nocardioides""}"	0.009306841642	0.01756007857
taxon_route	taxon_context_corrected_20260909/transect_replacement.tsv	68	"{""genus"": ""Lautropia""}"	0.009727017674	0.01813351067
taxon_route	taxon_context_corrected_20260909/transect_replacement.tsv	69	"{""genus"": ""Herbaspirillum""}"	0.01100089913	0.02000163478
taxon_route	taxon_context_corrected_20260909/transect_replacement.tsv	70	"{""genus"": ""MND1""}"	0.01138188666	0.0203247976
taxon_route	taxon_context_corrected_20260909/transect_replacement.tsv	71	"{""genus"": ""Roseomonas""}"	0.01405801407	0.02466318258
taxon_route	taxon_context_corrected_20260909/transect_replacement.tsv	72	"{""genus"": ""Saccharopolyspora""}"	0.0148245984	0.02578191027
taxon_route	taxon_context_corrected_20260909/transect_replacement.tsv	73	"{""genus"": ""Pajaroellobacter""}"	0.01683709187	0.02878135363
taxon_route	taxon_context_corrected_20260909/transect_replacement.tsv	74	"{""genus"": ""Niallia""}"	0.02187974491	0.03677268053
taxon_route	taxon_context_corrected_20260909/transect_replacement.tsv	75	"{""genus"": ""Aeromicrobium""}"	0.02470286699	0.04117144499
taxon_route	taxon_context_corrected_20260909/transect_replacement.tsv	76	"{""genus"": ""Daejeonella""}"	0.02896172899	0.04709224226
taxon_route	taxon_context_corrected_20260909/transect_replacement.tsv	77	"{""genus"": ""Herpetosiphon""}"	0.03089220472	0.04982613665
taxon_route	taxon_context_corrected_20260909/transect_replacement.tsv	78	"{""genus"": ""Anaeromyxobacter""}"	0.03216600731	0.05134340094
taxon_route	taxon_context_corrected_20260909/transect_replacement.tsv	79	"{""genus"": ""Myxococcus""}"	0.03234634259	0.05134340094
taxon_route	taxon_context_corrected_20260909/transect_replacement.tsv	80	"{""genus"": ""Microvirga""}"	0.03997998309	0.06296060329
taxon_route	taxon_context_corrected_20260909/transect_replacement.tsv	81	"{""genus"": ""Rhizorhabdus""}"	0.0472862762	0.07331205612
taxon_route	taxon_context_corrected_20260909/transect_replacement.tsv	82	"{""genus"": ""Lysobacter""}"	0.06892230336	0.1028691095
taxon_route	taxon_context_corrected_20260909/transect_replacement.tsv	83	"{""genus"": ""Pedomicrobium""}"	0.07612047086	0.1115498037
taxon_route	taxon_context_corrected_20260909/transect_replacement.tsv	84	"{""genus"": ""Opitutus""}"	0.07626593285	0.1115498037
taxon_route	taxon_context_corrected_20260909/transect_replacement.tsv	85	"{""genus"": ""JCM 18997""}"	0.07641161553	0.1115498037
taxon_route	taxon_context_corrected_20260909/transect_replacement.tsv	86	"{""genus"": ""[Polyangium] brachysporum group""}"	0.09608201742	0.1372600249
taxon_route	taxon_context_corrected_20260909/transect_replacement.tsv	87	"{""genus"": ""Nordella""}"	0.1068204259	0.1515183346
taxon_route	taxon_context_corrected_20260909/transect_replacement.tsv	88	"{""genus"": ""Terribacillus""}"	0.132048737	0.182136189
taxon_route	taxon_context_corrected_20260909/transect_replacement.tsv	89	"{""genus"": ""Nibribacter""}"	0.1580635004	0.2150523815
taxon_route	taxon_context_corrected_20260909/transect_replacement.tsv	90	"{""genus"": ""Cupriavidus""}"	0.2006941774	0.2640712861
taxon_route	taxon_context_corrected_20260909/transect_replacement.tsv	91	"{""genus"": ""Ectobacillus""}"	0.2805139035	0.3601224043
taxon_route	taxon_context_corrected_20260909/transect_replacement.tsv	92	"{""genus"": ""SZB85""}"	0.4088869836	0.5017018204
taxon_route	taxon_context_corrected_20260909/transect_replacement.tsv	93	"{""genus"": ""Arenimicrobium""}"	0.4495429037	0.5482230532
taxon_route	taxon_context_corrected_20260909/transect_replacement.tsv	94	"{""genus"": ""Domibacillus""}"	0.4631433103	0.5580039883
taxon_route	taxon_context_corrected_20260909/transect_replacement.tsv	95	"{""genus"": ""Acidibacter""}"	0.479859787	0.5746823796
taxon_route	taxon_context_corrected_20260909/transect_replacement.tsv	96	"{""genus"": ""Subgroup 10""}"	0.5478321896	0.6333320112
taxon_route	taxon_context_corrected_20260909/transect_replacement.tsv	97	"{""genus"": ""Kineosporia""}"	0.6369271826	0.7170048205
taxon_route	taxon_context_corrected_20260909/transect_replacement.tsv	98	"{""genus"": ""Luedemannella""}"	0.6834316195	0.7593684661
taxon_route	taxon_context_corrected_20260909/transect_replacement.tsv	99	"{""genus"": ""Rhodoplanes""}"	0.7467438497	0.820597637
taxon_route	taxon_context_corrected_20260909/transect_replacement.tsv	100	"{""genus"": ""Plantactinospora""}"	0.7611670167	0.8267083465
taxon_route	taxon_context_corrected_20260909/transect_replacement.tsv	101	"{""genus"": ""Acidiferrimicrobium""}"	0.7647052205	0.8267083465
taxon_route	taxon_context_corrected_20260909/transect_replacement.tsv	102	"{""genus"": ""Cystobacter""}"	0.7850596701	0.8441501829
taxon_route	taxon_context_corrected_20260909/transect_replacement.tsv	103	"{""genus"": ""Caulobacter""}"	0.7896029195	0.844495101
taxon_route	taxon_context_corrected_20260909/transect_replacement.tsv	104	"{""genus"": ""Croceibacterium""}"	0.8009912502	0.8476097885
taxon_route	taxon_context_corrected_20260909/transect_replacement.tsv	105	"{""genus"": ""Litorilinea""}"	0.8907254239	0.9152732344
taxon_route	taxon_context_corrected_20260909/transect_replacement.tsv	106	"{""genus"": ""Nitrosomonas""}"	0.8923914035	0.9152732344
taxon_route	taxon_context_corrected_20260909/transect_replacement.tsv	107	"{""genus"": ""Oxalophagus""}"	0.9114145301	0.9300148266
taxon_route	taxon_context_corrected_20260909/transect_replacement.tsv	108	"{""genus"": ""YC-ZSS-LKJ147""}"	0.975123257	0.9849729869
taxon_route	taxon_context_corrected_20260909/transect_replacement.tsv	109	"{""genus"": ""Saccharibacillus""}"	0.9973102029	0.9973102029
taxon_route	taxon_context_corrected_20260909/transect_replacement.tsv	110	"{""genus"": ""Nitrolancea""}"	0.9949566538	0.9973102029
taxon_route	taxon_context_corrected_20260909/transect_replacement.tsv	111	"{""genus"": ""Glycomyces""}"	0.9358484382	0.9500999372
taxon_route	taxon_context_corrected_20260909/transect_replacement.tsv	112	"{""genus"": ""Chelativorans""}"	0.8416554949	0.87218186
taxon_route	taxon_context_corrected_20260909/transect_replacement.tsv	113	"{""genus"": ""OM27 clade""}"	0.8393478817	0.87218186
taxon_route	taxon_context_corrected_20260909/transect_replacement.tsv	114	"{""genus"": ""Neorhizobium""}"	0.8268447773	0.8658060496
taxon_route	taxon_context_corrected_20260909/transect_replacement.tsv	115	"{""genus"": ""Kocuria""}"	0.8199532551	0.8631086896
taxon_route	taxon_context_corrected_20260909/transect_replacement.tsv	116	"{""genus"": ""Allorhizocola""}"	0.7941531455	0.8448437718
taxon_route	taxon_context_corrected_20260909/transect_replacement.tsv	117	"{""genus"": ""Brevundimonas""}"	0.7640615525	0.8267083465
taxon_route	taxon_context_corrected_20260909/transect_replacement.tsv	118	"{""genus"": ""Arsenicitalea""}"	0.7266966983	0.8029797771
taxon_route	taxon_context_corrected_20260909/transect_replacement.tsv	119	"{""genus"": ""Cytophaga""}"	0.6557410629	0.7326715787
taxon_route	taxon_context_corrected_20260909/transect_replacement.tsv	120	"{""genus"": ""Isoptericola""}"	0.6381342902	0.7170048205
taxon_route	taxon_context_corrected_20260909/transect_replacement.tsv	121	"{""genus"": ""CSP1-2""}"	0.6339135216	0.7170048205
taxon_route	taxon_context_corrected_20260909/transect_replacement.tsv	122	"{""genus"": ""Polycyclovorans""}"	0.614173271	0.7019123097
taxon_route	taxon_context_corrected_20260909/transect_replacement.tsv	123	"{""genus"": ""Fictibacillus""}"	0.605583794	0.6960733264
taxon_route	taxon_context_corrected_20260909/transect_replacement.tsv	124	"{""genus"": ""Planococcus""}"	0.5285425648	0.6145843777
taxon_route	taxon_context_corrected_20260909/transect_replacement.tsv	125	"{""genus"": ""Candidatus Alysiosphaera""}"	0.5161465148	0.6036801343
taxon_route	taxon_context_corrected_20260909/transect_replacement.tsv	126	"{""genus"": ""Devosia""}"	0.5134119195	0.6036801343
taxon_route	taxon_context_corrected_20260909/transect_replacement.tsv	127	"{""genus"": ""Rhodococcus""}"	0.5106846894	0.6036801343
taxon_route	taxon_context_corrected_20260909/transect_replacement.tsv	128	"{""genus"": ""Methylobacillus""}"	0.4880705232	0.5810363372
taxon_route	taxon_context_corrected_20260909/transect_replacement.tsv	129	"{""genus"": ""Peribacillus""}"	0.4528582832	0.5489191312
taxon_route	taxon_context_corrected_20260909/transect_replacement.tsv	130	"{""genus"": ""Tautonia""}"	0.4055181079	0.5006396394
taxon_route	taxon_context_corrected_20260909/transect_replacement.tsv	131	"{""genus"": ""Telluribacter""}"	0.401926584	0.4992876819
taxon_route	taxon_context_corrected_20260909/transect_replacement.tsv	132	"{""genus"": ""Azohydromonas""}"	0.394799542	0.4934994276
taxon_route	taxon_context_corrected_20260909/transect_replacement.tsv	133	"{""genus"": ""TM7a""}"	0.3632105885	0.4568686648
taxon_route	taxon_context_corrected_20260909/transect_replacement.tsv	134	"{""genus"": ""Peredibacter""}"	0.3450629277	0.4367885161
taxon_route	taxon_context_corrected_20260909/transect_replacement.tsv	135	"{""genus"": ""Pantoea""}"	0.3228724717	0.4113025118
taxon_route	taxon_context_corrected_20260909/transect_replacement.tsv	136	"{""genus"": ""Turicibacter""}"	0.2808954753	0.3601224043
taxon_route	taxon_context_corrected_20260909/transect_replacement.tsv	137	"{""genus"": ""Thermobaculum""}"	0.2432150768	0.315863736
taxon_route	taxon_context_corrected_20260909/transect_replacement.tsv	138	"{""genus"": ""Paracoccus""}"	0.2361833084	0.3087363509
taxon_route	taxon_context_corrected_20260909/transect_replacement.tsv	139	"{""genus"": ""DSSF69""}"	0.2003913579	0.2640712861
taxon_route	taxon_context_corrected_20260909/transect_replacement.tsv	140	"{""genus"": ""Lysinibacillus""}"	0.1936635951	0.2582181269
taxon_route	taxon_context_corrected_20260909/transect_replacement.tsv	141	"{""genus"": ""Prauserella""}"	0.1933683794	0.2582181269
taxon_route	taxon_context_corrected_20260909/transect_replacement.tsv	142	"{""genus"": ""Symbiobacterium""}"	0.1858054157	0.2510883996
taxon_route	taxon_context_corrected_20260909/transect_replacement.tsv	143	"{""genus"": ""Kineococcus""}"	0.1380542497	0.1891154105
taxon_route	taxon_context_corrected_20260909/transect_replacement.tsv	144	"{""genus"": ""Pir4 lineage""}"	0.1265658714	0.1757859326
taxon_route	taxon_context_corrected_20260909/transect_replacement.tsv	145	"{""genus"": ""Sandaracinobacter""}"	0.1159182204	0.1621233852
taxon_route	taxon_context_corrected_20260909/transect_replacement.tsv	146	"{""genus"": ""Longispora""}"	0.1079623658	0.1520596701
taxon_route	taxon_context_corrected_20260909/transect_replacement.tsv	147	"{""genus"": ""Thermosipho""}"	0.08437539429	0.121403445
taxon_route	taxon_context_corrected_20260909/transect_replacement.tsv	148	"{""genus"": ""Sandaracinus""}"	0.07736394709	0.1121216625
taxon_route	taxon_context_corrected_20260909/transect_replacement.tsv	149	"{""genus"": ""Brevibacillus""}"	0.06460360181	0.0971482734
taxon_route	taxon_context_corrected_20260909/transect_replacement.tsv	150	"{""genus"": ""Tumebacillus""}"	0.05364707633	0.08128344898
taxon_route	taxon_context_corrected_20260909/transect_replacement.tsv	151	"{""genus"": ""Azospirillum""}"	0.05272112126	0.08049026147
taxon_route	taxon_context_corrected_20260909/transect_replacement.tsv	152	"{""genus"": ""Aureibacillus""}"	0.04863794318	0.07482760489
taxon_route	taxon_context_corrected_20260909/transect_replacement.tsv	153	"{""genus"": ""Neobacillus""}"	0.04510195342	0.07047180222
taxon_route	taxon_context_corrected_20260909/transect_replacement.tsv	154	"{""genus"": ""Amycolatopsis""}"	0.02540309182	0.04164441282
taxon_route	taxon_context_corrected_20260909/transect_replacement.tsv	155	"{""genus"": ""Bauldia""}"	0.02519715296	0.04164441282
taxon_route	taxon_context_corrected_20260909/transect_replacement.tsv	156	"{""genus"": ""Tepidisphaera""}"	0.0193114801	0.0327313222
taxon_route	taxon_context_corrected_20260909/transect_replacement.tsv	157	"{""genus"": ""Mesobacillus""}"	0.01642504568	0.02831904427
taxon_route	taxon_context_corrected_20260909/transect_replacement.tsv	158	"{""genus"": ""Ohtaekwangia""}"	0.01203702484	0.02130446874
taxon_route	taxon_context_corrected_20260909/transect_replacement.tsv	159	"{""genus"": ""I-8""}"	0.01113151159	0.02005677763
taxon_route	taxon_context_corrected_20260909/transect_replacement.tsv	160	"{""genus"": ""Niastella""}"	0.01009634461	0.01852540296
taxon_route	taxon_context_corrected_20260909/transect_replacement.tsv	161	"{""genus"": ""Georgenia""}"	0.009792095763	0.01813351067
taxon_route	taxon_context_corrected_20260909/transect_replacement.tsv	162	"{""genus"": ""SH-PL14""}"	0.00740335639	0.01451638508
taxon_route	taxon_context_corrected_20260909/transect_replacement.tsv	163	"{""genus"": ""Hydrocarboniphaga""}"	0.007221158353	0.01429932347
taxon_route	taxon_context_corrected_20260909/transect_replacement.tsv	164	"{""genus"": ""Paenibacillus""}"	0.003917289848	0.008609428238
taxon_route	taxon_context_corrected_20260909/transect_replacement.tsv	165	"{""genus"": ""SM1A02""}"	0.0014751759	0.003512323571
taxon_route	taxon_context_corrected_20260909/transect_replacement.tsv	166	"{""genus"": ""Oceanobacillus""}"	0.001198064572	0.002886902584
taxon_route	taxon_context_corrected_20260909/transect_replacement.tsv	167	"{""genus"": ""Pseudomonas""}"	0.001119233455	0.002762640067
taxon_route	taxon_context_corrected_20260909/transect_replacement.tsv	168	"{""genus"": ""Falsirhodobacter""}"	0.0007353562856	0.001885528937
taxon_route	taxon_context_corrected_20260909/transect_replacement.tsv	169	"{""genus"": ""Streptococcus""}"	0.0003643913495	0.0009589246038
taxon_route	taxon_context_corrected_20260909/transect_replacement.tsv	170	"{""genus"": ""MM2""}"	8.901613036e-05	0.0002781754074
taxon_route	taxon_context_corrected_20260909/transect_replacement.tsv	171	"{""genus"": ""Corynebacterium""}"	7.773483101e-05	0.0002467772413
taxon_route	taxon_context_corrected_20260909/transect_replacement.tsv	172	"{""genus"": ""Truepera""}"	7.315655274e-05	0.0002359888798
taxon_route	taxon_context_corrected_20260909/transect_replacement.tsv	173	"{""genus"": ""Saccharomonospora""}"	6.127317139e-05	0.0002008956439
taxon_route	taxon_context_corrected_20260909/transect_replacement.tsv	174	"{""genus"": ""Brucella""}"	3.721106895e-05	0.0001240368965
taxon_route	taxon_context_corrected_20260909/transect_replacement.tsv	175	"{""genus"": ""Crossiella""}"	1.562214697e-05	5.481455078e-05
taxon_route	taxon_context_corrected_20260909/transect_replacement.tsv	176	"{""genus"": ""Nesterenkonia""}"	1.030214785e-05	3.873597054e-05
taxon_route	taxon_context_corrected_20260909/transect_replacement.tsv	177	"{""genus"": ""Litchfieldia""}"	6.14149038e-06	2.4084276e-05
taxon_route	taxon_context_corrected_20260909/transect_replacement.tsv	178	"{""genus"": ""Bradyrhizobium""}"	3.240343852e-06	1.296137541e-05
taxon_route	taxon_context_corrected_20260909/transect_replacement.tsv	179	"{""genus"": ""Limibaculum""}"	2.566410108e-06	1.069337545e-05
taxon_route	taxon_context_corrected_20260909/transect_replacement.tsv	180	"{""genus"": ""Pelagibacterium""}"	1.980263117e-06	8.801169407e-06
taxon_route	taxon_context_corrected_20260909/transect_replacement.tsv	181	"{""genus"": ""Acinetobacter""}"	5.391988617e-07	2.567613627e-06
taxon_route	taxon_context_corrected_20260909/transect_replacement.tsv	182	"{""genus"": ""Ornithinibacillus""}"	1.065443083e-07	5.876489174e-07
taxon_route	taxon_context_corrected_20260909/transect_replacement.tsv	183	"{""genus"": ""Enterococcus""}"	7.50831394e-08	4.692696213e-07
taxon_route	taxon_context_corrected_20260909/transect_replacement.tsv	184	"{""genus"": ""Pelagibius""}"	2.047276259e-08	1.462340185e-07
taxon_route	taxon_context_corrected_20260909/transect_replacement.tsv	185	"{""genus"": ""Aeromonas""}"	1.458342063e-08	1.08025338e-07
taxon_route	taxon_context_corrected_20260909/transect_replacement.tsv	186	"{""genus"": ""Gracilibacillus""}"	1.13572857e-08	8.736373616e-08
taxon_route	taxon_context_corrected_20260909/transect_replacement.tsv	187	"{""genus"": ""Pontibacter""}"	6.632167932e-09	5.52680661e-08
taxon_route	taxon_context_corrected_20260909/transect_replacement.tsv	188	"{""genus"": ""Staphylococcus""}"	5.664417042e-09	5.394682897e-08
taxon_route	taxon_context_corrected_20260909/transect_replacement.tsv	189	"{""genus"": ""Metabacillus""}"	1.131313751e-09	1.257015279e-08
taxon_route	taxon_context_corrected_20260909/transect_replacement.tsv	190	"{""genus"": ""Halomonas""}"	1.083556244e-09	1.257015279e-08
taxon_route	taxon_context_corrected_20260909/transect_replacement.tsv	191	"{""genus"": ""Sediminibacillus""}"	6.076350409e-10	8.680500584e-09
taxon_route	taxon_context_corrected_20260909/transect_replacement.tsv	192	"{""genus"": ""Escherichia-Shigella""}"	5.127837133e-10	7.888980205e-09
taxon_route	taxon_context_corrected_20260909/transect_replacement.tsv	193	"{""genus"": ""Rhodocista""}"	3.068656902e-10	5.895763123e-09
taxon_route	taxon_context_corrected_20260909/transect_replacement.tsv	194	"{""genus"": ""Plastorhodobacter""}"	1.361754621e-10	3.026121381e-09
taxon_route	taxon_context_corrected_20260909/transect_replacement.tsv	195	"{""genus"": ""Aquibacillus""}"	7.524793407e-11	1.881198352e-09
taxon_route	taxon_context_corrected_20260909/transect_replacement.tsv	196	"{""genus"": ""Pseudalkalibacillus""}"	1.449233598e-11	4.140667422e-10
taxon_route	taxon_context_corrected_20260909/transect_replacement.tsv	197	"{""genus"": ""Bacillus""}"	6.204127943e-13	2.481651177e-11
taxon_route	taxon_context_corrected_20260909/transect_replacement.tsv	198	"{""genus"": ""Ammoniphilus""}"	1.4314163180000002e-14	9.542775453e-13
taxon_route	taxon_context_corrected_20260909/transect_replacement.tsv	199	"{""genus"": ""Polygonibacillus""}"	6.926573456e-15	6.926573456e-13
taxon_route	taxon_context_corrected_20260909/transect_replacement.tsv	200	"{""genus"": ""Halalkalibacter""}"	4.211763207e-18	8.423526413e-16
compartment_genus	biology_context_corrected_20260909/compartment_genus_family.tsv	1	"{""contrast"": ""Deep-Surface"", ""genus"": ""Planococcus""}"	0.0001	0.0004285714286
compartment_genus	biology_context_corrected_20260909/compartment_genus_family.tsv	2	"{""contrast"": ""Deep-Surface"", ""genus"": ""Nibribacter""}"	0.0001	0.0004285714286
compartment_genus	biology_context_corrected_20260909/compartment_genus_family.tsv	3	"{""contrast"": ""Deep-Surface"", ""genus"": ""Kineococcus""}"	0.0001	0.0004285714286
compartment_genus	biology_context_corrected_20260909/compartment_genus_family.tsv	4	"{""contrast"": ""Deep-Surface"", ""genus"": ""Deinococcus""}"	0.0001	0.0004285714286
compartment_genus	biology_context_corrected_20260909/compartment_genus_family.tsv	5	"{""contrast"": ""Deep-Surface"", ""genus"": ""Saccharibacillus""}"	0.0001	0.0004285714286
compartment_genus	biology_context_corrected_20260909/compartment_genus_family.tsv	6	"{""contrast"": ""Deep-Surface"", ""genus"": ""Kineosporia""}"	0.0001	0.0004285714286
compartment_genus	biology_context_corrected_20260909/compartment_genus_family.tsv	7	"{""contrast"": ""Deep-Surface"", ""genus"": ""Rufibacter""}"	0.0001	0.0004285714286
compartment_genus	biology_context_corrected_20260909/compartment_genus_family.tsv	8	"{""contrast"": ""Deep-Surface"", ""genus"": ""Kocuria""}"	0.0001	0.0004285714286
compartment_genus	biology_context_corrected_20260909/compartment_genus_family.tsv	9	"{""contrast"": ""Deep-Surface"", ""genus"": ""Massilia""}"	0.0001	0.0004285714286
compartment_genus	biology_context_corrected_20260909/compartment_genus_family.tsv	10	"{""contrast"": ""Deep-Surface"", ""genus"": ""Arcticibacter""}"	0.0001	0.0004285714286
compartment_genus	biology_context_corrected_20260909/compartment_genus_family.tsv	11	"{""contrast"": ""Deep-Surface"", ""genus"": ""Pseudomonas""}"	0.0001	0.0004285714286
compartment_genus	biology_context_corrected_20260909/compartment_genus_family.tsv	12	"{""contrast"": ""Deep-Surface"", ""genus"": ""Pantoea""}"	0.0007	0.002245989305
compartment_genus	biology_context_corrected_20260909/compartment_genus_family.tsv	13	"{""contrast"": ""Deep-Surface"", ""genus"": ""Telluribacter""}"	0.0002	0.0007947019868
compartment_genus	biology_context_corrected_20260909/compartment_genus_family.tsv	14	"{""contrast"": ""Deep-Surface"", ""genus"": ""Rhodocista""}"	0.0016	0.004637681159
compartment_genus	biology_context_corrected_20260909/compartment_genus_family.tsv	15	"{""contrast"": ""Deep-Surface"", ""genus"": ""Tumebacillus""}"	0.0074	0.01754940711
compartment_genus	biology_context_corrected_20260909/compartment_genus_family.tsv	16	"{""contrast"": ""Deep-Surface"", ""genus"": ""Vallicoccus""}"	0.0003	0.001118012422
compartment_genus	biology_context_corrected_20260909/compartment_genus_family.tsv	17	"{""contrast"": ""Deep-Surface"", ""genus"": ""Cnuella""}"	0.0002	0.0007947019868
compartment_genus	biology_context_corrected_20260909/compartment_genus_family.tsv	18	"{""contrast"": ""Deep-Surface"", ""genus"": ""Falsirhodobacter""}"	0.0032	0.008311688312
compartment_genus	biology_context_corrected_20260909/compartment_genus_family.tsv	19	"{""contrast"": ""Deep-Surface"", ""genus"": ""Lysobacter""}"	0.0004	0.001437125749
compartment_genus	biology_context_corrected_20260909/compartment_genus_family.tsv	20	"{""contrast"": ""Deep-Surface"", ""genus"": ""Paracoccus""}"	0.0018	0.005046728972
compartment_genus	biology_context_corrected_20260909/compartment_genus_family.tsv	21	"{""contrast"": ""Deep-Surface"", ""genus"": ""Cellulomonas""}"	0.0001	0.0004285714286
compartment_genus	biology_context_corrected_20260909/compartment_genus_family.tsv	22	"{""contrast"": ""Deep-Surface"", ""genus"": ""Cystobacter""}"	0.0188	0.03944055944
compartment_genus	biology_context_corrected_20260909/compartment_genus_family.tsv	23	"{""contrast"": ""Deep-Surface"", ""genus"": ""Brevundimonas""}"	0.0001	0.0004285714286
compartment_genus	biology_context_corrected_20260909/compartment_genus_family.tsv	24	"{""contrast"": ""Deep-Surface"", ""genus"": ""PMMR1""}"	0.0031	0.008230088496
compartment_genus	biology_context_corrected_20260909/compartment_genus_family.tsv	25	"{""contrast"": ""Deep-Surface"", ""genus"": ""Blastococcus""}"	0.0017	0.004857142857
compartment_genus	biology_context_corrected_20260909/compartment_genus_family.tsv	26	"{""contrast"": ""Deep-Surface"", ""genus"": ""Modestobacter""}"	0.0068	0.01638554217
compartment_genus	biology_context_corrected_20260909/compartment_genus_family.tsv	27	"{""contrast"": ""Deep-Surface"", ""genus"": ""Limnobacter""}"	0.001	0.00310880829
compartment_genus	biology_context_corrected_20260909/compartment_genus_family.tsv	28	"{""contrast"": ""Deep-Surface"", ""genus"": ""Isoptericola""}"	0.0049	0.01214876033
compartment_genus	biology_context_corrected_20260909/compartment_genus_family.tsv	29	"{""contrast"": ""Deep-Surface"", ""genus"": ""Cytophaga""}"	0.001	0.00310880829
compartment_genus	biology_context_corrected_20260909/compartment_genus_family.tsv	30	"{""contrast"": ""Deep-Surface"", ""genus"": ""Segetibacter""}"	0.0014	0.004137931034
compartment_genus	biology_context_corrected_20260909/compartment_genus_family.tsv	31	"{""contrast"": ""Deep-Surface"", ""genus"": ""Niallia""}"	0.0317	0.06298013245
compartment_genus	biology_context_corrected_20260909/compartment_genus_family.tsv	32	"{""contrast"": ""Deep-Surface"", ""genus"": ""Plastorhodobacter""}"	0.0117	0.02590405904
compartment_genus	biology_context_corrected_20260909/compartment_genus_family.tsv	33	"{""contrast"": ""Deep-Surface"", ""genus"": ""Devosia""}"	0.0386	0.07352380952
compartment_genus	biology_context_corrected_20260909/compartment_genus_family.tsv	34	"{""contrast"": ""Deep-Surface"", ""genus"": ""Rubritepida""}"	0.0137	0.0297826087
compartment_genus	biology_context_corrected_20260909/compartment_genus_family.tsv	35	"{""contrast"": ""Deep-Surface"", ""genus"": ""Turicibacter""}"	0.0364	0.0704516129
compartment_genus	biology_context_corrected_20260909/compartment_genus_family.tsv	36	"{""contrast"": ""Deep-Surface"", ""genus"": ""Arthrobacter""}"	0.0243	0.04959183673
compartment_genus	biology_context_corrected_20260909/compartment_genus_family.tsv	37	"{""contrast"": ""Deep-Surface"", ""genus"": ""Georgenia""}"	0.1098	0.1697938144
compartment_genus	biology_context_corrected_20260909/compartment_genus_family.tsv	38	"{""contrast"": ""Deep-Surface"", ""genus"": ""Actinoplanes""}"	0.0464	0.08335329341
compartment_genus	biology_context_corrected_20260909/compartment_genus_family.tsv	39	"{""contrast"": ""Deep-Surface"", ""genus"": ""Azospirillum""}"	0.0069	0.01656
compartment_genus	biology_context_corrected_20260909/compartment_genus_family.tsv	40	"{""contrast"": ""Deep-Surface"", ""genus"": ""Novosphingobium""}"	0.044	0.08067073171
compartment_genus	biology_context_corrected_20260909/compartment_genus_family.tsv	41	"{""contrast"": ""Deep-Surface"", ""genus"": ""Pelagibacterium""}"	0.0623	0.1058426966
compartment_genus	biology_context_corrected_20260909/compartment_genus_family.tsv	42	"{""contrast"": ""Deep-Surface"", ""genus"": ""Domibacillus""}"	0.0037	0.009446808511
compartment_genus	biology_context_corrected_20260909/compartment_genus_family.tsv	43	"{""contrast"": ""Deep-Surface"", ""genus"": ""Rhodocytophaga""}"	0.0234	0.04808219178
compartment_genus	biology_context_corrected_20260909/compartment_genus_family.tsv	44	"{""contrast"": ""Deep-Surface"", ""genus"": ""Rubellimicrobium""}"	0.0358	0.06951456311
compartment_genus	biology_context_corrected_20260909/compartment_genus_family.tsv	45	"{""contrast"": ""Deep-Surface"", ""genus"": ""Neorhizobium""}"	0.0916	0.1453968254
compartment_genus	biology_context_corrected_20260909/compartment_genus_family.tsv	46	"{""contrast"": ""Deep-Surface"", ""genus"": ""Cupriavidus""}"	0.0648	0.108
compartment_genus	biology_context_corrected_20260909/compartment_genus_family.tsv	47	"{""contrast"": ""Deep-Surface"", ""genus"": ""Noviherbaspirillum""}"	0.0034	0.008755364807
compartment_genus	biology_context_corrected_20260909/compartment_genus_family.tsv	48	"{""contrast"": ""Deep-Surface"", ""genus"": ""Sporocytophaga""}"	0.0623	0.1058426966
compartment_genus	biology_context_corrected_20260909/compartment_genus_family.tsv	49	"{""contrast"": ""Deep-Surface"", ""genus"": ""Corynebacterium""}"	0.151	0.2141843972
compartment_genus	biology_context_corrected_20260909/compartment_genus_family.tsv	50	"{""contrast"": ""Deep-Surface"", ""genus"": ""Flavisolibacter""}"	0.0107	0.02404494382
compartment_genus	biology_context_corrected_20260909/compartment_genus_family.tsv	51	"{""contrast"": ""Deep-Surface"", ""genus"": ""Prauserella""}"	0.1214	0.1798518519
compartment_genus	biology_context_corrected_20260909/compartment_genus_family.tsv	52	"{""contrast"": ""Deep-Surface"", ""genus"": ""Terribacillus""}"	0.072	0.1177111717
compartment_genus	biology_context_corrected_20260909/compartment_genus_family.tsv	53	"{""contrast"": ""Deep-Surface"", ""genus"": ""Sphingoaurantiacus""}"	0.0468	0.08382089552
compartment_genus	biology_context_corrected_20260909/compartment_genus_family.tsv	54	"{""contrast"": ""Deep-Surface"", ""genus"": ""Ornithinibacillus""}"	0.2099	0.283011236
compartment_genus	biology_context_corrected_20260909/compartment_genus_family.tsv	55	"{""contrast"": ""Deep-Surface"", ""genus"": ""Oceanobacillus""}"	0.1488	0.2120665083
compartment_genus	biology_context_corrected_20260909/compartment_genus_family.tsv	56	"{""contrast"": ""Deep-Surface"", ""genus"": ""Mycobacterium""}"	0.1484	0.212
compartment_genus	biology_context_corrected_20260909/compartment_genus_family.tsv	57	"{""contrast"": ""Deep-Surface"", ""genus"": ""Hydrocarboniphaga""}"	0.1167	0.176372796
compartment_genus	biology_context_corrected_20260909/compartment_genus_family.tsv	58	"{""contrast"": ""Deep-Surface"", ""genus"": ""Rhodococcus""}"	0.2428	0.3201758242
compartment_genus	biology_context_corrected_20260909/compartment_genus_family.tsv	59	"{""contrast"": ""Deep-Surface"", ""genus"": ""Saccharomonospora""}"	0.2855	0.3668094218
compartment_genus	biology_context_corrected_20260909/compartment_genus_family.tsv	60	"{""contrast"": ""Deep-Surface"", ""genus"": ""Geodermatophilus""}"	0.0177	0.03792857143
compartment_genus	biology_context_corrected_20260909/compartment_genus_family.tsv	61	"{""contrast"": ""Deep-Surface"", ""genus"": ""Roseomonas""}"	0.0924	0.1458947368
compartment_genus	biology_context_corrected_20260909/compartment_genus_family.tsv	62	"{""contrast"": ""Deep-Surface"", ""genus"": ""Pontibacter""}"	0.208	0.2822972973
compartment_genus	biology_context_corrected_20260909/compartment_genus_family.tsv	63	"{""contrast"": ""Deep-Surface"", ""genus"": ""Tepidisphaera""}"	0.1749	0.2423502304
compartment_genus	biology_context_corrected_20260909/compartment_genus_family.tsv	64	"{""contrast"": ""Deep-Surface"", ""genus"": ""Roseisolibacter""}"	0.1677	0.2345454545
compartment_genus	biology_context_corrected_20260909/compartment_genus_family.tsv	65	"{""contrast"": ""Deep-Surface"", ""genus"": ""Staphylococcus""}"	0.4792	0.565984252
compartment_genus	biology_context_corrected_20260909/compartment_genus_family.tsv	66	"{""contrast"": ""Deep-Surface"", ""genus"": ""Archangium""}"	0.2382	0.3161946903
compartment_genus	biology_context_corrected_20260909/compartment_genus_family.tsv	67	"{""contrast"": ""Deep-Surface"", ""genus"": ""Herbaspirillum""}"	0.3579	0.448434238
compartment_genus	biology_context_corrected_20260909/compartment_genus_family.tsv	68	"{""contrast"": ""Deep-Surface"", ""genus"": ""Glycomyces""}"	0.327	0.4147991543
compartment_genus	biology_context_corrected_20260909/compartment_genus_family.tsv	69	"{""contrast"": ""Deep-Surface"", ""genus"": ""Nonomuraea""}"	0.423	0.5179591837
compartment_genus	biology_context_corrected_20260909/compartment_genus_family.tsv	70	"{""contrast"": ""Deep-Surface"", ""genus"": ""Actinomadura""}"	0.3901	0.4845962733
compartment_genus	biology_context_corrected_20260909/compartment_genus_family.tsv	71	"{""contrast"": ""Deep-Surface"", ""genus"": ""Halomonas""}"	0.6849	0.7652513966
compartment_genus	biology_context_corrected_20260909/compartment_genus_family.tsv	72	"{""contrast"": ""Deep-Surface"", ""genus"": ""Pelagibius""}"	0.5862	0.6692395437
compartment_genus	biology_context_corrected_20260909/compartment_genus_family.tsv	73	"{""contrast"": ""Deep-Surface"", ""genus"": ""Saccharopolyspora""}"	0.4585	0.5469184891
compartment_genus	biology_context_corrected_20260909/compartment_genus_family.tsv	74	"{""contrast"": ""Deep-Surface"", ""genus"": ""Adhaeribacter""}"	0.442	0.5346774194
compartment_genus	biology_context_corrected_20260909/compartment_genus_family.tsv	75	"{""contrast"": ""Deep-Surface"", ""genus"": ""Microvirga""}"	0.4104	0.5056262834
compartment_genus	biology_context_corrected_20260909/compartment_genus_family.tsv	76	"{""contrast"": ""Deep-Surface"", ""genus"": ""Sphingomonas""}"	0.56	0.6499032882
compartment_genus	biology_context_corrected_20260909/compartment_genus_family.tsv	77	"{""contrast"": ""Deep-Surface"", ""genus"": ""Mangrovihabitans""}"	0.7753	0.8321645796
compartment_genus	biology_context_corrected_20260909/compartment_genus_family.tsv	78	"{""contrast"": ""Deep-Surface"", ""genus"": ""Actinophytocola""}"	0.7544	0.8170397112
compartment_genus	biology_context_corrected_20260909/compartment_genus_family.tsv	79	"{""contrast"": ""Deep-Surface"", ""genus"": ""Thermobaculum""}"	0.7349	0.8031693989
compartment_genus	biology_context_corrected_20260909/compartment_genus_family.tsv	80	"{""contrast"": ""Deep-Surface"", ""genus"": ""TM7a""}"	0.8162	0.8637037037
compartment_genus	biology_context_corrected_20260909/compartment_genus_family.tsv	81	"{""contrast"": ""Deep-Surface"", ""genus"": ""Mesobacillus""}"	0.8645	0.9020869565
compartment_genus	biology_context_corrected_20260909/compartment_genus_family.tsv	82	"{""contrast"": ""Deep-Surface"", ""genus"": ""Bradyrhizobium""}"	0.8985	0.9294320138
compartment_genus	biology_context_corrected_20260909/compartment_genus_family.tsv	83	"{""contrast"": ""Deep-Surface"", ""genus"": ""Enterococcus""}"	0.9246	0.9515608919
compartment_genus	biology_context_corrected_20260909/compartment_genus_family.tsv	84	"{""contrast"": ""Deep-Surface"", ""genus"": ""Streptomyces""}"	0.9363	0.9570357751
compartment_genus	biology_context_corrected_20260909/compartment_genus_family.tsv	85	"{""contrast"": ""Deep-Surface"", ""genus"": ""Nesterenkonia""}"	0.9522	0.9634401349
compartment_genus	biology_context_corrected_20260909/compartment_genus_family.tsv	86	"{""contrast"": ""Deep-Surface"", ""genus"": ""Neobacillus""}"	0.9625	0.9705882353
compartment_genus	biology_context_corrected_20260909/compartment_genus_family.tsv	87	"{""contrast"": ""Deep-Surface"", ""genus"": ""Nocardioides""}"	0.9777	0.9820367279
compartment_genus	biology_context_corrected_20260909/compartment_genus_family.tsv	88	"{""contrast"": ""Deep-Surface"", ""genus"": ""MM2""}"	0.9803	0.9820367279
compartment_genus	biology_context_corrected_20260909/compartment_genus_family.tsv	89	"{""contrast"": ""Deep-Surface"", ""genus"": ""Truepera""}"	0.9804	0.9820367279
compartment_genus	biology_context_corrected_20260909/compartment_genus_family.tsv	90	"{""contrast"": ""Deep-Surface"", ""genus"": ""Fictibacillus""}"	0.9784	0.9820367279
compartment_genus	biology_context_corrected_20260909/compartment_genus_family.tsv	91	"{""contrast"": ""Deep-Surface"", ""genus"": ""Lysinibacillus""}"	0.9465	0.9607094595
compartment_genus	biology_context_corrected_20260909/compartment_genus_family.tsv	92	"{""contrast"": ""Deep-Surface"", ""genus"": ""Methylobacillus""}"	0.958	0.9676767677
compartment_genus	biology_context_corrected_20260909/compartment_genus_family.tsv	93	"{""contrast"": ""Deep-Surface"", ""genus"": ""Sandaracinobacter""}"	0.9479	0.9607094595
compartment_genus	biology_context_corrected_20260909/compartment_genus_family.tsv	94	"{""contrast"": ""Deep-Surface"", ""genus"": ""Chelativorans""}"	0.887	0.9191709845
compartment_genus	biology_context_corrected_20260909/compartment_genus_family.tsv	95	"{""contrast"": ""Deep-Surface"", ""genus"": ""Kallotenue""}"	0.859	0.8994764398
compartment_genus	biology_context_corrected_20260909/compartment_genus_family.tsv	96	"{""contrast"": ""Deep-Surface"", ""genus"": ""Phenylobacterium""}"	0.8036	0.853380531
compartment_genus	biology_context_corrected_20260909/compartment_genus_family.tsv	97	"{""contrast"": ""Deep-Surface"", ""genus"": ""Ellin6055""}"	0.761	0.8212230216
compartment_genus	biology_context_corrected_20260909/compartment_genus_family.tsv	98	"{""contrast"": ""Deep-Surface"", ""genus"": ""Rubrobacter""}"	0.7837	0.8371174377
compartment_genus	biology_context_corrected_20260909/compartment_genus_family.tsv	99	"{""contrast"": ""Deep-Surface"", ""genus"": ""Aeromicrobium""}"	0.7573	0.8187027027
compartment_genus	biology_context_corrected_20260909/compartment_genus_family.tsv	100	"{""contrast"": ""Deep-Surface"", ""genus"": ""Peribacillus""}"	0.698	0.7754528651
compartment_genus	biology_context_corrected_20260909/compartment_genus_family.tsv	101	"{""contrast"": ""Deep-Surface"", ""genus"": ""Roseicella""}"	0.6595	0.7424015009
compartment_genus	biology_context_corrected_20260909/compartment_genus_family.tsv	102	"{""contrast"": ""Deep-Surface"", ""genus"": ""Brevibacillus""}"	0.7841	0.8371174377
compartment_genus	biology_context_corrected_20260909/compartment_genus_family.tsv	103	"{""contrast"": ""Deep-Surface"", ""genus"": ""Brucella""}"	0.8218	0.8680985915
compartment_genus	biology_context_corrected_20260909/compartment_genus_family.tsv	104	"{""contrast"": ""Deep-Surface"", ""genus"": ""Luteitalea""}"	0.6557	0.7398496241
compartment_genus	biology_context_corrected_20260909/compartment_genus_family.tsv	105	"{""contrast"": ""Deep-Surface"", ""genus"": ""Daejeonella""}"	0.6559	0.7398496241
compartment_genus	biology_context_corrected_20260909/compartment_genus_family.tsv	106	"{""contrast"": ""Deep-Surface"", ""genus"": ""Caenimonas""}"	0.6688	0.7500560748
compartment_genus	biology_context_corrected_20260909/compartment_genus_family.tsv	107	"{""contrast"": ""Deep-Surface"", ""genus"": ""Lautropia""}"	0.5867	0.6692395437
compartment_genus	biology_context_corrected_20260909/compartment_genus_family.tsv	108	"{""contrast"": ""Deep-Surface"", ""genus"": ""Luedemannella""}"	0.7061	0.7816574586
compartment_genus	biology_context_corrected_20260909/compartment_genus_family.tsv	109	"{""contrast"": ""Deep-Surface"", ""genus"": ""Aquibacillus""}"	0.661	0.7426966292
compartment_genus	biology_context_corrected_20260909/compartment_genus_family.tsv	110	"{""contrast"": ""Deep-Surface"", ""genus"": ""Escherichia-Shigella""}"	0.6912	0.7696474954
compartment_genus	biology_context_corrected_20260909/compartment_genus_family.tsv	111	"{""contrast"": ""Deep-Surface"", ""genus"": ""Conexibacter""}"	0.4376	0.5325760649
compartment_genus	biology_context_corrected_20260909/compartment_genus_family.tsv	112	"{""contrast"": ""Deep-Surface"", ""genus"": ""Saccharothrix""}"	0.6139	0.6976136364
compartment_genus	biology_context_corrected_20260909/compartment_genus_family.tsv	113	"{""contrast"": ""Deep-Surface"", ""genus"": ""Oxalophagus""}"	0.4522	0.5428742515
compartment_genus	biology_context_corrected_20260909/compartment_genus_family.tsv	114	"{""contrast"": ""Deep-Surface"", ""genus"": ""DSSF69""}"	0.5531	0.6431395349
compartment_genus	biology_context_corrected_20260909/compartment_genus_family.tsv	115	"{""contrast"": ""Deep-Surface"", ""genus"": ""Ramlibacter""}"	0.3458	0.4349685535
compartment_genus	biology_context_corrected_20260909/compartment_genus_family.tsv	116	"{""contrast"": ""Deep-Surface"", ""genus"": ""Aridibacter""}"	0.5457	0.6357669903
compartment_genus	biology_context_corrected_20260909/compartment_genus_family.tsv	117	"{""contrast"": ""Deep-Surface"", ""genus"": ""Peredibacter""}"	0.404	0.4987654321
compartment_genus	biology_context_corrected_20260909/compartment_genus_family.tsv	118	"{""contrast"": ""Deep-Surface"", ""genus"": ""Croceibacterium""}"	0.453	0.5428742515
compartment_genus	biology_context_corrected_20260909/compartment_genus_family.tsv	119	"{""contrast"": ""Deep-Surface"", ""genus"": ""Acinetobacter""}"	0.4357	0.5313414634
compartment_genus	biology_context_corrected_20260909/compartment_genus_family.tsv	120	"{""contrast"": ""Deep-Surface"", ""genus"": ""Crossiella""}"	0.358	0.448434238
compartment_genus	biology_context_corrected_20260909/compartment_genus_family.tsv	121	"{""contrast"": ""Deep-Surface"", ""genus"": ""Nitrolancea""}"	0.2619	0.3423529412
compartment_genus	biology_context_corrected_20260909/compartment_genus_family.tsv	122	"{""contrast"": ""Deep-Surface"", ""genus"": ""Pedomicrobium""}"	0.4017	0.4969484536
compartment_genus	biology_context_corrected_20260909/compartment_genus_family.tsv	123	"{""contrast"": ""Deep-Surface"", ""genus"": ""Caulobacter""}"	0.2954	0.3779104478
compartment_genus	biology_context_corrected_20260909/compartment_genus_family.tsv	124	"{""contrast"": ""Deep-Surface"", ""genus"": ""YC-ZSS-LKJ147""}"	0.3283	0.4155696203
compartment_genus	biology_context_corrected_20260909/compartment_genus_family.tsv	125	"{""contrast"": ""Deep-Surface"", ""genus"": ""Litorilinea""}"	0.2252	0.3002666667
compartment_genus	biology_context_corrected_20260909/compartment_genus_family.tsv	126	"{""contrast"": ""Deep-Surface"", ""genus"": ""Dongia""}"	0.281	0.3625806452
compartment_genus	biology_context_corrected_20260909/compartment_genus_family.tsv	127	"{""contrast"": ""Deep-Surface"", ""genus"": ""Nitrosomonas""}"	0.1391	0.2011084337
compartment_genus	biology_context_corrected_20260909/compartment_genus_family.tsv	128	"{""contrast"": ""Deep-Surface"", ""genus"": ""Blastocatella""}"	0.2425	0.3201758242
compartment_genus	biology_context_corrected_20260909/compartment_genus_family.tsv	129	"{""contrast"": ""Deep-Surface"", ""genus"": ""Marmoricola""}"	0.1144	0.174213198
compartment_genus	biology_context_corrected_20260909/compartment_genus_family.tsv	130	"{""contrast"": ""Deep-Surface"", ""genus"": ""SM1A02""}"	0.2144	0.2871428571
compartment_genus	biology_context_corrected_20260909/compartment_genus_family.tsv	131	"{""contrast"": ""Deep-Surface"", ""genus"": ""Bacillus""}"	0.0554	0.09634782609
compartment_genus	biology_context_corrected_20260909/compartment_genus_family.tsv	132	"{""contrast"": ""Deep-Surface"", ""genus"": ""JCM 18997""}"	0.1355	0.1973300971
compartment_genus	biology_context_corrected_20260909/compartment_genus_family.tsv	133	"{""contrast"": ""Deep-Surface"", ""genus"": ""Streptococcus""}"	0.2424	0.3201758242
compartment_genus	biology_context_corrected_20260909/compartment_genus_family.tsv	134	"{""contrast"": ""Deep-Surface"", ""genus"": ""Acidibacter""}"	0.0987	0.155026178
compartment_genus	biology_context_corrected_20260909/compartment_genus_family.tsv	135	"{""contrast"": ""Deep-Surface"", ""genus"": ""Chthoniobacter""}"	0.0833	0.13328
compartment_genus	biology_context_corrected_20260909/compartment_genus_family.tsv	136	"{""contrast"": ""Deep-Surface"", ""genus"": ""Tautonia""}"	0.1753	0.2423502304
compartment_genus	biology_context_corrected_20260909/compartment_genus_family.tsv	137	"{""contrast"": ""Deep-Surface"", ""genus"": ""Anaeromyxobacter""}"	0.0406	0.07684542587
compartment_genus	biology_context_corrected_20260909/compartment_genus_family.tsv	138	"{""contrast"": ""Deep-Surface"", ""genus"": ""Pseudonocardia""}"	0.1204	0.1788118812
compartment_genus	biology_context_corrected_20260909/compartment_genus_family.tsv	139	"{""contrast"": ""Deep-Surface"", ""genus"": ""CSP1-2""}"	0.1279	0.1888452088
compartment_genus	biology_context_corrected_20260909/compartment_genus_family.tsv	140	"{""contrast"": ""Deep-Surface"", ""genus"": ""Abditibacterium""}"	0.1084	0.1680620155
compartment_genus	biology_context_corrected_20260909/compartment_genus_family.tsv	141	"{""contrast"": ""Deep-Surface"", ""genus"": ""Pseudalkalibacillus""}"	0.1186	0.1770149254
compartment_genus	biology_context_corrected_20260909/compartment_genus_family.tsv	142	"{""contrast"": ""Deep-Surface"", ""genus"": ""Solirubrobacter""}"	0.0519	0.09105263158
compartment_genus	biology_context_corrected_20260909/compartment_genus_family.tsv	143	"{""contrast"": ""Deep-Surface"", ""genus"": ""Phaselicystis""}"	0.1114	0.1718251928
compartment_genus	biology_context_corrected_20260909/compartment_genus_family.tsv	144	"{""contrast"": ""Deep-Surface"", ""genus"": ""Amycolatopsis""}"	0.1281	0.1888452088
compartment_genus	biology_context_corrected_20260909/compartment_genus_family.tsv	145	"{""contrast"": ""Deep-Surface"", ""genus"": ""Steroidobacter""}"	0.0675	0.111878453
compartment_genus	biology_context_corrected_20260909/compartment_genus_family.tsv	146	"{""contrast"": ""Deep-Surface"", ""genus"": ""Symbiobacterium""}"	0.0734	0.119673913
compartment_genus	biology_context_corrected_20260909/compartment_genus_family.tsv	147	"{""contrast"": ""Deep-Surface"", ""genus"": ""Paenibacillus""}"	0.0453	0.08204819277
compartment_genus	biology_context_corrected_20260909/compartment_genus_family.tsv	148	"{""contrast"": ""Deep-Surface"", ""genus"": ""Herpetosiphon""}"	0.0859	0.1370744681
compartment_genus	biology_context_corrected_20260909/compartment_genus_family.tsv	149	"{""contrast"": ""Deep-Surface"", ""genus"": ""[Polyangium] brachysporum group""}"	0.1051	0.16421875
compartment_genus	biology_context_corrected_20260909/compartment_genus_family.tsv	150	"{""contrast"": ""Deep-Surface"", ""genus"": ""Ectobacillus""}"	0.0441	0.08067073171
compartment_genus	biology_context_corrected_20260909/compartment_genus_family.tsv	151	"{""contrast"": ""Deep-Surface"", ""genus"": ""Myxococcus""}"	0.1179	0.1770149254
compartment_genus	biology_context_corrected_20260909/compartment_genus_family.tsv	152	"{""contrast"": ""Deep-Surface"", ""genus"": ""Verrucosispora""}"	0.1295	0.1899755501
compartment_genus	biology_context_corrected_20260909/compartment_genus_family.tsv	153	"{""contrast"": ""Deep-Surface"", ""genus"": ""Allorhizocola""}"	0.0584	0.1009798271
compartment_genus	biology_context_corrected_20260909/compartment_genus_family.tsv	154	"{""contrast"": ""Deep-Surface"", ""genus"": ""Candidatus Alysiosphaera""}"	0.0105	0.02368421053
compartment_genus	biology_context_corrected_20260909/compartment_genus_family.tsv	155	"{""contrast"": ""Deep-Surface"", ""genus"": ""Gracilibacillus""}"	0.0816	0.1312600536
compartment_genus	biology_context_corrected_20260909/compartment_genus_family.tsv	156	"{""contrast"": ""Deep-Surface"", ""genus"": ""Ohtaekwangia""}"	0.0753	0.1221081081
compartment_genus	biology_context_corrected_20260909/compartment_genus_family.tsv	157	"{""contrast"": ""Deep-Surface"", ""genus"": ""Subgroup 10""}"	0.1166	0.176372796
compartment_genus	biology_context_corrected_20260909/compartment_genus_family.tsv	158	"{""contrast"": ""Deep-Surface"", ""genus"": ""Aeromonas""}"	0.0241	0.04935153584
compartment_genus	biology_context_corrected_20260909/compartment_genus_family.tsv	159	"{""contrast"": ""Deep-Surface"", ""genus"": ""Polygonibacillus""}"	0.0414	0.07805642633
compartment_genus	biology_context_corrected_20260909/compartment_genus_family.tsv	160	"{""contrast"": ""Deep-Surface"", ""genus"": ""Rhizorhabdus""}"	0.0919	0.1454881266
compartment_genus	biology_context_corrected_20260909/compartment_genus_family.tsv	161	"{""contrast"": ""Deep-Surface"", ""genus"": ""Longispora""}"	0.1137	0.1740306122
compartment_genus	biology_context_corrected_20260909/compartment_genus_family.tsv	162	"{""contrast"": ""Deep-Surface"", ""genus"": ""Metabacillus""}"	0.007	0.01666666667
compartment_genus	biology_context_corrected_20260909/compartment_genus_family.tsv	163	"{""contrast"": ""Deep-Surface"", ""genus"": ""Litchfieldia""}"	0.0662	0.1100277008
compartment_genus	biology_context_corrected_20260909/compartment_genus_family.tsv	164	"{""contrast"": ""Deep-Surface"", ""genus"": ""SH-PL14""}"	0.1721	0.2395823666
compartment_genus	biology_context_corrected_20260909/compartment_genus_family.tsv	165	"{""contrast"": ""Deep-Surface"", ""genus"": ""Fimbriiglobus""}"	0.0545	0.09505813953
compartment_genus	biology_context_corrected_20260909/compartment_genus_family.tsv	166	"{""contrast"": ""Deep-Surface"", ""genus"": ""Plantactinospora""}"	0.0452	0.08204819277
compartment_genus	biology_context_corrected_20260909/compartment_genus_family.tsv	167	"{""contrast"": ""Deep-Surface"", ""genus"": ""Parviterribacter""}"	0.0025	0.006756756757
compartment_genus	biology_context_corrected_20260909/compartment_genus_family.tsv	168	"{""contrast"": ""Deep-Surface"", ""genus"": ""Halalkalibacter""}"	0.1351	0.1973300971
compartment_genus	biology_context_corrected_20260909/compartment_genus_family.tsv	169	"{""contrast"": ""Deep-Surface"", ""genus"": ""Paraconexibacter""}"	0.0054	0.01327868852
compartment_genus	biology_context_corrected_20260909/compartment_genus_family.tsv	170	"{""contrast"": ""Deep-Surface"", ""genus"": ""Sediminibacillus""}"	0.0427	0.07950464396
compartment_genus	biology_context_corrected_20260909/compartment_genus_family.tsv	171	"{""contrast"": ""Deep-Surface"", ""genus"": ""Bauldia""}"	0.0304	0.06059800664
compartment_genus	biology_context_corrected_20260909/compartment_genus_family.tsv	172	"{""contrast"": ""Deep-Surface"", ""genus"": ""OM27 clade""}"	0.0028	0.007466666667
compartment_genus	biology_context_corrected_20260909/compartment_genus_family.tsv	173	"{""contrast"": ""Deep-Surface"", ""genus"": ""Pajaroellobacter""}"	0.0175	0.0376344086
compartment_genus	biology_context_corrected_20260909/compartment_genus_family.tsv	174	"{""contrast"": ""Deep-Surface"", ""genus"": ""Pir4 lineage""}"	0.0119	0.02625
compartment_genus	biology_context_corrected_20260909/compartment_genus_family.tsv	175	"{""contrast"": ""Deep-Surface"", ""genus"": ""Limibaculum""}"	0.0165	0.03561151079
compartment_genus	biology_context_corrected_20260909/compartment_genus_family.tsv	176	"{""contrast"": ""Deep-Surface"", ""genus"": ""Niastella""}"	0.0115	0.02555555556
compartment_genus	biology_context_corrected_20260909/compartment_genus_family.tsv	177	"{""contrast"": ""Deep-Surface"", ""genus"": ""Arsenicitalea""}"	0.0097	0.02221374046
compartment_genus	biology_context_corrected_20260909/compartment_genus_family.tsv	178	"{""contrast"": ""Deep-Surface"", ""genus"": ""Gemmatimonas""}"	0.0006	0.001978021978
compartment_genus	biology_context_corrected_20260909/compartment_genus_family.tsv	179	"{""contrast"": ""Deep-Surface"", ""genus"": ""SZB85""}"	0.0288	0.0576
compartment_genus	biology_context_corrected_20260909/compartment_genus_family.tsv	180	"{""contrast"": ""Deep-Surface"", ""genus"": ""Bryobacter""}"	0.0085	0.01961538462
compartment_genus	biology_context_corrected_20260909/compartment_genus_family.tsv	181	"{""contrast"": ""Deep-Surface"", ""genus"": ""Ammoniphilus""}"	0.007	0.01666666667
compartment_genus	biology_context_corrected_20260909/compartment_genus_family.tsv	182	"{""contrast"": ""Deep-Surface"", ""genus"": ""Baekduia""}"	0.0001	0.0004285714286
compartment_genus	biology_context_corrected_20260909/compartment_genus_family.tsv	183	"{""contrast"": ""Deep-Surface"", ""genus"": ""Gemmata""}"	0.0014	0.004137931034
compartment_genus	biology_context_corrected_20260909/compartment_genus_family.tsv	184	"{""contrast"": ""Deep-Surface"", ""genus"": ""Azohydromonas""}"	0.0026	0.006995515695
compartment_genus	biology_context_corrected_20260909/compartment_genus_family.tsv	185	"{""contrast"": ""Deep-Surface"", ""genus"": ""Sumerlaea""}"	0.0008	0.002526315789
compartment_genus	biology_context_corrected_20260909/compartment_genus_family.tsv	186	"{""contrast"": ""Deep-Surface"", ""genus"": ""Rhodoplanes""}"	0.0006	0.001978021978
compartment_genus	biology_context_corrected_20260909/compartment_genus_family.tsv	187	"{""contrast"": ""Deep-Surface"", ""genus"": ""Arenimicrobium""}"	0.0032	0.008311688312
compartment_genus	biology_context_corrected_20260909/compartment_genus_family.tsv	188	"{""contrast"": ""Deep-Surface"", ""genus"": ""Gaiella""}"	0.0001	0.0004285714286
compartment_genus	biology_context_corrected_20260909/compartment_genus_family.tsv	189	"{""contrast"": ""Deep-Surface"", ""genus"": ""Nitrospira""}"	0.0001	0.0004285714286
compartment_genus	biology_context_corrected_20260909/compartment_genus_family.tsv	190	"{""contrast"": ""Deep-Surface"", ""genus"": ""Pirellula""}"	0.0001	0.0004285714286
compartment_genus	biology_context_corrected_20260909/compartment_genus_family.tsv	191	"{""contrast"": ""Deep-Surface"", ""genus"": ""Caldilinea""}"	0.0001	0.0004285714286
compartment_genus	biology_context_corrected_20260909/compartment_genus_family.tsv	192	"{""contrast"": ""Deep-Surface"", ""genus"": ""Sandaracinus""}"	0.0001	0.0004285714286
compartment_genus	biology_context_corrected_20260909/compartment_genus_family.tsv	193	"{""contrast"": ""Deep-Surface"", ""genus"": ""Aureibacillus""}"	0.0005	0.001724137931
compartment_genus	biology_context_corrected_20260909/compartment_genus_family.tsv	194	"{""contrast"": ""Deep-Surface"", ""genus"": ""I-8""}"	0.0009	0.002827225131
compartment_genus	biology_context_corrected_20260909/compartment_genus_family.tsv	195	"{""contrast"": ""Deep-Surface"", ""genus"": ""MND1""}"	0.0001	0.0004285714286
compartment_genus	biology_context_corrected_20260909/compartment_genus_family.tsv	196	"{""contrast"": ""Deep-Surface"", ""genus"": ""Acidiferrimicrobium""}"	0.0001	0.0004285714286
compartment_genus	biology_context_corrected_20260909/compartment_genus_family.tsv	197	"{""contrast"": ""Deep-Surface"", ""genus"": ""Nordella""}"	0.0004	0.001437125749
compartment_genus	biology_context_corrected_20260909/compartment_genus_family.tsv	198	"{""contrast"": ""Deep-Surface"", ""genus"": ""Thermosipho""}"	0.0002	0.0007947019868
compartment_genus	biology_context_corrected_20260909/compartment_genus_family.tsv	199	"{""contrast"": ""Deep-Surface"", ""genus"": ""Opitutus""}"	0.0001	0.0004285714286
compartment_genus	biology_context_corrected_20260909/compartment_genus_family.tsv	200	"{""contrast"": ""Deep-Surface"", ""genus"": ""Polycyclovorans""}"	0.0001	0.0004285714286
compartment_genus	biology_context_corrected_20260909/compartment_genus_family.tsv	201	"{""contrast"": ""Rhizosphere-Deep"", ""genus"": ""Bradyrhizobium""}"	0.0001	0.0004285714286
compartment_genus	biology_context_corrected_20260909/compartment_genus_family.tsv	202	"{""contrast"": ""Rhizosphere-Deep"", ""genus"": ""MND1""}"	0.0001	0.0004285714286
compartment_genus	biology_context_corrected_20260909/compartment_genus_family.tsv	203	"{""contrast"": ""Rhizosphere-Deep"", ""genus"": ""Nitrospira""}"	0.0001	0.0004285714286
compartment_genus	biology_context_corrected_20260909/compartment_genus_family.tsv	204	"{""contrast"": ""Rhizosphere-Deep"", ""genus"": ""Thermosipho""}"	0.0001	0.0004285714286
compartment_genus	biology_context_corrected_20260909/compartment_genus_family.tsv	205	"{""contrast"": ""Rhizosphere-Deep"", ""genus"": ""Gaiella""}"	0.0001	0.0004285714286
compartment_genus	biology_context_corrected_20260909/compartment_genus_family.tsv	206	"{""contrast"": ""Rhizosphere-Deep"", ""genus"": ""Oxalophagus""}"	0.0001	0.0004285714286
compartment_genus	biology_context_corrected_20260909/compartment_genus_family.tsv	207	"{""contrast"": ""Rhizosphere-Deep"", ""genus"": ""Symbiobacterium""}"	0.0001	0.0004285714286
compartment_genus	biology_context_corrected_20260909/compartment_genus_family.tsv	208	"{""contrast"": ""Rhizosphere-Deep"", ""genus"": ""Rubrobacter""}"	0.0001	0.0004285714286
compartment_genus	biology_context_corrected_20260909/compartment_genus_family.tsv	209	"{""contrast"": ""Rhizosphere-Deep"", ""genus"": ""Caldilinea""}"	0.0001	0.0004285714286
compartment_genus	biology_context_corrected_20260909/compartment_genus_family.tsv	210	"{""contrast"": ""Rhizosphere-Deep"", ""genus"": ""Acidiferrimicrobium""}"	0.0001	0.0004285714286
compartment_genus	biology_context_corrected_20260909/compartment_genus_family.tsv	211	"{""contrast"": ""Rhizosphere-Deep"", ""genus"": ""SZB85""}"	0.0001	0.0004285714286
compartment_genus	biology_context_corrected_20260909/compartment_genus_family.tsv	212	"{""contrast"": ""Rhizosphere-Deep"", ""genus"": ""Conexibacter""}"	0.0001	0.0004285714286
compartment_genus	biology_context_corrected_20260909/compartment_genus_family.tsv	213	"{""contrast"": ""Rhizosphere-Deep"", ""genus"": ""Parviterribacter""}"	0.0001	0.0004285714286
compartment_genus	biology_context_corrected_20260909/compartment_genus_family.tsv	214	"{""contrast"": ""Rhizosphere-Deep"", ""genus"": ""Blastococcus""}"	0.0001	0.0004285714286
compartment_genus	biology_context_corrected_20260909/compartment_genus_family.tsv	215	"{""contrast"": ""Rhizosphere-Deep"", ""genus"": ""CSP1-2""}"	0.0001	0.0004285714286
compartment_genus	biology_context_corrected_20260909/compartment_genus_family.tsv	216	"{""contrast"": ""Rhizosphere-Deep"", ""genus"": ""Kallotenue""}"	0.0001	0.0004285714286
compartment_genus	biology_context_corrected_20260909/compartment_genus_family.tsv	217	"{""contrast"": ""Rhizosphere-Deep"", ""genus"": ""Herpetosiphon""}"	0.0001	0.0004285714286
compartment_genus	biology_context_corrected_20260909/compartment_genus_family.tsv	218	"{""contrast"": ""Rhizosphere-Deep"", ""genus"": ""Solirubrobacter""}"	0.0001	0.0004285714286
compartment_genus	biology_context_corrected_20260909/compartment_genus_family.tsv	219	"{""contrast"": ""Rhizosphere-Deep"", ""genus"": ""Mangrovihabitans""}"	0.0001	0.0004285714286
compartment_genus	biology_context_corrected_20260909/compartment_genus_family.tsv	220	"{""contrast"": ""Rhizosphere-Deep"", ""genus"": ""Luedemannella""}"	0.0001	0.0004285714286
compartment_genus	biology_context_corrected_20260909/compartment_genus_family.tsv	221	"{""contrast"": ""Rhizosphere-Deep"", ""genus"": ""Lautropia""}"	0.0001	0.0004285714286
compartment_genus	biology_context_corrected_20260909/compartment_genus_family.tsv	222	"{""contrast"": ""Rhizosphere-Deep"", ""genus"": ""Polycyclovorans""}"	0.0001	0.0004285714286
compartment_genus	biology_context_corrected_20260909/compartment_genus_family.tsv	223	"{""contrast"": ""Rhizosphere-Deep"", ""genus"": ""Nitrolancea""}"	0.0001	0.0004285714286
compartment_genus	biology_context_corrected_20260909/compartment_genus_family.tsv	224	"{""contrast"": ""Rhizosphere-Deep"", ""genus"": ""Vallicoccus""}"	0.0001	0.0004285714286
compartment_genus	biology_context_corrected_20260909/compartment_genus_family.tsv	225	"{""contrast"": ""Rhizosphere-Deep"", ""genus"": ""Marmoricola""}"	0.0001	0.0004285714286
compartment_genus	biology_context_corrected_20260909/compartment_genus_family.tsv	226	"{""contrast"": ""Rhizosphere-Deep"", ""genus"": ""Aridibacter""}"	0.0002	0.0007947019868
compartment_genus	biology_context_corrected_20260909/compartment_genus_family.tsv	227	"{""contrast"": ""Rhizosphere-Deep"", ""genus"": ""Geodermatophilus""}"	0.0001	0.0004285714286
compartment_genus	biology_context_corrected_20260909/compartment_genus_family.tsv	228	"{""contrast"": ""Rhizosphere-Deep"", ""genus"": ""Limnobacter""}"	0.0001	0.0004285714286
compartment_genus	biology_context_corrected_20260909/compartment_genus_family.tsv	229	"{""contrast"": ""Rhizosphere-Deep"", ""genus"": ""Roseisolibacter""}"	0.0001	0.0004285714286
compartment_genus	biology_context_corrected_20260909/compartment_genus_family.tsv	230	"{""contrast"": ""Rhizosphere-Deep"", ""genus"": ""Phaselicystis""}"	0.0005	0.001724137931
compartment_genus	biology_context_corrected_20260909/compartment_genus_family.tsv	231	"{""contrast"": ""Rhizosphere-Deep"", ""genus"": ""Aureibacillus""}"	0.0015	0.004368932039
compartment_genus	biology_context_corrected_20260909/compartment_genus_family.tsv	232	"{""contrast"": ""Rhizosphere-Deep"", ""genus"": ""Nordella""}"	0.0001	0.0004285714286
compartment_genus	biology_context_corrected_20260909/compartment_genus_family.tsv	233	"{""contrast"": ""Rhizosphere-Deep"", ""genus"": ""Cystobacter""}"	0.0013	0.003880597015
compartment_genus	biology_context_corrected_20260909/compartment_genus_family.tsv	234	"{""contrast"": ""Rhizosphere-Deep"", ""genus"": ""Blastocatella""}"	0.0001	0.0004285714286
compartment_genus	biology_context_corrected_20260909/compartment_genus_family.tsv	235	"{""contrast"": ""Rhizosphere-Deep"", ""genus"": ""Acidibacter""}"	0.0001	0.0004285714286
compartment_genus	biology_context_corrected_20260909/compartment_genus_family.tsv	236	"{""contrast"": ""Rhizosphere-Deep"", ""genus"": ""Arenimicrobium""}"	0.0003	0.001118012422
compartment_genus	biology_context_corrected_20260909/compartment_genus_family.tsv	237	"{""contrast"": ""Rhizosphere-Deep"", ""genus"": ""Longispora""}"	0.0002	0.0007947019868
compartment_genus	biology_context_corrected_20260909/compartment_genus_family.tsv	238	"{""contrast"": ""Rhizosphere-Deep"", ""genus"": ""Azohydromonas""}"	0.0021	0.005753424658
compartment_genus	biology_context_corrected_20260909/compartment_genus_family.tsv	239	"{""contrast"": ""Rhizosphere-Deep"", ""genus"": ""Rubritepida""}"	0.0001	0.0004285714286
compartment_genus	biology_context_corrected_20260909/compartment_genus_family.tsv	240	"{""contrast"": ""Rhizosphere-Deep"", ""genus"": ""Fimbriiglobus""}"	0.0003	0.001118012422
compartment_genus	biology_context_corrected_20260909/compartment_genus_family.tsv	241	"{""contrast"": ""Rhizosphere-Deep"", ""genus"": ""Allorhizocola""}"	0.0007	0.002245989305
compartment_genus	biology_context_corrected_20260909/compartment_genus_family.tsv	242	"{""contrast"": ""Rhizosphere-Deep"", ""genus"": ""Baekduia""}"	0.0001	0.0004285714286
compartment_genus	biology_context_corrected_20260909/compartment_genus_family.tsv	243	"{""contrast"": ""Rhizosphere-Deep"", ""genus"": ""Gemmatimonas""}"	0.0001	0.0004285714286
compartment_genus	biology_context_corrected_20260909/compartment_genus_family.tsv	244	"{""contrast"": ""Rhizosphere-Deep"", ""genus"": ""Deinococcus""}"	0.0015	0.004368932039
compartment_genus	biology_context_corrected_20260909/compartment_genus_family.tsv	245	"{""contrast"": ""Rhizosphere-Deep"", ""genus"": ""Paraconexibacter""}"	0.0006	0.001978021978
compartment_genus	biology_context_corrected_20260909/compartment_genus_family.tsv	246	"{""contrast"": ""Rhizosphere-Deep"", ""genus"": ""Plantactinospora""}"	0.0075	0.017578125
compartment_genus	biology_context_corrected_20260909/compartment_genus_family.tsv	247	"{""contrast"": ""Rhizosphere-Deep"", ""genus"": ""Fictibacillus""}"	0.0021	0.005753424658
compartment_genus	biology_context_corrected_20260909/compartment_genus_family.tsv	248	"{""contrast"": ""Rhizosphere-Deep"", ""genus"": ""Opitutus""}"	0.0001	0.0004285714286
compartment_genus	biology_context_corrected_20260909/compartment_genus_family.tsv	249	"{""contrast"": ""Rhizosphere-Deep"", ""genus"": ""Brevibacillus""}"	0.0032	0.008311688312
compartment_genus	biology_context_corrected_20260909/compartment_genus_family.tsv	250	"{""contrast"": ""Rhizosphere-Deep"", ""genus"": ""Steroidobacter""}"	0.0004	0.001437125749
compartment_genus	biology_context_corrected_20260909/compartment_genus_family.tsv	251	"{""contrast"": ""Rhizosphere-Deep"", ""genus"": ""JCM 18997""}"	0.0002	0.0007947019868
compartment_genus	biology_context_corrected_20260909/compartment_genus_family.tsv	252	"{""contrast"": ""Rhizosphere-Deep"", ""genus"": ""Modestobacter""}"	0.0041	0.01029288703
compartment_genus	biology_context_corrected_20260909/compartment_genus_family.tsv	253	"{""contrast"": ""Rhizosphere-Deep"", ""genus"": ""Dongia""}"	0.0025	0.006756756757
compartment_genus	biology_context_corrected_20260909/compartment_genus_family.tsv	254	"{""contrast"": ""Rhizosphere-Deep"", ""genus"": ""Pseudalkalibacillus""}"	0.0033	0.008534482759
compartment_genus	biology_context_corrected_20260909/compartment_genus_family.tsv	255	"{""contrast"": ""Rhizosphere-Deep"", ""genus"": ""Nitrosomonas""}"	0.0018	0.005046728972
compartment_genus	biology_context_corrected_20260909/compartment_genus_family.tsv	256	"{""contrast"": ""Rhizosphere-Deep"", ""genus"": ""Corynebacterium""}"	0.0344	0.06745098039
compartment_genus	biology_context_corrected_20260909/compartment_genus_family.tsv	257	"{""contrast"": ""Rhizosphere-Deep"", ""genus"": ""Pedomicrobium""}"	0.0027	0.007232142857
compartment_genus	biology_context_corrected_20260909/compartment_genus_family.tsv	258	"{""contrast"": ""Rhizosphere-Deep"", ""genus"": ""Subgroup 10""}"	0.0135	0.0295620438
compartment_genus	biology_context_corrected_20260909/compartment_genus_family.tsv	259	"{""contrast"": ""Rhizosphere-Deep"", ""genus"": ""Verrucosispora""}"	0.0558	0.09676300578
compartment_genus	biology_context_corrected_20260909/compartment_genus_family.tsv	260	"{""contrast"": ""Rhizosphere-Deep"", ""genus"": ""Caenimonas""}"	0.0358	0.06951456311
compartment_genus	biology_context_corrected_20260909/compartment_genus_family.tsv	261	"{""contrast"": ""Rhizosphere-Deep"", ""genus"": ""Sphingomonas""}"	0.0075	0.017578125
compartment_genus	biology_context_corrected_20260909/compartment_genus_family.tsv	262	"{""contrast"": ""Rhizosphere-Deep"", ""genus"": ""Actinoplanes""}"	0.0347	0.06781758958
compartment_genus	biology_context_corrected_20260909/compartment_genus_family.tsv	263	"{""contrast"": ""Rhizosphere-Deep"", ""genus"": ""Ellin6055""}"	0.0013	0.003880597015
compartment_genus	biology_context_corrected_20260909/compartment_genus_family.tsv	264	"{""contrast"": ""Rhizosphere-Deep"", ""genus"": ""Ammoniphilus""}"	0.019	0.03972125436
compartment_genus	biology_context_corrected_20260909/compartment_genus_family.tsv	265	"{""contrast"": ""Rhizosphere-Deep"", ""genus"": ""Saccharothrix""}"	0.061	0.1045714286
compartment_genus	biology_context_corrected_20260909/compartment_genus_family.tsv	266	"{""contrast"": ""Rhizosphere-Deep"", ""genus"": ""Cellulomonas""}"	0.032	0.06336633663
compartment_genus	biology_context_corrected_20260909/compartment_genus_family.tsv	267	"{""contrast"": ""Rhizosphere-Deep"", ""genus"": ""Gemmata""}"	0.0205	0.04256055363
compartment_genus	biology_context_corrected_20260909/compartment_genus_family.tsv	268	"{""contrast"": ""Rhizosphere-Deep"", ""genus"": ""Luteitalea""}"	0.0893	0.1421220159
compartment_genus	biology_context_corrected_20260909/compartment_genus_family.tsv	269	"{""contrast"": ""Rhizosphere-Deep"", ""genus"": ""Sporocytophaga""}"	0.0506	0.08955752212
compartment_genus	biology_context_corrected_20260909/compartment_genus_family.tsv	270	"{""contrast"": ""Rhizosphere-Deep"", ""genus"": ""Actinomadura""}"	0.0774	0.1248387097
compartment_genus	biology_context_corrected_20260909/compartment_genus_family.tsv	271	"{""contrast"": ""Rhizosphere-Deep"", ""genus"": ""Ectobacillus""}"	0.1185	0.1770149254
compartment_genus	biology_context_corrected_20260909/compartment_genus_family.tsv	272	"{""contrast"": ""Rhizosphere-Deep"", ""genus"": ""Thermobaculum""}"	0.0444	0.08097264438
compartment_genus	biology_context_corrected_20260909/compartment_genus_family.tsv	273	"{""contrast"": ""Rhizosphere-Deep"", ""genus"": ""Pirellula""}"	0.0339	0.06668852459
compartment_genus	biology_context_corrected_20260909/compartment_genus_family.tsv	274	"{""contrast"": ""Rhizosphere-Deep"", ""genus"": ""Lysobacter""}"	0.0606	0.1041833811
compartment_genus	biology_context_corrected_20260909/compartment_genus_family.tsv	275	"{""contrast"": ""Rhizosphere-Deep"", ""genus"": ""Glycomyces""}"	0.1291	0.1898529412
compartment_genus	biology_context_corrected_20260909/compartment_genus_family.tsv	276	"{""contrast"": ""Rhizosphere-Deep"", ""genus"": ""Anaeromyxobacter""}"	0.0627	0.1058426966
compartment_genus	biology_context_corrected_20260909/compartment_genus_family.tsv	277	"{""contrast"": ""Rhizosphere-Deep"", ""genus"": ""Herbaspirillum""}"	0.1374	0.1991304348
compartment_genus	biology_context_corrected_20260909/compartment_genus_family.tsv	278	"{""contrast"": ""Rhizosphere-Deep"", ""genus"": ""Sumerlaea""}"	0.0757	0.122425876
compartment_genus	biology_context_corrected_20260909/compartment_genus_family.tsv	279	"{""contrast"": ""Rhizosphere-Deep"", ""genus"": ""OM27 clade""}"	0.1134	0.1740153453
compartment_genus	biology_context_corrected_20260909/compartment_genus_family.tsv	280	"{""contrast"": ""Rhizosphere-Deep"", ""genus"": ""Rhodoplanes""}"	0.2516	0.3310526316
compartment_genus	biology_context_corrected_20260909/compartment_genus_family.tsv	281	"{""contrast"": ""Rhizosphere-Deep"", ""genus"": ""Litorilinea""}"	0.1403	0.2018705036
compartment_genus	biology_context_corrected_20260909/compartment_genus_family.tsv	282	"{""contrast"": ""Rhizosphere-Deep"", ""genus"": ""Kineosporia""}"	0.2597	0.3402183406
compartment_genus	biology_context_corrected_20260909/compartment_genus_family.tsv	283	"{""contrast"": ""Rhizosphere-Deep"", ""genus"": ""Peribacillus""}"	0.2763	0.3588311688
compartment_genus	biology_context_corrected_20260909/compartment_genus_family.tsv	284	"{""contrast"": ""Rhizosphere-Deep"", ""genus"": ""Aeromicrobium""}"	0.1781	0.2456551724
compartment_genus	biology_context_corrected_20260909/compartment_genus_family.tsv	285	"{""contrast"": ""Rhizosphere-Deep"", ""genus"": ""PMMR1""}"	0.2119	0.2850672646
compartment_genus	biology_context_corrected_20260909/compartment_genus_family.tsv	286	"{""contrast"": ""Rhizosphere-Deep"", ""genus"": ""Rubellimicrobium""}"	0.219	0.2926503341
compartment_genus	biology_context_corrected_20260909/compartment_genus_family.tsv	287	"{""contrast"": ""Rhizosphere-Deep"", ""genus"": ""Truepera""}"	0.4543	0.5429880478
compartment_genus	biology_context_corrected_20260909/compartment_genus_family.tsv	288	"{""contrast"": ""Rhizosphere-Deep"", ""genus"": ""Rhodocytophaga""}"	0.3455	0.4349685535
compartment_genus	biology_context_corrected_20260909/compartment_genus_family.tsv	289	"{""contrast"": ""Rhizosphere-Deep"", ""genus"": ""Archangium""}"	0.4209	0.5164417178
compartment_genus	biology_context_corrected_20260909/compartment_genus_family.tsv	290	"{""contrast"": ""Rhizosphere-Deep"", ""genus"": ""Saccharopolyspora""}"	0.5778	0.664137931
compartment_genus	biology_context_corrected_20260909/compartment_genus_family.tsv	291	"{""contrast"": ""Rhizosphere-Deep"", ""genus"": ""Bryobacter""}"	0.4683	0.5563960396
compartment_genus	biology_context_corrected_20260909/compartment_genus_family.tsv	292	"{""contrast"": ""Rhizosphere-Deep"", ""genus"": ""Pseudonocardia""}"	0.4909	0.5775294118
compartment_genus	biology_context_corrected_20260909/compartment_genus_family.tsv	293	"{""contrast"": ""Rhizosphere-Deep"", ""genus"": ""Aeromonas""}"	0.4835	0.5699410609
compartment_genus	biology_context_corrected_20260909/compartment_genus_family.tsv	294	"{""contrast"": ""Rhizosphere-Deep"", ""genus"": ""YC-ZSS-LKJ147""}"	0.5815	0.6671128107
compartment_genus	biology_context_corrected_20260909/compartment_genus_family.tsv	295	"{""contrast"": ""Rhizosphere-Deep"", ""genus"": ""Myxococcus""}"	0.6555	0.7398496241
compartment_genus	biology_context_corrected_20260909/compartment_genus_family.tsv	296	"{""contrast"": ""Rhizosphere-Deep"", ""genus"": ""Bauldia""}"	0.656	0.7398496241
compartment_genus	biology_context_corrected_20260909/compartment_genus_family.tsv	297	"{""contrast"": ""Rhizosphere-Deep"", ""genus"": ""Escherichia-Shigella""}"	0.7735	0.8317204301
compartment_genus	biology_context_corrected_20260909/compartment_genus_family.tsv	298	"{""contrast"": ""Rhizosphere-Deep"", ""genus"": ""Actinophytocola""}"	0.7074	0.7816574586
compartment_genus	biology_context_corrected_20260909/compartment_genus_family.tsv	299	"{""contrast"": ""Rhizosphere-Deep"", ""genus"": ""Pajaroellobacter""}"	0.7473	0.8122826087
compartment_genus	biology_context_corrected_20260909/compartment_genus_family.tsv	300	"{""contrast"": ""Rhizosphere-Deep"", ""genus"": ""Streptococcus""}"	0.8643	0.9020869565
compartment_genus	biology_context_corrected_20260909/compartment_genus_family.tsv	301	"{""contrast"": ""Rhizosphere-Deep"", ""genus"": ""Ramlibacter""}"	0.7637	0.8226570916
compartment_genus	biology_context_corrected_20260909/compartment_genus_family.tsv	302	"{""contrast"": ""Rhizosphere-Deep"", ""genus"": ""Adhaeribacter""}"	0.8236	0.8684710018
compartment_genus	biology_context_corrected_20260909/compartment_genus_family.tsv	303	"{""contrast"": ""Rhizosphere-Deep"", ""genus"": ""Flavisolibacter""}"	0.8336	0.8744055944
compartment_genus	biology_context_corrected_20260909/compartment_genus_family.tsv	304	"{""contrast"": ""Rhizosphere-Deep"", ""genus"": ""Nonomuraea""}"	0.933	0.9552901024
compartment_genus	biology_context_corrected_20260909/compartment_genus_family.tsv	305	"{""contrast"": ""Rhizosphere-Deep"", ""genus"": ""Candidatus Alysiosphaera""}"	0.9321	0.9552901024
compartment_genus	biology_context_corrected_20260909/compartment_genus_family.tsv	306	"{""contrast"": ""Rhizosphere-Deep"", ""genus"": ""Peredibacter""}"	0.9456	0.9607094595
compartment_genus	biology_context_corrected_20260909/compartment_genus_family.tsv	307	"{""contrast"": ""Rhizosphere-Deep"", ""genus"": ""Limibaculum""}"	0.9824	0.9824
compartment_genus	biology_context_corrected_20260909/compartment_genus_family.tsv	308	"{""contrast"": ""Rhizosphere-Deep"", ""genus"": ""Segetibacter""}"	0.9	0.9294320138
compartment_genus	biology_context_corrected_20260909/compartment_genus_family.tsv	309	"{""contrast"": ""Rhizosphere-Deep"", ""genus"": ""Pir4 lineage""}"	0.8711	0.9073958333
compartment_genus	biology_context_corrected_20260909/compartment_genus_family.tsv	310	"{""contrast"": ""Rhizosphere-Deep"", ""genus"": ""Turicibacter""}"	0.816	0.8637037037
compartment_genus	biology_context_corrected_20260909/compartment_genus_family.tsv	311	"{""contrast"": ""Rhizosphere-Deep"", ""genus"": ""I-8""}"	0.8004	0.8514893617
compartment_genus	biology_context_corrected_20260909/compartment_genus_family.tsv	312	"{""contrast"": ""Rhizosphere-Deep"", ""genus"": ""Enterococcus""}"	0.6992	0.7754528651
compartment_genus	biology_context_corrected_20260909/compartment_genus_family.tsv	313	"{""contrast"": ""Rhizosphere-Deep"", ""genus"": ""Rhizorhabdus""}"	0.583	0.6675572519
compartment_genus	biology_context_corrected_20260909/compartment_genus_family.tsv	314	"{""contrast"": ""Rhizosphere-Deep"", ""genus"": ""Halalkalibacter""}"	0.733	0.8025547445
compartment_genus	biology_context_corrected_20260909/compartment_genus_family.tsv	315	"{""contrast"": ""Rhizosphere-Deep"", ""genus"": ""Neobacillus""}"	0.5959	0.6784440228
compartment_genus	biology_context_corrected_20260909/compartment_genus_family.tsv	316	"{""contrast"": ""Rhizosphere-Deep"", ""genus"": ""Cytophaga""}"	0.5731	0.66
compartment_genus	biology_context_corrected_20260909/compartment_genus_family.tsv	317	"{""contrast"": ""Rhizosphere-Deep"", ""genus"": ""Roseicella""}"	0.4724	0.5601581028
compartment_genus	biology_context_corrected_20260909/compartment_genus_family.tsv	318	"{""contrast"": ""Rhizosphere-Deep"", ""genus"": ""Tumebacillus""}"	0.5725	0.66
compartment_genus	biology_context_corrected_20260909/compartment_genus_family.tsv	319	"{""contrast"": ""Rhizosphere-Deep"", ""genus"": ""Sandaracinus""}"	0.4195	0.5157786885
compartment_genus	biology_context_corrected_20260909/compartment_genus_family.tsv	320	"{""contrast"": ""Rhizosphere-Deep"", ""genus"": ""[Polyangium] brachysporum group""}"	0.4401	0.5334545455
compartment_genus	biology_context_corrected_20260909/compartment_genus_family.tsv	321	"{""contrast"": ""Rhizosphere-Deep"", ""genus"": ""Acinetobacter""}"	0.44	0.5334545455
compartment_genus	biology_context_corrected_20260909/compartment_genus_family.tsv	322	"{""contrast"": ""Rhizosphere-Deep"", ""genus"": ""Phenylobacterium""}"	0.068	0.1120879121
compartment_genus	biology_context_corrected_20260909/compartment_genus_family.tsv	323	"{""contrast"": ""Rhizosphere-Deep"", ""genus"": ""Chthoniobacter""}"	0.1412	0.2026794258
compartment_genus	biology_context_corrected_20260909/compartment_genus_family.tsv	324	"{""contrast"": ""Rhizosphere-Deep"", ""genus"": ""Oceanobacillus""}"	0.3446	0.4349685535
compartment_genus	biology_context_corrected_20260909/compartment_genus_family.tsv	325	"{""contrast"": ""Rhizosphere-Deep"", ""genus"": ""Bacillus""}"	0.1623	0.2280562061
compartment_genus	biology_context_corrected_20260909/compartment_genus_family.tsv	326	"{""contrast"": ""Rhizosphere-Deep"", ""genus"": ""Noviherbaspirillum""}"	0.1749	0.2423502304
compartment_genus	biology_context_corrected_20260909/compartment_genus_family.tsv	327	"{""contrast"": ""Rhizosphere-Deep"", ""genus"": ""Tautonia""}"	0.1142	0.174213198
compartment_genus	biology_context_corrected_20260909/compartment_genus_family.tsv	328	"{""contrast"": ""Rhizosphere-Deep"", ""genus"": ""SM1A02""}"	0.1683	0.2348372093
compartment_genus	biology_context_corrected_20260909/compartment_genus_family.tsv	329	"{""contrast"": ""Rhizosphere-Deep"", ""genus"": ""Polygonibacillus""}"	0.2356	0.3134368071
compartment_genus	biology_context_corrected_20260909/compartment_genus_family.tsv	330	"{""contrast"": ""Rhizosphere-Deep"", ""genus"": ""Mesobacillus""}"	0.2086	0.2822972973
compartment_genus	biology_context_corrected_20260909/compartment_genus_family.tsv	331	"{""contrast"": ""Rhizosphere-Deep"", ""genus"": ""Nocardioides""}"	0.051	0.08973607038
compartment_genus	biology_context_corrected_20260909/compartment_genus_family.tsv	332	"{""contrast"": ""Rhizosphere-Deep"", ""genus"": ""Niastella""}"	0.1161	0.1763544304
compartment_genus	biology_context_corrected_20260909/compartment_genus_family.tsv	333	"{""contrast"": ""Rhizosphere-Deep"", ""genus"": ""Staphylococcus""}"	0.2543	0.3338730853
compartment_genus	biology_context_corrected_20260909/compartment_genus_family.tsv	334	"{""contrast"": ""Rhizosphere-Deep"", ""genus"": ""Saccharomonospora""}"	0.1492	0.2121327014
compartment_genus	biology_context_corrected_20260909/compartment_genus_family.tsv	335	"{""contrast"": ""Rhizosphere-Deep"", ""genus"": ""Cnuella""}"	0.0509	0.08973607038
compartment_genus	biology_context_corrected_20260909/compartment_genus_family.tsv	336	"{""contrast"": ""Rhizosphere-Deep"", ""genus"": ""Brucella""}"	0.2758	0.3588311688
compartment_genus	biology_context_corrected_20260909/compartment_genus_family.tsv	337	"{""contrast"": ""Rhizosphere-Deep"", ""genus"": ""Abditibacterium""}"	0.0697	0.1145753425
compartment_genus	biology_context_corrected_20260909/compartment_genus_family.tsv	338	"{""contrast"": ""Rhizosphere-Deep"", ""genus"": ""Crossiella""}"	0.1182	0.1770149254
compartment_genus	biology_context_corrected_20260909/compartment_genus_family.tsv	339	"{""contrast"": ""Rhizosphere-Deep"", ""genus"": ""Sediminibacillus""}"	0.106	0.1651948052
compartment_genus	biology_context_corrected_20260909/compartment_genus_family.tsv	340	"{""contrast"": ""Rhizosphere-Deep"", ""genus"": ""Sphingoaurantiacus""}"	0.0436	0.08049230769
compartment_genus	biology_context_corrected_20260909/compartment_genus_family.tsv	341	"{""contrast"": ""Rhizosphere-Deep"", ""genus"": ""Streptomyces""}"	0.0187	0.03936842105
compartment_genus	biology_context_corrected_20260909/compartment_genus_family.tsv	342	"{""contrast"": ""Rhizosphere-Deep"", ""genus"": ""Niallia""}"	0.1183	0.1770149254
compartment_genus	biology_context_corrected_20260909/compartment_genus_family.tsv	343	"{""contrast"": ""Rhizosphere-Deep"", ""genus"": ""Paenibacillus""}"	0.0104	0.02354716981
compartment_genus	biology_context_corrected_20260909/compartment_genus_family.tsv	344	"{""contrast"": ""Rhizosphere-Deep"", ""genus"": ""SH-PL14""}"	0.0382	0.07318471338
compartment_genus	biology_context_corrected_20260909/compartment_genus_family.tsv	345	"{""contrast"": ""Rhizosphere-Deep"", ""genus"": ""Ornithinibacillus""}"	0.1398	0.2016346154
compartment_genus	biology_context_corrected_20260909/compartment_genus_family.tsv	346	"{""contrast"": ""Rhizosphere-Deep"", ""genus"": ""Microvirga""}"	0.0017	0.004857142857
compartment_genus	biology_context_corrected_20260909/compartment_genus_family.tsv	347	"{""contrast"": ""Rhizosphere-Deep"", ""genus"": ""Kocuria""}"	0.0426	0.07950464396
compartment_genus	biology_context_corrected_20260909/compartment_genus_family.tsv	348	"{""contrast"": ""Rhizosphere-Deep"", ""genus"": ""Aquibacillus""}"	0.0383	0.07318471338
compartment_genus	biology_context_corrected_20260909/compartment_genus_family.tsv	349	"{""contrast"": ""Rhizosphere-Deep"", ""genus"": ""Pelagibius""}"	0.0125	0.02747252747
compartment_genus	biology_context_corrected_20260909/compartment_genus_family.tsv	350	"{""contrast"": ""Rhizosphere-Deep"", ""genus"": ""Methylobacillus""}"	0.0113	0.02520446097
compartment_genus	biology_context_corrected_20260909/compartment_genus_family.tsv	351	"{""contrast"": ""Rhizosphere-Deep"", ""genus"": ""Mycobacterium""}"	0.0184	0.03887323944
compartment_genus	biology_context_corrected_20260909/compartment_genus_family.tsv	352	"{""contrast"": ""Rhizosphere-Deep"", ""genus"": ""Prauserella""}"	0.0394	0.07481012658
compartment_genus	biology_context_corrected_20260909/compartment_genus_family.tsv	353	"{""contrast"": ""Rhizosphere-Deep"", ""genus"": ""Hydrocarboniphaga""}"	0.0076	0.01774319066
compartment_genus	biology_context_corrected_20260909/compartment_genus_family.tsv	354	"{""contrast"": ""Rhizosphere-Deep"", ""genus"": ""Gracilibacillus""}"	0.0184	0.03887323944
compartment_genus	biology_context_corrected_20260909/compartment_genus_family.tsv	355	"{""contrast"": ""Rhizosphere-Deep"", ""genus"": ""Halomonas""}"	0.0595	0.1025862069
compartment_genus	biology_context_corrected_20260909/compartment_genus_family.tsv	356	"{""contrast"": ""Rhizosphere-Deep"", ""genus"": ""Kineococcus""}"	0.0002	0.0007947019868
compartment_genus	biology_context_corrected_20260909/compartment_genus_family.tsv	357	"{""contrast"": ""Rhizosphere-Deep"", ""genus"": ""Novosphingobium""}"	0.0021	0.005753424658
compartment_genus	biology_context_corrected_20260909/compartment_genus_family.tsv	358	"{""contrast"": ""Rhizosphere-Deep"", ""genus"": ""Chelativorans""}"	0.0005	0.001724137931
compartment_genus	biology_context_corrected_20260909/compartment_genus_family.tsv	359	"{""contrast"": ""Rhizosphere-Deep"", ""genus"": ""Rhodococcus""}"	0.0036	0.009230769231
compartment_genus	biology_context_corrected_20260909/compartment_genus_family.tsv	360	"{""contrast"": ""Rhizosphere-Deep"", ""genus"": ""Terribacillus""}"	0.0019	0.005277777778
compartment_genus	biology_context_corrected_20260909/compartment_genus_family.tsv	361	"{""contrast"": ""Rhizosphere-Deep"", ""genus"": ""Caulobacter""}"	0.0006	0.001978021978
compartment_genus	biology_context_corrected_20260909/compartment_genus_family.tsv	362	"{""contrast"": ""Rhizosphere-Deep"", ""genus"": ""Croceibacterium""}"	0.0001	0.0004285714286
compartment_genus	biology_context_corrected_20260909/compartment_genus_family.tsv	363	"{""contrast"": ""Rhizosphere-Deep"", ""genus"": ""Roseomonas""}"	0.0001	0.0004285714286
compartment_genus	biology_context_corrected_20260909/compartment_genus_family.tsv	364	"{""contrast"": ""Rhizosphere-Deep"", ""genus"": ""Daejeonella""}"	0.0001	0.0004285714286
compartment_genus	biology_context_corrected_20260909/compartment_genus_family.tsv	365	"{""contrast"": ""Rhizosphere-Deep"", ""genus"": ""Litchfieldia""}"	0.0039	0.009873417722
compartment_genus	biology_context_corrected_20260909/compartment_genus_family.tsv	366	"{""contrast"": ""Rhizosphere-Deep"", ""genus"": ""Pontibacter""}"	0.0001	0.0004285714286
compartment_genus	biology_context_corrected_20260909/compartment_genus_family.tsv	367	"{""contrast"": ""Rhizosphere-Deep"", ""genus"": ""Massilia""}"	0.0001	0.0004285714286
compartment_genus	biology_context_corrected_20260909/compartment_genus_family.tsv	368	"{""contrast"": ""Rhizosphere-Deep"", ""genus"": ""Rufibacter""}"	0.0001	0.0004285714286
compartment_genus	biology_context_corrected_20260909/compartment_genus_family.tsv	369	"{""contrast"": ""Rhizosphere-Deep"", ""genus"": ""Metabacillus""}"	0.0001	0.0004285714286
compartment_genus	biology_context_corrected_20260909/compartment_genus_family.tsv	370	"{""contrast"": ""Rhizosphere-Deep"", ""genus"": ""Domibacillus""}"	0.0001	0.0004285714286
compartment_genus	biology_context_corrected_20260909/compartment_genus_family.tsv	371	"{""contrast"": ""Rhizosphere-Deep"", ""genus"": ""Georgenia""}"	0.004	0.01008403361
compartment_genus	biology_context_corrected_20260909/compartment_genus_family.tsv	372	"{""contrast"": ""Rhizosphere-Deep"", ""genus"": ""Paracoccus""}"	0.0003	0.001118012422
compartment_genus	biology_context_corrected_20260909/compartment_genus_family.tsv	373	"{""contrast"": ""Rhizosphere-Deep"", ""genus"": ""Amycolatopsis""}"	0.0003	0.001118012422
compartment_genus	biology_context_corrected_20260909/compartment_genus_family.tsv	374	"{""contrast"": ""Rhizosphere-Deep"", ""genus"": ""Arthrobacter""}"	0.0001	0.0004285714286
compartment_genus	biology_context_corrected_20260909/compartment_genus_family.tsv	375	"{""contrast"": ""Rhizosphere-Deep"", ""genus"": ""Arsenicitalea""}"	0.0001	0.0004285714286
compartment_genus	biology_context_corrected_20260909/compartment_genus_family.tsv	376	"{""contrast"": ""Rhizosphere-Deep"", ""genus"": ""Sandaracinobacter""}"	0.0005	0.001724137931
compartment_genus	biology_context_corrected_20260909/compartment_genus_family.tsv	377	"{""contrast"": ""Rhizosphere-Deep"", ""genus"": ""Nesterenkonia""}"	0.0001	0.0004285714286
compartment_genus	biology_context_corrected_20260909/compartment_genus_family.tsv	378	"{""contrast"": ""Rhizosphere-Deep"", ""genus"": ""Lysinibacillus""}"	0.0001	0.0004285714286
compartment_genus	biology_context_corrected_20260909/compartment_genus_family.tsv	379	"{""contrast"": ""Rhizosphere-Deep"", ""genus"": ""Saccharibacillus""}"	0.0001	0.0004285714286
compartment_genus	biology_context_corrected_20260909/compartment_genus_family.tsv	380	"{""contrast"": ""Rhizosphere-Deep"", ""genus"": ""MM2""}"	0.0001	0.0004285714286
compartment_genus	biology_context_corrected_20260909/compartment_genus_family.tsv	381	"{""contrast"": ""Rhizosphere-Deep"", ""genus"": ""Ohtaekwangia""}"	0.0001	0.0004285714286
compartment_genus	biology_context_corrected_20260909/compartment_genus_family.tsv	382	"{""contrast"": ""Rhizosphere-Deep"", ""genus"": ""Tepidisphaera""}"	0.0001	0.0004285714286
compartment_genus	biology_context_corrected_20260909/compartment_genus_family.tsv	383	"{""contrast"": ""Rhizosphere-Deep"", ""genus"": ""Arcticibacter""}"	0.0001	0.0004285714286
compartment_genus	biology_context_corrected_20260909/compartment_genus_family.tsv	384	"{""contrast"": ""Rhizosphere-Deep"", ""genus"": ""Isoptericola""}"	0.0001	0.0004285714286
compartment_genus	biology_context_corrected_20260909/compartment_genus_family.tsv	385	"{""contrast"": ""Rhizosphere-Deep"", ""genus"": ""Falsirhodobacter""}"	0.0001	0.0004285714286
compartment_genus	biology_context_corrected_20260909/compartment_genus_family.tsv	386	"{""contrast"": ""Rhizosphere-Deep"", ""genus"": ""Plastorhodobacter""}"	0.0001	0.0004285714286
compartment_genus	biology_context_corrected_20260909/compartment_genus_family.tsv	387	"{""contrast"": ""Rhizosphere-Deep"", ""genus"": ""Telluribacter""}"	0.0001	0.0004285714286
compartment_genus	biology_context_corrected_20260909/compartment_genus_family.tsv	388	"{""contrast"": ""Rhizosphere-Deep"", ""genus"": ""Azospirillum""}"	0.0001	0.0004285714286
compartment_genus	biology_context_corrected_20260909/compartment_genus_family.tsv	389	"{""contrast"": ""Rhizosphere-Deep"", ""genus"": ""Cupriavidus""}"	0.0001	0.0004285714286
compartment_genus	biology_context_corrected_20260909/compartment_genus_family.tsv	390	"{""contrast"": ""Rhizosphere-Deep"", ""genus"": ""DSSF69""}"	0.0001	0.0004285714286
compartment_genus	biology_context_corrected_20260909/compartment_genus_family.tsv	391	"{""contrast"": ""Rhizosphere-Deep"", ""genus"": ""Pantoea""}"	0.0001	0.0004285714286
compartment_genus	biology_context_corrected_20260909/compartment_genus_family.tsv	392	"{""contrast"": ""Rhizosphere-Deep"", ""genus"": ""Rhodocista""}"	0.0001	0.0004285714286
compartment_genus	biology_context_corrected_20260909/compartment_genus_family.tsv	393	"{""contrast"": ""Rhizosphere-Deep"", ""genus"": ""Nibribacter""}"	0.0001	0.0004285714286
compartment_genus	biology_context_corrected_20260909/compartment_genus_family.tsv	394	"{""contrast"": ""Rhizosphere-Deep"", ""genus"": ""Neorhizobium""}"	0.0001	0.0004285714286
compartment_genus	biology_context_corrected_20260909/compartment_genus_family.tsv	395	"{""contrast"": ""Rhizosphere-Deep"", ""genus"": ""Pseudomonas""}"	0.0001	0.0004285714286
compartment_genus	biology_context_corrected_20260909/compartment_genus_family.tsv	396	"{""contrast"": ""Rhizosphere-Deep"", ""genus"": ""Devosia""}"	0.0001	0.0004285714286
compartment_genus	biology_context_corrected_20260909/compartment_genus_family.tsv	397	"{""contrast"": ""Rhizosphere-Deep"", ""genus"": ""Brevundimonas""}"	0.0001	0.0004285714286
compartment_genus	biology_context_corrected_20260909/compartment_genus_family.tsv	398	"{""contrast"": ""Rhizosphere-Deep"", ""genus"": ""Planococcus""}"	0.0001	0.0004285714286
compartment_genus	biology_context_corrected_20260909/compartment_genus_family.tsv	399	"{""contrast"": ""Rhizosphere-Deep"", ""genus"": ""TM7a""}"	0.0001	0.0004285714286
compartment_genus	biology_context_corrected_20260909/compartment_genus_family.tsv	400	"{""contrast"": ""Rhizosphere-Deep"", ""genus"": ""Pelagibacterium""}"	0.0001	0.0004285714286
compartment_genus	biology_context_corrected_20260909/compartment_genus_family.tsv	401	"{""contrast"": ""Rhizosphere-Surface"", ""genus"": ""Bradyrhizobium""}"	0.0001	0.0004285714286
compartment_genus	biology_context_corrected_20260909/compartment_genus_family.tsv	402	"{""contrast"": ""Rhizosphere-Surface"", ""genus"": ""Deinococcus""}"	0.0001	0.0004285714286
compartment_genus	biology_context_corrected_20260909/compartment_genus_family.tsv	403	"{""contrast"": ""Rhizosphere-Surface"", ""genus"": ""Oxalophagus""}"	0.0001	0.0004285714286
compartment_genus	biology_context_corrected_20260909/compartment_genus_family.tsv	404	"{""contrast"": ""Rhizosphere-Surface"", ""genus"": ""Blastococcus""}"	0.0001	0.0004285714286
compartment_genus	biology_context_corrected_20260909/compartment_genus_family.tsv	405	"{""contrast"": ""Rhizosphere-Surface"", ""genus"": ""Vallicoccus""}"	0.0001	0.0004285714286
compartment_genus	biology_context_corrected_20260909/compartment_genus_family.tsv	406	"{""contrast"": ""Rhizosphere-Surface"", ""genus"": ""Rubrobacter""}"	0.0001	0.0004285714286
compartment_genus	biology_context_corrected_20260909/compartment_genus_family.tsv	407	"{""contrast"": ""Rhizosphere-Surface"", ""genus"": ""Limnobacter""}"	0.0001	0.0004285714286
compartment_genus	biology_context_corrected_20260909/compartment_genus_family.tsv	408	"{""contrast"": ""Rhizosphere-Surface"", ""genus"": ""Cystobacter""}"	0.0001	0.0004285714286
compartment_genus	biology_context_corrected_20260909/compartment_genus_family.tsv	409	"{""contrast"": ""Rhizosphere-Surface"", ""genus"": ""Symbiobacterium""}"	0.0001	0.0004285714286
compartment_genus	biology_context_corrected_20260909/compartment_genus_family.tsv	410	"{""contrast"": ""Rhizosphere-Surface"", ""genus"": ""Geodermatophilus""}"	0.0001	0.0004285714286
compartment_genus	biology_context_corrected_20260909/compartment_genus_family.tsv	411	"{""contrast"": ""Rhizosphere-Surface"", ""genus"": ""Modestobacter""}"	0.0001	0.0004285714286
compartment_genus	biology_context_corrected_20260909/compartment_genus_family.tsv	412	"{""contrast"": ""Rhizosphere-Surface"", ""genus"": ""Rubritepida""}"	0.0001	0.0004285714286
compartment_genus	biology_context_corrected_20260909/compartment_genus_family.tsv	413	"{""contrast"": ""Rhizosphere-Surface"", ""genus"": ""Lysobacter""}"	0.0001	0.0004285714286
compartment_genus	biology_context_corrected_20260909/compartment_genus_family.tsv	414	"{""contrast"": ""Rhizosphere-Surface"", ""genus"": ""Kineosporia""}"	0.0001	0.0004285714286
compartment_genus	biology_context_corrected_20260909/compartment_genus_family.tsv	415	"{""contrast"": ""Rhizosphere-Surface"", ""genus"": ""MND1""}"	0.0001	0.0004285714286
compartment_genus	biology_context_corrected_20260909/compartment_genus_family.tsv	416	"{""contrast"": ""Rhizosphere-Surface"", ""genus"": ""Nitrospira""}"	0.0001	0.0004285714286
compartment_genus	biology_context_corrected_20260909/compartment_genus_family.tsv	417	"{""contrast"": ""Rhizosphere-Surface"", ""genus"": ""Cellulomonas""}"	0.0001	0.0004285714286
compartment_genus	biology_context_corrected_20260909/compartment_genus_family.tsv	418	"{""contrast"": ""Rhizosphere-Surface"", ""genus"": ""Gaiella""}"	0.0001	0.0004285714286
compartment_genus	biology_context_corrected_20260909/compartment_genus_family.tsv	419	"{""contrast"": ""Rhizosphere-Surface"", ""genus"": ""Roseisolibacter""}"	0.0001	0.0004285714286
compartment_genus	biology_context_corrected_20260909/compartment_genus_family.tsv	420	"{""contrast"": ""Rhizosphere-Surface"", ""genus"": ""Luedemannella""}"	0.0008	0.002526315789
compartment_genus	biology_context_corrected_20260909/compartment_genus_family.tsv	421	"{""contrast"": ""Rhizosphere-Surface"", ""genus"": ""Conexibacter""}"	0.0001	0.0004285714286
compartment_genus	biology_context_corrected_20260909/compartment_genus_family.tsv	422	"{""contrast"": ""Rhizosphere-Surface"", ""genus"": ""Mangrovihabitans""}"	0.0003	0.001118012422
compartment_genus	biology_context_corrected_20260909/compartment_genus_family.tsv	423	"{""contrast"": ""Rhizosphere-Surface"", ""genus"": ""Kallotenue""}"	0.0001	0.0004285714286
compartment_genus	biology_context_corrected_20260909/compartment_genus_family.tsv	424	"{""contrast"": ""Rhizosphere-Surface"", ""genus"": ""Nitrolancea""}"	0.0001	0.0004285714286
compartment_genus	biology_context_corrected_20260909/compartment_genus_family.tsv	425	"{""contrast"": ""Rhizosphere-Surface"", ""genus"": ""CSP1-2""}"	0.0002	0.0007947019868
compartment_genus	biology_context_corrected_20260909/compartment_genus_family.tsv	426	"{""contrast"": ""Rhizosphere-Surface"", ""genus"": ""Thermosipho""}"	0.0012	0.003673469388
compartment_genus	biology_context_corrected_20260909/compartment_genus_family.tsv	427	"{""contrast"": ""Rhizosphere-Surface"", ""genus"": ""Corynebacterium""}"	0.0065	0.01572580645
compartment_genus	biology_context_corrected_20260909/compartment_genus_family.tsv	428	"{""contrast"": ""Rhizosphere-Surface"", ""genus"": ""Sporocytophaga""}"	0.0013	0.003880597015
compartment_genus	biology_context_corrected_20260909/compartment_genus_family.tsv	429	"{""contrast"": ""Rhizosphere-Surface"", ""genus"": ""Fictibacillus""}"	0.0007	0.002245989305
compartment_genus	biology_context_corrected_20260909/compartment_genus_family.tsv	430	"{""contrast"": ""Rhizosphere-Surface"", ""genus"": ""Lautropia""}"	0.0005	0.001724137931
compartment_genus	biology_context_corrected_20260909/compartment_genus_family.tsv	431	"{""contrast"": ""Rhizosphere-Surface"", ""genus"": ""Herpetosiphon""}"	0.0001	0.0004285714286
compartment_genus	biology_context_corrected_20260909/compartment_genus_family.tsv	432	"{""contrast"": ""Rhizosphere-Surface"", ""genus"": ""Caldilinea""}"	0.0006	0.001978021978
compartment_genus	biology_context_corrected_20260909/compartment_genus_family.tsv	433	"{""contrast"": ""Rhizosphere-Surface"", ""genus"": ""PMMR1""}"	0.0005	0.001724137931
compartment_genus	biology_context_corrected_20260909/compartment_genus_family.tsv	434	"{""contrast"": ""Rhizosphere-Surface"", ""genus"": ""Acidibacter""}"	0.0002	0.0007947019868
compartment_genus	biology_context_corrected_20260909/compartment_genus_family.tsv	435	"{""contrast"": ""Rhizosphere-Surface"", ""genus"": ""Marmoricola""}"	0.0003	0.001118012422
compartment_genus	biology_context_corrected_20260909/compartment_genus_family.tsv	436	"{""contrast"": ""Rhizosphere-Surface"", ""genus"": ""Kineococcus""}"	0.0015	0.004368932039
compartment_genus	biology_context_corrected_20260909/compartment_genus_family.tsv	437	"{""contrast"": ""Rhizosphere-Surface"", ""genus"": ""Phaselicystis""}"	0.0006	0.001978021978
compartment_genus	biology_context_corrected_20260909/compartment_genus_family.tsv	438	"{""contrast"": ""Rhizosphere-Surface"", ""genus"": ""Solirubrobacter""}"	0.0003	0.001118012422
compartment_genus	biology_context_corrected_20260909/compartment_genus_family.tsv	439	"{""contrast"": ""Rhizosphere-Surface"", ""genus"": ""Aridibacter""}"	0.0032	0.008311688312
compartment_genus	biology_context_corrected_20260909/compartment_genus_family.tsv	440	"{""contrast"": ""Rhizosphere-Surface"", ""genus"": ""Parviterribacter""}"	0.0005	0.001724137931
compartment_genus	biology_context_corrected_20260909/compartment_genus_family.tsv	441	"{""contrast"": ""Rhizosphere-Surface"", ""genus"": ""Actinoplanes""}"	0.0184	0.03887323944
compartment_genus	biology_context_corrected_20260909/compartment_genus_family.tsv	442	"{""contrast"": ""Rhizosphere-Surface"", ""genus"": ""Sphingomonas""}"	0.0003	0.001118012422
compartment_genus	biology_context_corrected_20260909/compartment_genus_family.tsv	443	"{""contrast"": ""Rhizosphere-Surface"", ""genus"": ""Saccharopolyspora""}"	0.0065	0.01572580645
compartment_genus	biology_context_corrected_20260909/compartment_genus_family.tsv	444	"{""contrast"": ""Rhizosphere-Surface"", ""genus"": ""Kocuria""}"	0.0278	0.05578595318
compartment_genus	biology_context_corrected_20260909/compartment_genus_family.tsv	445	"{""contrast"": ""Rhizosphere-Surface"", ""genus"": ""SZB85""}"	0.0198	0.04125
compartment_genus	biology_context_corrected_20260909/compartment_genus_family.tsv	446	"{""contrast"": ""Rhizosphere-Surface"", ""genus"": ""Actinomadura""}"	0.0085	0.01961538462
compartment_genus	biology_context_corrected_20260909/compartment_genus_family.tsv	447	"{""contrast"": ""Rhizosphere-Surface"", ""genus"": ""Glycomyces""}"	0.0103	0.02340909091
compartment_genus	biology_context_corrected_20260909/compartment_genus_family.tsv	448	"{""contrast"": ""Rhizosphere-Surface"", ""genus"": ""Steroidobacter""}"	0.0007	0.002245989305
compartment_genus	biology_context_corrected_20260909/compartment_genus_family.tsv	449	"{""contrast"": ""Rhizosphere-Surface"", ""genus"": ""Tumebacillus""}"	0.046	0.08288288288
compartment_genus	biology_context_corrected_20260909/compartment_genus_family.tsv	450	"{""contrast"": ""Rhizosphere-Surface"", ""genus"": ""Rubellimicrobium""}"	0.0032	0.008311688312
compartment_genus	biology_context_corrected_20260909/compartment_genus_family.tsv	451	"{""contrast"": ""Rhizosphere-Surface"", ""genus"": ""Segetibacter""}"	0.0018	0.005046728972
compartment_genus	biology_context_corrected_20260909/compartment_genus_family.tsv	452	"{""contrast"": ""Rhizosphere-Surface"", ""genus"": ""Rhodocytophaga""}"	0.0075	0.017578125
compartment_genus	biology_context_corrected_20260909/compartment_genus_family.tsv	453	"{""contrast"": ""Rhizosphere-Surface"", ""genus"": ""Archangium""}"	0.0061	0.01487804878
compartment_genus	biology_context_corrected_20260909/compartment_genus_family.tsv	454	"{""contrast"": ""Rhizosphere-Surface"", ""genus"": ""Brevibacillus""}"	0.0434	0.08037037037
compartment_genus	biology_context_corrected_20260909/compartment_genus_family.tsv	455	"{""contrast"": ""Rhizosphere-Surface"", ""genus"": ""Blastocatella""}"	0.0276	0.0555704698
compartment_genus	biology_context_corrected_20260909/compartment_genus_family.tsv	456	"{""contrast"": ""Rhizosphere-Surface"", ""genus"": ""Pedomicrobium""}"	0.0148	0.03205776173
compartment_genus	biology_context_corrected_20260909/compartment_genus_family.tsv	457	"{""contrast"": ""Rhizosphere-Surface"", ""genus"": ""Acidiferrimicrobium""}"	0.0473	0.08446428571
compartment_genus	biology_context_corrected_20260909/compartment_genus_family.tsv	458	"{""contrast"": ""Rhizosphere-Surface"", ""genus"": ""Cytophaga""}"	0.0248	0.05027027027
compartment_genus	biology_context_corrected_20260909/compartment_genus_family.tsv	459	"{""contrast"": ""Rhizosphere-Surface"", ""genus"": ""Flavisolibacter""}"	0.005	0.01234567901
compartment_genus	biology_context_corrected_20260909/compartment_genus_family.tsv	460	"{""contrast"": ""Rhizosphere-Surface"", ""genus"": ""Gemmatimonas""}"	0.0044	0.011
compartment_genus	biology_context_corrected_20260909/compartment_genus_family.tsv	461	"{""contrast"": ""Rhizosphere-Surface"", ""genus"": ""Fimbriiglobus""}"	0.0748	0.1216260163
compartment_genus	biology_context_corrected_20260909/compartment_genus_family.tsv	462	"{""contrast"": ""Rhizosphere-Surface"", ""genus"": ""Longispora""}"	0.0627	0.1058426966
compartment_genus	biology_context_corrected_20260909/compartment_genus_family.tsv	463	"{""contrast"": ""Rhizosphere-Surface"", ""genus"": ""Turicibacter""}"	0.0415	0.07805642633
compartment_genus	biology_context_corrected_20260909/compartment_genus_family.tsv	464	"{""contrast"": ""Rhizosphere-Surface"", ""genus"": ""Caenimonas""}"	0.0136	0.02967272727
compartment_genus	biology_context_corrected_20260909/compartment_genus_family.tsv	465	"{""contrast"": ""Rhizosphere-Surface"", ""genus"": ""Thermobaculum""}"	0.0638	0.1069273743
compartment_genus	biology_context_corrected_20260909/compartment_genus_family.tsv	466	"{""contrast"": ""Rhizosphere-Surface"", ""genus"": ""Ellin6055""}"	0.0636	0.1068907563
compartment_genus	biology_context_corrected_20260909/compartment_genus_family.tsv	467	"{""contrast"": ""Rhizosphere-Surface"", ""genus"": ""Pseudalkalibacillus""}"	0.1353	0.1973300971
compartment_genus	biology_context_corrected_20260909/compartment_genus_family.tsv	468	"{""contrast"": ""Rhizosphere-Surface"", ""genus"": ""Plantactinospora""}"	0.1889	0.2593592677
compartment_genus	biology_context_corrected_20260909/compartment_genus_family.tsv	469	"{""contrast"": ""Rhizosphere-Surface"", ""genus"": ""Nitrosomonas""}"	0.1123	0.1727692308
compartment_genus	biology_context_corrected_20260909/compartment_genus_family.tsv	470	"{""contrast"": ""Rhizosphere-Surface"", ""genus"": ""Herbaspirillum""}"	0.1564	0.2208
compartment_genus	biology_context_corrected_20260909/compartment_genus_family.tsv	471	"{""contrast"": ""Rhizosphere-Surface"", ""genus"": ""Dongia""}"	0.1064	0.165388601
compartment_genus	biology_context_corrected_20260909/compartment_genus_family.tsv	472	"{""contrast"": ""Rhizosphere-Surface"", ""genus"": ""Allorhizocola""}"	0.2088	0.2822972973
compartment_genus	biology_context_corrected_20260909/compartment_genus_family.tsv	473	"{""contrast"": ""Rhizosphere-Surface"", ""genus"": ""Cnuella""}"	0.0524	0.09166180758
compartment_genus	biology_context_corrected_20260909/compartment_genus_family.tsv	474	"{""contrast"": ""Rhizosphere-Surface"", ""genus"": ""Luteitalea""}"	0.1642	0.2301869159
compartment_genus	biology_context_corrected_20260909/compartment_genus_family.tsv	475	"{""contrast"": ""Rhizosphere-Surface"", ""genus"": ""Azohydromonas""}"	0.309	0.3936305732
compartment_genus	biology_context_corrected_20260909/compartment_genus_family.tsv	476	"{""contrast"": ""Rhizosphere-Surface"", ""genus"": ""Actinophytocola""}"	0.2075	0.2822972973
compartment_genus	biology_context_corrected_20260909/compartment_genus_family.tsv	477	"{""contrast"": ""Rhizosphere-Surface"", ""genus"": ""Paraconexibacter""}"	0.2723	0.355173913
compartment_genus	biology_context_corrected_20260909/compartment_genus_family.tsv	478	"{""contrast"": ""Rhizosphere-Surface"", ""genus"": ""JCM 18997""}"	0.2063	0.2819589977
compartment_genus	biology_context_corrected_20260909/compartment_genus_family.tsv	479	"{""contrast"": ""Rhizosphere-Surface"", ""genus"": ""Adhaeribacter""}"	0.2049	0.2806849315
compartment_genus	biology_context_corrected_20260909/compartment_genus_family.tsv	480	"{""contrast"": ""Rhizosphere-Surface"", ""genus"": ""Baekduia""}"	0.2986	0.3811914894
compartment_genus	biology_context_corrected_20260909/compartment_genus_family.tsv	481	"{""contrast"": ""Rhizosphere-Surface"", ""genus"": ""Noviherbaspirillum""}"	0.2855	0.3668094218
compartment_genus	biology_context_corrected_20260909/compartment_genus_family.tsv	482	"{""contrast"": ""Rhizosphere-Surface"", ""genus"": ""Massilia""}"	0.2951	0.3779104478
compartment_genus	biology_context_corrected_20260909/compartment_genus_family.tsv	483	"{""contrast"": ""Rhizosphere-Surface"", ""genus"": ""Rufibacter""}"	0.4499	0.5420481928
compartment_genus	biology_context_corrected_20260909/compartment_genus_family.tsv	484	"{""contrast"": ""Rhizosphere-Surface"", ""genus"": ""Pseudonocardia""}"	0.4453	0.5375855131
compartment_genus	biology_context_corrected_20260909/compartment_genus_family.tsv	485	"{""contrast"": ""Rhizosphere-Surface"", ""genus"": ""Truepera""}"	0.5444	0.6354863813
compartment_genus	biology_context_corrected_20260909/compartment_genus_family.tsv	486	"{""contrast"": ""Rhizosphere-Surface"", ""genus"": ""Saccharothrix""}"	0.5634	0.6525868726
compartment_genus	biology_context_corrected_20260909/compartment_genus_family.tsv	487	"{""contrast"": ""Rhizosphere-Surface"", ""genus"": ""Subgroup 10""}"	0.5687	0.6574566474
compartment_genus	biology_context_corrected_20260909/compartment_genus_family.tsv	488	"{""contrast"": ""Rhizosphere-Surface"", ""genus"": ""Anaeromyxobacter""}"	0.5315	0.6216374269
compartment_genus	biology_context_corrected_20260909/compartment_genus_family.tsv	489	"{""contrast"": ""Rhizosphere-Surface"", ""genus"": ""Oceanobacillus""}"	0.6914	0.7696474954
compartment_genus	biology_context_corrected_20260909/compartment_genus_family.tsv	490	"{""contrast"": ""Rhizosphere-Surface"", ""genus"": ""Aureibacillus""}"	0.7226	0.7955229358
compartment_genus	biology_context_corrected_20260909/compartment_genus_family.tsv	491	"{""contrast"": ""Rhizosphere-Surface"", ""genus"": ""Aeromicrobium""}"	0.6815	0.7628731343
compartment_genus	biology_context_corrected_20260909/compartment_genus_family.tsv	492	"{""contrast"": ""Rhizosphere-Surface"", ""genus"": ""Peribacillus""}"	0.7274	0.7978793419
compartment_genus	biology_context_corrected_20260909/compartment_genus_family.tsv	493	"{""contrast"": ""Rhizosphere-Surface"", ""genus"": ""Nordella""}"	0.7458	0.812123412
compartment_genus	biology_context_corrected_20260909/compartment_genus_family.tsv	494	"{""contrast"": ""Rhizosphere-Surface"", ""genus"": ""Arenimicrobium""}"	0.7942	0.8463943162
compartment_genus	biology_context_corrected_20260909/compartment_genus_family.tsv	495	"{""contrast"": ""Rhizosphere-Surface"", ""genus"": ""Ectobacillus""}"	0.751	0.8148282098
compartment_genus	biology_context_corrected_20260909/compartment_genus_family.tsv	496	"{""contrast"": ""Rhizosphere-Surface"", ""genus"": ""Prauserella""}"	0.8285	0.8721052632
compartment_genus	biology_context_corrected_20260909/compartment_genus_family.tsv	497	"{""contrast"": ""Rhizosphere-Surface"", ""genus"": ""Nonomuraea""}"	0.903	0.9309278351
compartment_genus	biology_context_corrected_20260909/compartment_genus_family.tsv	498	"{""contrast"": ""Rhizosphere-Surface"", ""genus"": ""Niallia""}"	0.9324	0.9552901024
compartment_genus	biology_context_corrected_20260909/compartment_genus_family.tsv	499	"{""contrast"": ""Rhizosphere-Surface"", ""genus"": ""Escherichia-Shigella""}"	0.9423	0.9607094595
compartment_genus	biology_context_corrected_20260909/compartment_genus_family.tsv	500	"{""contrast"": ""Rhizosphere-Surface"", ""genus"": ""Verrucosispora""}"	0.9465	0.9607094595
compartment_genus	biology_context_corrected_20260909/compartment_genus_family.tsv	501	"{""contrast"": ""Rhizosphere-Surface"", ""genus"": ""Litorilinea""}"	0.8769	0.9118544194
compartment_genus	biology_context_corrected_20260909/compartment_genus_family.tsv	502	"{""contrast"": ""Rhizosphere-Surface"", ""genus"": ""Streptococcus""}"	0.8802	0.9137024221
compartment_genus	biology_context_corrected_20260909/compartment_genus_family.tsv	503	"{""contrast"": ""Rhizosphere-Surface"", ""genus"": ""YC-ZSS-LKJ147""}"	0.8311	0.8733099825
compartment_genus	biology_context_corrected_20260909/compartment_genus_family.tsv	504	"{""contrast"": ""Rhizosphere-Surface"", ""genus"": ""Neobacillus""}"	0.7244	0.796043956
compartment_genus	biology_context_corrected_20260909/compartment_genus_family.tsv	505	"{""contrast"": ""Rhizosphere-Surface"", ""genus"": ""Enterococcus""}"	0.7207	0.7948897059
compartment_genus	biology_context_corrected_20260909/compartment_genus_family.tsv	506	"{""contrast"": ""Rhizosphere-Surface"", ""genus"": ""Mycobacterium""}"	0.7418	0.8092363636
compartment_genus	biology_context_corrected_20260909/compartment_genus_family.tsv	507	"{""contrast"": ""Rhizosphere-Surface"", ""genus"": ""Saccharibacillus""}"	0.7806	0.8363571429
compartment_genus	biology_context_corrected_20260909/compartment_genus_family.tsv	508	"{""contrast"": ""Rhizosphere-Surface"", ""genus"": ""Ammoniphilus""}"	0.5022	0.589667319
compartment_genus	biology_context_corrected_20260909/compartment_genus_family.tsv	509	"{""contrast"": ""Rhizosphere-Surface"", ""genus"": ""Ramlibacter""}"	0.4346	0.5310794297
compartment_genus	biology_context_corrected_20260909/compartment_genus_family.tsv	510	"{""contrast"": ""Rhizosphere-Surface"", ""genus"": ""Bryobacter""}"	0.4533	0.5428742515
compartment_genus	biology_context_corrected_20260909/compartment_genus_family.tsv	511	"{""contrast"": ""Rhizosphere-Surface"", ""genus"": ""Sphingoaurantiacus""}"	0.3837	0.4786278586
compartment_genus	biology_context_corrected_20260909/compartment_genus_family.tsv	512	"{""contrast"": ""Rhizosphere-Surface"", ""genus"": ""Pelagibius""}"	0.4773	0.564852071
compartment_genus	biology_context_corrected_20260909/compartment_genus_family.tsv	513	"{""contrast"": ""Rhizosphere-Surface"", ""genus"": ""Saccharomonospora""}"	0.5093	0.5968359375
compartment_genus	biology_context_corrected_20260909/compartment_genus_family.tsv	514	"{""contrast"": ""Rhizosphere-Surface"", ""genus"": ""Mesobacillus""}"	0.3932	0.4874380165
compartment_genus	biology_context_corrected_20260909/compartment_genus_family.tsv	515	"{""contrast"": ""Rhizosphere-Surface"", ""genus"": ""Planococcus""}"	0.3108	0.3950847458
compartment_genus	biology_context_corrected_20260909/compartment_genus_family.tsv	516	"{""contrast"": ""Rhizosphere-Surface"", ""genus"": ""Nibribacter""}"	0.2128	0.2856375839
compartment_genus	biology_context_corrected_20260909/compartment_genus_family.tsv	517	"{""contrast"": ""Rhizosphere-Surface"", ""genus"": ""OM27 clade""}"	0.2777	0.3590948276
compartment_genus	biology_context_corrected_20260909/compartment_genus_family.tsv	518	"{""contrast"": ""Rhizosphere-Surface"", ""genus"": ""Staphylococcus""}"	0.4675	0.5563960396
compartment_genus	biology_context_corrected_20260909/compartment_genus_family.tsv	519	"{""contrast"": ""Rhizosphere-Surface"", ""genus"": ""Pir4 lineage""}"	0.3883	0.4833609959
compartment_genus	biology_context_corrected_20260909/compartment_genus_family.tsv	520	"{""contrast"": ""Rhizosphere-Surface"", ""genus"": ""Roseicella""}"	0.1193	0.177617866
compartment_genus	biology_context_corrected_20260909/compartment_genus_family.tsv	521	"{""contrast"": ""Rhizosphere-Surface"", ""genus"": ""Ornithinibacillus""}"	0.3661	0.457625
compartment_genus	biology_context_corrected_20260909/compartment_genus_family.tsv	522	"{""contrast"": ""Rhizosphere-Surface"", ""genus"": ""Peredibacter""}"	0.2089	0.2822972973
compartment_genus	biology_context_corrected_20260909/compartment_genus_family.tsv	523	"{""contrast"": ""Rhizosphere-Surface"", ""genus"": ""Streptomyces""}"	0.152	0.2150943396
compartment_genus	biology_context_corrected_20260909/compartment_genus_family.tsv	524	"{""contrast"": ""Rhizosphere-Surface"", ""genus"": ""Sumerlaea""}"	0.1472	0.2107875895
compartment_genus	biology_context_corrected_20260909/compartment_genus_family.tsv	525	"{""contrast"": ""Rhizosphere-Surface"", ""genus"": ""SM1A02""}"	0.1589	0.2238028169
compartment_genus	biology_context_corrected_20260909/compartment_genus_family.tsv	526	"{""contrast"": ""Rhizosphere-Surface"", ""genus"": ""Myxococcus""}"	0.2771	0.3590928726
compartment_genus	biology_context_corrected_20260909/compartment_genus_family.tsv	527	"{""contrast"": ""Rhizosphere-Surface"", ""genus"": ""Gemmata""}"	0.188	0.2587155963
compartment_genus	biology_context_corrected_20260909/compartment_genus_family.tsv	528	"{""contrast"": ""Rhizosphere-Surface"", ""genus"": ""Pontibacter""}"	0.0941	0.1481889764
compartment_genus	biology_context_corrected_20260909/compartment_genus_family.tsv	529	"{""contrast"": ""Rhizosphere-Surface"", ""genus"": ""Microvirga""}"	0.068	0.1120879121
compartment_genus	biology_context_corrected_20260909/compartment_genus_family.tsv	530	"{""contrast"": ""Rhizosphere-Surface"", ""genus"": ""Aeromonas""}"	0.0495	0.08786982249
compartment_genus	biology_context_corrected_20260909/compartment_genus_family.tsv	531	"{""contrast"": ""Rhizosphere-Surface"", ""genus"": ""Pirellula""}"	0.0368	0.07099678457
compartment_genus	biology_context_corrected_20260909/compartment_genus_family.tsv	532	"{""contrast"": ""Rhizosphere-Surface"", ""genus"": ""Crossiella""}"	0.1051	0.16421875
compartment_genus	biology_context_corrected_20260909/compartment_genus_family.tsv	533	"{""contrast"": ""Rhizosphere-Surface"", ""genus"": ""Arcticibacter""}"	0.0454	0.08204819277
compartment_genus	biology_context_corrected_20260909/compartment_genus_family.tsv	534	"{""contrast"": ""Rhizosphere-Surface"", ""genus"": ""Bauldia""}"	0.0643	0.1074651811
compartment_genus	biology_context_corrected_20260909/compartment_genus_family.tsv	535	"{""contrast"": ""Rhizosphere-Surface"", ""genus"": ""Rhodoplanes""}"	0.083	0.1331550802
compartment_genus	biology_context_corrected_20260909/compartment_genus_family.tsv	536	"{""contrast"": ""Rhizosphere-Surface"", ""genus"": ""[Polyangium] brachysporum group""}"	0.0222	0.04577319588
compartment_genus	biology_context_corrected_20260909/compartment_genus_family.tsv	537	"{""contrast"": ""Rhizosphere-Surface"", ""genus"": ""Nocardioides""}"	0.0007	0.002245989305
compartment_genus	biology_context_corrected_20260909/compartment_genus_family.tsv	538	"{""contrast"": ""Rhizosphere-Surface"", ""genus"": ""Phenylobacterium""}"	0.0422	0.079125
compartment_genus	biology_context_corrected_20260909/compartment_genus_family.tsv	539	"{""contrast"": ""Rhizosphere-Surface"", ""genus"": ""Paracoccus""}"	0.0628	0.1058426966
compartment_genus	biology_context_corrected_20260909/compartment_genus_family.tsv	540	"{""contrast"": ""Rhizosphere-Surface"", ""genus"": ""Candidatus Alysiosphaera""}"	0.0251	0.05070707071
compartment_genus	biology_context_corrected_20260909/compartment_genus_family.tsv	541	"{""contrast"": ""Rhizosphere-Surface"", ""genus"": ""Brucella""}"	0.1369	0.1988861985
compartment_genus	biology_context_corrected_20260909/compartment_genus_family.tsv	542	"{""contrast"": ""Rhizosphere-Surface"", ""genus"": ""Chthoniobacter""}"	0.021	0.04344827586
compartment_genus	biology_context_corrected_20260909/compartment_genus_family.tsv	543	"{""contrast"": ""Rhizosphere-Surface"", ""genus"": ""Tautonia""}"	0.0428	0.07950464396
compartment_genus	biology_context_corrected_20260909/compartment_genus_family.tsv	544	"{""contrast"": ""Rhizosphere-Surface"", ""genus"": ""Halalkalibacter""}"	0.0615	0.1051282051
compartment_genus	biology_context_corrected_20260909/compartment_genus_family.tsv	545	"{""contrast"": ""Rhizosphere-Surface"", ""genus"": ""Hydrocarboniphaga""}"	0.0244	0.04962711864
compartment_genus	biology_context_corrected_20260909/compartment_genus_family.tsv	546	"{""contrast"": ""Rhizosphere-Surface"", ""genus"": ""Novosphingobium""}"	0.0324	0.06394736842
compartment_genus	biology_context_corrected_20260909/compartment_genus_family.tsv	547	"{""contrast"": ""Rhizosphere-Surface"", ""genus"": ""Rhizorhabdus""}"	0.0379	0.07288461538
compartment_genus	biology_context_corrected_20260909/compartment_genus_family.tsv	548	"{""contrast"": ""Rhizosphere-Surface"", ""genus"": ""Opitutus""}"	0.0056	0.01371428571
compartment_genus	biology_context_corrected_20260909/compartment_genus_family.tsv	549	"{""contrast"": ""Rhizosphere-Surface"", ""genus"": ""Acinetobacter""}"	0.0478	0.08510385757
compartment_genus	biology_context_corrected_20260909/compartment_genus_family.tsv	550	"{""contrast"": ""Rhizosphere-Surface"", ""genus"": ""Georgenia""}"	0.0703	0.1152459016
compartment_genus	biology_context_corrected_20260909/compartment_genus_family.tsv	551	"{""contrast"": ""Rhizosphere-Surface"", ""genus"": ""Telluribacter""}"	0.0085	0.01961538462
compartment_genus	biology_context_corrected_20260909/compartment_genus_family.tsv	552	"{""contrast"": ""Rhizosphere-Surface"", ""genus"": ""Terribacillus""}"	0.0439	0.08067073171
compartment_genus	biology_context_corrected_20260909/compartment_genus_family.tsv	553	"{""contrast"": ""Rhizosphere-Surface"", ""genus"": ""Bacillus""}"	0.0019	0.005277777778
compartment_genus	biology_context_corrected_20260909/compartment_genus_family.tsv	554	"{""contrast"": ""Rhizosphere-Surface"", ""genus"": ""Pajaroellobacter""}"	0.0048	0.01195020747
compartment_genus	biology_context_corrected_20260909/compartment_genus_family.tsv	555	"{""contrast"": ""Rhizosphere-Surface"", ""genus"": ""Domibacillus""}"	0.0003	0.001118012422
compartment_genus	biology_context_corrected_20260909/compartment_genus_family.tsv	556	"{""contrast"": ""Rhizosphere-Surface"", ""genus"": ""Rhodococcus""}"	0.0103	0.02340909091
compartment_genus	biology_context_corrected_20260909/compartment_genus_family.tsv	557	"{""contrast"": ""Rhizosphere-Surface"", ""genus"": ""Abditibacterium""}"	0.0091	0.02091954023
compartment_genus	biology_context_corrected_20260909/compartment_genus_family.tsv	558	"{""contrast"": ""Rhizosphere-Surface"", ""genus"": ""Falsirhodobacter""}"	0.0184	0.03887323944
compartment_genus	biology_context_corrected_20260909/compartment_genus_family.tsv	559	"{""contrast"": ""Rhizosphere-Surface"", ""genus"": ""Aquibacillus""}"	0.0018	0.005046728972
compartment_genus	biology_context_corrected_20260909/compartment_genus_family.tsv	560	"{""contrast"": ""Rhizosphere-Surface"", ""genus"": ""Paenibacillus""}"	0.0001	0.0004285714286
compartment_genus	biology_context_corrected_20260909/compartment_genus_family.tsv	561	"{""contrast"": ""Rhizosphere-Surface"", ""genus"": ""Halomonas""}"	0.0108	0.02417910448
compartment_genus	biology_context_corrected_20260909/compartment_genus_family.tsv	562	"{""contrast"": ""Rhizosphere-Surface"", ""genus"": ""Limibaculum""}"	0.0039	0.009873417722
compartment_genus	biology_context_corrected_20260909/compartment_genus_family.tsv	563	"{""contrast"": ""Rhizosphere-Surface"", ""genus"": ""Polycyclovorans""}"	0.0022	0.006
compartment_genus	biology_context_corrected_20260909/compartment_genus_family.tsv	564	"{""contrast"": ""Rhizosphere-Surface"", ""genus"": ""Roseomonas""}"	0.0001	0.0004285714286
compartment_genus	biology_context_corrected_20260909/compartment_genus_family.tsv	565	"{""contrast"": ""Rhizosphere-Surface"", ""genus"": ""Sediminibacillus""}"	0.0001	0.0004285714286
compartment_genus	biology_context_corrected_20260909/compartment_genus_family.tsv	566	"{""contrast"": ""Rhizosphere-Surface"", ""genus"": ""Daejeonella""}"	0.0008	0.002526315789
compartment_genus	biology_context_corrected_20260909/compartment_genus_family.tsv	567	"{""contrast"": ""Rhizosphere-Surface"", ""genus"": ""Methylobacillus""}"	0.0013	0.003880597015
compartment_genus	biology_context_corrected_20260909/compartment_genus_family.tsv	568	"{""contrast"": ""Rhizosphere-Surface"", ""genus"": ""Chelativorans""}"	0.0006	0.001978021978
compartment_genus	biology_context_corrected_20260909/compartment_genus_family.tsv	569	"{""contrast"": ""Rhizosphere-Surface"", ""genus"": ""Niastella""}"	0.0006	0.001978021978
compartment_genus	biology_context_corrected_20260909/compartment_genus_family.tsv	570	"{""contrast"": ""Rhizosphere-Surface"", ""genus"": ""Arthrobacter""}"	0.0004	0.001437125749
compartment_genus	biology_context_corrected_20260909/compartment_genus_family.tsv	571	"{""contrast"": ""Rhizosphere-Surface"", ""genus"": ""I-8""}"	0.0012	0.003673469388
compartment_genus	biology_context_corrected_20260909/compartment_genus_family.tsv	572	"{""contrast"": ""Rhizosphere-Surface"", ""genus"": ""Polygonibacillus""}"	0.0011	0.003402061856
compartment_genus	biology_context_corrected_20260909/compartment_genus_family.tsv	573	"{""contrast"": ""Rhizosphere-Surface"", ""genus"": ""Pantoea""}"	0.0017	0.004857142857
compartment_genus	biology_context_corrected_20260909/compartment_genus_family.tsv	574	"{""contrast"": ""Rhizosphere-Surface"", ""genus"": ""Sandaracinus""}"	0.0001	0.0004285714286
compartment_genus	biology_context_corrected_20260909/compartment_genus_family.tsv	575	"{""contrast"": ""Rhizosphere-Surface"", ""genus"": ""SH-PL14""}"	0.0013	0.003880597015
compartment_genus	biology_context_corrected_20260909/compartment_genus_family.tsv	576	"{""contrast"": ""Rhizosphere-Surface"", ""genus"": ""Gracilibacillus""}"	0.0001	0.0004285714286
compartment_genus	biology_context_corrected_20260909/compartment_genus_family.tsv	577	"{""contrast"": ""Rhizosphere-Surface"", ""genus"": ""Caulobacter""}"	0.0004	0.001437125749
compartment_genus	biology_context_corrected_20260909/compartment_genus_family.tsv	578	"{""contrast"": ""Rhizosphere-Surface"", ""genus"": ""Plastorhodobacter""}"	0.0001	0.0004285714286
compartment_genus	biology_context_corrected_20260909/compartment_genus_family.tsv	579	"{""contrast"": ""Rhizosphere-Surface"", ""genus"": ""Pseudomonas""}"	0.0001	0.0004285714286
compartment_genus	biology_context_corrected_20260909/compartment_genus_family.tsv	580	"{""contrast"": ""Rhizosphere-Surface"", ""genus"": ""Sandaracinobacter""}"	0.0001	0.0004285714286
compartment_genus	biology_context_corrected_20260909/compartment_genus_family.tsv	581	"{""contrast"": ""Rhizosphere-Surface"", ""genus"": ""Rhodocista""}"	0.0004	0.001437125749
compartment_genus	biology_context_corrected_20260909/compartment_genus_family.tsv	582	"{""contrast"": ""Rhizosphere-Surface"", ""genus"": ""Croceibacterium""}"	0.0001	0.0004285714286
compartment_genus	biology_context_corrected_20260909/compartment_genus_family.tsv	583	"{""contrast"": ""Rhizosphere-Surface"", ""genus"": ""Nesterenkonia""}"	0.0002	0.0007947019868
compartment_genus	biology_context_corrected_20260909/compartment_genus_family.tsv	584	"{""contrast"": ""Rhizosphere-Surface"", ""genus"": ""Azospirillum""}"	0.0002	0.0007947019868
compartment_genus	biology_context_corrected_20260909/compartment_genus_family.tsv	585	"{""contrast"": ""Rhizosphere-Surface"", ""genus"": ""Isoptericola""}"	0.0001	0.0004285714286
compartment_genus	biology_context_corrected_20260909/compartment_genus_family.tsv	586	"{""contrast"": ""Rhizosphere-Surface"", ""genus"": ""Amycolatopsis""}"	0.0001	0.0004285714286
compartment_genus	biology_context_corrected_20260909/compartment_genus_family.tsv	587	"{""contrast"": ""Rhizosphere-Surface"", ""genus"": ""Tepidisphaera""}"	0.0001	0.0004285714286
compartment_genus	biology_context_corrected_20260909/compartment_genus_family.tsv	588	"{""contrast"": ""Rhizosphere-Surface"", ""genus"": ""Lysinibacillus""}"	0.0001	0.0004285714286
compartment_genus	biology_context_corrected_20260909/compartment_genus_family.tsv	589	"{""contrast"": ""Rhizosphere-Surface"", ""genus"": ""Brevundimonas""}"	0.0001	0.0004285714286
compartment_genus	biology_context_corrected_20260909/compartment_genus_family.tsv	590	"{""contrast"": ""Rhizosphere-Surface"", ""genus"": ""Cupriavidus""}"	0.0001	0.0004285714286
compartment_genus	biology_context_corrected_20260909/compartment_genus_family.tsv	591	"{""contrast"": ""Rhizosphere-Surface"", ""genus"": ""MM2""}"	0.0001	0.0004285714286
compartment_genus	biology_context_corrected_20260909/compartment_genus_family.tsv	592	"{""contrast"": ""Rhizosphere-Surface"", ""genus"": ""Devosia""}"	0.0001	0.0004285714286
compartment_genus	biology_context_corrected_20260909/compartment_genus_family.tsv	593	"{""contrast"": ""Rhizosphere-Surface"", ""genus"": ""Metabacillus""}"	0.0001	0.0004285714286
compartment_genus	biology_context_corrected_20260909/compartment_genus_family.tsv	594	"{""contrast"": ""Rhizosphere-Surface"", ""genus"": ""Litchfieldia""}"	0.0001	0.0004285714286
compartment_genus	biology_context_corrected_20260909/compartment_genus_family.tsv	595	"{""contrast"": ""Rhizosphere-Surface"", ""genus"": ""DSSF69""}"	0.0001	0.0004285714286
compartment_genus	biology_context_corrected_20260909/compartment_genus_family.tsv	596	"{""contrast"": ""Rhizosphere-Surface"", ""genus"": ""Neorhizobium""}"	0.0001	0.0004285714286
compartment_genus	biology_context_corrected_20260909/compartment_genus_family.tsv	597	"{""contrast"": ""Rhizosphere-Surface"", ""genus"": ""Ohtaekwangia""}"	0.0001	0.0004285714286
compartment_genus	biology_context_corrected_20260909/compartment_genus_family.tsv	598	"{""contrast"": ""Rhizosphere-Surface"", ""genus"": ""Arsenicitalea""}"	0.0001	0.0004285714286
compartment_genus	biology_context_corrected_20260909/compartment_genus_family.tsv	599	"{""contrast"": ""Rhizosphere-Surface"", ""genus"": ""Pelagibacterium""}"	0.0001	0.0004285714286
compartment_genus	biology_context_corrected_20260909/compartment_genus_family.tsv	600	"{""contrast"": ""Rhizosphere-Surface"", ""genus"": ""TM7a""}"	0.0001	0.0004285714286
landform_genus:none	biology_context_corrected_20260909/landform_genus_contrasts.tsv	1	"{""genus"": ""Herpetosiphon""}"	0.001441717188	0.03476287449
landform_genus:none	biology_context_corrected_20260909/landform_genus_contrasts.tsv	2	"{""genus"": ""CSP1-2""}"	0.01330508026	0.07191935273
landform_genus:none	biology_context_corrected_20260909/landform_genus_contrasts.tsv	3	"{""genus"": ""Oxalophagus""}"	0.0006754202563	0.02251400854
landform_genus:none	biology_context_corrected_20260909/landform_genus_contrasts.tsv	4	"{""genus"": ""Ectobacillus""}"	0.0004351208043	0.02251400854
landform_genus:none	biology_context_corrected_20260909/landform_genus_contrasts.tsv	5	"{""genus"": ""Nitrolancea""}"	0.001441717188	0.03476287449
landform_genus:none	biology_context_corrected_20260909/landform_genus_contrasts.tsv	6	"{""genus"": ""Thermosipho""}"	0.001564329352	0.03476287449
landform_genus:none	biology_context_corrected_20260909/landform_genus_contrasts.tsv	7	"{""genus"": ""Symbiobacterium""}"	0.003438063568	0.04945447072
landform_genus:none	biology_context_corrected_20260909/landform_genus_contrasts.tsv	8	"{""genus"": ""Opitutus""}"	0.0002094612479	0.02094612479
landform_genus:none	biology_context_corrected_20260909/landform_genus_contrasts.tsv	9	"{""genus"": ""[Polyangium] brachysporum group""}"	0.0006192133149	0.02251400854
landform_genus:none	biology_context_corrected_20260909/landform_genus_contrasts.tsv	10	"{""genus"": ""Daejeonella""}"	0.003185187856	0.04945447072
landform_genus:none	biology_context_corrected_20260909/landform_genus_contrasts.tsv	11	"{""genus"": ""Prauserella""}"	0.01962908073	0.08922309423
landform_genus:none	biology_context_corrected_20260909/landform_genus_contrasts.tsv	12	"{""genus"": ""Cnuella""}"	0.00464271385	0.05462016295
landform_genus:none	biology_context_corrected_20260909/landform_genus_contrasts.tsv	13	"{""genus"": ""Acidibacter""}"	0.0005673840271	0.02251400854
landform_genus:none	biology_context_corrected_20260909/landform_genus_contrasts.tsv	14	"{""genus"": ""JCM 18997""}"	0.003709085304	0.04945447072
landform_genus:none	biology_context_corrected_20260909/landform_genus_contrasts.tsv	15	"{""genus"": ""Saccharopolyspora""}"	0.03399232855	0.1236084675
landform_genus:none	biology_context_corrected_20260909/landform_genus_contrasts.tsv	16	"{""genus"": ""Azohydromonas""}"	0.007173129805	0.06237504178
landform_genus:none	biology_context_corrected_20260909/landform_genus_contrasts.tsv	17	"{""genus"": ""Ramlibacter""}"	0.00668005747	0.06072779518
landform_genus:none	biology_context_corrected_20260909/landform_genus_contrasts.tsv	18	"{""genus"": ""Glycomyces""}"	0.0251814644	0.1007258576
landform_genus:none	biology_context_corrected_20260909/landform_genus_contrasts.tsv	19	"{""genus"": ""Caldilinea""}"	0.006217669064	0.05921589584
landform_genus:none	biology_context_corrected_20260909/landform_genus_contrasts.tsv	20	"{""genus"": ""Brevundimonas""}"	0.005784298373	0.05784298373
landform_genus:none	biology_context_corrected_20260909/landform_genus_contrasts.tsv	21	"{""genus"": ""Actinomadura""}"	0.04045275067	0.1348425022
landform_genus:none	biology_context_corrected_20260909/landform_genus_contrasts.tsv	22	"{""genus"": ""Telluribacter""}"	0.008854249036	0.06558702989
landform_genus:none	biology_context_corrected_20260909/landform_genus_contrasts.tsv	23	"{""genus"": ""MND1""}"	0.008854249036	0.06558702989
landform_genus:none	biology_context_corrected_20260909/landform_genus_contrasts.tsv	24	"{""genus"": ""Gemmatimonas""}"	0.1586892572	0.3205843581
landform_genus:none	biology_context_corrected_20260909/landform_genus_contrasts.tsv	25	"{""genus"": ""Phenylobacterium""}"	0.008258368043	0.06558702989
landform_genus:none	biology_context_corrected_20260909/landform_genus_contrasts.tsv	26	"{""genus"": ""Cytophaga""}"	0.01962908073	0.08922309423
landform_genus:none	biology_context_corrected_20260909/landform_genus_contrasts.tsv	27	"{""genus"": ""Flavisolibacter""}"	0.03019365619	0.1118283562
landform_genus:none	biology_context_corrected_20260909/landform_genus_contrasts.tsv	28	"{""genus"": ""Dongia""}"	0.01244788963	0.06915494237
landform_genus:none	biology_context_corrected_20260909/landform_genus_contrasts.tsv	29	"{""genus"": ""Steroidobacter""}"	0.06995435858	0.1998695959
landform_genus:none	biology_context_corrected_20260909/landform_genus_contrasts.tsv	30	"{""genus"": ""Chthoniobacter""}"	0.1586892572	0.3205843581
landform_genus:none	biology_context_corrected_20260909/landform_genus_contrasts.tsv	31	"{""genus"": ""Massilia""}"	0.005378352215	0.05661423384
landform_genus:none	biology_context_corrected_20260909/landform_genus_contrasts.tsv	32	"{""genus"": ""Adhaeribacter""}"	0.03604018962	0.1264568057
landform_genus:none	biology_context_corrected_20260909/landform_genus_contrasts.tsv	33	"{""genus"": ""Aureibacillus""}"	0.09490506418	0.2372626604
landform_genus:none	biology_context_corrected_20260909/landform_genus_contrasts.tsv	34	"{""genus"": ""Herbaspirillum""}"	0.01962908073	0.08922309423
landform_genus:none	biology_context_corrected_20260909/landform_genus_contrasts.tsv	35	"{""genus"": ""Gaiella""}"	0.0858969434	0.2231089439
landform_genus:none	biology_context_corrected_20260909/landform_genus_contrasts.tsv	36	"{""genus"": ""Pirellula""}"	0.03604018962	0.1264568057
landform_genus:none	biology_context_corrected_20260909/landform_genus_contrasts.tsv	37	"{""genus"": ""Nibribacter""}"	0.05966338125	0.1754805331
landform_genus:none	biology_context_corrected_20260909/landform_genus_contrasts.tsv	38	"{""genus"": ""Ohtaekwangia""}"	0.02367909113	0.09866287972
landform_genus:none	biology_context_corrected_20260909/landform_genus_contrasts.tsv	39	"{""genus"": ""Rubellimicrobium""}"	0.2706629953	0.4587508396
landform_genus:none	biology_context_corrected_20260909/landform_genus_contrasts.tsv	40	"{""genus"": ""Arcticibacter""}"	0.02843518272	0.1093660874
landform_genus:none	biology_context_corrected_20260909/landform_genus_contrasts.tsv	41	"{""genus"": ""Fimbriiglobus""}"	0.02225510927	0.09866287972
landform_genus:none	biology_context_corrected_20260909/landform_genus_contrasts.tsv	42	"{""genus"": ""Noviherbaspirillum""}"	0.05652551326	0.1739246562
landform_genus:none	biology_context_corrected_20260909/landform_genus_contrasts.tsv	43	"{""genus"": ""Deinococcus""}"	0.073692616	0.2018975781
landform_genus:none	biology_context_corrected_20260909/landform_genus_contrasts.tsv	44	"{""genus"": ""Lysobacter""}"	0.04282560923	0.1404118335
landform_genus:none	biology_context_corrected_20260909/landform_genus_contrasts.tsv	45	"{""genus"": ""Pajaroellobacter""}"	0.01421403887	0.07481073089
landform_genus:none	biology_context_corrected_20260909/landform_genus_contrasts.tsv	46	"{""genus"": ""Nordella""}"	0.04792545005	0.1521442859
landform_genus:none	biology_context_corrected_20260909/landform_genus_contrasts.tsv	47	"{""genus"": ""Streptomyces""}"	0.132517137	0.2912464549
landform_genus:none	biology_context_corrected_20260909/landform_genus_contrasts.tsv	48	"{""genus"": ""Roseisolibacter""}"	0.2706629953	0.4587508396
landform_genus:none	biology_context_corrected_20260909/landform_genus_contrasts.tsv	49	"{""genus"": ""Anaeromyxobacter""}"	0.02367909113	0.09866287972
landform_genus:none	biology_context_corrected_20260909/landform_genus_contrasts.tsv	50	"{""genus"": ""Methylobacillus""}"	0.073692616	0.2018975781
landform_genus:none	biology_context_corrected_20260909/landform_genus_contrasts.tsv	51	"{""genus"": ""Phaselicystis""}"	0.05352623484	0.1672694839
landform_genus:none	biology_context_corrected_20260909/landform_genus_contrasts.tsv	52	"{""genus"": ""Lautropia""}"	0.09490506418	0.2372626604
landform_genus:none	biology_context_corrected_20260909/landform_genus_contrasts.tsv	53	"{""genus"": ""Novosphingobium""}"	0.2224717452	0.4158350377
landform_genus:none	biology_context_corrected_20260909/landform_genus_contrasts.tsv	54	"{""genus"": ""Sphingoaurantiacus""}"	0.4846616715	0.6639200979
landform_genus:none	biology_context_corrected_20260909/landform_genus_contrasts.tsv	55	"{""genus"": ""Solirubrobacter""}"	0.2224717452	0.4158350377
landform_genus:none	biology_context_corrected_20260909/landform_genus_contrasts.tsv	56	"{""genus"": ""Ellin6055""}"	0.6272338807	0.7649193667
landform_genus:none	biology_context_corrected_20260909/landform_genus_contrasts.tsv	57	"{""genus"": ""Verrucosispora""}"	0.1265278163	0.281172925
landform_genus:none	biology_context_corrected_20260909/landform_genus_contrasts.tsv	58	"{""genus"": ""Roseomonas""}"	0.08165918444	0.2148925906
landform_genus:none	biology_context_corrected_20260909/landform_genus_contrasts.tsv	59	"{""genus"": ""Rubrobacter""}"	0.1518056628	0.3130013666
landform_genus:none	biology_context_corrected_20260909/landform_genus_contrasts.tsv	60	"{""genus"": ""Caenimonas""}"	0.06995435858	0.1998695959
landform_genus:none	biology_context_corrected_20260909/landform_genus_contrasts.tsv	61	"{""genus"": ""Segetibacter""}"	0.2505910436	0.4556200792
landform_genus:none	biology_context_corrected_20260909/landform_genus_contrasts.tsv	62	"{""genus"": ""Archangium""}"	0.2505910436	0.4556200792
landform_genus:none	biology_context_corrected_20260909/landform_genus_contrasts.tsv	63	"{""genus"": ""MM2""}"	0.2315822752	0.4288560652
landform_genus:none	biology_context_corrected_20260909/landform_genus_contrasts.tsv	64	"{""genus"": ""Conexibacter""}"	0.1265278163	0.281172925
landform_genus:none	biology_context_corrected_20260909/landform_genus_contrasts.tsv	65	"{""genus"": ""Marmoricola""}"	0.5777387315	0.73131485
landform_genus:none	biology_context_corrected_20260909/landform_genus_contrasts.tsv	66	"{""genus"": ""Nocardioides""}"	0.1885980546	0.3734614942
landform_genus:none	biology_context_corrected_20260909/landform_genus_contrasts.tsv	67	"{""genus"": ""Sandaracinobacter""}"	0.1966867624	0.3856603185
landform_genus:none	biology_context_corrected_20260909/landform_genus_contrasts.tsv	68	"{""genus"": ""Pedomicrobium""}"	0.1387237197	0.3015733036
landform_genus:none	biology_context_corrected_20260909/landform_genus_contrasts.tsv	69	"{""genus"": ""Neobacillus""}"	0.09490506418	0.2372626604
landform_genus:none	biology_context_corrected_20260909/landform_genus_contrasts.tsv	70	"{""genus"": ""Domibacillus""}"	0.1046547617	0.249178004
landform_genus:none	biology_context_corrected_20260909/landform_genus_contrasts.tsv	71	"{""genus"": ""Paenibacillus""}"	0.0251814644	0.1007258576
landform_genus:none	biology_context_corrected_20260909/landform_genus_contrasts.tsv	72	"{""genus"": ""Polycyclovorans""}"	0.2811015651	0.4685026085
landform_genus:none	biology_context_corrected_20260909/landform_genus_contrasts.tsv	73	"{""genus"": ""Saccharomonospora""}"	0.3494203291	0.554635443
landform_genus:none	biology_context_corrected_20260909/landform_genus_contrasts.tsv	74	"{""genus"": ""DSSF69""}"	0.4413642708	0.6350565048
landform_genus:none	biology_context_corrected_20260909/landform_genus_contrasts.tsv	75	"{""genus"": ""Falsirhodobacter""}"	0.5616585728	0.7200750933
landform_genus:none	biology_context_corrected_20260909/landform_genus_contrasts.tsv	76	"{""genus"": ""Chelativorans""}"	0.4413642708	0.6350565048
landform_genus:none	biology_context_corrected_20260909/landform_genus_contrasts.tsv	77	"{""genus"": ""Actinophytocola""}"	0.3743598693	0.5804028982
landform_genus:none	biology_context_corrected_20260909/landform_genus_contrasts.tsv	78	"{""genus"": ""Rubritepida""}"	0.3373556518	0.544122019
landform_genus:none	biology_context_corrected_20260909/landform_genus_contrasts.tsv	79	"{""genus"": ""Lysinibacillus""}"	0.4995896164	0.6705900891
landform_genus:none	biology_context_corrected_20260909/landform_genus_contrasts.tsv	80	"{""genus"": ""Pseudonocardia""}"	0.4003712504	0.6066231066
landform_genus:none	biology_context_corrected_20260909/landform_genus_contrasts.tsv	81	"{""genus"": ""Peredibacter""}"	0.1098194088	0.258398609
landform_genus:none	biology_context_corrected_20260909/landform_genus_contrasts.tsv	82	"{""genus"": ""Parviterribacter""}"	0.3373556518	0.544122019
landform_genus:none	biology_context_corrected_20260909/landform_genus_contrasts.tsv	83	"{""genus"": ""Geodermatophilus""}"	0.6784662697	0.8076979401
landform_genus:none	biology_context_corrected_20260909/landform_genus_contrasts.tsv	84	"{""genus"": ""Luedemannella""}"	0.4555450938	0.6416128082
landform_genus:none	biology_context_corrected_20260909/landform_genus_contrasts.tsv	85	"{""genus"": ""Allorhizocola""}"	0.514758216	0.686344288
landform_genus:none	biology_context_corrected_20260909/landform_genus_contrasts.tsv	86	"{""genus"": ""Sandaracinus""}"	0.1451518374	0.3088336966
landform_genus:none	biology_context_corrected_20260909/landform_genus_contrasts.tsv	87	"{""genus"": ""Neorhizobium""}"	0.5940323406	0.7472104913
landform_genus:none	biology_context_corrected_20260909/landform_genus_contrasts.tsv	88	"{""genus"": ""Sumerlaea""}"	0.9905496899	1.0
landform_genus:none	biology_context_corrected_20260909/landform_genus_contrasts.tsv	89	"{""genus"": ""Cellulomonas""}"	1.0	1.0
landform_genus:none	biology_context_corrected_20260909/landform_genus_contrasts.tsv	90	"{""genus"": ""Plantactinospora""}"	0.6958948232	0.818699792
landform_genus:none	biology_context_corrected_20260909/landform_genus_contrasts.tsv	91	"{""genus"": ""Sporocytophaga""}"	0.7312298302	0.8356912345
landform_genus:none	biology_context_corrected_20260909/landform_genus_contrasts.tsv	92	"{""genus"": ""Longispora""}"	0.6784662697	0.8076979401
landform_genus:none	biology_context_corrected_20260909/landform_genus_contrasts.tsv	93	"{""genus"": ""OM27 clade""}"	0.6105329716	0.7491202105
landform_genus:none	biology_context_corrected_20260909/landform_genus_contrasts.tsv	94	"{""genus"": ""Nitrospira""}"	0.8963375242	0.9535505576
landform_genus:none	biology_context_corrected_20260909/landform_genus_contrasts.tsv	95	"{""genus"": ""Fictibacillus""}"	0.6958948232	0.818699792
landform_genus:none	biology_context_corrected_20260909/landform_genus_contrasts.tsv	96	"{""genus"": ""Acidiferrimicrobium""}"	0.5301627033	0.6885229913
landform_genus:none	biology_context_corrected_20260909/landform_genus_contrasts.tsv	97	"{""genus"": ""Brevibacillus""}"	0.5777387315	0.73131485
landform_genus:none	biology_context_corrected_20260909/landform_genus_contrasts.tsv	98	"{""genus"": ""Baekduia""}"	0.713485494	0.8248387214
landform_genus:none	biology_context_corrected_20260909/landform_genus_contrasts.tsv	99	"{""genus"": ""Roseicella""}"	0.9151060344	0.9582262141
landform_genus:none	biology_context_corrected_20260909/landform_genus_contrasts.tsv	100	"{""genus"": ""Candidatus Alysiosphaera""}"	0.6612080264	0.7966361763
landform_genus:none	biology_context_corrected_20260909/landform_genus_contrasts.tsv	101	"{""genus"": ""Tepidisphaera""}"	0.9527749514	0.9914840528
landform_genus:none	biology_context_corrected_20260909/landform_genus_contrasts.tsv	102	"{""genus"": ""Saccharibacillus""}"	0.8963375242	0.9535505576
landform_genus:none	biology_context_corrected_20260909/landform_genus_contrasts.tsv	103	"{""genus"": ""Rufibacter""}"	0.9716543718	0.9914840528
landform_genus:none	biology_context_corrected_20260909/landform_genus_contrasts.tsv	104	"{""genus"": ""Mycobacterium""}"	0.9905496899	1.0
landform_genus:none	biology_context_corrected_20260909/landform_genus_contrasts.tsv	105	"{""genus"": ""Bryobacter""}"	0.858984296	0.9286316714
landform_genus:none	biology_context_corrected_20260909/landform_genus_contrasts.tsv	106	"{""genus"": ""Oceanobacillus""}"	1.0	1.0
landform_genus:none	biology_context_corrected_20260909/landform_genus_contrasts.tsv	107	"{""genus"": ""Aeromicrobium""}"	0.9716543718	0.9914840528
landform_genus:none	biology_context_corrected_20260909/landform_genus_contrasts.tsv	108	"{""genus"": ""Gemmata""}"	0.7671444691	0.8571446582
landform_genus:none	biology_context_corrected_20260909/landform_genus_contrasts.tsv	109	"{""genus"": ""Niastella""}"	0.858984296	0.9286316714
landform_genus:none	biology_context_corrected_20260909/landform_genus_contrasts.tsv	110	"{""genus"": ""I-8""}"	0.7671444691	0.8571446582
landform_genus:none	biology_context_corrected_20260909/landform_genus_contrasts.tsv	111	"{""genus"": ""Pontibacter""}"	0.3743598693	0.5804028982
landform_genus:none	biology_context_corrected_20260909/landform_genus_contrasts.tsv	112	"{""genus"": ""Luteitalea""}"	0.7312298302	0.8356912345
landform_genus:none	biology_context_corrected_20260909/landform_genus_contrasts.tsv	113	"{""genus"": ""SM1A02""}"	0.7671444691	0.8571446582
landform_genus:none	biology_context_corrected_20260909/landform_genus_contrasts.tsv	114	"{""genus"": ""TM7a""}"	0.785296684	0.8677311426
landform_genus:none	biology_context_corrected_20260909/landform_genus_contrasts.tsv	115	"{""genus"": ""Sphingomonas""}"	0.9151060344	0.9582262141
landform_genus:none	biology_context_corrected_20260909/landform_genus_contrasts.tsv	116	"{""genus"": ""Hydrocarboniphaga""}"	0.6105329716	0.7491202105
landform_genus:none	biology_context_corrected_20260909/landform_genus_contrasts.tsv	117	"{""genus"": ""Paracoccus""}"	0.644128016	0.7807612316
landform_genus:none	biology_context_corrected_20260909/landform_genus_contrasts.tsv	118	"{""genus"": ""Plastorhodobacter""}"	0.9716543718	0.9914840528
landform_genus:none	biology_context_corrected_20260909/landform_genus_contrasts.tsv	119	"{""genus"": ""Ammoniphilus""}"	0.785296684	0.8677311426
landform_genus:none	biology_context_corrected_20260909/landform_genus_contrasts.tsv	120	"{""genus"": ""Metabacillus""}"	0.9716543718	0.9914840528
landform_genus:none	biology_context_corrected_20260909/landform_genus_contrasts.tsv	121	"{""genus"": ""Azospirillum""}"	0.6105329716	0.7491202105
landform_genus:none	biology_context_corrected_20260909/landform_genus_contrasts.tsv	122	"{""genus"": ""Microvirga""}"	0.1731613781	0.3463227563
landform_genus:none	biology_context_corrected_20260909/landform_genus_contrasts.tsv	123	"{""genus"": ""Croceibacterium""}"	0.840420036	0.9235385011
landform_genus:none	biology_context_corrected_20260909/landform_genus_contrasts.tsv	124	"{""genus"": ""Arsenicitalea""}"	0.858984296	0.9286316714
landform_genus:none	biology_context_corrected_20260909/landform_genus_contrasts.tsv	125	"{""genus"": ""Amycolatopsis""}"	0.5616585728	0.7200750933
landform_genus:none	biology_context_corrected_20260909/landform_genus_contrasts.tsv	126	"{""genus"": ""Cupriavidus""}"	0.4995896164	0.6705900891
landform_genus:none	biology_context_corrected_20260909/landform_genus_contrasts.tsv	127	"{""genus"": ""Devosia""}"	0.6105329716	0.7491202105
landform_genus:none	biology_context_corrected_20260909/landform_genus_contrasts.tsv	128	"{""genus"": ""Rhizorhabdus""}"	0.3617554064	0.5696935534
landform_genus:none	biology_context_corrected_20260909/landform_genus_contrasts.tsv	129	"{""genus"": ""Brucella""}"	0.9151060344	0.9582262141
landform_genus:none	biology_context_corrected_20260909/landform_genus_contrasts.tsv	130	"{""genus"": ""Bauldia""}"	0.4413642708	0.6350565048
landform_genus:none	biology_context_corrected_20260909/landform_genus_contrasts.tsv	131	"{""genus"": ""Niallia""}"	0.4413642708	0.6350565048
landform_genus:none	biology_context_corrected_20260909/landform_genus_contrasts.tsv	132	"{""genus"": ""Pantoea""}"	0.5301627033	0.6885229913
landform_genus:none	biology_context_corrected_20260909/landform_genus_contrasts.tsv	133	"{""genus"": ""Terribacillus""}"	0.4699788046	0.6527483397
landform_genus:none	biology_context_corrected_20260909/landform_genus_contrasts.tsv	134	"{""genus"": ""Arthrobacter""}"	0.3373556518	0.544122019
landform_genus:none	biology_context_corrected_20260909/landform_genus_contrasts.tsv	135	"{""genus"": ""Turicibacter""}"	0.3255620668	0.5381191186
landform_genus:none	biology_context_corrected_20260909/landform_genus_contrasts.tsv	136	"{""genus"": ""Paraconexibacter""}"	0.713485494	0.8248387214
landform_genus:none	biology_context_corrected_20260909/landform_genus_contrasts.tsv	137	"{""genus"": ""Abditibacterium""}"	0.8776268494	0.9436847843
landform_genus:none	biology_context_corrected_20260909/landform_genus_contrasts.tsv	138	"{""genus"": ""Aridibacter""}"	0.713485494	0.8248387214
landform_genus:none	biology_context_corrected_20260909/landform_genus_contrasts.tsv	139	"{""genus"": ""Streptococcus""}"	0.2224717452	0.4158350377
landform_genus:none	biology_context_corrected_20260909/landform_genus_contrasts.tsv	140	"{""genus"": ""SH-PL14""}"	0.1518056628	0.3130013666
landform_genus:none	biology_context_corrected_20260909/landform_genus_contrasts.tsv	141	"{""genus"": ""Caulobacter""}"	0.2604932769	0.4587508396
landform_genus:none	biology_context_corrected_20260909/landform_genus_contrasts.tsv	142	"{""genus"": ""Pseudalkalibacillus""}"	0.4274397208	0.6350565048
landform_genus:none	biology_context_corrected_20260909/landform_genus_contrasts.tsv	143	"{""genus"": ""Pir4 lineage""}"	0.2811015651	0.4685026085
landform_genus:none	biology_context_corrected_20260909/landform_genus_contrasts.tsv	144	"{""genus"": ""Isoptericola""}"	0.2604932769	0.4587508396
landform_genus:none	biology_context_corrected_20260909/landform_genus_contrasts.tsv	145	"{""genus"": ""Pelagibacterium""}"	0.4413642708	0.6350565048
landform_genus:none	biology_context_corrected_20260909/landform_genus_contrasts.tsv	146	"{""genus"": ""Myxococcus""}"	0.1518056628	0.3130013666
landform_genus:none	biology_context_corrected_20260909/landform_genus_contrasts.tsv	147	"{""genus"": ""Nesterenkonia""}"	0.4995896164	0.6705900891
landform_genus:none	biology_context_corrected_20260909/landform_genus_contrasts.tsv	148	"{""genus"": ""Cystobacter""}"	0.2136207303	0.4108090967
landform_genus:none	biology_context_corrected_20260909/landform_genus_contrasts.tsv	149	"{""genus"": ""Mesobacillus""}"	0.2604932769	0.4587508396
landform_genus:none	biology_context_corrected_20260909/landform_genus_contrasts.tsv	150	"{""genus"": ""Blastococcus""}"	0.2706629953	0.4587508396
landform_genus:none	biology_context_corrected_20260909/landform_genus_contrasts.tsv	151	"{""genus"": ""Rhodococcus""}"	0.4003712504	0.6066231066
landform_genus:none	biology_context_corrected_20260909/landform_genus_contrasts.tsv	152	"{""genus"": ""Rhodocista""}"	0.749119133	0.851271742
landform_genus:none	biology_context_corrected_20260909/landform_genus_contrasts.tsv	153	"{""genus"": ""Vallicoccus""}"	0.4699788046	0.6527483397
landform_genus:none	biology_context_corrected_20260909/landform_genus_contrasts.tsv	154	"{""genus"": ""Bacillus""}"	0.4846616715	0.6639200979
landform_genus:none	biology_context_corrected_20260909/landform_genus_contrasts.tsv	155	"{""genus"": ""Modestobacter""}"	0.3494203291	0.554635443
landform_genus:none	biology_context_corrected_20260909/landform_genus_contrasts.tsv	156	"{""genus"": ""Ornithinibacillus""}"	0.2706629953	0.4587508396
landform_genus:none	biology_context_corrected_20260909/landform_genus_contrasts.tsv	157	"{""genus"": ""Planococcus""}"	0.5301627033	0.6885229913
landform_genus:none	biology_context_corrected_20260909/landform_genus_contrasts.tsv	158	"{""genus"": ""Litorilinea""}"	0.08165918444	0.2148925906
landform_genus:none	biology_context_corrected_20260909/landform_genus_contrasts.tsv	159	"{""genus"": ""Blastocatella""}"	0.4274397208	0.6350565048
landform_genus:none	biology_context_corrected_20260909/landform_genus_contrasts.tsv	160	"{""genus"": ""Subgroup 10""}"	0.2706629953	0.4587508396
landform_genus:none	biology_context_corrected_20260909/landform_genus_contrasts.tsv	161	"{""genus"": ""Nonomuraea""}"	0.1265278163	0.281172925
landform_genus:none	biology_context_corrected_20260909/landform_genus_contrasts.tsv	162	"{""genus"": ""Limnobacter""}"	0.5301627033	0.6885229913
landform_genus:none	biology_context_corrected_20260909/landform_genus_contrasts.tsv	163	"{""genus"": ""Pseudomonas""}"	0.4555450938	0.6416128082
landform_genus:none	biology_context_corrected_20260909/landform_genus_contrasts.tsv	164	"{""genus"": ""Saccharothrix""}"	0.05966338125	0.1754805331
landform_genus:none	biology_context_corrected_20260909/landform_genus_contrasts.tsv	165	"{""genus"": ""Pelagibius""}"	0.4555450938	0.6416128082
landform_genus:none	biology_context_corrected_20260909/landform_genus_contrasts.tsv	166	"{""genus"": ""Tautonia""}"	0.01244788963	0.06915494237
landform_genus:none	biology_context_corrected_20260909/landform_genus_contrasts.tsv	167	"{""genus"": ""Rhodoplanes""}"	0.01016242436	0.06774949571
landform_genus:none	biology_context_corrected_20260909/landform_genus_contrasts.tsv	168	"{""genus"": ""SZB85""}"	0.03819231701	0.1294654814
landform_genus:none	biology_context_corrected_20260909/landform_genus_contrasts.tsv	169	"{""genus"": ""Kineococcus""}"	0.03019365619	0.1118283562
landform_genus:none	biology_context_corrected_20260909/landform_genus_contrasts.tsv	170	"{""genus"": ""Tumebacillus""}"	0.05966338125	0.1754805331
landform_genus:none	biology_context_corrected_20260909/landform_genus_contrasts.tsv	171	"{""genus"": ""Kineosporia""}"	0.04531508693	0.1461776998
landform_genus:none	biology_context_corrected_20260909/landform_genus_contrasts.tsv	172	"{""genus"": ""Georgenia""}"	0.09968486714	0.2431338223
landform_genus:none	biology_context_corrected_20260909/landform_genus_contrasts.tsv	173	"{""genus"": ""Actinoplanes""}"	0.1046547617	0.249178004
landform_genus:none	biology_context_corrected_20260909/landform_genus_contrasts.tsv	174	"{""genus"": ""Corynebacterium""}"	0.01962908073	0.08922309423
landform_genus:none	biology_context_corrected_20260909/landform_genus_contrasts.tsv	175	"{""genus"": ""Nitrosomonas""}"	0.01244788963	0.06915494237
landform_genus:none	biology_context_corrected_20260909/landform_genus_contrasts.tsv	176	"{""genus"": ""Acinetobacter""}"	0.01727783949	0.0886043051
landform_genus:none	biology_context_corrected_20260909/landform_genus_contrasts.tsv	177	"{""genus"": ""Staphylococcus""}"	0.2050266621	0.3981100234
landform_genus:none	biology_context_corrected_20260909/landform_genus_contrasts.tsv	178	"{""genus"": ""Kocuria""}"	0.003999392249	0.04999240312
landform_genus:none	biology_context_corrected_20260909/landform_genus_contrasts.tsv	179	"{""genus"": ""Aeromonas""}"	0.0267656554	0.1049633545
landform_genus:none	biology_context_corrected_20260909/landform_genus_contrasts.tsv	180	"{""genus"": ""Gracilibacillus""}"	0.1265278163	0.281172925
landform_genus:none	biology_context_corrected_20260909/landform_genus_contrasts.tsv	181	"{""genus"": ""Kallotenue""}"	0.08165918444	0.2148925906
landform_genus:none	biology_context_corrected_20260909/landform_genus_contrasts.tsv	182	"{""genus"": ""Peribacillus""}"	0.005378352215	0.05661423384
landform_genus:none	biology_context_corrected_20260909/landform_genus_contrasts.tsv	183	"{""genus"": ""Bradyrhizobium""}"	0.09968486714	0.2431338223
landform_genus:none	biology_context_corrected_20260909/landform_genus_contrasts.tsv	184	"{""genus"": ""PMMR1""}"	0.01962908073	0.08922309423
landform_genus:none	biology_context_corrected_20260909/landform_genus_contrasts.tsv	185	"{""genus"": ""YC-ZSS-LKJ147""}"	0.003709085304	0.04945447072
landform_genus:none	biology_context_corrected_20260909/landform_genus_contrasts.tsv	186	"{""genus"": ""Limibaculum""}"	0.073692616	0.2018975781
landform_genus:none	biology_context_corrected_20260909/landform_genus_contrasts.tsv	187	"{""genus"": ""Rhodocytophaga""}"	0.007698627282	0.06415522735
landform_genus:none	biology_context_corrected_20260909/landform_genus_contrasts.tsv	188	"{""genus"": ""Crossiella""}"	0.01016242436	0.06774949571
landform_genus:none	biology_context_corrected_20260909/landform_genus_contrasts.tsv	189	"{""genus"": ""Mangrovihabitans""}"	0.01244788963	0.06915494237
landform_genus:none	biology_context_corrected_20260909/landform_genus_contrasts.tsv	190	"{""genus"": ""Arenimicrobium""}"	0.01244788963	0.06915494237
landform_genus:none	biology_context_corrected_20260909/landform_genus_contrasts.tsv	191	"{""genus"": ""Halalkalibacter""}"	0.3872323755	0.5957421162
landform_genus:none	biology_context_corrected_20260909/landform_genus_contrasts.tsv	192	"{""genus"": ""Enterococcus""}"	0.003709085304	0.04945447072
landform_genus:none	biology_context_corrected_20260909/landform_genus_contrasts.tsv	193	"{""genus"": ""Escherichia-Shigella""}"	0.01087892259	0.06915494237
landform_genus:none	biology_context_corrected_20260909/landform_genus_contrasts.tsv	194	"{""genus"": ""Polygonibacillus""}"	0.1265278163	0.281172925
landform_genus:none	biology_context_corrected_20260909/landform_genus_contrasts.tsv	195	"{""genus"": ""Truepera""}"	0.002524881696	0.04945447072
landform_genus:none	biology_context_corrected_20260909/landform_genus_contrasts.tsv	196	"{""genus"": ""Thermobaculum""}"	8.835653137e-05	0.01767130627
landform_genus:none	biology_context_corrected_20260909/landform_genus_contrasts.tsv	197	"{""genus"": ""Litchfieldia""}"	0.02367909113	0.09866287972
landform_genus:none	biology_context_corrected_20260909/landform_genus_contrasts.tsv	198	"{""genus"": ""Sediminibacillus""}"	0.03819231701	0.1294654814
landform_genus:none	biology_context_corrected_20260909/landform_genus_contrasts.tsv	199	"{""genus"": ""Halomonas""}"	0.1451518374	0.3088336966
landform_genus:none	biology_context_corrected_20260909/landform_genus_contrasts.tsv	200	"{""genus"": ""Aquibacillus""}"	0.01016242436	0.06774949571
landform_genus:route_linear_quadratic	biology_context_corrected_20260909/landform_genus_contrasts.tsv	201	"{""genus"": ""Symbiobacterium""}"	0.01244788963	0.3709184879
landform_genus:route_linear_quadratic	biology_context_corrected_20260909/landform_genus_contrasts.tsv	202	"{""genus"": ""Oxalophagus""}"	0.01962908073	0.3709184879
landform_genus:route_linear_quadratic	biology_context_corrected_20260909/landform_genus_contrasts.tsv	203	"{""genus"": ""Herpetosiphon""}"	0.05352623484	0.4654455203
landform_genus:route_linear_quadratic	biology_context_corrected_20260909/landform_genus_contrasts.tsv	204	"{""genus"": ""Nitrolancea""}"	0.03399232855	0.4258184281
landform_genus:route_linear_quadratic	biology_context_corrected_20260909/landform_genus_contrasts.tsv	205	"{""genus"": ""Ectobacillus""}"	0.05966338125	0.4666239111
landform_genus:route_linear_quadratic	biology_context_corrected_20260909/landform_genus_contrasts.tsv	206	"{""genus"": ""Thermosipho""}"	0.073692616	0.4666239111
landform_genus:route_linear_quadratic	biology_context_corrected_20260909/landform_genus_contrasts.tsv	207	"{""genus"": ""Telluribacter""}"	0.08165918444	0.4666239111
landform_genus:route_linear_quadratic	biology_context_corrected_20260909/landform_genus_contrasts.tsv	208	"{""genus"": ""Cnuella""}"	0.073692616	0.4666239111
landform_genus:route_linear_quadratic	biology_context_corrected_20260909/landform_genus_contrasts.tsv	209	"{""genus"": ""Rubellimicrobium""}"	0.1658065602	0.5921662864
landform_genus:route_linear_quadratic	biology_context_corrected_20260909/landform_genus_contrasts.tsv	210	"{""genus"": ""Acidibacter""}"	0.04045275067	0.4258184281
landform_genus:route_linear_quadratic	biology_context_corrected_20260909/landform_genus_contrasts.tsv	211	"{""genus"": ""Herbaspirillum""}"	0.02090618563	0.3709184879
landform_genus:route_linear_quadratic	biology_context_corrected_20260909/landform_genus_contrasts.tsv	212	"{""genus"": ""Oceanobacillus""}"	0.1098194088	0.4880862614
landform_genus:route_linear_quadratic	biology_context_corrected_20260909/landform_genus_contrasts.tsv	213	"{""genus"": ""Opitutus""}"	0.02225510927	0.3709184879
landform_genus:route_linear_quadratic	biology_context_corrected_20260909/landform_genus_contrasts.tsv	214	"{""genus"": ""[Polyangium] brachysporum group""}"	0.01619769466	0.3709184879
landform_genus:route_linear_quadratic	biology_context_corrected_20260909/landform_genus_contrasts.tsv	215	"{""genus"": ""MND1""}"	0.04045275067	0.4258184281
landform_genus:route_linear_quadratic	biology_context_corrected_20260909/landform_genus_contrasts.tsv	216	"{""genus"": ""Caldilinea""}"	0.03819231701	0.4258184281
landform_genus:route_linear_quadratic	biology_context_corrected_20260909/landform_genus_contrasts.tsv	217	"{""genus"": ""JCM 18997""}"	0.08165918444	0.4666239111
landform_genus:route_linear_quadratic	biology_context_corrected_20260909/landform_genus_contrasts.tsv	218	"{""genus"": ""Steroidobacter""}"	0.02225510927	0.3709184879
landform_genus:route_linear_quadratic	biology_context_corrected_20260909/landform_genus_contrasts.tsv	219	"{""genus"": ""Azohydromonas""}"	0.09031066089	0.4745253209
landform_genus:route_linear_quadratic	biology_context_corrected_20260909/landform_genus_contrasts.tsv	220	"{""genus"": ""Saccharomonospora""}"	0.1966867624	0.6448746309
landform_genus:route_linear_quadratic	biology_context_corrected_20260909/landform_genus_contrasts.tsv	221	"{""genus"": ""Deinococcus""}"	0.09490506418	0.4745253209
landform_genus:route_linear_quadratic	biology_context_corrected_20260909/landform_genus_contrasts.tsv	222	"{""genus"": ""Brevundimonas""}"	0.05652551326	0.4666239111
landform_genus:route_linear_quadratic	biology_context_corrected_20260909/landform_genus_contrasts.tsv	223	"{""genus"": ""Ramlibacter""}"	0.1387237197	0.5548948786
landform_genus:route_linear_quadratic	biology_context_corrected_20260909/landform_genus_contrasts.tsv	224	"{""genus"": ""Lysobacter""}"	0.2409546687	0.6984193296
landform_genus:route_linear_quadratic	biology_context_corrected_20260909/landform_genus_contrasts.tsv	225	"{""genus"": ""Noviherbaspirillum""}"	0.0858969434	0.4745253209
landform_genus:route_linear_quadratic	biology_context_corrected_20260909/landform_genus_contrasts.tsv	226	"{""genus"": ""Archangium""}"	0.3140399499	0.7581025883
landform_genus:route_linear_quadratic	biology_context_corrected_20260909/landform_genus_contrasts.tsv	227	"{""genus"": ""Prauserella""}"	0.3373556518	0.7581025883
landform_genus:route_linear_quadratic	biology_context_corrected_20260909/landform_genus_contrasts.tsv	228	"{""genus"": ""Phenylobacterium""}"	0.03819231701	0.4258184281
landform_genus:route_linear_quadratic	biology_context_corrected_20260909/landform_genus_contrasts.tsv	229	"{""genus"": ""Cytophaga""}"	0.1387237197	0.5548948786
landform_genus:route_linear_quadratic	biology_context_corrected_20260909/landform_genus_contrasts.tsv	230	"{""genus"": ""Methylobacillus""}"	0.1658065602	0.5921662864
landform_genus:route_linear_quadratic	biology_context_corrected_20260909/landform_genus_contrasts.tsv	231	"{""genus"": ""Gemmatimonas""}"	0.1885980546	0.6286601819
landform_genus:route_linear_quadratic	biology_context_corrected_20260909/landform_genus_contrasts.tsv	232	"{""genus"": ""Neobacillus""}"	0.1098194088	0.4880862614
landform_genus:route_linear_quadratic	biology_context_corrected_20260909/landform_genus_contrasts.tsv	233	"{""genus"": ""Daejeonella""}"	0.1518056628	0.5921662864
landform_genus:route_linear_quadratic	biology_context_corrected_20260909/landform_genus_contrasts.tsv	234	"{""genus"": ""Paenibacillus""}"	0.09031066089	0.4745253209
landform_genus:route_linear_quadratic	biology_context_corrected_20260909/landform_genus_contrasts.tsv	235	"{""genus"": ""Adhaeribacter""}"	0.07759265174	0.4666239111
landform_genus:route_linear_quadratic	biology_context_corrected_20260909/landform_genus_contrasts.tsv	236	"{""genus"": ""CSP1-2""}"	0.4995896164	0.8688515068
landform_genus:route_linear_quadratic	biology_context_corrected_20260909/landform_genus_contrasts.tsv	237	"{""genus"": ""Aeromicrobium""}"	0.3494203291	0.7764896202
landform_genus:route_linear_quadratic	biology_context_corrected_20260909/landform_genus_contrasts.tsv	238	"{""genus"": ""Glycomyces""}"	0.291810083	0.7579482676
landform_genus:route_linear_quadratic	biology_context_corrected_20260909/landform_genus_contrasts.tsv	239	"{""genus"": ""Lautropia""}"	0.1658065602	0.5921662864
landform_genus:route_linear_quadratic	biology_context_corrected_20260909/landform_genus_contrasts.tsv	240	"{""genus"": ""Ohtaekwangia""}"	0.1885980546	0.6286601819
landform_genus:route_linear_quadratic	biology_context_corrected_20260909/landform_genus_contrasts.tsv	241	"{""genus"": ""Aureibacillus""}"	0.4137744826	0.8113225148
landform_genus:route_linear_quadratic	biology_context_corrected_20260909/landform_genus_contrasts.tsv	242	"{""genus"": ""Geodermatophilus""}"	0.2706629953	0.7217679876
landform_genus:route_linear_quadratic	biology_context_corrected_20260909/landform_genus_contrasts.tsv	243	"{""genus"": ""Ellin6055""}"	0.821944111	0.9502244058
landform_genus:route_linear_quadratic	biology_context_corrected_20260909/landform_genus_contrasts.tsv	244	"{""genus"": ""Flavisolibacter""}"	0.7671444691	0.9293451882
landform_genus:route_linear_quadratic	biology_context_corrected_20260909/landform_genus_contrasts.tsv	245	"{""genus"": ""Chelativorans""}"	0.4846616715	0.8688515068
landform_genus:route_linear_quadratic	biology_context_corrected_20260909/landform_genus_contrasts.tsv	246	"{""genus"": ""Massilia""}"	0.06294440106	0.4666239111
landform_genus:route_linear_quadratic	biology_context_corrected_20260909/landform_genus_contrasts.tsv	247	"{""genus"": ""Nordella""}"	0.3373556518	0.7581025883
landform_genus:route_linear_quadratic	biology_context_corrected_20260909/landform_genus_contrasts.tsv	248	"{""genus"": ""Brevibacillus""}"	0.4003712504	0.8113225148
landform_genus:route_linear_quadratic	biology_context_corrected_20260909/landform_genus_contrasts.tsv	249	"{""genus"": ""Chthoniobacter""}"	0.5457979706	0.887476375
landform_genus:route_linear_quadratic	biology_context_corrected_20260909/landform_genus_contrasts.tsv	250	"{""genus"": ""Anaeromyxobacter""}"	0.2811015651	0.7397409608
landform_genus:route_linear_quadratic	biology_context_corrected_20260909/landform_genus_contrasts.tsv	251	"{""genus"": ""Marmoricola""}"	0.2604932769	0.7217679876
landform_genus:route_linear_quadratic	biology_context_corrected_20260909/landform_genus_contrasts.tsv	252	"{""genus"": ""Conexibacter""}"	0.1098194088	0.4880862614
landform_genus:route_linear_quadratic	biology_context_corrected_20260909/landform_genus_contrasts.tsv	253	"{""genus"": ""Fimbriiglobus""}"	0.3027893675	0.7581025883
landform_genus:route_linear_quadratic	biology_context_corrected_20260909/landform_genus_contrasts.tsv	254	"{""genus"": ""DSSF69""}"	0.514758216	0.8724715525
landform_genus:route_linear_quadratic	biology_context_corrected_20260909/landform_genus_contrasts.tsv	255	"{""genus"": ""Arcticibacter""}"	0.3255620668	0.7581025883
landform_genus:route_linear_quadratic	biology_context_corrected_20260909/landform_genus_contrasts.tsv	256	"{""genus"": ""Dongia""}"	0.2136207303	0.6473355464
landform_genus:route_linear_quadratic	biology_context_corrected_20260909/landform_genus_contrasts.tsv	257	"{""genus"": ""Verrucosispora""}"	0.3743598693	0.7881260407
landform_genus:route_linear_quadratic	biology_context_corrected_20260909/landform_genus_contrasts.tsv	258	"{""genus"": ""Roseisolibacter""}"	0.2409546687	0.6984193296
landform_genus:route_linear_quadratic	biology_context_corrected_20260909/landform_genus_contrasts.tsv	259	"{""genus"": ""Pajaroellobacter""}"	0.2136207303	0.6473355464
landform_genus:route_linear_quadratic	biology_context_corrected_20260909/landform_genus_contrasts.tsv	260	"{""genus"": ""Domibacillus""}"	0.1658065602	0.5921662864
landform_genus:route_linear_quadratic	biology_context_corrected_20260909/landform_genus_contrasts.tsv	261	"{""genus"": ""Pirellula""}"	0.3373556518	0.7581025883
landform_genus:route_linear_quadratic	biology_context_corrected_20260909/landform_genus_contrasts.tsv	262	"{""genus"": ""Sandaracinobacter""}"	0.3617554064	0.7864247966
landform_genus:route_linear_quadratic	biology_context_corrected_20260909/landform_genus_contrasts.tsv	263	"{""genus"": ""Sphingoaurantiacus""}"	0.4699788046	0.8545069174
landform_genus:route_linear_quadratic	biology_context_corrected_20260909/landform_genus_contrasts.tsv	264	"{""genus"": ""Nibribacter""}"	0.3872323755	0.8067341157
landform_genus:route_linear_quadratic	biology_context_corrected_20260909/landform_genus_contrasts.tsv	265	"{""genus"": ""Paracoccus""}"	0.749119133	0.9293451882
landform_genus:route_linear_quadratic	biology_context_corrected_20260909/landform_genus_contrasts.tsv	266	"{""genus"": ""Longispora""}"	0.5616585728	0.8986308207
landform_genus:route_linear_quadratic	biology_context_corrected_20260909/landform_genus_contrasts.tsv	267	"{""genus"": ""Nocardioides""}"	0.785296684	0.9293451882
landform_genus:route_linear_quadratic	biology_context_corrected_20260909/landform_genus_contrasts.tsv	268	"{""genus"": ""Phaselicystis""}"	0.4413642708	0.8487774439
landform_genus:route_linear_quadratic	biology_context_corrected_20260909/landform_genus_contrasts.tsv	269	"{""genus"": ""Gaiella""}"	0.4137744826	0.8113225148
landform_genus:route_linear_quadratic	biology_context_corrected_20260909/landform_genus_contrasts.tsv	270	"{""genus"": ""Solirubrobacter""}"	0.6612080264	0.8986308207
landform_genus:route_linear_quadratic	biology_context_corrected_20260909/landform_genus_contrasts.tsv	271	"{""genus"": ""Rubritepida""}"	0.6784662697	0.8986308207
landform_genus:route_linear_quadratic	biology_context_corrected_20260909/landform_genus_contrasts.tsv	272	"{""genus"": ""Neorhizobium""}"	0.7312298302	0.91978595
landform_genus:route_linear_quadratic	biology_context_corrected_20260909/landform_genus_contrasts.tsv	273	"{""genus"": ""Caulobacter""}"	0.713485494	0.91978595
landform_genus:route_linear_quadratic	biology_context_corrected_20260909/landform_genus_contrasts.tsv	274	"{""genus"": ""Novosphingobium""}"	0.858984296	0.9535505576
landform_genus:route_linear_quadratic	biology_context_corrected_20260909/landform_genus_contrasts.tsv	275	"{""genus"": ""Sandaracinus""}"	0.4699788046	0.8545069174
landform_genus:route_linear_quadratic	biology_context_corrected_20260909/landform_genus_contrasts.tsv	276	"{""genus"": ""Pontibacter""}"	0.4003712504	0.8113225148
landform_genus:route_linear_quadratic	biology_context_corrected_20260909/landform_genus_contrasts.tsv	277	"{""genus"": ""Lysinibacillus""}"	0.713485494	0.91978595
landform_genus:route_linear_quadratic	biology_context_corrected_20260909/landform_genus_contrasts.tsv	278	"{""genus"": ""Luedemannella""}"	0.713485494	0.91978595
landform_genus:route_linear_quadratic	biology_context_corrected_20260909/landform_genus_contrasts.tsv	279	"{""genus"": ""Sumerlaea""}"	0.8963375242	0.9535505576
landform_genus:route_linear_quadratic	biology_context_corrected_20260909/landform_genus_contrasts.tsv	280	"{""genus"": ""MM2""}"	0.9339219976	0.9628061831
landform_genus:route_linear_quadratic	biology_context_corrected_20260909/landform_genus_contrasts.tsv	281	"{""genus"": ""Segetibacter""}"	0.858984296	0.9535505576
landform_genus:route_linear_quadratic	biology_context_corrected_20260909/landform_genus_contrasts.tsv	282	"{""genus"": ""Croceibacterium""}"	0.4137744826	0.8113225148
landform_genus:route_linear_quadratic	biology_context_corrected_20260909/landform_genus_contrasts.tsv	283	"{""genus"": ""Polycyclovorans""}"	0.8776268494	0.9535505576
landform_genus:route_linear_quadratic	biology_context_corrected_20260909/landform_genus_contrasts.tsv	284	"{""genus"": ""Ammoniphilus""}"	0.644128016	0.8986308207
landform_genus:route_linear_quadratic	biology_context_corrected_20260909/landform_genus_contrasts.tsv	285	"{""genus"": ""Plastorhodobacter""}"	0.8776268494	0.9535505576
landform_genus:route_linear_quadratic	biology_context_corrected_20260909/landform_genus_contrasts.tsv	286	"{""genus"": ""Tepidisphaera""}"	1.0	1.0
landform_genus:route_linear_quadratic	biology_context_corrected_20260909/landform_genus_contrasts.tsv	287	"{""genus"": ""SM1A02""}"	0.8963375242	0.9535505576
landform_genus:route_linear_quadratic	biology_context_corrected_20260909/landform_genus_contrasts.tsv	288	"{""genus"": ""Azospirillum""}"	0.7312298302	0.91978595
landform_genus:route_linear_quadratic	biology_context_corrected_20260909/landform_genus_contrasts.tsv	289	"{""genus"": ""Saccharopolyspora""}"	0.6105329716	0.8986308207
landform_genus:route_linear_quadratic	biology_context_corrected_20260909/landform_genus_contrasts.tsv	290	"{""genus"": ""Rubrobacter""}"	0.6784662697	0.8986308207
landform_genus:route_linear_quadratic	biology_context_corrected_20260909/landform_genus_contrasts.tsv	291	"{""genus"": ""Pedomicrobium""}"	0.785296684	0.9293451882
landform_genus:route_linear_quadratic	biology_context_corrected_20260909/landform_genus_contrasts.tsv	292	"{""genus"": ""OM27 clade""}"	0.9339219976	0.9628061831
landform_genus:route_linear_quadratic	biology_context_corrected_20260909/landform_genus_contrasts.tsv	293	"{""genus"": ""Roseomonas""}"	0.8035664162	0.9398437616
landform_genus:route_linear_quadratic	biology_context_corrected_20260909/landform_genus_contrasts.tsv	294	"{""genus"": ""Parviterribacter""}"	0.514758216	0.8724715525
landform_genus:route_linear_quadratic	biology_context_corrected_20260909/landform_genus_contrasts.tsv	295	"{""genus"": ""Streptomyces""}"	0.8776268494	0.9535505576
landform_genus:route_linear_quadratic	biology_context_corrected_20260909/landform_genus_contrasts.tsv	296	"{""genus"": ""Cellulomonas""}"	0.9339219976	0.9628061831
landform_genus:route_linear_quadratic	biology_context_corrected_20260909/landform_genus_contrasts.tsv	297	"{""genus"": ""Brucella""}"	0.785296684	0.9293451882
landform_genus:route_linear_quadratic	biology_context_corrected_20260909/landform_genus_contrasts.tsv	298	"{""genus"": ""Peredibacter""}"	0.514758216	0.8724715525
landform_genus:route_linear_quadratic	biology_context_corrected_20260909/landform_genus_contrasts.tsv	299	"{""genus"": ""Rufibacter""}"	0.8776268494	0.9535505576
landform_genus:route_linear_quadratic	biology_context_corrected_20260909/landform_genus_contrasts.tsv	300	"{""genus"": ""Sporocytophaga""}"	0.8035664162	0.9398437616
landform_genus:route_linear_quadratic	biology_context_corrected_20260909/landform_genus_contrasts.tsv	301	"{""genus"": ""Hydrocarboniphaga""}"	0.5940323406	0.8986308207
landform_genus:route_linear_quadratic	biology_context_corrected_20260909/landform_genus_contrasts.tsv	302	"{""genus"": ""Pseudonocardia""}"	0.785296684	0.9293451882
landform_genus:route_linear_quadratic	biology_context_corrected_20260909/landform_genus_contrasts.tsv	303	"{""genus"": ""Niastella""}"	0.6784662697	0.8986308207
landform_genus:route_linear_quadratic	biology_context_corrected_20260909/landform_genus_contrasts.tsv	304	"{""genus"": ""Plantactinospora""}"	0.858984296	0.9535505576
landform_genus:route_linear_quadratic	biology_context_corrected_20260909/landform_genus_contrasts.tsv	305	"{""genus"": ""Candidatus Alysiosphaera""}"	0.9527749514	0.9722193382
landform_genus:route_linear_quadratic	biology_context_corrected_20260909/landform_genus_contrasts.tsv	306	"{""genus"": ""Terribacillus""}"	0.713485494	0.91978595
landform_genus:route_linear_quadratic	biology_context_corrected_20260909/landform_genus_contrasts.tsv	307	"{""genus"": ""Rhodococcus""}"	0.644128016	0.8986308207
landform_genus:route_linear_quadratic	biology_context_corrected_20260909/landform_genus_contrasts.tsv	308	"{""genus"": ""Actinophytocola""}"	0.8963375242	0.9535505576
landform_genus:route_linear_quadratic	biology_context_corrected_20260909/landform_genus_contrasts.tsv	309	"{""genus"": ""Actinomadura""}"	0.821944111	0.9502244058
landform_genus:route_linear_quadratic	biology_context_corrected_20260909/landform_genus_contrasts.tsv	310	"{""genus"": ""Pelagibacterium""}"	0.6784662697	0.8986308207
landform_genus:route_linear_quadratic	biology_context_corrected_20260909/landform_genus_contrasts.tsv	311	"{""genus"": ""Rhizorhabdus""}"	0.4995896164	0.8688515068
landform_genus:route_linear_quadratic	biology_context_corrected_20260909/landform_genus_contrasts.tsv	312	"{""genus"": ""Mycobacterium""}"	0.858984296	0.9535505576
landform_genus:route_linear_quadratic	biology_context_corrected_20260909/landform_genus_contrasts.tsv	313	"{""genus"": ""Fictibacillus""}"	0.9527749514	0.9722193382
landform_genus:route_linear_quadratic	biology_context_corrected_20260909/landform_genus_contrasts.tsv	314	"{""genus"": ""Acidiferrimicrobium""}"	0.9905496899	1.0
landform_genus:route_linear_quadratic	biology_context_corrected_20260909/landform_genus_contrasts.tsv	315	"{""genus"": ""Microvirga""}"	0.3027893675	0.7581025883
landform_genus:route_linear_quadratic	biology_context_corrected_20260909/landform_genus_contrasts.tsv	316	"{""genus"": ""Niallia""}"	0.858984296	0.9535505576
landform_genus:route_linear_quadratic	biology_context_corrected_20260909/landform_genus_contrasts.tsv	317	"{""genus"": ""Nesterenkonia""}"	0.5457979706	0.887476375
landform_genus:route_linear_quadratic	biology_context_corrected_20260909/landform_genus_contrasts.tsv	318	"{""genus"": ""Pseudalkalibacillus""}"	0.9716543718	0.9864511389
landform_genus:route_linear_quadratic	biology_context_corrected_20260909/landform_genus_contrasts.tsv	319	"{""genus"": ""Roseicella""}"	0.644128016	0.8986308207
landform_genus:route_linear_quadratic	biology_context_corrected_20260909/landform_genus_contrasts.tsv	320	"{""genus"": ""Falsirhodobacter""}"	0.6612080264	0.8986308207
landform_genus:route_linear_quadratic	biology_context_corrected_20260909/landform_genus_contrasts.tsv	321	"{""genus"": ""Arsenicitalea""}"	1.0	1.0
landform_genus:route_linear_quadratic	biology_context_corrected_20260909/landform_genus_contrasts.tsv	322	"{""genus"": ""Luteitalea""}"	0.840420036	0.9535505576
landform_genus:route_linear_quadratic	biology_context_corrected_20260909/landform_genus_contrasts.tsv	323	"{""genus"": ""I-8""}"	0.6105329716	0.8986308207
landform_genus:route_linear_quadratic	biology_context_corrected_20260909/landform_genus_contrasts.tsv	324	"{""genus"": ""Aridibacter""}"	0.785296684	0.9293451882
landform_genus:route_linear_quadratic	biology_context_corrected_20260909/landform_genus_contrasts.tsv	325	"{""genus"": ""Pir4 lineage""}"	0.785296684	0.9293451882
landform_genus:route_linear_quadratic	biology_context_corrected_20260909/landform_genus_contrasts.tsv	326	"{""genus"": ""Metabacillus""}"	0.4274397208	0.8299800403
landform_genus:route_linear_quadratic	biology_context_corrected_20260909/landform_genus_contrasts.tsv	327	"{""genus"": ""Bryobacter""}"	0.5777387315	0.8986308207
landform_genus:route_linear_quadratic	biology_context_corrected_20260909/landform_genus_contrasts.tsv	328	"{""genus"": ""Rhodocista""}"	0.9339219976	0.9628061831
landform_genus:route_linear_quadratic	biology_context_corrected_20260909/landform_genus_contrasts.tsv	329	"{""genus"": ""Baekduia""}"	0.858984296	0.9535505576
landform_genus:route_linear_quadratic	biology_context_corrected_20260909/landform_genus_contrasts.tsv	330	"{""genus"": ""Caenimonas""}"	0.8963375242	0.9535505576
landform_genus:route_linear_quadratic	biology_context_corrected_20260909/landform_genus_contrasts.tsv	331	"{""genus"": ""Turicibacter""}"	0.7312298302	0.91978595
landform_genus:route_linear_quadratic	biology_context_corrected_20260909/landform_genus_contrasts.tsv	332	"{""genus"": ""Nonomuraea""}"	0.5777387315	0.8986308207
landform_genus:route_linear_quadratic	biology_context_corrected_20260909/landform_genus_contrasts.tsv	333	"{""genus"": ""Ornithinibacillus""}"	0.644128016	0.8986308207
landform_genus:route_linear_quadratic	biology_context_corrected_20260909/landform_genus_contrasts.tsv	334	"{""genus"": ""Vallicoccus""}"	0.9151060344	0.9628061831
landform_genus:route_linear_quadratic	biology_context_corrected_20260909/landform_genus_contrasts.tsv	335	"{""genus"": ""Sphingomonas""}"	0.644128016	0.8986308207
landform_genus:route_linear_quadratic	biology_context_corrected_20260909/landform_genus_contrasts.tsv	336	"{""genus"": ""Nitrospira""}"	0.4555450938	0.8514861566
landform_genus:route_linear_quadratic	biology_context_corrected_20260909/landform_genus_contrasts.tsv	337	"{""genus"": ""Georgenia""}"	0.5616585728	0.8986308207
landform_genus:route_linear_quadratic	biology_context_corrected_20260909/landform_genus_contrasts.tsv	338	"{""genus"": ""Litorilinea""}"	0.5940323406	0.8986308207
landform_genus:route_linear_quadratic	biology_context_corrected_20260909/landform_genus_contrasts.tsv	339	"{""genus"": ""Kallotenue""}"	0.749119133	0.9293451882
landform_genus:route_linear_quadratic	biology_context_corrected_20260909/landform_genus_contrasts.tsv	340	"{""genus"": ""Blastococcus""}"	0.4995896164	0.8688515068
landform_genus:route_linear_quadratic	biology_context_corrected_20260909/landform_genus_contrasts.tsv	341	"{""genus"": ""TM7a""}"	0.644128016	0.8986308207
landform_genus:route_linear_quadratic	biology_context_corrected_20260909/landform_genus_contrasts.tsv	342	"{""genus"": ""Bacillus""}"	0.2706629953	0.7217679876
landform_genus:route_linear_quadratic	biology_context_corrected_20260909/landform_genus_contrasts.tsv	343	"{""genus"": ""Mesobacillus""}"	0.4995896164	0.8688515068
landform_genus:route_linear_quadratic	biology_context_corrected_20260909/landform_genus_contrasts.tsv	344	"{""genus"": ""Allorhizocola""}"	0.4555450938	0.8514861566
landform_genus:route_linear_quadratic	biology_context_corrected_20260909/landform_genus_contrasts.tsv	345	"{""genus"": ""Limnobacter""}"	0.9151060344	0.9628061831
landform_genus:route_linear_quadratic	biology_context_corrected_20260909/landform_genus_contrasts.tsv	346	"{""genus"": ""Nitrosomonas""}"	0.3373556518	0.7581025883
landform_genus:route_linear_quadratic	biology_context_corrected_20260909/landform_genus_contrasts.tsv	347	"{""genus"": ""Modestobacter""}"	0.6105329716	0.8986308207
landform_genus:route_linear_quadratic	biology_context_corrected_20260909/landform_genus_contrasts.tsv	348	"{""genus"": ""Tautonia""}"	0.5777387315	0.8986308207
landform_genus:route_linear_quadratic	biology_context_corrected_20260909/landform_genus_contrasts.tsv	349	"{""genus"": ""Isoptericola""}"	0.5940323406	0.8986308207
landform_genus:route_linear_quadratic	biology_context_corrected_20260909/landform_genus_contrasts.tsv	350	"{""genus"": ""SH-PL14""}"	0.5301627033	0.8836045055
landform_genus:route_linear_quadratic	biology_context_corrected_20260909/landform_genus_contrasts.tsv	351	"{""genus"": ""Kineosporia""}"	0.3743598693	0.7881260407
landform_genus:route_linear_quadratic	biology_context_corrected_20260909/landform_genus_contrasts.tsv	352	"{""genus"": ""Streptococcus""}"	0.3743598693	0.7881260407
landform_genus:route_linear_quadratic	biology_context_corrected_20260909/landform_genus_contrasts.tsv	353	"{""genus"": ""Bradyrhizobium""}"	0.6784662697	0.8986308207
landform_genus:route_linear_quadratic	biology_context_corrected_20260909/landform_genus_contrasts.tsv	354	"{""genus"": ""Gemmata""}"	0.2706629953	0.7217679876
landform_genus:route_linear_quadratic	biology_context_corrected_20260909/landform_genus_contrasts.tsv	355	"{""genus"": ""Staphylococcus""}"	0.5457979706	0.887476375
landform_genus:route_linear_quadratic	biology_context_corrected_20260909/landform_genus_contrasts.tsv	356	"{""genus"": ""Amycolatopsis""}"	0.3140399499	0.7581025883
landform_genus:route_linear_quadratic	biology_context_corrected_20260909/landform_genus_contrasts.tsv	357	"{""genus"": ""Devosia""}"	0.3255620668	0.7581025883
landform_genus:route_linear_quadratic	biology_context_corrected_20260909/landform_genus_contrasts.tsv	358	"{""genus"": ""Gracilibacillus""}"	0.4699788046	0.8545069174
landform_genus:route_linear_quadratic	biology_context_corrected_20260909/landform_genus_contrasts.tsv	359	"{""genus"": ""Saccharibacillus""}"	0.5301627033	0.8836045055
landform_genus:route_linear_quadratic	biology_context_corrected_20260909/landform_genus_contrasts.tsv	360	"{""genus"": ""Cystobacter""}"	0.3617554064	0.7864247966
landform_genus:route_linear_quadratic	biology_context_corrected_20260909/landform_genus_contrasts.tsv	361	"{""genus"": ""Bauldia""}"	0.1731613781	0.5971082005
landform_genus:route_linear_quadratic	biology_context_corrected_20260909/landform_genus_contrasts.tsv	362	"{""genus"": ""Subgroup 10""}"	0.7671444691	0.9293451882
landform_genus:route_linear_quadratic	biology_context_corrected_20260909/landform_genus_contrasts.tsv	363	"{""genus"": ""Paraconexibacter""}"	0.644128016	0.8986308207
landform_genus:route_linear_quadratic	biology_context_corrected_20260909/landform_genus_contrasts.tsv	364	"{""genus"": ""Cupriavidus""}"	0.2136207303	0.6473355464
landform_genus:route_linear_quadratic	biology_context_corrected_20260909/landform_genus_contrasts.tsv	365	"{""genus"": ""Pelagibius""}"	0.6612080264	0.8986308207
landform_genus:route_linear_quadratic	biology_context_corrected_20260909/landform_genus_contrasts.tsv	366	"{""genus"": ""Pantoea""}"	0.4555450938	0.8514861566
landform_genus:route_linear_quadratic	biology_context_corrected_20260909/landform_genus_contrasts.tsv	367	"{""genus"": ""Corynebacterium""}"	0.2706629953	0.7217679876
landform_genus:route_linear_quadratic	biology_context_corrected_20260909/landform_genus_contrasts.tsv	368	"{""genus"": ""Limibaculum""}"	0.644128016	0.8986308207
landform_genus:route_linear_quadratic	biology_context_corrected_20260909/landform_genus_contrasts.tsv	369	"{""genus"": ""Planococcus""}"	0.7312298302	0.91978595
landform_genus:route_linear_quadratic	biology_context_corrected_20260909/landform_genus_contrasts.tsv	370	"{""genus"": ""Myxococcus""}"	0.132517137	0.5521547374
landform_genus:route_linear_quadratic	biology_context_corrected_20260909/landform_genus_contrasts.tsv	371	"{""genus"": ""Arthrobacter""}"	0.1207513946	0.5138357216
landform_genus:route_linear_quadratic	biology_context_corrected_20260909/landform_genus_contrasts.tsv	372	"{""genus"": ""Acinetobacter""}"	0.2050266621	0.6473355464
landform_genus:route_linear_quadratic	biology_context_corrected_20260909/landform_genus_contrasts.tsv	373	"{""genus"": ""Kineococcus""}"	0.2706629953	0.7217679876
landform_genus:route_linear_quadratic	biology_context_corrected_20260909/landform_genus_contrasts.tsv	374	"{""genus"": ""Tumebacillus""}"	0.5940323406	0.8986308207
landform_genus:route_linear_quadratic	biology_context_corrected_20260909/landform_genus_contrasts.tsv	375	"{""genus"": ""Aeromonas""}"	0.07759265174	0.4666239111
landform_genus:route_linear_quadratic	biology_context_corrected_20260909/landform_genus_contrasts.tsv	376	"{""genus"": ""Arenimicrobium""}"	0.3140399499	0.7581025883
landform_genus:route_linear_quadratic	biology_context_corrected_20260909/landform_genus_contrasts.tsv	377	"{""genus"": ""Blastocatella""}"	0.1207513946	0.5138357216
landform_genus:route_linear_quadratic	biology_context_corrected_20260909/landform_genus_contrasts.tsv	378	"{""genus"": ""Peribacillus""}"	0.3255620668	0.7581025883
landform_genus:route_linear_quadratic	biology_context_corrected_20260909/landform_genus_contrasts.tsv	379	"{""genus"": ""Abditibacterium""}"	0.2050266621	0.6473355464
landform_genus:route_linear_quadratic	biology_context_corrected_20260909/landform_genus_contrasts.tsv	380	"{""genus"": ""Kocuria""}"	0.06995435858	0.4666239111
landform_genus:route_linear_quadratic	biology_context_corrected_20260909/landform_genus_contrasts.tsv	381	"{""genus"": ""Polygonibacillus""}"	0.08165918444	0.4666239111
landform_genus:route_linear_quadratic	biology_context_corrected_20260909/landform_genus_contrasts.tsv	382	"{""genus"": ""SZB85""}"	0.09968486714	0.4746898435
landform_genus:route_linear_quadratic	biology_context_corrected_20260909/landform_genus_contrasts.tsv	383	"{""genus"": ""Pseudomonas""}"	0.2315822752	0.6912903737
landform_genus:route_linear_quadratic	biology_context_corrected_20260909/landform_genus_contrasts.tsv	384	"{""genus"": ""Halalkalibacter""}"	0.4137744826	0.8113225148
landform_genus:route_linear_quadratic	biology_context_corrected_20260909/landform_genus_contrasts.tsv	385	"{""genus"": ""Saccharothrix""}"	0.04531508693	0.4531508693
landform_genus:route_linear_quadratic	biology_context_corrected_20260909/landform_genus_contrasts.tsv	386	"{""genus"": ""Actinoplanes""}"	0.09968486714	0.4746898435
landform_genus:route_linear_quadratic	biology_context_corrected_20260909/landform_genus_contrasts.tsv	387	"{""genus"": ""Enterococcus""}"	0.008854249036	0.3709184879
landform_genus:route_linear_quadratic	biology_context_corrected_20260909/landform_genus_contrasts.tsv	388	"{""genus"": ""Truepera""}"	0.073692616	0.4666239111
landform_genus:route_linear_quadratic	biology_context_corrected_20260909/landform_genus_contrasts.tsv	389	"{""genus"": ""Rhodocytophaga""}"	0.05352623484	0.4654455203
landform_genus:route_linear_quadratic	biology_context_corrected_20260909/landform_genus_contrasts.tsv	390	"{""genus"": ""Rhodoplanes""}"	0.01421403887	0.3709184879
landform_genus:route_linear_quadratic	biology_context_corrected_20260909/landform_genus_contrasts.tsv	391	"{""genus"": ""Escherichia-Shigella""}"	0.01016242436	0.3709184879
landform_genus:route_linear_quadratic	biology_context_corrected_20260909/landform_genus_contrasts.tsv	392	"{""genus"": ""YC-ZSS-LKJ147""}"	0.04792545005	0.4564328576
landform_genus:route_linear_quadratic	biology_context_corrected_20260909/landform_genus_contrasts.tsv	393	"{""genus"": ""PMMR1""}"	0.01842064911	0.3709184879
landform_genus:route_linear_quadratic	biology_context_corrected_20260909/landform_genus_contrasts.tsv	394	"{""genus"": ""Mangrovihabitans""}"	0.01619769466	0.3709184879
landform_genus:route_linear_quadratic	biology_context_corrected_20260909/landform_genus_contrasts.tsv	395	"{""genus"": ""Litchfieldia""}"	0.1731613781	0.5971082005
landform_genus:route_linear_quadratic	biology_context_corrected_20260909/landform_genus_contrasts.tsv	396	"{""genus"": ""Crossiella""}"	0.03204477549	0.4258184281
landform_genus:route_linear_quadratic	biology_context_corrected_20260909/landform_genus_contrasts.tsv	397	"{""genus"": ""Sediminibacillus""}"	0.09490506418	0.4745253209
landform_genus:route_linear_quadratic	biology_context_corrected_20260909/landform_genus_contrasts.tsv	398	"{""genus"": ""Halomonas""}"	0.1586892572	0.5921662864
landform_genus:route_linear_quadratic	biology_context_corrected_20260909/landform_genus_contrasts.tsv	399	"{""genus"": ""Thermobaculum""}"	0.003438063568	0.3709184879
landform_genus:route_linear_quadratic	biology_context_corrected_20260909/landform_genus_contrasts.tsv	400	"{""genus"": ""Aquibacillus""}"	0.0251814644	0.3874071447
dune_route	biology_context_corrected_20260909/route_genus_correlations_dune_sites.tsv	1	"{""genus"": ""Blastocatella""}"	6.750034692e-10	3.375017346e-08
dune_route	biology_context_corrected_20260909/route_genus_correlations_dune_sites.tsv	2	"{""genus"": ""Cellulomonas""}"	9.73107043e-08	2.432767608e-06
dune_route	biology_context_corrected_20260909/route_genus_correlations_dune_sites.tsv	3	"{""genus"": ""Paraconexibacter""}"	1.103947322e-07	2.453216272e-06
dune_route	biology_context_corrected_20260909/route_genus_correlations_dune_sites.tsv	4	"{""genus"": ""Limnobacter""}"	8.749517938e-07	1.45825299e-05
dune_route	biology_context_corrected_20260909/route_genus_correlations_dune_sites.tsv	5	"{""genus"": ""Streptomyces""}"	2.17207099e-06	2.896094653e-05
dune_route	biology_context_corrected_20260909/route_genus_correlations_dune_sites.tsv	6	"{""genus"": ""Actinoplanes""}"	1.136422693e-05	0.0001420528367
dune_route	biology_context_corrected_20260909/route_genus_correlations_dune_sites.tsv	7	"{""genus"": ""Actinophytocola""}"	1.984975773e-05	0.0002089448183
dune_route	biology_context_corrected_20260909/route_genus_correlations_dune_sites.tsv	8	"{""genus"": ""Steroidobacter""}"	2.731849063e-05	0.0002731849063
dune_route	biology_context_corrected_20260909/route_genus_correlations_dune_sites.tsv	9	"{""genus"": ""PMMR1""}"	3.708344923e-05	0.0003371222657
dune_route	biology_context_corrected_20260909/route_genus_correlations_dune_sites.tsv	10	"{""genus"": ""Aridibacter""}"	5.021041145e-05	0.0004366122735
dune_route	biology_context_corrected_20260909/route_genus_correlations_dune_sites.tsv	11	"{""genus"": ""Saccharothrix""}"	9.499872114e-05	0.0007916560095
dune_route	biology_context_corrected_20260909/route_genus_correlations_dune_sites.tsv	12	"{""genus"": ""Rhodocytophaga""}"	0.0001213925067	0.0009711400535
dune_route	biology_context_corrected_20260909/route_genus_correlations_dune_sites.tsv	13	"{""genus"": ""Mycobacterium""}"	0.0001267960931	0.000975354562
dune_route	biology_context_corrected_20260909/route_genus_correlations_dune_sites.tsv	14	"{""genus"": ""Ellin6055""}"	0.0001557524634	0.001112517596
dune_route	biology_context_corrected_20260909/route_genus_correlations_dune_sites.tsv	15	"{""genus"": ""Caenimonas""}"	0.0002052426806	0.001368284538
dune_route	biology_context_corrected_20260909/route_genus_correlations_dune_sites.tsv	16	"{""genus"": ""Caldilinea""}"	0.0002239749777	0.001399843611
dune_route	biology_context_corrected_20260909/route_genus_correlations_dune_sites.tsv	17	"{""genus"": ""Gemmatimonas""}"	0.000245350794	0.001486974509
dune_route	biology_context_corrected_20260909/route_genus_correlations_dune_sites.tsv	18	"{""genus"": ""Pirellula""}"	0.0003536134805	0.002080079297
dune_route	biology_context_corrected_20260909/route_genus_correlations_dune_sites.tsv	19	"{""genus"": ""Blastococcus""}"	0.0003875067357	0.002214324204
dune_route	biology_context_corrected_20260909/route_genus_correlations_dune_sites.tsv	20	"{""genus"": ""Roseisolibacter""}"	0.0004224759422	0.002347088568
dune_route	biology_context_corrected_20260909/route_genus_correlations_dune_sites.tsv	21	"{""genus"": ""Luteitalea""}"	0.0005925081995	0.003144478652
dune_route	biology_context_corrected_20260909/route_genus_correlations_dune_sites.tsv	22	"{""genus"": ""Pseudonocardia""}"	0.000597450944	0.003144478652
dune_route	biology_context_corrected_20260909/route_genus_correlations_dune_sites.tsv	23	"{""genus"": ""Gaiella""}"	0.0006409801002	0.003204900501
dune_route	biology_context_corrected_20260909/route_genus_correlations_dune_sites.tsv	24	"{""genus"": ""Mangrovihabitans""}"	0.0006624307794	0.003231369655
dune_route	biology_context_corrected_20260909/route_genus_correlations_dune_sites.tsv	25	"{""genus"": ""Solirubrobacter""}"	0.0007015211971	0.003340577129
dune_route	biology_context_corrected_20260909/route_genus_correlations_dune_sites.tsv	26	"{""genus"": ""Sphingomonas""}"	0.0007548087991	0.003510738601
dune_route	biology_context_corrected_20260909/route_genus_correlations_dune_sites.tsv	27	"{""genus"": ""Abditibacterium""}"	0.001444947064	0.006020612768
dune_route	biology_context_corrected_20260909/route_genus_correlations_dune_sites.tsv	28	"{""genus"": ""Rubritepida""}"	0.001847472187	0.007389888748
dune_route	biology_context_corrected_20260909/route_genus_correlations_dune_sites.tsv	29	"{""genus"": ""Gemmata""}"	0.001902450759	0.007460591212
dune_route	biology_context_corrected_20260909/route_genus_correlations_dune_sites.tsv	30	"{""genus"": ""Parviterribacter""}"	0.002363051152	0.009088658277
dune_route	biology_context_corrected_20260909/route_genus_correlations_dune_sites.tsv	31	"{""genus"": ""Marmoricola""}"	0.00255509265	0.009641859055
dune_route	biology_context_corrected_20260909/route_genus_correlations_dune_sites.tsv	32	"{""genus"": ""Dongia""}"	0.00552863243	0.01939871028
dune_route	biology_context_corrected_20260909/route_genus_correlations_dune_sites.tsv	33	"{""genus"": ""Nitrospira""}"	0.01014652251	0.03273071776
dune_route	biology_context_corrected_20260909/route_genus_correlations_dune_sites.tsv	34	"{""genus"": ""Nonomuraea""}"	0.01035838363	0.03288375757
dune_route	biology_context_corrected_20260909/route_genus_correlations_dune_sites.tsv	35	"{""genus"": ""Bryobacter""}"	0.01079350492	0.03372970286
dune_route	biology_context_corrected_20260909/route_genus_correlations_dune_sites.tsv	36	"{""genus"": ""Kallotenue""}"	0.01355356742	0.04170328438
dune_route	biology_context_corrected_20260909/route_genus_correlations_dune_sites.tsv	37	"{""genus"": ""Sumerlaea""}"	0.01390312058	0.04213066843
dune_route	biology_context_corrected_20260909/route_genus_correlations_dune_sites.tsv	38	"{""genus"": ""Rufibacter""}"	0.01652583138	0.04790096054
dune_route	biology_context_corrected_20260909/route_genus_correlations_dune_sites.tsv	39	"{""genus"": ""Massilia""}"	0.01769594543	0.04984773361
dune_route	biology_context_corrected_20260909/route_genus_correlations_dune_sites.tsv	40	"{""genus"": ""Geodermatophilus""}"	0.02040933295	0.05621428686
dune_route	biology_context_corrected_20260909/route_genus_correlations_dune_sites.tsv	41	"{""genus"": ""Nordella""}"	0.02238643339	0.06050387403
dune_route	biology_context_corrected_20260909/route_genus_correlations_dune_sites.tsv	42	"{""genus"": ""Baekduia""}"	0.02291999416	0.06111998442
dune_route	biology_context_corrected_20260909/route_genus_correlations_dune_sites.tsv	43	"{""genus"": ""Sporocytophaga""}"	0.02389482886	0.06288112857
dune_route	biology_context_corrected_20260909/route_genus_correlations_dune_sites.tsv	44	"{""genus"": ""Adhaeribacter""}"	0.02522666417	0.06485025269
dune_route	biology_context_corrected_20260909/route_genus_correlations_dune_sites.tsv	45	"{""genus"": ""Rubrobacter""}"	0.02529159855	0.06485025269
dune_route	biology_context_corrected_20260909/route_genus_correlations_dune_sites.tsv	46	"{""genus"": ""Deinococcus""}"	0.02793495847	0.07072141385
dune_route	biology_context_corrected_20260909/route_genus_correlations_dune_sites.tsv	47	"{""genus"": ""Arthrobacter""}"	0.02982164088	0.0745541022
dune_route	biology_context_corrected_20260909/route_genus_correlations_dune_sites.tsv	48	"{""genus"": ""Conexibacter""}"	0.040809198	0.09624890155
dune_route	biology_context_corrected_20260909/route_genus_correlations_dune_sites.tsv	49	"{""genus"": ""Nitrosomonas""}"	0.04971064745	0.1142718329
dune_route	biology_context_corrected_20260909/route_genus_correlations_dune_sites.tsv	50	"{""genus"": ""Aeromicrobium""}"	0.05027960648	0.1142718329
dune_route	biology_context_corrected_20260909/route_genus_correlations_dune_sites.tsv	51	"{""genus"": ""Modestobacter""}"	0.05959338878	0.1324297528
dune_route	biology_context_corrected_20260909/route_genus_correlations_dune_sites.tsv	52	"{""genus"": ""MND1""}"	0.06321641455	0.1374269881
dune_route	biology_context_corrected_20260909/route_genus_correlations_dune_sites.tsv	53	"{""genus"": ""Plantactinospora""}"	0.06460196522	0.1389289575
dune_route	biology_context_corrected_20260909/route_genus_correlations_dune_sites.tsv	54	"{""genus"": ""Novosphingobium""}"	0.06730097287	0.1431935593
dune_route	biology_context_corrected_20260909/route_genus_correlations_dune_sites.tsv	55	"{""genus"": ""JCM 18997""}"	0.07358448924	0.1549147142
dune_route	biology_context_corrected_20260909/route_genus_correlations_dune_sites.tsv	56	"{""genus"": ""Verrucosispora""}"	0.08318176726	0.1687342232
dune_route	biology_context_corrected_20260909/route_genus_correlations_dune_sites.tsv	57	"{""genus"": ""Niallia""}"	0.08594591372	0.1705366709
dune_route	biology_context_corrected_20260909/route_genus_correlations_dune_sites.tsv	58	"{""genus"": ""Saccharopolyspora""}"	0.08612101883	0.1705366709
dune_route	biology_context_corrected_20260909/route_genus_correlations_dune_sites.tsv	59	"{""genus"": ""Segetibacter""}"	0.08717748859	0.1709362521
dune_route	biology_context_corrected_20260909/route_genus_correlations_dune_sites.tsv	60	"{""genus"": ""Luedemannella""}"	0.09908347122	0.1884285968
dune_route	biology_context_corrected_20260909/route_genus_correlations_dune_sites.tsv	61	"{""genus"": ""Phenylobacterium""}"	0.1224182087	0.2267003864
dune_route	biology_context_corrected_20260909/route_genus_correlations_dune_sites.tsv	62	"{""genus"": ""Arcticibacter""}"	0.132100505	0.2423862477
dune_route	biology_context_corrected_20260909/route_genus_correlations_dune_sites.tsv	63	"{""genus"": ""Subgroup 10""}"	0.1441493615	0.2597285792
dune_route	biology_context_corrected_20260909/route_genus_correlations_dune_sites.tsv	64	"{""genus"": ""Actinomadura""}"	0.188273317	0.3256148264
dune_route	biology_context_corrected_20260909/route_genus_correlations_dune_sites.tsv	65	"{""genus"": ""Sphingoaurantiacus""}"	0.1904846735	0.3256148264
dune_route	biology_context_corrected_20260909/route_genus_correlations_dune_sites.tsv	66	"{""genus"": ""Flavisolibacter""}"	0.1936756306	0.3276681422
dune_route	biology_context_corrected_20260909/route_genus_correlations_dune_sites.tsv	67	"{""genus"": ""Noviherbaspirillum""}"	0.1949625446	0.3276681422
dune_route	biology_context_corrected_20260909/route_genus_correlations_dune_sites.tsv	68	"{""genus"": ""Litorilinea""}"	0.2068173691	0.341846891
dune_route	biology_context_corrected_20260909/route_genus_correlations_dune_sites.tsv	69	"{""genus"": ""Daejeonella""}"	0.2427390792	0.3936093881
dune_route	biology_context_corrected_20260909/route_genus_correlations_dune_sites.tsv	70	"{""genus"": ""Arenimicrobium""}"	0.2465123362	0.3936093881
dune_route	biology_context_corrected_20260909/route_genus_correlations_dune_sites.tsv	71	"{""genus"": ""Terribacillus""}"	0.2499419615	0.3936093881
dune_route	biology_context_corrected_20260909/route_genus_correlations_dune_sites.tsv	72	"{""genus"": ""Rhizorhabdus""}"	0.2499419615	0.3936093881
dune_route	biology_context_corrected_20260909/route_genus_correlations_dune_sites.tsv	73	"{""genus"": ""Archangium""}"	0.2675707162	0.4085049103
dune_route	biology_context_corrected_20260909/route_genus_correlations_dune_sites.tsv	74	"{""genus"": ""Fimbriiglobus""}"	0.274847307	0.4102198612
dune_route	biology_context_corrected_20260909/route_genus_correlations_dune_sites.tsv	75	"{""genus"": ""Glycomyces""}"	0.3207694325	0.4682765439
dune_route	biology_context_corrected_20260909/route_genus_correlations_dune_sites.tsv	76	"{""genus"": ""Ramlibacter""}"	0.3340020918	0.4840610026
dune_route	biology_context_corrected_20260909/route_genus_correlations_dune_sites.tsv	77	"{""genus"": ""Rubellimicrobium""}"	0.3433227941	0.4939896319
dune_route	biology_context_corrected_20260909/route_genus_correlations_dune_sites.tsv	78	"{""genus"": ""Lysobacter""}"	0.3712467169	0.5265910878
dune_route	biology_context_corrected_20260909/route_genus_correlations_dune_sites.tsv	79	"{""genus"": ""Myxococcus""}"	0.3761947229	0.5280294798
dune_route	biology_context_corrected_20260909/route_genus_correlations_dune_sites.tsv	80	"{""genus"": ""Vallicoccus""}"	0.4020339146	0.5545295374
dune_route	biology_context_corrected_20260909/route_genus_correlations_dune_sites.tsv	81	"{""genus"": ""Chthoniobacter""}"	0.4166455211	0.567582155
dune_route	biology_context_corrected_20260909/route_genus_correlations_dune_sites.tsv	82	"{""genus"": ""Turicibacter""}"	0.4171728839	0.567582155
dune_route	biology_context_corrected_20260909/route_genus_correlations_dune_sites.tsv	83	"{""genus"": ""Cnuella""}"	0.4331692532	0.5814352392
dune_route	biology_context_corrected_20260909/route_genus_correlations_dune_sites.tsv	84	"{""genus"": ""Cupriavidus""}"	0.44730499	0.5964066533
dune_route	biology_context_corrected_20260909/route_genus_correlations_dune_sites.tsv	85	"{""genus"": ""Herbaspirillum""}"	0.458904366	0.6038215342
dune_route	biology_context_corrected_20260909/route_genus_correlations_dune_sites.tsv	86	"{""genus"": ""Fictibacillus""}"	0.4661655223	0.6093666958
dune_route	biology_context_corrected_20260909/route_genus_correlations_dune_sites.tsv	87	"{""genus"": ""[Polyangium] brachysporum group""}"	0.4791613728	0.6222874971
dune_route	biology_context_corrected_20260909/route_genus_correlations_dune_sites.tsv	88	"{""genus"": ""Herpetosiphon""}"	0.4969746232	0.633088692
dune_route	biology_context_corrected_20260909/route_genus_correlations_dune_sites.tsv	89	"{""genus"": ""Pedomicrobium""}"	0.5222346554	0.6527933193
dune_route	biology_context_corrected_20260909/route_genus_correlations_dune_sites.tsv	90	"{""genus"": ""Peribacillus""}"	0.5353997269	0.6609873172
dune_route	biology_context_corrected_20260909/route_genus_correlations_dune_sites.tsv	91	"{""genus"": ""Chelativorans""}"	0.5462896657	0.6702940683
dune_route	biology_context_corrected_20260909/route_genus_correlations_dune_sites.tsv	92	"{""genus"": ""Phaselicystis""}"	0.5696209429	0.6946596865
dune_route	biology_context_corrected_20260909/route_genus_correlations_dune_sites.tsv	93	"{""genus"": ""Domibacillus""}"	0.5802047993	0.7032785446
dune_route	biology_context_corrected_20260909/route_genus_correlations_dune_sites.tsv	94	"{""genus"": ""Caulobacter""}"	0.606088853	0.7302275337
dune_route	biology_context_corrected_20260909/route_genus_correlations_dune_sites.tsv	95	"{""genus"": ""Pajaroellobacter""}"	0.6474538153	0.761710371
dune_route	biology_context_corrected_20260909/route_genus_correlations_dune_sites.tsv	96	"{""genus"": ""Microvirga""}"	0.6592865704	0.7707333104
dune_route	biology_context_corrected_20260909/route_genus_correlations_dune_sites.tsv	97	"{""genus"": ""Nibribacter""}"	0.6685471677	0.7707333104
dune_route	biology_context_corrected_20260909/route_genus_correlations_dune_sites.tsv	98	"{""genus"": ""Tautonia""}"	0.6791904715	0.7762176818
dune_route	biology_context_corrected_20260909/route_genus_correlations_dune_sites.tsv	99	"{""genus"": ""Polycyclovorans""}"	0.7518690689	0.8447967066
dune_route	biology_context_corrected_20260909/route_genus_correlations_dune_sites.tsv	100	"{""genus"": ""OM27 clade""}"	0.7650207981	0.850023109
dune_route	biology_context_corrected_20260909/route_genus_correlations_dune_sites.tsv	101	"{""genus"": ""Lautropia""}"	0.7650207981	0.850023109
dune_route	biology_context_corrected_20260909/route_genus_correlations_dune_sites.tsv	102	"{""genus"": ""Rhodoplanes""}"	0.788017213	0.8635158223
dune_route	biology_context_corrected_20260909/route_genus_correlations_dune_sites.tsv	103	"{""genus"": ""Nocardioides""}"	0.8387883706	0.9083340249
dune_route	biology_context_corrected_20260909/route_genus_correlations_dune_sites.tsv	104	"{""genus"": ""Neorhizobium""}"	0.840208973	0.9083340249
dune_route	biology_context_corrected_20260909/route_genus_correlations_dune_sites.tsv	105	"{""genus"": ""SZB85""}"	0.8558677563	0.908624879
dune_route	biology_context_corrected_20260909/route_genus_correlations_dune_sites.tsv	106	"{""genus"": ""Rhodococcus""}"	0.8601481057	0.908624879
dune_route	biology_context_corrected_20260909/route_genus_correlations_dune_sites.tsv	107	"{""genus"": ""Opitutus""}"	0.8622897742	0.908624879
dune_route	biology_context_corrected_20260909/route_genus_correlations_dune_sites.tsv	108	"{""genus"": ""Cystobacter""}"	0.8651468481	0.908624879
dune_route	biology_context_corrected_20260909/route_genus_correlations_dune_sites.tsv	109	"{""genus"": ""DSSF69""}"	0.8665760246	0.908624879
dune_route	biology_context_corrected_20260909/route_genus_correlations_dune_sites.tsv	110	"{""genus"": ""Pantoea""}"	0.8816069198	0.908624879
dune_route	biology_context_corrected_20260909/route_genus_correlations_dune_sites.tsv	111	"{""genus"": ""Allorhizocola""}"	0.885909257	0.908624879
dune_route	biology_context_corrected_20260909/route_genus_correlations_dune_sites.tsv	112	"{""genus"": ""Roseicella""}"	0.9247616907	0.9341027179
dune_route	biology_context_corrected_20260909/route_genus_correlations_dune_sites.tsv	113	"{""genus"": ""Acidiferrimicrobium""}"	0.9978265573	0.9978265573
dune_route	biology_context_corrected_20260909/route_genus_correlations_dune_sites.tsv	114	"{""genus"": ""Saccharibacillus""}"	0.937755544	0.9424678834
dune_route	biology_context_corrected_20260909/route_genus_correlations_dune_sites.tsv	115	"{""genus"": ""Kocuria""}"	0.9024305396	0.9161731366
dune_route	biology_context_corrected_20260909/route_genus_correlations_dune_sites.tsv	116	"{""genus"": ""CSP1-2""}"	0.8973976857	0.9157119242
dune_route	biology_context_corrected_20260909/route_genus_correlations_dune_sites.tsv	117	"{""genus"": ""YC-ZSS-LKJ147""}"	0.8780242038	0.908624879
dune_route	biology_context_corrected_20260909/route_genus_correlations_dune_sites.tsv	118	"{""genus"": ""Anaeromyxobacter""}"	0.8765917872	0.908624879
dune_route	biology_context_corrected_20260909/route_genus_correlations_dune_sites.tsv	119	"{""genus"": ""Ectobacillus""}"	0.8744438939	0.908624879
dune_route	biology_context_corrected_20260909/route_genus_correlations_dune_sites.tsv	120	"{""genus"": ""Kineosporia""}"	0.7901169774	0.8635158223
dune_route	biology_context_corrected_20260909/route_genus_correlations_dune_sites.tsv	121	"{""genus"": ""Roseomonas""}"	0.7824251328	0.8635158223
dune_route	biology_context_corrected_20260909/route_genus_correlations_dune_sites.tsv	122	"{""genus"": ""Prauserella""}"	0.7339845911	0.8293611198
dune_route	biology_context_corrected_20260909/route_genus_correlations_dune_sites.tsv	123	"{""genus"": ""Thermobaculum""}"	0.7319297171	0.8293611198
dune_route	biology_context_corrected_20260909/route_genus_correlations_dune_sites.tsv	124	"{""genus"": ""Croceibacterium""}"	0.67053798	0.7707333104
dune_route	biology_context_corrected_20260909/route_genus_correlations_dune_sites.tsv	125	"{""genus"": ""Acidibacter""}"	0.6645722864	0.7707333104
dune_route	biology_context_corrected_20260909/route_genus_correlations_dune_sites.tsv	126	"{""genus"": ""Lysinibacillus""}"	0.6467989169	0.761710371
dune_route	biology_context_corrected_20260909/route_genus_correlations_dune_sites.tsv	127	"{""genus"": ""Arsenicitalea""}"	0.6292176532	0.7490686347
dune_route	biology_context_corrected_20260909/route_genus_correlations_dune_sites.tsv	128	"{""genus"": ""Devosia""}"	0.6176075768	0.7396497925
dune_route	biology_context_corrected_20260909/route_genus_correlations_dune_sites.tsv	129	"{""genus"": ""Longispora""}"	0.5329941438	0.6609873172
dune_route	biology_context_corrected_20260909/route_genus_correlations_dune_sites.tsv	130	"{""genus"": ""I-8""}"	0.5222346554	0.6527933193
dune_route	biology_context_corrected_20260909/route_genus_correlations_dune_sites.tsv	131	"{""genus"": ""Methylobacillus""}"	0.5074716249	0.6423691455
dune_route	biology_context_corrected_20260909/route_genus_correlations_dune_sites.tsv	132	"{""genus"": ""Planococcus""}"	0.4911915298	0.6297327305
dune_route	biology_context_corrected_20260909/route_genus_correlations_dune_sites.tsv	133	"{""genus"": ""Pir4 lineage""}"	0.4894634213	0.6297327305
dune_route	biology_context_corrected_20260909/route_genus_correlations_dune_sites.tsv	134	"{""genus"": ""Amycolatopsis""}"	0.4544665141	0.6019424028
dune_route	biology_context_corrected_20260909/route_genus_correlations_dune_sites.tsv	135	"{""genus"": ""TM7a""}"	0.4283348015	0.5788308128
dune_route	biology_context_corrected_20260909/route_genus_correlations_dune_sites.tsv	136	"{""genus"": ""Isoptericola""}"	0.3801812254	0.5280294798
dune_route	biology_context_corrected_20260909/route_genus_correlations_dune_sites.tsv	137	"{""genus"": ""Niastella""}"	0.3801812254	0.5280294798
dune_route	biology_context_corrected_20260909/route_genus_correlations_dune_sites.tsv	138	"{""genus"": ""Peredibacter""}"	0.3537585515	0.5053693593
dune_route	biology_context_corrected_20260909/route_genus_correlations_dune_sites.tsv	139	"{""genus"": ""Tumebacillus""}"	0.3091905382	0.454691968
dune_route	biology_context_corrected_20260909/route_genus_correlations_dune_sites.tsv	140	"{""genus"": ""Oxalophagus""}"	0.2839161466	0.4206165135
dune_route	biology_context_corrected_20260909/route_genus_correlations_dune_sites.tsv	141	"{""genus"": ""Mesobacillus""}"	0.2744396692	0.4102198612
dune_route	biology_context_corrected_20260909/route_genus_correlations_dune_sites.tsv	142	"{""genus"": ""Bauldia""}"	0.2715973514	0.4102198612
dune_route	biology_context_corrected_20260909/route_genus_correlations_dune_sites.tsv	143	"{""genus"": ""Nitrolancea""}"	0.2659711941	0.4085049103
dune_route	biology_context_corrected_20260909/route_genus_correlations_dune_sites.tsv	144	"{""genus"": ""Cytophaga""}"	0.2639807299	0.4085049103
dune_route	biology_context_corrected_20260909/route_genus_correlations_dune_sites.tsv	145	"{""genus"": ""Streptococcus""}"	0.2627912162	0.4085049103
dune_route	biology_context_corrected_20260909/route_genus_correlations_dune_sites.tsv	146	"{""genus"": ""Telluribacter""}"	0.2465123362	0.3936093881
dune_route	biology_context_corrected_20260909/route_genus_correlations_dune_sites.tsv	147	"{""genus"": ""Brevundimonas""}"	0.2320187332	0.3803585791
dune_route	biology_context_corrected_20260909/route_genus_correlations_dune_sites.tsv	148	"{""genus"": ""Kineococcus""}"	0.2008284484	0.3347140806
dune_route	biology_context_corrected_20260909/route_genus_correlations_dune_sites.tsv	149	"{""genus"": ""Aureibacillus""}"	0.1895347033	0.3256148264
dune_route	biology_context_corrected_20260909/route_genus_correlations_dune_sites.tsv	150	"{""genus"": ""Paracoccus""}"	0.1780940788	0.3124457523
dune_route	biology_context_corrected_20260909/route_genus_correlations_dune_sites.tsv	151	"{""genus"": ""Thermosipho""}"	0.1589318581	0.2812953241
dune_route	biology_context_corrected_20260909/route_genus_correlations_dune_sites.tsv	152	"{""genus"": ""Oceanobacillus""}"	0.1478119534	0.2639499168
dune_route	biology_context_corrected_20260909/route_genus_correlations_dune_sites.tsv	153	"{""genus"": ""Georgenia""}"	0.1392865274	0.2532482317
dune_route	biology_context_corrected_20260909/route_genus_correlations_dune_sites.tsv	154	"{""genus"": ""Sandaracinus""}"	0.1124172521	0.2101257048
dune_route	biology_context_corrected_20260909/route_genus_correlations_dune_sites.tsv	155	"{""genus"": ""Sandaracinobacter""}"	0.09986715631	0.1884285968
dune_route	biology_context_corrected_20260909/route_genus_correlations_dune_sites.tsv	156	"{""genus"": ""Brevibacillus""}"	0.09849881786	0.1884285968
dune_route	biology_context_corrected_20260909/route_genus_correlations_dune_sites.tsv	157	"{""genus"": ""Azohydromonas""}"	0.09772341392	0.1884285968
dune_route	biology_context_corrected_20260909/route_genus_correlations_dune_sites.tsv	158	"{""genus"": ""Hydrocarboniphaga""}"	0.08352344046	0.1687342232
dune_route	biology_context_corrected_20260909/route_genus_correlations_dune_sites.tsv	159	"{""genus"": ""Brucella""}"	0.07546217885	0.1555921213
dune_route	biology_context_corrected_20260909/route_genus_correlations_dune_sites.tsv	160	"{""genus"": ""SM1A02""}"	0.07498926067	0.1555921213
dune_route	biology_context_corrected_20260909/route_genus_correlations_dune_sites.tsv	161	"{""genus"": ""Ohtaekwangia""}"	0.060516351	0.1330029692
dune_route	biology_context_corrected_20260909/route_genus_correlations_dune_sites.tsv	162	"{""genus"": ""Tepidisphaera""}"	0.05946246065	0.1324297528
dune_route	biology_context_corrected_20260909/route_genus_correlations_dune_sites.tsv	163	"{""genus"": ""Symbiobacterium""}"	0.04277664405	0.09948056756
dune_route	biology_context_corrected_20260909/route_genus_correlations_dune_sites.tsv	164	"{""genus"": ""Neobacillus""}"	0.04090578316	0.09624890155
dune_route	biology_context_corrected_20260909/route_genus_correlations_dune_sites.tsv	165	"{""genus"": ""Pseudomonas""}"	0.04061658638	0.09624890155
dune_route	biology_context_corrected_20260909/route_genus_correlations_dune_sites.tsv	166	"{""genus"": ""Azospirillum""}"	0.032607147	0.07952962684
dune_route	biology_context_corrected_20260909/route_genus_correlations_dune_sites.tsv	167	"{""genus"": ""Falsirhodobacter""}"	0.03181268416	0.07854983743
dune_route	biology_context_corrected_20260909/route_genus_correlations_dune_sites.tsv	168	"{""genus"": ""Bradyrhizobium""}"	0.0205182147	0.05621428686
dune_route	biology_context_corrected_20260909/route_genus_correlations_dune_sites.tsv	169	"{""genus"": ""Candidatus Alysiosphaera""}"	0.01703235295	0.04866386557
dune_route	biology_context_corrected_20260909/route_genus_correlations_dune_sites.tsv	170	"{""genus"": ""Corynebacterium""}"	0.01648042284	0.04790096054
dune_route	biology_context_corrected_20260909/route_genus_correlations_dune_sites.tsv	171	"{""genus"": ""Nesterenkonia""}"	0.01491459343	0.04452117441
dune_route	biology_context_corrected_20260909/route_genus_correlations_dune_sites.tsv	172	"{""genus"": ""Limibaculum""}"	0.00824945119	0.02704738095
dune_route	biology_context_corrected_20260909/route_genus_correlations_dune_sites.tsv	173	"{""genus"": ""Litchfieldia""}"	0.007808067302	0.02602689101
dune_route	biology_context_corrected_20260909/route_genus_correlations_dune_sites.tsv	174	"{""genus"": ""MM2""}"	0.007571778579	0.02566704603
dune_route	biology_context_corrected_20260909/route_genus_correlations_dune_sites.tsv	175	"{""genus"": ""Pelagibacterium""}"	0.007410074763	0.02555198194
dune_route	biology_context_corrected_20260909/route_genus_correlations_dune_sites.tsv	176	"{""genus"": ""Crossiella""}"	0.00490471847	0.01751685168
dune_route	biology_context_corrected_20260909/route_genus_correlations_dune_sites.tsv	177	"{""genus"": ""SH-PL14""}"	0.003942975568	0.01433809297
dune_route	biology_context_corrected_20260909/route_genus_correlations_dune_sites.tsv	178	"{""genus"": ""Truepera""}"	0.003624332468	0.01342345358
dune_route	biology_context_corrected_20260909/route_genus_correlations_dune_sites.tsv	179	"{""genus"": ""Saccharomonospora""}"	0.001563628782	0.006382158292
dune_route	biology_context_corrected_20260909/route_genus_correlations_dune_sites.tsv	180	"{""genus"": ""Ornithinibacillus""}"	0.001365141916	0.005809114536
dune_route	biology_context_corrected_20260909/route_genus_correlations_dune_sites.tsv	181	"{""genus"": ""Acinetobacter""}"	0.001359963587	0.005809114536
dune_route	biology_context_corrected_20260909/route_genus_correlations_dune_sites.tsv	182	"{""genus"": ""Paenibacillus""}"	0.001329258532	0.005809114536
dune_route	biology_context_corrected_20260909/route_genus_correlations_dune_sites.tsv	183	"{""genus"": ""Staphylococcus""}"	0.001198576592	0.005448075417
dune_route	biology_context_corrected_20260909/route_genus_correlations_dune_sites.tsv	184	"{""genus"": ""Pelagibius""}"	0.0006227235452	0.003193454078
dune_route	biology_context_corrected_20260909/route_genus_correlations_dune_sites.tsv	185	"{""genus"": ""Halomonas""}"	0.0002199075526	0.001399843611
dune_route	biology_context_corrected_20260909/route_genus_correlations_dune_sites.tsv	186	"{""genus"": ""Aeromonas""}"	0.0001879392525	0.001296132776
dune_route	biology_context_corrected_20260909/route_genus_correlations_dune_sites.tsv	187	"{""genus"": ""Enterococcus""}"	0.0001349871969	0.0009999051625
dune_route	biology_context_corrected_20260909/route_genus_correlations_dune_sites.tsv	188	"{""genus"": ""Gracilibacillus""}"	2.96719988e-05	0.0002825904647
dune_route	biology_context_corrected_20260909/route_genus_correlations_dune_sites.tsv	189	"{""genus"": ""Escherichia-Shigella""}"	1.720830388e-05	0.0001912033764
dune_route	biology_context_corrected_20260909/route_genus_correlations_dune_sites.tsv	190	"{""genus"": ""Sediminibacillus""}"	1.413211053e-05	0.0001662601239
dune_route	biology_context_corrected_20260909/route_genus_correlations_dune_sites.tsv	191	"{""genus"": ""Rhodocista""}"	1.1984975e-06	1.712139285e-05
dune_route	biology_context_corrected_20260909/route_genus_correlations_dune_sites.tsv	192	"{""genus"": ""Aquibacillus""}"	9.678491796e-07	1.488998738e-05
dune_route	biology_context_corrected_20260909/route_genus_correlations_dune_sites.tsv	193	"{""genus"": ""Plastorhodobacter""}"	3.738434132e-07	6.797152968e-06
dune_route	biology_context_corrected_20260909/route_genus_correlations_dune_sites.tsv	194	"{""genus"": ""Bacillus""}"	3.153275449e-07	6.306550898e-06
dune_route	biology_context_corrected_20260909/route_genus_correlations_dune_sites.tsv	195	"{""genus"": ""Metabacillus""}"	3.137598831e-08	8.964568088e-07
dune_route	biology_context_corrected_20260909/route_genus_correlations_dune_sites.tsv	196	"{""genus"": ""Pseudalkalibacillus""}"	4.991749242e-09	1.663916414e-07
dune_route	biology_context_corrected_20260909/route_genus_correlations_dune_sites.tsv	197	"{""genus"": ""Ammoniphilus""}"	1.783332985e-09	7.133331941e-08
dune_route	biology_context_corrected_20260909/route_genus_correlations_dune_sites.tsv	198	"{""genus"": ""Polygonibacillus""}"	4.467706979e-10	2.978471319e-08
dune_route	biology_context_corrected_20260909/route_genus_correlations_dune_sites.tsv	199	"{""genus"": ""Pontibacter""}"	4.552950306e-12	4.552950306e-10
dune_route	biology_context_corrected_20260909/route_genus_correlations_dune_sites.tsv	200	"{""genus"": ""Halalkalibacter""}"	2.783249101e-12	4.552950306e-10
dune_climate	biology_context_corrected_20260909/climate_diversity_dune_sensitivity.tsv	1	"{""climate_variable"": ""mean_air_temperature_c"", ""diversity_measure"": ""shannon""}"	4.722678833e-05	0.0001393504929
dune_climate	biology_context_corrected_20260909/climate_diversity_dune_sensitivity.tsv	2	"{""climate_variable"": ""mean_air_temperature_c"", ""diversity_measure"": ""expected_richness_25k""}"	6.11306351e-08	5.501757159e-07
dune_climate	biology_context_corrected_20260909/climate_diversity_dune_sensitivity.tsv	3	"{""climate_variable"": ""mean_air_temperature_c"", ""diversity_measure"": ""normalized_evenness""}"	0.002487152485	0.004476874473
dune_climate	biology_context_corrected_20260909/climate_diversity_dune_sensitivity.tsv	4	"{""climate_variable"": ""mean_monthly_rain_mm"", ""diversity_measure"": ""shannon""}"	0.1252842931	0.1409448298
dune_climate	biology_context_corrected_20260909/climate_diversity_dune_sensitivity.tsv	5	"{""climate_variable"": ""mean_monthly_rain_mm"", ""diversity_measure"": ""expected_richness_25k""}"	0.03414839519	0.04390507954
dune_climate	biology_context_corrected_20260909/climate_diversity_dune_sensitivity.tsv	6	"{""climate_variable"": ""mean_monthly_rain_mm"", ""diversity_measure"": ""normalized_evenness""}"	0.4591506467	0.4591506467
dune_climate	biology_context_corrected_20260909/climate_diversity_dune_sensitivity.tsv	7	"{""climate_variable"": ""mean_relative_humidity_pct"", ""diversity_measure"": ""shannon""}"	6.193355238e-05	0.0001393504929
dune_climate	biology_context_corrected_20260909/climate_diversity_dune_sensitivity.tsv	8	"{""climate_variable"": ""mean_relative_humidity_pct"", ""diversity_measure"": ""expected_richness_25k""}"	1.679335324e-07	7.55700896e-07
dune_climate	biology_context_corrected_20260909/climate_diversity_dune_sensitivity.tsv	9	"{""climate_variable"": ""mean_relative_humidity_pct"", ""diversity_measure"": ""normalized_evenness""}"	0.01142245848	0.01713368772
ph_genus	biology_context_corrected_20260909/ph_genus_correlations.tsv	1	"{""genus"": ""Caenimonas""}"	2.501397228e-09	3.848303428e-08
ph_genus	biology_context_corrected_20260909/ph_genus_correlations.tsv	2	"{""genus"": ""Pirellula""}"	5.800523227e-09	8.286461752e-08
ph_genus	biology_context_corrected_20260909/ph_genus_correlations.tsv	3	"{""genus"": ""Roseisolibacter""}"	1.452864768e-08	1.81608096e-07
ph_genus	biology_context_corrected_20260909/ph_genus_correlations.tsv	4	"{""genus"": ""Gemmatimonas""}"	1.7915357e-08	1.990595222e-07
ph_genus	biology_context_corrected_20260909/ph_genus_correlations.tsv	5	"{""genus"": ""Steroidobacter""}"	1.936787759e-08	2.038723957e-07
ph_genus	biology_context_corrected_20260909/ph_genus_correlations.tsv	6	"{""genus"": ""Streptomyces""}"	3.70103627e-08	3.524796448e-07
ph_genus	biology_context_corrected_20260909/ph_genus_correlations.tsv	7	"{""genus"": ""Gaiella""}"	4.328131695e-08	3.934665178e-07
ph_genus	biology_context_corrected_20260909/ph_genus_correlations.tsv	8	"{""genus"": ""Dongia""}"	9.214091708e-08	8.012253659e-07
ph_genus	biology_context_corrected_20260909/ph_genus_correlations.tsv	9	"{""genus"": ""Cellulomonas""}"	3.642025982e-07	2.567287142e-06
ph_genus	biology_context_corrected_20260909/ph_genus_correlations.tsv	10	"{""genus"": ""Sphingomonas""}"	4.639652378e-07	3.067963652e-06
ph_genus	biology_context_corrected_20260909/ph_genus_correlations.tsv	11	"{""genus"": ""Solirubrobacter""}"	4.755343661e-07	3.067963652e-06
ph_genus	biology_context_corrected_20260909/ph_genus_correlations.tsv	12	"{""genus"": ""Adhaeribacter""}"	5.197825423e-07	3.24864089e-06
ph_genus	biology_context_corrected_20260909/ph_genus_correlations.tsv	13	"{""genus"": ""Gemmata""}"	1.129889442e-06	6.107510495e-06
ph_genus	biology_context_corrected_20260909/ph_genus_correlations.tsv	14	"{""genus"": ""Ramlibacter""}"	2.030970568e-06	1.041523368e-05
ph_genus	biology_context_corrected_20260909/ph_genus_correlations.tsv	15	"{""genus"": ""Blastocatella""}"	2.889011752e-06	1.444505876e-05
ph_genus	biology_context_corrected_20260909/ph_genus_correlations.tsv	16	"{""genus"": ""Bryobacter""}"	2.985578763e-06	1.456379884e-05
ph_genus	biology_context_corrected_20260909/ph_genus_correlations.tsv	17	"{""genus"": ""Caldilinea""}"	3.49630364e-06	1.664906495e-05
ph_genus	biology_context_corrected_20260909/ph_genus_correlations.tsv	18	"{""genus"": ""Flavisolibacter""}"	4.198599847e-06	1.908454476e-05
ph_genus	biology_context_corrected_20260909/ph_genus_correlations.tsv	19	"{""genus"": ""Paraconexibacter""}"	4.548494061e-06	1.998760376e-05
ph_genus	biology_context_corrected_20260909/ph_genus_correlations.tsv	20	"{""genus"": ""Baekduia""}"	6.386092866e-06	2.717486326e-05
ph_genus	biology_context_corrected_20260909/ph_genus_correlations.tsv	21	"{""genus"": ""Pseudonocardia""}"	8.200315952e-06	3.347067735e-05
ph_genus	biology_context_corrected_20260909/ph_genus_correlations.tsv	22	"{""genus"": ""Segetibacter""}"	9.125841166e-06	3.578761241e-05
ph_genus	biology_context_corrected_20260909/ph_genus_correlations.tsv	23	"{""genus"": ""Rubritepida""}"	9.125841166e-06	3.578761241e-05
ph_genus	biology_context_corrected_20260909/ph_genus_correlations.tsv	24	"{""genus"": ""Luteitalea""}"	1.209043269e-05	4.650166418e-05
ph_genus	biology_context_corrected_20260909/ph_genus_correlations.tsv	25	"{""genus"": ""Actinophytocola""}"	1.701144378e-05	6.419412746e-05
ph_genus	biology_context_corrected_20260909/ph_genus_correlations.tsv	26	"{""genus"": ""Ellin6055""}"	1.956851282e-05	7.247597342e-05
ph_genus	biology_context_corrected_20260909/ph_genus_correlations.tsv	27	"{""genus"": ""Phaselicystis""}"	2.221230734e-05	8.008821433e-05
ph_genus	biology_context_corrected_20260909/ph_genus_correlations.tsv	28	"{""genus"": ""Marmoricola""}"	2.242470001e-05	8.008821433e-05
ph_genus	biology_context_corrected_20260909/ph_genus_correlations.tsv	29	"{""genus"": ""Parviterribacter""}"	3.065609422e-05	0.0001075652429
ph_genus	biology_context_corrected_20260909/ph_genus_correlations.tsv	30	"{""genus"": ""Massilia""}"	3.425752798e-05	0.0001161272135
ph_genus	biology_context_corrected_20260909/ph_genus_correlations.tsv	31	"{""genus"": ""Aridibacter""}"	4.123374113e-05	0.0001374458038
ph_genus	biology_context_corrected_20260909/ph_genus_correlations.tsv	32	"{""genus"": ""Abditibacterium""}"	5.927831629e-05	0.0001943551354
ph_genus	biology_context_corrected_20260909/ph_genus_correlations.tsv	33	"{""genus"": ""Anaeromyxobacter""}"	6.573730352e-05	0.0002120558178
ph_genus	biology_context_corrected_20260909/ph_genus_correlations.tsv	34	"{""genus"": ""Cnuella""}"	7.00398065e-05	0.0002223485921
ph_genus	biology_context_corrected_20260909/ph_genus_correlations.tsv	35	"{""genus"": ""Fimbriiglobus""}"	7.363492726e-05	0.0002301091477
ph_genus	biology_context_corrected_20260909/ph_genus_correlations.tsv	36	"{""genus"": ""Chthoniobacter""}"	8.239797049e-05	0.0002535322169
ph_genus	biology_context_corrected_20260909/ph_genus_correlations.tsv	37	"{""genus"": ""Verrucosispora""}"	0.000107757308	0.000326537297
ph_genus	biology_context_corrected_20260909/ph_genus_correlations.tsv	38	"{""genus"": ""Noviherbaspirillum""}"	0.000136970373	0.000408866785
ph_genus	biology_context_corrected_20260909/ph_genus_correlations.tsv	39	"{""genus"": ""Pajaroellobacter""}"	0.000152427904	0.0004483173646
ph_genus	biology_context_corrected_20260909/ph_genus_correlations.tsv	40	"{""genus"": ""Phenylobacterium""}"	0.0001627184933	0.0004716478066
ph_genus	biology_context_corrected_20260909/ph_genus_correlations.tsv	41	"{""genus"": ""Saccharopolyspora""}"	0.0002015207094	0.0005676639703
ph_genus	biology_context_corrected_20260909/ph_genus_correlations.tsv	42	"{""genus"": ""Limnobacter""}"	0.0002248303738	0.0006159736268
ph_genus	biology_context_corrected_20260909/ph_genus_correlations.tsv	43	"{""genus"": ""Daejeonella""}"	0.0002293242188	0.000619795186
ph_genus	biology_context_corrected_20260909/ph_genus_correlations.tsv	44	"{""genus"": ""Actinoplanes""}"	0.0003194061926	0.0008517498468
ph_genus	biology_context_corrected_20260909/ph_genus_correlations.tsv	45	"{""genus"": ""Nitrospira""}"	0.000350124885	0.0009213812763
ph_genus	biology_context_corrected_20260909/ph_genus_correlations.tsv	46	"{""genus"": ""Roseomonas""}"	0.0003664720578	0.0009313043004
ph_genus	biology_context_corrected_20260909/ph_genus_correlations.tsv	47	"{""genus"": ""Rubrobacter""}"	0.0003678651986	0.0009313043004
ph_genus	biology_context_corrected_20260909/ph_genus_correlations.tsv	48	"{""genus"": ""Opitutus""}"	0.0004058224649	0.001014556162
ph_genus	biology_context_corrected_20260909/ph_genus_correlations.tsv	49	"{""genus"": ""Actinomadura""}"	0.0004309169451	0.001063992457
ph_genus	biology_context_corrected_20260909/ph_genus_correlations.tsv	50	"{""genus"": ""[Polyangium] brachysporum group""}"	0.0004489789007	0.001095070489
ph_genus	biology_context_corrected_20260909/ph_genus_correlations.tsv	51	"{""genus"": ""JCM 18997""}"	0.00054303945	0.001308528795
ph_genus	biology_context_corrected_20260909/ph_genus_correlations.tsv	52	"{""genus"": ""Conexibacter""}"	0.0005715286864	0.001360782587
ph_genus	biology_context_corrected_20260909/ph_genus_correlations.tsv	53	"{""genus"": ""MND1""}"	0.0008957913545	0.002077332082
ph_genus	biology_context_corrected_20260909/ph_genus_correlations.tsv	54	"{""genus"": ""Novosphingobium""}"	0.0009036394557	0.002077332082
ph_genus	biology_context_corrected_20260909/ph_genus_correlations.tsv	55	"{""genus"": ""Rufibacter""}"	0.000924335709	0.002100762975
ph_genus	biology_context_corrected_20260909/ph_genus_correlations.tsv	56	"{""genus"": ""Arcticibacter""}"	0.00101671053	0.002284742765
ph_genus	biology_context_corrected_20260909/ph_genus_correlations.tsv	57	"{""genus"": ""Nocardioides""}"	0.001115417385	0.00245146678
ph_genus	biology_context_corrected_20260909/ph_genus_correlations.tsv	58	"{""genus"": ""Blastococcus""}"	0.0013549068	0.002945449566
ph_genus	biology_context_corrected_20260909/ph_genus_correlations.tsv	59	"{""genus"": ""Sumerlaea""}"	0.001599661822	0.00344013295
ph_genus	biology_context_corrected_20260909/ph_genus_correlations.tsv	60	"{""genus"": ""Herpetosiphon""}"	0.001817322142	0.003825941352
ph_genus	biology_context_corrected_20260909/ph_genus_correlations.tsv	61	"{""genus"": ""Nordella""}"	0.001850060797	0.003854293328
ph_genus	biology_context_corrected_20260909/ph_genus_correlations.tsv	62	"{""genus"": ""Geodermatophilus""}"	0.001983160276	0.004088990261
ph_genus	biology_context_corrected_20260909/ph_genus_correlations.tsv	63	"{""genus"": ""Deinococcus""}"	0.002071046056	0.004226624604
ph_genus	biology_context_corrected_20260909/ph_genus_correlations.tsv	64	"{""genus"": ""Saccharothrix""}"	0.002802993901	0.005605987802
ph_genus	biology_context_corrected_20260909/ph_genus_correlations.tsv	65	"{""genus"": ""Pedomicrobium""}"	0.00328370848	0.00650239303
ph_genus	biology_context_corrected_20260909/ph_genus_correlations.tsv	66	"{""genus"": ""Herbaspirillum""}"	0.003590837766	0.007040858364
ph_genus	biology_context_corrected_20260909/ph_genus_correlations.tsv	67	"{""genus"": ""Sphingoaurantiacus""}"	0.003739682204	0.007261518843
ph_genus	biology_context_corrected_20260909/ph_genus_correlations.tsv	68	"{""genus"": ""Roseicella""}"	0.006964904143	0.01326648408
ph_genus	biology_context_corrected_20260909/ph_genus_correlations.tsv	69	"{""genus"": ""Ectobacillus""}"	0.008478957687	0.01599803337
ph_genus	biology_context_corrected_20260909/ph_genus_correlations.tsv	70	"{""genus"": ""Lautropia""}"	0.008878519572	0.01659536369
ph_genus	biology_context_corrected_20260909/ph_genus_correlations.tsv	71	"{""genus"": ""Rubellimicrobium""}"	0.009445113385	0.01733048328
ph_genus	biology_context_corrected_20260909/ph_genus_correlations.tsv	72	"{""genus"": ""Sporocytophaga""}"	0.01400458615	0.02523348856
ph_genus	biology_context_corrected_20260909/ph_genus_correlations.tsv	73	"{""genus"": ""Modestobacter""}"	0.01562677719	0.02790495926
ph_genus	biology_context_corrected_20260909/ph_genus_correlations.tsv	74	"{""genus"": ""Nibribacter""}"	0.01660938649	0.02939714423
ph_genus	biology_context_corrected_20260909/ph_genus_correlations.tsv	75	"{""genus"": ""Lysobacter""}"	0.01755785324	0.0308032513
ph_genus	biology_context_corrected_20260909/ph_genus_correlations.tsv	76	"{""genus"": ""Mycobacterium""}"	0.0212373413	0.03693450661
ph_genus	biology_context_corrected_20260909/ph_genus_correlations.tsv	77	"{""genus"": ""Arthrobacter""}"	0.0247317145	0.04264088707
ph_genus	biology_context_corrected_20260909/ph_genus_correlations.tsv	78	"{""genus"": ""PMMR1""}"	0.03054594963	0.05133773048
ph_genus	biology_context_corrected_20260909/ph_genus_correlations.tsv	79	"{""genus"": ""Archangium""}"	0.03085743222	0.0514290537
ph_genus	biology_context_corrected_20260909/ph_genus_correlations.tsv	80	"{""genus"": ""Myxococcus""}"	0.03717690501	0.06144942977
ph_genus	biology_context_corrected_20260909/ph_genus_correlations.tsv	81	"{""genus"": ""Mangrovihabitans""}"	0.06111223635	0.09623974228
ph_genus	biology_context_corrected_20260909/ph_genus_correlations.tsv	82	"{""genus"": ""Acidibacter""}"	0.07269502672	0.1093158296
ph_genus	biology_context_corrected_20260909/ph_genus_correlations.tsv	83	"{""genus"": ""Glycomyces""}"	0.07959758124	0.1187052413
ph_genus	biology_context_corrected_20260909/ph_genus_correlations.tsv	84	"{""genus"": ""Plantactinospora""}"	0.09564631123	0.1386178424
ph_genus	biology_context_corrected_20260909/ph_genus_correlations.tsv	85	"{""genus"": ""Domibacillus""}"	0.1011590969	0.1455526574
ph_genus	biology_context_corrected_20260909/ph_genus_correlations.tsv	86	"{""genus"": ""Vallicoccus""}"	0.1036355232	0.1480507475
ph_genus	biology_context_corrected_20260909/ph_genus_correlations.tsv	87	"{""genus"": ""CSP1-2""}"	0.109983377	0.1560047901
ph_genus	biology_context_corrected_20260909/ph_genus_correlations.tsv	88	"{""genus"": ""OM27 clade""}"	0.119388406	0.1658172305
ph_genus	biology_context_corrected_20260909/ph_genus_correlations.tsv	89	"{""genus"": ""Rhodocytophaga""}"	0.1344042521	0.182862928
ph_genus	biology_context_corrected_20260909/ph_genus_correlations.tsv	90	"{""genus"": ""Nitrolancea""}"	0.1501853823	0.2002471764
ph_genus	biology_context_corrected_20260909/ph_genus_correlations.tsv	91	"{""genus"": ""Peredibacter""}"	0.1521579765	0.2015337438
ph_genus	biology_context_corrected_20260909/ph_genus_correlations.tsv	92	"{""genus"": ""Cupriavidus""}"	0.1960369294	0.2545934148
ph_genus	biology_context_corrected_20260909/ph_genus_correlations.tsv	93	"{""genus"": ""Nonomuraea""}"	0.2156139531	0.2782115523
ph_genus	biology_context_corrected_20260909/ph_genus_correlations.tsv	94	"{""genus"": ""Acidiferrimicrobium""}"	0.224667986	0.2880358794
ph_genus	biology_context_corrected_20260909/ph_genus_correlations.tsv	95	"{""genus"": ""Fictibacillus""}"	0.2365230376	0.2993962502
ph_genus	biology_context_corrected_20260909/ph_genus_correlations.tsv	96	"{""genus"": ""Cytophaga""}"	0.2546541659	0.3203197055
ph_genus	biology_context_corrected_20260909/ph_genus_correlations.tsv	97	"{""genus"": ""Luedemannella""}"	0.2692261009	0.3349035988
ph_genus	biology_context_corrected_20260909/ph_genus_correlations.tsv	98	"{""genus"": ""Oxalophagus""}"	0.269597397	0.3349035988
ph_genus	biology_context_corrected_20260909/ph_genus_correlations.tsv	99	"{""genus"": ""Brevundimonas""}"	0.286080279	0.3495856464
ph_genus	biology_context_corrected_20260909/ph_genus_correlations.tsv	100	"{""genus"": ""Allorhizocola""}"	0.2866602301	0.3495856464
ph_genus	biology_context_corrected_20260909/ph_genus_correlations.tsv	101	"{""genus"": ""Microvirga""}"	0.3044182721	0.3667690025
ph_genus	biology_context_corrected_20260909/ph_genus_correlations.tsv	102	"{""genus"": ""Polycyclovorans""}"	0.3479017927	0.4166488535
ph_genus	biology_context_corrected_20260909/ph_genus_correlations.tsv	103	"{""genus"": ""Azohydromonas""}"	0.3659142712	0.4308811233
ph_genus	biology_context_corrected_20260909/ph_genus_correlations.tsv	104	"{""genus"": ""Saccharibacillus""}"	0.371586093	0.4320768524
ph_genus	biology_context_corrected_20260909/ph_genus_correlations.tsv	105	"{""genus"": ""Aeromicrobium""}"	0.3919696992	0.4479653705
ph_genus	biology_context_corrected_20260909/ph_genus_correlations.tsv	106	"{""genus"": ""Subgroup 10""}"	0.3966927701	0.4490441852
ph_genus	biology_context_corrected_20260909/ph_genus_correlations.tsv	107	"{""genus"": ""Arsenicitalea""}"	0.3974041039	0.4490441852
ph_genus	biology_context_corrected_20260909/ph_genus_correlations.tsv	108	"{""genus"": ""Methylobacillus""}"	0.4259730016	0.4759474878
ph_genus	biology_context_corrected_20260909/ph_genus_correlations.tsv	109	"{""genus"": ""Telluribacter""}"	0.4314254887	0.4793616541
ph_genus	biology_context_corrected_20260909/ph_genus_correlations.tsv	110	"{""genus"": ""Kallotenue""}"	0.4391750012	0.4852762444
ph_genus	biology_context_corrected_20260909/ph_genus_correlations.tsv	111	"{""genus"": ""Thermosipho""}"	0.5700378475	0.612943922
ph_genus	biology_context_corrected_20260909/ph_genus_correlations.tsv	112	"{""genus"": ""Cystobacter""}"	0.6162543992	0.6555897864
ph_genus	biology_context_corrected_20260909/ph_genus_correlations.tsv	113	"{""genus"": ""Niallia""}"	0.6411561439	0.6784721099
ph_genus	biology_context_corrected_20260909/ph_genus_correlations.tsv	114	"{""genus"": ""Rhizorhabdus""}"	0.7049479768	0.7305160382
ph_genus	biology_context_corrected_20260909/ph_genus_correlations.tsv	115	"{""genus"": ""Rhodoplanes""}"	0.8535437442	0.8621653982
ph_genus	biology_context_corrected_20260909/ph_genus_correlations.tsv	116	"{""genus"": ""Neorhizobium""}"	0.9768036401	0.9768036401
ph_genus	biology_context_corrected_20260909/ph_genus_correlations.tsv	117	"{""genus"": ""Prauserella""}"	0.9134200321	0.9180100825
ph_genus	biology_context_corrected_20260909/ph_genus_correlations.tsv	118	"{""genus"": ""Bauldia""}"	0.8522211764	0.8621653982
ph_genus	biology_context_corrected_20260909/ph_genus_correlations.tsv	119	"{""genus"": ""Devosia""}"	0.8380298479	0.8551324979
ph_genus	biology_context_corrected_20260909/ph_genus_correlations.tsv	120	"{""genus"": ""Sandaracinus""}"	0.7727642973	0.7925787665
ph_genus	biology_context_corrected_20260909/ph_genus_correlations.tsv	121	"{""genus"": ""Symbiobacterium""}"	0.7320889611	0.7547308878
ph_genus	biology_context_corrected_20260909/ph_genus_correlations.tsv	122	"{""genus"": ""Terribacillus""}"	0.6927570206	0.7216218964
ph_genus	biology_context_corrected_20260909/ph_genus_correlations.tsv	123	"{""genus"": ""Ohtaekwangia""}"	0.6627756707	0.6940059379
ph_genus	biology_context_corrected_20260909/ph_genus_correlations.tsv	124	"{""genus"": ""Aureibacillus""}"	0.6523871219	0.6867232862
ph_genus	biology_context_corrected_20260909/ph_genus_correlations.tsv	125	"{""genus"": ""Nitrosomonas""}"	0.5841978512	0.624810536
ph_genus	biology_context_corrected_20260909/ph_genus_correlations.tsv	126	"{""genus"": ""Chelativorans""}"	0.5380053629	0.5816274193
ph_genus	biology_context_corrected_20260909/ph_genus_correlations.tsv	127	"{""genus"": ""TM7a""}"	0.4955496167	0.5386408877
ph_genus	biology_context_corrected_20260909/ph_genus_correlations.tsv	128	"{""genus"": ""Pantoea""}"	0.4631433103	0.5061675523
ph_genus	biology_context_corrected_20260909/ph_genus_correlations.tsv	129	"{""genus"": ""Lysinibacillus""}"	0.4477632665	0.4920475456
ph_genus	biology_context_corrected_20260909/ph_genus_correlations.tsv	130	"{""genus"": ""Planococcus""}"	0.401926584	0.4516029033
ph_genus	biology_context_corrected_20260909/ph_genus_correlations.tsv	131	"{""genus"": ""Kineosporia""}"	0.3905592835	0.4479653705
ph_genus	biology_context_corrected_20260909/ph_genus_correlations.tsv	132	"{""genus"": ""Croceibacterium""}"	0.3793844448	0.4385947339
ph_genus	biology_context_corrected_20260909/ph_genus_correlations.tsv	133	"{""genus"": ""SZB85""}"	0.3684033604	0.4308811233
ph_genus	biology_context_corrected_20260909/ph_genus_correlations.tsv	134	"{""genus"": ""Litorilinea""}"	0.3679500371	0.4308811233
ph_genus	biology_context_corrected_20260909/ph_genus_correlations.tsv	135	"{""genus"": ""Amycolatopsis""}"	0.3674970522	0.4308811233
ph_genus	biology_context_corrected_20260909/ph_genus_correlations.tsv	136	"{""genus"": ""DSSF69""}"	0.2907415247	0.3524139693
ph_genus	biology_context_corrected_20260909/ph_genus_correlations.tsv	137	"{""genus"": ""Candidatus Alysiosphaera""}"	0.2791811031	0.3446680285
ph_genus	biology_context_corrected_20260909/ph_genus_correlations.tsv	138	"{""genus"": ""Isoptericola""}"	0.2338146142	0.2978530117
ph_genus	biology_context_corrected_20260909/ph_genus_correlations.tsv	139	"{""genus"": ""Kocuria""}"	0.1848038226	0.2415736244
ph_genus	biology_context_corrected_20260909/ph_genus_correlations.tsv	140	"{""genus"": ""I-8""}"	0.1665069202	0.2190880529
ph_genus	biology_context_corrected_20260909/ph_genus_correlations.tsv	141	"{""genus"": ""Caulobacter""}"	0.1437867731	0.19300238
ph_genus	biology_context_corrected_20260909/ph_genus_correlations.tsv	142	"{""genus"": ""Longispora""}"	0.1433122533	0.19300238
ph_genus	biology_context_corrected_20260909/ph_genus_correlations.tsv	143	"{""genus"": ""Neobacillus""}"	0.1269980444	0.1739699239
ph_genus	biology_context_corrected_20260909/ph_genus_correlations.tsv	144	"{""genus"": ""Niastella""}"	0.1211529544	0.1671075234
ph_genus	biology_context_corrected_20260909/ph_genus_correlations.tsv	145	"{""genus"": ""Kineococcus""}"	0.1189760823	0.1658172305
ph_genus	biology_context_corrected_20260909/ph_genus_correlations.tsv	146	"{""genus"": ""Azospirillum""}"	0.1111512401	0.1565510424
ph_genus	biology_context_corrected_20260909/ph_genus_correlations.tsv	147	"{""genus"": ""Tepidisphaera""}"	0.085804018	0.1252613401
ph_genus	biology_context_corrected_20260909/ph_genus_correlations.tsv	148	"{""genus"": ""Sandaracinobacter""}"	0.08445426734	0.124197452
ph_genus	biology_context_corrected_20260909/ph_genus_correlations.tsv	149	"{""genus"": ""Paracoccus""}"	0.08012603788	0.1187052413
ph_genus	biology_context_corrected_20260909/ph_genus_correlations.tsv	150	"{""genus"": ""Arenimicrobium""}"	0.07027564999	0.1064782576
ph_genus	biology_context_corrected_20260909/ph_genus_correlations.tsv	151	"{""genus"": ""MM2""}"	0.06582395249	0.100494584
ph_genus	biology_context_corrected_20260909/ph_genus_correlations.tsv	152	"{""genus"": ""Turicibacter""}"	0.06396865346	0.09841331301
ph_genus	biology_context_corrected_20260909/ph_genus_correlations.tsv	153	"{""genus"": ""SH-PL14""}"	0.06346431627	0.09839428878
ph_genus	biology_context_corrected_20260909/ph_genus_correlations.tsv	154	"{""genus"": ""Falsirhodobacter""}"	0.06172427849	0.09644418513
ph_genus	biology_context_corrected_20260909/ph_genus_correlations.tsv	155	"{""genus"": ""Pir4 lineage""}"	0.05924595353	0.09404119608
ph_genus	biology_context_corrected_20260909/ph_genus_correlations.tsv	156	"{""genus"": ""Paenibacillus""}"	0.05859490248	0.09375184397
ph_genus	biology_context_corrected_20260909/ph_genus_correlations.tsv	157	"{""genus"": ""Pseudomonas""}"	0.05164846024	0.08330396814
ph_genus	biology_context_corrected_20260909/ph_genus_correlations.tsv	158	"{""genus"": ""Brevibacillus""}"	0.04919760375	0.07999610366
ph_genus	biology_context_corrected_20260909/ph_genus_correlations.tsv	159	"{""genus"": ""Tautonia""}"	0.03899868295	0.06393226714
ph_genus	biology_context_corrected_20260909/ph_genus_correlations.tsv	160	"{""genus"": ""YC-ZSS-LKJ147""}"	0.03033975895	0.05133773048
ph_genus	biology_context_corrected_20260909/ph_genus_correlations.tsv	161	"{""genus"": ""Rhodococcus""}"	0.02590914079	0.04428912956
ph_genus	biology_context_corrected_20260909/ph_genus_correlations.tsv	162	"{""genus"": ""Peribacillus""}"	0.009714047197	0.01766190399
ph_genus	biology_context_corrected_20260909/ph_genus_correlations.tsv	163	"{""genus"": ""SM1A02""}"	0.0094072271	0.01733048328
ph_genus	biology_context_corrected_20260909/ph_genus_correlations.tsv	164	"{""genus"": ""Thermobaculum""}"	0.004815678128	0.009260919477
ph_genus	biology_context_corrected_20260909/ph_genus_correlations.tsv	165	"{""genus"": ""Mesobacillus""}"	0.002128150443	0.004299293825
ph_genus	biology_context_corrected_20260909/ph_genus_correlations.tsv	166	"{""genus"": ""Tumebacillus""}"	0.001805546316	0.003825941352
ph_genus	biology_context_corrected_20260909/ph_genus_correlations.tsv	167	"{""genus"": ""Streptococcus""}"	0.001037938419	0.002306529819
ph_genus	biology_context_corrected_20260909/ph_genus_correlations.tsv	168	"{""genus"": ""Brucella""}"	0.0007893978802	0.001857406777
ph_genus	biology_context_corrected_20260909/ph_genus_correlations.tsv	169	"{""genus"": ""Hydrocarboniphaga""}"	0.000354822839	0.0009216177637
ph_genus	biology_context_corrected_20260909/ph_genus_correlations.tsv	170	"{""genus"": ""Corynebacterium""}"	0.0002178073504	0.0006050204179
ph_genus	biology_context_corrected_20260909/ph_genus_correlations.tsv	171	"{""genus"": ""Pontibacter""}"	0.0001757632796	0.0005021807988
ph_genus	biology_context_corrected_20260909/ph_genus_correlations.tsv	172	"{""genus"": ""Bradyrhizobium""}"	3.309211442e-05	0.0001141107394
ph_genus	biology_context_corrected_20260909/ph_genus_correlations.tsv	173	"{""genus"": ""Georgenia""}"	7.458110932e-06	3.107546222e-05
ph_genus	biology_context_corrected_20260909/ph_genus_correlations.tsv	174	"{""genus"": ""Nesterenkonia""}"	4.597148864e-06	1.998760376e-05
ph_genus	biology_context_corrected_20260909/ph_genus_correlations.tsv	175	"{""genus"": ""Oceanobacillus""}"	3.62144806e-06	1.684394446e-05
ph_genus	biology_context_corrected_20260909/ph_genus_correlations.tsv	176	"{""genus"": ""Staphylococcus""}"	1.819657783e-06	9.577146226e-06
ph_genus	biology_context_corrected_20260909/ph_genus_correlations.tsv	177	"{""genus"": ""Plastorhodobacter""}"	1.053385654e-06	5.852142523e-06
ph_genus	biology_context_corrected_20260909/ph_genus_correlations.tsv	178	"{""genus"": ""Litchfieldia""}"	1.011027944e-06	5.777302536e-06
ph_genus	biology_context_corrected_20260909/ph_genus_correlations.tsv	179	"{""genus"": ""Rhodocista""}"	9.147081996e-07	5.380636468e-06
ph_genus	biology_context_corrected_20260909/ph_genus_correlations.tsv	180	"{""genus"": ""Limibaculum""}"	5.592942469e-07	3.389662102e-06
ph_genus	biology_context_corrected_20260909/ph_genus_correlations.tsv	181	"{""genus"": ""Crossiella""}"	3.722566355e-07	2.567287142e-06
ph_genus	biology_context_corrected_20260909/ph_genus_correlations.tsv	182	"{""genus"": ""Pelagibacterium""}"	3.335945342e-07	2.471070624e-06
ph_genus	biology_context_corrected_20260909/ph_genus_correlations.tsv	183	"{""genus"": ""Metabacillus""}"	3.222448635e-07	2.471070624e-06
ph_genus	biology_context_corrected_20260909/ph_genus_correlations.tsv	184	"{""genus"": ""Acinetobacter""}"	1.511300565e-07	1.209040452e-06
ph_genus	biology_context_corrected_20260909/ph_genus_correlations.tsv	185	"{""genus"": ""Pelagibius""}"	1.30216066e-07	1.085133883e-06
ph_genus	biology_context_corrected_20260909/ph_genus_correlations.tsv	186	"{""genus"": ""Saccharomonospora""}"	2.363078086e-08	2.363078086e-07
ph_genus	biology_context_corrected_20260909/ph_genus_correlations.tsv	187	"{""genus"": ""Ornithinibacillus""}"	1.662820771e-08	1.956259731e-07
ph_genus	biology_context_corrected_20260909/ph_genus_correlations.tsv	188	"{""genus"": ""Bacillus""}"	9.857085937e-09	1.314278125e-07
ph_genus	biology_context_corrected_20260909/ph_genus_correlations.tsv	189	"{""genus"": ""Truepera""}"	1.33734013e-09	2.228900217e-08
ph_genus	biology_context_corrected_20260909/ph_genus_correlations.tsv	190	"{""genus"": ""Enterococcus""}"	1.126449617e-09	2.048090213e-08
ph_genus	biology_context_corrected_20260909/ph_genus_correlations.tsv	191	"{""genus"": ""Escherichia-Shigella""}"	5.811752603e-10	1.162350521e-08
ph_genus	biology_context_corrected_20260909/ph_genus_correlations.tsv	192	"{""genus"": ""Ammoniphilus""}"	4.644832842e-10	1.032185076e-08
ph_genus	biology_context_corrected_20260909/ph_genus_correlations.tsv	193	"{""genus"": ""Pseudalkalibacillus""}"	4.3999168e-10	1.032185076e-08
ph_genus	biology_context_corrected_20260909/ph_genus_correlations.tsv	194	"{""genus"": ""Aeromonas""}"	1.556605301e-10	4.447443718e-09
ph_genus	biology_context_corrected_20260909/ph_genus_correlations.tsv	195	"{""genus"": ""Aquibacillus""}"	3.765825284e-11	1.255275095e-09
ph_genus	biology_context_corrected_20260909/ph_genus_correlations.tsv	196	"{""genus"": ""Gracilibacillus""}"	3.449880978e-12	1.379952391e-10
ph_genus	biology_context_corrected_20260909/ph_genus_correlations.tsv	197	"{""genus"": ""Halomonas""}"	3.166205117e-12	1.379952391e-10
ph_genus	biology_context_corrected_20260909/ph_genus_correlations.tsv	198	"{""genus"": ""Halalkalibacter""}"	8.500267801e-14	5.666845201e-12
ph_genus	biology_context_corrected_20260909/ph_genus_correlations.tsv	199	"{""genus"": ""Sediminibacillus""}"	5.84710674e-14	5.666845201e-12
ph_genus	biology_context_corrected_20260909/ph_genus_correlations.tsv	200	"{""genus"": ""Polygonibacillus""}"	2.823817445e-15	5.64763489e-13
xrf_genus	biology_context_corrected_20260909/xrf_axis_genus_correlations.tsv	1	"{""genus"": ""Steroidobacter""}"	1.953711918e-10	5.441206914e-09
xrf_genus	biology_context_corrected_20260909/xrf_axis_genus_correlations.tsv	2	"{""genus"": ""Caldilinea""}"	5.129175739e-09	9.325774071e-08
xrf_genus	biology_context_corrected_20260909/xrf_axis_genus_correlations.tsv	3	"{""genus"": ""Phenylobacterium""}"	1.765062459e-08	2.715480706e-07
xrf_genus	biology_context_corrected_20260909/xrf_axis_genus_correlations.tsv	4	"{""genus"": ""Paraconexibacter""}"	2.236528618e-08	3.037310388e-07
xrf_genus	biology_context_corrected_20260909/xrf_axis_genus_correlations.tsv	5	"{""genus"": ""Streptomyces""}"	2.460147286e-08	3.075184107e-07
xrf_genus	biology_context_corrected_20260909/xrf_axis_genus_correlations.tsv	6	"{""genus"": ""Roseisolibacter""}"	6.429336607e-08	7.143707341e-07
xrf_genus	biology_context_corrected_20260909/xrf_axis_genus_correlations.tsv	7	"{""genus"": ""Gemmatimonas""}"	6.818516333e-08	7.177385614e-07
xrf_genus	biology_context_corrected_20260909/xrf_axis_genus_correlations.tsv	8	"{""genus"": ""Pirellula""}"	1.194112907e-06	8.905360168e-06
xrf_genus	biology_context_corrected_20260909/xrf_axis_genus_correlations.tsv	9	"{""genus"": ""Blastocatella""}"	1.269066298e-06	8.905360168e-06
xrf_genus	biology_context_corrected_20260909/xrf_axis_genus_correlations.tsv	10	"{""genus"": ""Dongia""}"	1.291277224e-06	8.905360168e-06
xrf_genus	biology_context_corrected_20260909/xrf_axis_genus_correlations.tsv	11	"{""genus"": ""Caenimonas""}"	1.352298627e-06	9.015324179e-06
xrf_genus	biology_context_corrected_20260909/xrf_axis_genus_correlations.tsv	12	"{""genus"": ""Solirubrobacter""}"	1.952606299e-06	1.200159465e-05
xrf_genus	biology_context_corrected_20260909/xrf_axis_genus_correlations.tsv	13	"{""genus"": ""Pseudonocardia""}"	2.048141061e-06	1.204788859e-05
xrf_genus	biology_context_corrected_20260909/xrf_axis_genus_correlations.tsv	14	"{""genus"": ""Actinophytocola""}"	3.468003135e-06	1.981716077e-05
xrf_genus	biology_context_corrected_20260909/xrf_axis_genus_correlations.tsv	15	"{""genus"": ""Cellulomonas""}"	5.030750555e-06	2.79486142e-05
xrf_genus	biology_context_corrected_20260909/xrf_axis_genus_correlations.tsv	16	"{""genus"": ""Luteitalea""}"	7.496575227e-06	4.052202826e-05
xrf_genus	biology_context_corrected_20260909/xrf_axis_genus_correlations.tsv	17	"{""genus"": ""Gaiella""}"	1.096921105e-05	5.773268976e-05
xrf_genus	biology_context_corrected_20260909/xrf_axis_genus_correlations.tsv	18	"{""genus"": ""Parviterribacter""}"	1.371753264e-05	7.034632124e-05
xrf_genus	biology_context_corrected_20260909/xrf_axis_genus_correlations.tsv	19	"{""genus"": ""Aridibacter""}"	2.048077606e-05	0.0001024038803
xrf_genus	biology_context_corrected_20260909/xrf_axis_genus_correlations.tsv	20	"{""genus"": ""Limnobacter""}"	2.548236992e-05	0.0001243042435
xrf_genus	biology_context_corrected_20260909/xrf_axis_genus_correlations.tsv	21	"{""genus"": ""Conexibacter""}"	2.974284715e-05	0.0001416326055
xrf_genus	biology_context_corrected_20260909/xrf_axis_genus_correlations.tsv	22	"{""genus"": ""Ellin6055""}"	3.921942985e-05	0.0001782701357
xrf_genus	biology_context_corrected_20260909/xrf_axis_genus_correlations.tsv	23	"{""genus"": ""Sphingomonas""}"	4.596459971e-05	0.0002042871098
xrf_genus	biology_context_corrected_20260909/xrf_axis_genus_correlations.tsv	24	"{""genus"": ""Gemmata""}"	5.633554838e-05	0.0002397257378
xrf_genus	biology_context_corrected_20260909/xrf_axis_genus_correlations.tsv	25	"{""genus"": ""Baekduia""}"	9.309902719e-05	0.0003731907163
xrf_genus	biology_context_corrected_20260909/xrf_axis_genus_correlations.tsv	26	"{""genus"": ""Marmoricola""}"	9.329767907e-05	0.0003731907163
xrf_genus	biology_context_corrected_20260909/xrf_axis_genus_correlations.tsv	27	"{""genus"": ""Phaselicystis""}"	0.0001079845264	0.0004234687312
xrf_genus	biology_context_corrected_20260909/xrf_axis_genus_correlations.tsv	28	"{""genus"": ""Noviherbaspirillum""}"	0.0001303328674	0.0005012802594
xrf_genus	biology_context_corrected_20260909/xrf_axis_genus_correlations.tsv	29	"{""genus"": ""MND1""}"	0.0002212934002	0.0007764680707
xrf_genus	biology_context_corrected_20260909/xrf_axis_genus_correlations.tsv	30	"{""genus"": ""Opitutus""}"	0.0002491087394	0.0008589956531
xrf_genus	biology_context_corrected_20260909/xrf_axis_genus_correlations.tsv	31	"{""genus"": ""JCM 18997""}"	0.0002939949114	0.0009965929198
xrf_genus	biology_context_corrected_20260909/xrf_axis_genus_correlations.tsv	32	"{""genus"": ""Bryobacter""}"	0.000358213582	0.001194045273
xrf_genus	biology_context_corrected_20260909/xrf_axis_genus_correlations.tsv	33	"{""genus"": ""Rubritepida""}"	0.0005139499403	0.001667077075
xrf_genus	biology_context_corrected_20260909/xrf_axis_genus_correlations.tsv	34	"{""genus"": ""Ramlibacter""}"	0.0005167938934	0.001667077075
xrf_genus	biology_context_corrected_20260909/xrf_axis_genus_correlations.tsv	35	"{""genus"": ""Deinococcus""}"	0.0006970456151	0.002178267547
xrf_genus	biology_context_corrected_20260909/xrf_axis_genus_correlations.tsv	36	"{""genus"": ""Adhaeribacter""}"	0.0007340491927	0.002258612901
xrf_genus	biology_context_corrected_20260909/xrf_axis_genus_correlations.tsv	37	"{""genus"": ""Flavisolibacter""}"	0.0007660063357	0.00232123132
xrf_genus	biology_context_corrected_20260909/xrf_axis_genus_correlations.tsv	38	"{""genus"": ""Fimbriiglobus""}"	0.0007880042416	0.002352251467
xrf_genus	biology_context_corrected_20260909/xrf_axis_genus_correlations.tsv	39	"{""genus"": ""Abditibacterium""}"	0.0008206269223	0.002413608595
xrf_genus	biology_context_corrected_20260909/xrf_axis_genus_correlations.tsv	40	"{""genus"": ""Chthoniobacter""}"	0.0009004928004	0.002610124059
xrf_genus	biology_context_corrected_20260909/xrf_axis_genus_correlations.tsv	41	"{""genus"": ""Saccharopolyspora""}"	0.0009975961832	0.002810130094
xrf_genus	biology_context_corrected_20260909/xrf_axis_genus_correlations.tsv	42	"{""genus"": ""Lautropia""}"	0.001029045409	0.00285845947
xrf_genus	biology_context_corrected_20260909/xrf_axis_genus_correlations.tsv	43	"{""genus"": ""Geodermatophilus""}"	0.001111613031	0.003045515154
xrf_genus	biology_context_corrected_20260909/xrf_axis_genus_correlations.tsv	44	"{""genus"": ""Herpetosiphon""}"	0.001256181209	0.00339508435
xrf_genus	biology_context_corrected_20260909/xrf_axis_genus_correlations.tsv	45	"{""genus"": ""Blastococcus""}"	0.001277543472	0.003406782592
xrf_genus	biology_context_corrected_20260909/xrf_axis_genus_correlations.tsv	46	"{""genus"": ""Daejeonella""}"	0.001319033337	0.003471140361
xrf_genus	biology_context_corrected_20260909/xrf_axis_genus_correlations.tsv	47	"{""genus"": ""Herbaspirillum""}"	0.001499851357	0.003895717811
xrf_genus	biology_context_corrected_20260909/xrf_axis_genus_correlations.tsv	48	"{""genus"": ""Actinoplanes""}"	0.001841080157	0.004660962422
xrf_genus	biology_context_corrected_20260909/xrf_axis_genus_correlations.tsv	49	"{""genus"": ""[Polyangium] brachysporum group""}"	0.00221116145	0.005527903626
xrf_genus	biology_context_corrected_20260909/xrf_axis_genus_correlations.tsv	50	"{""genus"": ""Cnuella""}"	0.00248169941	0.006127652864
xrf_genus	biology_context_corrected_20260909/xrf_axis_genus_correlations.tsv	51	"{""genus"": ""Anaeromyxobacter""}"	0.00263388162	0.006424101512
xrf_genus	biology_context_corrected_20260909/xrf_axis_genus_correlations.tsv	52	"{""genus"": ""Nordella""}"	0.003160758428	0.007505618238
xrf_genus	biology_context_corrected_20260909/xrf_axis_genus_correlations.tsv	53	"{""genus"": ""Nocardioides""}"	0.00316559686	0.007505618238
xrf_genus	biology_context_corrected_20260909/xrf_axis_genus_correlations.tsv	54	"{""genus"": ""Segetibacter""}"	0.003189887751	0.007505618238
xrf_genus	biology_context_corrected_20260909/xrf_axis_genus_correlations.tsv	55	"{""genus"": ""Sphingoaurantiacus""}"	0.003596255532	0.008363384958
xrf_genus	biology_context_corrected_20260909/xrf_axis_genus_correlations.tsv	56	"{""genus"": ""Massilia""}"	0.003711713333	0.00853267433
xrf_genus	biology_context_corrected_20260909/xrf_axis_genus_correlations.tsv	57	"{""genus"": ""Roseicella""}"	0.004169803238	0.009476825542
xrf_genus	biology_context_corrected_20260909/xrf_axis_genus_correlations.tsv	58	"{""genus"": ""Mycobacterium""}"	0.00423826904	0.009524200089
xrf_genus	biology_context_corrected_20260909/xrf_axis_genus_correlations.tsv	59	"{""genus"": ""Pedomicrobium""}"	0.004965028405	0.01090371803
xrf_genus	biology_context_corrected_20260909/xrf_axis_genus_correlations.tsv	60	"{""genus"": ""Lysobacter""}"	0.006199304573	0.01333183779
xrf_genus	biology_context_corrected_20260909/xrf_axis_genus_correlations.tsv	61	"{""genus"": ""Sumerlaea""}"	0.006632523544	0.01380361489
xrf_genus	biology_context_corrected_20260909/xrf_axis_genus_correlations.tsv	62	"{""genus"": ""Rubrobacter""}"	0.006726042001	0.01380361489
xrf_genus	biology_context_corrected_20260909/xrf_axis_genus_correlations.tsv	63	"{""genus"": ""Roseomonas""}"	0.007003802628	0.01414909622
xrf_genus	biology_context_corrected_20260909/xrf_axis_genus_correlations.tsv	64	"{""genus"": ""Acidibacter""}"	0.007332029978	0.0143754493
xrf_genus	biology_context_corrected_20260909/xrf_axis_genus_correlations.tsv	65	"{""genus"": ""Sporocytophaga""}"	0.007342182568	0.0143754493
xrf_genus	biology_context_corrected_20260909/xrf_axis_genus_correlations.tsv	66	"{""genus"": ""Verrucosispora""}"	0.007382915837	0.0143754493
xrf_genus	biology_context_corrected_20260909/xrf_axis_genus_correlations.tsv	67	"{""genus"": ""Saccharothrix""}"	0.007495951762	0.01441529185
xrf_genus	biology_context_corrected_20260909/xrf_axis_genus_correlations.tsv	68	"{""genus"": ""Pajaroellobacter""}"	0.009232164557	0.01741917841
xrf_genus	biology_context_corrected_20260909/xrf_axis_genus_correlations.tsv	69	"{""genus"": ""Nitrospira""}"	0.009597986791	0.01777404961
xrf_genus	biology_context_corrected_20260909/xrf_axis_genus_correlations.tsv	70	"{""genus"": ""Actinomadura""}"	0.01067311933	0.0195837052
xrf_genus	biology_context_corrected_20260909/xrf_axis_genus_correlations.tsv	71	"{""genus"": ""Aeromicrobium""}"	0.01374005662	0.02453581539
xrf_genus	biology_context_corrected_20260909/xrf_axis_genus_correlations.tsv	72	"{""genus"": ""Rubellimicrobium""}"	0.01441869664	0.02551981706
xrf_genus	biology_context_corrected_20260909/xrf_axis_genus_correlations.tsv	73	"{""genus"": ""Novosphingobium""}"	0.02261870903	0.03899777418
xrf_genus	biology_context_corrected_20260909/xrf_axis_genus_correlations.tsv	74	"{""genus"": ""Archangium""}"	0.05531334683	0.09067761776
xrf_genus	biology_context_corrected_20260909/xrf_axis_genus_correlations.tsv	75	"{""genus"": ""OM27 clade""}"	0.06203214707	0.1000518501
xrf_genus	biology_context_corrected_20260909/xrf_axis_genus_correlations.tsv	76	"{""genus"": ""PMMR1""}"	0.06315073351	0.1010411736
xrf_genus	biology_context_corrected_20260909/xrf_axis_genus_correlations.tsv	77	"{""genus"": ""Modestobacter""}"	0.06686590615	0.106136359
xrf_genus	biology_context_corrected_20260909/xrf_axis_genus_correlations.tsv	78	"{""genus"": ""Ectobacillus""}"	0.06966403975	0.1097071492
xrf_genus	biology_context_corrected_20260909/xrf_axis_genus_correlations.tsv	79	"{""genus"": ""Kallotenue""}"	0.07054885028	0.1102325786
xrf_genus	biology_context_corrected_20260909/xrf_axis_genus_correlations.tsv	80	"{""genus"": ""Vallicoccus""}"	0.08265482776	0.1271612735
xrf_genus	biology_context_corrected_20260909/xrf_axis_genus_correlations.tsv	81	"{""genus"": ""Mangrovihabitans""}"	0.0888003702	0.1345460155
xrf_genus	biology_context_corrected_20260909/xrf_axis_genus_correlations.tsv	82	"{""genus"": ""Nonomuraea""}"	0.0973984211	0.1464637911
xrf_genus	biology_context_corrected_20260909/xrf_axis_genus_correlations.tsv	83	"{""genus"": ""Rufibacter""}"	0.1020708834	0.1523446021
xrf_genus	biology_context_corrected_20260909/xrf_axis_genus_correlations.tsv	84	"{""genus"": ""Luedemannella""}"	0.1136148804	0.1670807064
xrf_genus	biology_context_corrected_20260909/xrf_axis_genus_correlations.tsv	85	"{""genus"": ""Acidiferrimicrobium""}"	0.1164236431	0.1699615228
xrf_genus	biology_context_corrected_20260909/xrf_axis_genus_correlations.tsv	86	"{""genus"": ""Arcticibacter""}"	0.1593415137	0.2272916905
xrf_genus	biology_context_corrected_20260909/xrf_axis_genus_correlations.tsv	87	"{""genus"": ""Rhodocytophaga""}"	0.1651868752	0.2326575707
xrf_genus	biology_context_corrected_20260909/xrf_axis_genus_correlations.tsv	88	"{""genus"": ""Oxalophagus""}"	0.1770692699	0.2476493286
xrf_genus	biology_context_corrected_20260909/xrf_axis_genus_correlations.tsv	89	"{""genus"": ""Fictibacillus""}"	0.1859488188	0.2582622484
xrf_genus	biology_context_corrected_20260909/xrf_axis_genus_correlations.tsv	90	"{""genus"": ""Arsenicitalea""}"	0.204660457	0.2767758201
xrf_genus	biology_context_corrected_20260909/xrf_axis_genus_correlations.tsv	91	"{""genus"": ""Brevundimonas""}"	0.2048141069	0.2767758201
xrf_genus	biology_context_corrected_20260909/xrf_axis_genus_correlations.tsv	92	"{""genus"": ""Peredibacter""}"	0.2297922461	0.3063896615
xrf_genus	biology_context_corrected_20260909/xrf_axis_genus_correlations.tsv	93	"{""genus"": ""Plantactinospora""}"	0.2518051585	0.3270196864
xrf_genus	biology_context_corrected_20260909/xrf_axis_genus_correlations.tsv	94	"{""genus"": ""Nibribacter""}"	0.2753962428	0.3508232393
xrf_genus	biology_context_corrected_20260909/xrf_axis_genus_correlations.tsv	95	"{""genus"": ""Glycomyces""}"	0.2797517889	0.3541161885
xrf_genus	biology_context_corrected_20260909/xrf_axis_genus_correlations.tsv	96	"{""genus"": ""Niallia""}"	0.3072432046	0.3840540058
xrf_genus	biology_context_corrected_20260909/xrf_axis_genus_correlations.tsv	97	"{""genus"": ""Arthrobacter""}"	0.3174697731	0.394372389
xrf_genus	biology_context_corrected_20260909/xrf_axis_genus_correlations.tsv	98	"{""genus"": ""Methylobacillus""}"	0.3837847184	0.460736471
xrf_genus	biology_context_corrected_20260909/xrf_axis_genus_correlations.tsv	99	"{""genus"": ""Cytophaga""}"	0.3847149532	0.460736471
xrf_genus	biology_context_corrected_20260909/xrf_axis_genus_correlations.tsv	100	"{""genus"": ""Terribacillus""}"	0.3966927701	0.4722532977
xrf_genus	biology_context_corrected_20260909/xrf_axis_genus_correlations.tsv	101	"{""genus"": ""Myxococcus""}"	0.4113032236	0.4802655699
xrf_genus	biology_context_corrected_20260909/xrf_axis_genus_correlations.tsv	102	"{""genus"": ""CSP1-2""}"	0.415429718	0.4802655699
xrf_genus	biology_context_corrected_20260909/xrf_axis_genus_correlations.tsv	103	"{""genus"": ""Rhizorhabdus""}"	0.415429718	0.4802655699
xrf_genus	biology_context_corrected_20260909/xrf_axis_genus_correlations.tsv	104	"{""genus"": ""Subgroup 10""}"	0.4610762196	0.5299726662
xrf_genus	biology_context_corrected_20260909/xrf_axis_genus_correlations.tsv	105	"{""genus"": ""Symbiobacterium""}"	0.4788057082	0.541321031
xrf_genus	biology_context_corrected_20260909/xrf_axis_genus_correlations.tsv	106	"{""genus"": ""Nitrolancea""}"	0.4790691124	0.541321031
xrf_genus	biology_context_corrected_20260909/xrf_axis_genus_correlations.tsv	107	"{""genus"": ""Cupriavidus""}"	0.4790691124	0.541321031
xrf_genus	biology_context_corrected_20260909/xrf_axis_genus_correlations.tsv	108	"{""genus"": ""Prauserella""}"	0.5041695559	0.5633179396
xrf_genus	biology_context_corrected_20260909/xrf_axis_genus_correlations.tsv	109	"{""genus"": ""Polycyclovorans""}"	0.5106846894	0.5642924745
xrf_genus	biology_context_corrected_20260909/xrf_axis_genus_correlations.tsv	110	"{""genus"": ""Sandaracinus""}"	0.5391240525	0.5924440137
xrf_genus	biology_context_corrected_20260909/xrf_axis_genus_correlations.tsv	111	"{""genus"": ""Microvirga""}"	0.5603071935	0.6090295582
xrf_genus	biology_context_corrected_20260909/xrf_axis_genus_correlations.tsv	112	"{""genus"": ""Domibacillus""}"	0.6210225381	0.6713757168
xrf_genus	biology_context_corrected_20260909/xrf_axis_genus_correlations.tsv	113	"{""genus"": ""Allorhizocola""}"	0.7679259273	0.8083430814
xrf_genus	biology_context_corrected_20260909/xrf_axis_genus_correlations.tsv	114	"{""genus"": ""Azohydromonas""}"	0.8717681846	0.9033867198
xrf_genus	biology_context_corrected_20260909/xrf_axis_genus_correlations.tsv	115	"{""genus"": ""Croceibacterium""}"	0.9939480018	0.9939480018
xrf_genus	biology_context_corrected_20260909/xrf_axis_genus_correlations.tsv	116	"{""genus"": ""Bauldia""}"	0.9852069139	0.9901577024
xrf_genus	biology_context_corrected_20260909/xrf_axis_genus_correlations.tsv	117	"{""genus"": ""Litorilinea""}"	0.9710907903	0.9808997881
xrf_genus	biology_context_corrected_20260909/xrf_axis_genus_correlations.tsv	118	"{""genus"": ""Neorhizobium""}"	0.9455726815	0.9599722655
xrf_genus	biology_context_corrected_20260909/xrf_axis_genus_correlations.tsv	119	"{""genus"": ""Telluribacter""}"	0.9224512588	0.9412767947
xrf_genus	biology_context_corrected_20260909/xrf_axis_genus_correlations.tsv	120	"{""genus"": ""Chelativorans""}"	0.9204434374	0.9412767947
xrf_genus	biology_context_corrected_20260909/xrf_axis_genus_correlations.tsv	121	"{""genus"": ""Thermosipho""}"	0.8784122416	0.9055796305
xrf_genus	biology_context_corrected_20260909/xrf_axis_genus_correlations.tsv	122	"{""genus"": ""Cystobacter""}"	0.8307886646	0.8654048589
xrf_genus	biology_context_corrected_20260909/xrf_axis_genus_correlations.tsv	123	"{""genus"": ""DSSF69""}"	0.786032629	0.8230708157
xrf_genus	biology_context_corrected_20260909/xrf_axis_genus_correlations.tsv	124	"{""genus"": ""Rhodoplanes""}"	0.7419549863	0.7851375516
xrf_genus	biology_context_corrected_20260909/xrf_axis_genus_correlations.tsv	125	"{""genus"": ""Isoptericola""}"	0.7273304041	0.773755749
xrf_genus	biology_context_corrected_20260909/xrf_axis_genus_correlations.tsv	126	"{""genus"": ""Nitrosomonas""}"	0.7187908631	0.7687602814
xrf_genus	biology_context_corrected_20260909/xrf_axis_genus_correlations.tsv	127	"{""genus"": ""Ohtaekwangia""}"	0.6450932214	0.6936486252
xrf_genus	biology_context_corrected_20260909/xrf_axis_genus_correlations.tsv	128	"{""genus"": ""Amycolatopsis""}"	0.5461414729	0.5968759266
xrf_genus	biology_context_corrected_20260909/xrf_axis_genus_correlations.tsv	129	"{""genus"": ""Caulobacter""}"	0.5098679608	0.5642924745
xrf_genus	biology_context_corrected_20260909/xrf_axis_genus_correlations.tsv	130	"{""genus"": ""Sandaracinobacter""}"	0.497428656	0.5589086023
xrf_genus	biology_context_corrected_20260909/xrf_axis_genus_correlations.tsv	131	"{""genus"": ""I-8""}"	0.404079263	0.4753873682
xrf_genus	biology_context_corrected_20260909/xrf_axis_genus_correlations.tsv	132	"{""genus"": ""Kineosporia""}"	0.4033609578	0.4753873682
xrf_genus	biology_context_corrected_20260909/xrf_axis_genus_correlations.tsv	133	"{""genus"": ""Rhodococcus""}"	0.3844822687	0.460736471
xrf_genus	biology_context_corrected_20260909/xrf_axis_genus_correlations.tsv	134	"{""genus"": ""SZB85""}"	0.3674970522	0.4481671368
xrf_genus	biology_context_corrected_20260909/xrf_axis_genus_correlations.tsv	135	"{""genus"": ""Neobacillus""}"	0.3650116879	0.4478671017
xrf_genus	biology_context_corrected_20260909/xrf_axis_genus_correlations.tsv	136	"{""genus"": ""Lysinibacillus""}"	0.3306609619	0.4082234098
xrf_genus	biology_context_corrected_20260909/xrf_axis_genus_correlations.tsv	137	"{""genus"": ""Devosia""}"	0.2855011006	0.3591208812
xrf_genus	biology_context_corrected_20260909/xrf_axis_genus_correlations.tsv	138	"{""genus"": ""Arenimicrobium""}"	0.2688551468	0.3446860856
xrf_genus	biology_context_corrected_20260909/xrf_axis_genus_correlations.tsv	139	"{""genus"": ""YC-ZSS-LKJ147""}"	0.2635147115	0.3400189826
xrf_genus	biology_context_corrected_20260909/xrf_axis_genus_correlations.tsv	140	"{""genus"": ""Saccharibacillus""}"	0.2500355632	0.3268438734
xrf_genus	biology_context_corrected_20260909/xrf_axis_genus_correlations.tsv	141	"{""genus"": ""Niastella""}"	0.2372035051	0.3121098752
xrf_genus	biology_context_corrected_20260909/xrf_axis_genus_correlations.tsv	142	"{""genus"": ""Azospirillum""}"	0.2341519914	0.310135088
xrf_genus	biology_context_corrected_20260909/xrf_axis_genus_correlations.tsv	143	"{""genus"": ""TM7a""}"	0.2197852554	0.2950137656
xrf_genus	biology_context_corrected_20260909/xrf_axis_genus_correlations.tsv	144	"{""genus"": ""Paracoccus""}"	0.2019087076	0.2765872707
xrf_genus	biology_context_corrected_20260909/xrf_axis_genus_correlations.tsv	145	"{""genus"": ""Brevibacillus""}"	0.20024007	0.2761932
xrf_genus	biology_context_corrected_20260909/xrf_axis_genus_correlations.tsv	146	"{""genus"": ""Longispora""}"	0.1602406418	0.2272916905
xrf_genus	biology_context_corrected_20260909/xrf_axis_genus_correlations.tsv	147	"{""genus"": ""Paenibacillus""}"	0.1379390726	0.1984734858
xrf_genus	biology_context_corrected_20260909/xrf_axis_genus_correlations.tsv	148	"{""genus"": ""Tautonia""}"	0.1330544003	0.1928324642
xrf_genus	biology_context_corrected_20260909/xrf_axis_genus_correlations.tsv	149	"{""genus"": ""Turicibacter""}"	0.1063473779	0.1575516709
xrf_genus	biology_context_corrected_20260909/xrf_axis_genus_correlations.tsv	150	"{""genus"": ""Aureibacillus""}"	0.08484950442	0.1295412281
xrf_genus	biology_context_corrected_20260909/xrf_axis_genus_correlations.tsv	151	"{""genus"": ""Pantoea""}"	0.07346896382	0.1139053703
xrf_genus	biology_context_corrected_20260909/xrf_axis_genus_correlations.tsv	152	"{""genus"": ""SH-PL14""}"	0.05696376238	0.09262400386
xrf_genus	biology_context_corrected_20260909/xrf_axis_genus_correlations.tsv	153	"{""genus"": ""Kocuria""}"	0.04529269838	0.07486396426
xrf_genus	biology_context_corrected_20260909/xrf_axis_genus_correlations.tsv	154	"{""genus"": ""Tepidisphaera""}"	0.04304696048	0.07174493413
xrf_genus	biology_context_corrected_20260909/xrf_axis_genus_correlations.tsv	155	"{""genus"": ""Pir4 lineage""}"	0.03499945454	0.05882261267
xrf_genus	biology_context_corrected_20260909/xrf_axis_genus_correlations.tsv	156	"{""genus"": ""Candidatus Alysiosphaera""}"	0.02824418725	0.04787150381
xrf_genus	biology_context_corrected_20260909/xrf_axis_genus_correlations.tsv	157	"{""genus"": ""Planococcus""}"	0.02673029984	0.04569282024
xrf_genus	biology_context_corrected_20260909/xrf_axis_genus_correlations.tsv	158	"{""genus"": ""Kineococcus""}"	0.0193114801	0.03358518278
xrf_genus	biology_context_corrected_20260909/xrf_axis_genus_correlations.tsv	159	"{""genus"": ""SM1A02""}"	0.01702537587	0.02986908048
xrf_genus	biology_context_corrected_20260909/xrf_axis_genus_correlations.tsv	160	"{""genus"": ""Mesobacillus""}"	0.01185100077	0.02135315454
xrf_genus	biology_context_corrected_20260909/xrf_axis_genus_correlations.tsv	161	"{""genus"": ""MM2""}"	0.01078615744	0.01961119534
xrf_genus	biology_context_corrected_20260909/xrf_axis_genus_correlations.tsv	162	"{""genus"": ""Brucella""}"	0.009344376587	0.01746612446
xrf_genus	biology_context_corrected_20260909/xrf_axis_genus_correlations.tsv	163	"{""genus"": ""Falsirhodobacter""}"	0.009170331949	0.01741917841
xrf_genus	biology_context_corrected_20260909/xrf_axis_genus_correlations.tsv	164	"{""genus"": ""Hydrocarboniphaga""}"	0.00740335639	0.0143754493
xrf_genus	biology_context_corrected_20260909/xrf_axis_genus_correlations.tsv	165	"{""genus"": ""Saccharomonospora""}"	0.006763771296	0.01380361489
xrf_genus	biology_context_corrected_20260909/xrf_axis_genus_correlations.tsv	166	"{""genus"": ""Peribacillus""}"	0.006641823882	0.01380361489
xrf_genus	biology_context_corrected_20260909/xrf_axis_genus_correlations.tsv	167	"{""genus"": ""Thermobaculum""}"	0.006576960574	0.01380361489
xrf_genus	biology_context_corrected_20260909/xrf_axis_genus_correlations.tsv	168	"{""genus"": ""Pseudomonas""}"	0.005015710292	0.01090371803
xrf_genus	biology_context_corrected_20260909/xrf_axis_genus_correlations.tsv	169	"{""genus"": ""Georgenia""}"	0.004886296328	0.01085843628
xrf_genus	biology_context_corrected_20260909/xrf_axis_genus_correlations.tsv	170	"{""genus"": ""Oceanobacillus""}"	0.001565749295	0.004014741782
xrf_genus	biology_context_corrected_20260909/xrf_axis_genus_correlations.tsv	171	"{""genus"": ""Tumebacillus""}"	0.0009805012314	0.00280143209
xrf_genus	biology_context_corrected_20260909/xrf_axis_genus_correlations.tsv	172	"{""genus"": ""Nesterenkonia""}"	0.0005470288634	0.001736599566
xrf_genus	biology_context_corrected_20260909/xrf_axis_genus_correlations.tsv	173	"{""genus"": ""Limibaculum""}"	0.0002178073504	0.0007764680707
xrf_genus	biology_context_corrected_20260909/xrf_axis_genus_correlations.tsv	174	"{""genus"": ""Pelagibacterium""}"	0.0001905232024	0.0006928116451
xrf_genus	biology_context_corrected_20260909/xrf_axis_genus_correlations.tsv	175	"{""genus"": ""Streptococcus""}"	0.0001684405821	0.0006238540078
xrf_genus	biology_context_corrected_20260909/xrf_axis_genus_correlations.tsv	176	"{""genus"": ""Pontibacter""}"	0.0001536807713	0.0005799274389
xrf_genus	biology_context_corrected_20260909/xrf_axis_genus_correlations.tsv	177	"{""genus"": ""Rhodocista""}"	7.111648015e-05	0.0002963186673
xrf_genus	biology_context_corrected_20260909/xrf_axis_genus_correlations.tsv	178	"{""genus"": ""Bradyrhizobium""}"	5.60861298e-05	0.0002397257378
xrf_genus	biology_context_corrected_20260909/xrf_axis_genus_correlations.tsv	179	"{""genus"": ""Ornithinibacillus""}"	3.670301262e-05	0.0001707116866
xrf_genus	biology_context_corrected_20260909/xrf_axis_genus_correlations.tsv	180	"{""genus"": ""Corynebacterium""}"	1.980263117e-06	1.200159465e-05
xrf_genus	biology_context_corrected_20260909/xrf_axis_genus_correlations.tsv	181	"{""genus"": ""Litchfieldia""}"	1.592332827e-06	1.027311501e-05
xrf_genus	biology_context_corrected_20260909/xrf_axis_genus_correlations.tsv	182	"{""genus"": ""Metabacillus""}"	1.218624078e-06	8.905360168e-06
xrf_genus	biology_context_corrected_20260909/xrf_axis_genus_correlations.tsv	183	"{""genus"": ""Plastorhodobacter""}"	1.211573239e-06	8.905360168e-06
xrf_genus	biology_context_corrected_20260909/xrf_axis_genus_correlations.tsv	184	"{""genus"": ""Pelagibius""}"	8.519706941e-07	7.099755784e-06
xrf_genus	biology_context_corrected_20260909/xrf_axis_genus_correlations.tsv	185	"{""genus"": ""Halomonas""}"	6.912425824e-07	6.010805064e-06
xrf_genus	biology_context_corrected_20260909/xrf_axis_genus_correlations.tsv	186	"{""genus"": ""Bacillus""}"	2.912556994e-07	2.647779086e-06
xrf_genus	biology_context_corrected_20260909/xrf_axis_genus_correlations.tsv	187	"{""genus"": ""Staphylococcus""}"	1.516288746e-07	1.44408452e-06
xrf_genus	biology_context_corrected_20260909/xrf_axis_genus_correlations.tsv	188	"{""genus"": ""Acinetobacter""}"	9.993651407e-08	9.993651407e-07
xrf_genus	biology_context_corrected_20260909/xrf_axis_genus_correlations.tsv	189	"{""genus"": ""Ammoniphilus""}"	2.665693804e-08	3.136110358e-07
xrf_genus	biology_context_corrected_20260909/xrf_axis_genus_correlations.tsv	190	"{""genus"": ""Truepera""}"	2.277982791e-08	3.037310388e-07
xrf_genus	biology_context_corrected_20260909/xrf_axis_genus_correlations.tsv	191	"{""genus"": ""Crossiella""}"	1.409741169e-08	2.349568614e-07
xrf_genus	biology_context_corrected_20260909/xrf_axis_genus_correlations.tsv	192	"{""genus"": ""Pseudalkalibacillus""}"	1.270433429e-09	2.540866859e-08
xrf_genus	biology_context_corrected_20260909/xrf_axis_genus_correlations.tsv	193	"{""genus"": ""Aeromonas""}"	7.714487545e-10	1.714330566e-08
xrf_genus	biology_context_corrected_20260909/xrf_axis_genus_correlations.tsv	194	"{""genus"": ""Enterococcus""}"	2.176482766e-10	5.441206914e-09
xrf_genus	biology_context_corrected_20260909/xrf_axis_genus_correlations.tsv	195	"{""genus"": ""Gracilibacillus""}"	1.161859989e-10	3.87286663e-09
xrf_genus	biology_context_corrected_20260909/xrf_axis_genus_correlations.tsv	196	"{""genus"": ""Halalkalibacter""}"	2.928560933e-11	1.171424373e-09
xrf_genus	biology_context_corrected_20260909/xrf_axis_genus_correlations.tsv	197	"{""genus"": ""Aquibacillus""}"	1.234013303e-11	6.170066517e-10
xrf_genus	biology_context_corrected_20260909/xrf_axis_genus_correlations.tsv	198	"{""genus"": ""Sediminibacillus""}"	1.175629717e-11	6.170066517e-10
xrf_genus	biology_context_corrected_20260909/xrf_axis_genus_correlations.tsv	199	"{""genus"": ""Escherichia-Shigella""}"	1.150535062e-11	6.170066517e-10
xrf_genus	biology_context_corrected_20260909/xrf_axis_genus_correlations.tsv	200	"{""genus"": ""Polygonibacillus""}"	8.801220057e-15	1.760244011e-12
pathway_profile	picrust2_ecology/position_profile_tests.tsv	10	"{""contrast"": ""Deep-Surface""}"	0.0194	0.0194
pathway_profile	picrust2_ecology/position_profile_tests.tsv	11	"{""contrast"": ""Rhizosphere-Surface""}"	0.0001	0.00015
pathway_profile	picrust2_ecology/position_profile_tests.tsv	12	"{""contrast"": ""Rhizosphere-Deep""}"	0.0001	0.00015
pathway_compartment	picrust2_ecology/pathway_position_effects.tsv	1	"{""contrast"": ""Deep-Surface"", ""pathway"": ""PWY-3781""}"	0.0149	0.03478599222
pathway_compartment	picrust2_ecology/pathway_position_effects.tsv	2	"{""contrast"": ""Deep-Surface"", ""pathway"": ""PWY-7111""}"	0.5681	0.6670450098
pathway_compartment	picrust2_ecology/pathway_position_effects.tsv	3	"{""contrast"": ""Deep-Surface"", ""pathway"": ""PWY-5101""}"	0.3176	0.4244097996
pathway_compartment	picrust2_ecology/pathway_position_effects.tsv	4	"{""contrast"": ""Deep-Surface"", ""pathway"": ""ILEUSYN-PWY""}"	0.5145	0.6198396794
pathway_compartment	picrust2_ecology/pathway_position_effects.tsv	5	"{""contrast"": ""Deep-Surface"", ""pathway"": ""VALSYN-PWY""}"	0.5145	0.6198396794
pathway_compartment	picrust2_ecology/pathway_position_effects.tsv	6	"{""contrast"": ""Deep-Surface"", ""pathway"": ""BRANCHED-CHAIN-AA-SYN-PWY""}"	0.019	0.04318181818
pathway_compartment	picrust2_ecology/pathway_position_effects.tsv	7	"{""contrast"": ""Deep-Surface"", ""pathway"": ""PWY-5973""}"	0.4587	0.5639754098
pathway_compartment	picrust2_ecology/pathway_position_effects.tsv	8	"{""contrast"": ""Deep-Surface"", ""pathway"": ""PWY-7663""}"	0.5651	0.6655294118
pathway_compartment	picrust2_ecology/pathway_position_effects.tsv	9	"{""contrast"": ""Deep-Surface"", ""pathway"": ""FASYN-ELONG-PWY""}"	0.699	0.7835820896
pathway_compartment	picrust2_ecology/pathway_position_effects.tsv	10	"{""contrast"": ""Deep-Surface"", ""pathway"": ""TCA""}"	0.2078	0.304097561
pathway_compartment	picrust2_ecology/pathway_position_effects.tsv	11	"{""contrast"": ""Deep-Surface"", ""pathway"": ""PWY-6969""}"	0.0436	0.08493506494
pathway_compartment	picrust2_ecology/pathway_position_effects.tsv	12	"{""contrast"": ""Deep-Surface"", ""pathway"": ""PWY-5103""}"	0.0444	0.08621359223
pathway_compartment	picrust2_ecology/pathway_position_effects.tsv	13	"{""contrast"": ""Deep-Surface"", ""pathway"": ""PWY-7094""}"	0.7388	0.8163535912
pathway_compartment	picrust2_ecology/pathway_position_effects.tsv	14	"{""contrast"": ""Deep-Surface"", ""pathway"": ""PWY-5667""}"	0.0004	0.001481481481
pathway_compartment	picrust2_ecology/pathway_position_effects.tsv	15	"{""contrast"": ""Deep-Surface"", ""pathway"": ""PWY0-1319""}"	0.0004	0.001481481481
pathway_compartment	picrust2_ecology/pathway_position_effects.tsv	16	"{""contrast"": ""Deep-Surface"", ""pathway"": ""FAO-PWY""}"	0.1779	0.2629064039
pathway_compartment	picrust2_ecology/pathway_position_effects.tsv	17	"{""contrast"": ""Deep-Surface"", ""pathway"": ""NONOXIPENT-PWY""}"	0.0002	0.0008333333333
pathway_compartment	picrust2_ecology/pathway_position_effects.tsv	18	"{""contrast"": ""Deep-Surface"", ""pathway"": ""PWY-7208""}"	0.0031	0.008732394366
pathway_compartment	picrust2_ecology/pathway_position_effects.tsv	19	"{""contrast"": ""Deep-Surface"", ""pathway"": ""PWY-7229""}"	0.0002	0.0008333333333
pathway_compartment	picrust2_ecology/pathway_position_effects.tsv	20	"{""contrast"": ""Deep-Surface"", ""pathway"": ""PHOSLIPSYN-PWY""}"	0.0002	0.0008333333333
pathway_compartment	picrust2_ecology/pathway_position_effects.tsv	21	"{""contrast"": ""Deep-Surface"", ""pathway"": ""PWY-3001""}"	0.0147	0.034453125
pathway_compartment	picrust2_ecology/pathway_position_effects.tsv	22	"{""contrast"": ""Deep-Surface"", ""pathway"": ""PWY-5695""}"	0.152	0.2320610687
pathway_compartment	picrust2_ecology/pathway_position_effects.tsv	23	"{""contrast"": ""Deep-Surface"", ""pathway"": ""PWY-2942""}"	0.0447	0.08643086817
pathway_compartment	picrust2_ecology/pathway_position_effects.tsv	24	"{""contrast"": ""Deep-Surface"", ""pathway"": ""REDCITCYC""}"	0.1478	0.2279691517
pathway_compartment	picrust2_ecology/pathway_position_effects.tsv	25	"{""contrast"": ""Deep-Surface"", ""pathway"": ""PWY-7219""}"	0.0002	0.0008333333333
pathway_compartment	picrust2_ecology/pathway_position_effects.tsv	26	"{""contrast"": ""Deep-Surface"", ""pathway"": ""SER-GLYSYN-PWY""}"	0.1008	0.1732951289
pathway_compartment	picrust2_ecology/pathway_position_effects.tsv	27	"{""contrast"": ""Deep-Surface"", ""pathway"": ""PWY-6126""}"	0.0002	0.0008333333333
pathway_compartment	picrust2_ecology/pathway_position_effects.tsv	28	"{""contrast"": ""Deep-Surface"", ""pathway"": ""PWY-7220""}"	0.0011	0.003567567568
pathway_compartment	picrust2_ecology/pathway_position_effects.tsv	29	"{""contrast"": ""Deep-Surface"", ""pathway"": ""PWY-7222""}"	0.0011	0.003567567568
pathway_compartment	picrust2_ecology/pathway_position_effects.tsv	30	"{""contrast"": ""Deep-Surface"", ""pathway"": ""P105-PWY""}"	0.6565	0.7446124764
pathway_compartment	picrust2_ecology/pathway_position_effects.tsv	31	"{""contrast"": ""Deep-Surface"", ""pathway"": ""PWY0-162""}"	0.0005	0.001775147929
pathway_compartment	picrust2_ecology/pathway_position_effects.tsv	32	"{""contrast"": ""Deep-Surface"", ""pathway"": ""PWY-6122""}"	0.0062	0.01631578947
pathway_compartment	picrust2_ecology/pathway_position_effects.tsv	33	"{""contrast"": ""Deep-Surface"", ""pathway"": ""PWY-6277""}"	0.0062	0.01631578947
pathway_compartment	picrust2_ecology/pathway_position_effects.tsv	34	"{""contrast"": ""Deep-Surface"", ""pathway"": ""PWY-6121""}"	0.0385	0.07694352159
pathway_compartment	picrust2_ecology/pathway_position_effects.tsv	35	"{""contrast"": ""Deep-Surface"", ""pathway"": ""PWY-5686""}"	0.0019	0.005816326531
pathway_compartment	picrust2_ecology/pathway_position_effects.tsv	36	"{""contrast"": ""Deep-Surface"", ""pathway"": ""PWY4FS-7""}"	0.0001	0.0005042016807
pathway_compartment	picrust2_ecology/pathway_position_effects.tsv	37	"{""contrast"": ""Deep-Surface"", ""pathway"": ""PWY4FS-8""}"	0.0001	0.0005042016807
pathway_compartment	picrust2_ecology/pathway_position_effects.tsv	38	"{""contrast"": ""Deep-Surface"", ""pathway"": ""PWY-7228""}"	0.0023	0.006764705882
pathway_compartment	picrust2_ecology/pathway_position_effects.tsv	39	"{""contrast"": ""Deep-Surface"", ""pathway"": ""PWY-5097""}"	0.0898	0.156173913
pathway_compartment	picrust2_ecology/pathway_position_effects.tsv	40	"{""contrast"": ""Deep-Surface"", ""pathway"": ""PWY-841""}"	0.0028	0.007924528302
pathway_compartment	picrust2_ecology/pathway_position_effects.tsv	41	"{""contrast"": ""Deep-Surface"", ""pathway"": ""COMPLETE-ARO-PWY""}"	0.0002	0.0008333333333
pathway_compartment	picrust2_ecology/pathway_position_effects.tsv	42	"{""contrast"": ""Deep-Surface"", ""pathway"": ""PWY-6125""}"	0.001	0.003351955307
pathway_compartment	picrust2_ecology/pathway_position_effects.tsv	43	"{""contrast"": ""Deep-Surface"", ""pathway"": ""ANAGLYCOLYSIS-PWY""}"	0.0021	0.006331658291
pathway_compartment	picrust2_ecology/pathway_position_effects.tsv	44	"{""contrast"": ""Deep-Surface"", ""pathway"": ""THRESYN-PWY""}"	0.0054	0.01452914798
pathway_compartment	picrust2_ecology/pathway_position_effects.tsv	45	"{""contrast"": ""Deep-Surface"", ""pathway"": ""CALVIN-PWY""}"	0.0003	0.001161290323
pathway_compartment	picrust2_ecology/pathway_position_effects.tsv	46	"{""contrast"": ""Deep-Surface"", ""pathway"": ""TRPSYN-PWY""}"	0.0032	0.008971962617
pathway_compartment	picrust2_ecology/pathway_position_effects.tsv	47	"{""contrast"": ""Deep-Surface"", ""pathway"": ""PWY-7221""}"	0.0009	0.003068181818
pathway_compartment	picrust2_ecology/pathway_position_effects.tsv	48	"{""contrast"": ""Deep-Surface"", ""pathway"": ""P108-PWY""}"	0.0002	0.0008333333333
pathway_compartment	picrust2_ecology/pathway_position_effects.tsv	49	"{""contrast"": ""Deep-Surface"", ""pathway"": ""PWY-5659""}"	0.0001	0.0005042016807
pathway_compartment	picrust2_ecology/pathway_position_effects.tsv	50	"{""contrast"": ""Deep-Surface"", ""pathway"": ""PWY-5188""}"	0.1205	0.1943548387
pathway_compartment	picrust2_ecology/pathway_position_effects.tsv	51	"{""contrast"": ""Deep-Surface"", ""pathway"": ""ARGSYNBSUB-PWY""}"	0.0003	0.001161290323
pathway_compartment	picrust2_ecology/pathway_position_effects.tsv	52	"{""contrast"": ""Deep-Surface"", ""pathway"": ""ARO-PWY""}"	0.0002	0.0008333333333
pathway_compartment	picrust2_ecology/pathway_position_effects.tsv	53	"{""contrast"": ""Deep-Surface"", ""pathway"": ""PWY-5189""}"	0.1589	0.2407575758
pathway_compartment	picrust2_ecology/pathway_position_effects.tsv	54	"{""contrast"": ""Deep-Surface"", ""pathway"": ""GLYCOLYSIS""}"	0.8183	0.87675
pathway_compartment	picrust2_ecology/pathway_position_effects.tsv	55	"{""contrast"": ""Deep-Surface"", ""pathway"": ""DTDPRHAMSYN-PWY""}"	0.0024	0.007024390244
pathway_compartment	picrust2_ecology/pathway_position_effects.tsv	56	"{""contrast"": ""Deep-Surface"", ""pathway"": ""PWY-6387""}"	0.002	0.006091370558
pathway_compartment	picrust2_ecology/pathway_position_effects.tsv	57	"{""contrast"": ""Deep-Surface"", ""pathway"": ""SALVADEHYPOX-PWY""}"	0.0046	0.01248868778
pathway_compartment	picrust2_ecology/pathway_position_effects.tsv	58	"{""contrast"": ""Deep-Surface"", ""pathway"": ""GLUCONEO-PWY""}"	0.4822	0.5868559838
pathway_compartment	picrust2_ecology/pathway_position_effects.tsv	59	"{""contrast"": ""Deep-Surface"", ""pathway"": ""PWY-6163""}"	0.0002	0.0008333333333
pathway_compartment	picrust2_ecology/pathway_position_effects.tsv	60	"{""contrast"": ""Deep-Surface"", ""pathway"": ""PEPTIDOGLYCANSYN-PWY""}"	0.0013	0.004083769634
pathway_compartment	picrust2_ecology/pathway_position_effects.tsv	61	"{""contrast"": ""Deep-Surface"", ""pathway"": ""COA-PWY""}"	0.0005	0.001775147929
pathway_compartment	picrust2_ecology/pathway_position_effects.tsv	62	"{""contrast"": ""Deep-Surface"", ""pathway"": ""SULFATE-CYS-PWY""}"	0.6063	0.6983493282
pathway_compartment	picrust2_ecology/pathway_position_effects.tsv	63	"{""contrast"": ""Deep-Surface"", ""pathway"": ""RIBOSYN2-PWY""}"	0.0067	0.01732758621
pathway_compartment	picrust2_ecology/pathway_position_effects.tsv	64	"{""contrast"": ""Deep-Surface"", ""pathway"": ""PWY-6386""}"	0.0005	0.001775147929
pathway_compartment	picrust2_ecology/pathway_position_effects.tsv	65	"{""contrast"": ""Deep-Surface"", ""pathway"": ""GLUTORN-PWY""}"	0.0028	0.007924528302
pathway_compartment	picrust2_ecology/pathway_position_effects.tsv	66	"{""contrast"": ""Deep-Surface"", ""pathway"": ""PWY-6608""}"	0.2707	0.3794859813
pathway_compartment	picrust2_ecology/pathway_position_effects.tsv	67	"{""contrast"": ""Deep-Surface"", ""pathway"": ""PANTO-PWY""}"	0.0316	0.06537931034
pathway_compartment	picrust2_ecology/pathway_position_effects.tsv	68	"{""contrast"": ""Deep-Surface"", ""pathway"": ""PWY-6385""}"	0.0002	0.0008333333333
pathway_compartment	picrust2_ecology/pathway_position_effects.tsv	69	"{""contrast"": ""Deep-Surface"", ""pathway"": ""UDPNAGSYN-PWY""}"	0.0001	0.0005042016807
pathway_compartment	picrust2_ecology/pathway_position_effects.tsv	70	"{""contrast"": ""Deep-Surface"", ""pathway"": ""PWY-6123""}"	0.0025	0.007211538462
pathway_compartment	picrust2_ecology/pathway_position_effects.tsv	71	"{""contrast"": ""Deep-Surface"", ""pathway"": ""HISTSYN-PWY""}"	0.0013	0.004083769634
pathway_compartment	picrust2_ecology/pathway_position_effects.tsv	72	"{""contrast"": ""Deep-Surface"", ""pathway"": ""PENTOSE-P-PWY""}"	0.4417	0.5486956522
pathway_compartment	picrust2_ecology/pathway_position_effects.tsv	73	"{""contrast"": ""Deep-Surface"", ""pathway"": ""PWY-7197""}"	0.0001	0.0005042016807
pathway_compartment	picrust2_ecology/pathway_position_effects.tsv	74	"{""contrast"": ""Deep-Surface"", ""pathway"": ""DAPLYSINESYN-PWY""}"	0.2628	0.370117096
pathway_compartment	picrust2_ecology/pathway_position_effects.tsv	75	"{""contrast"": ""Deep-Surface"", ""pathway"": ""PWY0-1261""}"	0.1149	0.1883606557
pathway_compartment	picrust2_ecology/pathway_position_effects.tsv	76	"{""contrast"": ""Deep-Surface"", ""pathway"": ""PANTOSYN-PWY""}"	0.0619	0.1122054381
pathway_compartment	picrust2_ecology/pathway_position_effects.tsv	77	"{""contrast"": ""Deep-Surface"", ""pathway"": ""ARGSYN-PWY""}"	0.0001	0.0005042016807
pathway_compartment	picrust2_ecology/pathway_position_effects.tsv	78	"{""contrast"": ""Deep-Surface"", ""pathway"": ""HEMESYN2-PWY""}"	0.8523	0.9067021277
pathway_compartment	picrust2_ecology/pathway_position_effects.tsv	79	"{""contrast"": ""Deep-Surface"", ""pathway"": ""PWY0-1586""}"	0.6318	0.7220571429
pathway_compartment	picrust2_ecology/pathway_position_effects.tsv	80	"{""contrast"": ""Deep-Surface"", ""pathway"": ""PWY-7400""}"	0.0001	0.0005042016807
pathway_compartment	picrust2_ecology/pathway_position_effects.tsv	81	"{""contrast"": ""Deep-Surface"", ""pathway"": ""PWY-7539""}"	0.693	0.7786516854
pathway_compartment	picrust2_ecology/pathway_position_effects.tsv	82	"{""contrast"": ""Deep-Surface"", ""pathway"": ""PWY-5484""}"	0.4525	0.5586419753
pathway_compartment	picrust2_ecology/pathway_position_effects.tsv	83	"{""contrast"": ""Deep-Surface"", ""pathway"": ""TRNA-CHARGING-PWY""}"	0.1301	0.2048818898
pathway_compartment	picrust2_ecology/pathway_position_effects.tsv	84	"{""contrast"": ""Deep-Surface"", ""pathway"": ""PWY-7211""}"	0.9293	0.9620654045
pathway_compartment	picrust2_ecology/pathway_position_effects.tsv	85	"{""contrast"": ""Deep-Surface"", ""pathway"": ""OANTIGEN-PWY""}"	0.0001	0.0005042016807
pathway_compartment	picrust2_ecology/pathway_position_effects.tsv	86	"{""contrast"": ""Deep-Surface"", ""pathway"": ""PWY-5121""}"	0.0002	0.0008333333333
pathway_compartment	picrust2_ecology/pathway_position_effects.tsv	87	"{""contrast"": ""Deep-Surface"", ""pathway"": ""NONMEVIPP-PWY""}"	0.1019	0.1741880342
pathway_compartment	picrust2_ecology/pathway_position_effects.tsv	88	"{""contrast"": ""Deep-Surface"", ""pathway"": ""PWY-7560""}"	0.1019	0.1741880342
pathway_compartment	picrust2_ecology/pathway_position_effects.tsv	89	"{""contrast"": ""Deep-Surface"", ""pathway"": ""PWY-6147""}"	0.6143	0.706091954
pathway_compartment	picrust2_ecology/pathway_position_effects.tsv	90	"{""contrast"": ""Deep-Surface"", ""pathway"": ""PWY-7234""}"	0.5529	0.6569108911
pathway_compartment	picrust2_ecology/pathway_position_effects.tsv	91	"{""contrast"": ""Deep-Surface"", ""pathway"": ""PWY-6609""}"	0.0005	0.001775147929
pathway_compartment	picrust2_ecology/pathway_position_effects.tsv	92	"{""contrast"": ""Deep-Surface"", ""pathway"": ""SO4ASSIM-PWY""}"	0.3509	0.4617105263
pathway_compartment	picrust2_ecology/pathway_position_effects.tsv	93	"{""contrast"": ""Deep-Surface"", ""pathway"": ""GLYCOLYSIS-TCA-GLYOX-BYPASS""}"	0.0012	0.003829787234
pathway_compartment	picrust2_ecology/pathway_position_effects.tsv	94	"{""contrast"": ""Deep-Surface"", ""pathway"": ""PWY-6897""}"	0.4288	0.5348856549
pathway_compartment	picrust2_ecology/pathway_position_effects.tsv	95	"{""contrast"": ""Deep-Surface"", ""pathway"": ""POLYISOPRENSYN-PWY""}"	0.0393	0.0780794702
pathway_compartment	picrust2_ecology/pathway_position_effects.tsv	96	"{""contrast"": ""Deep-Surface"", ""pathway"": ""PWY-5345""}"	0.5636	0.6655294118
pathway_compartment	picrust2_ecology/pathway_position_effects.tsv	97	"{""contrast"": ""Deep-Surface"", ""pathway"": ""PWY-6353""}"	0.9737	0.9868581081
pathway_compartment	picrust2_ecology/pathway_position_effects.tsv	98	"{""contrast"": ""Deep-Surface"", ""pathway"": ""PWY-7184""}"	0.9592	0.9778983051
pathway_compartment	picrust2_ecology/pathway_position_effects.tsv	99	"{""contrast"": ""Deep-Surface"", ""pathway"": ""P42-PWY""}"	0.0001	0.0005042016807
pathway_compartment	picrust2_ecology/pathway_position_effects.tsv	100	"{""contrast"": ""Deep-Surface"", ""pathway"": ""ANAEROFRUCAT-PWY""}"	0.1735	0.2584615385
pathway_compartment	picrust2_ecology/pathway_position_effects.tsv	101	"{""contrast"": ""Deep-Surface"", ""pathway"": ""FOLSYN-PWY""}"	0.0001	0.0005042016807
pathway_compartment	picrust2_ecology/pathway_position_effects.tsv	102	"{""contrast"": ""Deep-Surface"", ""pathway"": ""P4-PWY""}"	0.1611	0.2434760705
pathway_compartment	picrust2_ecology/pathway_position_effects.tsv	103	"{""contrast"": ""Deep-Surface"", ""pathway"": ""PWY-5154""}"	0.5946	0.6900580271
pathway_compartment	picrust2_ecology/pathway_position_effects.tsv	104	"{""contrast"": ""Deep-Surface"", ""pathway"": ""PYRIDNUCSYN-PWY""}"	0.0002	0.0008333333333
pathway_compartment	picrust2_ecology/pathway_position_effects.tsv	105	"{""contrast"": ""Deep-Surface"", ""pathway"": ""TCA-GLYOX-BYPASS""}"	0.0052	0.01405405405
pathway_compartment	picrust2_ecology/pathway_position_effects.tsv	106	"{""contrast"": ""Deep-Surface"", ""pathway"": ""PWY-5347""}"	0.0456	0.08741214058
pathway_compartment	picrust2_ecology/pathway_position_effects.tsv	107	"{""contrast"": ""Deep-Surface"", ""pathway"": ""GLYCOLYSIS-E-D""}"	0.1752	0.2601980198
pathway_compartment	picrust2_ecology/pathway_position_effects.tsv	108	"{""contrast"": ""Deep-Surface"", ""pathway"": ""PWY0-166""}"	0.8168	0.8767084079
pathway_compartment	picrust2_ecology/pathway_position_effects.tsv	109	"{""contrast"": ""Deep-Surface"", ""pathway"": ""HSERMETANA-PWY""}"	0.2837	0.3958604651
pathway_compartment	picrust2_ecology/pathway_position_effects.tsv	110	"{""contrast"": ""Deep-Surface"", ""pathway"": ""PWY-5918""}"	0.5143	0.6198396794
pathway_compartment	picrust2_ecology/pathway_position_effects.tsv	111	"{""contrast"": ""Deep-Surface"", ""pathway"": ""1CMET2-PWY""}"	0.4386	0.5459751037
pathway_compartment	picrust2_ecology/pathway_position_effects.tsv	112	"{""contrast"": ""Deep-Surface"", ""pathway"": ""MET-SAM-PWY""}"	0.1293	0.2041578947
pathway_compartment	picrust2_ecology/pathway_position_effects.tsv	113	"{""contrast"": ""Deep-Surface"", ""pathway"": ""PWY0-781""}"	0.1172	0.1910869565
pathway_compartment	picrust2_ecology/pathway_position_effects.tsv	114	"{""contrast"": ""Deep-Surface"", ""pathway"": ""PWY-6612""}"	0.0001	0.0005042016807
pathway_compartment	picrust2_ecology/pathway_position_effects.tsv	115	"{""contrast"": ""Deep-Surface"", ""pathway"": ""PWY-5913""}"	0.1075	0.1791666667
pathway_compartment	picrust2_ecology/pathway_position_effects.tsv	116	"{""contrast"": ""Deep-Surface"", ""pathway"": ""PWY-6700""}"	0.3582	0.4692576419
pathway_compartment	picrust2_ecology/pathway_position_effects.tsv	117	"{""contrast"": ""Deep-Surface"", ""pathway"": ""PWY-7200""}"	0.5027	0.6093333333
pathway_compartment	picrust2_ecology/pathway_position_effects.tsv	118	"{""contrast"": ""Deep-Surface"", ""pathway"": ""P23-PWY""}"	0.2201	0.3180288462
pathway_compartment	picrust2_ecology/pathway_position_effects.tsv	119	"{""contrast"": ""Deep-Surface"", ""pathway"": ""PWY-7196""}"	0.9799	0.9886386555
pathway_compartment	picrust2_ecology/pathway_position_effects.tsv	120	"{""contrast"": ""Deep-Surface"", ""pathway"": ""PWY-7323""}"	0.4544	0.559835729
pathway_compartment	picrust2_ecology/pathway_position_effects.tsv	121	"{""contrast"": ""Deep-Surface"", ""pathway"": ""GLYOXYLATE-BYPASS""}"	0.0282	0.06021352313
pathway_compartment	picrust2_ecology/pathway_position_effects.tsv	122	"{""contrast"": ""Deep-Surface"", ""pathway"": ""GLYCOGENSYNTH-PWY""}"	0.9312	0.9620654045
pathway_compartment	picrust2_ecology/pathway_position_effects.tsv	123	"{""contrast"": ""Deep-Surface"", ""pathway"": ""PWY-7392""}"	0.5228	0.6248605578
pathway_compartment	picrust2_ecology/pathway_position_effects.tsv	124	"{""contrast"": ""Deep-Surface"", ""pathway"": ""PWY-6703""}"	0.9251	0.9619757366
pathway_compartment	picrust2_ecology/pathway_position_effects.tsv	125	"{""contrast"": ""Deep-Surface"", ""pathway"": ""HOMOSER-METSYN-PWY""}"	0.2966	0.4053758542
pathway_compartment	picrust2_ecology/pathway_position_effects.tsv	126	"{""contrast"": ""Deep-Surface"", ""pathway"": ""PWY-6317""}"	0.5858	0.6824854369
pathway_compartment	picrust2_ecology/pathway_position_effects.tsv	127	"{""contrast"": ""Deep-Surface"", ""pathway"": ""HEME-BIOSYNTHESIS-II""}"	0.7719	0.8420727273
pathway_compartment	picrust2_ecology/pathway_position_effects.tsv	128	"{""contrast"": ""Deep-Surface"", ""pathway"": ""PWY-7199""}"	0.9423	0.9697770154
pathway_compartment	picrust2_ecology/pathway_position_effects.tsv	129	"{""contrast"": ""Deep-Surface"", ""pathway"": ""PWY-6628""}"	0.3612	0.4711304348
pathway_compartment	picrust2_ecology/pathway_position_effects.tsv	130	"{""contrast"": ""Deep-Surface"", ""pathway"": ""PWY-6630""}"	0.3719	0.4780728051
pathway_compartment	picrust2_ecology/pathway_position_effects.tsv	131	"{""contrast"": ""Deep-Surface"", ""pathway"": ""PWY-5104""}"	0.0001	0.0005042016807
pathway_compartment	picrust2_ecology/pathway_position_effects.tsv	132	"{""contrast"": ""Deep-Surface"", ""pathway"": ""PWY-4984""}"	0.3661	0.4744276458
pathway_compartment	picrust2_ecology/pathway_position_effects.tsv	133	"{""contrast"": ""Deep-Surface"", ""pathway"": ""HISDEG-PWY""}"	0.2238	0.3220143885
pathway_compartment	picrust2_ecology/pathway_position_effects.tsv	134	"{""contrast"": ""Deep-Surface"", ""pathway"": ""PWY0-1296""}"	0.2876	0.3994444444
pathway_compartment	picrust2_ecology/pathway_position_effects.tsv	135	"{""contrast"": ""Deep-Surface"", ""pathway"": ""PWY-7254""}"	0.0001	0.0005042016807
pathway_compartment	picrust2_ecology/pathway_position_effects.tsv	136	"{""contrast"": ""Deep-Surface"", ""pathway"": ""PWYG-321""}"	0.0057	0.01526785714
pathway_compartment	picrust2_ecology/pathway_position_effects.tsv	137	"{""contrast"": ""Deep-Surface"", ""pathway"": ""COBALSYN-PWY""}"	0.9616	0.9778983051
pathway_compartment	picrust2_ecology/pathway_position_effects.tsv	138	"{""contrast"": ""Deep-Surface"", ""pathway"": ""COLANSYN-PWY""}"	0.598	0.6913294798
pathway_compartment	picrust2_ecology/pathway_position_effects.tsv	139	"{""contrast"": ""Deep-Surface"", ""pathway"": ""GLYCOCAT-PWY""}"	0.2382	0.3394774347
pathway_compartment	picrust2_ecology/pathway_position_effects.tsv	140	"{""contrast"": ""Deep-Surface"", ""pathway"": ""PWY-6901""}"	0.1065	0.177994429
pathway_compartment	picrust2_ecology/pathway_position_effects.tsv	141	"{""contrast"": ""Deep-Surface"", ""pathway"": ""PWY-5920""}"	0.1582	0.2407575758
pathway_compartment	picrust2_ecology/pathway_position_effects.tsv	142	"{""contrast"": ""Deep-Surface"", ""pathway"": ""PWY-7664""}"	0.0059	0.01573333333
pathway_compartment	picrust2_ecology/pathway_position_effects.tsv	143	"{""contrast"": ""Deep-Surface"", ""pathway"": ""LEU-DEG2-PWY""}"	0.1404	0.218238342
pathway_compartment	picrust2_ecology/pathway_position_effects.tsv	144	"{""contrast"": ""Deep-Surface"", ""pathway"": ""PYRIDNUCSAL-PWY""}"	0.2505	0.3536470588
pathway_compartment	picrust2_ecology/pathway_position_effects.tsv	145	"{""contrast"": ""Deep-Surface"", ""pathway"": ""PWY-5989""}"	0.004	0.01100917431
pathway_compartment	picrust2_ecology/pathway_position_effects.tsv	146	"{""contrast"": ""Deep-Surface"", ""pathway"": ""PWY-6737""}"	0.7232	0.8020702403
pathway_compartment	picrust2_ecology/pathway_position_effects.tsv	147	"{""contrast"": ""Deep-Surface"", ""pathway"": ""PWY0-1297""}"	0.4094	0.5171368421
pathway_compartment	picrust2_ecology/pathway_position_effects.tsv	148	"{""contrast"": ""Deep-Surface"", ""pathway"": ""PWY-6282""}"	0.0046	0.01248868778
pathway_compartment	picrust2_ecology/pathway_position_effects.tsv	149	"{""contrast"": ""Deep-Surface"", ""pathway"": ""FERMENTATION-PWY""}"	0.2092	0.3054014599
pathway_compartment	picrust2_ecology/pathway_position_effects.tsv	150	"{""contrast"": ""Deep-Surface"", ""pathway"": ""PWY0-862""}"	0.0063	0.01643478261
pathway_compartment	picrust2_ecology/pathway_position_effects.tsv	151	"{""contrast"": ""Deep-Surface"", ""pathway"": ""PWY-5505""}"	0.7266	0.8043542435
pathway_compartment	picrust2_ecology/pathway_position_effects.tsv	152	"{""contrast"": ""Deep-Surface"", ""pathway"": ""PWY-5022""}"	0.8654	0.9182332155
pathway_compartment	picrust2_ecology/pathway_position_effects.tsv	153	"{""contrast"": ""Deep-Surface"", ""pathway"": ""DENOVOPURINE2-PWY""}"	0.1992	0.2922249389
pathway_compartment	picrust2_ecology/pathway_position_effects.tsv	154	"{""contrast"": ""Deep-Surface"", ""pathway"": ""PWY0-1415""}"	0.2196	0.3180288462
pathway_compartment	picrust2_ecology/pathway_position_effects.tsv	155	"{""contrast"": ""Deep-Surface"", ""pathway"": ""PWY-6151""}"	0.0025	0.007211538462
pathway_compartment	picrust2_ecology/pathway_position_effects.tsv	156	"{""contrast"": ""Deep-Surface"", ""pathway"": ""ARG+POLYAMINE-SYN""}"	0.4908	0.5961133603
pathway_compartment	picrust2_ecology/pathway_position_effects.tsv	157	"{""contrast"": ""Deep-Surface"", ""pathway"": ""PWY-6895""}"	0.6064	0.6983493282
pathway_compartment	picrust2_ecology/pathway_position_effects.tsv	158	"{""contrast"": ""Deep-Surface"", ""pathway"": ""PWY-5840""}"	0.3102	0.4191891892
pathway_compartment	picrust2_ecology/pathway_position_effects.tsv	159	"{""contrast"": ""Deep-Surface"", ""pathway"": ""THISYN-PWY""}"	0.669	0.7545112782
pathway_compartment	picrust2_ecology/pathway_position_effects.tsv	160	"{""contrast"": ""Deep-Surface"", ""pathway"": ""PRPP-PWY""}"	0.2147	0.3119128329
pathway_compartment	picrust2_ecology/pathway_position_effects.tsv	161	"{""contrast"": ""Deep-Surface"", ""pathway"": ""PWY-6545""}"	0.9088	0.9516230366
pathway_compartment	picrust2_ecology/pathway_position_effects.tsv	162	"{""contrast"": ""Deep-Surface"", ""pathway"": ""PWY-5838""}"	0.294	0.4047247706
pathway_compartment	picrust2_ecology/pathway_position_effects.tsv	163	"{""contrast"": ""Deep-Surface"", ""pathway"": ""PWY-5855""}"	0.0096	0.0237037037
pathway_compartment	picrust2_ecology/pathway_position_effects.tsv	164	"{""contrast"": ""Deep-Surface"", ""pathway"": ""PWY-5856""}"	0.0096	0.0237037037
pathway_compartment	picrust2_ecology/pathway_position_effects.tsv	165	"{""contrast"": ""Deep-Surface"", ""pathway"": ""PWY-5857""}"	0.0096	0.0237037037
pathway_compartment	picrust2_ecology/pathway_position_effects.tsv	166	"{""contrast"": ""Deep-Surface"", ""pathway"": ""PWY-6708""}"	0.0096	0.0237037037
pathway_compartment	picrust2_ecology/pathway_position_effects.tsv	167	"{""contrast"": ""Deep-Surface"", ""pathway"": ""PWY-5897""}"	0.3132	0.4204026846
pathway_compartment	picrust2_ecology/pathway_position_effects.tsv	168	"{""contrast"": ""Deep-Surface"", ""pathway"": ""PWY-5898""}"	0.3132	0.4204026846
pathway_compartment	picrust2_ecology/pathway_position_effects.tsv	169	"{""contrast"": ""Deep-Surface"", ""pathway"": ""PWY-5899""}"	0.3132	0.4204026846
pathway_compartment	picrust2_ecology/pathway_position_effects.tsv	170	"{""contrast"": ""Deep-Surface"", ""pathway"": ""PWY-6269""}"	0.2964	0.4053758542
pathway_compartment	picrust2_ecology/pathway_position_effects.tsv	171	"{""contrast"": ""Deep-Surface"", ""pathway"": ""PWY-5509""}"	0.4	0.5063291139
pathway_compartment	picrust2_ecology/pathway_position_effects.tsv	172	"{""contrast"": ""Deep-Surface"", ""pathway"": ""FASYN-INITIAL-PWY""}"	0.0014	0.004352331606
pathway_compartment	picrust2_ecology/pathway_position_effects.tsv	173	"{""contrast"": ""Deep-Surface"", ""pathway"": ""UBISYN-PWY""}"	0.0001	0.0005042016807
pathway_compartment	picrust2_ecology/pathway_position_effects.tsv	174	"{""contrast"": ""Deep-Surface"", ""pathway"": ""PWY0-1061""}"	0.0001	0.0005042016807
pathway_compartment	picrust2_ecology/pathway_position_effects.tsv	175	"{""contrast"": ""Deep-Surface"", ""pathway"": ""PWY0-1298""}"	0.6313	0.7220571429
pathway_compartment	picrust2_ecology/pathway_position_effects.tsv	176	"{""contrast"": ""Deep-Surface"", ""pathway"": ""PWY-6467""}"	0.7407	0.8169485294
pathway_compartment	picrust2_ecology/pathway_position_effects.tsv	177	"{""contrast"": ""Deep-Surface"", ""pathway"": ""NAGLIPASYN-PWY""}"	0.913	0.9543554007
pathway_compartment	picrust2_ecology/pathway_position_effects.tsv	178	"{""contrast"": ""Deep-Surface"", ""pathway"": ""PWY0-1479""}"	0.0001	0.0005042016807
pathway_compartment	picrust2_ecology/pathway_position_effects.tsv	179	"{""contrast"": ""Deep-Surface"", ""pathway"": ""PWY-2941""}"	0.4112	0.5178616352
pathway_compartment	picrust2_ecology/pathway_position_effects.tsv	180	"{""contrast"": ""Deep-Surface"", ""pathway"": ""PWY-1269""}"	0.956	0.9778983051
pathway_compartment	picrust2_ecology/pathway_position_effects.tsv	181	"{""contrast"": ""Deep-Surface"", ""pathway"": ""PROTOCATECHUATE-ORTHO-CLEAVAGE-PWY""}"	0.1627	0.2452763819
pathway_compartment	picrust2_ecology/pathway_position_effects.tsv	182	"{""contrast"": ""Deep-Surface"", ""pathway"": ""PWY-5100""}"	0.1047	0.1769577465
pathway_compartment	picrust2_ecology/pathway_position_effects.tsv	183	"{""contrast"": ""Deep-Surface"", ""pathway"": ""PWY-5971""}"	0.9211	0.9594791667
pathway_compartment	picrust2_ecology/pathway_position_effects.tsv	184	"{""contrast"": ""Deep-Surface"", ""pathway"": ""PWY-5861""}"	0.2859	0.3980046404
pathway_compartment	picrust2_ecology/pathway_position_effects.tsv	185	"{""contrast"": ""Deep-Surface"", ""pathway"": ""PWY-7187""}"	0.3989	0.5060042283
pathway_compartment	picrust2_ecology/pathway_position_effects.tsv	186	"{""contrast"": ""Deep-Surface"", ""pathway"": ""P161-PWY""}"	0.0399	0.07875
pathway_compartment	picrust2_ecology/pathway_position_effects.tsv	187	"{""contrast"": ""Deep-Surface"", ""pathway"": ""PWY-7328""}"	0.0366	0.07369127517
pathway_compartment	picrust2_ecology/pathway_position_effects.tsv	188	"{""contrast"": ""Deep-Surface"", ""pathway"": ""BIOTIN-BIOSYNTHESIS-PWY""}"	0.0001	0.0005042016807
pathway_compartment	picrust2_ecology/pathway_position_effects.tsv	189	"{""contrast"": ""Deep-Surface"", ""pathway"": ""PWY-7242""}"	0.0006	0.002093023256
pathway_compartment	picrust2_ecology/pathway_position_effects.tsv	190	"{""contrast"": ""Deep-Surface"", ""pathway"": ""PWY-181""}"	0.2246	0.3223923445
pathway_compartment	picrust2_ecology/pathway_position_effects.tsv	191	"{""contrast"": ""Deep-Surface"", ""pathway"": ""PWY-6519""}"	0.0001	0.0005042016807
pathway_compartment	picrust2_ecology/pathway_position_effects.tsv	192	"{""contrast"": ""Deep-Surface"", ""pathway"": ""POLYAMSYN-PWY""}"	0.3014	0.4091402715
pathway_compartment	picrust2_ecology/pathway_position_effects.tsv	193	"{""contrast"": ""Deep-Surface"", ""pathway"": ""PWY-7431""}"	0.0803	0.1404664723
pathway_compartment	picrust2_ecology/pathway_position_effects.tsv	194	"{""contrast"": ""Deep-Surface"", ""pathway"": ""PWY-6263""}"	0.8922	0.9375131349
pathway_compartment	picrust2_ecology/pathway_position_effects.tsv	195	"{""contrast"": ""Deep-Surface"", ""pathway"": ""PWY-5863""}"	0.2941	0.4047247706
pathway_compartment	picrust2_ecology/pathway_position_effects.tsv	196	"{""contrast"": ""Deep-Surface"", ""pathway"": ""PWY-1861""}"	0.8523	0.9067021277
pathway_compartment	picrust2_ecology/pathway_position_effects.tsv	197	"{""contrast"": ""Deep-Surface"", ""pathway"": ""P124-PWY""}"	0.1503	0.2306393862
pathway_compartment	picrust2_ecology/pathway_position_effects.tsv	198	"{""contrast"": ""Deep-Surface"", ""pathway"": ""ASPASN-PWY""}"	0.116	0.1896457766
pathway_compartment	picrust2_ecology/pathway_position_effects.tsv	199	"{""contrast"": ""Deep-Surface"", ""pathway"": ""PWY-5837""}"	0.3008	0.4091402715
pathway_compartment	picrust2_ecology/pathway_position_effects.tsv	200	"{""contrast"": ""Deep-Surface"", ""pathway"": ""PWY-7237""}"	0.3654	0.4744276458
pathway_compartment	picrust2_ecology/pathway_position_effects.tsv	201	"{""contrast"": ""Rhizosphere-Surface"", ""pathway"": ""PWY-3781""}"	0.0307	0.06440559441
pathway_compartment	picrust2_ecology/pathway_position_effects.tsv	202	"{""contrast"": ""Rhizosphere-Surface"", ""pathway"": ""PWY-7111""}"	0.2987	0.4073181818
pathway_compartment	picrust2_ecology/pathway_position_effects.tsv	203	"{""contrast"": ""Rhizosphere-Surface"", ""pathway"": ""PWY-5101""}"	0.0589	0.1074164134
pathway_compartment	picrust2_ecology/pathway_position_effects.tsv	204	"{""contrast"": ""Rhizosphere-Surface"", ""pathway"": ""ILEUSYN-PWY""}"	0.0724	0.1285207101
pathway_compartment	picrust2_ecology/pathway_position_effects.tsv	205	"{""contrast"": ""Rhizosphere-Surface"", ""pathway"": ""VALSYN-PWY""}"	0.0724	0.1285207101
pathway_compartment	picrust2_ecology/pathway_position_effects.tsv	206	"{""contrast"": ""Rhizosphere-Surface"", ""pathway"": ""BRANCHED-CHAIN-AA-SYN-PWY""}"	0.0214	0.04755555556
pathway_compartment	picrust2_ecology/pathway_position_effects.tsv	207	"{""contrast"": ""Rhizosphere-Surface"", ""pathway"": ""PWY-5973""}"	0.8144	0.8767084079
pathway_compartment	picrust2_ecology/pathway_position_effects.tsv	208	"{""contrast"": ""Rhizosphere-Surface"", ""pathway"": ""PWY-7663""}"	0.7448	0.8187912088
pathway_compartment	picrust2_ecology/pathway_position_effects.tsv	209	"{""contrast"": ""Rhizosphere-Surface"", ""pathway"": ""FASYN-ELONG-PWY""}"	0.5373	0.6409145129
pathway_compartment	picrust2_ecology/pathway_position_effects.tsv	210	"{""contrast"": ""Rhizosphere-Surface"", ""pathway"": ""TCA""}"	0.0723	0.1285207101
pathway_compartment	picrust2_ecology/pathway_position_effects.tsv	211	"{""contrast"": ""Rhizosphere-Surface"", ""pathway"": ""PWY-6969""}"	0.0293	0.06168421053
pathway_compartment	picrust2_ecology/pathway_position_effects.tsv	212	"{""contrast"": ""Rhizosphere-Surface"", ""pathway"": ""PWY-5103""}"	0.0714	0.127880597
pathway_compartment	picrust2_ecology/pathway_position_effects.tsv	213	"{""contrast"": ""Rhizosphere-Surface"", ""pathway"": ""PWY-7094""}"	0.0001	0.0005042016807
pathway_compartment	picrust2_ecology/pathway_position_effects.tsv	214	"{""contrast"": ""Rhizosphere-Surface"", ""pathway"": ""PWY-5667""}"	0.0211	0.04723880597
pathway_compartment	picrust2_ecology/pathway_position_effects.tsv	215	"{""contrast"": ""Rhizosphere-Surface"", ""pathway"": ""PWY0-1319""}"	0.0211	0.04723880597
pathway_compartment	picrust2_ecology/pathway_position_effects.tsv	216	"{""contrast"": ""Rhizosphere-Surface"", ""pathway"": ""FAO-PWY""}"	0.0004	0.001481481481
pathway_compartment	picrust2_ecology/pathway_position_effects.tsv	217	"{""contrast"": ""Rhizosphere-Surface"", ""pathway"": ""NONOXIPENT-PWY""}"	0.8828	0.9308963093
pathway_compartment	picrust2_ecology/pathway_position_effects.tsv	218	"{""contrast"": ""Rhizosphere-Surface"", ""pathway"": ""PWY-7208""}"	0.0576	0.1056880734
pathway_compartment	picrust2_ecology/pathway_position_effects.tsv	219	"{""contrast"": ""Rhizosphere-Surface"", ""pathway"": ""PWY-7229""}"	0.0789	0.1384210526
pathway_compartment	picrust2_ecology/pathway_position_effects.tsv	220	"{""contrast"": ""Rhizosphere-Surface"", ""pathway"": ""PHOSLIPSYN-PWY""}"	0.0014	0.004352331606
pathway_compartment	picrust2_ecology/pathway_position_effects.tsv	221	"{""contrast"": ""Rhizosphere-Surface"", ""pathway"": ""PWY-3001""}"	0.1726	0.2582543641
pathway_compartment	picrust2_ecology/pathway_position_effects.tsv	222	"{""contrast"": ""Rhizosphere-Surface"", ""pathway"": ""PWY-5695""}"	0.041	0.0806557377
pathway_compartment	picrust2_ecology/pathway_position_effects.tsv	223	"{""contrast"": ""Rhizosphere-Surface"", ""pathway"": ""PWY-2942""}"	0.3709	0.4780728051
pathway_compartment	picrust2_ecology/pathway_position_effects.tsv	224	"{""contrast"": ""Rhizosphere-Surface"", ""pathway"": ""REDCITCYC""}"	0.1462	0.2260824742
pathway_compartment	picrust2_ecology/pathway_position_effects.tsv	225	"{""contrast"": ""Rhizosphere-Surface"", ""pathway"": ""PWY-7219""}"	0.0326	0.06653061224
pathway_compartment	picrust2_ecology/pathway_position_effects.tsv	226	"{""contrast"": ""Rhizosphere-Surface"", ""pathway"": ""SER-GLYSYN-PWY""}"	0.8886	0.9353684211
pathway_compartment	picrust2_ecology/pathway_position_effects.tsv	227	"{""contrast"": ""Rhizosphere-Surface"", ""pathway"": ""PWY-6126""}"	0.0615	0.1118181818
pathway_compartment	picrust2_ecology/pathway_position_effects.tsv	228	"{""contrast"": ""Rhizosphere-Surface"", ""pathway"": ""PWY-7220""}"	0.18	0.2647058824
pathway_compartment	picrust2_ecology/pathway_position_effects.tsv	229	"{""contrast"": ""Rhizosphere-Surface"", ""pathway"": ""PWY-7222""}"	0.18	0.2647058824
pathway_compartment	picrust2_ecology/pathway_position_effects.tsv	230	"{""contrast"": ""Rhizosphere-Surface"", ""pathway"": ""P105-PWY""}"	0.5187	0.6211976048
pathway_compartment	picrust2_ecology/pathway_position_effects.tsv	231	"{""contrast"": ""Rhizosphere-Surface"", ""pathway"": ""PWY0-162""}"	0.0162	0.03738461538
pathway_compartment	picrust2_ecology/pathway_position_effects.tsv	232	"{""contrast"": ""Rhizosphere-Surface"", ""pathway"": ""PWY-6122""}"	0.1241	0.1975066313
pathway_compartment	picrust2_ecology/pathway_position_effects.tsv	233	"{""contrast"": ""Rhizosphere-Surface"", ""pathway"": ""PWY-6277""}"	0.1241	0.1975066313
pathway_compartment	picrust2_ecology/pathway_position_effects.tsv	234	"{""contrast"": ""Rhizosphere-Surface"", ""pathway"": ""PWY-6121""}"	0.0492	0.09312302839
pathway_compartment	picrust2_ecology/pathway_position_effects.tsv	235	"{""contrast"": ""Rhizosphere-Surface"", ""pathway"": ""PWY-5686""}"	0.0186	0.04243346008
pathway_compartment	picrust2_ecology/pathway_position_effects.tsv	236	"{""contrast"": ""Rhizosphere-Surface"", ""pathway"": ""PWY4FS-7""}"	0.0012	0.003829787234
pathway_compartment	picrust2_ecology/pathway_position_effects.tsv	237	"{""contrast"": ""Rhizosphere-Surface"", ""pathway"": ""PWY4FS-8""}"	0.0012	0.003829787234
pathway_compartment	picrust2_ecology/pathway_position_effects.tsv	238	"{""contrast"": ""Rhizosphere-Surface"", ""pathway"": ""PWY-7228""}"	0.0508	0.0954375
pathway_compartment	picrust2_ecology/pathway_position_effects.tsv	239	"{""contrast"": ""Rhizosphere-Surface"", ""pathway"": ""PWY-5097""}"	0.4608	0.565398773
pathway_compartment	picrust2_ecology/pathway_position_effects.tsv	240	"{""contrast"": ""Rhizosphere-Surface"", ""pathway"": ""PWY-841""}"	0.0456	0.08741214058
pathway_compartment	picrust2_ecology/pathway_position_effects.tsv	241	"{""contrast"": ""Rhizosphere-Surface"", ""pathway"": ""COMPLETE-ARO-PWY""}"	0.0964	0.166685879
pathway_compartment	picrust2_ecology/pathway_position_effects.tsv	242	"{""contrast"": ""Rhizosphere-Surface"", ""pathway"": ""PWY-6125""}"	0.0398	0.07875
pathway_compartment	picrust2_ecology/pathway_position_effects.tsv	243	"{""contrast"": ""Rhizosphere-Surface"", ""pathway"": ""ANAGLYCOLYSIS-PWY""}"	0.5155	0.6198396794
pathway_compartment	picrust2_ecology/pathway_position_effects.tsv	244	"{""contrast"": ""Rhizosphere-Surface"", ""pathway"": ""THRESYN-PWY""}"	0.3737	0.478336887
pathway_compartment	picrust2_ecology/pathway_position_effects.tsv	245	"{""contrast"": ""Rhizosphere-Surface"", ""pathway"": ""CALVIN-PWY""}"	0.1427	0.2212403101
pathway_compartment	picrust2_ecology/pathway_position_effects.tsv	246	"{""contrast"": ""Rhizosphere-Surface"", ""pathway"": ""TRPSYN-PWY""}"	0.2147	0.3119128329
pathway_compartment	picrust2_ecology/pathway_position_effects.tsv	247	"{""contrast"": ""Rhizosphere-Surface"", ""pathway"": ""PWY-7221""}"	0.029	0.06148409894
pathway_compartment	picrust2_ecology/pathway_position_effects.tsv	248	"{""contrast"": ""Rhizosphere-Surface"", ""pathway"": ""P108-PWY""}"	0.1585	0.2407575758
pathway_compartment	picrust2_ecology/pathway_position_effects.tsv	249	"{""contrast"": ""Rhizosphere-Surface"", ""pathway"": ""PWY-5659""}"	0.0001	0.0005042016807
pathway_compartment	picrust2_ecology/pathway_position_effects.tsv	250	"{""contrast"": ""Rhizosphere-Surface"", ""pathway"": ""PWY-5188""}"	0.0877	0.1529651163
pathway_compartment	picrust2_ecology/pathway_position_effects.tsv	251	"{""contrast"": ""Rhizosphere-Surface"", ""pathway"": ""ARGSYNBSUB-PWY""}"	0.036	0.07272727273
pathway_compartment	picrust2_ecology/pathway_position_effects.tsv	252	"{""contrast"": ""Rhizosphere-Surface"", ""pathway"": ""ARO-PWY""}"	0.0761	0.1339002933
pathway_compartment	picrust2_ecology/pathway_position_effects.tsv	253	"{""contrast"": ""Rhizosphere-Surface"", ""pathway"": ""PWY-5189""}"	0.0386	0.07694352159
pathway_compartment	picrust2_ecology/pathway_position_effects.tsv	254	"{""contrast"": ""Rhizosphere-Surface"", ""pathway"": ""GLYCOLYSIS""}"	0.8082	0.8721582734
pathway_compartment	picrust2_ecology/pathway_position_effects.tsv	255	"{""contrast"": ""Rhizosphere-Surface"", ""pathway"": ""DTDPRHAMSYN-PWY""}"	0.0001	0.0005042016807
pathway_compartment	picrust2_ecology/pathway_position_effects.tsv	256	"{""contrast"": ""Rhizosphere-Surface"", ""pathway"": ""PWY-6387""}"	0.0315	0.06537931034
pathway_compartment	picrust2_ecology/pathway_position_effects.tsv	257	"{""contrast"": ""Rhizosphere-Surface"", ""pathway"": ""SALVADEHYPOX-PWY""}"	0.5762	0.674502924
pathway_compartment	picrust2_ecology/pathway_position_effects.tsv	258	"{""contrast"": ""Rhizosphere-Surface"", ""pathway"": ""GLUCONEO-PWY""}"	0.2439	0.3459574468
pathway_compartment	picrust2_ecology/pathway_position_effects.tsv	259	"{""contrast"": ""Rhizosphere-Surface"", ""pathway"": ""PWY-6163""}"	0.1724	0.2582543641
pathway_compartment	picrust2_ecology/pathway_position_effects.tsv	260	"{""contrast"": ""Rhizosphere-Surface"", ""pathway"": ""PEPTIDOGLYCANSYN-PWY""}"	0.0265	0.0571942446
pathway_compartment	picrust2_ecology/pathway_position_effects.tsv	261	"{""contrast"": ""Rhizosphere-Surface"", ""pathway"": ""COA-PWY""}"	0.0309	0.06458333333
pathway_compartment	picrust2_ecology/pathway_position_effects.tsv	262	"{""contrast"": ""Rhizosphere-Surface"", ""pathway"": ""SULFATE-CYS-PWY""}"	0.6618	0.7477966102
pathway_compartment	picrust2_ecology/pathway_position_effects.tsv	263	"{""contrast"": ""Rhizosphere-Surface"", ""pathway"": ""RIBOSYN2-PWY""}"	0.0551	0.1014110429
pathway_compartment	picrust2_ecology/pathway_position_effects.tsv	264	"{""contrast"": ""Rhizosphere-Surface"", ""pathway"": ""PWY-6386""}"	0.0584	0.1068292683
pathway_compartment	picrust2_ecology/pathway_position_effects.tsv	265	"{""contrast"": ""Rhizosphere-Surface"", ""pathway"": ""GLUTORN-PWY""}"	0.0035	0.00976744186
pathway_compartment	picrust2_ecology/pathway_position_effects.tsv	266	"{""contrast"": ""Rhizosphere-Surface"", ""pathway"": ""PWY-6608""}"	0.3315	0.4405752212
pathway_compartment	picrust2_ecology/pathway_position_effects.tsv	267	"{""contrast"": ""Rhizosphere-Surface"", ""pathway"": ""PANTO-PWY""}"	0.1219	0.1960857909
pathway_compartment	picrust2_ecology/pathway_position_effects.tsv	268	"{""contrast"": ""Rhizosphere-Surface"", ""pathway"": ""PWY-6385""}"	0.0381	0.0764548495
pathway_compartment	picrust2_ecology/pathway_position_effects.tsv	269	"{""contrast"": ""Rhizosphere-Surface"", ""pathway"": ""UDPNAGSYN-PWY""}"	0.0229	0.05043478261
pathway_compartment	picrust2_ecology/pathway_position_effects.tsv	270	"{""contrast"": ""Rhizosphere-Surface"", ""pathway"": ""PWY-6123""}"	0.0548	0.1011692308
pathway_compartment	picrust2_ecology/pathway_position_effects.tsv	271	"{""contrast"": ""Rhizosphere-Surface"", ""pathway"": ""HISTSYN-PWY""}"	0.0322	0.06616438356
pathway_compartment	picrust2_ecology/pathway_position_effects.tsv	272	"{""contrast"": ""Rhizosphere-Surface"", ""pathway"": ""PENTOSE-P-PWY""}"	0.8692	0.9197883598
pathway_compartment	picrust2_ecology/pathway_position_effects.tsv	273	"{""contrast"": ""Rhizosphere-Surface"", ""pathway"": ""PWY-7197""}"	0.0448	0.08643086817
pathway_compartment	picrust2_ecology/pathway_position_effects.tsv	274	"{""contrast"": ""Rhizosphere-Surface"", ""pathway"": ""DAPLYSINESYN-PWY""}"	0.0003	0.001161290323
pathway_compartment	picrust2_ecology/pathway_position_effects.tsv	275	"{""contrast"": ""Rhizosphere-Surface"", ""pathway"": ""PWY0-1261""}"	0.1779	0.2629064039
pathway_compartment	picrust2_ecology/pathway_position_effects.tsv	276	"{""contrast"": ""Rhizosphere-Surface"", ""pathway"": ""PANTOSYN-PWY""}"	0.1354	0.211012987
pathway_compartment	picrust2_ecology/pathway_position_effects.tsv	277	"{""contrast"": ""Rhizosphere-Surface"", ""pathway"": ""ARGSYN-PWY""}"	0.5979	0.6913294798
pathway_compartment	picrust2_ecology/pathway_position_effects.tsv	278	"{""contrast"": ""Rhizosphere-Surface"", ""pathway"": ""HEMESYN2-PWY""}"	0.6605	0.7477358491
pathway_compartment	picrust2_ecology/pathway_position_effects.tsv	279	"{""contrast"": ""Rhizosphere-Surface"", ""pathway"": ""PWY0-1586""}"	0.0214	0.04755555556
pathway_compartment	picrust2_ecology/pathway_position_effects.tsv	280	"{""contrast"": ""Rhizosphere-Surface"", ""pathway"": ""PWY-7400""}"	0.5767	0.674502924
pathway_compartment	picrust2_ecology/pathway_position_effects.tsv	281	"{""contrast"": ""Rhizosphere-Surface"", ""pathway"": ""PWY-7539""}"	0.3721	0.4780728051
pathway_compartment	picrust2_ecology/pathway_position_effects.tsv	282	"{""contrast"": ""Rhizosphere-Surface"", ""pathway"": ""PWY-5484""}"	0.8217	0.8788235294
pathway_compartment	picrust2_ecology/pathway_position_effects.tsv	283	"{""contrast"": ""Rhizosphere-Surface"", ""pathway"": ""TRNA-CHARGING-PWY""}"	0.031	0.06458333333
pathway_compartment	picrust2_ecology/pathway_position_effects.tsv	284	"{""contrast"": ""Rhizosphere-Surface"", ""pathway"": ""PWY-7211""}"	0.0157	0.03651162791
pathway_compartment	picrust2_ecology/pathway_position_effects.tsv	285	"{""contrast"": ""Rhizosphere-Surface"", ""pathway"": ""OANTIGEN-PWY""}"	0.0001	0.0005042016807
pathway_compartment	picrust2_ecology/pathway_position_effects.tsv	286	"{""contrast"": ""Rhizosphere-Surface"", ""pathway"": ""PWY-5121""}"	0.0232	0.05043478261
pathway_compartment	picrust2_ecology/pathway_position_effects.tsv	287	"{""contrast"": ""Rhizosphere-Surface"", ""pathway"": ""NONMEVIPP-PWY""}"	0.3471	0.4581098901
pathway_compartment	picrust2_ecology/pathway_position_effects.tsv	288	"{""contrast"": ""Rhizosphere-Surface"", ""pathway"": ""PWY-7560""}"	0.3471	0.4581098901
pathway_compartment	picrust2_ecology/pathway_position_effects.tsv	289	"{""contrast"": ""Rhizosphere-Surface"", ""pathway"": ""PWY-6147""}"	0.1519	0.2320610687
pathway_compartment	picrust2_ecology/pathway_position_effects.tsv	290	"{""contrast"": ""Rhizosphere-Surface"", ""pathway"": ""PWY-7234""}"	0.5425	0.6458333333
pathway_compartment	picrust2_ecology/pathway_position_effects.tsv	291	"{""contrast"": ""Rhizosphere-Surface"", ""pathway"": ""PWY-6609""}"	0.0001	0.0005042016807
pathway_compartment	picrust2_ecology/pathway_position_effects.tsv	292	"{""contrast"": ""Rhizosphere-Surface"", ""pathway"": ""SO4ASSIM-PWY""}"	0.7232	0.8020702403
pathway_compartment	picrust2_ecology/pathway_position_effects.tsv	293	"{""contrast"": ""Rhizosphere-Surface"", ""pathway"": ""GLYCOLYSIS-TCA-GLYOX-BYPASS""}"	0.5174	0.62088
pathway_compartment	picrust2_ecology/pathway_position_effects.tsv	294	"{""contrast"": ""Rhizosphere-Surface"", ""pathway"": ""PWY-6897""}"	0.0006	0.002093023256
pathway_compartment	picrust2_ecology/pathway_position_effects.tsv	295	"{""contrast"": ""Rhizosphere-Surface"", ""pathway"": ""POLYISOPRENSYN-PWY""}"	0.1125	0.1849315068
pathway_compartment	picrust2_ecology/pathway_position_effects.tsv	296	"{""contrast"": ""Rhizosphere-Surface"", ""pathway"": ""PWY-5345""}"	0.4134	0.5189121339
pathway_compartment	picrust2_ecology/pathway_position_effects.tsv	297	"{""contrast"": ""Rhizosphere-Surface"", ""pathway"": ""PWY-6353""}"	0.9706	0.9853807107
pathway_compartment	picrust2_ecology/pathway_position_effects.tsv	298	"{""contrast"": ""Rhizosphere-Surface"", ""pathway"": ""PWY-7184""}"	0.0196	0.04437735849
pathway_compartment	picrust2_ecology/pathway_position_effects.tsv	299	"{""contrast"": ""Rhizosphere-Surface"", ""pathway"": ""P42-PWY""}"	0.001	0.003351955307
pathway_compartment	picrust2_ecology/pathway_position_effects.tsv	300	"{""contrast"": ""Rhizosphere-Surface"", ""pathway"": ""ANAEROFRUCAT-PWY""}"	0.0112	0.02709677419
pathway_compartment	picrust2_ecology/pathway_position_effects.tsv	301	"{""contrast"": ""Rhizosphere-Surface"", ""pathway"": ""FOLSYN-PWY""}"	0.3739	0.478336887
pathway_compartment	picrust2_ecology/pathway_position_effects.tsv	302	"{""contrast"": ""Rhizosphere-Surface"", ""pathway"": ""P4-PWY""}"	0.0478	0.09133757962
pathway_compartment	picrust2_ecology/pathway_position_effects.tsv	303	"{""contrast"": ""Rhizosphere-Surface"", ""pathway"": ""PWY-5154""}"	0.6889	0.7754971857
pathway_compartment	picrust2_ecology/pathway_position_effects.tsv	304	"{""contrast"": ""Rhizosphere-Surface"", ""pathway"": ""PYRIDNUCSYN-PWY""}"	0.0139	0.03283464567
pathway_compartment	picrust2_ecology/pathway_position_effects.tsv	305	"{""contrast"": ""Rhizosphere-Surface"", ""pathway"": ""TCA-GLYOX-BYPASS""}"	0.3048	0.4128216704
pathway_compartment	picrust2_ecology/pathway_position_effects.tsv	306	"{""contrast"": ""Rhizosphere-Surface"", ""pathway"": ""PWY-5347""}"	0.762	0.8343065693
pathway_compartment	picrust2_ecology/pathway_position_effects.tsv	307	"{""contrast"": ""Rhizosphere-Surface"", ""pathway"": ""GLYCOLYSIS-E-D""}"	0.0001	0.0005042016807
pathway_compartment	picrust2_ecology/pathway_position_effects.tsv	308	"{""contrast"": ""Rhizosphere-Surface"", ""pathway"": ""PWY0-166""}"	0.0098	0.02409836066
pathway_compartment	picrust2_ecology/pathway_position_effects.tsv	309	"{""contrast"": ""Rhizosphere-Surface"", ""pathway"": ""HSERMETANA-PWY""}"	0.0001	0.0005042016807
pathway_compartment	picrust2_ecology/pathway_position_effects.tsv	310	"{""contrast"": ""Rhizosphere-Surface"", ""pathway"": ""PWY-5918""}"	0.9316	0.9620654045
pathway_compartment	picrust2_ecology/pathway_position_effects.tsv	311	"{""contrast"": ""Rhizosphere-Surface"", ""pathway"": ""1CMET2-PWY""}"	0.8163	0.8767084079
pathway_compartment	picrust2_ecology/pathway_position_effects.tsv	312	"{""contrast"": ""Rhizosphere-Surface"", ""pathway"": ""MET-SAM-PWY""}"	0.9974	0.9974
pathway_compartment	picrust2_ecology/pathway_position_effects.tsv	313	"{""contrast"": ""Rhizosphere-Surface"", ""pathway"": ""PWY0-781""}"	0.3162	0.4234821429
pathway_compartment	picrust2_ecology/pathway_position_effects.tsv	314	"{""contrast"": ""Rhizosphere-Surface"", ""pathway"": ""PWY-6612""}"	0.0424	0.0831372549
pathway_compartment	picrust2_ecology/pathway_position_effects.tsv	315	"{""contrast"": ""Rhizosphere-Surface"", ""pathway"": ""PWY-5913""}"	0.0063	0.01643478261
pathway_compartment	picrust2_ecology/pathway_position_effects.tsv	316	"{""contrast"": ""Rhizosphere-Surface"", ""pathway"": ""PWY-6700""}"	0.5553	0.658458498
pathway_compartment	picrust2_ecology/pathway_position_effects.tsv	317	"{""contrast"": ""Rhizosphere-Surface"", ""pathway"": ""PWY-7200""}"	0.1027	0.1745609065
pathway_compartment	picrust2_ecology/pathway_position_effects.tsv	318	"{""contrast"": ""Rhizosphere-Surface"", ""pathway"": ""P23-PWY""}"	0.7229	0.8020702403
pathway_compartment	picrust2_ecology/pathway_position_effects.tsv	319	"{""contrast"": ""Rhizosphere-Surface"", ""pathway"": ""PWY-7196""}"	0.0001	0.0005042016807
pathway_compartment	picrust2_ecology/pathway_position_effects.tsv	320	"{""contrast"": ""Rhizosphere-Surface"", ""pathway"": ""PWY-7323""}"	0.0001	0.0005042016807
pathway_compartment	picrust2_ecology/pathway_position_effects.tsv	321	"{""contrast"": ""Rhizosphere-Surface"", ""pathway"": ""GLYOXYLATE-BYPASS""}"	0.9288	0.9620654045
pathway_compartment	picrust2_ecology/pathway_position_effects.tsv	322	"{""contrast"": ""Rhizosphere-Surface"", ""pathway"": ""GLYCOGENSYNTH-PWY""}"	0.5657	0.6655294118
pathway_compartment	picrust2_ecology/pathway_position_effects.tsv	323	"{""contrast"": ""Rhizosphere-Surface"", ""pathway"": ""PWY-7392""}"	0.0005	0.001775147929
pathway_compartment	picrust2_ecology/pathway_position_effects.tsv	324	"{""contrast"": ""Rhizosphere-Surface"", ""pathway"": ""PWY-6703""}"	0.4732	0.5782484725
pathway_compartment	picrust2_ecology/pathway_position_effects.tsv	325	"{""contrast"": ""Rhizosphere-Surface"", ""pathway"": ""HOMOSER-METSYN-PWY""}"	0.8268	0.8827046263
pathway_compartment	picrust2_ecology/pathway_position_effects.tsv	326	"{""contrast"": ""Rhizosphere-Surface"", ""pathway"": ""PWY-6317""}"	0.0529	0.09826625387
pathway_compartment	picrust2_ecology/pathway_position_effects.tsv	327	"{""contrast"": ""Rhizosphere-Surface"", ""pathway"": ""HEME-BIOSYNTHESIS-II""}"	0.6226	0.7142638623
pathway_compartment	picrust2_ecology/pathway_position_effects.tsv	328	"{""contrast"": ""Rhizosphere-Surface"", ""pathway"": ""PWY-7199""}"	0.0004	0.001481481481
pathway_compartment	picrust2_ecology/pathway_position_effects.tsv	329	"{""contrast"": ""Rhizosphere-Surface"", ""pathway"": ""PWY-6628""}"	0.9937	0.9974
pathway_compartment	picrust2_ecology/pathway_position_effects.tsv	330	"{""contrast"": ""Rhizosphere-Surface"", ""pathway"": ""PWY-6630""}"	0.9904	0.9970469799
pathway_compartment	picrust2_ecology/pathway_position_effects.tsv	331	"{""contrast"": ""Rhizosphere-Surface"", ""pathway"": ""PWY-5104""}"	0.0002	0.0008333333333
pathway_compartment	picrust2_ecology/pathway_position_effects.tsv	332	"{""contrast"": ""Rhizosphere-Surface"", ""pathway"": ""PWY-4984""}"	0.9154	0.9552
pathway_compartment	picrust2_ecology/pathway_position_effects.tsv	333	"{""contrast"": ""Rhizosphere-Surface"", ""pathway"": ""HISDEG-PWY""}"	0.0231	0.05043478261
pathway_compartment	picrust2_ecology/pathway_position_effects.tsv	334	"{""contrast"": ""Rhizosphere-Surface"", ""pathway"": ""PWY0-1296""}"	0.0021	0.006331658291
pathway_compartment	picrust2_ecology/pathway_position_effects.tsv	335	"{""contrast"": ""Rhizosphere-Surface"", ""pathway"": ""PWY-7254""}"	0.0138	0.03272727273
pathway_compartment	picrust2_ecology/pathway_position_effects.tsv	336	"{""contrast"": ""Rhizosphere-Surface"", ""pathway"": ""PWYG-321""}"	0.1311	0.2059162304
pathway_compartment	picrust2_ecology/pathway_position_effects.tsv	337	"{""contrast"": ""Rhizosphere-Surface"", ""pathway"": ""COBALSYN-PWY""}"	0.0111	0.02707317073
pathway_compartment	picrust2_ecology/pathway_position_effects.tsv	338	"{""contrast"": ""Rhizosphere-Surface"", ""pathway"": ""COLANSYN-PWY""}"	0.0001	0.0005042016807
pathway_compartment	picrust2_ecology/pathway_position_effects.tsv	339	"{""contrast"": ""Rhizosphere-Surface"", ""pathway"": ""GLYCOCAT-PWY""}"	0.0001	0.0005042016807
pathway_compartment	picrust2_ecology/pathway_position_effects.tsv	340	"{""contrast"": ""Rhizosphere-Surface"", ""pathway"": ""PWY-6901""}"	0.0002	0.0008333333333
pathway_compartment	picrust2_ecology/pathway_position_effects.tsv	341	"{""contrast"": ""Rhizosphere-Surface"", ""pathway"": ""PWY-5920""}"	0.1736	0.2584615385
pathway_compartment	picrust2_ecology/pathway_position_effects.tsv	342	"{""contrast"": ""Rhizosphere-Surface"", ""pathway"": ""PWY-7664""}"	0.127	0.201055409
pathway_compartment	picrust2_ecology/pathway_position_effects.tsv	343	"{""contrast"": ""Rhizosphere-Surface"", ""pathway"": ""LEU-DEG2-PWY""}"	0.001	0.003351955307
pathway_compartment	picrust2_ecology/pathway_position_effects.tsv	344	"{""contrast"": ""Rhizosphere-Surface"", ""pathway"": ""PYRIDNUCSAL-PWY""}"	0.0019	0.005816326531
pathway_compartment	picrust2_ecology/pathway_position_effects.tsv	345	"{""contrast"": ""Rhizosphere-Surface"", ""pathway"": ""PWY-5989""}"	0.1041	0.176440678
pathway_compartment	picrust2_ecology/pathway_position_effects.tsv	346	"{""contrast"": ""Rhizosphere-Surface"", ""pathway"": ""PWY-6737""}"	0.0001	0.0005042016807
pathway_compartment	picrust2_ecology/pathway_position_effects.tsv	347	"{""contrast"": ""Rhizosphere-Surface"", ""pathway"": ""PWY0-1297""}"	0.023	0.05043478261
pathway_compartment	picrust2_ecology/pathway_position_effects.tsv	348	"{""contrast"": ""Rhizosphere-Surface"", ""pathway"": ""PWY-6282""}"	0.1259	0.1998412698
pathway_compartment	picrust2_ecology/pathway_position_effects.tsv	349	"{""contrast"": ""Rhizosphere-Surface"", ""pathway"": ""FERMENTATION-PWY""}"	0.9804	0.9886386555
pathway_compartment	picrust2_ecology/pathway_position_effects.tsv	350	"{""contrast"": ""Rhizosphere-Surface"", ""pathway"": ""PWY0-862""}"	0.1055	0.1778089888
pathway_compartment	picrust2_ecology/pathway_position_effects.tsv	351	"{""contrast"": ""Rhizosphere-Surface"", ""pathway"": ""PWY-5505""}"	0.0001	0.0005042016807
pathway_compartment	picrust2_ecology/pathway_position_effects.tsv	352	"{""contrast"": ""Rhizosphere-Surface"", ""pathway"": ""PWY-5022""}"	0.0003	0.001161290323
pathway_compartment	picrust2_ecology/pathway_position_effects.tsv	353	"{""contrast"": ""Rhizosphere-Surface"", ""pathway"": ""DENOVOPURINE2-PWY""}"	0.066	0.1192771084
pathway_compartment	picrust2_ecology/pathway_position_effects.tsv	354	"{""contrast"": ""Rhizosphere-Surface"", ""pathway"": ""PWY0-1415""}"	0.07	0.1261261261
pathway_compartment	picrust2_ecology/pathway_position_effects.tsv	355	"{""contrast"": ""Rhizosphere-Surface"", ""pathway"": ""PWY-6151""}"	0.0003	0.001161290323
pathway_compartment	picrust2_ecology/pathway_position_effects.tsv	356	"{""contrast"": ""Rhizosphere-Surface"", ""pathway"": ""ARG+POLYAMINE-SYN""}"	0.0026	0.007464114833
pathway_compartment	picrust2_ecology/pathway_position_effects.tsv	357	"{""contrast"": ""Rhizosphere-Surface"", ""pathway"": ""PWY-6895""}"	0.0061	0.01619469027
pathway_compartment	picrust2_ecology/pathway_position_effects.tsv	358	"{""contrast"": ""Rhizosphere-Surface"", ""pathway"": ""PWY-5840""}"	0.0001	0.0005042016807
pathway_compartment	picrust2_ecology/pathway_position_effects.tsv	359	"{""contrast"": ""Rhizosphere-Surface"", ""pathway"": ""THISYN-PWY""}"	0.4439	0.5502892562
pathway_compartment	picrust2_ecology/pathway_position_effects.tsv	360	"{""contrast"": ""Rhizosphere-Surface"", ""pathway"": ""PRPP-PWY""}"	0.7753	0.844
pathway_compartment	picrust2_ecology/pathway_position_effects.tsv	361	"{""contrast"": ""Rhizosphere-Surface"", ""pathway"": ""PWY-6545""}"	0.4489	0.5553402062
pathway_compartment	picrust2_ecology/pathway_position_effects.tsv	362	"{""contrast"": ""Rhizosphere-Surface"", ""pathway"": ""PWY-5838""}"	0.0002	0.0008333333333
pathway_compartment	picrust2_ecology/pathway_position_effects.tsv	363	"{""contrast"": ""Rhizosphere-Surface"", ""pathway"": ""PWY-5855""}"	0.0011	0.003567567568
pathway_compartment	picrust2_ecology/pathway_position_effects.tsv	364	"{""contrast"": ""Rhizosphere-Surface"", ""pathway"": ""PWY-5856""}"	0.0011	0.003567567568
pathway_compartment	picrust2_ecology/pathway_position_effects.tsv	365	"{""contrast"": ""Rhizosphere-Surface"", ""pathway"": ""PWY-5857""}"	0.0011	0.003567567568
pathway_compartment	picrust2_ecology/pathway_position_effects.tsv	366	"{""contrast"": ""Rhizosphere-Surface"", ""pathway"": ""PWY-6708""}"	0.0011	0.003567567568
pathway_compartment	picrust2_ecology/pathway_position_effects.tsv	367	"{""contrast"": ""Rhizosphere-Surface"", ""pathway"": ""PWY-5897""}"	0.0001	0.0005042016807
pathway_compartment	picrust2_ecology/pathway_position_effects.tsv	368	"{""contrast"": ""Rhizosphere-Surface"", ""pathway"": ""PWY-5898""}"	0.0001	0.0005042016807
pathway_compartment	picrust2_ecology/pathway_position_effects.tsv	369	"{""contrast"": ""Rhizosphere-Surface"", ""pathway"": ""PWY-5899""}"	0.0001	0.0005042016807
pathway_compartment	picrust2_ecology/pathway_position_effects.tsv	370	"{""contrast"": ""Rhizosphere-Surface"", ""pathway"": ""PWY-6269""}"	0.0106	0.02595918367
pathway_compartment	picrust2_ecology/pathway_position_effects.tsv	371	"{""contrast"": ""Rhizosphere-Surface"", ""pathway"": ""PWY-5509""}"	0.0177	0.04053435115
pathway_compartment	picrust2_ecology/pathway_position_effects.tsv	372	"{""contrast"": ""Rhizosphere-Surface"", ""pathway"": ""FASYN-INITIAL-PWY""}"	0.0949	0.164566474
pathway_compartment	picrust2_ecology/pathway_position_effects.tsv	373	"{""contrast"": ""Rhizosphere-Surface"", ""pathway"": ""UBISYN-PWY""}"	0.0005	0.001775147929
pathway_compartment	picrust2_ecology/pathway_position_effects.tsv	374	"{""contrast"": ""Rhizosphere-Surface"", ""pathway"": ""PWY0-1061""}"	0.2399	0.3410900474
pathway_compartment	picrust2_ecology/pathway_position_effects.tsv	375	"{""contrast"": ""Rhizosphere-Surface"", ""pathway"": ""PWY0-1298""}"	0.0003	0.001161290323
pathway_compartment	picrust2_ecology/pathway_position_effects.tsv	376	"{""contrast"": ""Rhizosphere-Surface"", ""pathway"": ""PWY-6467""}"	0.0002	0.0008333333333
pathway_compartment	picrust2_ecology/pathway_position_effects.tsv	377	"{""contrast"": ""Rhizosphere-Surface"", ""pathway"": ""NAGLIPASYN-PWY""}"	0.0003	0.001161290323
pathway_compartment	picrust2_ecology/pathway_position_effects.tsv	378	"{""contrast"": ""Rhizosphere-Surface"", ""pathway"": ""PWY0-1479""}"	0.0025	0.007211538462
pathway_compartment	picrust2_ecology/pathway_position_effects.tsv	379	"{""contrast"": ""Rhizosphere-Surface"", ""pathway"": ""PWY-2941""}"	0.0001	0.0005042016807
pathway_compartment	picrust2_ecology/pathway_position_effects.tsv	380	"{""contrast"": ""Rhizosphere-Surface"", ""pathway"": ""PWY-1269""}"	0.0002	0.0008333333333
pathway_compartment	picrust2_ecology/pathway_position_effects.tsv	381	"{""contrast"": ""Rhizosphere-Surface"", ""pathway"": ""PROTOCATECHUATE-ORTHO-CLEAVAGE-PWY""}"	0.0492	0.09312302839
pathway_compartment	picrust2_ecology/pathway_position_effects.tsv	382	"{""contrast"": ""Rhizosphere-Surface"", ""pathway"": ""PWY-5100""}"	0.0509	0.0954375
pathway_compartment	picrust2_ecology/pathway_position_effects.tsv	383	"{""contrast"": ""Rhizosphere-Surface"", ""pathway"": ""PWY-5971""}"	0.0979	0.1687931034
pathway_compartment	picrust2_ecology/pathway_position_effects.tsv	384	"{""contrast"": ""Rhizosphere-Surface"", ""pathway"": ""PWY-5861""}"	0.0001	0.0005042016807
pathway_compartment	picrust2_ecology/pathway_position_effects.tsv	385	"{""contrast"": ""Rhizosphere-Surface"", ""pathway"": ""PWY-7187""}"	0.0321	0.06616438356
pathway_compartment	picrust2_ecology/pathway_position_effects.tsv	386	"{""contrast"": ""Rhizosphere-Surface"", ""pathway"": ""P161-PWY""}"	0.028	0.06
pathway_compartment	picrust2_ecology/pathway_position_effects.tsv	387	"{""contrast"": ""Rhizosphere-Surface"", ""pathway"": ""PWY-7328""}"	0.6565	0.7446124764
pathway_compartment	picrust2_ecology/pathway_position_effects.tsv	388	"{""contrast"": ""Rhizosphere-Surface"", ""pathway"": ""BIOTIN-BIOSYNTHESIS-PWY""}"	0.0206	0.04646616541
pathway_compartment	picrust2_ecology/pathway_position_effects.tsv	389	"{""contrast"": ""Rhizosphere-Surface"", ""pathway"": ""PWY-7242""}"	0.0041	0.01123287671
pathway_compartment	picrust2_ecology/pathway_position_effects.tsv	390	"{""contrast"": ""Rhizosphere-Surface"", ""pathway"": ""PWY-181""}"	0.6408	0.7309505703
pathway_compartment	picrust2_ecology/pathway_position_effects.tsv	391	"{""contrast"": ""Rhizosphere-Surface"", ""pathway"": ""PWY-6519""}"	0.0125	0.02988047809
pathway_compartment	picrust2_ecology/pathway_position_effects.tsv	392	"{""contrast"": ""Rhizosphere-Surface"", ""pathway"": ""POLYAMSYN-PWY""}"	0.0003	0.001161290323
pathway_compartment	picrust2_ecology/pathway_position_effects.tsv	393	"{""contrast"": ""Rhizosphere-Surface"", ""pathway"": ""PWY-7431""}"	0.7702	0.8417486339
pathway_compartment	picrust2_ecology/pathway_position_effects.tsv	394	"{""contrast"": ""Rhizosphere-Surface"", ""pathway"": ""PWY-6263""}"	0.7211	0.8020702403
pathway_compartment	picrust2_ecology/pathway_position_effects.tsv	395	"{""contrast"": ""Rhizosphere-Surface"", ""pathway"": ""PWY-5863""}"	0.0001	0.0005042016807
pathway_compartment	picrust2_ecology/pathway_position_effects.tsv	396	"{""contrast"": ""Rhizosphere-Surface"", ""pathway"": ""PWY-1861""}"	0.0001	0.0005042016807
pathway_compartment	picrust2_ecology/pathway_position_effects.tsv	397	"{""contrast"": ""Rhizosphere-Surface"", ""pathway"": ""P124-PWY""}"	0.0277	0.05956989247
pathway_compartment	picrust2_ecology/pathway_position_effects.tsv	398	"{""contrast"": ""Rhizosphere-Surface"", ""pathway"": ""ASPASN-PWY""}"	0.0027	0.007714285714
pathway_compartment	picrust2_ecology/pathway_position_effects.tsv	399	"{""contrast"": ""Rhizosphere-Surface"", ""pathway"": ""PWY-5837""}"	0.0001	0.0005042016807
pathway_compartment	picrust2_ecology/pathway_position_effects.tsv	400	"{""contrast"": ""Rhizosphere-Surface"", ""pathway"": ""PWY-7237""}"	0.3594	0.4698039216
pathway_compartment	picrust2_ecology/pathway_position_effects.tsv	401	"{""contrast"": ""Rhizosphere-Deep"", ""pathway"": ""PWY-3781""}"	0.0001	0.0005042016807
pathway_compartment	picrust2_ecology/pathway_position_effects.tsv	402	"{""contrast"": ""Rhizosphere-Deep"", ""pathway"": ""PWY-7111""}"	0.7176	0.8017877095
pathway_compartment	picrust2_ecology/pathway_position_effects.tsv	403	"{""contrast"": ""Rhizosphere-Deep"", ""pathway"": ""PWY-5101""}"	0.0004	0.001481481481
pathway_compartment	picrust2_ecology/pathway_position_effects.tsv	404	"{""contrast"": ""Rhizosphere-Deep"", ""pathway"": ""ILEUSYN-PWY""}"	0.0022	0.006502463054
pathway_compartment	picrust2_ecology/pathway_position_effects.tsv	405	"{""contrast"": ""Rhizosphere-Deep"", ""pathway"": ""VALSYN-PWY""}"	0.0022	0.006502463054
pathway_compartment	picrust2_ecology/pathway_position_effects.tsv	406	"{""contrast"": ""Rhizosphere-Deep"", ""pathway"": ""BRANCHED-CHAIN-AA-SYN-PWY""}"	0.0001	0.0005042016807
pathway_compartment	picrust2_ecology/pathway_position_effects.tsv	407	"{""contrast"": ""Rhizosphere-Deep"", ""pathway"": ""PWY-5973""}"	0.2795	0.3909090909
pathway_compartment	picrust2_ecology/pathway_position_effects.tsv	408	"{""contrast"": ""Rhizosphere-Deep"", ""pathway"": ""PWY-7663""}"	0.3641	0.4738828633
pathway_compartment	picrust2_ecology/pathway_position_effects.tsv	409	"{""contrast"": ""Rhizosphere-Deep"", ""pathway"": ""FASYN-ELONG-PWY""}"	0.3474	0.4581098901
pathway_compartment	picrust2_ecology/pathway_position_effects.tsv	410	"{""contrast"": ""Rhizosphere-Deep"", ""pathway"": ""TCA""}"	0.0002	0.0008333333333
pathway_compartment	picrust2_ecology/pathway_position_effects.tsv	411	"{""contrast"": ""Rhizosphere-Deep"", ""pathway"": ""PWY-6969""}"	0.0001	0.0005042016807
pathway_compartment	picrust2_ecology/pathway_position_effects.tsv	412	"{""contrast"": ""Rhizosphere-Deep"", ""pathway"": ""PWY-5103""}"	0.0001	0.0005042016807
pathway_compartment	picrust2_ecology/pathway_position_effects.tsv	413	"{""contrast"": ""Rhizosphere-Deep"", ""pathway"": ""PWY-7094""}"	0.0002	0.0008333333333
pathway_compartment	picrust2_ecology/pathway_position_effects.tsv	414	"{""contrast"": ""Rhizosphere-Deep"", ""pathway"": ""PWY-5667""}"	0.0001	0.0005042016807
pathway_compartment	picrust2_ecology/pathway_position_effects.tsv	415	"{""contrast"": ""Rhizosphere-Deep"", ""pathway"": ""PWY0-1319""}"	0.0001	0.0005042016807
pathway_compartment	picrust2_ecology/pathway_position_effects.tsv	416	"{""contrast"": ""Rhizosphere-Deep"", ""pathway"": ""FAO-PWY""}"	0.2911	0.4024423963
pathway_compartment	picrust2_ecology/pathway_position_effects.tsv	417	"{""contrast"": ""Rhizosphere-Deep"", ""pathway"": ""NONOXIPENT-PWY""}"	0.0002	0.0008333333333
pathway_compartment	picrust2_ecology/pathway_position_effects.tsv	418	"{""contrast"": ""Rhizosphere-Deep"", ""pathway"": ""PWY-7208""}"	0.0001	0.0005042016807
pathway_compartment	picrust2_ecology/pathway_position_effects.tsv	419	"{""contrast"": ""Rhizosphere-Deep"", ""pathway"": ""PWY-7229""}"	0.0001	0.0005042016807
pathway_compartment	picrust2_ecology/pathway_position_effects.tsv	420	"{""contrast"": ""Rhizosphere-Deep"", ""pathway"": ""PHOSLIPSYN-PWY""}"	0.0001	0.0005042016807
pathway_compartment	picrust2_ecology/pathway_position_effects.tsv	421	"{""contrast"": ""Rhizosphere-Deep"", ""pathway"": ""PWY-3001""}"	0.0001	0.0005042016807
pathway_compartment	picrust2_ecology/pathway_position_effects.tsv	422	"{""contrast"": ""Rhizosphere-Deep"", ""pathway"": ""PWY-5695""}"	0.7487	0.8212431444
pathway_compartment	picrust2_ecology/pathway_position_effects.tsv	423	"{""contrast"": ""Rhizosphere-Deep"", ""pathway"": ""PWY-2942""}"	0.0001	0.0005042016807
pathway_compartment	picrust2_ecology/pathway_position_effects.tsv	424	"{""contrast"": ""Rhizosphere-Deep"", ""pathway"": ""REDCITCYC""}"	0.9559	0.9778983051
pathway_compartment	picrust2_ecology/pathway_position_effects.tsv	425	"{""contrast"": ""Rhizosphere-Deep"", ""pathway"": ""PWY-7219""}"	0.0001	0.0005042016807
pathway_compartment	picrust2_ecology/pathway_position_effects.tsv	426	"{""contrast"": ""Rhizosphere-Deep"", ""pathway"": ""SER-GLYSYN-PWY""}"	0.0499	0.0941509434
pathway_compartment	picrust2_ecology/pathway_position_effects.tsv	427	"{""contrast"": ""Rhizosphere-Deep"", ""pathway"": ""PWY-6126""}"	0.0001	0.0005042016807
pathway_compartment	picrust2_ecology/pathway_position_effects.tsv	428	"{""contrast"": ""Rhizosphere-Deep"", ""pathway"": ""PWY-7220""}"	0.0001	0.0005042016807
pathway_compartment	picrust2_ecology/pathway_position_effects.tsv	429	"{""contrast"": ""Rhizosphere-Deep"", ""pathway"": ""PWY-7222""}"	0.0001	0.0005042016807
pathway_compartment	picrust2_ecology/pathway_position_effects.tsv	430	"{""contrast"": ""Rhizosphere-Deep"", ""pathway"": ""P105-PWY""}"	0.9586	0.9778983051
pathway_compartment	picrust2_ecology/pathway_position_effects.tsv	431	"{""contrast"": ""Rhizosphere-Deep"", ""pathway"": ""PWY0-162""}"	0.0001	0.0005042016807
pathway_compartment	picrust2_ecology/pathway_position_effects.tsv	432	"{""contrast"": ""Rhizosphere-Deep"", ""pathway"": ""PWY-6122""}"	0.0001	0.0005042016807
pathway_compartment	picrust2_ecology/pathway_position_effects.tsv	433	"{""contrast"": ""Rhizosphere-Deep"", ""pathway"": ""PWY-6277""}"	0.0001	0.0005042016807
pathway_compartment	picrust2_ecology/pathway_position_effects.tsv	434	"{""contrast"": ""Rhizosphere-Deep"", ""pathway"": ""PWY-6121""}"	0.0001	0.0005042016807
pathway_compartment	picrust2_ecology/pathway_position_effects.tsv	435	"{""contrast"": ""Rhizosphere-Deep"", ""pathway"": ""PWY-5686""}"	0.0001	0.0005042016807
pathway_compartment	picrust2_ecology/pathway_position_effects.tsv	436	"{""contrast"": ""Rhizosphere-Deep"", ""pathway"": ""PWY4FS-7""}"	0.0001	0.0005042016807
pathway_compartment	picrust2_ecology/pathway_position_effects.tsv	437	"{""contrast"": ""Rhizosphere-Deep"", ""pathway"": ""PWY4FS-8""}"	0.0001	0.0005042016807
pathway_compartment	picrust2_ecology/pathway_position_effects.tsv	438	"{""contrast"": ""Rhizosphere-Deep"", ""pathway"": ""PWY-7228""}"	0.0001	0.0005042016807
pathway_compartment	picrust2_ecology/pathway_position_effects.tsv	439	"{""contrast"": ""Rhizosphere-Deep"", ""pathway"": ""PWY-5097""}"	0.0002	0.0008333333333
pathway_compartment	picrust2_ecology/pathway_position_effects.tsv	440	"{""contrast"": ""Rhizosphere-Deep"", ""pathway"": ""PWY-841""}"	0.0001	0.0005042016807
pathway_compartment	picrust2_ecology/pathway_position_effects.tsv	441	"{""contrast"": ""Rhizosphere-Deep"", ""pathway"": ""COMPLETE-ARO-PWY""}"	0.0001	0.0005042016807
pathway_compartment	picrust2_ecology/pathway_position_effects.tsv	442	"{""contrast"": ""Rhizosphere-Deep"", ""pathway"": ""PWY-6125""}"	0.0001	0.0005042016807
pathway_compartment	picrust2_ecology/pathway_position_effects.tsv	443	"{""contrast"": ""Rhizosphere-Deep"", ""pathway"": ""ANAGLYCOLYSIS-PWY""}"	0.0001	0.0005042016807
pathway_compartment	picrust2_ecology/pathway_position_effects.tsv	444	"{""contrast"": ""Rhizosphere-Deep"", ""pathway"": ""THRESYN-PWY""}"	0.0001	0.0005042016807
pathway_compartment	picrust2_ecology/pathway_position_effects.tsv	445	"{""contrast"": ""Rhizosphere-Deep"", ""pathway"": ""CALVIN-PWY""}"	0.0001	0.0005042016807
pathway_compartment	picrust2_ecology/pathway_position_effects.tsv	446	"{""contrast"": ""Rhizosphere-Deep"", ""pathway"": ""TRPSYN-PWY""}"	0.0001	0.0005042016807
pathway_compartment	picrust2_ecology/pathway_position_effects.tsv	447	"{""contrast"": ""Rhizosphere-Deep"", ""pathway"": ""PWY-7221""}"	0.0001	0.0005042016807
pathway_compartment	picrust2_ecology/pathway_position_effects.tsv	448	"{""contrast"": ""Rhizosphere-Deep"", ""pathway"": ""P108-PWY""}"	0.0001	0.0005042016807
pathway_compartment	picrust2_ecology/pathway_position_effects.tsv	449	"{""contrast"": ""Rhizosphere-Deep"", ""pathway"": ""PWY-5659""}"	0.0001	0.0005042016807
pathway_compartment	picrust2_ecology/pathway_position_effects.tsv	450	"{""contrast"": ""Rhizosphere-Deep"", ""pathway"": ""PWY-5188""}"	0.0001	0.0005042016807
pathway_compartment	picrust2_ecology/pathway_position_effects.tsv	451	"{""contrast"": ""Rhizosphere-Deep"", ""pathway"": ""ARGSYNBSUB-PWY""}"	0.0001	0.0005042016807
pathway_compartment	picrust2_ecology/pathway_position_effects.tsv	452	"{""contrast"": ""Rhizosphere-Deep"", ""pathway"": ""ARO-PWY""}"	0.0001	0.0005042016807
pathway_compartment	picrust2_ecology/pathway_position_effects.tsv	453	"{""contrast"": ""Rhizosphere-Deep"", ""pathway"": ""PWY-5189""}"	0.0001	0.0005042016807
pathway_compartment	picrust2_ecology/pathway_position_effects.tsv	454	"{""contrast"": ""Rhizosphere-Deep"", ""pathway"": ""GLYCOLYSIS""}"	0.9947	0.9974
pathway_compartment	picrust2_ecology/pathway_position_effects.tsv	455	"{""contrast"": ""Rhizosphere-Deep"", ""pathway"": ""DTDPRHAMSYN-PWY""}"	0.0001	0.0005042016807
pathway_compartment	picrust2_ecology/pathway_position_effects.tsv	456	"{""contrast"": ""Rhizosphere-Deep"", ""pathway"": ""PWY-6387""}"	0.0001	0.0005042016807
pathway_compartment	picrust2_ecology/pathway_position_effects.tsv	457	"{""contrast"": ""Rhizosphere-Deep"", ""pathway"": ""SALVADEHYPOX-PWY""}"	0.0324	0.06634812287
pathway_compartment	picrust2_ecology/pathway_position_effects.tsv	458	"{""contrast"": ""Rhizosphere-Deep"", ""pathway"": ""GLUCONEO-PWY""}"	0.0292	0.06168421053
pathway_compartment	picrust2_ecology/pathway_position_effects.tsv	459	"{""contrast"": ""Rhizosphere-Deep"", ""pathway"": ""PWY-6163""}"	0.0001	0.0005042016807
pathway_compartment	picrust2_ecology/pathway_position_effects.tsv	460	"{""contrast"": ""Rhizosphere-Deep"", ""pathway"": ""PEPTIDOGLYCANSYN-PWY""}"	0.0001	0.0005042016807
pathway_compartment	picrust2_ecology/pathway_position_effects.tsv	461	"{""contrast"": ""Rhizosphere-Deep"", ""pathway"": ""COA-PWY""}"	0.0001	0.0005042016807
pathway_compartment	picrust2_ecology/pathway_position_effects.tsv	462	"{""contrast"": ""Rhizosphere-Deep"", ""pathway"": ""SULFATE-CYS-PWY""}"	0.9036	0.9478321678
pathway_compartment	picrust2_ecology/pathway_position_effects.tsv	463	"{""contrast"": ""Rhizosphere-Deep"", ""pathway"": ""RIBOSYN2-PWY""}"	0.0001	0.0005042016807
pathway_compartment	picrust2_ecology/pathway_position_effects.tsv	464	"{""contrast"": ""Rhizosphere-Deep"", ""pathway"": ""PWY-6386""}"	0.0001	0.0005042016807
pathway_compartment	picrust2_ecology/pathway_position_effects.tsv	465	"{""contrast"": ""Rhizosphere-Deep"", ""pathway"": ""GLUTORN-PWY""}"	0.0001	0.0005042016807
pathway_compartment	picrust2_ecology/pathway_position_effects.tsv	466	"{""contrast"": ""Rhizosphere-Deep"", ""pathway"": ""PWY-6608""}"	0.054	0.1
pathway_compartment	picrust2_ecology/pathway_position_effects.tsv	467	"{""contrast"": ""Rhizosphere-Deep"", ""pathway"": ""PANTO-PWY""}"	0.0001	0.0005042016807
pathway_compartment	picrust2_ecology/pathway_position_effects.tsv	468	"{""contrast"": ""Rhizosphere-Deep"", ""pathway"": ""PWY-6385""}"	0.0001	0.0005042016807
pathway_compartment	picrust2_ecology/pathway_position_effects.tsv	469	"{""contrast"": ""Rhizosphere-Deep"", ""pathway"": ""UDPNAGSYN-PWY""}"	0.0001	0.0005042016807
pathway_compartment	picrust2_ecology/pathway_position_effects.tsv	470	"{""contrast"": ""Rhizosphere-Deep"", ""pathway"": ""PWY-6123""}"	0.0001	0.0005042016807
pathway_compartment	picrust2_ecology/pathway_position_effects.tsv	471	"{""contrast"": ""Rhizosphere-Deep"", ""pathway"": ""HISTSYN-PWY""}"	0.0001	0.0005042016807
pathway_compartment	picrust2_ecology/pathway_position_effects.tsv	472	"{""contrast"": ""Rhizosphere-Deep"", ""pathway"": ""PENTOSE-P-PWY""}"	0.2961	0.4053758542
pathway_compartment	picrust2_ecology/pathway_position_effects.tsv	473	"{""contrast"": ""Rhizosphere-Deep"", ""pathway"": ""PWY-7197""}"	0.0001	0.0005042016807
pathway_compartment	picrust2_ecology/pathway_position_effects.tsv	474	"{""contrast"": ""Rhizosphere-Deep"", ""pathway"": ""DAPLYSINESYN-PWY""}"	0.0001	0.0005042016807
pathway_compartment	picrust2_ecology/pathway_position_effects.tsv	475	"{""contrast"": ""Rhizosphere-Deep"", ""pathway"": ""PWY0-1261""}"	0.0066	0.01714285714
pathway_compartment	picrust2_ecology/pathway_position_effects.tsv	476	"{""contrast"": ""Rhizosphere-Deep"", ""pathway"": ""PANTOSYN-PWY""}"	0.0001	0.0005042016807
pathway_compartment	picrust2_ecology/pathway_position_effects.tsv	477	"{""contrast"": ""Rhizosphere-Deep"", ""pathway"": ""ARGSYN-PWY""}"	0.0001	0.0005042016807
pathway_compartment	picrust2_ecology/pathway_position_effects.tsv	478	"{""contrast"": ""Rhizosphere-Deep"", ""pathway"": ""HEMESYN2-PWY""}"	0.5649	0.6655294118
pathway_compartment	picrust2_ecology/pathway_position_effects.tsv	479	"{""contrast"": ""Rhizosphere-Deep"", ""pathway"": ""PWY0-1586""}"	0.0232	0.05043478261
pathway_compartment	picrust2_ecology/pathway_position_effects.tsv	480	"{""contrast"": ""Rhizosphere-Deep"", ""pathway"": ""PWY-7400""}"	0.0001	0.0005042016807
pathway_compartment	picrust2_ecology/pathway_position_effects.tsv	481	"{""contrast"": ""Rhizosphere-Deep"", ""pathway"": ""PWY-7539""}"	0.106	0.1779888268
pathway_compartment	picrust2_ecology/pathway_position_effects.tsv	482	"{""contrast"": ""Rhizosphere-Deep"", ""pathway"": ""PWY-5484""}"	0.5831	0.6806614786
pathway_compartment	picrust2_ecology/pathway_position_effects.tsv	483	"{""contrast"": ""Rhizosphere-Deep"", ""pathway"": ""TRNA-CHARGING-PWY""}"	0.0001	0.0005042016807
pathway_compartment	picrust2_ecology/pathway_position_effects.tsv	484	"{""contrast"": ""Rhizosphere-Deep"", ""pathway"": ""PWY-7211""}"	0.0252	0.05458483755
pathway_compartment	picrust2_ecology/pathway_position_effects.tsv	485	"{""contrast"": ""Rhizosphere-Deep"", ""pathway"": ""OANTIGEN-PWY""}"	0.0001	0.0005042016807
pathway_compartment	picrust2_ecology/pathway_position_effects.tsv	486	"{""contrast"": ""Rhizosphere-Deep"", ""pathway"": ""PWY-5121""}"	0.0131	0.03119047619
pathway_compartment	picrust2_ecology/pathway_position_effects.tsv	487	"{""contrast"": ""Rhizosphere-Deep"", ""pathway"": ""NONMEVIPP-PWY""}"	0.0004	0.001481481481
pathway_compartment	picrust2_ecology/pathway_position_effects.tsv	488	"{""contrast"": ""Rhizosphere-Deep"", ""pathway"": ""PWY-7560""}"	0.0004	0.001481481481
pathway_compartment	picrust2_ecology/pathway_position_effects.tsv	489	"{""contrast"": ""Rhizosphere-Deep"", ""pathway"": ""PWY-6147""}"	0.0094	0.02369747899
pathway_compartment	picrust2_ecology/pathway_position_effects.tsv	490	"{""contrast"": ""Rhizosphere-Deep"", ""pathway"": ""PWY-7234""}"	0.1089	0.1809972299
pathway_compartment	picrust2_ecology/pathway_position_effects.tsv	491	"{""contrast"": ""Rhizosphere-Deep"", ""pathway"": ""PWY-6609""}"	0.2454	0.3472641509
pathway_compartment	picrust2_ecology/pathway_position_effects.tsv	492	"{""contrast"": ""Rhizosphere-Deep"", ""pathway"": ""SO4ASSIM-PWY""}"	0.1062	0.1779888268
pathway_compartment	picrust2_ecology/pathway_position_effects.tsv	493	"{""contrast"": ""Rhizosphere-Deep"", ""pathway"": ""GLYCOLYSIS-TCA-GLYOX-BYPASS""}"	0.0001	0.0005042016807
pathway_compartment	picrust2_ecology/pathway_position_effects.tsv	494	"{""contrast"": ""Rhizosphere-Deep"", ""pathway"": ""PWY-6897""}"	0.0001	0.0005042016807
pathway_compartment	picrust2_ecology/pathway_position_effects.tsv	495	"{""contrast"": ""Rhizosphere-Deep"", ""pathway"": ""POLYISOPRENSYN-PWY""}"	0.0006	0.002093023256
pathway_compartment	picrust2_ecology/pathway_position_effects.tsv	496	"{""contrast"": ""Rhizosphere-Deep"", ""pathway"": ""PWY-5345""}"	0.9605	0.9778983051
pathway_compartment	picrust2_ecology/pathway_position_effects.tsv	497	"{""contrast"": ""Rhizosphere-Deep"", ""pathway"": ""PWY-6353""}"	0.3763	0.4803829787
pathway_compartment	picrust2_ecology/pathway_position_effects.tsv	498	"{""contrast"": ""Rhizosphere-Deep"", ""pathway"": ""PWY-7184""}"	0.1102	0.1826519337
pathway_compartment	picrust2_ecology/pathway_position_effects.tsv	499	"{""contrast"": ""Rhizosphere-Deep"", ""pathway"": ""P42-PWY""}"	0.1113	0.1834615385
pathway_compartment	picrust2_ecology/pathway_position_effects.tsv	500	"{""contrast"": ""Rhizosphere-Deep"", ""pathway"": ""ANAEROFRUCAT-PWY""}"	0.7	0.7835820896
pathway_compartment	picrust2_ecology/pathway_position_effects.tsv	501	"{""contrast"": ""Rhizosphere-Deep"", ""pathway"": ""FOLSYN-PWY""}"	0.0001	0.0005042016807
pathway_compartment	picrust2_ecology/pathway_position_effects.tsv	502	"{""contrast"": ""Rhizosphere-Deep"", ""pathway"": ""P4-PWY""}"	0.0002	0.0008333333333
pathway_compartment	picrust2_ecology/pathway_position_effects.tsv	503	"{""contrast"": ""Rhizosphere-Deep"", ""pathway"": ""PWY-5154""}"	0.3319	0.4405752212
pathway_compartment	picrust2_ecology/pathway_position_effects.tsv	504	"{""contrast"": ""Rhizosphere-Deep"", ""pathway"": ""PYRIDNUCSYN-PWY""}"	0.0001	0.0005042016807
pathway_compartment	picrust2_ecology/pathway_position_effects.tsv	505	"{""contrast"": ""Rhizosphere-Deep"", ""pathway"": ""TCA-GLYOX-BYPASS""}"	0.0001	0.0005042016807
pathway_compartment	picrust2_ecology/pathway_position_effects.tsv	506	"{""contrast"": ""Rhizosphere-Deep"", ""pathway"": ""PWY-5347""}"	0.0709	0.1273652695
pathway_compartment	picrust2_ecology/pathway_position_effects.tsv	507	"{""contrast"": ""Rhizosphere-Deep"", ""pathway"": ""GLYCOLYSIS-E-D""}"	0.9965	0.9974
pathway_compartment	picrust2_ecology/pathway_position_effects.tsv	508	"{""contrast"": ""Rhizosphere-Deep"", ""pathway"": ""PWY0-166""}"	0.0118	0.02832
pathway_compartment	picrust2_ecology/pathway_position_effects.tsv	509	"{""contrast"": ""Rhizosphere-Deep"", ""pathway"": ""HSERMETANA-PWY""}"	0.0285	0.06063829787
pathway_compartment	picrust2_ecology/pathway_position_effects.tsv	510	"{""contrast"": ""Rhizosphere-Deep"", ""pathway"": ""PWY-5918""}"	0.6534	0.7439089184
pathway_compartment	picrust2_ecology/pathway_position_effects.tsv	511	"{""contrast"": ""Rhizosphere-Deep"", ""pathway"": ""1CMET2-PWY""}"	0.2634	0.370117096
pathway_compartment	picrust2_ecology/pathway_position_effects.tsv	512	"{""contrast"": ""Rhizosphere-Deep"", ""pathway"": ""MET-SAM-PWY""}"	0.1236	0.1975066313
pathway_compartment	picrust2_ecology/pathway_position_effects.tsv	513	"{""contrast"": ""Rhizosphere-Deep"", ""pathway"": ""PWY0-781""}"	0.0008	0.00275862069
pathway_compartment	picrust2_ecology/pathway_position_effects.tsv	514	"{""contrast"": ""Rhizosphere-Deep"", ""pathway"": ""PWY-6612""}"	0.0001	0.0005042016807
pathway_compartment	picrust2_ecology/pathway_position_effects.tsv	515	"{""contrast"": ""Rhizosphere-Deep"", ""pathway"": ""PWY-5913""}"	0.3685	0.4765086207
pathway_compartment	picrust2_ecology/pathway_position_effects.tsv	516	"{""contrast"": ""Rhizosphere-Deep"", ""pathway"": ""PWY-6700""}"	0.1351	0.211012987
pathway_compartment	picrust2_ecology/pathway_position_effects.tsv	517	"{""contrast"": ""Rhizosphere-Deep"", ""pathway"": ""PWY-7200""}"	0.8662	0.9182332155
pathway_compartment	picrust2_ecology/pathway_position_effects.tsv	518	"{""contrast"": ""Rhizosphere-Deep"", ""pathway"": ""P23-PWY""}"	0.3196	0.4261333333
pathway_compartment	picrust2_ecology/pathway_position_effects.tsv	519	"{""contrast"": ""Rhizosphere-Deep"", ""pathway"": ""PWY-7196""}"	0.0112	0.02709677419
pathway_compartment	picrust2_ecology/pathway_position_effects.tsv	520	"{""contrast"": ""Rhizosphere-Deep"", ""pathway"": ""PWY-7323""}"	0.0001	0.0005042016807
pathway_compartment	picrust2_ecology/pathway_position_effects.tsv	521	"{""contrast"": ""Rhizosphere-Deep"", ""pathway"": ""GLYOXYLATE-BYPASS""}"	0.0169	0.03885057471
pathway_compartment	picrust2_ecology/pathway_position_effects.tsv	522	"{""contrast"": ""Rhizosphere-Deep"", ""pathway"": ""GLYCOGENSYNTH-PWY""}"	0.2905	0.4024423963
pathway_compartment	picrust2_ecology/pathway_position_effects.tsv	523	"{""contrast"": ""Rhizosphere-Deep"", ""pathway"": ""PWY-7392""}"	0.0003	0.001161290323
pathway_compartment	picrust2_ecology/pathway_position_effects.tsv	524	"{""contrast"": ""Rhizosphere-Deep"", ""pathway"": ""PWY-6703""}"	0.4117	0.5178616352
pathway_compartment	picrust2_ecology/pathway_position_effects.tsv	525	"{""contrast"": ""Rhizosphere-Deep"", ""pathway"": ""HOMOSER-METSYN-PWY""}"	0.3896	0.4958898305
pathway_compartment	picrust2_ecology/pathway_position_effects.tsv	526	"{""contrast"": ""Rhizosphere-Deep"", ""pathway"": ""PWY-6317""}"	0.1177	0.1913821138
pathway_compartment	picrust2_ecology/pathway_position_effects.tsv	527	"{""contrast"": ""Rhizosphere-Deep"", ""pathway"": ""HEME-BIOSYNTHESIS-II""}"	0.8826	0.9308963093
pathway_compartment	picrust2_ecology/pathway_position_effects.tsv	528	"{""contrast"": ""Rhizosphere-Deep"", ""pathway"": ""PWY-7199""}"	0.0095	0.0237037037
pathway_compartment	picrust2_ecology/pathway_position_effects.tsv	529	"{""contrast"": ""Rhizosphere-Deep"", ""pathway"": ""PWY-6628""}"	0.1501	0.2306393862
pathway_compartment	picrust2_ecology/pathway_position_effects.tsv	530	"{""contrast"": ""Rhizosphere-Deep"", ""pathway"": ""PWY-6630""}"	0.1681	0.2527819549
pathway_compartment	picrust2_ecology/pathway_position_effects.tsv	531	"{""contrast"": ""Rhizosphere-Deep"", ""pathway"": ""PWY-5104""}"	0.0001	0.0005042016807
pathway_compartment	picrust2_ecology/pathway_position_effects.tsv	532	"{""contrast"": ""Rhizosphere-Deep"", ""pathway"": ""PWY-4984""}"	0.4665	0.5712244898
pathway_compartment	picrust2_ecology/pathway_position_effects.tsv	533	"{""contrast"": ""Rhizosphere-Deep"", ""pathway"": ""HISDEG-PWY""}"	0.0001	0.0005042016807
pathway_compartment	picrust2_ecology/pathway_position_effects.tsv	534	"{""contrast"": ""Rhizosphere-Deep"", ""pathway"": ""PWY0-1296""}"	0.2205	0.3180288462
pathway_compartment	picrust2_ecology/pathway_position_effects.tsv	535	"{""contrast"": ""Rhizosphere-Deep"", ""pathway"": ""PWY-7254""}"	0.0001	0.0005042016807
pathway_compartment	picrust2_ecology/pathway_position_effects.tsv	536	"{""contrast"": ""Rhizosphere-Deep"", ""pathway"": ""PWYG-321""}"	0.1196	0.1934231806
pathway_compartment	picrust2_ecology/pathway_position_effects.tsv	537	"{""contrast"": ""Rhizosphere-Deep"", ""pathway"": ""COBALSYN-PWY""}"	0.0492	0.09312302839
pathway_compartment	picrust2_ecology/pathway_position_effects.tsv	538	"{""contrast"": ""Rhizosphere-Deep"", ""pathway"": ""COLANSYN-PWY""}"	0.0013	0.004083769634
pathway_compartment	picrust2_ecology/pathway_position_effects.tsv	539	"{""contrast"": ""Rhizosphere-Deep"", ""pathway"": ""GLYCOCAT-PWY""}"	0.0001	0.0005042016807
pathway_compartment	picrust2_ecology/pathway_position_effects.tsv	540	"{""contrast"": ""Rhizosphere-Deep"", ""pathway"": ""PWY-6901""}"	0.0001	0.0005042016807
pathway_compartment	picrust2_ecology/pathway_position_effects.tsv	541	"{""contrast"": ""Rhizosphere-Deep"", ""pathway"": ""PWY-5920""}"	0.7451	0.8187912088
pathway_compartment	picrust2_ecology/pathway_position_effects.tsv	542	"{""contrast"": ""Rhizosphere-Deep"", ""pathway"": ""PWY-7664""}"	0.1237	0.1975066313
pathway_compartment	picrust2_ecology/pathway_position_effects.tsv	543	"{""contrast"": ""Rhizosphere-Deep"", ""pathway"": ""LEU-DEG2-PWY""}"	0.0436	0.08493506494
pathway_compartment	picrust2_ecology/pathway_position_effects.tsv	544	"{""contrast"": ""Rhizosphere-Deep"", ""pathway"": ""PYRIDNUCSAL-PWY""}"	0.1189	0.1928108108
pathway_compartment	picrust2_ecology/pathway_position_effects.tsv	545	"{""contrast"": ""Rhizosphere-Deep"", ""pathway"": ""PWY-5989""}"	0.1109	0.1833057851
pathway_compartment	picrust2_ecology/pathway_position_effects.tsv	546	"{""contrast"": ""Rhizosphere-Deep"", ""pathway"": ""PWY-6737""}"	0.0001	0.0005042016807
pathway_compartment	picrust2_ecology/pathway_position_effects.tsv	547	"{""contrast"": ""Rhizosphere-Deep"", ""pathway"": ""PWY0-1297""}"	0.3525	0.4628008753
pathway_compartment	picrust2_ecology/pathway_position_effects.tsv	548	"{""contrast"": ""Rhizosphere-Deep"", ""pathway"": ""PWY-6282""}"	0.1022	0.1742045455
pathway_compartment	picrust2_ecology/pathway_position_effects.tsv	549	"{""contrast"": ""Rhizosphere-Deep"", ""pathway"": ""FERMENTATION-PWY""}"	0.0746	0.1320353982
pathway_compartment	picrust2_ecology/pathway_position_effects.tsv	550	"{""contrast"": ""Rhizosphere-Deep"", ""pathway"": ""PWY0-862""}"	0.1337	0.2094516971
pathway_compartment	picrust2_ecology/pathway_position_effects.tsv	551	"{""contrast"": ""Rhizosphere-Deep"", ""pathway"": ""PWY-5505""}"	0.0007	0.002427745665
pathway_compartment	picrust2_ecology/pathway_position_effects.tsv	552	"{""contrast"": ""Rhizosphere-Deep"", ""pathway"": ""PWY-5022""}"	0.0001	0.0005042016807
pathway_compartment	picrust2_ecology/pathway_position_effects.tsv	553	"{""contrast"": ""Rhizosphere-Deep"", ""pathway"": ""DENOVOPURINE2-PWY""}"	0.0022	0.006502463054
pathway_compartment	picrust2_ecology/pathway_position_effects.tsv	554	"{""contrast"": ""Rhizosphere-Deep"", ""pathway"": ""PWY0-1415""}"	0.0002	0.0008333333333
pathway_compartment	picrust2_ecology/pathway_position_effects.tsv	555	"{""contrast"": ""Rhizosphere-Deep"", ""pathway"": ""PWY-6151""}"	0.0001	0.0005042016807
pathway_compartment	picrust2_ecology/pathway_position_effects.tsv	556	"{""contrast"": ""Rhizosphere-Deep"", ""pathway"": ""ARG+POLYAMINE-SYN""}"	0.0001	0.0005042016807
pathway_compartment	picrust2_ecology/pathway_position_effects.tsv	557	"{""contrast"": ""Rhizosphere-Deep"", ""pathway"": ""PWY-6895""}"	0.0002	0.0008333333333
pathway_compartment	picrust2_ecology/pathway_position_effects.tsv	558	"{""contrast"": ""Rhizosphere-Deep"", ""pathway"": ""PWY-5840""}"	0.009	0.02278481013
pathway_compartment	picrust2_ecology/pathway_position_effects.tsv	559	"{""contrast"": ""Rhizosphere-Deep"", ""pathway"": ""THISYN-PWY""}"	0.2322	0.3325059666
pathway_compartment	picrust2_ecology/pathway_position_effects.tsv	560	"{""contrast"": ""Rhizosphere-Deep"", ""pathway"": ""PRPP-PWY""}"	0.004	0.01100917431
pathway_compartment	picrust2_ecology/pathway_position_effects.tsv	561	"{""contrast"": ""Rhizosphere-Deep"", ""pathway"": ""PWY-6545""}"	0.3901	0.4958898305
pathway_compartment	picrust2_ecology/pathway_position_effects.tsv	562	"{""contrast"": ""Rhizosphere-Deep"", ""pathway"": ""PWY-5838""}"	0.0518	0.09682242991
pathway_compartment	picrust2_ecology/pathway_position_effects.tsv	563	"{""contrast"": ""Rhizosphere-Deep"", ""pathway"": ""PWY-5855""}"	0.7807	0.844
pathway_compartment	picrust2_ecology/pathway_position_effects.tsv	564	"{""contrast"": ""Rhizosphere-Deep"", ""pathway"": ""PWY-5856""}"	0.7807	0.844
pathway_compartment	picrust2_ecology/pathway_position_effects.tsv	565	"{""contrast"": ""Rhizosphere-Deep"", ""pathway"": ""PWY-5857""}"	0.7807	0.844
pathway_compartment	picrust2_ecology/pathway_position_effects.tsv	566	"{""contrast"": ""Rhizosphere-Deep"", ""pathway"": ""PWY-6708""}"	0.7807	0.844
pathway_compartment	picrust2_ecology/pathway_position_effects.tsv	567	"{""contrast"": ""Rhizosphere-Deep"", ""pathway"": ""PWY-5897""}"	0.0068	0.01736170213
pathway_compartment	picrust2_ecology/pathway_position_effects.tsv	568	"{""contrast"": ""Rhizosphere-Deep"", ""pathway"": ""PWY-5898""}"	0.0068	0.01736170213
pathway_compartment	picrust2_ecology/pathway_position_effects.tsv	569	"{""contrast"": ""Rhizosphere-Deep"", ""pathway"": ""PWY-5899""}"	0.0068	0.01736170213
pathway_compartment	picrust2_ecology/pathway_position_effects.tsv	570	"{""contrast"": ""Rhizosphere-Deep"", ""pathway"": ""PWY-6269""}"	0.4161	0.520125
pathway_compartment	picrust2_ecology/pathway_position_effects.tsv	571	"{""contrast"": ""Rhizosphere-Deep"", ""pathway"": ""PWY-5509""}"	0.4153	0.520125
pathway_compartment	picrust2_ecology/pathway_position_effects.tsv	572	"{""contrast"": ""Rhizosphere-Deep"", ""pathway"": ""FASYN-INITIAL-PWY""}"	0.052	0.09689440994
pathway_compartment	picrust2_ecology/pathway_position_effects.tsv	573	"{""contrast"": ""Rhizosphere-Deep"", ""pathway"": ""UBISYN-PWY""}"	0.2353	0.3361428571
pathway_compartment	picrust2_ecology/pathway_position_effects.tsv	574	"{""contrast"": ""Rhizosphere-Deep"", ""pathway"": ""PWY0-1061""}"	0.0002	0.0008333333333
pathway_compartment	picrust2_ecology/pathway_position_effects.tsv	575	"{""contrast"": ""Rhizosphere-Deep"", ""pathway"": ""PWY0-1298""}"	0.0086	0.02186440678
pathway_compartment	picrust2_ecology/pathway_position_effects.tsv	576	"{""contrast"": ""Rhizosphere-Deep"", ""pathway"": ""PWY-6467""}"	0.0001	0.0005042016807
pathway_compartment	picrust2_ecology/pathway_position_effects.tsv	577	"{""contrast"": ""Rhizosphere-Deep"", ""pathway"": ""NAGLIPASYN-PWY""}"	0.0003	0.001161290323
pathway_compartment	picrust2_ecology/pathway_position_effects.tsv	578	"{""contrast"": ""Rhizosphere-Deep"", ""pathway"": ""PWY0-1479""}"	0.0761	0.1339002933
pathway_compartment	picrust2_ecology/pathway_position_effects.tsv	579	"{""contrast"": ""Rhizosphere-Deep"", ""pathway"": ""PWY-2941""}"	0.0001	0.0005042016807
pathway_compartment	picrust2_ecology/pathway_position_effects.tsv	580	"{""contrast"": ""Rhizosphere-Deep"", ""pathway"": ""PWY-1269""}"	0.0003	0.001161290323
pathway_compartment	picrust2_ecology/pathway_position_effects.tsv	581	"{""contrast"": ""Rhizosphere-Deep"", ""pathway"": ""PROTOCATECHUATE-ORTHO-CLEAVAGE-PWY""}"	0.478	0.5829268293
pathway_compartment	picrust2_ecology/pathway_position_effects.tsv	582	"{""contrast"": ""Rhizosphere-Deep"", ""pathway"": ""PWY-5100""}"	0.5944	0.6900580271
pathway_compartment	picrust2_ecology/pathway_position_effects.tsv	583	"{""contrast"": ""Rhizosphere-Deep"", ""pathway"": ""PWY-5971""}"	0.0113	0.02722891566
pathway_compartment	picrust2_ecology/pathway_position_effects.tsv	584	"{""contrast"": ""Rhizosphere-Deep"", ""pathway"": ""PWY-5861""}"	0.0146	0.03435294118
pathway_compartment	picrust2_ecology/pathway_position_effects.tsv	585	"{""contrast"": ""Rhizosphere-Deep"", ""pathway"": ""PWY-7187""}"	0.004	0.01100917431
pathway_compartment	picrust2_ecology/pathway_position_effects.tsv	586	"{""contrast"": ""Rhizosphere-Deep"", ""pathway"": ""P161-PWY""}"	0.9754	0.9869139966
pathway_compartment	picrust2_ecology/pathway_position_effects.tsv	587	"{""contrast"": ""Rhizosphere-Deep"", ""pathway"": ""PWY-7328""}"	0.0022	0.006502463054
pathway_compartment	picrust2_ecology/pathway_position_effects.tsv	588	"{""contrast"": ""Rhizosphere-Deep"", ""pathway"": ""BIOTIN-BIOSYNTHESIS-PWY""}"	0.0335	0.06790540541
pathway_compartment	picrust2_ecology/pathway_position_effects.tsv	589	"{""contrast"": ""Rhizosphere-Deep"", ""pathway"": ""PWY-7242""}"	0.0001	0.0005042016807
pathway_compartment	picrust2_ecology/pathway_position_effects.tsv	590	"{""contrast"": ""Rhizosphere-Deep"", ""pathway"": ""PWY-181""}"	0.0226	0.05003690037
pathway_compartment	picrust2_ecology/pathway_position_effects.tsv	591	"{""contrast"": ""Rhizosphere-Deep"", ""pathway"": ""PWY-6519""}"	0.0334	0.06790540541
pathway_compartment	picrust2_ecology/pathway_position_effects.tsv	592	"{""contrast"": ""Rhizosphere-Deep"", ""pathway"": ""POLYAMSYN-PWY""}"	0.0001	0.0005042016807
pathway_compartment	picrust2_ecology/pathway_position_effects.tsv	593	"{""contrast"": ""Rhizosphere-Deep"", ""pathway"": ""PWY-7431""}"	0.0018	0.005567010309
pathway_compartment	picrust2_ecology/pathway_position_effects.tsv	594	"{""contrast"": ""Rhizosphere-Deep"", ""pathway"": ""PWY-6263""}"	0.9394	0.9684536082
pathway_compartment	picrust2_ecology/pathway_position_effects.tsv	595	"{""contrast"": ""Rhizosphere-Deep"", ""pathway"": ""PWY-5863""}"	0.0009	0.003068181818
pathway_compartment	picrust2_ecology/pathway_position_effects.tsv	596	"{""contrast"": ""Rhizosphere-Deep"", ""pathway"": ""PWY-1861""}"	0.0001	0.0005042016807
pathway_compartment	picrust2_ecology/pathway_position_effects.tsv	597	"{""contrast"": ""Rhizosphere-Deep"", ""pathway"": ""P124-PWY""}"	0.9526	0.9778983051
pathway_compartment	picrust2_ecology/pathway_position_effects.tsv	598	"{""contrast"": ""Rhizosphere-Deep"", ""pathway"": ""ASPASN-PWY""}"	0.0001	0.0005042016807
pathway_compartment	picrust2_ecology/pathway_position_effects.tsv	599	"{""contrast"": ""Rhizosphere-Deep"", ""pathway"": ""PWY-5837""}"	0.0005	0.001775147929
pathway_compartment	picrust2_ecology/pathway_position_effects.tsv	600	"{""contrast"": ""Rhizosphere-Deep"", ""pathway"": ""PWY-7237""}"	0.0161	0.0372972973
pathway_route	picrust2_ecology/pathway_geographic_correlations.tsv	1	"{""pathway"": ""PWY-3781""}"	0.01570507895	0.03533641983
pathway_route	picrust2_ecology/pathway_geographic_correlations.tsv	2	"{""pathway"": ""PWY-7111""}"	0.9268031734	0.9409169273
pathway_route	picrust2_ecology/pathway_geographic_correlations.tsv	3	"{""pathway"": ""PWY-5101""}"	0.7714732156	0.8163737731
pathway_route	picrust2_ecology/pathway_geographic_correlations.tsv	4	"{""pathway"": ""ILEUSYN-PWY""}"	0.6803334923	0.7394929265
pathway_route	picrust2_ecology/pathway_geographic_correlations.tsv	5	"{""pathway"": ""VALSYN-PWY""}"	0.6803334923	0.7394929265
pathway_route	picrust2_ecology/pathway_geographic_correlations.tsv	6	"{""pathway"": ""BRANCHED-CHAIN-AA-SYN-PWY""}"	0.4817073864	0.5667145723
pathway_route	picrust2_ecology/pathway_geographic_correlations.tsv	7	"{""pathway"": ""PWY-5973""}"	2.263141831e-07	3.233059759e-06
pathway_route	picrust2_ecology/pathway_geographic_correlations.tsv	8	"{""pathway"": ""PWY-7663""}"	1.630029117e-07	2.963689303e-06
pathway_route	picrust2_ecology/pathway_geographic_correlations.tsv	9	"{""pathway"": ""FASYN-ELONG-PWY""}"	2.170316419e-07	3.233059759e-06
pathway_route	picrust2_ecology/pathway_geographic_correlations.tsv	10	"{""pathway"": ""TCA""}"	0.7172131762	0.7749307836
pathway_route	picrust2_ecology/pathway_geographic_correlations.tsv	11	"{""pathway"": ""PWY-6969""}"	0.2703410152	0.3580675698
pathway_route	picrust2_ecology/pathway_geographic_correlations.tsv	12	"{""pathway"": ""PWY-5103""}"	0.1741789186	0.2569511751
pathway_route	picrust2_ecology/pathway_geographic_correlations.tsv	13	"{""pathway"": ""PWY-7094""}"	9.389597531e-05	0.0005365484303
pathway_route	picrust2_ecology/pathway_geographic_correlations.tsv	14	"{""pathway"": ""PWY-5667""}"	0.0002683392103	0.00124808935
pathway_route	picrust2_ecology/pathway_geographic_correlations.tsv	15	"{""pathway"": ""PWY0-1319""}"	0.0002683392103	0.00124808935
pathway_route	picrust2_ecology/pathway_geographic_correlations.tsv	16	"{""pathway"": ""FAO-PWY""}"	8.638638696e-05	0.0005235538604
pathway_route	picrust2_ecology/pathway_geographic_correlations.tsv	17	"{""pathway"": ""NONOXIPENT-PWY""}"	0.01102980896	0.02828156144
pathway_route	picrust2_ecology/pathway_geographic_correlations.tsv	18	"{""pathway"": ""PWY-7208""}"	0.005824188268	0.01688170513
pathway_route	picrust2_ecology/pathway_geographic_correlations.tsv	19	"{""pathway"": ""PWY-7229""}"	0.002289780385	0.008326474126
pathway_route	picrust2_ecology/pathway_geographic_correlations.tsv	20	"{""pathway"": ""PHOSLIPSYN-PWY""}"	0.5177907954	0.5986020757
pathway_route	picrust2_ecology/pathway_geographic_correlations.tsv	21	"{""pathway"": ""PWY-3001""}"	7.476235609e-05	0.0004672647256
pathway_route	picrust2_ecology/pathway_geographic_correlations.tsv	22	"{""pathway"": ""PWY-5695""}"	0.1326067284	0.206285892
pathway_route	picrust2_ecology/pathway_geographic_correlations.tsv	23	"{""pathway"": ""PWY-2942""}"	0.0254917845	0.05366691473
pathway_route	picrust2_ecology/pathway_geographic_correlations.tsv	24	"{""pathway"": ""REDCITCYC""}"	0.02413184969	0.05189645096
pathway_route	picrust2_ecology/pathway_geographic_correlations.tsv	25	"{""pathway"": ""PWY-7219""}"	0.03106655895	0.06151793852
pathway_route	picrust2_ecology/pathway_geographic_correlations.tsv	26	"{""pathway"": ""SER-GLYSYN-PWY""}"	0.09784032834	0.1686902213
pathway_route	picrust2_ecology/pathway_geographic_correlations.tsv	27	"{""pathway"": ""PWY-6126""}"	0.004232004112	0.01317647177
pathway_route	picrust2_ecology/pathway_geographic_correlations.tsv	28	"{""pathway"": ""PWY-7220""}"	0.0001044013125	0.000549480592
pathway_route	picrust2_ecology/pathway_geographic_correlations.tsv	29	"{""pathway"": ""PWY-7222""}"	0.0001044013125	0.000549480592
pathway_route	picrust2_ecology/pathway_geographic_correlations.tsv	30	"{""pathway"": ""P105-PWY""}"	0.1792946826	0.2614709457
pathway_route	picrust2_ecology/pathway_geographic_correlations.tsv	31	"{""pathway"": ""PWY0-162""}"	0.009294359137	0.0247849577
pathway_route	picrust2_ecology/pathway_geographic_correlations.tsv	32	"{""pathway"": ""PWY-6122""}"	0.1076760024	0.1779768635
pathway_route	picrust2_ecology/pathway_geographic_correlations.tsv	33	"{""pathway"": ""PWY-6277""}"	0.1076760024	0.1779768635
pathway_route	picrust2_ecology/pathway_geographic_correlations.tsv	34	"{""pathway"": ""PWY-6121""}"	0.02879732375	0.05817641163
pathway_route	picrust2_ecology/pathway_geographic_correlations.tsv	35	"{""pathway"": ""PWY-5686""}"	0.01463889812	0.03404394911
pathway_route	picrust2_ecology/pathway_geographic_correlations.tsv	36	"{""pathway"": ""PWY4FS-7""}"	0.953290702	0.9580811075
pathway_route	picrust2_ecology/pathway_geographic_correlations.tsv	37	"{""pathway"": ""PWY4FS-8""}"	0.953290702	0.9580811075
pathway_route	picrust2_ecology/pathway_geographic_correlations.tsv	38	"{""pathway"": ""PWY-7228""}"	0.3955088781	0.4823279001
pathway_route	picrust2_ecology/pathway_geographic_correlations.tsv	39	"{""pathway"": ""PWY-5097""}"	0.002477802649	0.008849295174
pathway_route	picrust2_ecology/pathway_geographic_correlations.tsv	40	"{""pathway"": ""PWY-841""}"	0.03092700998	0.06151793852
pathway_route	picrust2_ecology/pathway_geographic_correlations.tsv	41	"{""pathway"": ""COMPLETE-ARO-PWY""}"	0.06092958128	0.1117973968
pathway_route	picrust2_ecology/pathway_geographic_correlations.tsv	42	"{""pathway"": ""PWY-6125""}"	0.2958470399	0.3892724209
pathway_route	picrust2_ecology/pathway_geographic_correlations.tsv	43	"{""pathway"": ""ANAGLYCOLYSIS-PWY""}"	0.4803872881	0.5667145723
pathway_route	picrust2_ecology/pathway_geographic_correlations.tsv	44	"{""pathway"": ""THRESYN-PWY""}"	1.982406361e-07	3.233059759e-06
pathway_route	picrust2_ecology/pathway_geographic_correlations.tsv	45	"{""pathway"": ""CALVIN-PWY""}"	0.001524896413	0.005864986203
pathway_route	picrust2_ecology/pathway_geographic_correlations.tsv	46	"{""pathway"": ""TRPSYN-PWY""}"	0.01287254463	0.03137858734
pathway_route	picrust2_ecology/pathway_geographic_correlations.tsv	47	"{""pathway"": ""PWY-7221""}"	0.9174326349	0.9361557499
pathway_route	picrust2_ecology/pathway_geographic_correlations.tsv	48	"{""pathway"": ""P108-PWY""}"	0.008818752413	0.02383446598
pathway_route	picrust2_ecology/pathway_geographic_correlations.tsv	49	"{""pathway"": ""PWY-5659""}"	0.03665235703	0.07186736672
pathway_route	picrust2_ecology/pathway_geographic_correlations.tsv	50	"{""pathway"": ""PWY-5188""}"	0.1933683794	0.2742813892
pathway_route	picrust2_ecology/pathway_geographic_correlations.tsv	51	"{""pathway"": ""ARGSYNBSUB-PWY""}"	0.9996637747	0.9996637747
pathway_route	picrust2_ecology/pathway_geographic_correlations.tsv	52	"{""pathway"": ""ARO-PWY""}"	0.1004342271	0.1695576414
pathway_route	picrust2_ecology/pathway_geographic_correlations.tsv	53	"{""pathway"": ""PWY-5189""}"	0.005684683683	0.01671965789
pathway_route	picrust2_ecology/pathway_geographic_correlations.tsv	54	"{""pathway"": ""GLYCOLYSIS""}"	0.7352669284	0.7863817416
pathway_route	picrust2_ecology/pathway_geographic_correlations.tsv	55	"{""pathway"": ""DTDPRHAMSYN-PWY""}"	0.5923601824	0.6693335394
pathway_route	picrust2_ecology/pathway_geographic_correlations.tsv	56	"{""pathway"": ""PWY-6387""}"	0.01238462059	0.03133765404
pathway_route	picrust2_ecology/pathway_geographic_correlations.tsv	57	"{""pathway"": ""SALVADEHYPOX-PWY""}"	0.001330151031	0.005320604123
pathway_route	picrust2_ecology/pathway_geographic_correlations.tsv	58	"{""pathway"": ""GLUCONEO-PWY""}"	0.002967948061	0.0100918822
pathway_route	picrust2_ecology/pathway_geographic_correlations.tsv	59	"{""pathway"": ""PWY-6163""}"	0.0284059412	0.05797130857
pathway_route	picrust2_ecology/pathway_geographic_correlations.tsv	60	"{""pathway"": ""PEPTIDOGLYCANSYN-PWY""}"	0.01430966671	0.03366980403
pathway_route	picrust2_ecology/pathway_geographic_correlations.tsv	61	"{""pathway"": ""COA-PWY""}"	0.07102899159	0.1257150294
pathway_route	picrust2_ecology/pathway_geographic_correlations.tsv	62	"{""pathway"": ""SULFATE-CYS-PWY""}"	0.1274313349	0.2006792675
pathway_route	picrust2_ecology/pathway_geographic_correlations.tsv	63	"{""pathway"": ""RIBOSYN2-PWY""}"	0.07013936719	0.12524887
pathway_route	picrust2_ecology/pathway_geographic_correlations.tsv	64	"{""pathway"": ""PWY-6386""}"	0.006146936216	0.01731531328
pathway_route	picrust2_ecology/pathway_geographic_correlations.tsv	65	"{""pathway"": ""GLUTORN-PWY""}"	0.3325732105	0.4263759109
pathway_route	picrust2_ecology/pathway_geographic_correlations.tsv	66	"{""pathway"": ""PWY-6608""}"	0.000377752949	0.001678901995
pathway_route	picrust2_ecology/pathway_geographic_correlations.tsv	67	"{""pathway"": ""PANTO-PWY""}"	6.426901437e-09	2.570760575e-07
pathway_route	picrust2_ecology/pathway_geographic_correlations.tsv	68	"{""pathway"": ""PWY-6385""}"	0.01302211375	0.03137858734
pathway_route	picrust2_ecology/pathway_geographic_correlations.tsv	69	"{""pathway"": ""UDPNAGSYN-PWY""}"	0.4067194194	0.4929932356
pathway_route	picrust2_ecology/pathway_geographic_correlations.tsv	70	"{""pathway"": ""PWY-6123""}"	0.02058628368	0.04524457951
pathway_route	picrust2_ecology/pathway_geographic_correlations.tsv	71	"{""pathway"": ""HISTSYN-PWY""}"	2.36162363e-06	2.36162363e-05
pathway_route	picrust2_ecology/pathway_geographic_correlations.tsv	72	"{""pathway"": ""PENTOSE-P-PWY""}"	0.02487637862	0.05292846514
pathway_route	picrust2_ecology/pathway_geographic_correlations.tsv	73	"{""pathway"": ""PWY-7197""}"	0.09486592378	0.1649842153
pathway_route	picrust2_ecology/pathway_geographic_correlations.tsv	74	"{""pathway"": ""DAPLYSINESYN-PWY""}"	0.4872727243	0.5699096191
pathway_route	picrust2_ecology/pathway_geographic_correlations.tsv	75	"{""pathway"": ""PWY0-1261""}"	1.198070717e-07	2.396141433e-06
pathway_route	picrust2_ecology/pathway_geographic_correlations.tsv	76	"{""pathway"": ""PANTOSYN-PWY""}"	4.169249216e-11	4.169249216e-09
pathway_route	picrust2_ecology/pathway_geographic_correlations.tsv	77	"{""pathway"": ""ARGSYN-PWY""}"	0.0412020512	0.07923471384
pathway_route	picrust2_ecology/pathway_geographic_correlations.tsv	78	"{""pathway"": ""HEMESYN2-PWY""}"	2.69018144e-07	3.586908586e-06
pathway_route	picrust2_ecology/pathway_geographic_correlations.tsv	79	"{""pathway"": ""PWY0-1586""}"	0.4646969236	0.5565232617
pathway_route	picrust2_ecology/pathway_geographic_correlations.tsv	80	"{""pathway"": ""PWY-7400""}"	0.03799604353	0.0737787253
pathway_route	picrust2_ecology/pathway_geographic_correlations.tsv	81	"{""pathway"": ""PWY-7539""}"	6.793135917e-05	0.0004382668333
pathway_route	picrust2_ecology/pathway_geographic_correlations.tsv	82	"{""pathway"": ""PWY-5484""}"	0.6612439154	0.7306562602
pathway_route	picrust2_ecology/pathway_geographic_correlations.tsv	83	"{""pathway"": ""TRNA-CHARGING-PWY""}"	3.645496984e-09	1.822748492e-07
pathway_route	picrust2_ecology/pathway_geographic_correlations.tsv	84	"{""pathway"": ""PWY-7211""}"	0.1248483236	0.1981719422
pathway_route	picrust2_ecology/pathway_geographic_correlations.tsv	85	"{""pathway"": ""OANTIGEN-PWY""}"	0.5489607322	0.6309893474
pathway_route	picrust2_ecology/pathway_geographic_correlations.tsv	86	"{""pathway"": ""PWY-5121""}"	0.7454658795	0.7930488079
pathway_route	picrust2_ecology/pathway_geographic_correlations.tsv	87	"{""pathway"": ""NONMEVIPP-PWY""}"	0.01572470683	0.03533641983
pathway_route	picrust2_ecology/pathway_geographic_correlations.tsv	88	"{""pathway"": ""PWY-7560""}"	0.01572470683	0.03533641983
pathway_route	picrust2_ecology/pathway_geographic_correlations.tsv	89	"{""pathway"": ""PWY-6147""}"	6.865734994e-08	1.525718887e-06
pathway_route	picrust2_ecology/pathway_geographic_correlations.tsv	90	"{""pathway"": ""PWY-7234""}"	0.0032987439	0.01081555377
pathway_route	picrust2_ecology/pathway_geographic_correlations.tsv	91	"{""pathway"": ""PWY-6609""}"	0.2113413253	0.2976638385
pathway_route	picrust2_ecology/pathway_geographic_correlations.tsv	92	"{""pathway"": ""SO4ASSIM-PWY""}"	0.1804149526	0.2614709457
pathway_route	picrust2_ecology/pathway_geographic_correlations.tsv	93	"{""pathway"": ""GLYCOLYSIS-TCA-GLYOX-BYPASS""}"	0.1607561032	0.2473170819
pathway_route	picrust2_ecology/pathway_geographic_correlations.tsv	94	"{""pathway"": ""PWY-6897""}"	0.6689163834	0.7350729487
pathway_route	picrust2_ecology/pathway_geographic_correlations.tsv	95	"{""pathway"": ""POLYISOPRENSYN-PWY""}"	0.05644734942	0.1045321286
pathway_route	picrust2_ecology/pathway_geographic_correlations.tsv	96	"{""pathway"": ""PWY-5345""}"	0.02288769326	0.04975585492
pathway_route	picrust2_ecology/pathway_geographic_correlations.tsv	97	"{""pathway"": ""PWY-6353""}"	3.034984722e-06	2.577991319e-05
pathway_route	picrust2_ecology/pathway_geographic_correlations.tsv	98	"{""pathway"": ""PWY-7184""}"	1.831950029e-08	6.106500098e-07
pathway_route	picrust2_ecology/pathway_geographic_correlations.tsv	99	"{""pathway"": ""P42-PWY""}"	0.003447264146	0.01112020692
pathway_route	picrust2_ecology/pathway_geographic_correlations.tsv	100	"{""pathway"": ""ANAEROFRUCAT-PWY""}"	0.001964088748	0.007411655652
pathway_route	picrust2_ecology/pathway_geographic_correlations.tsv	101	"{""pathway"": ""FOLSYN-PWY""}"	2.715193131e-05	0.0001939423665
pathway_route	picrust2_ecology/pathway_geographic_correlations.tsv	102	"{""pathway"": ""P4-PWY""}"	0.1168291938	0.1895395318
pathway_route	picrust2_ecology/pathway_geographic_correlations.tsv	103	"{""pathway"": ""PWY-5154""}"	0.04713800881	0.08893963926
pathway_route	picrust2_ecology/pathway_geographic_correlations.tsv	104	"{""pathway"": ""PYRIDNUCSYN-PWY""}"	0.1901422306	0.271631758
pathway_route	picrust2_ecology/pathway_geographic_correlations.tsv	105	"{""pathway"": ""TCA-GLYOX-BYPASS""}"	0.4356656221	0.5248983399
pathway_route	picrust2_ecology/pathway_geographic_correlations.tsv	106	"{""pathway"": ""PWY-5347""}"	0.2658998187	0.3545330916
pathway_route	picrust2_ecology/pathway_geographic_correlations.tsv	107	"{""pathway"": ""GLYCOLYSIS-E-D""}"	5.998297793e-08	1.51003574e-06
pathway_route	picrust2_ecology/pathway_geographic_correlations.tsv	108	"{""pathway"": ""PWY0-166""}"	3.596740787e-07	4.231459749e-06
pathway_route	picrust2_ecology/pathway_geographic_correlations.tsv	109	"{""pathway"": ""HSERMETANA-PWY""}"	0.9060692443	0.929301789
pathway_route	picrust2_ecology/pathway_geographic_correlations.tsv	110	"{""pathway"": ""PWY-5918""}"	0.214341722	0.2985794125
pathway_route	picrust2_ecology/pathway_geographic_correlations.tsv	111	"{""pathway"": ""1CMET2-PWY""}"	5.811032109e-05	0.0003874021406
pathway_route	picrust2_ecology/pathway_geographic_correlations.tsv	112	"{""pathway"": ""MET-SAM-PWY""}"	0.871436209	0.8983878443
pathway_route	picrust2_ecology/pathway_geographic_correlations.tsv	113	"{""pathway"": ""PWY0-781""}"	0.513685048	0.5973081954
pathway_route	picrust2_ecology/pathway_geographic_correlations.tsv	114	"{""pathway"": ""PWY-6612""}"	0.0001258112704	0.0006451860022
pathway_route	picrust2_ecology/pathway_geographic_correlations.tsv	115	"{""pathway"": ""PWY-5913""}"	1.218094722e-05	9.744757774e-05
pathway_route	picrust2_ecology/pathway_geographic_correlations.tsv	116	"{""pathway"": ""PWY-6700""}"	3.449880978e-12	6.899761956e-10
pathway_route	picrust2_ecology/pathway_geographic_correlations.tsv	117	"{""pathway"": ""PWY-7200""}"	0.7206856287	0.7749307836
pathway_route	picrust2_ecology/pathway_geographic_correlations.tsv	118	"{""pathway"": ""P23-PWY""}"	0.1184622074	0.1895395318
pathway_route	picrust2_ecology/pathway_geographic_correlations.tsv	119	"{""pathway"": ""PWY-7196""}"	0.2183350087	0.3011517361
pathway_route	picrust2_ecology/pathway_geographic_correlations.tsv	120	"{""pathway"": ""PWY-7323""}"	0.002868858224	0.01006616921
pathway_route	picrust2_ecology/pathway_geographic_correlations.tsv	121	"{""pathway"": ""GLYOXYLATE-BYPASS""}"	0.1747267991	0.2569511751
pathway_route	picrust2_ecology/pathway_geographic_correlations.tsv	122	"{""pathway"": ""GLYCOGENSYNTH-PWY""}"	0.8674542382	0.8983878443
pathway_route	picrust2_ecology/pathway_geographic_correlations.tsv	123	"{""pathway"": ""PWY-7392""}"	0.7857082731	0.8270613401
pathway_route	picrust2_ecology/pathway_geographic_correlations.tsv	124	"{""pathway"": ""PWY-6703""}"	6.040142961e-08	1.51003574e-06
pathway_route	picrust2_ecology/pathway_geographic_correlations.tsv	125	"{""pathway"": ""HOMOSER-METSYN-PWY""}"	0.214977177	0.2985794125
pathway_route	picrust2_ecology/pathway_geographic_correlations.tsv	126	"{""pathway"": ""PWY-6317""}"	7.059328104e-07	7.520612144e-06
pathway_route	picrust2_ecology/pathway_geographic_correlations.tsv	127	"{""pathway"": ""HEME-BIOSYNTHESIS-II""}"	9.211158824e-05	0.0005365484303
pathway_route	picrust2_ecology/pathway_geographic_correlations.tsv	128	"{""pathway"": ""PWY-7199""}"	0.8711042554	0.8983878443
pathway_route	picrust2_ecology/pathway_geographic_correlations.tsv	129	"{""pathway"": ""PWY-6628""}"	0.2333091778	0.3174274527
pathway_route	picrust2_ecology/pathway_geographic_correlations.tsv	130	"{""pathway"": ""PWY-6630""}"	0.184090785	0.2648788274
pathway_route	picrust2_ecology/pathway_geographic_correlations.tsv	131	"{""pathway"": ""PWY-5104""}"	0.01256164132	0.03133765404
pathway_route	picrust2_ecology/pathway_geographic_correlations.tsv	132	"{""pathway"": ""PWY-4984""}"	0.4743396454	0.564690054
pathway_route	picrust2_ecology/pathway_geographic_correlations.tsv	133	"{""pathway"": ""HISDEG-PWY""}"	0.01002951526	0.02605068898
pathway_route	picrust2_ecology/pathway_geographic_correlations.tsv	134	"{""pathway"": ""PWY0-1296""}"	0.06818689914	0.1239761803
pathway_route	picrust2_ecology/pathway_geographic_correlations.tsv	135	"{""pathway"": ""PWY-7254""}"	0.2551907759	0.3448523999
pathway_route	picrust2_ecology/pathway_geographic_correlations.tsv	136	"{""pathway"": ""PWYG-321""}"	0.01269174989	0.03133765404
pathway_route	picrust2_ecology/pathway_geographic_correlations.tsv	137	"{""pathway"": ""COBALSYN-PWY""}"	0.09953381715	0.1695576414
pathway_route	picrust2_ecology/pathway_geographic_correlations.tsv	138	"{""pathway"": ""COLANSYN-PWY""}"	0.6411561439	0.7163755798
pathway_route	picrust2_ecology/pathway_geographic_correlations.tsv	139	"{""pathway"": ""GLYCOCAT-PWY""}"	0.1330544003	0.206285892
pathway_route	picrust2_ecology/pathway_geographic_correlations.tsv	140	"{""pathway"": ""PWY-6901""}"	0.118154697	0.1895395318
pathway_route	picrust2_ecology/pathway_geographic_correlations.tsv	141	"{""pathway"": ""PWY-5920""}"	0.04863794318	0.09091204333
pathway_route	picrust2_ecology/pathway_geographic_correlations.tsv	142	"{""pathway"": ""PWY-7664""}"	0.009766019331	0.02570005087
pathway_route	picrust2_ecology/pathway_geographic_correlations.tsv	143	"{""pathway"": ""LEU-DEG2-PWY""}"	0.3372768078	0.4275272844
pathway_route	picrust2_ecology/pathway_geographic_correlations.tsv	144	"{""pathway"": ""PYRIDNUCSAL-PWY""}"	0.005329475566	0.01590888229
pathway_route	picrust2_ecology/pathway_geographic_correlations.tsv	145	"{""pathway"": ""PWY-5989""}"	0.01852956473	0.04117681051
pathway_route	picrust2_ecology/pathway_geographic_correlations.tsv	146	"{""pathway"": ""PWY-6737""}"	0.1008867966	0.1695576414
pathway_route	picrust2_ecology/pathway_geographic_correlations.tsv	147	"{""pathway"": ""PWY0-1297""}"	0.862481388	0.8983878443
pathway_route	picrust2_ecology/pathway_geographic_correlations.tsv	148	"{""pathway"": ""PWY-6282""}"	0.0135315377	0.03221794691
pathway_route	picrust2_ecology/pathway_geographic_correlations.tsv	149	"{""pathway"": ""FERMENTATION-PWY""}"	0.000539076444	0.00224615185
pathway_route	picrust2_ecology/pathway_geographic_correlations.tsv	150	"{""pathway"": ""PWY0-862""}"	0.007694757499	0.02108152739
pathway_route	picrust2_ecology/pathway_geographic_correlations.tsv	151	"{""pathway"": ""PWY-5505""}"	2.512450493e-05	0.0001861074439
pathway_route	picrust2_ecology/pathway_geographic_correlations.tsv	152	"{""pathway"": ""PWY-5022""}"	0.0001028682806	0.000549480592
pathway_route	picrust2_ecology/pathway_geographic_correlations.tsv	153	"{""pathway"": ""DENOVOPURINE2-PWY""}"	3.093589583e-06	2.577991319e-05
pathway_route	picrust2_ecology/pathway_geographic_correlations.tsv	154	"{""pathway"": ""PWY0-1415""}"	0.5801358986	0.6592453393
pathway_route	picrust2_ecology/pathway_geographic_correlations.tsv	155	"{""pathway"": ""PWY-6151""}"	2.489468471e-06	2.370922354e-05
pathway_route	picrust2_ecology/pathway_geographic_correlations.tsv	156	"{""pathway"": ""ARG+POLYAMINE-SYN""}"	0.0005225246832	0.00222350929
pathway_route	picrust2_ecology/pathway_geographic_correlations.tsv	157	"{""pathway"": ""PWY-6895""}"	0.0004809130189	0.002090926169
pathway_route	picrust2_ecology/pathway_geographic_correlations.tsv	158	"{""pathway"": ""PWY-5840""}"	0.3614149158	0.4489626283
pathway_route	picrust2_ecology/pathway_geographic_correlations.tsv	159	"{""pathway"": ""THISYN-PWY""}"	0.3119207413	0.4050918718
pathway_route	picrust2_ecology/pathway_geographic_correlations.tsv	160	"{""pathway"": ""PRPP-PWY""}"	3.529803675e-07	4.231459749e-06
pathway_route	picrust2_ecology/pathway_geographic_correlations.tsv	161	"{""pathway"": ""PWY-6545""}"	0.0003720735942	0.001678901995
pathway_route	picrust2_ecology/pathway_geographic_correlations.tsv	162	"{""pathway"": ""PWY-5838""}"	0.2231953086	0.3057469981
pathway_route	picrust2_ecology/pathway_geographic_correlations.tsv	163	"{""pathway"": ""PWY-5855""}"	0.170244109	0.2540956851
pathway_route	picrust2_ecology/pathway_geographic_correlations.tsv	164	"{""pathway"": ""PWY-5856""}"	0.170244109	0.2540956851
pathway_route	picrust2_ecology/pathway_geographic_correlations.tsv	165	"{""pathway"": ""PWY-5857""}"	0.170244109	0.2540956851
pathway_route	picrust2_ecology/pathway_geographic_correlations.tsv	166	"{""pathway"": ""PWY-6708""}"	0.170244109	0.2540956851
pathway_route	picrust2_ecology/pathway_geographic_correlations.tsv	167	"{""pathway"": ""PWY-5897""}"	0.3420218276	0.4275272844
pathway_route	picrust2_ecology/pathway_geographic_correlations.tsv	168	"{""pathway"": ""PWY-5898""}"	0.3420218276	0.4275272844
pathway_route	picrust2_ecology/pathway_geographic_correlations.tsv	169	"{""pathway"": ""PWY-5899""}"	0.3420218276	0.4275272844
pathway_route	picrust2_ecology/pathway_geographic_correlations.tsv	170	"{""pathway"": ""PWY-6269""}"	0.003131865426	0.01043955142
pathway_route	picrust2_ecology/pathway_geographic_correlations.tsv	171	"{""pathway"": ""PWY-5509""}"	0.00625206366	0.0173668435
pathway_route	picrust2_ecology/pathway_geographic_correlations.tsv	172	"{""pathway"": ""FASYN-INITIAL-PWY""}"	0.0281153412	0.05796977567
pathway_route	picrust2_ecology/pathway_geographic_correlations.tsv	173	"{""pathway"": ""UBISYN-PWY""}"	0.6049933521	0.6797678114
pathway_route	picrust2_ecology/pathway_geographic_correlations.tsv	174	"{""pathway"": ""PWY0-1061""}"	0.000251565045	0.001227146561
pathway_route	picrust2_ecology/pathway_geographic_correlations.tsv	175	"{""pathway"": ""PWY0-1298""}"	0.1183596361	0.1895395318
pathway_route	picrust2_ecology/pathway_geographic_correlations.tsv	176	"{""pathway"": ""PWY-6467""}"	0.06885518732	0.1240634006
pathway_route	picrust2_ecology/pathway_geographic_correlations.tsv	177	"{""pathway"": ""NAGLIPASYN-PWY""}"	0.04364593404	0.08313511245
pathway_route	picrust2_ecology/pathway_geographic_correlations.tsv	178	"{""pathway"": ""PWY0-1479""}"	0.005133268356	0.01555535865
pathway_route	picrust2_ecology/pathway_geographic_correlations.tsv	179	"{""pathway"": ""PWY-2941""}"	3.54607878e-05	0.0002445571572
pathway_route	picrust2_ecology/pathway_geographic_correlations.tsv	180	"{""pathway"": ""PWY-1269""}"	0.08484950442	0.1488587797
pathway_route	picrust2_ecology/pathway_geographic_correlations.tsv	181	"{""pathway"": ""PROTOCATECHUATE-ORTHO-CLEAVAGE-PWY""}"	0.002018555035	0.007476129759
pathway_route	picrust2_ecology/pathway_geographic_correlations.tsv	182	"{""pathway"": ""PWY-5100""}"	0.001455698443	0.005708621346
pathway_route	picrust2_ecology/pathway_geographic_correlations.tsv	183	"{""pathway"": ""PWY-5971""}"	1.528232603e-05	0.000117556354
pathway_route	picrust2_ecology/pathway_geographic_correlations.tsv	184	"{""pathway"": ""PWY-5861""}"	0.2646137379	0.3545330916
pathway_route	picrust2_ecology/pathway_geographic_correlations.tsv	185	"{""pathway"": ""PWY-7187""}"	7.144581536e-07	7.520612144e-06
pathway_route	picrust2_ecology/pathway_geographic_correlations.tsv	186	"{""pathway"": ""P161-PWY""}"	0.004282353326	0.01317647177
pathway_route	picrust2_ecology/pathway_geographic_correlations.tsv	187	"{""pathway"": ""PWY-7328""}"	2.97741782e-06	2.577991319e-05
pathway_route	picrust2_ecology/pathway_geographic_correlations.tsv	188	"{""pathway"": ""BIOTIN-BIOSYNTHESIS-PWY""}"	0.5657352468	0.6465545677
pathway_route	picrust2_ecology/pathway_geographic_correlations.tsv	189	"{""pathway"": ""PWY-7242""}"	0.3170565857	0.4091052719
pathway_route	picrust2_ecology/pathway_geographic_correlations.tsv	190	"{""pathway"": ""PWY-181""}"	0.6469136157	0.7187929064
pathway_route	picrust2_ecology/pathway_geographic_correlations.tsv	191	"{""pathway"": ""PWY-6519""}"	0.37295519	0.4604385062
pathway_route	picrust2_ecology/pathway_geographic_correlations.tsv	192	"{""pathway"": ""POLYAMSYN-PWY""}"	0.002977105249	0.0100918822
pathway_route	picrust2_ecology/pathway_geographic_correlations.tsv	193	"{""pathway"": ""PWY-7431""}"	0.0008206269223	0.003349497642
pathway_route	picrust2_ecology/pathway_geographic_correlations.tsv	194	"{""pathway"": ""PWY-6263""}"	0.003864973477	0.01226975707
pathway_route	picrust2_ecology/pathway_geographic_correlations.tsv	195	"{""pathway"": ""PWY-5863""}"	0.3054252423	0.3992486828
pathway_route	picrust2_ecology/pathway_geographic_correlations.tsv	196	"{""pathway"": ""PWY-1861""}"	0.02633223544	0.05485882384
pathway_route	picrust2_ecology/pathway_geographic_correlations.tsv	197	"{""pathway"": ""P124-PWY""}"	6.71557713e-11	4.47705142e-09
pathway_route	picrust2_ecology/pathway_geographic_correlations.tsv	198	"{""pathway"": ""ASPASN-PWY""}"	0.0001527402402	0.000763701201
pathway_route	picrust2_ecology/pathway_geographic_correlations.tsv	199	"{""pathway"": ""PWY-5837""}"	0.3854135098	0.472900012
pathway_route	picrust2_ecology/pathway_geographic_correlations.tsv	200	"{""pathway"": ""PWY-7237""}"	0.005975165941	0.01707190269
marker_compartment	trait_genes/picrust_trait_compartment_contrasts.tsv	1	"{""contrast"": ""shallow_subsurface-surface"", ""trait"": ""coxL_CO_dehydrogenase""}"	0.0262	0.04623529412
marker_compartment	trait_genes/picrust_trait_compartment_contrasts.tsv	2	"{""contrast"": ""root_adjacent-surface"", ""trait"": ""coxL_CO_dehydrogenase""}"	0.0001	0.000375
marker_compartment	trait_genes/picrust_trait_compartment_contrasts.tsv	3	"{""contrast"": ""root_adjacent-shallow_subsurface"", ""trait"": ""coxL_CO_dehydrogenase""}"	0.0001	0.000375
marker_compartment	trait_genes/picrust_trait_compartment_contrasts.tsv	4	"{""contrast"": ""shallow_subsurface-surface"", ""trait"": ""NiFe_hydrogenase_large""}"	0.0069	0.0138
marker_compartment	trait_genes/picrust_trait_compartment_contrasts.tsv	5	"{""contrast"": ""root_adjacent-surface"", ""trait"": ""NiFe_hydrogenase_large""}"	0.0003	0.0009473684211
marker_compartment	trait_genes/picrust_trait_compartment_contrasts.tsv	6	"{""contrast"": ""root_adjacent-shallow_subsurface"", ""trait"": ""NiFe_hydrogenase_large""}"	0.0001	0.000375
marker_compartment	trait_genes/picrust_trait_compartment_contrasts.tsv	7	"{""contrast"": ""shallow_subsurface-surface"", ""trait"": ""rbcL_RuBisCO""}"	0.8593	0.8731
marker_compartment	trait_genes/picrust_trait_compartment_contrasts.tsv	8	"{""contrast"": ""root_adjacent-surface"", ""trait"": ""rbcL_RuBisCO""}"	0.0001	0.000375
marker_compartment	trait_genes/picrust_trait_compartment_contrasts.tsv	9	"{""contrast"": ""root_adjacent-shallow_subsurface"", ""trait"": ""rbcL_RuBisCO""}"	0.0002	0.0006666666667
marker_compartment	trait_genes/picrust_trait_compartment_contrasts.tsv	10	"{""contrast"": ""shallow_subsurface-surface"", ""trait"": ""psbA_photosystem_II""}"	0.4072	0.509
marker_compartment	trait_genes/picrust_trait_compartment_contrasts.tsv	11	"{""contrast"": ""root_adjacent-surface"", ""trait"": ""psbA_photosystem_II""}"	0.7213	0.7776428571
marker_compartment	trait_genes/picrust_trait_compartment_contrasts.tsv	12	"{""contrast"": ""root_adjacent-shallow_subsurface"", ""trait"": ""psbA_photosystem_II""}"	0.3448	0.450893617
marker_compartment	trait_genes/picrust_trait_compartment_contrasts.tsv	13	"{""contrast"": ""shallow_subsurface-surface"", ""trait"": ""nifH_nitrogenase""}"	0.7258	0.7776428571
marker_compartment	trait_genes/picrust_trait_compartment_contrasts.tsv	14	"{""contrast"": ""root_adjacent-surface"", ""trait"": ""nifH_nitrogenase""}"	0.7506	0.7901052632
marker_compartment	trait_genes/picrust_trait_compartment_contrasts.tsv	15	"{""contrast"": ""root_adjacent-shallow_subsurface"", ""trait"": ""nifH_nitrogenase""}"	0.8731	0.8731
marker_compartment	trait_genes/picrust_trait_compartment_contrasts.tsv	16	"{""contrast"": ""shallow_subsurface-surface"", ""trait"": ""amoA_pmoA_ammonia_monooxygenase""}"	0.2801	0.3819545455
marker_compartment	trait_genes/picrust_trait_compartment_contrasts.tsv	17	"{""contrast"": ""root_adjacent-surface"", ""trait"": ""amoA_pmoA_ammonia_monooxygenase""}"	0.3526	0.450893617
marker_compartment	trait_genes/picrust_trait_compartment_contrasts.tsv	18	"{""contrast"": ""root_adjacent-shallow_subsurface"", ""trait"": ""amoA_pmoA_ammonia_monooxygenase""}"	0.5716	0.6724705882
marker_compartment	trait_genes/picrust_trait_compartment_contrasts.tsv	19	"{""contrast"": ""shallow_subsurface-surface"", ""trait"": ""nirK_nirS_nitrite_reductase""}"	0.2561	0.3573488372
marker_compartment	trait_genes/picrust_trait_compartment_contrasts.tsv	20	"{""contrast"": ""root_adjacent-surface"", ""trait"": ""nirK_nirS_nitrite_reductase""}"	0.0007	0.00168
marker_compartment	trait_genes/picrust_trait_compartment_contrasts.tsv	21	"{""contrast"": ""root_adjacent-shallow_subsurface"", ""trait"": ""nirK_nirS_nitrite_reductase""}"	0.0935	0.1516216216
marker_compartment	trait_genes/picrust_trait_compartment_contrasts.tsv	22	"{""contrast"": ""shallow_subsurface-surface"", ""trait"": ""nosZ_N2O_reductase""}"	0.7075	0.7776428571
marker_compartment	trait_genes/picrust_trait_compartment_contrasts.tsv	23	"{""contrast"": ""root_adjacent-surface"", ""trait"": ""nosZ_N2O_reductase""}"	0.2043	0.2989756098
marker_compartment	trait_genes/picrust_trait_compartment_contrasts.tsv	24	"{""contrast"": ""root_adjacent-shallow_subsurface"", ""trait"": ""nosZ_N2O_reductase""}"	0.1641	0.24615
marker_compartment	trait_genes/picrust_trait_compartment_contrasts.tsv	25	"{""contrast"": ""shallow_subsurface-surface"", ""trait"": ""ureC_urease""}"	0.0001	0.000375
marker_compartment	trait_genes/picrust_trait_compartment_contrasts.tsv	26	"{""contrast"": ""root_adjacent-surface"", ""trait"": ""ureC_urease""}"	0.2385	0.3407142857
marker_compartment	trait_genes/picrust_trait_compartment_contrasts.tsv	27	"{""contrast"": ""root_adjacent-shallow_subsurface"", ""trait"": ""ureC_urease""}"	0.0064	0.01324137931
marker_compartment	trait_genes/picrust_trait_compartment_contrasts.tsv	28	"{""contrast"": ""shallow_subsurface-surface"", ""trait"": ""otsA_otsB_trehalose""}"	0.7773	0.8041034483
marker_compartment	trait_genes/picrust_trait_compartment_contrasts.tsv	29	"{""contrast"": ""root_adjacent-surface"", ""trait"": ""otsA_otsB_trehalose""}"	0.0004	0.001043478261
marker_compartment	trait_genes/picrust_trait_compartment_contrasts.tsv	30	"{""contrast"": ""root_adjacent-shallow_subsurface"", ""trait"": ""otsA_otsB_trehalose""}"	0.0002	0.0006666666667
marker_compartment	trait_genes/picrust_trait_compartment_contrasts.tsv	31	"{""contrast"": ""shallow_subsurface-surface"", ""trait"": ""treY_treZ_trehalose""}"	0.1287	0.198
marker_compartment	trait_genes/picrust_trait_compartment_contrasts.tsv	32	"{""contrast"": ""root_adjacent-surface"", ""trait"": ""treY_treZ_trehalose""}"	0.0001	0.000375
marker_compartment	trait_genes/picrust_trait_compartment_contrasts.tsv	33	"{""contrast"": ""root_adjacent-shallow_subsurface"", ""trait"": ""treY_treZ_trehalose""}"	0.0435	0.07457142857
marker_compartment	trait_genes/picrust_trait_compartment_contrasts.tsv	34	"{""contrast"": ""shallow_subsurface-surface"", ""trait"": ""ectABC_ectoine""}"	0.0001	0.000375
marker_compartment	trait_genes/picrust_trait_compartment_contrasts.tsv	35	"{""contrast"": ""root_adjacent-surface"", ""trait"": ""ectABC_ectoine""}"	0.0045	0.009642857143
marker_compartment	trait_genes/picrust_trait_compartment_contrasts.tsv	36	"{""contrast"": ""root_adjacent-shallow_subsurface"", ""trait"": ""ectABC_ectoine""}"	0.4928	0.6034285714
marker_compartment	trait_genes/picrust_trait_compartment_contrasts.tsv	37	"{""contrast"": ""shallow_subsurface-surface"", ""trait"": ""crtB_phytoene_synthase""}"	0.114	0.18
marker_compartment	trait_genes/picrust_trait_compartment_contrasts.tsv	38	"{""contrast"": ""root_adjacent-surface"", ""trait"": ""crtB_phytoene_synthase""}"	0.0004	0.001043478261
marker_compartment	trait_genes/picrust_trait_compartment_contrasts.tsv	39	"{""contrast"": ""root_adjacent-shallow_subsurface"", ""trait"": ""crtB_phytoene_synthase""}"	0.0186	0.0354375
marker_compartment	trait_genes/picrust_trait_compartment_contrasts.tsv	40	"{""contrast"": ""shallow_subsurface-surface"", ""trait"": ""spo0A_sporulation""}"	0.6643	0.7520377358
marker_compartment	trait_genes/picrust_trait_compartment_contrasts.tsv	41	"{""contrast"": ""root_adjacent-surface"", ""trait"": ""spo0A_sporulation""}"	0.0004	0.001043478261
marker_compartment	trait_genes/picrust_trait_compartment_contrasts.tsv	42	"{""contrast"": ""root_adjacent-shallow_subsurface"", ""trait"": ""spo0A_sporulation""}"	0.0004	0.001043478261
marker_compartment	trait_genes/picrust_trait_compartment_contrasts.tsv	43	"{""contrast"": ""shallow_subsurface-surface"", ""trait"": ""phrB_photolyase""}"	0.0927	0.1516216216
marker_compartment	trait_genes/picrust_trait_compartment_contrasts.tsv	44	"{""contrast"": ""root_adjacent-surface"", ""trait"": ""phrB_photolyase""}"	0.0189	0.0354375
marker_compartment	trait_genes/picrust_trait_compartment_contrasts.tsv	45	"{""contrast"": ""root_adjacent-shallow_subsurface"", ""trait"": ""phrB_photolyase""}"	0.0005	0.00125
marker_compartment	trait_genes/picrust_trait_compartment_contrasts.tsv	46	"{""contrast"": ""shallow_subsurface-surface"", ""trait"": ""uvrA_excision_repair""}"	0.0008	0.001846153846
marker_compartment	trait_genes/picrust_trait_compartment_contrasts.tsv	47	"{""contrast"": ""root_adjacent-surface"", ""trait"": ""uvrA_excision_repair""}"	0.3532	0.450893617
marker_compartment	trait_genes/picrust_trait_compartment_contrasts.tsv	48	"{""contrast"": ""root_adjacent-shallow_subsurface"", ""trait"": ""uvrA_excision_repair""}"	0.0023	0.005111111111
marker_compartment	trait_genes/picrust_trait_compartment_contrasts.tsv	49	"{""contrast"": ""shallow_subsurface-surface"", ""trait"": ""recA_recombination_repair""}"	0.0001	0.000375
marker_compartment	trait_genes/picrust_trait_compartment_contrasts.tsv	50	"{""contrast"": ""root_adjacent-surface"", ""trait"": ""recA_recombination_repair""}"	0.6157	0.7104230769
marker_compartment	trait_genes/picrust_trait_compartment_contrasts.tsv	51	"{""contrast"": ""root_adjacent-shallow_subsurface"", ""trait"": ""recA_recombination_repair""}"	0.0001	0.000375
marker_compartment	trait_genes/picrust_trait_compartment_contrasts.tsv	52	"{""contrast"": ""shallow_subsurface-surface"", ""trait"": ""katE_katG_catalase""}"	0.0001	0.000375
marker_compartment	trait_genes/picrust_trait_compartment_contrasts.tsv	53	"{""contrast"": ""root_adjacent-surface"", ""trait"": ""katE_katG_catalase""}"	0.0001	0.000375
marker_compartment	trait_genes/picrust_trait_compartment_contrasts.tsv	54	"{""contrast"": ""root_adjacent-shallow_subsurface"", ""trait"": ""katE_katG_catalase""}"	0.0001	0.000375
marker_compartment	trait_genes/picrust_trait_compartment_contrasts.tsv	55	"{""contrast"": ""shallow_subsurface-surface"", ""trait"": ""sodA_superoxide_dismutase""}"	0.5428	0.65136
marker_compartment	trait_genes/picrust_trait_compartment_contrasts.tsv	56	"{""contrast"": ""root_adjacent-surface"", ""trait"": ""sodA_superoxide_dismutase""}"	0.0001	0.000375
marker_compartment	trait_genes/picrust_trait_compartment_contrasts.tsv	57	"{""contrast"": ""root_adjacent-shallow_subsurface"", ""trait"": ""sodA_superoxide_dismutase""}"	0.0001	0.000375
marker_compartment	trait_genes/picrust_trait_compartment_contrasts.tsv	58	"{""contrast"": ""shallow_subsurface-surface"", ""trait"": ""dps_DNA_protection""}"	0.0237	0.04309090909
marker_compartment	trait_genes/picrust_trait_compartment_contrasts.tsv	59	"{""contrast"": ""root_adjacent-surface"", ""trait"": ""dps_DNA_protection""}"	0.0001	0.000375
marker_compartment	trait_genes/picrust_trait_compartment_contrasts.tsv	60	"{""contrast"": ""root_adjacent-shallow_subsurface"", ""trait"": ""dps_DNA_protection""}"	0.0001	0.000375
marker_route	trait_genes/picrust_trait_summary.tsv	1	"{""trait"": ""coxL_CO_dehydrogenase""}"	0.3840171513	0.4517848839
marker_route	trait_genes/picrust_trait_summary.tsv	2	"{""trait"": ""NiFe_hydrogenase_large""}"	0.7213175892	0.7213175892
marker_route	trait_genes/picrust_trait_summary.tsv	3	"{""trait"": ""rbcL_RuBisCO""}"	0.04548410501	0.08269837274
marker_route	trait_genes/picrust_trait_summary.tsv	4	"{""trait"": ""psbA_photosystem_II""}"	0.6893323503	0.7213175892
marker_route	trait_genes/picrust_trait_summary.tsv	5	"{""trait"": ""nifH_nitrogenase""}"	0.5585981924	0.6206646583
marker_route	trait_genes/picrust_trait_summary.tsv	6	"{""trait"": ""amoA_pmoA_ammonia_monooxygenase""}"	0.06627819223	0.1028706248
marker_route	trait_genes/picrust_trait_summary.tsv	7	"{""trait"": ""nirK_nirS_nitrite_reductase""}"	0.07417822435	0.1059688919
marker_route	trait_genes/picrust_trait_summary.tsv	8	"{""trait"": ""nosZ_N2O_reductase""}"	0.1227263468	0.1636351291
marker_route	trait_genes/picrust_trait_summary.tsv	9	"{""trait"": ""ureC_urease""}"	0.03573935395	0.0714787079
marker_route	trait_genes/picrust_trait_summary.tsv	10	"{""trait"": ""otsA_otsB_trehalose""}"	2.04776627e-10	3.586311989e-09
marker_route	trait_genes/picrust_trait_summary.tsv	11	"{""trait"": ""treY_treZ_trehalose""}"	3.780817353e-09	2.520544902e-08
marker_route	trait_genes/picrust_trait_summary.tsv	12	"{""trait"": ""ectABC_ectoine""}"	0.004365299351	0.01091324838
marker_route	trait_genes/picrust_trait_summary.tsv	13	"{""trait"": ""crtB_phytoene_synthase""}"	6.508344922e-07	3.254172461e-06
marker_route	trait_genes/picrust_trait_summary.tsv	14	"{""trait"": ""spo0A_sporulation""}"	3.740664418e-06	1.246888139e-05
marker_route	trait_genes/picrust_trait_summary.tsv	15	"{""trait"": ""phrB_photolyase""}"	0.03355782881	0.0714787079
marker_route	trait_genes/picrust_trait_summary.tsv	16	"{""trait"": ""uvrA_excision_repair""}"	0.06686590615	0.1028706248
marker_route	trait_genes/picrust_trait_summary.tsv	17	"{""trait"": ""recA_recombination_repair""}"	2.172188572e-06	8.688754289e-06
marker_route	trait_genes/picrust_trait_summary.tsv	18	"{""trait"": ""katE_katG_catalase""}"	0.2314623679	0.2893279599
marker_route	trait_genes/picrust_trait_summary.tsv	19	"{""trait"": ""sodA_superoxide_dismutase""}"	3.586311989e-10	3.586311989e-09
marker_route	trait_genes/picrust_trait_summary.tsv	20	"{""trait"": ""dps_DNA_protection""}"	0.0006123600938	0.001749600268
normalized_alpha:evenness_h_over_log_hurlbert	evenness_decomposition/paired_contrasts.tsv	7	"{""contrast"": ""Deep-Surface"", ""metric"": ""evenness_h_over_log_hurlbert""}"	0.0120626369368	0.0120626369368
normalized_alpha:evenness_h_over_log_hurlbert	evenness_decomposition/paired_contrasts.tsv	8	"{""contrast"": ""Rhizosphere-Surface"", ""metric"": ""evenness_h_over_log_hurlbert""}"	1.83934630332e-06	2.75901945498e-06
normalized_alpha:evenness_h_over_log_hurlbert	evenness_decomposition/paired_contrasts.tsv	9	"{""contrast"": ""Rhizosphere-Deep"", ""metric"": ""evenness_h_over_log_hurlbert""}"	7.09717632872e-08	2.12915289861e-07
normalized_alpha:evenness_h_over_log_observed	evenness_decomposition/paired_contrasts.tsv	10	"{""contrast"": ""Deep-Surface"", ""metric"": ""evenness_h_over_log_observed""}"	0.216180168196	0.216180168196
normalized_alpha:evenness_h_over_log_observed	evenness_decomposition/paired_contrasts.tsv	11	"{""contrast"": ""Rhizosphere-Surface"", ""metric"": ""evenness_h_over_log_observed""}"	1.18595580861e-05	1.77893371292e-05
normalized_alpha:evenness_h_over_log_observed	evenness_decomposition/paired_contrasts.tsv	12	"{""contrast"": ""Rhizosphere-Deep"", ""metric"": ""evenness_h_over_log_observed""}"	3.64874903196e-06	1.09462470959e-05
normalized_alpha:richness_hurlbert_25000	evenness_decomposition/paired_contrasts.tsv	4	"{""contrast"": ""Deep-Surface"", ""metric"": ""richness_hurlbert_25000""}"	0.0224836181875	0.0674508545624
normalized_alpha:richness_hurlbert_25000	evenness_decomposition/paired_contrasts.tsv	5	"{""contrast"": ""Rhizosphere-Surface"", ""metric"": ""richness_hurlbert_25000""}"	0.813765349083	0.813765349083
normalized_alpha:richness_hurlbert_25000	evenness_decomposition/paired_contrasts.tsv	6	"{""contrast"": ""Rhizosphere-Deep"", ""metric"": ""richness_hurlbert_25000""}"	0.0585000453347	0.087750068002
normalized_alpha:shannon	evenness_decomposition/paired_contrasts.tsv	1	"{""contrast"": ""Deep-Surface"", ""metric"": ""shannon""}"	0.113479678025	0.113479678025
normalized_alpha:shannon	evenness_decomposition/paired_contrasts.tsv	2	"{""contrast"": ""Rhizosphere-Surface"", ""metric"": ""shannon""}"	0.0106347687157	0.0180939554052
normalized_alpha:shannon	evenness_decomposition/paired_contrasts.tsv	3	"{""contrast"": ""Rhizosphere-Deep"", ""metric"": ""shannon""}"	0.0120626369368	0.0180939554052
paired_alpha_sensitivity:common_profiles:normalized_shannon:campaign_matched	paired_alpha_sensitivity_20260909/paired_alpha_estimands.tsv	34	"{""contrast"": ""Deep-Surface"", ""metric"": ""normalized_shannon""}"	0.0016699490755827	0.0016699490755827
paired_alpha_sensitivity:common_profiles:normalized_shannon:campaign_matched	paired_alpha_sensitivity_20260909/paired_alpha_estimands.tsv	35	"{""contrast"": ""Rhizosphere-Surface"", ""metric"": ""normalized_shannon""}"	3.27882090866183e-06	4.918231362992745e-06
paired_alpha_sensitivity:common_profiles:normalized_shannon:campaign_matched	paired_alpha_sensitivity_20260909/paired_alpha_estimands.tsv	36	"{""contrast"": ""Rhizosphere-Deep"", ""metric"": ""normalized_shannon""}"	2.8411788736984006e-06	4.918231362992745e-06
paired_alpha_sensitivity:common_profiles:normalized_shannon:marginal	paired_alpha_sensitivity_20260909/paired_alpha_estimands.tsv	31	"{""contrast"": ""Deep-Surface"", ""metric"": ""normalized_shannon""}"	0.0120626369368017	0.0120626369368017
paired_alpha_sensitivity:common_profiles:normalized_shannon:marginal	paired_alpha_sensitivity_20260909/paired_alpha_estimands.tsv	32	"{""contrast"": ""Rhizosphere-Surface"", ""metric"": ""normalized_shannon""}"	1.8393463033168291e-06	2.759019454975244e-06
paired_alpha_sensitivity:common_profiles:normalized_shannon:marginal	paired_alpha_sensitivity_20260909/paired_alpha_estimands.tsv	33	"{""contrast"": ""Rhizosphere-Deep"", ""metric"": ""normalized_shannon""}"	7.09717632871562e-08	2.129152898614686e-07
paired_alpha_sensitivity:common_profiles:richness_rare:campaign_matched	paired_alpha_sensitivity_20260909/paired_alpha_estimands.tsv	28	"{""contrast"": ""Deep-Surface"", ""metric"": ""richness_rare""}"	0.1151680562137046	0.1151680562137046
paired_alpha_sensitivity:common_profiles:richness_rare:campaign_matched	paired_alpha_sensitivity_20260909/paired_alpha_estimands.tsv	29	"{""contrast"": ""Rhizosphere-Surface"", ""metric"": ""richness_rare""}"	0.0154367358212779	0.0231551037319169
paired_alpha_sensitivity:common_profiles:richness_rare:campaign_matched	paired_alpha_sensitivity_20260909/paired_alpha_estimands.tsv	30	"{""contrast"": ""Rhizosphere-Deep"", ""metric"": ""richness_rare""}"	0.000327568100589	0.0009827043017672
paired_alpha_sensitivity:common_profiles:richness_rare:marginal	paired_alpha_sensitivity_20260909/paired_alpha_estimands.tsv	25	"{""contrast"": ""Deep-Surface"", ""metric"": ""richness_rare""}"	0.0181240226651305	0.0543720679953917
paired_alpha_sensitivity:common_profiles:richness_rare:marginal	paired_alpha_sensitivity_20260909/paired_alpha_estimands.tsv	26	"{""contrast"": ""Rhizosphere-Surface"", ""metric"": ""richness_rare""}"	0.813765349083316	0.813765349083316
paired_alpha_sensitivity:common_profiles:richness_rare:marginal	paired_alpha_sensitivity_20260909/paired_alpha_estimands.tsv	27	"{""contrast"": ""Rhizosphere-Deep"", ""metric"": ""richness_rare""}"	0.0528552599141861	0.0792828898712792
paired_alpha_sensitivity:common_profiles:shannon:campaign_matched	paired_alpha_sensitivity_20260909/paired_alpha_estimands.tsv	22	"{""contrast"": ""Deep-Surface"", ""metric"": ""shannon""}"	0.0095618474575639	0.0095618474575639
paired_alpha_sensitivity:common_profiles:shannon:campaign_matched	paired_alpha_sensitivity_20260909/paired_alpha_estimands.tsv	23	"{""contrast"": ""Rhizosphere-Surface"", ""metric"": ""shannon""}"	0.000689554423867	0.002068663271601
paired_alpha_sensitivity:common_profiles:shannon:campaign_matched	paired_alpha_sensitivity_20260909/paired_alpha_estimands.tsv	24	"{""contrast"": ""Rhizosphere-Deep"", ""metric"": ""shannon""}"	0.0038144770511088	0.0057217155766632
paired_alpha_sensitivity:common_profiles:shannon:marginal	paired_alpha_sensitivity_20260909/paired_alpha_estimands.tsv	19	"{""contrast"": ""Deep-Surface"", ""metric"": ""shannon""}"	0.0229218118961735	0.0229218118961735
paired_alpha_sensitivity:common_profiles:shannon:marginal	paired_alpha_sensitivity_20260909/paired_alpha_estimands.tsv	20	"{""contrast"": ""Rhizosphere-Surface"", ""metric"": ""shannon""}"	0.0157522480924591	0.0229218118961735
paired_alpha_sensitivity:common_profiles:shannon:marginal	paired_alpha_sensitivity_20260909/paired_alpha_estimands.tsv	21	"{""contrast"": ""Rhizosphere-Deep"", ""metric"": ""shannon""}"	0.0008312680284772	0.0024938040854317
paired_alpha_sensitivity:endpoint_specific:normalized_shannon:campaign_matched	paired_alpha_sensitivity_20260909/paired_alpha_estimands.tsv	16	"{""contrast"": ""Deep-Surface"", ""metric"": ""normalized_shannon""}"	0.0016699490755827	0.0016699490755827
paired_alpha_sensitivity:endpoint_specific:normalized_shannon:campaign_matched	paired_alpha_sensitivity_20260909/paired_alpha_estimands.tsv	17	"{""contrast"": ""Rhizosphere-Surface"", ""metric"": ""normalized_shannon""}"	3.27882090866183e-06	4.918231362992745e-06
paired_alpha_sensitivity:endpoint_specific:normalized_shannon:campaign_matched	paired_alpha_sensitivity_20260909/paired_alpha_estimands.tsv	18	"{""contrast"": ""Rhizosphere-Deep"", ""metric"": ""normalized_shannon""}"	2.8411788736984006e-06	4.918231362992745e-06
paired_alpha_sensitivity:endpoint_specific:normalized_shannon:marginal	paired_alpha_sensitivity_20260909/paired_alpha_estimands.tsv	13	"{""contrast"": ""Deep-Surface"", ""metric"": ""normalized_shannon""}"	0.0120626369368017	0.0120626369368017
paired_alpha_sensitivity:endpoint_specific:normalized_shannon:marginal	paired_alpha_sensitivity_20260909/paired_alpha_estimands.tsv	14	"{""contrast"": ""Rhizosphere-Surface"", ""metric"": ""normalized_shannon""}"	1.8393463033168291e-06	2.759019454975244e-06
paired_alpha_sensitivity:endpoint_specific:normalized_shannon:marginal	paired_alpha_sensitivity_20260909/paired_alpha_estimands.tsv	15	"{""contrast"": ""Rhizosphere-Deep"", ""metric"": ""normalized_shannon""}"	7.09717632871562e-08	2.129152898614686e-07
paired_alpha_sensitivity:endpoint_specific:richness_rare:campaign_matched	paired_alpha_sensitivity_20260909/paired_alpha_estimands.tsv	10	"{""contrast"": ""Deep-Surface"", ""metric"": ""richness_rare""}"	0.1511410846186405	0.1511410846186405
paired_alpha_sensitivity:endpoint_specific:richness_rare:campaign_matched	paired_alpha_sensitivity_20260909/paired_alpha_estimands.tsv	11	"{""contrast"": ""Rhizosphere-Surface"", ""metric"": ""richness_rare""}"	0.0154367358212779	0.0231551037319169
paired_alpha_sensitivity:endpoint_specific:richness_rare:campaign_matched	paired_alpha_sensitivity_20260909/paired_alpha_estimands.tsv	12	"{""contrast"": ""Rhizosphere-Deep"", ""metric"": ""richness_rare""}"	0.0003770396551649	0.0011311189654948
paired_alpha_sensitivity:endpoint_specific:richness_rare:marginal	paired_alpha_sensitivity_20260909/paired_alpha_estimands.tsv	7	"{""contrast"": ""Deep-Surface"", ""metric"": ""richness_rare""}"	0.0224836181874831	0.0674508545624495
paired_alpha_sensitivity:endpoint_specific:richness_rare:marginal	paired_alpha_sensitivity_20260909/paired_alpha_estimands.tsv	8	"{""contrast"": ""Rhizosphere-Surface"", ""metric"": ""richness_rare""}"	0.813765349083316	0.813765349083316
paired_alpha_sensitivity:endpoint_specific:richness_rare:marginal	paired_alpha_sensitivity_20260909/paired_alpha_estimands.tsv	9	"{""contrast"": ""Rhizosphere-Deep"", ""metric"": ""richness_rare""}"	0.0585000453346624	0.0877500680019937
paired_alpha_sensitivity:endpoint_specific:shannon:campaign_matched	paired_alpha_sensitivity_20260909/paired_alpha_estimands.tsv	4	"{""contrast"": ""Deep-Surface"", ""metric"": ""shannon""}"	0.0701479201609403	0.0701479201609403
paired_alpha_sensitivity:endpoint_specific:shannon:campaign_matched	paired_alpha_sensitivity_20260909/paired_alpha_estimands.tsv	5	"{""contrast"": ""Rhizosphere-Surface"", ""metric"": ""shannon""}"	0.0003770396551649	0.0011311189654948
paired_alpha_sensitivity:endpoint_specific:shannon:campaign_matched	paired_alpha_sensitivity_20260909/paired_alpha_estimands.tsv	6	"{""contrast"": ""Rhizosphere-Deep"", ""metric"": ""shannon""}"	0.0113287446066443	0.0169931169099665
paired_alpha_sensitivity:endpoint_specific:shannon:marginal	paired_alpha_sensitivity_20260909/paired_alpha_estimands.tsv	1	"{""contrast"": ""Deep-Surface"", ""metric"": ""shannon""}"	0.1134796780253832	0.1134796780253832
paired_alpha_sensitivity:endpoint_specific:shannon:marginal	paired_alpha_sensitivity_20260909/paired_alpha_estimands.tsv	2	"{""contrast"": ""Rhizosphere-Surface"", ""metric"": ""shannon""}"	0.0106347687157284	0.0180939554052025
paired_alpha_sensitivity:endpoint_specific:shannon:marginal	paired_alpha_sensitivity_20260909/paired_alpha_estimands.tsv	3	"{""contrast"": ""Rhizosphere-Deep"", ""metric"": ""shannon""}"	0.0120626369368017	0.0180939554052025
