path	bytes	sha256
.github/workflows/validate.yml	1511	4955e3a184d3c4f81f88e38ce311564fa5a787f9b0248e0945aa400f37ee22e6
.gitignore	782	f5cf6ac7c0e54a82adb2f4c10875036097ea3c2c2de149947148ffd873177d90
DATA_REPOSITORY.lock	755	5b70712123a58606994728ac3878ffedd6a2721ec8a731527f1f4fa604228e4d
Makefile	962	d667a8181e688e7f0b71bc96ba7afc0d725176c583dfe2e3d3a6f2534271fbd0
README.md	4358	c4c0a957348ea0d4ba66db0cdc1ca01ccbc9cff68fd1e1a1624583ddd5aa8b74
REPRODUCE.md	8460	6ad28e6bdccaf549cece9ca0e513cba92ec17b26f72ad14d72d280035db54e11
analysis/batch-adjacency-2026-09-07/README.md	3896	ff936273e96c17bb06c888e2ea0472d38eef809e3bf0bb2ed54ec325389628c8
analysis/batch-adjacency-2026-09-07/batch_adjacency_test.py	8293	4536f66d9bf15b2fcbc42e43ad38918c22fec2a5aa5afbb559e334439beb1407
analysis/batch-adjacency-2026-09-07/batch_meta.tsv	114608	62f37cfb3c97feb02ea568fb6cf09d1695ee83f5da703a3e9ee2f1ccdeba5639
analysis/batch-adjacency-2026-09-07/outputs/batch_adjacency_profiles.tsv	66867	c7f6b490dd66a30716e83e6870cae03de0a4f436d4c10454ac13c376bcde4187
analysis/batch-adjacency-2026-09-07/outputs/batch_adjacency_results.json	3552	39b695f94b457364e1bb3ea7688e2450dffd93126856b21b129f0898dbe44a60
analysis/batch-adjacency-2026-09-07/outputs/braycurtis_1237.npy	6120804	f360f9b1ac6afe4f8d0f1fc804ec67b22bf63486c9c0bfdf218af3877df7d3b4
analysis/batch-adjacency-2026-09-07/outputs/braycurtis_profiles.txt	14608	133159009cd6df130c450fc3aacce038e2b24c6c307f9c45178dc77178142768
analysis/batch-adjacency-2026-09-07/outputs/slurm-51426151.out	3336	91de7acb1cf130aa8e92d0b78354c159cbb1febf22222731f699fef4c4b22a80
analysis/batch-adjacency-2026-09-07/refresh_batch_meta_coordinates.py	1704	dbfce1fd204a0e05affe14315890a9563564b2d92cdabd9e7e5b7479f81e31dd
analysis/batch-adjacency-2026-09-07/run_batch_test.sbatch	408	634980d1b55e2193fc896a8b7c7b4235bcdeb7ce49385ba0d9a8d725c44f6965
analysis/rerun-controls-2026-08-30/README.md	5788	9c6e5089f4788d4d465bc7c5668278c6dfcc696c540fa94fbd648ff297ccb6ea
analysis/rerun-controls-2026-08-30/characterize_controls.py	9030	2d236e221a780e404cdacc3063362deab2f29637e0d2b04a457311ff2fb1381a
analysis/rerun-controls-2026-08-30/ibex/controls.config	626	7a48700f9e8eaea2e471d44d4465095219f7515c2d91fd23b4fe32c4ceb66a7c
analysis/rerun-controls-2026-08-30/ibex/job.id	9	aa05e023b3e13649cc45e35e786312087a037ce83f1f0c3d82a18857b8d2028c
analysis/rerun-controls-2026-08-30/ibex/make_md5_table.py	1561	2b7df904e72e45444dcbb8cc868aa48aef9afee1cf7138e83d6fe3423497cd03
analysis/rerun-controls-2026-08-30/ibex/params.json	555	c0cbcc775f7dae99196a7868597fe1ebb2ebaae43e148f42d8980b49276f9a9a
analysis/rerun-controls-2026-08-30/ibex/results/ASV_seqs.fasta	5849175	363bbe690fcd0d9dbc958436b45f0d6f402a5ec4e697d0e0e44276bcae88efee
analysis/rerun-controls-2026-08-30/ibex/results/ASV_table.tsv	790783	6d32e3a6447b65c6e903ed64d879c13f6b1223baba78a1eaf0bf8bdafc4bdd13
analysis/rerun-controls-2026-08-30/ibex/results/ASV_tax.silva_138_2.tsv	6829273	cffbcc8d4a44b85e027c93890fb311ee277d935bda8fcabbd0fab4126c90a6a1
analysis/rerun-controls-2026-08-30/ibex/results/DADA2_stats.tsv	808	937f1f8b7467eaf73fbf613127064aa0f673803bff1ea054efce0b33ffb794eb
analysis/rerun-controls-2026-08-30/ibex/results/args/FW_plotQualityProfile.args.txt	62	12d1cac26638efef4eecf54e61601ffe352c8a1bb63a311ef870d1cfdce84d9f
analysis/rerun-controls-2026-08-30/ibex/results/args/FW_preprocessed_plotQualityProfile.args.txt	62	12d1cac26638efef4eecf54e61601ffe352c8a1bb63a311ef870d1cfdce84d9f
analysis/rerun-controls-2026-08-30/ibex/results/args/RV_plotQualityProfile.args.txt	62	12d1cac26638efef4eecf54e61601ffe352c8a1bb63a311ef870d1cfdce84d9f
analysis/rerun-controls-2026-08-30/ibex/results/args/RV_preprocessed_plotQualityProfile.args.txt	62	12d1cac26638efef4eecf54e61601ffe352c8a1bb63a311ef870d1cfdce84d9f
analysis/rerun-controls-2026-08-30/ibex/results/args/addSpecies.args.txt	124	240cd99cd5c710a605d9d57143ab7a4b1f530f0741cc5fe6c4cfab80990a6405
analysis/rerun-controls-2026-08-30/ibex/results/args/assignTaxonomy.args.txt	132	b609f0e9ec189cfde4d3e3a5ca12e888cfef8c88f2abc638edf5027121086f7e
analysis/rerun-controls-2026-08-30/ibex/results/args/dada.args.txt	485	c06507cb386b484a084b574b72f9bba5b62b27a538919ea35f24ed6e6c9eebfb
analysis/rerun-controls-2026-08-30/ibex/results/args/filterAndTrim.args.txt	287	1f35c1378d528fc1f9be2a0f7a94f73f6f34e9e56503e6406c35ae1087e0a6b7
analysis/rerun-controls-2026-08-30/ibex/results/args/learnErrors.args.txt	148	81fccbaba75e89d19670365a82dbc471c8c7ab84e353d22adedf22db76729d07
analysis/rerun-controls-2026-08-30/ibex/results/args/mergePairs.args.txt	227	109d211173e52fbdd7a92465eafa6641838a6dc1d0fcd87215f8c9f87bcbaaad
analysis/rerun-controls-2026-08-30/ibex/results/args/removeBimeraDenovo.args.txt	206	64c1ab846b2a84051a1f557416c97b5c4ff81715e68b857f062d84a55cec6b06
analysis/rerun-controls-2026-08-30/ibex/results/controls_md5.local.tsv	790784	350a1a28a58b221893befa366f261a1c3a39e15d781f75a17e632245ffba95e4
analysis/rerun-controls-2026-08-30/ibex/results/controls_md5.tsv	790784	350a1a28a58b221893befa366f261a1c3a39e15d781f75a17e632245ffba95e4
analysis/rerun-controls-2026-08-30/ibex/results/pipeline_info/execution_trace_2026-08-30_13-46-30.txt	13482	23f07dd467afa5e668387496ee73313da9b8fd437209ddf773898bb326d6c048
analysis/rerun-controls-2026-08-30/ibex/results/pipeline_info/params_2026-08-30_13-46-40.json	86140	430ff5c39a869fd622bbc0c720bb78ce1506af1be8426284a9d0e7f37a10a065
analysis/rerun-controls-2026-08-30/ibex/results/pipeline_info/software_versions.yml	861	43291fa93e22a0ba2fffc8b9be59ab1d68124c04585b708f24c931eee2e43614
analysis/rerun-controls-2026-08-30/ibex/run_controls.sbatch	1832	111da3028208fb691b3f2d13e7ec5c4f585c041de61636a28246594a63f6011d
analysis/rerun-controls-2026-08-30/ibex/samplesheet_controls.tsv	4124	980bc05a391f14ac2b8e10bf7253d5f4b367a81ebe185f4999c26cbdbb68945c
analysis/rerun-controls-2026-08-30/ibex/wait_and_fetch.sh	1391	419a47f0e31190d999688c73b30cb10f45fd3c9522cfdcbcdceaa1383500af2e
analysis/rerun-controls-2026-08-30/outputs/control_characterization.json	368	6d2615228ec8a20ad5124d0bfc7164f31d83c9fe7a98a28418ba531357503ed2
analysis/rerun-controls-2026-08-30/outputs/control_characterization.md	2950	82e672305eb8c2521bb15a89228d6a9ad14e61fde1de0867852c1cfd25847d8d
analysis/rerun-controls-2026-08-30/outputs/control_characterization.tsv	2974	ddf9acf856344699e0144617762ac671742bc40186e7ae42727686ed380b33c4
analysis/rerun-controls-2026-08-30/screen/outputs/comparison.md	1893	730703826896d0f95e640399fb82cf99318e2cbdf1f08cd102e5087b6f51f187
analysis/rerun-controls-2026-08-30/screen/outputs/extraction_batch_summary.tsv	1646	2387b7c6cf20e380f7af9d1e61ed4acff46d0ca3ec6d971e98367c50ba87f38c
analysis/rerun-controls-2026-08-30/screen/outputs/filter_sensitivity.tsv	676	88a51c15435bfaa6a36bbab6e68b0eaad62f1450ef80b4e1f943a8fbf4578b68
analysis/rerun-controls-2026-08-30/screen/outputs/mapped_feature_table_control_filtered.tsv.gz	10245602	dff32b0aed127d34412ee57427614358c6460f6d00e3037560cccc8e9bcaffbb
analysis/rerun-controls-2026-08-30/screen/outputs/primary_contaminant_calls.tsv	70994	7fd51173adda882d3c6f3b429f45fb6c8ae0fd5a32bab419ee2c8a68bbd40cc2
analysis/rerun-controls-2026-08-30/screen/outputs/removal_fraction_by_campaign.tsv	346	24c70c1073f124e1d06dd66d0519ff918cfdd48a30b71f2576fd42beca9ed790
analysis/rerun-controls-2026-08-30/screen/outputs/removal_fraction_by_compartment.tsv	437	6e7c4b05ca17639ffffdea3efb20a78e4a3281e6a95c5c2b5f0a2e11abee2e4c
analysis/rerun-controls-2026-08-30/screen/outputs/removal_fraction_by_profile.tsv	36811	8ae33f9f1519b6c8c8de331fbdc158ffd18219ee2e1d14bfadf5d69d08159cf2
analysis/rerun-controls-2026-08-30/screen/outputs/summary.json	2654	69a2ec13349635024ee0080356c2b60ca9eef2b5f4ac8555f6fe57793eb35c49
analysis/rerun-controls-2026-08-30/screen/outputs/trip5_mapped_feature_table_control_filtered.tsv.gz	9256146	4a83ef6d7b83452fb2204db4116dc248b80ca784ced1c86c9e6be6589e304c2d
analysis/rerun-controls-2026-08-30/sensitivity/build_control_sensitivity_inputs.py	19627	0f28af91f7c1eeb13a3b2c90c0b00dee07619bdb671442feb608182aadebd6aa
analysis/rerun-controls-2026-08-30/sensitivity/outputs/SHA256SUMS	8022	291c6f33e5ad62aff6ddc345377a7fbb3f1c0a4564641b630285be8f208e382a
analysis/rerun-controls-2026-08-30/sensitivity/outputs/claim_rescue/README.md	1523	97853d6a0b38625f043cc00b57702575e0aa42368d58bb14be343f91254f2cc3
analysis/rerun-controls-2026-08-30/sensitivity/outputs/claim_rescue/SHA256SUMS	1086	d12e4fdf70678d236cd3e4b2c1d90328973e10b1fdcbd3234d5fd22ba3ec3c3c
analysis/rerun-controls-2026-08-30/sensitivity/outputs/claim_rescue/SUPERSEDED_RAIN_ANALYSIS.md	637	5611a386b3937a1009600209b7eb0c63032d546b2a71173fbe6ed8a70e4c85c9
analysis/rerun-controls-2026-08-30/sensitivity/outputs/claim_rescue/campaign_compartment_model.tsv	2814	6782841819dc85f239ad1d463d55131c78fa0c2b4d5583d8dd3098e8bb43e8e5
analysis/rerun-controls-2026-08-30/sensitivity/outputs/claim_rescue/claim_ledger.json	3742	87035cfb0e1adeb4e87a65d59a61fd030fb2d871ed0a76f6095b0ac00b195d5e
analysis/rerun-controls-2026-08-30/sensitivity/outputs/claim_rescue/claim_ledger.tsv	3000	e831110ee6eef72c5e9e898edef9f93f07f7556b7094f45da7da7b9e3c4a08bf
analysis/rerun-controls-2026-08-30/sensitivity/outputs/claim_rescue/claim_rescue_summary.pdf	21804	a30343c3a047ffb744147f5115b9e4333557e8ff15e060ddc87136267f94ddc6
analysis/rerun-controls-2026-08-30/sensitivity/outputs/claim_rescue/cohort_accounting.tsv	445	03e7f56bde0c17503e3d4b2fd71e3c9d5d812d6214d0c63ec1c6480ef6dcebf4
analysis/rerun-controls-2026-08-30/sensitivity/outputs/claim_rescue/paired_compartment_effects.tsv	6391	0bf88be5f4a8b1074eb086da22299f2af6d50c9d3baa5f294a4fb37c4120bd79
analysis/rerun-controls-2026-08-30/sensitivity/outputs/claim_rescue/rain_leave_one_campaign.tsv	37261	2cc61bdac05f7d8c9fa19a93428f8f11a544a52bd015cd4225a3537297cc7e55
analysis/rerun-controls-2026-08-30/sensitivity/outputs/claim_rescue/rain_window_models.tsv	9262	a50385c65e28f745f30836548cee5d6bed5153367f927f7ee05dff0b9de68388
analysis/rerun-controls-2026-08-30/sensitivity/outputs/claim_rescue/run_manifest.json	1840	3db3def631b39a0e91846ceb87cf162f69bc6499124edfae3ec8dd74fbbd5e90
analysis/rerun-controls-2026-08-30/sensitivity/outputs/claim_rescue/site_campaign_compartment_observations.tsv	48967	fe9a13b67812157ca73bf9b6b9cf6b1d99d6d708211a2fe98f081f65e9640d32
analysis/rerun-controls-2026-08-30/sensitivity/outputs/commands.executed.sh	8005	557eda7fd888e6c6dbea312d9213e5b5703639d0305c045b71e5f9545e8558b5
analysis/rerun-controls-2026-08-30/sensitivity/outputs/commands.sh	5220	d8cf19b8edb7623c2207ebd457324c6610f86bf9e2d99af71f8d3af83428d608
analysis/rerun-controls-2026-08-30/sensitivity/outputs/compartment_composition/README.md	2503	2ffc02c269bd65e06dc74a6dc17cf0e79cb289c3fd7b0674946d91e19c3b3752
analysis/rerun-controls-2026-08-30/sensitivity/outputs/compartment_composition/SHA256SUMS	548	01b4502c517dd19a9d19b7780e64e4e11fecc412966f33e77185b73c984d92b2
analysis/rerun-controls-2026-08-30/sensitivity/outputs/compartment_composition/claim_verdict.json	5573	241c39b9f5bbeafecad257ea10a9fa92d8251b5fccc79d9abe01950e81772fe0
analysis/rerun-controls-2026-08-30/sensitivity/outputs/compartment_composition/cohort_accounting.tsv	17293	8dd3a0d9134598c010f439b3e38e2c254f0226d7c867cf7b42fd11835ed58ec7
analysis/rerun-controls-2026-08-30/sensitivity/outputs/compartment_composition/compartment_dispersion_results.tsv	5792	c96538a819f36179c708b521057c0a22b010f4ae48a65b9164716c9559bdc816
analysis/rerun-controls-2026-08-30/sensitivity/outputs/compartment_composition/compartment_location_results.tsv	9228	08883016c97413f13da0cc544aeb35561a8563c4b1ef2841e60b547ea2eead0a
analysis/rerun-controls-2026-08-30/sensitivity/outputs/compartment_composition/paired_displacement_loadings.tsv	25789	9ceace82f6393658fb2fad042839dfc38c17f738b45c18e19996e914f12a6d02
analysis/rerun-controls-2026-08-30/sensitivity/outputs/depth_extraction/README.md	2712	78cca94b029371344527f409fa683781594be1bce0b8b21837b585100875af4c
analysis/rerun-controls-2026-08-30/sensitivity/outputs/depth_extraction/SHA256SUMS	836	a78522c429be53293e8bee8de8347d285ea1da56bcc541f43b879b44f94617ff
analysis/rerun-controls-2026-08-30/sensitivity/outputs/depth_extraction/adjusted_position_contrasts.tsv	2204	77a7f3305e1a829bbd92d06fb8ffd76d517a5e6abfc28672475d0ed794490bea
analysis/rerun-controls-2026-08-30/sensitivity/outputs/depth_extraction/claim_verdict.json	7187	e3691b5a22373e28b3a502143b4343f81c3af3e3d1a9c58b278de760f5e7e9c5
analysis/rerun-controls-2026-08-30/sensitivity/outputs/depth_extraction/extraction_kit_by_campaign.tsv	192	19746834bfe7155cabe4d3ba270f8d6aca4f3786bb90747921752bbb6ea08624
analysis/rerun-controls-2026-08-30/sensitivity/outputs/depth_extraction/gee_coefficients.tsv	13317	142398171c529296cd27af8c71a0e644ebe9a2d50fd5148dc63dc610f77cad22
analysis/rerun-controls-2026-08-30/sensitivity/outputs/depth_extraction/group_analysis_table.tsv	39645	58e5d42b9a32b527267ee87065a011afeb2ae456ba06e53e7f49fa9bd1b3e61f
analysis/rerun-controls-2026-08-30/sensitivity/outputs/depth_extraction/model_identifiability.tsv	864	e1c0613a0cc08eba5f7e33ce8e0bc3537090fe11246cc80461b0d8b102ffb6cc
analysis/rerun-controls-2026-08-30/sensitivity/outputs/depth_extraction/paired_contrasts_after_depth_adjustment.tsv	1543	8b7711a735d3d76c86cdab4b82e0ab56aba7db5f249a28a1a386a5e3a5901cdf
analysis/rerun-controls-2026-08-30/sensitivity/outputs/depth_extraction/profile_extraction_join_audit.tsv	91257	d0f2e3634eb4bc3946b48e34daf2e34555c712aecb7ff1edb15964caec175016
analysis/rerun-controls-2026-08-30/sensitivity/outputs/distance_decay_turnover/README.md	1181	8b2b69a39b4debe535ce8f39c25b93099a94d20d703723c695a77eb3e17d892d
analysis/rerun-controls-2026-08-30/sensitivity/outputs/distance_decay_turnover/SHA256SUMS	445	1d17283e67e334090b1718a33a3be4d54d0c1937bbe4a8899a5013bdd10737ad
analysis/rerun-controls-2026-08-30/sensitivity/outputs/distance_decay_turnover/claim_verdict.json	1932	c590d1bd23adbd4f17d3b4019ec679afe14395b613a166535ca266122630acad
analysis/rerun-controls-2026-08-30/sensitivity/outputs/distance_decay_turnover/distance_decay_pairs.tsv	273315	d1a424b354aa5480b40a9c5d43344f456e2d21565e1673e2c8107e7c0981bad5
analysis/rerun-controls-2026-08-30/sensitivity/outputs/distance_decay_turnover/distance_decay_slopes.tsv	2175	9aa266fa6efaa5afb82de782d8140c9e16fbaefe643bdeb099a0eaba773aa324
analysis/rerun-controls-2026-08-30/sensitivity/outputs/distance_decay_turnover/turnover_nestedness_components.tsv	902	6cd80ae76520c9dc9feb999813e2e2769280f5fa67507d7cb6dbd48516b0071f
analysis/rerun-controls-2026-08-30/sensitivity/outputs/evenness_decomposition/README.md	2496	cf3117b81f17a028302e5510d95022919d0aeb4c0bac0e16d84db20eb3f5f699
analysis/rerun-controls-2026-08-30/sensitivity/outputs/evenness_decomposition/SHA256SUMS	536	c689bec3d1e925604af56a5402e95c4ed71e3d7297be411be491cd4b04173b23
analysis/rerun-controls-2026-08-30/sensitivity/outputs/evenness_decomposition/claim_verdict.json	6619	e9d98649782b47b4cf596bd5fd74f7059dc8eb01bc855093995e28e1bacbbabd
analysis/rerun-controls-2026-08-30/sensitivity/outputs/evenness_decomposition/evenness_depth_sensitivity.tsv	1751	20a47905badb808332800f76014187b884934eae39f6263ac74e2f2e7c7148c3
analysis/rerun-controls-2026-08-30/sensitivity/outputs/evenness_decomposition/paired_contrasts.tsv	2649	02c335c3bd97b76ea5c11a4a44fa58dbf6082614444ce5f0e1e8a91f4245488c
analysis/rerun-controls-2026-08-30/sensitivity/outputs/evenness_decomposition/site_campaign_position_metrics.tsv	50266	7822205203b6f18c680908fa4273a16245950fe0ade51eeb9ec2f9c4b4daf381
analysis/rerun-controls-2026-08-30/sensitivity/outputs/evenness_decomposition/site_position_means.tsv	12484	fcef2a199ec846e2068b196c93440d10263b097aae2e0fd23bef3c53b2f4297d
analysis/rerun-controls-2026-08-30/sensitivity/outputs/geographic_prediction/README.md	2575	1fe36ae4258e7bbf338ddc6e8d3e964ddd2d487ea2e37a9703d4d921bae8c181
analysis/rerun-controls-2026-08-30/sensitivity/outputs/geographic_prediction/SHA256SUMS	521	a404f9397878a55183d55acec3060c43efc558125551499ae1e8dbb3b0a6351d
analysis/rerun-controls-2026-08-30/sensitivity/outputs/geographic_prediction/claim_verdict.json	3801	8fcfc4feecc18887acba84743ced2c975556fe9a449c988763e52bd0a4caa47f
analysis/rerun-controls-2026-08-30/sensitivity/outputs/geographic_prediction/collection_order_alias.tsv	560	bd677c470c98a1cc171aec32999e475967afe5d86cf3d3de9bb24df641b15dc5
analysis/rerun-controls-2026-08-30/sensitivity/outputs/geographic_prediction/prediction_folds.tsv	635	b0c4911030327822f2998b4b19a528c4feb8e3458dc322b9b3d50abc932b188c
analysis/rerun-controls-2026-08-30/sensitivity/outputs/geographic_prediction/prediction_nulls.tsv	565	e9931adb7174a40b62f270537dfc0562cc1e5fd89d8066be69e0799b82a2a267
analysis/rerun-controls-2026-08-30/sensitivity/outputs/geographic_prediction/site_level_block_folds.tsv	285	9578f918b4a719dc9115122835b6fa5c16539a7c4f1aec73f7c67b90e7993be9
analysis/rerun-controls-2026-08-30/sensitivity/outputs/headline_result_sensitivity.json	2492	f9d69a10d2200edc9229eb9d49d432ec3f0e72d4d1e69043d353961e2165719b
analysis/rerun-controls-2026-08-30/sensitivity/outputs/headline_result_sensitivity.tsv	4590	9857ef73f65f4570e20b165fc84d8e995521e53dd13124cade54928ad8d03d92
analysis/rerun-controls-2026-08-30/sensitivity/outputs/logs/build_inputs.log	2885	5427f4c3abecc8152127891d11204bd7e0c8dc6ded3c210a289bf7b4f1024e12
analysis/rerun-controls-2026-08-30/sensitivity/outputs/logs/claim_rescue.log	0	e3b0c44298fc1c149afbf4c8996fb92427ae41e4649b934ca495991b7852b855
analysis/rerun-controls-2026-08-30/sensitivity/outputs/logs/compartment_composition.log	0	e3b0c44298fc1c149afbf4c8996fb92427ae41e4649b934ca495991b7852b855
analysis/rerun-controls-2026-08-30/sensitivity/outputs/logs/depth_extraction.log	0	e3b0c44298fc1c149afbf4c8996fb92427ae41e4649b934ca495991b7852b855
analysis/rerun-controls-2026-08-30/sensitivity/outputs/logs/distance_decay_turnover.log	0	e3b0c44298fc1c149afbf4c8996fb92427ae41e4649b934ca495991b7852b855
analysis/rerun-controls-2026-08-30/sensitivity/outputs/logs/evenness_decomposition.log	190	4e14befc3bcdff344a1b2cc0ace6bad7e28d54f80e648cb5df915aeb656c2c24
analysis/rerun-controls-2026-08-30/sensitivity/outputs/logs/geographic_prediction.log	0	e3b0c44298fc1c149afbf4c8996fb92427ae41e4649b934ca495991b7852b855
analysis/rerun-controls-2026-08-30/sensitivity/outputs/logs/spatial_resolution.log	0	e3b0c44298fc1c149afbf4c8996fb92427ae41e4649b934ca495991b7852b855
analysis/rerun-controls-2026-08-30/sensitivity/outputs/logs/spatial_turnover.log	0	e3b0c44298fc1c149afbf4c8996fb92427ae41e4649b934ca495991b7852b855
analysis/rerun-controls-2026-08-30/sensitivity/outputs/logs/summarize_headline_results.log	2492	f9d69a10d2200edc9229eb9d49d432ec3f0e72d4d1e69043d353961e2165719b
analysis/rerun-controls-2026-08-30/sensitivity/outputs/logs/xrf_community_clr.log	0	e3b0c44298fc1c149afbf4c8996fb92427ae41e4649b934ca495991b7852b855
analysis/rerun-controls-2026-08-30/sensitivity/outputs/run_manifest.json	13297	e4fe1d0f38bfa2860f1404b375b6672cb5719e73b62dad36162bbdd0f28f5038
analysis/rerun-controls-2026-08-30/sensitivity/outputs/sensitivity_inputs/alpha.tsv	122963	e9f0c546f79f969e705e071c95df5c51a540cafc7f6cc64f5ff77877c0b375d1
analysis/rerun-controls-2026-08-30/sensitivity/outputs/sensitivity_inputs/alpha_diversity_sensitivity.tsv	32767	40206e9b019ccd8abcd820d353d122deca6eb405654469890bad093b77645358
analysis/rerun-controls-2026-08-30/sensitivity/outputs/sensitivity_inputs/asv_filt_counts.tsv.gz	3670089	d189dd0ad4b89b483cccafad0498ff0eb1cc02d06a86e937df1d50370ebb89e2
analysis/rerun-controls-2026-08-30/sensitivity/outputs/sensitivity_inputs/genus_counts.tsv.gz	630749	55c8115092bb51126dfd37dd7adef0029905d5e270ce2dd74e12bdfa0ec0d168
analysis/rerun-controls-2026-08-30/sensitivity/outputs/sensitivity_inputs/summary.json	2885	5427f4c3abecc8152127891d11204bd7e0c8dc6ded3c210a289bf7b4f1024e12
analysis/rerun-controls-2026-08-30/sensitivity/outputs/sensitivity_inputs/trip5_paired_compartment_sensitivity.tsv	602	b27438f72111847cab0a4a142934871cf5a3a8c53fff5a2a1076ecab114dfa51
analysis/rerun-controls-2026-08-30/sensitivity/outputs/spatial_resolution/README.md	1795	564191adee00215f3f775631ec2d8a0f42c96339ec7010d72a09f9705e272244
analysis/rerun-controls-2026-08-30/sensitivity/outputs/spatial_resolution/SHA256SUMS	348	09258abaa44d808f5b383367d6a53dde4170d51e4d92bcffab591e0f135cd63e
analysis/rerun-controls-2026-08-30/sensitivity/outputs/spatial_resolution/asv_resolution_sensitivity.tsv	551	50e390cfb7f8203c2b5ffa92deac1d64a252f650daaf33e8e179d4d70c134f25
analysis/rerun-controls-2026-08-30/sensitivity/outputs/spatial_resolution/claim_verdict.json	4729	0bc1318596b1337fdafa5f0d043a5a92eb1bfe76ea37fc7feff4606c0221e89d
analysis/rerun-controls-2026-08-30/sensitivity/outputs/spatial_resolution/moran_k_sensitivity.tsv	460	5aba5c36a800c6cbab1b94f152ce9024118b79ac50b9fd168669fe4353f40de6
analysis/rerun-controls-2026-08-30/sensitivity/outputs/spatial_turnover/README.md	852	9f004ec4f8d006f398dd769a003e3ee1b8310a0613978e0d2d20b859d7f22de2
analysis/rerun-controls-2026-08-30/sensitivity/outputs/spatial_turnover/SHA256SUMS	340	01f0aa282f79e825e666bd6749bd4950ded3fc075345d29833c5e8c87d799cc6
analysis/rerun-controls-2026-08-30/sensitivity/outputs/spatial_turnover/claim_verdict.json	1778	8d4534dfa6dd199161ff65385f853cb80eb604958dff7c8419eced1411385b11
analysis/rerun-controls-2026-08-30/sensitivity/outputs/spatial_turnover/site_coordinates.tsv	3807	18c208ad198f120159c997b3a29219e7040c0f047a90b0b8c19227990cd53fbd
analysis/rerun-controls-2026-08-30/sensitivity/outputs/spatial_turnover/spatial_model_results.tsv	1504	439c1312f1ef502f3b74eb1827cd61a3c2159f8f7e5d7b7eb7e4bece21065f0a
analysis/rerun-controls-2026-08-30/sensitivity/outputs/xrf_community_clr/README.md	1448	8084f9658d7ac04fdb1723e5ecdcf562a9f74fb8ec7ed40a660c422a5430696d
analysis/rerun-controls-2026-08-30/sensitivity/outputs/xrf_community_clr/SHA256SUMS	347	0561d99fad58bd107fa02e2dda3ddfa603bca1e4c8592996b3b5111c1108db46
analysis/rerun-controls-2026-08-30/sensitivity/outputs/xrf_community_clr/claim_verdict.json	3052	c2db9a63fa9132ed774b19e611b9d8c3f804244932207a10b2642e64daed8eb9
analysis/rerun-controls-2026-08-30/sensitivity/outputs/xrf_community_clr/clr_analysis_cohort.tsv	16322	2dc627cc8f25d971b4341c5a73bb54900d4dead8c92577cd33ac7f90a5f64fe2
analysis/rerun-controls-2026-08-30/sensitivity/outputs/xrf_community_clr/clr_elemental_axis_models.tsv	1623	471e1579b52f33bde839fffc4ef6d002adb63bff2c543dd8e4038b7283baba00
analysis/rerun-controls-2026-08-30/sensitivity/run_control_ecology_sensitivity.sh	5338	251c55a29de4923d1c5af1d4564a9687c8a4b9ec6a3c98f039e66d659da49a5c
analysis/rerun-trip4-blanks-2026-08-29/README.md	8505	9a4c8c5ef7938616bc307a9560c635d3bcdca7ae4048cb9ee99cd1837c4391e2
analysis/rerun-trip4-blanks-2026-08-29/build_trip4_batch_map.py	9581	0782992213c206142a85723085d1164078a56bed7c4c2ff4cafe7debc661da0d
analysis/rerun-trip4-blanks-2026-08-29/compare.py	5713	dcc3eb1880181bc254abc486c9153da2e2f17bbe881e8494c9c9d343aa9c0ef5
analysis/rerun-trip4-blanks-2026-08-29/ibex/README.md	3995	92bcb1e0feab74f1496dab4efdf984cb61cac1f5932bbc9d3dee6f225a2fabc5
analysis/rerun-trip4-blanks-2026-08-29/ibex/finish.sh	2198	53d5d185cc911102b5fffa03e04e5555273077a30d3846e2139e1c8e88a52aac
analysis/rerun-trip4-blanks-2026-08-29/ibex/job.id	9	7f6dcd98b7c627d0d2b331240b9abaf736a6bfd57cdc42b17fb5dc26c76527df
analysis/rerun-trip4-blanks-2026-08-29/ibex/make_md5_table.py	1561	2b7df904e72e45444dcbb8cc868aa48aef9afee1cf7138e83d6fe3423497cd03
analysis/rerun-trip4-blanks-2026-08-29/ibex/params.json	568	ae854d15be1d6014322426db568566b7a46469d6d02308f06be865450f6a0a32
analysis/rerun-trip4-blanks-2026-08-29/ibex/results/ASV_seqs.fasta	858311	8072112a8b410b2ae2a6f4c6402c3de584c188408a5991445b0eb01bbce672e0
analysis/rerun-trip4-blanks-2026-08-29/ibex/results/ASV_table.tsv	84667	95b4c2875e8812b8f08a77237afbcc3eb801608da0794f3c42eaced7e6f5aafc
analysis/rerun-trip4-blanks-2026-08-29/ibex/results/DADA2_stats.tsv	351	b91721869343ad4ac3be08f49f01d2f7a8fed49eae7952c802d20a3ffe9666f0
analysis/rerun-trip4-blanks-2026-08-29/ibex/results/args/FW_plotQualityProfile.args.txt	61	5013706f5cda770adb57796dc92577310d9bb3892cdf679c73bc13d2202c81d8
analysis/rerun-trip4-blanks-2026-08-29/ibex/results/args/FW_preprocessed_plotQualityProfile.args.txt	61	5013706f5cda770adb57796dc92577310d9bb3892cdf679c73bc13d2202c81d8
analysis/rerun-trip4-blanks-2026-08-29/ibex/results/args/RV_plotQualityProfile.args.txt	61	5013706f5cda770adb57796dc92577310d9bb3892cdf679c73bc13d2202c81d8
analysis/rerun-trip4-blanks-2026-08-29/ibex/results/args/RV_preprocessed_plotQualityProfile.args.txt	61	5013706f5cda770adb57796dc92577310d9bb3892cdf679c73bc13d2202c81d8
analysis/rerun-trip4-blanks-2026-08-29/ibex/results/args/addSpecies.args.txt	124	240cd99cd5c710a605d9d57143ab7a4b1f530f0741cc5fe6c4cfab80990a6405
analysis/rerun-trip4-blanks-2026-08-29/ibex/results/args/assignTaxonomy.args.txt	132	b609f0e9ec189cfde4d3e3a5ca12e888cfef8c88f2abc638edf5027121086f7e
analysis/rerun-trip4-blanks-2026-08-29/ibex/results/args/dada.args.txt	485	c06507cb386b484a084b574b72f9bba5b62b27a538919ea35f24ed6e6c9eebfb
analysis/rerun-trip4-blanks-2026-08-29/ibex/results/args/filterAndTrim.args.txt	287	1f35c1378d528fc1f9be2a0f7a94f73f6f34e9e56503e6406c35ae1087e0a6b7
analysis/rerun-trip4-blanks-2026-08-29/ibex/results/args/learnErrors.args.txt	148	81fccbaba75e89d19670365a82dbc471c8c7ab84e353d22adedf22db76729d07
analysis/rerun-trip4-blanks-2026-08-29/ibex/results/args/mergePairs.args.txt	227	109d211173e52fbdd7a92465eafa6641838a6dc1d0fcd87215f8c9f87bcbaaad
analysis/rerun-trip4-blanks-2026-08-29/ibex/results/args/removeBimeraDenovo.args.txt	206	64c1ab846b2a84051a1f557416c97b5c4ff81715e68b857f062d84a55cec6b06
analysis/rerun-trip4-blanks-2026-08-29/ibex/results/pipeline_info/execution_trace_2026-08-29_21-32-49.txt	7646	1772e3aa2fd384722a16fb326a91d4109ff3bf0da5e3c1c7d161b3d3690c7d4d
analysis/rerun-trip4-blanks-2026-08-29/ibex/results/pipeline_info/params_2026-08-29_21-32-59.json	86152	0742ff7c66138c3ad8dcc6da5c133dc994c31e7da79dd297d8048a012a4c9457
analysis/rerun-trip4-blanks-2026-08-29/ibex/results/pipeline_info/software_versions.yml	861	43291fa93e22a0ba2fffc8b9be59ab1d68124c04585b708f24c931eee2e43614
analysis/rerun-trip4-blanks-2026-08-29/ibex/results/trip4_blanks_md5.local.tsv	84668	38bbd3a703e6a983c21cd3775778e1c355ed7d548ac009ec413d9207c105d5a1
analysis/rerun-trip4-blanks-2026-08-29/ibex/results/trip4_blanks_md5.tsv	84668	38bbd3a703e6a983c21cd3775778e1c355ed7d548ac009ec413d9207c105d5a1
analysis/rerun-trip4-blanks-2026-08-29/ibex/run_trip4_blanks.sbatch	1632	54db43289e842e1efd7750265b10791ca4e62d53a6d69ef887a7135b2bd74c0b
analysis/rerun-trip4-blanks-2026-08-29/ibex/samplesheet_trip4_blanks.tsv	1695	7e739ccaac0e34cde71b47af3ee87cde13ecd49aa768428d521130275eac49a6
analysis/rerun-trip4-blanks-2026-08-29/ibex/trip4_blanks.config	633	fe5c5fe60263a356b07b8200411bdc049a32e2553b091e2002d3f787fb2d44b6
analysis/rerun-trip4-blanks-2026-08-29/ibex/wait_and_finish.sh	728	9bc2da286462b36fc8ae82eec223535bde33a99fc687102c9c745ac074deabf7
analysis/rerun-trip4-blanks-2026-08-29/inputs/EB_Sample_Map_FourthTrip2 correct.xlsx	9690	78ffe1a84bca99aa61f75f5a37b9a8666eb09cd1e798b80f070a8a3589747ada
analysis/rerun-trip4-blanks-2026-08-29/inputs/EB_Sample_Map_FourthTrip2_corrected_2026-08-30.xlsx	9852	1fdb739461908cabf726174a2e76cc836dbfb400c07c77d66b3739a3e9fda7cf
analysis/rerun-trip4-blanks-2026-08-29/inputs/blank_libraries.tsv	3774	dcd337094febf518aa38db58ad8942c3795f27a684bba5d5d0fede9e656cee84
analysis/rerun-trip4-blanks-2026-08-29/inputs/canonical_table_columns.txt	14872	d576eb509ef0c473705967bb0cadb0a53d4ca0406db14417eee14e032072cfae
analysis/rerun-trip4-blanks-2026-08-29/inputs/extraction_batch_map_extended.tsv	13969	9fc9aa3d4fc77de231e81a156e1ddf2a0bd9bee352302cd934cc70e7fbbc3488
analysis/rerun-trip4-blanks-2026-08-29/inputs/mapping_report.json	3492	fd9ff9dd23bf84fc66b215e52a6fd16674265f92ca94d711d3cc53130a3d5d0c
analysis/rerun-trip4-blanks-2026-08-29/inputs/marwa_2026-08-26_mail.txt	14858	45aa734ae005585543c29dc36a3136fbbf353d1e22ee2dfad6631ef363501a8e
analysis/rerun-trip4-blanks-2026-08-29/inputs/marwa_2026-08-30_mail.txt	5513	b2a9fdc824be51f73a939e3a13420c3b4a8d59621899afaa20de00db264baf28
analysis/rerun-trip4-blanks-2026-08-29/inputs/marwa_2026-08-30_mattermost.txt	465	2072cec7ee0189691113565985a05f3b67cb8a5d475413a9d62b2fcfd5820edf
analysis/rerun-trip4-blanks-2026-08-29/outputs/comparison.md	1893	46dbb5a16390a2a2a732b643e0cbd277b550dbbab13819792789fff545e25cf1
analysis/rerun-trip4-blanks-2026-08-29/outputs/extraction_batch_summary.tsv	1646	e2e56b4f2d4f0fd29c8316b01259e4272e163f00c713f9d8c8240f0451147113
analysis/rerun-trip4-blanks-2026-08-29/outputs/filter_sensitivity.tsv	676	0f82a1204f2202909623e31ca19405d2a55f157bad4e3bf14b99388921cbed56
analysis/rerun-trip4-blanks-2026-08-29/outputs/primary_contaminant_calls.tsv	70994	794484af9520301225b33b49c24c96b7caa0811560b849a80d48127ef91f7d78
analysis/rerun-trip4-blanks-2026-08-29/outputs/removal_fraction_by_campaign.tsv	346	24c70c1073f124e1d06dd66d0519ff918cfdd48a30b71f2576fd42beca9ed790
analysis/rerun-trip4-blanks-2026-08-29/outputs/removal_fraction_by_compartment.tsv	437	6e7c4b05ca17639ffffdea3efb20a78e4a3281e6a95c5c2b5f0a2e11abee2e4c
analysis/rerun-trip4-blanks-2026-08-29/outputs/removal_fraction_by_profile.tsv	36811	b3eb16b8d8fb6d69e67c85740e1485a045c364f425ec0be2bb9064986148d43b
analysis/rerun-trip4-blanks-2026-08-29/outputs/summary.json	2670	7bce44e44c83e821b003daf61ebe5a1d8bf0390ceba8b91879c91c25de66068b
analysis/rerun-trip4-blanks-2026-08-29/outputs_validation_trip5_only/comparison.md	1526	b4546057d175c26bf4b3f4dbf428bcfbfcc782d18a840340508c82c1c338ec4a
analysis/rerun-trip4-blanks-2026-08-29/outputs_validation_trip5_only/extraction_batch_summary.tsv	1602	2438fc1c33f5aee3da2bca1a9253328fa5916dd9ad2144d784383ebf87f8fc7f
analysis/rerun-trip4-blanks-2026-08-29/outputs_validation_trip5_only/filter_sensitivity.tsv	438	7b7f57820d3ba31abad49de3b956f57fbae2e088cf5295cf00eb2077524500dd
analysis/rerun-trip4-blanks-2026-08-29/outputs_validation_trip5_only/primary_contaminant_calls.tsv	69607	73d5be7a434af552524a667ee19748d032fcfbc378f25b5320d6a1749c181d12
analysis/rerun-trip4-blanks-2026-08-29/outputs_validation_trip5_only/removal_fraction_by_campaign.tsv	284	9a612de02f21984d69c8601e601ec3f40fbdfb51897f7e4ad601f02ecbab32ae
analysis/rerun-trip4-blanks-2026-08-29/outputs_validation_trip5_only/removal_fraction_by_compartment.tsv	437	7c0b25d84c57e098efbab9c9b8fec974f6df4052a617972f08c36f82f1290817
analysis/rerun-trip4-blanks-2026-08-29/outputs_validation_trip5_only/removal_fraction_by_profile.tsv	37008	d056b1f0aef2010fa098902d1197c209e1aeddb20e8632f436ae177d6519b363
analysis/rerun-trip4-blanks-2026-08-29/outputs_validation_trip5_only/summary.json	2309	ee1e759957cc6445f627591be482a29933ac46b8556a239686e79601a3eabc77
analysis/rerun-trip4-blanks-2026-08-29/run_rerun.sh	1298	2601db6790730141f13a3e9278d4af50b8d9db1a0f104b134d18f6d46309c4ca
analysis/rerun-trip4-blanks-2026-08-29/screen_extended.py	24084	ee32acb70328169a870c09d675f746f3da1764996e71d69522f7bbb9bf590342
analysis/v2/RQ26_CausalIdentification/scripts/phylo_signal_test.py	9530	7617847d368f965eab3713f87e6a2d8a791ac539e357efcb5116ee741fe01e60
analysis/v2/common.py	14942	04c47d2bcd88da5e0574bfeebe873a2e6105fbc1d8aa1d2da5cd3d340ed07fca
analysis/v2/review/build_cache.py	6094	74327e95ad7a012db2519fec02c57ea76841dabd9575f74daeb106ec8b81fe6f
analysis/v2/review/build_tree.py	2723	191803c593891185d51e8636c22b4efcf0387b4aad858900244fd4e27c4f5fe2
analysis/v2/review/cache/alpha.tsv	123109	e6083716b713a36a5e6984826b20107613a1fd65359172a1e9cf10a7b3161c2c
analysis/v2/review/cache/asv_filt_counts.tsv	39792100	6b5a98d4d59566dea26f25e0412a7ad5d7663de3d8a672a476813b62e8e78750
analysis/v2/review/cache/genus_counts.tsv	8401418	324d19da3669d489a42b60e0bdd6ca7f3238308bbadc72b8a28ae6098ddc8481
analysis/v2/review/cache/meta.json	150	60af40cadc7d9cc956e4dc0b5b282906f2ca7b28ebe51771544b0805c1566d2e
analysis/v2/review/corrected.py	7403	3f8f9f1b9deb78f370236bacd07619d6cce9aa1bc3b0012f9862d6d5c719702b
analysis/v3/RAIN_CALENDAR_REFIT.md	3520	bed4a9834ef73bf5a10fd25fcea96c83c7339d52a583bcc076f8663a5e3d25b1
analysis/v3/SPATIAL_COVARIANCE_SENSITIVITY.md	3968	6b406c332dfc14a1d483421a1f1b609c44cf4d869be1813e7f78b89e3e9e6e3c
analysis/v3/biology_context.py	32778	4de04be5a21ea34e9427b3c4cd93b126d00bf633ad8de98d8421991b7e802452
analysis/v3/biology_context/README.md	4940	524481742c16185fa51c0e70a15a91f1abe3078cede3b2441d42d0dd485a30e2
analysis/v3/biology_context/SHA256SUMS	1511	32a7b958aad971134b371146cc147cd701026f21bb1a157da055273d97712e02
analysis/v3/biology_context/alpha_by_landform.tsv	1202	dda9e84195fca34ba36f902fd899710ab6aeef1b2c3d8b7d8588cb17a0c7d708
analysis/v3/biology_context/climate_diversity_dune_sensitivity.tsv	1285	a6d26c2ac9a984e056ed704744505a60115951f7af021e788abec01ee6af797f
analysis/v3/biology_context/compartment_genus_family.tsv	103067	744595fe2469b610af836780d2f37103af733dba1675395314a019ffea5a71b6
analysis/v3/biology_context/compartment_pathway_leaders.tsv	5427	ca963ff6dcdc0d843d6b8a26cf52d4443e9b86e7f1de14f1d07060a1b3f4b5d1
analysis/v3/biology_context/core_genera_by_compartment.tsv	3382	dce620d39876ec5e4bae4e5e09b12f331861a8e0eadd5aaa906724039f59200c
analysis/v3/biology_context/genus_site_occupancy_by_compartment.tsv	80972	b1351fdb7c36c7ee0fc58f5b76ac1d02c127e66d32a7304cc8a95f8dcb835a81
analysis/v3/biology_context/landform_composition_omnibus.tsv	165	da7266fbe66eac6217e89aa70c4738f7365227d89c492889b9504e2a64a42114
analysis/v3/biology_context/landform_genus_contrasts.tsv	45658	9ff1bc7349025d0e22e653a2de55c1df6ed313219d3fa05867120a6b32634461
analysis/v3/biology_context/ph_genus_correlations.tsv	19496	20a2ff250b254140d03417313dcbfe1f45dc3a183a971fb795d4a17cc3ff1ce7
analysis/v3/biology_context/route_genus_correlations_dune_sites.tsv	19733	1d39901af392a9c6e156583858ddc5adab46b89250f591b9b9fe778bd1e51301
analysis/v3/biology_context/route_model_dune_sensitivity.tsv	215	15130eb1e845f6aceda9517274093cec203efecb2c345c1ae6a666f58485f551
analysis/v3/biology_context/run_manifest.json	7102	cf7e2d9377d824f247394f4315496d3e0307c53da9b70140559cbad517015c2b
analysis/v3/biology_context/site_landforms.tsv	1927	ea31c00618ddf351d1478decba812c04ecf111d9bf61d6537f2acf0b3a9b6061
analysis/v3/biology_context/xrf_axis_genus_correlations.tsv	15620	38b50a429de9240b978e4d124b63eb6bcb01c47c197f812a5a87188b31f13214
analysis/v3/biology_context/xrf_axis_loadings.tsv	412	bf0723a8f3ec21ad6f339905c38859114166fc45de42aace07bcb66c18b856ab
analysis/v3/biology_context_corrected_20260909/README.md	4869	abc71231c75809349c23690680c39cfd28fec877bc89089ad26d1e67d4e5c652
analysis/v3/biology_context_corrected_20260909/SHA256SUMS	1511	a675b56872a810afeb831f04756101e72d029e99ff8a1fe3d213736ea6315a49
analysis/v3/biology_context_corrected_20260909/alpha_by_landform.tsv	1202	dda9e84195fca34ba36f902fd899710ab6aeef1b2c3d8b7d8588cb17a0c7d708
analysis/v3/biology_context_corrected_20260909/climate_diversity_dune_sensitivity.tsv	1285	a6d26c2ac9a984e056ed704744505a60115951f7af021e788abec01ee6af797f
analysis/v3/biology_context_corrected_20260909/compartment_genus_family.tsv	103067	744595fe2469b610af836780d2f37103af733dba1675395314a019ffea5a71b6
analysis/v3/biology_context_corrected_20260909/compartment_pathway_leaders.tsv	5427	ca963ff6dcdc0d843d6b8a26cf52d4443e9b86e7f1de14f1d07060a1b3f4b5d1
analysis/v3/biology_context_corrected_20260909/core_genera_by_compartment.tsv	3382	dce620d39876ec5e4bae4e5e09b12f331861a8e0eadd5aaa906724039f59200c
analysis/v3/biology_context_corrected_20260909/genus_site_occupancy_by_compartment.tsv	80972	b1351fdb7c36c7ee0fc58f5b76ac1d02c127e66d32a7304cc8a95f8dcb835a81
analysis/v3/biology_context_corrected_20260909/landform_composition_omnibus.tsv	164	26e011194a5cf28a06e24e9096ca5bfaddfcc6887965a01119fe5a1a36f47e7e
analysis/v3/biology_context_corrected_20260909/landform_genus_contrasts.tsv	45673	1847dcc13173050cfa89142bc53a565e400781f56870e81fcbc5187b413d3fd9
analysis/v3/biology_context_corrected_20260909/ph_genus_correlations.tsv	19492	8aaec1b2664c791e73fd3ff12af8eb2cc125a352c45d09e59fe37c9f5a1999f5
analysis/v3/biology_context_corrected_20260909/route_genus_correlations_dune_sites.tsv	19733	1d39901af392a9c6e156583858ddc5adab46b89250f591b9b9fe778bd1e51301
analysis/v3/biology_context_corrected_20260909/route_model_dune_sensitivity.tsv	214	ef235c137bef8d623a89abb0871af1b4e5c31bba182b989c1d6ff654d6e90599
analysis/v3/biology_context_corrected_20260909/run_manifest.json	8164	f249b4e8cac1e249d82c6250e50f397ae1772c6f9e9215bc76303158793839d4
analysis/v3/biology_context_corrected_20260909/site_landforms.tsv	1925	1fc498d681e9655e8500081503b390aba6e7f27899e2b1913f5df571add3dd4f
analysis/v3/biology_context_corrected_20260909/xrf_axis_genus_correlations.tsv	15620	38b50a429de9240b978e4d124b63eb6bcb01c47c197f812a5a87188b31f13214
analysis/v3/biology_context_corrected_20260909/xrf_axis_loadings.tsv	412	bf0723a8f3ec21ad6f339905c38859114166fc45de42aace07bcb66c18b856ab
analysis/v3/build_cache.py	6094	74327e95ad7a012db2519fec02c57ea76841dabd9575f74daeb106ec8b81fe6f
analysis/v3/build_tree.py	2723	191803c593891185d51e8636c22b4efcf0387b4aad858900244fd4e27c4f5fe2
analysis/v3/claim_rescue.py	38735	37240d1d04c4db9a4b98398e52bcab3709455402c0cb8cf56739b97a8b603241
analysis/v3/compare_ph_versions.py	5743	65d16a3ba45cca3faf8447f6fede0712d896120a2639711ca2dba47b9f369ced
analysis/v3/compartment_composition/README.md	2503	6e245789bd6f4da11fcd230cf8a2755ceee369d97309b1854782836e9af61613
analysis/v3/compartment_composition/SHA256SUMS	548	f88357b43cb6bf3f02d8355581a8b444236a7920265e1e8c734bdb1c92e0cddb
analysis/v3/compartment_composition/claim_verdict.json	5516	46295f4bcd407bab893549ed3ac5653ae45acbc0ac2c31dac8197c0a0fa458d0
analysis/v3/compartment_composition/cohort_accounting.tsv	17294	1587dea6ef849128e08e83eaacffa813160810e39348ab82135cc42b9c9a3abd
analysis/v3/compartment_composition/compartment_dispersion_results.tsv	5802	f18ceb53a228c739d50df0284091aa22577ffc7fc60afdd9855ff3563b92a755
analysis/v3/compartment_composition/compartment_location_results.tsv	9230	c036ab0cba2474cd086b5438b973eaa6f358e44a9c70182c2da9409e565729d8
analysis/v3/compartment_composition/paired_displacement_loadings.tsv	25786	d8b2a6d5775c48eda3181a9ff6b844cce0e06a08a0290e769026c1989f715428
analysis/v3/compartment_composition_rescue.py	38526	ba9d8f64573971a7b477c84db08d18ff39631c89e58d40f81ee5d872a7d98dfb
analysis/v3/control_audit/SHA256SUMS	2372	8f4f6e56ff5adc36b5d3e7bdb672bf3ff75bcb044e9427999f15517b278949f3
analysis/v3/control_audit/control_analysis_roles.tsv	3427	da2f31eab24df55adb9ab7a76147d18bc6b43f0b45b733559ee56a78f4188e16
analysis/v3/control_audit/positive_control_dominant_taxa.tsv	11926	be8c7524c0ed1f1a374eb63cab0cb57e12efe65d483edf0f60092475d8a7864c
analysis/v3/control_audit/positive_control_expected_asv_occurrences.tsv	37528	139b2d4d9e597ab826e285c4d09d7730eba6f6805ed4e92bb217c9335c7262e0
analysis/v3/control_audit/positive_control_expected_taxon_recovery.tsv	16134	a3d1279f40e16a167d4f501befd3b732570285cfea4ebd0aebc6c7a6c3096e4a
analysis/v3/control_audit/positive_control_index_neighbours.tsv	1066	7223022a37018e868ec82b4e918d2e93088efcfcf95f6e2e613750f76be0ec69
analysis/v3/control_audit/positive_control_profiles.tsv	1946	5d3ca3c3ca5ce7d9bff6a5b4b1bab957b974d8f7b2f520621c277dc9385f7691
analysis/v3/control_audit/positive_control_spillover_summary.json	1083	5b689796d70469561ef37072a3ba55edd1916c29656ca3291f470273a1a853e7
analysis/v3/control_audit/positive_control_spillover_summary.tsv	1661	e6243d03bff1984caba45b50e79bc03844fe17481a6f7ff676bee4cbca4ad204
analysis/v3/control_audit/run_manifest.json	3891	1cf7c936567ac80e6006c44b5aaabb80cdeb2a5e62f3fd256e245ed1a1f2637d
analysis/v3/control_audit/sensitivity_inputs/alpha.tsv	122946	4c7078ced219b5b08488c6ba7d25f7387f928b8c26cb47e67722b01ed4a87705
analysis/v3/control_audit/sensitivity_inputs/alpha_diversity_sensitivity.tsv	23196	db4d932b14aed453645ab481749820ad23e270c31195228d1d342651b2f6e2a6
analysis/v3/control_audit/sensitivity_inputs/asv_filt_counts.tsv.gz	3671413	19abb89cb50921fb48e95783be03e7a05e9263198f22ee5dcc28a8a902a4c230
analysis/v3/control_audit/sensitivity_inputs/genus_counts.tsv.gz	630810	05d1056349b07a48171f161b22d84bdff52a9bd913949d723e83d1804ab7b73a
analysis/v3/control_audit/sensitivity_inputs/summary.json	2625	4aed0d81c5af0e8984e274f0087191470aa6272a9bcaf44efd744cbc43dc289f
analysis/v3/control_audit/sensitivity_inputs/trip5_paired_compartment_sensitivity.tsv	589	2e1e31680573b56a235e686b187c73fef4fb21c2be0d15bf58bc9fe2d7074d22
analysis/v3/control_audit/summary.json	3368	8ab6fe2ff06bdcb202320f2da1f4ebc077f535f9595587eceed435a07370a3c4
analysis/v3/control_audit/trip5_extraction_batch_summary.tsv	1667	9c875392714e2295317138b9ecc18db22e37840b7871976f7afd98c82826d760
analysis/v3/control_audit/trip5_filter_sensitivity.tsv	377	a18f7e107cf6111cf0ae7fa9b5666b4ce37a4bce1a81c8f346397200024b4f40
analysis/v3/control_audit/trip5_mapped_feature_table_control_filtered.tsv.gz	9256116	b7916acba11df3c1ae78b6ef0a430a730634e63e05801a3b99072ad3275cdf37
analysis/v3/control_audit/trip5_primary_contaminant_calls.tsv	67494	cee9ba8db4c91bc6c1b3e73e1e8c5541676ee165c92c323ef0074d5903d7149f
analysis/v3/control_audit/trip5_removal_fraction_by_campaign.tsv	284	9a612de02f21984d69c8601e601ec3f40fbdfb51897f7e4ad601f02ecbab32ae
analysis/v3/control_audit/trip5_removal_fraction_by_compartment.tsv	437	7c0b25d84c57e098efbab9c9b8fec974f6df4052a617972f08c36f82f1290817
analysis/v3/control_audit/trip5_removal_fraction_by_profile.tsv	25728	515b008f9c8e1887aa4e1aa80911e6679f0c4fa96f687c5ae668fa703d6df736
analysis/v3/control_sensitivity/SHA256SUMS	364	a58802e6d2e14d7657982c344afc97d9201df7863263124ecd2183cd1f388d0d
analysis/v3/control_sensitivity/commands.sh	189	10c149323f0e289afb0198bf92e3574ff4f9d2be74ce40bdd2de275c705f82ee
analysis/v3/control_sensitivity/commands_repository.sh	400	6316ed5cfdfd0ecd05cf809646b5089778f4d5720884fba24baffa8fa2dc65c4
analysis/v3/control_sensitivity/headline_result_sensitivity.json	2449	313cae3546577da9be0085bbbcc72d8b57d0540362872154d24c10c3635f6bed
analysis/v3/control_sensitivity/headline_result_sensitivity.tsv	4561	9afd6de06e3c97e5949c0f4ed71ecf6bddd6c5d7cda010cd6257c6764f646c9b
analysis/v3/cross_desert_context.py	18158	8a904a69d729f8ad5e25899661b8def8867023355ed1c364574aab8fe2361016
analysis/v3/cross_desert_context/README.md	1670	702ed8b64294e909fa2f5b4e408b00c8d8a1c849d117c7c0e7964fbdfcf8d126
analysis/v3/cross_desert_context/SHA256SUMS	346	f98003f7e685dd5d046282cc4f514d4c6ae0338beedaca7893392e82017fd5dd
analysis/v3/cross_desert_context/atacama_pit_depth_alpha.tsv	990	c71e0eaf030ddc67171164aacd12bb118fd3a536fb7182a64b67fd4d71699bac
analysis/v3/cross_desert_context/comparison_statistics.tsv	2392	fac99606d04b40520e94a3c69321f5c1d960df049fd87bca1a03d457269b455c
analysis/v3/cross_desert_context/run_manifest.json	2138	7a62d4d91db732716e7c0ebf2ab0de371346a684d4120c021d0a4d1cfa3ed075
analysis/v3/depth_extraction/README.md	2712	de6726a387f4d901a150a952a1094e65b523d52f235f2b4db4ea5ffb9a52ab16
analysis/v3/depth_extraction/SHA256SUMS	836	a38d18acf509346f914477d59eb7192cbf12b56e554850af9dfebd9959ffb91b
analysis/v3/depth_extraction/adjusted_position_contrasts.tsv	2207	6074ee0c9010b382ee49fadb6b3bc6171ba3d1f895f0e38fa7eaa23f744b9131
analysis/v3/depth_extraction/claim_verdict.json	7130	a2f1a32a54bc848dd8f7fb97bd8e563e22e8f60f0b750fee7e8bc869530d9de1
analysis/v3/depth_extraction/extraction_kit_by_campaign.tsv	192	19746834bfe7155cabe4d3ba270f8d6aca4f3786bb90747921752bbb6ea08624
analysis/v3/depth_extraction/gee_coefficients.tsv	13340	d047f155b33b9ac388ce0f5fd0bc7d1c707466d44779803fb41645467bf7da39
analysis/v3/depth_extraction/group_analysis_table.tsv	39652	313b4cb9dc5ed57732bf292652ecf4c0be58b089e01e65d4bb3caefd5f5b734e
analysis/v3/depth_extraction/model_identifiability.tsv	864	e1c0613a0cc08eba5f7e33ce8e0bc3537090fe11246cc80461b0d8b102ffb6cc
analysis/v3/depth_extraction/paired_contrasts_after_depth_adjustment.tsv	1540	332bdcac692e8f426a99d32836ff283e71c6a0d16f7cb59ffb87f8a0e02d9d0d
analysis/v3/depth_extraction/profile_extraction_join_audit.tsv	91254	b0d8b8ab63cef51a6d5d3b4f3f703a52e3ae8812cc8b412ece941ebadf628e55
analysis/v3/depth_extraction_sensitivity.py	35195	8bbe6d8a5686aa6d1489e9c127e83bf04b7c71c1819cbf303685ef35c2d2ba61
analysis/v3/distance_decay_turnover.py	23878	0862ce9e4ac002ac1f1234f1ba4e270e0612eee0603f37e87c092c543418033e
analysis/v3/distance_decay_turnover/README.md	1181	9af147fb0c050c16baf966731145ddcb0afbb108ff32147f1eb232a7444bf70b
analysis/v3/distance_decay_turnover/SHA256SUMS	445	215fa25bb38b39aba49308722327bb76acb55d08a7f73088e9af4f225a40d460
analysis/v3/distance_decay_turnover/claim_verdict.json	1879	5cb2b23351c549fc3ca1875d21d69c8596744323ae544cb3b0939e6a1c55dd0c
analysis/v3/distance_decay_turnover/distance_decay_pairs.tsv	273334	85e295c34165a483897f071ab606d46f294892950be5006edb96cee9380689e7
analysis/v3/distance_decay_turnover/distance_decay_slopes.tsv	2167	bc7fbc31220baf41568f673a9fb24734ea684d0e65e5cf13ee1ada8e1cc5830b
analysis/v3/distance_decay_turnover/turnover_nestedness_components.tsv	900	e7183e06125b752b13fd5bb807a703fa1e7ae68277154a58357e3ca236d292c3
analysis/v3/environment_associations.py	24935	b590f5eea422b75e1ddcf302991c3e87bef79814a6f3102d889efe82a407abad
analysis/v3/environment_associations/README.md	381	5bbc883564c4abf875ad82e26d9b3a79e039ffbd7a1458d1d0ee0be6606977c6
analysis/v3/environment_associations/SHA256SUMS	1017	b8f3e19f0e4001976803ca6b81b4329e78dcf50cef2e6aa8097afc781eeadc7e
analysis/v3/environment_associations/analysis_decision.json	3599	4fccd3bd6c7ad138dd84942914df19bf5cc22cb93a6ffcb32fed73dde94f78f3
analysis/v3/environment_associations/climate_alpha_correlations.tsv	1510	6091025b75bdfb8636e0ea0f2fcbe44a24ad86c67a5d31df050eec6e682c53d3
analysis/v3/environment_associations/climate_covariation.tsv	836	dc8e96b5e081b09f51db96b6b365cb391667be45aa36d176c5d7f9970f462b1e
analysis/v3/environment_associations/climate_genus_correlations.tsv	52398	7b0822112124f057df39d82706cc690c1865e68672d569f53bbf278f88aef3ce
analysis/v3/environment_associations/climate_site_summary.tsv	6754	f39284ba3e2e10750745d6cc3771c9b46cb8257d296147a9c93ff8f8ed01982b
analysis/v3/environment_associations/field_weather_adjusted_models.tsv	944	7c1676a6245a152caa9cd7e2d0ea1003b805fd4716d276d15e709c2c3ab8f01c
analysis/v3/environment_associations/field_weather_raw_correlations.tsv	791	53bb5cbab178a55c007856392e2daf95f70479832581775603c4e2da7406581d
analysis/v3/environment_associations/field_weather_site_campaign.tsv	16263	8af001335a0e318809d056c6fdaa4d0769717f7a86649eb9deaf9ac4b98c46cf
analysis/v3/environment_associations/field_weather_summary.tsv	241	fe3d7179a4a1618eb49a49a8e9707d7a7480b291e99c26b2cb209892e1759fdc
analysis/v3/environment_associations/selected_genera.tsv	8938	2aa8552bfd7a991baf7ec1ebfa3c30a270438a76e36c3d8500317d986b525002
analysis/v3/evenness_decomposition/README.md	2498	46057639d4a726ca8f2220ba5e23f81bc2776f914f5d83199469a37ecb0a546c
analysis/v3/evenness_decomposition/SHA256SUMS	536	b9141bcff06f128e5eca4f0c930dc365eeec049e84dcbecab56289fcb1e3d08e
analysis/v3/evenness_decomposition/claim_verdict.json	6575	ee9ce73ead4d4c0f08306c981b42d5e6375184aa40b93d8b288f68fa57687efc
analysis/v3/evenness_decomposition/evenness_depth_sensitivity.tsv	1752	099879e4442d362e65a5b3e8c670dd83e7f29cee011dc17a08be2c5259fad614
analysis/v3/evenness_decomposition/paired_contrasts.tsv	2656	7b5dd22de48f8657c4b74448c9184a7605b15b33188a034dc04d59e855cd238c
analysis/v3/evenness_decomposition/site_campaign_position_metrics.tsv	50271	6bcd51d72f336fe35038144b7922c98d98e48b86e7ba5e20fa4cc1985498ef27
analysis/v3/evenness_decomposition/site_position_means.tsv	12476	13a0843d2ce6c442429ea8713a013c340997c4414df9a2baf67fff7e26e596bf
analysis/v3/evenness_decomposition_analysis.py	23341	50059c94e91a244c170fa5843cbf2932f5b1d47b7f0468c02cf860a6b28c263c
analysis/v3/functional_redundancy_null.py	16798	8ddc8b402d597ae960b43eb0caa75061cb26518aa34e15ee72779f35f034ec7a
analysis/v3/functional_redundancy_results/README.md	565	f813cbf4ebfacb10483bcdc9bcf8f494660f98925a18e10b67607fac167d5424
analysis/v3/functional_redundancy_results/SHA256SUMS	527	881177e30c8c48c975d8be8c98ea5c917503dde6b47c3cab1ad4e547a6134dd0
analysis/v3/functional_redundancy_results/functional_redundancy_null.tsv	1476	9bd7322e4cd6c4283db3bc1b3aed0b1f9f71641784e6ea76b5d3e5dd9db8bb0a
analysis/v3/functional_redundancy_results/functional_redundancy_summary.json	811	d3b869e009807245c2871140a0ccb0e88725a124b2e74b8aec3702b4dfaf1199
analysis/v3/functional_redundancy_results/input_manifest.tsv	24163	47c1b7c6f68f24f76fc45186613cbdec4d81b5a036e0bc28b905b7fba60a66b9
analysis/v3/functional_redundancy_results/provenance.json	345	36525fc89dc5e7e74abc515e2b9521288bc8f3ebb4fce79c0b8164f9b991752d
analysis/v3/functional_redundancy_results/sample_coverage.tsv	5409	2b0e292c5621cf874636f65b01e82fe7a36b70facbc16734fd52c121addf0b26
analysis/v3/functional_redundancy_sensitivity/results-k1000-p199/README.md	449	066478408e65b0c8ab926f8f090a68b93010041008f5720dd28dacb102a31883
analysis/v3/functional_redundancy_sensitivity/results-k1000-p199/SHA256SUMS	527	1e6ca7a06540b93c9c5730f5031b95df96db335e294c5174cfefa7d62976626e
analysis/v3/functional_redundancy_sensitivity/results-k1000-p199/functional_redundancy_null.tsv	1415	66ef07cafddf24824731e1fdb797a546be11c00a717eed2c324659de14df05be
analysis/v3/functional_redundancy_sensitivity/results-k1000-p199/functional_redundancy_summary.json	704	4255057b6330e7c535770727a5ba18ff1897586aa9ab1df0ecde03fc33cbd857
analysis/v3/functional_redundancy_sensitivity/results-k1000-p199/input_manifest.tsv	25227	72925e6eae3ffac089dc2d21089f14c914b11a7b5c2385cf7b49b009e0d320bf
analysis/v3/functional_redundancy_sensitivity/results-k1000-p199/provenance.json	378	1715c7a5c266ca68cfcd4e24f40f0968ac2cb0a3dd0cb0f9adec910e8600b16d
analysis/v3/functional_redundancy_sensitivity/results-k1000-p199/sample_coverage.tsv	5409	2b0e292c5621cf874636f65b01e82fe7a36b70facbc16734fd52c121addf0b26
analysis/v3/functional_redundancy_sensitivity/results-k1000-p999/README.md	565	ee4d2500f1a0337534d7f340f5a45e38e5421d19e05f181d90a66aa2a60e4275
analysis/v3/functional_redundancy_sensitivity/results-k1000-p999/SHA256SUMS	527	791eabdec6ee68f1f7272ab1ac79c12438d4d8c49a8346fd8ee37f8fc85ebfe5
analysis/v3/functional_redundancy_sensitivity/results-k1000-p999/functional_redundancy_null.tsv	1479	ca2984f529804b46c3f037a53c1f854da0c522bf0b1f00b640beccde7eb6d1c8
analysis/v3/functional_redundancy_sensitivity/results-k1000-p999/functional_redundancy_summary.json	811	d8e1fc62fb3ed828dbf1ecdb61938c06df8a7470571327403c2618dfb3119762
analysis/v3/functional_redundancy_sensitivity/results-k1000-p999/input_manifest.tsv	23710	e20c234383cd81e1c0fa78a6345ea2db3799d989b3f83d25fd430cbb01135873
analysis/v3/functional_redundancy_sensitivity/results-k1000-p999/provenance.json	345	2946d923dc75c564204b1ae149b54906abc7cc48e600318fe7bb60eb77faee0d
analysis/v3/functional_redundancy_sensitivity/results-k1000-p999/sample_coverage.tsv	5409	2b0e292c5621cf874636f65b01e82fe7a36b70facbc16734fd52c121addf0b26
analysis/v3/functional_redundancy_sensitivity/results-k5000-p199/README.md	449	190b096c72772fa599150fb6da09dac1987ccd9c9246088071a05c703b67b1e4
analysis/v3/functional_redundancy_sensitivity/results-k5000-p199/SHA256SUMS	527	264d8ade518973ad4f558411e6d16787b5e5cf5470374cf7f26119a518d676b6
analysis/v3/functional_redundancy_sensitivity/results-k5000-p199/functional_redundancy_null.tsv	1405	447e0d86a0bf8bbdb2eb3e86ffaaf0dd4b99c82772e6b4ddd5ffa7d89f69aeb7
analysis/v3/functional_redundancy_sensitivity/results-k5000-p199/functional_redundancy_summary.json	704	7e0061d30e84b2f1cb3e1a1fc0d34a44857991e580f653389874a6b208368fcb
analysis/v3/functional_redundancy_sensitivity/results-k5000-p199/input_manifest.tsv	25227	72925e6eae3ffac089dc2d21089f14c914b11a7b5c2385cf7b49b009e0d320bf
analysis/v3/functional_redundancy_sensitivity/results-k5000-p199/provenance.json	378	655a4220b540683a0a36117c2d6acfa77673b5d8d4b28ef5278132645cfe07a6
analysis/v3/functional_redundancy_sensitivity/results-k5000-p199/sample_coverage.tsv	5409	2b0e292c5621cf874636f65b01e82fe7a36b70facbc16734fd52c121addf0b26
analysis/v3/functional_redundancy_sensitivity/results-k5000-p999/README.md	565	dabb35015d2dad01c60d3a34ba95ea6295311cbc84e16ec866f64ec8e1268213
analysis/v3/functional_redundancy_sensitivity/results-k5000-p999/SHA256SUMS	527	5652364f19c531dfdc4b84d216d8506a5a9c35c598cd86e1009aeaab6c0a5181
analysis/v3/functional_redundancy_sensitivity/results-k5000-p999/functional_redundancy_null.tsv	1475	6263ed8f2e576ada0b4a5fac9e176cfdac8d198d2b9a21e330e00a6222b7c9aa
analysis/v3/functional_redundancy_sensitivity/results-k5000-p999/functional_redundancy_summary.json	811	0c38e4a068c198c0b5481f5a5996de3d7056bceb0b5d23897cd7411033d1dc68
analysis/v3/functional_redundancy_sensitivity/results-k5000-p999/input_manifest.tsv	23710	e20c234383cd81e1c0fa78a6345ea2db3799d989b3f83d25fd430cbb01135873
analysis/v3/functional_redundancy_sensitivity/results-k5000-p999/provenance.json	345	d7cc981629615574cec95a07ec07d611cd6050bde852668f6547817e477f1922
analysis/v3/functional_redundancy_sensitivity/results-k5000-p999/sample_coverage.tsv	5409	2b0e292c5621cf874636f65b01e82fe7a36b70facbc16734fd52c121addf0b26
analysis/v3/geographic_prediction.py	35540	23cb105c3266adb33939bb77d8f9cecb20d5a309d6c88ae8f7bc5f87fdf17191
analysis/v3/geographic_prediction/README.md	2573	797c2d925ed346f595bbeaaf2a06e85ee49c059d28f368cce9ba1e6033937ba5
analysis/v3/geographic_prediction/SHA256SUMS	521	bc3e78796f51495ff5c549ec68c4a23297553db8a9076ec66db90722677caf16
analysis/v3/geographic_prediction/claim_verdict.json	3722	e8e809cff8c75217cac3641edbc1c8ec5d3afe478576ee96dd3d1887afde212e
analysis/v3/geographic_prediction/collection_order_alias.tsv	560	bd677c470c98a1cc171aec32999e475967afe5d86cf3d3de9bb24df641b15dc5
analysis/v3/geographic_prediction/prediction_folds.tsv	635	77edf8939a89cfe55b6d16f7b850961c24eb33ad74716ef10b2d182ed24c57de
analysis/v3/geographic_prediction/prediction_nulls.tsv	553	e78eaf1ce2ead0d35ed9459ef3ccbd085022ca6b02b88661c9d85acc298ce4f4
analysis/v3/geographic_prediction/site_level_block_folds.tsv	284	b859a223c712d9ed7eb7092e704d074f9a6471638d07739629fa6cd0e8ccfa9b
analysis/v3/headline_uncertainty/README.md	407	8f50e821533f13193b2bfd334b97f62e4c26a0d9c6092e14f551527a24e68208
analysis/v3/headline_uncertainty/SHA256SUMS	251	1505caabfd312a92fde2e703a317ef3be5e93e6a5431ebce67a2b380a349bbc4
analysis/v3/headline_uncertainty/headline_uncertainty.tsv	12642	e5b6445603658b94136e3c3d9cd5e10bbd3e36000ef2f440c8a2fcc980a95055
analysis/v3/headline_uncertainty/run_manifest.json	3235	d9c8253cf4fa30fb7278bb8306eff1304daaa516656ee1606e1d992d11de9ee6
analysis/v3/headline_uncertainty_summary.py	16906	47641cbed1f7d3a83a4eb8d40237be5c6c19216da141b74627959bccc94a93f5
analysis/v3/hypothesis_families_20260909/hypothesis_families.json	16036	708c1a8f321df2dd76aeeeea9da345a63e3c1b8f726216f0f3efe6b29c9247cc
analysis/v3/hypothesis_families_20260909/hypothesis_members.tsv	546902	fcd1645d8a785e0f65be9d920cc2ee63951cc8ea2651998d4ebec299b7b4578e
analysis/v3/hypothesis_family_registry.py	6734	d993e0f65b4aaaa8aa7cff9bb9eb8886afa990d42874969a443da5c2c04b06f0
analysis/v3/make_submission_figures.py	41749	a0bc4dffe869a0524f19651fd226107e26389a11a216770aac773a2a75dfc646
analysis/v3/manuscript_validation_20261004/README.md	904	d24011a8ec0ee3e8033420eb9e1f3a401f0422b5a51b1858e82c698197832d76
analysis/v3/manuscript_validation_20261004/archaea_share.json	682	71a1c989425dc180e7019abf1d0e1987735b7a1d3e4acb843f8a48155b67ad39
analysis/v3/manuscript_validation_20261004/library_recruitment.tsv	3973	123ddc976f975c00c5167eefd5b6fe256c45e2c44a09a996806919c82d30958e
analysis/v3/manuscript_validation_20261004/recruitment_summary.json	280	65b66138f7e8866b5df16f984b7de9232bd03e54e842e5c90d82166d303ba6e3
analysis/v3/manuscript_validation_20261004/verify_archaea.py	1504	85aa84fd4d6ab42ee458364720b682967a09d41eb6e4520eda2eb35a96202c54
analysis/v3/manuscript_validation_20261004/verify_recruitment.py	1728	bd65daf98d6f2f595971b25a61cec8a9821aed6ea5f482e08e9eb5fe0141de7b
analysis/v3/measured_function_summary.py	33699	b83c89cf34ec6a47e50ea7a8fbfdae5bec75824c45e8275cad59472e287cbded
analysis/v3/measured_function_summary_results/README.md	1469	d356ee2ad7044dfc0263f314af92cc895da1ba54541af9adbc67bd97d71d8b0d
analysis/v3/measured_function_summary_results/SHA256SUMS	618	07d4c1f7704851cc5e3ab6a4d0ae44d8177480d8300ca7520a9fe692a5df4907
analysis/v3/measured_function_summary_results/encoded_function_summary.json	4057	eb25fb5fd27984a7b015c7b77ac7ceec7a831d99b301bfab574d8d06e8dea73c
analysis/v3/measured_function_summary_results/input_manifest.tsv	1070	4d93e2113653d63f0e4ed2ab92e9f4d3867bfaaa690fca412afa09cef5b9cf83
analysis/v3/measured_function_summary_results/pathway_screen.tsv	879	efd990cc94b3407cd4ea96e360cddd06e6608de5410461a2bc0bda14e3847482
analysis/v3/measured_function_summary_results/per_sample_ko_correlations.tsv	4538	7f8b7c5a27b9688cee29b716d4241e9ea14cc5f532e56cf14288d84b69312dd5
analysis/v3/measured_function_summary_results/picrust_sample_mapping.tsv	5828	1aea523eb160409db9ed0702051adaf3d29698ff07963a259cda48441f20d2c4
analysis/v3/measured_function_summary_results/summary_metrics.tsv	1472	d90051c1ef5c1237c62df7f11a6bdfdeb0dad4cfce239571f2689306b22aacd5
analysis/v3/midpoint_root_tree.py	1280	0b16b36e2828748949e9057b1eab69edbd421353baf4ac46ec77473727fb3757
analysis/v3/network_rescue/README.md	3161	2bccda4847d7400dfd75b2b96fc05ddb8ea21d691845f5f51b59ed3655a5a409
analysis/v3/network_rescue/main.nf	1015	a8cea477f6f4639bb217f9dfd4ac68e55af8a642d371443e78df09df639ef3bd
analysis/v3/network_rescue/results/README.md	2934	8815b1773d0768a5474e0e2c263b6952b7fd38ffae042e3906e716cc053ef53d
analysis/v3/network_rescue/results/SHA256SUMS	1206	924f4af63d84628bae96fd1f01242d9a56f113a0529e7063461ecafa5b2297e0
analysis/v3/network_rescue/results/alpha_calibration.tsv	2949	7aaa8dc8289751bd12b91cde633043248425c1f203f9578ba8f1ea555c408160
analysis/v3/network_rescue/results/bootstrap_metrics.tsv	38557	8f8ad9be0b9c4b5d9c2991f5fd872cb0a88d4eb80dc8c18efa8a25f6de7a4af4
analysis/v3/network_rescue/results/campaign_feasibility.tsv	739	b835f95aff6b4199bfc1327490900c4ab9ed931798f4f171442c7a9dc9152509
analysis/v3/network_rescue/results/claim_verdict.json	1356	1414c4d7d7c00504a808763f3c6f6284c9339ebe80861d6d3fd87a8b86156c26
analysis/v3/network_rescue/results/cohort_accounting.tsv	1115	abf76fc431b7050c93c407094f0c65aabf9a3ec190abca0bc19a8a7d9cea4137
analysis/v3/network_rescue/results/cohort_groups.tsv	20637	5c14ba94e98abf02ad3c78df99425ee763e687b7a35854f923626402bf7bd750
analysis/v3/network_rescue/results/compartment_comparisons.tsv	853	f86196fab11a342ac9cac72ace51346906cdf4c6fb70a79edded7931a5e4f513
analysis/v3/network_rescue/results/network_edges.tsv	622425	0af4515978a6689167756b42a65dcc06e1200a73133b9f4cfa90b6c68cb761df
analysis/v3/network_rescue/results/network_metrics.tsv	751	459da1923a4aaacba038b8b5486e037ee7508afc8a937ce102758a596f4e6f65
analysis/v3/network_rescue/results/network_rescue.tsv	546	4584669cf62b008065a7885830379864c7bcf0f6df2d0f069cb0e94e57854db4
analysis/v3/network_rescue/results/parameters.json	1747	eb9ddcb972c7a5da7fe6419a933546130b270d6f8ffb83a02f6d451f73119946
analysis/v3/network_rescue/results/run_manifest.json	2264	1fe7945324f05e15050d706b0c7adec344ab4ab1563cf6eb56ba5e71facf5f8c
analysis/v3/network_rescue/results/sensitivity_metrics.tsv	1920	1a52da4c7bc9af2cb501f0bfcd28602151d8e2a7d3ff24b18466820f49a7e231
analysis/v3/network_rescue/results/taxa_selection.tsv	128946	008a1ae2fd895668519e59f233c2a9615f75389c364ddc605e98767acdffb785
analysis/v3/network_rescue/run_network_rescue.py	64264	cbe09ca987dfd0f31bf7e99785c68393e96d55c0a6f201ef4817d3fce6c0eb7a
analysis/v3/open_meteo_site52_corrected_20261004/README.md	2326	b9abc92410b98af0f0014cc1757de946a98efd69f2baba0fe6ae542fba8792bb
analysis/v3/open_meteo_site52_corrected_20261004/daily_weather_canonical_site52_corrected.tsv	2708694	494acfb4b01728d00bdaea3cafc481dab2f4730386f5cd3e6c2734edfd5ac3de
analysis/v3/open_meteo_site52_corrected_20261004/manifest.json	6350	edec5c8905862dbd23ff4af933b4aac3581c59842ce6c815dc53dacc5ee7b970
analysis/v3/open_meteo_site52_corrected_20261004/open_meteo_site52_averaged_request.json	666	e9ecdce963756835e6b4109f7d850244fb373a1c3d16f3bdd60d9bc30fdf3e2a
analysis/v3/open_meteo_site52_corrected_20261004/open_meteo_site52_averaged_response.json	42179	29083240884e77c64f0cca110ea33a382911dcfd76073413802d0274a469fab8
analysis/v3/open_meteo_site52_corrected_20261004/open_meteo_site52_corrected_request.json	628	6f180682fbbf3690c9963ce5a299ec69b07d0482660a0b481e7603fbce4d0800
analysis/v3/open_meteo_site52_corrected_20261004/open_meteo_site52_corrected_response.json	42177	21cf84a6c58c5e98c7833f39a0f73e0c03e95c0b7fcd992b97835040335e52b8
analysis/v3/open_meteo_site52_corrected_20261004/package_open_meteo_site52.py	8182	1ab2b098a1c973a04c493058a03606c89bf0c2bedeee8671c4e66ad6b5f34452
analysis/v3/paired_alpha_sensitivity.py	4996	536fd15bf245cf2e9d6d3ac919c553a989e09839df4a4f65afb37d57ed8839fd
analysis/v3/paired_alpha_sensitivity_20260909/manifest.json	711	88da8b6005a22927e3e097de0d8e62b588a2891f4e068663efb1a8f416e3cb19
analysis/v3/paired_alpha_sensitivity_20260909/paired_alpha_estimands.tsv	6215	b0a0f8fdcc2b52eeeb74268a434203078546ac899260b23cbe6c3852cf40a6db
analysis/v3/paired_alpha_sensitivity_20260909/site_differences.tsv	179541	41333f9ad7779140517b4dfd192eb592275426217037c1e03916e0700010c739
analysis/v3/ph_context_reanalysis.py	3760	5bbfe9d484897bf9f572440a2befeb857e2d84445f3f33a7e1fa50d01f40da8c
analysis/v3/ph_context_reanalysis_20260909/ph_genus_correlations.tsv	23366	f90b460c8ca36a2d4eb17917d3ec40c826edf8d07d90a6b5b7334ec6daabb60c
analysis/v3/ph_context_reanalysis_20260909/site_ph.tsv	1123	a15f6670f71fa7929b10511d9d3499f067d274f9d63593e8c1b6d053583ebbc6
analysis/v3/ph_context_reanalysis_20260909/summary.json	868	55e399cd32ba77028bd06558be42cbc1864be64122ea7e0a11541a19142c1d29
analysis/v3/ph_ecology_analysis.py	39398	b8030fbf3b993dfeabd045446ff3f8d3643ae33f41bf64bd47561923e46d3dff
analysis/v3/ph_group_linkage_20260909/README.md	1177	86478d38a0f99faccb933f7e17c781c7c1e09af882c685ac2c3b6ad526ab6390
analysis/v3/ph_group_linkage_20260909/SHA256SUMS	1151	07bb84a8636a4f83d98f1eaf2fcdf34cbc504ff076873f8660f93f9ffb4e6d71
analysis/v3/ph_group_linkage_20260909/input_manifest.tsv	1001	473480f702946aa39b07bd241938818a9e1a48aec1ac8f990de48f07f9bfbace
analysis/v3/ph_group_linkage_20260909/ph_alpha_models.tsv	727	72b068de528f03ebdb68e671d863310df217d6181f0e1ada561d89e0d23d6c9d
analysis/v3/ph_group_linkage_20260909/ph_composition_models.tsv	812	90dc489e8a2b812ac25835bf9e823e7311b79e795dd37a60fa2b85b4115bc045
analysis/v3/ph_group_linkage_20260909/ph_coverage.tsv	1112	7a9e842f558b93ed9ebcfb809b8af50052e7d78389200d38baa6f079d58e5f42
analysis/v3/ph_group_linkage_20260909/ph_geographic_adjustment.tsv	642	db446e5ed1de5d019993ceb0994f5babee0294ef35ba5f7fcd7944f6d0bf3899
analysis/v3/ph_group_linkage_20260909/ph_group_analysis_table.tsv	48588	d12b11f88a91bca529d210f358009a308f60aced81bae95b725fa4bc7260056f
analysis/v3/ph_group_linkage_20260909/ph_influence_sensitivity.tsv	775	34a3c63245bad07ad1d77cbcc62f3e79c1d9022904a54ca6ca967af43c12a03c
analysis/v3/ph_group_linkage_20260909/ph_paired_position_contrasts.tsv	502	135056ba8a0f5987c897902b274f01bb04ddd2c1c7bce55d2ab8342ee6bb6cfd
analysis/v3/ph_group_linkage_20260909/ph_sample_profile_join.tsv	217497	1eef5bc78cb2157b3e8563bd5d8fadad9afbed89167a6a6cfcd298f7296f0f9b
analysis/v3/ph_group_linkage_20260909/ph_xrf_relation.tsv	282	71b72ec51d92479ed56f5f32087fb586ec214fd8ffa5f2101dc2ed7c495e411c
analysis/v3/ph_group_linkage_20260909/software_versions.json	115	3508fdf3d8ede4cf977441dad254c5293b851c6867b156b3e89b0b8374391163
analysis/v3/ph_group_linkage_20260909/summary.json	3359	36bf207a732ca6f10693881ffb63f69705f54a6a62ba0c3ed2f446d85b66e8d7
analysis/v3/ph_partition_20261004/.gitattributes	117	a4bfe8bf8441f2c406fc908df7b95fd57bd8196d6430ca0d9b622afcc6d528c9
analysis/v3/ph_partition_20261004/MANUSCRIPT-CANDIDATE.md	3399	185e6dddad2f8b63890e972e784d80acd32c68fff46d4a7a936bf43715837e3d
analysis/v3/ph_partition_20261004/README.md	10725	75d70ca6751f66549df0819ddd18b69f26c2b538a2cb4d93f1f70d2580d6f183
analysis/v3/ph_partition_20261004/RESULTS.md	4815	8b3c148f8a74067f77ee693f25e7ab4f1c20a3c0e7e2b36fbf8acbd998c30dc4
analysis/v3/ph_partition_20261004/analyze.py	17572	920c5f89a6dc8a2e74f8ba3ebe48bf781424568b75a96637aaf9fa6a1bc844d6
analysis/v3/ph_partition_20261004/input_manifest.json	7286	ce1d459527e1d273bac90c5d72531d39b473085e94f65395c1baf2299ee044dc
analysis/v3/ph_partition_20261004/inputs/accepted_ph.tsv	140371	2f89d80eaf630d014099a8f58d2e9c2635cfa30a18b5888ebf35145f4125fa8e
analysis/v3/ph_partition_20261004/inputs/alpha.tsv	123109	e6083716b713a36a5e6984826b20107613a1fd65359172a1e9cf10a7b3161c2c
analysis/v3/ph_partition_20261004/inputs/genus_counts.tsv.gz	631434	fba27ab774f74fd82e8403693b566fa710c06b7096309d118b9c343e3a53fb20
analysis/v3/ph_partition_20261004/inputs/reference_groups.tsv	48588	d12b11f88a91bca529d210f358009a308f60aced81bae95b725fa4bc7260056f
analysis/v3/ph_partition_20261004/inputs/site_coordinates.tsv	3807	18c208ad198f120159c997b3a29219e7040c0f047a90b0b8c19227990cd53fbd
analysis/v3/ph_partition_20261004/provenance/DATA_REPOSITORY.lock	755	312cf159090c50b411ca8685d7d5c85f0f058610fa1fee83d4857097742c3e3d
analysis/v3/ph_partition_20261004/provenance/REPRODUCE.md	5643	b07b85487cb09b9c31aff4d80e3fdf9b032bc94d27aebc14188f6c8bd1b24b0e
analysis/v3/ph_partition_20261004/provenance/analysis__v3__ph_ecology_analysis.py	39398	b8030fbf3b993dfeabd045446ff3f8d3643ae33f41bf64bd47561923e46d3dff
analysis/v3/ph_partition_20261004/provenance/analysis__v3__ph_group_linkage_20260909__input_manifest.tsv	1001	473480f702946aa39b07bd241938818a9e1a48aec1ac8f990de48f07f9bfbace
analysis/v3/ph_partition_20261004/provenance/analysis__v3__ph_group_linkage_20260909__summary.json	3359	36bf207a732ca6f10693881ffb63f69705f54a6a62ba0c3ed2f446d85b66e8d7
analysis/v3/ph_partition_20261004/provenance/analysis__v3__ph_shared_v1__summary.json	2441	97ebe64b1ff98f42643ff3748833ebe57f7f9455e8b5d055942f1b5632448ecc
analysis/v3/ph_partition_20261004/reproduce.sh	762	43826ca7de404037205f729270de794215914939bbff52e3c8089a728b249f16
analysis/v3/ph_partition_20261004/requirements.lock.txt	96	285d5401b1ed65b5c38a6e78d084a5a4d0d48482795017a332b35706ce2eea7d
analysis/v3/ph_partition_20261004/results/SHA256SUMS	784	32da3dee34fedc1448829f3db36b82c9791dababcf9fb94db9b152ba16f079e7
analysis/v3/ph_partition_20261004/results/between_site_bootstrap_draws.tsv	1474746	a8858d10651425230b72920cf0cf09a3eeaf46dca666a30f9854a6cdfb535261
analysis/v3/ph_partition_20261004/results/between_site_bootstrap_intervals.tsv	2038	f3a33cc1707cd4e90cea6299f9d1936f8b7e4454fc2b36cffcff2e692c0419d5
analysis/v3/ph_partition_20261004/results/bootstrap_draws.tsv	1599515	30b74a0f241bcf59907636aa18ed440fd27b7b578d866f4dd4e8b9f44cbe4d53
analysis/v3/ph_partition_20261004/results/bootstrap_intervals.tsv	2361	dcb8cd908085f9a67e7195f45279b95369e49d3a301e0e3e5e7795b0c3a02241
analysis/v3/ph_partition_20261004/results/cohort.tsv	28946	49b344e041126710a74a9378bba8822d965f0c82dbeb450e9b0b24437737e696
analysis/v3/ph_partition_20261004/results/leave_site_out.tsv	20434	46e4c2e4f2e147f7c947632a61c7c24fbae8738ccbbaeb402873db4a1cf014f8
analysis/v3/ph_partition_20261004/results/partitions.tsv	719	9a65c0b95953f43dc54e45817b342454a99fb10a48f059397f300424148ee187
analysis/v3/ph_partition_20261004/results/selected_taxa.tsv	2623	4f7c88e9e6a3d7332fe3a2a1e8f4d3838dd305009580138a7a1cca75853e49eb
analysis/v3/ph_partition_20261004/results/summary.json	3553	54c15f78dd89351b0fef02e618c80d6e1f75d124c065cec758f481ae98823ab0
analysis/v3/ph_partition_20261004/tests/test_partition.py	4982	13a17e6772d089b853f4974a4d866ab1f494cad27ede41e609100f63ef247ca2
analysis/v3/ph_partition_20261004/validation/VALIDATION.json	286	68317868a553102cd85c399d5eda5abf1c64b2fd5063716f576de8420e0ca51a
analysis/v3/ph_partition_20261004/validation/clean-reproduction.txt	2456	d29c24410f3d41c9c0ba0797ae008c2054bc6f1ab0348ba2473fb956c1d93e8f
analysis/v3/ph_partition_20261004/validation/original-implementation-equivalence.json	867	b3aa3de61aae5e4c3fbbcf9a7c960db50e1952acbe04bb0cdc74e25d8d54e9b6
analysis/v3/ph_partition_20261004/validation/reference-run.txt	876	b5e5e20f2bc9b970ce3280ff35453cd17014025ad3e7a16072f078607f9d4368
analysis/v3/ph_partition_20261004/validation/regeneration-diff.txt	0	e3b0c44298fc1c149afbf4c8996fb92427ae41e4649b934ca495991b7852b855
analysis/v3/ph_shared_v1/ecology/README.md	900	9eedab3c0f6f587360050e1352595f35134a1b7a881cd79edb0ddf25b78fca80
analysis/v3/ph_shared_v1/ecology/SHA256SUMS	1151	7071083d3dd420581c6673f3ce017320eda0419a97f088a140e6a4a787a27ebb
analysis/v3/ph_shared_v1/ecology/input_manifest.tsv	1001	9b088f67bbb70c31024aef51b37f4531a910109f7b569af851686a3e08b8c1d4
analysis/v3/ph_shared_v1/ecology/ph_alpha_models.tsv	723	7f64a5ef19712b7b20e03b0c4ca1a05ecf689bae38fe0113e5f924246a37f83a
analysis/v3/ph_shared_v1/ecology/ph_composition_models.tsv	814	10b22fd2a8bd56a5648393e05f9f60df9597b3b6d4fe4346760fd577090fb565
analysis/v3/ph_shared_v1/ecology/ph_coverage.tsv	1096	69c7e9f917269f2725566f56b6389d9ab43db2b3b9c04a61b907e055033022c0
analysis/v3/ph_shared_v1/ecology/ph_geographic_adjustment.tsv	418	efb7bf619c4243f8b91252565b6a74ccdec379756a3f38af769ec926417e3a91
analysis/v3/ph_shared_v1/ecology/ph_group_analysis_table.tsv	48275	132695fad159625b5fbbfe4708c97e9680e008e496176f787c48b38b478c9b13
analysis/v3/ph_shared_v1/ecology/ph_influence_sensitivity.tsv	770	7aaea3973dca6eb89700686cb4234a67b0506467b9bdb35f374803e5ccc6618e
analysis/v3/ph_shared_v1/ecology/ph_paired_position_contrasts.tsv	502	7ffdcc46bcd333a1c13837aa32f5792837a58c1f15b9510b3ddd028be72835cf
analysis/v3/ph_shared_v1/ecology/ph_sample_profile_join.tsv	168698	3f66a8bef066a8476500e09b707e8824efdc81b011e4ba7be33230f5a3791ea7
analysis/v3/ph_shared_v1/ecology/ph_xrf_relation.tsv	282	d515263b6201536eb3d79b35545a0e24bbe54eced02ee08513a3ecd1a560d8e4
analysis/v3/ph_shared_v1/ecology/software_versions.json	115	3508fdf3d8ede4cf977441dad254c5293b851c6867b156b3e89b0b8374391163
analysis/v3/ph_shared_v1/ecology/summary.json	3137	ce0922d164995e13e49a2d08c0471d7c683950067c7d967291574a9ef9a99d39
analysis/v3/ph_shared_v1/input_output_manifest.tsv	1862	7428ee65efd4566f018cca9ce5ab7989221540db7bcdb999b081a9b6052586ec
analysis/v3/ph_shared_v1/normalized/ph_accepted_measurements.tsv	140371	2f89d80eaf630d014099a8f58d2e9c2635cfa30a18b5888ebf35145f4125fa8e
analysis/v3/ph_shared_v1/normalized/ph_entity_registry.tsv	585960	7f0f2b3a4f8d97d5f1464f92ea97fac0dfe5d5fa3d355e7bebb475e8bd1bfee9
analysis/v3/ph_shared_v1/normalized/ph_measurement_sessions.tsv	10339	b82db09b986cee2f21b81d23a8fa26b663ff17ee36763232391e0d659cfc31d0
analysis/v3/ph_shared_v1/normalized/ph_observation_audit.tsv	221838	597243849e44746168774a1ce089f9f9f72b9a71ee5c629e8a6b6d76397c422e
analysis/v3/ph_shared_v1/summary.json	2441	97ebe64b1ff98f42643ff3748833ebe57f7f9455e8b5d055942f1b5632448ecc
analysis/v3/ph_shared_v1/validation_report.json	1234	972f07b92598d0c14128dade611372a088d251bd41c7451ff0f681f0b843d88b
analysis/v3/ph_shared_v1/version_comparison/measurement_version_comparison.tsv	152686	1e121990589f53e592f4eb3e22de297620c728982b0d16bd75acb1e887dabefa
analysis/v3/ph_shared_v1/version_comparison/summary.json	549	a89d30ea47f8dceca27dfa4875771251aad85fb49d7726ecb8537c1fa4cd1563
analysis/v3/phylo_signal_results/README.md	672	f183ee98720374abca2cecbd6341e9d4b96225fdbc54a358297c7f86206066f8
analysis/v3/phylo_signal_results/SHA256SUMS	268	2f24767f1152c5544b1de70e7a61ebe4f2bc7fec6aaa48d504417e2176a7b855
analysis/v3/phylo_signal_results/phylo_signal_distance_classes.tsv	662	0e6c8e51988271d06e9811c272f264b5d3408bb21bf44362b48b0748dc1ff899
analysis/v3/phylo_signal_results/phylo_signal_summary.json	1611	6c33ca3ca8eae4152a8b540e40d05647b18e6368dce269722965b1626f393e73
analysis/v3/phylo_signal_results/run_manifest.json	572	2b6303a4999e930bc53feb7e3d8400f4d94695d0b2681a1b55cf31d5fdba3775
analysis/v3/phylo_signal_test.py	9530	7617847d368f965eab3713f87e6a2d8a791ac539e357efcb5116ee741fe01e60
analysis/v3/picrust2_ecology.py	33321	6db75dd264597ae16cfdf040e0d74b513b85a40588b9a0bd8a3c8e3832314db2
analysis/v3/picrust2_ecology/README.md	267	9aa76929a03e6fde5e96ba9f934dd7de8a87f9ef9d90138b85f4a209806ad8ee
analysis/v3/picrust2_ecology/SHA256SUMS	728	88c63e2d4eeb490107daa90408bc50a24f44b291f1b340ef5f1e6b4d478880df
analysis/v3/picrust2_ecology/analysis_decision.json	4182	109b1a249b61267afd4a998da859b71917c5009b67235385c97f7c8e63176691
analysis/v3/picrust2_ecology/geographic_profile_tests.tsv	1443	56df1d38361cb4b437422e7ee450a0d82bd17daea8765c8d75d17d9d890595a1
analysis/v3/picrust2_ecology/pathway_geographic_correlations.tsv	20672	a2f9f5528b17987d8f53d6e61fdf0facc559e7d11146a6bdecadfcec530d8ce5
analysis/v3/picrust2_ecology/pathway_position_effects.tsv	68117	8d45dabcc13c7f74b7170122c59d041597da6a6d5d6e45296b95021fb416e67f
analysis/v3/picrust2_ecology/pathway_ranking.tsv	33097	33d893bb548c692d1688d7e4030064d2019de29accb48c82b051bdba58c38c7d
analysis/v3/picrust2_ecology/position_profile_tests.tsv	5858	eb2c689eb6536e921acadbec57de2f5ed75e0ada37b5738fa30ea79b2076b62e
analysis/v3/picrust2_ecology/weighted_nsti_summary.tsv	707	a60f172a0f51b9777d02644cac69da75ef97660c6a41d109015e026bd478f6ba
analysis/v3/pma_endpoint_analysis.py	18727	55ec443a98e7a4538c50faffeec859a570cd68bfb401e8189ba3bafbc79276da
analysis/v3/pma_endpoint_results/README.md	1043	7582a1f47f87ed10e106c2d849bff1f40717eba2fb6c4b296b512039359cca0b
analysis/v3/pma_endpoint_results/SHA256SUMS	333	83324c36ac1b5eaa25888ca6e5ac6fa02fdbdc285a70eff48bcfd4e29f32b708
analysis/v3/pma_endpoint_results/input_manifest.tsv	141	5c33255dbeff0809a04335155a4341cdc328feab7afa63e764a58e03bf765f50
analysis/v3/pma_endpoint_results/pma_pair_endpoints.tsv	1526	aed9d2e439b84c53aa484b003063a8dba33667f16e2f5c21a16e2b9153502bf8
analysis/v3/pma_endpoint_results/pma_summary.json	2525	3e556a56512d85e2196bac55c68285b54390a822fcbb2c7b03299478fed80aaa
analysis/v3/primer_identity_audit.py	2978	a5ae9e31404957ae63e07b68cb248de776720bd11f528d1f6950d6ab60c63b37
analysis/v3/primer_identity_audit/README.md	2112	e04bc32c2d022e2df5429c148faa1a56a3fe5af61d526c4eee18a0e41317e0f3
analysis/v3/primer_identity_audit/SHA256SUMS	243	0edd490cb83b3e1de20e4eae3eea43e21b9fd630d52345c6270798c7aeef3f5a
analysis/v3/primer_identity_audit/primer_counts.tsv	1425	a456f6f1adff26596d3ac1cfbcbb96770cd661d174a1f31a3b94c285cecb3774
analysis/v3/primer_identity_audit/source_paths.tsv	4096	b7b618d1838244975baf3b9b97414cae2e39d2c2c374d91bd03adcc4af5ff22a
analysis/v3/rain_calendar_refit.py	19425	2eddfd6b3a6a954699e9556c9ff042b591d71a739b38cffb0a1097f5919b3803
analysis/v3/rain_calendar_refit_20260909/analysis_cohort.tsv	96448	5c050d1ffcf3cd9b51c6607bad3b31d95fa606ca50f8e1df101451a94641f438
analysis/v3/rain_calendar_refit_20260909/analysis_plan.json	932	abede24a0bb6a3018277c390f1c249791cef4db94724c06101de49e94a9ed43b
analysis/v3/rain_calendar_refit_20260909/calendar_null_calibration.tsv	6000	9b91468e67d8d6a0d9f39bcc75a59b4d921d198116739f7201204f02be47afae
analysis/v3/rain_calendar_refit_20260909/calendar_year_orbit.tsv	1189	67d1e7e47bf50a6512f1dc39e1000ae784b2be90f656eab0260687d00cc90be9
analysis/v3/rain_calendar_refit_20260909/manifest.json	3274	965506f0d07fd4e3a6a0ab33aaa4ab047a49402a42b30b93a785ff019b01eccc
analysis/v3/rain_calendar_refit_20260909/refitted_site_bootstrap.tsv.gz	811019	e60574446630185bc2902a7439946471caca0be4585456c81179025b212a758d
analysis/v3/rain_calendar_refit_20260909/refitted_site_bootstrap_summary.tsv	575	436866df25f23a684abbeb1955a0db5ddeedc7d773a453b39d7c52836c50674d
analysis/v3/rain_calendar_refit_20260909/summary.json	2192	6fd4ec18c3d804a3062f518a10f87523b7ef1795921a5fe4008955c36fec5f7a
analysis/v3/rain_calendar_refit_20260909/wet_spell_deletion.tsv	6017	27f603b197d9379a5a92ca61addb7c299c72424d2d6e90c18b1b67d6ad32743b
analysis/v3/rain_event_product_exposures_site52_corrected_20261004/README.md	2907	f09f022b9f7a78c14577cb301aa924044e5191a5c44076641ec7043707f1ead2
analysis/v3/rain_event_product_exposures_site52_corrected_20261004/product_correlations.py	1124	4a0fd0a2a21030473907802f0e00a13dc1c9074ac29be75b08caa3bb33aee006
analysis/v3/rain_event_product_exposures_site52_corrected_20261004/product_correlations.tsv	649	adf600cf184f021310bfb0589c0c52f6da74783029ac6446260ee713091a9fca
analysis/v3/rain_event_product_exposures_site52_corrected_20261004/rain_event_product_exposures.manifest.json	1894	7844ac8ed2ee9741451ce713bf5e991d40f2eedb3e353a625044fbb5d305a25c
analysis/v3/rain_event_product_exposures_site52_corrected_20261004/rain_event_product_exposures.tsv	53833	2f0fb55d73335e7a7557b896805e8c23ca04d41b5e44a86e046de8044f22dcf3
analysis/v3/rain_event_product_exposures_site52_corrected_20261004/rain_event_product_sources.tsv	6160	de6a3fc21daf1e369cb18cfbcb134433c699f98128fa4765fa4c76fb64d9dea4
analysis/v3/rain_pulse_response.py	55706	c76a9ca4353db1cb723feb29048dad4875ae4c9ab925219c9c8194b0057ae725
analysis/v3/rain_pulse_response/README.md	1634	9228f46273d19c668985e238294257ce61b507482c053dd82572327af4744c80
analysis/v3/rain_pulse_response/SHA256SUMS	1393	90777af466839f71d9715f1a06c1ec18b10a18f3a3603ea8531116065de4553b
analysis/v3/rain_pulse_response/analysis_cohort.tsv	118953	c91edf28956b355657079545b22408f046a0698d88f180fb19035a9e8b87ecce
analysis/v3/rain_pulse_response/analysis_decision.json	3411	50a6e92f5931a9104d272594bc70913459f964526a73c279cacff02e1f69c8b0
analysis/v3/rain_pulse_response/campaign_exposure_summary.tsv	660	dab70cf5d2a8dd452a19caadb2b9a54a5ae410d78395ce8255f67c9f74ab7202
analysis/v3/rain_pulse_response/conditional_lag_rotation_null.tsv.gz	953497	233f921c1c770172f098c2b466541b7be89dbc36329ec9962db4bd8ba8bcbecc
analysis/v3/rain_pulse_response/disjoint_lag_bin_sensitivity.tsv	1099	4b6afc33783ce74dc6e69296186bc8bc43ada7ea0b44b9e83a043c9d7269d211
analysis/v3/rain_pulse_response/future_rain_placebo_scan.tsv	26358	db0b6f13bbeb65d92d94b79c5343e74a4705cf30aac19b64bc6c2619d1eef192
analysis/v3/rain_pulse_response/pulse_peak_scan.tsv	26187	388356dad4d3d103d823cef393be994c5b777d5478e9d17f9c593853ad20ae34
analysis/v3/rain_pulse_response/rain_pulse_response.pdf	32596	831a04b3249ac485824d0fff78bc498dacaa8f61daca176020df741dd8f1ecb4
analysis/v3/rain_pulse_response/run_manifest.json	9928	7022288503350162a1fc00e199c65aa8f2471fa9e674fbd3ec2877bdb63d3554
analysis/v3/rain_pulse_response/selected_kernel_cluster_fits.tsv	1036	f67ee65adad269c8d89d4f2f504f207661ec675635a274adb36686b9b996a3f3
analysis/v3/rain_pulse_response/site_block_bootstrap_draws.tsv.gz	443802	f460590446027ef53a61cea3145d638f01cd6bfa396941fffab7e46a48fa1d48
analysis/v3/rain_pulse_response/site_block_bootstrap_summary.tsv	1121	1f03a23201d8042c669a6f49dca16321ce16aff98aa27c6c9238435a8b0f7ad7
analysis/v3/rain_pulse_response/soil_position_sensitivity.tsv	3466	af33dad9b5b728e859ceb9389f08032738d5b69209e54a3c602fd00e115414ac
analysis/v3/rain_pulse_response/spatial_route_orbit_null.tsv	12532	f92609e10c992ed05fcf589fd11fd77ec195b52e02eb301cd0c82bd3ceee9a8b
analysis/v3/rain_pulse_response_open_meteo/README.md	1634	73c7ae501e551fe188f148ce2e4b90c4f1fca7de5262e92d0fb5ed6f9f8ff2bc
analysis/v3/rain_pulse_response_open_meteo/SHA256SUMS	1393	9dd9136fd4e1b1aa6f7ed1f9188a399d636c555096ed3c7d04ef46c560f5feeb
analysis/v3/rain_pulse_response_open_meteo/analysis_cohort.tsv	114429	36c455f3a5adc37b166af8f8ccbd41b051064b4f35592ecf2a29bfec68b3e1ba
analysis/v3/rain_pulse_response_open_meteo/analysis_decision.json	3356	c5435675deedb9122225cd787df1343086474d3e670e0edb2da228238fb52ff8
analysis/v3/rain_pulse_response_open_meteo/campaign_exposure_summary.tsv	582	5b808bb37ab1a235cac216135f9531c86dcdf3b21561bc4c2c133a957e6ac1df
analysis/v3/rain_pulse_response_open_meteo/conditional_lag_rotation_null.tsv.gz	813950	08563c04be021deb0f381c4d42ee4e7c17f33661818b955ed3ff8ba2eba466db
analysis/v3/rain_pulse_response_open_meteo/disjoint_lag_bin_sensitivity.tsv	1098	3de4a49836730bd204cb438e176ad41f061a693fefb55a2728e90cd75f58068b
analysis/v3/rain_pulse_response_open_meteo/future_rain_placebo_scan.tsv	26132	5fa910d4d90e4430defe8f14aeb94f74ffa4c35f51f3ddb76dfa6bbd4e896020
analysis/v3/rain_pulse_response_open_meteo/pulse_peak_scan.tsv	25767	e922eacf5e27a53396df18b048604344606b84af2b8bce7f6cecf5fa0440f807
analysis/v3/rain_pulse_response_open_meteo/rain_pulse_response.pdf	30220	45d9de3601b4e5eb09cb49eeca918dcce6e601ba64b436c8804c8c6a5ac27102
analysis/v3/rain_pulse_response_open_meteo/run_manifest.json	9897	375a83ee40da412d24313697d42336b1423960e98bd4ee01610c345d3e4dc54b
analysis/v3/rain_pulse_response_open_meteo/selected_kernel_cluster_fits.tsv	1033	8a1f8bdac3215c4bbc5378cc9ff7016e1e387f72d222da3f092f559aba54f082
analysis/v3/rain_pulse_response_open_meteo/site_block_bootstrap_draws.tsv.gz	503511	b70e843ccd6e072c11147eb8166c42d75b8e35ba1150ff6a62592d93193da958
analysis/v3/rain_pulse_response_open_meteo/site_block_bootstrap_summary.tsv	1126	02cdadbaeac5f964bc463bba8e0ededf318038da20123ca20eded1eace9864e1
analysis/v3/rain_pulse_response_open_meteo/soil_position_sensitivity.tsv	3477	bbd75f3e53a361e67d93829a2931a8e99493fbbd0fe08fe267264165beffec14
analysis/v3/rain_pulse_response_open_meteo/spatial_route_orbit_null.tsv	12469	d685701f1bc7a9aebc8c935e89d82b5ea21dbcfa3fe5ce18a53aa0cca4c81032
analysis/v3/rain_pulse_sensitivities/README.md	1106	63adc599fc96c71a5f37aa89746f37743d09e2561c573632af4b82d2d3033133
analysis/v3/rain_pulse_sensitivities/SHA256SUMS	240	81bb25369beb293af6b3b40112772a869fc46caf35bba4045cb5a74ef1225d31
analysis/v3/rain_pulse_sensitivities/control_filtered/README.md	1644	c3c0bdef8bcd679492dfba61db704de3eeb9940b9f5948ba51c4f7cef766bdac
analysis/v3/rain_pulse_sensitivities/control_filtered/SHA256SUMS	1393	4b93de787819d4aa5e78e5075de21975627048adfbcfd557518d75503d6a4b7d
analysis/v3/rain_pulse_sensitivities/control_filtered/analysis_cohort.tsv	118934	cc701adf83877f32561a6678f6bd91544baad0fadbeb8b0987e432e290baaefa
analysis/v3/rain_pulse_sensitivities/control_filtered/analysis_decision.json	3372	384da74aa574e565286ec3b240c5c4795a3d80ea24bac8f9d73f2c1afcf4f3ca
analysis/v3/rain_pulse_sensitivities/control_filtered/campaign_exposure_summary.tsv	660	dab70cf5d2a8dd452a19caadb2b9a54a5ae410d78395ce8255f67c9f74ab7202
analysis/v3/rain_pulse_sensitivities/control_filtered/conditional_lag_rotation_null.tsv.gz	952897	d40eefa244e25614f63df1b9e30e889bb8903e6bb49025f5dff0e1ca5fcc6e8b
analysis/v3/rain_pulse_sensitivities/control_filtered/disjoint_lag_bin_sensitivity.tsv	1097	e890067d3ee44a40a4e70eab015a58ac6d78c0d3ce427b072f97a4b0f5f9cf05
analysis/v3/rain_pulse_sensitivities/control_filtered/future_rain_placebo_scan.tsv	26360	9d02f78bc9677952598b03d0ee79b21ef66138a954d2980196158291f63e736b
analysis/v3/rain_pulse_sensitivities/control_filtered/pulse_peak_scan.tsv	26172	97b9bed6c904d15d737e9ede87f9ddcd167d8cb490070bc5b0a9b461659e5861
analysis/v3/rain_pulse_sensitivities/control_filtered/rain_pulse_response.pdf	32615	36ec25b4a221d80ae6336729588ff7fd68c74447afd715913c3c7004a0d2c316
analysis/v3/rain_pulse_sensitivities/control_filtered/run_manifest.json	9958	e519f64fb50e01642dac02fda6d56bdb7bb808102ba996ccccb615073ed80ddb
analysis/v3/rain_pulse_sensitivities/control_filtered/selected_kernel_cluster_fits.tsv	1042	887b2c1bc6038b691b292abca91cd46dc4432e1de9821b514356bcae78641c98
analysis/v3/rain_pulse_sensitivities/control_filtered/site_block_bootstrap_draws.tsv.gz	442533	935175478d4af301841ced78bc912fb752208d2e06e8784edaedaceb5ef491c8
analysis/v3/rain_pulse_sensitivities/control_filtered/site_block_bootstrap_summary.tsv	1122	4234a06a51cfeee1fc31777f9d267f3ab4861f122e179c0f2f0739a7a5a3c6e7
analysis/v3/rain_pulse_sensitivities/control_filtered/soil_position_sensitivity.tsv	3466	2b88525d17f0cbb95c7bfc487ddaf0be8ca5b2564e11600c8b7f7f3868105ff6
analysis/v3/rain_pulse_sensitivities/control_filtered/spatial_route_orbit_null.tsv	12520	2fef0fd5c2b6832c73284a9a6e7c6ad4dc6d06991fc17a4728e27795580df668
analysis/v3/rain_pulse_sensitivities/cubic_longitude/README.md	1634	9228f46273d19c668985e238294257ce61b507482c053dd82572327af4744c80
analysis/v3/rain_pulse_sensitivities/cubic_longitude/SHA256SUMS	1393	8c0b6ff5f411778320555a6d7d55ba9d2621994f4dd40d313d986e4140872382
analysis/v3/rain_pulse_sensitivities/cubic_longitude/analysis_cohort.tsv	118959	6d49289f379619b30d1195bf85b8048b3bbf509adb98bc13e6f058e329ae5816
analysis/v3/rain_pulse_sensitivities/cubic_longitude/analysis_decision.json	3347	a31fd3b7dcd3aed96505756eb0424a2ec3c73c0d2808abb55f294fc035b48294
analysis/v3/rain_pulse_sensitivities/cubic_longitude/campaign_exposure_summary.tsv	671	042eee4f7e2b500823b55d011fb954446bd2ee83f334378ab327f1292e9eb407
analysis/v3/rain_pulse_sensitivities/cubic_longitude/conditional_lag_rotation_null.tsv.gz	965681	0d1f0a1f68c9f090759b5f447af1a011b324061acf63d6a0f997375e4dd9ba82
analysis/v3/rain_pulse_sensitivities/cubic_longitude/disjoint_lag_bin_sensitivity.tsv	1095	21dcb0d1cee3f4c491251fb69c57da12f393b70d9d9e5c3c72d251de82a7072a
analysis/v3/rain_pulse_sensitivities/cubic_longitude/future_rain_placebo_scan.tsv	26268	de54b3ef54561359b85889e54e3c91b3fb390814e83a61f8faa4bac451a24252
analysis/v3/rain_pulse_sensitivities/cubic_longitude/pulse_peak_scan.tsv	26230	9a1b4c37ac0987cc5387c34a59e19dbd6c64965bc21fa4cb3b2a7ec0bb5da352
analysis/v3/rain_pulse_sensitivities/cubic_longitude/rain_pulse_response.pdf	30707	e14df109e833983785564b9ae05ca35e35846f20cbf2f9cdc8e8f2d5947bc565
analysis/v3/rain_pulse_sensitivities/cubic_longitude/run_manifest.json	10397	ad323f4421d00cc3ed75b6ff2efe2b0e4c8eb9719a82291b1eb1f77d64d4ea85
analysis/v3/rain_pulse_sensitivities/cubic_longitude/selected_kernel_cluster_fits.tsv	1039	13a34488c353d5e70174e66a92ba7ac0acc92870af21138eb9a5ed37d2a10e68
analysis/v3/rain_pulse_sensitivities/cubic_longitude/site_block_bootstrap_draws.tsv.gz	554250	ab875a0aaf029ee846ed69c7b828517d5b06623a3d7f82f5a4e1934dbba65f37
analysis/v3/rain_pulse_sensitivities/cubic_longitude/site_block_bootstrap_summary.tsv	1130	908ec884fdd491170700ed92c774293f256b2d0144143de66d333574f1f5ad9f
analysis/v3/rain_pulse_sensitivities/cubic_longitude/soil_position_sensitivity.tsv	3467	36b03c2ff976d944a97130d12e7f3998fdc902e7c41b23928a134d14178e5e3e
analysis/v3/rain_pulse_sensitivities/cubic_longitude/spatial_route_orbit_null.tsv	12565	5c2cb9d2e7242a3ad624c4c91a4eec0ce57c6deda17816337f6d87605c1ba113
analysis/v3/rain_pulse_sensitivities/paired/README.md	1636	b6231cacb734b01f5a2fc3b8e49aef6995f73ae3372c9447b8dfe7ab39de1da0
analysis/v3/rain_pulse_sensitivities/paired/SHA256SUMS	1297	cfc2ba087af1864d53abcf6acbd8e7aae782111c5203d7751ea13e03e41a92e0
analysis/v3/rain_pulse_sensitivities/paired/analysis_cohort.tsv	34267	5a56d9a6175bde5de5d8b801ffde34e1c7a3de4d3c56b0cdac30eb6b63cea5ea
analysis/v3/rain_pulse_sensitivities/paired/analysis_decision.json	3374	d763fdf69e7b31c949a3aa3f9d793c8e0f8579adfb28c71a831697a2e622431d
analysis/v3/rain_pulse_sensitivities/paired/campaign_exposure_summary.tsv	659	e6bd2ae67624d3b02cd47ea8288dcc2d9713532bbfeefec36ae49449ba9b57c5
analysis/v3/rain_pulse_sensitivities/paired/conditional_lag_rotation_null.tsv.gz	956559	88fb06cb001600364bffa7a0ed502fac5dc0ffbce393e79da2c0392851add2a5
analysis/v3/rain_pulse_sensitivities/paired/disjoint_lag_bin_sensitivity.tsv	1009	cbd4e3177c785f8e20a6adc3cff8cf56c5e2ef11646ff29e35f1a188edc98903
analysis/v3/rain_pulse_sensitivities/paired/future_rain_placebo_scan.tsv	26200	d71778a3579312cf11f0ea08d54af0d4681a960f1fdd672fb142cfc56d404331
analysis/v3/rain_pulse_sensitivities/paired/pulse_peak_scan.tsv	25886	92b0b16f4b4dbf5dc202557f353621aa4e0944f8956f33dcc756346261046391
analysis/v3/rain_pulse_sensitivities/paired/rain_pulse_response.pdf	33459	b056d030f2f450d744cf2b2340abb99f3685ad1af9abb4805f52f34e0a7ab388
analysis/v3/rain_pulse_sensitivities/paired/run_manifest.json	3984	14d666bd6be7b81d09b673685f18ef1bc8552a8570457202c78656214f9d41bd
analysis/v3/rain_pulse_sensitivities/paired/selected_kernel_cluster_fits.tsv	1034	ae7b44d311824233a3b44bdcb2e31b618fd956f08d655d3d6ce31877d4aa0531
analysis/v3/rain_pulse_sensitivities/paired/site_block_bootstrap_draws.tsv.gz	488594	0bbc1690a750e5f39babb532fa17097d29d62bdaf3299735315012cb4dd7cd6c
analysis/v3/rain_pulse_sensitivities/paired/site_block_bootstrap_summary.tsv	1128	46c143a5e9a64a576cd2570338909585a1469b159d608054bb6da3f38ccc9f55
analysis/v3/rain_pulse_sensitivities/paired/spatial_route_orbit_null.tsv	12569	19b1538f17ed94bc5a50c4e38e8b82e89502eae58b54c509d3998cc554656c7a
analysis/v3/rain_pulse_sensitivities/ph_adjusted/README.md	1673	b691f801fe8fa0b2fc701e60a671254d69813908372359db0be2960ec024c1bd
analysis/v3/rain_pulse_sensitivities/ph_adjusted/SHA256SUMS	1393	f18139992e002dfd4c200c6689f661bf3256b1e1095c20355e378ca03118cf32
analysis/v3/rain_pulse_sensitivities/ph_adjusted/analysis_cohort.tsv	108589	c0084685ff9d0be12a01c9226336ea85002e6af0939b15fa5958e7690315617f
analysis/v3/rain_pulse_sensitivities/ph_adjusted/analysis_decision.json	3373	20b427dfc48bf6f7ce9b51e2713b8b7d4e574fa42e049fb2635d36bbb7701ee1
analysis/v3/rain_pulse_sensitivities/ph_adjusted/campaign_exposure_summary.tsv	685	37756368b76c8056edb468b7916bd84a0501d2220f50d610b0d0e787cc691e2a
analysis/v3/rain_pulse_sensitivities/ph_adjusted/conditional_lag_rotation_null.tsv.gz	955454	a597901da1e10ed393eb61ed2c4006c9c7a05ab9f75ac403133a4a286566f0c9
analysis/v3/rain_pulse_sensitivities/ph_adjusted/disjoint_lag_bin_sensitivity.tsv	1090	f260a68d28b98e5d48d3ab64e78caefe79374ed215db32588f6a160ae73f7a0a
analysis/v3/rain_pulse_sensitivities/ph_adjusted/future_rain_placebo_scan.tsv	26366	8e3866542ae84282e825a881165297e2a5dcdf4e93631c3f893464376ea1ac1d
analysis/v3/rain_pulse_sensitivities/ph_adjusted/pulse_peak_scan.tsv	26079	2ea0f6482682f8fd3e2f48fb2302a71ce7eaf16de02d72b214c62b65a5836941
analysis/v3/rain_pulse_sensitivities/ph_adjusted/rain_pulse_response.pdf	32539	6dc1067d91de1dbacb200c01d9acc579b80a4459ca06cf0116f2dde58f52f565
analysis/v3/rain_pulse_sensitivities/ph_adjusted/run_manifest.json	10175	a49a2f0a75515cf92584a1e2cbc6b7c7e665f4776dee3e8761ac6f6fb79dfd70
analysis/v3/rain_pulse_sensitivities/ph_adjusted/selected_kernel_cluster_fits.tsv	1040	e1c1c461341303bf5a4c12ce03536421e30035dce865b88a2b1320cd82639507
analysis/v3/rain_pulse_sensitivities/ph_adjusted/site_block_bootstrap_draws.tsv.gz	493517	0b68a90c25ed7634af273f7d1229930aadfab2c5d950820810eb9cc2d1c0d158
analysis/v3/rain_pulse_sensitivities/ph_adjusted/site_block_bootstrap_summary.tsv	1126	1cc010a3317ae7e37288d83b47ff6a04c0d726c4c27bf4cf8ace6caf70a48ea7
analysis/v3/rain_pulse_sensitivities/ph_adjusted/soil_position_sensitivity.tsv	3464	8449853644ebeb4ffd38a59826134ca4913642d858d9c7e7a48285aa5ab961b4
analysis/v3/rain_pulse_sensitivities/ph_adjusted/spatial_route_orbit_null.tsv	12491	ded9fb3bd7c0868542a82e19bdcb639606a775f1d4103b56cbf97215a246cc5b
analysis/v3/rain_pulse_sensitivities/quadratic_longitude/README.md	1634	9228f46273d19c668985e238294257ce61b507482c053dd82572327af4744c80
analysis/v3/rain_pulse_sensitivities/quadratic_longitude/SHA256SUMS	1393	3ecb5fb865acb1bf720824fa55fd3e8313654b2909fade52cc558cffae27250c
analysis/v3/rain_pulse_sensitivities/quadratic_longitude/analysis_cohort.tsv	118814	0e2d57f494a214c2940611005547e04dc892395b5ccbd59a0d76d1521ccbabb2
analysis/v3/rain_pulse_sensitivities/quadratic_longitude/analysis_decision.json	3428	9408690063f8e819989129f6422edc060370a51627a2b7f815baabaad471d191
analysis/v3/rain_pulse_sensitivities/quadratic_longitude/campaign_exposure_summary.tsv	664	426723a45a71296d8884ad0b56568e9374f2a7bd18731390f5d243f8ba035f18
analysis/v3/rain_pulse_sensitivities/quadratic_longitude/conditional_lag_rotation_null.tsv.gz	968460	8bd86ee9d0ba3f062eed8d7b3c76e2da1c6305dc34b6dc9ea5dfa66299b400d7
analysis/v3/rain_pulse_sensitivities/quadratic_longitude/disjoint_lag_bin_sensitivity.tsv	1104	b0abd0f1cc6b26393aa0a979cbc75fe147cca4cda2fa70bad73713f832e8ad6b
analysis/v3/rain_pulse_sensitivities/quadratic_longitude/future_rain_placebo_scan.tsv	26385	828594468e75e7b7f2b840ac2e44f06add17dcc0f0a2132df4afae6be5d564d4
analysis/v3/rain_pulse_sensitivities/quadratic_longitude/pulse_peak_scan.tsv	26217	94183670a54339f4bcacb93aa1f4a6717d0792d57f894609722ded90fce1b23c
analysis/v3/rain_pulse_sensitivities/quadratic_longitude/rain_pulse_response.pdf	31122	2992cf925335f88cc34b954ad555a8b8ddc01873480e879f5050ca4bccb4da75
analysis/v3/rain_pulse_sensitivities/quadratic_longitude/run_manifest.json	10171	8e909308ef6c2bc3e3aac9a3dadf32d2c5d2b5aface4120aef2bf38cac89dd03
analysis/v3/rain_pulse_sensitivities/quadratic_longitude/selected_kernel_cluster_fits.tsv	1044	12db56341d884896a82413aaa8bbac19d0ab0e27c1ec26f4d3cd05bc097ed111
analysis/v3/rain_pulse_sensitivities/quadratic_longitude/site_block_bootstrap_draws.tsv.gz	553398	e44f3f62c786f1f93b34c4f61b2df0637e16bb032c68056527f0784a61255a54
analysis/v3/rain_pulse_sensitivities/quadratic_longitude/site_block_bootstrap_summary.tsv	1126	3fd059f1e71fdd94c158559426fdf985423a6c832a8af303e2f3b0abe04c270a
analysis/v3/rain_pulse_sensitivities/quadratic_longitude/soil_position_sensitivity.tsv	3477	c45d89248d8da91456f77917ee764b826af5d410512cfa303e666e34b9b2aff7
analysis/v3/rain_pulse_sensitivities/quadratic_longitude/spatial_route_orbit_null.tsv	12543	72d30d22f010a72f2364ef9250b0737f19f372fccd1eac940755ddc8b6e8711a
analysis/v3/rain_pulse_sensitivities/quadratic_longitude_day/README.md	1634	9228f46273d19c668985e238294257ce61b507482c053dd82572327af4744c80
analysis/v3/rain_pulse_sensitivities/quadratic_longitude_day/SHA256SUMS	1393	64d078994d0b6a0bea7752dfc6d5be280d85664ef18d9435926716af3095875b
analysis/v3/rain_pulse_sensitivities/quadratic_longitude_day/analysis_cohort.tsv	118953	c91edf28956b355657079545b22408f046a0698d88f180fb19035a9e8b87ecce
analysis/v3/rain_pulse_sensitivities/quadratic_longitude_day/analysis_decision.json	3433	08e745be744da9285cc49dd290be38b4297bbcd6ddcb65b154351027e898af45
analysis/v3/rain_pulse_sensitivities/quadratic_longitude_day/campaign_exposure_summary.tsv	660	dab70cf5d2a8dd452a19caadb2b9a54a5ae410d78395ce8255f67c9f74ab7202
analysis/v3/rain_pulse_sensitivities/quadratic_longitude_day/conditional_lag_rotation_null.tsv.gz	968358	60dca0baf577d1f7eda957ca89eb8b83f76a34052a56ce11a37ad02182f043c5
analysis/v3/rain_pulse_sensitivities/quadratic_longitude_day/disjoint_lag_bin_sensitivity.tsv	1099	6d3364aa7059931a94478dd971da70e2bb91c71aed41ac0cfc312d2cbeedbf7c
analysis/v3/rain_pulse_sensitivities/quadratic_longitude_day/future_rain_placebo_scan.tsv	26299	8747f9ae050baccb4051e8fa2d79c4f015083865d928660181da1be9a154958e
analysis/v3/rain_pulse_sensitivities/quadratic_longitude_day/pulse_peak_scan.tsv	26219	04722fba0489dcae5aabf3c66a6d49be7c1cc377eff7488979e844da089e743c
analysis/v3/rain_pulse_sensitivities/quadratic_longitude_day/rain_pulse_response.pdf	31360	f7a12d3b4591834d14f1e331311f266e02b0f28116c649b9a1307120807e2394
analysis/v3/rain_pulse_sensitivities/quadratic_longitude_day/run_manifest.json	10423	9d7845d75b6c73d167e1c2fd17b45dc10d8b280ba97e7217541ba579a9ed7f39
analysis/v3/rain_pulse_sensitivities/quadratic_longitude_day/selected_kernel_cluster_fits.tsv	1035	1acef7246fdfb7bdee9ecc14b8a26e3cc950b0b669e7b9c90bed1bc108a1bd19
analysis/v3/rain_pulse_sensitivities/quadratic_longitude_day/site_block_bootstrap_draws.tsv.gz	498019	c1ec6629d96e28aec80d1fc674a08e074a959a6c75cfb16b0e168e44078049d4
analysis/v3/rain_pulse_sensitivities/quadratic_longitude_day/site_block_bootstrap_summary.tsv	1129	97a8c27f614a53572fc5883cd4427d7b609cb958bf3abb3f2895b34a8c345065
analysis/v3/rain_pulse_sensitivities/quadratic_longitude_day/soil_position_sensitivity.tsv	3463	4b022f6c9c2d4e65a17b0b79628b5fdd758ac27563fcc80b5f09d500b766aeac
analysis/v3/rain_pulse_sensitivities/quadratic_longitude_day/spatial_route_orbit_null.tsv	12540	fca428e7d38cd9c495db1000df39e44459e6daafe6a9d0d2318110fd9022e4ce
analysis/v3/rain_pulse_sensitivities/suite_manifest.json	9457	9d864cc8bbf748efe59e264eab56f8fb7c65a3392531a6d4354bfd3a7485ccda
analysis/v3/rain_pulse_sensitivities/summary.tsv	3968	74e07b4444577f1ae3633b3c32e59ae6b172c48d0fbd382d87416b94385a63e8
analysis/v3/rain_response_window.py	65066	8fed9270fb56c542ee5cfbbc48ea5017f796ac1531e151b139fce4fbb2e5857b
analysis/v3/rain_response_window/README.md	1898	301b28067bfcaa371fbf0db63e0dccece2f7835d086a4bfd4e3b8f86c8a12e65
analysis/v3/rain_response_window/SHA256SUMS	1567	8b0a5d4d2d4ba4127fb0304586a2150360f6ab771a6dde27191ffdebc2bb5068
analysis/v3/rain_response_window/analysis_decision.json	2890	039c8dfdcb7594cf03b3056d4a961549eb9d28391781b1f38053589d0b27b3eb
analysis/v3/rain_response_window/climate_product_agreement.tsv	1197	2395edd3015726a92142d19a7cb8dd11286e5585bdccc48ab935470792574332
analysis/v3/rain_response_window/cumulative_window_scan.tsv	47062	4797a57bdabd35bef6bdda69eaa507a8fad9319ebb5b3011ebe2295cfaa02aa0
analysis/v3/rain_response_window/disjoint_lag_models.tsv	3684	8a68d1b4eea73b1a668dadfe6b0a155c8c71581f569f5096d916a0af178cb853
analysis/v3/rain_response_window/exposure_diagnostics.tsv	1940	a833afd99b4ee7c38cbc46103e85da8c3f50cb072d8211dfb7e386db935e4cf0
analysis/v3/rain_response_window/minimum_detectable_effect.tsv	1070	ae934c0c1a66577e07054f2b5d8ff1adf84cd251467f85ff1e6fe3574622fdaa
analysis/v3/rain_response_window/negative_control_placebos.tsv	1638	fa826c04ec84b86403b668d3cf590b3aae65d828b3c41d700d05106f77e07668
analysis/v3/rain_response_window/paired_analysis_cohort.tsv	30313	1f509924a18d594162f73fa98ee09dc2bd9f6f51e0e78115530e95a15881101f
analysis/v3/rain_response_window/power_grid_membership.tsv	2364	99af52051db1ff13417a3b856074eafa09045e2bc6a20664e5de3a33b76642ef
analysis/v3/rain_response_window/rain_response_window.pdf	18248	fb08b5d290355eead3b578c67d36565d1f7a41b4ec72c0b2bf954bd787279306
analysis/v3/rain_response_window/rain_route_alias.tsv	5504	05298ea2c2e122736fb866ab1fc7c5602170bbc421958aee7328c2e8095e26df
analysis/v3/rain_response_window/run_manifest.json	4153	9c4b99f76233787effa544fcb1208d981ce92f7c83eb2598b1f2e0027a18bd9b
analysis/v3/rain_response_window/sensitivity_summary.json	1012	e992374bd49fcd26c6ddeb82cc7c382dcc043a04d46cf4193cca1c621803433d
analysis/v3/rain_response_window/spatial_half_validation.tsv	1114	0df6666fb2d146daec6a7971afc9215201dadb55ef58d63aa4e48c576f732244
analysis/v3/rain_response_window/time_shift_null_cumulative_scan.tsv.gz	216049	43a6af4e3cd48b5f88588438faee4e8531671cec9b479c66af1e52961a8facff
analysis/v3/rain_response_window/time_shift_null_disjoint_lags.tsv.gz	210863	d7edb59a152e779bddd52dc0c2ad9a3d203f279f6632f4cc9abbc28778ade0b6
analysis/v3/reconcile_climate_summary_inputs.py	4717	8ed3d704e5785d06e86e9e0b2ca96809b680e68b1c0208f36ed582b741fcb9be
analysis/v3/render_biology_context_tex.py	16432	5c773dccf706172078fa1d4dc705e98360af8714496830731fe2792b0e3e392e
analysis/v3/render_core_overlap.py	3263	a32e419f7ac727b25349f56244615e511da2c2168aab7f02b19c072a1140d6e1
analysis/v3/render_paired_alpha_sensitivity.py	2901	c434a9fa9f7c8c15ae3523a5a5c46466d35ca8f9d068b91f743aefc161fcc153
analysis/v3/render_ph_ecology_tex.py	11174	7b54460b1ccbc33e626af290124714a43f351ca364a267de2d5e249c573e6d52
analysis/v3/render_pma_richness.py	2358	1177b60cf581427d1ded69ac345500dcc84062e9712263450f14308e3115ba72
analysis/v3/render_rain_calendar_refit.py	6814	eb9fd02068c80667758d2ed25b01abf278b972b404d782c23c5d15805096321e
analysis/v3/render_review_figures.py	5777	78b8c7a0ba13020f13a80f4a0d30fb62e5fe0eae3347f3a9ae3629a5df2a02fc
analysis/v3/render_spatial_covariance_tex.py	4983	22917972be85402882f825bd597901125f755def087c456f5cc93e435d07d2f7
analysis/v3/render_taxon_context_tex.py	14591	60b52d8e0de063130c377542dff8cbdace65708484aedab85b1968bee012d3ec
analysis/v3/results/README.md	1430	1e1c214e0629d024d1fac27ce98c2c37cd0bec1a502c581e9179132639b8e0fd
analysis/v3/results/SHA256SUMS	1086	f97861a99de37934dc96fdc5f2fa3ef02d0adb801f14c88b39b20a3e3a34db3b
analysis/v3/results/SUPERSEDED_RAIN_ANALYSIS.md	637	5611a386b3937a1009600209b7eb0c63032d546b2a71173fbe6ed8a70e4c85c9
analysis/v3/results/campaign_compartment_model.tsv	2818	78f55be73d3cd6c324c9a82e8d002b5cb4c6d98581ca996ce1b0a06e79fa37cc
analysis/v3/results/claim_ledger.json	6860	48a63ec4242edf9a1c619763c361b9ae3b2d9382fb40f5012a735c1d663c3bd4
analysis/v3/results/claim_ledger.tsv	5586	66a15331265537f9141c4d7187dc0d30fc2fc86a65caef571537bdbb10ba302d
analysis/v3/results/claim_rescue_summary.pdf	21798	05bc6fba9914e4190b3478292c4bdb93b9d1c6720f3ce9dc48cbf13e9bedd0a0
analysis/v3/results/cohort_accounting.tsv	445	03e7f56bde0c17503e3d4b2fd71e3c9d5d812d6214d0c63ec1c6480ef6dcebf4
analysis/v3/results/paired_compartment_effects.tsv	6377	5841c45fe8c6c5d79f018814100dfa0455b817bb6a41201df2d693cec86b0d65
analysis/v3/results/rain_leave_one_campaign.tsv	37284	8c70918b6ebd9b98721b84a2b4e78bbc62fb08d7f93d2a5c27ae38f03c020135
analysis/v3/results/rain_window_models.tsv	9263	df95a558bf85b02e8220ba9ae6f1940a69f7e771789647b28e3105f1c62ca6fe
analysis/v3/results/run_manifest.json	1840	d6862243cf1daf67490786ca0623b877c9f40ecd89713feb6039fbc7dd083069
analysis/v3/results/site_campaign_compartment_observations.tsv	48973	61a96c0859a0ad658bba5363606056f3fdbef53a8baeacb9f2a7207b0d9a9754
analysis/v3/run_network_rescue.py	64264	cbe09ca987dfd0f31bf7e99785c68393e96d55c0a6f201ef4817d3fce6c0eb7a
analysis/v3/run_ph_shared_v1.sh	2985	f18ddf2fe5c96a7d70ca8937d9dee4855df352cd7f262f8be8320ae985ffaf27
analysis/v3/run_rain_pulse_suite.py	13769	138ba593d172e23160efef11b0a2f0159dbe0974eb0b49286d3fe0cce1b1d7f0
analysis/v3/spatial_covariance_sensitivity.py	22318	0244df1786e357e88c104fd3e1ade0b3cbf553438bac932dc91317229213c5c8
analysis/v3/spatial_covariance_sensitivity_20260909/SHA256SUMS	881	e83f22fad9421f08f4bc0977509463f16bde6bec27ba7f8f7a6ff5e53870a9af
analysis/v3/spatial_covariance_sensitivity_20260909/frozen_design.json	14371	6bc763ded4ef44f3a2228394151ba9990d804729fd5f99bacf152b1bd1ee8322
analysis/v3/spatial_covariance_sensitivity_20260909/frozen_design_addendum.json	1024	7c8c733b4dbcaeb2f352586fa7b43ae0be9bdbbc44917eb9feedeff7ca6ca7be
analysis/v3/spatial_covariance_sensitivity_20260909/group_cohort.tsv	8367	e76280509514e59fb088ceee5642680dc424be5d9b499618ae268a963e241717
analysis/v3/spatial_covariance_sensitivity_20260909/null_calibration.tsv	3879	8cb0a0a1b0e286fffb3a275bec33788b27649839768e02ecfc7a6734827676e3
analysis/v3/spatial_covariance_sensitivity_20260909/null_calibration_replicates.tsv	1079448	5b4f3b81ecd8e3cd5173ecee441bbe6cd7e5b80464d68e5b5c51f300f856bb48
analysis/v3/spatial_covariance_sensitivity_20260909/run_manifest.json	1963	2271c8e724af135e0bd372544e71bc656856b185fb9a2fe79512a8311b4d7d24
analysis/v3/spatial_covariance_sensitivity_20260909/site_clr_response.tsv	237834	e57ee3f36b4355f936b7ea3ca658c304b172731200a8bedf68f1b7a3bff78619
analysis/v3/spatial_covariance_sensitivity_20260909/site_group_counts.tsv	354	659d7312e6838fb446797e9ce2f5798b2310c141b6698cda8aacbf2d796caaf8
analysis/v3/spatial_covariance_sensitivity_20260909/spatial_covariance_tests.tsv	12105	3bf91c1eed5bda403d76033cfeca8785d53fdd08bee077675a802606993abe57
analysis/v3/spatial_covariance_sensitivity_20260909/summary.json	587	7ca3c050ac79a84b32938208c41f77131a6f9d7d72ab7b5ab75dfda362026e85
analysis/v3/spatial_resolution_sensitivity.py	19764	ca4ba0bb809826db2fdbef18bdc66d122ca869ea329047ff023e374aae29860b
analysis/v3/spatial_resolution_sensitivity/README.md	1795	2548a9fd985cfa3ff964b443999eb908ee94bf4f96ede4b5a56ae187fd6006d0
analysis/v3/spatial_resolution_sensitivity/SHA256SUMS	348	de8fb82b727257890df4cd66c8de5a7919b7ca78e2035c552d4839180488fd19
analysis/v3/spatial_resolution_sensitivity/asv_resolution_sensitivity.tsv	551	5c8c78f947a8d2bd7248c4d1ebb14a83fd435085982a95760e7a68fc01c28274
analysis/v3/spatial_resolution_sensitivity/claim_verdict.json	4624	d2b4d3956ec7889e6638dbbb9f2022fcb5c067a6a4add9c6fd0c28349abeb0cd
analysis/v3/spatial_resolution_sensitivity/moran_k_sensitivity.tsv	459	a106e1bcf5553068efb217d047e7cac3215a761b52c9132b1d5636235ee53138
analysis/v3/spatial_turnover_rescue.py	22325	e2775839f80dde56cc4ef681b321a8919420afa046f928e335ef59a658208787
analysis/v3/spatial_turnover_rescue/results/README.md	852	537eabc36733aa1e383d6ce0af8415458183bf1b5e4bc6e4874b34c717814fac
analysis/v3/spatial_turnover_rescue/results/SHA256SUMS	340	eed3dc4d528e7aa92ad3d49976a382ea3437235785773bba6d276ea932dc6d13
analysis/v3/spatial_turnover_rescue/results/claim_verdict.json	1725	9185ae99b2943ce72f72c87649d4ce076f597b18b44ca7d99f79652fd1161dec
analysis/v3/spatial_turnover_rescue/results/site_coordinates.tsv	3807	18c208ad198f120159c997b3a29219e7040c0f047a90b0b8c19227990cd53fbd
analysis/v3/spatial_turnover_rescue/results/spatial_model_results.tsv	1506	87ce9c65f2dff3a49d63d3b2f24eb39d8c2e5dfb0ae7c561ee27fc6ada93900e
analysis/v3/taxon_context.py	41030	c4aa56b371b6349c17fbe13120524c8ae41da7a97e0a6f513806f231fceeb136
analysis/v3/taxon_context/README.md	3938	e249b35d76de34ed38a790d8412bd1511e4c6196ab4606322dfd08af1f3eeba8
analysis/v3/taxon_context/SHA256SUMS	1247	9f98f1eb8d5b38927a3c45bc061fd12b26810afc730e0bd0980f734a2bc6e8a0
analysis/v3/taxon_context/autotrophy_pathways.tsv	546	f53cc0e3f61ebbabe6720ae2be6fa973b4882d468b3f6d52db722f0999546760
analysis/v3/taxon_context/class_composition.tsv	26656	13f081ec99b590e74dd0b1107214df9fe2d354e5622b725315282606fbef5580
analysis/v3/taxon_context/genus_composition.tsv	315593	b05b3c4ae8e9ab97aca2d7252d28bdb8a9ce62d3ca58b20d63b93c5afa33759a
analysis/v3/taxon_context/genus_set_overlap.tsv	1501	9f2508a5d466701c56bb06227712be37b45f48025ca12809055d419b7ef15694
analysis/v3/taxon_context/leading_genera_by_stratum.tsv	3946	5a31996646b9f447cf7b1b1307d735d29d39c1ed5a489facee573b01d7b0c5a4
analysis/v3/taxon_context/pathway_class_share.tsv	197	2797760357b9559cf5f85fdd19d50c119f80fc6f38d916e1f086ef694678014a
analysis/v3/taxon_context/pathway_dominance.tsv	69091	cc96e28c15c2781d5a08568269161e62a6a284fde46a1c00f977d93a56956bbe
analysis/v3/taxon_context/phylum_composition.tsv	13384	231606c7f2040f426b41e196b05d3c1e182ef8ad44379beb09b1076108e607bf
analysis/v3/taxon_context/run_manifest.json	14279	4995f8323e0249674d3157b5356391ad72265bc4f9912f8b7d1d946337b8713c
analysis/v3/taxon_context/site_clr_means_200_genera.tsv	115490	e1f56ff7f4bbaafbcff34632e01ea291bcdcb7f0dede6d71599f730f2f1f93af
analysis/v3/taxon_context/site_gradients.tsv	544	62eaf9a34bfcdb2afd4ea3b3b6b0386c248533c0a2ecf6573083101fbfe8b659
analysis/v3/taxon_context/supported_pathways_by_class.tsv	492	864745b1febefa64a10a2c4bd854c7fe6bae03f6bc15fc215e1994a4e70b6c0d
analysis/v3/taxon_context/transect_replacement.tsv	44788	84cc32b518955613dfd0b5835e37008568e46437343b40b242abaa3239065fbb
analysis/v3/taxon_context_corrected_20260909/README.md	3948	2117552dab15933c599aa3a39501c30b130036fc7a72553ee6d93d72272e85af
analysis/v3/taxon_context_corrected_20260909/SHA256SUMS	1247	eef547f72986f1192186c017a19477790c72313018113373de0fc06ef76a04ce
analysis/v3/taxon_context_corrected_20260909/autotrophy_pathways.tsv	546	f53cc0e3f61ebbabe6720ae2be6fa973b4882d468b3f6d52db722f0999546760
analysis/v3/taxon_context_corrected_20260909/class_composition.tsv	26656	13f081ec99b590e74dd0b1107214df9fe2d354e5622b725315282606fbef5580
analysis/v3/taxon_context_corrected_20260909/genus_composition.tsv	315593	b05b3c4ae8e9ab97aca2d7252d28bdb8a9ce62d3ca58b20d63b93c5afa33759a
analysis/v3/taxon_context_corrected_20260909/genus_set_overlap.tsv	1501	9f2508a5d466701c56bb06227712be37b45f48025ca12809055d419b7ef15694
analysis/v3/taxon_context_corrected_20260909/leading_genera_by_stratum.tsv	3946	5a31996646b9f447cf7b1b1307d735d29d39c1ed5a489facee573b01d7b0c5a4
analysis/v3/taxon_context_corrected_20260909/pathway_class_share.tsv	197	2797760357b9559cf5f85fdd19d50c119f80fc6f38d916e1f086ef694678014a
analysis/v3/taxon_context_corrected_20260909/pathway_dominance.tsv	69091	cc96e28c15c2781d5a08568269161e62a6a284fde46a1c00f977d93a56956bbe
analysis/v3/taxon_context_corrected_20260909/phylum_composition.tsv	13384	231606c7f2040f426b41e196b05d3c1e182ef8ad44379beb09b1076108e607bf
analysis/v3/taxon_context_corrected_20260909/run_manifest.json	15317	bc1222c3d9379b16462c2d0e2b8bedd368e3d8747db1b2366c193a8e61081519
analysis/v3/taxon_context_corrected_20260909/site_clr_means_200_genera.tsv	115490	e1f56ff7f4bbaafbcff34632e01ea291bcdcb7f0dede6d71599f730f2f1f93af
analysis/v3/taxon_context_corrected_20260909/site_gradients.tsv	554	0819ba7bb353c0c09dbe0ae17fad9a91c92907cbd25117957fedea617f0aa617
analysis/v3/taxon_context_corrected_20260909/supported_pathways_by_class.tsv	492	864745b1febefa64a10a2c4bd854c7fe6bae03f6bc15fc215e1994a4e70b6c0d
analysis/v3/taxon_context_corrected_20260909/transect_replacement.tsv	44788	84cc32b518955613dfd0b5835e37008568e46437343b40b242abaa3239065fbb
analysis/v3/trait_genes.py	20534	c5a141524864cb471a7c15175ab7a6830f755c84f3a4b70979c9a966d166490f
analysis/v3/trait_genes/README.md	9098	6c3b817f63365d9ddd341210a91ee974e237be206327ba429fcc327eebe43a3b
analysis/v3/trait_genes/SHA256SUMS	906	c7989b176d25d165541c477be10d99332071ea8cbbbfa5ff4b8462b0c69ef063
analysis/v3/trait_genes/genome_trait_presence.tsv	158217	79b32aa9b82cea75e3580af29b20807f14df7a16ec3af5e416f8b1fa37c0c04d
analysis/v3/trait_genes/genome_trait_summary.tsv	4863	93c9ba0dc31b1ee3e73a51f070f73bc50496be894d0c6806bc0b589c82dd12e4
analysis/v3/trait_genes/library_trait_shares.tsv	43827	6634c246da075f8e2f1a3e78eee194efdc6c7d84d1e3941f7c395d1fd49acf8d
analysis/v3/trait_genes/picrust_trait_compartment_contrasts.tsv	6851	c0ea8a487c3e1b390bce90060819ae6c82d3c849ae7461ebfb6d02bbd34c6a74
analysis/v3/trait_genes/picrust_trait_shares_grouped.tsv	209490	c63759b71f899ed181b9f5ef2356defc13affeb8e5a60810b72eaa55d87500d8
analysis/v3/trait_genes/picrust_trait_summary.tsv	3932	082b5197221a75ee636f1f9ba8c82a000e1add1d7f96b6b27f6fe050a7156b91
analysis/v3/trait_genes/run_manifest.json	3369	3effe2ca104b956813309873135b9ab6c640cfd7b622d542691fc06b59fd5289
analysis/v3/trait_genes/source_agreement.tsv	1115	5833e022dc34b8b5891c4d5f3031f11fecd5c3edf6dd9f3b26758c71b07bf499
analysis/v3/trait_genes/trait_definitions.tsv	1652	de3c0ce7332c3841591cb4d63e585dbfe36c55d4a26a0982f91e4c6e57887f71
analysis/v3/trait_genes_20260909/README.md	9118	8686b2f40f0080e26e0e4016d0f627216f69e8161b959ea7cb2f7e496555452f
analysis/v3/trait_genes_20260909/SHA256SUMS	906	ca08f52f8956450a8a6d571333921f4d3710746afb0a422f97c7d60fcc3922d4
analysis/v3/trait_genes_20260909/genome_trait_presence.tsv	158217	79b32aa9b82cea75e3580af29b20807f14df7a16ec3af5e416f8b1fa37c0c04d
analysis/v3/trait_genes_20260909/genome_trait_summary.tsv	4890	c6a3e37c8956fbdda07d0119ce279b4a3bfc8c25369e2d4a56c498f22e1a9cfc
analysis/v3/trait_genes_20260909/library_trait_shares.tsv	43827	6634c246da075f8e2f1a3e78eee194efdc6c7d84d1e3941f7c395d1fd49acf8d
analysis/v3/trait_genes_20260909/picrust_trait_compartment_contrasts.tsv	6878	b31f8bce79fdb5f26870d61a9965bd1d106014c31f79e32438a338f8e82823e7
analysis/v3/trait_genes_20260909/picrust_trait_shares_grouped.tsv	209490	c63759b71f899ed181b9f5ef2356defc13affeb8e5a60810b72eaa55d87500d8
analysis/v3/trait_genes_20260909/picrust_trait_summary.tsv	3959	836d96f2b8d74f7df3b9c92895850db4eb0ba0f6f257618b421507d269a427a1
analysis/v3/trait_genes_20260909/run_manifest.json	3369	8de523833391d47af8be5afe6479a674635d0910a76e77a9b873a86304d54a7e
analysis/v3/trait_genes_20260909/source_agreement.tsv	1115	5833e022dc34b8b5891c4d5f3031f11fecd5c3edf6dd9f3b26758c71b07bf499
analysis/v3/trait_genes_20260909/trait_definitions.tsv	1679	d5ccec401cacd56f0cb935f49271a0858bea5eaa423410b3758832912f578c06
analysis/v3/transect_altitude_figure.py	10342	cd03e8dea050b5fddb39d0e3d7712fbb82a29e342f59377e5cd58ac175d6f918
analysis/v3/xrf_community_clr/README.md	1448	a6aa03c1e28c25a40ae41285affe27192b7d60e1cc566ce822f4b14631254f09
analysis/v3/xrf_community_clr/SHA256SUMS	347	fbc6ebd53ce64ea75c4abde348de2d40536aab5278877fc19707b466c464756c
analysis/v3/xrf_community_clr/claim_verdict.json	2951	d5193c298cbc598d22e79b86f99a69d440b823d7adffae0d22941760863f6c85
analysis/v3/xrf_community_clr/clr_analysis_cohort.tsv	16322	2dc627cc8f25d971b4341c5a73bb54900d4dead8c92577cd33ac7f90a5f64fe2
analysis/v3/xrf_community_clr/clr_elemental_axis_models.tsv	1619	1e86a5b769502143633ed3bce0a689121fac63458cf2abb1590e229573e5e7e4
analysis/v3/xrf_community_clr_sensitivity.py	32483	7fe0e0109af120ae174f29b64436d97bb8038f76c23eb9b939505eedc0dfbcaf
analysis/v3/xrf_community_rescue.py	22343	ec12c67bb41226be207b66fede852ad22726e3b81a363100c2a3cee870aa01a4
analysis/v3/xrf_community_rescue/README.md	632	7bd45a61d6a08e32ac1d6a6249d865f9330e9f84d31e083c52d22f414bced521
analysis/v3/xrf_community_rescue/SHA256SUMS	705	f341732afe1c99990524e52440928046e2ee674cb9511565c3ce7961721a0d0d
analysis/v3/xrf_community_rescue/elemental_pc1_loadings.tsv	428	747bc732bee6255a601260bbea1ba9363da8d989f80fb40e5a7858d4e65815ad
analysis/v3/xrf_community_rescue/laboratory_xrf_axis.tsv	37817	5cc9008bcd24b6c284339d684d05ee55bacc4f12d44b77549d5a9286d4718d6a
analysis/v3/xrf_community_rescue/run_manifest.json	4109	04b90e48b63e9d0ca1bdf007bf0d1b094ccb459c1485ab8b1085f1086804c952
analysis/v3/xrf_community_rescue/xrf_alpha_analysis_table.tsv	80970	5d70a6da0f92ed6e2cb89d0c6589a7bf67a262393d441ce3ac0f7548c66f8e1f
analysis/v3/xrf_community_rescue/xrf_alpha_models.tsv	476	83366074dbe92dbb468295b16b886ced0f22c262746fe3dec3ff4c35825c6af2
analysis/v3/xrf_community_rescue/xrf_claim_summary.json	1653	8e06580dc0b44dfcd38162a96fca4a3f5c17c93803046d3f33a5dd7dee35bd53
analysis/v3/xrf_community_rescue/xrf_community_models.tsv	300	833d933d3541f56fba30c6a3de59ae586f4288bda6d4d1614b828981c660fa7f
archive/README.md	505	b4a1b0ccf1053e63ad61b42b4dbe5b610205838806a1d44d347471480bcd9ea4
ecology-paper/.latexmkrc	75	8b493f2e586f567d2baa7d637c62bf42e90b0ec7d879eea8674373cafc31bbec
ecology-paper/Makefile	105	869dce61c7efb74cbd3fa156789cf58f5354eb5068b6cb6c27e309eea6e1b94b
empty-quarter-amplicon/figures/core_overlap_manifest.json	2989	e0cd62f399b8a458cf9a1f492044fcfe5ec34f51c521bd4b886b1bfe615fb5d1
empty-quarter-amplicon/figures/fig1_landscape.pdf	1511915	c2e1b4854df25034a642e5d12067e69c341948a6fb03072ed16f1b8448e7934a
empty-quarter-amplicon/figures/fig2_soil_position.pdf	28502	b90308330e4a47ea792d875f54c26e59c54f7fc623632024b5221b49f195950b
empty-quarter-amplicon/figures/fig3_function_controls.pdf	28201	29f894a9fb9cdcc284e43f94c528f62888e85a38e23022e445bd60e6506a5ea3
empty-quarter-amplicon/figures/figS_campaign_rainfall.pdf	32654	0a67aa3df3aa9de592103ae0f1c8ae068913ebc1d534f0733321cf597237c814
empty-quarter-amplicon/figures/fig_core_overlap.pdf	11278	eab4db7c735ff679d0c09a78d86a832f39478f641b6841127de5db9cfa120c8b
empty-quarter-amplicon/figures/fig_pma_richness.pdf	14110	3f77fdb5d435b871ae337b0050a816bae8f9acaa3bb8b60c17e69d0ad7a2f915
empty-quarter-amplicon/figures/figure_manifest.tsv	2922	afb5a4ef7d4f5270a9f5dd8140c0f72b314e8d7b9c2bbf78b4f130c916b16f4c
empty-quarter-amplicon/figures/figure_review_manifest.json	4246	581a59f0391f07fb6d07b53c6f94f7e9109e8cb8ae5b9c542a6b1bf420fd3b3e
empty-quarter-amplicon/figures/figure_runtime.json	116	ced7035cb52dc1511525e987a1ed92c383b81c6df30f3e219cabee951d3d90ed
empty-quarter-amplicon/figures/pma_richness_manifest.json	542	e5e04c1c79707c41e97a747e8621dbfaa4b50ca58572a11e0a1f63ec2e2e798a
empty-quarter-amplicon/figures/rain_calendar_refit.pdf	19671	5d8888babbbbd3e34e3579875a8c6eff6ab5ded66fc7bfd75624b8e35416bb5d
empty-quarter-amplicon/generated/biology_context_tables.manifest.json	6416	c9dd4d32bb8261d547ad9b18eacbd115a8088952fe2c7242f9f62ad77b9262d6
empty-quarter-amplicon/generated/biology_context_tables.tex	13267	66ff066f497babe781fd40c0519bd36626a3688caba7a1fb22a9cace8b87a569
empty-quarter-amplicon/generated/paired_alpha_sensitivity_tables.manifest.json	420	af54b4296dbd66b6a11cff56dc764e5161b7d0799b8a106a1e2689a85e67f0c0
empty-quarter-amplicon/generated/paired_alpha_sensitivity_tables.tex	1573	8eb7beb702cb90eeef2035717acac1da70f2958d5c8b99d79be1df80d51d0a0f
empty-quarter-amplicon/generated/ph_shared_v1_values.manifest.json	1797	b96448d6c07bb18655cf98e912b458c0e5b9da6654f28eaecc8b327a24a9e37d
empty-quarter-amplicon/generated/ph_shared_v1_values.tex	2870	eade34904b294f75ca7e821d69986818b4e60953a81ee6a9033d64e40488d953
empty-quarter-amplicon/generated/rain_calendar_refit_tables.manifest.json	1814	fecd3cb461f9d8405a9e8a4c88e49b0f3e2bfe1426692e8f9af01175e76f80d1
empty-quarter-amplicon/generated/rain_calendar_refit_tables.tex	1719	970cfc6aa34b5cdfc928109f607db112a7d7e8c0e06b38d045224bbb008048d9
empty-quarter-amplicon/generated/spatial_covariance_tables.manifest.json	1484	a75405dd868f0f3bc90d9f6d69864e4817253d42574384ef41242086e5dee864
empty-quarter-amplicon/generated/spatial_covariance_tables.tex	3514	1b1a2ddc392df7b7f781d0dab7db20a27da363d2dba63134d59b3cf92ca3439c
empty-quarter-amplicon/generated/taxon_composition_tables.tex	7006	7f8a74cd4a22ebf3ed204ed4484daeda71e40a542c8216f9d3ff9ea159f0d071
empty-quarter-amplicon/generated/taxon_context_tables.tex	10796	fbae38707a60c2378344c5d2f84104414cdc8ce5a746b98d1bf658b31c739bed
empty-quarter-amplicon/generated/taxon_overlap_tables.tex	1311	53fee1e3ce5efdccf31c4c866f85a5de0816a9f647e16186957a3286544d86c8
empty-quarter-amplicon/generated/taxon_pathway_tables.tex	2567	7aa60ba5b57829dece6187d80f12c08f18bac8176d6dcc0c5d8af121f57004f5
empty-quarter-amplicon/generated/trait_gene_tables.tex	9080	0bcffcf2c185418b26d32720003d964417c5fd0f805c042e9ecfb39e36debba9
empty-quarter-amplicon/latexmkrc	342	a4c24ecbfa6eb5777ca58089f58f461e9bde061cbd28fc4e222c46daf89f2105
empty-quarter-amplicon/main.pdf	1820898	627af5b100cbf383e494850147e1c10a89d2bd8c8700530a0648a1dba1ecbfb1
empty-quarter-amplicon/main.tex	92132	9d3cad2705958c071ec96e27187038417ea5559ab3d486f11185b1ef65e7fa1b
empty-quarter-amplicon/olplainarticle.cls	5686	c1c740d87ef51184478e4e97251aadd5301f1c1394f0ab8fbdbf39f91488c3a7
empty-quarter-amplicon/ph_shared_v1.tex	314	53c58eb50e819979004a0aed32d5a409cca15005b2c79cee5acc300047b1b8a8
empty-quarter-amplicon/sample.bib	87329	2207fccb58d4dc9de065e7ec364c8d8609a992643288d1f941c6888c6f1f4d9b
empty-quarter-amplicon/supplement.pdf	447471	b36012b3e6d7d62c81a2a3d9d882823dd5ec49277b8c80b2665cecc8cddf1abb
empty-quarter-amplicon/supplement.tex	58316	afb340996916f431d5d3aa65ce187a85f8c2227abae27a5c053e8964b5c01374
empty-quarter-amplicon/tables/beta_diversity.tex	4951	4993d8eec16872dacc8da0cd40e7d6f5271d57fe96123c10c326fa0633348e6a
empty-quarter-amplicon/tables/climate_alpha.tex	1134	e11a8c5448be0f9a78a93404fc2b99e781bbe77c20f89cdaaa5e5b5d36d7970b
empty-quarter-amplicon/tables/community_composition.tex	6916	e2740d4dbdc9f5a27aa528d89fc80c20a7cd2fe93938bc3444d281d63d140956
empty-quarter-amplicon/tables/compartment_differences.tex	1787	79914a07067198779f241fa85b590c43ceac5611c61f0549b9cd952b111510b9
empty-quarter-amplicon/tables/compartment_displacement.tex	756	bda953b750619817e6a1fb7ad4489bbd2fb80ee2f5b272c4eeeedc3342994dfb
empty-quarter-amplicon/tables/function_tables.tex	8767	21222c7ea29aa6726a92af263e753acaf3dfd491facb8f888b3654df3dcd055a
empty-quarter-amplicon/tables/landforms.tex	2733	362ae66a908bc084c9fb52a4d94f0f9f7b40a635055c4acdeb6317affa60b1ed
empty-quarter-amplicon/tables/pH.tex	1460	d30a258dbfcbd5a35db2d84eac3b6642713435cae0354c3966fff760117d2f78
empty-quarter-amplicon/tables/rainfall_response.tex	1750	99c28bc5c87a00671fb81a0a9d96fcba28a77f7733e82d127d9b3cb72eb805d0
empty-quarter-amplicon/tables/turnover_slopes.tex	1178	c38c139ce7fa1de0b0df160df40cf95a0036c3257a0943feac0ed9a0683b5eed
empty-quarter-amplicon/tables/xrf.tex	2714	714ce8d6ee6d4b74bf0dc47bf639047db594c25a701610e8af6ad278dff58667
empty-quarter-amplicon/validation/finalization-20261004/CHANGES.txt	8606	e32a8d6be66302e3ea5fd609e1af0ad7daa4dcb357f2943db3f7a1cb23c858d3
empty-quarter-amplicon/validation/finalization-20261004/OPEN_VERIFICATION.txt	1503	1931435193de26583f5e8a8c0a0069eee486d2c10857a1bb25298de62c22d026
empty-quarter-amplicon/validation/finalization-20261004/README.txt	1816	2999c0b01da0b375f7b0e24ce570b96f230679512d73ea325b91becea48e4608
empty-quarter-amplicon/validation/finalization-20261004/VALIDATION.txt	5053	ef4fb0954f2bdba93e4312164805dc2533a6b47f4282979b06ee6dd494f9c5ea
empty-quarter-amplicon/validation/finalization-20261004/figure-comparison.pdf	270445	3a665f836d7c7e089ff4d6546431d04f1e8532f2de99a3070c0aaa1ce54fc8e8
empty-quarter-amplicon/validation/finalization-20261004/main-redline.pdf	1862917	557aadfcac2b3322eb7f53eedb616b548062b17742e6eb85e0bdb75b7d9402fc
empty-quarter-amplicon/validation/finalization-20261004/source-changes.patch	234942	db35abb4e0008f1ce045321313b87e2521dcd4d1e061e951a96cab65b736d608
empty-quarter-amplicon/validation/finalization-20261004/source_snapshot.json	2787	c31af31b4b1fe954311e1daccbeac1e5d1f22e4694f5db819f04c2c9124f9eae
empty-quarter-amplicon/validation/finalization-20261004/supplement-redline.pdf	498252	7d8cbdec851f0318036061498810a5e10ad015514ff49a69fcabdb2158cae236
empty-quarter-amplicon/validation/kg301-20261004/CHANGES.txt	469	1c2187a6a2e27562d40bdc2fb337808b8d4ecca50a4983e3a90c96e952d1d5a7
empty-quarter-amplicon/validation/kg301-20261004/source-changes.patch	7383	e388c979cee278a06d62c1d601d4a091ad70465046551c3c005e9663b3396b2b
empty-quarter-amplicon/validation/t4-control-diversity/README.md	2078	f84d4bc9d5502268ea76a99f96b501c41d680693664740758abc7d1afad76a2d
empty-quarter-amplicon/validation/t4-control-diversity/before.tsv	4281	7a2e3e5408d63509c53951c61a5e50d3e0892c68f7564c0c0ec6d6383124b6f4
empty-quarter-amplicon/validation/t4-control-diversity/extract_and_validate.py	3633	0d2d092205b143732cbe5a81dc9f3d6fedd30eb92d99a7d6ba9f15662eec7355
empty-quarter-amplicon/validation/t4-control-diversity/input-sha256.json	555	054c44a4db7f98c02463263e4798c2f9ef7a068463ccad625fb2ae7fdd2d8ded
empty-quarter-amplicon/validation/t4-control-diversity/removed_asv_counts.tsv	4203	04dd5bdf71e53bdc908fd9c428d0bef0b4085658daa2c8e7db8481506281dd95
empty-quarter-amplicon/validation/t4-control-diversity/reproduce.py	1201	09575635dc2c357a942d1d4df24346a71c720ac4c0da5eb3e28722c9acfc54f3
empty-quarter-amplicon/validation/t4-control-diversity/summary.json	373	ed41a6b6702ef497dcab29528446885b16c3dc972d3983cc658c64af61473d51
empty-quarter-amplicon/validation/t4-control-diversity/t4_before_after.tsv	6938	6dd4f4249c3d42724a6227e8982597a304e33dd76748803edf92370f691331b0
environment/environment.yml	818	41638db5429d7ee1f7defc2fa6de69d252fc22a1089252148e2499158e0a0ad8
environment/requirements.in	518	c8594d18b551b824f015469f03c9f0c4451759eff1752d48532bb5afaf547ab1
environment/requirements.lock.txt	78869	b10cf25f9bd92fb75a13c46ed71c2aaf6d4debd4f9faed3dc2a759bdd3617fa0
handover/2026-08-29-comment-round/HANDOVER.md	25916	4a6e14a0346a88528242352f3ae9eef12dc9beaa3575c98ee855614db9416cf3
handover/2026-08-29-comment-round/emails/2026-08-29-coauthor-approval-orcid-reminder-SENT.txt	873	a1a0315bc793c54cc38b2c9fab7b31467b5bfff417cb9e2a606026f48bb76113
handover/2026-08-29-comment-round/emails/2026-08-29-daniela-marwa-flowcell-SENT.txt	541	8ea908934dff4e6afe7a4a3c2ca8b69c4a61eb473967c221db9b823019fcc1f6
handover/2026-08-29-comment-round/emails/2026-08-29-marwa-controls-followup-SENT.txt	1519	a78cf070c3c16bda7aa3cba1faf2052fd08067824e6b6f9ac7dcd6103ddc99fc
handover/2026-08-29-comment-round/emails/2026-08-29-marwa-controls-reconcile-SENT.txt	2122	7701680fdbd81bc4661b337e10794618a78690d813677eba5206e719db81a5a1
handover/2026-08-29-comment-round/emails/2026-08-29-sulaiman-reply-SENT.txt	184	0115c229876f2ba1648af1d2c01dc6ec71f84df21e75cb458bbcee1e4ce956b7
literature/CITATION_SOURCES.tsv	2955	b0744eec1ec37232138f8dabd60fc5c3cab6ff993a658528e77e0a4b2e84cee4
literature/README.md	510	6f4ac8aa8c31457844eaec49c452afd5e3206ff83899b4a793db716a0989e0fe
metadata/geodata/bluemarble_arabia_200407_120ppd.json	748	b79fa08a4fc5c220be46c26a06998e0c744502be39177f4e184ee588763272d3
metadata/geodata/bluemarble_arabia_200407_120ppd.png	1905563	237b58c1e087e2ac86268e74c499a50d1e1e94eab7c1d3a7eabf7e9e17a71ac8
metadata/geodata/empty_quarter_boundary.kml	1408	ccdcb2a206de57cd4ea57302dc53b8b710a98f827034f36db07eaa6f8bdfafbd
scripts/climate/build_rain_event_product_exposures.py	17118	fc1314627964215a6e52afd9baa5bab8e38037950c7337d31f7a93d53d7a8386
scripts/climate/curate_climate_keys.py	13533	24b822910bc65dc9e2f3424e9084247638285648a2208f2e7ce3984aa23e52f0
scripts/climate/freeze_climate_acquisition.py	5865	18ff7e5758c121509dabc0d24fd7893543ce65c21563d4bbbd03e4e24542800d
scripts/climate/freeze_nasa_power_precipitation.py	4184	61268295da03ab9ef1e99d823bfc4533a3f3d8c041f0ec2645eaf8c66023f37b
scripts/controls/audit_positive_control_spillover.py	16790	7876e736e6ad02a3ffec3acee2195c61ef0807f087754dfa7545339a1d8f71c0
scripts/controls/build_control_inventory.py	13262	37770dac90bc476eef99e96ae4d604d06e6bdc7d987aec42dcea745f048fd1a2
scripts/controls/build_control_sensitivity_inputs.py	18439	469ec0016cf8a2b04d368a4a9abaaafeeaf980da7d52164fd41499ff75be8fed
scripts/controls/build_preliminary_identity.py	25723	7ac8eaf03bd7a8e2e1889cdf2f498451e304c59573e8f3f8fa301ab1dd22fc2b
scripts/controls/contaminant_prevalence.py	14191	8184d50a61d2e5159d94bbcb18a5a6d9e996f10650845c746c2a24d2d5e3b9a1
scripts/controls/replay_control_sensitivity_package.sh	5905	978d0441e052af896550b9ec9132e57bd23176abdd60e17cb7db95fba13b408a
scripts/controls/run_assay_aware_control_audit.py	32683	83d2b22df7f907be617414d0ed1fde500e5ed1cc20f6f7e6155b71a2604f1fea
scripts/controls/run_control_ecology_sensitivity.sh	4762	e384bec53a1bac54a9a26a4089bb4a9d727f14d7678842841e54661903403944
scripts/controls/stage_control_release.py	30602	83873d5a92fad26483c1ec523b44366c9900ac0f7f1e3872f7ef98b8e2db7a14
scripts/controls/summarize_control_ecology_sensitivity.py	13676	8aab808a1709a3b8b6bd57d5a0b389e2c43d245c88dfb47f53e3f0c79f81349c
scripts/controls/write_control_manifests.py	2397	af2c8b92a23ebdd85a212b0f3ec7dde711cc353b0d0d33bea87cfa6570b538db
scripts/figures/prepare_bluemarble_crop.py	3995	1f2a921f063f151ed29bd08667936598cd5797d7ead6fe1d5a2ae76cc9abc052
scripts/release/bootstrap_data_dependency.sh	2500	22fff81175ceb5d59156615f743b2a5534621bf43262d9b0cb3b177d6776f336
scripts/release/build_repository_manifest.py	2502	49e7e4777a39f30259910d097694ef60894e0122a1da604129e452542f0db101
scripts/release/build_rund_redlines.py	3550	b45b0f5e911ab28ee2592cbdcfe791dd78f2038611453c6e1572cb4eb5072917
scripts/release/render_figures.py	2306	7da8e3c85f61145959b00cdf5a41dc5e972e100b7f37e16906c6ace37b705005
scripts/release/verify_repository.py	6201	d972ea8991d5ce6000b484d2930de366bcd9da24957eb5780f10cd82d7bdeaa5
tests/manuscript_paths.py	1728	6a4feb2485960e9e641c4e4cacf8af6348b3f41e7d7712e0995756e3324bf2e0
tests/manuscript_text.py	6414	d013160025267774b1eee487684241919e727ac1a36cd46ba10e49065b8bfcb8
tests/test_analysis_provenance_paths.py	944	9e617880f37a2796502052a6510a694182c65e44ff1c0b1e7164552017782bbb
tests/test_biology_context.py	27054	ef79f3d2c4bfaabb9dffdae53494e704d4cffafeece86f3f8c9166adac336b13
tests/test_claim_rescue.py	6998	cfde14d35c3c41875931d7b4ece7ffc5b4a998ee1114bbf2e7e3f6a4bd325818
tests/test_cross_desert_context.py	4137	ab1ffc49b67699bd28dde622c308b236a994b22216bf167a659da2ab7ae4e797
tests/test_current_figure_replay.py	3699	1eb5800ded3bc1a44233e2872582c17a502abb412cc5b65182016db2d5a999fb
tests/test_ecology_manuscript_claims.py	43505	2f711c63478da1d18d6d165efc76acfffba43460c13cbb32245d9346da41a26a
tests/test_ecology_rewrite_claims.py	42165	5e4990ef1f45e2969c14c7aae05c1003f09ed9eaaab151f7654222b7862b8c2e
tests/test_environment_picrust_manuscript.py	12218	9df435a756878c3be11ddcb76e4ac52ff6bf1bd817167c4284f83bad526e1a9d
tests/test_evenness_decomposition.py	2094	84e7c9a62d75deccdbbcfbd9cce08ef390bb3c5f599267b6480cee109531bea8
tests/test_figure_runtime.py	1149	1a5ec7d6d49838a1a1496ecd5820d2d5b93bd3883ff0d65e4570e330b15e654b
tests/test_functional_redundancy_null.py	2191	7f2c50fbcf14b74fe48e085f362ca18a337db8c63513747254fcb4ad4c63a414
tests/test_geographic_prediction.py	7209	5ea886dc70ed24018d394dc4ecf221eee287bcc53886a02fc038bc3a772f6eef
tests/test_measured_function_summary.py	5640	f618b2f329f545f3aad8966265ab4bc3453cd80848cd0a19dd87e57cf3b5449e
tests/test_network_rescue.py	5667	221d60fe519a6d6aef901c72a4ac275e1c8411de6db2ac6526a0e8326b42b191
tests/test_open_meteo_site52_input.py	4260	8bc10b7a329b99379a7146b3f4fe94188681f316702ddad0c051600665dba888
tests/test_paired_alpha_sensitivity.py	1610	e9d5db495627e6736b161a3075d2bb495ee898bf8fc20d0aff73f0fa3457ccd0
tests/test_partial_correlation_regression.py	1227	fade6d3e0fb45d8035bbfeb412877498b0cc21f2c31a7445ab69f2fa4dc44bb9
tests/test_ph_context_reanalysis.py	902	27cde6ad16df1daf30a4aaeab7f9b9aef9d572abf786914da46123169bd0089f
tests/test_ph_group_linkage.py	1804	f75f375a3d2eb7cbaf93f4d7c5b13c92b08255a85ed7d6cefe61c1d00450f4cf
tests/test_pma_endpoint_analysis.py	2198	6c6cd7765cc6f1585d4285d2f22a9984bccb6425eb851c153e558875682961c6
tests/test_primer_identity_audit.py	798	eb6857bc46b4c4cdefc314a1baf50bf191599d16d55039ff17a7d126052cb899
tests/test_rain_calendar_refit.py	3343	b2947fff21be4b3eb84a1cb0407e1b54f02c20b98960e597a09f87033216cf33
tests/test_rain_pulse_response.py	7098	d696f9e5fce8ac4cc14d35e9d074be8e0523e82abe2ac5dc223d7b7530f4c389
tests/test_rainfall_timing_claims.py	1640	783ffec314f86ad92de4a181016a243b01fe2807363b127e196f653face02406
tests/test_review_figure_semantics.py	1346	1f2d63931f1c125251017a64ca38f975d6ec285b229a121ccda700c01a18edc5
tests/test_review_table_typography.py	1437	c6566eaf4fa47e2c30f7f1441f171595631b549ad0065017074f40ae574d26d6
tests/test_rund_reconciliation.py	3773	6c36a589cb577a9bc4363dfc76295b7d598e5764fceefbf1924dc5db37b19472
tests/test_spatial_covariance_sensitivity.py	4055	3233ef682e6cbb2bc625aba9169d2610b38acc611c46a8e91d4bef2598500b14
tests/test_spatial_supplement_analyses.py	14116	93d4ffe0b97aed851b00ad7f267ed7ce0447b8468234b478e04f87ee6b96f975
tests/test_spatial_turnover_rescue.py	3508	ad8237a07b69690f9322305c8cb47076b37514d1c9ae6e4d1c1f327c653eceb1
tests/test_taxon_context.py	16461	61ae6e3365af71de7a8b8bb6da6d06ca20cd9860d9aa2bce9c27e09abf8e4886
tests/test_xrf_community_rescue.py	1408	44be6a9dc519bb03b9443bd6e689f5bb43ac5f5303d49b0f62851f75d9d84621
tests/test_xrf_environment_coordinates.py	9065	41afca758c3f1b2122ff1f43591ce8e068c59daf1de5bc2e194c38a53e8d01c0
workflow/run_on_remote.sh	2663	393ffca9bce6d9ab38da6394863f09df0ca70aca8d979eb82099831cba5bbe5f
