site_a	site_b	geographic_distance_km	compartment	compartment_label	aitchison_dissimilarity
1	2	10.10649465	Surface	Surface	18.43868599
1	3	28.25798758	Surface	Surface	21.47676012
1	4	47.61548715	Surface	Surface	19.95244194
1	5	58.85951991	Surface	Surface	15.97715823
1	6	73.55532704	Surface	Surface	20.02489006
1	7	87.07007651	Surface	Surface	25.35117545
1	8	102.2830584	Surface	Surface	27.49252724
1	9	122.2064997	Surface	Surface	30.50526724
1	10	138.5356294	Surface	Surface	27.0047863
1	11	156.9525226	Surface	Surface	28.16148493
1	12	178.0422853	Surface	Surface	25.10594787
1	13	201.600763	Surface	Surface	27.26474821
1	14	227.2014468	Surface	Surface	35.38064329
1	15	246.7399633	Surface	Surface	26.32163612
1	16	262.8047844	Surface	Surface	29.30576621
1	17	284.1080486	Surface	Surface	32.42487266
1	18	307.8397537	Surface	Surface	30.5145897
1	19	329.5331037	Surface	Surface	32.93964978
1	20	349.6736878	Surface	Surface	25.34397163
1	21	356.770844	Surface	Surface	28.27426571
1	22	374.3431186	Surface	Surface	24.00641189
1	23	389.8436865	Surface	Surface	28.10483015
1	24	403.8108679	Surface	Surface	31.09867017
1	25	409.5614738	Surface	Surface	34.36662099
1	26	423.518991	Surface	Surface	32.39274094
1	27	436.9453653	Surface	Surface	33.39258861
1	28	455.7393189	Surface	Surface	31.15127755
1	29	476.0398547	Surface	Surface	38.38391213
1	30	488.0415073	Surface	Surface	34.63100313
1	31	509.759037	Surface	Surface	42.13754901
1	32	530.6222096	Surface	Surface	47.33751452
1	33	552.1235286	Surface	Surface	36.7413787
1	34	574.3954659	Surface	Surface	38.87167603
1	35	596.9247071	Surface	Surface	33.50246813
1	36	640.454008	Surface	Surface	35.69598837
1	37	661.603535	Surface	Surface	36.60916261
1	38	664.3540197	Surface	Surface	35.94065509
1	39	688.7128146	Surface	Surface	38.33699216
1	40	712.8761514	Surface	Surface	38.27549028
1	41	725.0027968	Surface	Surface	45.67702788
1	42	743.5387826	Surface	Surface	37.10321044
1	43	754.0567089	Surface	Surface	36.61415854
1	44	773.1100171	Surface	Surface	35.42502411
1	45	778.8879458	Surface	Surface	35.57501398
1	46	799.3144221	Surface	Surface	36.01028536
1	47	819.5360207	Surface	Surface	32.93302677
1	48	843.2174652	Surface	Surface	39.32672438
1	49	864.7024402	Surface	Surface	32.22117021
1	50	878.9362218	Surface	Surface	33.78294083
1	51	888.4695293	Surface	Surface	37.3652222
1	52	898.4751982	Surface	Surface	43.04355798
1	53	917.3751109	Surface	Surface	38.50172596
1	54	939.8365269	Surface	Surface	45.97593554
1	55	943.5407763	Surface	Surface	47.8017571
1	56	964.4497005	Surface	Surface	37.10885781
1	57	982.5805299	Surface	Surface	46.13086021
1	58	999.3274421	Surface	Surface	42.50659541
1	59	1003.54779	Surface	Surface	41.33475982
1	60	1014.392787	Surface	Surface	37.52622089
2	3	18.1517452	Surface	Surface	25.56266128
2	4	37.53612262	Surface	Surface	19.03318008
2	5	48.84555461	Surface	Surface	19.00469715
2	6	63.76460461	Surface	Surface	23.31638186
2	7	77.45652962	Surface	Surface	29.09215897
2	8	92.89943556	Surface	Surface	31.18591679
2	9	112.9208079	Surface	Surface	31.52187841
2	10	129.3303232	Surface	Surface	28.09353875
2	11	147.7771151	Surface	Surface	29.32893119
2	12	168.876314	Surface	Surface	24.64097271
2	13	192.4092022	Surface	Surface	28.82413419
2	14	217.9966898	Surface	Surface	34.98952317
2	15	237.5412241	Surface	Surface	25.81822104
2	16	253.6028855	Surface	Surface	30.02403406
2	17	274.9172864	Surface	Surface	33.24865201
2	18	298.6277344	Surface	Surface	32.69876407
2	19	320.2620026	Surface	Surface	32.79206185
2	20	340.3813816	Surface	Surface	28.74211362
2	21	347.456144	Surface	Surface	29.80001533
2	22	364.9791791	Surface	Surface	28.32838691
2	23	380.4386255	Surface	Surface	29.3393586
2	24	394.3933121	Surface	Surface	32.39688447
2	25	400.1498149	Surface	Surface	34.17658983
2	26	414.0906628	Surface	Surface	33.185983
2	27	427.4941135	Surface	Surface	32.50964178
2	28	446.292398	Surface	Surface	30.51966501
2	29	466.6211512	Surface	Surface	37.92541709
2	30	478.6385626	Surface	Surface	35.70442313
2	31	500.3761461	Surface	Surface	43.33616611
2	32	521.2640446	Surface	Surface	48.34813081
2	33	542.7970554	Surface	Surface	35.57346345
2	34	565.0842282	Surface	Surface	39.19358553
2	35	587.6276742	Surface	Surface	33.03755872
2	36	631.1829337	Surface	Surface	33.83450141
2	37	652.339764	Surface	Surface	35.06580695
2	38	655.089188	Surface	Surface	35.99126638
2	39	679.446791	Surface	Surface	37.20955642
2	40	703.6166929	Surface	Surface	38.36097284
2	41	715.7630939	Surface	Surface	46.96088497
2	42	734.3114639	Surface	Surface	37.28006531
2	43	744.833877	Surface	Surface	35.34229397
2	44	763.9086381	Surface	Surface	37.32644291
2	45	769.695627	Surface	Surface	35.29616288
2	46	790.1499017	Surface	Surface	36.06432223
2	47	810.3993544	Surface	Surface	33.10254232
2	48	834.0882539	Surface	Surface	37.08272973
2	49	855.5504522	Surface	Surface	32.57015421
2	50	869.7595731	Surface	Surface	32.9119091
2	51	879.2564066	Surface	Surface	38.65500759
2	52	889.2564235	Surface	Surface	41.61100232
2	53	908.162107	Surface	Surface	37.93088344
2	54	930.6097915	Surface	Surface	44.06676051
2	55	934.3263993	Surface	Surface	46.82171674
2	56	955.2943527	Surface	Surface	36.5460372
2	57	973.4839658	Surface	Surface	45.80202165
2	58	990.2792546	Surface	Surface	41.49090653
2	59	994.5074285	Surface	Surface	39.72054214
2	60	1005.335401	Surface	Surface	37.06689322
3	4	19.5304683	Surface	Surface	21.24011748
3	5	31.04953214	Surface	Surface	20.81531468
3	6	46.5796794	Surface	Surface	20.30981217
3	7	60.66201612	Surface	Surface	24.22088318
3	8	76.58623535	Surface	Surface	25.32302698
3	9	96.73512064	Surface	Surface	26.56789619
3	10	113.2627121	Surface	Surface	24.84214729
3	11	131.7188302	Surface	Surface	24.24151138
3	12	152.7893391	Surface	Surface	23.61768644
3	13	176.2276447	Surface	Surface	25.15916288
3	14	201.7550085	Surface	Surface	32.58426786
3	15	221.292059	Surface	Surface	25.42909146
3	16	237.3334266	Surface	Surface	27.61971335
3	17	258.6544943	Surface	Surface	29.00390985
3	18	282.3076568	Surface	Surface	27.21858543
3	19	303.813317	Surface	Surface	29.77775222
3	20	323.8821658	Surface	Surface	24.27215843
3	21	330.909977	Surface	Surface	26.30955818
3	22	348.3299266	Surface	Surface	23.86372008
3	23	363.7039154	Surface	Surface	26.35140047
3	24	377.6304531	Surface	Surface	28.14759485
3	25	383.3971286	Surface	Surface	33.62690766
3	26	397.302118	Surface	Surface	29.33526493
3	27	410.6579336	Surface	Surface	33.82576176
3	28	429.4610999	Surface	Surface	29.659338
3	29	449.8411641	Surface	Surface	35.43501686
3	30	461.8871243	Surface	Surface	29.61109511
3	31	483.6600256	Surface	Surface	37.40041656
3	32	504.5924925	Surface	Surface	41.60144871
3	33	526.1834231	Surface	Surface	33.43965934
3	34	548.4968059	Surface	Surface	35.90390881
3	35	571.0645816	Surface	Surface	33.08662868
3	36	614.6643472	Surface	Surface	32.95748644
3	37	635.8328259	Surface	Surface	33.70196926
3	38	638.5799414	Surface	Surface	32.1201576
3	39	662.9328418	Surface	Surface	35.29506745
3	40	687.1129801	Surface	Surface	35.053286
3	41	699.2958225	Surface	Surface	41.7394476
3	42	717.8660762	Surface	Surface	33.39586008
3	43	728.3961078	Surface	Surface	34.41606731
3	44	747.5099406	Surface	Surface	33.5973155
3	45	753.313612	Surface	Surface	33.76140923
3	46	773.8188351	Surface	Surface	32.78407831
3	47	794.1193318	Surface	Surface	29.56548879
3	48	817.8205297	Surface	Surface	38.64201926
3	49	839.2382782	Surface	Surface	31.20999937
3	50	853.3999821	Surface	Surface	30.46437161
3	51	862.8274721	Surface	Surface	32.82294978
3	52	872.8162424	Surface	Surface	38.41293768
3	53	891.7317156	Surface	Surface	32.66070851
3	54	914.1523192	Surface	Surface	39.23816546
3	55	917.8919933	Surface	Surface	43.43076175
3	56	938.9698411	Surface	Surface	33.15284388
3	57	957.2688659	Surface	Surface	40.48197912
3	58	974.153978	Surface	Surface	38.58064867
3	59	978.3965894	Surface	Surface	36.49438526
3	60	989.1920669	Surface	Surface	31.83217195
4	5	11.65889193	Surface	Surface	16.95809651
4	6	27.77428749	Surface	Surface	19.46238097
4	7	42.13385531	Surface	Surface	23.5343042
4	8	58.42978903	Surface	Surface	24.80689431
4	9	78.54758142	Surface	Surface	24.74995241
4	10	95.10228743	Surface	Surface	20.10737518
4	11	113.4929131	Surface	Surface	22.68898932
4	12	134.4772501	Surface	Surface	17.49067596
4	13	157.7862551	Surface	Surface	22.99215531
4	14	183.2281512	Surface	Surface	27.57652988
4	15	202.7390124	Surface	Surface	19.18334042
4	16	218.7503248	Surface	Surface	20.272746
4	17	240.0615258	Surface	Surface	25.43911027
4	18	263.6560286	Surface	Surface	23.33549079
4	19	285.0537814	Surface	Surface	23.00716832
4	20	305.0777733	Surface	Surface	19.8712432
4	21	312.0689893	Surface	Surface	21.6903159
4	22	329.4102976	Surface	Surface	22.96518828
4	23	344.7213256	Surface	Surface	23.01086466
4	24	358.6259353	Surface	Surface	24.32991518
4	25	364.398455	Surface	Surface	25.28558116
4	26	378.2768951	Surface	Surface	23.87851733
4	27	391.5990943	Surface	Surface	25.68717747
4	28	410.4028957	Surface	Surface	21.84537256
4	29	430.8141491	Surface	Surface	28.8351909
4	30	442.8775801	Surface	Surface	25.81853228
4	31	464.6714866	Surface	Surface	34.09092276
4	32	485.6315723	Surface	Surface	38.89650158
4	33	507.259498	Surface	Surface	26.35901871
4	34	529.5884851	Surface	Surface	29.05064166
4	35	552.1707388	Surface	Surface	26.0136033
4	36	595.7972296	Surface	Surface	25.99247683
4	37	616.9720012	Surface	Surface	25.87405764
4	38	619.7173039	Surface	Surface	27.40969816
4	39	644.06511	Surface	Surface	28.13413167
4	40	668.2505752	Surface	Surface	29.27855417
4	41	680.4577274	Surface	Surface	41.67283244
4	42	699.0419072	Surface	Surface	27.95225465
4	43	709.5765447	Surface	Surface	28.71735648
4	44	728.7163926	Surface	Surface	29.07543194
4	45	734.5313784	Surface	Surface	29.54085919
4	46	755.0711862	Surface	Surface	28.86144908
4	47	775.4066486	Surface	Surface	24.09981125
4	48	799.1151972	Surface	Surface	32.68742378
4	49	820.5002216	Surface	Surface	25.57481516
4	50	834.6278681	Surface	Surface	26.09420322
4	51	844.0067301	Surface	Surface	30.56063051
4	52	853.9873025	Surface	Surface	34.76069644
4	53	872.908691	Surface	Surface	30.06481074
4	54	895.3097839	Surface	Surface	36.56499054
4	55	899.0651234	Surface	Surface	39.05613057
4	56	920.2183962	Surface	Surface	27.61359562
4	57	938.5940447	Surface	Surface	37.14651257
4	58	955.5429559	Surface	Surface	33.93988437
4	59	959.7958304	Surface	Surface	33.06386258
4	60	970.5673442	Surface	Surface	29.54269065
5	6	16.37104011	Surface	Surface	18.71611993
5	7	30.77165118	Surface	Surface	23.50546499
5	8	47.18301995	Surface	Surface	23.85413446
5	9	67.21830314	Surface	Surface	25.2366362
5	10	83.75477694	Surface	Surface	22.38785281
5	11	102.096653	Surface	Surface	23.97564764
5	12	123.0330018	Surface	Surface	20.17073743
5	13	146.2871358	Surface	Surface	21.99990846
5	14	171.6956312	Surface	Surface	30.80851642
5	15	191.1953428	Surface	Surface	21.25345585
5	16	207.1959447	Surface	Surface	24.87615073
5	17	228.5020899	Surface	Surface	26.9911876
5	18	252.0792683	Surface	Surface	24.17029771
5	19	273.4502452	Surface	Surface	26.57803769
5	20	293.4639241	Surface	Surface	20.6254561
5	21	300.4476919	Surface	Surface	23.77271181
5	22	317.7747808	Surface	Surface	20.43943684
5	23	333.076439	Surface	Surface	23.13824694
5	24	346.9781746	Surface	Surface	26.39221759
5	25	352.7513346	Surface	Surface	29.04608533
5	26	366.626645	Surface	Surface	27.08791532
5	27	379.9455308	Surface	Surface	29.0035937
5	28	398.7492921	Surface	Surface	25.97059583
5	29	419.1633687	Surface	Surface	33.72139388
5	30	431.2285923	Surface	Surface	29.29101074
5	31	453.0247976	Surface	Surface	36.72167061
5	32	473.9882475	Surface	Surface	42.43580673
5	33	495.6212141	Surface	Surface	32.67972878
5	34	517.9523872	Surface	Surface	33.45309773
5	35	540.5367341	Surface	Surface	29.44193881
5	36	584.167267	Surface	Surface	30.20573108
5	37	605.3429538	Surface	Surface	29.52809534
5	38	608.0879342	Surface	Surface	31.04652592
5	39	632.4347444	Surface	Surface	32.6304756
5	40	656.6209593	Surface	Surface	32.55961087
5	41	668.8321967	Surface	Surface	41.7416083
5	42	687.4187347	Surface	Surface	32.52624887
5	43	697.9541402	Surface	Surface	30.72001959
5	44	717.0986718	Surface	Surface	31.29232103
5	45	722.9157703	Surface	Surface	31.42795676
5	46	743.4622391	Surface	Surface	31.80518513
5	47	763.8047577	Surface	Surface	28.03898634
5	48	787.5147054	Surface	Surface	35.93457843
5	49	808.8928324	Surface	Surface	29.7849593
5	50	823.0136767	Surface	Surface	29.34368372
5	51	832.3834845	Surface	Surface	33.16855866
5	52	842.3625727	Surface	Surface	38.98234298
5	53	861.2849319	Surface	Surface	33.5532683
5	54	883.682566	Surface	Surface	42.04660862
5	55	887.4405967	Surface	Surface	43.44220754
5	56	908.6078631	Surface	Surface	32.33880067
5	57	926.9993313	Surface	Surface	42.16855428
5	58	943.9624777	Surface	Surface	37.9149226
5	59	948.2177171	Surface	Surface	37.13610917
5	60	958.9836369	Surface	Surface	33.3679939
6	7	14.40203593	Surface	Surface	17.37552392
6	8	30.81875617	Surface	Surface	20.6241322
6	9	50.85010941	Surface	Surface	23.40350134
6	10	67.39123211	Surface	Surface	21.1890604
6	11	85.74984117	Surface	Surface	20.2299979
6	12	106.7125449	Surface	Surface	21.17519831
6	13	130.011978	Surface	Surface	21.10387586
6	14	155.4589903	Surface	Surface	31.39720026
6	15	174.973766	Surface	Surface	21.4994114
6	16	190.9902857	Surface	Surface	21.98597045
6	17	212.3041437	Surface	Surface	29.079691
6	18	235.9120602	Surface	Surface	25.02330614
6	19	257.3441595	Surface	Surface	29.05257258
6	20	277.3872847	Surface	Surface	21.60670254
6	21	284.3958918	Surface	Surface	24.01409845
6	22	301.7818528	Surface	Surface	19.32134043
6	23	317.1367024	Surface	Surface	24.86357093
6	24	331.0585822	Surface	Surface	26.44730958
6	25	336.8265207	Surface	Surface	33.14968764
6	26	350.726839	Surface	Surface	29.75923246
6	27	364.0790592	Surface	Surface	32.96114109
6	28	382.8823341	Surface	Surface	26.97329272
6	29	403.2659983	Surface	Surface	32.2122263
6	30	415.3150734	Surface	Surface	27.888694
6	31	437.0927452	Surface	Surface	36.62134682
6	32	458.0329164	Surface	Surface	40.15864868
6	33	479.6365309	Surface	Surface	31.13059646
6	34	501.9561674	Surface	Surface	33.95338118
6	35	524.5301443	Surface	Surface	30.62928993
6	36	568.1422818	Surface	Surface	31.52182778
6	37	589.3139279	Surface	Surface	31.16725292
6	38	592.060198	Surface	Surface	29.32109961
6	39	616.410875	Surface	Surface	32.74364958
6	40	640.5937121	Surface	Surface	31.69486033
6	41	652.788715	Surface	Surface	40.42328756
6	42	671.3664069	Surface	Surface	30.74562976
6	43	681.8989876	Surface	Surface	34.18501935
6	44	701.0274995	Surface	Surface	31.54510587
6	45	706.8378217	Surface	Surface	32.05074273
6	46	727.3644022	Surface	Surface	31.10406681
6	47	747.6879555	Surface	Surface	27.38370374
6	48	771.3942827	Surface	Surface	35.61420018
6	49	792.7903525	Surface	Surface	28.46573277
6	50	806.9308017	Surface	Surface	27.32970957
6	51	816.3304552	Surface	Surface	32.94387409
6	52	826.3148862	Surface	Surface	38.13852317
6	53	845.2335978	Surface	Surface	32.64467353
6	54	867.6440757	Surface	Surface	39.2169881
6	55	871.3919285	Surface	Surface	41.68422489
6	56	892.5138124	Surface	Surface	33.55616448
6	57	910.8646189	Surface	Surface	38.60244888
6	58	927.7976037	Surface	Surface	35.65102378
6	59	932.0482904	Surface	Surface	36.91522512
6	60	942.8251353	Surface	Surface	31.04789592
7	8	16.45738878	Surface	Surface	18.4623056
7	9	36.44812011	Surface	Surface	22.47983564
7	10	52.99110862	Surface	Surface	20.37998553
7	11	71.36171245	Surface	Surface	19.14406676
7	12	92.34582963	Surface	Surface	21.22897375
7	13	115.6838738	Surface	Surface	21.3283981
7	14	141.162678	Surface	Surface	30.3645982
7	15	160.6885501	Surface	Surface	23.57609369
7	16	176.7174841	Surface	Surface	24.29510051
7	17	198.0359599	Surface	Surface	28.31170559
7	18	221.668828	Surface	Surface	24.2827793
7	19	243.1529653	Surface	Surface	28.98772443
7	20	263.2201822	Surface	Surface	22.71015314
7	21	270.2500927	Surface	Surface	23.76931279
7	22	287.6864824	Surface	Surface	22.99154403
7	23	303.0869267	Surface	Surface	25.10795895
7	24	317.0251857	Surface	Surface	27.1149756
7	25	322.7878986	Surface	Surface	33.74098085
7	26	336.7089539	Surface	Surface	28.79422641
7	27	350.089329	Surface	Surface	34.86612871
7	28	368.8904293	Surface	Surface	29.04268329
7	29	389.2457661	Surface	Surface	32.40667117
7	30	401.279896	Surface	Surface	26.17959435
7	31	423.040106	Surface	Surface	33.85810046
7	32	443.9590395	Surface	Surface	36.90198205
7	33	465.5364584	Surface	Surface	30.51449749
7	34	487.8453632	Surface	Surface	33.45842508
7	35	510.4097344	Surface	Surface	32.7080484
7	36	554.0050305	Surface	Surface	32.87166754
7	37	575.1727424	Surface	Surface	33.05318156
7	38	577.9200312	Surface	Surface	29.58271868
7	39	602.2733951	Surface	Surface	34.56082333
7	40	626.4528844	Surface	Surface	31.31887703
7	41	638.6340741	Surface	Surface	38.97355646
7	42	657.2040603	Surface	Surface	31.88539168
7	43	667.7341148	Surface	Surface	35.10110105
7	44	686.8490367	Surface	Surface	30.27510279
7	45	692.6536687	Surface	Surface	34.75708934
7	46	713.1635792	Surface	Surface	35.73985255
7	47	733.4713431	Surface	Surface	27.08245099
7	48	757.174467	Surface	Surface	40.8049342
7	49	778.5849897	Surface	Surface	31.46729887
7	50	792.7413709	Surface	Surface	27.71869096
7	51	802.1655012	Surface	Surface	35.84663708
7	52	812.1542302	Surface	Surface	40.99474966
7	53	831.0697226	Surface	Surface	35.87840273
7	54	853.4905608	Surface	Surface	42.41401896
7	55	857.2299784	Surface	Surface	45.80480185
7	56	878.3144315	Surface	Surface	35.20998376
7	57	896.6320631	Surface	Surface	42.30845237
7	58	913.5406829	Surface	Surface	39.58446432
7	59	917.7877056	Surface	Surface	40.80665396
7	60	928.573236	Surface	Surface	33.41308472
8	9	20.15820634	Surface	Surface	19.37348343
8	10	36.70869224	Surface	Surface	19.88222104
8	11	55.14750154	Surface	Surface	22.04163712
8	12	76.2050147	Surface	Surface	21.18215724
8	13	99.64871939	Surface	Surface	19.15996381
8	14	125.1956752	Surface	Surface	27.67069941
8	15	144.738283	Surface	Surface	22.74140432
8	16	160.7894411	Surface	Surface	23.97013254
8	17	182.1104162	Surface	Surface	26.96514037
8	18	205.7912933	Surface	Surface	20.85759633
8	19	227.3781935	Surface	Surface	25.49190477
8	20	247.4879739	Surface	Surface	19.20334486
8	21	254.5576475	Surface	Surface	22.11721806
8	22	272.0851689	Surface	Surface	23.65741077
8	23	287.5653634	Surface	Surface	22.8455624
8	24	301.5295757	Surface	Surface	25.63458713
8	25	307.2815015	Surface	Surface	32.09337067
8	26	321.2363134	Surface	Surface	25.83439787
8	27	334.6632566	Surface	Surface	33.26311879
8	28	353.456642	Surface	Surface	26.68792342
8	29	373.7587415	Surface	Surface	28.65833466
8	30	385.7646573	Surface	Surface	23.17463632
8	31	407.4909265	Surface	Surface	29.72662268
8	32	428.3695471	Surface	Surface	32.42263001
8	33	449.8977005	Surface	Surface	29.0906123
8	34	472.1851648	Surface	Surface	30.97451347
8	35	494.7302801	Surface	Surface	31.14371939
8	36	538.2918731	Surface	Surface	31.59124277
8	37	559.4511297	Surface	Surface	30.34483724
8	38	562.2001263	Surface	Surface	27.67860134
8	39	586.5570708	Surface	Surface	31.46226549
8	40	610.7292511	Surface	Surface	28.74019287
8	41	622.8845927	Surface	Surface	38.19918101
8	42	641.4395864	Surface	Surface	30.15688133
8	43	651.9645494	Surface	Surface	32.14793053
8	44	671.0534958	Surface	Surface	30.99023028
8	45	676.8472709	Surface	Surface	34.25331648
8	46	697.3250159	Surface	Surface	33.99406373
8	47	717.6019194	Surface	Surface	25.3103009
8	48	741.298223	Surface	Surface	41.15740802
8	49	762.7359618	Surface	Surface	32.50850345
8	50	776.9221011	Surface	Surface	26.18698927
8	51	786.391415	Surface	Surface	34.70377792
8	52	796.3877583	Surface	Surface	39.71466732
8	53	815.2968637	Surface	Surface	33.97793972
8	54	837.7360582	Surface	Surface	41.35323735
8	55	841.4600054	Surface	Surface	44.72040768
8	56	862.474498	Surface	Surface	32.66159995
8	57	880.7281328	Surface	Surface	40.26381954
8	58	897.5881433	Surface	Surface	38.83659721
8	59	901.8276951	Surface	Surface	38.12557197
8	60	912.6305606	Surface	Surface	32.45671054
9	10	16.55677743	Surface	Surface	17.49630954
9	11	34.98951096	Surface	Surface	21.03142817
9	12	56.05481794	Surface	Surface	19.10366788
9	13	79.52539463	Surface	Surface	22.56687339
9	14	105.0927055	Surface	Surface	27.92539833
9	15	124.637719	Surface	Surface	24.78341504
9	16	140.6952193	Surface	Surface	24.84748475
9	17	162.0137761	Surface	Surface	23.15112143
9	18	185.7122761	Surface	Surface	19.10343911
9	19	207.3460208	Surface	Surface	22.77359355
9	20	227.47525	Surface	Surface	18.79312502
9	21	234.5656729	Surface	Surface	21.7052484
9	22	252.1432471	Surface	Surface	24.33779518
9	23	267.6699041	Surface	Surface	22.59290808
9	24	281.6481699	Surface	Surface	21.6792801
9	25	287.392321	Surface	Surface	28.27231493
9	26	301.366427	Surface	Surface	23.89879533
9	27	314.8214739	Surface	Surface	32.36480535
9	28	333.6071658	Surface	Surface	25.27003403
9	29	353.8730427	Surface	Surface	26.36945458
9	30	365.8603776	Surface	Surface	21.23377037
9	31	387.5644065	Surface	Surface	26.79651609
9	32	408.4181405	Surface	Surface	29.30581734
9	33	429.9176263	Surface	Surface	25.88080193
9	34	452.1925134	Surface	Surface	28.67665002
9	35	474.7266165	Surface	Surface	30.57344836
9	36	518.2696973	Surface	Surface	29.41567376
9	37	539.4242099	Surface	Surface	28.09002908
9	38	542.1739665	Surface	Surface	25.94419415
9	39	566.5320381	Surface	Surface	29.01800261
9	40	590.7001067	Surface	Surface	27.1929892
9	41	602.8429258	Surface	Surface	38.00068682
9	42	621.3906571	Surface	Surface	30.03586892
9	43	631.9131262	Surface	Surface	31.12234512
9	44	650.9902547	Surface	Surface	28.81451267
9	45	656.7792725	Surface	Surface	35.3203436
9	46	677.2434112	Surface	Surface	34.57952297
9	47	697.5080415	Surface	Surface	27.70691173
9	48	721.2015727	Surface	Surface	43.25283471
9	49	742.6495312	Surface	Surface	33.42726439
9	50	756.8475365	Surface	Surface	28.8510607
9	51	766.3361285	Surface	Surface	35.3728605
9	52	776.3357542	Surface	Surface	38.47996098
9	53	795.2418096	Surface	Surface	33.46797587
9	54	817.6890048	Surface	Surface	39.76842248
9	55	821.4059668	Surface	Surface	44.41068275
9	56	842.390844	Surface	Surface	31.69134584
9	57	860.6206222	Surface	Surface	39.63508977
9	58	877.4648826	Surface	Surface	38.45427432
9	59	881.7022106	Surface	Surface	36.41490629
9	60	892.5102389	Surface	Surface	31.84489442
10	11	18.46178099	Surface	Surface	19.45706647
10	12	39.55566823	Surface	Surface	15.90299767
10	13	63.07950164	Surface	Surface	20.44371659
10	14	88.67257235	Surface	Surface	26.35966663
10	15	108.215277	Surface	Surface	20.3204849
10	16	124.2787891	Surface	Surface	20.60288931
10	17	145.5897721	Surface	Surface	21.86668152
10	18	169.3101221	Surface	Surface	19.48636781
10	19	191.0031459	Surface	Surface	21.76902026
10	20	211.1539349	Surface	Surface	17.9460857
10	21	218.268899	Surface	Surface	20.64757564
10	22	235.9036556	Surface	Surface	24.4106708
10	23	251.4816431	Surface	Surface	19.48207205
10	24	265.473637	Surface	Surface	22.38007308
10	25	271.2081081	Surface	Surface	27.35338985
10	26	285.2019186	Surface	Surface	22.61488887
10	27	298.6863196	Surface	Surface	29.21053437
10	28	317.4610872	Surface	Surface	22.98665837
10	29	337.6848154	Surface	Surface	27.37058485
10	30	349.6504771	Surface	Surface	21.22356378
10	31	371.3281088	Surface	Surface	27.60194875
10	32	392.1527109	Surface	Surface	32.00926324
10	33	413.6187622	Surface	Surface	25.40695896
10	34	435.8784205	Surface	Surface	26.62299084
10	35	458.3991498	Surface	Surface	26.8092118
10	36	501.9197138	Surface	Surface	26.41711184
10	37	523.0682514	Surface	Surface	26.65384524
10	38	525.8188275	Surface	Surface	24.14301037
10	39	550.177693	Surface	Surface	28.12398135
10	40	574.3405649	Surface	Surface	25.37513028
10	41	586.4686502	Surface	Surface	39.03263527
10	42	605.0075998	Surface	Surface	28.54667303
10	43	615.526991	Surface	Surface	30.62506088
10	44	634.5898694	Surface	Surface	26.21531031
10	45	640.373121	Surface	Surface	32.87892476
10	46	660.8205203	Surface	Surface	33.71742825
10	47	681.0697108	Surface	Surface	24.98937475
10	48	704.7595704	Surface	Surface	39.1556175
10	49	726.2201715	Surface	Surface	30.84091884
10	50	740.4325645	Surface	Surface	26.55154938
10	51	749.9440007	Surface	Surface	34.2772892
10	52	759.9473779	Surface	Surface	38.61654863
10	53	778.8497102	Surface	Surface	33.50762469
10	54	801.3060327	Surface	Surface	41.09943829
10	55	805.0148477	Surface	Surface	44.01602122
10	56	825.9642706	Surface	Surface	30.79957747
10	57	844.1639632	Surface	Surface	39.89722411
10	58	860.987051	Surface	Surface	37.47678225
10	59	865.221257	Surface	Surface	36.8031207
10	60	876.0364136	Surface	Surface	31.9635941
11	12	21.09937133	Surface	Surface	21.49308211
11	13	44.64839931	Surface	Surface	23.68268037
11	14	70.25058267	Surface	Surface	29.30276207
11	15	89.7874755	Surface	Surface	24.51265457
11	16	105.8523356	Surface	Surface	23.26780717
11	17	127.1567155	Surface	Surface	27.95972114
11	18	150.8877641	Surface	Surface	22.9235785
11	19	172.6171104	Surface	Surface	27.40266498
11	20	192.7809334	Surface	Surface	22.08573436
11	21	199.9128197	Surface	Surface	24.49675398
11	22	217.5887317	Surface	Surface	23.06563873
11	23	233.2053677	Surface	Surface	24.57807502
11	24	247.2066645	Surface	Surface	25.434439
11	25	252.9326917	Surface	Surface	32.23728799
11	26	266.9407567	Surface	Surface	27.61105915
11	27	280.4474928	Surface	Surface	34.35411662
11	28	299.2115309	Surface	Surface	28.1392844
11	29	319.4003778	Surface	Surface	29.58448936
11	30	331.3486982	Surface	Surface	25.080181
11	31	353.0055599	Surface	Surface	32.097522
11	32	373.8084128	Surface	Surface	35.64771748
11	33	395.250896	Surface	Surface	29.14261317
11	34	417.5000295	Surface	Surface	31.78117237
11	35	440.0118103	Surface	Surface	31.4921306
11	36	483.5180195	Surface	Surface	30.34533648
11	37	504.662818	Surface	Surface	30.51986171
11	38	507.4138399	Surface	Surface	27.9439204
11	39	531.772917	Surface	Surface	32.15715955
11	40	555.932581	Surface	Surface	30.41258399
11	41	568.0523607	Surface	Surface	38.07534168
11	42	586.5864832	Surface	Surface	29.87765936
11	43	597.1042005	Surface	Surface	33.81892457
11	44	616.1597813	Surface	Surface	29.77322667
11	45	621.9402235	Surface	Surface	33.79563504
11	46	642.3799373	Surface	Surface	32.18138169
11	47	662.6227633	Surface	Surface	26.05071359
11	48	686.3111895	Surface	Surface	39.44978472
11	49	707.7766902	Surface	Surface	30.48867945
11	50	721.9952454	Surface	Surface	28.71706183
11	51	731.5175416	Surface	Surface	33.59057383
11	52	741.5227783	Surface	Surface	37.38116353
11	53	760.4231665	Surface	Surface	32.3642203
11	54	782.8840609	Surface	Surface	38.89794077
11	55	786.5887116	Surface	Surface	43.16096433
11	56	807.5217382	Surface	Surface	31.7884235
11	57	825.7104011	Surface	Surface	38.82501484
11	58	842.5280086	Surface	Surface	36.2986039
11	59	846.7616162	Surface	Surface	37.76170379
11	60	857.5782167	Surface	Surface	29.60159916
12	13	23.57375183	Surface	Surface	18.97774077
12	14	49.17582743	Surface	Surface	26.78305714
12	15	68.70334618	Surface	Surface	21.04767362
12	16	84.76790189	Surface	Surface	22.2871349
12	17	106.0661091	Surface	Surface	21.98831343
12	18	129.8041683	Surface	Surface	20.55335797
12	19	151.5638529	Surface	Surface	22.09528089
12	20	171.7384482	Surface	Surface	18.32276145
12	21	178.8860944	Surface	Surface	20.357512
12	22	196.6016028	Surface	Surface	23.03540387
12	23	212.2565101	Surface	Surface	21.88046089
12	24	226.2658596	Surface	Surface	22.77140033
12	25	231.9824693	Surface	Surface	24.9464347
12	26	246.0038473	Surface	Surface	22.85425034
12	27	259.5324234	Surface	Surface	28.18347728
12	28	278.2835823	Surface	Surface	22.8705141
12	29	298.4357457	Surface	Surface	27.78094676
12	30	310.3663943	Surface	Surface	23.33977028
12	31	332.0024838	Surface	Surface	30.08430289
12	32	352.7846231	Surface	Surface	33.62584674
12	33	374.2058871	Surface	Surface	24.7427837
12	34	396.4458431	Surface	Surface	28.08485021
12	35	418.9501142	Surface	Surface	27.69933321
12	36	462.4449667	Surface	Surface	26.43059463
12	37	483.5869305	Surface	Surface	27.2342108
12	38	486.3382597	Surface	Surface	26.24216136
12	39	510.6973758	Surface	Surface	29.9263759
12	40	534.8546676	Surface	Surface	27.64070166
12	41	546.9687839	Surface	Surface	39.02680804
12	42	565.4997938	Surface	Surface	29.42754446
12	43	576.0164674	Surface	Surface	29.14542926
12	44	595.0678498	Surface	Surface	28.3606561
12	45	600.8468275	Surface	Surface	33.35255585
12	46	621.2830971	Surface	Surface	33.25222075
12	47	641.5239676	Surface	Surface	25.16893338
12	48	665.2121166	Surface	Surface	38.44584157
12	49	686.6788147	Surface	Surface	30.13004782
12	50	700.8996992	Surface	Surface	24.69035648
12	51	710.4274748	Surface	Surface	33.61997001
12	52	720.4337642	Surface	Surface	37.94433715
12	53	739.3330232	Surface	Surface	33.67024556
12	54	761.7965493	Surface	Surface	40.5988339
12	55	765.4987731	Surface	Surface	43.87265546
12	56	786.4241447	Surface	Surface	30.68108881
12	57	804.611141	Surface	Surface	40.35974455
12	58	821.4313948	Surface	Surface	37.59891254
12	59	825.6657441	Surface	Surface	36.51653001
12	60	836.4808049	Surface	Surface	30.79195684
13	14	25.60386759	Surface	Surface	26.44519241
13	15	45.13923986	Surface	Surface	20.78185806
13	16	61.20402268	Surface	Surface	22.95824031
13	17	82.51100679	Surface	Surface	27.66720193
13	18	106.2393802	Surface	Surface	21.90131619
13	19	127.9903168	Surface	Surface	26.08732849
13	20	148.1664042	Surface	Surface	20.53099639
13	21	155.318395	Surface	Surface	24.29445475
13	22	173.0513985	Surface	Surface	22.0191541
13	23	188.7283625	Surface	Surface	23.75294545
13	24	202.7420297	Surface	Surface	25.21220931
13	25	208.4522431	Surface	Surface	31.1397671
13	26	222.4813759	Surface	Surface	25.84601121
13	27	236.0237727	Surface	Surface	31.01546468
13	28	254.7653042	Surface	Surface	25.69786746
13	29	274.8944276	Surface	Surface	28.43804404
13	30	286.8154211	Surface	Surface	24.82286774
13	31	308.4416554	Surface	Surface	31.05989154
13	32	329.216187	Surface	Surface	35.46473294
13	33	350.6327783	Surface	Surface	29.83836046
13	34	372.8720948	Surface	Surface	28.7368139
13	35	395.3767253	Surface	Surface	28.12789763
13	36	438.8742242	Surface	Surface	28.74122851
13	37	460.0173927	Surface	Surface	28.88390758
13	38	462.7685809	Surface	Surface	26.75316902
13	39	487.1276908	Surface	Surface	29.6491628
13	40	511.2861789	Surface	Surface	27.96600885
13	41	523.4041515	Surface	Surface	38.41972139
13	42	541.9381145	Surface	Surface	29.23781323
13	43	552.4559575	Surface	Surface	30.81953951
13	44	571.5133623	Surface	Surface	29.98524406
13	45	577.2951595	Surface	Surface	32.41341689
13	46	597.7410728	Surface	Surface	34.38921422
13	47	617.9929969	Surface	Surface	25.16751802
13	48	641.6841822	Surface	Surface	37.32030954
13	49	663.1413816	Surface	Surface	30.07497727
13	50	677.3532517	Surface	Surface	26.12729261
13	51	686.8699702	Surface	Surface	32.78747496
13	52	696.8748149	Surface	Surface	39.0399434
13	53	715.7756226	Surface	Surface	33.69728689
13	54	738.2357653	Surface	Surface	41.79386517
13	55	741.9410731	Surface	Surface	43.04260712
13	56	762.8851505	Surface	Surface	30.05130424
13	57	781.0967482	Surface	Surface	40.2621261
13	58	797.9412271	Surface	Surface	36.82630591
13	59	802.179781	Surface	Surface	35.07923628
13	60	812.9854959	Surface	Surface	31.5598648
14	15	19.54517492	Surface	Surface	20.13287229
14	16	35.60649563	Surface	Surface	22.10325682
14	17	56.92170595	Surface	Surface	25.70236414
14	18	80.63853914	Surface	Surface	26.69886263
14	19	102.3940149	Surface	Surface	21.77888764
14	20	122.5765081	Surface	Surface	27.80866841
14	21	129.7408044	Surface	Surface	23.49933143
14	22	147.5104598	Surface	Surface	32.68941523
14	23	163.2266093	Surface	Surface	25.10644658
14	24	177.2460727	Surface	Surface	24.58981129
14	25	182.9445454	Surface	Surface	25.01953137
14	26	196.985567	Surface	Surface	20.16913552
14	27	210.549485	Surface	Surface	21.53622844
14	28	229.2735814	Surface	Surface	22.29947019
14	29	249.3631989	Surface	Surface	24.41682457
14	30	261.267008	Surface	Surface	22.83253817
14	31	282.8747245	Surface	Surface	27.01097402
14	32	303.6335082	Surface	Surface	34.6545649
14	33	325.0373485	Surface	Surface	26.2078292
14	34	347.2725101	Surface	Surface	23.13251896
14	35	369.7746293	Surface	Surface	23.31224192
14	36	413.270363	Surface	Surface	20.63317349
14	37	434.4135967	Surface	Surface	23.35645589
14	38	437.1647658	Surface	Surface	24.60067187
14	39	461.5238736	Surface	Surface	25.2571553
14	40	485.6825872	Surface	Surface	26.38326534
14	41	497.8020171	Surface	Surface	42.79057408
14	42	516.337519	Surface	Surface	27.13579919
14	43	526.8560329	Surface	Surface	28.28449311
14	44	545.9173218	Surface	Surface	31.17900512
14	45	551.7011112	Surface	Surface	29.95306723
14	46	572.1543568	Surface	Surface	33.66847694
14	47	592.4153391	Surface	Surface	24.37185499
14	48	616.1090203	Surface	Surface	34.88123656
14	49	637.5581883	Surface	Surface	29.0987816
14	50	651.762902	Surface	Surface	25.02388664
14	51	661.2717851	Surface	Surface	32.94566784
14	52	671.2757175	Surface	Surface	37.92933703
14	53	690.177481	Surface	Surface	32.08346429
14	54	712.6355554	Surface	Surface	39.0349321
14	55	716.3427224	Surface	Surface	40.83434244
14	56	737.3004626	Surface	Surface	25.9334646
14	57	755.5328404	Surface	Surface	37.82534322
14	58	772.3991771	Surface	Surface	35.92583924
14	59	776.6416063	Surface	Surface	33.87428358
14	60	787.4386383	Surface	Surface	32.96341108
15	16	16.06491343	Surface	Surface	16.52388829
15	17	37.37656191	Surface	Surface	23.70481367
15	18	61.10104869	Surface	Surface	23.74625562
15	19	82.9066985	Surface	Surface	21.92035819
15	20	103.1027007	Surface	Surface	22.50251447
15	21	110.2921355	Surface	Surface	20.93676536
15	22	128.1219218	Surface	Surface	25.79533493
15	23	143.8928052	Surface	Surface	20.02655217
15	24	157.9166103	Surface	Surface	23.2468028
15	25	163.597238	Surface	Surface	26.63750942
15	26	177.6517955	Surface	Surface	20.47755499
15	27	191.2417427	Surface	Surface	22.68359693
15	28	209.9396524	Surface	Surface	18.70038933
15	29	229.9734721	Surface	Surface	27.16435103
15	30	241.8518872	Surface	Surface	23.1106124
15	31	263.430593	Surface	Surface	30.87547505
15	32	284.162725	Surface	Surface	36.69304289
15	33	305.5412583	Surface	Surface	27.51739334
15	34	327.7658673	Surface	Surface	25.92552902
15	35	350.2597805	Surface	Surface	21.99793029
15	36	393.7439634	Surface	Surface	23.15738955
15	37	414.8844858	Surface	Surface	22.55918798
15	38	417.6359351	Surface	Surface	25.21782348
15	39	441.9950399	Surface	Surface	26.86470582
15	40	466.1515729	Surface	Surface	26.76933059
15	41	478.2660738	Surface	Surface	41.89967139
15	42	496.7990412	Surface	Surface	27.11343249
15	43	507.3167457	Surface	Surface	27.77703725
15	44	526.374993	Surface	Surface	29.69394685
15	45	532.1578452	Surface	Surface	29.11319744
15	46	552.6094	Surface	Surface	30.05120528
15	47	572.8703391	Surface	Surface	21.47472927
15	48	596.5642425	Surface	Surface	30.71483271
15	49	618.0130249	Surface	Surface	26.80694325
15	50	632.2185303	Surface	Surface	22.81034357
15	51	641.7308772	Surface	Surface	31.16203674
15	52	651.7355882	Surface	Surface	34.76764739
15	53	670.6365407	Surface	Surface	28.96893336
15	54	693.0965869	Surface	Surface	36.82611278
15	55	696.8019486	Surface	Surface	38.6010312
15	56	717.75536	Surface	Surface	26.11616064
15	57	735.9898502	Surface	Surface	36.80422244
15	58	752.8621954	Surface	Surface	33.72152392
15	59	757.1059174	Surface	Surface	32.58108012
15	60	767.9001144	Surface	Surface	29.64858716
16	17	21.32142896	Surface	Surface	23.31603014
16	18	45.03628201	Surface	Surface	23.09025578
16	19	66.87414071	Surface	Surface	21.56594867
16	20	87.07756883	Surface	Surface	21.72684116
16	21	94.28630471	Surface	Surface	21.15670027
16	22	112.1628677	Surface	Surface	26.69338758
16	23	127.976443	Surface	Surface	21.99052359
16	24	142.0003687	Surface	Surface	22.39759515
16	25	147.6649079	Surface	Surface	24.48044062
16	26	161.7280063	Surface	Surface	20.92836018
16	27	175.3368793	Surface	Surface	23.30678013
16	28	194.0110409	Surface	Surface	20.18053205
16	29	213.9998944	Surface	Surface	24.55444109
16	30	225.8588548	Surface	Surface	22.29301169
16	31	247.4162096	Surface	Surface	29.09183814
16	32	268.1301865	Surface	Surface	35.40918029
16	33	289.493183	Surface	Surface	26.14373556
16	34	311.71196	Surface	Surface	24.66345835
16	35	334.2018004	Surface	Surface	23.59673179
16	36	377.681292	Surface	Surface	22.66124284
16	37	398.8209722	Surface	Surface	22.13923501
16	38	401.5724988	Surface	Surface	24.19122848
16	39	425.9315881	Surface	Surface	24.84917293
16	40	450.0875439	Surface	Surface	25.79122765
16	41	462.201226	Surface	Surface	40.00353158
16	42	480.7341565	Surface	Surface	25.11039133
16	43	491.2519358	Surface	Surface	26.76040809
16	44	510.3111128	Surface	Surface	26.95500037
16	45	516.0946292	Surface	Surface	28.4133843
16	46	536.5491487	Surface	Surface	29.83137362
16	47	556.8143426	Surface	Surface	22.73577744
16	48	580.5094548	Surface	Surface	31.64985847
16	49	601.9543218	Surface	Surface	25.9443584
16	50	616.1567	Surface	Surface	24.00765692
16	51	625.666407	Surface	Surface	29.50937375
16	52	635.6709226	Surface	Surface	33.70631295
16	53	654.5720815	Surface	Surface	28.782839
16	54	677.0317471	Surface	Surface	35.37052952
16	55	680.7374415	Surface	Surface	36.87100327
16	56	701.6959115	Surface	Surface	25.35687356
16	57	719.940613	Surface	Surface	33.45269415
16	58	736.8247663	Surface	Surface	31.23716308
16	59	741.0706399	Surface	Surface	32.16288875
16	60	751.8599804	Surface	Surface	28.41192853
17	18	23.76782633	Surface	Surface	24.59256807
17	19	45.76583084	Surface	Surface	18.28799427
17	20	65.96845614	Surface	Surface	22.49418735
17	21	73.23017549	Surface	Surface	19.74689738
17	22	91.21574297	Surface	Surface	28.61840355
17	23	107.1171773	Surface	Surface	20.69641155
17	24	121.1288027	Surface	Surface	21.32884857
17	25	126.752448	Surface	Surface	19.88265092
17	26	140.8262361	Surface	Surface	17.64208669
17	27	154.4691551	Surface	Surface	25.89219542
17	28	173.0841003	Surface	Surface	24.15493239
17	29	192.968826	Surface	Surface	28.58145778
17	30	204.7814511	Surface	Surface	22.38022247
17	31	226.2857997	Surface	Surface	26.35771168
17	32	246.9527539	Surface	Surface	32.19829865
17	33	268.271733	Surface	Surface	23.32886238
17	34	290.47154	Surface	Surface	26.086628
17	35	312.9466011	Surface	Surface	26.36262351
17	36	356.4050692	Surface	Surface	24.8337277
17	37	377.5396338	Surface	Surface	24.10921064
17	38	380.2916363	Surface	Surface	25.39560066
17	39	404.6504777	Surface	Surface	27.57127055
17	40	428.8023184	Surface	Surface	26.05931096
17	41	440.9067528	Surface	Surface	41.58040521
17	42	459.4346039	Surface	Surface	30.00943015
17	43	469.9506893	Surface	Surface	26.68792785
17	44	489.00307	Surface	Surface	27.74186577
17	45	494.7841954	Surface	Surface	33.22297893
17	46	515.232975	Surface	Surface	35.2147938
17	47	535.494621	Surface	Surface	29.81289336
17	48	559.1891802	Surface	Surface	40.61825588
17	49	580.6364866	Surface	Surface	33.02535897
17	50	594.8429448	Surface	Surface	28.13616195
17	51	604.3614923	Surface	Surface	36.03867824
17	52	614.3676584	Surface	Surface	40.76002508
17	53	633.2670659	Surface	Surface	36.09197105
17	54	655.730804	Surface	Surface	42.9751839
17	55	659.4327601	Surface	Surface	44.05530243
17	56	680.3788043	Surface	Surface	31.48174419
17	57	698.61921	Surface	Surface	41.82628346
17	58	715.5051726	Surface	Surface	39.93870305
17	59	719.7517462	Surface	Surface	37.9651204
17	60	730.5396336	Surface	Surface	35.06922793
18	19	22.13349441	Surface	Surface	21.50225208
18	20	42.27977699	Surface	Surface	18.04606403
18	21	49.58121466	Surface	Surface	21.2411982
18	22	67.64626788	Surface	Surface	23.4216202
18	23	83.6113928	Surface	Surface	21.19768226
18	24	97.59494469	Surface	Surface	22.66141106
18	25	103.1771498	Surface	Surface	26.82875107
18	26	117.2506197	Surface	Surface	22.52623827
18	27	130.9143342	Surface	Surface	29.99266141
18	28	149.4738122	Surface	Surface	25.22020475
18	29	169.2812442	Surface	Surface	25.83126305
18	30	181.0652821	Surface	Surface	20.17128947
18	31	202.5425316	Surface	Surface	25.805571
18	32	223.192559	Surface	Surface	30.19794145
18	33	244.504071	Surface	Surface	25.18559045
18	34	266.7043054	Surface	Surface	25.07753433
18	35	289.1819131	Surface	Surface	28.98894042
18	36	332.6487409	Surface	Surface	27.23800391
18	37	353.7865182	Surface	Surface	25.08973805
18	38	356.5382036	Surface	Surface	24.43752828
18	39	380.8972396	Surface	Surface	27.14164752
18	40	405.052075	Surface	Surface	25.07640365
18	41	417.1650509	Surface	Surface	38.19224661
18	42	435.6990569	Surface	Surface	27.33526473
18	43	446.2174988	Surface	Surface	29.13800901
18	44	465.2815524	Surface	Surface	28.70948719
18	45	471.0679606	Surface	Surface	32.01640548
18	46	491.5341538	Surface	Surface	34.39820766
18	47	511.8148914	Surface	Surface	26.38737165
18	48	535.5141484	Surface	Surface	40.6606873
18	49	556.9447898	Surface	Surface	30.46778511
18	50	571.135388	Surface	Surface	27.54117769
18	51	580.6339174	Surface	Surface	32.97584833
18	52	590.6373652	Surface	Surface	40.57426245
18	53	609.5396325	Surface	Surface	34.53523569
18	54	631.9970253	Surface	Surface	41.66002001
18	55	635.7047331	Surface	Surface	44.1478012
18	56	656.6832915	Surface	Surface	31.04939953
18	57	674.9635288	Surface	Surface	40.27622003
18	58	691.8870385	Surface	Surface	37.15544831
18	59	696.1399658	Surface	Surface	36.33053429
18	60	706.9131382	Surface	Surface	33.26530966
19	20	20.20846892	Surface	Surface	21.12207043
19	21	27.46835537	Surface	Surface	20.07358364
19	22	45.51298206	Surface	Surface	29.9618738
19	23	61.4810942	Surface	Surface	20.75253577
19	24	75.46155843	Surface	Surface	21.54017105
19	25	81.04587699	Surface	Surface	19.44365482
19	26	95.11990169	Surface	Surface	16.57988793
19	27	108.7817351	Surface	Surface	23.233996
19	28	127.3518525	Surface	Surface	21.71823376
19	29	147.203233	Surface	Surface	25.7083005
19	30	159.019976	Surface	Surface	21.1076797
19	31	180.547795	Surface	Surface	25.25168557
19	32	201.2573058	Surface	Surface	30.89013005
19	33	222.6433534	Surface	Surface	21.37467671
19	34	244.8834097	Surface	Surface	24.49026754
19	35	267.3965795	Surface	Surface	25.528832
19	36	310.9239638	Surface	Surface	22.19600084
19	37	332.0783202	Surface	Surface	22.36304884
19	38	334.8279977	Surface	Surface	25.43737361
19	39	359.186021	Surface	Surface	25.11547324
19	40	383.3547592	Surface	Surface	25.00922685
19	41	395.5065744	Surface	Surface	41.47080417
19	42	414.0646397	Surface	Surface	27.41070084
19	43	424.5915312	Surface	Surface	26.09034607
19	44	443.6967968	Surface	Surface	28.42684381
19	45	449.5007251	Surface	Surface	33.00089908
19	46	470.0203658	Surface	Surface	32.51045276
19	47	490.3545165	Surface	Surface	26.95316803
19	48	514.0648312	Surface	Surface	39.03999309
19	49	535.447417	Surface	Surface	31.6598424
19	50	549.5896958	Surface	Surface	26.7779284
19	51	559.021118	Surface	Surface	33.97531628
19	52	569.0142559	Surface	Surface	37.51716772
19	53	587.9261058	Surface	Surface	32.01020204
19	54	610.3592924	Surface	Surface	39.4161899
19	55	614.0880673	Surface	Surface	41.9518818
19	56	635.1696554	Surface	Surface	27.93709833
19	57	653.5562829	Surface	Surface	38.6721182
19	58	670.5692989	Surface	Surface	37.56349143
19	59	674.8365724	Surface	Surface	34.99393396
19	60	685.5751488	Surface	Surface	32.22456337
20	21	7.356684003	Surface	Surface	19.94114293
20	22	25.49726226	Surface	Surface	22.03194811
20	23	41.51945583	Surface	Surface	21.63268336
20	24	55.42597465	Surface	Surface	22.07911248
20	25	60.95247258	Surface	Surface	24.9208937
20	26	75.01737649	Surface	Surface	22.35056391
20	27	88.69385966	Surface	Surface	29.23836627
20	28	107.2082888	Surface	Surface	25.07988731
20	29	127.0071828	Surface	Surface	28.22375007
20	30	138.8135293	Surface	Surface	23.31913208
20	31	160.3405026	Surface	Surface	28.54740098
20	32	181.0607531	Surface	Surface	32.76622013
20	33	202.470018	Surface	Surface	26.9146711
20	34	224.7245801	Surface	Surface	28.11799545
20	35	247.2516244	Surface	Surface	27.57957744
20	36	290.8042183	Surface	Surface	27.9330018
20	37	311.9652979	Surface	Surface	26.4662333
20	38	314.7138513	Surface	Surface	25.24336669
20	39	339.0701385	Surface	Surface	27.96740508
20	40	363.2444224	Surface	Surface	26.25219693
20	41	375.4147532	Surface	Surface	37.39815737
20	42	393.9841202	Surface	Surface	27.07582622
20	43	404.5148539	Surface	Surface	28.2537942
20	44	423.640745	Surface	Surface	25.66807496
20	45	429.453743	Surface	Surface	30.91385435
20	46	450.001561	Surface	Surface	32.71420574
20	47	470.3647464	Surface	Surface	25.75506832
20	48	494.0801817	Surface	Surface	38.43103612
20	49	515.4347702	Surface	Surface	28.88152908
20	50	529.5502287	Surface	Surface	26.60622181
20	51	538.9464608	Surface	Surface	32.07734675
20	52	548.9341651	Surface	Surface	39.70583597
20	53	567.850352	Surface	Surface	34.09860037
20	54	590.2710434	Surface	Surface	41.54027526
20	55	594.0101462	Surface	Surface	43.22507885
20	56	615.1448373	Surface	Surface	30.24878047
20	57	633.5901807	Surface	Surface	39.02789901
20	58	650.6549014	Surface	Surface	37.21137833
20	59	654.9305772	Surface	Surface	36.14874007
20	60	665.6482403	Surface	Surface	32.60142128
21	22	18.14068718	Surface	Surface	23.92449029
21	23	34.16277717	Surface	Surface	20.08157918
21	24	48.0750067	Surface	Surface	22.26210316
21	25	53.614225	Surface	Surface	22.93360873
21	26	67.68311943	Surface	Surface	20.32838556
21	27	81.3559776	Surface	Surface	25.51033212
21	28	99.89279988	Surface	Surface	23.00544445
21	29	119.7403034	Surface	Surface	26.23159136
21	30	131.5746819	Surface	Surface	21.1661333
21	31	153.1390154	Surface	Surface	26.31217528
21	32	173.898594	Surface	Surface	31.72486348
21	33	195.353211	Surface	Surface	25.0489253
21	34	217.6288014	Surface	Surface	26.6933691
21	35	240.1736526	Surface	Surface	25.96006452
21	36	283.7550527	Surface	Surface	25.89431955
21	37	304.922849	Surface	Surface	24.86239333
21	38	307.6700066	Surface	Surface	25.82097056
21	39	332.0233377	Surface	Surface	27.54437326
21	40	356.2030033	Surface	Surface	25.05810013
21	41	368.3928937	Surface	Surface	39.03836771
21	42	386.9733049	Surface	Surface	28.83361747
21	43	397.5075859	Surface	Surface	27.6779894
21	44	416.6531158	Surface	Surface	28.14135584
21	45	422.4745483	Surface	Surface	31.04977517
21	46	443.047581	Surface	Surface	32.41034703
21	47	463.4355684	Surface	Surface	25.44434928
21	48	487.1546852	Surface	Surface	38.26913196
21	49	508.4844997	Surface	Surface	29.66775735
21	50	522.5755041	Surface	Surface	25.88214179
21	51	531.9380617	Surface	Surface	33.12113485
21	52	541.9201963	Surface	Surface	36.83921222
21	53	560.840389	Surface	Surface	32.57064535
21	54	583.2482178	Surface	Surface	39.51981335
21	55	586.9976459	Surface	Surface	41.65446207
21	56	608.1818309	Surface	Surface	29.05773559
21	57	626.6771041	Surface	Surface	39.27663911
21	58	643.7829199	Surface	Surface	36.36866054
21	59	648.0650457	Surface	Surface	35.57883271
21	60	658.7661716	Surface	Surface	31.63116025
22	23	16.02326066	Surface	Surface	23.83187739
22	24	29.9530649	Surface	Surface	25.35772588
22	25	35.53882991	Surface	Surface	32.28482184
22	26	49.61351309	Surface	Surface	29.59367753
22	27	63.26957197	Surface	Surface	34.91939995
22	28	81.87006894	Surface	Surface	30.54356553
22	29	101.8545314	Surface	Surface	32.73163009
22	30	113.7648201	Surface	Surface	27.30805428
22	31	135.4250738	Surface	Surface	34.64919814
22	32	156.2848656	Surface	Surface	38.97150776
22	33	177.8547097	Surface	Surface	31.8248396
22	34	200.1782421	Surface	Surface	33.07401617
22	35	222.7629001	Surface	Surface	32.3333885
22	36	266.4080104	Surface	Surface	33.49025432
22	37	287.5883528	Surface	Surface	32.28697899
22	38	290.3312451	Surface	Surface	29.60266985
22	39	314.6719428	Surface	Surface	33.46730853
22	40	338.8613645	Surface	Surface	32.19239712
22	41	351.099844	Surface	Surface	40.24801959
22	42	369.705848	Surface	Surface	30.95418996
22	43	380.2477111	Surface	Surface	33.10802047
22	44	399.4409818	Surface	Surface	30.29560825
22	45	405.283242	Surface	Surface	33.39082194
22	46	425.9180674	Surface	Surface	34.31720381
22	47	446.3667735	Surface	Surface	28.75783944
22	48	470.0924014	Surface	Surface	38.81751523
22	49	491.3569474	Surface	Surface	29.82036986
22	50	505.3845948	Surface	Surface	29.6160137
22	51	514.6610959	Surface	Surface	32.18739967
22	52	524.6283868	Surface	Surface	39.68344173
22	53	543.5573424	Surface	Surface	36.078748
22	54	565.9312668	Surface	Surface	42.88474887
22	55	569.7064712	Surface	Surface	44.59912557
22	56	591.0139415	Surface	Surface	33.52804708
22	57	609.633664	Surface	Surface	41.28147048
22	58	626.8416915	Surface	Surface	37.03892713
22	59	631.1397364	Surface	Surface	37.1683171
22	60	641.7985161	Surface	Surface	33.59233537
23	24	14.0242776	Surface	Surface	21.77089378
23	25	19.7273337	Surface	Surface	24.51698693
23	26	33.7601838	Surface	Surface	20.33681453
23	27	47.36289525	Surface	Surface	26.68335914
23	28	66.0489273	Surface	Surface	24.16378979
23	29	86.20460537	Surface	Surface	26.83467872
23	30	98.20009253	Surface	Surface	22.04342619
23	31	119.9561902	Surface	Surface	27.07978474
23	32	140.9151513	Surface	Surface	33.36761964
23	33	162.5985386	Surface	Surface	27.0073465
23	34	184.9593377	Surface	Surface	26.27393998
23	35	207.5738709	Surface	Surface	25.38641621
23	36	251.2663627	Surface	Surface	25.28547128
23	37	272.4519264	Surface	Surface	24.57965256
23	38	275.1894483	Surface	Surface	26.40977193
23	39	299.5095825	Surface	Surface	27.78528348
23	40	323.7027049	Surface	Surface	25.01707189
23	41	335.9878125	Surface	Surface	41.8454627
23	42	354.6155289	Surface	Surface	30.07711854
23	43	365.1627939	Surface	Surface	29.29886933
23	44	384.4002118	Surface	Surface	27.48979195
23	45	390.2622076	Surface	Surface	32.93878775
23	46	410.9548104	Surface	Surface	33.92164799
23	47	431.4601018	Surface	Surface	26.55020583
23	48	455.188111	Surface	Surface	38.75651089
23	49	476.385013	Surface	Surface	32.23706541
23	50	490.3482956	Surface	Surface	25.66142127
23	51	499.5387334	Surface	Surface	34.43576493
23	52	509.490295	Surface	Surface	39.34935393
23	53	528.4259904	Surface	Surface	34.67603511
23	54	550.7644759	Surface	Surface	41.96708997
23	55	554.5647029	Surface	Surface	44.83610251
23	56	575.9910642	Surface	Surface	30.2121472
23	57	594.7303182	Surface	Surface	41.31416273
23	58	612.0358439	Surface	Surface	38.27101678
23	59	616.3488758	Surface	Surface	36.10045452
23	60	626.9656418	Surface	Surface	33.59323136
24	25	5.789648421	Surface	Surface	23.54355394
24	26	19.73976737	Surface	Surface	20.24202782
24	27	33.34236278	Surface	Surface	27.41884867
24	28	52.02759382	Surface	Surface	26.1274752
24	29	72.22918567	Surface	Surface	24.81652668
24	30	84.2566715	Surface	Surface	20.90623397
24	31	106.049335	Surface	Surface	26.20022487
24	32	127.0503138	Surface	Surface	32.27703724
24	33	148.7861367	Surface	Surface	23.91710637
24	34	171.1601018	Surface	Surface	26.01770823
24	35	193.7849345	Surface	Surface	28.22544131
24	36	237.4941814	Surface	Surface	25.09776495
24	37	258.679236	Surface	Surface	23.90733532
24	38	261.4135289	Surface	Surface	23.92287938
24	39	285.7198808	Surface	Surface	25.31324525
24	40	309.9124102	Surface	Surface	26.29701537
24	41	322.2205332	Surface	Surface	40.79153027
24	42	340.8579272	Surface	Surface	26.68028307
24	43	351.4071206	Surface	Surface	26.85078505
24	44	370.666333	Surface	Surface	28.99433749
24	45	376.5384171	Surface	Surface	31.21041836
24	46	397.2606674	Surface	Surface	30.71600423
24	47	417.795523	Surface	Surface	27.40696419
24	48	441.5231118	Surface	Surface	37.50513401
24	49	462.6817366	Surface	Surface	27.3572758
24	50	476.6100659	Surface	Surface	27.28765357
24	51	485.75585	Surface	Surface	29.75792242
24	52	495.6991318	Surface	Surface	35.68117543
24	53	514.6374829	Surface	Surface	31.0488758
24	54	536.9577097	Surface	Surface	37.32352892
24	55	540.7701248	Surface	Surface	39.9153245
24	56	562.2562297	Surface	Surface	27.22688033
24	57	581.0584716	Surface	Surface	36.69735726
24	58	598.4170723	Surface	Surface	35.36059656
24	59	602.7383188	Surface	Surface	32.37137389
24	60	613.3312101	Surface	Surface	30.3349991
25	26	14.07472519	Surface	Surface	17.23088083
25	27	27.74180794	Surface	Surface	19.73025002
25	28	46.34615601	Surface	Surface	23.70597875
25	29	66.48072339	Surface	Surface	25.96664383
25	30	78.49201184	Surface	Surface	24.49538087
25	31	100.2738153	Surface	Surface	27.20150164
25	32	121.2672779	Surface	Surface	35.35991776
25	33	142.9981783	Surface	Surface	25.40958847
25	34	165.3715532	Surface	Surface	24.06188342
25	35	187.9960281	Surface	Surface	23.52873156
25	36	231.7048493	Surface	Surface	21.02722942
25	37	252.8899438	Surface	Surface	21.00120911
25	38	255.6243266	Surface	Surface	25.80861174
25	39	279.9312046	Surface	Surface	25.26269091
25	40	304.1237954	Surface	Surface	24.98788392
25	41	316.4311722	Surface	Surface	43.6620227
25	42	335.0684008	Surface	Surface	28.23959281
25	43	345.6175723	Surface	Surface	23.31417861
25	44	364.8766957	Surface	Surface	27.3371728
25	45	370.7488565	Surface	Surface	31.84037473
25	46	391.4717219	Surface	Surface	34.06230731
25	47	412.0077101	Surface	Surface	30.90414959
25	48	435.7352487	Surface	Surface	37.66204734
25	49	456.8925001	Surface	Surface	31.48946383
25	50	470.8204181	Surface	Surface	29.48360561
25	51	479.9670742	Surface	Surface	33.20244598
25	52	489.9107238	Surface	Surface	39.25407804
25	53	508.8489613	Surface	Surface	35.35251514
25	54	531.1702082	Surface	Surface	42.51319224
25	55	534.9819124	Surface	Surface	42.49828424
25	56	556.4665816	Surface	Surface	28.30552579
25	57	575.2701896	Surface	Surface	40.50685652
25	58	592.6316727	Surface	Surface	38.0818154
25	59	596.9534821	Surface	Surface	34.85687833
25	60	607.5447991	Surface	Surface	35.68190715
26	27	13.6843732	Surface	Surface	19.1820574
26	28	32.28874554	Surface	Surface	18.99869346
26	29	52.5391666	Surface	Surface	21.96590837
26	30	64.61062396	Surface	Surface	18.91942899
26	31	86.44837782	Surface	Surface	25.13600091
26	32	107.5025466	Surface	Surface	30.46442058
26	33	129.3062346	Surface	Surface	22.90095467
26	34	151.6905791	Surface	Surface	21.40098183
26	35	174.323067	Surface	Surface	20.80666729
26	36	218.045556	Surface	Surface	19.01280624
26	37	239.2262423	Surface	Surface	18.86855211
26	38	241.9557485	Surface	Surface	22.55776672
26	39	266.2404048	Surface	Surface	22.23887013
26	40	290.4295457	Surface	Surface	22.36413033
26	41	302.7667453	Surface	Surface	40.26048828
26	42	321.4150836	Surface	Surface	24.2805902
26	43	331.9658539	Surface	Surface	22.78506842
26	44	351.252029	Surface	Surface	26.49118925
26	45	357.1368846	Surface	Surface	30.07271097
26	46	377.896458	Surface	Surface	31.00744507
26	47	398.4686631	Surface	Surface	25.45039849
26	48	422.1937934	Surface	Surface	37.14887697
26	49	443.3008304	Surface	Surface	29.00535498
26	50	457.1831502	Surface	Surface	25.66433214
26	51	466.2715494	Surface	Surface	31.11723062
26	52	476.2040075	Surface	Surface	36.62789009
26	53	495.1450294	Surface	Surface	31.13135359
26	54	517.4417379	Surface	Surface	38.5789237
26	55	521.2692291	Surface	Surface	41.36951682
26	56	542.8300313	Surface	Surface	24.42260736
26	57	561.7123686	Surface	Surface	37.64474031
26	58	579.1390902	Surface	Surface	36.52335943
26	59	583.4708493	Surface	Surface	32.50322736
26	60	594.032207	Surface	Surface	31.65944596
27	28	18.80383726	Surface	Surface	18.73573878
27	29	39.32077624	Surface	Surface	26.85655982
27	30	51.47880675	Surface	Surface	26.44177402
27	31	73.36701796	Surface	Surface	32.32746604
27	32	94.48913063	Surface	Surface	39.81990124
27	33	116.3802042	Surface	Surface	28.6745257
27	34	138.7599641	Surface	Surface	24.14742537
27	35	161.3884905	Surface	Surface	19.10793738
27	36	205.1094569	Surface	Surface	18.51745989
27	37	226.2767056	Surface	Surface	21.22879737
27	38	228.9986209	Surface	Surface	26.64557924
27	39	253.246069	Surface	Surface	25.19359803
27	40	277.4252815	Surface	Surface	27.69579129
27	41	289.8007779	Surface	Surface	45.69950535
27	42	308.4607549	Surface	Surface	28.18020217
27	43	319.0119243	Surface	Surface	23.51179937
27	44	338.3311692	Surface	Surface	31.03325854
27	45	344.2319398	Surface	Surface	29.62633175
27	46	365.0366696	Surface	Surface	33.41936651
27	47	385.6530192	Surface	Surface	29.65360696
27	48	409.3720818	Surface	Surface	33.92010476
27	49	430.4120454	Surface	Surface	29.58022242
27	50	444.2337342	Surface	Surface	29.34262894
27	51	453.2446252	Surface	Surface	33.31512985
27	52	463.1614932	Surface	Surface	38.21568916
27	53	482.1049765	Surface	Surface	33.89479562
27	54	504.3676789	Surface	Surface	40.75946456
27	55	508.2159974	Surface	Surface	41.27633517
27	56	529.8754399	Surface	Surface	25.87855073
27	57	548.8576497	Surface	Surface	40.68077396
27	58	566.365575	Surface	Surface	37.77329028
27	59	570.7095075	Surface	Surface	34.25702786
27	60	581.2326323	Surface	Surface	35.78150034
28	29	20.62885388	Surface	Surface	22.8111986
28	30	32.81070416	Surface	Surface	22.16182227
28	31	54.68853709	Surface	Surface	30.19966959
28	32	75.83109548	Surface	Surface	34.64761624
28	33	97.76171075	Surface	Surface	24.90874882
28	34	120.124848	Surface	Surface	21.7986525
28	35	142.741694	Surface	Surface	19.10677787
28	36	186.4504601	Surface	Surface	19.16712307
28	37	207.6066118	Surface	Surface	19.29731278
28	38	210.3240275	Surface	Surface	23.04954148
28	39	234.5492957	Surface	Surface	23.87591681
28	40	258.7214602	Surface	Surface	25.0617311
28	41	271.1148975	Surface	Surface	42.62030108
28	42	289.7793218	Surface	Surface	25.72435812
28	43	300.3299227	Surface	Surface	26.23529271
28	44	319.6649783	Surface	Surface	29.86732099
28	45	325.5738208	Surface	Surface	29.54041999
28	46	346.4019288	Surface	Surface	30.67481497
28	47	367.0421307	Surface	Surface	25.52179311
28	48	390.7561446	Surface	Surface	32.87974318
28	49	411.7577388	Surface	Surface	28.54250521
28	50	425.5477305	Surface	Surface	25.79039726
28	51	434.522435	Surface	Surface	31.97286159
28	52	444.4324241	Surface	Surface	35.31462209
28	53	463.3765167	Surface	Surface	30.07500447
28	54	485.6250791	Surface	Surface	36.4259563
28	55	489.4815885	Surface	Surface	38.37854084
28	56	511.1844185	Surface	Surface	26.26238466
28	57	530.2173226	Surface	Surface	37.44755348
28	58	547.7705291	Surface	Surface	34.96308262
28	59	552.1214729	Surface	Surface	32.98105518
28	60	562.622043	Surface	Surface	31.26688894
29	30	12.18185078	Surface	Surface	20.74443112
29	31	34.06445806	Surface	Surface	27.31440007
29	32	55.20418283	Surface	Surface	29.67411945
29	33	77.13294015	Surface	Surface	23.69973018
29	34	99.49655883	Surface	Surface	22.72254836
29	35	122.1149775	Surface	Surface	25.47818342
29	36	165.8265196	Surface	Surface	23.1515156
29	37	186.985657	Surface	Surface	22.90937239
29	38	189.7044264	Surface	Surface	23.29635001
29	39	213.9384673	Surface	Surface	21.42224723
29	40	238.1143165	Surface	Surface	23.71458515
29	41	250.4997161	Surface	Surface	41.99957507
29	42	269.1626171	Surface	Surface	24.97142313
29	43	279.71348	Surface	Surface	26.96172693
29	44	299.0437543	Surface	Surface	31.48459664
29	45	304.9506744	Surface	Surface	31.89804777
29	46	325.7749528	Surface	Surface	32.34586307
29	47	346.4134419	Surface	Surface	28.17982456
29	48	370.1276878	Surface	Surface	38.54984059
29	49	391.1340647	Surface	Surface	29.75871116
29	50	404.9332588	Surface	Surface	29.17186418
29	51	413.9271234	Surface	Surface	31.70651109
29	52	423.8422478	Surface	Surface	36.58107823
29	53	442.7858842	Surface	Surface	32.79511462
29	54	465.0469043	Surface	Surface	38.26427552
29	55	468.8958468	Surface	Surface	40.26358024
29	56	490.5721541	Surface	Surface	26.29933575
29	57	509.5914241	Surface	Surface	36.5639167
29	58	527.1416823	Surface	Surface	35.66991001
29	59	531.4927371	Surface	Surface	31.59459693
29	60	541.9934589	Surface	Surface	31.37366149
30	31	21.8894665	Surface	Surface	20.75464916
30	32	43.02426216	Surface	Surface	24.62490676
30	33	64.95118118	Surface	Surface	20.46285078
30	34	87.3151267	Surface	Surface	20.63699183
30	35	109.9346899	Surface	Surface	24.36241428
30	36	153.6480798	Surface	Surface	21.49451857
30	37	174.8092088	Surface	Surface	21.34728054
30	38	177.5289007	Surface	Surface	19.42192096
30	39	201.7687863	Surface	Surface	21.30141242
30	40	225.9469244	Surface	Surface	19.90390694
30	41	238.3268748	Surface	Surface	38.70606519
30	42	256.988692	Surface	Surface	23.05974892
30	43	267.5396912	Surface	Surface	24.86190403
30	44	286.8667954	Surface	Surface	26.95693942
30	45	292.7724604	Surface	Surface	29.58751322
30	46	313.5942637	Surface	Surface	29.84400567
30	47	334.23168	Surface	Surface	23.73221746
30	48	357.9460646	Surface	Surface	38.53283542
30	49	378.9554332	Surface	Surface	27.4685817
30	50	392.7604362	Surface	Surface	25.79023004
30	51	401.7664306	Surface	Surface	29.55607431
30	52	411.6847705	Surface	Surface	33.66723645
30	53	430.6280394	Surface	Surface	28.9519629
30	54	452.8968212	Surface	Surface	34.39632183
30	55	456.7409821	Surface	Surface	37.72569539
30	56	478.4005863	Surface	Surface	24.18416088
30	57	497.4113561	Surface	Surface	33.32553003
30	58	514.9598405	Surface	Surface	32.48680944
30	59	519.310977	Surface	Surface	30.69763639
30	60	529.8117544	Surface	Surface	27.33118107
31	32	21.14528752	Surface	Surface	24.45481607
31	33	43.09677622	Surface	Surface	25.34633062
31	34	65.44158062	Surface	Surface	24.21912117
31	35	88.05375251	Surface	Surface	30.84562942
31	36	131.7624253	Surface	Surface	27.50194359
31	37	152.9212739	Surface	Surface	27.59469453
31	38	155.6403477	Surface	Surface	23.97405475
31	39	179.8795327	Surface	Surface	25.67114035
31	40	204.0582636	Surface	Surface	23.32817074
31	41	216.4374798	Surface	Surface	39.8968786
31	42	235.0995185	Surface	Surface	29.87519629
31	43	245.6504842	Surface	Surface	29.55163559
31	44	264.9793104	Surface	Surface	30.44847942
31	45	270.886384	Surface	Surface	35.64211526
31	46	291.7138844	Surface	Surface	38.73867354
31	47	312.3591032	Surface	Surface	30.41531369
31	48	336.071414	Surface	Surface	44.49509769
31	49	357.0699468	Surface	Surface	34.63978755
31	50	370.8710588	Surface	Surface	30.2562054
31	51	379.8806998	Surface	Surface	36.63888792
31	52	389.8010672	Surface	Surface	42.00779149
31	53	408.7440541	Surface	Surface	38.52473721
31	54	431.0186428	Surface	Surface	44.39886591
31	55	434.8590419	Surface	Surface	45.94495439
31	56	456.5111205	Surface	Surface	31.44448569
31	57	475.52879	Surface	Surface	40.99865045
31	58	493.0916054	Surface	Surface	40.07883279
31	59	497.4454426	Surface	Surface	38.08842846
31	60	507.9378393	Surface	Surface	36.44787017
32	33	21.96480859	Surface	Surface	28.7849914
32	34	44.29629329	Surface	Surface	29.90572364
32	35	66.91080805	Surface	Surface	37.15487184
32	36	110.6244017	Surface	Surface	34.65956639
32	37	131.7881764	Surface	Surface	33.74551264
32	38	134.5095473	Surface	Surface	29.78215851
32	39	158.762818	Surface	Surface	31.64740333
32	40	182.9463472	Surface	Surface	28.92572878
32	41	195.3123582	Surface	Surface	45.0047772
32	42	213.9716828	Surface	Surface	34.21746943
32	43	224.52287	Surface	Surface	36.46543864
32	44	243.8444803	Surface	Surface	35.86383247
32	45	249.748773	Surface	Surface	42.25865041
32	46	270.5709258	Surface	Surface	42.57838674
32	47	291.2139572	Surface	Surface	34.45673936
32	48	314.9265597	Surface	Surface	51.69416317
32	49	335.9314183	Surface	Surface	41.02177908
32	50	349.7448307	Surface	Surface	35.09779461
32	51	358.7800723	Surface	Surface	42.25606095
32	52	368.7070751	Surface	Surface	44.77853051
32	53	387.6490058	Surface	Surface	40.72459205
32	54	409.9393948	Surface	Surface	46.44719603
32	55	413.7698213	Surface	Surface	49.15917965
32	56	435.3871955	Surface	Surface	36.82207754
32	57	454.387285	Surface	Surface	43.58569072
32	58	471.9463258	Surface	Surface	44.70515392
32	59	476.3002992	Surface	Surface	41.81464334
32	60	486.7929065	Surface	Surface	37.61844513
33	34	22.38563103	Surface	Surface	25.44228641
33	35	45.01887979	Surface	Surface	28.54750857
33	36	88.74359868	Surface	Surface	23.36113271
33	37	109.9214312	Surface	Surface	24.68515769
33	38	112.6498758	Surface	Surface	23.02586704
33	39	136.9385223	Surface	Surface	24.41640626
33	40	161.1298075	Surface	Surface	26.11310812
33	41	173.4607702	Surface	Surface	44.02430116
33	42	192.1110788	Surface	Surface	26.64012209
33	43	202.6621119	Surface	Surface	28.68667631
33	44	221.961786	Surface	Surface	31.64964978
33	45	227.8567846	Surface	Surface	32.91064965
33	46	248.6568093	Surface	Surface	33.79084863
33	47	269.2831572	Surface	Surface	29.06196624
33	48	292.9992133	Surface	Surface	39.37013035
33	49	314.0340782	Surface	Surface	29.35647107
33	50	327.8822741	Surface	Surface	29.81786992
33	51	336.9741465	Surface	Surface	34.89805967
33	52	346.9140225	Surface	Surface	37.20794305
33	53	365.8530792	Surface	Surface	35.08004606
33	54	388.1727614	Surface	Surface	38.88633007
33	55	391.9842298	Surface	Surface	41.13749531
33	56	413.5283512	Surface	Surface	30.38003934
33	57	432.4775172	Surface	Surface	38.31343526
33	58	450.0089933	Surface	Surface	36.92655664
33	59	454.3597998	Surface	Surface	35.74759943
33	60	464.8636983	Surface	Surface	32.76666789
34	35	22.63325521	Surface	Surface	20.33426568
34	36	66.35798701	Surface	Surface	19.12619358
34	37	87.53610931	Surface	Surface	20.43390826
34	38	90.26517138	Surface	Surface	19.58793683
34	39	114.5600011	Surface	Surface	19.44566599
34	40	138.7523457	Surface	Surface	19.89935339
34	41	151.0761721	Surface	Surface	40.61291556
34	42	169.7256521	Surface	Surface	24.78220168
34	43	180.2766499	Surface	Surface	25.23710582
34	44	199.5769864	Surface	Surface	28.92690529
34	45	205.4734358	Surface	Surface	29.78194503
34	46	226.2807895	Surface	Surface	34.63450852
34	47	246.9180072	Surface	Surface	27.09093337
34	48	270.6313386	Surface	Surface	37.23993699
34	49	291.6522443	Surface	Surface	29.72913045
34	50	305.496652	Surface	Surface	27.23413232
34	51	314.5962259	Surface	Surface	33.62330605
34	52	324.5392933	Surface	Surface	39.69459317
34	53	343.4774081	Surface	Surface	35.06390835
34	54	365.8055005	Surface	Surface	42.24812674
34	55	369.6111451	Surface	Surface	41.55218524
34	56	391.1427673	Surface	Surface	26.09469138
34	57	410.1000253	Surface	Surface	38.05964745
34	58	427.6500591	Surface	Surface	36.88660228
34	59	432.0043842	Surface	Surface	33.83908759
34	60	442.4974197	Surface	Surface	33.91039278
35	36	43.72484722	Surface	Surface	16.98368043
35	37	64.90320839	Surface	Surface	20.14685325
35	38	67.63316507	Surface	Surface	21.96860904
35	39	91.93663757	Surface	Surface	22.48100892
35	40	116.1297237	Surface	Surface	22.79884938
35	41	128.4440491	Surface	Surface	42.87040042
35	42	147.0925545	Surface	Surface	26.23277578
35	43	157.643515	Surface	Surface	24.04681228
35	44	176.9450489	Surface	Surface	29.36830916
35	45	182.8434804	Surface	Surface	27.10932571
35	46	203.6602412	Surface	Surface	32.94074636
35	47	224.3108198	Surface	Surface	27.46395969
35	48	248.0204038	Surface	Surface	31.74620675
35	49	269.023987	Surface	Surface	28.46890271
35	50	282.863397	Surface	Surface	27.87360476
35	51	291.9712727	Surface	Surface	31.39339909
35	52	301.9178769	Surface	Surface	37.20271811
35	53	320.8548506	Surface	Surface	33.36888997
35	54	343.1921895	Surface	Surface	39.87037305
35	55	346.9913439	Surface	Surface	40.3562177
35	56	368.5095251	Surface	Surface	26.0994867
35	57	387.4766794	Surface	Surface	38.81251898
35	58	405.0480902	Surface	Surface	35.44249826
35	59	409.4064121	Surface	Surface	32.9541104
35	60	419.8869302	Surface	Surface	34.35724095
36	37	21.18565168	Surface	Surface	16.23883564
36	38	23.9242849	Surface	Surface	18.57565826
36	39	48.26863668	Surface	Surface	19.08710138
36	40	72.45401278	Surface	Surface	20.93601414
36	41	84.72644414	Surface	Surface	42.43075369
36	42	103.3696702	Surface	Surface	23.86887175
36	43	113.920334	Surface	Surface	21.81099786
36	44	133.2218464	Surface	Surface	28.53639848
36	45	139.1244007	Surface	Surface	26.69824264
36	46	159.9628188	Surface	Surface	30.92010387
36	47	180.6444881	Surface	Surface	26.03046342
36	48	204.3433995	Surface	Surface	31.20054941
36	49	225.3075484	Surface	Surface	25.79983739
36	50	239.1389186	Surface	Surface	26.30506215
36	51	248.2728354	Surface	Surface	30.80139194
36	52	258.2289162	Surface	Surface	35.4588822
36	53	277.162343	Surface	Surface	32.00247253
36	54	299.5233337	Surface	Surface	37.94901086
36	55	303.3055628	Surface	Surface	38.71532214
36	56	324.7853072	Surface	Surface	24.93315813
36	57	343.7691495	Surface	Surface	36.24215417
36	58	361.3847404	Surface	Surface	33.41471146
36	59	365.7514227	Surface	Surface	31.52175684
36	60	376.2053567	Surface	Surface	31.97199181
37	38	2.755397126	Surface	Surface	18.82686695
37	39	27.11085604	Surface	Surface	18.42793093
37	40	51.28015433	Surface	Surface	21.8676654
37	41	63.54208181	Surface	Surface	41.28066987
37	42	82.18970587	Surface	Surface	22.45447402
37	43	92.74080671	Surface	Surface	22.58784293
37	44	112.058367	Surface	Surface	27.66649888
37	45	117.9707128	Surface	Surface	27.1987866
37	46	138.8403032	Surface	Surface	30.89716037
37	47	159.5551393	Surface	Surface	26.26932784
37	48	183.2401008	Surface	Surface	32.84798395
37	49	204.1552214	Surface	Surface	26.97277376
37	50	217.9620543	Surface	Surface	26.2035711
37	51	227.0875639	Surface	Surface	30.61163833
37	52	237.0448845	Surface	Surface	35.48044092
37	53	255.9777092	Surface	Surface	31.75817127
37	54	278.3433071	Surface	Surface	37.65191303
37	55	282.1219116	Surface	Surface	37.35619598
37	56	303.6074632	Surface	Surface	25.52168726
37	57	322.6266593	Surface	Surface	36.27928458
37	58	340.2864062	Surface	Surface	33.96695248
37	59	344.6604114	Surface	Surface	31.42969988
37	60	355.0896678	Surface	Surface	32.25683633
38	39	24.35911645	Surface	Surface	18.16610123
38	40	48.53352926	Surface	Surface	18.62385444
38	41	60.81100259	Surface	Surface	37.31377113
38	42	79.4635242	Surface	Surface	20.63015696
38	43	90.01478054	Surface	Surface	24.16384814
38	44	109.3423573	Surface	Surface	26.33954986
38	45	115.2593742	Surface	Surface	24.32319539
38	46	136.1410481	Surface	Surface	31.91837177
38	47	156.8665877	Surface	Surface	23.98997926
38	48	180.546422	Surface	Surface	33.33911221
38	49	201.4430866	Surface	Surface	24.59292825
38	50	215.2369491	Surface	Surface	24.0241168
38	51	224.3493458	Surface	Surface	29.80875176
38	52	234.3046664	Surface	Surface	36.85799505
38	53	253.2382739	Surface	Surface	32.37869788
38	54	275.6000406	Surface	Surface	38.85241461
38	55	279.3812786	Surface	Surface	38.13123097
38	56	300.8814022	Surface	Surface	25.63644893
38	57	319.9177729	Surface	Surface	35.37019629
38	58	337.5925612	Surface	Surface	32.51988185
38	59	341.9687962	Surface	Surface	31.31575009
38	60	352.3901673	Surface	Surface	31.49748315
39	40	24.19314196	Surface	Surface	20.17238681
39	41	36.58672122	Surface	Surface	40.4097195
39	42	55.25888206	Surface	Surface	22.1012466
39	43	65.80289318	Surface	Surface	22.98006952
39	44	85.19734969	Surface	Surface	28.87627517
39	45	91.14796328	Surface	Surface	27.4022395
39	46	112.1139883	Surface	Surface	30.8671687
39	47	132.9141355	Surface	Surface	26.76219837
39	48	156.5433642	Surface	Surface	35.66986029
39	49	177.2975483	Surface	Surface	25.8372441
39	50	191.0016351	Surface	Surface	28.36709591
39	51	200.0362386	Surface	Surface	29.90839227
39	52	209.981258	Surface	Surface	34.9569192
39	53	228.9183046	Surface	Surface	31.07034855
39	54	251.2622661	Surface	Surface	37.61410657
39	55	255.0551238	Surface	Surface	37.99881347
39	56	276.6352108	Surface	Surface	22.69836906
39	57	295.782488	Surface	Surface	34.30398748
39	58	313.5613462	Surface	Surface	32.97162457
39	59	317.9532212	Surface	Surface	30.09515885
39	60	328.3177058	Surface	Surface	30.76588795
40	41	12.62147233	Surface	Surface	37.49488146
40	42	31.20192675	Surface	Surface	25.75718752
40	43	41.71202583	Surface	Surface	24.88015064
40	44	61.1559411	Surface	Surface	27.26193103
40	45	67.13621281	Surface	Surface	29.5750556
40	46	88.16802234	Surface	Surface	33.9455824
40	47	109.0242035	Surface	Surface	26.56444028
40	48	132.5856361	Surface	Surface	38.59488829
40	49	153.207318	Surface	Surface	30.38302229
40	50	166.845272	Surface	Surface	28.11587746
40	51	175.8443519	Surface	Surface	33.2424315
40	52	185.7881533	Surface	Surface	39.29470204
40	53	204.7253885	Surface	Surface	34.65195109
40	54	227.0709592	Surface	Surface	42.02977947
40	55	230.861998	Surface	Surface	41.41311213
40	56	252.4688087	Surface	Surface	27.27664743
40	57	271.6857437	Surface	Surface	37.79193255
40	58	289.5411494	Surface	Surface	35.80295795
40	59	293.9448542	Surface	Surface	33.98868622
40	60	304.2645246	Surface	Surface	34.36127993
41	42	18.67218094	Surface	Surface	40.47235606
41	43	29.21824545	Surface	Surface	40.50628689
41	44	48.61745434	Surface	Surface	39.24649176
41	45	54.5800311	Surface	Surface	42.80068656
41	46	75.58591542	Surface	Surface	46.2958097
41	47	96.42795223	Surface	Surface	40.21637298
41	48	120.0119499	Surface	Surface	51.21322227
41	49	140.7115191	Surface	Surface	41.5750119
41	50	154.433596	Surface	Surface	40.55652572
41	51	163.5614126	Surface	Surface	43.14561506
41	52	173.5313508	Surface	Surface	52.07694185
41	53	192.4578653	Surface	Surface	46.52880586
41	54	214.8564974	Surface	Surface	53.12893506
41	55	218.6096958	Surface	Surface	54.78734343
41	56	240.0748378	Surface	Surface	42.65064392
41	57	259.1963532	Surface	Surface	48.96157397
41	58	276.9995166	Surface	Surface	49.11907114
41	59	281.3973135	Surface	Surface	47.23478707
41	60	291.7421707	Surface	Surface	45.4049451
42	43	10.55125997	Surface	Surface	26.11709667
42	44	29.95662977	Surface	Surface	27.27434427
42	45	35.93434877	Surface	Surface	24.53567072
42	46	56.97579987	Surface	Surface	29.28586914
42	47	77.84712767	Surface	Surface	25.97307816
42	48	101.3859069	Surface	Surface	32.22817979
42	49	122.0401542	Surface	Surface	23.1254772
42	50	135.7735029	Surface	Surface	26.95696273
42	51	144.9648252	Surface	Surface	27.3742779
42	52	154.9502996	Surface	Surface	34.58568236
42	53	173.8672412	Surface	Surface	30.42141826
42	54	196.2986749	Surface	Surface	35.81633015
42	55	200.0260512	Surface	Surface	36.23975261
42	56	221.4180045	Surface	Surface	25.44886416
42	57	240.5247925	Surface	Surface	33.15764578
42	58	258.3442045	Surface	Surface	31.05374415
42	59	262.7457696	Surface	Surface	30.39347561
42	60	273.0778295	Surface	Surface	29.68068359
43	44	19.46230481	Surface	Surface	28.17556206
43	45	25.46512557	Surface	Surface	27.97254814
43	46	46.53914696	Surface	Surface	32.6266439
43	47	67.4317606	Surface	Surface	30.22000051
43	48	90.91344551	Surface	Surface	36.3395196
43	49	111.5029257	Surface	Surface	27.9532223
43	50	125.2222474	Surface	Surface	30.74758052
43	51	134.4316374	Surface	Surface	29.80283144
43	52	144.4232093	Surface	Surface	36.77616124
43	53	163.3356079	Surface	Surface	34.05510062
43	54	185.7801173	Surface	Surface	41.0755854
43	55	189.4966076	Surface	Surface	41.16437386
43	56	210.8667932	Surface	Surface	26.20899662
43	57	229.9860952	Surface	Surface	39.17483548
43	58	247.8310664	Surface	Surface	36.1889274
43	59	252.2369664	Surface	Surface	32.2783781
43	60	262.5528465	Surface	Surface	34.17753613
44	45	6.018204626	Surface	Surface	32.8601477
44	46	27.09652149	Surface	Surface	37.39271137
44	47	47.99556681	Surface	Surface	29.06417598
44	48	71.45114095	Surface	Surface	41.1102799
44	49	92.107008	Surface	Surface	32.45012973
44	50	105.9485267	Surface	Surface	28.53624683
44	51	115.377386	Surface	Surface	35.81659402
44	52	125.4047523	Surface	Surface	42.24901252
44	53	144.2786429	Surface	Surface	39.41319652
44	54	166.7946923	Surface	Surface	45.80624958
44	55	170.4453786	Surface	Surface	47.057501
44	56	191.5913354	Surface	Surface	32.27043484
44	57	210.5903036	Surface	Surface	42.83904451
44	58	228.3875777	Surface	Surface	40.07250949
44	59	232.7894414	Surface	Surface	39.41193563
44	60	243.1247291	Surface	Surface	37.25539607
45	46	21.08034048	Surface	Surface	29.22167287
45	47	41.97879512	Surface	Surface	28.08377701
45	48	65.45482325	Surface	Surface	24.22547166
45	49	86.18458347	Surface	Surface	21.38395293
45	50	100.1031335	Surface	Surface	28.8746362
45	51	109.6489547	Surface	Surface	25.74200707
45	52	119.6907654	Surface	Surface	36.92285781
45	53	138.5397994	Surface	Surface	32.11166168
45	54	161.0856013	Surface	Surface	37.67849411
45	55	164.703883	Surface	Surface	32.65953413
45	56	185.7329566	Surface	Surface	27.32845061
45	57	204.6595658	Surface	Surface	35.17281703
45	58	222.4196456	Surface	Surface	29.34417941
45	59	226.8174478	Surface	Surface	30.20541397
45	60	237.1698822	Surface	Surface	33.8795753
46	47	20.89923431	Surface	Surface	28.07759185
46	48	44.42991763	Surface	Surface	32.95963582
46	49	65.4394229	Surface	Surface	27.84068154
46	50	79.65156469	Surface	Surface	34.37351818
46	51	89.6552927	Surface	Surface	26.33481196
46	52	99.72964109	Surface	Surface	27.60730692
46	53	118.4440592	Surface	Surface	23.00403682
46	54	141.0727023	Surface	Surface	27.88223783
46	55	144.5648969	Surface	Surface	28.89815869
46	56	165.1510134	Surface	Surface	23.90770601
46	57	183.821548	Surface	Surface	29.66987039
46	58	201.4595381	Surface	Surface	28.55416276
46	59	205.8446025	Surface	Surface	29.19948135
46	60	216.2494339	Surface	Surface	25.7304006
47	48	23.72802534	Surface	Surface	32.63401297
47	49	45.25716381	Surface	Surface	26.41396012
47	50	59.90236038	Surface	Surface	23.2765937
47	51	70.57681284	Surface	Surface	27.98789372
47	52	80.6180533	Surface	Surface	32.92550268
47	53	99.02765939	Surface	Surface	26.79886904
47	54	121.6892499	Surface	Surface	33.82948123
47	55	125.0006088	Surface	Surface	35.87373787
47	56	144.9557008	Surface	Surface	22.65492847
47	57	163.2714835	Surface	Surface	32.77335443
47	58	180.74066	Surface	Surface	29.83143825
47	59	185.1077638	Surface	Surface	29.33993291
47	60	195.5805905	Surface	Surface	25.85761843
48	49	21.93734987	Surface	Surface	26.58801637
48	50	36.93241113	Surface	Surface	33.34284171
48	51	48.30685206	Surface	Surface	31.22698222
48	52	58.16456652	Surface	Surface	38.88528428
48	53	76.10104022	Surface	Surface	34.69810432
48	54	98.70526029	Surface	Surface	37.63108829
48	55	101.8498112	Surface	Surface	31.68930154
48	56	121.3416681	Surface	Surface	32.92592979
48	57	139.5439288	Surface	Surface	36.1676646
48	58	157.0463454	Surface	Surface	29.87481169
48	59	161.4238625	Surface	Surface	33.73144298
48	60	171.8665631	Surface	Surface	36.43931673
49	50	15.0811477	Surface	Surface	28.33162282
49	51	26.88662609	Surface	Surface	24.47851042
49	52	36.48822135	Surface	Surface	34.70546436
49	53	54.17788714	Surface	Surface	30.6215052
49	54	76.76979653	Surface	Surface	35.40859985
49	55	79.9195813	Surface	Surface	33.9607319
49	56	99.74840324	Surface	Surface	25.44776007
49	57	118.4849467	Surface	Surface	32.48306229
49	58	136.4375149	Surface	Surface	28.72653813
49	59	140.8754638	Surface	Surface	30.3244331
49	60	151.0814214	Surface	Surface	30.86392797
50	51	12.20538286	Surface	Surface	33.72702143
50	52	21.44799529	Surface	Surface	39.34063718
50	53	39.1932174	Surface	Surface	34.15038069
50	54	61.83249073	Surface	Surface	40.64173385
50	55	65.09835599	Surface	Surface	41.52352132
50	56	85.64709492	Surface	Surface	30.52767653
50	57	105.0926595	Surface	Surface	38.17124966
50	58	123.5378051	Surface	Surface	35.8932483
50	59	128.0314394	Surface	Surface	35.91381725
50	60	137.9330697	Surface	Surface	32.60379148
51	52	10.07591519	Surface	Surface	30.17789376
51	53	28.90572969	Surface	Surface	27.81122023
51	54	51.44727987	Surface	Surface	33.93473615
51	55	55.07145021	Surface	Surface	30.75322819
51	56	77.04942501	Surface	Surface	24.05429376
51	57	97.51481666	Surface	Surface	30.53502622
51	58	116.55058	Surface	Surface	25.81156637
51	59	121.0948493	Surface	Surface	26.55065962
51	60	130.5236745	Surface	Surface	27.40612381
52	53	18.9445648	Surface	Surface	23.52785809
52	54	41.39493118	Surface	Surface	24.79066161
52	55	45.07836269	Surface	Surface	31.09335851
52	56	67.4645952	Surface	Surface	26.33404408
52	57	88.3120723	Surface	Surface	28.93048972
52	58	107.5780456	Surface	Surface	28.75428136
52	59	112.1359939	Surface	Surface	27.71040607
52	60	121.322717	Surface	Surface	24.6053324
53	54	22.66280411	Surface	Surface	22.13001399
53	55	26.16683488	Surface	Surface	27.26113179
53	56	48.81056106	Surface	Surface	22.76559411
53	57	70.14403231	Surface	Surface	25.59140965
53	58	89.697812	Surface	Surface	26.45303528
53	59	94.26236486	Surface	Surface	25.29097756
53	60	103.0712546	Surface	Surface	20.65073667
54	55	4.647559062	Surface	Surface	26.72841782
54	56	29.43833253	Surface	Surface	30.26705023
54	57	51.81557676	Surface	Surface	25.54073722
54	58	71.71694938	Surface	Surface	28.22285312
54	59	76.2119636	Surface	Surface	29.59687552
54	60	83.86229525	Surface	Surface	26.96379113
55	56	24.80093992	Surface	Surface	31.03608834
55	57	47.17093202	Surface	Surface	25.69872404
55	58	67.07268221	Surface	Surface	25.71175326
55	59	71.56990435	Surface	Surface	32.02131586
55	60	79.27318261	Surface	Surface	30.68258444
56	57	22.40193483	Surface	Surface	28.05545558
56	58	42.29337309	Surface	Surface	28.08232437
56	59	46.77804446	Surface	Surface	22.48856706
56	60	54.62217456	Surface	Surface	24.64289285
57	58	19.90200864	Surface	Surface	26.52342325
57	59	24.41082287	Surface	Surface	30.47723219
57	60	33.01573995	Surface	Surface	27.84453408
58	59	4.564699185	Surface	Surface	28.58339343
58	60	15.19990971	Surface	Surface	25.97563507
59	60	11.48312758	Surface	Surface	28.54375352
1	2	10.10649465	Deep	Shallow subsurface	20.94671713
1	3	28.25798758	Deep	Shallow subsurface	20.76711731
1	4	47.61548715	Deep	Shallow subsurface	18.36180883
1	5	58.85951991	Deep	Shallow subsurface	27.4059093
1	6	73.55532704	Deep	Shallow subsurface	22.64535804
1	7	87.07007651	Deep	Shallow subsurface	25.30883991
1	8	102.2830584	Deep	Shallow subsurface	29.12570384
1	9	122.2064997	Deep	Shallow subsurface	30.94170495
1	10	138.5356294	Deep	Shallow subsurface	24.91006951
1	11	156.9525226	Deep	Shallow subsurface	23.89120366
1	12	178.0422853	Deep	Shallow subsurface	28.57646394
1	13	201.600763	Deep	Shallow subsurface	23.48061196
1	14	227.2014468	Deep	Shallow subsurface	29.75184059
1	15	246.7399633	Deep	Shallow subsurface	23.70327059
1	16	262.8047844	Deep	Shallow subsurface	23.03550662
1	17	284.1080486	Deep	Shallow subsurface	25.75584341
1	18	307.8397537	Deep	Shallow subsurface	29.29564759
1	19	329.5331037	Deep	Shallow subsurface	22.52521747
1	20	349.6736878	Deep	Shallow subsurface	28.74529993
1	21	356.770844	Deep	Shallow subsurface	28.26433759
1	22	374.3431186	Deep	Shallow subsurface	23.53621252
1	23	389.8436865	Deep	Shallow subsurface	26.54502882
1	24	403.8108679	Deep	Shallow subsurface	34.89918165
1	25	409.5614738	Deep	Shallow subsurface	29.09040597
1	26	423.518991	Deep	Shallow subsurface	25.0079317
1	27	436.9453653	Deep	Shallow subsurface	27.36103724
1	28	455.7393189	Deep	Shallow subsurface	30.52897241
1	29	476.0398547	Deep	Shallow subsurface	30.26264519
1	30	488.0415073	Deep	Shallow subsurface	32.524367
1	31	509.759037	Deep	Shallow subsurface	37.56265696
1	32	530.6222096	Deep	Shallow subsurface	42.4193498
1	33	552.1235286	Deep	Shallow subsurface	34.77120299
1	34	574.3954659	Deep	Shallow subsurface	34.87305807
1	35	596.9247071	Deep	Shallow subsurface	32.44849279
1	36	640.454008	Deep	Shallow subsurface	35.40017834
1	37	661.603535	Deep	Shallow subsurface	29.85631213
1	38	664.3540197	Deep	Shallow subsurface	37.48472419
1	39	688.7128146	Deep	Shallow subsurface	35.77382726
1	40	712.8761514	Deep	Shallow subsurface	30.73994528
1	41	725.0027968	Deep	Shallow subsurface	39.73370492
1	42	743.5387826	Deep	Shallow subsurface	29.81889902
1	43	754.0567089	Deep	Shallow subsurface	32.57974384
1	44	773.1100171	Deep	Shallow subsurface	34.32932659
1	45	778.8879458	Deep	Shallow subsurface	35.0151459
1	46	799.3144221	Deep	Shallow subsurface	35.15548078
1	47	819.5360207	Deep	Shallow subsurface	29.55364451
1	48	843.2174652	Deep	Shallow subsurface	31.02470243
1	49	864.7024402	Deep	Shallow subsurface	33.87321754
1	50	878.9362218	Deep	Shallow subsurface	32.01102549
1	51	888.4695293	Deep	Shallow subsurface	39.75718458
1	52	898.4751982	Deep	Shallow subsurface	45.48805744
1	53	917.3751109	Deep	Shallow subsurface	43.49736418
1	54	939.8365269	Deep	Shallow subsurface	43.21918699
1	55	943.5407763	Deep	Shallow subsurface	42.81554879
1	56	964.4497005	Deep	Shallow subsurface	43.15772192
1	57	982.5805299	Deep	Shallow subsurface	39.4101118
1	58	999.3274421	Deep	Shallow subsurface	38.81304801
1	59	1003.54779	Deep	Shallow subsurface	37.46135627
1	60	1014.392787	Deep	Shallow subsurface	41.34315262
2	3	18.1517452	Deep	Shallow subsurface	21.49286008
2	4	37.53612262	Deep	Shallow subsurface	21.40536715
2	5	48.84555461	Deep	Shallow subsurface	24.90012907
2	6	63.76460461	Deep	Shallow subsurface	22.60556857
2	7	77.45652962	Deep	Shallow subsurface	26.86869451
2	8	92.89943556	Deep	Shallow subsurface	28.90156731
2	9	112.9208079	Deep	Shallow subsurface	31.46143272
2	10	129.3303232	Deep	Shallow subsurface	27.72917203
2	11	147.7771151	Deep	Shallow subsurface	24.41644725
2	12	168.876314	Deep	Shallow subsurface	28.41648266
2	13	192.4092022	Deep	Shallow subsurface	24.82992382
2	14	217.9966898	Deep	Shallow subsurface	31.36823222
2	15	237.5412241	Deep	Shallow subsurface	23.55249759
2	16	253.6028855	Deep	Shallow subsurface	25.68011389
2	17	274.9172864	Deep	Shallow subsurface	28.85830507
2	18	298.6277344	Deep	Shallow subsurface	31.65270265
2	19	320.2620026	Deep	Shallow subsurface	26.74628246
2	20	340.3813816	Deep	Shallow subsurface	30.60262947
2	21	347.456144	Deep	Shallow subsurface	29.54362941
2	22	364.9791791	Deep	Shallow subsurface	24.05562461
2	23	380.4386255	Deep	Shallow subsurface	26.69253069
2	24	394.3933121	Deep	Shallow subsurface	35.44467388
2	25	400.1498149	Deep	Shallow subsurface	31.9533319
2	26	414.0906628	Deep	Shallow subsurface	29.0249895
2	27	427.4941135	Deep	Shallow subsurface	28.55589053
2	28	446.292398	Deep	Shallow subsurface	28.57404588
2	29	466.6211512	Deep	Shallow subsurface	31.09825402
2	30	478.6385626	Deep	Shallow subsurface	33.4235051
2	31	500.3761461	Deep	Shallow subsurface	35.99594545
2	32	521.2640446	Deep	Shallow subsurface	42.13074792
2	33	542.7970554	Deep	Shallow subsurface	34.4209691
2	34	565.0842282	Deep	Shallow subsurface	34.96089428
2	35	587.6276742	Deep	Shallow subsurface	31.17729885
2	36	631.1829337	Deep	Shallow subsurface	34.36385057
2	37	652.339764	Deep	Shallow subsurface	30.51519581
2	38	655.089188	Deep	Shallow subsurface	36.08228503
2	39	679.446791	Deep	Shallow subsurface	35.64003917
2	40	703.6166929	Deep	Shallow subsurface	29.33257594
2	41	715.7630939	Deep	Shallow subsurface	33.51461024
2	42	734.3114639	Deep	Shallow subsurface	26.96919536
2	43	744.833877	Deep	Shallow subsurface	31.67096045
2	44	763.9086381	Deep	Shallow subsurface	32.77297736
2	45	769.695627	Deep	Shallow subsurface	31.90098695
2	46	790.1499017	Deep	Shallow subsurface	28.4594385
2	47	810.3993544	Deep	Shallow subsurface	29.23347394
2	48	834.0882539	Deep	Shallow subsurface	26.78821437
2	49	855.5504522	Deep	Shallow subsurface	28.50275019
2	50	869.7595731	Deep	Shallow subsurface	31.36769373
2	51	879.2564066	Deep	Shallow subsurface	36.82464456
2	52	889.2564235	Deep	Shallow subsurface	38.49556658
2	53	908.162107	Deep	Shallow subsurface	39.21251534
2	54	930.6097915	Deep	Shallow subsurface	36.43089952
2	55	934.3263993	Deep	Shallow subsurface	36.58901691
2	56	955.2943527	Deep	Shallow subsurface	36.484838
2	57	973.4839658	Deep	Shallow subsurface	33.62596471
2	58	990.2792546	Deep	Shallow subsurface	32.71282325
2	59	994.5074285	Deep	Shallow subsurface	32.73418404
2	60	1005.335401	Deep	Shallow subsurface	38.48015876
3	4	19.5304683	Deep	Shallow subsurface	20.09230888
3	5	31.04953214	Deep	Shallow subsurface	26.4500853
3	6	46.5796794	Deep	Shallow subsurface	17.88896421
3	7	60.66201612	Deep	Shallow subsurface	20.17624243
3	8	76.58623535	Deep	Shallow subsurface	23.12652784
3	9	96.73512064	Deep	Shallow subsurface	25.22433099
3	10	113.2627121	Deep	Shallow subsurface	21.34016351
3	11	131.7188302	Deep	Shallow subsurface	20.63715679
3	12	152.7893391	Deep	Shallow subsurface	23.13602086
3	13	176.2276447	Deep	Shallow subsurface	19.70428961
3	14	201.7550085	Deep	Shallow subsurface	26.67026778
3	15	221.292059	Deep	Shallow subsurface	20.16596827
3	16	237.3334266	Deep	Shallow subsurface	21.70113004
3	17	258.6544943	Deep	Shallow subsurface	23.10099531
3	18	282.3076568	Deep	Shallow subsurface	26.20004829
3	19	303.813317	Deep	Shallow subsurface	22.96316183
3	20	323.8821658	Deep	Shallow subsurface	25.61120609
3	21	330.909977	Deep	Shallow subsurface	24.87962851
3	22	348.3299266	Deep	Shallow subsurface	22.4334555
3	23	363.7039154	Deep	Shallow subsurface	22.65313714
3	24	377.6304531	Deep	Shallow subsurface	30.42138886
3	25	383.3971286	Deep	Shallow subsurface	28.62411052
3	26	397.302118	Deep	Shallow subsurface	23.17237817
3	27	410.6579336	Deep	Shallow subsurface	24.15607845
3	28	429.4610999	Deep	Shallow subsurface	26.23593187
3	29	449.8411641	Deep	Shallow subsurface	25.17554493
3	30	461.8871243	Deep	Shallow subsurface	28.65015221
3	31	483.6600256	Deep	Shallow subsurface	32.31282439
3	32	504.5924925	Deep	Shallow subsurface	38.03513277
3	33	526.1834231	Deep	Shallow subsurface	31.58022263
3	34	548.4968059	Deep	Shallow subsurface	31.09467272
3	35	571.0645816	Deep	Shallow subsurface	27.19218907
3	36	614.6643472	Deep	Shallow subsurface	30.3276837
3	37	635.8328259	Deep	Shallow subsurface	26.03916683
3	38	638.5799414	Deep	Shallow subsurface	29.73620474
3	39	662.9328418	Deep	Shallow subsurface	31.32141945
3	40	687.1129801	Deep	Shallow subsurface	25.92424489
3	41	699.2958225	Deep	Shallow subsurface	32.00426791
3	42	717.8660762	Deep	Shallow subsurface	23.68354553
3	43	728.3961078	Deep	Shallow subsurface	28.9752526
3	44	747.5099406	Deep	Shallow subsurface	27.27869978
3	45	753.313612	Deep	Shallow subsurface	32.22218494
3	46	773.8188351	Deep	Shallow subsurface	28.5054785
3	47	794.1193318	Deep	Shallow subsurface	26.07976253
3	48	817.8205297	Deep	Shallow subsurface	27.52813737
3	49	839.2382782	Deep	Shallow subsurface	29.32526194
3	50	853.3999821	Deep	Shallow subsurface	28.87399512
3	51	862.8274721	Deep	Shallow subsurface	33.25975919
3	52	872.8162424	Deep	Shallow subsurface	40.13758942
3	53	891.7317156	Deep	Shallow subsurface	37.83624271
3	54	914.1523192	Deep	Shallow subsurface	37.35946781
3	55	917.8919933	Deep	Shallow subsurface	37.79836305
3	56	938.9698411	Deep	Shallow subsurface	37.90340301
3	57	957.2688659	Deep	Shallow subsurface	32.66139191
3	58	974.153978	Deep	Shallow subsurface	33.44788839
3	59	978.3965894	Deep	Shallow subsurface	32.42284243
3	60	989.1920669	Deep	Shallow subsurface	37.08005536
4	5	11.65889193	Deep	Shallow subsurface	26.87255747
4	6	27.77428749	Deep	Shallow subsurface	17.93589578
4	7	42.13385531	Deep	Shallow subsurface	21.29295573
4	8	58.42978903	Deep	Shallow subsurface	24.94661275
4	9	78.54758142	Deep	Shallow subsurface	27.9409505
4	10	95.10228743	Deep	Shallow subsurface	22.17739296
4	11	113.4929131	Deep	Shallow subsurface	19.65971283
4	12	134.4772501	Deep	Shallow subsurface	21.62331403
4	13	157.7862551	Deep	Shallow subsurface	21.03008197
4	14	183.2281512	Deep	Shallow subsurface	29.49439858
4	15	202.7390124	Deep	Shallow subsurface	19.56692171
4	16	218.7503248	Deep	Shallow subsurface	20.81185955
4	17	240.0615258	Deep	Shallow subsurface	23.94651763
4	18	263.6560286	Deep	Shallow subsurface	28.41074054
4	19	285.0537814	Deep	Shallow subsurface	22.89291284
4	20	305.0777733	Deep	Shallow subsurface	26.85986994
4	21	312.0689893	Deep	Shallow subsurface	25.82507709
4	22	329.4102976	Deep	Shallow subsurface	23.5863904
4	23	344.7213256	Deep	Shallow subsurface	25.16020154
4	24	358.6259353	Deep	Shallow subsurface	31.55390378
4	25	364.398455	Deep	Shallow subsurface	29.9750224
4	26	378.2768951	Deep	Shallow subsurface	25.85744612
4	27	391.5990943	Deep	Shallow subsurface	27.18661246
4	28	410.4028957	Deep	Shallow subsurface	25.80939884
4	29	430.8141491	Deep	Shallow subsurface	26.99969316
4	30	442.8775801	Deep	Shallow subsurface	31.89113423
4	31	464.6714866	Deep	Shallow subsurface	34.21229061
4	32	485.6315723	Deep	Shallow subsurface	39.19280032
4	33	507.259498	Deep	Shallow subsurface	31.61667083
4	34	529.5884851	Deep	Shallow subsurface	33.78910076
4	35	552.1707388	Deep	Shallow subsurface	29.00014935
4	36	595.7972296	Deep	Shallow subsurface	34.06769807
4	37	616.9720012	Deep	Shallow subsurface	29.45329967
4	38	619.7173039	Deep	Shallow subsurface	32.41699814
4	39	644.06511	Deep	Shallow subsurface	35.56622374
4	40	668.2505752	Deep	Shallow subsurface	27.64307048
4	41	680.4577274	Deep	Shallow subsurface	37.24250556
4	42	699.0419072	Deep	Shallow subsurface	28.04067449
4	43	709.5765447	Deep	Shallow subsurface	30.75346698
4	44	728.7163926	Deep	Shallow subsurface	31.15123512
4	45	734.5313784	Deep	Shallow subsurface	35.36989982
4	46	755.0711862	Deep	Shallow subsurface	32.81580047
4	47	775.4066486	Deep	Shallow subsurface	28.18540607
4	48	799.1151972	Deep	Shallow subsurface	30.07882745
4	49	820.5002216	Deep	Shallow subsurface	33.55446355
4	50	834.6278681	Deep	Shallow subsurface	31.4598054
4	51	844.0067301	Deep	Shallow subsurface	38.35792257
4	52	853.9873025	Deep	Shallow subsurface	44.99960494
4	53	872.908691	Deep	Shallow subsurface	43.12876543
4	54	895.3097839	Deep	Shallow subsurface	41.77048015
4	55	899.0651234	Deep	Shallow subsurface	41.61030008
4	56	920.2183962	Deep	Shallow subsurface	42.86316134
4	57	938.5940447	Deep	Shallow subsurface	37.91924233
4	58	955.5429559	Deep	Shallow subsurface	37.21100482
4	59	959.7958304	Deep	Shallow subsurface	37.06441989
4	60	970.5673442	Deep	Shallow subsurface	41.11521344
5	6	16.37104011	Deep	Shallow subsurface	24.08812
5	7	30.77165118	Deep	Shallow subsurface	29.12893226
5	8	47.18301995	Deep	Shallow subsurface	32.06093042
5	9	67.21830314	Deep	Shallow subsurface	34.23400235
5	10	83.75477694	Deep	Shallow subsurface	32.06745962
5	11	102.096653	Deep	Shallow subsurface	28.95992733
5	12	123.0330018	Deep	Shallow subsurface	29.59061155
5	13	146.2871358	Deep	Shallow subsurface	29.36991859
5	14	171.6956312	Deep	Shallow subsurface	37.79060314
5	15	191.1953428	Deep	Shallow subsurface	30.06292034
5	16	207.1959447	Deep	Shallow subsurface	32.25205055
5	17	228.5020899	Deep	Shallow subsurface	33.21698954
5	18	252.0792683	Deep	Shallow subsurface	35.53955844
5	19	273.4502452	Deep	Shallow subsurface	32.5085847
5	20	293.4639241	Deep	Shallow subsurface	35.23809121
5	21	300.4476919	Deep	Shallow subsurface	33.81642372
5	22	317.7747808	Deep	Shallow subsurface	25.780202
5	23	333.076439	Deep	Shallow subsurface	31.65257308
5	24	346.9781746	Deep	Shallow subsurface	38.34136694
5	25	352.7513346	Deep	Shallow subsurface	39.65485442
5	26	366.626645	Deep	Shallow subsurface	35.49412199
5	27	379.9455308	Deep	Shallow subsurface	35.5855561
5	28	398.7492921	Deep	Shallow subsurface	34.95526922
5	29	419.1633687	Deep	Shallow subsurface	36.95980496
5	30	431.2285923	Deep	Shallow subsurface	39.05472198
5	31	453.0247976	Deep	Shallow subsurface	36.99970315
5	32	473.9882475	Deep	Shallow subsurface	44.19384878
5	33	495.6212141	Deep	Shallow subsurface	39.29686965
5	34	517.9523872	Deep	Shallow subsurface	41.38741004
5	35	540.5367341	Deep	Shallow subsurface	37.8199514
5	36	584.167267	Deep	Shallow subsurface	40.98747141
5	37	605.3429538	Deep	Shallow subsurface	36.86397015
5	38	608.0879342	Deep	Shallow subsurface	39.80056048
5	39	632.4347444	Deep	Shallow subsurface	40.70684602
5	40	656.6209593	Deep	Shallow subsurface	34.76077138
5	41	668.8321967	Deep	Shallow subsurface	37.54800095
5	42	687.4187347	Deep	Shallow subsurface	33.81739923
5	43	697.9541402	Deep	Shallow subsurface	38.82554387
5	44	717.0986718	Deep	Shallow subsurface	38.02942522
5	45	722.9157703	Deep	Shallow subsurface	40.78518428
5	46	743.4622391	Deep	Shallow subsurface	37.00068412
5	47	763.8047577	Deep	Shallow subsurface	35.05188593
5	48	787.5147054	Deep	Shallow subsurface	36.20881737
5	49	808.8928324	Deep	Shallow subsurface	37.34151702
5	50	823.0136767	Deep	Shallow subsurface	37.42337629
5	51	832.3834845	Deep	Shallow subsurface	41.8240969
5	52	842.3625727	Deep	Shallow subsurface	45.88454708
5	53	861.2849319	Deep	Shallow subsurface	43.04973012
5	54	883.682566	Deep	Shallow subsurface	42.54399896
5	55	887.4405967	Deep	Shallow subsurface	43.38371631
5	56	908.6078631	Deep	Shallow subsurface	42.12238668
5	57	926.9993313	Deep	Shallow subsurface	37.12921616
5	58	943.9624777	Deep	Shallow subsurface	38.63641251
5	59	948.2177171	Deep	Shallow subsurface	38.29771875
5	60	958.9836369	Deep	Shallow subsurface	43.03856785
6	7	14.40203593	Deep	Shallow subsurface	19.29490271
6	8	30.81875617	Deep	Shallow subsurface	26.01765981
6	9	50.85010941	Deep	Shallow subsurface	28.55216382
6	10	67.39123211	Deep	Shallow subsurface	21.99172979
6	11	85.74984117	Deep	Shallow subsurface	19.84930681
6	12	106.7125449	Deep	Shallow subsurface	18.98239761
6	13	130.011978	Deep	Shallow subsurface	19.52165762
6	14	155.4589903	Deep	Shallow subsurface	30.49285379
6	15	174.973766	Deep	Shallow subsurface	20.98938832
6	16	190.9902857	Deep	Shallow subsurface	22.61331549
6	17	212.3041437	Deep	Shallow subsurface	24.50658389
6	18	235.9120602	Deep	Shallow subsurface	29.30148307
6	19	257.3441595	Deep	Shallow subsurface	26.14991178
6	20	277.3872847	Deep	Shallow subsurface	26.67551033
6	21	284.3958918	Deep	Shallow subsurface	25.37858657
6	22	301.7818528	Deep	Shallow subsurface	23.09156948
6	23	317.1367024	Deep	Shallow subsurface	26.07938834
6	24	331.0585822	Deep	Shallow subsurface	32.73256841
6	25	336.8265207	Deep	Shallow subsurface	32.07571873
6	26	350.726839	Deep	Shallow subsurface	27.11953451
6	27	364.0790592	Deep	Shallow subsurface	27.48626444
6	28	382.8823341	Deep	Shallow subsurface	27.77747182
6	29	403.2659983	Deep	Shallow subsurface	29.32987747
6	30	415.3150734	Deep	Shallow subsurface	32.34768732
6	31	437.0927452	Deep	Shallow subsurface	33.33191045
6	32	458.0329164	Deep	Shallow subsurface	39.86771726
6	33	479.6365309	Deep	Shallow subsurface	34.16348389
6	34	501.9561674	Deep	Shallow subsurface	34.14362152
6	35	524.5301443	Deep	Shallow subsurface	29.15660122
6	36	568.1422818	Deep	Shallow subsurface	32.8382709
6	37	589.3139279	Deep	Shallow subsurface	29.31438892
6	38	592.060198	Deep	Shallow subsurface	32.03695834
6	39	616.410875	Deep	Shallow subsurface	36.35096872
6	40	640.5937121	Deep	Shallow subsurface	30.76031723
6	41	652.788715	Deep	Shallow subsurface	36.57964477
6	42	671.3664069	Deep	Shallow subsurface	28.00678282
6	43	681.8989876	Deep	Shallow subsurface	32.33051793
6	44	701.0274995	Deep	Shallow subsurface	29.84795288
6	45	706.8378217	Deep	Shallow subsurface	36.070575
6	46	727.3644022	Deep	Shallow subsurface	31.83794275
6	47	747.6879555	Deep	Shallow subsurface	28.89559341
6	48	771.3942827	Deep	Shallow subsurface	32.00843929
6	49	792.7903525	Deep	Shallow subsurface	33.12564695
6	50	806.9308017	Deep	Shallow subsurface	30.45705193
6	51	816.3304552	Deep	Shallow subsurface	37.15154736
6	52	826.3148862	Deep	Shallow subsurface	45.84240652
6	53	845.2335978	Deep	Shallow subsurface	42.25268363
6	54	867.6440757	Deep	Shallow subsurface	42.52845055
6	55	871.3919285	Deep	Shallow subsurface	43.12246882
6	56	892.5138124	Deep	Shallow subsurface	42.66632683
6	57	910.8646189	Deep	Shallow subsurface	36.56682034
6	58	927.7976037	Deep	Shallow subsurface	36.77782373
6	59	932.0482904	Deep	Shallow subsurface	36.67334745
6	60	942.8251353	Deep	Shallow subsurface	41.01299962
7	8	16.45738878	Deep	Shallow subsurface	18.36702604
7	9	36.44812011	Deep	Shallow subsurface	21.62877733
7	10	52.99110862	Deep	Shallow subsurface	16.78396401
7	11	71.36171245	Deep	Shallow subsurface	17.44936638
7	12	92.34582963	Deep	Shallow subsurface	18.48403787
7	13	115.6838738	Deep	Shallow subsurface	18.18514635
7	14	141.162678	Deep	Shallow subsurface	24.81195022
7	15	160.6885501	Deep	Shallow subsurface	19.01962309
7	16	176.7174841	Deep	Shallow subsurface	18.76892993
7	17	198.0359599	Deep	Shallow subsurface	19.94284872
7	18	221.668828	Deep	Shallow subsurface	24.40226864
7	19	243.1529653	Deep	Shallow subsurface	22.27366448
7	20	263.2201822	Deep	Shallow subsurface	20.67008345
7	21	270.2500927	Deep	Shallow subsurface	21.85382785
7	22	287.6864824	Deep	Shallow subsurface	19.43022468
7	23	303.0869267	Deep	Shallow subsurface	22.33406419
7	24	317.0251857	Deep	Shallow subsurface	25.95063006
7	25	322.7878986	Deep	Shallow subsurface	28.23660044
7	26	336.7089539	Deep	Shallow subsurface	22.62429013
7	27	350.089329	Deep	Shallow subsurface	25.30893728
7	28	368.8904293	Deep	Shallow subsurface	23.79972925
7	29	389.2457661	Deep	Shallow subsurface	23.29637405
7	30	401.279896	Deep	Shallow subsurface	26.53868222
7	31	423.040106	Deep	Shallow subsurface	27.96618046
7	32	443.9590395	Deep	Shallow subsurface	31.14717829
7	33	465.5364584	Deep	Shallow subsurface	26.89874363
7	34	487.8453632	Deep	Shallow subsurface	28.78751514
7	35	510.4097344	Deep	Shallow subsurface	24.05228636
7	36	554.0050305	Deep	Shallow subsurface	29.74795217
7	37	575.1727424	Deep	Shallow subsurface	25.0764894
7	38	577.9200312	Deep	Shallow subsurface	25.07696504
7	39	602.2733951	Deep	Shallow subsurface	29.73555881
7	40	626.4528844	Deep	Shallow subsurface	24.59474341
7	41	638.6340741	Deep	Shallow subsurface	35.66605283
7	42	657.2040603	Deep	Shallow subsurface	26.83139642
7	43	667.7341148	Deep	Shallow subsurface	27.08493881
7	44	686.8490367	Deep	Shallow subsurface	25.46159811
7	45	692.6536687	Deep	Shallow subsurface	33.32165164
7	46	713.1635792	Deep	Shallow subsurface	30.2515826
7	47	733.4713431	Deep	Shallow subsurface	26.48576696
7	48	757.174467	Deep	Shallow subsurface	31.98930283
7	49	778.5849897	Deep	Shallow subsurface	32.62090637
7	50	792.7413709	Deep	Shallow subsurface	28.46621363
7	51	802.1655012	Deep	Shallow subsurface	34.68561786
7	52	812.1542302	Deep	Shallow subsurface	45.46587835
7	53	831.0697226	Deep	Shallow subsurface	40.10103105
7	54	853.4905608	Deep	Shallow subsurface	40.35047612
7	55	857.2299784	Deep	Shallow subsurface	42.68022079
7	56	878.3144315	Deep	Shallow subsurface	42.36606605
7	57	896.6320631	Deep	Shallow subsurface	37.13828244
7	58	913.5406829	Deep	Shallow subsurface	38.2054252
7	59	917.7877056	Deep	Shallow subsurface	37.6172363
7	60	928.573236	Deep	Shallow subsurface	39.85469573
8	9	20.15820634	Deep	Shallow subsurface	19.24253393
8	10	36.70869224	Deep	Shallow subsurface	20.2603385
8	11	55.14750154	Deep	Shallow subsurface	21.82595979
8	12	76.2050147	Deep	Shallow subsurface	24.18409771
8	13	99.64871939	Deep	Shallow subsurface	24.53276287
8	14	125.1956752	Deep	Shallow subsurface	24.98498773
8	15	144.738283	Deep	Shallow subsurface	21.02311803
8	16	160.7894411	Deep	Shallow subsurface	21.19065442
8	17	182.1104162	Deep	Shallow subsurface	22.48930476
8	18	205.7912933	Deep	Shallow subsurface	23.66045584
8	19	227.3781935	Deep	Shallow subsurface	22.78951806
8	20	247.4879739	Deep	Shallow subsurface	22.36967552
8	21	254.5576475	Deep	Shallow subsurface	22.30130523
8	22	272.0851689	Deep	Shallow subsurface	23.04001178
8	23	287.5653634	Deep	Shallow subsurface	20.43155891
8	24	301.5295757	Deep	Shallow subsurface	23.78395084
8	25	307.2815015	Deep	Shallow subsurface	28.5894223
8	26	321.2363134	Deep	Shallow subsurface	22.02243805
8	27	334.6632566	Deep	Shallow subsurface	24.3397619
8	28	353.456642	Deep	Shallow subsurface	21.83072433
8	29	373.7587415	Deep	Shallow subsurface	21.26518298
8	30	385.7646573	Deep	Shallow subsurface	24.28029513
8	31	407.4909265	Deep	Shallow subsurface	25.11304311
8	32	428.3695471	Deep	Shallow subsurface	31.03993902
8	33	449.8977005	Deep	Shallow subsurface	24.79962762
8	34	472.1851648	Deep	Shallow subsurface	26.31822947
8	35	494.7302801	Deep	Shallow subsurface	20.89049208
8	36	538.2918731	Deep	Shallow subsurface	29.22278288
8	37	559.4511297	Deep	Shallow subsurface	24.67488103
8	38	562.2001263	Deep	Shallow subsurface	23.94806637
8	39	586.5570708	Deep	Shallow subsurface	25.74229646
8	40	610.7292511	Deep	Shallow subsurface	20.21374489
8	41	622.8845927	Deep	Shallow subsurface	31.00653224
8	42	641.4395864	Deep	Shallow subsurface	23.19942702
8	43	651.9645494	Deep	Shallow subsurface	24.07895651
8	44	671.0534958	Deep	Shallow subsurface	23.67405522
8	45	676.8472709	Deep	Shallow subsurface	31.6985704
8	46	697.3250159	Deep	Shallow subsurface	28.7088993
8	47	717.6019194	Deep	Shallow subsurface	23.88899052
8	48	741.298223	Deep	Shallow subsurface	28.94698722
8	49	762.7359618	Deep	Shallow subsurface	30.83822132
8	50	776.9221011	Deep	Shallow subsurface	28.36341983
8	51	786.391415	Deep	Shallow subsurface	32.68768626
8	52	796.3877583	Deep	Shallow subsurface	41.81292025
8	53	815.2968637	Deep	Shallow subsurface	37.50432344
8	54	837.7360582	Deep	Shallow subsurface	36.70458512
8	55	841.4600054	Deep	Shallow subsurface	38.43292584
8	56	862.474498	Deep	Shallow subsurface	38.92224596
8	57	880.7281328	Deep	Shallow subsurface	34.30300644
8	58	897.5881433	Deep	Shallow subsurface	35.26296164
8	59	901.8276951	Deep	Shallow subsurface	34.53709233
8	60	912.6305606	Deep	Shallow subsurface	36.9223693
9	10	16.55677743	Deep	Shallow subsurface	19.09458416
9	11	34.98951096	Deep	Shallow subsurface	21.7047697
9	12	56.05481794	Deep	Shallow subsurface	23.72233761
9	13	79.52539463	Deep	Shallow subsurface	25.29734309
9	14	105.0927055	Deep	Shallow subsurface	25.42355528
9	15	124.637719	Deep	Shallow subsurface	23.01897879
9	16	140.6952193	Deep	Shallow subsurface	22.91471297
9	17	162.0137761	Deep	Shallow subsurface	21.85440579
9	18	185.7122761	Deep	Shallow subsurface	21.11479523
9	19	207.3460208	Deep	Shallow subsurface	23.1646762
9	20	227.47525	Deep	Shallow subsurface	21.80596662
9	21	234.5656729	Deep	Shallow subsurface	21.21823948
9	22	252.1432471	Deep	Shallow subsurface	25.86940811
9	23	267.6699041	Deep	Shallow subsurface	20.66196244
9	24	281.6481699	Deep	Shallow subsurface	21.98111836
9	25	287.392321	Deep	Shallow subsurface	27.99708748
9	26	301.366427	Deep	Shallow subsurface	21.80977615
9	27	314.8214739	Deep	Shallow subsurface	25.43549272
9	28	333.6071658	Deep	Shallow subsurface	23.82821434
9	29	353.8730427	Deep	Shallow subsurface	20.07612642
9	30	365.8603776	Deep	Shallow subsurface	23.98568293
9	31	387.5644065	Deep	Shallow subsurface	25.09256513
9	32	408.4181405	Deep	Shallow subsurface	28.78414221
9	33	429.9176263	Deep	Shallow subsurface	23.12281774
9	34	452.1925134	Deep	Shallow subsurface	27.90668477
9	35	474.7266165	Deep	Shallow subsurface	24.85387892
9	36	518.2696973	Deep	Shallow subsurface	28.0009429
9	37	539.4242099	Deep	Shallow subsurface	24.48602797
9	38	542.1739665	Deep	Shallow subsurface	22.49311242
9	39	566.5320381	Deep	Shallow subsurface	26.10385972
9	40	590.7001067	Deep	Shallow subsurface	23.92554895
9	41	602.8429258	Deep	Shallow subsurface	33.04425141
9	42	621.3906571	Deep	Shallow subsurface	25.3605987
9	43	631.9131262	Deep	Shallow subsurface	26.35430923
9	44	650.9902547	Deep	Shallow subsurface	24.91134887
9	45	656.7792725	Deep	Shallow subsurface	35.10612119
9	46	677.2434112	Deep	Shallow subsurface	32.41852498
9	47	697.5080415	Deep	Shallow subsurface	26.40892536
9	48	721.2015727	Deep	Shallow subsurface	32.42083043
9	49	742.6495312	Deep	Shallow subsurface	33.7262639
9	50	756.8475365	Deep	Shallow subsurface	29.57400225
9	51	766.3361285	Deep	Shallow subsurface	35.02848332
9	52	776.3357542	Deep	Shallow subsurface	45.03244522
9	53	795.2418096	Deep	Shallow subsurface	39.32962068
9	54	817.6890048	Deep	Shallow subsurface	39.69328283
9	55	821.4059668	Deep	Shallow subsurface	41.66592059
9	56	842.390844	Deep	Shallow subsurface	41.26571615
9	57	860.6206222	Deep	Shallow subsurface	36.85772152
9	58	877.4648826	Deep	Shallow subsurface	37.62047331
9	59	881.7022106	Deep	Shallow subsurface	36.95669181
9	60	892.5102389	Deep	Shallow subsurface	38.98243497
10	11	18.46178099	Deep	Shallow subsurface	17.97003935
10	12	39.55566823	Deep	Shallow subsurface	19.94825578
10	13	63.07950164	Deep	Shallow subsurface	19.90159205
10	14	88.67257235	Deep	Shallow subsurface	23.53631394
10	15	108.215277	Deep	Shallow subsurface	21.04503819
10	16	124.2787891	Deep	Shallow subsurface	18.73391448
10	17	145.5897721	Deep	Shallow subsurface	19.35900744
10	18	169.3101221	Deep	Shallow subsurface	22.18093674
10	19	191.0031459	Deep	Shallow subsurface	20.57893742
10	20	211.1539349	Deep	Shallow subsurface	18.92969548
10	21	218.268899	Deep	Shallow subsurface	22.47367801
10	22	235.9036556	Deep	Shallow subsurface	22.18500272
10	23	251.4816431	Deep	Shallow subsurface	21.34723062
10	24	265.473637	Deep	Shallow subsurface	27.33736574
10	25	271.2081081	Deep	Shallow subsurface	28.01231691
10	26	285.2019186	Deep	Shallow subsurface	20.18139602
10	27	298.6863196	Deep	Shallow subsurface	23.91904368
10	28	317.4610872	Deep	Shallow subsurface	24.01536397
10	29	337.6848154	Deep	Shallow subsurface	21.12814676
10	30	349.6504771	Deep	Shallow subsurface	24.65515117
10	31	371.3281088	Deep	Shallow subsurface	28.98803545
10	32	392.1527109	Deep	Shallow subsurface	33.62498799
10	33	413.6187622	Deep	Shallow subsurface	26.22795791
10	34	435.8784205	Deep	Shallow subsurface	27.87804981
10	35	458.3991498	Deep	Shallow subsurface	24.15608565
10	36	501.9197138	Deep	Shallow subsurface	29.38612895
10	37	523.0682514	Deep	Shallow subsurface	22.55267647
10	38	525.8188275	Deep	Shallow subsurface	27.21852942
10	39	550.177693	Deep	Shallow subsurface	28.22518818
10	40	574.3405649	Deep	Shallow subsurface	25.52162805
10	41	586.4686502	Deep	Shallow subsurface	35.98329048
10	42	605.0075998	Deep	Shallow subsurface	25.72371192
10	43	615.526991	Deep	Shallow subsurface	27.56564221
10	44	634.5898694	Deep	Shallow subsurface	26.7063429
10	45	640.373121	Deep	Shallow subsurface	32.9343114
10	46	660.8205203	Deep	Shallow subsurface	32.04000556
10	47	681.0697108	Deep	Shallow subsurface	24.73344418
10	48	704.7595704	Deep	Shallow subsurface	31.47373476
10	49	726.2201715	Deep	Shallow subsurface	32.69141342
10	50	740.4325645	Deep	Shallow subsurface	26.77151021
10	51	749.9440007	Deep	Shallow subsurface	34.93896435
10	52	759.9473779	Deep	Shallow subsurface	45.67664285
10	53	778.8497102	Deep	Shallow subsurface	40.20279863
10	54	801.3060327	Deep	Shallow subsurface	40.58858576
10	55	805.0148477	Deep	Shallow subsurface	43.17017189
10	56	825.9642706	Deep	Shallow subsurface	42.84381278
10	57	844.1639632	Deep	Shallow subsurface	38.50035202
10	58	860.987051	Deep	Shallow subsurface	38.74178245
10	59	865.221257	Deep	Shallow subsurface	37.56232454
10	60	876.0364136	Deep	Shallow subsurface	38.98722777
11	12	21.09937133	Deep	Shallow subsurface	17.39697614
11	13	44.64839931	Deep	Shallow subsurface	18.82604783
11	14	70.25058267	Deep	Shallow subsurface	26.65303468
11	15	89.7874755	Deep	Shallow subsurface	19.3077527
11	16	105.8523356	Deep	Shallow subsurface	20.61721235
11	17	127.1567155	Deep	Shallow subsurface	20.9368595
11	18	150.8877641	Deep	Shallow subsurface	24.21926927
11	19	172.6171104	Deep	Shallow subsurface	20.84027346
11	20	192.7809334	Deep	Shallow subsurface	23.0114878
11	21	199.9128197	Deep	Shallow subsurface	23.09218377
11	22	217.5887317	Deep	Shallow subsurface	22.66997774
11	23	233.2053677	Deep	Shallow subsurface	21.54001458
11	24	247.2066645	Deep	Shallow subsurface	26.10967448
11	25	252.9326917	Deep	Shallow subsurface	27.14623593
11	26	266.9407567	Deep	Shallow subsurface	23.22844435
11	27	280.4474928	Deep	Shallow subsurface	24.49467567
11	28	299.2115309	Deep	Shallow subsurface	22.35357165
11	29	319.4003778	Deep	Shallow subsurface	24.16565459
11	30	331.3486982	Deep	Shallow subsurface	26.92640135
11	31	353.0055599	Deep	Shallow subsurface	29.7364799
11	32	373.8084128	Deep	Shallow subsurface	33.64267332
11	33	395.250896	Deep	Shallow subsurface	26.28781273
11	34	417.5000295	Deep	Shallow subsurface	29.74550191
11	35	440.0118103	Deep	Shallow subsurface	24.35273061
11	36	483.5180195	Deep	Shallow subsurface	28.91745763
11	37	504.662818	Deep	Shallow subsurface	24.52589212
11	38	507.4138399	Deep	Shallow subsurface	26.93066716
11	39	531.772917	Deep	Shallow subsurface	29.90594797
11	40	555.932581	Deep	Shallow subsurface	25.12166389
11	41	568.0523607	Deep	Shallow subsurface	34.39407489
11	42	586.5864832	Deep	Shallow subsurface	24.84123186
11	43	597.1042005	Deep	Shallow subsurface	26.8291983
11	44	616.1597813	Deep	Shallow subsurface	26.32179249
11	45	621.9402235	Deep	Shallow subsurface	33.97932819
11	46	642.3799373	Deep	Shallow subsurface	30.04481014
11	47	662.6227633	Deep	Shallow subsurface	25.78447446
11	48	686.3111895	Deep	Shallow subsurface	30.31493503
11	49	707.7766902	Deep	Shallow subsurface	30.73997999
11	50	721.9952454	Deep	Shallow subsurface	27.89955564
11	51	731.5175416	Deep	Shallow subsurface	34.5897893
11	52	741.5227783	Deep	Shallow subsurface	43.82977067
11	53	760.4231665	Deep	Shallow subsurface	40.95102929
11	54	782.8840609	Deep	Shallow subsurface	39.67904173
11	55	786.5887116	Deep	Shallow subsurface	41.49172257
11	56	807.5217382	Deep	Shallow subsurface	41.17263422
11	57	825.7104011	Deep	Shallow subsurface	36.25390683
11	58	842.5280086	Deep	Shallow subsurface	36.07440542
11	59	846.7616162	Deep	Shallow subsurface	36.18497663
11	60	857.5782167	Deep	Shallow subsurface	39.75266971
12	13	23.57375183	Deep	Shallow subsurface	18.93148818
12	14	49.17582743	Deep	Shallow subsurface	29.76522901
12	15	68.70334618	Deep	Shallow subsurface	20.2247685
12	16	84.76790189	Deep	Shallow subsurface	23.78328741
12	17	106.0661091	Deep	Shallow subsurface	23.72697748
12	18	129.8041683	Deep	Shallow subsurface	28.75165566
12	19	151.5638529	Deep	Shallow subsurface	26.56443855
12	20	171.7384482	Deep	Shallow subsurface	25.61900517
12	21	178.8860944	Deep	Shallow subsurface	22.53251862
12	22	196.6016028	Deep	Shallow subsurface	25.90368201
12	23	212.2565101	Deep	Shallow subsurface	24.68576823
12	24	226.2658596	Deep	Shallow subsurface	26.87486166
12	25	231.9824693	Deep	Shallow subsurface	30.93650728
12	26	246.0038473	Deep	Shallow subsurface	26.3611114
12	27	259.5324234	Deep	Shallow subsurface	27.33025487
12	28	278.2835823	Deep	Shallow subsurface	24.27439925
12	29	298.4357457	Deep	Shallow subsurface	26.08587135
12	30	310.3663943	Deep	Shallow subsurface	30.97626187
12	31	332.0024838	Deep	Shallow subsurface	30.27630584
12	32	352.7846231	Deep	Shallow subsurface	35.1772975
12	33	374.2058871	Deep	Shallow subsurface	31.2096504
12	34	396.4458431	Deep	Shallow subsurface	32.94347964
12	35	418.9501142	Deep	Shallow subsurface	26.43374063
12	36	462.4449667	Deep	Shallow subsurface	31.00927214
12	37	483.5869305	Deep	Shallow subsurface	28.44449348
12	38	486.3382597	Deep	Shallow subsurface	27.26515361
12	39	510.6973758	Deep	Shallow subsurface	34.56180959
12	40	534.8546676	Deep	Shallow subsurface	28.86397684
12	41	546.9687839	Deep	Shallow subsurface	37.06211764
12	42	565.4997938	Deep	Shallow subsurface	29.08277922
12	43	576.0164674	Deep	Shallow subsurface	30.97632429
12	44	595.0678498	Deep	Shallow subsurface	27.11726862
12	45	600.8468275	Deep	Shallow subsurface	38.60435823
12	46	621.2830971	Deep	Shallow subsurface	34.26663357
12	47	641.5239676	Deep	Shallow subsurface	28.26296183
12	48	665.2121166	Deep	Shallow subsurface	34.00638676
12	49	686.6788147	Deep	Shallow subsurface	35.75183029
12	50	700.8996992	Deep	Shallow subsurface	32.43498939
12	51	710.4274748	Deep	Shallow subsurface	37.82551193
12	52	720.4337642	Deep	Shallow subsurface	48.73534176
12	53	739.3330232	Deep	Shallow subsurface	44.96595009
12	54	761.7965493	Deep	Shallow subsurface	43.37991687
12	55	765.4987731	Deep	Shallow subsurface	45.69244729
12	56	786.4241447	Deep	Shallow subsurface	45.24217957
12	57	804.611141	Deep	Shallow subsurface	39.52864483
12	58	821.4313948	Deep	Shallow subsurface	39.51313856
12	59	825.6657441	Deep	Shallow subsurface	39.31369433
12	60	836.4808049	Deep	Shallow subsurface	42.81183456
13	14	25.60386759	Deep	Shallow subsurface	27.69635175
13	15	45.13923986	Deep	Shallow subsurface	19.97721929
13	16	61.20402268	Deep	Shallow subsurface	20.43932161
13	17	82.51100679	Deep	Shallow subsurface	23.19108736
13	18	106.2393802	Deep	Shallow subsurface	26.878536
13	19	127.9903168	Deep	Shallow subsurface	22.32501055
13	20	148.1664042	Deep	Shallow subsurface	26.03613491
13	21	155.318395	Deep	Shallow subsurface	24.43161882
13	22	173.0513985	Deep	Shallow subsurface	23.24241881
13	23	188.7283625	Deep	Shallow subsurface	25.56905132
13	24	202.7420297	Deep	Shallow subsurface	30.548062
13	25	208.4522431	Deep	Shallow subsurface	29.65186876
13	26	222.4813759	Deep	Shallow subsurface	24.48583686
13	27	236.0237727	Deep	Shallow subsurface	25.82466752
13	28	254.7653042	Deep	Shallow subsurface	26.07995256
13	29	274.8944276	Deep	Shallow subsurface	25.95438735
13	30	286.8154211	Deep	Shallow subsurface	29.45548636
13	31	308.4416554	Deep	Shallow subsurface	32.99072535
13	32	329.216187	Deep	Shallow subsurface	37.60225316
13	33	350.6327783	Deep	Shallow subsurface	30.96945245
13	34	372.8720948	Deep	Shallow subsurface	31.82064218
13	35	395.3767253	Deep	Shallow subsurface	27.09652403
13	36	438.8742242	Deep	Shallow subsurface	31.29601335
13	37	460.0173927	Deep	Shallow subsurface	26.74378011
13	38	462.7685809	Deep	Shallow subsurface	30.66040687
13	39	487.1276908	Deep	Shallow subsurface	32.98614226
13	40	511.2861789	Deep	Shallow subsurface	27.45349585
13	41	523.4041515	Deep	Shallow subsurface	36.50525577
13	42	541.9381145	Deep	Shallow subsurface	26.96754139
13	43	552.4559575	Deep	Shallow subsurface	29.54291443
13	44	571.5133623	Deep	Shallow subsurface	29.84483104
13	45	577.2951595	Deep	Shallow subsurface	34.48469769
13	46	597.7410728	Deep	Shallow subsurface	31.41003685
13	47	617.9929969	Deep	Shallow subsurface	27.33109413
13	48	641.6841822	Deep	Shallow subsurface	31.54350095
13	49	663.1413816	Deep	Shallow subsurface	31.97241238
13	50	677.3532517	Deep	Shallow subsurface	29.05995192
13	51	686.8699702	Deep	Shallow subsurface	36.49285199
13	52	696.8748149	Deep	Shallow subsurface	44.91537901
13	53	715.7756226	Deep	Shallow subsurface	42.74196693
13	54	738.2357653	Deep	Shallow subsurface	40.22120069
13	55	741.9410731	Deep	Shallow subsurface	42.20961604
13	56	762.8851505	Deep	Shallow subsurface	42.46657919
13	57	781.0967482	Deep	Shallow subsurface	38.94823289
13	58	797.9412271	Deep	Shallow subsurface	37.95142412
13	59	802.179781	Deep	Shallow subsurface	38.0274552
13	60	812.9854959	Deep	Shallow subsurface	40.38004748
14	15	19.54517492	Deep	Shallow subsurface	21.27052003
14	16	35.60649563	Deep	Shallow subsurface	18.55776261
14	17	56.92170595	Deep	Shallow subsurface	21.53057335
14	18	80.63853914	Deep	Shallow subsurface	25.90448152
14	19	102.3940149	Deep	Shallow subsurface	22.22414271
14	20	122.5765081	Deep	Shallow subsurface	27.91709361
14	21	129.7408044	Deep	Shallow subsurface	24.5960508
14	22	147.5104598	Deep	Shallow subsurface	27.78272748
14	23	163.2266093	Deep	Shallow subsurface	22.18291635
14	24	177.2460727	Deep	Shallow subsurface	28.08356749
14	25	182.9445454	Deep	Shallow subsurface	26.34162467
14	26	196.985567	Deep	Shallow subsurface	20.46448655
14	27	210.549485	Deep	Shallow subsurface	21.05077947
14	28	229.2735814	Deep	Shallow subsurface	24.57542621
14	29	249.3631989	Deep	Shallow subsurface	23.353358
14	30	261.267008	Deep	Shallow subsurface	23.75492513
14	31	282.8747245	Deep	Shallow subsurface	28.26269999
14	32	303.6335082	Deep	Shallow subsurface	34.00342928
14	33	325.0373485	Deep	Shallow subsurface	27.01008481
14	34	347.2725101	Deep	Shallow subsurface	22.38499496
14	35	369.7746293	Deep	Shallow subsurface	25.39018154
14	36	413.270363	Deep	Shallow subsurface	30.09459912
14	37	434.4135967	Deep	Shallow subsurface	25.01011103
14	38	437.1647658	Deep	Shallow subsurface	28.84935313
14	39	461.5238736	Deep	Shallow subsurface	25.83329906
14	40	485.6825872	Deep	Shallow subsurface	23.75776305
14	41	497.8020171	Deep	Shallow subsurface	34.811263
14	42	516.337519	Deep	Shallow subsurface	25.71636394
14	43	526.8560329	Deep	Shallow subsurface	27.06492162
14	44	545.9173218	Deep	Shallow subsurface	26.34866081
14	45	551.7011112	Deep	Shallow subsurface	32.88991223
14	46	572.1543568	Deep	Shallow subsurface	30.65711172
14	47	592.4153391	Deep	Shallow subsurface	25.50989945
14	48	616.1090203	Deep	Shallow subsurface	27.96005529
14	49	637.5581883	Deep	Shallow subsurface	30.2189363
14	50	651.762902	Deep	Shallow subsurface	28.773628
14	51	661.2717851	Deep	Shallow subsurface	33.77824942
14	52	671.2757175	Deep	Shallow subsurface	42.53115773
14	53	690.177481	Deep	Shallow subsurface	38.99736368
14	54	712.6355554	Deep	Shallow subsurface	38.39156297
14	55	716.3427224	Deep	Shallow subsurface	39.77703586
14	56	737.3004626	Deep	Shallow subsurface	39.4658158
14	57	755.5328404	Deep	Shallow subsurface	36.49414512
14	58	772.3991771	Deep	Shallow subsurface	36.6823035
14	59	776.6416063	Deep	Shallow subsurface	35.31260201
14	60	787.4386383	Deep	Shallow subsurface	39.9067716
15	16	16.06491343	Deep	Shallow subsurface	17.47603039
15	17	37.37656191	Deep	Shallow subsurface	20.50180314
15	18	61.10104869	Deep	Shallow subsurface	26.22108146
15	19	82.9066985	Deep	Shallow subsurface	21.82262209
15	20	103.1027007	Deep	Shallow subsurface	26.65453414
15	21	110.2921355	Deep	Shallow subsurface	19.33667461
15	22	128.1219218	Deep	Shallow subsurface	23.83338692
15	23	143.8928052	Deep	Shallow subsurface	19.93827996
15	24	157.9166103	Deep	Shallow subsurface	25.01620649
15	25	163.597238	Deep	Shallow subsurface	24.70299767
15	26	177.6517955	Deep	Shallow subsurface	20.8453337
15	27	191.2417427	Deep	Shallow subsurface	20.52487251
15	28	209.9396524	Deep	Shallow subsurface	17.86917436
15	29	229.9734721	Deep	Shallow subsurface	22.47416811
15	30	241.8518872	Deep	Shallow subsurface	26.09090109
15	31	263.430593	Deep	Shallow subsurface	26.94938051
15	32	284.162725	Deep	Shallow subsurface	34.14515941
15	33	305.5412583	Deep	Shallow subsurface	27.29843742
15	34	327.7658673	Deep	Shallow subsurface	26.04876604
15	35	350.2597805	Deep	Shallow subsurface	21.44038755
15	36	393.7439634	Deep	Shallow subsurface	26.76741329
15	37	414.8844858	Deep	Shallow subsurface	25.14543939
15	38	417.6359351	Deep	Shallow subsurface	27.28851187
15	39	441.9950399	Deep	Shallow subsurface	29.06314472
15	40	466.1515729	Deep	Shallow subsurface	22.73941432
15	41	478.2660738	Deep	Shallow subsurface	31.44846235
15	42	496.7990412	Deep	Shallow subsurface	22.59256723
15	43	507.3167457	Deep	Shallow subsurface	24.18437999
15	44	526.374993	Deep	Shallow subsurface	24.49727016
15	45	532.1578452	Deep	Shallow subsurface	31.7105667
15	46	552.6094	Deep	Shallow subsurface	27.53904777
15	47	572.8703391	Deep	Shallow subsurface	24.05396445
15	48	596.5642425	Deep	Shallow subsurface	25.70800246
15	49	618.0130249	Deep	Shallow subsurface	28.91628929
15	50	632.2185303	Deep	Shallow subsurface	27.62226215
15	51	641.7308772	Deep	Shallow subsurface	32.40314309
15	52	651.7355882	Deep	Shallow subsurface	40.64160821
15	53	670.6365407	Deep	Shallow subsurface	39.56945688
15	54	693.0965869	Deep	Shallow subsurface	36.82466924
15	55	696.8019486	Deep	Shallow subsurface	37.94794545
15	56	717.75536	Deep	Shallow subsurface	37.78291927
15	57	735.9898502	Deep	Shallow subsurface	33.2744202
15	58	752.8621954	Deep	Shallow subsurface	32.57573134
15	59	757.1059174	Deep	Shallow subsurface	32.15443066
15	60	767.9001144	Deep	Shallow subsurface	38.22932317
16	17	21.32142896	Deep	Shallow subsurface	19.66365319
16	18	45.03628201	Deep	Shallow subsurface	23.68455068
16	19	66.87414071	Deep	Shallow subsurface	20.20041801
16	20	87.07756883	Deep	Shallow subsurface	23.0237902
16	21	94.28630471	Deep	Shallow subsurface	20.97337065
16	22	112.1628677	Deep	Shallow subsurface	22.27663457
16	23	127.976443	Deep	Shallow subsurface	20.92666522
16	24	142.0003687	Deep	Shallow subsurface	26.6788312
16	25	147.6649079	Deep	Shallow subsurface	25.55504708
16	26	161.7280063	Deep	Shallow subsurface	18.71725394
16	27	175.3368793	Deep	Shallow subsurface	22.14558195
16	28	194.0110409	Deep	Shallow subsurface	22.41536049
16	29	213.9998944	Deep	Shallow subsurface	20.9640068
16	30	225.8588548	Deep	Shallow subsurface	24.10504048
16	31	247.4162096	Deep	Shallow subsurface	27.08938458
16	32	268.1301865	Deep	Shallow subsurface	33.59815276
16	33	289.493183	Deep	Shallow subsurface	26.81888441
16	34	311.71196	Deep	Shallow subsurface	25.94087778
16	35	334.2018004	Deep	Shallow subsurface	24.37517551
16	36	377.681292	Deep	Shallow subsurface	29.21387482
16	37	398.8209722	Deep	Shallow subsurface	23.13004205
16	38	401.5724988	Deep	Shallow subsurface	27.94763141
16	39	425.9315881	Deep	Shallow subsurface	28.25044827
16	40	450.0875439	Deep	Shallow subsurface	21.93118902
16	41	462.201226	Deep	Shallow subsurface	34.78073765
16	42	480.7341565	Deep	Shallow subsurface	23.87407224
16	43	491.2519358	Deep	Shallow subsurface	26.74128756
16	44	510.3111128	Deep	Shallow subsurface	26.72207534
16	45	516.0946292	Deep	Shallow subsurface	31.44889594
16	46	536.5491487	Deep	Shallow subsurface	29.12682328
16	47	556.8143426	Deep	Shallow subsurface	23.84880534
16	48	580.5094548	Deep	Shallow subsurface	27.05537165
16	49	601.9543218	Deep	Shallow subsurface	30.00130762
16	50	616.1567	Deep	Shallow subsurface	25.95321654
16	51	625.666407	Deep	Shallow subsurface	33.63389734
16	52	635.6709226	Deep	Shallow subsurface	43.05387239
16	53	654.5720815	Deep	Shallow subsurface	39.98295698
16	54	677.0317471	Deep	Shallow subsurface	38.72143764
16	55	680.7374415	Deep	Shallow subsurface	39.63026494
16	56	701.6959115	Deep	Shallow subsurface	39.47822856
16	57	719.940613	Deep	Shallow subsurface	36.72136539
16	58	736.8247663	Deep	Shallow subsurface	36.56942975
16	59	741.0706399	Deep	Shallow subsurface	35.41506181
16	60	751.8599804	Deep	Shallow subsurface	39.01400346
17	18	23.76782633	Deep	Shallow subsurface	23.19470708
17	19	45.76583084	Deep	Shallow subsurface	15.77173983
17	20	65.96845614	Deep	Shallow subsurface	19.20737752
17	21	73.23017549	Deep	Shallow subsurface	19.20125376
17	22	91.21574297	Deep	Shallow subsurface	23.39607855
17	23	107.1171773	Deep	Shallow subsurface	17.03218971
17	24	121.1288027	Deep	Shallow subsurface	22.1952814
17	25	126.752448	Deep	Shallow subsurface	19.72388054
17	26	140.8262361	Deep	Shallow subsurface	15.90883663
17	27	154.4691551	Deep	Shallow subsurface	18.41569024
17	28	173.0841003	Deep	Shallow subsurface	23.2064201
17	29	192.968826	Deep	Shallow subsurface	21.9409667
17	30	204.7814511	Deep	Shallow subsurface	21.30409167
17	31	226.2857997	Deep	Shallow subsurface	28.33870582
17	32	246.9527539	Deep	Shallow subsurface	33.03840398
17	33	268.271733	Deep	Shallow subsurface	24.45244873
17	34	290.47154	Deep	Shallow subsurface	25.74510604
17	35	312.9466011	Deep	Shallow subsurface	23.93616098
17	36	356.4050692	Deep	Shallow subsurface	25.95146297
17	37	377.5396338	Deep	Shallow subsurface	21.0488911
17	38	380.2916363	Deep	Shallow subsurface	26.32217333
17	39	404.6504777	Deep	Shallow subsurface	26.90282907
17	40	428.8023184	Deep	Shallow subsurface	24.53670166
17	41	440.9067528	Deep	Shallow subsurface	35.07334604
17	42	459.4346039	Deep	Shallow subsurface	24.66402359
17	43	469.9506893	Deep	Shallow subsurface	22.87417383
17	44	489.00307	Deep	Shallow subsurface	23.13911966
17	45	494.7841954	Deep	Shallow subsurface	34.82293137
17	46	515.232975	Deep	Shallow subsurface	32.12404375
17	47	535.494621	Deep	Shallow subsurface	26.28239844
17	48	559.1891802	Deep	Shallow subsurface	29.09053505
17	49	580.6364866	Deep	Shallow subsurface	31.7207201
17	50	594.8429448	Deep	Shallow subsurface	29.08206145
17	51	604.3614923	Deep	Shallow subsurface	34.33736276
17	52	614.3676584	Deep	Shallow subsurface	44.46845167
17	53	633.2670659	Deep	Shallow subsurface	42.62987053
17	54	655.730804	Deep	Shallow subsurface	40.50450223
17	55	659.4327601	Deep	Shallow subsurface	40.59315013
17	56	680.3788043	Deep	Shallow subsurface	42.06606637
17	57	698.61921	Deep	Shallow subsurface	36.90103505
17	58	715.5051726	Deep	Shallow subsurface	36.68866762
17	59	719.7517462	Deep	Shallow subsurface	35.74480979
17	60	730.5396336	Deep	Shallow subsurface	39.93262187
18	19	22.13349441	Deep	Shallow subsurface	21.53185002
18	20	42.27977699	Deep	Shallow subsurface	22.41029376
18	21	49.58121466	Deep	Shallow subsurface	24.6642305
18	22	67.64626788	Deep	Shallow subsurface	25.99626589
18	23	83.6113928	Deep	Shallow subsurface	22.56655328
18	24	97.59494469	Deep	Shallow subsurface	27.12447745
18	25	103.1771498	Deep	Shallow subsurface	29.00215988
18	26	117.2506197	Deep	Shallow subsurface	20.89498227
18	27	130.9143342	Deep	Shallow subsurface	26.07468176
18	28	149.4738122	Deep	Shallow subsurface	26.16265909
18	29	169.2812442	Deep	Shallow subsurface	24.43046161
18	30	181.0652821	Deep	Shallow subsurface	24.05475573
18	31	202.5425316	Deep	Shallow subsurface	30.02501045
18	32	223.192559	Deep	Shallow subsurface	31.14138882
18	33	244.504071	Deep	Shallow subsurface	25.98135611
18	34	266.7043054	Deep	Shallow subsurface	29.00789088
18	35	289.1819131	Deep	Shallow subsurface	27.19823458
18	36	332.6487409	Deep	Shallow subsurface	29.06849723
18	37	353.7865182	Deep	Shallow subsurface	25.1683068
18	38	356.5382036	Deep	Shallow subsurface	28.16794953
18	39	380.8972396	Deep	Shallow subsurface	27.5926942
18	40	405.052075	Deep	Shallow subsurface	26.1134652
18	41	417.1650509	Deep	Shallow subsurface	36.94536511
18	42	435.6990569	Deep	Shallow subsurface	27.95104902
18	43	446.2174988	Deep	Shallow subsurface	29.55360231
18	44	465.2815524	Deep	Shallow subsurface	28.29565201
18	45	471.0679606	Deep	Shallow subsurface	33.20951632
18	46	491.5341538	Deep	Shallow subsurface	33.35731974
18	47	511.8148914	Deep	Shallow subsurface	28.42065489
18	48	535.5141484	Deep	Shallow subsurface	33.35099989
18	49	556.9447898	Deep	Shallow subsurface	33.01314288
18	50	571.135388	Deep	Shallow subsurface	30.12230884
18	51	580.6339174	Deep	Shallow subsurface	35.97724952
18	52	590.6373652	Deep	Shallow subsurface	46.28081828
18	53	609.5396325	Deep	Shallow subsurface	38.57967957
18	54	631.9970253	Deep	Shallow subsurface	42.3971882
18	55	635.7047331	Deep	Shallow subsurface	42.50887183
18	56	656.6832915	Deep	Shallow subsurface	43.76580205
18	57	674.9635288	Deep	Shallow subsurface	39.0585871
18	58	691.8870385	Deep	Shallow subsurface	39.7543305
18	59	696.1399658	Deep	Shallow subsurface	39.15697346
18	60	706.9131382	Deep	Shallow subsurface	39.05628667
19	20	20.20846892	Deep	Shallow subsurface	22.04241797
19	21	27.46835537	Deep	Shallow subsurface	22.44373374
19	22	45.51298206	Deep	Shallow subsurface	21.92593784
19	23	61.4810942	Deep	Shallow subsurface	18.66447472
19	24	75.46155843	Deep	Shallow subsurface	25.99786726
19	25	81.04587699	Deep	Shallow subsurface	21.76796025
19	26	95.11990169	Deep	Shallow subsurface	17.00322071
19	27	108.7817351	Deep	Shallow subsurface	20.73166635
19	28	127.3518525	Deep	Shallow subsurface	24.62963387
19	29	147.203233	Deep	Shallow subsurface	21.70340734
19	30	159.019976	Deep	Shallow subsurface	21.38510721
19	31	180.547795	Deep	Shallow subsurface	29.73039273
19	32	201.2573058	Deep	Shallow subsurface	34.49474345
19	33	222.6433534	Deep	Shallow subsurface	24.50714397
19	34	244.8834097	Deep	Shallow subsurface	26.60878574
19	35	267.3965795	Deep	Shallow subsurface	27.19685673
19	36	310.9239638	Deep	Shallow subsurface	29.40003393
19	37	332.0783202	Deep	Shallow subsurface	22.07910732
19	38	334.8279977	Deep	Shallow subsurface	29.02143791
19	39	359.186021	Deep	Shallow subsurface	25.69668292
19	40	383.3547592	Deep	Shallow subsurface	23.92175277
19	41	395.5065744	Deep	Shallow subsurface	34.26031545
19	42	414.0646397	Deep	Shallow subsurface	24.00467688
19	43	424.5915312	Deep	Shallow subsurface	23.89704061
19	44	443.6967968	Deep	Shallow subsurface	26.50764202
19	45	449.5007251	Deep	Shallow subsurface	32.23826627
19	46	470.0203658	Deep	Shallow subsurface	31.38791891
19	47	490.3545165	Deep	Shallow subsurface	25.40300889
19	48	514.0648312	Deep	Shallow subsurface	27.41709073
19	49	535.447417	Deep	Shallow subsurface	29.21231238
19	50	549.5896958	Deep	Shallow subsurface	27.5920406
19	51	559.021118	Deep	Shallow subsurface	35.53395091
19	52	569.0142559	Deep	Shallow subsurface	41.61443787
19	53	587.9261058	Deep	Shallow subsurface	40.87051779
19	54	610.3592924	Deep	Shallow subsurface	38.23335773
19	55	614.0880673	Deep	Shallow subsurface	37.86955486
19	56	635.1696554	Deep	Shallow subsurface	39.34576267
19	57	653.5562829	Deep	Shallow subsurface	36.13757197
19	58	670.5692989	Deep	Shallow subsurface	34.9511486
19	59	674.8365724	Deep	Shallow subsurface	34.41680859
19	60	685.5751488	Deep	Shallow subsurface	37.47653114
20	21	7.356684003	Deep	Shallow subsurface	21.66490326
20	22	25.49726226	Deep	Shallow subsurface	24.27576456
20	23	41.51945583	Deep	Shallow subsurface	21.66803988
20	24	55.42597465	Deep	Shallow subsurface	26.42535541
20	25	60.95247258	Deep	Shallow subsurface	27.13086086
20	26	75.01737649	Deep	Shallow subsurface	21.02206949
20	27	88.69385966	Deep	Shallow subsurface	25.38254282
20	28	107.2082888	Deep	Shallow subsurface	27.5568013
20	29	127.0071828	Deep	Shallow subsurface	22.83504771
20	30	138.8135293	Deep	Shallow subsurface	23.75334019
20	31	160.3405026	Deep	Shallow subsurface	30.17319431
20	32	181.0607531	Deep	Shallow subsurface	30.98333683
20	33	202.470018	Deep	Shallow subsurface	24.77017431
20	34	224.7245801	Deep	Shallow subsurface	30.19045257
20	35	247.2516244	Deep	Shallow subsurface	26.04897471
20	36	290.8042183	Deep	Shallow subsurface	28.67007144
20	37	311.9652979	Deep	Shallow subsurface	22.72178594
20	38	314.7138513	Deep	Shallow subsurface	25.79122102
20	39	339.0701385	Deep	Shallow subsurface	27.32328706
20	40	363.2444224	Deep	Shallow subsurface	26.72031209
20	41	375.4147532	Deep	Shallow subsurface	38.27019943
20	42	393.9841202	Deep	Shallow subsurface	28.64819451
20	43	404.5148539	Deep	Shallow subsurface	26.57773077
20	44	423.640745	Deep	Shallow subsurface	25.54541088
20	45	429.453743	Deep	Shallow subsurface	35.84997914
20	46	450.001561	Deep	Shallow subsurface	34.57713742
20	47	470.3647464	Deep	Shallow subsurface	28.64292464
20	48	494.0801817	Deep	Shallow subsurface	34.82712428
20	49	515.4347702	Deep	Shallow subsurface	36.34579587
20	50	529.5502287	Deep	Shallow subsurface	31.43732728
20	51	538.9464608	Deep	Shallow subsurface	37.50343142
20	52	548.9341651	Deep	Shallow subsurface	48.31140493
20	53	567.850352	Deep	Shallow subsurface	43.30444451
20	54	590.2710434	Deep	Shallow subsurface	43.8291447
20	55	594.0101462	Deep	Shallow subsurface	44.80568874
20	56	615.1448373	Deep	Shallow subsurface	45.19313587
20	57	633.5901807	Deep	Shallow subsurface	40.88966075
20	58	650.6549014	Deep	Shallow subsurface	41.66775264
20	59	654.9305772	Deep	Shallow subsurface	40.82407595
20	60	665.6482403	Deep	Shallow subsurface	40.48022696
21	22	18.14068718	Deep	Shallow subsurface	25.55580335
21	23	34.16277717	Deep	Shallow subsurface	18.96785266
21	24	48.0750067	Deep	Shallow subsurface	19.81432298
21	25	53.614225	Deep	Shallow subsurface	21.73222595
21	26	67.68311943	Deep	Shallow subsurface	20.72136603
21	27	81.3559776	Deep	Shallow subsurface	21.02154061
21	28	99.89279988	Deep	Shallow subsurface	22.17907201
21	29	119.7403034	Deep	Shallow subsurface	21.95135187
21	30	131.5746819	Deep	Shallow subsurface	22.76963834
21	31	153.1390154	Deep	Shallow subsurface	25.74557995
21	32	173.898594	Deep	Shallow subsurface	30.86107606
21	33	195.353211	Deep	Shallow subsurface	25.13006467
21	34	217.6288014	Deep	Shallow subsurface	26.48837667
21	35	240.1736526	Deep	Shallow subsurface	22.48778893
21	36	283.7550527	Deep	Shallow subsurface	25.12125727
21	37	304.922849	Deep	Shallow subsurface	24.17393115
21	38	307.6700066	Deep	Shallow subsurface	23.32730981
21	39	332.0233377	Deep	Shallow subsurface	26.68925846
21	40	356.2030033	Deep	Shallow subsurface	24.83750183
21	41	368.3928937	Deep	Shallow subsurface	33.57473103
21	42	386.9733049	Deep	Shallow subsurface	26.27603374
21	43	397.5075859	Deep	Shallow subsurface	23.97900169
21	44	416.6531158	Deep	Shallow subsurface	22.12292872
21	45	422.4745483	Deep	Shallow subsurface	35.46919886
21	46	443.047581	Deep	Shallow subsurface	32.85371635
21	47	463.4355684	Deep	Shallow subsurface	27.22231104
21	48	487.1546852	Deep	Shallow subsurface	31.6152319
21	49	508.4844997	Deep	Shallow subsurface	33.63102354
21	50	522.5755041	Deep	Shallow subsurface	31.82049426
21	51	531.9380617	Deep	Shallow subsurface	35.47820983
21	52	541.9201963	Deep	Shallow subsurface	46.67750807
21	53	560.840389	Deep	Shallow subsurface	42.61805566
21	54	583.2482178	Deep	Shallow subsurface	41.77832252
21	55	586.9976459	Deep	Shallow subsurface	43.10655817
21	56	608.1818309	Deep	Shallow subsurface	43.55029733
21	57	626.6771041	Deep	Shallow subsurface	37.81116566
21	58	643.7829199	Deep	Shallow subsurface	38.02697869
21	59	648.0650457	Deep	Shallow subsurface	36.53121233
21	60	658.7661716	Deep	Shallow subsurface	39.44597959
22	23	16.02326066	Deep	Shallow subsurface	23.87979973
22	24	29.9530649	Deep	Shallow subsurface	30.04944992
22	25	35.53882991	Deep	Shallow subsurface	30.44531123
22	26	49.61351309	Deep	Shallow subsurface	25.35419962
22	27	63.26957197	Deep	Shallow subsurface	27.40805923
22	28	81.87006894	Deep	Shallow subsurface	27.50193773
22	29	101.8545314	Deep	Shallow subsurface	26.67607612
22	30	113.7648201	Deep	Shallow subsurface	28.70098405
22	31	135.4250738	Deep	Shallow subsurface	30.76048471
22	32	156.2848656	Deep	Shallow subsurface	36.09610361
22	33	177.8547097	Deep	Shallow subsurface	29.3763252
22	34	200.1782421	Deep	Shallow subsurface	32.30179108
22	35	222.7629001	Deep	Shallow subsurface	29.48482975
22	36	266.4080104	Deep	Shallow subsurface	34.43368069
22	37	287.5883528	Deep	Shallow subsurface	27.30295458
22	38	290.3312451	Deep	Shallow subsurface	31.23537388
22	39	314.6719428	Deep	Shallow subsurface	30.88720626
22	40	338.8613645	Deep	Shallow subsurface	25.83301782
22	41	351.099844	Deep	Shallow subsurface	36.12455748
22	42	369.705848	Deep	Shallow subsurface	27.49698698
22	43	380.2477111	Deep	Shallow subsurface	29.9590766
22	44	399.4409818	Deep	Shallow subsurface	29.83209716
22	45	405.283242	Deep	Shallow subsurface	34.51041378
22	46	425.9180674	Deep	Shallow subsurface	32.49893535
22	47	446.3667735	Deep	Shallow subsurface	29.55799279
22	48	470.0924014	Deep	Shallow subsurface	31.8231811
22	49	491.3569474	Deep	Shallow subsurface	30.7077296
22	50	505.3845948	Deep	Shallow subsurface	29.60361662
22	51	514.6610959	Deep	Shallow subsurface	36.74317488
22	52	524.6283868	Deep	Shallow subsurface	44.2235742
22	53	543.5573424	Deep	Shallow subsurface	39.82734012
22	54	565.9312668	Deep	Shallow subsurface	39.65456158
22	55	569.7064712	Deep	Shallow subsurface	41.38214249
22	56	591.0139415	Deep	Shallow subsurface	40.749315
22	57	609.633664	Deep	Shallow subsurface	37.02394471
22	58	626.8416915	Deep	Shallow subsurface	37.9243412
22	59	631.1397364	Deep	Shallow subsurface	37.71174738
22	60	641.7985161	Deep	Shallow subsurface	39.29186721
23	24	14.0242776	Deep	Shallow subsurface	20.74531736
23	25	19.7273337	Deep	Shallow subsurface	21.18555613
23	26	33.7601838	Deep	Shallow subsurface	18.87702561
23	27	47.36289525	Deep	Shallow subsurface	18.79154903
23	28	66.0489273	Deep	Shallow subsurface	21.31443448
23	29	86.20460537	Deep	Shallow subsurface	20.86150719
23	30	98.20009253	Deep	Shallow subsurface	20.24718006
23	31	119.9561902	Deep	Shallow subsurface	23.93494078
23	32	140.9151513	Deep	Shallow subsurface	30.11358786
23	33	162.5985386	Deep	Shallow subsurface	22.98210829
23	34	184.9593377	Deep	Shallow subsurface	23.8278728
23	35	207.5738709	Deep	Shallow subsurface	22.23418226
23	36	251.2663627	Deep	Shallow subsurface	25.66400792
23	37	272.4519264	Deep	Shallow subsurface	20.82533415
23	38	275.1894483	Deep	Shallow subsurface	24.11366414
23	39	299.5095825	Deep	Shallow subsurface	23.66881849
23	40	323.7027049	Deep	Shallow subsurface	21.52242008
23	41	335.9878125	Deep	Shallow subsurface	29.27755968
23	42	354.6155289	Deep	Shallow subsurface	21.34906391
23	43	365.1627939	Deep	Shallow subsurface	20.6192661
23	44	384.4002118	Deep	Shallow subsurface	20.0726618
23	45	390.2622076	Deep	Shallow subsurface	31.18388547
23	46	410.9548104	Deep	Shallow subsurface	28.06026055
23	47	431.4601018	Deep	Shallow subsurface	22.33169913
23	48	455.188111	Deep	Shallow subsurface	25.54490693
23	49	476.385013	Deep	Shallow subsurface	29.18114626
23	50	490.3482956	Deep	Shallow subsurface	29.16408536
23	51	499.5387334	Deep	Shallow subsurface	31.05998544
23	52	509.490295	Deep	Shallow subsurface	39.93936064
23	53	528.4259904	Deep	Shallow subsurface	38.25869679
23	54	550.7644759	Deep	Shallow subsurface	36.74347034
23	55	554.5647029	Deep	Shallow subsurface	36.6598472
23	56	575.9910642	Deep	Shallow subsurface	36.57331365
23	57	594.7303182	Deep	Shallow subsurface	32.22168766
23	58	612.0358439	Deep	Shallow subsurface	31.37875569
23	59	616.3488758	Deep	Shallow subsurface	31.14743524
23	60	626.9656418	Deep	Shallow subsurface	37.55578052
24	25	5.789648421	Deep	Shallow subsurface	24.65529549
24	26	19.73976737	Deep	Shallow subsurface	24.64388751
24	27	33.34236278	Deep	Shallow subsurface	24.5882061
24	28	52.02759382	Deep	Shallow subsurface	23.42652183
24	29	72.22918567	Deep	Shallow subsurface	25.12448375
24	30	84.2566715	Deep	Shallow subsurface	24.57404709
24	31	106.049335	Deep	Shallow subsurface	22.67707014
24	32	127.0503138	Deep	Shallow subsurface	26.61480541
24	33	148.7861367	Deep	Shallow subsurface	23.1669283
24	34	171.1601018	Deep	Shallow subsurface	28.06393503
24	35	193.7849345	Deep	Shallow subsurface	24.42944903
24	36	237.4941814	Deep	Shallow subsurface	27.70508242
24	37	258.679236	Deep	Shallow subsurface	27.27375637
24	38	261.4135289	Deep	Shallow subsurface	21.77660026
24	39	285.7198808	Deep	Shallow subsurface	27.43466857
24	40	309.9124102	Deep	Shallow subsurface	25.53355653
24	41	322.2205332	Deep	Shallow subsurface	35.07424463
24	42	340.8579272	Deep	Shallow subsurface	29.84853203
24	43	351.4071206	Deep	Shallow subsurface	24.54431231
24	44	370.666333	Deep	Shallow subsurface	21.62711194
24	45	376.5384171	Deep	Shallow subsurface	38.60722623
24	46	397.2606674	Deep	Shallow subsurface	34.76885835
24	47	417.795523	Deep	Shallow subsurface	29.61374355
24	48	441.5231118	Deep	Shallow subsurface	32.99081229
24	49	462.6817366	Deep	Shallow subsurface	36.04495229
24	50	476.6100659	Deep	Shallow subsurface	36.15544909
24	51	485.75585	Deep	Shallow subsurface	35.79256418
24	52	495.6991318	Deep	Shallow subsurface	47.46894889
24	53	514.6374829	Deep	Shallow subsurface	44.02293124
24	54	536.9577097	Deep	Shallow subsurface	43.36883882
24	55	540.7701248	Deep	Shallow subsurface	43.95250386
24	56	562.2562297	Deep	Shallow subsurface	44.10040774
24	57	581.0584716	Deep	Shallow subsurface	40.30413829
24	58	598.4170723	Deep	Shallow subsurface	40.69933037
24	59	602.7383188	Deep	Shallow subsurface	38.69208284
24	60	613.3312101	Deep	Shallow subsurface	41.71089518
25	26	14.07472519	Deep	Shallow subsurface	20.1523158
25	27	27.74180794	Deep	Shallow subsurface	18.71560434
25	28	46.34615601	Deep	Shallow subsurface	25.87559913
25	29	66.48072339	Deep	Shallow subsurface	25.54018753
25	30	78.49201184	Deep	Shallow subsurface	23.03309718
25	31	100.2738153	Deep	Shallow subsurface	33.07213683
25	32	121.2672779	Deep	Shallow subsurface	36.11718289
25	33	142.9981783	Deep	Shallow subsurface	27.40482917
25	34	165.3715532	Deep	Shallow subsurface	26.3112396
25	35	187.9960281	Deep	Shallow subsurface	26.08620536
25	36	231.7048493	Deep	Shallow subsurface	23.35190143
25	37	252.8899438	Deep	Shallow subsurface	20.97826191
25	38	255.6243266	Deep	Shallow subsurface	29.51338248
25	39	279.9312046	Deep	Shallow subsurface	25.0336938
25	40	304.1237954	Deep	Shallow subsurface	27.41536731
25	41	316.4311722	Deep	Shallow subsurface	38.04751561
25	42	335.0684008	Deep	Shallow subsurface	28.76172868
25	43	345.6175723	Deep	Shallow subsurface	20.95006089
25	44	364.8766957	Deep	Shallow subsurface	23.72072229
25	45	370.7488565	Deep	Shallow subsurface	34.77324272
25	46	391.4717219	Deep	Shallow subsurface	34.48651426
25	47	412.0077101	Deep	Shallow subsurface	28.44319939
25	48	435.7352487	Deep	Shallow subsurface	29.71150416
25	49	456.8925001	Deep	Shallow subsurface	33.21926124
25	50	470.8204181	Deep	Shallow subsurface	34.70216479
25	51	479.9670742	Deep	Shallow subsurface	37.24351098
25	52	489.9107238	Deep	Shallow subsurface	45.95918239
25	53	508.8489613	Deep	Shallow subsurface	46.72097856
25	54	531.1702082	Deep	Shallow subsurface	43.95722732
25	55	534.9819124	Deep	Shallow subsurface	42.63894881
25	56	556.4665816	Deep	Shallow subsurface	44.42909915
25	57	575.2701896	Deep	Shallow subsurface	40.98341002
25	58	592.6316727	Deep	Shallow subsurface	39.89566237
25	59	596.9534821	Deep	Shallow subsurface	37.12250765
25	60	607.5447991	Deep	Shallow subsurface	41.40411078
26	27	13.6843732	Deep	Shallow subsurface	17.33077689
26	28	32.28874554	Deep	Shallow subsurface	22.15735481
26	29	52.5391666	Deep	Shallow subsurface	20.04895224
26	30	64.61062396	Deep	Shallow subsurface	21.39182806
26	31	86.44837782	Deep	Shallow subsurface	29.22011586
26	32	107.5025466	Deep	Shallow subsurface	32.89540958
26	33	129.3062346	Deep	Shallow subsurface	25.19974995
26	34	151.6905791	Deep	Shallow subsurface	23.00373709
26	35	174.323067	Deep	Shallow subsurface	22.89886764
26	36	218.045556	Deep	Shallow subsurface	25.15067807
26	37	239.2262423	Deep	Shallow subsurface	20.01349696
26	38	241.9557485	Deep	Shallow subsurface	26.44277153
26	39	266.2404048	Deep	Shallow subsurface	24.94108815
26	40	290.4295457	Deep	Shallow subsurface	24.06808234
26	41	302.7667453	Deep	Shallow subsurface	35.16595819
26	42	321.4150836	Deep	Shallow subsurface	24.29421426
26	43	331.9658539	Deep	Shallow subsurface	23.45336571
26	44	351.252029	Deep	Shallow subsurface	24.35499247
26	45	357.1368846	Deep	Shallow subsurface	31.46813331
26	46	377.896458	Deep	Shallow subsurface	31.25577421
26	47	398.4686631	Deep	Shallow subsurface	24.8620804
26	48	422.1937934	Deep	Shallow subsurface	28.82828439
26	49	443.3008304	Deep	Shallow subsurface	30.8526188
26	50	457.1831502	Deep	Shallow subsurface	28.6925936
26	51	466.2715494	Deep	Shallow subsurface	34.68501988
26	52	476.2040075	Deep	Shallow subsurface	43.97726514
26	53	495.1450294	Deep	Shallow subsurface	41.44825211
26	54	517.4417379	Deep	Shallow subsurface	40.31068531
26	55	521.2692291	Deep	Shallow subsurface	40.75306
26	56	542.8300313	Deep	Shallow subsurface	41.97417978
26	57	561.7123686	Deep	Shallow subsurface	37.74799204
26	58	579.1390902	Deep	Shallow subsurface	37.19654917
26	59	583.4708493	Deep	Shallow subsurface	35.76816898
26	60	594.032207	Deep	Shallow subsurface	38.43633011
27	28	18.80383726	Deep	Shallow subsurface	19.17414676
27	29	39.32077624	Deep	Shallow subsurface	22.54764278
27	30	51.47880675	Deep	Shallow subsurface	21.85333935
27	31	73.36701796	Deep	Shallow subsurface	28.48916662
27	32	94.48913063	Deep	Shallow subsurface	34.46943369
27	33	116.3802042	Deep	Shallow subsurface	25.0417011
27	34	138.7599641	Deep	Shallow subsurface	21.94874298
27	35	161.3884905	Deep	Shallow subsurface	20.11549122
27	36	205.1094569	Deep	Shallow subsurface	22.21897169
27	37	226.2767056	Deep	Shallow subsurface	20.96873247
27	38	228.9986209	Deep	Shallow subsurface	26.61139283
27	39	253.246069	Deep	Shallow subsurface	24.34336336
27	40	277.4252815	Deep	Shallow subsurface	23.68558356
27	41	289.8007779	Deep	Shallow subsurface	32.20798437
27	42	308.4607549	Deep	Shallow subsurface	21.6765769
27	43	319.0119243	Deep	Shallow subsurface	22.07380763
27	44	338.3311692	Deep	Shallow subsurface	22.12161169
27	45	344.2319398	Deep	Shallow subsurface	31.85483431
27	46	365.0366696	Deep	Shallow subsurface	29.36283674
27	47	385.6530192	Deep	Shallow subsurface	23.89676723
27	48	409.3720818	Deep	Shallow subsurface	26.591429
27	49	430.4120454	Deep	Shallow subsurface	29.70685287
27	50	444.2337342	Deep	Shallow subsurface	29.85211432
27	51	453.2446252	Deep	Shallow subsurface	33.40485423
27	52	463.1614932	Deep	Shallow subsurface	40.86672317
27	53	482.1049765	Deep	Shallow subsurface	42.28367484
27	54	504.3676789	Deep	Shallow subsurface	38.58522886
27	55	508.2159974	Deep	Shallow subsurface	38.02467601
27	56	529.8754399	Deep	Shallow subsurface	39.47676796
27	57	548.8576497	Deep	Shallow subsurface	35.61366076
27	58	566.365575	Deep	Shallow subsurface	34.79310308
27	59	570.7095075	Deep	Shallow subsurface	33.12303042
27	60	581.2326323	Deep	Shallow subsurface	38.32713433
28	29	20.62885388	Deep	Shallow subsurface	22.05136942
28	30	32.81070416	Deep	Shallow subsurface	26.24674679
28	31	54.68853709	Deep	Shallow subsurface	24.85991484
28	32	75.83109548	Deep	Shallow subsurface	32.3076335
28	33	97.76171075	Deep	Shallow subsurface	24.85144863
28	34	120.124848	Deep	Shallow subsurface	22.10494996
28	35	142.741694	Deep	Shallow subsurface	17.52337619
28	36	186.4504601	Deep	Shallow subsurface	23.74442714
28	37	207.6066118	Deep	Shallow subsurface	24.93039851
28	38	210.3240275	Deep	Shallow subsurface	24.8241676
28	39	234.5492957	Deep	Shallow subsurface	27.66883644
28	40	258.7214602	Deep	Shallow subsurface	21.85730196
28	41	271.1148975	Deep	Shallow subsurface	30.69464148
28	42	289.7793218	Deep	Shallow subsurface	23.4260358
28	43	300.3299227	Deep	Shallow subsurface	23.17169616
28	44	319.6649783	Deep	Shallow subsurface	23.49693531
28	45	325.5738208	Deep	Shallow subsurface	32.99428345
28	46	346.4019288	Deep	Shallow subsurface	28.68135692
28	47	367.0421307	Deep	Shallow subsurface	26.06093791
28	48	390.7561446	Deep	Shallow subsurface	28.53220173
28	49	411.7577388	Deep	Shallow subsurface	31.65459584
28	50	425.5477305	Deep	Shallow subsurface	31.98073995
28	51	434.522435	Deep	Shallow subsurface	34.51722047
28	52	444.4324241	Deep	Shallow subsurface	41.75287896
28	53	463.3765167	Deep	Shallow subsurface	40.9001183
28	54	485.6250791	Deep	Shallow subsurface	37.89917821
28	55	489.4815885	Deep	Shallow subsurface	39.08359062
28	56	511.1844185	Deep	Shallow subsurface	39.5091888
28	57	530.2173226	Deep	Shallow subsurface	35.42558018
28	58	547.7705291	Deep	Shallow subsurface	34.89094489
28	59	552.1214729	Deep	Shallow subsurface	34.8337738
28	60	562.622043	Deep	Shallow subsurface	38.72709697
29	30	12.18185078	Deep	Shallow subsurface	22.87584812
29	31	34.06445806	Deep	Shallow subsurface	26.22785279
29	32	55.20418283	Deep	Shallow subsurface	30.34734625
29	33	77.13294015	Deep	Shallow subsurface	23.95991242
29	34	99.49655883	Deep	Shallow subsurface	24.29602601
29	35	122.1149775	Deep	Shallow subsurface	23.81112838
29	36	165.8265196	Deep	Shallow subsurface	27.23955303
29	37	186.985657	Deep	Shallow subsurface	22.62608723
29	38	189.7044264	Deep	Shallow subsurface	23.77055394
29	39	213.9384673	Deep	Shallow subsurface	24.35816055
29	40	238.1143165	Deep	Shallow subsurface	21.61795753
29	41	250.4997161	Deep	Shallow subsurface	34.70421008
29	42	269.1626171	Deep	Shallow subsurface	24.03236426
29	43	279.71348	Deep	Shallow subsurface	24.24059101
29	44	299.0437543	Deep	Shallow subsurface	25.02491139
29	45	304.9506744	Deep	Shallow subsurface	33.74935439
29	46	325.7749528	Deep	Shallow subsurface	30.79149041
29	47	346.4134419	Deep	Shallow subsurface	25.96433946
29	48	370.1276878	Deep	Shallow subsurface	30.5698142
29	49	391.1340647	Deep	Shallow subsurface	33.13923684
29	50	404.9332588	Deep	Shallow subsurface	29.48642019
29	51	413.9271234	Deep	Shallow subsurface	35.55994875
29	52	423.8422478	Deep	Shallow subsurface	44.47132081
29	53	442.7858842	Deep	Shallow subsurface	40.25410562
29	54	465.0469043	Deep	Shallow subsurface	40.61751216
29	55	468.8958468	Deep	Shallow subsurface	41.2462457
29	56	490.5721541	Deep	Shallow subsurface	41.90453934
29	57	509.5914241	Deep	Shallow subsurface	37.84523277
29	58	527.1416823	Deep	Shallow subsurface	37.49853488
29	59	531.4927371	Deep	Shallow subsurface	36.90883913
29	60	541.9934589	Deep	Shallow subsurface	39.71883488
30	31	21.8894665	Deep	Shallow subsurface	27.58510958
30	32	43.02426216	Deep	Shallow subsurface	30.6870533
30	33	64.95118118	Deep	Shallow subsurface	23.12790661
30	34	87.3151267	Deep	Shallow subsurface	23.56301666
30	35	109.9346899	Deep	Shallow subsurface	26.76645851
30	36	153.6480798	Deep	Shallow subsurface	25.73479318
30	37	174.8092088	Deep	Shallow subsurface	21.17659792
30	38	177.5289007	Deep	Shallow subsurface	26.97928142
30	39	201.7687863	Deep	Shallow subsurface	20.86615678
30	40	225.9469244	Deep	Shallow subsurface	24.04505633
30	41	238.3268748	Deep	Shallow subsurface	33.16270232
30	42	256.988692	Deep	Shallow subsurface	24.90271283
30	43	267.5396912	Deep	Shallow subsurface	22.86599228
30	44	286.8667954	Deep	Shallow subsurface	23.58883622
30	45	292.7724604	Deep	Shallow subsurface	32.37860486
30	46	313.5942637	Deep	Shallow subsurface	31.27419762
30	47	334.23168	Deep	Shallow subsurface	26.65744004
30	48	357.9460646	Deep	Shallow subsurface	29.13217695
30	49	378.9554332	Deep	Shallow subsurface	31.54368441
30	50	392.7604362	Deep	Shallow subsurface	29.44358264
30	51	401.7664306	Deep	Shallow subsurface	33.57675712
30	52	411.6847705	Deep	Shallow subsurface	42.5630342
30	53	430.6280394	Deep	Shallow subsurface	40.56659188
30	54	452.8968212	Deep	Shallow subsurface	40.43885625
30	55	456.7409821	Deep	Shallow subsurface	39.22292947
30	56	478.4005863	Deep	Shallow subsurface	40.32976962
30	57	497.4113561	Deep	Shallow subsurface	36.85057382
30	58	514.9598405	Deep	Shallow subsurface	37.03819889
30	59	519.310977	Deep	Shallow subsurface	34.89966379
30	60	529.8117544	Deep	Shallow subsurface	36.96522692
31	32	21.14528752	Deep	Shallow subsurface	27.75497941
31	33	43.09677622	Deep	Shallow subsurface	24.52624856
31	34	65.44158062	Deep	Shallow subsurface	28.54818549
31	35	88.05375251	Deep	Shallow subsurface	27.0008637
31	36	131.7624253	Deep	Shallow subsurface	31.37317576
31	37	152.9212739	Deep	Shallow subsurface	30.39564281
31	38	155.6403477	Deep	Shallow subsurface	23.3667717
31	39	179.8795327	Deep	Shallow subsurface	28.29279585
31	40	204.0582636	Deep	Shallow subsurface	26.07231441
31	41	216.4374798	Deep	Shallow subsurface	31.12398475
31	42	235.0995185	Deep	Shallow subsurface	28.67149968
31	43	245.6504842	Deep	Shallow subsurface	27.29134522
31	44	264.9793104	Deep	Shallow subsurface	24.18477691
31	45	270.886384	Deep	Shallow subsurface	37.39170948
31	46	291.7138844	Deep	Shallow subsurface	30.54779308
31	47	312.3591032	Deep	Shallow subsurface	29.33184386
31	48	336.071414	Deep	Shallow subsurface	33.26704932
31	49	357.0699468	Deep	Shallow subsurface	36.54863782
31	50	370.8710588	Deep	Shallow subsurface	35.11878334
31	51	379.8806998	Deep	Shallow subsurface	34.34713528
31	52	389.8010672	Deep	Shallow subsurface	45.16835734
31	53	408.7440541	Deep	Shallow subsurface	40.02735676
31	54	431.0186428	Deep	Shallow subsurface	40.18982056
31	55	434.8590419	Deep	Shallow subsurface	41.0339541
31	56	456.5111205	Deep	Shallow subsurface	40.27625495
31	57	475.52879	Deep	Shallow subsurface	37.49024051
31	58	493.0916054	Deep	Shallow subsurface	37.8337958
31	59	497.4454426	Deep	Shallow subsurface	37.74637141
31	60	507.9378393	Deep	Shallow subsurface	39.83390766
32	33	21.96480859	Deep	Shallow subsurface	25.1441862
32	34	44.29629329	Deep	Shallow subsurface	33.0589057
32	35	66.91080805	Deep	Shallow subsurface	33.61257931
32	36	110.6244017	Deep	Shallow subsurface	36.0318105
32	37	131.7881764	Deep	Shallow subsurface	35.22836866
32	38	134.5095473	Deep	Shallow subsurface	28.37437009
32	39	158.762818	Deep	Shallow subsurface	30.73135831
32	40	182.9463472	Deep	Shallow subsurface	32.11869896
32	41	195.3123582	Deep	Shallow subsurface	39.57572653
32	42	213.9716828	Deep	Shallow subsurface	37.15286536
32	43	224.52287	Deep	Shallow subsurface	31.57582742
32	44	243.8444803	Deep	Shallow subsurface	29.11786807
32	45	249.748773	Deep	Shallow subsurface	43.37260475
32	46	270.5709258	Deep	Shallow subsurface	40.15080863
32	47	291.2139572	Deep	Shallow subsurface	35.40336821
32	48	314.9265597	Deep	Shallow subsurface	41.32197376
32	49	335.9314183	Deep	Shallow subsurface	42.93822599
32	50	349.7448307	Deep	Shallow subsurface	41.45273436
32	51	358.7800723	Deep	Shallow subsurface	41.48254062
32	52	368.7070751	Deep	Shallow subsurface	52.7511722
32	53	387.6490058	Deep	Shallow subsurface	45.96005934
32	54	409.9393948	Deep	Shallow subsurface	46.94509515
32	55	413.7698213	Deep	Shallow subsurface	48.72907308
32	56	435.3871955	Deep	Shallow subsurface	48.18603753
32	57	454.387285	Deep	Shallow subsurface	44.98753628
32	58	471.9463258	Deep	Shallow subsurface	45.91572785
32	59	476.3002992	Deep	Shallow subsurface	44.55183349
32	60	486.7929065	Deep	Shallow subsurface	46.05550364
33	34	22.38563103	Deep	Shallow subsurface	26.16551892
33	35	45.01887979	Deep	Shallow subsurface	26.47820021
33	36	88.74359868	Deep	Shallow subsurface	30.56991397
33	37	109.9214312	Deep	Shallow subsurface	26.32616429
33	38	112.6498758	Deep	Shallow subsurface	24.2642208
33	39	136.9385223	Deep	Shallow subsurface	24.71066561
33	40	161.1298075	Deep	Shallow subsurface	24.75818079
33	41	173.4607702	Deep	Shallow subsurface	34.38834027
33	42	192.1110788	Deep	Shallow subsurface	28.71610161
33	43	202.6621119	Deep	Shallow subsurface	22.29046376
33	44	221.961786	Deep	Shallow subsurface	23.45953221
33	45	227.8567846	Deep	Shallow subsurface	36.93740388
33	46	248.6568093	Deep	Shallow subsurface	32.16057042
33	47	269.2831572	Deep	Shallow subsurface	29.29396741
33	48	292.9992133	Deep	Shallow subsurface	32.74089288
33	49	314.0340782	Deep	Shallow subsurface	35.33916557
33	50	327.8822741	Deep	Shallow subsurface	34.35353656
33	51	336.9741465	Deep	Shallow subsurface	35.57868244
33	52	346.9140225	Deep	Shallow subsurface	44.4645834
33	53	365.8530792	Deep	Shallow subsurface	41.8110085
33	54	388.1727614	Deep	Shallow subsurface	40.15969597
33	55	391.9842298	Deep	Shallow subsurface	40.74866557
33	56	413.5283512	Deep	Shallow subsurface	42.62441136
33	57	432.4775172	Deep	Shallow subsurface	39.28193726
33	58	450.0089933	Deep	Shallow subsurface	39.33449553
33	59	454.3597998	Deep	Shallow subsurface	38.99367726
33	60	464.8636983	Deep	Shallow subsurface	40.03822326
34	35	22.63325521	Deep	Shallow subsurface	21.22094403
34	36	66.35798701	Deep	Shallow subsurface	25.1745554
34	37	87.53610931	Deep	Shallow subsurface	22.48884261
34	38	90.26517138	Deep	Shallow subsurface	26.08891125
34	39	114.5600011	Deep	Shallow subsurface	22.70849091
34	40	138.7523457	Deep	Shallow subsurface	24.33596259
34	41	151.0761721	Deep	Shallow subsurface	33.84186314
34	42	169.7256521	Deep	Shallow subsurface	25.09818822
34	43	180.2766499	Deep	Shallow subsurface	22.26410217
34	44	199.5769864	Deep	Shallow subsurface	24.23085589
34	45	205.4734358	Deep	Shallow subsurface	32.11859087
34	46	226.2807895	Deep	Shallow subsurface	31.38450625
34	47	246.9180072	Deep	Shallow subsurface	25.12354829
34	48	270.6313386	Deep	Shallow subsurface	29.10876918
34	49	291.6522443	Deep	Shallow subsurface	31.75909736
34	50	305.496652	Deep	Shallow subsurface	30.20498067
34	51	314.5962259	Deep	Shallow subsurface	32.86122925
34	52	324.5392933	Deep	Shallow subsurface	42.4786498
34	53	343.4774081	Deep	Shallow subsurface	39.44114963
34	54	365.8055005	Deep	Shallow subsurface	38.92616057
34	55	369.6111451	Deep	Shallow subsurface	40.55767107
34	56	391.1427673	Deep	Shallow subsurface	41.41394811
34	57	410.1000253	Deep	Shallow subsurface	36.29661528
34	58	427.6500591	Deep	Shallow subsurface	36.37275907
34	59	432.0043842	Deep	Shallow subsurface	35.33689652
34	60	442.4974197	Deep	Shallow subsurface	38.37326307
35	36	43.72484722	Deep	Shallow subsurface	21.46331261
35	37	64.90320839	Deep	Shallow subsurface	21.42566555
35	38	67.63316507	Deep	Shallow subsurface	22.14069718
35	39	91.93663757	Deep	Shallow subsurface	25.18864799
35	40	116.1297237	Deep	Shallow subsurface	22.34756345
35	41	128.4440491	Deep	Shallow subsurface	33.48979927
35	42	147.0925545	Deep	Shallow subsurface	24.93654504
35	43	157.643515	Deep	Shallow subsurface	21.24838537
35	44	176.9450489	Deep	Shallow subsurface	21.8124271
35	45	182.8434804	Deep	Shallow subsurface	31.21667614
35	46	203.6602412	Deep	Shallow subsurface	28.80411883
35	47	224.3108198	Deep	Shallow subsurface	24.30196497
35	48	248.0204038	Deep	Shallow subsurface	29.71690045
35	49	269.023987	Deep	Shallow subsurface	31.68262583
35	50	282.863397	Deep	Shallow subsurface	29.49959641
35	51	291.9712727	Deep	Shallow subsurface	30.91221137
35	52	301.9178769	Deep	Shallow subsurface	43.70164254
35	53	320.8548506	Deep	Shallow subsurface	41.23269133
35	54	343.1921895	Deep	Shallow subsurface	39.29138466
35	55	346.9913439	Deep	Shallow subsurface	41.61867437
35	56	368.5095251	Deep	Shallow subsurface	42.10808981
35	57	387.4766794	Deep	Shallow subsurface	37.94903088
35	58	405.0480902	Deep	Shallow subsurface	37.59507233
35	59	409.4064121	Deep	Shallow subsurface	36.87050511
35	60	419.8869302	Deep	Shallow subsurface	39.02452726
36	37	21.18565168	Deep	Shallow subsurface	21.07844499
36	38	23.9242849	Deep	Shallow subsurface	25.73882257
36	39	48.26863668	Deep	Shallow subsurface	24.79895397
36	40	72.45401278	Deep	Shallow subsurface	27.702622
36	41	84.72644414	Deep	Shallow subsurface	35.81833828
36	42	103.3696702	Deep	Shallow subsurface	28.19927321
36	43	113.920334	Deep	Shallow subsurface	24.49029371
36	44	133.2218464	Deep	Shallow subsurface	23.08777609
36	45	139.1244007	Deep	Shallow subsurface	33.09649135
36	46	159.9628188	Deep	Shallow subsurface	32.71231132
36	47	180.6444881	Deep	Shallow subsurface	29.43870796
36	48	204.3433995	Deep	Shallow subsurface	32.36952707
36	49	225.3075484	Deep	Shallow subsurface	34.85637743
36	50	239.1389186	Deep	Shallow subsurface	33.66268961
36	51	248.2728354	Deep	Shallow subsurface	34.5902818
36	52	258.2289162	Deep	Shallow subsurface	46.49198618
36	53	277.162343	Deep	Shallow subsurface	44.26230742
36	54	299.5233337	Deep	Shallow subsurface	44.95672986
36	55	303.3055628	Deep	Shallow subsurface	44.28795305
36	56	324.7853072	Deep	Shallow subsurface	45.31918505
36	57	343.7691495	Deep	Shallow subsurface	40.81183967
36	58	361.3847404	Deep	Shallow subsurface	40.6690361
36	59	365.7514227	Deep	Shallow subsurface	38.35220583
36	60	376.2053567	Deep	Shallow subsurface	40.30466413
37	38	2.755397126	Deep	Shallow subsurface	24.60525951
37	39	27.11085604	Deep	Shallow subsurface	21.71053248
37	40	51.28015433	Deep	Shallow subsurface	23.78852663
37	41	63.54208181	Deep	Shallow subsurface	35.46491483
37	42	82.18970587	Deep	Shallow subsurface	24.47936626
37	43	92.74080671	Deep	Shallow subsurface	21.98074266
37	44	112.058367	Deep	Shallow subsurface	22.94828832
37	45	117.9707128	Deep	Shallow subsurface	29.85410732
37	46	138.8403032	Deep	Shallow subsurface	30.90589934
37	47	159.5551393	Deep	Shallow subsurface	24.59186621
37	48	183.2401008	Deep	Shallow subsurface	28.49259917
37	49	204.1552214	Deep	Shallow subsurface	30.05767291
37	50	217.9620543	Deep	Shallow subsurface	28.4876799
37	51	227.0875639	Deep	Shallow subsurface	32.26516388
37	52	237.0448845	Deep	Shallow subsurface	43.47714909
37	53	255.9777092	Deep	Shallow subsurface	42.54613629
37	54	278.3433071	Deep	Shallow subsurface	41.64573749
37	55	282.1219116	Deep	Shallow subsurface	40.83729237
37	56	303.6074632	Deep	Shallow subsurface	42.75837204
37	57	322.6266593	Deep	Shallow subsurface	39.15868579
37	58	340.2864062	Deep	Shallow subsurface	38.20515326
37	59	344.6604114	Deep	Shallow subsurface	36.89771796
37	60	355.0896678	Deep	Shallow subsurface	38.20855565
38	39	24.35911645	Deep	Shallow subsurface	25.57164253
38	40	48.53352926	Deep	Shallow subsurface	23.37646435
38	41	60.81100259	Deep	Shallow subsurface	33.77154625
38	42	79.4635242	Deep	Shallow subsurface	27.5998881
38	43	90.01478054	Deep	Shallow subsurface	25.38959994
38	44	109.3423573	Deep	Shallow subsurface	20.78843578
38	45	115.2593742	Deep	Shallow subsurface	36.17548537
38	46	136.1410481	Deep	Shallow subsurface	32.18277609
38	47	156.8665877	Deep	Shallow subsurface	28.86850163
38	48	180.546422	Deep	Shallow subsurface	33.83221952
38	49	201.4430866	Deep	Shallow subsurface	35.31817891
38	50	215.2369491	Deep	Shallow subsurface	34.01334154
38	51	224.3493458	Deep	Shallow subsurface	33.72796278
38	52	234.3046664	Deep	Shallow subsurface	46.26691896
38	53	253.2382739	Deep	Shallow subsurface	42.13656666
38	54	275.6000406	Deep	Shallow subsurface	42.67696911
38	55	279.3812786	Deep	Shallow subsurface	43.75114414
38	56	300.8814022	Deep	Shallow subsurface	44.4541378
38	57	319.9177729	Deep	Shallow subsurface	39.19786873
38	58	337.5925612	Deep	Shallow subsurface	39.88674543
38	59	341.9687962	Deep	Shallow subsurface	39.12391679
38	60	352.3901673	Deep	Shallow subsurface	40.83712418
39	40	24.19314196	Deep	Shallow subsurface	22.37616937
39	41	36.58672122	Deep	Shallow subsurface	32.76170959
39	42	55.25888206	Deep	Shallow subsurface	26.21526875
39	43	65.80289318	Deep	Shallow subsurface	19.64661239
39	44	85.19734969	Deep	Shallow subsurface	22.32202397
39	45	91.14796328	Deep	Shallow subsurface	30.35355975
39	46	112.1139883	Deep	Shallow subsurface	31.08755689
39	47	132.9141355	Deep	Shallow subsurface	26.12862188
39	48	156.5433642	Deep	Shallow subsurface	29.45361511
39	49	177.2975483	Deep	Shallow subsurface	31.68594636
39	50	191.0016351	Deep	Shallow subsurface	30.71502014
39	51	200.0362386	Deep	Shallow subsurface	32.25193598
39	52	209.981258	Deep	Shallow subsurface	43.09051019
39	53	228.9183046	Deep	Shallow subsurface	39.04679964
39	54	251.2622661	Deep	Shallow subsurface	39.30054198
39	55	255.0551238	Deep	Shallow subsurface	40.43001864
39	56	276.6352108	Deep	Shallow subsurface	40.97501319
39	57	295.782488	Deep	Shallow subsurface	37.403768
39	58	313.5613462	Deep	Shallow subsurface	37.5681798
39	59	317.9532212	Deep	Shallow subsurface	35.56719482
39	60	328.3177058	Deep	Shallow subsurface	36.49900321
40	41	12.62147233	Deep	Shallow subsurface	28.8155209
40	42	31.20192675	Deep	Shallow subsurface	21.69136126
40	43	41.71202583	Deep	Shallow subsurface	22.07980545
40	44	61.1559411	Deep	Shallow subsurface	24.07554808
40	45	67.13621281	Deep	Shallow subsurface	30.17067674
40	46	88.16802234	Deep	Shallow subsurface	27.31160637
40	47	109.0242035	Deep	Shallow subsurface	25.06511314
40	48	132.5856361	Deep	Shallow subsurface	24.79908837
40	49	153.207318	Deep	Shallow subsurface	28.05465913
40	50	166.845272	Deep	Shallow subsurface	29.31680537
40	51	175.8443519	Deep	Shallow subsurface	29.09471186
40	52	185.7881533	Deep	Shallow subsurface	37.85574897
40	53	204.7253885	Deep	Shallow subsurface	36.75005231
40	54	227.0709592	Deep	Shallow subsurface	33.92218782
40	55	230.861998	Deep	Shallow subsurface	34.19516429
40	56	252.4688087	Deep	Shallow subsurface	35.05845621
40	57	271.6857437	Deep	Shallow subsurface	32.55619038
40	58	289.5411494	Deep	Shallow subsurface	32.52195822
40	59	293.9448542	Deep	Shallow subsurface	31.72896554
40	60	304.2645246	Deep	Shallow subsurface	35.31954576
41	42	18.67218094	Deep	Shallow subsurface	22.68664006
41	43	29.21824545	Deep	Shallow subsurface	30.37479247
41	44	48.61745434	Deep	Shallow subsurface	30.24713582
41	45	54.5800311	Deep	Shallow subsurface	33.6465678
41	46	75.58591542	Deep	Shallow subsurface	27.56473553
41	47	96.42795223	Deep	Shallow subsurface	28.71144506
41	48	120.0119499	Deep	Shallow subsurface	25.1716866
41	49	140.7115191	Deep	Shallow subsurface	29.94715679
41	50	154.433596	Deep	Shallow subsurface	36.89441578
41	51	163.5614126	Deep	Shallow subsurface	31.7346547
41	52	173.5313508	Deep	Shallow subsurface	29.75781077
41	53	192.4578653	Deep	Shallow subsurface	33.93820232
41	54	214.8564974	Deep	Shallow subsurface	27.08317026
41	55	218.6096958	Deep	Shallow subsurface	25.68864006
41	56	240.0748378	Deep	Shallow subsurface	25.91572757
41	57	259.1963532	Deep	Shallow subsurface	21.73544592
41	58	276.9995166	Deep	Shallow subsurface	22.73533347
41	59	281.3973135	Deep	Shallow subsurface	23.79316231
41	60	291.7421707	Deep	Shallow subsurface	35.74882565
42	43	10.55125997	Deep	Shallow subsurface	23.5012852
42	44	29.95662977	Deep	Shallow subsurface	25.27090971
42	45	35.93434877	Deep	Shallow subsurface	29.03660473
42	46	56.97579987	Deep	Shallow subsurface	25.86252299
42	47	77.84712767	Deep	Shallow subsurface	22.50461975
42	48	101.3859069	Deep	Shallow subsurface	21.83851126
42	49	122.0401542	Deep	Shallow subsurface	25.71931855
42	50	135.7735029	Deep	Shallow subsurface	28.50256263
42	51	144.9648252	Deep	Shallow subsurface	29.68794905
42	52	154.9502996	Deep	Shallow subsurface	32.44396324
42	53	173.8672412	Deep	Shallow subsurface	34.81922765
42	54	196.2986749	Deep	Shallow subsurface	31.38848198
42	55	200.0260512	Deep	Shallow subsurface	30.40050218
42	56	221.4180045	Deep	Shallow subsurface	31.18721412
42	57	240.5247925	Deep	Shallow subsurface	25.90697457
42	58	258.3442045	Deep	Shallow subsurface	23.90218366
42	59	262.7457696	Deep	Shallow subsurface	24.99260984
42	60	273.0778295	Deep	Shallow subsurface	34.71184601
43	44	19.46230481	Deep	Shallow subsurface	19.02792369
43	45	25.46512557	Deep	Shallow subsurface	31.6884963
43	46	46.53914696	Deep	Shallow subsurface	29.08557508
43	47	67.4317606	Deep	Shallow subsurface	23.37909358
43	48	90.91344551	Deep	Shallow subsurface	26.12281251
43	49	111.5029257	Deep	Shallow subsurface	30.33600593
43	50	125.2222474	Deep	Shallow subsurface	30.95746576
43	51	134.4316374	Deep	Shallow subsurface	30.71571715
43	52	144.4232093	Deep	Shallow subsurface	40.71120088
43	53	163.3356079	Deep	Shallow subsurface	40.04518832
43	54	185.7801173	Deep	Shallow subsurface	37.18798763
43	55	189.4966076	Deep	Shallow subsurface	37.32061998
43	56	210.8667932	Deep	Shallow subsurface	38.56524642
43	57	229.9860952	Deep	Shallow subsurface	34.74949962
43	58	247.8310664	Deep	Shallow subsurface	34.58359276
43	59	252.2369664	Deep	Shallow subsurface	33.06930089
43	60	262.5528465	Deep	Shallow subsurface	37.61896351
44	45	6.018204626	Deep	Shallow subsurface	33.29721982
44	46	27.09652149	Deep	Shallow subsurface	30.21260077
44	47	47.99556681	Deep	Shallow subsurface	24.46529461
44	48	71.45114095	Deep	Shallow subsurface	29.17015095
44	49	92.107008	Deep	Shallow subsurface	32.05448138
44	50	105.9485267	Deep	Shallow subsurface	31.51822261
44	51	115.377386	Deep	Shallow subsurface	30.86959882
44	52	125.4047523	Deep	Shallow subsurface	43.12584852
44	53	144.2786429	Deep	Shallow subsurface	40.214932
44	54	166.7946923	Deep	Shallow subsurface	39.26269847
44	55	170.4453786	Deep	Shallow subsurface	40.40443727
44	56	191.5913354	Deep	Shallow subsurface	40.38526268
44	57	210.5903036	Deep	Shallow subsurface	36.39089093
44	58	228.3875777	Deep	Shallow subsurface	36.64456417
44	59	232.7894414	Deep	Shallow subsurface	34.85540356
44	60	243.1247291	Deep	Shallow subsurface	39.3558979
45	46	21.08034048	Deep	Shallow subsurface	24.35819178
45	47	41.97879512	Deep	Shallow subsurface	27.35516041
45	48	65.45482325	Deep	Shallow subsurface	24.6813495
45	49	86.18458347	Deep	Shallow subsurface	23.35054987
45	50	100.1031335	Deep	Shallow subsurface	27.43145062
45	51	109.6489547	Deep	Shallow subsurface	26.87085129
45	52	119.6907654	Deep	Shallow subsurface	33.82928843
45	53	138.5397994	Deep	Shallow subsurface	35.09760878
45	54	161.0856013	Deep	Shallow subsurface	32.93592588
45	55	164.703883	Deep	Shallow subsurface	34.45826182
45	56	185.7329566	Deep	Shallow subsurface	37.81309159
45	57	204.6595658	Deep	Shallow subsurface	34.27962155
45	58	222.4196456	Deep	Shallow subsurface	35.03680725
45	59	226.8174478	Deep	Shallow subsurface	33.62222074
45	60	237.1698822	Deep	Shallow subsurface	34.41921703
46	47	20.89923431	Deep	Shallow subsurface	25.99282054
46	48	44.42991763	Deep	Shallow subsurface	22.30887945
46	49	65.4394229	Deep	Shallow subsurface	22.08964099
46	50	79.65156469	Deep	Shallow subsurface	29.24752982
46	51	89.6552927	Deep	Shallow subsurface	25.91707093
46	52	99.72964109	Deep	Shallow subsurface	29.65623484
46	53	118.4440592	Deep	Shallow subsurface	32.4022749
46	54	141.0727023	Deep	Shallow subsurface	29.46837045
46	55	144.5648969	Deep	Shallow subsurface	29.93619334
46	56	165.1510134	Deep	Shallow subsurface	31.11200329
46	57	183.821548	Deep	Shallow subsurface	27.50496397
46	58	201.4595381	Deep	Shallow subsurface	28.28888983
46	59	205.8446025	Deep	Shallow subsurface	28.37466805
46	60	216.2494339	Deep	Shallow subsurface	32.93465214
47	48	23.72802534	Deep	Shallow subsurface	22.87164628
47	49	45.25716381	Deep	Shallow subsurface	26.42044774
47	50	59.90236038	Deep	Shallow subsurface	26.14088201
47	51	70.57681284	Deep	Shallow subsurface	29.08956166
47	52	80.6180533	Deep	Shallow subsurface	36.83891839
47	53	99.02765939	Deep	Shallow subsurface	35.764933
47	54	121.6892499	Deep	Shallow subsurface	32.74582178
47	55	125.0006088	Deep	Shallow subsurface	34.37173097
47	56	144.9557008	Deep	Shallow subsurface	33.98241059
47	57	163.2714835	Deep	Shallow subsurface	30.5001284
47	58	180.74066	Deep	Shallow subsurface	31.4793538
47	59	185.1077638	Deep	Shallow subsurface	29.79057357
47	60	195.5805905	Deep	Shallow subsurface	35.49320739
48	49	21.93734987	Deep	Shallow subsurface	18.69716399
48	50	36.93241113	Deep	Shallow subsurface	28.69982725
48	51	48.30685206	Deep	Shallow subsurface	25.22392489
48	52	58.16456652	Deep	Shallow subsurface	26.03331834
48	53	76.10104022	Deep	Shallow subsurface	33.54839161
48	54	98.70526029	Deep	Shallow subsurface	28.17340709
48	55	101.8498112	Deep	Shallow subsurface	24.6309013
48	56	121.3416681	Deep	Shallow subsurface	26.78871467
48	57	139.5439288	Deep	Shallow subsurface	24.66938959
48	58	157.0463454	Deep	Shallow subsurface	22.88015433
48	59	161.4238625	Deep	Shallow subsurface	21.57718525
48	60	171.8665631	Deep	Shallow subsurface	32.13673561
49	50	15.0811477	Deep	Shallow subsurface	26.31708196
49	51	26.88662609	Deep	Shallow subsurface	24.17298212
49	52	36.48822135	Deep	Shallow subsurface	28.27326699
49	53	54.17788714	Deep	Shallow subsurface	34.11807705
49	54	76.76979653	Deep	Shallow subsurface	29.70704865
49	55	79.9195813	Deep	Shallow subsurface	28.31573482
49	56	99.74840324	Deep	Shallow subsurface	31.4880659
49	57	118.4849467	Deep	Shallow subsurface	28.25419161
49	58	136.4375149	Deep	Shallow subsurface	28.11816873
49	59	140.8754638	Deep	Shallow subsurface	27.91893049
49	60	151.0814214	Deep	Shallow subsurface	32.60408932
50	51	12.20538286	Deep	Shallow subsurface	30.08010358
50	52	21.44799529	Deep	Shallow subsurface	41.1076292
50	53	39.1932174	Deep	Shallow subsurface	37.97198907
50	54	61.83249073	Deep	Shallow subsurface	36.83809054
50	55	65.09835599	Deep	Shallow subsurface	40.32045345
50	56	85.64709492	Deep	Shallow subsurface	40.80174549
50	57	105.0926595	Deep	Shallow subsurface	36.09205531
50	58	123.5378051	Deep	Shallow subsurface	37.5359814
50	59	128.0314394	Deep	Shallow subsurface	37.35424065
50	60	137.9330697	Deep	Shallow subsurface	38.06577844
51	52	10.07591519	Deep	Shallow subsurface	32.95448211
51	53	28.90572969	Deep	Shallow subsurface	36.32465693
51	54	51.44727987	Deep	Shallow subsurface	32.66806805
51	55	55.07145021	Deep	Shallow subsurface	33.73239637
51	56	77.04942501	Deep	Shallow subsurface	35.2752288
51	57	97.51481666	Deep	Shallow subsurface	30.80946067
51	58	116.55058	Deep	Shallow subsurface	33.00496579
51	59	121.0948493	Deep	Shallow subsurface	32.02947067
51	60	130.5236745	Deep	Shallow subsurface	34.69262924
52	53	18.9445648	Deep	Shallow subsurface	37.39832398
52	54	41.39493118	Deep	Shallow subsurface	27.47951493
52	55	45.07836269	Deep	Shallow subsurface	21.13617212
52	56	67.4645952	Deep	Shallow subsurface	23.69814155
52	57	88.3120723	Deep	Shallow subsurface	26.60299883
52	58	107.5780456	Deep	Shallow subsurface	23.92713152
52	59	112.1359939	Deep	Shallow subsurface	27.03238491
52	60	121.322717	Deep	Shallow subsurface	36.79541997
53	54	22.66280411	Deep	Shallow subsurface	36.05490645
53	55	26.16683488	Deep	Shallow subsurface	37.53970873
53	56	48.81056106	Deep	Shallow subsurface	34.83553118
53	57	70.14403231	Deep	Shallow subsurface	32.01246395
53	58	89.697812	Deep	Shallow subsurface	36.35303665
53	59	94.26236486	Deep	Shallow subsurface	34.96838984
53	60	103.0712546	Deep	Shallow subsurface	37.40902554
54	55	4.647559062	Deep	Shallow subsurface	27.88732598
54	56	29.43833253	Deep	Shallow subsurface	30.31680706
54	57	51.81557676	Deep	Shallow subsurface	26.60465413
54	58	71.71694938	Deep	Shallow subsurface	28.44098879
54	59	76.2119636	Deep	Shallow subsurface	30.18230959
54	60	83.86229525	Deep	Shallow subsurface	36.79732546
55	56	24.80093992	Deep	Shallow subsurface	22.13324451
55	57	47.17093202	Deep	Shallow subsurface	25.72598059
55	58	67.07268221	Deep	Shallow subsurface	23.23920624
55	59	71.56990435	Deep	Shallow subsurface	26.93676665
55	60	79.27318261	Deep	Shallow subsurface	37.45386231
56	57	22.40193483	Deep	Shallow subsurface	24.88234441
56	58	42.29337309	Deep	Shallow subsurface	24.22896649
56	59	46.77804446	Deep	Shallow subsurface	25.12508238
56	60	54.62217456	Deep	Shallow subsurface	39.09231775
57	58	19.90200864	Deep	Shallow subsurface	18.36314208
57	59	24.41082287	Deep	Shallow subsurface	21.47075755
57	60	33.01573995	Deep	Shallow subsurface	33.92319429
58	59	4.564699185	Deep	Shallow subsurface	19.6561387
58	60	15.19990971	Deep	Shallow subsurface	36.03313392
59	60	11.48312758	Deep	Shallow subsurface	33.66136927
1	2	10.10649465	Rhizosphere	Root-adjacent	24.06197999
1	3	28.25798758	Rhizosphere	Root-adjacent	20.0085609
1	4	47.61548715	Rhizosphere	Root-adjacent	17.60092818
1	5	58.85951991	Rhizosphere	Root-adjacent	19.59402955
1	6	73.55532704	Rhizosphere	Root-adjacent	24.23556223
1	7	87.07007651	Rhizosphere	Root-adjacent	24.90649305
1	8	102.2830584	Rhizosphere	Root-adjacent	26.54831981
1	9	122.2064997	Rhizosphere	Root-adjacent	20.05207777
1	10	138.5356294	Rhizosphere	Root-adjacent	21.60890762
1	11	156.9525226	Rhizosphere	Root-adjacent	19.99730167
1	12	178.0422853	Rhizosphere	Root-adjacent	23.98156109
1	13	201.600763	Rhizosphere	Root-adjacent	23.94905068
1	14	227.2014468	Rhizosphere	Root-adjacent	36.1975215
1	15	246.7399633	Rhizosphere	Root-adjacent	33.55915864
1	16	262.8047844	Rhizosphere	Root-adjacent	24.98282644
1	17	284.1080486	Rhizosphere	Root-adjacent	31.27626296
1	18	307.8397537	Rhizosphere	Root-adjacent	20.64190942
1	19	329.5331037	Rhizosphere	Root-adjacent	29.7302976
1	20	349.6736878	Rhizosphere	Root-adjacent	21.60805726
1	21	356.770844	Rhizosphere	Root-adjacent	27.2161223
1	22	374.3431186	Rhizosphere	Root-adjacent	22.56794196
1	23	389.8436865	Rhizosphere	Root-adjacent	20.8393159
1	24	403.8108679	Rhizosphere	Root-adjacent	30.18869175
1	25	409.5614738	Rhizosphere	Root-adjacent	30.71348661
1	26	423.518991	Rhizosphere	Root-adjacent	24.74133906
1	27	436.9453653	Rhizosphere	Root-adjacent	31.03001584
1	28	455.7393189	Rhizosphere	Root-adjacent	26.69829247
1	29	476.0398547	Rhizosphere	Root-adjacent	25.37126823
1	30	488.0415073	Rhizosphere	Root-adjacent	35.00475973
1	31	509.759037	Rhizosphere	Root-adjacent	33.05265
1	32	530.6222096	Rhizosphere	Root-adjacent	31.20955374
1	33	552.1235286	Rhizosphere	Root-adjacent	33.67310933
1	34	574.3954659	Rhizosphere	Root-adjacent	33.95963846
1	35	596.9247071	Rhizosphere	Root-adjacent	30.72386916
1	36	640.454008	Rhizosphere	Root-adjacent	37.22738501
1	37	661.603535	Rhizosphere	Root-adjacent	29.89206417
1	38	664.3540197	Rhizosphere	Root-adjacent	32.36484021
1	39	688.7128146	Rhizosphere	Root-adjacent	30.62938517
1	40	712.8761514	Rhizosphere	Root-adjacent	28.22947997
1	41	725.0027968	Rhizosphere	Root-adjacent	43.11663329
1	42	743.5387826	Rhizosphere	Root-adjacent	30.16826936
1	43	754.0567089	Rhizosphere	Root-adjacent	29.4479176
1	44	773.1100171	Rhizosphere	Root-adjacent	27.74087319
1	45	778.8879458	Rhizosphere	Root-adjacent	32.33584957
1	46	799.3144221	Rhizosphere	Root-adjacent	34.83899199
1	47	819.5360207	Rhizosphere	Root-adjacent	26.99022105
1	48	843.2174652	Rhizosphere	Root-adjacent	30.92951084
1	49	864.7024402	Rhizosphere	Root-adjacent	26.99202321
1	50	878.9362218	Rhizosphere	Root-adjacent	28.64048558
1	51	888.4695293	Rhizosphere	Root-adjacent	38.11234959
1	52	898.4751982	Rhizosphere	Root-adjacent	47.59106493
1	53	917.3751109	Rhizosphere	Root-adjacent	31.80657121
1	54	939.8365269	Rhizosphere	Root-adjacent	41.58898121
1	55	943.5407763	Rhizosphere	Root-adjacent	42.14109953
1	56	964.4497005	Rhizosphere	Root-adjacent	34.66746704
1	57	982.5805299	Rhizosphere	Root-adjacent	41.89976692
1	58	999.3274421	Rhizosphere	Root-adjacent	44.53442071
1	59	1003.54779	Rhizosphere	Root-adjacent	31.22706233
1	60	1014.392787	Rhizosphere	Root-adjacent	35.76317651
2	3	18.1517452	Rhizosphere	Root-adjacent	25.92001445
2	4	37.53612262	Rhizosphere	Root-adjacent	22.1637905
2	5	48.84555461	Rhizosphere	Root-adjacent	29.72393378
2	6	63.76460461	Rhizosphere	Root-adjacent	20.21207726
2	7	77.45652962	Rhizosphere	Root-adjacent	27.4894436
2	8	92.89943556	Rhizosphere	Root-adjacent	34.50652172
2	9	112.9208079	Rhizosphere	Root-adjacent	27.20445699
2	10	129.3303232	Rhizosphere	Root-adjacent	28.85656744
2	11	147.7771151	Rhizosphere	Root-adjacent	27.52744207
2	12	168.876314	Rhizosphere	Root-adjacent	33.4130474
2	13	192.4092022	Rhizosphere	Root-adjacent	30.29126243
2	14	217.9966898	Rhizosphere	Root-adjacent	34.18253962
2	15	237.5412241	Rhizosphere	Root-adjacent	31.23225465
2	16	253.6028855	Rhizosphere	Root-adjacent	27.4981275
2	17	274.9172864	Rhizosphere	Root-adjacent	28.59884187
2	18	298.6277344	Rhizosphere	Root-adjacent	24.80553318
2	19	320.2620026	Rhizosphere	Root-adjacent	28.88051652
2	20	340.3813816	Rhizosphere	Root-adjacent	26.49514855
2	21	347.456144	Rhizosphere	Root-adjacent	27.85457321
2	22	364.9791791	Rhizosphere	Root-adjacent	33.13901534
2	23	380.4386255	Rhizosphere	Root-adjacent	26.27180023
2	24	394.3933121	Rhizosphere	Root-adjacent	35.55944584
2	25	400.1498149	Rhizosphere	Root-adjacent	27.19161023
2	26	414.0906628	Rhizosphere	Root-adjacent	25.13621069
2	27	427.4941135	Rhizosphere	Root-adjacent	26.9588706
2	28	446.292398	Rhizosphere	Root-adjacent	28.53787404
2	29	466.6211512	Rhizosphere	Root-adjacent	30.22019531
2	30	478.6385626	Rhizosphere	Root-adjacent	35.7492806
2	31	500.3761461	Rhizosphere	Root-adjacent	30.12087535
2	32	521.2640446	Rhizosphere	Root-adjacent	34.16005546
2	33	542.7970554	Rhizosphere	Root-adjacent	35.44486958
2	34	565.0842282	Rhizosphere	Root-adjacent	32.45675276
2	35	587.6276742	Rhizosphere	Root-adjacent	27.94860833
2	36	631.1829337	Rhizosphere	Root-adjacent	29.90805144
2	37	652.339764	Rhizosphere	Root-adjacent	25.10068544
2	38	655.089188	Rhizosphere	Root-adjacent	32.26130792
2	39	679.446791	Rhizosphere	Root-adjacent	27.94364933
2	40	703.6166929	Rhizosphere	Root-adjacent	35.17835145
2	41	715.7630939	Rhizosphere	Root-adjacent	41.09906655
2	42	734.3114639	Rhizosphere	Root-adjacent	29.31061166
2	43	744.833877	Rhizosphere	Root-adjacent	28.27256818
2	44	763.9086381	Rhizosphere	Root-adjacent	30.70720588
2	45	769.695627	Rhizosphere	Root-adjacent	30.2456039
2	46	790.1499017	Rhizosphere	Root-adjacent	27.86368349
2	47	810.3993544	Rhizosphere	Root-adjacent	33.17046868
2	48	834.0882539	Rhizosphere	Root-adjacent	36.24690339
2	49	855.5504522	Rhizosphere	Root-adjacent	34.93418909
2	50	869.7595731	Rhizosphere	Root-adjacent	31.32795442
2	51	879.2564066	Rhizosphere	Root-adjacent	38.24539833
2	52	889.2564235	Rhizosphere	Root-adjacent	46.23759761
2	53	908.162107	Rhizosphere	Root-adjacent	34.29618313
2	54	930.6097915	Rhizosphere	Root-adjacent	41.55209936
2	55	934.3263993	Rhizosphere	Root-adjacent	42.08756304
2	56	955.2943527	Rhizosphere	Root-adjacent	37.04641375
2	57	973.4839658	Rhizosphere	Root-adjacent	41.49235129
2	58	990.2792546	Rhizosphere	Root-adjacent	43.18051277
2	59	994.5074285	Rhizosphere	Root-adjacent	33.10058639
2	60	1005.335401	Rhizosphere	Root-adjacent	39.12121036
3	4	19.5304683	Rhizosphere	Root-adjacent	16.88753744
3	5	31.04953214	Rhizosphere	Root-adjacent	23.03526993
3	6	46.5796794	Rhizosphere	Root-adjacent	20.61208245
3	7	60.66201612	Rhizosphere	Root-adjacent	21.51399278
3	8	76.58623535	Rhizosphere	Root-adjacent	22.55834899
3	9	96.73512064	Rhizosphere	Root-adjacent	20.53710453
3	10	113.2627121	Rhizosphere	Root-adjacent	23.4905459
3	11	131.7188302	Rhizosphere	Root-adjacent	18.60471043
3	12	152.7893391	Rhizosphere	Root-adjacent	20.63366159
3	13	176.2276447	Rhizosphere	Root-adjacent	25.69690321
3	14	201.7550085	Rhizosphere	Root-adjacent	39.42968851
3	15	221.292059	Rhizosphere	Root-adjacent	31.62650023
3	16	237.3334266	Rhizosphere	Root-adjacent	25.43022994
3	17	258.6544943	Rhizosphere	Root-adjacent	26.73089309
3	18	282.3076568	Rhizosphere	Root-adjacent	19.75554466
3	19	303.813317	Rhizosphere	Root-adjacent	25.41228518
3	20	323.8821658	Rhizosphere	Root-adjacent	20.70468552
3	21	330.909977	Rhizosphere	Root-adjacent	22.31977541
3	22	348.3299266	Rhizosphere	Root-adjacent	24.17414617
3	23	363.7039154	Rhizosphere	Root-adjacent	21.90123594
3	24	377.6304531	Rhizosphere	Root-adjacent	26.69378695
3	25	383.3971286	Rhizosphere	Root-adjacent	27.92636925
3	26	397.302118	Rhizosphere	Root-adjacent	22.77876566
3	27	410.6579336	Rhizosphere	Root-adjacent	30.70201973
3	28	429.4610999	Rhizosphere	Root-adjacent	25.9481485
3	29	449.8411641	Rhizosphere	Root-adjacent	23.78283439
3	30	461.8871243	Rhizosphere	Root-adjacent	28.63895785
3	31	483.6600256	Rhizosphere	Root-adjacent	31.87398981
3	32	504.5924925	Rhizosphere	Root-adjacent	28.28445585
3	33	526.1834231	Rhizosphere	Root-adjacent	30.2848626
3	34	548.4968059	Rhizosphere	Root-adjacent	28.65567794
3	35	571.0645816	Rhizosphere	Root-adjacent	29.97186553
3	36	614.6643472	Rhizosphere	Root-adjacent	37.14542081
3	37	635.8328259	Rhizosphere	Root-adjacent	28.04572661
3	38	638.5799414	Rhizosphere	Root-adjacent	27.94978361
3	39	662.9328418	Rhizosphere	Root-adjacent	29.187449
3	40	687.1129801	Rhizosphere	Root-adjacent	26.45549895
3	41	699.2958225	Rhizosphere	Root-adjacent	41.4170333
3	42	717.8660762	Rhizosphere	Root-adjacent	28.14756289
3	43	728.3961078	Rhizosphere	Root-adjacent	24.78492643
3	44	747.5099406	Rhizosphere	Root-adjacent	24.07708366
3	45	753.313612	Rhizosphere	Root-adjacent	33.28654794
3	46	773.8188351	Rhizosphere	Root-adjacent	33.5617073
3	47	794.1193318	Rhizosphere	Root-adjacent	27.83368737
3	48	817.8205297	Rhizosphere	Root-adjacent	33.9275293
3	49	839.2382782	Rhizosphere	Root-adjacent	29.26529872
3	50	853.3999821	Rhizosphere	Root-adjacent	24.65810467
3	51	862.8274721	Rhizosphere	Root-adjacent	39.5792751
3	52	872.8162424	Rhizosphere	Root-adjacent	49.51265935
3	53	891.7317156	Rhizosphere	Root-adjacent	31.58398557
3	54	914.1523192	Rhizosphere	Root-adjacent	41.51349665
3	55	917.8919933	Rhizosphere	Root-adjacent	42.33378626
3	56	938.9698411	Rhizosphere	Root-adjacent	37.66157397
3	57	957.2688659	Rhizosphere	Root-adjacent	43.84182831
3	58	974.153978	Rhizosphere	Root-adjacent	44.02401985
3	59	978.3965894	Rhizosphere	Root-adjacent	32.78990212
3	60	989.1920669	Rhizosphere	Root-adjacent	36.00684285
4	5	11.65889193	Rhizosphere	Root-adjacent	22.44440542
4	6	27.77428749	Rhizosphere	Root-adjacent	20.20296392
4	7	42.13385531	Rhizosphere	Root-adjacent	19.88012208
4	8	58.42978903	Rhizosphere	Root-adjacent	23.38555493
4	9	78.54758142	Rhizosphere	Root-adjacent	18.56122321
4	10	95.10228743	Rhizosphere	Root-adjacent	21.52930196
4	11	113.4929131	Rhizosphere	Root-adjacent	14.39639743
4	12	134.4772501	Rhizosphere	Root-adjacent	18.3096892
4	13	157.7862551	Rhizosphere	Root-adjacent	21.27202987
4	14	183.2281512	Rhizosphere	Root-adjacent	35.06684868
4	15	202.7390124	Rhizosphere	Root-adjacent	28.32397928
4	16	218.7503248	Rhizosphere	Root-adjacent	22.27234703
4	17	240.0615258	Rhizosphere	Root-adjacent	24.21404043
4	18	263.6560286	Rhizosphere	Root-adjacent	19.28973499
4	19	285.0537814	Rhizosphere	Root-adjacent	25.01083912
4	20	305.0777733	Rhizosphere	Root-adjacent	19.55865587
4	21	312.0689893	Rhizosphere	Root-adjacent	20.69167272
4	22	329.4102976	Rhizosphere	Root-adjacent	22.05089537
4	23	344.7213256	Rhizosphere	Root-adjacent	18.83107302
4	24	358.6259353	Rhizosphere	Root-adjacent	26.35620243
4	25	364.398455	Rhizosphere	Root-adjacent	26.43475582
4	26	378.2768951	Rhizosphere	Root-adjacent	21.63987933
4	27	391.5990943	Rhizosphere	Root-adjacent	28.29197533
4	28	410.4028957	Rhizosphere	Root-adjacent	23.98743739
4	29	430.8141491	Rhizosphere	Root-adjacent	22.50322982
4	30	442.8775801	Rhizosphere	Root-adjacent	26.6372145
4	31	464.6714866	Rhizosphere	Root-adjacent	26.91394591
4	32	485.6315723	Rhizosphere	Root-adjacent	27.3952206
4	33	507.259498	Rhizosphere	Root-adjacent	29.3528722
4	34	529.5884851	Rhizosphere	Root-adjacent	27.42743144
4	35	552.1707388	Rhizosphere	Root-adjacent	26.78694572
4	36	595.7972296	Rhizosphere	Root-adjacent	34.65665812
4	37	616.9720012	Rhizosphere	Root-adjacent	26.27207505
4	38	619.7173039	Rhizosphere	Root-adjacent	25.97270969
4	39	644.06511	Rhizosphere	Root-adjacent	27.06808391
4	40	668.2505752	Rhizosphere	Root-adjacent	26.7881787
4	41	680.4577274	Rhizosphere	Root-adjacent	40.57975648
4	42	699.0419072	Rhizosphere	Root-adjacent	25.86024232
4	43	709.5765447	Rhizosphere	Root-adjacent	24.14058955
4	44	728.7163926	Rhizosphere	Root-adjacent	25.49872544
4	45	734.5313784	Rhizosphere	Root-adjacent	31.80907793
4	46	755.0711862	Rhizosphere	Root-adjacent	32.35674011
4	47	775.4066486	Rhizosphere	Root-adjacent	26.05325448
4	48	799.1151972	Rhizosphere	Root-adjacent	31.68794739
4	49	820.5002216	Rhizosphere	Root-adjacent	28.3580762
4	50	834.6278681	Rhizosphere	Root-adjacent	24.74172199
4	51	844.0067301	Rhizosphere	Root-adjacent	39.45295981
4	52	853.9873025	Rhizosphere	Root-adjacent	48.75929793
4	53	872.908691	Rhizosphere	Root-adjacent	30.57012803
4	54	895.3097839	Rhizosphere	Root-adjacent	40.28687416
4	55	899.0651234	Rhizosphere	Root-adjacent	42.66023219
4	56	920.2183962	Rhizosphere	Root-adjacent	35.56415581
4	57	938.5940447	Rhizosphere	Root-adjacent	41.99776932
4	58	955.5429559	Rhizosphere	Root-adjacent	44.09766297
4	59	959.7958304	Rhizosphere	Root-adjacent	30.53916661
4	60	970.5673442	Rhizosphere	Root-adjacent	35.11079469
5	6	16.37104011	Rhizosphere	Root-adjacent	28.11246572
5	7	30.77165118	Rhizosphere	Root-adjacent	28.71625554
5	8	47.18301995	Rhizosphere	Root-adjacent	27.31144889
5	9	67.21830314	Rhizosphere	Root-adjacent	26.78131469
5	10	83.75477694	Rhizosphere	Root-adjacent	27.03495114
5	11	102.096653	Rhizosphere	Root-adjacent	22.01955699
5	12	123.0330018	Rhizosphere	Root-adjacent	23.76699737
5	13	146.2871358	Rhizosphere	Root-adjacent	28.29191642
5	14	171.6956312	Rhizosphere	Root-adjacent	42.56977163
5	15	191.1953428	Rhizosphere	Root-adjacent	38.63279644
5	16	207.1959447	Rhizosphere	Root-adjacent	32.08119672
5	17	228.5020899	Rhizosphere	Root-adjacent	34.21696202
5	18	252.0792683	Rhizosphere	Root-adjacent	24.90650408
5	19	273.4502452	Rhizosphere	Root-adjacent	33.75646541
5	20	293.4639241	Rhizosphere	Root-adjacent	24.99835567
5	21	300.4476919	Rhizosphere	Root-adjacent	30.23870095
5	22	317.7747808	Rhizosphere	Root-adjacent	23.20278953
5	23	333.076439	Rhizosphere	Root-adjacent	22.62044669
5	24	346.9781746	Rhizosphere	Root-adjacent	32.20862484
5	25	352.7513346	Rhizosphere	Root-adjacent	34.60496637
5	26	366.626645	Rhizosphere	Root-adjacent	30.83757555
5	27	379.9455308	Rhizosphere	Root-adjacent	37.92424432
5	28	398.7492921	Rhizosphere	Root-adjacent	31.67352576
5	29	419.1633687	Rhizosphere	Root-adjacent	28.56062556
5	30	431.2285923	Rhizosphere	Root-adjacent	34.05429055
5	31	453.0247976	Rhizosphere	Root-adjacent	38.04333453
5	32	473.9882475	Rhizosphere	Root-adjacent	30.25172574
5	33	495.6212141	Rhizosphere	Root-adjacent	36.09569252
5	34	517.9523872	Rhizosphere	Root-adjacent	35.18502085
5	35	540.5367341	Rhizosphere	Root-adjacent	34.75895475
5	36	584.167267	Rhizosphere	Root-adjacent	43.66026655
5	37	605.3429538	Rhizosphere	Root-adjacent	34.08003461
5	38	608.0879342	Rhizosphere	Root-adjacent	33.42172064
5	39	632.4347444	Rhizosphere	Root-adjacent	34.94122515
5	40	656.6209593	Rhizosphere	Root-adjacent	30.51661372
5	41	668.8321967	Rhizosphere	Root-adjacent	45.55477016
5	42	687.4187347	Rhizosphere	Root-adjacent	33.33786213
5	43	697.9541402	Rhizosphere	Root-adjacent	30.44016721
5	44	717.0986718	Rhizosphere	Root-adjacent	29.52464834
5	45	722.9157703	Rhizosphere	Root-adjacent	37.07922844
5	46	743.4622391	Rhizosphere	Root-adjacent	39.20170165
5	47	763.8047577	Rhizosphere	Root-adjacent	28.76321291
5	48	787.5147054	Rhizosphere	Root-adjacent	33.30493979
5	49	808.8928324	Rhizosphere	Root-adjacent	29.54777841
5	50	823.0136767	Rhizosphere	Root-adjacent	29.29824156
5	51	832.3834845	Rhizosphere	Root-adjacent	42.44272973
5	52	842.3625727	Rhizosphere	Root-adjacent	51.90829052
5	53	861.2849319	Rhizosphere	Root-adjacent	33.56741379
5	54	883.682566	Rhizosphere	Root-adjacent	43.63696599
5	55	887.4405967	Rhizosphere	Root-adjacent	44.99673982
5	56	908.6078631	Rhizosphere	Root-adjacent	38.42384856
5	57	926.9993313	Rhizosphere	Root-adjacent	46.3425273
5	58	943.9624777	Rhizosphere	Root-adjacent	45.60067568
5	59	948.2177171	Rhizosphere	Root-adjacent	33.47027133
5	60	958.9836369	Rhizosphere	Root-adjacent	37.60981898
6	7	14.40203593	Rhizosphere	Root-adjacent	23.448545
6	8	30.81875617	Rhizosphere	Root-adjacent	29.26479688
6	9	50.85010941	Rhizosphere	Root-adjacent	24.85185919
6	10	67.39123211	Rhizosphere	Root-adjacent	27.10375121
6	11	85.74984117	Rhizosphere	Root-adjacent	22.8647881
6	12	106.7125449	Rhizosphere	Root-adjacent	28.59966281
6	13	130.011978	Rhizosphere	Root-adjacent	26.37573788
6	14	155.4589903	Rhizosphere	Root-adjacent	36.26957597
6	15	174.973766	Rhizosphere	Root-adjacent	29.19229462
6	16	190.9902857	Rhizosphere	Root-adjacent	23.86620515
6	17	212.3041437	Rhizosphere	Root-adjacent	27.00606242
6	18	235.9120602	Rhizosphere	Root-adjacent	22.43728566
6	19	257.3441595	Rhizosphere	Root-adjacent	27.8330356
6	20	277.3872847	Rhizosphere	Root-adjacent	25.57798393
6	21	284.3958918	Rhizosphere	Root-adjacent	25.23655753
6	22	301.7818528	Rhizosphere	Root-adjacent	30.04869056
6	23	317.1367024	Rhizosphere	Root-adjacent	23.85896064
6	24	331.0585822	Rhizosphere	Root-adjacent	32.66945691
6	25	336.8265207	Rhizosphere	Root-adjacent	25.97063365
6	26	350.726839	Rhizosphere	Root-adjacent	25.74762091
6	27	364.0790592	Rhizosphere	Root-adjacent	29.56255634
6	28	382.8823341	Rhizosphere	Root-adjacent	26.24686132
6	29	403.2659983	Rhizosphere	Root-adjacent	27.2945995
6	30	415.3150734	Rhizosphere	Root-adjacent	30.48364287
6	31	437.0927452	Rhizosphere	Root-adjacent	28.44115803
6	32	458.0329164	Rhizosphere	Root-adjacent	31.73921122
6	33	479.6365309	Rhizosphere	Root-adjacent	33.2261237
6	34	501.9561674	Rhizosphere	Root-adjacent	29.51465106
6	35	524.5301443	Rhizosphere	Root-adjacent	25.04338828
6	36	568.1422818	Rhizosphere	Root-adjacent	32.02715459
6	37	589.3139279	Rhizosphere	Root-adjacent	26.18744826
6	38	592.060198	Rhizosphere	Root-adjacent	29.5346173
6	39	616.410875	Rhizosphere	Root-adjacent	28.59254213
6	40	640.5937121	Rhizosphere	Root-adjacent	31.96143822
6	41	652.788715	Rhizosphere	Root-adjacent	39.03799978
6	42	671.3664069	Rhizosphere	Root-adjacent	27.36410473
6	43	681.8989876	Rhizosphere	Root-adjacent	26.30998887
6	44	701.0274995	Rhizosphere	Root-adjacent	28.00334951
6	45	706.8378217	Rhizosphere	Root-adjacent	29.69642957
6	46	727.3644022	Rhizosphere	Root-adjacent	25.96069139
6	47	747.6879555	Rhizosphere	Root-adjacent	29.39771743
6	48	771.3942827	Rhizosphere	Root-adjacent	32.32464122
6	49	792.7903525	Rhizosphere	Root-adjacent	32.33816031
6	50	806.9308017	Rhizosphere	Root-adjacent	26.19822057
6	51	816.3304552	Rhizosphere	Root-adjacent	36.11418129
6	52	826.3148862	Rhizosphere	Root-adjacent	44.26272098
6	53	845.2335978	Rhizosphere	Root-adjacent	31.23123902
6	54	867.6440757	Rhizosphere	Root-adjacent	39.9218941
6	55	871.3919285	Rhizosphere	Root-adjacent	40.67363348
6	56	892.5138124	Rhizosphere	Root-adjacent	37.02977319
6	57	910.8646189	Rhizosphere	Root-adjacent	39.41039684
6	58	927.7976037	Rhizosphere	Root-adjacent	40.20719618
6	59	932.0482904	Rhizosphere	Root-adjacent	32.28503414
6	60	942.8251353	Rhizosphere	Root-adjacent	36.62595992
7	8	16.45738878	Rhizosphere	Root-adjacent	21.24831646
7	9	36.44812011	Rhizosphere	Root-adjacent	20.38991817
7	10	52.99110862	Rhizosphere	Root-adjacent	20.56006814
7	11	71.36171245	Rhizosphere	Root-adjacent	20.20810855
7	12	92.34582963	Rhizosphere	Root-adjacent	25.69934664
7	13	115.6838738	Rhizosphere	Root-adjacent	23.58199966
7	14	141.162678	Rhizosphere	Root-adjacent	30.91837544
7	15	160.6885501	Rhizosphere	Root-adjacent	22.99371803
7	16	176.7174841	Rhizosphere	Root-adjacent	21.28418008
7	17	198.0359599	Rhizosphere	Root-adjacent	22.70957791
7	18	221.668828	Rhizosphere	Root-adjacent	22.56984253
7	19	243.1529653	Rhizosphere	Root-adjacent	26.1841353
7	20	263.2201822	Rhizosphere	Root-adjacent	19.91957643
7	21	270.2500927	Rhizosphere	Root-adjacent	18.38138813
7	22	287.6864824	Rhizosphere	Root-adjacent	28.49221352
7	23	303.0869267	Rhizosphere	Root-adjacent	21.84856812
7	24	317.0251857	Rhizosphere	Root-adjacent	22.81810024
7	25	322.7878986	Rhizosphere	Root-adjacent	25.92201748
7	26	336.7089539	Rhizosphere	Root-adjacent	22.85240197
7	27	350.089329	Rhizosphere	Root-adjacent	29.08673663
7	28	368.8904293	Rhizosphere	Root-adjacent	20.49713525
7	29	389.2457661	Rhizosphere	Root-adjacent	18.10628282
7	30	401.279896	Rhizosphere	Root-adjacent	22.45406907
7	31	423.040106	Rhizosphere	Root-adjacent	23.97010809
7	32	443.9590395	Rhizosphere	Root-adjacent	19.59908104
7	33	465.5364584	Rhizosphere	Root-adjacent	20.22872139
7	34	487.8453632	Rhizosphere	Root-adjacent	21.78022192
7	35	510.4097344	Rhizosphere	Root-adjacent	23.59317087
7	36	554.0050305	Rhizosphere	Root-adjacent	32.41179846
7	37	575.1727424	Rhizosphere	Root-adjacent	26.42740245
7	38	577.9200312	Rhizosphere	Root-adjacent	21.21923333
7	39	602.2733951	Rhizosphere	Root-adjacent	21.73340391
7	40	626.4528844	Rhizosphere	Root-adjacent	24.29389812
7	41	638.6340741	Rhizosphere	Root-adjacent	34.0673267
7	42	657.2040603	Rhizosphere	Root-adjacent	22.27493289
7	43	667.7341148	Rhizosphere	Root-adjacent	18.40358858
7	44	686.8490367	Rhizosphere	Root-adjacent	21.3783969
7	45	692.6536687	Rhizosphere	Root-adjacent	31.3058515
7	46	713.1635792	Rhizosphere	Root-adjacent	34.99064277
7	47	733.4713431	Rhizosphere	Root-adjacent	27.37354338
7	48	757.174467	Rhizosphere	Root-adjacent	31.11669099
7	49	778.5849897	Rhizosphere	Root-adjacent	28.25298516
7	50	792.7413709	Rhizosphere	Root-adjacent	25.18730463
7	51	802.1655012	Rhizosphere	Root-adjacent	36.98538008
7	52	812.1542302	Rhizosphere	Root-adjacent	45.6244515
7	53	831.0697226	Rhizosphere	Root-adjacent	26.89044688
7	54	853.4905608	Rhizosphere	Root-adjacent	35.50050712
7	55	857.2299784	Rhizosphere	Root-adjacent	38.69775513
7	56	878.3144315	Rhizosphere	Root-adjacent	31.5362812
7	57	896.6320631	Rhizosphere	Root-adjacent	38.82676057
7	58	913.5406829	Rhizosphere	Root-adjacent	40.18633807
7	59	917.7877056	Rhizosphere	Root-adjacent	28.02285569
7	60	928.573236	Rhizosphere	Root-adjacent	30.99995763
8	9	20.15820634	Rhizosphere	Root-adjacent	21.37662546
8	10	36.70869224	Rhizosphere	Root-adjacent	23.80937169
8	11	55.14750154	Rhizosphere	Root-adjacent	18.66344888
8	12	76.2050147	Rhizosphere	Root-adjacent	20.39593172
8	13	99.64871939	Rhizosphere	Root-adjacent	22.31067742
8	14	125.1956752	Rhizosphere	Root-adjacent	41.43444139
8	15	144.738283	Rhizosphere	Root-adjacent	34.5462961
8	16	160.7894411	Rhizosphere	Root-adjacent	27.84711692
8	17	182.1104162	Rhizosphere	Root-adjacent	31.34921735
8	18	205.7912933	Rhizosphere	Root-adjacent	24.66258691
8	19	227.3781935	Rhizosphere	Root-adjacent	30.70567917
8	20	247.4879739	Rhizosphere	Root-adjacent	19.40148338
8	21	254.5576475	Rhizosphere	Root-adjacent	23.06113108
8	22	272.0851689	Rhizosphere	Root-adjacent	22.69774063
8	23	287.5653634	Rhizosphere	Root-adjacent	23.97078687
8	24	301.5295757	Rhizosphere	Root-adjacent	22.08999474
8	25	307.2815015	Rhizosphere	Root-adjacent	34.25460416
8	26	321.2363134	Rhizosphere	Root-adjacent	29.783598
8	27	334.6632566	Rhizosphere	Root-adjacent	36.94189357
8	28	353.456642	Rhizosphere	Root-adjacent	26.05624327
8	29	373.7587415	Rhizosphere	Root-adjacent	20.51235333
8	30	385.7646573	Rhizosphere	Root-adjacent	26.88056633
8	31	407.4909265	Rhizosphere	Root-adjacent	34.92967235
8	32	428.3695471	Rhizosphere	Root-adjacent	24.66471685
8	33	449.8977005	Rhizosphere	Root-adjacent	29.07839259
8	34	472.1851648	Rhizosphere	Root-adjacent	30.60061182
8	35	494.7302801	Rhizosphere	Root-adjacent	32.7747034
8	36	538.2918731	Rhizosphere	Root-adjacent	42.79037556
8	37	559.4511297	Rhizosphere	Root-adjacent	33.29792881
8	38	562.2001263	Rhizosphere	Root-adjacent	27.75787728
8	39	586.5570708	Rhizosphere	Root-adjacent	32.20693763
8	40	610.7292511	Rhizosphere	Root-adjacent	22.04678089
8	41	622.8845927	Rhizosphere	Root-adjacent	44.61081956
8	42	641.4395864	Rhizosphere	Root-adjacent	30.67086505
8	43	651.9645494	Rhizosphere	Root-adjacent	26.87033588
8	44	671.0534958	Rhizosphere	Root-adjacent	25.59089463
8	45	676.8472709	Rhizosphere	Root-adjacent	37.55619366
8	46	697.3250159	Rhizosphere	Root-adjacent	42.32937968
8	47	717.6019194	Rhizosphere	Root-adjacent	27.02781736
8	48	741.298223	Rhizosphere	Root-adjacent	33.25590923
8	49	762.7359618	Rhizosphere	Root-adjacent	28.22144076
8	50	776.9221011	Rhizosphere	Root-adjacent	26.90553486
8	51	786.391415	Rhizosphere	Root-adjacent	44.01008101
8	52	796.3877583	Rhizosphere	Root-adjacent	53.98793808
8	53	815.2968637	Rhizosphere	Root-adjacent	32.40410885
8	54	837.7360582	Rhizosphere	Root-adjacent	42.68986737
8	55	841.4600054	Rhizosphere	Root-adjacent	46.35249598
8	56	862.474498	Rhizosphere	Root-adjacent	37.31728601
8	57	880.7281328	Rhizosphere	Root-adjacent	46.99386582
8	58	897.5881433	Rhizosphere	Root-adjacent	46.84480973
8	59	901.8276951	Rhizosphere	Root-adjacent	34.70929299
8	60	912.6305606	Rhizosphere	Root-adjacent	36.40416241
9	10	16.55677743	Rhizosphere	Root-adjacent	16.6484186
9	11	34.98951096	Rhizosphere	Root-adjacent	17.52716373
9	12	56.05481794	Rhizosphere	Root-adjacent	21.61844188
9	13	79.52539463	Rhizosphere	Root-adjacent	24.15604585
9	14	105.0927055	Rhizosphere	Root-adjacent	35.17285933
9	15	124.637719	Rhizosphere	Root-adjacent	30.47781512
9	16	140.6952193	Rhizosphere	Root-adjacent	22.64550088
9	17	162.0137761	Rhizosphere	Root-adjacent	25.96940765
9	18	185.7122761	Rhizosphere	Root-adjacent	18.46475185
9	19	207.3460208	Rhizosphere	Root-adjacent	24.19105995
9	20	227.47525	Rhizosphere	Root-adjacent	19.00082601
9	21	234.5656729	Rhizosphere	Root-adjacent	21.3158503
9	22	252.1432471	Rhizosphere	Root-adjacent	25.26329293
9	23	267.6699041	Rhizosphere	Root-adjacent	19.59771892
9	24	281.6481699	Rhizosphere	Root-adjacent	23.28677336
9	25	287.392321	Rhizosphere	Root-adjacent	27.78269384
9	26	301.366427	Rhizosphere	Root-adjacent	20.34522653
9	27	314.8214739	Rhizosphere	Root-adjacent	28.17285217
9	28	333.6071658	Rhizosphere	Root-adjacent	22.97750417
9	29	353.8730427	Rhizosphere	Root-adjacent	20.50567596
9	30	365.8603776	Rhizosphere	Root-adjacent	27.90380681
9	31	387.5644065	Rhizosphere	Root-adjacent	27.23788491
9	32	408.4181405	Rhizosphere	Root-adjacent	26.96446474
9	33	429.9176263	Rhizosphere	Root-adjacent	26.97002634
9	34	452.1925134	Rhizosphere	Root-adjacent	28.02649507
9	35	474.7266165	Rhizosphere	Root-adjacent	27.4515476
9	36	518.2696973	Rhizosphere	Root-adjacent	34.88048411
9	37	539.4242099	Rhizosphere	Root-adjacent	25.88818001
9	38	542.1739665	Rhizosphere	Root-adjacent	25.74087043
9	39	566.5320381	Rhizosphere	Root-adjacent	26.16152514
9	40	590.7001067	Rhizosphere	Root-adjacent	22.41089316
9	41	602.8429258	Rhizosphere	Root-adjacent	41.99495065
9	42	621.3906571	Rhizosphere	Root-adjacent	25.48459108
9	43	631.9131262	Rhizosphere	Root-adjacent	24.44677343
9	44	650.9902547	Rhizosphere	Root-adjacent	22.20283463
9	45	656.7792725	Rhizosphere	Root-adjacent	31.80355372
9	46	677.2434112	Rhizosphere	Root-adjacent	35.31118657
9	47	697.5080415	Rhizosphere	Root-adjacent	23.38290068
9	48	721.2015727	Rhizosphere	Root-adjacent	30.53828857
9	49	742.6495312	Rhizosphere	Root-adjacent	26.35470328
9	50	756.8475365	Rhizosphere	Root-adjacent	24.77051161
9	51	766.3361285	Rhizosphere	Root-adjacent	38.51449503
9	52	776.3357542	Rhizosphere	Root-adjacent	48.67842177
9	53	795.2418096	Rhizosphere	Root-adjacent	30.67880014
9	54	817.6890048	Rhizosphere	Root-adjacent	40.20634437
9	55	821.4059668	Rhizosphere	Root-adjacent	42.59112599
9	56	842.390844	Rhizosphere	Root-adjacent	30.82082944
9	57	860.6206222	Rhizosphere	Root-adjacent	40.70742288
9	58	877.4648826	Rhizosphere	Root-adjacent	44.10420808
9	59	881.7022106	Rhizosphere	Root-adjacent	30.24569491
9	60	892.5102389	Rhizosphere	Root-adjacent	33.39012197
10	11	18.46178099	Rhizosphere	Root-adjacent	19.92244398
10	12	39.55566823	Rhizosphere	Root-adjacent	24.96257808
10	13	63.07950164	Rhizosphere	Root-adjacent	26.05052987
10	14	88.67257235	Rhizosphere	Root-adjacent	30.94475662
10	15	108.215277	Rhizosphere	Root-adjacent	28.50143495
10	16	124.2787891	Rhizosphere	Root-adjacent	20.97011575
10	17	145.5897721	Rhizosphere	Root-adjacent	29.22183409
10	18	169.3101221	Rhizosphere	Root-adjacent	19.75604394
10	19	191.0031459	Rhizosphere	Root-adjacent	27.1455856
10	20	211.1539349	Rhizosphere	Root-adjacent	18.35991448
10	21	218.268899	Rhizosphere	Root-adjacent	24.09449085
10	22	235.9036556	Rhizosphere	Root-adjacent	27.97744597
10	23	251.4816431	Rhizosphere	Root-adjacent	21.54990457
10	24	265.473637	Rhizosphere	Root-adjacent	23.57101691
10	25	271.2081081	Rhizosphere	Root-adjacent	30.86793566
10	26	285.2019186	Rhizosphere	Root-adjacent	23.32820938
10	27	298.6863196	Rhizosphere	Root-adjacent	30.70536744
10	28	317.4610872	Rhizosphere	Root-adjacent	20.80688706
10	29	337.6848154	Rhizosphere	Root-adjacent	17.55652625
10	30	349.6504771	Rhizosphere	Root-adjacent	28.55939951
10	31	371.3281088	Rhizosphere	Root-adjacent	27.89094643
10	32	392.1527109	Rhizosphere	Root-adjacent	25.04381836
10	33	413.6187622	Rhizosphere	Root-adjacent	24.14690883
10	34	435.8784205	Rhizosphere	Root-adjacent	29.2448638
10	35	458.3991498	Rhizosphere	Root-adjacent	27.50972474
10	36	501.9197138	Rhizosphere	Root-adjacent	33.73169905
10	37	523.0682514	Rhizosphere	Root-adjacent	26.51126459
10	38	525.8188275	Rhizosphere	Root-adjacent	26.30812521
10	39	550.177693	Rhizosphere	Root-adjacent	25.5418299
10	40	574.3405649	Rhizosphere	Root-adjacent	20.843423
10	41	586.4686502	Rhizosphere	Root-adjacent	38.094603
10	42	605.0075998	Rhizosphere	Root-adjacent	23.83968782
10	43	615.526991	Rhizosphere	Root-adjacent	24.3722626
10	44	634.5898694	Rhizosphere	Root-adjacent	22.11463364
10	45	640.373121	Rhizosphere	Root-adjacent	29.29356052
10	46	660.8205203	Rhizosphere	Root-adjacent	37.60919122
10	47	681.0697108	Rhizosphere	Root-adjacent	24.32466414
10	48	704.7595704	Rhizosphere	Root-adjacent	26.13464364
10	49	726.2201715	Rhizosphere	Root-adjacent	24.11597369
10	50	740.4325645	Rhizosphere	Root-adjacent	26.10502281
10	51	749.9440007	Rhizosphere	Root-adjacent	35.26232503
10	52	759.9473779	Rhizosphere	Root-adjacent	45.34543165
10	53	778.8497102	Rhizosphere	Root-adjacent	27.33635614
10	54	801.3060327	Rhizosphere	Root-adjacent	37.10797431
10	55	805.0148477	Rhizosphere	Root-adjacent	38.48582068
10	56	825.9642706	Rhizosphere	Root-adjacent	28.04391362
10	57	844.1639632	Rhizosphere	Root-adjacent	36.0438718
10	58	860.987051	Rhizosphere	Root-adjacent	40.31805988
10	59	865.221257	Rhizosphere	Root-adjacent	27.65724061
10	60	876.0364136	Rhizosphere	Root-adjacent	29.07084452
11	12	21.09937133	Rhizosphere	Root-adjacent	15.37384894
11	13	44.64839931	Rhizosphere	Root-adjacent	19.45968589
11	14	70.25058267	Rhizosphere	Root-adjacent	38.3204988
11	15	89.7874755	Rhizosphere	Root-adjacent	31.6300525
11	16	105.8523356	Rhizosphere	Root-adjacent	23.41417295
11	17	127.1567155	Rhizosphere	Root-adjacent	29.11546268
11	18	150.8877641	Rhizosphere	Root-adjacent	20.21183341
11	19	172.6171104	Rhizosphere	Root-adjacent	27.81415339
11	20	192.7809334	Rhizosphere	Root-adjacent	18.40870667
11	21	199.9128197	Rhizosphere	Root-adjacent	22.38109698
11	22	217.5887317	Rhizosphere	Root-adjacent	20.67586462
11	23	233.2053677	Rhizosphere	Root-adjacent	19.76202853
11	24	247.2066645	Rhizosphere	Root-adjacent	25.41631876
11	25	252.9326917	Rhizosphere	Root-adjacent	30.57679358
11	26	266.9407567	Rhizosphere	Root-adjacent	25.96608386
11	27	280.4474928	Rhizosphere	Root-adjacent	32.91142677
11	28	299.2115309	Rhizosphere	Root-adjacent	23.25129608
11	29	319.4003778	Rhizosphere	Root-adjacent	21.58677935
11	30	331.3486982	Rhizosphere	Root-adjacent	27.34824061
11	31	353.0055599	Rhizosphere	Root-adjacent	30.64429575
11	32	373.8084128	Rhizosphere	Root-adjacent	26.74916476
11	33	395.250896	Rhizosphere	Root-adjacent	30.2470397
11	34	417.5000295	Rhizosphere	Root-adjacent	29.50876449
11	35	440.0118103	Rhizosphere	Root-adjacent	29.59785026
11	36	483.5180195	Rhizosphere	Root-adjacent	38.49832969
11	37	504.662818	Rhizosphere	Root-adjacent	29.20037344
11	38	507.4138399	Rhizosphere	Root-adjacent	26.93539683
11	39	531.772917	Rhizosphere	Root-adjacent	30.24466148
11	40	555.932581	Rhizosphere	Root-adjacent	23.21529778
11	41	568.0523607	Rhizosphere	Root-adjacent	42.42161637
11	42	586.5864832	Rhizosphere	Root-adjacent	27.63394759
11	43	597.1042005	Rhizosphere	Root-adjacent	25.894069
11	44	616.1597813	Rhizosphere	Root-adjacent	25.92841105
11	45	621.9402235	Rhizosphere	Root-adjacent	34.14283722
11	46	642.3799373	Rhizosphere	Root-adjacent	36.56973085
11	47	662.6227633	Rhizosphere	Root-adjacent	24.80451224
11	48	686.3111895	Rhizosphere	Root-adjacent	30.27749143
11	49	707.7766902	Rhizosphere	Root-adjacent	27.6921926
11	50	721.9952454	Rhizosphere	Root-adjacent	25.60649533
11	51	731.5175416	Rhizosphere	Root-adjacent	41.30963429
11	52	741.5227783	Rhizosphere	Root-adjacent	50.89894158
11	53	760.4231665	Rhizosphere	Root-adjacent	31.29318361
11	54	782.8840609	Rhizosphere	Root-adjacent	41.36732754
11	55	786.5887116	Rhizosphere	Root-adjacent	43.97964195
11	56	807.5217382	Rhizosphere	Root-adjacent	35.62544268
11	57	825.7104011	Rhizosphere	Root-adjacent	43.95450639
11	58	842.5280086	Rhizosphere	Root-adjacent	44.84888556
11	59	846.7616162	Rhizosphere	Root-adjacent	32.47461203
11	60	857.5782167	Rhizosphere	Root-adjacent	35.26115937
12	13	23.57375183	Rhizosphere	Root-adjacent	23.75011268
12	14	49.17582743	Rhizosphere	Root-adjacent	44.52577749
12	15	68.70334618	Rhizosphere	Root-adjacent	37.70967698
12	16	84.76790189	Rhizosphere	Root-adjacent	30.16179861
12	17	106.0661091	Rhizosphere	Root-adjacent	31.46515938
12	18	129.8041683	Rhizosphere	Root-adjacent	23.65315686
12	19	151.5638529	Rhizosphere	Root-adjacent	28.86315715
12	20	171.7384482	Rhizosphere	Root-adjacent	22.85695725
12	21	178.8860944	Rhizosphere	Root-adjacent	25.35950685
12	22	196.6016028	Rhizosphere	Root-adjacent	20.41133883
12	23	212.2565101	Rhizosphere	Root-adjacent	23.18019746
12	24	226.2658596	Rhizosphere	Root-adjacent	26.50273607
12	25	231.9824693	Rhizosphere	Root-adjacent	33.33568516
12	26	246.0038473	Rhizosphere	Root-adjacent	28.25444403
12	27	259.5324234	Rhizosphere	Root-adjacent	36.21815229
12	28	278.2835823	Rhizosphere	Root-adjacent	30.14506917
12	29	298.4357457	Rhizosphere	Root-adjacent	25.4183437
12	30	310.3663943	Rhizosphere	Root-adjacent	29.38338141
12	31	332.0024838	Rhizosphere	Root-adjacent	35.40425298
12	32	352.7846231	Rhizosphere	Root-adjacent	30.79436225
12	33	374.2058871	Rhizosphere	Root-adjacent	34.66474485
12	34	396.4458431	Rhizosphere	Root-adjacent	32.91583752
12	35	418.9501142	Rhizosphere	Root-adjacent	35.00059548
12	36	462.4449667	Rhizosphere	Root-adjacent	44.3297342
12	37	483.5869305	Rhizosphere	Root-adjacent	33.75815519
12	38	486.3382597	Rhizosphere	Root-adjacent	30.28250273
12	39	510.6973758	Rhizosphere	Root-adjacent	35.14450762
12	40	534.8546676	Rhizosphere	Root-adjacent	26.40576387
12	41	546.9687839	Rhizosphere	Root-adjacent	48.55853122
12	42	565.4997938	Rhizosphere	Root-adjacent	33.2065328
12	43	576.0164674	Rhizosphere	Root-adjacent	30.81908526
12	44	595.0678498	Rhizosphere	Root-adjacent	29.25616941
12	45	600.8468275	Rhizosphere	Root-adjacent	39.82995099
12	46	621.2830971	Rhizosphere	Root-adjacent	41.21641611
12	47	641.5239676	Rhizosphere	Root-adjacent	27.92905538
12	48	665.2121166	Rhizosphere	Root-adjacent	35.83641427
12	49	686.6788147	Rhizosphere	Root-adjacent	30.98483428
12	50	700.8996992	Rhizosphere	Root-adjacent	28.22188834
12	51	710.4274748	Rhizosphere	Root-adjacent	46.46027184
12	52	720.4337642	Rhizosphere	Root-adjacent	56.52559684
12	53	739.3330232	Rhizosphere	Root-adjacent	36.17643125
12	54	761.7965493	Rhizosphere	Root-adjacent	46.67835007
12	55	765.4987731	Rhizosphere	Root-adjacent	49.9561523
12	56	786.4241447	Rhizosphere	Root-adjacent	39.91078327
12	57	804.611141	Rhizosphere	Root-adjacent	49.58830708
12	58	821.4313948	Rhizosphere	Root-adjacent	50.6295994
12	59	825.6657441	Rhizosphere	Root-adjacent	36.51285513
12	60	836.4808049	Rhizosphere	Root-adjacent	40.70944997
13	14	25.60386759	Rhizosphere	Root-adjacent	37.16911176
13	15	45.13923986	Rhizosphere	Root-adjacent	31.1689887
13	16	61.20402268	Rhizosphere	Root-adjacent	22.81785959
13	17	82.51100679	Rhizosphere	Root-adjacent	33.29775519
13	18	106.2393802	Rhizosphere	Root-adjacent	26.36897439
13	19	127.9903168	Rhizosphere	Root-adjacent	32.67710919
13	20	148.1664042	Rhizosphere	Root-adjacent	23.78207353
13	21	155.318395	Rhizosphere	Root-adjacent	25.54257799
13	22	173.0513985	Rhizosphere	Root-adjacent	25.47934598
13	23	188.7283625	Rhizosphere	Root-adjacent	25.0710812
13	24	202.7420297	Rhizosphere	Root-adjacent	31.32928671
13	25	208.4522431	Rhizosphere	Root-adjacent	34.74697372
13	26	222.4813759	Rhizosphere	Root-adjacent	30.83592958
13	27	236.0237727	Rhizosphere	Root-adjacent	34.12739017
13	28	254.7653042	Rhizosphere	Root-adjacent	24.08071178
13	29	274.8944276	Rhizosphere	Root-adjacent	26.46178893
13	30	286.8154211	Rhizosphere	Root-adjacent	33.45158813
13	31	308.4416554	Rhizosphere	Root-adjacent	33.37394194
13	32	329.216187	Rhizosphere	Root-adjacent	30.01235984
13	33	350.6327783	Rhizosphere	Root-adjacent	33.29249802
13	34	372.8720948	Rhizosphere	Root-adjacent	33.6990605
13	35	395.3767253	Rhizosphere	Root-adjacent	30.46340813
13	36	438.8742242	Rhizosphere	Root-adjacent	37.87718689
13	37	460.0173927	Rhizosphere	Root-adjacent	32.89417569
13	38	462.7685809	Rhizosphere	Root-adjacent	29.88602999
13	39	487.1276908	Rhizosphere	Root-adjacent	32.14016698
13	40	511.2861789	Rhizosphere	Root-adjacent	27.15641138
13	41	523.4041515	Rhizosphere	Root-adjacent	43.91207014
13	42	541.9381145	Rhizosphere	Root-adjacent	30.72698749
13	43	552.4559575	Rhizosphere	Root-adjacent	30.12682048
13	44	571.5133623	Rhizosphere	Root-adjacent	30.5774103
13	45	577.2951595	Rhizosphere	Root-adjacent	33.98611025
13	46	597.7410728	Rhizosphere	Root-adjacent	36.9561134
13	47	617.9929969	Rhizosphere	Root-adjacent	28.69975058
13	48	641.6841822	Rhizosphere	Root-adjacent	32.70203675
13	49	663.1413816	Rhizosphere	Root-adjacent	28.99642272
13	50	677.3532517	Rhizosphere	Root-adjacent	28.98554038
13	51	686.8699702	Rhizosphere	Root-adjacent	40.93072245
13	52	696.8748149	Rhizosphere	Root-adjacent	49.73766941
13	53	715.7756226	Rhizosphere	Root-adjacent	30.54215846
13	54	738.2357653	Rhizosphere	Root-adjacent	41.82733162
13	55	741.9410731	Rhizosphere	Root-adjacent	45.58566581
13	56	762.8851505	Rhizosphere	Root-adjacent	39.79938157
13	57	781.0967482	Rhizosphere	Root-adjacent	44.12344356
13	58	797.9412271	Rhizosphere	Root-adjacent	45.35546689
13	59	802.179781	Rhizosphere	Root-adjacent	34.96628665
13	60	812.9854959	Rhizosphere	Root-adjacent	37.45411143
14	15	19.54517492	Rhizosphere	Root-adjacent	24.19320744
14	16	35.60649563	Rhizosphere	Root-adjacent	27.12812722
14	17	56.92170595	Rhizosphere	Root-adjacent	34.90445992
14	18	80.63853914	Rhizosphere	Root-adjacent	35.63762599
14	19	102.3940149	Rhizosphere	Root-adjacent	38.30334323
14	20	122.5765081	Rhizosphere	Root-adjacent	34.57567537
14	21	129.7408044	Rhizosphere	Root-adjacent	34.20350744
14	22	147.5104598	Rhizosphere	Root-adjacent	45.12060309
14	23	163.2266093	Rhizosphere	Root-adjacent	34.46904114
14	24	177.2460727	Rhizosphere	Root-adjacent	38.29000963
14	25	182.9445454	Rhizosphere	Root-adjacent	36.76590327
14	26	196.985567	Rhizosphere	Root-adjacent	32.52986623
14	27	210.549485	Rhizosphere	Root-adjacent	30.2659994
14	28	229.2735814	Rhizosphere	Root-adjacent	25.49946701
14	29	249.3631989	Rhizosphere	Root-adjacent	32.15449051
14	30	261.267008	Rhizosphere	Root-adjacent	38.45102407
14	31	282.8747245	Rhizosphere	Root-adjacent	28.25237145
14	32	303.6335082	Rhizosphere	Root-adjacent	32.88140572
14	33	325.0373485	Rhizosphere	Root-adjacent	31.24098156
14	34	347.2725101	Rhizosphere	Root-adjacent	33.33966437
14	35	369.7746293	Rhizosphere	Root-adjacent	27.42258988
14	36	413.270363	Rhizosphere	Root-adjacent	26.43416799
14	37	434.4135967	Rhizosphere	Root-adjacent	32.69414693
14	38	437.1647658	Rhizosphere	Root-adjacent	32.48645338
14	39	461.5238736	Rhizosphere	Root-adjacent	26.62990511
14	40	485.6825872	Rhizosphere	Root-adjacent	38.61220352
14	41	497.8020171	Rhizosphere	Root-adjacent	38.13703719
14	42	516.337519	Rhizosphere	Root-adjacent	29.63503099
14	43	526.8560329	Rhizosphere	Root-adjacent	31.17598034
14	44	545.9173218	Rhizosphere	Root-adjacent	35.06042661
14	45	551.7011112	Rhizosphere	Root-adjacent	33.53398736
14	46	572.1543568	Rhizosphere	Root-adjacent	39.64048555
14	47	592.4153391	Rhizosphere	Root-adjacent	38.35125557
14	48	616.1090203	Rhizosphere	Root-adjacent	36.48766409
14	49	637.5581883	Rhizosphere	Root-adjacent	38.69323586
14	50	651.762902	Rhizosphere	Root-adjacent	37.80348034
14	51	661.2717851	Rhizosphere	Root-adjacent	37.94777203
14	52	671.2757175	Rhizosphere	Root-adjacent	44.40241288
14	53	690.177481	Rhizosphere	Root-adjacent	32.63470464
14	54	712.6355554	Rhizosphere	Root-adjacent	39.68807451
14	55	716.3427224	Rhizosphere	Root-adjacent	40.324215
14	56	737.3004626	Rhizosphere	Root-adjacent	34.40293554
14	57	755.5328404	Rhizosphere	Root-adjacent	36.44868914
14	58	772.3991771	Rhizosphere	Root-adjacent	40.28600867
14	59	776.6416063	Rhizosphere	Root-adjacent	33.88794789
14	60	787.4386383	Rhizosphere	Root-adjacent	37.02494826
15	16	16.06491343	Rhizosphere	Root-adjacent	20.81832962
15	17	37.37656191	Rhizosphere	Root-adjacent	29.68539914
15	18	61.10104869	Rhizosphere	Root-adjacent	32.73265624
15	19	82.9066985	Rhizosphere	Root-adjacent	34.67249072
15	20	103.1027007	Rhizosphere	Root-adjacent	30.31726209
15	21	110.2921355	Rhizosphere	Root-adjacent	28.21525917
15	22	128.1219218	Rhizosphere	Root-adjacent	40.07449907
15	23	143.8928052	Rhizosphere	Root-adjacent	32.1298567
15	24	157.9166103	Rhizosphere	Root-adjacent	33.29611666
15	25	163.597238	Rhizosphere	Root-adjacent	32.98150861
15	26	177.6517955	Rhizosphere	Root-adjacent	29.64362022
15	27	191.2417427	Rhizosphere	Root-adjacent	30.01747855
15	28	209.9396524	Rhizosphere	Root-adjacent	21.70435005
15	29	229.9734721	Rhizosphere	Root-adjacent	27.8724694
15	30	241.8518872	Rhizosphere	Root-adjacent	29.97059856
15	31	263.430593	Rhizosphere	Root-adjacent	25.58393642
15	32	284.162725	Rhizosphere	Root-adjacent	28.44333802
15	33	305.5412583	Rhizosphere	Root-adjacent	26.3227694
15	34	327.7658673	Rhizosphere	Root-adjacent	26.87500395
15	35	350.2597805	Rhizosphere	Root-adjacent	19.98732773
15	36	393.7439634	Rhizosphere	Root-adjacent	26.77863341
15	37	414.8844858	Rhizosphere	Root-adjacent	29.23327448
15	38	417.6359351	Rhizosphere	Root-adjacent	27.06667537
15	39	441.9950399	Rhizosphere	Root-adjacent	23.71104929
15	40	466.1515729	Rhizosphere	Root-adjacent	32.75645782
15	41	478.2660738	Rhizosphere	Root-adjacent	32.13037835
15	42	496.7990412	Rhizosphere	Root-adjacent	24.68908473
15	43	507.3167457	Rhizosphere	Root-adjacent	25.44505521
15	44	526.374993	Rhizosphere	Root-adjacent	29.28507266
15	45	532.1578452	Rhizosphere	Root-adjacent	28.64017132
15	46	552.6094	Rhizosphere	Root-adjacent	35.39374292
15	47	572.8703391	Rhizosphere	Root-adjacent	34.43973743
15	48	596.5642425	Rhizosphere	Root-adjacent	33.19535252
15	49	618.0130249	Rhizosphere	Root-adjacent	35.10482476
15	50	632.2185303	Rhizosphere	Root-adjacent	30.25803672
15	51	641.7308772	Rhizosphere	Root-adjacent	33.49620726
15	52	651.7355882	Rhizosphere	Root-adjacent	40.31512792
15	53	670.6365407	Rhizosphere	Root-adjacent	30.01323386
15	54	693.0965869	Rhizosphere	Root-adjacent	34.963185
15	55	696.8019486	Rhizosphere	Root-adjacent	37.30885416
15	56	717.75536	Rhizosphere	Root-adjacent	36.680875
15	57	735.9898502	Rhizosphere	Root-adjacent	32.70293273
15	58	752.8621954	Rhizosphere	Root-adjacent	35.7443239
15	59	757.1059174	Rhizosphere	Root-adjacent	32.2411785
15	60	767.9001144	Rhizosphere	Root-adjacent	32.71233579
16	17	21.32142896	Rhizosphere	Root-adjacent	27.7520288
16	18	45.03628201	Rhizosphere	Root-adjacent	24.6251093
16	19	66.87414071	Rhizosphere	Root-adjacent	29.41254867
16	20	87.07756883	Rhizosphere	Root-adjacent	23.24333922
16	21	94.28630471	Rhizosphere	Root-adjacent	24.12761222
16	22	112.1628677	Rhizosphere	Root-adjacent	31.27493316
16	23	127.976443	Rhizosphere	Root-adjacent	25.24733288
16	24	142.0003687	Rhizosphere	Root-adjacent	28.82392572
16	25	147.6649079	Rhizosphere	Root-adjacent	30.63412754
16	26	161.7280063	Rhizosphere	Root-adjacent	26.54822846
16	27	175.3368793	Rhizosphere	Root-adjacent	27.62419384
16	28	194.0110409	Rhizosphere	Root-adjacent	17.29720828
16	29	213.9998944	Rhizosphere	Root-adjacent	22.8605458
16	30	225.8588548	Rhizosphere	Root-adjacent	29.43909001
16	31	247.4162096	Rhizosphere	Root-adjacent	26.56742344
16	32	268.1301865	Rhizosphere	Root-adjacent	27.153742
16	33	289.493183	Rhizosphere	Root-adjacent	26.97981872
16	34	311.71196	Rhizosphere	Root-adjacent	27.64523844
16	35	334.2018004	Rhizosphere	Root-adjacent	22.50599781
16	36	377.681292	Rhizosphere	Root-adjacent	27.61075832
16	37	398.8209722	Rhizosphere	Root-adjacent	26.19972619
16	38	401.5724988	Rhizosphere	Root-adjacent	26.85911277
16	39	425.9315881	Rhizosphere	Root-adjacent	24.40211284
16	40	450.0875439	Rhizosphere	Root-adjacent	26.7011927
16	41	462.201226	Rhizosphere	Root-adjacent	38.39693586
16	42	480.7341565	Rhizosphere	Root-adjacent	24.75345974
16	43	491.2519358	Rhizosphere	Root-adjacent	24.03880355
16	44	510.3111128	Rhizosphere	Root-adjacent	26.69457764
16	45	516.0946292	Rhizosphere	Root-adjacent	29.31079762
16	46	536.5491487	Rhizosphere	Root-adjacent	33.08689042
16	47	556.8143426	Rhizosphere	Root-adjacent	29.01937669
16	48	580.5094548	Rhizosphere	Root-adjacent	29.16973031
16	49	601.9543218	Rhizosphere	Root-adjacent	29.77608055
16	50	616.1567	Rhizosphere	Root-adjacent	27.17527226
16	51	625.666407	Rhizosphere	Root-adjacent	36.52192387
16	52	635.6709226	Rhizosphere	Root-adjacent	44.73495589
16	53	654.5720815	Rhizosphere	Root-adjacent	29.2720983
16	54	677.0317471	Rhizosphere	Root-adjacent	39.08694986
16	55	680.7374415	Rhizosphere	Root-adjacent	39.24735461
16	56	701.6959115	Rhizosphere	Root-adjacent	34.24207554
16	57	719.940613	Rhizosphere	Root-adjacent	36.90340443
16	58	736.8247663	Rhizosphere	Root-adjacent	40.79388055
16	59	741.0706399	Rhizosphere	Root-adjacent	31.75638198
16	60	751.8599804	Rhizosphere	Root-adjacent	32.8132779
17	18	23.76782633	Rhizosphere	Root-adjacent	25.7023974
17	19	45.76583084	Rhizosphere	Root-adjacent	21.03555189
17	20	65.96845614	Rhizosphere	Root-adjacent	26.67245264
17	21	73.23017549	Rhizosphere	Root-adjacent	21.6479304
17	22	91.21574297	Rhizosphere	Root-adjacent	33.15799058
17	23	107.1171773	Rhizosphere	Root-adjacent	24.85188205
17	24	121.1288027	Rhizosphere	Root-adjacent	25.14174752
17	25	126.752448	Rhizosphere	Root-adjacent	19.56058179
17	26	140.8262361	Rhizosphere	Root-adjacent	20.87348775
17	27	154.4691551	Rhizosphere	Root-adjacent	24.2402314
17	28	173.0841003	Rhizosphere	Root-adjacent	28.79189596
17	29	192.968826	Rhizosphere	Root-adjacent	25.95808732
17	30	204.7814511	Rhizosphere	Root-adjacent	23.26079957
17	31	226.2857997	Rhizosphere	Root-adjacent	20.98175182
17	32	246.9527539	Rhizosphere	Root-adjacent	25.79482257
17	33	268.271733	Rhizosphere	Root-adjacent	24.67289023
17	34	290.47154	Rhizosphere	Root-adjacent	18.18921437
17	35	312.9466011	Rhizosphere	Root-adjacent	24.58868559
17	36	356.4050692	Rhizosphere	Root-adjacent	30.58715224
17	37	377.5396338	Rhizosphere	Root-adjacent	21.05892183
17	38	380.2916363	Rhizosphere	Root-adjacent	21.17117016
17	39	404.6504777	Rhizosphere	Root-adjacent	21.44631068
17	40	428.8023184	Rhizosphere	Root-adjacent	31.9218253
17	41	440.9067528	Rhizosphere	Root-adjacent	42.14762747
17	42	459.4346039	Rhizosphere	Root-adjacent	26.43922178
17	43	469.9506893	Rhizosphere	Root-adjacent	20.1772077
17	44	489.00307	Rhizosphere	Root-adjacent	26.44482622
17	45	494.7841954	Rhizosphere	Root-adjacent	34.26949763
17	46	515.232975	Rhizosphere	Root-adjacent	30.88291683
17	47	535.494621	Rhizosphere	Root-adjacent	32.41718643
17	48	559.1891802	Rhizosphere	Root-adjacent	37.79083036
17	49	580.6364866	Rhizosphere	Root-adjacent	35.46603536
17	50	594.8429448	Rhizosphere	Root-adjacent	26.58690866
17	51	604.3614923	Rhizosphere	Root-adjacent	41.21614443
17	52	614.3676584	Rhizosphere	Root-adjacent	50.22882153
17	53	633.2670659	Rhizosphere	Root-adjacent	33.26276524
17	54	655.730804	Rhizosphere	Root-adjacent	43.68556407
17	55	659.4327601	Rhizosphere	Root-adjacent	44.1700602
17	56	680.3788043	Rhizosphere	Root-adjacent	35.56704618
17	57	698.61921	Rhizosphere	Root-adjacent	43.73146699
17	58	715.5051726	Rhizosphere	Root-adjacent	46.79139523
17	59	719.7517462	Rhizosphere	Root-adjacent	34.39068611
17	60	730.5396336	Rhizosphere	Root-adjacent	37.8946478
18	19	22.13349441	Rhizosphere	Root-adjacent	22.4995021
18	20	42.27977699	Rhizosphere	Root-adjacent	17.37231816
18	21	49.58121466	Rhizosphere	Root-adjacent	22.53743402
18	22	67.64626788	Rhizosphere	Root-adjacent	24.57971531
18	23	83.6113928	Rhizosphere	Root-adjacent	19.5833779
18	24	97.59494469	Rhizosphere	Root-adjacent	25.07831982
18	25	103.1771498	Rhizosphere	Root-adjacent	26.26962823
18	26	117.2506197	Rhizosphere	Root-adjacent	19.18761095
18	27	130.9143342	Rhizosphere	Root-adjacent	27.48504129
18	28	149.4738122	Rhizosphere	Root-adjacent	24.75974837
18	29	169.2812442	Rhizosphere	Root-adjacent	21.53781281
18	30	181.0652821	Rhizosphere	Root-adjacent	27.50894535
18	31	202.5425316	Rhizosphere	Root-adjacent	28.41893803
18	32	223.192559	Rhizosphere	Root-adjacent	27.79452364
18	33	244.504071	Rhizosphere	Root-adjacent	28.13590932
18	34	266.7043054	Rhizosphere	Root-adjacent	28.12570496
18	35	289.1819131	Rhizosphere	Root-adjacent	28.32705771
18	36	332.6487409	Rhizosphere	Root-adjacent	34.4414301
18	37	353.7865182	Rhizosphere	Root-adjacent	24.11049466
18	38	356.5382036	Rhizosphere	Root-adjacent	27.35972016
18	39	380.8972396	Rhizosphere	Root-adjacent	25.30881208
18	40	405.052075	Rhizosphere	Root-adjacent	23.95881195
18	41	417.1650509	Rhizosphere	Root-adjacent	40.66179901
18	42	435.6990569	Rhizosphere	Root-adjacent	25.39225107
18	43	446.2174988	Rhizosphere	Root-adjacent	24.06303779
18	44	465.2815524	Rhizosphere	Root-adjacent	21.55281081
18	45	471.0679606	Rhizosphere	Root-adjacent	29.70467953
18	46	491.5341538	Rhizosphere	Root-adjacent	32.40832837
18	47	511.8148914	Rhizosphere	Root-adjacent	23.84053873
18	48	535.5141484	Rhizosphere	Root-adjacent	28.88913841
18	49	556.9447898	Rhizosphere	Root-adjacent	24.34232608
18	50	571.135388	Rhizosphere	Root-adjacent	23.87655782
18	51	580.6339174	Rhizosphere	Root-adjacent	36.56932051
18	52	590.6373652	Rhizosphere	Root-adjacent	47.46459271
18	53	609.5396325	Rhizosphere	Root-adjacent	29.14778843
18	54	631.9970253	Rhizosphere	Root-adjacent	40.17361846
18	55	635.7047331	Rhizosphere	Root-adjacent	39.58570544
18	56	656.6832915	Rhizosphere	Root-adjacent	31.38642343
18	57	674.9635288	Rhizosphere	Root-adjacent	39.45536643
18	58	691.8870385	Rhizosphere	Root-adjacent	42.55960083
18	59	696.1399658	Rhizosphere	Root-adjacent	29.69287176
18	60	706.9131382	Rhizosphere	Root-adjacent	32.43787113
19	20	20.20846892	Rhizosphere	Root-adjacent	24.34518374
19	21	27.46835537	Rhizosphere	Root-adjacent	22.58450235
19	22	45.51298206	Rhizosphere	Root-adjacent	30.86692764
19	23	61.4810942	Rhizosphere	Root-adjacent	25.0136981
19	24	75.46155843	Rhizosphere	Root-adjacent	24.99591016
19	25	81.04587699	Rhizosphere	Root-adjacent	20.67117934
19	26	95.11990169	Rhizosphere	Root-adjacent	17.96860577
19	27	108.7817351	Rhizosphere	Root-adjacent	23.22636481
19	28	127.3518525	Rhizosphere	Root-adjacent	29.40044488
19	29	147.203233	Rhizosphere	Root-adjacent	25.71976996
19	30	159.019976	Rhizosphere	Root-adjacent	25.2891955
19	31	180.547795	Rhizosphere	Root-adjacent	26.06894479
19	32	201.2573058	Rhizosphere	Root-adjacent	29.65754102
19	33	222.6433534	Rhizosphere	Root-adjacent	29.54933105
19	34	244.8834097	Rhizosphere	Root-adjacent	24.35903355
19	35	267.3965795	Rhizosphere	Root-adjacent	29.0189276
19	36	310.9239638	Rhizosphere	Root-adjacent	33.28418221
19	37	332.0783202	Rhizosphere	Root-adjacent	21.07354661
19	38	334.8279977	Rhizosphere	Root-adjacent	24.52737508
19	39	359.186021	Rhizosphere	Root-adjacent	23.42524884
19	40	383.3547592	Rhizosphere	Root-adjacent	28.49266634
19	41	395.5065744	Rhizosphere	Root-adjacent	46.24538493
19	42	414.0646397	Rhizosphere	Root-adjacent	28.0862005
19	43	424.5915312	Rhizosphere	Root-adjacent	24.09967307
19	44	443.6967968	Rhizosphere	Root-adjacent	25.24943776
19	45	449.5007251	Rhizosphere	Root-adjacent	34.94768043
19	46	470.0203658	Rhizosphere	Root-adjacent	31.83464589
19	47	490.3545165	Rhizosphere	Root-adjacent	30.84092677
19	48	514.0648312	Rhizosphere	Root-adjacent	38.79146372
19	49	535.447417	Rhizosphere	Root-adjacent	34.59914984
19	50	549.5896958	Rhizosphere	Root-adjacent	27.26784084
19	51	559.021118	Rhizosphere	Root-adjacent	42.15882959
19	52	569.0142559	Rhizosphere	Root-adjacent	52.17297181
19	53	587.9261058	Rhizosphere	Root-adjacent	36.21752679
19	54	610.3592924	Rhizosphere	Root-adjacent	47.42062434
19	55	614.0880673	Rhizosphere	Root-adjacent	48.52147833
19	56	635.1696554	Rhizosphere	Root-adjacent	36.86425681
19	57	653.5562829	Rhizosphere	Root-adjacent	46.51455603
19	58	670.5692989	Rhizosphere	Root-adjacent	49.46686312
19	59	674.8365724	Rhizosphere	Root-adjacent	37.0009677
19	60	685.5751488	Rhizosphere	Root-adjacent	41.11246916
20	21	7.356684003	Rhizosphere	Root-adjacent	19.23015134
20	22	25.49726226	Rhizosphere	Root-adjacent	24.36053939
20	23	41.51945583	Rhizosphere	Root-adjacent	18.64606295
20	24	55.42597465	Rhizosphere	Root-adjacent	21.0545661
20	25	60.95247258	Rhizosphere	Root-adjacent	28.24643564
20	26	75.01737649	Rhizosphere	Root-adjacent	22.03068566
20	27	88.69385966	Rhizosphere	Root-adjacent	28.87252095
20	28	107.2082888	Rhizosphere	Root-adjacent	21.04606083
20	29	127.0071828	Rhizosphere	Root-adjacent	19.19555965
20	30	138.8135293	Rhizosphere	Root-adjacent	25.22469832
20	31	160.3405026	Rhizosphere	Root-adjacent	28.63441379
20	32	181.0607531	Rhizosphere	Root-adjacent	24.73853754
20	33	202.470018	Rhizosphere	Root-adjacent	25.46668043
20	34	224.7245801	Rhizosphere	Root-adjacent	26.64499804
20	35	247.2516244	Rhizosphere	Root-adjacent	28.77316158
20	36	290.8042183	Rhizosphere	Root-adjacent	34.77637356
20	37	311.9652979	Rhizosphere	Root-adjacent	24.49915786
20	38	314.7138513	Rhizosphere	Root-adjacent	25.19305266
20	39	339.0701385	Rhizosphere	Root-adjacent	24.83052864
20	40	363.2444224	Rhizosphere	Root-adjacent	20.96303749
20	41	375.4147532	Rhizosphere	Root-adjacent	41.19857466
20	42	393.9841202	Rhizosphere	Root-adjacent	25.05144253
20	43	404.5148539	Rhizosphere	Root-adjacent	22.4181625
20	44	423.640745	Rhizosphere	Root-adjacent	22.21927241
20	45	429.453743	Rhizosphere	Root-adjacent	32.13852744
20	46	450.001561	Rhizosphere	Root-adjacent	36.00083465
20	47	470.3647464	Rhizosphere	Root-adjacent	25.37065338
20	48	494.0801817	Rhizosphere	Root-adjacent	30.85941398
20	49	515.4347702	Rhizosphere	Root-adjacent	26.48475367
20	50	529.5502287	Rhizosphere	Root-adjacent	25.66155254
20	51	538.9464608	Rhizosphere	Root-adjacent	39.76702505
20	52	548.9341651	Rhizosphere	Root-adjacent	50.25385053
20	53	567.850352	Rhizosphere	Root-adjacent	29.49112355
20	54	590.2710434	Rhizosphere	Root-adjacent	40.7770138
20	55	594.0101462	Rhizosphere	Root-adjacent	42.41978374
20	56	615.1448373	Rhizosphere	Root-adjacent	32.22913496
20	57	633.5901807	Rhizosphere	Root-adjacent	41.5747315
20	58	650.6549014	Rhizosphere	Root-adjacent	44.48910016
20	59	654.9305772	Rhizosphere	Root-adjacent	30.53397764
20	60	665.6482403	Rhizosphere	Root-adjacent	33.24025572
21	22	18.14068718	Rhizosphere	Root-adjacent	27.60132313
21	23	34.16277717	Rhizosphere	Root-adjacent	20.68966826
21	24	48.0750067	Rhizosphere	Root-adjacent	20.29989692
21	25	53.614225	Rhizosphere	Root-adjacent	24.81804277
21	26	67.68311943	Rhizosphere	Root-adjacent	21.45473533
21	27	81.3559776	Rhizosphere	Root-adjacent	26.79078387
21	28	99.89279988	Rhizosphere	Root-adjacent	22.4020343
21	29	119.7403034	Rhizosphere	Root-adjacent	20.70956009
21	30	131.5746819	Rhizosphere	Root-adjacent	22.27813384
21	31	153.1390154	Rhizosphere	Root-adjacent	26.46745804
21	32	173.898594	Rhizosphere	Root-adjacent	23.05143271
21	33	195.353211	Rhizosphere	Root-adjacent	25.01775655
21	34	217.6288014	Rhizosphere	Root-adjacent	21.84606122
21	35	240.1736526	Rhizosphere	Root-adjacent	26.39236571
21	36	283.7550527	Rhizosphere	Root-adjacent	33.11022622
21	37	304.922849	Rhizosphere	Root-adjacent	25.79910944
21	38	307.6700066	Rhizosphere	Root-adjacent	21.89131365
21	39	332.0233377	Rhizosphere	Root-adjacent	24.10860656
21	40	356.2030033	Rhizosphere	Root-adjacent	25.15717749
21	41	368.3928937	Rhizosphere	Root-adjacent	39.56868842
21	42	386.9733049	Rhizosphere	Root-adjacent	26.17351245
21	43	397.5075859	Rhizosphere	Root-adjacent	19.42496114
21	44	416.6531158	Rhizosphere	Root-adjacent	22.60405931
21	45	422.4745483	Rhizosphere	Root-adjacent	34.11963021
21	46	443.047581	Rhizosphere	Root-adjacent	34.52668478
21	47	463.4355684	Rhizosphere	Root-adjacent	28.74941801
21	48	487.1546852	Rhizosphere	Root-adjacent	34.7926332
21	49	508.4844997	Rhizosphere	Root-adjacent	29.74940694
21	50	522.5755041	Rhizosphere	Root-adjacent	26.7133224
21	51	531.9380617	Rhizosphere	Root-adjacent	41.07602128
21	52	541.9201963	Rhizosphere	Root-adjacent	49.80716287
21	53	560.840389	Rhizosphere	Root-adjacent	30.41248975
21	54	583.2482178	Rhizosphere	Root-adjacent	40.61917251
21	55	586.9976459	Rhizosphere	Root-adjacent	43.01150006
21	56	608.1818309	Rhizosphere	Root-adjacent	33.66859075
21	57	626.6771041	Rhizosphere	Root-adjacent	43.5375908
21	58	643.7829199	Rhizosphere	Root-adjacent	44.18338391
21	59	648.0650457	Rhizosphere	Root-adjacent	30.82681726
21	60	658.7661716	Rhizosphere	Root-adjacent	35.55765752
22	23	16.02326066	Rhizosphere	Root-adjacent	23.72399347
22	24	29.9530649	Rhizosphere	Root-adjacent	29.37771351
22	25	35.53882991	Rhizosphere	Root-adjacent	33.6221487
22	26	49.61351309	Rhizosphere	Root-adjacent	30.64097453
22	27	63.26957197	Rhizosphere	Root-adjacent	37.75696303
22	28	81.87006894	Rhizosphere	Root-adjacent	32.38658313
22	29	101.8545314	Rhizosphere	Root-adjacent	27.8553158
22	30	113.7648201	Rhizosphere	Root-adjacent	32.17494968
22	31	135.4250738	Rhizosphere	Root-adjacent	37.08142458
22	32	156.2848656	Rhizosphere	Root-adjacent	32.28097779
22	33	177.8547097	Rhizosphere	Root-adjacent	36.16954692
22	34	200.1782421	Rhizosphere	Root-adjacent	35.23080841
22	35	222.7629001	Rhizosphere	Root-adjacent	35.81385483
22	36	266.4080104	Rhizosphere	Root-adjacent	45.48566938
22	37	287.5883528	Rhizosphere	Root-adjacent	35.0187641
22	38	290.3312451	Rhizosphere	Root-adjacent	33.47638465
22	39	314.6719428	Rhizosphere	Root-adjacent	36.34371647
22	40	338.8613645	Rhizosphere	Root-adjacent	29.38586534
22	41	351.099844	Rhizosphere	Root-adjacent	49.68617833
22	42	369.705848	Rhizosphere	Root-adjacent	35.63508601
22	43	380.2477111	Rhizosphere	Root-adjacent	31.68647305
22	44	399.4409818	Rhizosphere	Root-adjacent	30.27037587
22	45	405.283242	Rhizosphere	Root-adjacent	38.72607101
22	46	425.9180674	Rhizosphere	Root-adjacent	40.3248704
22	47	446.3667735	Rhizosphere	Root-adjacent	29.27759403
22	48	470.0924014	Rhizosphere	Root-adjacent	35.11629075
22	49	491.3569474	Rhizosphere	Root-adjacent	29.86609785
22	50	505.3845948	Rhizosphere	Root-adjacent	29.1676397
22	51	514.6610959	Rhizosphere	Root-adjacent	45.76744424
22	52	524.6283868	Rhizosphere	Root-adjacent	55.61117236
22	53	543.5573424	Rhizosphere	Root-adjacent	35.64486063
22	54	565.9312668	Rhizosphere	Root-adjacent	47.90528268
22	55	569.7064712	Rhizosphere	Root-adjacent	50.43700045
22	56	591.0139415	Rhizosphere	Root-adjacent	42.63128598
22	57	609.633664	Rhizosphere	Root-adjacent	49.86516971
22	58	626.8416915	Rhizosphere	Root-adjacent	50.88210615
22	59	631.1397364	Rhizosphere	Root-adjacent	38.92146001
22	60	641.7985161	Rhizosphere	Root-adjacent	39.81134075
23	24	14.0242776	Rhizosphere	Root-adjacent	24.51906052
23	25	19.7273337	Rhizosphere	Root-adjacent	27.59499133
23	26	33.7601838	Rhizosphere	Root-adjacent	21.55164343
23	27	47.36289525	Rhizosphere	Root-adjacent	28.06407064
23	28	66.0489273	Rhizosphere	Root-adjacent	23.65704802
23	29	86.20460537	Rhizosphere	Root-adjacent	22.12644183
23	30	98.20009253	Rhizosphere	Root-adjacent	27.5361791
23	31	119.9561902	Rhizosphere	Root-adjacent	27.51480006
23	32	140.9151513	Rhizosphere	Root-adjacent	25.93721952
23	33	162.5985386	Rhizosphere	Root-adjacent	28.23553011
23	34	184.9593377	Rhizosphere	Root-adjacent	26.72009698
23	35	207.5738709	Rhizosphere	Root-adjacent	27.48309733
23	36	251.2663627	Rhizosphere	Root-adjacent	34.87181004
23	37	272.4519264	Rhizosphere	Root-adjacent	25.52940047
23	38	275.1894483	Rhizosphere	Root-adjacent	25.38847868
23	39	299.5095825	Rhizosphere	Root-adjacent	26.3358104
23	40	323.7027049	Rhizosphere	Root-adjacent	25.13615041
23	41	335.9878125	Rhizosphere	Root-adjacent	41.22880671
23	42	354.6155289	Rhizosphere	Root-adjacent	25.84540394
23	43	365.1627939	Rhizosphere	Root-adjacent	23.11794423
23	44	384.4002118	Rhizosphere	Root-adjacent	23.82336175
23	45	390.2622076	Rhizosphere	Root-adjacent	31.61135004
23	46	410.9548104	Rhizosphere	Root-adjacent	33.58283601
23	47	431.4601018	Rhizosphere	Root-adjacent	23.73860336
23	48	455.188111	Rhizosphere	Root-adjacent	30.39604232
23	49	476.385013	Rhizosphere	Root-adjacent	27.21506832
23	50	490.3482956	Rhizosphere	Root-adjacent	24.74508871
23	51	499.5387334	Rhizosphere	Root-adjacent	39.41952995
23	52	509.490295	Rhizosphere	Root-adjacent	49.24252154
23	53	528.4259904	Rhizosphere	Root-adjacent	27.70935616
23	54	550.7644759	Rhizosphere	Root-adjacent	40.32207314
23	55	554.5647029	Rhizosphere	Root-adjacent	42.14462799
23	56	575.9910642	Rhizosphere	Root-adjacent	31.83216545
23	57	594.7303182	Rhizosphere	Root-adjacent	42.05676209
23	58	612.0358439	Rhizosphere	Root-adjacent	43.94023855
23	59	616.3488758	Rhizosphere	Root-adjacent	29.18734872
23	60	626.9656418	Rhizosphere	Root-adjacent	33.8915096
24	25	5.789648421	Rhizosphere	Root-adjacent	28.81856349
24	26	19.73976737	Rhizosphere	Root-adjacent	25.44300708
24	27	33.34236278	Rhizosphere	Root-adjacent	31.82851078
24	28	52.02759382	Rhizosphere	Root-adjacent	25.92327865
24	29	72.22918567	Rhizosphere	Root-adjacent	20.42102575
24	30	84.2566715	Rhizosphere	Root-adjacent	20.97965586
24	31	106.049335	Rhizosphere	Root-adjacent	29.61034237
24	32	127.0503138	Rhizosphere	Root-adjacent	23.06672094
24	33	148.7861367	Rhizosphere	Root-adjacent	23.29468814
24	34	171.1601018	Rhizosphere	Root-adjacent	24.13980564
24	35	193.7849345	Rhizosphere	Root-adjacent	30.87928577
24	36	237.4941814	Rhizosphere	Root-adjacent	38.19415504
24	37	258.679236	Rhizosphere	Root-adjacent	29.21064874
24	38	261.4135289	Rhizosphere	Root-adjacent	23.9690813
24	39	285.7198808	Rhizosphere	Root-adjacent	26.4959319
24	40	309.9124102	Rhizosphere	Root-adjacent	21.98224167
24	41	322.2205332	Rhizosphere	Root-adjacent	44.46437941
24	42	340.8579272	Rhizosphere	Root-adjacent	28.96523983
24	43	351.4071206	Rhizosphere	Root-adjacent	22.07289828
24	44	370.666333	Rhizosphere	Root-adjacent	23.27507633
24	45	376.5384171	Rhizosphere	Root-adjacent	37.25893584
24	46	397.2606674	Rhizosphere	Root-adjacent	41.30719659
24	47	417.795523	Rhizosphere	Root-adjacent	28.45174291
24	48	441.5231118	Rhizosphere	Root-adjacent	35.68378959
24	49	462.6817366	Rhizosphere	Root-adjacent	30.32182727
24	50	476.6100659	Rhizosphere	Root-adjacent	27.95149198
24	51	485.75585	Rhizosphere	Root-adjacent	43.49196074
24	52	495.6991318	Rhizosphere	Root-adjacent	53.56212313
24	53	514.6374829	Rhizosphere	Root-adjacent	33.88428058
24	54	536.9577097	Rhizosphere	Root-adjacent	44.41755835
24	55	540.7701248	Rhizosphere	Root-adjacent	46.0804625
24	56	562.2562297	Rhizosphere	Root-adjacent	33.70461745
24	57	581.0584716	Rhizosphere	Root-adjacent	47.08006908
24	58	598.4170723	Rhizosphere	Root-adjacent	48.03204016
24	59	602.7383188	Rhizosphere	Root-adjacent	33.96356308
24	60	613.3312101	Rhizosphere	Root-adjacent	36.21914782
25	26	14.07472519	Rhizosphere	Root-adjacent	20.37278696
25	27	27.74180794	Rhizosphere	Root-adjacent	22.98277237
25	28	46.34615601	Rhizosphere	Root-adjacent	30.32889762
25	29	66.48072339	Rhizosphere	Root-adjacent	29.21935142
25	30	78.49201184	Rhizosphere	Root-adjacent	27.96231357
25	31	100.2738153	Rhizosphere	Root-adjacent	24.14693953
25	32	121.2672779	Rhizosphere	Root-adjacent	30.98437092
25	33	142.9981783	Rhizosphere	Root-adjacent	28.88255244
25	34	165.3715532	Rhizosphere	Root-adjacent	23.30705423
25	35	187.9960281	Rhizosphere	Root-adjacent	27.74420259
25	36	231.7048493	Rhizosphere	Root-adjacent	30.87629835
25	37	252.8899438	Rhizosphere	Root-adjacent	22.22900238
25	38	255.6243266	Rhizosphere	Root-adjacent	26.85551443
25	39	279.9312046	Rhizosphere	Root-adjacent	23.68582502
25	40	304.1237954	Rhizosphere	Root-adjacent	33.62708419
25	41	316.4311722	Rhizosphere	Root-adjacent	44.18719945
25	42	335.0684008	Rhizosphere	Root-adjacent	29.30292676
25	43	345.6175723	Rhizosphere	Root-adjacent	24.6077778
25	44	364.8766957	Rhizosphere	Root-adjacent	28.58615772
25	45	370.7488565	Rhizosphere	Root-adjacent	35.40903678
25	46	391.4717219	Rhizosphere	Root-adjacent	28.0220414
25	47	412.0077101	Rhizosphere	Root-adjacent	35.18104772
25	48	435.7352487	Rhizosphere	Root-adjacent	40.35762082
25	49	456.8925001	Rhizosphere	Root-adjacent	37.7118244
25	50	470.8204181	Rhizosphere	Root-adjacent	30.35909795
25	51	479.9670742	Rhizosphere	Root-adjacent	41.73943539
25	52	489.9107238	Rhizosphere	Root-adjacent	49.89964259
25	53	508.8489613	Rhizosphere	Root-adjacent	37.83831001
25	54	531.1702082	Rhizosphere	Root-adjacent	46.81569339
25	55	534.9819124	Rhizosphere	Root-adjacent	45.80131135
25	56	556.4665816	Rhizosphere	Root-adjacent	37.49034317
25	57	575.2701896	Rhizosphere	Root-adjacent	45.43453077
25	58	592.6316727	Rhizosphere	Root-adjacent	48.23962387
25	59	596.9534821	Rhizosphere	Root-adjacent	36.3632228
25	60	607.5447991	Rhizosphere	Root-adjacent	41.81842017
26	27	13.6843732	Rhizosphere	Root-adjacent	18.9420423
26	28	32.28874554	Rhizosphere	Root-adjacent	23.54427675
26	29	52.5391666	Rhizosphere	Root-adjacent	22.20642162
26	30	64.61062396	Rhizosphere	Root-adjacent	27.11850363
26	31	86.44837782	Rhizosphere	Root-adjacent	23.71611518
26	32	107.5025466	Rhizosphere	Root-adjacent	28.30076316
26	33	129.3062346	Rhizosphere	Root-adjacent	25.91989601
26	34	151.6905791	Rhizosphere	Root-adjacent	23.32587974
26	35	174.323067	Rhizosphere	Root-adjacent	24.7815946
26	36	218.045556	Rhizosphere	Root-adjacent	29.10702297
26	37	239.2262423	Rhizosphere	Root-adjacent	19.05693183
26	38	241.9557485	Rhizosphere	Root-adjacent	23.69706423
26	39	266.2404048	Rhizosphere	Root-adjacent	20.37042229
26	40	290.4295457	Rhizosphere	Root-adjacent	25.51805072
26	41	302.7667453	Rhizosphere	Root-adjacent	41.15323126
26	42	321.4150836	Rhizosphere	Root-adjacent	24.14986964
26	43	331.9658539	Rhizosphere	Root-adjacent	22.50308185
26	44	351.252029	Rhizosphere	Root-adjacent	22.54538081
26	45	357.1368846	Rhizosphere	Root-adjacent	30.27188848
26	46	377.896458	Rhizosphere	Root-adjacent	29.49673385
26	47	398.4686631	Rhizosphere	Root-adjacent	27.78847922
26	48	422.1937934	Rhizosphere	Root-adjacent	33.63279494
26	49	443.3008304	Rhizosphere	Root-adjacent	30.61828754
26	50	457.1831502	Rhizosphere	Root-adjacent	25.84492826
26	51	466.2715494	Rhizosphere	Root-adjacent	36.93557559
26	52	476.2040075	Rhizosphere	Root-adjacent	46.70803305
26	53	495.1450294	Rhizosphere	Root-adjacent	31.16687878
26	54	517.4417379	Rhizosphere	Root-adjacent	41.49977266
26	55	521.2692291	Rhizosphere	Root-adjacent	41.94016661
26	56	542.8300313	Rhizosphere	Root-adjacent	31.16397542
26	57	561.7123686	Rhizosphere	Root-adjacent	40.30436713
26	58	579.1390902	Rhizosphere	Root-adjacent	44.08749928
26	59	583.4708493	Rhizosphere	Root-adjacent	31.08250879
26	60	594.032207	Rhizosphere	Root-adjacent	35.68526431
27	28	18.80383726	Rhizosphere	Root-adjacent	24.63847622
27	29	39.32077624	Rhizosphere	Root-adjacent	30.00105565
27	30	51.47880675	Rhizosphere	Root-adjacent	32.21614434
27	31	73.36701796	Rhizosphere	Root-adjacent	26.17701137
27	32	94.48913063	Rhizosphere	Root-adjacent	33.44281669
27	33	116.3802042	Rhizosphere	Root-adjacent	31.18401511
27	34	138.7599641	Rhizosphere	Root-adjacent	25.78862388
27	35	161.3884905	Rhizosphere	Root-adjacent	24.18307956
27	36	205.1094569	Rhizosphere	Root-adjacent	22.94939651
27	37	226.2767056	Rhizosphere	Root-adjacent	21.62086805
27	38	228.9986209	Rhizosphere	Root-adjacent	27.2131984
27	39	253.246069	Rhizosphere	Root-adjacent	21.03324304
27	40	277.4252815	Rhizosphere	Root-adjacent	32.82076871
27	41	289.8007779	Rhizosphere	Root-adjacent	45.41659165
27	42	308.4607549	Rhizosphere	Root-adjacent	27.30188915
27	43	319.0119243	Rhizosphere	Root-adjacent	27.06734737
27	44	338.3311692	Rhizosphere	Root-adjacent	28.50896987
27	45	344.2319398	Rhizosphere	Root-adjacent	33.36146298
27	46	365.0366696	Rhizosphere	Root-adjacent	28.86917768
27	47	385.6530192	Rhizosphere	Root-adjacent	33.96251513
27	48	409.3720818	Rhizosphere	Root-adjacent	39.16611714
27	49	430.4120454	Rhizosphere	Root-adjacent	36.60508615
27	50	444.2337342	Rhizosphere	Root-adjacent	31.81289133
27	51	453.2446252	Rhizosphere	Root-adjacent	40.7822546
27	52	463.1614932	Rhizosphere	Root-adjacent	49.85779387
27	53	482.1049765	Rhizosphere	Root-adjacent	36.49737649
27	54	504.3676789	Rhizosphere	Root-adjacent	46.52155194
27	55	508.2159974	Rhizosphere	Root-adjacent	46.72608071
27	56	529.8754399	Rhizosphere	Root-adjacent	35.92828966
27	57	548.8576497	Rhizosphere	Root-adjacent	43.28621805
27	58	566.365575	Rhizosphere	Root-adjacent	47.51105186
27	59	570.7095075	Rhizosphere	Root-adjacent	35.74127023
27	60	581.2326323	Rhizosphere	Root-adjacent	41.18857651
28	29	20.62885388	Rhizosphere	Root-adjacent	20.49155745
28	30	32.81070416	Rhizosphere	Root-adjacent	28.35328108
28	31	54.68853709	Rhizosphere	Root-adjacent	27.19547264
28	32	75.83109548	Rhizosphere	Root-adjacent	25.03964657
28	33	97.76171075	Rhizosphere	Root-adjacent	24.45014686
28	34	120.124848	Rhizosphere	Root-adjacent	25.5542783
28	35	142.741694	Rhizosphere	Root-adjacent	21.24847762
28	36	186.4504601	Rhizosphere	Root-adjacent	26.910439
28	37	207.6066118	Rhizosphere	Root-adjacent	25.89873123
28	38	210.3240275	Rhizosphere	Root-adjacent	24.56583324
28	39	234.5492957	Rhizosphere	Root-adjacent	22.64237902
28	40	258.7214602	Rhizosphere	Root-adjacent	23.52329157
28	41	271.1148975	Rhizosphere	Root-adjacent	37.81185872
28	42	289.7793218	Rhizosphere	Root-adjacent	22.61518184
28	43	300.3299227	Rhizosphere	Root-adjacent	22.56797789
28	44	319.6649783	Rhizosphere	Root-adjacent	23.48853608
28	45	325.5738208	Rhizosphere	Root-adjacent	29.74925509
28	46	346.4019288	Rhizosphere	Root-adjacent	34.20008354
28	47	367.0421307	Rhizosphere	Root-adjacent	27.93822252
28	48	390.7561446	Rhizosphere	Root-adjacent	28.98373915
28	49	411.7577388	Rhizosphere	Root-adjacent	28.48114542
28	50	425.5477305	Rhizosphere	Root-adjacent	28.27722716
28	51	434.522435	Rhizosphere	Root-adjacent	36.08825682
28	52	444.4324241	Rhizosphere	Root-adjacent	45.37629681
28	53	463.3765167	Rhizosphere	Root-adjacent	27.8844223
28	54	485.6250791	Rhizosphere	Root-adjacent	37.82338699
28	55	489.4815885	Rhizosphere	Root-adjacent	38.96469548
28	56	511.1844185	Rhizosphere	Root-adjacent	30.9649835
28	57	530.2173226	Rhizosphere	Root-adjacent	37.11320844
28	58	547.7705291	Rhizosphere	Root-adjacent	40.17419623
28	59	552.1214729	Rhizosphere	Root-adjacent	28.94553349
28	60	562.622043	Rhizosphere	Root-adjacent	33.01188697
29	30	12.18185078	Rhizosphere	Root-adjacent	23.77950529
29	31	34.06445806	Rhizosphere	Root-adjacent	26.32715765
29	32	55.20418283	Rhizosphere	Root-adjacent	19.01482358
29	33	77.13294015	Rhizosphere	Root-adjacent	21.44138665
29	34	99.49655883	Rhizosphere	Root-adjacent	24.64693678
29	35	122.1149775	Rhizosphere	Root-adjacent	25.01320801
29	36	165.8265196	Rhizosphere	Root-adjacent	34.15119
29	37	186.985657	Rhizosphere	Root-adjacent	26.36456726
29	38	189.7044264	Rhizosphere	Root-adjacent	22.16361235
29	39	213.9384673	Rhizosphere	Root-adjacent	23.43760734
29	40	238.1143165	Rhizosphere	Root-adjacent	19.92414732
29	41	250.4997161	Rhizosphere	Root-adjacent	38.02577244
29	42	269.1626171	Rhizosphere	Root-adjacent	24.32065507
29	43	279.71348	Rhizosphere	Root-adjacent	20.93043616
29	44	299.0437543	Rhizosphere	Root-adjacent	21.29707092
29	45	304.9506744	Rhizosphere	Root-adjacent	31.11945266
29	46	325.7749528	Rhizosphere	Root-adjacent	39.06120709
29	47	346.4134419	Rhizosphere	Root-adjacent	25.88369447
29	48	370.1276878	Rhizosphere	Root-adjacent	28.94834729
29	49	391.1340647	Rhizosphere	Root-adjacent	24.95025572
29	50	404.9332588	Rhizosphere	Root-adjacent	26.25527678
29	51	413.9271234	Rhizosphere	Root-adjacent	37.03604076
29	52	423.8422478	Rhizosphere	Root-adjacent	47.352969
29	53	442.7858842	Rhizosphere	Root-adjacent	26.99326019
29	54	465.0469043	Rhizosphere	Root-adjacent	37.59789851
29	55	468.8958468	Rhizosphere	Root-adjacent	39.52985845
29	56	490.5721541	Rhizosphere	Root-adjacent	29.16602475
29	57	509.5914241	Rhizosphere	Root-adjacent	38.84464853
29	58	527.1416823	Rhizosphere	Root-adjacent	40.95511543
29	59	531.4927371	Rhizosphere	Root-adjacent	28.22595857
29	60	541.9934589	Rhizosphere	Root-adjacent	29.99701694
30	31	21.8894665	Rhizosphere	Root-adjacent	26.15284168
30	32	43.02426216	Rhizosphere	Root-adjacent	21.62699776
30	33	64.95118118	Rhizosphere	Root-adjacent	23.5224636
30	34	87.3151267	Rhizosphere	Root-adjacent	17.63296569
30	35	109.9346899	Rhizosphere	Root-adjacent	27.14582377
30	36	153.6480798	Rhizosphere	Root-adjacent	36.82329355
30	37	174.8092088	Rhizosphere	Root-adjacent	27.59456624
30	38	177.5289007	Rhizosphere	Root-adjacent	21.72572513
30	39	201.7687863	Rhizosphere	Root-adjacent	23.94251406
30	40	225.9469244	Rhizosphere	Root-adjacent	26.2029863
30	41	238.3268748	Rhizosphere	Root-adjacent	41.18781051
30	42	256.988692	Rhizosphere	Root-adjacent	26.52733252
30	43	267.5396912	Rhizosphere	Root-adjacent	20.87414244
30	44	286.8667954	Rhizosphere	Root-adjacent	23.18234359
30	45	292.7724604	Rhizosphere	Root-adjacent	37.28099829
30	46	313.5942637	Rhizosphere	Root-adjacent	39.01171138
30	47	334.23168	Rhizosphere	Root-adjacent	29.7693985
30	48	357.9460646	Rhizosphere	Root-adjacent	37.4677527
30	49	378.9554332	Rhizosphere	Root-adjacent	34.44573534
30	50	392.7604362	Rhizosphere	Root-adjacent	25.49345454
30	51	401.7664306	Rhizosphere	Root-adjacent	43.72968204
30	52	411.6847705	Rhizosphere	Root-adjacent	53.28769027
30	53	430.6280394	Rhizosphere	Root-adjacent	34.57743868
30	54	452.8968212	Rhizosphere	Root-adjacent	43.42361591
30	55	456.7409821	Rhizosphere	Root-adjacent	47.34497148
30	56	478.4005863	Rhizosphere	Root-adjacent	37.7955723
30	57	497.4113561	Rhizosphere	Root-adjacent	45.31754063
30	58	514.9598405	Rhizosphere	Root-adjacent	46.87761782
30	59	519.310977	Rhizosphere	Root-adjacent	34.56982262
30	60	529.8117544	Rhizosphere	Root-adjacent	36.1501291
31	32	21.14528752	Rhizosphere	Root-adjacent	27.53511969
31	33	43.09677622	Rhizosphere	Root-adjacent	24.54988465
31	34	65.44158062	Rhizosphere	Root-adjacent	20.86424967
31	35	88.05375251	Rhizosphere	Root-adjacent	22.15052855
31	36	131.7624253	Rhizosphere	Root-adjacent	27.64360794
31	37	152.9212739	Rhizosphere	Root-adjacent	23.08339503
31	38	155.6403477	Rhizosphere	Root-adjacent	22.86161532
31	39	179.8795327	Rhizosphere	Root-adjacent	18.0808108
31	40	204.0582636	Rhizosphere	Root-adjacent	32.3292506
31	41	216.4374798	Rhizosphere	Root-adjacent	39.35122345
31	42	235.0995185	Rhizosphere	Root-adjacent	25.52748817
31	43	245.6504842	Rhizosphere	Root-adjacent	23.00731688
31	44	264.9793104	Rhizosphere	Root-adjacent	29.06390857
31	45	270.886384	Rhizosphere	Root-adjacent	32.066355
31	46	291.7138844	Rhizosphere	Root-adjacent	31.80591004
31	47	312.3591032	Rhizosphere	Root-adjacent	32.21621284
31	48	336.071414	Rhizosphere	Root-adjacent	35.84693826
31	49	357.0699468	Rhizosphere	Root-adjacent	35.72401974
31	50	370.8710588	Rhizosphere	Root-adjacent	28.8893924
31	51	379.8806998	Rhizosphere	Root-adjacent	38.04901687
31	52	389.8010672	Rhizosphere	Root-adjacent	45.75008326
31	53	408.7440541	Rhizosphere	Root-adjacent	31.11166171
31	54	431.0186428	Rhizosphere	Root-adjacent	41.16333258
31	55	434.8590419	Rhizosphere	Root-adjacent	44.04446482
31	56	456.5111205	Rhizosphere	Root-adjacent	36.131176
31	57	475.52879	Rhizosphere	Root-adjacent	38.73773717
31	58	493.0916054	Rhizosphere	Root-adjacent	43.74112166
31	59	497.4454426	Rhizosphere	Root-adjacent	34.3910097
31	60	507.9378393	Rhizosphere	Root-adjacent	35.7000418
32	33	21.96480859	Rhizosphere	Root-adjacent	20.07957685
32	34	44.29629329	Rhizosphere	Root-adjacent	21.14197667
32	35	66.91080805	Rhizosphere	Root-adjacent	26.67421531
32	36	110.6244017	Rhizosphere	Root-adjacent	35.40466403
32	37	131.7881764	Rhizosphere	Root-adjacent	29.09189485
32	38	134.5095473	Rhizosphere	Root-adjacent	19.48816599
32	39	158.762818	Rhizosphere	Root-adjacent	23.10816325
32	40	182.9463472	Rhizosphere	Root-adjacent	25.44880734
32	41	195.3123582	Rhizosphere	Root-adjacent	36.44504812
32	42	213.9716828	Rhizosphere	Root-adjacent	25.62319656
32	43	224.52287	Rhizosphere	Root-adjacent	18.52170391
32	44	243.8444803	Rhizosphere	Root-adjacent	23.51225059
32	45	249.748773	Rhizosphere	Root-adjacent	35.00719179
32	46	270.5709258	Rhizosphere	Root-adjacent	40.8874985
32	47	291.2139572	Rhizosphere	Root-adjacent	28.25144585
32	48	314.9265597	Rhizosphere	Root-adjacent	32.62635643
32	49	335.9314183	Rhizosphere	Root-adjacent	29.46946315
32	50	349.7448307	Rhizosphere	Root-adjacent	27.44616602
32	51	358.7800723	Rhizosphere	Root-adjacent	40.04384901
32	52	368.7070751	Rhizosphere	Root-adjacent	49.05081201
32	53	387.6490058	Rhizosphere	Root-adjacent	27.72173008
32	54	409.9393948	Rhizosphere	Root-adjacent	36.93042168
32	55	413.7698213	Rhizosphere	Root-adjacent	41.24377234
32	56	435.3871955	Rhizosphere	Root-adjacent	32.27186122
32	57	454.387285	Rhizosphere	Root-adjacent	42.40327054
32	58	471.9463258	Rhizosphere	Root-adjacent	41.33589237
32	59	476.3002992	Rhizosphere	Root-adjacent	29.70146382
32	60	486.7929065	Rhizosphere	Root-adjacent	31.17997791
33	34	22.38563103	Rhizosphere	Root-adjacent	20.45862489
33	35	45.01887979	Rhizosphere	Root-adjacent	25.96578771
33	36	88.74359868	Rhizosphere	Root-adjacent	31.76743432
33	37	109.9214312	Rhizosphere	Root-adjacent	25.45438199
33	38	112.6498758	Rhizosphere	Root-adjacent	20.869694
33	39	136.9385223	Rhizosphere	Root-adjacent	19.81501395
33	40	161.1298075	Rhizosphere	Root-adjacent	25.72023502
33	41	173.4607702	Rhizosphere	Root-adjacent	33.61282971
33	42	192.1110788	Rhizosphere	Root-adjacent	23.56621497
33	43	202.6621119	Rhizosphere	Root-adjacent	18.5965787
33	44	221.961786	Rhizosphere	Root-adjacent	21.85857003
33	45	227.8567846	Rhizosphere	Root-adjacent	31.56727284
33	46	248.6568093	Rhizosphere	Root-adjacent	39.66440852
33	47	269.2831572	Rhizosphere	Root-adjacent	30.74536348
33	48	292.9992133	Rhizosphere	Root-adjacent	34.05504362
33	49	314.0340782	Rhizosphere	Root-adjacent	31.11443906
33	50	327.8822741	Rhizosphere	Root-adjacent	29.15324906
33	51	336.9741465	Rhizosphere	Root-adjacent	36.66968063
33	52	346.9140225	Rhizosphere	Root-adjacent	44.91677615
33	53	365.8530792	Rhizosphere	Root-adjacent	29.15837443
33	54	388.1727614	Rhizosphere	Root-adjacent	36.4034784
33	55	391.9842298	Rhizosphere	Root-adjacent	38.79542538
33	56	413.5283512	Rhizosphere	Root-adjacent	30.99875304
33	57	432.4775172	Rhizosphere	Root-adjacent	37.82130712
33	58	450.0089933	Rhizosphere	Root-adjacent	40.43625349
33	59	454.3597998	Rhizosphere	Root-adjacent	31.03262381
33	60	464.8636983	Rhizosphere	Root-adjacent	30.55307047
34	35	22.63325521	Rhizosphere	Root-adjacent	21.98638858
34	36	66.35798701	Rhizosphere	Root-adjacent	29.82350969
34	37	87.53610931	Rhizosphere	Root-adjacent	23.13505082
34	38	90.26517138	Rhizosphere	Root-adjacent	18.38185383
34	39	114.5600011	Rhizosphere	Root-adjacent	18.52497563
34	40	138.7523457	Rhizosphere	Root-adjacent	29.00938063
34	41	151.0761721	Rhizosphere	Root-adjacent	38.85289702
34	42	169.7256521	Rhizosphere	Root-adjacent	25.02005474
34	43	180.2766499	Rhizosphere	Root-adjacent	17.96717292
34	44	199.5769864	Rhizosphere	Root-adjacent	23.40254866
34	45	205.4734358	Rhizosphere	Root-adjacent	34.4577733
34	46	226.2807895	Rhizosphere	Root-adjacent	33.4994289
34	47	246.9180072	Rhizosphere	Root-adjacent	31.36096032
34	48	270.6313386	Rhizosphere	Root-adjacent	37.6685784
34	49	291.6522443	Rhizosphere	Root-adjacent	35.96061842
34	50	305.496652	Rhizosphere	Root-adjacent	26.73092967
34	51	314.5962259	Rhizosphere	Root-adjacent	40.13176729
34	52	324.5392933	Rhizosphere	Root-adjacent	49.05603941
34	53	343.4774081	Rhizosphere	Root-adjacent	32.46668431
34	54	365.8055005	Rhizosphere	Root-adjacent	41.17681242
34	55	369.6111451	Rhizosphere	Root-adjacent	44.66831324
34	56	391.1427673	Rhizosphere	Root-adjacent	36.58407303
34	57	410.1000253	Rhizosphere	Root-adjacent	42.80895959
34	58	427.6500591	Rhizosphere	Root-adjacent	44.23544587
34	59	432.0043842	Rhizosphere	Root-adjacent	34.49347393
34	60	442.4974197	Rhizosphere	Root-adjacent	35.89433044
35	36	43.72484722	Rhizosphere	Root-adjacent	23.90888333
35	37	64.90320839	Rhizosphere	Root-adjacent	23.05918914
35	38	67.63316507	Rhizosphere	Root-adjacent	23.81296929
35	39	91.93663757	Rhizosphere	Root-adjacent	20.58392144
35	40	116.1297237	Rhizosphere	Root-adjacent	29.7219743
35	41	128.4440491	Rhizosphere	Root-adjacent	36.08342804
35	42	147.0925545	Rhizosphere	Root-adjacent	23.51391781
35	43	157.643515	Rhizosphere	Root-adjacent	22.18764662
35	44	176.9450489	Rhizosphere	Root-adjacent	25.0880709
35	45	182.8434804	Rhizosphere	Root-adjacent	25.18768063
35	46	203.6602412	Rhizosphere	Root-adjacent	28.62041318
35	47	224.3108198	Rhizosphere	Root-adjacent	28.55853582
35	48	248.0204038	Rhizosphere	Root-adjacent	30.56308566
35	49	269.023987	Rhizosphere	Root-adjacent	31.65948508
35	50	282.863397	Rhizosphere	Root-adjacent	25.21556891
35	51	291.9712727	Rhizosphere	Root-adjacent	30.88614861
35	52	301.9178769	Rhizosphere	Root-adjacent	39.51618737
35	53	320.8548506	Rhizosphere	Root-adjacent	26.71378705
35	54	343.1921895	Rhizosphere	Root-adjacent	35.83347481
35	55	346.9913439	Rhizosphere	Root-adjacent	39.03399911
35	56	368.5095251	Rhizosphere	Root-adjacent	33.10017882
35	57	387.4766794	Rhizosphere	Root-adjacent	33.35158535
35	58	405.0480902	Rhizosphere	Root-adjacent	36.35742479
35	59	409.4064121	Rhizosphere	Root-adjacent	29.83728275
35	60	419.8869302	Rhizosphere	Root-adjacent	31.94585451
36	37	21.18565168	Rhizosphere	Root-adjacent	25.98600358
36	38	23.9242849	Rhizosphere	Root-adjacent	30.88738035
36	39	48.26863668	Rhizosphere	Root-adjacent	23.20623312
36	40	72.45401278	Rhizosphere	Root-adjacent	38.70964199
36	41	84.72644414	Rhizosphere	Root-adjacent	40.34224286
36	42	103.3696702	Rhizosphere	Root-adjacent	26.27253958
36	43	113.920334	Rhizosphere	Root-adjacent	28.37837084
36	44	133.2218464	Rhizosphere	Root-adjacent	32.86581453
36	45	139.1244007	Rhizosphere	Root-adjacent	29.66830292
36	46	159.9628188	Rhizosphere	Root-adjacent	30.56202341
36	47	180.6444881	Rhizosphere	Root-adjacent	38.65939471
36	48	204.3433995	Rhizosphere	Root-adjacent	38.33018015
36	49	225.3075484	Rhizosphere	Root-adjacent	38.4051426
36	50	239.1389186	Rhizosphere	Root-adjacent	35.89177004
36	51	248.2728354	Rhizosphere	Root-adjacent	35.85352308
36	52	258.2289162	Rhizosphere	Root-adjacent	43.65948569
36	53	277.162343	Rhizosphere	Root-adjacent	34.90355604
36	54	299.5233337	Rhizosphere	Root-adjacent	41.36521172
36	55	303.3055628	Rhizosphere	Root-adjacent	41.08956776
36	56	324.7853072	Rhizosphere	Root-adjacent	37.1764373
36	57	343.7691495	Rhizosphere	Root-adjacent	35.97411962
36	58	361.3847404	Rhizosphere	Root-adjacent	40.94406428
36	59	365.7514227	Rhizosphere	Root-adjacent	34.52606084
36	60	376.2053567	Rhizosphere	Root-adjacent	38.79582915
37	38	2.755397126	Rhizosphere	Root-adjacent	23.48001193
37	39	27.11085604	Rhizosphere	Root-adjacent	19.08206226
37	40	51.28015433	Rhizosphere	Root-adjacent	28.2430922
37	41	63.54208181	Rhizosphere	Root-adjacent	41.62333077
37	42	82.18970587	Rhizosphere	Root-adjacent	23.94356881
37	43	92.74080671	Rhizosphere	Root-adjacent	21.58926958
37	44	112.058367	Rhizosphere	Root-adjacent	24.73149619
37	45	117.9707128	Rhizosphere	Root-adjacent	28.32299547
37	46	138.8403032	Rhizosphere	Root-adjacent	26.45105395
37	47	159.5551393	Rhizosphere	Root-adjacent	30.26921308
37	48	183.2401008	Rhizosphere	Root-adjacent	34.75805285
37	49	204.1552214	Rhizosphere	Root-adjacent	34.32633807
37	50	217.9620543	Rhizosphere	Root-adjacent	27.05488871
37	51	227.0875639	Rhizosphere	Root-adjacent	36.0133861
37	52	237.0448845	Rhizosphere	Root-adjacent	45.68419219
37	53	255.9777092	Rhizosphere	Root-adjacent	31.94963101
37	54	278.3433071	Rhizosphere	Root-adjacent	43.21490846
37	55	282.1219116	Rhizosphere	Root-adjacent	42.79663264
37	56	303.6074632	Rhizosphere	Root-adjacent	32.50992755
37	57	322.6266593	Rhizosphere	Root-adjacent	38.88471293
37	58	340.2864062	Rhizosphere	Root-adjacent	44.08890959
37	59	344.6604114	Rhizosphere	Root-adjacent	34.05897063
37	60	355.0896678	Rhizosphere	Root-adjacent	36.6862055
38	39	24.35911645	Rhizosphere	Root-adjacent	19.62031205
38	40	48.53352926	Rhizosphere	Root-adjacent	26.72119564
38	41	60.81100259	Rhizosphere	Root-adjacent	38.40864055
38	42	79.4635242	Rhizosphere	Root-adjacent	22.543689
38	43	90.01478054	Rhizosphere	Root-adjacent	18.71831812
38	44	109.3423573	Rhizosphere	Root-adjacent	23.13687827
38	45	115.2593742	Rhizosphere	Root-adjacent	32.62569852
38	46	136.1410481	Rhizosphere	Root-adjacent	34.84475128
38	47	156.8665877	Rhizosphere	Root-adjacent	29.30981756
38	48	180.546422	Rhizosphere	Root-adjacent	34.84581974
38	49	201.4430866	Rhizosphere	Root-adjacent	32.13583526
38	50	215.2369491	Rhizosphere	Root-adjacent	26.40241874
38	51	224.3493458	Rhizosphere	Root-adjacent	38.55872961
38	52	234.3046664	Rhizosphere	Root-adjacent	48.15789418
38	53	253.2382739	Rhizosphere	Root-adjacent	28.90514607
38	54	275.6000406	Rhizosphere	Root-adjacent	38.98798872
38	55	279.3812786	Rhizosphere	Root-adjacent	42.8009564
38	56	300.8814022	Rhizosphere	Root-adjacent	33.72931789
38	57	319.9177729	Rhizosphere	Root-adjacent	41.37220098
38	58	337.5925612	Rhizosphere	Root-adjacent	42.52770636
38	59	341.9687962	Rhizosphere	Root-adjacent	30.69492977
38	60	352.3901673	Rhizosphere	Root-adjacent	34.15734398
39	40	24.19314196	Rhizosphere	Root-adjacent	27.32739255
39	41	36.58672122	Rhizosphere	Root-adjacent	36.54348261
39	42	55.25888206	Rhizosphere	Root-adjacent	19.96559161
39	43	65.80289318	Rhizosphere	Root-adjacent	18.00428382
39	44	85.19734969	Rhizosphere	Root-adjacent	21.18868794
39	45	91.14796328	Rhizosphere	Root-adjacent	28.25026951
39	46	112.1139883	Rhizosphere	Root-adjacent	30.98838111
39	47	132.9141355	Rhizosphere	Root-adjacent	29.43379751
39	48	156.5433642	Rhizosphere	Root-adjacent	34.39045631
39	49	177.2975483	Rhizosphere	Root-adjacent	31.77369478
39	50	191.0016351	Rhizosphere	Root-adjacent	26.20455032
39	51	200.0362386	Rhizosphere	Root-adjacent	34.63720871
39	52	209.981258	Rhizosphere	Root-adjacent	44.17061412
39	53	228.9183046	Rhizosphere	Root-adjacent	28.89134662
39	54	251.2622661	Rhizosphere	Root-adjacent	38.01228291
39	55	255.0551238	Rhizosphere	Root-adjacent	40.7996011
39	56	276.6352108	Rhizosphere	Root-adjacent	30.88469438
39	57	295.782488	Rhizosphere	Root-adjacent	36.55879871
39	58	313.5613462	Rhizosphere	Root-adjacent	40.95686176
39	59	317.9532212	Rhizosphere	Root-adjacent	30.67317628
39	60	328.3177058	Rhizosphere	Root-adjacent	32.12446342
40	41	12.62147233	Rhizosphere	Root-adjacent	42.33329096
40	42	31.20192675	Rhizosphere	Root-adjacent	27.80727724
40	43	41.71202583	Rhizosphere	Root-adjacent	25.13689203
40	44	61.1559411	Rhizosphere	Root-adjacent	20.39348849
40	45	67.13621281	Rhizosphere	Root-adjacent	32.66632221
40	46	88.16802234	Rhizosphere	Root-adjacent	41.12785403
40	47	109.0242035	Rhizosphere	Root-adjacent	23.64120809
40	48	132.5856361	Rhizosphere	Root-adjacent	29.78014273
40	49	153.207318	Rhizosphere	Root-adjacent	25.83333164
40	50	166.845272	Rhizosphere	Root-adjacent	25.75038338
40	51	175.8443519	Rhizosphere	Root-adjacent	39.03516482
40	52	185.7881533	Rhizosphere	Root-adjacent	49.78031572
40	53	204.7253885	Rhizosphere	Root-adjacent	29.74313182
40	54	227.0709592	Rhizosphere	Root-adjacent	41.07375122
40	55	230.861998	Rhizosphere	Root-adjacent	42.84654988
40	56	252.4688087	Rhizosphere	Root-adjacent	33.1167345
40	57	271.6857437	Rhizosphere	Root-adjacent	41.9856004
40	58	289.5411494	Rhizosphere	Root-adjacent	44.20067812
40	59	293.9448542	Rhizosphere	Root-adjacent	33.06733756
40	60	304.2645246	Rhizosphere	Root-adjacent	31.96734583
41	42	18.67218094	Rhizosphere	Root-adjacent	31.23472622
41	43	29.21824545	Rhizosphere	Root-adjacent	35.05049838
41	44	48.61745434	Rhizosphere	Root-adjacent	37.16366513
41	45	54.5800311	Rhizosphere	Root-adjacent	34.14539592
41	46	75.58591542	Rhizosphere	Root-adjacent	46.23770939
41	47	96.42795223	Rhizosphere	Root-adjacent	42.77854525
41	48	120.0119499	Rhizosphere	Root-adjacent	38.12566682
41	49	140.7115191	Rhizosphere	Root-adjacent	39.83488196
41	50	154.433596	Rhizosphere	Root-adjacent	39.95871613
41	51	163.5614126	Rhizosphere	Root-adjacent	33.21111514
41	52	173.5313508	Rhizosphere	Root-adjacent	38.24234837
41	53	192.4578653	Rhizosphere	Root-adjacent	33.96662918
41	54	214.8564974	Rhizosphere	Root-adjacent	24.37144247
41	55	218.6096958	Rhizosphere	Root-adjacent	31.25911567
41	56	240.0748378	Rhizosphere	Root-adjacent	40.61378707
41	57	259.1963532	Rhizosphere	Root-adjacent	33.66399781
41	58	276.9995166	Rhizosphere	Root-adjacent	30.37355406
41	59	281.3973135	Rhizosphere	Root-adjacent	34.16936069
41	60	291.7421707	Rhizosphere	Root-adjacent	33.50475124
42	43	10.55125997	Rhizosphere	Root-adjacent	21.72521347
42	44	29.95662977	Rhizosphere	Root-adjacent	21.77313739
42	45	35.93434877	Rhizosphere	Root-adjacent	25.8310387
42	46	56.97579987	Rhizosphere	Root-adjacent	32.74998742
42	47	77.84712767	Rhizosphere	Root-adjacent	27.46590386
42	48	101.3859069	Rhizosphere	Root-adjacent	30.29820248
42	49	122.0401542	Rhizosphere	Root-adjacent	28.972838
42	50	135.7735029	Rhizosphere	Root-adjacent	26.11709212
42	51	144.9648252	Rhizosphere	Root-adjacent	30.97969138
42	52	154.9502996	Rhizosphere	Root-adjacent	40.71981978
42	53	173.8672412	Rhizosphere	Root-adjacent	26.19303516
42	54	196.2986749	Rhizosphere	Root-adjacent	32.5051647
42	55	200.0260512	Rhizosphere	Root-adjacent	34.88279983
42	56	221.4180045	Rhizosphere	Root-adjacent	29.92411914
42	57	240.5247925	Rhizosphere	Root-adjacent	31.85288343
42	58	258.3442045	Rhizosphere	Root-adjacent	35.69998962
42	59	262.7457696	Rhizosphere	Root-adjacent	26.242084
42	60	273.0778295	Rhizosphere	Root-adjacent	28.81762346
43	44	19.46230481	Rhizosphere	Root-adjacent	18.78649801
43	45	25.46512557	Rhizosphere	Root-adjacent	29.35654814
43	46	46.53914696	Rhizosphere	Root-adjacent	33.04066393
43	47	67.4317606	Rhizosphere	Root-adjacent	27.55046332
43	48	90.91344551	Rhizosphere	Root-adjacent	32.54553996
43	49	111.5029257	Rhizosphere	Root-adjacent	28.79086604
43	50	125.2222474	Rhizosphere	Root-adjacent	24.00613189
43	51	134.4316374	Rhizosphere	Root-adjacent	36.12195623
43	52	144.4232093	Rhizosphere	Root-adjacent	45.42514189
43	53	163.3356079	Rhizosphere	Root-adjacent	26.23646768
43	54	185.7801173	Rhizosphere	Root-adjacent	36.52391452
43	55	189.4966076	Rhizosphere	Root-adjacent	38.32808412
43	56	210.8667932	Rhizosphere	Root-adjacent	31.85844826
43	57	229.9860952	Rhizosphere	Root-adjacent	38.86774369
43	58	247.8310664	Rhizosphere	Root-adjacent	39.97233596
43	59	252.2369664	Rhizosphere	Root-adjacent	28.25987962
43	60	262.5528465	Rhizosphere	Root-adjacent	30.08062856
44	45	6.018204626	Rhizosphere	Root-adjacent	28.18917062
44	46	27.09652149	Rhizosphere	Root-adjacent	35.13713293
44	47	47.99556681	Rhizosphere	Root-adjacent	22.47676734
44	48	71.45114095	Rhizosphere	Root-adjacent	29.89600624
44	49	92.107008	Rhizosphere	Root-adjacent	25.48529179
44	50	105.9485267	Rhizosphere	Root-adjacent	21.59663171
44	51	115.377386	Rhizosphere	Root-adjacent	34.16186244
44	52	125.4047523	Rhizosphere	Root-adjacent	45.26715403
44	53	144.2786429	Rhizosphere	Root-adjacent	27.91906208
44	54	166.7946923	Rhizosphere	Root-adjacent	36.81264687
44	55	170.4453786	Rhizosphere	Root-adjacent	38.76613065
44	56	191.5913354	Rhizosphere	Root-adjacent	29.91351315
44	57	210.5903036	Rhizosphere	Root-adjacent	37.37796807
44	58	228.3875777	Rhizosphere	Root-adjacent	39.71855186
44	59	232.7894414	Rhizosphere	Root-adjacent	28.47820945
44	60	243.1247291	Rhizosphere	Root-adjacent	28.68342137
45	46	21.08034048	Rhizosphere	Root-adjacent	30.21408918
45	47	41.97879512	Rhizosphere	Root-adjacent	29.22433252
45	48	65.45482325	Rhizosphere	Root-adjacent	27.18112298
45	49	86.18458347	Rhizosphere	Root-adjacent	28.59983913
45	50	100.1031335	Rhizosphere	Root-adjacent	26.56575939
45	51	109.6489547	Rhizosphere	Root-adjacent	18.98930055
45	52	119.6907654	Rhizosphere	Root-adjacent	30.50864617
45	53	138.5397994	Rhizosphere	Root-adjacent	24.77579301
45	54	161.0856013	Rhizosphere	Root-adjacent	30.18833737
45	55	164.703883	Rhizosphere	Root-adjacent	31.26787781
45	56	185.7329566	Rhizosphere	Root-adjacent	35.09865313
45	57	204.6595658	Rhizosphere	Root-adjacent	25.52626998
45	58	222.4196456	Rhizosphere	Root-adjacent	28.99734122
45	59	226.8174478	Rhizosphere	Root-adjacent	31.00766698
45	60	237.1698822	Rhizosphere	Root-adjacent	26.91874767
46	47	20.89923431	Rhizosphere	Root-adjacent	37.25169873
46	48	44.42991763	Rhizosphere	Root-adjacent	39.8771957
46	49	65.4394229	Rhizosphere	Root-adjacent	40.48318716
46	50	79.65156469	Rhizosphere	Root-adjacent	31.83934021
46	51	89.6552927	Rhizosphere	Root-adjacent	36.42178216
46	52	99.72964109	Rhizosphere	Root-adjacent	43.58119804
46	53	118.4440592	Rhizosphere	Root-adjacent	37.30406948
46	54	141.0727023	Rhizosphere	Root-adjacent	46.02598351
46	55	144.5648969	Rhizosphere	Root-adjacent	46.05742145
46	56	165.1510134	Rhizosphere	Root-adjacent	43.10690733
46	57	183.821548	Rhizosphere	Root-adjacent	42.56647783
46	58	201.4595381	Rhizosphere	Root-adjacent	44.50461582
46	59	205.8446025	Rhizosphere	Root-adjacent	40.10169892
46	60	216.2494339	Rhizosphere	Root-adjacent	43.98168366
47	48	23.72802534	Rhizosphere	Root-adjacent	26.32980038
47	49	45.25716381	Rhizosphere	Root-adjacent	22.37388828
47	50	59.90236038	Rhizosphere	Root-adjacent	21.52586754
47	51	70.57681284	Rhizosphere	Root-adjacent	34.33098314
47	52	80.6180533	Rhizosphere	Root-adjacent	46.12365234
47	53	99.02765939	Rhizosphere	Root-adjacent	25.01868634
47	54	121.6892499	Rhizosphere	Root-adjacent	38.10112024
47	55	125.0006088	Rhizosphere	Root-adjacent	41.76861153
47	56	144.9557008	Rhizosphere	Root-adjacent	31.16271225
47	57	163.2714835	Rhizosphere	Root-adjacent	38.38581452
47	58	180.74066	Rhizosphere	Root-adjacent	39.90304104
47	59	185.1077638	Rhizosphere	Root-adjacent	28.73629014
47	60	195.5805905	Rhizosphere	Root-adjacent	29.27859331
48	49	21.93734987	Rhizosphere	Root-adjacent	24.13942954
48	50	36.93241113	Rhizosphere	Root-adjacent	28.66173122
48	51	48.30685206	Rhizosphere	Root-adjacent	31.35136279
48	52	58.16456652	Rhizosphere	Root-adjacent	41.42263965
48	53	76.10104022	Rhizosphere	Root-adjacent	26.38647322
48	54	98.70526029	Rhizosphere	Root-adjacent	34.55051417
48	55	101.8498112	Rhizosphere	Root-adjacent	33.32214007
48	56	121.3416681	Rhizosphere	Root-adjacent	34.05444613
48	57	139.5439288	Rhizosphere	Root-adjacent	32.30784077
48	58	157.0463454	Rhizosphere	Root-adjacent	35.48809443
48	59	161.4238625	Rhizosphere	Root-adjacent	30.63978446
48	60	171.8665631	Rhizosphere	Root-adjacent	27.37024247
49	50	15.0811477	Rhizosphere	Root-adjacent	26.38530603
49	51	26.88662609	Rhizosphere	Root-adjacent	32.67364711
49	52	36.48822135	Rhizosphere	Root-adjacent	44.46579673
49	53	54.17788714	Rhizosphere	Root-adjacent	24.99799004
49	54	76.76979653	Rhizosphere	Root-adjacent	35.20151563
49	55	79.9195813	Rhizosphere	Root-adjacent	36.07922083
49	56	99.74840324	Rhizosphere	Root-adjacent	32.26729027
49	57	118.4849467	Rhizosphere	Root-adjacent	36.20152775
49	58	136.4375149	Rhizosphere	Root-adjacent	37.55393555
49	59	140.8754638	Rhizosphere	Root-adjacent	28.09314359
49	60	151.0814214	Rhizosphere	Root-adjacent	26.64509272
50	51	12.20538286	Rhizosphere	Root-adjacent	32.92003001
50	52	21.44799529	Rhizosphere	Root-adjacent	45.15827575
50	53	39.1932174	Rhizosphere	Root-adjacent	26.90300744
50	54	61.83249073	Rhizosphere	Root-adjacent	36.88043254
50	55	65.09835599	Rhizosphere	Root-adjacent	41.29836879
50	56	85.64709492	Rhizosphere	Root-adjacent	36.15749831
50	57	105.0926595	Rhizosphere	Root-adjacent	38.42616592
50	58	123.5378051	Rhizosphere	Root-adjacent	39.55828891
50	59	128.0314394	Rhizosphere	Root-adjacent	32.86314754
50	60	137.9330697	Rhizosphere	Root-adjacent	30.72351707
51	52	10.07591519	Rhizosphere	Root-adjacent	22.36292688
51	53	28.90572969	Rhizosphere	Root-adjacent	28.12487514
51	54	51.44727987	Rhizosphere	Root-adjacent	28.33808739
51	55	55.07145021	Rhizosphere	Root-adjacent	29.28034357
51	56	77.04942501	Rhizosphere	Root-adjacent	38.03798119
51	57	97.51481666	Rhizosphere	Root-adjacent	22.05757092
51	58	116.55058	Rhizosphere	Root-adjacent	22.60252483
51	59	121.0948493	Rhizosphere	Root-adjacent	33.6785349
51	60	130.5236745	Rhizosphere	Root-adjacent	28.53336517
52	53	18.9445648	Rhizosphere	Root-adjacent	38.06409735
52	54	41.39493118	Rhizosphere	Root-adjacent	35.70011849
52	55	45.07836269	Rhizosphere	Root-adjacent	34.93956194
52	56	67.4645952	Rhizosphere	Root-adjacent	46.75173153
52	57	88.3120723	Rhizosphere	Root-adjacent	29.50600733
52	58	107.5780456	Rhizosphere	Root-adjacent	27.56067754
52	59	112.1359939	Rhizosphere	Root-adjacent	43.23721581
52	60	121.322717	Rhizosphere	Root-adjacent	37.81519313
53	54	22.66280411	Rhizosphere	Root-adjacent	28.29513635
53	55	26.16683488	Rhizosphere	Root-adjacent	32.75414838
53	56	48.81056106	Rhizosphere	Root-adjacent	32.78421792
53	57	70.14403231	Rhizosphere	Root-adjacent	31.20088087
53	58	89.697812	Rhizosphere	Root-adjacent	32.05099523
53	59	94.26236486	Rhizosphere	Root-adjacent	25.15279155
53	60	103.0712546	Rhizosphere	Root-adjacent	23.38940936
54	55	4.647559062	Rhizosphere	Root-adjacent	29.05727394
54	56	29.43833253	Rhizosphere	Root-adjacent	38.39057142
54	57	51.81557676	Rhizosphere	Root-adjacent	30.9556583
54	58	71.71694938	Rhizosphere	Root-adjacent	24.91223683
54	59	76.2119636	Rhizosphere	Root-adjacent	29.92594808
54	60	83.86229525	Rhizosphere	Root-adjacent	28.91328296
55	56	24.80093992	Rhizosphere	Root-adjacent	37.81012886
55	57	47.17093202	Rhizosphere	Root-adjacent	29.44038385
55	58	67.07268221	Rhizosphere	Root-adjacent	28.44863517
55	59	71.56990435	Rhizosphere	Root-adjacent	32.93287645
55	60	79.27318261	Rhizosphere	Root-adjacent	31.07647751
56	57	22.40193483	Rhizosphere	Root-adjacent	39.01360329
56	58	42.29337309	Rhizosphere	Root-adjacent	41.16974459
56	59	46.77804446	Rhizosphere	Root-adjacent	28.09395075
56	60	54.62217456	Rhizosphere	Root-adjacent	35.47563016
57	58	19.90200864	Rhizosphere	Root-adjacent	26.83856033
57	59	24.41082287	Rhizosphere	Root-adjacent	35.14064347
57	60	33.01573995	Rhizosphere	Root-adjacent	28.42119718
58	59	4.564699185	Rhizosphere	Root-adjacent	33.97616466
58	60	15.19990971	Rhizosphere	Root-adjacent	32.0052763
59	60	11.48312758	Rhizosphere	Root-adjacent	29.67616872
