genome	phylum	n_annotated_proteins	coxL_CO_dehydrogenase	NiFe_hydrogenase_large	rbcL_RuBisCO	psbA_photosystem_II	nifH_nitrogenase	amoA_pmoA_ammonia_monooxygenase	nirK_nirS_nitrite_reductase	nosZ_N2O_reductase	ureC_urease	otsA_otsB_trehalose	treY_treZ_trehalose	ectABC_ectoine	crtB_phytoene_synthase	spo0A_sporulation	phrB_photolyase	uvrA_excision_repair	recA_recombination_repair	katE_katG_catalase	sodA_superoxide_dismutase	dps_DNA_protection
05_MR59-14	unclassified	4662	False	False	False	False	False	False	False	False	True	False	False	False	False	True	False	True	True	True	True	True
07_MR59-16	unclassified	4875	False	False	False	False	False	False	False	False	True	False	True	False	False	True	True	True	True	True	True	True
10_MR59-21	unclassified	5031	False	False	False	False	False	False	False	False	True	False	False	False	False	True	False	True	True	True	True	True
11Dr3_MAGScoT_cleanbin_000003	Actinomycetota	8152	True	False	False	False	False	False	False	False	True	True	True	True	True	False	False	True	True	True	False	True
11Dr3_MAGScoT_cleanbin_000007	Actinomycetota	4138	False	False	False	False	False	False	False	False	True	True	True	True	True	False	False	True	True	True	False	True
11Dr3_MAGScoT_cleanbin_000020	Pseudomonadota	4519	True	False	True	False	False	False	False	False	True	True	True	False	True	False	False	True	True	True	True	False
11PRr3_MAGScoT_cleanbin_000009	Actinomycetota	5342	False	False	False	False	False	False	False	False	True	True	True	True	True	False	False	True	True	True	True	True
11_MR59-23	unclassified	4239	False	False	False	False	False	False	False	False	True	True	True	True	False	False	True	True	True	True	True	True
13_MR59-25	unclassified	3464	False	False	False	False	False	False	False	False	True	False	False	True	False	False	True	True	True	True	True	True
14Dr3_MAGScoT_cleanbin_000001	Bdellovibrionota	2242	False	False	False	False	False	False	False	False	False	True	False	False	True	False	True	True	True	True	True	True
14Dr3_MAGScoT_cleanbin_000004	Bacteroidota	3914	False	False	False	False	False	False	True	False	False	False	True	False	False	False	True	True	True	True	True	True
14Dr3_MAGScoT_cleanbin_000013	Pseudomonadota	3862	True	False	False	False	False	False	False	False	False	True	True	False	True	False	False	True	True	True	True	True
14Dr3_MAGScoT_cleanbin_000015	Pseudomonadota	2951	True	False	False	False	False	False	False	False	False	True	False	False	True	False	True	True	True	True	True	False
14Dr3_MAGScoT_cleanbin_000022	Actinomycetota	4302	True	False	False	False	False	True	True	False	False	True	True	True	True	False	False	True	True	True	False	True
14PRr2_MAGScoT_cleanbin_000001	Bacteroidota	3116	False	False	True	False	False	False	False	False	False	True	True	False	False	False	True	True	True	True	True	True
14PRr2_MAGScoT_cleanbin_000002	Pseudomonadota	2916	False	False	False	False	False	False	False	False	False	True	False	False	True	False	True	True	True	True	True	True
14PRr2_MAGScoT_cleanbin_000003	Bacillota	2768	False	False	False	False	False	False	False	False	False	False	False	False	True	True	False	True	True	True	True	True
14PRr2_MAGScoT_cleanbin_000004	Bdellovibrionota	2978	False	False	False	False	False	False	False	False	False	False	False	False	True	False	True	True	True	True	True	True
14PRr2_MAGScoT_cleanbin_000005	Pseudomonadota	2409	False	False	False	False	False	False	False	False	False	True	False	True	True	False	False	False	True	True	True	True
14PRr2_MAGScoT_cleanbin_000006	Actinomycetota	4663	True	False	False	False	False	False	False	False	True	True	False	True	True	False	False	True	True	True	True	True
14PRr2_MAGScoT_cleanbin_000008	Pseudomonadota	3511	True	False	True	False	False	False	False	False	True	True	True	False	True	False	True	True	True	True	True	False
14PRr2_MAGScoT_cleanbin_000009	Pseudomonadota	3050	True	False	True	False	False	False	False	False	False	True	True	True	True	False	True	True	True	True	True	True
14PRr2_MAGScoT_cleanbin_000010	Pseudomonadota	3533	True	False	False	False	False	False	False	False	True	True	True	True	True	False	True	True	True	True	True	True
14PRr2_MAGScoT_cleanbin_000016	Pseudomonadota	2694	True	False	False	False	False	False	False	False	False	False	False	False	True	False	True	False	True	True	True	True
14PRr2_MAGScoT_cleanbin_000017	Bacteroidota	3300	False	False	False	False	False	False	False	False	False	True	True	False	False	False	True	True	False	True	False	True
14PRr2_MAGScoT_cleanbin_000020	Bacteroidota	2732	True	False	False	False	False	False	False	False	False	False	False	False	False	False	True	True	True	True	True	True
14PRr2_MAGScoT_cleanbin_000029	Pseudomonadota	3158	False	False	False	False	False	False	False	False	True	False	True	True	True	False	True	True	True	True	True	True
15PRr2_MAGScoT_cleanbin_000001	Pseudomonadota	2968	False	False	False	False	False	False	False	False	False	True	True	True	True	False	False	True	True	True	True	True
15PRr2_MAGScoT_cleanbin_000002	Bacteroidota	3764	False	False	False	False	False	False	True	False	False	True	True	False	False	False	False	True	True	True	True	True
15PRr2_MAGScoT_cleanbin_000003	Actinomycetota	4688	True	False	False	False	False	False	False	False	True	True	False	True	True	False	False	True	True	True	True	True
15PRr2_MAGScoT_cleanbin_000004	Pseudomonadota	3484	False	False	False	False	False	False	True	False	True	True	True	False	True	False	False	True	True	True	True	True
15PRr2_MAGScoT_cleanbin_000010	Bacillota	2912	False	False	False	False	False	False	False	False	False	False	False	True	False	True	False	True	True	True	True	False
15PRr2_MAGScoT_cleanbin_000012	Actinomycetota	2975	True	False	False	False	False	False	False	False	False	True	True	False	False	False	False	True	True	True	False	True
15_MR59-28	unclassified	4813	False	False	False	False	False	False	False	False	False	False	False	False	True	True	False	True	True	True	True	True
17PRr2_MAGScoT_cleanbin_000001	Pseudomonadota	3851	True	False	False	False	False	False	True	True	True	True	True	True	True	False	False	True	True	True	True	True
17PRr2_MAGScoT_cleanbin_000002	Pseudomonadota	3356	True	True	True	False	True	False	True	False	True	True	True	True	True	False	False	True	True	True	True	True
17PRr2_MAGScoT_cleanbin_000008	Pseudomonadota	3336	True	False	True	False	False	False	False	False	True	True	True	False	True	False	True	True	True	True	True	True
17PRr2_MAGScoT_cleanbin_000010	Pseudomonadota	2708	True	False	False	False	False	False	False	False	True	True	True	True	True	False	False	True	True	True	True	True
17PRr2_MAGScoT_cleanbin_000012	Pseudomonadota	5103	False	False	False	False	False	False	False	False	True	True	False	False	True	False	True	True	True	True	True	True
17PRr2_MAGScoT_cleanbin_000017	Pseudomonadota	2616	False	False	False	False	False	False	False	False	False	True	False	False	True	False	False	True	True	True	True	True
17PRr2_MAGScoT_cleanbin_000022	Bacillota	3875	False	False	True	False	False	False	False	False	False	False	False	False	True	False	False	True	True	True	True	True
17PRr2_MAGScoT_cleanbin_000023	Bacillota	3455	True	False	False	False	False	False	False	False	False	False	False	True	False	True	True	True	True	True	True	True
17PRr2_MAGScoT_cleanbin_000024	Pseudomonadota	3774	False	False	False	False	False	False	False	False	False	True	True	True	True	False	True	True	True	True	True	True
17PRr2_MAGScoT_cleanbin_000028	Pseudomonadota	3587	False	False	False	False	False	False	False	False	False	True	True	True	True	False	True	True	True	True	True	True
17PRr2_MAGScoT_cleanbin_000034	Pseudomonadota	3734	True	False	False	False	False	False	False	False	True	True	True	False	True	False	True	True	True	True	True	False
18PRr2_MAGScoT_cleanbin_000001	Pseudomonadota	2717	False	False	False	False	False	False	False	False	True	True	True	False	True	False	True	True	True	True	True	True
18PRr2_MAGScoT_cleanbin_000005	Bacillota	3064	False	False	False	False	False	False	False	False	False	False	False	False	False	True	False	True	True	True	True	True
18PRr2_MAGScoT_cleanbin_000008	Pseudomonadota	4304	False	False	False	False	False	False	False	False	True	True	True	False	True	False	True	True	True	True	True	True
18_MR59-34	unclassified	3823	False	False	False	False	False	False	False	False	True	False	False	True	False	True	True	True	True	True	True	True
19PRr2_MAGScoT_cleanbin_000002	Bdellovibrionota	2839	False	False	False	False	False	False	False	False	False	True	False	False	False	False	True	True	True	True	True	True
19PRr2_MAGScoT_cleanbin_000004	Pseudomonadota	3172	False	False	False	False	False	False	False	False	False	True	False	False	True	False	False	True	True	True	True	False
19PRr2_MAGScoT_cleanbin_000005	Acidobacteriota	4677	True	True	False	False	False	False	False	False	False	True	True	True	False	False	False	True	True	True	True	True
19PRr2_MAGScoT_cleanbin_000007	Actinomycetota	5498	True	False	False	False	False	False	False	False	True	True	True	True	True	False	True	True	True	True	False	True
19PRr2_MAGScoT_cleanbin_000008	Pseudomonadota	2600	False	False	False	False	False	False	False	False	False	True	True	False	True	False	False	False	True	True	True	False
19PRr2_MAGScoT_cleanbin_000009	Bacillota	3045	False	False	True	False	False	False	False	False	True	False	False	False	False	False	False	True	True	True	True	True
19PRr2_MAGScoT_cleanbin_000010	Acidobacteriota	3257	False	False	False	False	False	False	False	False	False	True	True	False	True	False	False	True	True	True	True	False
19PRr2_MAGScoT_cleanbin_000014	Planctomycetota	3855	False	True	False	False	False	False	False	False	False	False	True	False	True	False	False	True	True	False	True	True
19PRr2_MAGScoT_cleanbin_000017	Pseudomonadota	4744	True	False	False	False	False	False	False	False	True	True	True	False	True	False	False	True	True	True	True	False
19PRr2_MAGScoT_cleanbin_000020	Planctomycetota	2377	False	True	False	False	False	False	False	False	False	True	True	False	False	False	False	True	False	True	True	False
19PRr2_MAGScoT_cleanbin_000024	Pseudomonadota	3129	False	False	False	False	False	False	False	False	False	True	True	False	True	False	False	True	True	False	True	True
19_MR59-35	unclassified	4704	False	False	False	False	False	False	True	False	True	False	False	True	False	True	True	True	True	True	True	True
1Dr2_MAGScoT_cleanbin_000001	Actinomycetota	2604	False	False	False	False	False	False	True	False	False	True	True	False	False	False	True	True	True	False	True	False
1PRr1_MAGScoT_cleanbin_000001	Bacteroidota	2811	True	False	False	False	False	False	False	False	False	False	False	False	False	False	True	True	True	True	True	True
1PRr1_MAGScoT_cleanbin_000003	Actinomycetota	2860	False	False	False	False	False	False	False	False	True	True	True	False	False	False	True	True	True	True	True	True
1PRr1_MAGScoT_cleanbin_000010	Bacillota	2967	False	False	False	False	False	False	False	False	False	False	False	False	True	True	False	True	True	True	True	True
20_MR59-37	unclassified	3566	False	False	False	False	False	False	False	False	False	False	False	True	True	True	True	True	True	True	True	True
21_MR59-38	unclassified	3139	False	False	False	False	False	False	False	False	False	False	False	True	False	False	True	True	True	True	True	True
22_MR59-39	unclassified	4315	False	False	False	False	False	False	False	False	True	False	True	True	False	False	True	True	True	True	True	True
24PRr2_MAGScoT_cleanbin_000002	Gemmatimonadota	3572	True	False	False	False	False	False	True	False	False	True	True	False	True	False	False	True	True	False	True	True
24PRr2_MAGScoT_cleanbin_000003	Pseudomonadota	4917	True	True	True	False	False	False	False	False	True	True	True	True	True	False	False	True	True	True	True	True
24PRr2_MAGScoT_cleanbin_000004	Bacteroidota	4094	False	False	True	False	False	False	False	False	False	True	False	False	False	False	False	True	False	True	True	True
24PRr2_MAGScoT_cleanbin_000005	Actinomycetota	5634	True	False	False	False	False	False	False	False	True	True	False	True	True	False	False	True	True	True	False	True
24PRr2_MAGScoT_cleanbin_000006	Actinomycetota	5091	True	False	False	False	False	False	False	False	False	True	False	False	False	False	True	True	True	True	False	True
24PRr2_MAGScoT_cleanbin_000007	Actinomycetota	5135	True	False	True	False	False	False	True	False	True	True	True	True	True	False	False	True	True	False	True	True
24PRr2_MAGScoT_cleanbin_000008	Chloroflexota	2721	False	True	True	False	False	False	True	False	False	True	True	True	False	False	False	True	True	False	True	False
24PRr2_MAGScoT_cleanbin_000009	Actinomycetota	5288	True	True	False	False	False	False	True	False	False	True	True	True	True	False	False	True	True	True	True	True
24PRr2_MAGScoT_cleanbin_000011	Pseudomonadota	4206	True	False	False	False	False	False	False	False	True	True	True	True	True	False	False	False	True	True	True	True
24PRr2_MAGScoT_cleanbin_000012	Pseudomonadota	3916	False	False	False	False	False	False	False	False	True	True	True	True	False	False	False	True	True	False	True	True
24PRr2_MAGScoT_cleanbin_000013	Actinomycetota	5955	True	False	False	False	False	False	True	False	False	True	False	True	False	False	False	True	True	True	True	True
24PRr2_MAGScoT_cleanbin_000019	Actinomycetota	4991	True	False	False	False	False	False	True	False	True	True	True	False	False	False	False	True	False	True	True	True
24PRr2_MAGScoT_cleanbin_000020	Actinomycetota	4553	True	False	False	False	False	False	False	False	False	True	False	True	False	False	False	False	True	True	False	True
24PRr2_MAGScoT_cleanbin_000024	Actinomycetota	4126	True	False	False	False	False	False	True	False	False	True	False	True	False	False	False	True	True	True	False	True
24PRr2_MAGScoT_cleanbin_000027	Actinomycetota	4693	False	True	False	False	False	False	True	False	False	True	False	True	False	False	False	True	False	True	False	True
24PRr2_MAGScoT_cleanbin_000030	Thermoproteota	2254	False	False	False	False	False	True	True	False	True	False	False	True	False	False	False	True	False	False	True	True
24_MR59-43	unclassified	3922	False	False	False	False	False	False	False	False	True	False	False	False	True	True	False	True	True	True	True	True
25_MR59-44	unclassified	3965	False	False	False	False	False	False	False	False	True	False	False	False	True	True	False	True	True	True	True	True
26_MR59-45	unclassified	4593	False	False	False	False	False	False	True	False	False	False	False	True	False	True	False	True	True	True	True	True
27_MR59-46	unclassified	4521	False	False	False	False	False	False	False	False	True	False	False	False	False	True	True	True	True	True	True	True
28_MR59-47	unclassified	3810	False	False	False	False	False	False	False	False	True	False	False	False	True	True	True	True	True	True	True	True
29_MR59-48	unclassified	4817	False	False	False	False	False	False	False	False	False	False	False	True	False	True	False	True	True	True	True	True
2PRr2_MAGScoT_cleanbin_000001	Actinomycetota	6206	True	True	True	False	False	False	True	False	True	True	False	True	True	False	True	True	True	True	False	True
2PRr2_MAGScoT_cleanbin_000002	Bacillota	3064	False	False	False	False	False	False	False	False	False	False	False	True	False	True	False	True	True	True	True	True
2PRr2_MAGScoT_cleanbin_000007	Actinomycetota	2721	False	False	False	False	False	False	True	False	False	True	True	False	True	False	True	True	True	True	True	True
2PRr2_MAGScoT_cleanbin_000009	Pseudomonadota	3973	False	False	False	False	False	False	False	False	False	False	True	False	True	False	True	True	True	True	True	True
30PRr3_MAGScoT_cleanbin_000001	Pseudomonadota	5924	True	False	True	False	False	False	False	False	True	True	True	False	True	False	False	True	True	True	True	True
30PRr3_MAGScoT_cleanbin_000002	Pseudomonadota	3103	False	False	False	False	False	False	False	False	False	True	True	False	False	False	True	True	True	False	True	True
30PRr3_MAGScoT_cleanbin_000004	Bacillota	4503	False	False	False	False	False	False	False	False	True	False	False	True	False	True	False	True	True	True	True	False
30PRr3_MAGScoT_cleanbin_000005	Pseudomonadota	6255	False	False	True	False	False	False	True	False	False	True	False	True	True	False	False	True	True	True	True	True
30PRr3_MAGScoT_cleanbin_000006	Myxococcota	5096	False	True	False	False	False	False	False	False	True	True	True	True	False	False	False	True	True	True	True	True
30PRr3_MAGScoT_cleanbin_000008	Bacillota	3868	False	False	False	False	False	False	False	False	False	False	False	False	False	True	True	True	True	True	True	True
30PRr3_MAGScoT_cleanbin_000009	Pseudomonadota	3278	False	False	False	False	False	False	False	False	False	True	False	False	True	False	False	True	True	True	True	True
30PRr3_MAGScoT_cleanbin_000010	Pseudomonadota	4518	True	False	True	False	False	False	True	False	False	True	True	True	True	False	False	True	True	True	True	True
30PRr3_MAGScoT_cleanbin_000011	Actinomycetota	5208	False	False	True	False	False	False	False	False	False	True	True	True	True	False	True	True	True	True	True	True
30PRr3_MAGScoT_cleanbin_000015	Actinomycetota	7244	True	False	False	False	False	False	False	False	True	False	True	True	True	False	False	True	True	True	True	True
30PRr3_MAGScoT_cleanbin_000016	Actinomycetota	3320	True	True	False	False	False	False	True	False	False	True	False	False	False	False	False	False	True	False	True	False
30PRr3_MAGScoT_cleanbin_000017	Actinomycetota	6156	True	False	False	False	False	False	False	False	False	True	False	True	False	False	False	True	True	True	True	True
30PRr3_MAGScoT_cleanbin_000018	Actinomycetota	3443	True	False	False	False	False	False	True	False	True	True	False	True	False	False	False	True	True	True	True	False
30PRr3_MAGScoT_cleanbin_000019	Actinomycetota	3223	False	False	False	False	False	False	False	False	True	True	True	False	True	False	False	True	True	True	True	True
30PRr3_MAGScoT_cleanbin_000020	Actinomycetota	4360	True	False	True	False	False	False	False	False	False	True	True	True	True	False	False	True	True	True	True	False
30PRr3_MAGScoT_cleanbin_000021	Actinomycetota	4162	False	False	False	False	False	False	False	False	False	True	True	True	True	False	True	True	True	True	False	True
30PRr3_MAGScoT_cleanbin_000028	Pseudomonadota	2524	False	False	False	False	False	False	False	False	False	True	True	True	False	False	False	True	True	True	True	True
30PRr3_MAGScoT_cleanbin_000031	Actinomycetota	7536	True	True	True	False	False	False	False	False	True	True	True	True	False	False	False	True	True	True	True	True
30_MR59-49	unclassified	4519	False	False	False	False	False	False	False	False	False	False	False	True	False	True	False	True	True	True	True	True
31PRr3_MAGScoT_cleanbin_000005	Bacteroidota	3246	False	False	False	False	False	False	True	False	False	True	True	False	False	False	False	True	True	True	True	True
31PRr3_MAGScoT_cleanbin_000008	Gemmatimonadota	2715	True	True	True	False	False	False	True	False	False	True	True	True	True	False	False	True	True	False	True	False
31PRr3_MAGScoT_cleanbin_000010	Chloroflexota	5225	True	True	True	False	False	False	True	False	False	True	True	False	False	False	False	True	True	True	True	False
31PRr3_MAGScoT_cleanbin_000013	Pseudomonadota	2922	True	False	True	False	False	False	False	False	True	True	True	False	True	False	False	True	True	True	True	False
31PRr3_MAGScoT_cleanbin_000015	Actinomycetota	2254	True	True	True	False	False	False	True	False	False	True	True	False	False	False	False	True	True	True	True	True
31PRr3_MAGScoT_cleanbin_000016	Actinomycetota	2266	False	False	False	False	False	False	False	False	False	True	True	False	False	False	False	True	True	False	False	True
31PRr3_MAGScoT_cleanbin_000021	Bacillota	2925	False	False	False	False	False	False	False	False	True	False	False	True	False	False	False	True	True	True	True	True
31PRr3_MAGScoT_cleanbin_000022	Pseudomonadota	2765	False	False	False	False	False	False	False	False	False	True	False	False	True	False	False	True	True	True	True	True
31PRr3_MAGScoT_cleanbin_000023	Thermoproteota	1837	False	True	False	False	False	True	True	False	True	False	False	False	False	False	False	True	False	False	True	True
31PRr3_MAGScoT_cleanbin_000024	Bacillota	3043	False	False	False	False	False	False	False	False	True	False	False	False	False	True	False	True	True	True	True	True
31PRr3_MAGScoT_cleanbin_000030	Pseudomonadota	3339	True	False	True	False	False	False	False	False	True	True	True	False	True	False	False	True	True	True	True	True
31PRr3_MAGScoT_cleanbin_000031	Bacillota	3214	False	False	False	False	False	False	False	False	False	False	False	True	False	True	True	True	True	True	True	True
32_MR59-51	unclassified	3871	False	False	False	False	False	False	False	False	False	False	False	True	False	True	False	True	True	True	True	True
34PRr1_MAGScoT_cleanbin_000001	Pseudomonadota	3592	False	False	False	False	False	False	False	False	True	False	True	False	True	False	False	True	True	True	True	False
34PRr1_MAGScoT_cleanbin_000003	Pseudomonadota	3737	True	False	False	False	False	False	False	False	True	True	True	False	True	False	True	True	True	True	True	True
34PRr1_MAGScoT_cleanbin_000004	Pseudomonadota	4436	True	False	True	False	False	False	False	False	True	True	True	True	True	False	False	True	True	True	True	True
34PRr1_MAGScoT_cleanbin_000009	Bacillota	2960	True	False	False	False	False	False	False	False	True	False	False	False	False	True	False	True	True	True	True	True
34PRr1_MAGScoT_cleanbin_000011	Armatimonadota	3282	False	False	False	False	False	False	False	False	False	False	True	False	True	False	False	True	True	True	True	False
34PRr1_MAGScoT_cleanbin_000015	Planctomycetota	4206	False	True	False	False	False	False	False	False	False	False	True	False	True	False	False	True	True	False	True	True
34PRr1_MAGScoT_cleanbin_000019	Bacillota	3359	False	False	False	False	False	False	False	False	True	False	False	True	False	True	False	True	True	True	True	True
36PRr1_MAGScoT_cleanbin_000001	Bacteroidota	2926	False	False	False	False	False	False	False	False	False	False	True	False	False	False	True	True	True	True	True	True
36PRr1_MAGScoT_cleanbin_000002	Pseudomonadota	3392	False	False	False	False	False	False	False	False	True	True	True	True	False	False	True	True	True	False	True	True
36PRr1_MAGScoT_cleanbin_000003	Actinomycetota	3134	True	True	True	False	False	False	False	False	False	True	True	False	True	False	False	True	True	True	True	False
36PRr1_MAGScoT_cleanbin_000005	Bacteroidota	3522	False	False	False	False	False	False	True	False	False	False	True	False	False	False	False	True	True	True	True	True
36PRr1_MAGScoT_cleanbin_000006	Actinomycetota	2438	False	True	True	False	False	False	True	False	True	True	True	False	False	False	False	True	True	True	False	False
36PRr1_MAGScoT_cleanbin_000007	Actinomycetota	2558	False	True	True	False	False	True	True	False	True	True	True	False	False	False	False	True	True	True	True	False
36PRr1_MAGScoT_cleanbin_000008	Actinomycetota	2338	True	True	True	False	False	False	False	False	False	True	True	False	False	False	False	True	True	True	True	False
36PRr1_MAGScoT_cleanbin_000009	Actinomycetota	3227	True	False	False	False	False	False	True	False	False	False	True	True	True	False	False	True	True	True	False	True
36PRr1_MAGScoT_cleanbin_000011	Actinomycetota	2932	False	True	False	False	False	False	False	False	False	True	False	True	False	False	False	True	True	False	True	False
36PRr1_MAGScoT_cleanbin_000012	Actinomycetota	2525	False	True	True	False	False	True	True	False	False	True	True	False	False	False	False	True	True	True	False	False
36PRr1_MAGScoT_cleanbin_000014	Chloroflexota	5616	True	True	False	False	False	False	True	False	True	True	True	False	False	False	False	True	True	True	True	True
36PRr1_MAGScoT_cleanbin_000015	Actinomycetota	2581	False	False	False	False	False	False	False	False	False	True	True	True	True	False	False	True	True	True	False	True
36PRr1_MAGScoT_cleanbin_000017	Actinomycetota	1864	False	True	True	False	False	False	False	False	True	True	True	False	False	False	False	True	True	True	False	False
36PRr1_MAGScoT_cleanbin_000018	Pseudomonadota	2418	False	False	True	False	False	False	False	False	False	True	True	False	False	False	False	True	False	True	True	True
36PRr1_MAGScoT_cleanbin_000019	Actinomycetota	3478	False	True	False	False	False	False	False	False	False	True	True	False	True	False	False	True	True	False	True	False
36PRr1_MAGScoT_cleanbin_000021	Verrucomicrobiota	3894	False	True	True	False	False	False	True	False	True	False	True	False	True	False	False	True	True	False	True	True
36PRr1_MAGScoT_cleanbin_000028	Verrucomicrobiota	3537	False	False	False	False	False	False	False	False	True	True	True	False	True	False	True	True	True	True	True	True
36PRr1_MAGScoT_cleanbin_000036	Actinomycetota	2555	False	True	True	False	False	True	True	False	False	True	True	False	False	False	False	True	True	True	False	False
36PRr1_MAGScoT_cleanbin_000037	Actinomycetota	2341	True	True	False	False	False	False	True	False	False	True	True	False	False	False	False	False	True	False	True	False
36PRr1_MAGScoT_cleanbin_000040	Pseudomonadota	3553	False	False	True	True	False	False	False	False	True	True	True	False	True	False	False	True	True	False	True	False
36PRr1_MAGScoT_cleanbin_000047	Actinomycetota	3985	False	False	False	False	False	False	False	False	True	True	True	True	True	False	True	True	True	True	False	False
37_MR59-56	unclassified	3046	False	False	False	False	False	False	True	False	False	False	False	True	False	False	True	True	True	True	True	True
38PRr2_MAGScoT_cleanbin_000001	Bacteroidota	4669	True	False	True	False	False	False	False	False	False	True	True	False	False	False	True	True	True	True	True	True
38PRr2_MAGScoT_cleanbin_000002	Actinomycetota	5299	True	False	False	False	False	False	False	False	True	True	True	True	True	False	False	True	True	True	True	True
38PRr2_MAGScoT_cleanbin_000003	Bacteroidota	3500	False	False	False	False	False	False	False	False	False	True	True	False	False	False	True	True	True	True	True	True
38PRr2_MAGScoT_cleanbin_000004	Pseudomonadota	4191	True	False	True	False	False	False	False	False	True	True	True	False	True	False	False	True	True	True	True	True
38PRr2_MAGScoT_cleanbin_000005	Pseudomonadota	3367	False	True	True	False	False	False	False	False	False	True	True	True	True	False	False	True	True	False	True	True
38PRr2_MAGScoT_cleanbin_000006	Actinomycetota	5215	True	False	False	False	False	False	False	False	False	True	True	True	False	False	False	True	False	True	True	True
38PRr2_MAGScoT_cleanbin_000009	Actinomycetota	3221	True	False	False	False	False	False	False	False	False	True	True	True	True	False	False	False	False	True	True	False
38PRr2_MAGScoT_cleanbin_000011	Planctomycetota	3636	False	True	False	False	False	False	False	False	False	False	True	False	True	False	False	True	True	True	True	False
38_MR59-57	unclassified	3690	False	False	True	False	False	False	False	False	True	False	False	True	True	False	True	True	True	True	True	True
3PRr3_MAGScoT_cleanbin_000002	Actinomycetota	4906	True	False	False	False	False	False	False	False	True	True	True	True	True	False	False	True	True	True	True	True
3PRr3_MAGScoT_cleanbin_000003	Chloroflexota	3602	True	False	False	False	False	False	True	False	False	True	True	False	False	False	False	True	True	True	True	False
41PRr2_MAGScoT_cleanbin_000001	Pseudomonadota	2757	False	False	False	False	False	False	False	False	False	True	False	False	False	False	False	True	True	True	True	True
41PRr2_MAGScoT_cleanbin_000002	Pseudomonadota	2490	False	False	True	False	False	True	False	False	True	False	True	True	True	False	False	True	True	False	True	False
41PRr2_MAGScoT_cleanbin_000003	Bacteroidota	3270	False	True	False	False	False	False	True	False	False	True	True	False	True	False	False	True	False	False	True	False
41PRr2_MAGScoT_cleanbin_000004	Bacteroidota	3402	False	False	False	False	False	False	False	False	False	True	True	True	True	False	False	True	True	False	True	True
41PRr2_MAGScoT_cleanbin_000005	Actinomycetota	2561	True	True	True	False	False	False	True	False	False	True	True	False	False	False	False	True	True	True	True	True
41PRr2_MAGScoT_cleanbin_000006	Pseudomonadota	4228	True	False	True	False	False	False	True	False	True	True	True	False	True	False	False	True	True	True	False	False
41PRr2_MAGScoT_cleanbin_000007	Actinomycetota	2802	False	True	False	False	False	False	True	False	False	True	False	True	False	False	False	True	True	False	True	False
41PRr2_MAGScoT_cleanbin_000008	Pseudomonadota	2821	True	False	False	False	False	False	False	False	False	True	False	True	False	False	False	True	True	True	False	True
41PRr2_MAGScoT_cleanbin_000009	Halobacteriota	3794	True	False	False	False	False	False	False	False	False	True	False	False	True	False	False	True	False	True	True	False
41PRr2_MAGScoT_cleanbin_000010	Actinomycetota	3373	True	True	True	False	False	False	False	False	True	True	True	True	True	False	False	True	True	True	True	True
41PRr2_MAGScoT_cleanbin_000011	Halobacteriota	2333	True	False	False	False	False	False	False	False	True	False	False	False	False	False	False	True	False	True	True	False
41PRr2_MAGScoT_cleanbin_000013	Pseudomonadota	3574	True	False	False	False	False	False	False	False	True	True	True	True	True	False	False	False	True	True	True	False
41PRr2_MAGScoT_cleanbin_000014	Myxococcota_A	3853	True	False	False	False	False	False	False	False	False	True	True	True	False	False	False	True	True	True	True	True
41PRr2_MAGScoT_cleanbin_000015	Pseudomonadota	4021	True	False	False	False	False	False	True	False	False	True	True	True	True	False	False	True	True	True	True	True
41PRr2_MAGScoT_cleanbin_000018	Pseudomonadota	2868	True	False	False	False	False	False	False	False	False	True	False	False	True	False	True	True	True	True	True	True
41PRr2_MAGScoT_cleanbin_000019	Thermoplasmatota	2396	False	False	True	False	False	False	True	False	False	True	False	False	True	False	False	True	False	True	True	True
41PRr2_MAGScoT_cleanbin_000020	Thermoplasmatota	2170	False	False	True	False	False	False	False	False	False	False	False	False	False	False	False	True	False	True	True	False
41PRr2_MAGScoT_cleanbin_000023	Actinomycetota	3403	True	False	False	False	False	False	False	False	False	True	False	False	False	False	False	True	True	False	False	True
41PRr2_MAGScoT_cleanbin_000024	Actinomycetota	2359	False	True	True	False	False	False	True	False	False	True	True	True	False	False	False	True	True	True	True	False
41PRr2_MAGScoT_cleanbin_000025	Actinomycetota	3829	True	False	False	False	False	False	True	False	False	True	True	True	False	False	False	True	True	True	False	False
41PRr2_MAGScoT_cleanbin_000028	Actinomycetota	3413	True	True	True	False	False	False	True	False	False	True	True	True	False	False	False	True	True	True	False	False
41PRr2_MAGScoT_cleanbin_000030	Halobacteriota	2713	True	False	False	False	False	False	False	False	False	False	False	False	False	False	False	True	False	True	False	True
41PRr2_MAGScoT_cleanbin_000032	Gemmatimonadota	3640	True	False	False	False	False	False	True	False	False	True	False	False	False	False	False	True	True	True	True	False
41PRr2_MAGScoT_cleanbin_000033	Pseudomonadota	3489	False	False	False	False	False	False	False	False	True	True	True	False	True	False	False	False	True	True	True	True
41PRr2_MAGScoT_cleanbin_000034	Thermoplasmatota	1384	False	False	False	False	False	False	True	False	False	False	False	True	False	False	False	True	False	True	False	True
41PRr2_MAGScoT_cleanbin_000037	Planctomycetota	2228	False	False	False	False	False	False	False	False	False	True	True	False	False	False	False	True	True	True	True	False
41PRr2_MAGScoT_cleanbin_000039	Thermoplasmatota	2210	False	False	True	False	False	False	True	False	False	True	True	True	False	False	False	True	False	False	True	False
41PRr2_MAGScoT_cleanbin_000041	Bacteroidota	2812	False	False	False	False	False	False	False	False	False	True	True	False	True	False	False	True	True	True	True	True
41PRr2_MAGScoT_cleanbin_000043	Pseudomonadota	2635	True	False	False	False	False	False	False	False	False	True	True	False	True	False	True	True	True	True	False	False
41PRr2_MAGScoT_cleanbin_000044	Actinomycetota	2472	True	True	False	False	False	False	True	False	False	False	False	True	False	False	False	False	True	False	False	True
41PRr2_MAGScoT_cleanbin_000045	Thermoproteota	1779	False	False	False	False	False	True	True	False	True	False	False	True	False	False	False	True	False	False	True	False
41PRr2_MAGScoT_cleanbin_000046	Planctomycetota	2490	False	False	False	False	False	False	False	False	False	True	True	False	True	False	False	True	True	False	True	False
41PRr2_MAGScoT_cleanbin_000062	Acidobacteriota	3743	True	False	False	False	False	False	False	False	False	False	False	False	False	False	False	True	True	False	True	True
42PRr2_MAGScoT_cleanbin_000001	Bacteroidota	4931	False	False	True	False	False	False	True	False	False	False	True	False	False	False	True	True	True	True	True	True
42PRr2_MAGScoT_cleanbin_000002	Actinomycetota	4957	False	False	False	False	False	False	False	False	False	True	True	True	True	False	False	True	True	True	True	True
42PRr2_MAGScoT_cleanbin_000003	Pseudomonadota	3877	True	False	True	False	False	False	False	False	True	True	True	False	True	False	False	False	True	True	True	False
42PRr2_MAGScoT_cleanbin_000005	Bacteroidota	3312	False	False	False	False	False	False	False	False	False	False	True	False	False	False	False	True	True	True	True	True
42PRr2_MAGScoT_cleanbin_000006	Planctomycetota	3719	False	True	False	False	False	False	False	False	False	False	True	False	True	False	False	True	True	True	True	True
42PRr2_MAGScoT_cleanbin_000025	Pseudomonadota	4081	False	False	True	False	False	False	False	False	True	True	False	True	True	False	False	True	True	True	True	False
42PRr2_MAGScoT_cleanbin_000028	Myxococcota	5919	True	True	False	False	False	False	True	False	True	True	True	False	True	False	False	True	True	True	True	False
43PRr3_MAGScoT_cleanbin_000001	Bacteroidota	3661	False	False	False	False	False	False	False	False	False	False	True	False	False	False	False	True	True	True	True	True
43PRr3_MAGScoT_cleanbin_000002	Bacteroidota	3853	False	False	False	False	False	False	False	False	False	True	True	False	True	False	False	True	True	False	True	False
43PRr3_MAGScoT_cleanbin_000003	Pseudomonadota	3375	True	True	True	False	False	False	False	False	False	True	True	False	True	False	False	True	True	False	True	False
43PRr3_MAGScoT_cleanbin_000004	Actinomycetota	2335	False	False	False	False	False	False	True	False	False	True	True	False	False	False	False	True	True	False	False	True
43PRr3_MAGScoT_cleanbin_000005	Actinomycetota	3409	True	True	False	False	False	False	False	False	False	True	True	False	False	False	False	False	True	False	True	True
43PRr3_MAGScoT_cleanbin_000006	Bacteroidota	4433	False	True	True	False	False	False	False	False	False	True	True	True	True	False	True	True	True	True	True	False
43PRr3_MAGScoT_cleanbin_000008	Actinomycetota	2415	True	False	False	False	False	False	False	False	False	True	True	False	False	False	False	True	True	True	False	False
43PRr3_MAGScoT_cleanbin_000011	Bdellovibrionota	2633	False	False	False	False	False	False	False	False	False	True	False	False	False	False	False	True	True	False	True	True
43PRr3_MAGScoT_cleanbin_000014	Thermoplasmatota	2006	True	False	False	False	False	False	False	True	False	False	False	True	False	False	False	True	False	False	True	True
43PRr3_MAGScoT_cleanbin_000015	Actinomycetota	2259	True	True	True	False	False	False	True	False	False	True	True	True	False	False	False	True	True	True	True	True
43PRr3_MAGScoT_cleanbin_000017	Planctomycetota	4557	True	True	False	False	False	False	False	False	False	False	True	False	False	False	False	True	True	False	True	False
43PRr3_MAGScoT_cleanbin_000023	Thermoproteota	2018	False	True	False	False	False	True	True	False	True	False	False	True	False	False	False	True	False	False	True	True
43PRr3_MAGScoT_cleanbin_000027	Thermoplasmatota	1922	False	False	True	False	False	False	True	False	False	False	False	False	False	False	False	False	False	False	True	True
43PRr3_MAGScoT_cleanbin_000028	Bacillota	3109	False	False	False	False	False	False	False	False	False	False	False	False	False	True	True	True	True	True	True	True
43PRr3_MAGScoT_cleanbin_000033	Thermoproteota	1683	False	True	False	False	False	True	True	False	True	False	False	True	False	False	False	True	False	False	True	True
45PRr2_MAGScoT_cleanbin_000001	Pseudomonadota	2832	False	False	False	False	False	False	False	False	False	True	True	True	True	False	True	True	True	True	True	True
45PRr2_MAGScoT_cleanbin_000002	Actinomycetota	2854	True	False	False	False	False	False	True	False	False	True	True	True	False	False	False	True	True	True	False	True
45PRr2_MAGScoT_cleanbin_000005	Chloroflexota	3529	True	False	False	False	False	False	True	False	False	True	True	False	True	False	False	False	True	True	True	False
45PRr2_MAGScoT_cleanbin_000009	Pseudomonadota	3513	True	False	False	False	False	False	False	False	False	True	True	False	True	False	False	True	True	True	True	True
45PRr2_MAGScoT_cleanbin_000010	Planctomycetota	4074	False	True	False	False	False	False	False	False	False	False	True	False	True	False	False	True	True	False	True	True
45PRr2_MAGScoT_cleanbin_000015	Bacteroidota	4705	True	False	True	False	False	False	True	False	False	True	True	False	False	False	False	True	True	True	True	True
45PRr2_MAGScoT_cleanbin_000016	Actinomycetota	3471	True	False	True	False	False	False	True	False	True	True	True	True	True	False	True	True	True	False	True	True
45PRr2_MAGScoT_cleanbin_000019	Pseudomonadota	3065	False	False	True	False	False	False	False	False	True	True	True	False	True	False	False	True	True	True	True	False
45PRr2_MAGScoT_cleanbin_000022	Bacillota	2772	False	False	False	False	False	False	False	False	False	True	False	False	False	True	True	True	True	True	False	True
45PRr2_MAGScoT_cleanbin_000029	Pseudomonadota	4245	True	False	False	False	False	False	False	False	True	True	True	True	True	False	False	True	True	True	True	True
45_MR59-66	unclassified	5259	False	False	False	False	False	False	True	False	False	False	False	True	False	True	False	True	True	True	True	True
46PRr3_MAGScoT_cleanbin_000003	Actinomycetota	2646	False	False	False	False	False	False	False	False	False	True	True	False	False	False	False	True	True	True	True	True
46PRr3_MAGScoT_cleanbin_000004	Pseudomonadota	2508	True	False	False	False	False	False	False	False	False	True	True	False	False	False	True	True	True	False	True	True
47PRr2_MAGScoT_cleanbin_000001	Pseudomonadota	2301	False	False	False	False	False	False	False	False	True	True	True	False	False	False	True	False	True	True	True	True
48Dr2_MAGScoT_cleanbin_000001	Pseudomonadota	3113	False	False	False	False	False	False	False	False	False	True	True	False	True	False	True	True	True	True	True	True
48Dr2_MAGScoT_cleanbin_000002	Actinomycetota	2443	False	False	False	False	False	False	False	False	True	True	True	False	False	False	False	True	True	True	True	True
48Dr2_MAGScoT_cleanbin_000003	Actinomycetota	2102	False	False	False	False	False	False	False	False	False	True	True	False	False	False	False	True	False	False	True	True
48Dr2_MAGScoT_cleanbin_000005	Actinomycetota	3282	False	True	False	False	False	False	False	False	False	True	True	True	False	False	True	True	True	True	False	False
48Dr2_MAGScoT_cleanbin_000006	Bacteroidota	3450	False	False	False	False	False	False	False	False	False	False	True	False	False	False	False	True	True	True	True	True
48PRr2_MAGScoT_cleanbin_000001	Bacteroidota	2272	False	False	False	False	False	False	True	True	False	False	True	False	False	False	False	True	True	True	True	True
48PRr2_MAGScoT_cleanbin_000002	Bacteroidota	2372	False	False	False	False	False	False	True	True	False	False	True	False	False	False	False	True	True	True	True	False
48PRr2_MAGScoT_cleanbin_000003	Bacteroidota	3246	False	False	False	False	False	False	True	True	True	True	True	False	False	False	False	True	True	True	True	True
48PRr2_MAGScoT_cleanbin_000004	Bacteroidota	2981	False	False	False	False	False	False	True	True	False	True	True	False	False	False	True	True	True	True	True	True
48PRr2_MAGScoT_cleanbin_000005	Bacteroidota	3787	False	False	False	False	False	False	True	True	False	True	True	False	False	False	False	True	True	True	True	True
48PRr2_MAGScoT_cleanbin_000006	Bacteroidota	2316	False	False	False	False	False	False	True	True	False	False	False	False	False	False	False	True	True	True	True	True
48PRr2_MAGScoT_cleanbin_000009	Deinococcota	2717	True	False	False	False	False	False	True	False	False	False	False	False	True	False	False	True	False	True	True	True
48PRr2_MAGScoT_cleanbin_000011	Bacteroidota	2131	False	False	True	False	False	False	True	False	False	False	False	False	False	False	False	True	True	True	True	True
48PRr2_MAGScoT_cleanbin_000013	Myxococcota	3146	False	False	False	False	False	False	True	True	False	True	True	False	True	False	False	True	True	True	True	True
48PRr2_MAGScoT_cleanbin_000016	Bacteroidota	2956	False	False	False	False	False	False	True	True	True	True	True	False	False	False	False	True	True	True	True	True
48PRr2_MAGScoT_cleanbin_000017	Bacteroidota	2324	False	False	False	False	False	False	True	False	False	False	True	False	False	False	False	True	True	True	True	True
48PRr2_MAGScoT_cleanbin_000024	Verrucomicrobiota	2519	False	False	False	False	False	False	False	True	False	False	True	False	False	False	False	True	True	False	True	False
48PRr2_MAGScoT_cleanbin_000029	Pseudomonadota	3088	False	False	True	False	False	False	False	False	True	True	True	True	False	False	False	True	True	True	True	True
48PRr2_MAGScoT_cleanbin_000030	Bdellovibrionota	2675	True	False	False	False	False	False	True	False	False	False	True	True	True	False	False	True	True	False	True	True
48PRr2_MAGScoT_cleanbin_000033	Actinomycetota	2214	False	False	False	False	False	False	True	False	False	True	True	True	True	False	False	True	True	True	True	True
48PRr2_MAGScoT_cleanbin_000038	Pseudomonadota	3224	False	False	False	False	False	False	True	False	False	True	True	True	True	False	True	True	True	True	True	True
48PRr2_MAGScoT_cleanbin_000048	Pseudomonadota	2435	False	False	False	False	False	False	True	False	False	True	False	True	True	False	False	True	True	False	True	True
48Sr2_MAGScoT_cleanbin_000001	Pseudomonadota	3123	False	False	False	False	False	False	False	False	True	True	True	True	False	False	True	True	True	True	True	True
48Sr2_MAGScoT_cleanbin_000002	Actinomycetota	3126	True	False	False	False	False	False	True	False	False	True	True	False	True	False	False	True	True	True	False	True
48Sr2_MAGScoT_cleanbin_000004	Pseudomonadota	1850	False	False	False	False	False	False	False	False	False	True	True	True	True	False	True	True	True	False	True	False
48Sr2_MAGScoT_cleanbin_000007	Bacteroidota	3064	False	False	False	False	False	False	True	True	False	True	True	False	False	False	False	True	True	True	True	False
48Sr2_MAGScoT_cleanbin_000008	Bacteroidota	3024	False	False	False	False	False	False	True	True	False	True	True	False	False	False	False	True	True	True	True	True
48Sr2_MAGScoT_cleanbin_000010	Chloroflexota	2664	False	False	False	False	False	False	True	False	False	True	True	False	True	False	False	True	True	True	True	False
48Sr2_MAGScoT_cleanbin_000011	Pseudomonadota	2484	False	False	False	False	False	False	True	False	False	True	True	True	False	False	False	True	True	True	True	True
48Sr2_MAGScoT_cleanbin_000013	Halobacteriota	3545	True	False	True	False	False	False	True	False	False	False	False	False	False	False	True	True	False	True	True	True
48Sr2_MAGScoT_cleanbin_000017	Bacteroidota	2469	False	False	True	False	False	False	False	False	False	False	False	True	True	False	False	True	True	True	True	True
48Sr2_MAGScoT_cleanbin_000018	Gemmatimonadota	3094	False	False	False	False	False	True	True	True	False	True	True	False	True	False	False	True	True	True	True	False
48Sr2_MAGScoT_cleanbin_000019	Pseudomonadota	3291	True	False	False	False	False	False	True	False	True	True	True	False	True	False	False	True	True	False	True	False
48Sr2_MAGScoT_cleanbin_000020	Bacillota	2749	False	False	False	False	False	False	False	False	False	False	False	False	False	True	False	True	True	True	True	True
48Sr2_MAGScoT_cleanbin_000021	Bacteroidota	3741	True	False	True	False	False	False	True	False	False	True	True	False	True	False	False	True	True	True	True	True
48Sr2_MAGScoT_cleanbin_000023	Verrucomicrobiota	2639	False	False	False	False	False	False	False	False	False	False	False	False	False	False	False	True	True	False	True	False
48Sr2_MAGScoT_cleanbin_000035	Pseudomonadota	2615	False	True	True	False	False	False	True	True	False	True	True	True	True	False	False	False	True	True	True	False
48Sr2_MAGScoT_cleanbin_000036	Pseudomonadota	3666	True	False	False	False	False	False	False	False	False	True	True	True	True	False	True	True	False	True	True	True
49Dr2_MAGScoT_cleanbin_000001	Pseudomonadota	2382	False	False	False	False	False	False	False	False	False	True	True	True	True	False	False	True	True	True	True	False
49Dr2_MAGScoT_cleanbin_000003	Bacteroidota	3298	False	False	True	False	False	False	True	False	False	True	True	True	True	False	False	True	True	True	True	True
49Dr2_MAGScoT_cleanbin_000004	Pseudomonadota	2370	True	False	False	False	False	False	False	False	False	True	True	False	True	False	False	False	True	False	True	False
49Dr2_MAGScoT_cleanbin_000005	Bacteroidota	2622	False	False	False	False	False	False	True	False	False	True	True	True	True	False	False	True	True	False	True	True
49Dr2_MAGScoT_cleanbin_000006	Bacteroidota	3294	False	False	True	False	False	False	False	False	False	True	True	True	True	False	False	True	True	True	True	True
49Dr2_MAGScoT_cleanbin_000010	Bacillota	2964	False	False	False	False	False	False	False	False	False	False	False	False	True	True	False	True	True	True	True	True
49Dr2_MAGScoT_cleanbin_000011	Bacteroidota	2790	False	False	True	False	False	False	False	False	False	True	True	False	True	False	False	True	True	True	True	True
49Dr2_MAGScoT_cleanbin_000012	Pseudomonadota	2659	False	False	False	False	False	False	False	False	False	True	True	True	True	False	True	True	True	True	True	False
49Dr2_MAGScoT_cleanbin_000017	Pseudomonadota	2841	False	False	False	False	False	False	False	False	False	True	True	True	True	False	False	True	True	True	True	True
49PRr1_MAGScoT_cleanbin_000001	Bacteroidota	4044	True	False	False	False	False	False	True	False	False	False	True	True	False	False	True	True	True	True	True	True
49PRr1_MAGScoT_cleanbin_000002	Bacteroidota	2850	False	False	False	False	False	False	True	False	False	False	False	True	False	False	True	True	True	True	True	True
49PRr1_MAGScoT_cleanbin_000003	Bacteroidota	2626	False	False	False	False	False	False	False	False	False	False	True	False	False	False	False	True	True	True	True	True
49PRr1_MAGScoT_cleanbin_000007	Pseudomonadota	2683	True	False	False	False	False	False	False	False	False	True	True	False	True	False	False	True	True	True	True	True
49PRr1_MAGScoT_cleanbin_000009	Bacteroidota	3514	False	True	True	False	False	False	False	False	False	True	True	False	True	False	False	True	True	True	True	False
49PRr1_MAGScoT_cleanbin_000010	Bdellovibrionota	2442	False	False	False	False	False	False	False	False	False	True	False	False	False	False	False	True	True	False	True	True
49PRr1_MAGScoT_cleanbin_000012	Verrucomicrobiota	3912	False	True	False	False	False	False	False	False	True	False	True	False	True	False	False	True	True	True	True	True
49PRr1_MAGScoT_cleanbin_000017	Pseudomonadota	3241	True	False	False	False	False	False	False	False	True	True	True	True	True	False	False	True	True	False	True	True
49PRr1_MAGScoT_cleanbin_000021	Planctomycetota	3914	False	False	False	False	False	False	True	False	False	False	True	True	True	False	False	True	True	False	True	True
49PRr1_MAGScoT_cleanbin_000024	Pseudomonadota	1911	False	False	False	False	False	False	False	False	False	False	False	False	True	False	False	True	True	False	True	True
49PRr1_MAGScoT_cleanbin_000030	Pseudomonadota	2460	False	False	False	False	False	False	False	False	False	True	False	False	False	False	False	True	True	True	True	True
49PRr1_MAGScoT_cleanbin_000038	Pseudomonadota	2806	False	False	False	False	False	False	False	False	False	True	True	True	False	False	True	True	True	True	True	True
4Dr2_MAGScoT_cleanbin_000001	Actinomycetota	7049	False	False	True	False	False	False	True	False	False	True	True	True	False	False	False	True	True	True	True	True
4Dr2_MAGScoT_cleanbin_000002	Chloroflexota	6253	False	True	False	False	False	False	True	False	False	False	False	True	False	False	False	True	True	True	True	True
4Dr2_MAGScoT_cleanbin_000003	Actinomycetota	2110	False	False	False	False	False	False	True	False	False	True	False	False	False	False	False	True	True	True	True	False
4Dr2_MAGScoT_cleanbin_000007	Actinomycetota	2467	False	False	False	False	False	False	True	False	False	True	False	False	False	False	False	True	True	False	True	False
4Dr2_MAGScoT_cleanbin_000016	Actinomycetota	5380	False	False	False	False	False	False	False	False	True	True	True	True	True	False	False	True	True	True	False	True
4PRr1_MAGScoT_cleanbin_000001	Bacteroidota	2799	False	False	False	False	False	False	False	False	False	False	True	False	False	False	False	True	True	False	True	True
4PRr1_MAGScoT_cleanbin_000002	Pseudomonadota	3757	True	False	False	False	False	False	False	False	False	True	True	True	True	False	False	True	True	True	True	True
4PRr1_MAGScoT_cleanbin_000004	Bacteroidota	3589	False	False	False	False	False	False	False	False	True	False	True	False	False	False	False	True	True	True	True	True
4PRr1_MAGScoT_cleanbin_000006	Bacillota	2916	False	False	False	False	False	False	False	False	False	False	False	False	True	True	False	True	True	True	True	True
4PRr1_MAGScoT_cleanbin_000007	Bacteroidota	5239	True	False	False	False	False	False	True	False	True	False	True	False	False	False	True	True	True	True	True	True
4PRr1_MAGScoT_cleanbin_000008	Chloroflexota	4914	True	False	True	False	False	False	False	False	True	False	True	False	True	False	True	True	True	True	True	True
4PRr1_MAGScoT_cleanbin_000012	Planctomycetota	3712	False	True	False	False	False	False	False	False	False	True	True	False	True	False	True	True	True	False	True	True
4PRr1_MAGScoT_cleanbin_000013	Bacteroidota	4035	False	False	False	False	False	False	False	False	True	False	True	True	False	False	True	True	True	True	True	True
4PRr1_MAGScoT_cleanbin_000015	Pseudomonadota	3899	True	False	False	False	False	False	False	False	True	True	True	False	True	False	False	True	True	True	True	True
4Sr3_MAGScoT_cleanbin_000002	Bacteroidota	3544	False	False	False	False	False	False	False	False	False	False	True	False	False	False	False	True	True	True	True	True
4Sr3_MAGScoT_cleanbin_000006	Actinomycetota	7310	True	False	False	False	False	False	False	False	True	False	True	True	True	False	True	True	True	True	True	False
50Dr1_MAGScoT_cleanbin_000001	Pseudomonadota	2477	False	False	False	False	False	False	False	False	True	False	False	True	False	False	False	True	True	True	True	False
50Dr1_MAGScoT_cleanbin_000004	Bacteroidota	4101	False	False	False	False	False	False	True	False	False	False	True	False	False	False	False	True	True	True	True	True
50Dr1_MAGScoT_cleanbin_000005	Pseudomonadota	4085	False	False	False	False	False	False	False	False	False	True	True	False	True	False	True	True	True	True	True	True
50Dr1_MAGScoT_cleanbin_000006	Bacteroidota	4515	False	False	True	False	False	False	True	False	False	False	True	False	False	False	False	True	True	True	True	True
50Dr1_MAGScoT_cleanbin_000007	Bacteroidota	4722	False	False	True	False	False	False	False	False	False	False	True	False	False	False	True	True	True	True	True	True
50Dr1_MAGScoT_cleanbin_000009	Pseudomonadota	3450	False	False	False	False	False	False	False	False	False	True	False	True	True	False	False	True	True	True	True	True
50Dr1_MAGScoT_cleanbin_000010	Deinococcota	3037	False	False	False	False	False	False	True	False	False	True	True	False	True	False	True	True	True	True	True	True
50Dr1_MAGScoT_cleanbin_000011	Pseudomonadota	2088	False	False	False	False	False	False	False	False	False	False	False	False	True	False	False	True	True	False	True	True
50Dr1_MAGScoT_cleanbin_000012	Actinomycetota	3092	True	False	False	False	False	False	False	False	True	True	True	True	False	False	False	True	True	True	True	True
50Dr1_MAGScoT_cleanbin_000013	Bacteroidota	5332	False	False	False	False	False	False	False	False	False	False	True	False	False	False	False	True	True	True	True	True
50Dr1_MAGScoT_cleanbin_000014	Bacillota	3536	False	False	False	False	False	False	False	False	False	False	False	False	False	True	True	True	True	True	True	True
50Dr1_MAGScoT_cleanbin_000017	Actinomycetota	5042	True	False	False	False	False	False	False	False	True	True	True	False	True	False	True	True	True	True	True	True
50Dr1_MAGScoT_cleanbin_000020	Planctomycetota	2463	False	False	False	False	False	False	False	False	False	True	True	False	True	False	True	True	True	True	True	True
50Dr1_MAGScoT_cleanbin_000022	Myxococcota	5373	False	True	False	False	False	False	False	False	True	True	True	True	True	False	True	True	True	True	True	True
50Dr1_MAGScoT_cleanbin_000024	Pseudomonadota	2935	True	False	True	False	False	False	False	False	True	True	True	False	True	False	True	True	True	True	True	False
50Dr1_MAGScoT_cleanbin_000026	Pseudomonadota	3999	False	False	False	False	False	False	False	False	True	False	True	False	False	False	False	True	True	True	True	True
50Dr1_MAGScoT_cleanbin_000030	Actinomycetota	2284	False	False	False	False	False	False	False	False	False	True	True	True	False	False	False	True	True	False	True	True
50Dr1_MAGScoT_cleanbin_000033	Bacteroidota	2979	False	False	False	False	False	False	False	False	False	False	True	False	False	False	False	True	True	True	True	True
50Dr1_MAGScoT_cleanbin_000034	Pseudomonadota	3564	False	False	False	False	False	False	False	False	True	False	True	True	True	False	False	True	True	True	True	True
50Dr1_MAGScoT_cleanbin_000035	Planctomycetota	3831	True	False	False	False	False	False	False	False	False	False	True	False	True	False	False	True	True	False	True	True
50Dr1_MAGScoT_cleanbin_000037	Actinomycetota	4404	True	False	False	False	False	False	True	False	False	True	True	False	False	False	False	True	True	True	True	False
50PRr2_MAGScoT_cleanbin_000002	Bacteroidota	3394	False	False	False	False	False	False	False	False	False	False	True	False	False	False	False	True	True	True	True	True
50PRr2_MAGScoT_cleanbin_000003	Thermoplasmatota	2185	False	False	True	False	False	False	False	False	False	False	False	False	False	False	False	True	False	True	True	True
50PRr2_MAGScoT_cleanbin_000006	Pseudomonadota	2583	False	False	False	False	False	False	False	False	False	True	False	False	True	False	False	False	True	True	True	False
50PRr2_MAGScoT_cleanbin_000014	Planctomycetota	4124	False	True	False	False	False	False	True	False	False	True	True	True	True	False	False	True	True	False	True	False
51Dr1_MAGScoT_cleanbin_000001	Bacteroidota	3685	False	False	False	False	False	False	True	False	True	False	True	False	False	False	False	True	True	True	True	True
51Dr1_MAGScoT_cleanbin_000002	Actinomycetota	3044	True	False	False	False	False	False	False	False	True	True	True	True	False	False	False	True	True	True	False	False
51Dr1_MAGScoT_cleanbin_000003	Bacteroidota	2496	False	False	False	False	False	False	True	False	False	False	True	False	False	False	True	True	True	True	True	True
51Dr1_MAGScoT_cleanbin_000004	Bacillota	2897	False	False	False	False	False	False	False	False	True	False	False	False	False	True	True	True	True	True	True	False
51Dr1_MAGScoT_cleanbin_000008	Bacteroidota	2604	False	False	False	False	False	False	False	False	False	False	True	False	False	False	False	True	True	True	True	True
51Dr1_MAGScoT_cleanbin_000012	Bacillota	2776	False	False	False	False	False	False	False	False	False	False	False	False	False	True	False	True	False	True	True	True
51Dr1_MAGScoT_cleanbin_000016	Thermoplasmatota	1676	False	False	True	False	False	False	False	False	False	False	False	False	False	False	False	True	False	False	True	True
51Dr1_MAGScoT_cleanbin_000017	Planctomycetota	3633	False	False	False	False	False	False	False	False	False	False	True	False	True	False	True	True	True	False	True	False
51Dr1_MAGScoT_cleanbin_000018	Gemmatimonadota	3985	True	True	False	False	False	False	True	False	False	True	True	True	True	False	False	True	True	True	True	False
55Dr2_MAGScoT_cleanbin_000001	Bacillota	3224	False	False	False	False	False	False	False	False	False	False	False	True	True	True	False	True	True	True	True	True
55Dr2_MAGScoT_cleanbin_000002	Actinomycetota	3059	True	True	True	False	False	False	True	False	False	True	True	False	True	False	True	True	True	True	True	True
55Dr2_MAGScoT_cleanbin_000003	Thermoplasmatota	2121	False	False	True	False	False	False	False	False	False	True	True	False	False	False	True	True	False	True	True	False
5Sr2_MAGScoT_cleanbin_000001	Pseudomonadota	2594	False	False	True	False	False	False	False	False	False	True	True	False	True	False	True	True	True	True	True	True
5Sr2_MAGScoT_cleanbin_000002	Gemmatimonadota	4063	True	False	False	False	False	False	False	False	False	True	True	False	False	False	False	True	True	True	True	False
5Sr2_MAGScoT_cleanbin_000005	Pseudomonadota	4291	True	False	False	False	False	False	False	False	False	True	False	False	False	False	False	True	True	True	True	True
62PRr2_MAGScoT_cleanbin_000001	Bacillota	2594	False	False	False	False	False	False	False	False	False	False	False	False	True	False	False	True	True	False	True	True
62PRr2_MAGScoT_cleanbin_000002	Actinomycetota	2682	False	True	True	False	False	False	True	False	False	True	True	False	True	False	False	True	True	True	False	True
62PRr2_MAGScoT_cleanbin_000005	Actinomycetota	2900	True	False	True	False	False	False	False	False	False	True	True	False	False	False	True	True	True	True	False	False
62PRr2_MAGScoT_cleanbin_000006	Bacillota	3343	False	False	False	False	False	False	True	False	True	False	False	True	False	True	False	True	True	True	True	True
62PRr2_MAGScoT_cleanbin_000007	Deinococcota	3025	False	False	False	False	False	False	True	False	False	True	True	False	True	False	False	True	True	True	True	True
62PRr2_MAGScoT_cleanbin_000008	Actinomycetota	2700	False	True	False	False	False	False	True	False	False	True	True	False	False	False	True	True	True	True	False	True
62PRr2_MAGScoT_cleanbin_000009	Bacteroidota	3647	False	False	False	False	False	False	True	False	False	True	True	False	False	False	True	True	True	True	True	True
62PRr2_MAGScoT_cleanbin_000011	Bacillota	3284	False	False	False	False	False	False	False	False	True	False	False	True	False	True	False	True	True	False	True	True
62PRr2_MAGScoT_cleanbin_000012	Actinomycetota	2895	True	False	False	False	False	False	False	False	False	True	True	True	True	False	True	False	True	True	False	True
62PRr2_MAGScoT_cleanbin_000016	Bacteroidota	3851	False	False	False	False	False	False	False	False	True	False	True	False	False	False	False	True	True	True	True	True
62PRr2_MAGScoT_cleanbin_000019	Actinomycetota	3208	True	True	False	False	False	False	False	False	False	True	True	False	True	False	True	True	True	True	False	False
64Dr3_MAGScoT_cleanbin_000001	Pseudomonadota	3050	False	False	False	False	False	False	False	False	True	True	True	False	True	False	False	True	True	True	True	True
64Dr3_MAGScoT_cleanbin_000003	Pseudomonadota	3374	False	False	True	False	False	False	True	False	True	True	False	True	True	False	True	True	True	True	True	True
64Dr3_MAGScoT_cleanbin_000004	Chloroflexota	3487	False	False	False	False	False	False	True	False	False	True	True	False	True	False	False	True	True	True	True	True
64Dr3_MAGScoT_cleanbin_000005	Bacteroidota	4030	True	False	False	False	False	False	False	True	False	False	True	True	False	False	True	True	True	True	True	True
64Dr3_MAGScoT_cleanbin_000006	Myxococcota	5603	False	False	False	False	False	False	False	True	True	True	True	True	True	False	True	True	True	True	True	True
64Dr3_MAGScoT_cleanbin_000010	Pseudomonadota	3007	False	False	True	False	False	False	False	False	False	True	False	True	True	False	False	False	True	True	True	True
64Dr3_MAGScoT_cleanbin_000018	Pseudomonadota	2889	False	False	False	False	False	False	False	False	False	True	True	False	False	False	False	True	True	True	True	True
64Dr3_MAGScoT_cleanbin_000023	Myxococcota	4893	False	False	False	False	False	False	False	False	True	True	True	True	True	False	True	True	True	True	True	True
64PRr2_MAGScoT_cleanbin_000001	Pseudomonadota	4907	True	False	False	False	False	False	True	True	True	True	True	True	True	False	True	True	True	True	True	True
64PRr2_MAGScoT_cleanbin_000002	Actinomycetota	3486	False	False	False	False	False	False	False	False	False	True	True	False	True	False	True	True	True	True	True	True
64PRr2_MAGScoT_cleanbin_000003	Acidobacteriota	5145	True	False	False	False	False	False	False	False	False	True	True	True	False	False	True	True	True	True	True	True
64PRr2_MAGScoT_cleanbin_000004	Pseudomonadota	3699	True	False	True	False	False	False	True	True	True	True	True	False	True	False	True	True	True	True	True	False
64PRr2_MAGScoT_cleanbin_000008	Acidobacteriota	4689	True	False	False	False	True	False	False	False	False	True	True	True	False	False	True	True	True	True	True	True
64PRr2_MAGScoT_cleanbin_000009	Actinomycetota	2514	False	False	False	False	False	False	True	False	False	True	True	False	True	False	True	True	True	True	True	True
64PRr2_MAGScoT_cleanbin_000012	Actinomycetota	2293	False	False	False	False	False	False	True	False	False	True	False	False	False	False	False	True	True	False	True	True
64PRr2_MAGScoT_cleanbin_000013	Pseudomonadota	4687	True	True	False	False	True	False	True	True	True	True	True	True	True	False	True	True	True	True	True	True
64PRr2_MAGScoT_cleanbin_000014	Actinomycetota	5089	True	True	False	False	False	False	False	False	True	True	True	True	True	False	True	True	True	True	True	True
64PRr2_MAGScoT_cleanbin_000017	Pseudomonadota	3310	True	False	False	False	True	False	False	False	True	True	False	False	True	False	True	False	True	True	True	True
64Sr2_MAGScoT_cleanbin_000001	Pseudomonadota	3672	False	False	False	False	False	False	True	False	False	True	True	True	True	False	True	True	True	True	True	True
64Sr2_MAGScoT_cleanbin_000002	Halobacteriota	3538	False	False	True	False	False	False	False	False	False	True	False	True	True	False	False	True	False	True	True	True
64Sr2_MAGScoT_cleanbin_000004	Pseudomonadota	3934	True	False	False	False	False	False	False	True	True	True	True	False	False	False	True	True	True	True	True	True
64Sr2_MAGScoT_cleanbin_000005	Pseudomonadota	3292	False	False	False	False	False	False	False	False	True	True	True	True	True	False	True	True	True	True	True	True
64Sr2_MAGScoT_cleanbin_000010	Actinomycetota	5018	True	True	True	False	False	False	False	False	True	True	True	True	True	False	False	True	True	True	True	True
6PRr2_MAGScoT_cleanbin_000005	Actinomycetota	2986	False	False	False	False	False	False	True	False	False	True	True	True	False	False	False	True	True	True	True	True
6PRr2_MAGScoT_cleanbin_000006	Actinomycetota	2273	False	False	False	False	False	False	False	False	False	True	True	False	False	False	True	True	True	True	True	True
7PRr2_MAGScoT_cleanbin_000001	Bacteroidota	3390	False	False	False	False	False	False	True	False	False	False	True	False	False	False	False	True	True	True	True	True
7PRr2_MAGScoT_cleanbin_000002	Pseudomonadota	2377	False	False	False	False	False	False	False	False	False	True	False	False	True	False	False	False	True	True	True	True
7PRr2_MAGScoT_cleanbin_000003	Pseudomonadota	4438	True	False	True	False	False	False	True	False	True	True	True	False	True	False	True	True	True	True	True	True
7PRr2_MAGScoT_cleanbin_000007	Pseudomonadota	3246	False	False	True	False	False	False	False	False	True	True	True	False	True	False	True	True	True	True	True	True
7PRr2_MAGScoT_cleanbin_000009	Actinomycetota	2806	False	True	False	False	False	False	True	False	False	True	True	False	True	False	False	False	True	True	False	True
7PRr2_MAGScoT_cleanbin_000010	Acidobacteriota	3899	True	True	False	False	False	False	False	False	False	False	False	True	False	False	False	True	True	False	True	True
7PRr2_MAGScoT_cleanbin_000012	Myxococcota	5758	False	False	False	False	False	False	True	False	True	True	True	True	True	False	True	True	True	True	True	True
7PRr2_MAGScoT_cleanbin_000023	Actinomycetota	4597	False	False	False	False	False	False	False	False	False	True	True	True	True	False	False	True	True	True	True	True
9Sr2_MAGScoT_cleanbin_000001	Halobacteriota	2578	False	False	False	False	False	False	True	True	False	False	False	False	True	False	True	True	False	True	True	True
9Sr2_MAGScoT_cleanbin_000003	Pseudomonadota	3544	False	False	False	False	False	False	False	False	False	True	False	False	True	False	True	True	True	True	True	True
F10PRr1_MAGScoT_cleanbin_000001	Pseudomonadota	3819	False	False	False	False	False	False	False	False	False	True	True	True	True	False	True	True	True	True	True	True
F10PRr1_MAGScoT_cleanbin_000002	Bacillota	2830	False	False	False	False	False	False	False	False	False	False	False	False	True	True	False	True	True	True	True	True
F10PRr1_MAGScoT_cleanbin_000003	Pseudomonadota	1987	False	False	False	False	False	False	True	True	False	False	False	False	True	False	False	True	True	False	True	True
F10PRr1_MAGScoT_cleanbin_000005	Halobacteriota	3449	False	False	False	False	False	False	False	False	True	False	False	True	True	False	False	True	False	True	True	True
F10PRr1_MAGScoT_cleanbin_000007	Bacillota	2459	False	False	False	False	False	False	False	False	False	False	False	False	True	True	False	True	True	True	True	False
F12Dr1_MAGScoT_cleanbin_000001	Actinomycetota	3115	False	True	False	False	False	False	False	False	False	True	True	False	False	False	False	False	True	False	False	False
F12PRr3_MAGScoT_cleanbin_000001	Bacteroidota	3380	False	False	False	False	False	False	False	False	False	False	True	False	False	False	True	True	True	True	True	True
F12PRr3_MAGScoT_cleanbin_000002	Bacteroidota	3851	False	False	True	False	False	False	False	False	False	False	True	False	False	False	True	True	True	True	True	True
F12PRr3_MAGScoT_cleanbin_000004	Actinomycetota	2625	False	False	False	False	False	False	False	False	False	True	True	False	False	False	True	True	True	True	True	True
F12PRr3_MAGScoT_cleanbin_000005	Actinomycetota	6215	False	False	False	False	False	False	False	False	False	True	True	True	True	False	True	True	True	True	True	True
F12PRr3_MAGScoT_cleanbin_000006	Actinomycetota	3024	False	False	False	False	False	False	False	False	True	True	True	False	False	False	True	False	False	True	True	True
F12PRr3_MAGScoT_cleanbin_000011	Thermoproteota	1733	False	False	False	False	False	True	True	True	True	False	True	False	False	False	False	True	False	False	True	True
F12PRr3_MAGScoT_cleanbin_000013	Pseudomonadota	3683	True	False	False	False	False	False	False	False	True	True	True	False	True	False	False	True	True	True	True	True
F13Dr1_MAGScoT_cleanbin_000005	Actinomycetota	4768	True	True	False	False	False	False	False	False	False	True	False	True	True	True	False	True	True	True	True	True
F13Dr1_MAGScoT_cleanbin_000006	Thermoplasmatota	2440	False	False	True	False	False	False	False	False	False	False	False	False	False	False	False	True	False	False	True	True
F13PRr1_MAGScoT_cleanbin_000001	Pseudomonadota	3506	True	False	False	False	False	False	False	False	True	True	True	True	True	False	False	True	True	True	True	True
F13PRr1_MAGScoT_cleanbin_000014	Actinomycetota	3116	True	False	False	False	False	False	False	False	False	True	True	False	False	False	False	True	False	True	False	True
F13PRr1_MAGScoT_cleanbin_000016	Pseudomonadota	2502	False	False	False	False	False	False	True	False	False	True	False	False	True	False	False	False	True	False	True	True
F14PRr2_MAGScoT_cleanbin_000001	Actinomycetota	2365	True	False	False	False	False	False	False	False	False	True	False	True	True	False	False	True	True	True	True	True
F14PRr2_MAGScoT_cleanbin_000002	Actinomycetota	3933	False	False	False	False	False	False	False	False	False	True	True	True	False	False	False	True	True	True	True	True
F14PRr2_MAGScoT_cleanbin_000003	Actinomycetota	4492	False	False	False	False	False	False	False	False	False	True	False	True	False	False	True	True	True	True	True	True
F14PRr2_MAGScoT_cleanbin_000005	Pseudomonadota	3141	False	False	True	False	False	False	True	True	True	False	True	True	False	False	False	True	True	True	True	True
F14PRr2_MAGScoT_cleanbin_000007	Actinomycetota	4282	True	False	False	False	False	False	False	False	False	True	False	False	False	False	False	True	True	True	True	True
F14PRr2_MAGScoT_cleanbin_000008	Actinomycetota	4410	False	False	True	False	False	False	False	False	False	True	False	True	False	False	False	True	True	True	True	True
F14PRr2_MAGScoT_cleanbin_000010	Actinomycetota	4216	True	False	True	False	False	False	False	False	False	True	False	True	False	False	False	True	True	True	True	True
F14PRr2_MAGScoT_cleanbin_000011	Actinomycetota	3884	True	False	True	False	False	False	False	False	False	True	False	False	False	False	False	True	True	True	True	True
F14PRr2_MAGScoT_cleanbin_000014	Actinomycetota	4061	False	False	False	False	False	False	False	False	True	True	False	False	False	False	False	True	True	True	False	True
F14PRr2_MAGScoT_cleanbin_000015	Actinomycetota	3204	False	False	False	False	False	False	False	False	False	True	True	True	False	False	False	True	True	True	False	True
F14PRr2_MAGScoT_cleanbin_000030	Actinomycetota	4256	True	False	False	False	False	False	False	False	True	True	True	True	True	False	False	True	True	True	True	True
F14PRr2_MAGScoT_cleanbin_000044	Actinomycetota	4132	True	False	False	False	False	False	False	False	False	True	True	True	True	False	False	True	False	True	False	True
F15Dr3_MAGScoT_cleanbin_000001	Actinomycetota	2378	True	True	True	False	False	False	True	False	False	True	True	False	False	False	False	True	True	False	False	False
F15Dr3_MAGScoT_cleanbin_000002	Pseudomonadota	2665	False	False	False	False	False	False	False	False	False	True	True	False	True	False	True	True	True	True	True	True
F15Dr3_MAGScoT_cleanbin_000003	Actinomycetota	2847	False	True	True	False	False	False	False	False	False	True	True	False	True	False	False	True	True	True	False	False
F15Dr3_MAGScoT_cleanbin_000004	Actinomycetota	1981	False	True	False	False	False	False	False	False	False	True	True	True	False	False	False	True	True	False	False	False
F15Dr3_MAGScoT_cleanbin_000005	Actinomycetota	2458	False	True	True	False	False	False	True	False	False	True	True	False	True	False	False	True	True	True	False	False
F15Dr3_MAGScoT_cleanbin_000006	Actinomycetota	2564	False	True	True	False	False	False	True	False	False	True	True	True	False	False	False	False	True	True	False	False
F15Dr3_MAGScoT_cleanbin_000012	Thermoproteota	1462	False	False	False	False	False	True	False	False	False	False	False	False	False	False	False	True	False	False	False	True
F15Sr2_MAGScoT_cleanbin_000002	Actinomycetota	3158	True	False	False	False	False	False	True	False	True	True	True	False	True	True	True	True	True	False	True	False
F15Sr2_MAGScoT_cleanbin_000008	Pseudomonadota	2311	False	False	False	False	False	False	False	False	False	True	False	False	False	False	False	True	True	True	True	False
F15Sr2_MAGScoT_cleanbin_000009	Pseudomonadota	2827	False	False	False	False	False	False	False	False	False	True	True	False	True	False	False	True	True	True	True	False
F15Sr2_MAGScoT_cleanbin_000010	Bacteroidota	2697	False	False	False	False	False	False	False	False	False	False	True	False	False	False	False	True	False	True	True	True
F17PRr3_MAGScoT_cleanbin_000001	Bacteroidota	3095	False	False	False	False	False	False	False	False	False	True	True	False	False	False	False	True	True	True	True	True
F17PRr3_MAGScoT_cleanbin_000002	Bacteroidota	3509	False	False	False	False	False	False	False	False	False	False	False	False	False	False	False	True	True	True	True	True
F17PRr3_MAGScoT_cleanbin_000003	Bacteroidota	3795	False	False	False	False	False	False	False	False	False	False	True	False	False	False	True	True	True	True	True	True
F17PRr3_MAGScoT_cleanbin_000005	Pseudomonadota	2219	False	False	True	False	False	False	True	False	False	False	True	False	False	False	False	True	True	True	True	False
F17PRr3_MAGScoT_cleanbin_000006	Actinomycetota	6537	True	False	False	False	False	False	False	False	True	True	False	True	True	False	True	True	True	True	True	True
F17PRr3_MAGScoT_cleanbin_000007	Bacteroidota	3555	False	False	True	False	False	False	False	False	False	False	True	False	False	False	True	True	True	True	True	True
F17PRr3_MAGScoT_cleanbin_000008	Pseudomonadota	2882	False	False	False	False	False	False	False	False	False	True	True	False	False	False	False	True	True	True	True	True
F17PRr3_MAGScoT_cleanbin_000010	Bacteroidota	4187	False	False	False	False	False	False	False	False	False	False	True	True	False	False	True	True	True	True	True	True
F17PRr3_MAGScoT_cleanbin_000017	Pseudomonadota	4721	True	False	True	False	False	False	True	True	True	True	True	False	True	False	False	True	True	True	True	False
F19PRr1_MAGScoT_cleanbin_000002	Bacteroidota	5457	True	False	True	False	False	False	False	True	True	True	True	False	False	False	True	True	True	True	True	True
F19PRr1_MAGScoT_cleanbin_000003	Actinomycetota	5675	False	False	False	False	False	False	False	False	True	True	True	True	True	True	False	True	True	True	True	True
F1Sr1_MAGScoT_cleanbin_000001	Actinomycetota	2961	False	True	False	False	False	False	True	False	False	True	True	False	True	False	False	True	True	True	False	False
F1Sr1_MAGScoT_cleanbin_000002	Actinomycetota	2656	False	True	False	False	False	False	True	False	False	True	False	False	False	False	False	False	True	True	True	False
F1Sr1_MAGScoT_cleanbin_000004	Actinomycetota	3261	True	True	False	False	False	False	True	False	False	True	True	False	True	False	False	True	True	True	True	False
F1Sr1_MAGScoT_cleanbin_000005	Chloroflexota	4382	True	True	True	False	False	False	True	False	False	True	True	True	True	False	False	True	True	True	True	True
F1Sr1_MAGScoT_cleanbin_000007	Thermoproteota	1734	False	False	False	False	False	True	False	False	True	False	False	False	False	False	False	True	False	False	True	True
F21Dr3_MAGScoT_cleanbin_000001	Actinomycetota	4706	False	False	False	False	False	False	False	False	False	True	True	True	True	True	False	True	True	True	False	True
F21Dr3_MAGScoT_cleanbin_000002	Actinomycetota	2654	True	True	True	False	False	False	True	False	False	True	True	False	True	False	False	True	True	True	False	False
F21Dr3_MAGScoT_cleanbin_000003	Pseudomonadota	2619	False	True	True	False	False	False	False	False	False	True	True	False	False	False	False	True	True	False	True	True
F21Dr3_MAGScoT_cleanbin_000006	Actinomycetota	3810	True	True	False	False	False	False	False	False	False	True	True	False	False	False	False	True	True	True	True	False
F21PRr1_MAGScoT_cleanbin_000002	Actinomycetota	2843	False	True	False	False	False	False	False	False	False	True	True	False	True	False	True	True	True	True	True	True
F21PRr1_MAGScoT_cleanbin_000003	Bdellovibrionota	2832	False	False	False	False	False	False	False	False	False	False	False	False	True	False	True	True	True	True	True	True
F21PRr1_MAGScoT_cleanbin_000004	Pseudomonadota	3303	False	False	False	False	False	False	False	False	False	True	True	True	True	False	False	True	True	True	True	True
F21PRr1_MAGScoT_cleanbin_000005	Actinomycetota	3433	True	False	False	False	False	False	True	False	False	True	True	True	False	False	False	True	True	True	False	False
F21PRr1_MAGScoT_cleanbin_000006	Bdellovibrionota	2841	False	False	False	False	False	False	True	False	False	False	False	False	True	True	True	True	True	True	True	True
F21PRr1_MAGScoT_cleanbin_000010	Bdellovibrionota	2513	True	False	False	False	False	False	False	False	False	False	False	False	False	False	True	True	True	True	True	True
F21PRr1_MAGScoT_cleanbin_000011	Actinomycetota	1592	False	True	True	False	False	False	True	False	False	True	False	False	False	False	False	True	True	False	True	False
F21PRr1_MAGScoT_cleanbin_000013	Pseudomonadota	4778	True	False	True	False	False	False	False	False	True	True	True	True	True	False	False	True	True	True	True	True
F21PRr1_MAGScoT_cleanbin_000014	Actinomycetota	2157	False	False	False	False	False	False	False	False	False	True	True	False	True	False	False	True	False	False	False	False
F21PRr1_MAGScoT_cleanbin_000017	Actinomycetota	3843	False	False	False	False	False	False	False	False	True	True	True	False	True	False	False	True	True	True	True	False
F21PRr1_MAGScoT_cleanbin_000019	Pseudomonadota	3119	True	False	False	False	False	False	False	False	True	True	True	False	True	False	False	True	True	True	True	True
F21PRr1_MAGScoT_cleanbin_000020	Pseudomonadota	3570	True	False	False	False	False	False	False	False	True	True	True	False	True	False	False	True	True	False	True	True
F21PRr1_MAGScoT_cleanbin_000028	Pseudomonadota	3202	False	False	False	False	False	False	False	False	True	True	True	False	True	True	False	True	True	True	True	False
F21PRr1_MAGScoT_cleanbin_000032	Actinomycetota	2880	True	False	False	False	False	False	False	False	False	True	True	False	True	False	False	True	True	True	False	False
F21PRr1_MAGScoT_cleanbin_000033	Pseudomonadota	3657	False	False	True	False	False	False	False	False	True	True	True	False	True	False	True	True	True	True	True	True
F21PRr1_MAGScoT_cleanbin_000034	Pseudomonadota	4197	True	False	False	False	False	False	False	False	True	True	True	False	True	False	True	True	True	True	True	True
F21PRr1_MAGScoT_cleanbin_000039	Pseudomonadota	3430	True	False	False	False	False	False	False	False	False	True	True	False	True	False	False	True	True	True	True	False
F21Sr2_MAGScoT_cleanbin_000005	Bacteroidota	3414	False	False	False	False	False	False	False	False	True	False	True	False	False	False	True	True	True	True	True	True
F21Sr2_MAGScoT_cleanbin_000007	Actinomycetota	2601	False	False	False	False	False	False	True	False	False	True	False	False	True	False	False	False	True	True	True	True
F21Sr2_MAGScoT_cleanbin_000011	Actinomycetota	2866	False	False	True	False	False	False	False	False	False	True	True	True	False	False	False	True	True	True	True	False
F21Sr2_MAGScoT_cleanbin_000013	Actinomycetota	2659	False	False	False	False	False	False	False	False	False	True	True	False	True	False	True	True	True	True	True	True
F21Sr2_MAGScoT_cleanbin_000016	Actinomycetota	3249	True	False	False	False	False	False	True	False	False	True	True	False	False	False	False	True	True	False	False	False
F21Sr2_MAGScoT_cleanbin_000019	Pseudomonadota	3407	False	False	False	False	False	False	False	False	True	True	True	False	False	False	False	True	True	True	True	True
F22PRr2_MAGScoT_cleanbin_000001	Actinomycetota	5176	True	False	False	False	False	False	False	False	True	True	True	False	True	False	False	True	True	True	False	True
F22PRr2_MAGScoT_cleanbin_000002	Nitrospirota	3521	False	False	True	False	False	False	True	False	True	False	True	True	True	False	False	True	True	False	True	False
F22PRr2_MAGScoT_cleanbin_000003	Actinomycetota	2172	False	True	True	False	False	False	False	False	False	True	True	False	False	False	False	True	True	False	True	False
F22PRr2_MAGScoT_cleanbin_000004	Actinomycetota	2211	True	True	True	False	False	False	True	False	False	True	True	False	False	False	False	True	True	True	True	False
F22PRr2_MAGScoT_cleanbin_000005	Actinomycetota	2453	False	False	False	False	False	False	True	False	False	False	True	False	False	False	False	True	True	False	True	False
F22PRr2_MAGScoT_cleanbin_000006	Actinomycetota	2699	False	False	False	False	False	False	True	False	False	True	False	False	False	False	False	True	True	True	True	False
F22PRr2_MAGScoT_cleanbin_000008	Thermoplasmatota	2162	False	False	True	False	False	False	False	False	False	False	False	False	True	False	False	True	False	False	True	True
F22PRr2_MAGScoT_cleanbin_000010	Chloroflexota	4490	True	True	False	False	False	False	True	False	False	True	True	True	False	False	False	True	True	True	True	True
F22PRr2_MAGScoT_cleanbin_000011	Actinomycetota	2087	False	True	False	False	False	False	True	False	False	True	False	False	False	False	True	True	True	True	True	False
F22PRr2_MAGScoT_cleanbin_000013	Actinomycetota	2322	False	False	False	False	False	False	True	False	False	True	False	False	False	False	False	True	True	True	True	False
F23PRr1_MAGScoT_cleanbin_000003	Pseudomonadota	2984	False	False	True	False	False	False	False	False	False	True	False	False	True	False	False	True	True	True	True	False
F23PRr1_MAGScoT_cleanbin_000005	Actinomycetota	1976	False	False	False	False	False	False	False	False	False	True	True	False	False	False	False	True	True	True	True	False
F23PRr1_MAGScoT_cleanbin_000006	Chloroflexota	4261	True	False	False	False	False	False	True	False	True	True	True	False	True	True	True	False	True	True	False	True
F23PRr1_MAGScoT_cleanbin_000007	Planctomycetota	4113	False	False	True	False	False	False	False	False	False	False	True	False	True	False	True	True	True	False	True	True
F23PRr1_MAGScoT_cleanbin_000010	Planctomycetota	4556	False	False	False	False	False	False	False	False	False	True	True	False	True	False	False	True	True	False	True	True
F23PRr1_MAGScoT_cleanbin_000042	Pseudomonadota	3142	True	False	True	False	False	False	False	False	False	True	True	False	True	False	False	True	True	True	True	True
F24PRr1_MAGScoT_cleanbin_000003	Chloroflexota	2185	True	False	False	False	False	False	False	False	False	True	True	True	False	False	False	True	True	True	False	False
F24PRr1_MAGScoT_cleanbin_000004	Actinomycetota	2623	True	False	False	False	False	False	False	False	False	True	True	True	False	False	False	True	True	True	True	False
F24PRr1_MAGScoT_cleanbin_000016	Bacillota	3167	False	False	False	False	False	False	False	False	False	False	False	False	False	True	False	True	True	True	True	True
F25Dr2_MAGScoT_cleanbin_000001	Thermoplasmatota	1505	False	False	False	False	False	False	True	False	False	False	False	False	False	False	False	True	False	True	False	True
F25Dr2_MAGScoT_cleanbin_000003	Actinomycetota	3021	False	True	True	False	False	True	True	False	False	True	True	True	False	False	False	True	True	True	True	True
F25Dr2_MAGScoT_cleanbin_000005	Actinomycetota	1840	False	True	True	False	False	False	False	False	False	True	False	False	False	False	False	True	True	True	True	False
F25Dr2_MAGScoT_cleanbin_000007	Actinomycetota	2960	True	False	False	False	False	False	False	False	False	True	True	False	False	False	False	True	True	True	False	True
F25Dr2_MAGScoT_cleanbin_000016	Chloroflexota	1570	False	True	False	False	False	False	True	False	False	True	True	True	False	False	False	True	True	True	False	False
F25Dr2_MAGScoT_cleanbin_000024	Actinomycetota	2034	False	False	False	False	False	False	False	False	False	True	True	False	False	False	False	True	True	True	True	True
F25PRr3_MAGScoT_cleanbin_000001	Pseudomonadota	1462	False	False	False	False	False	False	False	False	False	False	False	True	False	False	False	True	True	True	False	True
F25PRr3_MAGScoT_cleanbin_000002	Bacillota	1764	False	False	False	False	False	False	False	False	False	False	False	False	False	False	False	True	True	True	False	False
F25PRr3_MAGScoT_cleanbin_000004	Bdellovibrionota	2563	False	False	False	False	False	False	False	False	False	True	False	False	False	False	False	True	True	True	True	True
F25PRr3_MAGScoT_cleanbin_000008	Actinomycetota	2930	True	False	False	False	False	False	True	False	False	True	False	False	False	False	False	True	True	False	True	False
F25PRr3_MAGScoT_cleanbin_000009	Pseudomonadota	2419	False	False	False	False	False	False	False	False	False	True	False	False	False	False	True	True	True	True	True	True
F25PRr3_MAGScoT_cleanbin_000012	Bacillota	3417	False	False	True	False	False	False	False	False	True	False	False	False	False	True	False	True	False	True	False	True
F25PRr3_MAGScoT_cleanbin_000020	Pseudomonadota	2760	True	False	False	False	False	False	False	False	False	True	True	True	True	False	False	True	True	True	True	True
F25Sr1_MAGScoT_cleanbin_000003	Deinococcota	3619	False	False	False	False	False	False	False	False	False	True	True	False	True	False	False	True	True	True	True	True
F25Sr1_MAGScoT_cleanbin_000008	Verrucomicrobiota	3549	True	False	False	False	False	False	True	False	True	True	True	False	True	False	False	True	True	True	True	True
F25Sr1_MAGScoT_cleanbin_000016	Myxococcota	3733	True	False	True	False	False	False	True	False	True	True	True	False	False	True	False	True	True	True	True	True
F26Dr2_MAGScoT_cleanbin_000005	Nitrospirota	2647	False	True	True	False	False	False	True	False	True	False	True	False	True	True	False	True	True	True	True	False
F26PRr1_MAGScoT_cleanbin_000002	Bacteroidota	3642	False	False	False	False	False	False	False	False	False	False	True	True	False	False	True	True	True	True	True	False
F26PRr1_MAGScoT_cleanbin_000004	Thermoplasmatota	1540	False	False	False	False	False	False	False	False	False	False	False	False	False	False	False	True	False	True	False	True
F26PRr1_MAGScoT_cleanbin_000005	Pseudomonadota	2853	False	False	False	False	False	False	False	False	False	False	False	False	True	False	False	True	True	False	True	True
F26PRr1_MAGScoT_cleanbin_000006	Acidobacteriota	4504	True	True	False	False	False	False	True	False	False	True	True	True	True	False	False	True	True	True	True	True
F26PRr1_MAGScoT_cleanbin_000010	Pseudomonadota	3277	False	False	False	False	False	False	False	False	True	True	True	False	True	False	False	True	True	True	True	False
F26PRr1_MAGScoT_cleanbin_000011	Actinomycetota	4993	False	False	False	False	False	False	False	False	False	True	True	False	False	False	False	True	True	True	True	True
F26PRr1_MAGScoT_cleanbin_000015	Bacteroidota	4748	False	False	True	False	False	False	False	False	False	False	True	False	True	False	True	True	True	True	True	True
F26PRr1_MAGScoT_cleanbin_000017	Actinomycetota	3018	True	False	False	False	False	False	False	False	False	True	True	False	False	False	False	True	True	True	False	False
F26PRr1_MAGScoT_cleanbin_000022	Pseudomonadota	3284	False	False	True	False	False	False	False	False	True	True	True	True	True	False	True	True	True	True	True	True
F26PRr1_MAGScoT_cleanbin_000023	Planctomycetota	4003	True	False	False	False	False	False	True	False	False	False	True	False	True	False	False	True	True	False	True	True
F26PRr1_MAGScoT_cleanbin_000025	Pseudomonadota	3535	True	False	False	False	False	False	False	False	True	True	True	False	True	False	False	True	True	True	True	True
F27Dr1_MAGScoT_cleanbin_000003	Pseudomonadota	3177	False	False	True	False	False	False	False	False	False	True	True	False	False	False	False	True	True	False	True	False
F27Dr1_MAGScoT_cleanbin_000004	Gemmatimonadota	4683	False	True	False	False	False	False	True	False	True	True	True	False	True	False	False	True	True	False	True	False
F27Dr1_MAGScoT_cleanbin_000006	Actinomycetota	3142	True	True	False	False	False	False	True	False	False	True	False	False	False	False	False	True	True	False	True	False
F27Dr1_MAGScoT_cleanbin_000007	Pseudomonadota	3064	True	False	False	False	False	False	False	False	False	True	True	False	True	False	False	True	True	True	True	True
F27Dr1_MAGScoT_cleanbin_000008	Actinomycetota	2243	False	True	False	False	False	False	True	False	False	True	False	False	False	False	False	True	True	False	True	False
F27Dr1_MAGScoT_cleanbin_000009	Actinomycetota	1929	False	True	True	False	False	False	False	False	True	True	True	False	True	False	False	False	True	False	False	False
F27Dr1_MAGScoT_cleanbin_000010	Pseudomonadota	4948	True	True	False	False	False	False	True	False	True	True	True	True	True	False	False	False	True	False	True	True
F27Dr1_MAGScoT_cleanbin_000011	Gemmatimonadota	3225	False	True	True	False	False	False	False	False	False	True	True	False	False	False	False	True	True	False	True	True
F27Dr1_MAGScoT_cleanbin_000012	Actinomycetota	5289	True	False	False	False	False	True	False	False	True	True	True	True	False	False	False	True	True	True	False	False
F27Dr1_MAGScoT_cleanbin_000013	Actinomycetota	2347	False	True	False	False	False	False	True	False	False	True	False	False	False	False	False	True	True	True	False	False
F27Dr1_MAGScoT_cleanbin_000016	Actinomycetota	2864	False	False	False	False	False	False	True	False	False	True	False	True	False	False	False	True	True	False	True	False
F27Dr1_MAGScoT_cleanbin_000017	Actinomycetota	2356	False	True	True	False	False	False	True	False	False	True	True	False	False	False	True	True	False	False	True	False
F27Dr1_MAGScoT_cleanbin_000019	Actinomycetota	3016	True	False	False	False	False	False	True	False	False	True	False	False	False	False	False	True	True	True	True	False
F27Dr1_MAGScoT_cleanbin_000020	Actinomycetota	2832	True	True	False	False	False	False	True	False	False	True	True	False	False	False	False	True	True	True	False	False
F27Dr1_MAGScoT_cleanbin_000021	Actinomycetota	3026	False	False	False	False	False	False	True	False	False	True	False	True	False	False	False	True	True	True	True	False
F27Dr1_MAGScoT_cleanbin_000024	Actinomycetota	8175	True	False	True	False	False	False	True	False	True	True	True	True	True	False	False	True	True	True	True	True
F27Dr1_MAGScoT_cleanbin_000027	Planctomycetota	5737	False	True	False	False	False	False	False	False	True	True	True	False	True	False	False	True	True	False	True	True
F27Dr1_MAGScoT_cleanbin_000029	Actinomycetota	2939	False	True	False	False	False	False	True	False	False	True	True	True	False	True	False	True	True	False	True	False
F27PRr2_MAGScoT_cleanbin_000002	Bacillota	2309	False	False	False	False	False	False	False	False	False	False	False	True	True	True	True	True	True	True	True	True
F27PRr2_MAGScoT_cleanbin_000003	Bacillota	2559	False	False	False	False	False	False	False	False	False	False	False	False	False	True	False	True	True	True	True	True
F27Sr1_MAGScoT_cleanbin_000001	Bacillota	1694	False	False	False	False	False	False	False	False	False	False	False	False	False	False	False	True	True	False	True	True
F27Sr1_MAGScoT_cleanbin_000003	Bdellovibrionota	2702	False	False	False	False	False	False	False	False	False	False	False	True	True	False	True	True	True	True	True	True
F27Sr1_MAGScoT_cleanbin_000008	Pseudomonadota	3568	False	False	False	False	False	False	False	False	True	True	True	False	True	False	True	True	True	True	True	False
F28Dr1_MAGScoT_cleanbin_000001	Chloroflexota	3676	True	True	False	False	False	False	True	False	False	True	True	False	True	False	False	True	True	True	True	True
F28Dr1_MAGScoT_cleanbin_000010	Thermoplasmatota	1607	False	False	False	False	False	False	False	False	False	False	False	False	False	False	False	True	False	True	False	True
F28Dr1_MAGScoT_cleanbin_000014	Actinomycetota	2841	True	True	True	False	False	False	False	False	False	True	True	False	True	False	False	True	True	True	False	False
F28Dr1_MAGScoT_cleanbin_000019	Actinomycetota	3358	True	True	True	False	False	False	True	True	False	True	True	False	False	False	False	True	True	True	False	True
F28PRr2_MAGScoT_cleanbin_000001	Bacteroidota	3571	False	False	False	False	False	False	False	False	False	True	True	False	False	False	True	True	True	True	True	True
F28PRr2_MAGScoT_cleanbin_000002	Actinomycetota	2745	False	False	False	False	False	False	False	False	False	True	False	True	False	False	False	True	True	True	True	True
F28PRr2_MAGScoT_cleanbin_000003	Pseudomonadota	2700	False	False	False	False	False	False	False	False	False	True	False	False	True	False	False	True	True	True	True	True
F28PRr2_MAGScoT_cleanbin_000004	Pseudomonadota	3592	True	False	True	False	False	False	True	True	True	True	True	True	False	False	False	True	True	True	True	True
F28PRr2_MAGScoT_cleanbin_000005	Pseudomonadota	4027	True	False	True	False	False	False	False	False	True	True	True	False	True	False	False	True	True	True	True	False
F28PRr2_MAGScoT_cleanbin_000006	Actinomycetota	2355	False	False	False	False	False	False	False	False	False	True	False	True	False	False	False	True	True	True	True	True
F28PRr2_MAGScoT_cleanbin_000007	Pseudomonadota	3086	False	False	False	False	False	False	False	False	True	True	False	False	True	False	False	True	True	True	True	False
F28PRr2_MAGScoT_cleanbin_000008	Chloroflexota	2390	False	False	False	False	False	False	False	False	False	True	False	False	False	False	False	True	True	True	True	True
F28PRr2_MAGScoT_cleanbin_000012	Actinomycetota	3000	False	False	False	False	False	False	False	False	False	True	True	False	True	False	False	True	True	True	False	True
F28PRr2_MAGScoT_cleanbin_000013	Actinomycetota	5080	False	False	False	False	False	False	False	False	False	True	True	True	True	False	False	True	True	True	True	True
F28PRr2_MAGScoT_cleanbin_000014	Actinomycetota	3279	True	False	True	False	False	False	False	False	False	True	True	True	False	False	False	True	True	True	True	False
F28PRr2_MAGScoT_cleanbin_000015	Actinomycetota	3121	False	False	False	False	False	False	False	False	False	True	False	True	False	False	False	True	True	True	False	True
F28PRr2_MAGScoT_cleanbin_000022	Actinomycetota	2792	True	False	False	False	False	False	False	False	False	True	True	False	False	False	False	True	True	True	False	True
F28PRr2_MAGScoT_cleanbin_000030	Pseudomonadota	3166	True	False	True	False	False	False	False	False	False	True	True	True	True	False	False	True	True	True	True	False
F28PRr2_MAGScoT_cleanbin_000032	Actinomycetota	3384	False	False	True	False	False	False	False	False	False	True	True	False	True	False	True	True	True	True	True	False
F28PRr2_MAGScoT_cleanbin_000037	Actinomycetota	5174	True	False	False	False	False	False	False	False	True	True	False	False	True	False	False	True	False	True	True	False
F2Dr1_MAGScoT_cleanbin_000001	Actinomycetota	2832	True	True	True	False	False	False	True	False	False	True	True	False	True	False	False	True	True	True	False	False
F2Dr1_MAGScoT_cleanbin_000003	Actinomycetota	7091	True	False	False	True	False	False	False	False	False	True	True	True	True	False	False	True	True	True	True	False
F2Dr1_MAGScoT_cleanbin_000005	Actinomycetota	2849	False	False	True	False	False	False	True	False	False	True	False	False	False	False	False	True	True	True	True	False
F2PRr3_MAGScoT_cleanbin_000001	Bacillota	1640	False	False	False	False	False	False	False	False	False	False	False	False	False	False	False	True	True	False	True	True
F2PRr3_MAGScoT_cleanbin_000002	Acidobacteriota	3976	True	True	False	False	False	False	False	False	False	False	False	True	False	False	False	True	True	False	True	True
F2PRr3_MAGScoT_cleanbin_000003	Pseudomonadota	3974	False	False	False	False	False	False	False	False	False	False	True	False	True	False	True	True	True	True	True	True
F2PRr3_MAGScoT_cleanbin_000006	Actinomycetota	6670	True	True	False	False	False	False	True	False	True	True	True	False	True	True	True	True	True	True	False	False
F2PRr3_MAGScoT_cleanbin_000008	Pseudomonadota	4012	False	False	False	False	False	False	False	False	False	True	True	True	True	False	True	True	True	True	True	True
F2Sr2_MAGScoT_cleanbin_000001	Actinomycetota	2494	False	False	False	False	False	False	True	False	False	True	True	False	False	False	True	True	True	False	True	False
F2Sr2_MAGScoT_cleanbin_000002	Actinomycetota	2952	False	False	False	False	False	False	False	False	False	True	True	False	True	False	False	True	True	True	False	False
F2Sr2_MAGScoT_cleanbin_000003	Acidobacteriota	4075	True	False	False	False	False	False	False	False	False	False	True	False	False	False	False	True	True	True	True	False
F2Sr2_MAGScoT_cleanbin_000004	Actinomycetota	2048	False	False	False	False	False	False	False	False	False	True	False	False	True	False	False	True	True	False	True	False
F2Sr2_MAGScoT_cleanbin_000008	Chloroflexota	5749	False	True	True	False	True	False	True	False	False	False	True	False	True	False	False	True	True	True	True	False
F2Sr2_MAGScoT_cleanbin_000009	Acidobacteriota	4712	True	True	False	False	False	False	True	False	False	True	True	True	True	False	False	True	True	True	True	True
F2Sr2_MAGScoT_cleanbin_000011	Actinomycetota	3081	False	False	False	False	False	False	True	False	False	True	False	False	False	False	False	True	True	True	True	False
F31Dr2_MAGScoT_cleanbin_000005	Chloroflexota	4323	True	True	False	False	False	False	True	False	False	True	False	False	False	False	False	True	True	True	True	False
F31Dr2_MAGScoT_cleanbin_000013	Actinomycetota	2580	False	False	False	False	False	False	True	False	False	True	True	True	True	False	False	True	True	False	True	False
F31Dr2_MAGScoT_cleanbin_000017	Actinomycetota	4542	True	False	False	False	False	False	False	False	False	True	True	True	False	False	False	True	True	True	False	False
F32PRr1_MAGScoT_cleanbin_000001	Bacteroidota	3876	False	False	True	False	False	False	False	False	False	False	True	False	False	False	True	True	True	True	True	True
F32PRr1_MAGScoT_cleanbin_000002	Bacteroidota	5112	False	False	True	False	False	False	True	False	False	False	True	False	False	False	False	True	True	True	True	True
F32PRr1_MAGScoT_cleanbin_000003	Gemmatimonadota	3725	True	True	False	False	False	False	True	False	False	True	True	False	True	False	False	True	True	False	True	False
F32PRr1_MAGScoT_cleanbin_000008	Actinomycetota	4925	False	False	False	False	False	False	False	False	False	True	True	True	True	False	False	True	True	True	False	False
F32PRr1_MAGScoT_cleanbin_000009	Chloroflexota	4981	True	False	False	False	False	False	True	False	False	True	True	False	False	False	False	True	True	False	True	False
F32PRr1_MAGScoT_cleanbin_000010	Actinomycetota	3284	False	False	False	False	False	False	True	False	False	True	False	False	False	False	False	True	True	True	True	False
F32PRr1_MAGScoT_cleanbin_000011	Pseudomonadota	5260	True	True	False	False	False	False	True	False	False	True	True	True	True	False	False	True	True	True	True	True
F32PRr1_MAGScoT_cleanbin_000012	Actinomycetota	5674	True	False	True	False	False	False	False	False	True	True	True	True	True	False	True	True	True	True	True	True
F32PRr1_MAGScoT_cleanbin_000013	Verrucomicrobiota	3517	False	False	True	False	False	False	False	False	False	False	True	False	False	False	False	True	True	True	True	True
F32PRr1_MAGScoT_cleanbin_000014	Gemmatimonadota	3770	True	True	False	False	False	False	True	False	False	True	True	False	True	False	False	True	True	True	True	True
F32PRr1_MAGScoT_cleanbin_000016	Pseudomonadota	4259	True	True	True	False	False	False	False	False	True	True	True	False	True	False	False	True	True	True	True	False
F32PRr1_MAGScoT_cleanbin_000018	Actinomycetota	3580	True	False	False	False	False	False	False	False	False	True	True	False	True	False	False	True	True	True	True	False
F32PRr1_MAGScoT_cleanbin_000019	Planctomycetota	3919	True	True	False	False	False	False	False	False	False	False	True	False	True	False	False	True	True	False	True	False
F32PRr1_MAGScoT_cleanbin_000020	Pseudomonadota	2998	False	False	False	False	False	False	False	False	False	True	True	False	False	False	False	False	True	True	True	False
F32PRr1_MAGScoT_cleanbin_000021	Chloroflexota	5463	True	True	True	False	False	False	True	False	True	True	True	False	True	False	False	True	True	True	True	False
F32PRr1_MAGScoT_cleanbin_000029	Pseudomonadota	3205	True	False	False	False	False	False	False	False	True	True	True	False	True	False	True	True	True	True	True	True
F32PRr1_MAGScoT_cleanbin_000034	Actinomycetota	8361	False	True	False	False	False	False	False	False	True	True	True	True	True	False	False	True	True	True	False	True
F33PRr1_MAGScoT_cleanbin_000001	Actinomycetota	4308	False	False	False	False	False	False	False	False	True	True	True	False	True	False	False	True	True	True	False	True
F33PRr1_MAGScoT_cleanbin_000002	Pseudomonadota	3950	True	False	True	False	False	False	True	False	True	True	True	True	True	False	False	True	True	True	True	True
F33PRr1_MAGScoT_cleanbin_000004	Bacteroidota	2804	False	False	False	False	False	False	False	False	False	False	False	False	False	False	True	True	True	True	True	False
F33PRr1_MAGScoT_cleanbin_000005	Pseudomonadota	3250	False	False	False	False	False	False	False	False	False	True	False	True	True	False	False	True	True	False	True	True
F33PRr1_MAGScoT_cleanbin_000006	Actinomycetota	4748	True	False	False	False	False	False	False	False	True	True	True	True	True	False	True	True	True	True	False	True
F33PRr1_MAGScoT_cleanbin_000007	Actinomycetota	4992	True	True	False	False	False	True	False	False	False	True	False	True	False	False	False	True	True	True	False	True
F33PRr1_MAGScoT_cleanbin_000009	Actinomycetota	3557	False	True	False	False	False	False	True	False	False	True	True	True	False	False	False	True	True	False	True	True
F33PRr1_MAGScoT_cleanbin_000010	Actinomycetota	2935	True	True	False	False	False	False	False	False	False	True	True	False	False	False	True	True	True	False	True	False
F33PRr1_MAGScoT_cleanbin_000012	Myxococcota	5738	True	False	False	False	False	False	False	False	False	False	False	False	True	False	True	True	True	True	True	False
F33PRr1_MAGScoT_cleanbin_000014	Chloroflexota	2162	False	False	False	False	False	False	False	False	False	True	True	True	False	False	False	True	True	False	False	True
F33PRr1_MAGScoT_cleanbin_000015	Pseudomonadota	2635	False	False	False	False	False	False	False	False	False	True	False	True	True	False	False	False	True	False	True	True
F33PRr1_MAGScoT_cleanbin_000016	Armatimonadota	3206	False	False	False	False	False	False	False	False	False	False	False	True	True	False	False	True	True	True	True	False
F33PRr1_MAGScoT_cleanbin_000017	Pseudomonadota	4426	True	True	False	False	False	False	False	False	False	True	True	False	True	False	False	True	False	True	True	True
F33PRr1_MAGScoT_cleanbin_000018	Bacteroidota	2589	False	False	False	False	False	False	False	False	True	False	True	False	False	False	False	True	True	True	True	True
F33PRr1_MAGScoT_cleanbin_000020	Chloroflexota	4532	True	False	True	False	False	False	True	False	False	True	True	True	False	False	False	True	True	False	True	True
F33PRr1_MAGScoT_cleanbin_000022	Gemmatimonadota	2726	False	True	False	False	False	False	False	False	False	False	True	False	False	False	False	True	True	False	True	False
F33PRr1_MAGScoT_cleanbin_000023	Acidobacteriota	5337	True	True	False	False	False	False	False	False	False	True	True	True	True	False	False	True	True	False	True	True
F33PRr1_MAGScoT_cleanbin_000028	Pseudomonadota	5210	True	False	True	False	False	False	True	True	True	True	True	False	True	False	False	True	True	True	True	True
F33PRr1_MAGScoT_cleanbin_000030	Pseudomonadota	2492	False	False	True	False	False	False	False	False	True	True	False	True	True	False	True	False	True	True	True	False
F33PRr1_MAGScoT_cleanbin_000031	Planctomycetota	3560	True	True	True	False	False	False	False	False	False	True	True	True	False	False	False	True	True	False	True	False
F33PRr1_MAGScoT_cleanbin_000032	Actinomycetota	6716	True	False	True	False	False	False	False	False	True	True	True	True	True	False	False	True	True	True	False	True
F33PRr1_MAGScoT_cleanbin_000037	Planctomycetota	3819	False	True	False	False	False	False	False	False	False	False	True	False	True	False	False	True	True	True	True	True
F33PRr1_MAGScoT_cleanbin_000048	Actinomycetota	5172	True	True	False	False	False	False	False	False	False	True	True	True	True	False	True	True	True	True	True	True
F34PRr2_MAGScoT_cleanbin_000001	Actinomycetota	4760	True	False	False	False	False	True	False	False	False	True	True	True	False	False	False	True	True	True	False	False
F34PRr2_MAGScoT_cleanbin_000002	Bacteroidota	4202	False	False	False	False	False	False	False	False	False	False	True	True	False	False	False	True	True	True	True	True
F34PRr2_MAGScoT_cleanbin_000003	Bacteroidota	4161	False	False	True	False	False	False	False	False	True	True	True	False	False	False	False	True	True	True	True	True
F34PRr2_MAGScoT_cleanbin_000006	Actinomycetota	2357	True	True	True	False	False	False	True	False	False	True	True	False	False	False	False	True	True	False	True	False
F34PRr2_MAGScoT_cleanbin_000007	Actinomycetota	2877	True	True	True	False	False	False	True	False	False	True	True	False	False	False	False	True	True	True	True	True
F34PRr2_MAGScoT_cleanbin_000008	Chloroflexota	4419	True	True	False	False	False	False	True	False	False	True	True	False	True	False	True	True	True	True	True	True
F34PRr2_MAGScoT_cleanbin_000010	Actinomycetota	2765	True	True	True	False	False	False	False	False	False	True	True	False	False	False	True	True	True	False	True	True
F34PRr2_MAGScoT_cleanbin_000012	Actinomycetota	3203	False	False	False	False	False	False	False	False	False	True	True	False	False	False	False	True	True	False	True	False
F34PRr2_MAGScoT_cleanbin_000013	Actinomycetota	2468	False	False	False	False	False	False	True	False	False	True	True	True	True	False	True	True	True	True	True	False
F34PRr2_MAGScoT_cleanbin_000014	Pseudomonadota	4437	True	True	True	False	False	False	False	False	True	True	True	False	True	False	False	True	True	True	True	False
F34PRr2_MAGScoT_cleanbin_000017	Pseudomonadota	3348	False	False	False	False	False	False	False	False	True	True	True	False	True	False	True	True	True	True	True	True
F34PRr2_MAGScoT_cleanbin_000019	Actinomycetota	2559	False	False	False	False	False	False	True	False	False	True	True	False	False	False	False	True	True	True	False	True
F34PRr2_MAGScoT_cleanbin_000022	Thermoproteota	1843	False	False	False	False	False	True	True	False	True	False	False	False	False	False	False	True	False	False	True	True
F34PRr2_MAGScoT_cleanbin_000026	Actinomycetota	4298	True	True	True	False	False	False	False	False	False	True	True	True	True	False	False	True	True	True	False	False
F34PRr2_MAGScoT_cleanbin_000027	Pseudomonadota	2910	False	False	True	False	False	False	False	False	True	True	True	False	True	False	True	True	True	True	True	True
F34PRr2_MAGScoT_cleanbin_000030	Pseudomonadota	4463	True	True	True	False	False	False	False	False	True	True	True	False	True	False	False	False	True	True	True	False
F34PRr2_MAGScoT_cleanbin_000038	Pseudomonadota	5279	True	False	True	False	False	False	False	False	True	True	True	False	True	False	False	True	True	False	True	True
F34PRr2_MAGScoT_cleanbin_000046	Pseudomonadota	2566	False	False	False	False	False	False	False	False	False	True	False	False	True	False	False	False	True	True	True	False
F35Dr1_MAGScoT_cleanbin_000005	Actinomycetota	2984	True	True	False	False	False	False	True	False	False	True	True	False	True	False	False	True	True	False	False	False
F35Dr1_MAGScoT_cleanbin_000006	Actinomycetota	2956	True	True	True	False	False	False	True	False	False	True	True	False	True	False	False	False	True	True	True	False
F35Dr1_MAGScoT_cleanbin_000007	Actinomycetota	1754	False	True	True	False	False	False	True	False	False	True	False	False	False	False	False	True	True	True	True	False
F35Dr1_MAGScoT_cleanbin_000010	Actinomycetota	2835	True	False	False	False	False	False	False	False	False	True	True	False	False	False	False	True	True	True	False	False
F35Dr1_MAGScoT_cleanbin_000014	Actinomycetota	3084	True	True	False	False	False	False	False	False	False	True	True	False	True	False	False	True	True	True	False	False
F35Dr1_MAGScoT_cleanbin_000017	Actinomycetota	2764	False	True	False	False	False	False	True	False	False	True	True	False	True	False	False	True	True	True	False	False
F35PRr1_MAGScoT_cleanbin_000001	Pseudomonadota	2804	False	False	True	False	False	False	False	False	True	True	True	False	True	False	False	True	True	True	True	True
F35PRr1_MAGScoT_cleanbin_000002	Bacillota	3808	False	False	False	False	False	False	False	False	False	False	False	True	False	True	False	True	True	True	True	True
F35PRr1_MAGScoT_cleanbin_000003	Bacteroidota	3269	False	False	False	False	False	False	False	False	False	True	True	False	False	False	True	True	True	True	True	True
F35PRr1_MAGScoT_cleanbin_000004	Bacillota	3909	False	False	False	False	False	False	False	False	False	False	False	True	False	True	False	True	True	True	True	False
F35PRr1_MAGScoT_cleanbin_000005	Pseudomonadota	3909	False	False	True	False	False	False	True	False	True	False	True	False	True	False	False	True	True	True	True	False
F35PRr1_MAGScoT_cleanbin_000008	Actinomycetota	3675	True	False	False	False	False	False	False	False	False	True	True	True	False	False	False	True	True	True	True	False
F35PRr1_MAGScoT_cleanbin_000014	Pseudomonadota	2936	True	False	False	False	False	False	False	False	True	True	True	True	False	False	False	True	True	True	True	True
F35PRr1_MAGScoT_cleanbin_000015	Pseudomonadota	2922	False	False	False	False	False	False	False	False	True	True	True	False	True	False	False	True	True	True	True	True
F35PRr1_MAGScoT_cleanbin_000017	Actinomycetota	3037	False	False	True	False	False	False	False	False	False	True	True	True	False	False	False	True	True	True	True	True
F35PRr1_MAGScoT_cleanbin_000018	Pseudomonadota	3777	True	False	True	False	False	False	False	True	True	True	True	True	True	False	False	True	True	True	True	True
F35PRr1_MAGScoT_cleanbin_000019	Actinomycetota	4277	True	False	False	False	False	False	True	False	True	True	True	False	True	False	False	True	True	True	True	True
F35PRr1_MAGScoT_cleanbin_000020	Planctomycetota	4040	False	False	False	False	False	False	False	False	False	False	True	True	True	False	False	True	True	True	True	True
F35PRr1_MAGScoT_cleanbin_000021	Gemmatimonadota	2669	True	True	False	False	False	False	False	False	False	True	True	False	False	False	False	True	True	True	True	False
F35PRr1_MAGScoT_cleanbin_000023	Pseudomonadota	3434	True	False	False	False	False	False	False	False	True	True	True	False	True	False	False	True	True	True	True	True
F35PRr1_MAGScoT_cleanbin_000026	Actinomycetota	1814	False	False	False	False	False	False	False	False	False	True	True	False	False	False	False	True	True	True	True	True
F35PRr1_MAGScoT_cleanbin_000027	Actinomycetota	3755	True	False	False	False	False	False	False	False	True	True	True	False	False	False	True	True	True	True	False	True
F35PRr1_MAGScoT_cleanbin_000031	Gemmatimonadota	2978	True	False	False	False	False	False	False	False	False	True	True	False	True	False	False	True	True	True	False	False
F35PRr1_MAGScoT_cleanbin_000032	Actinomycetota	4280	False	False	False	False	False	False	False	False	False	True	True	True	True	False	True	True	True	True	True	True
F35PRr1_MAGScoT_cleanbin_000039	Pseudomonadota	2789	True	False	False	False	False	False	False	False	True	True	True	False	False	False	False	True	True	True	True	True
F36Sr1_MAGScoT_cleanbin_000006	Deinococcota	3014	False	False	False	False	False	False	True	False	False	True	True	False	True	False	False	True	True	True	True	True
F36Sr1_MAGScoT_cleanbin_000010	Bacteroidota	3121	False	False	False	False	False	False	False	False	False	False	True	False	False	False	False	True	True	True	True	True
F37Dr2_MAGScoT_cleanbin_000001	Pseudomonadota	2800	False	False	False	False	False	False	False	False	True	True	True	False	True	False	False	True	False	True	True	True
F37Dr2_MAGScoT_cleanbin_000002	Bacteroidota	3550	False	False	True	False	False	False	False	False	False	True	False	False	False	False	True	True	True	True	True	True
F37Dr2_MAGScoT_cleanbin_000003	Chloroflexota	4957	True	False	True	False	False	False	False	False	True	True	True	False	True	False	False	True	True	True	True	True
F37Dr2_MAGScoT_cleanbin_000005	Gemmatimonadota	3708	True	False	False	False	False	False	False	False	False	True	True	True	False	False	False	True	True	False	True	False
F37Dr2_MAGScoT_cleanbin_000006	Bacteroidota	3513	False	False	False	False	False	False	False	False	False	True	True	False	False	False	True	True	True	True	True	True
F37Dr2_MAGScoT_cleanbin_000008	Pseudomonadota	3621	True	False	True	False	False	False	False	False	True	True	True	False	True	False	False	True	True	True	True	True
F37Dr2_MAGScoT_cleanbin_000013	Myxococcota	4853	False	False	False	False	False	False	False	False	False	True	True	False	True	False	True	True	True	True	True	True
F37Dr2_MAGScoT_cleanbin_000015	Planctomycetota	2974	False	False	False	False	False	False	True	False	True	False	False	False	True	False	False	True	True	False	True	False
F37Dr2_MAGScoT_cleanbin_000016	Pseudomonadota	3604	True	False	False	False	False	False	False	False	False	True	False	False	True	False	False	True	True	True	True	True
F37Dr2_MAGScoT_cleanbin_000017	Actinomycetota	2731	False	False	True	False	False	False	False	False	False	True	True	False	False	False	False	True	True	True	True	True
F37Dr2_MAGScoT_cleanbin_000018	Planctomycetota	4369	False	False	False	False	False	False	False	False	False	False	True	False	True	False	True	True	True	True	True	True
F37Dr2_MAGScoT_cleanbin_000019	Armatimonadota	3801	False	False	True	False	False	False	False	False	True	False	False	True	False	False	True	True	True	True	True	True
F37Dr2_MAGScoT_cleanbin_000020	Gemmatimonadota	3920	False	False	False	False	False	False	False	False	False	True	True	False	True	False	False	True	True	True	True	False
F37Dr2_MAGScoT_cleanbin_000022	Planctomycetota	3067	False	False	True	False	False	False	False	False	True	False	True	True	True	False	False	True	True	False	True	True
F37Dr2_MAGScoT_cleanbin_000023	Pseudomonadota	2893	False	False	True	False	False	False	False	False	True	True	True	False	True	False	True	True	True	True	True	True
F37Dr2_MAGScoT_cleanbin_000027	Pseudomonadota	3781	True	False	True	False	False	False	True	False	True	False	True	False	True	False	False	True	True	True	True	False
F37Dr2_MAGScoT_cleanbin_000028	Planctomycetota	3661	True	False	False	False	False	False	False	False	False	True	True	False	False	False	False	True	True	False	True	True
F37Dr2_MAGScoT_cleanbin_000029	Planctomycetota	3031	False	False	False	False	False	False	False	False	True	False	True	False	True	False	False	True	True	True	True	True
F37Dr2_MAGScoT_cleanbin_000032	Actinomycetota	2351	False	False	False	False	False	False	False	False	False	True	True	True	False	False	False	True	True	True	True	True
F37Dr2_MAGScoT_cleanbin_000047	Pseudomonadota	3760	True	False	False	False	False	False	False	False	True	True	True	False	True	False	False	True	True	True	True	True
F37PRr2_MAGScoT_cleanbin_000004	Bacillota	3401	False	False	False	False	False	False	False	False	False	False	False	False	True	True	True	False	True	True	True	True
F37PRr2_MAGScoT_cleanbin_000006	Pseudomonadota	2773	False	False	False	False	False	False	False	False	True	True	True	False	True	False	False	False	True	True	True	False
F37PRr2_MAGScoT_cleanbin_000008	Actinomycetota	2266	False	False	False	False	False	False	False	False	True	True	True	False	False	False	False	True	True	True	True	True
F37PRr2_MAGScoT_cleanbin_000014	Bacteroidota	3162	False	False	True	False	False	False	False	False	True	False	True	False	False	False	False	True	True	True	True	True
F37Sr1_MAGScoT_cleanbin_000001	Pseudomonadota	2677	False	False	False	False	False	False	False	False	False	True	False	False	True	False	False	True	True	True	True	True
F37Sr1_MAGScoT_cleanbin_000002	Pseudomonadota	2455	True	False	False	False	False	False	False	False	False	False	False	False	True	False	True	True	True	True	True	False
F37Sr1_MAGScoT_cleanbin_000003	Actinomycetota	4183	False	False	False	False	False	False	False	False	False	True	False	True	False	False	False	True	True	True	False	True
F37Sr1_MAGScoT_cleanbin_000005	Actinomycetota	3361	True	False	False	False	False	False	True	False	False	True	True	False	True	False	False	True	True	False	True	False
F37Sr1_MAGScoT_cleanbin_000008	Pseudomonadota	2938	False	False	False	False	False	False	False	False	False	False	True	True	False	False	True	True	True	True	True	True
F37Sr1_MAGScoT_cleanbin_000009	Bacteroidota	3490	False	False	False	False	False	False	False	False	False	False	True	True	False	False	False	True	True	True	True	True
F37Sr1_MAGScoT_cleanbin_000013	Actinomycetota	4024	True	False	False	False	False	False	False	False	True	True	False	True	True	False	False	True	True	True	True	True
F37Sr1_MAGScoT_cleanbin_000014	Planctomycetota	4070	True	False	False	False	False	False	False	False	False	False	True	True	True	False	False	True	True	True	True	False
F38Dr3_MAGScoT_cleanbin_000001	Bacteroidota	3875	False	True	False	False	False	False	False	True	False	True	True	False	True	False	False	True	True	True	True	False
F38Dr3_MAGScoT_cleanbin_000003	Bacteroidota	5502	False	False	True	False	False	False	True	False	False	False	True	False	False	False	True	True	True	True	True	True
F38Dr3_MAGScoT_cleanbin_000005	Pseudomonadota	3101	False	False	False	False	False	False	False	False	False	True	False	False	False	False	False	False	True	False	True	True
F38Dr3_MAGScoT_cleanbin_000007	Actinomycetota	2323	False	True	False	False	False	False	True	False	False	True	True	False	False	False	True	True	True	True	False	False
F38Dr3_MAGScoT_cleanbin_000008	Actinomycetota	3395	True	False	False	False	False	False	False	False	False	True	True	True	False	False	False	False	False	True	True	False
F38Dr3_MAGScoT_cleanbin_000009	Pseudomonadota	4732	True	True	True	False	False	False	True	False	True	True	True	False	True	False	False	True	True	True	True	False
F38Dr3_MAGScoT_cleanbin_000011	Pseudomonadota	4122	True	False	True	False	False	False	False	False	True	True	True	False	True	False	False	False	True	True	True	False
F38Dr3_MAGScoT_cleanbin_000012	Bacteroidota	4257	False	False	False	False	False	False	False	False	True	True	True	True	False	False	False	True	True	True	True	False
F38Dr3_MAGScoT_cleanbin_000017	Bacteroidota	3935	False	False	True	False	False	False	False	False	False	False	True	False	False	False	False	True	True	True	True	False
F38Dr3_MAGScoT_cleanbin_000022	Actinomycetota	2392	True	False	False	False	False	False	False	False	False	True	False	False	True	False	False	True	True	False	True	False
F38Dr3_MAGScoT_cleanbin_000030	Actinomycetota	5198	False	False	False	False	False	False	False	False	True	True	False	False	False	False	False	True	True	True	False	True
F38PRr1_MAGScoT_cleanbin_000001	Pseudomonadota	3865	False	False	False	False	False	False	False	False	False	True	False	True	True	False	False	True	True	False	True	True
F38PRr1_MAGScoT_cleanbin_000003	Bacteroidota	4638	False	False	False	False	False	False	False	False	False	False	True	False	False	False	False	True	True	True	True	True
F38PRr1_MAGScoT_cleanbin_000004	Pseudomonadota	3222	False	True	True	False	False	False	False	False	False	True	False	False	True	False	False	True	True	False	True	True
F38PRr1_MAGScoT_cleanbin_000005	Pseudomonadota	2912	False	False	False	False	False	False	False	False	False	True	True	True	False	False	False	True	True	True	True	True
F38PRr1_MAGScoT_cleanbin_000006	Pseudomonadota	3594	False	False	False	False	False	False	False	False	True	True	True	False	False	False	False	True	True	False	True	True
F38PRr1_MAGScoT_cleanbin_000009	Actinomycetota	3049	False	True	False	False	False	False	True	False	False	True	True	False	True	False	False	True	True	True	True	True
F38PRr1_MAGScoT_cleanbin_000010	Actinomycetota	5042	False	False	False	False	False	False	False	False	True	True	True	True	True	False	True	True	False	True	True	True
F38PRr1_MAGScoT_cleanbin_000011	Fibrobacterota	3896	False	False	False	False	False	False	False	False	True	True	True	True	True	False	True	True	True	True	True	True
F38PRr1_MAGScoT_cleanbin_000013	Bacteroidota	3545	False	False	False	False	False	False	False	False	False	False	True	False	False	False	False	True	True	True	True	True
F38PRr1_MAGScoT_cleanbin_000017	Actinomycetota	4042	True	False	False	False	False	False	True	False	False	True	False	False	True	False	False	False	True	True	True	True
F38PRr1_MAGScoT_cleanbin_000020	Myxococcota	5749	False	True	False	False	True	False	False	False	True	True	True	False	True	False	False	True	True	True	True	True
F38PRr1_MAGScoT_cleanbin_000021	Bacteroidota	5185	False	False	False	False	False	False	True	False	False	False	True	False	False	False	True	True	True	True	True	True
F38PRr1_MAGScoT_cleanbin_000033	Actinomycetota	6954	True	False	False	False	False	False	True	False	True	True	True	False	True	False	False	True	True	True	True	True
F38Sr1_MAGScoT_cleanbin_000001	Actinomycetota	3032	True	True	False	False	False	False	True	False	False	True	True	False	False	False	False	True	True	False	True	False
F38Sr1_MAGScoT_cleanbin_000002	Actinomycetota	2757	True	True	True	False	False	True	True	False	False	True	True	True	False	False	False	True	True	True	False	False
F38Sr1_MAGScoT_cleanbin_000003	Actinomycetota	2361	False	True	True	False	False	False	True	False	False	True	True	True	False	False	False	True	True	False	False	False
F38Sr1_MAGScoT_cleanbin_000004	Actinomycetota	2395	True	True	True	False	False	True	False	False	False	True	True	True	False	False	False	True	True	True	False	False
F38Sr1_MAGScoT_cleanbin_000005	Actinomycetota	3223	True	True	False	False	False	False	False	False	False	True	True	True	True	False	False	True	True	True	False	True
F38Sr1_MAGScoT_cleanbin_000008	Actinomycetota	2812	True	True	False	False	False	False	False	False	False	True	True	False	False	False	False	True	True	False	False	False
F38Sr1_MAGScoT_cleanbin_000010	Bacteroidota	3311	True	False	False	False	False	False	False	False	False	False	True	False	False	False	False	True	True	True	True	True
F38Sr1_MAGScoT_cleanbin_000011	Actinomycetota	4467	True	False	True	False	False	False	False	False	False	True	False	True	True	False	False	True	True	True	False	True
F38Sr1_MAGScoT_cleanbin_000015	Actinomycetota	2512	True	False	False	False	False	True	False	False	False	True	True	False	False	False	False	True	True	True	False	False
F38Sr1_MAGScoT_cleanbin_000016	Actinomycetota	2537	True	True	True	False	False	False	True	False	False	True	True	False	True	False	False	True	True	False	False	False
F38Sr1_MAGScoT_cleanbin_000023	Actinomycetota	2363	False	True	True	False	False	False	False	False	True	True	True	False	True	False	False	True	True	True	False	False
F38Sr1_MAGScoT_cleanbin_000027	Actinomycetota	3081	True	True	False	False	False	False	True	False	False	True	True	False	True	False	False	True	True	True	True	False
F38Sr1_MAGScoT_cleanbin_000028	Actinomycetota	2807	True	False	False	False	False	False	True	False	False	True	True	False	True	False	False	True	True	False	True	True
F38Sr1_MAGScoT_cleanbin_000030	Actinomycetota	2723	False	True	True	False	False	True	True	False	False	True	True	True	False	False	True	True	True	False	False	False
F39PRr2_MAGScoT_cleanbin_000001	Actinomycetota	3292	True	False	False	False	False	False	False	False	False	True	False	True	False	False	False	True	True	True	False	True
F39PRr2_MAGScoT_cleanbin_000002	Actinomycetota	3687	True	False	False	False	False	False	False	False	False	True	True	True	False	False	False	True	True	True	False	False
F39PRr2_MAGScoT_cleanbin_000003	Pseudomonadota	3530	False	False	False	False	False	False	False	False	True	True	True	False	True	False	False	True	True	True	True	True
F39PRr2_MAGScoT_cleanbin_000007	Actinomycetota	4635	False	False	False	False	False	False	False	False	False	True	True	True	True	False	False	True	True	True	False	True
F39PRr2_MAGScoT_cleanbin_000009	Actinomycetota	5497	True	False	False	False	False	False	False	False	False	True	False	True	True	False	False	True	True	True	True	True
F39PRr2_MAGScoT_cleanbin_000010	Actinomycetota	3442	False	False	False	False	False	False	False	False	False	True	True	True	False	False	True	True	True	True	True	True
F39PRr2_MAGScoT_cleanbin_000016	Actinomycetota	5022	True	False	False	False	False	False	False	False	True	True	False	True	True	False	False	True	True	True	True	True
F39PRr2_MAGScoT_cleanbin_000020	Actinomycetota	4448	True	True	True	False	False	False	False	False	False	True	False	True	False	False	False	True	True	True	True	True
F39Sr1_MAGScoT_cleanbin_000001	Actinomycetota	2550	False	True	True	False	False	True	True	False	False	True	True	False	False	False	False	True	True	False	False	False
F39Sr1_MAGScoT_cleanbin_000002	Actinomycetota	2846	True	True	True	False	False	True	True	False	False	True	True	False	False	False	False	True	True	True	True	False
F39Sr1_MAGScoT_cleanbin_000003	Actinomycetota	4286	True	False	False	False	False	False	False	False	False	True	False	False	True	False	False	True	True	True	True	True
F39Sr1_MAGScoT_cleanbin_000006	Actinomycetota	3769	True	True	False	False	False	False	True	False	False	True	True	False	False	False	False	True	True	False	True	False
F39Sr1_MAGScoT_cleanbin_000007	Actinomycetota	3569	False	False	False	False	False	False	False	False	False	True	True	True	False	False	False	True	True	True	False	False
F39Sr1_MAGScoT_cleanbin_000008	Pseudomonadota	3559	True	False	False	False	False	False	False	False	True	True	False	False	True	False	False	True	True	True	True	True
F39Sr1_MAGScoT_cleanbin_000009	Pseudomonadota	2955	True	False	False	False	False	False	False	False	False	True	True	True	True	False	False	True	True	False	True	False
F41Dr3_MAGScoT_cleanbin_000001	Actinomycetota	2481	True	True	False	False	False	False	True	False	False	True	True	False	False	False	False	True	True	False	False	True
F41Dr3_MAGScoT_cleanbin_000002	Thermoplasmatota	2069	False	False	True	False	False	False	True	False	False	False	True	False	False	False	False	True	False	False	True	False
F41Dr3_MAGScoT_cleanbin_000003	Pseudomonadota	2750	False	False	False	False	False	False	True	False	False	True	False	True	True	False	False	True	True	True	True	False
F41Dr3_MAGScoT_cleanbin_000004	Actinomycetota	3127	False	True	True	False	False	False	True	False	False	True	True	True	False	False	False	True	True	False	False	False
F41Dr3_MAGScoT_cleanbin_000006	Actinomycetota	1761	False	False	False	False	False	False	False	False	False	False	False	False	False	False	False	True	True	False	False	True
F41Dr3_MAGScoT_cleanbin_000007	Bacillota	2982	False	False	False	False	False	False	False	True	False	False	False	False	False	True	False	True	True	True	True	False
F41Dr3_MAGScoT_cleanbin_000008	Actinomycetota	2605	True	True	True	False	False	False	False	False	False	True	True	False	False	False	False	True	False	False	False	True
F41Dr3_MAGScoT_cleanbin_000009	Thermoplasmatota	1851	True	False	False	False	False	False	True	True	False	True	True	False	False	False	False	False	False	False	False	False
F41Dr3_MAGScoT_cleanbin_000010	Actinomycetota	3026	False	True	True	False	False	False	True	False	False	True	True	False	False	False	False	True	True	True	False	False
F41Dr3_MAGScoT_cleanbin_000012	Chloroflexota	2678	True	False	False	False	False	False	True	False	False	True	False	False	False	False	False	True	True	False	True	False
F41Dr3_MAGScoT_cleanbin_000013	Actinomycetota	2976	False	True	True	False	False	True	True	False	True	True	True	False	True	False	False	True	True	False	True	False
F41Dr3_MAGScoT_cleanbin_000014	Pseudomonadota	3421	False	False	True	False	False	True	True	False	True	True	True	False	True	False	False	True	True	False	True	False
F41Dr3_MAGScoT_cleanbin_000016	Acidobacteriota	2529	True	True	False	False	False	False	False	False	False	True	True	True	False	False	False	True	False	False	True	False
F41Dr3_MAGScoT_cleanbin_000017	Pseudomonadota	3417	False	False	True	False	False	False	False	False	True	False	False	True	False	False	True	True	True	True	True	True
F41Dr3_MAGScoT_cleanbin_000019	Actinomycetota	4308	False	True	True	False	False	False	True	False	False	True	True	False	False	False	False	True	False	True	False	True
F41Dr3_MAGScoT_cleanbin_000020	Actinomycetota	3045	True	True	True	False	False	False	True	False	False	True	True	False	False	False	False	True	True	False	True	True
F41Dr3_MAGScoT_cleanbin_000023	Actinomycetota	2484	True	True	True	False	False	False	False	False	False	True	True	False	False	False	False	True	False	False	True	False
F41Dr3_MAGScoT_cleanbin_000026	Actinomycetota	3210	True	True	True	False	False	False	True	False	False	True	True	True	False	False	False	True	True	False	False	False
F41Dr3_MAGScoT_cleanbin_000028	Thermoproteota	1765	False	False	False	False	False	True	False	False	True	False	False	True	False	False	False	False	False	False	True	False
F41Dr3_MAGScoT_cleanbin_000031	Actinomycetota	3207	True	True	True	False	False	False	False	False	True	True	True	False	True	False	False	True	True	True	False	True
F41PRr1_MAGScoT_cleanbin_000001	Halobacteriota	2622	True	False	False	False	False	False	False	False	False	True	False	True	False	False	False	True	False	True	True	True
F41PRr1_MAGScoT_cleanbin_000002	Thermoplasmatota	1741	False	False	True	False	False	False	False	False	False	False	True	False	False	False	False	True	False	False	True	False
F41PRr1_MAGScoT_cleanbin_000003	Actinomycetota	2356	False	True	True	False	False	False	False	False	True	True	True	False	False	False	False	True	True	True	False	False
F41PRr1_MAGScoT_cleanbin_000004	Actinomycetota	3075	True	True	True	False	False	False	True	False	False	True	True	False	False	False	False	True	True	True	True	False
F41PRr1_MAGScoT_cleanbin_000005	Actinomycetota	3469	True	False	False	False	False	False	True	False	False	False	True	True	False	False	False	True	True	True	False	True
F41PRr1_MAGScoT_cleanbin_000007	Actinomycetota	3402	True	True	True	False	False	False	True	False	True	True	True	True	True	False	False	True	True	True	True	False
F41PRr1_MAGScoT_cleanbin_000008	Pseudomonadota	2950	True	False	False	False	False	False	False	False	False	True	False	False	True	False	True	True	True	True	True	False
F41PRr1_MAGScoT_cleanbin_000010	Actinomycetota	2289	False	True	True	False	False	False	True	False	False	True	True	False	False	False	False	True	True	True	False	False
F41PRr1_MAGScoT_cleanbin_000011	Acidobacteriota	3807	True	True	False	False	False	False	False	False	False	True	True	True	False	False	False	True	True	False	True	False
F41PRr1_MAGScoT_cleanbin_000012	Pseudomonadota	3566	True	False	False	False	False	False	False	False	False	True	False	True	True	False	True	True	True	False	True	False
F41PRr1_MAGScoT_cleanbin_000013	Actinomycetota	2766	False	False	False	False	False	False	True	False	False	True	False	True	False	False	False	True	True	False	True	False
F41PRr1_MAGScoT_cleanbin_000014	Actinomycetota	3246	True	True	True	False	False	False	True	False	True	True	True	True	False	False	False	True	True	True	False	False
F41PRr1_MAGScoT_cleanbin_000016	Pseudomonadota	4941	True	False	False	False	False	False	False	False	True	True	True	False	False	False	False	True	True	True	True	False
F41PRr1_MAGScoT_cleanbin_000017	Actinomycetota	3216	True	False	False	False	False	False	True	False	False	True	True	True	False	False	False	False	True	True	False	True
F42PRr2_MAGScoT_cleanbin_000004	Pseudomonadota	4072	False	False	True	False	False	False	True	True	True	True	True	False	True	False	False	True	True	True	True	True
F42PRr2_MAGScoT_cleanbin_000006	Actinomycetota	2665	False	False	False	False	False	False	False	False	False	True	False	False	False	False	False	True	True	True	True	True
F43PRr2_MAGScoT_cleanbin_000001	Pseudomonadota	5045	True	False	True	False	False	False	False	False	True	True	True	True	True	False	False	True	True	True	True	True
F43PRr2_MAGScoT_cleanbin_000002	Chloroflexota	4184	True	False	False	False	False	False	True	False	False	True	True	True	True	False	False	True	True	True	True	False
F45Dr3_MAGScoT_cleanbin_000001	Bacillota	2859	False	False	False	False	False	False	False	False	False	False	False	False	True	True	False	True	True	True	True	True
F45Dr3_MAGScoT_cleanbin_000002	Actinomycetota	4959	False	False	False	False	False	False	True	False	True	True	False	True	True	False	False	True	True	True	True	False
F45Dr3_MAGScoT_cleanbin_000003	Actinomycetota	3502	False	False	False	False	False	False	False	False	True	True	True	False	False	False	True	True	True	True	True	True
F45Dr3_MAGScoT_cleanbin_000005	Actinomycetota	3788	True	False	False	False	False	False	True	False	False	True	True	False	True	True	False	True	False	True	True	False
F45Dr3_MAGScoT_cleanbin_000006	Actinomycetota	2386	False	False	False	False	False	False	False	False	False	True	True	False	False	False	False	True	True	True	True	True
F45Sr3_MAGScoT_cleanbin_000004	Chloroflexota	1851	True	False	False	False	False	False	False	False	True	True	True	True	False	False	False	True	True	True	False	False
F45Sr3_MAGScoT_cleanbin_000009	Actinomycetota	3524	True	False	False	False	False	False	True	False	False	True	True	False	True	False	False	True	True	True	False	False
F46Dr2_MAGScoT_cleanbin_000001	Halobacteriota	3400	True	False	True	False	False	False	False	False	False	True	False	True	True	False	False	True	False	True	True	True
F48Sr2_MAGScoT_cleanbin_000001	Bacillota	3844	False	False	False	False	False	False	True	False	False	False	False	False	False	True	True	True	True	True	True	True
F48Sr2_MAGScoT_cleanbin_000007	Actinomycetota	2865	False	False	False	False	False	False	False	False	False	True	True	True	True	False	True	True	True	True	True	True
F48Sr2_MAGScoT_cleanbin_000014	Bacillota	3510	False	False	False	False	False	False	False	False	False	False	False	False	False	True	False	True	True	True	True	True
F48Sr2_MAGScoT_cleanbin_000017	Actinomycetota	3079	False	False	False	False	False	False	False	False	True	True	True	False	True	False	False	True	False	True	True	True
F49Dr1_MAGScoT_cleanbin_000001	Pseudomonadota	4204	False	True	False	False	False	False	False	False	False	True	True	True	False	False	False	True	True	False	True	True
F49Dr1_MAGScoT_cleanbin_000002	Actinomycetota	4860	True	False	False	False	False	False	False	False	False	True	False	True	True	False	False	True	True	True	True	True
F49Dr1_MAGScoT_cleanbin_000003	Pseudomonadota	4440	True	False	False	False	False	False	False	False	True	True	False	False	True	False	False	True	True	True	True	True
F49Dr1_MAGScoT_cleanbin_000006	Pseudomonadota	4069	False	False	False	False	False	False	False	False	True	True	True	True	True	False	False	True	True	True	True	True
F49Dr1_MAGScoT_cleanbin_000008	Actinomycetota	3716	True	False	False	False	False	False	True	False	False	True	True	False	False	False	False	True	True	True	False	True
F49Dr1_MAGScoT_cleanbin_000009	Myxococcota	6332	False	False	False	False	False	False	False	False	True	True	True	True	True	False	False	True	True	True	True	True
F49Dr1_MAGScoT_cleanbin_000011	Pseudomonadota	2721	False	False	False	False	False	False	False	False	True	True	True	False	True	False	False	True	True	True	True	False
F49Dr1_MAGScoT_cleanbin_000012	Planctomycetota	2835	True	True	True	False	False	False	False	False	False	False	True	True	False	False	False	True	True	False	True	True
F49Dr1_MAGScoT_cleanbin_000013	Actinomycetota	2686	False	False	True	False	False	False	False	False	False	True	True	True	False	False	False	True	True	True	True	True
F49Dr1_MAGScoT_cleanbin_000014	Actinomycetota	4238	True	False	False	False	False	False	False	False	False	True	False	False	False	False	False	True	True	True	False	True
F49Dr1_MAGScoT_cleanbin_000023	Actinomycetota	6775	False	False	False	False	False	False	True	False	True	True	True	True	True	False	False	True	True	True	False	True
F4Dr1_MAGScoT_cleanbin_000001	Actinomycetota	2557	True	False	False	False	False	False	False	False	False	True	True	False	False	False	False	True	True	False	True	False
F4Dr1_MAGScoT_cleanbin_000002	Chloroflexota	2092	False	False	False	False	False	False	False	False	False	True	True	False	False	False	False	True	True	True	False	False
F4Dr1_MAGScoT_cleanbin_000004	Actinomycetota	3409	False	True	False	False	False	False	False	False	False	True	True	False	True	False	False	True	True	False	True	False
F4Dr1_MAGScoT_cleanbin_000005	Actinomycetota	2427	True	True	False	False	False	False	True	False	False	True	False	False	False	False	False	True	True	False	True	False
F4Dr1_MAGScoT_cleanbin_000006	Actinomycetota	2773	False	True	True	False	False	False	True	False	False	True	True	False	False	False	False	True	True	False	True	False
F4Dr1_MAGScoT_cleanbin_000008	Actinomycetota	2225	True	True	True	False	True	False	False	False	False	True	True	False	False	False	False	True	True	False	True	False
F4Dr1_MAGScoT_cleanbin_000009	Actinomycetota	2428	False	True	False	False	False	False	True	False	False	True	False	False	False	False	False	True	True	True	False	False
F4PRr2_MAGScoT_cleanbin_000001	Thermoplasmatota	2202	True	False	True	False	False	False	False	False	False	False	False	False	False	False	False	True	False	False	True	True
F4PRr2_MAGScoT_cleanbin_000002	Chloroflexota	1816	True	True	False	False	False	False	False	False	False	True	True	True	False	False	False	True	True	True	False	False
F4PRr2_MAGScoT_cleanbin_000004	Actinomycetota	2220	False	False	False	False	False	False	True	False	False	True	True	False	False	False	False	True	True	False	True	False
F4PRr2_MAGScoT_cleanbin_000005	Pseudomonadota	2357	False	False	True	False	False	False	True	False	True	False	True	False	True	False	False	True	True	False	False	False
F4PRr2_MAGScoT_cleanbin_000008	Chloroflexota	2904	True	False	True	False	False	False	True	False	True	True	False	False	False	False	False	True	True	False	True	False
F4Sr2_MAGScoT_cleanbin_000001	Pseudomonadota	2535	False	False	True	False	False	True	True	False	True	True	True	False	True	False	False	True	True	False	True	False
F4Sr2_MAGScoT_cleanbin_000002	Pseudomonadota	3321	False	False	True	False	False	True	True	False	False	False	True	True	True	False	False	True	True	False	True	False
F4Sr2_MAGScoT_cleanbin_000003	Actinomycetota	2939	False	True	False	False	False	False	True	False	False	True	True	False	False	False	True	True	True	True	True	False
F4Sr2_MAGScoT_cleanbin_000004	Actinomycetota	3009	False	False	False	False	False	False	False	False	False	True	True	False	True	False	False	True	True	True	True	True
F4Sr2_MAGScoT_cleanbin_000006	Actinomycetota	2117	False	False	False	False	False	False	False	False	False	True	False	False	False	False	False	True	True	True	True	True
F4Sr2_MAGScoT_cleanbin_000007	Actinomycetota	3898	True	True	False	False	False	False	False	False	True	True	True	True	True	False	False	True	True	True	False	True
F4Sr2_MAGScoT_cleanbin_000010	Actinomycetota	3449	True	True	False	False	False	False	False	False	True	True	True	True	True	False	False	True	True	False	True	True
F4Sr2_MAGScoT_cleanbin_000011	Bacillota	1455	False	False	False	False	False	False	False	False	False	False	False	False	False	False	False	True	True	False	False	True
F4Sr2_MAGScoT_cleanbin_000012	Gemmatimonadota	3185	True	True	False	False	False	False	True	False	False	False	False	True	False	False	False	True	True	False	True	False
F4Sr2_MAGScoT_cleanbin_000017	Planctomycetota	4719	False	False	False	False	False	False	False	False	False	False	True	False	True	False	False	True	False	True	True	True
F4Sr2_MAGScoT_cleanbin_000019	Actinomycetota	5250	True	True	False	False	False	False	False	False	True	True	True	True	True	False	False	True	False	True	True	False
F51PRr1_MAGScoT_cleanbin_000001	Pseudomonadota	4150	True	False	True	False	False	False	False	False	True	True	True	True	True	False	False	True	True	True	True	False
F51PRr1_MAGScoT_cleanbin_000003	Pseudomonadota	3386	True	False	True	False	False	False	False	False	True	True	True	False	True	False	False	True	True	True	True	False
F54PRr2_MAGScoT_cleanbin_000001	Pseudomonadota	2315	False	False	True	False	False	False	True	False	True	True	True	True	True	False	True	True	True	True	True	False
F54PRr2_MAGScoT_cleanbin_000003	Actinomycetota	3244	True	False	False	False	False	False	True	False	False	True	True	True	False	False	True	True	True	True	True	True
F54PRr2_MAGScoT_cleanbin_000005	Chloroflexota	2786	True	False	False	False	False	False	False	True	True	True	True	True	False	False	False	True	True	True	False	True
F54PRr2_MAGScoT_cleanbin_000006	Pseudomonadota	2750	True	False	False	False	False	False	True	False	False	True	False	True	True	False	False	True	True	True	True	False
F54PRr2_MAGScoT_cleanbin_000007	Actinomycetota	3150	True	True	False	False	False	False	True	False	False	True	True	True	False	False	False	True	True	True	False	True
F54PRr2_MAGScoT_cleanbin_000008	Chloroflexota	4700	True	True	True	False	False	False	True	False	True	False	True	False	False	False	False	True	True	False	True	True
F54PRr2_MAGScoT_cleanbin_000009	Pseudomonadota	4556	True	False	False	False	False	False	True	True	True	True	False	True	True	False	False	True	True	True	True	True
F54PRr2_MAGScoT_cleanbin_000010	Chloroflexota	4770	True	True	True	False	False	False	True	True	False	False	False	False	True	False	False	True	True	False	True	False
F54PRr2_MAGScoT_cleanbin_000011	Gemmatimonadota	3027	False	False	False	False	False	False	True	False	False	True	True	False	True	False	True	True	True	True	True	False
F54PRr2_MAGScoT_cleanbin_000013	Planctomycetota	4810	False	True	True	False	False	False	True	False	False	True	True	True	True	False	False	True	True	True	True	True
F54PRr2_MAGScoT_cleanbin_000016	Pseudomonadota	3033	False	False	False	False	False	False	True	False	False	False	False	True	False	False	True	True	True	True	False	True
F58PRr1_MAGScoT_cleanbin_000001	Halobacteriota	2501	True	False	True	False	False	False	False	False	False	False	False	True	False	False	True	True	False	True	True	True
F58PRr1_MAGScoT_cleanbin_000002	Pseudomonadota	2186	False	False	False	False	False	False	False	False	False	False	False	False	False	False	True	True	True	True	True	True
F58PRr1_MAGScoT_cleanbin_000003	Bacillota	2033	False	False	False	False	False	False	False	False	False	False	False	False	True	False	False	True	True	True	True	True
F58PRr1_MAGScoT_cleanbin_000004	Actinomycetota	2602	False	False	False	False	False	False	False	False	False	True	True	True	True	False	True	True	True	True	True	True
F58PRr1_MAGScoT_cleanbin_000005	Bacillota	2435	False	False	False	False	False	False	False	False	False	False	False	False	True	True	False	False	True	True	True	False
F58PRr1_MAGScoT_cleanbin_000006	Pseudomonadota	1974	False	False	False	False	False	False	False	False	False	True	True	True	False	False	False	True	True	False	True	True
F58PRr1_MAGScoT_cleanbin_000007	Bacteroidota	2392	False	False	False	False	False	False	True	False	False	True	True	False	False	False	False	True	True	True	True	True
F58PRr1_MAGScoT_cleanbin_000008	Pseudomonadota	2299	False	False	False	False	False	False	False	False	False	True	True	True	True	False	False	True	True	True	True	True
F58PRr1_MAGScoT_cleanbin_000010	Bacillota	2560	False	False	False	False	False	False	False	False	False	False	False	True	False	True	False	True	True	True	True	True
F58PRr1_MAGScoT_cleanbin_000011	Myxococcota	3103	False	False	False	False	False	False	False	False	False	True	False	False	True	False	False	True	True	True	True	False
F58PRr1_MAGScoT_cleanbin_000014	Bacillota	2759	False	False	False	False	False	False	False	False	False	False	False	True	False	True	False	True	True	True	True	True
F58PRr1_MAGScoT_cleanbin_000015	Actinomycetota	2361	False	False	True	False	False	False	False	False	False	True	True	False	False	False	True	True	True	True	True	True
F58PRr1_MAGScoT_cleanbin_000017	Pseudomonadota	2502	False	False	False	False	False	False	False	False	True	True	True	False	True	False	False	True	True	True	True	False
F58PRr1_MAGScoT_cleanbin_000018	Pseudomonadota	1786	False	False	False	False	False	False	False	False	False	True	False	False	False	False	False	True	False	False	True	True
F58PRr1_MAGScoT_cleanbin_000019	Pseudomonadota	3030	False	False	False	False	False	False	False	False	True	False	True	True	True	False	True	True	True	True	True	True
F58PRr1_MAGScoT_cleanbin_000020	Pseudomonadota	2876	True	False	False	False	False	False	False	False	True	True	True	False	False	False	False	True	True	True	True	True
F58PRr1_MAGScoT_cleanbin_000021	Planctomycetota	3340	False	False	False	False	False	False	False	False	False	True	True	True	True	False	False	True	True	False	True	False
F58PRr1_MAGScoT_cleanbin_000031	Pseudomonadota	2347	False	False	False	False	False	False	False	False	False	False	True	True	True	False	True	True	True	True	False	True
F58Sr3_MAGScoT_cleanbin_000001	Halobacteriota	2355	False	False	False	False	False	False	False	False	True	True	False	True	True	False	False	False	False	False	True	True
F58Sr3_MAGScoT_cleanbin_000005	Actinomycetota	2185	False	False	False	False	False	False	True	False	False	True	True	False	False	False	False	True	True	False	False	True
F58Sr3_MAGScoT_cleanbin_000008	Actinomycetota	2613	False	False	False	False	False	False	False	False	False	True	True	False	False	False	True	True	True	True	True	True
F58Sr3_MAGScoT_cleanbin_000009	Bacteroidota	3432	True	False	True	False	False	False	True	False	False	False	True	False	False	False	True	True	True	True	True	True
F58Sr3_MAGScoT_cleanbin_000010	Bacteroidota	3471	False	False	False	False	False	False	True	False	False	True	True	False	False	False	False	True	True	True	True	True
F6Dr2_MAGScoT_cleanbin_000001	Pseudomonadota	2601	False	False	True	False	False	False	False	False	True	True	True	True	True	False	False	True	True	False	True	False
F6Dr2_MAGScoT_cleanbin_000002	Actinomycetota	2720	False	False	False	False	False	False	False	False	True	True	True	False	False	False	True	True	True	True	True	False
F6Dr2_MAGScoT_cleanbin_000003	Bacteroidota	2697	False	False	False	False	False	False	False	False	False	False	True	False	False	False	False	True	True	True	True	True
F6Dr2_MAGScoT_cleanbin_000005	Myxococcota	3931	False	False	False	False	False	False	False	False	True	False	True	False	False	False	True	True	True	True	True	True
F6Dr2_MAGScoT_cleanbin_000006	Acidobacteriota	4871	True	True	False	False	False	False	True	False	False	True	True	False	True	False	False	True	True	True	True	True
F6Dr2_MAGScoT_cleanbin_000007	Myxococcota	4045	False	True	False	False	False	False	False	False	True	True	True	False	True	False	False	True	True	False	True	True
F6Dr2_MAGScoT_cleanbin_000008	Bacteroidota	4248	False	False	False	False	False	False	False	False	True	False	True	False	False	False	False	True	True	True	True	True
F6Dr2_MAGScoT_cleanbin_000009	Acidobacteriota	3932	False	True	False	False	False	False	False	True	False	True	True	True	False	False	False	True	True	True	True	False
F6Dr2_MAGScoT_cleanbin_000012	Chlamydiota	1937	False	False	False	False	False	False	False	False	False	False	True	False	False	False	False	True	True	True	True	True
F6Dr2_MAGScoT_cleanbin_000014	Verrucomicrobiota	3609	False	True	False	False	False	False	False	False	True	False	True	False	False	False	True	True	True	False	True	True
F6Dr2_MAGScoT_cleanbin_000018	Planctomycetota	3589	True	False	True	False	False	False	False	False	True	True	True	False	False	False	False	True	True	False	True	True
F6Dr2_MAGScoT_cleanbin_000019	Myxococcota	4455	False	True	False	False	False	False	False	False	True	True	True	True	False	False	False	True	True	False	True	True
F6Dr2_MAGScoT_cleanbin_000020	Acidobacteriota	4277	False	True	False	False	False	False	False	False	False	True	True	False	False	True	True	True	True	False	True	False
F6Dr2_MAGScoT_cleanbin_000021	Myxococcota	7690	False	True	False	False	False	False	True	False	True	True	True	False	True	False	False	True	True	True	True	False
F6Dr2_MAGScoT_cleanbin_000026	Actinomycetota	2209	False	False	False	False	False	False	False	False	False	True	False	False	False	False	False	True	True	False	True	False
F8PRr3_MAGScoT_cleanbin_000001	Pseudomonadota	2700	True	False	False	False	False	False	False	False	True	True	True	False	True	False	False	True	True	True	True	False
F8PRr3_MAGScoT_cleanbin_000003	Actinomycetota	6885	True	False	True	False	False	False	False	False	True	True	True	True	True	False	True	True	True	True	True	False
F8PRr3_MAGScoT_cleanbin_000007	Actinomycetota	2565	False	False	False	False	False	False	False	False	False	True	True	False	False	False	True	True	True	True	True	True
F9PRr2_MAGScoT_cleanbin_000001	Pseudomonadota	4194	True	False	True	False	False	False	False	False	True	True	True	True	False	False	False	True	True	False	True	True
F9PRr2_MAGScoT_cleanbin_000002	Bacillota	3517	False	False	False	False	True	False	False	False	False	False	False	False	False	True	False	True	True	True	True	True
F9PRr2_MAGScoT_cleanbin_000003	Pseudomonadota	4273	False	True	True	False	False	False	False	False	True	True	True	True	True	False	False	True	True	True	True	True
F9PRr2_MAGScoT_cleanbin_000004	Pseudomonadota	3305	True	False	False	False	False	False	False	False	True	True	False	False	True	False	False	True	True	True	True	False
F9PRr2_MAGScoT_cleanbin_000005	Chloroflexota	4373	False	False	False	False	False	False	False	False	False	True	True	False	True	False	False	True	True	True	True	True
F9PRr2_MAGScoT_cleanbin_000006	Planctomycetota	3369	True	False	False	False	False	False	False	False	True	False	True	False	True	False	False	True	True	False	True	False
F9PRr2_MAGScoT_cleanbin_000007	Myxococcota	5292	False	True	False	False	True	False	True	False	True	True	True	True	True	False	False	True	True	False	True	True
F9PRr2_MAGScoT_cleanbin_000012	Bacillota	4202	False	False	False	False	True	False	True	False	False	False	False	False	False	True	False	True	True	True	True	True
T1Dr2_MAGScoT_cleanbin_000003	Actinomycetota	4481	True	False	False	False	False	False	True	False	False	True	True	True	True	False	False	True	True	True	False	True
T1Dr2_MAGScoT_cleanbin_000004	Actinomycetota	2845	False	True	False	False	False	False	True	False	True	True	True	False	True	False	False	True	True	True	False	False
T1Dr2_MAGScoT_cleanbin_000005	Actinomycetota	1740	False	True	True	False	False	False	True	False	True	True	True	False	False	False	False	True	True	True	False	False
T1Dr2_MAGScoT_cleanbin_000007	Actinomycetota	2681	False	False	False	False	False	False	True	False	False	True	False	False	False	False	False	True	True	True	True	False
T1Dr2_MAGScoT_cleanbin_000008	Pseudomonadota	3831	True	False	False	False	False	False	False	False	True	True	True	False	True	False	False	True	True	True	True	False
T1Dr2_MAGScoT_cleanbin_000010	Pseudomonadota	5758	False	False	False	False	False	False	False	False	False	True	True	False	True	False	True	True	True	True	True	True
T1PRr2_MAGScoT_cleanbin_000002	Actinomycetota	2469	False	False	False	False	False	False	False	False	False	True	True	False	False	False	False	True	True	False	False	True
T1PRr2_MAGScoT_cleanbin_000004	Bacteroidota	3155	False	False	False	False	False	False	False	False	False	False	True	False	False	False	True	True	True	False	True	True
T1PRr2_MAGScoT_cleanbin_000008	Acidobacteriota	4735	True	False	False	False	False	False	False	False	False	True	True	True	True	False	True	True	True	True	True	True
T2PRr2_MAGScoT_cleanbin_000001	Pseudomonadota	5196	True	False	True	False	False	False	True	False	True	True	True	False	True	False	True	True	True	True	True	False
T2PRr2_MAGScoT_cleanbin_000002	Bacillota	1339	False	False	False	False	False	False	False	False	False	False	False	False	False	False	False	True	True	False	False	False
T2PRr2_MAGScoT_cleanbin_000003	Actinomycetota	2807	False	False	False	False	False	False	True	False	False	True	True	False	True	False	False	True	True	True	False	False
T2PRr2_MAGScoT_cleanbin_000005	Actinomycetota	3525	False	False	False	False	False	False	True	False	True	True	True	False	True	False	False	True	True	True	True	False
T2PRr2_MAGScoT_cleanbin_000007	Chloroflexota	2004	False	False	False	False	False	False	False	False	False	True	False	True	False	False	False	True	True	False	False	True
T2PRr2_MAGScoT_cleanbin_000008	Actinomycetota	5727	True	False	False	False	False	False	False	False	False	True	True	True	True	False	False	True	True	True	True	True
T2PRr2_MAGScoT_cleanbin_000009	Bacillota	2863	False	False	False	False	False	False	False	False	False	False	False	False	True	False	False	True	True	False	True	True
T2PRr2_MAGScoT_cleanbin_000010	Actinomycetota	5283	True	True	False	False	False	False	True	False	True	True	True	False	True	False	True	False	True	True	False	True
T2PRr2_MAGScoT_cleanbin_000013	Actinomycetota	3178	False	False	False	False	False	False	True	False	False	True	False	False	False	False	False	True	True	True	True	False
T2PRr2_MAGScoT_cleanbin_000015	Actinomycetota	3250	True	False	False	False	False	False	True	False	False	True	False	False	False	False	False	True	True	True	True	False
T4PRr3_MAGScoT_cleanbin_000007	Actinomycetota	2822	True	False	False	False	False	False	False	False	False	True	True	False	False	False	False	True	True	True	False	True
T4PRr3_MAGScoT_cleanbin_000013	Actinomycetota	2729	False	False	False	False	False	False	False	False	False	True	True	False	False	False	True	True	True	True	True	True
T5Dr3_MAGScoT_cleanbin_000003	Actinomycetota	2057	False	False	False	False	False	False	False	False	False	True	True	False	False	False	False	True	True	False	True	False
T5Dr3_MAGScoT_cleanbin_000005	Actinomycetota	1934	False	False	False	False	False	False	False	False	False	True	False	False	False	False	False	True	True	False	True	False
T5Dr3_MAGScoT_cleanbin_000006	Actinomycetota	2751	False	False	False	False	False	False	True	False	False	True	False	False	False	False	False	True	True	False	True	False
T5Dr3_MAGScoT_cleanbin_000008	Actinomycetota	2784	False	True	False	False	False	False	True	False	False	True	True	False	False	False	False	True	True	True	False	False
T5PRr3_MAGScoT_cleanbin_000003	Actinomycetota	6183	True	True	True	False	False	False	False	False	True	True	True	True	False	False	False	True	True	True	True	False
T5PRr3_MAGScoT_cleanbin_000006	Actinomycetota	5541	True	False	False	False	False	False	False	False	True	True	True	False	True	False	True	True	True	True	True	True
T5PRr3_MAGScoT_cleanbin_000011	Chloroflexota	2189	True	False	False	False	False	False	False	False	False	True	False	False	False	False	False	True	True	True	False	False
T5Sr2_MAGScoT_cleanbin_000001	Pseudomonadota	4730	False	False	False	False	False	False	False	False	False	False	False	False	True	False	True	True	True	True	True	True
T5Sr2_MAGScoT_cleanbin_000002	Actinomycetota	2800	False	True	True	False	False	False	False	False	True	True	True	False	True	False	False	True	True	True	False	True
T5Sr2_MAGScoT_cleanbin_000007	Thermoproteota	1561	False	False	False	False	False	True	True	False	True	False	False	False	False	False	False	False	False	False	True	False
T6Dr3_MAGScoT_cleanbin_000001	Pseudomonadota	4967	True	False	False	False	False	False	False	False	True	True	True	False	True	False	False	True	True	True	True	True
T6Dr3_MAGScoT_cleanbin_000004	Pseudomonadota	2727	False	False	False	False	False	False	False	False	False	True	True	False	True	False	False	True	False	True	True	False
T6Dr3_MAGScoT_cleanbin_000006	Chloroflexota	2749	False	False	True	False	False	False	True	False	False	True	True	False	True	False	False	True	True	False	True	True
T6Dr3_MAGScoT_cleanbin_000007	Chloroflexota	4809	True	True	False	False	False	False	True	False	False	True	True	False	True	True	False	True	True	True	True	True
T6PRr1_MAGScoT_cleanbin_000004	Bacteroidota	3330	False	False	False	False	False	False	False	False	False	False	True	True	False	False	False	True	True	True	True	True
T7Dr3_MAGScoT_cleanbin_000001	Bacteroidota	4155	False	False	False	False	False	False	False	False	False	False	True	False	False	False	False	True	True	True	True	True
T7Dr3_MAGScoT_cleanbin_000002	Pseudomonadota	2756	False	False	False	False	False	False	False	False	False	True	False	False	True	False	False	True	True	True	True	True
T7Dr3_MAGScoT_cleanbin_000005	Pseudomonadota	2590	True	False	False	False	False	False	False	False	True	True	False	True	True	False	False	True	True	False	True	False
T7Dr3_MAGScoT_cleanbin_000007	Acidobacteriota	4950	True	False	False	False	False	False	False	False	False	True	True	True	True	False	False	True	True	True	True	True
T7Dr3_MAGScoT_cleanbin_000008	Bacteroidota	2771	False	False	False	False	False	False	False	False	False	False	True	False	False	False	False	True	True	True	True	True
T7Dr3_MAGScoT_cleanbin_000009	Armatimonadota	5352	True	False	False	False	False	False	False	False	False	True	True	False	True	False	False	True	True	True	True	False
T7Dr3_MAGScoT_cleanbin_000010	Pseudomonadota	2671	False	False	True	False	False	False	False	False	True	False	True	False	True	False	False	True	True	False	True	True
T7Dr3_MAGScoT_cleanbin_000011	Acidobacteriota	2993	False	True	False	False	False	False	False	False	False	False	True	False	True	False	False	True	False	True	True	True
T7Dr3_MAGScoT_cleanbin_000012	Myxococcota	4919	False	True	False	False	False	False	True	False	True	True	True	True	False	False	False	True	True	True	True	True
T7Dr3_MAGScoT_cleanbin_000013	Pseudomonadota	2990	False	False	False	False	False	False	False	False	True	True	True	False	True	False	False	True	True	True	True	True
T7Dr3_MAGScoT_cleanbin_000014	Acidobacteriota	4310	False	True	False	False	False	False	False	False	False	True	True	False	True	False	False	True	True	True	True	True
T7Dr3_MAGScoT_cleanbin_000015	Planctomycetota	4310	False	False	False	False	False	False	False	False	False	False	True	False	True	False	False	True	True	False	True	True
T7Dr3_MAGScoT_cleanbin_000019	Planctomycetota	4394	False	False	False	False	False	False	False	False	False	False	True	True	True	False	False	True	True	False	True	True
T7Dr3_MAGScoT_cleanbin_000023	Planctomycetota	4241	True	False	False	False	False	False	False	False	False	False	True	False	True	False	True	True	True	False	True	True
T7Dr3_MAGScoT_cleanbin_000029	Planctomycetota	3490	True	False	False	False	False	False	False	False	False	False	True	False	False	False	False	True	True	False	True	False
T7Dr3_MAGScoT_cleanbin_000030	Pseudomonadota	3275	False	False	False	False	False	False	False	False	True	False	True	False	True	False	False	True	True	True	True	False
T8Dr1_MAGScoT_cleanbin_000001	Pseudomonadota	2808	False	True	True	False	False	False	True	False	False	True	True	False	False	False	False	True	True	False	True	True
T8Dr1_MAGScoT_cleanbin_000002	Actinomycetota	4110	True	False	False	False	False	False	True	False	False	True	True	True	False	False	False	True	True	True	False	False
T8Dr1_MAGScoT_cleanbin_000003	Desulfobacterota_B	4796	True	True	False	False	False	False	True	False	False	True	True	True	True	False	True	True	True	True	True	True
T8Dr1_MAGScoT_cleanbin_000004	Actinomycetota	3989	True	True	True	False	False	True	True	False	False	True	True	True	False	False	False	True	True	True	True	True
T8Dr1_MAGScoT_cleanbin_000007	Desulfobacterota_B	3877	True	False	False	False	False	False	False	False	False	True	True	True	True	False	False	True	True	True	True	False
T8Dr1_MAGScoT_cleanbin_000009	Actinomycetota	2657	False	False	False	False	False	False	True	False	False	True	False	False	False	False	False	True	True	True	True	False
T8Dr1_MAGScoT_cleanbin_000010	Actinomycetota	2430	False	False	False	False	False	False	False	True	True	True	False	False	False	False	False	True	True	False	True	False
T8Dr1_MAGScoT_cleanbin_000011	Actinomycetota	4261	True	False	False	False	False	False	True	False	False	True	False	True	False	False	False	True	True	True	True	False
T8Dr1_MAGScoT_cleanbin_000013	Actinomycetota	2691	False	False	False	False	False	False	True	False	False	True	False	False	False	False	False	True	True	False	True	False
T8Dr1_MAGScoT_cleanbin_000015	Pseudomonadota	3415	True	False	False	False	False	False	True	False	True	True	True	False	True	False	False	False	True	True	True	False
T8Dr1_MAGScoT_cleanbin_000019	Acidobacteriota	3729	True	True	False	False	False	False	False	False	False	False	False	True	False	False	False	True	True	False	True	True
T8PRr1_MAGScoT_cleanbin_000002	Chloroflexota	4328	True	True	False	False	False	False	True	False	False	True	True	False	False	False	False	True	True	True	True	False
T8PRr1_MAGScoT_cleanbin_000004	Actinomycetota	3996	True	False	False	False	False	False	False	False	False	True	True	False	False	False	True	True	True	True	False	False
T8PRr1_MAGScoT_cleanbin_000005	Actinomycetota	3901	False	False	False	False	False	False	True	False	True	True	False	True	False	False	False	True	True	True	True	True
T8PRr1_MAGScoT_cleanbin_000008	Actinomycetota	3178	True	True	False	False	False	False	True	False	False	True	True	False	False	False	False	True	True	False	False	False
T8PRr1_MAGScoT_cleanbin_000009	Actinomycetota	5111	False	True	False	False	False	False	False	False	True	True	True	True	True	False	False	True	True	True	False	True
T8PRr1_MAGScoT_cleanbin_000014	Pseudomonadota	4969	True	False	False	False	False	False	False	False	True	True	True	False	True	False	False	True	True	True	True	True
T8PRr1_MAGScoT_cleanbin_000016	Actinomycetota	1999	False	False	False	False	False	False	False	False	False	True	False	False	False	False	False	True	True	True	False	False
T8PRr1_MAGScoT_cleanbin_000017	Actinomycetota	2157	False	False	False	False	False	False	False	False	False	True	False	False	False	False	False	True	True	True	True	False
