#OTU ID	CTL_Ctrl1_Trip1	CTL_Ctrl2	CTL_Ctrl3	CTL_ExtractionCtrlPro_Trip1	CTL_NTC2	CTL_NegCtrl1_Trip2	CTL_NegCtrl2_Trip2	CTL_PCRCtrl_Trip1	TRIP4_EB1	TRIP4_EB2	TRIP4_EB3	TRIP4_EB4	TRIP4_EB5	TRIP4_SEB
1542e91c99d9766e4afa866f20f227e2	53393	0	0	0	0	0	0	0	0	0	0	0	0	0
f2498d6f9a80f8edbd73769914d8a38a	48420	0	0	0	0	0	0	119	0	0	0	0	0	0
85dcefcabb539c1513210b3491f12168	0	7160	13228	282	0	15369	12229	107	0	0	0	0	0	0
899f472bcb20419a21a9af29154f02ea	43936	0	0	0	0	0	0	27	0	0	0	0	0	0
2f4a2b08eec8d8d5f66dc0d20552881f	40616	0	0	0	0	0	0	94	0	0	0	0	0	0
1cc7e5a05cf232d0e5d30035b3ab61bc	30234	5	4	0	0	0	0	83	0	0	0	0	0	0
c6cdc71a1f7376db5a843ade152ed641	28189	0	0	0	0	0	0	0	0	0	0	0	561	0
5120154a2e110a03470462117710de9b	0	4816	6708	6319	0	4689	4166	78	0	0	0	0	0	34
6e7604ec6f61c2fee0d97a8d8b3d057d	0	29	11	16953	1215	4	0	471	1525	1294	1000	903	1487	755
279ef3bc89505b2ffac7b88f8cc5ee8d	0	2406	4571	1792	0	5011	3812	0	0	0	0	0	0	45
22353e4ca7c67318338d32aa23dc428e	0	4400	3696	1508	0	3899	3646	132	0	0	0	0	0	0
1b1dbb75d5d28e3c4d13e332bede7fd4	0	4145	4638	902	0	3738	3332	103	0	0	0	0	0	0
90865788b8ad091f45313d18dc1ab2ce	0	16639	0	0	0	0	0	0	0	0	0	0	0	0
54101b5afcc1f2292e59bc5c04f52ff3	0	3461	3916	391	0	3376	3626	0	0	0	0	0	0	0
8fa495fd29c75d316a58131088abef33	0	8965	1848	0	0	698	509	0	0	0	0	0	0	0
747249a3047fbf2e202fdf7e885bd01e	0	11333	0	0	0	0	0	0	0	0	0	0	0	0
5bf8d80ebe4898d1e961de3791819b22	0	21	0	10664	0	0	0	30	52	0	0	0	0	194
448dbd891a66d6cbc432a90f68113186	10582	0	0	0	0	0	0	0	0	0	0	0	0	0
f6f28ee86415068e9998585aa6621fca	9987	0	0	0	0	0	0	0	0	0	0	0	0	0
af74bef8cfb2659cd8a8b6cc529c5f7d	0	3447	2899	442	0	1888	993	0	0	0	0	0	0	20
b1027995a38f014f49774b4bb2ed7f9a	0	0	0	8891	0	0	0	0	0	0	0	0	0	11
18402092b9bf53f295535c52e520fbff	0	1880	1869	0	0	2371	1696	0	0	0	0	0	0	0
014c0efbd112809f3c32f65fc3d86b90	0	3431	1813	772	0	796	638	204	0	0	0	0	0	0
023f970ba9470dbd7ff12269f38dcf55	0	7184	192	0	0	96	44	0	0	0	0	0	0	0
0a906fc42f65259c8ca23478f35e8193	0	7335	0	0	0	0	0	0	0	0	0	0	0	0
478171bf63468fbfd3d64becae9ad5dd	0	0	0	7317	0	0	0	0	0	0	0	0	0	5
471aab5b08ceabf0a488242b4a3f1300	0	3094	1467	867	0	855	786	96	0	0	0	0	0	0
a3a8c2081e49dcba4b72d853041f1267	0	0	0	7080	0	0	0	0	0	0	0	0	0	0
ca8736361540642fec3cbe3527e86093	0	0	0	6968	0	0	0	0	0	0	0	0	0	0
7afb08a96f9beb27e16622379df03cfe	0	3716	1550	458	0	530	501	140	0	0	0	0	0	0
bbc3fb9571dd358ce48282ca5b5e4bf3	0	1145	2162	1172	0	1319	973	11	0	0	0	0	0	0
b9ab0d4d157f7bc63823c685a0819b56	6762	0	0	0	0	0	0	0	0	0	0	0	0	0
9dfc6d55bd70beec024afc86cce31cc2	0	0	0	6758	0	0	0	0	0	0	0	0	0	0
35439b22c093ca36484fe53142919027	0	3378	1268	0	0	741	661	39	0	0	0	0	0	0
cda0a1e523ee447dd40258c136250d1c	0	0	0	5730	0	0	0	0	0	0	0	0	0	0
6bab3a643b14fc038108855f2a23df23	0	5680	0	0	0	0	0	0	0	0	0	0	0	0
471beaf22499da9a0779492186cd6a19	0	524	1954	2367	0	493	275	0	0	0	0	0	0	21
7735c24df5f9f16d42220e6280c4cf33	5576	0	0	0	0	0	0	0	0	0	0	0	0	0
7e6c0cd814dc740f05cfe9074aa761d2	0	0	0	5248	0	0	0	0	0	0	0	0	0	0
503c06919ff388867d62e9eec586c702	0	472	905	348	0	1637	1851	0	0	0	0	0	0	24
d557252314be12891eaac1b1c21f56d1	0	5144	38	0	0	0	0	0	0	0	0	0	0	0
2cd6b8fe873306cd7e3d9d09e9b16d28	0	0	0	4889	0	0	0	0	0	0	0	0	0	0
e3e973a432f471e0e872b9cffadb61e4	0	1344	721	1986	0	361	362	38	0	0	0	0	0	0
acb32191eadb8ef6ca9ff22fa26c53ed	0	0	0	0	0	0	0	0	1191	2693	866	0	0	0
5b3cae825069baf12ec4335f6ad62974	0	660	917	983	0	1026	928	0	0	0	0	0	0	0
590abe7a27a8072504fc90f2d2581eb1	0	306	993	1208	0	914	989	100	0	0	0	0	0	0
1d54bf40dee53634c0d1a17532d500ad	0	1308	1180	177	0	454	469	241	429	0	137	0	0	40
29de7e62787b2b64d6d9f41c0fde67d8	0	3981	121	0	0	71	46	0	0	0	0	0	0	0
3c573e58ac2a034b90c33aff248f8cbc	0	0	0	0	0	0	0	0	1427	2392	323	0	0	0
2d33c7770959a391c2022894667aaa7d	0	1743	1414	0	0	586	349	0	0	0	0	0	0	0
fa8eb9007a1a99b7bfa4a9e9e2b590f0	0	44	67	3701	0	71	0	56	0	0	0	0	0	137
c56b80d9154758d0ce647fb6c5ced4e3	3952	0	0	0	0	0	0	0	0	0	0	0	0	0
4fcc8cd7460d8cb86306ebfe3a149896	0	0	0	3101	0	0	0	0	0	836	0	0	0	15
9241af524f4f52badb5dead020760daf	0	0	0	3129	0	0	0	0	540	0	0	0	0	0
fb19efc31a63e6e31b9a239ab433fdae	0	882	1038	0	0	333	241	0	0	962	0	0	0	0
4dc979434327dd4f473a192cc2a0cfec	0	897	1659	0	0	562	245	0	0	0	0	0	0	0
cd5ac125748fbad5bf6d26ab20c6f1dd	0	0	0	0	0	0	0	0	3240	0	0	0	0	23
2b812ced362a5d13ee4e9b6b0f4f79e7	0	2417	389	0	0	121	117	0	0	0	0	0	0	0
72a23bebd4e258d1bc58aa2004ff8166	0	0	0	0	0	0	0	0	898	2106	0	0	0	0
204cba7074714374db19d2d833433379	0	0	12	2951	0	0	0	0	0	0	0	0	0	37
1f3dcd82cc2260f556be253643d7dcad	0	0	0	2994	0	0	0	0	0	0	0	0	0	0
263e4e3ba1393504c1bda557b59ef4fe	0	0	0	0	0	0	0	0	1716	0	0	982	229	0
ad54d7f6cb39104fbe48ca510ecefb5f	0	71	148	1470	0	55	10	0	1114	0	0	0	0	38
b90e5f207e760c0b02d67b5488f525f8	0	0	0	2142	0	0	0	0	0	725	0	0	0	26
98698553e2c174525dfe88c5dd1014e5	0	1152	955	0	0	389	291	0	0	0	0	0	0	0
7f7c25e6adc6a3262ec4c966ba9bf36b	0	0	0	0	0	0	0	0	1209	0	0	1426	0	0
6c9e90fb167ef93dabf58390790e1dd9	0	0	0	0	0	0	0	0	2605	0	0	0	0	0
a0599a9d546639c60b2598c499d43f57	0	1246	660	0	0	329	298	34	0	0	0	0	0	0
e1febf4dc0e32bed5a20b4164748a012	0	0	0	0	0	0	0	0	2548	0	0	0	0	0
fd1abdab9ac5be9882a47cd317a1f2e6	0	0	0	0	0	0	0	39	1193	0	1177	0	0	126
78cc56f801804721871b41eb367896a8	0	0	0	0	10	0	0	0	2462	0	0	0	0	0
59153c82c8ed3b581f6a8b8389f5d1d8	0	0	0	2468	0	0	0	0	0	0	0	0	0	0
c93f0ccae538b66c3a68bd327e222df0	0	639	549	704	0	241	243	80	0	0	0	0	0	0
dd147a8c8de8f2590c52fe77202cffad	0	956	580	487	0	144	91	23	0	0	0	0	0	20
f54c03056844b0d43a1917d7783e368a	0	2288	0	0	0	0	0	0	0	0	0	0	0	0
c5f0885c64556b50ec9b6c32695f7eaf	0	0	0	0	0	0	0	0	2282	0	0	0	0	0
dbccf66be9d06745026c95b1d30b79e3	0	0	0	0	0	0	0	0	2270	0	0	0	0	0
a6a55e28bed147800585992ce0c9f43e	0	0	0	0	0	0	0	0	2246	0	0	0	0	0
986a0e9c81150eeb126502c2522cf390	0	0	0	0	0	0	0	0	2228	0	0	0	0	0
93363c859e2de8d26367156b701f28c6	0	0	0	0	0	0	0	0	2209	0	0	0	0	0
6905af880500a04c4a9148f4aa88702b	0	2197	0	0	0	0	0	0	0	0	0	0	0	0
65094a4117f60a36d208f9192d0682e7	0	0	0	2157	0	0	0	0	0	0	0	0	0	33
b7e7d9e7dcfc73a851fbfdcc7d565d58	0	0	0	0	0	0	0	0	0	0	0	0	0	2171
5ae7b1191f2694b3c58f52bf3b23c240	0	0	0	0	0	0	0	0	0	1317	330	117	391	0
ddfb53391b50bf2b508dc6ff6135afea	0	0	0	2130	0	0	0	0	0	0	0	0	0	16
786dd80fe35c02950aca3bd892d74f4e	0	0	0	2103	0	0	0	0	0	0	0	0	0	0
7de3b396cf072aa43bdc7d79879629d7	0	969	662	0	0	317	151	0	0	0	0	0	0	0
cc034df55cd5317e710676fc3ef71bc3	0	0	0	2049	0	24	0	0	0	0	0	0	0	26
cbb1675204ab1f18d3990823de5207a6	0	0	0	0	0	0	0	0	2078	0	0	0	0	0
01cb4635362e5e721eea77075b2ef1a6	0	1173	574	0	0	147	92	44	0	0	0	0	0	0
1f450b24be1f06e0a31207cfd6fbfe24	0	0	0	0	0	0	0	0	0	2023	0	0	0	0
3b4088a8b99b703818deeb271ca7b004	0	0	0	0	0	0	0	0	2009	0	0	0	0	0
abd4f99479c005a3751e5e15b4425517	0	0	0	2003	0	0	0	0	0	0	0	0	0	0
470269a870f348d1a1b6cf449fb02460	0	27	12	0	0	0	0	67	0	1888	0	0	0	0
713cf6a2cda2efc43368327fc9c912ce	0	0	0	327	0	0	0	0	1641	0	0	0	0	0
4b7eca53a7ce0b6c6eb8999313cc8cbe	0	0	0	1962	0	0	0	0	0	0	0	0	0	0
07bc6143551e38126cbac2eb9c5f5a51	0	333	565	820	0	139	91	0	0	0	0	0	0	0
b9d19830d1cab75099a90cb9368092e6	0	0	0	1944	0	0	0	0	0	0	0	0	0	0
1a8e05914f219e58e4f400a0ca2544fb	0	0	0	0	0	0	0	0	1936	0	0	0	0	0
ff5b03d0764e42ae5463c8a20adf5542	0	0	0	0	0	0	0	0	37	1362	0	0	526	0
0a4d35b534f919c3c0ed5985192f5c2f	0	0	0	94	0	0	0	0	1779	0	0	0	0	22
a9980ab46cd10503cc316c65aafd583e	0	0	0	0	0	0	0	0	1880	0	0	0	0	0
2022f09cdd7c19a26cd1a7a40b1ec6bb	0	0	0	0	0	0	0	0	0	1857	0	0	0	0
9e6eb3a5bd225bf92bcfd62406bda049	0	442	309	889	0	101	95	0	0	0	0	0	0	0
75f7abfe634de4a6fce0fb1731844547	0	0	0	0	0	0	0	0	1832	0	0	0	0	0
9b05ad3922f1c056d6359fc05cd34b62	0	351	793	468	0	132	65	19	0	0	0	0	0	0
52927cdbb5b77c41e2ad7c9647ad2e0e	0	181	664	0	0	515	462	0	0	0	0	0	0	0
6b01e296d04b8091fb7a6f5cb8dda6ae	0	0	0	0	0	0	0	0	1765	0	0	0	0	49
3f1479183d874390d296721c32fd01ab	0	679	624	3	0	256	248	0	0	0	0	0	0	0
9b8d24b790abe45cbaf58ec57c8493c2	0	0	0	0	0	0	0	0	0	1781	0	0	0	0
cf4800ab3ce04a30b82f5f68276e2d8c	0	0	0	1776	0	0	0	0	0	0	0	0	0	0
5e53017872ab257703623704b7df4458	0	1767	0	0	0	0	0	0	0	0	0	0	0	0
492ca672946f9db4bd76ea8db8c7d03a	0	107	242	0	0	645	750	0	0	0	0	0	0	0
0b4b7335dd63af337af97cd01b5a0723	0	89	1223	25	0	238	161	0	0	0	0	0	0	0
bb7f43f31e7c768e9c2efdaa18ef1f7b	0	1732	0	0	0	0	0	0	0	0	0	0	0	0
9c69c73edc2aac348b9d52af57a2c2a6	0	0	147	0	0	67	0	0	1094	419	0	0	0	0
6213d1481ee6ee33749b8af6e44e2e47	0	0	0	0	0	0	0	0	0	1725	0	0	0	0
4eb774f7fd89be3162fdf6ea3e7d7798	0	0	38	0	0	0	0	0	1634	0	0	0	0	51
58c0cdca4acdbbfe1577d53c1ee4acd9	0	1395	295	0	0	10	13	0	0	0	0	0	0	0
8eecc352de88d4f44e9f33bd6e19d16f	0	0	0	0	0	0	0	0	0	1713	0	0	0	0
c630e0446b2ac41986737996676e748e	0	0	0	327	0	0	0	0	1371	0	0	0	0	8
c4075d8cf55932ca312ff85036a47fa6	0	0	131	0	0	799	774	0	0	0	0	0	0	0
4c8472761aa5178168100b5cd32ade03	0	0	0	0	0	0	0	0	1694	0	0	0	0	0
5beab07d7c19119bfa9313ba6b4c3f38	0	0	0	0	1686	0	0	0	0	0	0	0	0	0
11d34d1f6cd8c11e3ceba4622dac4ed7	0	117	710	403	0	282	173	0	0	0	0	0	0	0
64d0c64e3fa2af39d3ea7dd7c770a5f6	0	0	0	0	0	0	0	0	0	1682	0	0	0	0
e15bb68ba8f109117f9f741a4623bded	0	0	0	0	0	0	0	0	1664	0	0	0	0	0
9a752a6e20dc1cf8a21986555510ea2d	0	0	0	1631	0	0	0	0	0	0	0	0	0	26
aecbaa87dee5a7cb4b783d73428eecb4	0	0	0	0	0	0	0	0	1652	0	0	0	0	0
265e133c6695080cab20c1cca9552694	0	0	0	0	0	0	0	0	0	1641	0	0	0	0
e9429d2d46559c8782014b347d0f2187	0	87	980	0	0	378	193	0	0	0	0	0	0	0
aa960a7613dd04b0dd25f04229a6b90a	0	0	187	0	0	741	700	0	0	0	0	0	0	0
fe01e30b566b4f8823ccedd261c45257	0	0	0	0	0	0	0	0	0	1606	0	0	0	0
b77ced0a2c80c08c5c91bb160f1ccb3c	0	0	0	0	0	0	0	0	0	1571	0	0	0	0
e0cc089653516b48940f2620ce5329df	0	0	0	0	0	0	0	0	0	1570	0	0	0	0
40037e633ad96a1fb8164728f5e17ad9	0	0	1275	0	0	194	97	0	0	0	0	0	0	0
adeb46936452c7a38e2ab8054da5ff40	0	0	0	0	0	0	0	0	1564	0	0	0	0	0
ddc6b8485a137baec25565236c5a422e	0	0	0	145	0	0	0	0	1394	0	0	0	0	21
b7aa1ab2d96f1c8cf8ff08b3a4f88642	0	0	0	85	0	0	0	101	1064	227	0	0	0	76
a85b017bc1b7fdd73cc91f72d5378011	0	0	0	0	0	0	0	0	0	0	0	0	1551	0
1aad9bde3ebd36df6a1e03185f533bfc	0	0	0	0	0	0	0	0	1536	0	0	0	0	0
a7e0696668d565caed36882999958284	0	0	0	0	0	0	0	0	0	1531	0	0	0	0
4b970c58a795b5bc1596317f21e7a4c5	0	1439	46	0	0	19	16	0	0	0	0	0	0	0
bf80d108a4e17ea44d1fadab628fd957	0	106	79	416	0	35	3	63	0	811	0	0	0	0
2b013336a650e9f9fcfc0683f3ce0c88	0	0	0	0	0	0	0	0	0	1501	0	0	0	0
a0611b1c000ba1d3e5a3ce0bfeed9254	0	0	0	1498	0	0	0	0	0	0	0	0	0	0
2b289729e8d05c7e6103b5204129ba01	0	0	0	0	0	0	0	0	0	1495	0	0	0	0
df23bf3e8972f177220f842147802efc	0	0	0	1493	0	0	0	0	0	0	0	0	0	0
00731284bbfada95eb1312052613a033	0	0	0	0	0	0	0	0	1491	0	0	0	0	0
81275ad3d8862172940f1f290435e02e	0	0	0	0	0	0	0	0	0	1489	0	0	0	0
ca41cf98a6126fb35009eb6d04143f38	0	0	0	0	0	0	0	0	1461	0	0	0	0	15
b604ba59c33fe9d84906e4e3fddf33ad	0	0	0	0	0	0	0	0	0	1474	0	0	0	0
bf46b4acf7dde84ec6fe746b98b3a5ac	0	1466	0	0	0	0	0	0	0	0	0	0	0	0
978bedf4abd2023fc22065f532d3dc0e	0	0	0	0	0	0	0	0	0	1464	0	0	0	0
046669177b212e5bd48116a3908d91d3	0	0	0	1462	0	0	0	0	0	0	0	0	0	0
5e690236ea7976dacdc0dd341e099fe9	0	0	0	1462	0	0	0	0	0	0	0	0	0	0
f14e3941f039bfc635a380a3be0efead	0	979	356	0	0	119	0	0	0	0	0	0	0	0
7d07635c19e930198eeb37a8281631c6	0	0	0	0	0	0	0	0	1446	0	0	0	0	5
2868cd8509c32177da43186934676889	0	0	0	0	0	0	0	0	0	1445	0	0	0	0
bb12590daf0e0306dbabdff3ab8af3bd	0	0	0	1424	0	0	0	0	0	0	0	0	0	16
03d3a6f0dd824deeeabe68d62356d997	0	0	0	1414	0	0	0	0	0	0	0	0	0	22
845dac0b5b22d3263a9699ca5a7c4760	0	0	0	156	0	0	0	0	1278	0	0	0	0	0
d2a5ca31e940e6e0c305d65d7ca71ca0	0	20	24	1332	0	0	0	0	0	0	0	0	0	57
ef346f71042b43afe8dba98f6aff8921	0	0	0	0	0	0	0	0	1422	0	0	0	0	0
c52aa6da9cc7094ee0a9e627f25a24fd	0	0	0	1421	0	0	0	0	0	0	0	0	0	0
225ba880451c50ab5d7ee06633502541	0	587	252	439	0	78	63	0	0	0	0	0	0	0
4d0669f15df50675aff892f5caeae30b	0	508	754	0	0	83	60	0	0	0	0	0	0	0
76b9db95a8586026fe5f3d619e599087	0	0	0	0	1402	0	0	0	0	0	0	0	0	0
7179dbfcc505246d6ac5a63aec276d78	0	0	0	0	0	0	0	0	1399	0	0	0	0	0
3293aaddb29fc556b5aea699c61e3b7d	0	0	0	0	0	0	0	0	0	1397	0	0	0	0
ce1de948bbdc3b8deb47eb5cd2b57a5c	0	0	0	325	0	0	0	0	0	0	0	0	1071	0
74e9c93f8ab192db352e7881fd87870c	7	0	0	258	5	0	0	0	0	997	0	0	0	127
7c03d3d54a87852c1f427e1e9588dc78	0	109	0	0	0	0	0	0	1285	0	0	0	0	0
eb857ab1111c9156db6156bb51e36ed1	0	0	356	0	0	567	467	0	0	0	0	0	0	0
41b067a8fb4d06d2a1ddff1ec1307330	0	0	0	1389	0	0	0	0	0	0	0	0	0	0
0122f7d05af7c9d6cadffa22b3ad7f26	0	0	0	1388	0	0	0	0	0	0	0	0	0	0
61547946901ae77011075eef52f80888	0	0	0	0	0	0	0	0	0	1363	0	0	0	16
918ff709735c91d9949c093456cd2257	0	783	309	0	0	158	126	0	0	0	0	0	0	0
f3a6eff8d47f3f856443b95825fc8056	0	0	0	1375	0	0	0	0	0	0	0	0	0	0
3e892b9fa09f67c145cc20783b94e5a4	0	0	0	1372	0	0	0	0	0	0	0	0	0	0
ed33a1a7938984c9202b6c301c8fba99	0	0	0	0	0	0	0	0	1360	0	0	0	0	0
aebba30a9f0ab15de376c99d8de4cf6a	0	1359	0	0	0	0	0	0	0	0	0	0	0	0
db404f3e15bdfd62a52abf3f9678441e	0	0	0	0	0	0	0	0	0	1348	0	0	0	0
c3180366c20bffdae2cb035835c9097a	0	0	0	0	0	0	0	0	1347	0	0	0	0	0
a7dcfc129af0bd371c0514fc51c92c3d	0	0	0	0	0	0	0	0	0	1346	0	0	0	0
d6620c06f41572ca68a28915cbe86a49	0	736	349	0	0	113	84	54	0	0	0	0	0	0
b458175f4e67d44fe0d685b805d87dcd	0	0	0	0	0	0	0	0	1336	0	0	0	0	0
6f7a783d1e2b6215cafc5553369b1abf	0	0	0	1335	0	0	0	0	0	0	0	0	0	0
3a238646f49b634244b5a6a915ac7819	0	0	0	0	0	0	0	0	0	1333	0	0	0	0
9ba25169ccdb38d6fd74db6b805376fb	0	0	0	0	0	0	0	0	1332	0	0	0	0	0
0e6def0db8d1d95dc59b7c50227abac0	0	0	0	0	0	0	0	0	0	1327	0	0	0	0
a981231450dbb773383bd7c8119cc519	0	0	0	0	0	0	0	0	1319	0	0	0	0	0
53a2e273def177c799153f6dc8275d27	0	0	0	0	0	0	0	0	1317	0	0	0	0	0
423ee829a8a3e5f1a61042d12284626e	0	0	0	0	0	0	0	0	0	0	0	0	0	1313
c3b05e3f1b9cd790379435fce2548dfe	0	0	0	1310	0	0	0	0	0	0	0	0	0	0
f02bdb0255f8f72d019dec49461260dd	0	0	0	0	0	0	0	0	0	1310	0	0	0	0
2f802d34026c4e58ffa397b7a24e534e	0	248	0	0	0	0	0	0	1057	0	0	0	0	0
2a81106a57c0d7fd827329bd564f3e4a	0	1302	0	0	0	0	0	0	0	0	0	0	0	0
90496d89cfd2cb3cd6449625f7c81123	0	0	0	0	0	0	0	0	0	1298	0	0	0	0
b0dae25ed1f2c9d9fa08a21d5834f069	0	0	0	0	0	0	0	0	1297	0	0	0	0	0
f10ac2551f233276f7b048f38b7ee3a0	0	0	0	1296	0	0	0	0	0	0	0	0	0	0
40fd627b5b4efd8392e48ce668a36600	0	0	0	1228	0	0	0	0	0	0	0	0	0	66
a479f9c1da80b6accae615a125035ed1	0	0	0	1282	0	0	0	0	0	0	0	0	0	8
832a017b511b908dfc6890a80a6b863c	0	0	0	0	0	0	0	0	1281	0	0	0	0	0
b132ae3744663783cdbcf920f1b5074a	0	0	0	0	0	0	0	0	1277	0	0	0	0	0
0897bb249c3b7ae16029f82ad4fd89b3	0	0	0	0	0	0	0	0	1266	0	0	0	0	0
8eb7132702b8fb05194e64ce018cd900	0	0	0	0	0	0	0	0	0	1258	0	0	0	0
dbfd8c332183187b0f109491167a81d7	0	0	0	0	0	0	0	0	1253	0	0	0	0	0
67da717c37ac5521d57c8e8c42a00af7	0	0	0	0	0	0	0	0	1251	0	0	0	0	0
3d81556614fa2876cc5de61590a422c5	0	0	0	0	0	0	0	0	0	1249	0	0	0	0
0a3c292ff6f818e36af215300de1af0d	0	0	0	0	0	0	0	0	1247	0	0	0	0	0
fdb43f3e9925b7d05ac8db50482af2b1	0	0	0	0	0	0	0	0	0	0	1234	0	0	0
9c7f0ded651d134c0c15ee04436a9104	0	0	0	0	0	0	0	0	1233	0	0	0	0	0
9e50c9c29f77a2bf593f9fc1a86d4c5d	0	0	0	0	0	0	0	0	1230	0	0	0	0	0
014782e2820c9b3c21f90bae81e5aae2	0	0	0	0	0	0	0	0	0	0	0	1230	0	0
04d8f66bdb50eea03d0e4bbf510e010f	0	1226	0	0	0	0	0	0	0	0	0	0	0	0
ad63531e5eb8067b9897e84d1edf34a9	0	631	374	0	0	125	96	0	0	0	0	0	0	0
8ae8ebd1993e6b32ef2b30eb8fe7f19f	0	339	390	319	0	122	56	0	0	0	0	0	0	0
1ef8ee0db916a5da6612dd4d5d505195	0	0	0	0	1219	0	0	0	0	0	0	0	0	0
0a0f3e86fadee3853a508ef6ad1f8f27	0	0	0	0	0	0	0	0	0	0	0	1216	0	0
f88a2761db708caa32663687faa79f42	0	86	23	0	0	0	0	0	0	1104	0	0	0	0
7de04054f7121a801adfa13de3bb689e	0	0	0	0	0	0	0	0	0	1213	0	0	0	0
7f756374fb6d549ecb7cc8187f1fd20a	0	0	0	1148	0	0	8	24	0	0	0	0	0	31
fb65616aaf1abf95159484e876e4d2fb	0	0	0	1209	0	0	0	0	0	0	0	0	0	0
6fba670ffd86c8ae2f2584730ea65ddb	0	0	0	1205	0	0	0	0	0	0	0	0	0	0
19b7510d34c9fccfb90ba8b417ffd956	0	0	0	0	0	0	0	0	0	1200	0	0	0	0
082a69de870364d3daac1dffe3cc02a2	0	0	0	1195	0	0	0	0	0	0	0	0	0	0
9117939c8b6c4f6f2aeeb4df736fb557	0	0	0	0	0	0	0	0	1188	0	0	0	0	0
70263784dc8090d909153a62ee51d0fc	0	0	0	0	0	0	0	0	1187	0	0	0	0	0
7cb7fe59682cbd304af51ba1525b6070	0	0	104	0	0	483	595	0	0	0	0	0	0	0
c339ed5820d71912d08f810f5a84869e	0	0	0	0	0	0	0	0	1177	0	0	0	0	0
bdf429c3acc9286384dec6e48a1fc5cb	0	183	682	0	0	190	115	0	0	0	0	0	0	0
407df56a67e5c3e26ee225287d773f54	0	94	647	0	0	235	192	0	0	0	0	0	0	0
4694d338d20975356d0719ddcb778218	0	0	0	0	0	0	0	0	1167	0	0	0	0	0
8727ff71589dd9aa986cfd73845ba498	0	0	0	0	0	0	0	0	1165	0	0	0	0	0
fba9ba7ea8145f55229c6bd938c6fcc6	0	0	0	0	0	0	0	0	1150	0	0	0	0	0
46f6692b7f94812ce94cb344848dec0c	0	0	0	0	0	0	0	0	1150	0	0	0	0	0
b61daff02223fce37f77f8e6a1eb86dc	0	445	533	0	0	113	58	0	0	0	0	0	0	0
6e6f5983a22d8f1499f0e98836f5eb0b	0	200	520	0	0	265	164	0	0	0	0	0	0	0
c012b34b3ebbf99e2850ee8e142e5ecd	0	204	499	160	0	138	59	85	0	0	0	0	0	0
389b59f149e8bc324f93fa47fe0eb8a9	0	0	124	0	0	472	545	0	0	0	0	0	0	0
471a2b818f0c8e1505bb72079a846dc7	0	0	0	0	0	0	0	0	1138	0	0	0	0	0
93533a3edf719d68196d5db46ab9ffd7	0	277	642	0	0	120	92	0	0	0	0	0	0	0
d55e8966ad468ef3dd3092e2e84c34d2	0	0	0	0	0	0	0	0	1131	0	0	0	0	0
59e850477382c6d8b77316f392c5a7f1	0	0	0	0	0	0	0	0	1129	0	0	0	0	0
34e098c4869a6d08e145e551217ce20b	0	0	87	0	0	526	514	0	0	0	0	0	0	0
ee214048c1b8283cd4548405b2092f33	0	0	0	1123	0	0	0	0	0	0	0	0	0	0
3b001df06d3a56ff1fe5d619253b5fe9	0	0	0	0	0	0	0	0	0	1120	0	0	0	0
347ef82f273cc6465b6d567c9625eeb4	0	0	0	0	0	0	0	0	0	1119	0	0	0	0
0d984f3e3958f936fa813b3150e5412a	0	988	115	0	0	0	13	0	0	0	0	0	0	0
f00db2b3bbf0d34a1d9104301a0d7f6d	0	0	0	0	0	0	0	0	0	0	1111	0	0	0
237d9f083a226e512e71d64977134445	0	0	0	0	0	0	0	0	1110	0	0	0	0	0
16dc2270d357dcf2cc4205a6da71a0e3	0	0	0	0	0	0	0	0	0	0	0	1110	0	0
82a435a65f567e0143ff84d29dfd5bf5	0	0	0	0	0	0	0	0	1106	0	0	0	0	0
9458017ddc3d98c986256dca766a32e9	0	0	0	0	0	0	0	0	0	1105	0	0	0	0
31e75fdcc28b30672b7a3fd791f3fcb1	0	0	0	0	0	0	0	0	0	1095	0	0	0	4
dfd8eb80a70de41e032094c7d0490ff4	0	0	0	0	0	0	0	0	1092	0	0	0	0	0
54e5a7af94910d026d86e26b0889b505	0	13	115	0	0	0	0	0	0	922	0	0	0	41
97c1fc6bebcbf0a944de35d92d5e2360	0	363	492	0	0	147	87	0	0	0	0	0	0	0
f6174f5cab4e98c693d260a75ae7b2d5	0	0	0	1085	0	0	0	0	0	0	0	0	0	0
631d7f80a30fae8d1c12b14c2cb159fa	0	240	590	0	0	161	92	0	0	0	0	0	0	0
c158773d909977c87921520fe13db810	0	495	307	0	0	161	115	0	0	0	0	0	0	0
ced947411eb3fe4421d1afff1f27802b	0	1077	0	0	0	0	0	0	0	0	0	0	0	0
3919879d92462f1bf0f12c6c3d4fb5f5	0	0	129	0	0	471	476	0	0	0	0	0	0	0
43f8094ae38907d5b0b4e19a8f9d8d77	0	0	0	1075	0	0	0	0	0	0	0	0	0	0
b08c9fa716d9ece91996744ddb2408db	0	0	0	0	0	0	0	0	1075	0	0	0	0	0
d2e1de4d441d4d0e029aac2060747be7	0	0	0	1073	0	0	0	0	0	0	0	0	0	0
436afe81c34d3dcff7f6b786f40fb018	0	0	0	1070	0	0	0	0	0	0	0	0	0	0
c5cab2f92c6cb2d556c8a481624ed543	0	0	0	1068	0	0	0	0	0	0	0	0	0	0
a0a82df66235ad0c8ea1a0b02fe2b005	0	0	0	0	0	0	0	0	0	1068	0	0	0	0
552bc08c89fc57010397ce1880816b81	0	1067	0	0	0	0	0	0	0	0	0	0	0	0
83259b23a30743d77b95f2edf605f25b	0	0	0	0	0	0	0	0	1067	0	0	0	0	0
68d256900ba7375c06d529855a197ae6	0	0	0	0	0	0	0	0	1067	0	0	0	0	0
dc45d8366b6b7f816a09b736886fe0d8	0	5	123	0	0	432	502	0	0	0	0	0	0	0
94df3ad00dc825b194bce39aead47f95	0	313	391	0	0	212	145	0	0	0	0	0	0	0
77c1554808dd6fe7ee7b4290002e8cf7	0	0	90	0	0	459	511	0	0	0	0	0	0	0
ad524721af226357421c7d94393207e9	0	0	0	0	0	0	0	0	0	1060	0	0	0	0
2cc0cd1fbf6fe1723441c15bfdeef19a	0	1058	0	0	0	0	0	0	0	0	0	0	0	0
9d4d637df0fb04f24231f76516adf9b8	0	0	0	1057	0	0	0	0	0	0	0	0	0	0
933fe24392fceebb273b8b36613d4298	0	0	0	0	0	0	0	0	0	1056	0	0	0	0
c3a18e2fa464d3878997473b8f7930b1	0	0	0	0	0	0	0	0	1053	0	0	0	0	0
a7a9d145e504b05567f3d20d791a5ad9	0	0	0	0	0	0	0	0	0	1053	0	0	0	0
fe61c0efd469836585d8fa2f8d7163c2	0	0	0	0	0	0	0	0	0	0	1052	0	0	0
52bf70dcb7648ecf957d6f3584f1947e	0	0	0	0	0	0	0	0	1050	0	0	0	0	0
c02b1e49b8c3ae45f1c9c5ae932790d8	0	0	0	0	0	0	0	0	0	1050	0	0	0	0
5c983f1668d6b42a2049b3efedca3d3b	0	0	0	1026	0	0	0	0	0	0	0	0	0	18
067a7e0c8fad9e30ec00fe3763eb45e9	0	109	369	382	0	107	76	0	0	0	0	0	0	0
f077c03c4e5c1a6ba023d2c3f22accdc	0	0	0	1041	0	0	0	0	0	0	0	0	0	0
b0faf7023251aea18a1970586b65be4a	0	0	0	0	1039	0	0	0	0	0	0	0	0	0
fe49127021ecadf21ad945c1c8d8a007	0	0	0	0	0	0	0	0	1034	0	0	0	0	0
66ca7e0b2888f5823fb0d650baebcfaf	0	842	110	0	0	50	30	0	0	0	0	0	0	0
094837c84cbfb4aee355eefae8505b4c	0	0	0	0	0	0	0	0	0	1032	0	0	0	0
152aff95881a4632e79020a105b2b340	0	0	0	1024	0	0	0	0	0	0	0	0	0	0
d5ff30eebbf7147162ff76c3c18d58cd	0	0	0	1024	0	0	0	0	0	0	0	0	0	0
0021109dd6c3d36d9cd45b8b4fdeffc0	0	0	0	0	0	0	0	0	0	1023	0	0	0	0
fdef80d9e91bfbcc1ee9112997b9f2e8	0	0	0	1021	0	0	0	0	0	0	0	0	0	0
c497c31d0cbb7d71847c383fefed1526	0	0	0	0	0	0	0	0	1019	0	0	0	0	0
49fa88f3b1bdc1591a7c4773b0da4c90	0	0	125	0	0	432	459	0	0	0	0	0	0	0
a9e72e001359001972e9bc68301f6b67	0	140	379	330	0	112	45	0	0	0	0	0	0	0
cb418e61512405d51a19833eac39ceb2	0	0	0	0	0	0	0	0	1001	0	0	0	0	0
a18e0a82c1543f88361f6f43f56f76ca	0	1000	0	0	0	0	0	0	0	0	0	0	0	0
2a1c056029c1471530e60e148844b8e3	0	0	0	0	0	0	0	0	994	0	0	0	0	0
a567634b3d7f27ea099c89d7910fdb1d	0	0	0	0	0	0	0	0	993	0	0	0	0	0
66863f6b6c8165825f81c20803fa1cb4	0	0	471	0	0	302	218	0	0	0	0	0	0	0
b7f29034f8a106f981d7519c478766bf	0	0	814	0	0	92	82	0	0	0	0	0	0	0
b89c361087f1553e6ce3ca9731412930	0	0	0	988	0	0	0	0	0	0	0	0	0	0
7efaadca352aae0d0d2e062e605a9fa6	0	0	0	988	0	0	0	0	0	0	0	0	0	0
a0a6444f04bd1a0ddac3783e1b94a5e0	0	0	0	0	0	0	0	0	0	988	0	0	0	0
5d76374c4d4c8bcaf760afc32ed90a66	0	0	0	0	986	0	0	0	0	0	0	0	0	0
e15cf45af49d0e48c6bc07aae7d39c86	0	0	0	0	0	0	0	0	0	986	0	0	0	0
669c02d792ad1a306a8e3a25f3d8f36c	0	0	0	0	0	0	0	0	0	984	0	0	0	0
7943faf2cb1ce89d3ab715a0806d3514	0	0	0	978	0	0	0	0	0	0	0	0	0	0
95ef280e2c79a99cf578e07023edcd7b	0	968	0	0	0	0	0	0	0	0	0	0	0	0
2bac658322cb8c75234434e87eaecded	0	927	25	0	0	11	3	0	0	0	0	0	0	0
cc46657df8bc74f3d8805baed8b4619f	0	0	0	0	0	0	0	0	0	963	0	0	0	0
8edcda72ebc624af0ccbd89ffd2362bc	0	0	0	0	0	0	0	0	961	0	0	0	0	0
6d1a5d81599f24de069bfd7572a16f76	0	0	0	0	0	0	0	0	0	0	0	0	960	0
459ec507ef7dfe0a39f94e2fa8cfb301	0	0	93	0	0	439	427	0	0	0	0	0	0	0
2d8f5e5695e1db4342a036b09ca96e37	0	200	83	663	0	10	0	0	0	0	0	0	0	0
e5d445e76190baa67780af8b5c6cf9c5	0	0	0	956	0	0	0	0	0	0	0	0	0	0
5c35d22c1080fcebc7538813e26dcb70	0	0	0	0	0	0	0	0	952	0	0	0	0	0
aeeaf0f1066856fb121530553b5721a3	0	0	640	0	0	156	155	0	0	0	0	0	0	0
09abeb6e21cf2ba97d3952fe30c5078e	0	0	0	0	951	0	0	0	0	0	0	0	0	0
c86ea6bada072129844ea1a7f5e306a2	0	0	0	948	0	0	0	0	0	0	0	0	0	0
81d8ab0bf8044083411556e40aa7caca	0	0	0	0	0	0	0	0	0	947	0	0	0	0
47a4a9f25076e7b6ee34ab82c635efff	0	792	82	0	0	32	38	0	0	0	0	0	0	0
6af969e15480585b4f74ce33805489ab	0	0	0	0	943	0	0	0	0	0	0	0	0	0
9bc092cd1fbc4815d870739f06181e81	0	941	0	0	0	0	0	0	0	0	0	0	0	0
8b12865e68f916f91f7b5f73a1eb5573	0	0	0	941	0	0	0	0	0	0	0	0	0	0
a2f65c06a6aba48ad478758acd6ddae7	0	268	495	0	0	120	57	0	0	0	0	0	0	0
c81c0abd100c4b0a7f82de384a635705	0	49	539	0	0	216	136	0	0	0	0	0	0	0
f6e7319372e3c4004fd9de12edcd3780	0	0	0	93	0	0	0	0	0	800	0	0	0	45
6b75c7a077cd60379e553d7952216c71	0	0	0	0	0	0	0	0	0	937	0	0	0	0
2a2d02a066dabce6a10406fd27f2e977	0	0	0	936	0	0	0	0	0	0	0	0	0	0
c681232dc5d3a7e6133de82cd793287d	0	0	0	0	0	0	0	0	0	936	0	0	0	0
afc7ea66266e7b94b4f1432dbf77637c	0	0	47	888	0	0	0	0	0	0	0	0	0	0
0575bb530328aca32b8cf7be910dc497	0	0	0	934	0	0	0	0	0	0	0	0	0	0
b198528d3dc528ab0ba53445bc996700	0	0	0	0	0	0	0	0	0	933	0	0	0	0
585ce8382998a0cae02827b47b7eba59	0	0	317	429	0	126	59	0	0	0	0	0	0	0
c48b2f68d2b51312689620fa57f874b2	0	0	0	0	0	0	0	0	931	0	0	0	0	0
41441372200d7569f9ebd1ebf4c24c37	0	18	63	838	0	11	0	0	0	0	0	0	0	0
4a7c6da9a3f79cf9cd1320fa86f98891	0	0	0	912	0	0	0	0	0	0	0	0	0	17
f02b841f7935124be4df4df6cdb49371	0	0	0	0	0	0	0	0	0	926	0	0	0	0
b0eaa54fc1a9d3e92c240870dbabd3d3	0	925	0	0	0	0	0	0	0	0	0	0	0	0
68fcd0c69abb5d249609e17a7a2e194f	0	0	0	0	0	0	0	0	0	0	925	0	0	0
f012b51fd22973ca6d75162101c58d77	0	0	0	0	0	0	0	0	0	0	0	0	925	0
2a8fd4e8e1745bbdc9364818e401e607	0	0	0	923	0	0	0	0	0	0	0	0	0	0
16042e8a5ca97cbb78acacf284188c34	0	0	0	0	0	0	0	0	0	922	0	0	0	0
92cb97a6486f2bf6b8b9e7b4dcb2248d	0	0	336	437	0	146	0	0	0	0	0	0	0	0
f9945c5f56c60fdf27ee53cda0012203	0	0	0	0	0	0	0	0	0	918	0	0	0	0
5f1653d696e9de2b643bc31b2392b02b	0	0	0	0	0	0	0	0	0	917	0	0	0	0
27f9c0c6630aaa6bc8185fd45cf057cc	0	241	471	55	0	102	45	0	0	0	0	0	0	0
880884e94c79a88805eec01afa9e40c7	0	0	0	0	0	0	0	0	0	0	909	0	0	0
eb1bb2819309f952ff916d8bd307788d	0	0	0	0	0	0	0	0	0	908	0	0	0	0
6497c21223c645a0c93bfa08324cceb5	0	0	0	0	0	0	0	0	907	0	0	0	0	0
e43ca8871978f9805fbbf5f9700b49d6	0	0	0	0	0	0	0	0	0	905	0	0	0	0
01b04865d87400114417705d9f79570a	0	0	0	0	903	0	0	0	0	0	0	0	0	0
f02edd17f30c5f0d200cd7d96872ee9b	0	245	357	0	0	179	120	0	0	0	0	0	0	0
a5b04d865fad46dd6c6565fb79f691b9	0	0	4	889	0	0	0	0	0	0	0	0	0	8
8dad4fba0eb5e791d987a8bbe09e76af	0	0	0	0	0	0	0	0	0	901	0	0	0	0
4e566e78b33e950b346e3b1121cd0bb7	0	183	414	0	0	134	163	0	0	0	0	0	0	0
ffc5d8ee264e964492c2b8982946bf19	0	131	144	565	0	27	27	0	0	0	0	0	0	0
5d2ebfb3a9bb0cb89a902f51b8918d48	0	0	0	894	0	0	0	0	0	0	0	0	0	0
9ff51cb0577a0072341ef52671c710c6	0	0	0	0	0	0	0	0	893	0	0	0	0	0
3b32ed0e7eeb5c90fe7673da1480c197	0	0	0	0	0	0	0	0	0	0	0	0	893	0
a0d03ba5342c2c82ac244c0c5ef28b92	0	888	0	0	0	0	0	0	0	0	0	0	0	0
7419717c99fc09a4363b99a71c557804	0	0	0	0	0	0	0	0	0	0	884	0	0	0
0fd34c564854293bfaeefda5a6eb83d4	0	0	279	408	0	125	71	0	0	0	0	0	0	0
fe45280618a8a37ebca1d3e045c3e0ee	0	0	0	880	0	0	0	0	0	0	0	0	0	0
3c57452295f148efc6faf0889e91ebad	0	0	156	658	0	27	37	0	0	0	0	0	0	0
26e81f75da045dae555cc6f1499c5252	0	0	0	878	0	0	0	0	0	0	0	0	0	0
a4977cb1530f997f408b84f6a4c8b3d8	0	0	0	0	877	0	0	0	0	0	0	0	0	0
d67272120864edbef41012231866d949	0	0	0	0	0	0	0	0	877	0	0	0	0	0
fd9a0bfb1f95256fe72139c4a12f685a	0	216	473	0	0	87	88	12	0	0	0	0	0	0
a7e8cabe9ff963edaece0567e5eceb2e	0	0	0	872	0	0	0	0	0	0	0	0	0	4
0bed06e2923be3984f4b0d980ab4459f	0	0	0	0	876	0	0	0	0	0	0	0	0	0
cb0ff0d3837b4ce08370e061bd53452b	0	0	0	0	0	0	0	0	0	0	0	876	0	0
f0f10560b6efd23957f512fc38e73de0	0	0	0	0	874	0	0	0	0	0	0	0	0	0
aa801fd9134149bcc525cc4c2985b1b6	0	0	0	0	873	0	0	0	0	0	0	0	0	0
89583d981a7acb95f2961e44526712c8	0	0	0	0	0	0	0	0	871	0	0	0	0	0
04db49fdfceb62c01e8134cff014e80a	0	234	245	263	0	72	56	0	0	0	0	0	0	0
40b85e1032b508d69b3d5479cf837684	0	190	471	0	0	142	66	0	0	0	0	0	0	0
33566cd8d904ac2f5a75bb8d3c627998	0	0	0	0	0	0	0	0	867	0	0	0	0	0
f29ab84d4eafbbaa65577f14c5bdff99	0	0	0	0	0	0	0	0	0	0	0	863	0	0
9d53caab0ff1165bb13b92e74e344677	0	142	520	0	0	143	56	0	0	0	0	0	0	0
966d880241ab5a5e57f031269465bcb1	0	217	455	0	0	117	71	0	0	0	0	0	0	0
6f0f962dd82a4835909ad4ff4d9065ec	0	315	381	0	0	101	61	0	0	0	0	0	0	0
f3802c80053575676979392d07a1f55a	0	0	0	0	0	0	0	0	0	858	0	0	0	0
77f66c6812b52f7c418fcc25ce0c9038	0	0	0	0	0	0	0	0	0	858	0	0	0	0
c9255543799b4124e22c0ac172e4c439	0	0	0	0	0	0	0	0	0	858	0	0	0	0
86233b0aaf37ea3b44445847aab15d8b	0	0	0	0	0	0	0	0	0	846	0	0	0	0
8255e2475791d9b0927b14f28e8f0d9c	0	0	0	0	0	0	0	0	0	804	0	0	0	42
5db5a36d4df2718ce1b53bddd0eb27b2	0	0	0	0	845	0	0	0	0	0	0	0	0	0
a9a1be9f7b448553e954668544fbb6c7	0	0	0	0	0	0	0	0	0	831	0	0	0	14
8fd2dff3bf0b0d7e3f168cb8ba6af326	0	7	19	813	0	2	2	0	0	0	0	0	0	0
6313747f3e8be515d3d1ab6287ef72ea	0	0	0	0	0	0	0	0	0	842	0	0	0	0
f991cc5f6593df340ec0622e34aa4690	0	0	0	0	0	0	0	0	0	841	0	0	0	0
5cdb466c5b28ee3da0b6d59e500357b8	0	72	131	579	0	33	22	0	0	0	0	0	0	0
3750b0595ebc7dd43e59fc5a9d2668d5	0	0	0	836	0	0	0	0	0	0	0	0	0	0
30c8f6ee3e597b845ce8be571fd02b4c	0	0	0	0	832	0	0	0	0	0	0	0	0	0
848ea8abf3fc551c73881ca1afb22668	0	0	0	0	0	0	0	0	825	0	0	0	0	0
b0a64555d729e507439efccc105dfbac	0	824	0	0	0	0	0	0	0	0	0	0	0	0
4be823c57ca5d2b863301147c5d511b8	0	0	0	0	0	0	0	0	0	824	0	0	0	0
ac878a6e0c434dc118d5934fb352b463	0	0	0	0	0	0	0	0	0	818	0	0	0	0
60891a8510745258f7866b9d63c90767	0	33	0	0	0	0	0	0	783	0	0	0	0	0
ec5d548fc71add164dfa92271cc01b3e	0	0	0	0	0	0	0	0	0	816	0	0	0	0
f5cebf0316180f39b2ec52029adbf236	0	0	0	0	0	0	0	0	0	811	0	0	0	0
009c0d282fa2b7e203d6eb161e88b381	0	0	0	0	810	0	0	0	0	0	0	0	0	0
87f0b47e3f76d115170965aa4cdf7af9	0	288	135	351	0	10	9	14	0	0	0	0	0	0
e9e5d02558efe6f5ecaf2bd851dbdad8	0	0	0	804	0	0	0	0	0	0	0	0	0	0
9b374d5742bea033127f7ecc67ecd213	0	0	0	0	0	0	0	0	803	0	0	0	0	0
e1ec5186a049caeb947c4a0b2fd9f8e4	0	0	0	0	0	0	0	0	0	0	803	0	0	0
3cd7929e08acd3e5c87880b74959b2bd	0	0	0	0	0	0	0	0	0	801	0	0	0	0
ff6120aaa61f3474d4441c95f687974f	0	644	97	0	0	45	14	0	0	0	0	0	0	0
d87d9b98432f581781fd1a4f22a606c8	0	0	0	0	0	0	0	0	0	798	0	0	0	0
35bac26f23f8831524e7a3774cbb5532	0	0	0	0	0	0	0	0	0	797	0	0	0	0
9b90cc66f8f02b96732f2c72db141b7e	0	439	209	0	0	77	68	0	0	0	0	0	0	0
4861c8dcc7e34954de0d5b5045ac16ec	0	0	0	793	0	0	0	0	0	0	0	0	0	0
70be28cbbee648524c32c3fa4c609056	0	0	0	0	0	0	0	0	0	789	0	0	0	0
52adace161124d83b831b8eae2d1b401	0	0	0	0	0	0	0	0	0	789	0	0	0	0
1f052d2f81fd2febf76b366a0ffced64	0	0	0	0	0	0	0	0	788	0	0	0	0	0
19e80da3a9ec75d52ebfd4f4d3532e06	0	0	0	0	0	0	0	0	0	788	0	0	0	0
367ec8cf2a7c3d6bd585f910cff95f97	0	0	0	0	0	0	0	0	0	788	0	0	0	0
349f596a2334b8cf4f78fb52916cd928	0	0	0	787	0	0	0	0	0	0	0	0	0	0
e829d5b9a76cb011118f5882caf1b17a	0	0	0	776	0	0	0	0	0	0	0	0	0	11
d16f33a055c293cbbf0cb6e6ac0b1d49	0	0	0	786	0	0	0	0	0	0	0	0	0	0
0fbd5805479a0987397378815c1aeceb	0	0	0	0	0	0	0	0	0	785	0	0	0	0
c9536d6e1a51b12af7d28f9c2542c2c5	0	0	0	0	0	0	0	0	0	784	0	0	0	0
fbc46a302149e4f75809501c75a99fdc	0	262	356	0	0	118	45	0	0	0	0	0	0	0
28948f0d3dca5fbe4c26fc4b54c13059	0	0	0	0	0	0	0	0	781	0	0	0	0	0
908ef35dfdd5380dd7c88fabc16e2624	0	0	0	778	0	0	0	0	0	0	0	0	0	0
28e1e53eaee53c7b8348407db53f9ae3	0	505	177	0	0	64	31	0	0	0	0	0	0	0
8a6d31b5c11a316628864898cbe0967b	0	0	0	0	0	0	0	0	0	777	0	0	0	0
1fdef38620810374590fbd29becab061	0	0	0	0	0	0	0	0	776	0	0	0	0	0
5b226f48bbe3d032b31e9e3588613f82	0	0	0	0	0	0	0	0	0	776	0	0	0	0
1ff05d707d20dd4d4fe46a51e6b76e9e	0	0	0	760	0	0	0	0	0	0	0	0	0	14
99533cda957d5b975c00264653e183c6	0	0	0	0	0	0	0	0	774	0	0	0	0	0
7df8d753d48e23122d5edea9715b69aa	0	771	0	0	0	0	0	0	0	0	0	0	0	0
0ac8f11bf9b600290b0d1719f498eff5	0	0	0	770	0	0	0	0	0	0	0	0	0	0
6a73f6c53a89bdbb66c42fbb19dec916	0	379	319	0	0	47	24	0	0	0	0	0	0	0
e7f07bcdaa572f99cef5a93541644163	0	0	0	0	768	0	0	0	0	0	0	0	0	0
788c252e221a63b7cb20b583f4a87ce7	0	0	0	0	0	0	0	0	0	0	768	0	0	0
c3cc04b76cdee0c90a909ac0e71582c8	0	766	0	0	0	0	0	0	0	0	0	0	0	0
0cdf796d3b4150576cff57ca97483a97	0	62	559	0	0	112	33	0	0	0	0	0	0	0
1bce0f9ba4c91675d3d7f5013535d505	0	0	0	766	0	0	0	0	0	0	0	0	0	0
0a051e44f358fad1acd192b1ceeefbb2	0	765	0	0	0	0	0	0	0	0	0	0	0	0
136e784a84f388bd65144890c0ecd4ea	0	0	0	0	0	0	0	0	0	0	0	0	762	0
7a8ac58c8d8bb27e26596c52905db7c9	0	0	0	760	0	0	0	0	0	0	0	0	0	0
471064a5d548e1611841431057730176	0	455	168	5	0	65	63	0	0	0	0	0	0	0
48e3641cf149e78d27fa20be7c881df5	0	0	0	753	0	0	0	0	0	0	0	0	0	0
f3313f7948e40476b8cebf68bce1147e	0	0	0	0	0	0	0	0	752	0	0	0	0	0
6417cb584a009fdef61213cccd58e440	0	0	0	0	0	0	0	0	749	0	0	0	0	0
798d59a5841deb0cf44b6df433abdf6e	0	507	96	60	0	18	16	49	0	0	0	0	0	0
d6d6d7266289769a8723d854c35112e9	0	0	0	745	0	0	0	0	0	0	0	0	0	0
6ab4d3bb86e39a8f244207a0c072fdbb	0	60	191	361	0	72	42	18	0	0	0	0	0	0
a6e07fc9500d82fc517fa6d066046611	0	0	0	0	0	0	0	0	741	0	0	0	0	0
9bb60d31e0923a5131851e0c95c3ca45	0	0	0	0	738	0	0	0	0	0	0	0	0	0
403fb34cf333de741a9bbe5fdfbd723b	0	0	0	0	0	0	0	0	0	737	0	0	0	0
5618d7a220ad0c602d0882d1c7b1b78d	0	0	0	0	735	0	0	0	0	0	0	0	0	0
1416c03f0de14b2181eb238d9dbdbeae	0	600	134	0	0	0	0	0	0	0	0	0	0	0
7e5599ad9de52436367fe737c1236491	0	0	100	514	0	55	16	49	0	0	0	0	0	0
60a53287d9af126289e9f95353e06eb4	0	0	0	693	0	0	0	0	0	0	0	0	0	38
02ac7c7f8691282391e80eb4f5deba4c	0	0	0	0	0	0	0	0	0	731	0	0	0	0
62c915f6cb4e987c113ce667ced998ea	0	0	0	729	0	0	0	0	0	0	0	0	0	0
5f8ffb067267e6bd02a7291b6b36b3d1	0	0	0	728	0	0	0	0	0	0	0	0	0	0
5a770dc9b3ee04cf0c0796aad5cd06a6	0	0	0	0	0	0	0	0	0	0	0	728	0	0
ab7754e09ce7c6de70dad3de4de97862	0	0	0	0	0	0	0	0	725	0	0	0	0	0
58a02ba5ee8db4e80b41723784574f3a	0	0	0	0	0	0	0	0	0	725	0	0	0	0
d7dd03527d1a65684f243c26cc0f29f1	0	0	0	723	0	0	0	0	0	0	0	0	0	0
992a057ddf482b84ed6737f10ee87319	0	24	218	421	0	38	18	0	0	0	0	0	0	0
b0ef5098a2d1db566df2c6903363e035	0	0	0	0	0	0	0	0	0	719	0	0	0	0
5c3f8e761c1a750180c3cc20dde7f822	0	0	0	0	718	0	0	0	0	0	0	0	0	0
2b95e96d87e8b753947cd82e01acf21b	0	216	330	0	0	84	55	31	0	0	0	0	0	0
aa8cb990b29945043d10044523531464	0	0	0	0	0	0	0	0	0	716	0	0	0	0
ee8a6b0860e0535697b48ee124de5cf0	0	0	469	0	0	143	103	0	0	0	0	0	0	0
3e0b14efad3fe5024fe72fdf941db7b8	0	0	0	0	0	0	0	0	714	0	0	0	0	0
aa4de3fbfc02f00dc30d3b0a1bc8d280	0	0	0	0	0	0	0	0	0	0	713	0	0	0
5e67fe9a98f5eaf40e35fbdbb5829632	0	0	0	0	0	0	0	0	0	712	0	0	0	0
848f6dee3f8ea166d4e216baceedb19c	0	0	0	0	0	0	0	0	710	0	0	0	0	0
a537e4f8977bb602b0f4e1a93b72a06f	0	0	0	706	0	0	0	0	0	0	0	0	0	0
5947f0ed53023dd922668ca006f1821f	0	472	138	0	0	53	37	0	0	0	0	0	0	0
a6d013a7a216cf4c78dd5a12b5515389	0	0	0	0	0	0	0	0	0	698	0	0	0	0
a4ecdbef9dda747c877d918bf27cde5e	0	0	0	302	14	0	0	312	0	0	0	0	0	69
dac65f2dbe2bd6c7672a9e7e733f42d2	0	0	0	0	0	0	0	0	697	0	0	0	0	0
a39d5e39694233a435927dec32140583	0	0	0	0	0	0	0	0	0	697	0	0	0	0
7439da54eacd60d9b8c1e6aded70b67e	0	0	0	694	0	0	0	0	0	0	0	0	0	0
9a54e5aadad8f22d668a18162c0730ef	0	255	305	0	0	77	53	0	0	0	0	0	0	0
e68ba3376775c96114d1b24f07620165	0	0	0	0	0	0	0	0	674	0	0	0	0	14
c13a00c7f0ad2af435fe1c0ea4af9294	0	0	0	0	0	0	0	0	0	687	0	0	0	0
83689e50e9c20e0f867c40e5659b28a3	0	0	0	0	686	0	0	0	0	0	0	0	0	0
53e3b702ef74bfeef0a57aa9de0c6abc	0	0	0	654	0	0	0	0	0	0	0	0	0	31
34718f1f763bd6f58b2579b4c471c93f	0	0	0	684	0	0	0	0	0	0	0	0	0	0
aa745a8e626651a4e707fe88389a692b	0	0	0	684	0	0	0	0	0	0	0	0	0	0
4eebb9a3ddc985ce7a6d157ff5925c23	0	683	0	0	0	0	0	0	0	0	0	0	0	0
747c976487df7694fb885b1e07da3f0b	0	0	0	0	0	0	0	0	0	0	683	0	0	0
57d302b5c4360db27df7cb4881c57be3	0	0	0	0	0	0	0	0	0	682	0	0	0	0
f8cec877687de21667418f591742e3ca	0	125	187	331	0	25	13	0	0	0	0	0	0	0
81ec6e4bb204b1016a53eda236cb8aa3	0	0	0	0	680	0	0	0	0	0	0	0	0	0
40d02f2beccc9424651a3e2c52dd1ca2	0	0	0	0	0	0	0	0	680	0	0	0	0	0
33dc4d015f6cb35d1be4265c2579d5db	0	277	318	0	0	45	39	0	0	0	0	0	0	0
948a691a1eaf973a9165e3cdf528aa51	0	0	0	0	0	0	0	0	0	679	0	0	0	0
edd8a07dc5d378bad23776f5c251f0c3	0	0	0	0	678	0	0	0	0	0	0	0	0	0
ca9e4bdea27551d38afe14940e310a67	0	0	0	676	0	0	0	0	0	0	0	0	0	0
ec9b2899c83f01ac60dfe73065212895	0	0	0	0	0	0	0	0	0	0	0	675	0	0
d7b1ad3c1eeeb356003a40b48ba078a3	0	0	0	0	0	0	0	0	0	672	0	0	0	0
06cfc97c11afc429d45a36c46bb3d83e	0	156	371	0	0	106	37	0	0	0	0	0	0	0
47729f920c136732617a321af1759adb	0	478	130	0	0	25	35	0	0	0	0	0	0	0
610b5562109836723975c0d4546a6182	0	0	0	0	0	0	0	0	0	667	0	0	0	0
90cbfe6ec0cc944d9f93993b16d841c8	0	8	0	0	0	0	0	0	0	658	0	0	0	0
d2425405de17a3c45e6ec6f520bcb77b	0	0	0	0	0	0	0	0	0	664	0	0	0	0
5a170ea894f6b33df79fb10f52aef0d6	0	0	93	551	0	19	0	0	0	0	0	0	0	0
96a8df2f36a7b47662ad366f73f5178e	0	0	0	0	0	0	0	0	0	663	0	0	0	0
2413590a8b2016d405123bbe5bf507c4	0	662	0	0	0	0	0	0	0	0	0	0	0	0
bb777b0cab788ae91efb19b74d8a939f	0	0	0	662	0	0	0	0	0	0	0	0	0	0
44b95f453bc008309e1ea71317da2983	0	330	276	0	0	32	21	0	0	0	0	0	0	0
871565ca2289f752bee80c07a0d25a50	0	0	0	0	659	0	0	0	0	0	0	0	0	0
35395ef8317505d0451f195cfabe44b0	0	0	0	0	0	0	0	0	0	0	0	659	0	0
66515842cd4b9ea3faee835e31408c91	0	6	76	0	0	255	320	0	0	0	0	0	0	0
51bccbf5ad3f49dfdaa4247fa6de31fe	0	355	229	0	0	42	29	0	0	0	0	0	0	0
70f5f2262deffe3a47e48cdc99c3866b	0	0	0	0	0	0	0	0	0	655	0	0	0	0
76081c52d87bc4e73def5294225ddd4e	0	0	0	654	0	0	0	0	0	0	0	0	0	0
f5776d9cc9730ffe31ffca8e53cb1228	0	0	0	652	0	0	0	0	0	0	0	0	0	0
2644b54d5ea6db29fe972dbefaa8bfc4	0	0	0	649	0	0	0	0	0	0	0	0	0	0
6029858ab12e0acc740cf5625ef2c38c	0	0	0	0	649	0	0	0	0	0	0	0	0	0
2e814ff7601927d836428f114ebf7ea9	0	0	0	646	0	0	0	0	0	0	0	0	0	0
e63c625b52e8ebc1a9868b4118e6fdc6	0	0	0	0	646	0	0	0	0	0	0	0	0	0
7e047c19b7308c1d65f856976f2afce7	0	0	0	0	0	0	0	0	0	645	0	0	0	0
c517f774e9ab3f6c96e1f7adc560d82c	0	0	0	0	0	0	0	0	0	644	0	0	0	0
145aef3e58fff80880ceacbf8b004f39	0	643	0	0	0	0	0	0	0	0	0	0	0	0
48d620cfdfd791e1d9b9d057397d488a	0	27	175	0	0	227	214	0	0	0	0	0	0	0
e89095e5e135898e0afebe39d308ef17	0	0	71	0	0	268	302	0	0	0	0	0	0	0
5f813a531160f9bf589edf519d5dd6a8	0	0	0	640	0	0	0	0	0	0	0	0	0	0
79bf90ebe2d2e75b558efb97f1d7ea33	0	0	0	0	0	0	0	0	639	0	0	0	0	0
28493d4acc88fb0222c669254d8b3076	0	0	0	0	0	0	0	0	638	0	0	0	0	0
97e02ddef04f09938fc1a65a89cad50d	0	637	0	0	0	0	0	0	0	0	0	0	0	0
b041fb5eae6409b88ede974dd396ab8d	0	0	0	637	0	0	0	0	0	0	0	0	0	0
c1132ebfbef54ba0670bbf431b367cb4	0	0	0	636	0	0	0	0	0	0	0	0	0	0
e4c8ba3b9412778416acfb205fbb1f68	0	76	441	0	0	62	33	22	0	0	0	0	0	0
b5b99c4195fe9b3a6fc9ad33d94fd950	0	0	0	0	633	0	0	0	0	0	0	0	0	0
671f9ddec45864007a457661808628f6	0	191	263	0	0	106	70	0	0	0	0	0	0	0
6067fdfe010addbd34acbbd9152eaf7f	0	0	0	0	625	0	0	0	0	0	0	0	0	0
f4ee63e0ee73f9924bfe613bb439dde7	0	0	51	573	0	0	0	0	0	0	0	0	0	0
800f7facd4bfe6f47b0f6af143d8d6ac	0	90	444	0	0	45	44	0	0	0	0	0	0	0
d92acf9380c8bea1f2ac5f4bcab715fa	0	0	353	0	0	171	99	0	0	0	0	0	0	0
31588e62174b961beccffa018298a300	0	0	0	0	622	0	0	0	0	0	0	0	0	0
9a8ddbb2f7253db2ba87308f52ca2a0e	0	105	333	0	0	118	64	0	0	0	0	0	0	0
3a525b039a2b02022579bb5d069f28f5	0	28	126	411	0	30	25	0	0	0	0	0	0	0
b34809fdfbb467e04476d01c98729089	0	0	0	0	0	0	0	0	0	620	0	0	0	0
257ab368f830a7b355be27f5fee1f0a4	0	0	0	0	619	0	0	0	0	0	0	0	0	0
8b466a0e806487c3228c850c9e31419c	0	112	182	152	0	69	74	0	0	0	0	0	0	29
862befaacd6c500e4ba6a34ed20fd80d	0	0	0	0	0	0	0	0	0	618	0	0	0	0
23186834d4022f20e6a2d8ad23a5b7c3	0	221	290	0	0	47	59	0	0	0	0	0	0	0
dcc063ffa5338ee5f03d6c618b851087	0	0	0	573	0	0	0	42	0	0	0	0	0	0
aee67785162eaf00016a09eb78c63744	0	0	0	0	0	0	0	0	0	615	0	0	0	0
bfaf0d24a80a2f21ce2f93510f257a04	0	84	143	332	0	28	27	0	0	0	0	0	0	0
919bd4805df85a7d2d1ffa513cb42c52	0	0	0	614	0	0	0	0	0	0	0	0	0	0
64dd070ec3a65d7ba1bcb7273f0e59c3	0	0	0	614	0	0	0	0	0	0	0	0	0	0
12048a88e0d02ac7a5b5601e2352d1e4	0	0	0	612	0	0	0	0	0	0	0	0	0	0
3382adb7fe0686944b486ed7638a2828	0	0	110	455	0	38	8	0	0	0	0	0	0	0
4121d6241ed05d82ee622a353ba59a75	0	0	0	607	0	0	0	0	0	0	0	0	0	0
1d31b58baa088d465ef2b51ca9f7c06f	0	0	0	0	0	0	0	0	607	0	0	0	0	0
0687278fff938a086f825d5cce04ac4f	0	0	0	0	0	0	0	0	0	606	0	0	0	0
6c091fd20a71cccc8704c9ec2d62b245	0	58	87	72	17	23	13	112	0	0	0	0	0	221
79c21a15325bb48106e4f0868f20fcf8	0	0	0	0	0	0	0	0	603	0	0	0	0	0
15cc1a8b5992a7345d83968bb76b0bcf	0	602	0	0	0	0	0	0	0	0	0	0	0	0
7573660cd8f52a0ea2b7c27c45ad6165	0	0	0	0	602	0	0	0	0	0	0	0	0	0
20dc3ee62a2a38e3ad3c1f7716b25792	0	0	0	0	0	0	0	0	602	0	0	0	0	0
0def5d01974bc7322693d79b2c7e124c	0	150	141	0	38	34	18	220	0	0	0	0	0	0
c518541b8fa67581e9aadbcc18c1e5ec	0	0	23	578	0	0	0	0	0	0	0	0	0	0
063ec74504638bc4695287262a7f9f1f	0	599	0	0	0	0	0	0	0	0	0	0	0	0
c50e0f3e076cdf370583690d5e406dfb	0	0	0	0	0	0	0	0	597	0	0	0	0	0
fa125881a56ad7eb399b9aeae1f72735	0	49	0	0	0	0	0	0	0	0	547	0	0	0
547a3a6c5bf99bf0c96ad3a4939bc617	0	0	0	594	0	0	0	0	0	0	0	0	0	0
41def97a7b9547436711374969a7290d	0	74	415	0	0	61	43	0	0	0	0	0	0	0
bb05014f2dfb7b14e912a2de9cb74922	0	0	0	592	0	0	0	0	0	0	0	0	0	0
ac0ae9e4a6f5d0ca5da8ffa87731ee14	0	0	0	0	0	0	0	0	0	0	0	0	589	0
316068cabb75c305031a40ffb6c91ce9	0	0	0	0	588	0	0	0	0	0	0	0	0	0
855bbfc40fd859825297eb2387566d94	0	0	0	0	0	0	0	0	588	0	0	0	0	0
1f91ee186b5bcddf20198abd5730d4fd	0	0	0	587	0	0	0	0	0	0	0	0	0	0
a7ab7bc43fb3ab5179e22e29ee91009c	0	0	0	0	587	0	0	0	0	0	0	0	0	0
cce86ca1711d84264f4fbb23fb83158d	0	75	50	452	0	4	0	5	0	0	0	0	0	0
9e4b126b54bd940c3777fc07e64b990d	0	0	120	449	0	8	9	0	0	0	0	0	0	0
248e9feae8d7c32c75cce9831a17e062	0	0	0	0	0	0	0	0	0	0	585	0	0	0
b6ed31c0d0091e89d436e12858c09de5	0	0	0	0	584	0	0	0	0	0	0	0	0	0
2300b6b69efe7ff0ae8570751c13760d	0	0	0	0	0	0	0	0	0	584	0	0	0	0
992ba8a2a1a2c8d99e0ee53f855229e2	0	0	0	0	0	0	0	0	0	583	0	0	0	0
104d62b5075f1e397af8bf6a34e9e8f8	0	0	0	0	0	0	0	0	582	0	0	0	0	0
c59dfba34be47fc141a4acc40e4a29aa	0	0	0	0	581	0	0	0	0	0	0	0	0	0
18f3b613df6261feb57efb8dbe33c529	0	0	0	0	0	0	0	0	580	0	0	0	0	0
e035779000aaaf4bdedc12396e15c3e8	0	0	0	0	0	0	0	0	0	579	0	0	0	0
cf6331d7b1fbf2e842950573d7a6578c	0	0	0	0	0	0	0	0	0	0	0	0	579	0
7e58108d1d3c908bd41e3ae39a322d6b	0	577	0	0	0	0	0	0	0	0	0	0	0	0
10c5c4fc4a4876c95e9f06a3429d9ca0	0	75	360	0	0	119	23	0	0	0	0	0	0	0
6c59e672b3aa022629018612e5faaa53	0	0	0	0	0	0	0	0	0	577	0	0	0	0
2fdad627a6e60237c17b3a0679cb8fd0	0	133	312	0	0	89	41	0	0	0	0	0	0	0
29a2f5e1e9d2f966d92ce363e0e19a82	0	20	447	0	0	63	45	0	0	0	0	0	0	0
d697375b418914b9cf37d0edb0dcbc25	0	0	0	0	573	0	0	0	0	0	0	0	0	0
af7295e0af6e2cfc987ba00030afe9c6	0	0	0	572	0	0	0	0	0	0	0	0	0	0
4acf4231bfad389223e6a3e13ea7a0c0	0	0	0	571	0	0	0	0	0	0	0	0	0	0
696d19940e593d784ac277f89d5031a2	0	0	0	0	0	0	0	0	0	571	0	0	0	0
6dc964f2031f9e03d46e0b9c28d98393	0	223	270	0	0	45	31	0	0	0	0	0	0	0
94fd0dc2f1791ef7ea9c47a7b5671630	0	215	0	312	0	12	0	30	0	0	0	0	0	0
a1fc008d0457ed2a89744b11f5e603ea	0	0	429	0	0	79	60	0	0	0	0	0	0	0
7262641b06c933a00ca2d3a77bcd51f4	0	0	0	568	0	0	0	0	0	0	0	0	0	0
d285db889704ddc69b78695d2988d7f4	0	0	0	568	0	0	0	0	0	0	0	0	0	0
0cf8d7163166bf55a8349e89d5cb6b15	0	0	0	0	0	0	0	0	568	0	0	0	0	0
3a34d397940b02fd076039f80ed54f91	0	566	0	0	0	0	0	0	0	0	0	0	0	0
416b4c66d2558fa41837c1bc379761fc	0	0	0	565	0	0	0	0	0	0	0	0	0	0
836b9de81af7b9c1084c1e9ef0d69488	0	0	0	0	0	0	0	0	0	565	0	0	0	0
31232120ea5823685ca9a6714a12db94	0	0	0	0	0	0	0	0	0	565	0	0	0	0
c09ac042e1840f938ecb7fc1cadb792b	0	0	0	564	0	0	0	0	0	0	0	0	0	0
47309df96f3bd503223cb7cab541d0c9	0	0	0	548	0	0	0	0	0	0	0	0	0	16
7f9c55a26accc7c9139d1af87442dcf7	0	0	0	0	564	0	0	0	0	0	0	0	0	0
360a636874316d4a1fd2016aa7d9ba28	0	194	312	0	0	34	23	0	0	0	0	0	0	0
b47534616b2043dfdd9c0168759d6786	0	0	0	563	0	0	0	0	0	0	0	0	0	0
0faff080f36b1d8cd647e7010bbd3a9d	0	0	0	0	0	0	0	0	0	563	0	0	0	0
bd333f496ba32c47a9b6fed2aee526bc	0	0	0	0	562	0	0	0	0	0	0	0	0	0
dca8e657ce36c9f22652d0beccd3893b	0	0	0	0	562	0	0	0	0	0	0	0	0	0
979465ad60af868ec7a5c2072872ea36	0	0	0	0	0	0	0	0	0	559	0	0	0	0
707fa0009ce76cec0dd98a04c8dca9be	0	0	0	0	0	0	0	0	557	0	0	0	0	0
baef1e6e95c6312bf7f323a3487fb92d	0	151	330	0	0	48	27	0	0	0	0	0	0	0
8ac5cbd4b2a42abaaea7292ba573b58e	0	0	0	0	0	0	0	0	0	0	0	0	556	0
ef5a2b24f6737cd6edcf4b6c8e5fbc66	0	0	0	0	0	0	0	0	0	555	0	0	0	0
b63c9ed8386fe1fe3cd9c447563567ac	0	134	0	420	0	0	0	0	0	0	0	0	0	0
8150b86d38c25e71107bf0ec64368cb0	0	0	0	548	0	0	0	0	0	0	0	0	0	6
01317b0729993ec1d9878c2ff1697f8e	0	0	0	545	0	0	0	0	0	0	0	0	0	9
9f555d2fe5ffacaa6ff5921cb8686319	0	0	0	0	0	0	0	0	0	554	0	0	0	0
ef907d39fe290afece6c79a039a86bd7	0	178	266	0	0	85	24	0	0	0	0	0	0	0
67e8bfd7d8af09c5c9ad8d0f29a2594b	0	0	0	0	0	0	0	0	0	553	0	0	0	0
d5f9d6829fe0915212b68454d88da26c	0	0	84	398	0	38	32	0	0	0	0	0	0	0
83d9260289390b7813bc97e84599e6cb	0	0	0	552	0	0	0	0	0	0	0	0	0	0
68501901ef59259b997bbc0a476bceac	0	0	202	0	0	54	0	0	0	0	0	295	0	0
969c1c203a61e37720d0d0434bbd2f09	0	0	0	536	0	0	0	0	0	0	0	0	0	15
92bcb298ea7b73d841b530ebb2c49d63	0	0	0	0	551	0	0	0	0	0	0	0	0	0
a7390856e70c3633bd0f7194326fda98	0	0	0	0	550	0	0	0	0	0	0	0	0	0
c7eb5c61bc95088f8c959d4db7114ff1	0	0	0	0	0	0	0	0	0	550	0	0	0	0
1168f0aca8c216e193ed411c372851bf	0	0	0	0	548	0	0	0	0	0	0	0	0	0
03b5a8df5629a627a98e044c5f3c2967	0	0	0	547	0	0	0	0	0	0	0	0	0	0
12e99f162a39c8db7412fbac0cabaeb2	0	0	0	546	0	0	0	0	0	0	0	0	0	0
f037f41e73c6a09384b75cc88f88a3ba	0	0	0	545	0	0	0	0	0	0	0	0	0	0
d07d81140a7a642aa33cb0b1f9c4b1e6	0	0	0	545	0	0	0	0	0	0	0	0	0	0
101f8cbf47c3194b815ebffe89f6de1b	0	542	0	0	0	0	0	0	0	0	0	0	0	0
3d720d628236964676cdfdba590e6f12	0	0	0	542	0	0	0	0	0	0	0	0	0	0
f474419704d8255067f091169b1ebac5	0	541	0	0	0	0	0	0	0	0	0	0	0	0
ce8c60d7631a71163aed367286600d0b	0	0	0	541	0	0	0	0	0	0	0	0	0	0
d6d0e78859b8a6fe5b4ca541e63a574b	0	0	0	530	0	0	0	0	0	0	0	0	0	10
728b49af6fd4ae896c184befaa891703	0	0	0	153	0	0	0	0	387	0	0	0	0	0
541fb08356787320d1702f3326649397	0	0	0	0	0	0	0	0	0	540	0	0	0	0
c88d347b3871b8b8acf3056bb11fa7d2	0	539	0	0	0	0	0	0	0	0	0	0	0	0
59e34779ee9bccce665a0f10573d3d7c	0	0	0	0	539	0	0	0	0	0	0	0	0	0
31474b8a27524b8ed79905a638134949	0	0	0	0	33	0	0	40	0	0	0	399	0	66
f77eb3728666d80b76973ab07da5704d	0	0	0	536	0	0	0	0	0	0	0	0	0	0
024e2b53a768bf972ffadf4c9355bfb0	0	0	0	0	0	0	0	0	0	536	0	0	0	0
d45322a19af1b4ab1bf578d5a2cfce89	0	0	0	0	0	0	0	0	0	534	0	0	0	0
0180427c92d5f990716901089da0f457	0	0	0	533	0	0	0	0	0	0	0	0	0	0
951ff3a3f66a7a59de577415d0b714f1	0	9	47	0	0	217	258	0	0	0	0	0	0	0
2b825041dbad70ac24b18218b9e84f01	0	0	0	0	0	0	0	0	531	0	0	0	0	0
33736d0082558fce7846d121b78cdf6c	0	0	0	0	530	0	0	0	0	0	0	0	0	0
6e588e8767620bbbbb76e42f1cad27da	0	0	0	0	530	0	0	0	0	0	0	0	0	0
c82b8a96218f27f9110908e24488e884	0	528	0	0	0	0	0	0	0	0	0	0	0	0
ef8c64874ee8f3c0590734aba0cff493	0	528	0	0	0	0	0	0	0	0	0	0	0	0
c2764bb3ab5d76ca5ab4e2e59355b3c8	0	244	163	0	0	70	51	0	0	0	0	0	0	0
d8067a05042817952a2eee86cbf6da22	0	0	0	0	0	0	0	0	0	528	0	0	0	0
0cf4131b1efab5752488805ce00551ad	0	0	0	0	0	0	0	0	0	528	0	0	0	0
1ac60da25f28e6a1c7d9c64fe83ebcee	0	0	423	0	0	59	33	12	0	0	0	0	0	0
01211af9068c1676ab16f19c000d62c0	0	0	0	479	0	0	0	0	0	0	0	0	0	47
64e6d1b7335d2e7f2872a74f4b4c65f8	0	0	0	0	0	0	0	0	0	526	0	0	0	0
b79565a1545613690ae12fb1e31cb6dc	0	0	0	0	0	0	0	0	0	0	526	0	0	0
a01df357b1da120c5070bf1fc09ef7c9	0	525	0	0	0	0	0	0	0	0	0	0	0	0
7542f12c0344e9a9e9c8bb35ee6bc3b0	0	43	135	64	0	112	72	99	0	0	0	0	0	0
e0631fae5324776eb9b2e81a610b7b62	0	0	0	523	0	0	0	0	0	0	0	0	0	0
22ffd4e407337bb0913a380045e76dfd	0	0	0	0	0	0	0	0	523	0	0	0	0	0
f522eef366d1adf1aada901ca45efb20	0	0	0	0	0	0	0	0	0	523	0	0	0	0
a3ac05b42c834b09a519f2d081915b97	0	0	0	522	0	0	0	0	0	0	0	0	0	0
3e9ce3b94b63b4daf4e583662838afea	0	0	0	522	0	0	0	0	0	0	0	0	0	0
de87ba767838c3e5d7cd45dede4c12f3	0	0	0	521	0	0	0	0	0	0	0	0	0	0
641b2e22a54244c1c4a50a92e75b2b61	0	105	264	0	0	88	29	34	0	0	0	0	0	0
239a9550435a48ad9fbbc0048ecf81a7	0	0	0	520	0	0	0	0	0	0	0	0	0	0
7c51608da01554abb8ee79f921a18256	0	0	0	0	0	0	0	0	0	520	0	0	0	0
0ef199ffbbab52363e413bf8fa7f55e9	0	0	0	519	0	0	0	0	0	0	0	0	0	0
21073fda8f95d8240854910e63659677	0	0	0	519	0	0	0	0	0	0	0	0	0	0
1d3633404f1a562e071ef9fb6fc9d430	0	0	0	0	0	0	0	0	0	519	0	0	0	0
6926888a5a5b9c5751cec4227d91b3cf	0	0	0	0	0	0	0	0	0	519	0	0	0	0
e9e83e9bf61825000c4b71a391116aea	0	0	0	518	0	0	0	0	0	0	0	0	0	0
595f0c2b302bc5189582dfb36fc3bb4b	0	517	0	0	0	0	0	0	0	0	0	0	0	0
42547ca7010371b03a9edffd57237898	0	366	105	0	0	22	23	0	0	0	0	0	0	0
e6a1983c6ae4bb282fdee23e53b48af9	0	0	0	0	0	0	0	0	0	516	0	0	0	0
70ed621e6dc47a5e7f16e0974e3ac3d1	0	515	0	0	0	0	0	0	0	0	0	0	0	0
5d532764e565f2361f198c83d396b00e	0	0	0	515	0	0	0	0	0	0	0	0	0	0
7a986b10dd46b4909b62fe60c2e753c9	0	79	223	0	0	137	74	0	0	0	0	0	0	0
578a0328419827974d4fce74f1617dee	0	0	0	513	0	0	0	0	0	0	0	0	0	0
11228e2692d23bd2d07fa72d8ee2ec77	0	0	0	0	513	0	0	0	0	0	0	0	0	0
09b4d3f5dd9100f26f094de13bb4f64b	0	0	0	0	0	0	0	0	0	509	0	0	0	0
f3f046da90c52edd9bce1519297b97cf	0	0	0	0	0	0	0	0	0	509	0	0	0	0
7f9ab766ff8164ad87d7b3b585f4496b	0	65	217	0	0	148	78	0	0	0	0	0	0	0
bfd042a3f4f84c8070583c78f8a97054	0	0	0	0	0	0	0	0	0	508	0	0	0	0
30619132af6d3d43ecbcc3721fdb9f42	0	0	0	0	0	0	0	0	0	507	0	0	0	0
c2588916167d28be5afcda35ff3ce82b	0	236	229	0	0	26	13	0	0	0	0	0	0	0
b925e3e4f5cf79ffa0c09277fab9232c	0	0	0	0	504	0	0	0	0	0	0	0	0	0
d8dca8c3ea57f21bd47c81ef5670081e	0	0	0	503	0	0	0	0	0	0	0	0	0	0
78e417af3e49eb7b0e16377240744cf6	0	0	0	0	0	0	0	0	503	0	0	0	0	0
e77cd91f55110eff936e72a0730cc6a1	0	0	0	0	0	0	0	0	503	0	0	0	0	0
e9a9000eb01cbdb43755472ce02934e2	0	41	112	332	0	16	0	0	0	0	0	0	0	0
4132516c40f4a5e783da6508f3bfa9a3	0	101	399	0	0	0	0	0	0	0	0	0	0	0
27478ce82376cc3b8f6ef99eb89b9dad	0	0	0	500	0	0	0	0	0	0	0	0	0	0
1c97ae5a71d679b752e17731bb7eca0b	0	0	0	498	0	0	0	0	0	0	0	0	0	0
8ca17cd23480e197737e5053f5d6f9ab	0	0	0	498	0	0	0	0	0	0	0	0	0	0
0670bbdd82b6f26051a609c1fe8dbcb5	0	0	0	0	0	0	0	0	0	498	0	0	0	0
1d530b987991efdc361bf225c4c5b30d	0	140	186	0	0	117	54	0	0	0	0	0	0	0
7544e3fa974e2ab20ac64443d367d88d	0	486	10	0	0	0	0	0	0	0	0	0	0	0
caf3686dae60e3f86e6c79d018c27f1e	0	0	0	0	0	0	0	0	0	495	0	0	0	0
ec6f96609ce6195d26da85f14995f718	0	0	0	0	0	0	0	0	0	495	0	0	0	0
b598378d6a5c36b8f04f86d042d91b12	0	494	0	0	0	0	0	0	0	0	0	0	0	0
486f7b6149f408c1d37fbecf1246cd92	0	0	0	494	0	0	0	0	0	0	0	0	0	0
e73da67da9585e928be6f70b6e59d83e	0	0	0	0	0	0	0	0	0	494	0	0	0	0
2b5c134ad96204274c0c04410edbd4d8	0	0	0	0	0	0	0	0	0	494	0	0	0	0
23022114b1655f4acf0a6e4002bd6d6a	0	492	0	0	0	0	0	0	0	0	0	0	0	0
b12484a6dfe12f76dd2713efee5ed0b3	0	0	0	492	0	0	0	0	0	0	0	0	0	0
587f0361e601c8cbc39e8cf3636b6c7e	0	0	45	423	0	11	12	0	0	0	0	0	0	0
80984e3ca2f165d8b94d1f52fad668a5	0	0	0	490	0	0	0	0	0	0	0	0	0	0
64ad4ea1231545624f5c194fe110aee2	0	0	0	490	0	0	0	0	0	0	0	0	0	0
dbbe80f4cca80333719075a88a330cad	0	0	0	487	0	0	0	0	0	0	0	0	0	0
e3b86897fd36f0c85f19589c43c6fb11	0	0	0	486	0	0	0	0	0	0	0	0	0	0
06e1bcecf5f735014491d26c8b7da121	0	0	0	0	486	0	0	0	0	0	0	0	0	0
a9a91fa47b7aadaf756ed3518242785a	0	401	69	0	0	12	0	0	0	0	0	0	0	0
4ba0518c7cbafe3783a19ab70f6f1d7d	0	0	0	482	0	0	0	0	0	0	0	0	0	0
36d51307a5ca4d7ddab89adb3861f937	0	0	0	0	0	0	0	0	0	482	0	0	0	0
47c846fc35414a59e4f84da230bf5253	0	0	0	481	0	0	0	0	0	0	0	0	0	0
35788f6e83d880997d4635f8b66c33b0	0	0	22	443	0	5	8	0	0	0	0	0	0	0
2ad29ea5166b5508a9cd437fff38f8cb	0	155	192	0	0	74	56	0	0	0	0	0	0	0
b8e7e2c8dda64972a6688d2b334440fa	0	83	297	0	0	50	46	0	0	0	0	0	0	0
1313b667b0ad942e92aaf2bbf0c62925	0	475	0	0	0	0	0	0	0	0	0	0	0	0
06c5a013e88c997df10add44e6cf50a8	0	475	0	0	0	0	0	0	0	0	0	0	0	0
fcda20c13072da4ac15213b139e1a059	0	475	0	0	0	0	0	0	0	0	0	0	0	0
8ee18579d4bf16e8e01716eb64328644	0	0	0	475	0	0	0	0	0	0	0	0	0	0
2fd35573a34fddfd7a7c42c7a607e0b2	0	0	0	0	474	0	0	0	0	0	0	0	0	0
26fa49b4e82256126c68aab0f5d33962	0	0	0	0	0	0	0	0	0	474	0	0	0	0
2119fa6effc041cea705bcbcce5dd06b	0	0	0	0	0	0	0	0	0	0	474	0	0	0
5bedd6ec064bb53a6901e007816327c4	0	0	0	473	0	0	0	0	0	0	0	0	0	0
062652dcb752a029d8f61ecf66353a84	0	0	0	473	0	0	0	0	0	0	0	0	0	0
36384c7fcb6c09ea6c76a49fe97e16bc	0	0	0	473	0	0	0	0	0	0	0	0	0	0
5e979ed1a76658fb98292f9d957f384d	0	0	0	0	0	0	0	0	0	473	0	0	0	0
438a87ff0d18a3538e9653740089858d	0	0	49	419	0	4	0	0	0	0	0	0	0	0
6e648dbf79f751d6c7dbc2413d1b6e20	0	0	0	472	0	0	0	0	0	0	0	0	0	0
42a772861e876a39fb8ec461fb90c7bb	0	22	379	0	0	44	26	0	0	0	0	0	0	0
5ee1edeb87de42f9082fd74195af1ffc	0	0	0	470	0	0	0	0	0	0	0	0	0	0
5980a3472565618f5cffd92cf7ac5373	0	0	0	0	470	0	0	0	0	0	0	0	0	0
3a599f480f9ddf867340e03631b6cdd9	0	469	0	0	0	0	0	0	0	0	0	0	0	0
335c74567407d2a6e6a64f0d1b2540b5	0	0	0	469	0	0	0	0	0	0	0	0	0	0
84ddc1a8c993312687bb8d5728dff05d	0	0	0	468	0	0	0	0	0	0	0	0	0	0
95e77a9361e69d18abae497015d4de2e	0	0	0	0	466	0	0	0	0	0	0	0	0	0
e17ac9ba497f3118eac7a4b3c266a064	0	0	0	0	0	0	0	0	0	0	465	0	0	0
90976ca1f6d2ba256a8337057c2c5b2e	0	0	0	0	0	0	0	0	0	0	0	464	0	0
0f9e1bfbd5a92b570dc0f16d88452191	0	36	88	338	0	0	0	0	0	0	0	0	0	0
e5573f5d9cffc43bc600a8381ada7397	0	0	38	423	0	0	0	0	0	0	0	0	0	0
7d66a94f6e8975051ce7bdef58308578	0	0	0	0	0	0	0	0	0	461	0	0	0	0
cd373460cd5574b97ea8fc4380c64056	0	398	39	0	0	14	9	0	0	0	0	0	0	0
49ad1d35556542940674f4ac70b08e60	0	112	206	0	0	77	65	0	0	0	0	0	0	0
b60ed4d031947caa682521a832e9fb9c	0	37	196	183	0	15	11	18	0	0	0	0	0	0
94db6911671b3ab74acbfdc65df17b55	0	0	103	351	0	0	6	0	0	0	0	0	0	0
40c6e9fa34c39da826366443319d3943	0	0	0	460	0	0	0	0	0	0	0	0	0	0
fb9b8558701c2c6ece6e3473517ea3bf	0	0	0	460	0	0	0	0	0	0	0	0	0	0
df5a356cff7a67b6592b321ea7cf3858	0	152	239	0	0	32	36	0	0	0	0	0	0	0
9bd055adec5861306a054a2a16382301	0	0	0	459	0	0	0	0	0	0	0	0	0	0
4ad5824f21be83370c8c9a38616e01b5	0	52	287	0	0	89	28	0	0	0	0	0	0	0
4bef870a28f465e769a7c39aab534713	0	0	0	456	0	0	0	0	0	0	0	0	0	0
3230b12ac502a5686157b41482728e25	0	0	0	456	0	0	0	0	0	0	0	0	0	0
eea6d237a74f74582431e3e98f38a142	0	0	16	0	0	0	0	0	438	0	0	0	0	0
61bb27f4caaec3fa167e44dd003fb5af	0	0	0	454	0	0	0	0	0	0	0	0	0	0
69434115d35db8b0ee91a0ce3ba63165	0	0	0	453	0	0	0	0	0	0	0	0	0	0
e733ac8347bacd8e4fa4912a949e33ec	0	0	0	452	0	0	0	0	0	0	0	0	0	0
079c089ab2001f73e68bcb13ba94813f	0	0	0	0	0	0	0	0	452	0	0	0	0	0
634ba09a9f2c78a3a1b3384b987f7d99	0	0	0	427	0	0	0	24	0	0	0	0	0	0
ec25498cb703312f041e8505afe931f2	0	172	154	0	0	82	42	0	0	0	0	0	0	0
bddd26694f3369a3bc79149c9ce8acc7	0	0	364	0	0	64	22	0	0	0	0	0	0	0
5bb9ab59eae7d885f66d337c1cde1bdc	0	0	0	450	0	0	0	0	0	0	0	0	0	0
a8828e6ff218f00ca54d4490aa2ce894	0	0	0	450	0	0	0	0	0	0	0	0	0	0
31af5c1e3d4b375f53c97b20ee7b53f1	0	0	0	446	0	0	0	0	0	0	0	0	0	4
3f18b059817c2a08641db9de181818db	0	416	33	0	0	0	0	0	0	0	0	0	0	0
be857e63668ee86a874fedfeb3908266	0	203	169	0	0	23	54	0	0	0	0	0	0	0
207bbb34c70a2bec1569e4b719321b36	0	0	0	449	0	0	0	0	0	0	0	0	0	0
16c231966afad2999e84bbe541e6f4ab	0	368	0	80	0	0	0	0	0	0	0	0	0	0
a58126da3f5850368d1609170244b080	0	193	195	4	0	44	12	0	0	0	0	0	0	0
542a9288a9ae921360a2ffe01f06c2e0	0	34	255	0	0	71	65	23	0	0	0	0	0	0
d958625bba28342980566b002f91ac15	0	313	77	0	0	57	0	0	0	0	0	0	0	0
86226830e8b8d070366706d05186b2d5	0	0	0	447	0	0	0	0	0	0	0	0	0	0
f9766e45e8cb57a229911469ed09e3d6	0	0	0	0	0	0	0	0	0	447	0	0	0	0
2130250ceff0c73c8be655c730eb19b0	0	0	0	0	0	0	0	0	0	447	0	0	0	0
52e79aa6a688effeae35829d6078f35c	0	0	12	434	0	0	0	0	0	0	0	0	0	0
7c05f7c40f490793fe00305b132f36a1	0	0	0	0	0	0	0	0	0	446	0	0	0	0
202fe63df088bf59fac3f088db982305	0	234	104	0	0	0	0	107	0	0	0	0	0	0
29db0ce4f5606a8bce7453c6883e838b	0	0	0	0	0	0	0	0	0	445	0	0	0	0
a7f654508791f1424ae2a9b6ee3f2021	0	0	0	444	0	0	0	0	0	0	0	0	0	0
322ee3d3c079c7518f44e1b8acc328b0	0	0	0	0	0	0	0	0	0	443	0	0	0	0
86b1dca53bc0d8691e656af11f5e6629	0	442	0	0	0	0	0	0	0	0	0	0	0	0
19b23b503d10795479f12bed782e37bf	0	441	0	0	0	0	0	0	0	0	0	0	0	0
2237b8ded30c09c3d54a3d9d03e245ff	0	0	0	0	441	0	0	0	0	0	0	0	0	0
c7d3cbcde6b6be390e03c29bbcd104c9	0	440	0	0	0	0	0	0	0	0	0	0	0	0
3cc10e8d0a56517b29578ca70be7c583	0	440	0	0	0	0	0	0	0	0	0	0	0	0
336ca7a14505637eefbc3c2324abda36	0	0	0	440	0	0	0	0	0	0	0	0	0	0
c6391098fe053d0ae8494b5d446c7bb9	0	0	0	0	440	0	0	0	0	0	0	0	0	0
e778134e032562e8658b580a884a2c5a	0	0	0	0	0	0	0	0	0	0	0	0	440	0
b65a27a10683e194ceaa5505bc1dae34	0	439	0	0	0	0	0	0	0	0	0	0	0	0
bfeb7090bda08577192459ce486eb03a	0	259	153	0	0	0	17	0	0	0	0	0	0	10
dfe270cc8bcc2ded30fe072d2c33a304	0	0	288	0	0	116	35	0	0	0	0	0	0	0
ef922897fd5976107865e14caa51a351	0	0	0	439	0	0	0	0	0	0	0	0	0	0
6194d713183add05d6a2af491fde1dc9	0	0	0	439	0	0	0	0	0	0	0	0	0	0
77a3928d2cbac2160dbf1abe695e5216	0	0	0	439	0	0	0	0	0	0	0	0	0	0
f51c699987b4add646253dd3a0859dca	0	0	0	405	0	0	0	0	0	0	0	0	0	34
e70629f76e4e98fe3fbc7e7cbda93c02	0	0	0	0	0	0	0	0	0	439	0	0	0	0
a453baf05e8d11c0e6c4165889970e81	0	0	0	438	0	0	0	0	0	0	0	0	0	0
87d5963da86b1e502b33e2737dd04b4f	0	52	224	0	0	84	36	41	0	0	0	0	0	0
f78367ac0bb010a063a1b2e4187b5bff	0	0	34	0	0	210	192	0	0	0	0	0	0	0
db82d4d8ae7ab0a253afe5c10c79a8dc	0	0	0	0	0	0	0	0	0	436	0	0	0	0
1d000ae90b5115fb92e1b692cd937c6a	0	0	0	435	0	0	0	0	0	0	0	0	0	0
ba1ee7152037d8d9ade8dd7417de7bb0	0	158	163	0	0	64	49	0	0	0	0	0	0	0
2215d79de9f31a8073f4b3819bc2585d	0	431	0	0	0	0	0	0	0	0	0	0	0	0
2da87862a74f7e965180ae96c6ad7962	0	0	0	0	0	0	0	0	431	0	0	0	0	0
7e54528acb68a54b158a9e6a6bb1cbf4	0	0	0	0	0	0	0	0	0	431	0	0	0	0
9a22b820827de6381f47193e1dca75c4	0	430	0	0	0	0	0	0	0	0	0	0	0	0
79b2385a7d6d7a08b08ac32dd9d78bd3	0	0	0	430	0	0	0	0	0	0	0	0	0	0
197c7110442fd4414b95ae8a5d02d3e8	0	162	200	0	0	27	40	0	0	0	0	0	0	0
3cbc30423e873dfaa0366e3e47299b50	0	0	0	356	0	0	0	72	0	0	0	0	0	0
59d49b44054eba9a572c04842cffcf55	0	0	0	0	0	0	0	0	0	428	0	0	0	0
76e8e051710a6b857a8b6e0d9ea9ec1e	0	427	0	0	0	0	0	0	0	0	0	0	0	0
de063937e38de4c0a53a547514e78739	0	0	0	0	0	0	0	0	427	0	0	0	0	0
f315569e445de4b3bba11d38a07ddc25	0	0	0	425	0	0	0	0	0	0	0	0	0	0
ae67f0e388bedd67bc3ac698758853ec	0	0	0	424	0	0	0	0	0	0	0	0	0	0
739dd3357e4be42af0994b3ad67dfde2	0	0	0	0	0	0	0	0	0	423	0	0	0	0
9951e686d75d914f17722a6b6cd80deb	0	0	0	422	0	0	0	0	0	0	0	0	0	0
10a7d780684a4d41ab3553d5f927cf23	0	0	0	422	0	0	0	0	0	0	0	0	0	0
4efa2a4b31f15f1b03c6e06a73f8baef	0	0	0	0	422	0	0	0	0	0	0	0	0	0
0d77c07bb8437ebb64b56b7d61de2b8b	0	421	0	0	0	0	0	0	0	0	0	0	0	0
59da64855a2cbe269558e9393162ab9a	0	0	0	0	0	0	0	0	421	0	0	0	0	0
be9a96582926c6023b112942a9a60d2c	0	0	0	0	0	0	0	0	0	421	0	0	0	0
a2707a3e081bcf14e16b39a3921b392d	0	60	246	0	0	84	29	0	0	0	0	0	0	0
ca8d9b3a2e6906b2f1dc4440c57134fa	0	0	0	419	0	0	0	0	0	0	0	0	0	0
350ecc9778a34eb6d07fcfdef426413a	0	0	0	418	0	0	0	0	0	0	0	0	0	0
b8249f2d4c3ca0688396f51ebd1c7c40	0	0	0	371	0	0	0	47	0	0	0	0	0	0
b156d2177162fc0970a9bb0ee17474c2	0	0	0	0	0	0	0	0	0	416	0	0	0	0
4eecb43bffad92dc67be8d01935c89d0	0	415	0	0	0	0	0	0	0	0	0	0	0	0
ed06b1d9255b71040f95de91bb9dd237	0	0	0	414	0	0	0	0	0	0	0	0	0	0
75f219a1b2e4c4cf204a14b2dbc16190	0	413	0	0	0	0	0	0	0	0	0	0	0	0
b4146d72ee5d15ec90cbe1a33179614e	0	0	0	0	412	0	0	0	0	0	0	0	0	0
cbc426dda5f8420eb130dafac56f05be	0	0	0	0	0	0	0	0	0	0	412	0	0	0
9b5285b9d027aa6aeee982ee443d585d	0	0	0	411	0	0	0	0	0	0	0	0	0	0
4e0c5108a7f2d8417e3ccd1ff6d8a505	0	0	0	411	0	0	0	0	0	0	0	0	0	0
623e8f92b221b1ec4e70995a62008847	0	0	0	411	0	0	0	0	0	0	0	0	0	0
65af1b73c6858745eeb2fe3b6ff3b9fa	0	60	269	0	0	42	39	0	0	0	0	0	0	0
7d141bd279a83f62d4fdeb6f3afd5647	0	0	0	0	410	0	0	0	0	0	0	0	0	0
72ece352bf1d7904c9aff1d03f19b97a	0	99	251	0	0	20	38	0	0	0	0	0	0	0
0113917c4459f5dd41bce2ec423b60b7	0	46	280	0	0	53	29	0	0	0	0	0	0	0
893f432a3d4786b854904b9ad309d9d5	0	0	0	408	0	0	0	0	0	0	0	0	0	0
8f4a84aa6f96fcc8a054f6401d420d24	0	0	0	0	0	0	0	0	0	0	408	0	0	0
f17e136e85f6636aeff6695405557b4a	0	407	0	0	0	0	0	0	0	0	0	0	0	0
1e771baeb9cdd0ac4d3a21a46783bba3	0	175	153	0	0	47	32	0	0	0	0	0	0	0
e81a8ea1018ff32e92e33d3321ae9e60	0	0	0	0	0	0	0	0	407	0	0	0	0	0
0fc5ed339904eff2cc29827f9db73148	0	0	0	0	0	0	0	0	407	0	0	0	0	0
0eac6131e5770fcfc116194cab0a7108	0	0	0	0	0	0	0	0	0	407	0	0	0	0
cf2a13de6d0313e60fed3de3dee74900	0	405	0	0	0	0	0	0	0	0	0	0	0	0
62cf6d27b3b14802aeb02b87beae2b8e	0	182	184	0	0	22	17	0	0	0	0	0	0	0
94937c40bb66370916514072e4c6a3aa	0	0	0	405	0	0	0	0	0	0	0	0	0	0
5c9f45c972925606a25c43ce737a5c48	0	0	0	404	0	0	0	0	0	0	0	0	0	0
cb25115e9988cab73a5aa6917a9416f9	0	0	0	0	403	0	0	0	0	0	0	0	0	0
aa857b34cab0531706a2526bbbddb03a	0	0	0	0	0	0	0	0	403	0	0	0	0	0
753a02751464e621f26fe9ff03e14a62	0	395	0	0	0	0	7	0	0	0	0	0	0	0
23f47082631f3d9d048af0f61335d760	0	0	0	0	402	0	0	0	0	0	0	0	0	0
582caa02f8bf644828d224fbd90dcde4	0	0	0	401	0	0	0	0	0	0	0	0	0	0
e781c82aefc8e69c19de3dac2ae18c2f	0	0	0	0	0	0	0	0	0	401	0	0	0	0
372c53e5d468669364299c3975205b37	0	0	0	0	0	0	0	0	0	0	0	0	401	0
bd51c09dd59a20a42948730948a24362	0	0	0	399	0	0	0	0	0	0	0	0	0	0
1b6e40953f2e06c11291193ddfbb7b7e	0	0	0	393	0	0	0	0	0	0	0	0	0	6
0160b17cd7f4b2576d1d304d8764ff3b	0	0	0	398	0	0	0	0	0	0	0	0	0	0
b749484e00377a18a4883543ad286b25	0	0	0	398	0	0	0	0	0	0	0	0	0	0
383730998c7261ea1496452fbbb2b70c	0	0	0	0	0	0	0	0	398	0	0	0	0	0
4be80be705379fe624bf4f236868c161	0	397	0	0	0	0	0	0	0	0	0	0	0	0
607aa973182059e88525376162dad6f7	0	397	0	0	0	0	0	0	0	0	0	0	0	0
24a568fad6e489326279f16221dafd5a	0	0	0	396	0	0	0	0	0	0	0	0	0	0
c6c1706619234cd4aea984decd729bd5	0	395	0	0	0	0	0	0	0	0	0	0	0	0
9b5a5b98d5414ce2cc6f730ed6dcfa43	0	0	0	377	0	0	0	0	0	0	0	0	0	18
ca0eccccca9bb3481bfcc0b5f0758baf	0	0	26	308	0	0	0	47	0	0	0	0	0	13
526f34ba883e902f7deb23f901639bcf	0	204	171	0	0	18	0	0	0	0	0	0	0	0
e025951ec6d44264829d71b53c7f6239	0	0	0	392	0	0	0	0	0	0	0	0	0	0
cd3e11f8a7c5fef07ebe681b67c06249	0	391	0	0	0	0	0	0	0	0	0	0	0	0
e6b138b8ac6e069f22f7f6383ed8c683	0	0	0	391	0	0	0	0	0	0	0	0	0	0
144d08f91ea82323c2e8fdbf8abf5e6c	0	223	143	0	0	10	13	0	0	0	0	0	0	0
12743b909b7d1158f2135a51a968f8dc	0	0	0	389	0	0	0	0	0	0	0	0	0	0
0df8511fc54455cc634f677125f82514	0	0	0	0	389	0	0	0	0	0	0	0	0	0
729d3155b7b6123976c68e5904d7a37e	0	0	0	0	0	0	0	0	0	389	0	0	0	0
68c935333112486a99897c122b16f5c0	0	0	0	0	0	0	0	0	0	389	0	0	0	0
8c873934144552c93fc49958adbae945	0	66	196	0	0	77	49	0	0	0	0	0	0	0
16bfdb356f5531c5498b6baf9e479e68	0	0	0	0	0	0	0	0	388	0	0	0	0	0
15e9ae9af549f82e7db9a99a38507855	0	0	0	0	0	0	0	0	387	0	0	0	0	0
13891e7960b1452201491bd18fed1d9b	0	244	102	0	0	16	24	0	0	0	0	0	0	0
d47c22868109a62e391db18a50b7ddee	0	0	0	386	0	0	0	0	0	0	0	0	0	0
f8933e7c60303bea818d4234dddf3d49	0	0	0	0	0	0	0	0	0	386	0	0	0	0
187fe685d22cf0caf28929c6a5597633	0	0	0	385	0	0	0	0	0	0	0	0	0	0
1a464a19f23bd7524e912a093e3eaf64	0	172	212	0	0	0	0	0	0	0	0	0	0	0
3317af17957af566e122532ab602a422	0	383	0	0	0	0	0	0	0	0	0	0	0	0
6dd5a01206e9eebf9c7d2bbc94f5d851	0	130	119	0	0	48	85	0	0	0	0	0	0	0
09a2c927e6348f4dbbe08e018b1b3e2b	0	0	0	381	0	0	0	0	0	0	0	0	0	0
051854cfb08afd15c81f0958bfdddaea	0	0	0	381	0	0	0	0	0	0	0	0	0	0
e87e81a341f3ad5d65422396c83038bd	0	0	0	381	0	0	0	0	0	0	0	0	0	0
9c56b78f69452504d103fde02ff9208c	0	0	0	0	0	0	0	0	381	0	0	0	0	0
001fa52c6132c182ede354e94aaadffa	0	380	0	0	0	0	0	0	0	0	0	0	0	0
8fa871ddc7bf4059f67c76f194fc88ad	0	63	224	0	0	58	35	0	0	0	0	0	0	0
134cb617712b91f7e037d2531a4f2d03	0	33	227	0	0	67	53	0	0	0	0	0	0	0
57276fcce856812533479528027178ce	0	0	0	380	0	0	0	0	0	0	0	0	0	0
cddd4d202d44da6e2c5039fc8cdd2748	0	0	0	0	380	0	0	0	0	0	0	0	0	0
2ceedfdc80005c00def8efd3835ff86a	0	141	138	0	0	58	42	0	0	0	0	0	0	0
83a8ee733fe6f32edc0340ba4e9965ee	0	0	0	377	0	0	0	0	0	0	0	0	0	0
4e7eeaf62fd68c50188f24a1a15a0cb3	0	0	0	0	377	0	0	0	0	0	0	0	0	0
b19c4362ba287049cb3b373f52b92d96	0	0	0	0	0	0	0	0	0	377	0	0	0	0
22c02749dbafc9fc9ea08f7a0aec1acb	0	0	0	376	0	0	0	0	0	0	0	0	0	0
9a34b077cc8d2623f9b98cd1b9232d4f	0	0	0	0	0	0	0	0	376	0	0	0	0	0
30a5e46db60bc0c1700fad527e31b98e	0	0	0	0	0	0	0	0	0	376	0	0	0	0
ea25ae89164ea9f0b6c016493ef3eaf7	0	20	83	259	0	13	0	0	0	0	0	0	0	0
491fbed9a4a0dc11f63e38ccf064332d	0	374	0	0	0	0	0	0	0	0	0	0	0	0
ccf354afb76ce9771795992175951d09	0	0	331	0	0	17	26	0	0	0	0	0	0	0
27f389f0610ed55709c5ac11cf364829	0	0	0	0	374	0	0	0	0	0	0	0	0	0
4a2ffc7a929a38eeee937176b289cc10	0	0	0	373	0	0	0	0	0	0	0	0	0	0
e9e5e2e0d40ac77211f928a66fa4a7fe	0	0	0	351	0	0	5	0	0	0	0	0	0	17
f9ce3a77a0f93bba22e2ae834104ae12	0	81	272	0	0	19	0	0	0	0	0	0	0	0
fd6516a85f99646086fe6852321168f1	0	0	0	372	0	0	0	0	0	0	0	0	0	0
89f8ae78e95c36be1157d42c942dd042	0	0	0	372	0	0	0	0	0	0	0	0	0	0
84f4ecdb953df7dc0fc3736c5ea55df3	0	0	0	0	372	0	0	0	0	0	0	0	0	0
d47abea8723fdc8450f9bafbd1f8e889	0	371	0	0	0	0	0	0	0	0	0	0	0	0
8430287430822d2cc9e75eda1bb91115	0	0	0	371	0	0	0	0	0	0	0	0	0	0
cd2304e2f3d2b2bd8546452776553b17	0	165	166	0	0	39	0	0	0	0	0	0	0	0
c13a32939965cd0525f1a33baee6347e	0	0	0	370	0	0	0	0	0	0	0	0	0	0
1d83e8f9f244d25f20ea0517bfdaca7f	0	0	0	0	370	0	0	0	0	0	0	0	0	0
efcbe0542c734e65f7749a9af0e07389	0	0	0	0	0	0	0	0	369	0	0	0	0	0
763ecb53873e42fb02e31c92bc46b469	0	0	225	0	0	97	46	0	0	0	0	0	0	0
7b373bb8edfe64c1a109a267e4e43fce	0	0	0	0	0	0	0	0	0	368	0	0	0	0
f2c3a41df11b66b69bcab55dd14e75c6	0	0	0	0	0	0	0	0	0	0	0	368	0	0
438619bc70795b9d202d7f144f08c349	0	161	165	0	0	23	18	0	0	0	0	0	0	0
a07046a538cdd56327ad7ff9cc2ac8d3	0	0	0	367	0	0	0	0	0	0	0	0	0	0
7ae39d2f3fdd7dbffc946fe36b23efd2	0	0	0	367	0	0	0	0	0	0	0	0	0	0
154ee982f9ddb733844d2b81c1a77c82	0	0	0	0	367	0	0	0	0	0	0	0	0	0
25f1df5ee6cd8609ab0ba4b4eedefcd2	0	0	0	0	0	146	221	0	0	0	0	0	0	0
82b8ea653d9aee345467a7bf7c9cc1cb	0	366	0	0	0	0	0	0	0	0	0	0	0	0
60e9e5581ee2801a4dc456557954e3dd	0	0	0	0	0	0	0	0	0	0	0	366	0	0
89d6657f894dfaebefc74b4dbbd9d295	0	0	0	365	0	0	0	0	0	0	0	0	0	0
647b194c6d93deffeff8cece570f6944	0	187	113	0	0	45	19	0	0	0	0	0	0	0
c29ab682ca661981c7e705d5147eb624	0	0	0	364	0	0	0	0	0	0	0	0	0	0
13f4b125942de09ec8e63b3f887c1673	0	0	0	363	0	0	0	0	0	0	0	0	0	0
636caa60934642ab1b484eb5e1bb6953	0	92	130	0	0	65	75	0	0	0	0	0	0	0
4459b5ace19f26b88290df9601a54a0a	0	0	0	362	0	0	0	0	0	0	0	0	0	0
04d5a87fa8aa775e67d9448257e60a5a	0	0	0	362	0	0	0	0	0	0	0	0	0	0
edca9328b708b0f50fa3ee4007136ce7	0	361	0	0	0	0	0	0	0	0	0	0	0	0
37371f95d4dc5cd186852cf4345b3c82	0	216	90	0	0	33	22	0	0	0	0	0	0	0
0c0e749d3024efe047caf19b386c9206	0	66	211	0	0	50	34	0	0	0	0	0	0	0
735115c32a41b9c664c27ab67224bc1f	0	0	0	361	0	0	0	0	0	0	0	0	0	0
6c727f64155b78e3ca4903a20874a568	0	0	0	360	0	0	0	0	0	0	0	0	0	0
28710364a19007617503f1318fa1f5c9	0	0	0	360	0	0	0	0	0	0	0	0	0	0
3e87177e96b79dd228e8b797acac899b	0	0	0	360	0	0	0	0	0	0	0	0	0	0
a86af5263766010e28f63e8bade99fd0	0	0	0	0	0	0	0	0	360	0	0	0	0	0
20583dc25afb192247c3ffe75ea734d9	0	0	297	0	0	35	27	0	0	0	0	0	0	0
083651622f49a7a9b79790f7811d03dd	0	0	0	359	0	0	0	0	0	0	0	0	0	0
30c2f4f1900726ed121ced56e3085053	0	358	0	0	0	0	0	0	0	0	0	0	0	0
82b3364e7033c26e61ac13eac6136b48	0	0	0	358	0	0	0	0	0	0	0	0	0	0
823b7420a64736196734a0aea103bb4b	0	24	81	219	0	18	15	0	0	0	0	0	0	0
0a57f859668b60afc49a553ca9814b77	0	0	0	357	0	0	0	0	0	0	0	0	0	0
ec2050a90eb38f1d1ec5c7e3f6e30cff	0	0	0	357	0	0	0	0	0	0	0	0	0	0
1df23cb9447cd31ee29ea9958f71a0e6	0	356	0	0	0	0	0	0	0	0	0	0	0	0
6f85c1e63f7a9025679227a27198c8d9	0	0	0	0	0	0	0	0	0	0	356	0	0	0
bd469f4960fea55af12c048fd5467059	0	0	0	355	0	0	0	0	0	0	0	0	0	0
8ae14972b408838256d1f1910b4ad46d	0	0	0	355	0	0	0	0	0	0	0	0	0	0
a8f9f79b82bd40b1ef85452a1d6ff08d	0	0	0	0	354	0	0	0	0	0	0	0	0	0
497e15015142de0b2cde7ba9024abe03	0	79	261	0	0	0	13	0	0	0	0	0	0	0
ec9acd2da644f18f5241870da2c004f6	0	0	0	0	0	0	0	0	353	0	0	0	0	0
d8fb1d99cdf4a8a8d8df13d976af7dc6	0	0	0	0	0	0	0	0	353	0	0	0	0	0
a03b2d3b164d387cebde401ba76d2bb4	0	0	0	0	0	0	0	0	0	0	0	0	353	0
1958c1abc7422fad073a1ee1080be02b	0	186	124	0	0	42	0	0	0	0	0	0	0	0
6775bda075b9cb9123bf7ddccb933e88	0	0	0	352	0	0	0	0	0	0	0	0	0	0
4b12457f7272e64ae2cd145506dc7253	0	0	0	351	0	0	0	0	0	0	0	0	0	0
6dbed54782cd64d9906a09aae60ef370	0	0	0	351	0	0	0	0	0	0	0	0	0	0
6d0961215abf364e98dfbf3a8d7b0da9	0	0	0	225	0	0	76	50	0	0	0	0	0	0
6a5ca95d005aaaca4ec7e95c68584a8d	0	0	0	0	0	0	0	0	0	0	0	0	351	0
ad058fdde598f1f4264a714aa75c8914	0	0	0	350	0	0	0	0	0	0	0	0	0	0
9cccd98ad12226b4a07941a4abb32b05	0	0	0	0	350	0	0	0	0	0	0	0	0	0
0d600fb933fc95d2278be6f4e974528c	0	0	0	345	0	0	0	0	0	0	0	0	0	4
163b6e9a6da1a6c6ef3d5004233011c5	0	0	0	0	0	0	0	0	349	0	0	0	0	0
0451713ca22a0bf21edac128337eeb47	0	0	0	0	0	0	0	0	0	0	0	349	0	0
10f3f00fefd6c131535b94bc9987f798	0	0	0	0	0	0	0	0	348	0	0	0	0	0
829cd8ec560409b513102c9de9ff5f85	0	0	0	0	0	0	0	0	348	0	0	0	0	0
c4e04e155540d719b42f082f8e355bf4	0	96	161	0	0	45	23	22	0	0	0	0	0	0
2b02bbdfc4820024ec651ef1ea1e1df8	0	0	27	0	0	167	153	0	0	0	0	0	0	0
db0312cb1d579a24e2896539bcafa7a5	0	54	45	227	0	20	0	0	0	0	0	0	0	0
b34086512a90c4c5fef3d13f15652755	0	0	217	0	0	82	47	0	0	0	0	0	0	0
fe826d492388e0460bbf8dd7cd940035	0	0	0	346	0	0	0	0	0	0	0	0	0	0
a7dbac84b3d2b040549cbe9cb5232467	0	0	0	346	0	0	0	0	0	0	0	0	0	0
6dcc516c68531bfab24d75d61ac4af72	0	0	0	346	0	0	0	0	0	0	0	0	0	0
fd3d260ddce3391724cf3d137dd5f0cd	0	0	0	0	0	0	0	0	0	346	0	0	0	0
950584b9ba111f55abcc0bef080ae16f	0	0	0	0	0	0	0	0	0	346	0	0	0	0
80468e4bc5790e26f8adfdeedbdd5a0a	0	0	0	0	0	0	0	0	0	346	0	0	0	0
0155a7d9c1d906b6a5b849f4c43c1acf	0	345	0	0	0	0	0	0	0	0	0	0	0	0
f5781099d158cdf6550ba604530c148f	0	0	0	338	0	0	0	0	0	0	0	0	0	7
47fe674cdab6d1e7d1181076eb423314	0	0	0	343	0	0	0	0	0	0	0	0	0	0
1a57a5600214d29a787afd7a603f8066	0	0	0	343	0	0	0	0	0	0	0	0	0	0
f4566bca291129444ee1b79561cb3a31	0	0	0	0	0	0	0	0	0	343	0	0	0	0
b885be4e50699fe05572d62f6be2f420	0	0	0	0	0	0	0	0	0	342	0	0	0	0
977d5ec9e2770fd0ee7f1f81f7281a49	0	0	0	0	0	0	0	0	0	0	342	0	0	0
2ecf27dce97cbc0b89fbff4e8c104a34	0	271	0	0	0	39	30	0	0	0	0	0	0	0
a3cdfc1bb25ec5cc1f8bb6afa4cd1e95	0	210	83	0	0	28	19	0	0	0	0	0	0	0
aa09cf18ad237f173d6e40fcc1145f8a	0	88	59	179	0	14	0	0	0	0	0	0	0	0
43b54768aa4c5b7af842234a7c4b356b	0	0	0	340	0	0	0	0	0	0	0	0	0	0
06debe6632439bbe5c1a5938a87f0599	0	0	0	0	0	0	0	0	0	340	0	0	0	0
c140df0672b86f77d3ebf5922e62daef	0	255	77	0	0	0	7	0	0	0	0	0	0	0
25df452113d3944bf2038e2209e5c5b9	0	0	0	339	0	0	0	0	0	0	0	0	0	0
fd0e2831c5a99a2b2f4d90ef06ab7588	0	0	0	326	0	0	0	0	0	0	0	0	0	13
ffd3814dc87f5e87419d732389a055a3	0	0	0	0	339	0	0	0	0	0	0	0	0	0
08a5b4eabbc9cdaf34c5178af5890c6a	0	129	121	0	0	52	36	0	0	0	0	0	0	0
9010cf6ecdb6f3d3c797985e4bad8373	0	337	0	0	0	0	0	0	0	0	0	0	0	0
954df46ce65430fa289e7eb62fb5f736	0	0	0	337	0	0	0	0	0	0	0	0	0	0
f96c0b33ebda3f26223d7eb7b5ba5b91	0	0	0	337	0	0	0	0	0	0	0	0	0	0
18ed794dc636f8b8f41164e0d64fc1df	0	0	0	337	0	0	0	0	0	0	0	0	0	0
8d2f7aba95d9264a93a9a3b1ca20926d	0	336	0	0	0	0	0	0	0	0	0	0	0	0
eb496c88ec7cc9fab36e1d090c3aba86	0	195	76	0	0	42	23	0	0	0	0	0	0	0
eef9384af121d200dafaf502a6f060da	0	144	153	0	0	39	0	0	0	0	0	0	0	0
6b026d43e07815be0b971baf145650f0	0	116	220	0	0	0	0	0	0	0	0	0	0	0
02af58fa32492237949dbf2a120928ea	0	0	0	336	0	0	0	0	0	0	0	0	0	0
9f8110df41dfc954bbcbd70b7c105bc5	0	335	0	0	0	0	0	0	0	0	0	0	0	0
f04b557f47d573d6985f080c913d345f	0	6	175	35	0	56	63	0	0	0	0	0	0	0
7016fd36269494b9eeebe6abd1944bcf	0	0	0	335	0	0	0	0	0	0	0	0	0	0
0e2b48db7c4dcc73862916a9920ebce3	0	0	0	0	0	0	0	0	0	335	0	0	0	0
185f97729b66fb50fca468541137ca6b	0	165	148	0	0	12	9	0	0	0	0	0	0	0
43e35fb191c5a2c2c0f57987d6d90317	0	0	205	0	0	72	57	0	0	0	0	0	0	0
ec00451a962f82a2f0e3778b5d4776f5	0	333	0	0	0	0	0	0	0	0	0	0	0	0
c1c07ddbd44fbf968768c41d6936c398	0	0	0	333	0	0	0	0	0	0	0	0	0	0
80817287bc59763d56af3a1cc8b85e92	0	0	0	331	0	0	0	0	0	0	0	0	0	0
a43835a183f174d3de9c55ecf0bdfa17	0	0	0	331	0	0	0	0	0	0	0	0	0	0
bb59665e2094841c3e9545bd7a2e5750	0	0	0	330	0	0	0	0	0	0	0	0	0	0
c580c5e4377b9d1ab1962442cb8da934	0	0	0	330	0	0	0	0	0	0	0	0	0	0
14c0cdcd0aff0062724ae38942350913	0	0	0	0	0	0	0	0	0	0	330	0	0	0
f286a53d4bcebd39738abebe0a9cbc6d	0	91	119	0	0	68	51	0	0	0	0	0	0	0
61ab8713bf53107ab0121f8bb0baae72	0	0	214	0	0	115	0	0	0	0	0	0	0	0
12bac50cd3f420234e0d94ec936f1b9c	0	0	197	0	0	84	48	0	0	0	0	0	0	0
fa1fcccc5de4688a9e8585440f299937	0	0	0	0	329	0	0	0	0	0	0	0	0	0
c00cda74d2c32140ad45da2c6d8e3a05	0	0	0	0	329	0	0	0	0	0	0	0	0	0
bbd4135ccabb971a8c521bdb9625dc62	0	0	0	0	328	0	0	0	0	0	0	0	0	0
88032d990e482be8a7bb6fd3c122d9a7	0	327	0	0	0	0	0	0	0	0	0	0	0	0
510b57c0693809bc008777a087fbcf75	0	0	0	0	0	0	0	0	327	0	0	0	0	0
788ca2d615c4679f8dd7dce84cc82304	0	0	0	0	0	0	0	0	0	327	0	0	0	0
8375263e08c6d0e23a0b39d159fa66ef	0	89	209	0	0	13	15	0	0	0	0	0	0	0
8ecca663eb30a8439b344e3e90fd1579	0	33	208	0	0	48	37	0	0	0	0	0	0	0
c4c154fc558e22a118fb551fcef7ab41	0	0	0	326	0	0	0	0	0	0	0	0	0	0
c7be7201c5d5b138831f17219a9e02b0	0	0	0	325	0	0	0	0	0	0	0	0	0	0
02e563de390ecbee60f37536281c96da	0	0	0	325	0	0	0	0	0	0	0	0	0	0
78f68dc24d7533a0c34d39c35949b0df	0	0	0	323	0	0	0	0	0	0	0	0	0	0
c63217fa22eaae9332cf1b0d22ab7ab5	0	0	0	323	0	0	0	0	0	0	0	0	0	0
b36ab26b9aaba56cea6abb1ee9cee522	0	0	0	0	0	0	0	0	0	323	0	0	0	0
3f3b5913c438a9b2f75a627e63476988	0	0	0	322	0	0	0	0	0	0	0	0	0	0
ab28d2e59b3e63f7068d9503cbad65bc	0	0	0	322	0	0	0	0	0	0	0	0	0	0
78cfb9310091e90e03ffec7012b16914	0	0	0	322	0	0	0	0	0	0	0	0	0	0
734e44e12e5d8295d4b5437f205a23d9	0	321	0	0	0	0	0	0	0	0	0	0	0	0
935640a7cff68116573a58f74fd51fe5	0	321	0	0	0	0	0	0	0	0	0	0	0	0
a73de3efa20bade8e846f827eaed2363	0	34	187	0	0	67	33	0	0	0	0	0	0	0
924751c1995e7d6f3d9f037361d5c4e5	0	0	0	320	0	0	0	0	0	0	0	0	0	0
d989a69adce3cec76f76153b03676811	0	319	0	0	0	0	0	0	0	0	0	0	0	0
eb41803f64875eeaed0494ef1ad20138	0	0	62	0	0	128	129	0	0	0	0	0	0	0
0a7e16245692201ebab78fb4d1040fe7	0	0	0	286	0	0	0	0	0	0	0	0	0	33
c41ecf0046ca5e092de92b46e266cb08	0	0	0	0	0	140	178	0	0	0	0	0	0	0
dffc9807ca1a080038770b87711a9f6e	0	0	0	316	0	0	0	0	0	0	0	0	0	0
d618097338f506d44bac8aa82b9c2c49	0	0	0	0	0	0	0	0	0	0	316	0	0	0
462be195f90dae6071ee44a934868206	0	0	0	314	0	0	0	0	0	0	0	0	0	0
883a955dda750bb6f3fb374a19ca902d	0	0	0	314	0	0	0	0	0	0	0	0	0	0
4a0e374cf71fcc1df4de3926c1ccc654	0	0	0	0	314	0	0	0	0	0	0	0	0	0
e9c34636da9bd0844649ad5e6719a2e3	0	313	0	0	0	0	0	0	0	0	0	0	0	0
986a74cf95c5647eac6826c94b9046ee	0	225	44	0	0	21	23	0	0	0	0	0	0	0
ffa5f2b694060d8b30334f6298f0b60f	0	0	223	0	0	69	21	0	0	0	0	0	0	0
d0008b188c1ff94affcb5f333b05bdba	0	0	0	312	0	0	0	0	0	0	0	0	0	0
431fce95070dbaf6f938dfad7cc7d4f5	0	0	0	312	0	0	0	0	0	0	0	0	0	0
02623d79aa47e2b330c60413ed0b579f	0	0	0	0	0	0	0	0	312	0	0	0	0	0
895f8e0a71532ff57351f87d61b85b43	0	0	0	0	0	0	0	0	0	0	0	0	312	0
9e7b9559053e5a0bbeaa08cba712c1f7	0	0	197	0	0	65	49	0	0	0	0	0	0	0
82779bcf97f67e2f7ff293eaaa3f2c1a	0	0	0	0	311	0	0	0	0	0	0	0	0	0
259fc2ee1a8e66b8d1b088b7b6a065df	0	0	0	0	311	0	0	0	0	0	0	0	0	0
bd8b8d737169a6292601015df441dc62	0	310	0	0	0	0	0	0	0	0	0	0	0	0
cd7a357e3c53a01ceedfe7d3d1f6bc46	0	102	77	0	0	76	55	0	0	0	0	0	0	0
6bfe92717f1dc4c0964e81113d784448	0	0	195	0	0	77	38	0	0	0	0	0	0	0
0243acab5f25cd81df7d072e641126f3	0	0	0	310	0	0	0	0	0	0	0	0	0	0
e67bf36042f7226d00da0c17931e3bca	0	0	0	310	0	0	0	0	0	0	0	0	0	0
fbe05cef594859e32e485834c847b7d9	0	0	0	0	0	0	0	0	310	0	0	0	0	0
9bb57db427ea2cbce72df7258a3f54f7	0	0	0	0	0	0	0	0	0	0	0	0	310	0
1969253dfc42878e75aaef9790c25f23	0	0	25	280	0	0	4	0	0	0	0	0	0	0
c089beed0dc3ca3844541d0209991cd5	0	0	0	309	0	0	0	0	0	0	0	0	0	0
c7178d0c325868f0feecefbab289b12a	0	0	0	0	0	0	0	0	0	309	0	0	0	0
d61bd01b013431e5bdaf9343567b9fca	0	0	0	0	0	0	0	0	0	0	0	0	309	0
29b31d5fe23df1262e855972af4f50a3	0	0	0	308	0	0	0	0	0	0	0	0	0	0
b46aa6f21e16b7a7310d645413e0e7dd	0	0	0	0	0	0	0	0	308	0	0	0	0	0
3afac71ff9854676686026e34b1e907b	0	307	0	0	0	0	0	0	0	0	0	0	0	0
54cd5a7715ce3240146ed3784944a17e	0	25	236	0	0	46	0	0	0	0	0	0	0	0
da0833b47929d93a9202240018a402db	0	0	0	307	0	0	0	0	0	0	0	0	0	0
1014b10c65afc717717b53f7e0e234e4	0	306	0	0	0	0	0	0	0	0	0	0	0	0
9d0ecabd752c561afaa882615e273f0f	0	0	0	0	0	0	0	0	0	0	0	305	0	0
7e9b1d381c90a3b49b0886d639cff975	0	0	0	303	0	0	0	0	0	0	0	0	0	0
c1821e98aacc04e3f6a474ea16d62f69	0	0	0	0	0	0	0	0	0	0	303	0	0	0
c91d349a499e22c9ece9098ade88ab4c	0	0	189	0	0	70	43	0	0	0	0	0	0	0
4271aa772d2cd391f39d65d9d5ba85c6	0	0	49	0	0	121	132	0	0	0	0	0	0	0
32702c3fbd6ffcc5a2aade779a17f02f	0	0	0	0	302	0	0	0	0	0	0	0	0	0
e2078705172bf23349fc2c9b86af7d75	0	0	0	301	0	0	0	0	0	0	0	0	0	0
7e56b305adbd4d8869ac02b7f37fe545	0	0	0	0	0	0	0	0	0	301	0	0	0	0
040382a25e07244a56ef389b90a7631a	0	0	0	0	0	0	0	0	0	301	0	0	0	0
0857e408e72e6731cec2c84eff350028	0	0	0	0	300	0	0	0	0	0	0	0	0	0
358e5f80bcca5d1661dbe7fe0566899c	0	56	193	0	0	0	49	0	0	0	0	0	0	0
71d7220a1cb6aab7adc3b048ef70a48d	0	125	128	0	0	38	6	0	0	0	0	0	0	0
6d0187686cc33bacd316f608f0adfaf1	0	70	130	0	0	55	42	0	0	0	0	0	0	0
7fc934eeb0981a619faefe0c152c0d44	0	296	0	0	0	0	0	0	0	0	0	0	0	0
eac02fc966e21bd7339723a9dcde105d	0	0	0	296	0	0	0	0	0	0	0	0	0	0
6361f8ceab03c50d43bceede96c80f1a	0	0	0	296	0	0	0	0	0	0	0	0	0	0
029720eff98bb886b11c4a0ca79a0792	0	0	0	296	0	0	0	0	0	0	0	0	0	0
4af4fc96a907182869e876e1a54d91b1	0	0	0	296	0	0	0	0	0	0	0	0	0	0
7d71169cdaf12c3736e613ffc3d8fb37	0	0	0	0	0	0	0	0	296	0	0	0	0	0
439dea6ca3387719ffe76c5c6f6ad4cf	0	0	0	0	0	0	0	0	296	0	0	0	0	0
68788fa01558f25ce564424f2f323aec	0	295	0	0	0	0	0	0	0	0	0	0	0	0
eb9754d48878fd044af2ca8f882d8496	0	187	60	0	0	23	25	0	0	0	0	0	0	0
d6a082ffe0aae40c1095d23732828f41	0	0	0	295	0	0	0	0	0	0	0	0	0	0
93f15a7d0e6df73ce541131dd9fdb783	0	0	0	295	0	0	0	0	0	0	0	0	0	0
cae1c1292235f43962767e0708658700	0	294	0	0	0	0	0	0	0	0	0	0	0	0
30c2a573d9347e8c46ad6ee5b236ebbb	0	248	37	0	0	0	9	0	0	0	0	0	0	0
a48238e9dfe84997d586835f1ef580c1	0	0	0	294	0	0	0	0	0	0	0	0	0	0
d0c8f9ec4bcc961700203f343d02a46a	0	0	0	293	0	0	0	0	0	0	0	0	0	0
e38ff404720ac9210f57ab8b147cc6b4	0	0	0	277	0	0	0	0	0	0	0	0	0	16
a184485bfb9737c6dcac835165c0f23a	0	118	144	0	0	30	0	0	0	0	0	0	0	0
b6d05459a5c4a85c34ed196227f162ab	0	0	0	284	0	0	0	0	0	0	0	0	0	8
3ac885004b9500966fad7579d58e3247	0	291	0	0	0	0	0	0	0	0	0	0	0	0
275c07376700700345a3984336450a81	0	0	151	0	0	73	44	23	0	0	0	0	0	0
186ddbc0852cff5d3ee69289499cd808	0	0	0	290	0	0	0	0	0	0	0	0	0	0
307d139bcad17846d6266ab5b8148341	0	0	0	290	0	0	0	0	0	0	0	0	0	0
54776dfcb0760550b59dd5e938f0a77c	0	0	0	289	0	0	0	0	0	0	0	0	0	0
321bc3495c8395f50be8ab16f29fbde1	0	0	0	0	0	0	0	0	289	0	0	0	0	0
9f444442f0805f8771a0884a1130709d	0	196	92	0	0	0	0	0	0	0	0	0	0	0
86c24e569ab18d2da27d2a2a5450610f	0	181	61	0	0	24	22	0	0	0	0	0	0	0
f9ca0ea9e730fe3fbf6cf86e5461ad63	0	64	82	0	0	69	73	0	0	0	0	0	0	0
660ac78ece321f954069394351329ec2	0	0	0	288	0	0	0	0	0	0	0	0	0	0
329c0b95be0144592b196548b78a928f	0	149	111	0	0	27	0	0	0	0	0	0	0	0
2e3091bae547682f2210d93a1ecc2b4e	0	0	0	287	0	0	0	0	0	0	0	0	0	0
b4824468472d23bb269de5f7eb44e893	0	0	260	0	0	16	10	0	0	0	0	0	0	0
fca2681e0c30dc1fe162566587f2ae8b	0	0	0	0	0	0	0	0	0	286	0	0	0	0
ac91ee131392068760f63c75a8063897	0	0	0	0	0	0	0	0	0	0	0	286	0	0
57fba917ecfd369b93fd33b861532582	0	115	152	0	0	18	0	0	0	0	0	0	0	0
895506e6abc958e19472729d6f7fd286	0	0	0	285	0	0	0	0	0	0	0	0	0	0
92581e5fbb4cb0a2c766307afeb130c9	0	0	0	0	0	0	0	0	0	285	0	0	0	0
572cd1ae41b840331ecfa8292e27a760	0	165	97	0	0	22	0	0	0	0	0	0	0	0
32c5f25934ed05509d793104e7787ad9	0	59	166	0	0	58	0	0	0	0	0	0	0	0
374f139aed12a212234d849504b1b07f	0	10	0	273	0	0	0	0	0	0	0	0	0	0
276696d893e0aa139a761f5339d92dca	0	0	5	278	0	0	0	0	0	0	0	0	0	0
6bc8b1383cbff9e7bb1b53f034195e49	0	0	0	283	0	0	0	0	0	0	0	0	0	0
7944fc15728ece04e1183feb97a2c40a	0	0	0	0	0	0	0	0	0	283	0	0	0	0
88c5cf9e1a066e876c39f5507ef5e4e8	0	0	0	0	0	0	0	0	0	0	0	0	283	0
ae83329f0f72d7409d4ccdc1b1ce6261	0	40	181	0	0	41	20	0	0	0	0	0	0	0
dd7bb1fd118c32a63bb8ffe1d95c7665	0	35	57	0	0	27	23	140	0	0	0	0	0	0
be88b8a3f3dc9b3e251a4a6c3ef185e2	0	0	0	282	0	0	0	0	0	0	0	0	0	0
dc8d66901eaca2f2fb2bddcd47b23ef7	0	0	0	0	0	0	0	0	282	0	0	0	0	0
1b9e8eb04066e806d0b576c4b74d79a7	0	0	216	0	0	65	0	0	0	0	0	0	0	0
efca732b73a01f3b2c2a7d21c0b6ebc8	0	0	0	281	0	0	0	0	0	0	0	0	0	0
13a64dab642697646015f99d5e4bff2a	0	0	0	0	0	0	0	0	0	281	0	0	0	0
4233660c5fd47ae91340a1823f4a3d1d	0	0	147	0	0	48	26	59	0	0	0	0	0	0
c836a5ac2fbe8722fd492dccbf6c996c	0	80	156	0	0	33	10	0	0	0	0	0	0	0
f6c53594989e6ca5ca8bd438ef30d919	0	0	0	279	0	0	0	0	0	0	0	0	0	0
d2e438352daae28e6f0453ba174cff41	0	0	193	0	0	57	28	0	0	0	0	0	0	0
3808670fe3f2af66d186522ded334359	0	0	0	278	0	0	0	0	0	0	0	0	0	0
2480759c6a76aebf1676d4efdbf21106	0	0	183	0	0	53	41	0	0	0	0	0	0	0
56920826bd60f073e402ecee9008bfae	0	0	148	0	0	59	25	45	0	0	0	0	0	0
7f3c820582c0c7c0d31b7b57c139ccd0	0	0	60	0	0	42	25	150	0	0	0	0	0	0
7fe242d7195eb0ba9c0a5b777dd60036	0	0	16	261	0	0	0	0	0	0	0	0	0	0
2e346f8b8ee57555268622568bf46b5b	0	0	0	277	0	0	0	0	0	0	0	0	0	0
e0652f1502ea9ea980626e1e4b771cd0	0	0	0	0	277	0	0	0	0	0	0	0	0	0
de6abd8abbfc9317bbe85c36af80fd26	0	0	0	0	0	0	0	0	0	277	0	0	0	0
135ea3e4d147e2cf6e381bd218ca38c2	0	0	0	0	0	0	0	0	0	0	0	0	277	0
494f23544a53b28a549ce99e51154501	0	0	229	0	0	30	17	0	0	0	0	0	0	0
bf43271b6b902a51a84e1924f2fcf9fe	0	275	0	0	0	0	0	0	0	0	0	0	0	0
9f454496d5355ea99d4fe97d26f3efdb	0	234	21	0	0	12	8	0	0	0	0	0	0	0
6f9c66f1fb15f2dc9374e9b2093eba97	0	0	131	0	0	40	0	0	0	0	0	104	0	0
da3c343f198ade3aff1a0fd08e0cea42	0	0	0	274	0	0	0	0	0	0	0	0	0	0
61640d3cd7b6b6a7b47d8c6d97109561	0	0	0	0	0	0	0	0	0	0	0	0	0	274
dad514778c0b163ed0bd6b6776bd77d2	0	37	134	0	0	64	38	0	0	0	0	0	0	0
59248902514ffc2a26fc591405da4fc1	0	0	0	273	0	0	0	0	0	0	0	0	0	0
40238ac85e4b1ffd603d8981cb3a43f0	0	0	0	0	0	0	0	0	0	273	0	0	0	0
1d3c8ae21d02082ead7ccbec0d6d69f0	0	91	90	0	0	50	41	0	0	0	0	0	0	0
2167647735264821aff493d169543b6d	0	0	0	0	272	0	0	0	0	0	0	0	0	0
ab49985d64bf1a26cecfb2ebb20e8d63	0	0	0	0	0	128	144	0	0	0	0	0	0	0
33777000efef40debd7a149c36365f38	0	271	0	0	0	0	0	0	0	0	0	0	0	0
1948ef98a1695f52df58c3c40862238c	0	65	191	0	0	7	8	0	0	0	0	0	0	0
e2b8d6bc722371f25b47067f05c68214	0	0	0	271	0	0	0	0	0	0	0	0	0	0
5464fc4b14bc80cc6b5efbd876298d11	0	0	0	0	0	0	0	0	271	0	0	0	0	0
38166c232dd40ef6ce1ebb262fddad1b	0	0	0	270	0	0	0	0	0	0	0	0	0	0
17d74315c9d5706d86d4437474f3aab5	0	0	0	0	0	0	0	0	0	270	0	0	0	0
e0bfd22c3b07af1f906fdad52444f774	0	70	164	0	0	35	0	0	0	0	0	0	0	0
9c7537ff65ced81ed5ca3c0883bd9d87	0	0	0	269	0	0	0	0	0	0	0	0	0	0
e13b82c2150db22ad245a7988d894c88	0	0	0	0	269	0	0	0	0	0	0	0	0	0
d9bc943f05ab1d541c0d1265eabdc0d6	0	0	0	268	0	0	0	0	0	0	0	0	0	0
8d98c86d1f9e52dc53a5ca89b01d7e00	0	0	0	268	0	0	0	0	0	0	0	0	0	0
36a5fb85316f040038e3218fa8be6091	0	0	161	0	0	58	47	0	0	0	0	0	0	0
7b640a8e9be3dd9de6529f63d40ff8d6	0	0	0	266	0	0	0	0	0	0	0	0	0	0
1281486ecd46823dfea550c4b4e707dc	0	0	0	266	0	0	0	0	0	0	0	0	0	0
610d4a26d8cd2931ec19a3c668e039ed	0	62	156	0	0	47	0	0	0	0	0	0	0	0
aa2d79277a6219d5262f155f38435e25	0	0	0	265	0	0	0	0	0	0	0	0	0	0
b4c8e4b247dd2716f3db43770ccc383e	0	0	0	265	0	0	0	0	0	0	0	0	0	0
1e1d1f852bb846f9e250c311b59dd678	0	0	0	256	0	0	0	0	0	0	0	0	0	9
13c2a6c3eb8963aebf7f3b67cb4e383e	0	0	185	0	0	79	0	0	0	0	0	0	0	0
9ffa28bef0388d52d2395900646dd830	0	0	0	264	0	0	0	0	0	0	0	0	0	0
0b1349bdf4183cb4777e4a919458de4b	0	263	0	0	0	0	0	0	0	0	0	0	0	0
4d4d83661b24a069d22a2d88eb01c145	0	50	0	213	0	0	0	0	0	0	0	0	0	0
8e0b2d16de4273de24f91c4defa79140	0	0	192	0	0	38	33	0	0	0	0	0	0	0
93beb2921c8b64a404ae4fc028b8c09b	0	0	26	0	0	121	116	0	0	0	0	0	0	0
67c88d8e884fa73d5523576d6f390d2b	0	0	0	263	0	0	0	0	0	0	0	0	0	0
5e319290c06de6defef201510725de60	0	0	0	0	0	0	0	0	263	0	0	0	0	0
6ef06cc78123afb5440faf0e6bc91e3a	0	262	0	0	0	0	0	0	0	0	0	0	0	0
45716a602fad1fd44a4d14793057fee1	0	36	171	0	0	0	55	0	0	0	0	0	0	0
3a064de9807d9fb095e66fb84957965e	0	2	140	0	0	78	42	0	0	0	0	0	0	0
668ddc4733942a30f8e4ac5055130167	0	0	220	0	0	42	0	0	0	0	0	0	0	0
affa39d45a26a326c2448535c60fbae6	0	0	0	262	0	0	0	0	0	0	0	0	0	0
932e2641035602d6476e954146cc0b70	0	0	220	0	0	41	0	0	0	0	0	0	0	0
0c9dfa1a049996e3acb13f25657b19e8	0	0	0	261	0	0	0	0	0	0	0	0	0	0
946282b0518e991f89df7035a396e9f8	0	9	26	225	0	0	0	0	0	0	0	0	0	0
89e2ccec639c85ec2432488c96081c51	0	0	0	260	0	0	0	0	0	0	0	0	0	0
f28e9082de2f09b5f22bcdd520e3c68c	0	0	0	260	0	0	0	0	0	0	0	0	0	0
878e879b7f1038e85c84a8d4c2359dc3	0	0	0	260	0	0	0	0	0	0	0	0	0	0
6eb623d7ef5a4c2e0c6db8c868ecb968	0	0	0	260	0	0	0	0	0	0	0	0	0	0
74ae6c0431fb5a9c440aad7217646a1c	0	0	0	260	0	0	0	0	0	0	0	0	0	0
ab46338dc20c31c1696a682efbbbfc52	0	0	0	259	0	0	0	0	0	0	0	0	0	0
59e7c1d6fda0678769b2f2f98468dbf3	0	0	0	259	0	0	0	0	0	0	0	0	0	0
9092af6f52cda23aaccb91f68a563936	0	0	188	0	0	31	39	0	0	0	0	0	0	0
7827e2d7c0c3c165e03f4172b106cabb	0	0	0	257	0	0	0	0	0	0	0	0	0	0
6e05188ffffd7226eb69fe59a5dd5e2b	0	0	0	244	0	0	0	0	0	0	0	0	0	13
3d9d213993e2ab173bb28c364f841ce9	0	0	0	0	0	0	0	0	0	257	0	0	0	0
4c134d2ad31548aec4c563a0ae9d79a9	0	0	0	0	0	0	0	0	0	0	257	0	0	0
9ccd06b76044d9e65f2175156e1cda12	0	0	0	256	0	0	0	0	0	0	0	0	0	0
2703f52ef19b670ec74623f25caab971	0	0	0	256	0	0	0	0	0	0	0	0	0	0
1ce33715f9bd119b1e6d84a6df75cc5b	0	0	0	245	0	0	11	0	0	0	0	0	0	0
b1c703848f8e68f222294576c9aff144	0	105	93	0	0	41	16	0	0	0	0	0	0	0
c0ef268424caa06571e26d2ce0a9cdf2	0	0	0	255	0	0	0	0	0	0	0	0	0	0
68cf7ca6644af146ab67d714924ca479	0	0	0	255	0	0	0	0	0	0	0	0	0	0
cc6183b540fc1949aa40c35fe3231c02	0	0	0	0	0	0	0	0	255	0	0	0	0	0
3e8f3ddd2f56aecf54aa309b263920d3	0	0	0	0	0	0	0	0	0	255	0	0	0	0
1a95a9557dd1f56be1d87efb88e69e82	0	0	0	254	0	0	0	0	0	0	0	0	0	0
97b89ad72297f0a9c4ad9f30cd908e86	0	0	0	0	0	0	0	0	0	0	254	0	0	0
4dcf53ba387a0ab14ec839bba382fb05	0	0	0	253	0	0	0	0	0	0	0	0	0	0
0adf0b682561c344246b7c164c0c3551	0	0	0	252	0	0	0	0	0	0	0	0	0	0
4076b6521ff184d0d97e0029835b0513	0	0	0	252	0	0	0	0	0	0	0	0	0	0
bc244ecff2c243eed599ca37b4341574	0	0	0	252	0	0	0	0	0	0	0	0	0	0
982a0fab1d59b737117d2c7332e42137	0	251	0	0	0	0	0	0	0	0	0	0	0	0
8375d11a1a885df05a4d1ea2751c4eae	0	0	0	251	0	0	0	0	0	0	0	0	0	0
3284d3208d601c01d942de17866d213d	0	0	0	251	0	0	0	0	0	0	0	0	0	0
240c90ce011af1f615986c2a869a62ee	0	0	0	251	0	0	0	0	0	0	0	0	0	0
0ee771f05b1ccacafa33a12c310231c1	0	0	0	0	0	38	22	0	0	0	0	191	0	0
41bd731e88e6a2e878c5f67f40c7df34	0	0	0	0	0	0	0	0	0	0	0	250	0	0
07334ee4f1242e85cbe03b47dd228262	0	249	0	0	0	0	0	0	0	0	0	0	0	0
429894b8fec9cc244f87a3f6a5d2b072	0	0	144	0	0	71	34	0	0	0	0	0	0	0
d01df405ec2d88897a5bff680e55bacd	0	248	0	0	0	0	0	0	0	0	0	0	0	0
cf8e3869cde3322e4adb6e841136d8b7	0	69	153	0	0	16	10	0	0	0	0	0	0	0
2c7678a82f0ceda58cd288c93ca4257d	0	0	0	248	0	0	0	0	0	0	0	0	0	0
e714b43e837457491473e28d35d2dbb4	0	0	0	0	0	0	0	0	0	0	248	0	0	0
eaff3a592157ac5c56826cbba0ec56fb	0	146	101	0	0	0	0	0	0	0	0	0	0	0
5a42f09ce40f6eb983d76eab2b3387dd	0	0	0	0	247	0	0	0	0	0	0	0	0	0
68b2762442d8ce192f0e805ab272f05b	0	0	0	0	247	0	0	0	0	0	0	0	0	0
f3cef66e208232ea3cdd007be845069a	0	54	106	0	0	53	33	0	0	0	0	0	0	0
eb93e244494d74fda35383673f1b41fa	0	0	0	229	0	0	0	0	0	0	0	0	0	17
01a0f1b5b4a14e6f0bdbde75d245a3dc	0	0	0	0	0	0	0	0	246	0	0	0	0	0
38f6ce2496c16a4774e3e01c52984b26	0	0	0	0	0	0	0	0	0	246	0	0	0	0
64f3203d620755718da6456bafd49add	0	110	98	0	0	0	0	37	0	0	0	0	0	0
237f00a96a729d29645217192aa0499b	0	0	0	245	0	0	0	0	0	0	0	0	0	0
e1fa0170f831e23b755e5f25567619c1	0	0	0	0	0	0	0	0	245	0	0	0	0	0
add53dbe8f5c0051c978fe153c036e6e	0	0	0	0	0	0	0	0	0	245	0	0	0	0
11a427257c297606eaeb837d4187dec6	0	48	70	126	0	0	0	0	0	0	0	0	0	0
365fa2ed12b2f33c3686717d3e92c1cd	0	0	35	0	0	9	11	24	0	0	0	0	0	165
18c762f910dfff86c63315b918d01b6f	0	0	0	0	244	0	0	0	0	0	0	0	0	0
c4025ec849fdf189fd67d1cdcecbef06	0	0	0	0	0	0	0	244	0	0	0	0	0	0
1573e572c74394b7655a1d5c9ad17231	0	0	0	0	0	0	0	0	0	244	0	0	0	0
d2e85f22706b76564a71dcb05fa06187	0	243	0	0	0	0	0	0	0	0	0	0	0	0
8c3d4f4d15b5e2631923693ca3aec255	0	0	0	243	0	0	0	0	0	0	0	0	0	0
83b10232cc2f64978b5692f506aa887e	0	0	0	205	0	0	0	0	0	0	0	0	0	38
4a4efbd0f4e974c33f58eee7dfe172db	0	242	0	0	0	0	0	0	0	0	0	0	0	0
f659674c7d8568d7c037846022d9d82b	0	77	0	0	15	0	0	106	0	0	0	0	0	44
991a9bd9a2c44bd12d4fcef391fcb80d	0	0	0	242	0	0	0	0	0	0	0	0	0	0
9f43f1b900f92606c5a56fea9f19e4b0	0	0	0	242	0	0	0	0	0	0	0	0	0	0
ef36938ec5fa817eb659166ce93acd13	0	0	0	0	0	0	0	0	242	0	0	0	0	0
14e135a4d950f493e3570aa8933481ed	0	241	0	0	0	0	0	0	0	0	0	0	0	0
18196ec2a3c897b9dc4ca3b2ed07fa0d	0	117	99	0	0	25	0	0	0	0	0	0	0	0
fd7a5d32ba5446c570e59aff817c1c4c	0	0	0	241	0	0	0	0	0	0	0	0	0	0
f346de3ef29bfda8e81ebcb69bfd01ad	0	0	0	241	0	0	0	0	0	0	0	0	0	0
0c39da2793023b077eed70f5f13f8c67	0	0	0	0	0	0	0	0	241	0	0	0	0	0
1b45cb39d29eb28e8ef59c80bd381111	0	240	0	0	0	0	0	0	0	0	0	0	0	0
855f591fcc2f2ea804df822f1f2750c9	0	0	0	240	0	0	0	0	0	0	0	0	0	0
a28f965803561bd716d4f927aa8e52f4	0	0	0	240	0	0	0	0	0	0	0	0	0	0
f6e900ccb17b40ab39a4561c750208d5	0	63	142	0	0	19	15	0	0	0	0	0	0	0
dcf3898f9526e686c7b7b4259fc0c506	0	0	0	239	0	0	0	0	0	0	0	0	0	0
e8b690642be0631c6415b96d847e20f5	0	0	0	229	0	0	0	10	0	0	0	0	0	0
90c4ea6a2bd0c1183dd4ab5ed179dbf9	0	0	0	0	0	0	0	0	0	0	0	0	239	0
42b72ce263ee3caa3064dd7393d028f7	0	238	0	0	0	0	0	0	0	0	0	0	0	0
e36bdb31a003af08d4363bd86c10b247	0	82	80	0	0	31	45	0	0	0	0	0	0	0
dc6b657cb9fdb8870d82eb9196878b9e	0	0	0	238	0	0	0	0	0	0	0	0	0	0
14555bb91eb85fc39c0496977571dcf5	0	0	0	238	0	0	0	0	0	0	0	0	0	0
1234c4c0ac9a5694a2473e21b7217b4b	0	237	0	0	0	0	0	0	0	0	0	0	0	0
b779e9a6caf0f828b50dd56f150f64d9	0	128	83	0	0	26	0	0	0	0	0	0	0	0
9f435f8e117c999abf610cfb9d8d4b37	0	99	84	0	0	30	24	0	0	0	0	0	0	0
68389fd58ad12e63f7645770bc8d2f70	0	74	139	0	0	0	24	0	0	0	0	0	0	0
d9626e1adec85ecd365fc62e5af0469a	0	0	0	236	0	0	0	0	0	0	0	0	0	0
041da368168c11834775244dfe2bb12a	0	36	155	0	0	25	19	0	0	0	0	0	0	0
4d26d537db3c7ef040e6361ccf024e75	0	0	0	235	0	0	0	0	0	0	0	0	0	0
8315b22dc84a74bc3f97b6d41fb0626b	0	0	0	235	0	0	0	0	0	0	0	0	0	0
b23cfc91d26a0b51ce3ea25630173c5a	0	0	0	235	0	0	0	0	0	0	0	0	0	0
9001e38c548a76f0838730d198b3cd6c	0	0	173	0	0	35	26	0	0	0	0	0	0	0
01036ab79d71ed903cecb26be858b35f	0	0	0	234	0	0	0	0	0	0	0	0	0	0
8a908fc6a0b38d96c737e58040eab4dd	0	0	0	0	0	0	0	0	0	234	0	0	0	0
74ca69e28941312253d6fcc78702cb15	0	0	0	0	0	0	0	0	0	234	0	0	0	0
a7337fe7e2c8393d1e2a9682afb76c15	0	233	0	0	0	0	0	0	0	0	0	0	0	0
3be9f7533f608c55adeebe5bd5276c6c	0	0	166	0	0	46	21	0	0	0	0	0	0	0
54246d443636a06280703dc494f129d5	0	0	0	233	0	0	0	0	0	0	0	0	0	0
2d52d0d488a5a3f2ee59789c762cf7a3	0	0	0	233	0	0	0	0	0	0	0	0	0	0
628096dd57b92905391cc2bedc51c1a6	0	33	107	0	0	56	36	0	0	0	0	0	0	0
12589a32adde3b700bac2161f59d91f4	0	6	38	0	0	88	100	0	0	0	0	0	0	0
fc7180c5ff3a4aa19815d6ba0e9bd0da	0	0	0	232	0	0	0	0	0	0	0	0	0	0
b7f5c00261b4e3dccce4012808c72449	0	0	0	0	0	0	0	0	232	0	0	0	0	0
6f357274e0314f2f39eaf73542beadae	0	0	196	0	0	25	10	0	0	0	0	0	0	0
4b350d84785554c1e1ab91ee078b2e5f	0	0	196	0	0	0	35	0	0	0	0	0	0	0
b822891769c9bce8d79bceaebdb3e840	0	0	47	175	0	0	9	0	0	0	0	0	0	0
425bd8a9be82f342e150185e691d13e3	0	0	0	0	231	0	0	0	0	0	0	0	0	0
7609cb7410b1cde1f010e8ee712c03c6	0	0	0	230	0	0	0	0	0	0	0	0	0	0
c10d45a4d0dcb39239578c828aa582bb	0	0	0	0	0	0	0	0	230	0	0	0	0	0
afaeafe99cfaa693da9e89c0e5043dff	0	229	0	0	0	0	0	0	0	0	0	0	0	0
13685738d539cb0077a18b044dec618f	0	0	0	0	0	0	0	0	229	0	0	0	0	0
72d3413a82e51069cebd39282112cc13	0	0	137	0	0	61	30	0	0	0	0	0	0	0
708439e93545c3b96297f3b818ad4f22	0	0	0	0	228	0	0	0	0	0	0	0	0	0
06379a585263e7172e2cf5ddfa7d2e1b	0	0	0	0	228	0	0	0	0	0	0	0	0	0
2bf7cb6646fae5e73674e8832de6c38d	0	0	0	227	0	0	0	0	0	0	0	0	0	0
059be360e95f2568ee8ef9737caf9c1a	0	0	0	227	0	0	0	0	0	0	0	0	0	0
5bf0548d5d9859b397f4ff4731df089f	0	0	0	227	0	0	0	0	0	0	0	0	0	0
29cbd6ef0ea3df2bb7b411e8af8de500	0	0	0	0	0	0	0	227	0	0	0	0	0	0
45a7d7ccc89d06dcefd693476b837972	0	0	169	0	0	57	0	0	0	0	0	0	0	0
11419d6e20a216925c04996155224bd2	0	0	0	226	0	0	0	0	0	0	0	0	0	0
0e4fedcdcdc4abaf12d1cc22cdbdd8bb	0	0	0	0	0	0	0	166	0	0	0	0	0	60
3093d1da213554121fb8e84ac0ffbcf3	0	0	140	0	0	47	38	0	0	0	0	0	0	0
acab70a50d35222763a1867f01aff4c9	0	0	54	149	0	0	0	22	0	0	0	0	0	0
d365b52d17f9877757f16250b9dfd8c1	0	0	0	225	0	0	0	0	0	0	0	0	0	0
d9a1af8ad55fbd00e209460f31f13c7b	0	61	85	58	0	7	8	5	0	0	0	0	0	0
a34c53bf6c3c5c2110100331cce9f5ee	0	39	175	0	0	0	10	0	0	0	0	0	0	0
50290439170001957f24a96e84b56de9	0	0	0	224	0	0	0	0	0	0	0	0	0	0
9ac2e610e785c3e370e37388ca0f8141	0	0	0	0	0	0	0	0	0	223	0	0	0	0
87fb223264cd7bf0c843a069a5b76f4f	0	0	0	0	0	0	0	0	0	0	0	223	0	0
c59d2095f2c43edb0aacb072840e58ee	0	132	90	0	0	0	0	0	0	0	0	0	0	0
49f9270ed7b37c2b5eea8606aca0bd3e	0	0	0	221	0	0	0	0	0	0	0	0	0	0
1a844cd779cd03a875cea13db64f5a3d	0	0	0	221	0	0	0	0	0	0	0	0	0	0
4fcc9d55e9a5d6b21ea3b835ed90b6f4	0	0	0	221	0	0	0	0	0	0	0	0	0	0
53377755041623024fa7914ab1bca020	0	212	8	0	0	0	0	0	0	0	0	0	0	0
b7fc496496830aabb3ef61a4f8db198b	0	0	0	220	0	0	0	0	0	0	0	0	0	0
e0f654202d2e75103a1afdd77e510ae6	0	0	0	0	0	0	0	0	0	220	0	0	0	0
7fa8ba7948ad4a3996b4d9fbadddcb5b	0	219	0	0	0	0	0	0	0	0	0	0	0	0
314b439ac63e438f2a17972fd815a7bf	0	219	0	0	0	0	0	0	0	0	0	0	0	0
46895a2cb12303b17ebd27245a09f5ee	0	6	20	0	0	99	94	0	0	0	0	0	0	0
284456e5d4e4d55a73a45992abeaf8b8	0	0	0	219	0	0	0	0	0	0	0	0	0	0
e269c3b17954d3a52550489b19554c4f	0	0	0	0	0	0	0	0	0	219	0	0	0	0
015bf6402d1ef6722c86793118efa644	0	218	0	0	0	0	0	0	0	0	0	0	0	0
304241c375e48200e03378e51adadf3b	0	0	218	0	0	0	0	0	0	0	0	0	0	0
6a579e23907c15709a1422e85cd38dff	0	0	0	218	0	0	0	0	0	0	0	0	0	0
e311b4bff37609a609dd252babd180c2	0	0	0	218	0	0	0	0	0	0	0	0	0	0
c8d01bfbdd8d5287d0d996bbfef85b50	0	0	0	218	0	0	0	0	0	0	0	0	0	0
37d004f853566709b5389c5a87897f90	0	0	0	0	218	0	0	0	0	0	0	0	0	0
8d936493ec6b0cdfe5b0d9e8f2080b09	0	0	0	0	0	0	0	0	0	0	0	218	0	0
fb3960687e401aee43c5975948c26e86	0	217	0	0	0	0	0	0	0	0	0	0	0	0
3ba109f9e926cc666ade9b612caa004d	0	217	0	0	0	0	0	0	0	0	0	0	0	0
2fec87d830593bf673494b39e510c9c7	0	0	0	217	0	0	0	0	0	0	0	0	0	0
bf097933f2e117f764c8ca515860de5b	0	0	0	0	0	0	0	217	0	0	0	0	0	0
a06677245f3103da7260b89b36895c51	0	216	0	0	0	0	0	0	0	0	0	0	0	0
9c2d068667230a21a3050043d06e02ca	0	31	111	0	0	53	21	0	0	0	0	0	0	0
8323bb81df64c47c79d82f58c76ad76f	0	27	130	0	0	20	12	27	0	0	0	0	0	0
16372ed9796e80be0104cd1c300129e8	0	0	147	0	0	37	32	0	0	0	0	0	0	0
78069b864dec1770b2244bd073d20f9b	0	0	16	200	0	0	0	0	0	0	0	0	0	0
f8ac9e3e90d1923a60674ece10dd2be9	0	0	0	216	0	0	0	0	0	0	0	0	0	0
8017e270243307a7526e048994aea648	0	0	0	0	0	92	124	0	0	0	0	0	0	0
6ec336cb31074286f5837ffadd12129f	0	0	0	0	0	0	0	0	216	0	0	0	0	0
c3667c91ff3db2002d86bee7e8e22696	0	215	0	0	0	0	0	0	0	0	0	0	0	0
6e5c7c38d03b437d31b114044c8c88a8	0	0	9	206	0	0	0	0	0	0	0	0	0	0
d56a2f374c9db45d043329a9161499e5	0	0	0	215	0	0	0	0	0	0	0	0	0	0
966f44cef80381adf0a988fd8f0b5793	0	0	0	0	215	0	0	0	0	0	0	0	0	0
4a52848691f93e64a49723edccd97ad6	0	0	0	0	215	0	0	0	0	0	0	0	0	0
c5b76ee1e6d6dab3322842e138f3deef	0	0	195	0	0	0	19	0	0	0	0	0	0	0
645d5fea4f5491b577d6786e266b01ff	0	0	36	0	0	68	110	0	0	0	0	0	0	0
e6a65605e5717e353cef6c5a456968df	0	0	0	0	214	0	0	0	0	0	0	0	0	0
da8a2d28db7484ffcc31fdac989044a8	0	213	0	0	0	0	0	0	0	0	0	0	0	0
614310b800f5545a48b468ff67f3070c	0	0	0	213	0	0	0	0	0	0	0	0	0	0
a2153fd178ac509afd430e8507f87029	0	0	0	213	0	0	0	0	0	0	0	0	0	0
b5eefb0da721072fcc0d8cdd0f785f5c	0	0	0	0	213	0	0	0	0	0	0	0	0	0
2932e9d7b17bb3ae569897894d323d12	0	0	0	0	0	0	0	0	213	0	0	0	0	0
91b5d3054af305e3de28e92e3524fc05	0	0	0	0	0	0	0	0	213	0	0	0	0	0
e040fea8359bef7e107371cac6d94499	0	0	0	212	0	0	0	0	0	0	0	0	0	0
146a8863fdb30d534fd32fa0d038599f	0	0	0	212	0	0	0	0	0	0	0	0	0	0
09987122708009e6498e8d2a70e9bb1d	0	0	0	82	0	0	0	12	0	0	0	96	0	22
be0759c226731aa30ec5bd40dbb0ef01	0	0	0	0	0	0	0	212	0	0	0	0	0	0
1e9b8c5d26707713a2fed1b0215498bd	0	211	0	0	0	0	0	0	0	0	0	0	0	0
7ad4831f0783ce75e191536de45fb163	0	0	0	211	0	0	0	0	0	0	0	0	0	0
45322a9980b642613f342e6577bf8e4d	0	0	0	0	211	0	0	0	0	0	0	0	0	0
9d8588225463466f2b3bf49c09ea5cfc	0	0	0	0	0	0	0	0	211	0	0	0	0	0
8d48bc9e030f9c74799e9b8b67c00629	0	0	0	0	0	0	0	0	0	0	0	0	211	0
aaaeee799df08752f94ef22b6949f777	0	210	0	0	0	0	0	0	0	0	0	0	0	0
b975a20fb4a2b2e255e19eee4b709828	0	210	0	0	0	0	0	0	0	0	0	0	0	0
afebcfa633c175d14aa31b8ec74ebd44	0	48	128	0	0	26	8	0	0	0	0	0	0	0
e264b2ca72b17419bdcef0a5c040f280	0	0	95	0	0	66	49	0	0	0	0	0	0	0
e696f558b894958e9793511a0b29b60c	0	0	0	210	0	0	0	0	0	0	0	0	0	0
1bab8fb099cc22bdb6c2bf3637ed1301	0	0	0	210	0	0	0	0	0	0	0	0	0	0
acc92ce6e0d4ce0b65b79a6e2f81457a	0	209	0	0	0	0	0	0	0	0	0	0	0	0
2648499e232a09efe447d37d8ae27ce5	0	209	0	0	0	0	0	0	0	0	0	0	0	0
835b869cafaedcb5d53056bf1b6d9fc6	0	9	133	0	0	43	24	0	0	0	0	0	0	0
767facb1866df5132d9120e7de68c401	0	0	0	209	0	0	0	0	0	0	0	0	0	0
24a808ae1cdae9aa6b0c648caae09938	0	0	0	0	0	0	0	0	0	209	0	0	0	0
8dd9636a8fcfef5fd7acd576287b39ae	0	208	0	0	0	0	0	0	0	0	0	0	0	0
1b0a15eb22077389d096f0adc89f4e50	0	18	163	0	0	17	10	0	0	0	0	0	0	0
81b4e52eefe32cdc8607aa4912b38556	0	0	150	0	0	58	0	0	0	0	0	0	0	0
1ae9232056af19e7ed44c12ac8aa993a	0	0	0	0	0	0	0	0	208	0	0	0	0	0
a3e0b2ee6ebf45ae1d6d81fe44c7b32c	0	207	0	0	0	0	0	0	0	0	0	0	0	0
366d01d97f53339f604fb9e079248745	0	0	0	207	0	0	0	0	0	0	0	0	0	0
2d35408292e25b5f512cd233c133531f	0	0	0	207	0	0	0	0	0	0	0	0	0	0
559fa95f312947e70e3e12c31846cd23	0	0	0	0	0	0	0	0	207	0	0	0	0	0
a7bebd57d207ebea8401937357747137	0	206	0	0	0	0	0	0	0	0	0	0	0	0
9925b2f2f2600940b78ae40d5df39cca	0	206	0	0	0	0	0	0	0	0	0	0	0	0
a306e46102b49922ce2286265f85ab3a	0	206	0	0	0	0	0	0	0	0	0	0	0	0
c897f76949769aeac385d8ded4e6c275	0	0	49	157	0	0	0	0	0	0	0	0	0	0
ac7fb2635f8078faca3503b3bc992a34	0	0	0	206	0	0	0	0	0	0	0	0	0	0
45c3387da959b3e7434a39310448cec4	0	0	0	0	0	0	0	0	206	0	0	0	0	0
3547778ce6a60aecb98b7f5e7178f105	0	0	0	0	0	0	0	0	206	0	0	0	0	0
db89ac7e0dd2359b01a6456caa8658a6	0	0	0	0	0	0	0	0	206	0	0	0	0	0
c6b76f3516dc298ce20652fef3f9f4ef	0	205	0	0	0	0	0	0	0	0	0	0	0	0
dcab73e39ab2ab3077275a42138cc049	0	77	128	0	0	0	0	0	0	0	0	0	0	0
13f04292bac66b092daefa40a217bd93	0	73	102	0	0	10	20	0	0	0	0	0	0	0
f204b467834d70562252556d2a2214e4	0	0	110	0	0	68	27	0	0	0	0	0	0	0
e79f07d4bc814e98083487b618cb57fb	0	0	0	205	0	0	0	0	0	0	0	0	0	0
40b0868bf89e356a9abb4b16fc8ccaa3	0	0	0	0	0	0	0	0	0	0	205	0	0	0
7008404d46bdcb941514625d14389289	0	204	0	0	0	0	0	0	0	0	0	0	0	0
103ee9593f3a8469f7bcf43babfb37f6	0	116	60	0	0	22	6	0	0	0	0	0	0	0
38c3addc8196c01044227fe1cf1b9036	0	82	59	50	0	13	0	0	0	0	0	0	0	0
dc2af35939d9bc6fe6f5cf8b4fcc5596	0	0	0	0	0	0	0	0	204	0	0	0	0	0
85324c68ea4ca0aec29933967d773bdc	0	192	0	0	0	0	11	0	0	0	0	0	0	0
c08725f52ed5cd695858496702f0ba91	0	139	64	0	0	0	0	0	0	0	0	0	0	0
03be4f7b81931f8fa97a2d150e463996	0	120	0	0	0	0	0	83	0	0	0	0	0	0
8070f48546340ae277dd4e9192499ba8	0	0	203	0	0	0	0	0	0	0	0	0	0	0
14902c49c9566d994347c8937f63058d	0	0	0	203	0	0	0	0	0	0	0	0	0	0
d2f87140a672ad0a97a5a07f8ce673a3	0	0	0	199	0	4	0	0	0	0	0	0	0	0
65da130682b2a6547bb00d4a3847a880	0	202	0	0	0	0	0	0	0	0	0	0	0	0
25ece587f75591d04bdfb199851802f9	0	180	22	0	0	0	0	0	0	0	0	0	0	0
20d1ae8977c21c7613a3fe6032f4fe8f	0	0	0	202	0	0	0	0	0	0	0	0	0	0
e74188546e2c2714c5a4d785f8a6ea8a	0	0	0	0	202	0	0	0	0	0	0	0	0	0
a3a05f44ad1376a7d676b0ecb3535f93	0	0	0	0	0	0	0	0	0	202	0	0	0	0
57da8b80eedc2c80fd3bbca9dbb78d25	0	0	0	0	0	0	0	0	0	0	202	0	0	0
35bf1aabd093529e2a0583b6eaee674b	0	201	0	0	0	0	0	0	0	0	0	0	0	0
86447c21da25942477e05b9ce16b7c4d	0	57	90	0	0	34	20	0	0	0	0	0	0	0
a183d1faae4b23e99ba034a333528f10	0	35	136	0	0	21	9	0	0	0	0	0	0	0
cd83eda15c6d3bb8412655424e214ca0	0	0	201	0	0	0	0	0	0	0	0	0	0	0
67658d17d302f4bad7c1bf3d791a7be8	0	0	16	185	0	0	0	0	0	0	0	0	0	0
9dacda03f0ceba3fbc36be0f6ba986c7	0	0	0	0	201	0	0	0	0	0	0	0	0	0
b2b89852b8cb08eaa5a30d3dd8faeabc	0	93	87	0	0	20	0	0	0	0	0	0	0	0
148b9d0ebf37bc127e200684a0daa554	0	30	133	0	0	0	23	14	0	0	0	0	0	0
79180ca24faff958d4d5552cbf37ca6a	0	0	200	0	0	0	0	0	0	0	0	0	0	0
cba8c3c350eee30a5bc1544bfa6e7717	0	0	155	0	0	24	21	0	0	0	0	0	0	0
4dc27495ee2034fb05bb770fb125b7f9	0	0	0	200	0	0	0	0	0	0	0	0	0	0
fd73061f354eaa393e2eb1d0557c0d60	0	199	0	0	0	0	0	0	0	0	0	0	0	0
31740d1827bfe4a6b0a37c52152a88e7	0	199	0	0	0	0	0	0	0	0	0	0	0	0
b6940662f621e146d269420852c5927b	0	161	0	0	0	28	10	0	0	0	0	0	0	0
89dc8a67ae0850d1aa7cde5cbc9df435	0	42	94	0	0	47	16	0	0	0	0	0	0	0
c2fce61adf58f892e9954e2a132dd0a6	0	0	71	0	0	128	0	0	0	0	0	0	0	0
582c9f3904f71ace738b0113384b021c	0	0	0	199	0	0	0	0	0	0	0	0	0	0
4331b22a4d58f804adda05b3e27281d7	0	0	0	199	0	0	0	0	0	0	0	0	0	0
62f34c510621f5843923550e45e03278	0	0	0	189	0	0	0	0	0	0	0	0	0	10
d6ad7ec978fabf82f9f0c3cbc0df54c3	0	0	0	0	199	0	0	0	0	0	0	0	0	0
29c4a98d2825854d13c1ee780fc559d5	0	0	0	0	0	0	0	0	199	0	0	0	0	0
8305ac91b5d016cf4bb8afb85cadbffd	0	0	0	0	0	0	0	0	0	0	199	0	0	0
7292096962a8207c9c64196fc0a02295	0	139	59	0	0	0	0	0	0	0	0	0	0	0
ee95a17150971e961a6985a99f2b2629	0	0	0	198	0	0	0	0	0	0	0	0	0	0
aac34d436f60b1906ef82d7f8fe5712c	0	0	0	198	0	0	0	0	0	0	0	0	0	0
6c18ac651b27c428cc79b45d077e2f20	0	0	0	198	0	0	0	0	0	0	0	0	0	0
2eeaf2df2fc8d2cfd82385c3718832e0	0	0	0	0	198	0	0	0	0	0	0	0	0	0
7108812ecc2b952b74d341e4168eb9ba	0	0	0	0	0	102	96	0	0	0	0	0	0	0
6d3822b1b4a21580d9a2ed80eaf361ec	0	0	0	0	0	0	0	0	0	0	0	0	198	0
f1f4622374a98f1d286d6b8fb50eb09e	0	197	0	0	0	0	0	0	0	0	0	0	0	0
8fc04cad3a91a3bd1b5045ac5c253a28	0	0	0	197	0	0	0	0	0	0	0	0	0	0
f71a1cb974c7a1b1ed363b0ba13ff8da	0	0	0	197	0	0	0	0	0	0	0	0	0	0
c7f1c62ebab34ab0e49b16a50d6d2e14	0	0	0	0	197	0	0	0	0	0	0	0	0	0
c5a9dc6a94f84685c30381dd8e4e8bb0	0	0	0	0	0	0	0	0	0	197	0	0	0	0
c3c1a07d8cf9eec7058903ba495d66bc	0	0	0	0	0	0	0	0	0	197	0	0	0	0
4f6fb09ff26d94b763e1ff99d4c643f5	0	196	0	0	0	0	0	0	0	0	0	0	0	0
52b9f51e2e085c32c7091eb9abaf13ad	0	36	112	0	0	48	0	0	0	0	0	0	0	0
21ca31e7b6010786cca639c3f6e50793	0	0	0	196	0	0	0	0	0	0	0	0	0	0
2b1baa3992adeabc767851632c0f1ed8	0	0	0	0	0	0	0	0	196	0	0	0	0	0
ac70917f75bc13a6d5ea8fa9be355774	0	0	0	0	0	0	0	0	0	196	0	0	0	0
684006847a9df8f3d763212a1923505f	0	0	0	0	0	0	0	0	0	0	0	196	0	0
1827ebd9eaa76a3e7ebb930347ce75aa	0	195	0	0	0	0	0	0	0	0	0	0	0	0
483d6a39f5463576e74c1e632050b84b	0	86	86	0	0	6	17	0	0	0	0	0	0	0
5e92369c06de0cac7e9665438e3a92ac	0	27	149	0	0	19	0	0	0	0	0	0	0	0
b2e467be760356359955c2c0c747e424	0	0	162	0	0	21	12	0	0	0	0	0	0	0
d5962c6c1dfa7ffc400dfb8e19d62e77	0	194	0	0	0	0	0	0	0	0	0	0	0	0
40f18343bf7cc816a876bfc8fc5ac1fc	0	0	142	0	0	37	15	0	0	0	0	0	0	0
20e0ca0708935e75d6e44e62f39c81c5	0	0	0	194	0	0	0	0	0	0	0	0	0	0
0c457766cb8f9280f31e57ac199585d7	0	0	0	0	26	0	0	168	0	0	0	0	0	0
da34fc9c807ef3edc88688650d2a5859	0	193	0	0	0	0	0	0	0	0	0	0	0	0
dee4a3cbbd52f9e469998552838e8548	0	48	90	0	0	26	29	0	0	0	0	0	0	0
eaaa5adc5e9dfb2d1c9422c70123dddd	0	0	151	0	0	42	0	0	0	0	0	0	0	0
bbcb03538ea0622543304ef139f24d2b	0	0	135	0	0	45	13	0	0	0	0	0	0	0
e49eafd563d52be09cf7b866ba299d76	0	0	0	193	0	0	0	0	0	0	0	0	0	0
b6a5ddb6abbcf29a514ad4b9413fae90	0	0	0	193	0	0	0	0	0	0	0	0	0	0
d4a9f241e26807fa319abe1f7a9fd4cf	0	0	0	193	0	0	0	0	0	0	0	0	0	0
9cf00c43adcf8a700be452a5b28d7004	0	0	0	0	193	0	0	0	0	0	0	0	0	0
c1dc897596187e7232241a12a23577d9	0	0	0	0	193	0	0	0	0	0	0	0	0	0
599a73cad76351bcc6176f64e183b643	0	0	0	0	0	0	0	0	0	0	0	0	193	0
13c373930ed033401db4f1ee8122bcce	0	192	0	0	0	0	0	0	0	0	0	0	0	0
408d5a5dee282f94a4b34a548c20adcf	0	192	0	0	0	0	0	0	0	0	0	0	0	0
d415b33a7bc336e70c6a0b7b5e896535	0	192	0	0	0	0	0	0	0	0	0	0	0	0
d722726d1d0f4d10b4d897126c483617	0	113	79	0	0	0	0	0	0	0	0	0	0	0
7c6fcc449baaa354fe224b1f59007578	0	0	112	0	0	52	28	0	0	0	0	0	0	0
bcf91c0c83a0e19188fb2abc22d57e30	0	0	0	192	0	0	0	0	0	0	0	0	0	0
24125fa820e188750801ff9b2c9ecfe7	0	0	0	192	0	0	0	0	0	0	0	0	0	0
f970540ba22cb094bbb0ac10c1a5b1fb	0	0	0	192	0	0	0	0	0	0	0	0	0	0
5708f3fc3133ea10730813fb680a3244	0	0	0	192	0	0	0	0	0	0	0	0	0	0
54eba5310501c1556807b02257f3af61	0	0	0	192	0	0	0	0	0	0	0	0	0	0
129990ecd96735de41861248c2d46e81	0	0	0	153	0	39	0	0	0	0	0	0	0	0
ad44ce8ea4341a586df2c6c78729d21f	0	0	0	0	192	0	0	0	0	0	0	0	0	0
c52405c93370fccf94b0b73ca9c5d5d2	0	0	0	0	0	0	0	0	192	0	0	0	0	0
4019426d5ac17e9071f0693198988c18	0	191	0	0	0	0	0	0	0	0	0	0	0	0
4b502ba5c7c748b9ee436a9ef403053e	0	20	86	0	0	63	22	0	0	0	0	0	0	0
f491ce229ae81f5b83b458536fcd77b9	0	0	0	146	0	0	0	0	0	0	0	0	0	45
f2914c59258bb5c498f25f20dcc55cf6	0	0	0	0	191	0	0	0	0	0	0	0	0	0
2b3a2a47ef72388da69b1d9e816373ac	0	69	79	0	0	22	20	0	0	0	0	0	0	0
a93caba0e1bdca75f165dbe224a5d396	0	0	36	0	0	78	76	0	0	0	0	0	0	0
0b2611e4270f0e7a83f3eba9c3f07d5f	0	0	0	190	0	0	0	0	0	0	0	0	0	0
52ff9a659f0b5b9daa4f5e2e3a16daa1	0	0	0	190	0	0	0	0	0	0	0	0	0	0
80e199e7fac1f1b2b4a2e3a40ad9b833	0	0	0	190	0	0	0	0	0	0	0	0	0	0
296b6a15ef844b21e024ba93f89c3965	0	0	0	190	0	0	0	0	0	0	0	0	0	0
3a449b8f5c6d8b0fdd12a32d7eea21b1	0	0	0	0	0	0	0	0	190	0	0	0	0	0
905c451becd96198fd34991ced6e7c86	0	0	0	0	0	0	0	0	0	190	0	0	0	0
befde3438612d565ffddb981e5103e43	0	189	0	0	0	0	0	0	0	0	0	0	0	0
ca9aeaac3552a6176608d3b126b9330c	0	175	0	0	0	14	0	0	0	0	0	0	0	0
4736c82302f1a1af8d2ceec7d2b468f5	0	154	16	0	0	19	0	0	0	0	0	0	0	0
584278966b85afb7c81d14c75777ea3c	0	13	92	0	0	75	9	0	0	0	0	0	0	0
fdf7f53fa34f679ebc9828e6ab807572	0	0	0	0	0	0	0	0	189	0	0	0	0	0
f3685d18a8300abb5289864587e19c44	0	0	0	0	0	0	0	0	189	0	0	0	0	0
07a15a9456374961e309be4554f41dda	0	0	0	0	0	0	0	0	0	189	0	0	0	0
478c91fd17f17f50850da6f9196b6b69	0	0	0	0	0	0	0	0	0	0	0	189	0	0
69620709e401f46cf70c324d3053abd9	0	188	0	0	0	0	0	0	0	0	0	0	0	0
307b48c24c2dbb420f5e17bed1449786	0	188	0	0	0	0	0	0	0	0	0	0	0	0
5fef82308ba245a55bea134794f18c09	0	188	0	0	0	0	0	0	0	0	0	0	0	0
63c718c3efab5d086fd77678a8c71454	0	64	80	0	0	27	17	0	0	0	0	0	0	0
84d85def522169b36a165342fd5a0da9	0	53	75	0	0	32	28	0	0	0	0	0	0	0
6e0ec89d96996236bd0fb4d3876ca15e	0	0	0	188	0	0	0	0	0	0	0	0	0	0
46d7b9fa3356b7e35c57f29dd38376d2	0	0	0	0	188	0	0	0	0	0	0	0	0	0
e270b9159c3516b096e4f5f3b52bedb0	0	0	0	0	0	80	108	0	0	0	0	0	0	0
cf8adc23b43238659f3146f2fd5c76c1	0	167	0	0	0	0	20	0	0	0	0	0	0	0
aff095518162811fd3f5d8dba6cde46f	0	9	136	0	0	24	18	0	0	0	0	0	0	0
3a614bcda33459baa99f95fe22280521	0	0	0	0	187	0	0	0	0	0	0	0	0	0
48cd12b6925ac1ce4e4c17623bfeff54	0	0	0	0	0	0	0	0	0	0	0	187	0	0
686f9a779bd142fade7c1f346a58db98	0	186	0	0	0	0	0	0	0	0	0	0	0	0
6e09676f2682167ddfd0f95fcc326480	0	112	74	0	0	0	0	0	0	0	0	0	0	0
dcf89167ccbb17deb72aef1793898b42	0	33	101	0	0	38	14	0	0	0	0	0	0	0
47a18df003e70ec009a3d93c1854f140	0	0	0	186	0	0	0	0	0	0	0	0	0	0
265cb06e8a36a3e97186f8c13ed99db0	0	0	0	0	0	0	0	0	186	0	0	0	0	0
200097c566f9e3d7a8db37923158f72b	0	0	0	0	0	0	0	0	186	0	0	0	0	0
e2965c56b7e59af123d88a603a1999bb	0	185	0	0	0	0	0	0	0	0	0	0	0	0
87bce95f40231ea391a2f818eeaab8de	0	35	86	0	0	64	0	0	0	0	0	0	0	0
428094e4a735d95fe6eedc47b36bddb5	0	0	140	0	0	15	30	0	0	0	0	0	0	0
6fcdd400be0ced7ca5f7c001f4b19f6b	0	0	0	185	0	0	0	0	0	0	0	0	0	0
e7d0e6f929c29371727b0f870c0f79d7	0	0	0	0	185	0	0	0	0	0	0	0	0	0
46c09805a594c383fa9eef198204f33f	0	0	0	0	0	0	0	0	185	0	0	0	0	0
98094599db7c3ff2fca1fd3af4542075	0	0	0	0	0	0	0	0	0	185	0	0	0	0
f897ce076f679f0ab980c5dc329270dc	0	184	0	0	0	0	0	0	0	0	0	0	0	0
c0b307e71c7fc95dc185e1b43d485183	0	164	20	0	0	0	0	0	0	0	0	0	0	0
67e1e2df45895593cc12d7dd2a8367cd	0	0	0	184	0	0	0	0	0	0	0	0	0	0
893ad1be7de69195bfc4ab031c980157	0	0	0	184	0	0	0	0	0	0	0	0	0	0
2fb8ed1363e2c7721033d56593693b3d	0	0	0	0	184	0	0	0	0	0	0	0	0	0
304da091bba03a23af386d80eeccfadb	0	0	0	0	0	0	0	0	184	0	0	0	0	0
3bf2b66dc2fc663ab892ff21675c7fd5	0	183	0	0	0	0	0	0	0	0	0	0	0	0
62012ab74c033a7bb188378a60b979d0	0	23	109	0	0	27	24	0	0	0	0	0	0	0
2bc0bf57a5fe6d94837cf15b8f87d501	0	10	100	0	0	50	23	0	0	0	0	0	0	0
9c5fb895dc0234aaf4978649b5aa971b	0	0	139	0	0	33	11	0	0	0	0	0	0	0
6ea589b6333e38e1b9878494d6431bca	0	0	0	0	183	0	0	0	0	0	0	0	0	0
f1b174448f017fa04441058163ca93a5	0	0	0	0	0	0	0	0	183	0	0	0	0	0
43e3b7448ddd43e80a1294e7d13042f9	0	0	0	0	0	0	0	0	0	183	0	0	0	0
406824208df874e921112f02826e3384	0	182	0	0	0	0	0	0	0	0	0	0	0	0
8d1a8eabe89284502bdfb75fe1f47783	0	182	0	0	0	0	0	0	0	0	0	0	0	0
7a5be8cbdeb6be82dca0c54f8bf07124	0	0	0	182	0	0	0	0	0	0	0	0	0	0
7c73abf724e91d0a7d36de284e8f611b	0	0	0	0	0	0	0	0	0	0	0	0	182	0
e9daafebafd3217753e54e164fc1ec8d	0	181	0	0	0	0	0	0	0	0	0	0	0	0
acf480b1061e168190f35d0f504b57bd	0	181	0	0	0	0	0	0	0	0	0	0	0	0
7d65755ba9868ffb29d4fecd53b32ffc	0	181	0	0	0	0	0	0	0	0	0	0	0	0
66a8e40202a875373acecca758862109	0	104	77	0	0	0	0	0	0	0	0	0	0	0
23fddc7df52e8fdc87b489475ebf8c97	0	103	55	0	0	0	23	0	0	0	0	0	0	0
c4dd2e6c458d3015c45a727593d1f7b4	0	62	104	0	0	0	15	0	0	0	0	0	0	0
58405bd5ba870784282e22b3052ef729	0	0	120	0	0	37	14	10	0	0	0	0	0	0
91bd3ba546515d952a54645729205300	0	0	0	181	0	0	0	0	0	0	0	0	0	0
c53d3ef1636b49435de714669e246f70	0	0	0	181	0	0	0	0	0	0	0	0	0	0
71e24d8041305945b7a7e236018516b5	0	0	0	0	181	0	0	0	0	0	0	0	0	0
1d319405dc73abe0624373fa990afa87	0	0	0	0	0	0	0	181	0	0	0	0	0	0
54b40f164a3340914b10c43d369c7183	0	180	0	0	0	0	0	0	0	0	0	0	0	0
abe48666e7c1d0df80e7a41b44ee5b0b	0	180	0	0	0	0	0	0	0	0	0	0	0	0
a35decd3ea9c5ad623de4c8a08a8a00c	0	17	153	0	0	4	6	0	0	0	0	0	0	0
3aa2eadf2d5e0bce9fd6475dcccb3ecd	0	0	124	0	0	25	31	0	0	0	0	0	0	0
f7ff52af8186792b7226633c6d9ce38b	0	0	42	93	0	8	37	0	0	0	0	0	0	0
f02110a2633fa534d5862aa90050aa44	0	0	0	180	0	0	0	0	0	0	0	0	0	0
0248b990431164b4eee2d95c9bac6b4e	0	0	0	180	0	0	0	0	0	0	0	0	0	0
e0c6ca59c9d6ba4d83a6431b16707b82	0	0	0	0	180	0	0	0	0	0	0	0	0	0
bd810d872377bafbecd7b015da1541c1	0	0	0	0	180	0	0	0	0	0	0	0	0	0
25f7fda26f7e1aaf4b4804a9658ef04a	0	0	0	0	0	0	0	0	180	0	0	0	0	0
5515656dadf7019b639157265aa31118	0	0	0	0	0	0	0	0	0	180	0	0	0	0
5e0b40e28e960266efe624007bbccd19	0	0	151	0	0	28	0	0	0	0	0	0	0	0
0f71579a7648ae65788136b2b47d08c4	0	0	0	179	0	0	0	0	0	0	0	0	0	0
17c84d82fad1352599bd59401f175f1f	0	0	0	179	0	0	0	0	0	0	0	0	0	0
592cb82df03f2599ad5f5934f488a936	0	0	0	179	0	0	0	0	0	0	0	0	0	0
576a7c13f81b823d1ec088f6dea8775d	0	0	0	0	0	0	0	0	0	0	179	0	0	0
6c091ce1a041e83451e9567f4111d203	0	0	0	0	0	0	0	0	0	0	0	0	179	0
96d1342f9cb456d10006c5f4c0633ac9	0	93	85	0	0	0	0	0	0	0	0	0	0	0
bc0759c576bac237a6c4335005a24db1	0	45	81	0	0	19	33	0	0	0	0	0	0	0
c707bf8a806374f5f48e0be3567339d6	0	0	162	0	0	16	0	0	0	0	0	0	0	0
11fb4e175f83e073efaf29af36fd97b7	0	0	154	0	0	24	0	0	0	0	0	0	0	0
9812843289f9ebdd76ddda8171531c47	0	0	149	0	0	21	8	0	0	0	0	0	0	0
6057722e25cbcb24b6f58b76cfb0b0d3	0	177	0	0	0	0	0	0	0	0	0	0	0	0
8a888dd3dc197ec815c58867775503f0	0	177	0	0	0	0	0	0	0	0	0	0	0	0
d6ad246760d7fd6975698ead837ca3b3	0	0	0	177	0	0	0	0	0	0	0	0	0	0
fa0615493718134cff67d30e3aaef82c	0	0	0	177	0	0	0	0	0	0	0	0	0	0
7b9b615f854c133c3b8985bc3769a438	0	0	0	0	177	0	0	0	0	0	0	0	0	0
f971f6f6b6179309fa90747670f24260	0	0	0	0	0	0	0	0	177	0	0	0	0	0
82c022a7c425453025d2621d4bff30c9	0	0	0	0	0	0	0	0	177	0	0	0	0	0
2afb99ab5e3f9405a7ee8095096c2793	0	72	97	0	0	0	7	0	0	0	0	0	0	0
1ec35cf32ec7677bbbf43f3e7a7ec9af	0	63	62	0	0	0	12	39	0	0	0	0	0	0
d7143e9059cc1429adc1104ec521e55a	0	30	107	0	0	24	15	0	0	0	0	0	0	0
31ac5926c0b55de0e765c1259b3500ad	0	0	0	0	176	0	0	0	0	0	0	0	0	0
8b05eace7186495f4b61b5d1a9d6db00	0	0	0	0	176	0	0	0	0	0	0	0	0	0
d3ea7c94dce350d30ac7e5739246c1b2	0	0	0	0	176	0	0	0	0	0	0	0	0	0
073647ffcac9292f42f4da3d79427ae4	0	119	51	0	0	5	0	0	0	0	0	0	0	0
70e03643b6ba8e211598d5081d953207	0	0	0	175	0	0	0	0	0	0	0	0	0	0
5a58fb0ba1e52c4d439b28ad6bac0eeb	0	0	0	0	175	0	0	0	0	0	0	0	0	0
0a2c4cff0e451c5679dfacb727132226	0	0	0	0	175	0	0	0	0	0	0	0	0	0
6db19a5fb6aa2cb6369d76e13c46eb6a	0	0	0	0	0	0	0	0	0	175	0	0	0	0
091ee191740ff2775bc16a0486754a12	0	0	0	0	0	0	0	0	0	0	0	175	0	0
9ee1f8a13505f4b4484db048ec8a895e	0	174	0	0	0	0	0	0	0	0	0	0	0	0
afa7e0c2a1531cddd8f26909fc62acf6	0	68	62	0	0	0	0	44	0	0	0	0	0	0
83cac772f55e6280e52fafc8c17e3e14	0	0	0	174	0	0	0	0	0	0	0	0	0	0
cd63908719d6484bee50fa27969aab1e	0	0	0	174	0	0	0	0	0	0	0	0	0	0
85e6a9d6046ae200e7cbf4bf12e9a9b3	0	0	0	0	0	0	0	0	174	0	0	0	0	0
ce6ca00e2b87c0095e3c5f0c404746d4	0	0	0	0	0	0	0	0	174	0	0	0	0	0
f0489ededfed99fb369e2e9b659cc481	0	0	0	0	0	0	0	0	0	174	0	0	0	0
f7a821be433423fb2e3645816b5e6999	0	173	0	0	0	0	0	0	0	0	0	0	0	0
2c2909c4d47e486692a102ad93ccb5b5	0	168	5	0	0	0	0	0	0	0	0	0	0	0
59d290ff222a61e91adaac126f63b75c	0	21	118	0	0	17	17	0	0	0	0	0	0	0
3d64d99e6db4a7216fb49a68280d2164	0	0	132	0	0	41	0	0	0	0	0	0	0	0
704be9788097ddd2731a546250e9ef41	0	0	0	173	0	0	0	0	0	0	0	0	0	0
f51f8a05c820bb5effadbed40eb99472	0	65	96	0	0	0	11	0	0	0	0	0	0	0
1957a24ced6708003766dd4529388bcd	0	0	0	172	0	0	0	0	0	0	0	0	0	0
8622f806e0bd8bc5440f458f5b4ea7c8	0	0	0	0	172	0	0	0	0	0	0	0	0	0
280cad828424260cbcb121ec2ab672d8	0	0	0	0	172	0	0	0	0	0	0	0	0	0
63b40c2fd99523092ba1c395a40a1df2	0	0	0	0	0	0	0	0	172	0	0	0	0	0
5e00de0eaa880097f1fc0014bf1a2e51	0	0	0	0	0	0	0	0	0	172	0	0	0	0
ce1a28330a5af6d486faedc0eb2f3080	0	171	0	0	0	0	0	0	0	0	0	0	0	0
3bfecc5bc0e851568ca01be471a73023	0	0	148	0	0	13	10	0	0	0	0	0	0	0
338e6184094953a7e98975a691e89693	0	0	0	171	0	0	0	0	0	0	0	0	0	0
62df6d56c4ebe5a8064c2dde645e89d1	0	0	0	171	0	0	0	0	0	0	0	0	0	0
4a9cdf2ae6ac5744fd522b4279de521c	0	0	0	0	171	0	0	0	0	0	0	0	0	0
8c350537d256f52c3e0432caecf3f2f3	0	170	0	0	0	0	0	0	0	0	0	0	0	0
bd204b9b57017b3e8ef9996a5c174ad6	0	0	0	170	0	0	0	0	0	0	0	0	0	0
08931caaa7b49067329989219b9633bb	0	0	0	0	170	0	0	0	0	0	0	0	0	0
7bac49f81015c139e78094aabd99dcd0	0	0	0	0	170	0	0	0	0	0	0	0	0	0
7f9a4f3688000b50dae0052ff6a92f5b	0	0	0	0	0	0	0	0	0	0	0	0	170	0
943c5278fb930b9c96f33a505e6cb1b7	0	169	0	0	0	0	0	0	0	0	0	0	0	0
d95959cda2b6313bd34c9bd6e93fc71b	0	74	63	0	0	0	0	32	0	0	0	0	0	0
1e792b04d070260f4a4bf63fb210fd18	0	0	89	0	0	52	28	0	0	0	0	0	0	0
2f5d3c460006e19f166072c32c2cd7ef	0	0	0	169	0	0	0	0	0	0	0	0	0	0
3646b140b6d089f9b690fc2dc20650b9	0	139	29	0	0	0	0	0	0	0	0	0	0	0
09f94ccedf000828f39f0f08d42367cd	0	83	85	0	0	0	0	0	0	0	0	0	0	0
470e295ff19113bcdf3a69d819699beb	0	0	168	0	0	0	0	0	0	0	0	0	0	0
a604641d402851acf0594cb4cf70bb17	0	0	140	0	0	28	0	0	0	0	0	0	0	0
0dd2fed2af4d77ed2300c6a8db6bf0eb	0	0	80	0	0	56	32	0	0	0	0	0	0	0
2764697128f4be9c1bbfaa0e284ffa8a	0	0	0	168	0	0	0	0	0	0	0	0	0	0
a08ddac4703de6d518e3c0bac9cb01b9	0	0	0	168	0	0	0	0	0	0	0	0	0	0
52e65dba21e14988c489f7ead4908016	0	0	0	163	0	0	0	0	0	0	0	0	0	5
8c22602ebc9e4112f44f05e14748e3c6	0	0	0	0	0	0	0	0	168	0	0	0	0	0
26cac2a01298903e3624af80a757c41c	0	167	0	0	0	0	0	0	0	0	0	0	0	0
893700168a6988ee20c3e20a586c91ec	0	167	0	0	0	0	0	0	0	0	0	0	0	0
cf29fe060aea8a6b9f4ad6e22a759640	0	92	75	0	0	0	0	0	0	0	0	0	0	0
55c1c21d0c26e5bad087347d0506940f	0	29	112	0	0	12	14	0	0	0	0	0	0	0
ad7c1ea31af7e0931eb95475f8aed44c	0	0	122	0	0	45	0	0	0	0	0	0	0	0
0ce8e61ded2459e540ae0b7f1c73ca91	0	0	0	167	0	0	0	0	0	0	0	0	0	0
dfe43345b41973f0ac6c7a206478efa7	0	0	0	167	0	0	0	0	0	0	0	0	0	0
1e84798eac3d4f611b0a6d55ac5f80bb	0	0	0	0	167	0	0	0	0	0	0	0	0	0
1b6de9e532bb12f2172a0ea3daee0126	0	0	0	0	0	0	0	0	0	0	167	0	0	0
a044c9d265f77a8b9696f146255d1049	0	0	0	0	0	0	0	0	0	0	0	167	0	0
21a3b457e540d873fd1ef23541f993d0	0	166	0	0	0	0	0	0	0	0	0	0	0	0
327b2c1e9c200e51d845bd4ab21c1ab0	0	68	80	0	0	8	10	0	0	0	0	0	0	0
035bd9fe735ed9655ba95a2ecaea91d3	0	0	113	0	0	27	26	0	0	0	0	0	0	0
f4a08644ed96dd4d2d51831cc81b4ba2	0	0	0	166	0	0	0	0	0	0	0	0	0	0
25307c8a141dd6ffdc12ea8a2d99315d	0	0	0	0	0	0	0	0	166	0	0	0	0	0
b447659058099638d82d68c9d7d47a91	0	0	0	0	0	0	0	0	0	0	0	166	0	0
23fbf1eb04e7768bcaf1d10598593d49	0	0	0	0	0	0	0	0	0	0	0	0	166	0
2db5808eb2205a6c8668719e5f93b7c0	0	165	0	0	0	0	0	0	0	0	0	0	0	0
f970bfc677c977f452c5141eaf8cadff	0	165	0	0	0	0	0	0	0	0	0	0	0	0
1cc1fdcfb0086fa2b1f91d10198f457c	0	165	0	0	0	0	0	0	0	0	0	0	0	0
3a8cd6a6ba6dc9810ca4639d2ba35191	0	18	0	147	0	0	0	0	0	0	0	0	0	0
e09974e8858a02224cf7ddea538fc2f1	0	18	110	0	0	37	0	0	0	0	0	0	0	0
94ef22b98e0aeeca4ad397be1311a9e8	0	0	0	165	0	0	0	0	0	0	0	0	0	0
de0771062e785bc691db75fc7efa54a3	0	0	0	165	0	0	0	0	0	0	0	0	0	0
4bab287e46cce57f16fd55e3f6d84b0c	0	0	0	165	0	0	0	0	0	0	0	0	0	0
4e8fb3b60bdc02d40ea4c59ff179eb6d	0	164	0	0	0	0	0	0	0	0	0	0	0	0
c8d4744458ef746335fb1bdcebf537dd	0	80	84	0	0	0	0	0	0	0	0	0	0	0
f5c600d6264509f42785af2bf3768fce	0	0	104	0	0	40	20	0	0	0	0	0	0	0
09387afec9f3e35100b79829efd4b5a9	0	0	0	164	0	0	0	0	0	0	0	0	0	0
9d561db593fc90496a329c21a29e39ed	0	0	0	0	164	0	0	0	0	0	0	0	0	0
c8b2df537c054fab51e2a1374d252696	0	0	0	0	0	0	0	0	0	0	0	0	164	0
54ef23bc1b9a985f8cc24302cd250005	0	163	0	0	0	0	0	0	0	0	0	0	0	0
09285be1e0a6563442bbfd411e9f8f06	0	163	0	0	0	0	0	0	0	0	0	0	0	0
2d8c612f5592bddd0abc1a4c4755473f	0	0	0	163	0	0	0	0	0	0	0	0	0	0
13a7c1279ea55f62c9f8a0371c519314	0	0	0	163	0	0	0	0	0	0	0	0	0	0
61e6b50aeaf7a416d8a35c9f32b28e3f	0	0	0	163	0	0	0	0	0	0	0	0	0	0
f67bda717735ad0cb89d295844acb241	0	0	0	0	0	0	0	0	0	0	163	0	0	0
c8e3cc6804adcca1edc44bd1530962ee	0	162	0	0	0	0	0	0	0	0	0	0	0	0
53b95c9bd080b7f76deed2518507dfa3	0	162	0	0	0	0	0	0	0	0	0	0	0	0
74a5b1b26cb43f2a0a08cece9b5c1e5d	0	0	0	162	0	0	0	0	0	0	0	0	0	0
5d364c1539a0eb1bc58eee64cbbdd153	0	0	0	162	0	0	0	0	0	0	0	0	0	0
d9fe562a3c50fa67ab684431253e840f	0	0	0	162	0	0	0	0	0	0	0	0	0	0
7bfad70be0e359b9e39eff31835d1e85	0	0	0	162	0	0	0	0	0	0	0	0	0	0
4b9fc271f94dd21e083b968b2aa4a93d	0	0	0	0	162	0	0	0	0	0	0	0	0	0
7dcb4b038ec20022959a5d5d01765654	0	0	0	0	0	0	0	0	0	162	0	0	0	0
82bcfbb337b352ff6d61850cbb5f153d	0	0	0	0	0	0	0	0	0	162	0	0	0	0
dd566fc7dcf636f06c21482522ca7094	0	161	0	0	0	0	0	0	0	0	0	0	0	0
cc49b5e7b79cdb7414680b184102ecbf	0	43	118	0	0	0	0	0	0	0	0	0	0	0
a7bbc83bd6cb3dc6b5bd9008ca149050	0	0	0	161	0	0	0	0	0	0	0	0	0	0
26c7ebce4c0f7ed680b0357f7772aef9	0	0	0	161	0	0	0	0	0	0	0	0	0	0
0132e77031331af80a62084c2a806358	0	0	0	161	0	0	0	0	0	0	0	0	0	0
cb807c39828461f6b691fe4da2a79325	0	0	0	161	0	0	0	0	0	0	0	0	0	0
d094b3287e57ffd8054a1558b8ed9db8	0	0	0	0	0	0	0	0	161	0	0	0	0	0
1301d12f75630bb9d9fa1e85ced74b5b	0	0	0	0	0	0	0	0	0	0	161	0	0	0
32f83852c8cef7a056d0d588a1d9b31a	0	160	0	0	0	0	0	0	0	0	0	0	0	0
8ecc4a54721052a5ef78d3b8ea90ba6b	0	160	0	0	0	0	0	0	0	0	0	0	0	0
055696ee6e9aea3f278c27d4858a7910	0	79	81	0	0	0	0	0	0	0	0	0	0	0
880b8218bcf48717828a5a239deafa2b	0	0	160	0	0	0	0	0	0	0	0	0	0	0
a8e503f1d32cf09bd3355c070a2bdd55	0	0	160	0	0	0	0	0	0	0	0	0	0	0
eeb80144199dfb33e417c780dd8a56cb	0	0	154	0	0	6	0	0	0	0	0	0	0	0
24b2b25c959f5741c3470ca4a63c6e7e	0	0	125	0	0	35	0	0	0	0	0	0	0	0
8cda286873ac165e8d0575e9a46eb52c	0	0	0	160	0	0	0	0	0	0	0	0	0	0
34d51a0020adffffc40def891e349eb1	0	0	0	160	0	0	0	0	0	0	0	0	0	0
d29c81b675b80b5e83803f1efc2651d7	0	0	0	160	0	0	0	0	0	0	0	0	0	0
2177b85f5a87f47a69c25211d74b4ac0	0	0	0	160	0	0	0	0	0	0	0	0	0	0
c2403bb4d9128d8832d433b1b0154b6f	0	0	0	0	160	0	0	0	0	0	0	0	0	0
2df29b38b6471d2082bfa54d32386233	0	0	0	0	160	0	0	0	0	0	0	0	0	0
0b2e50c29b81260d773d4c1790106bbb	0	0	0	0	0	0	0	160	0	0	0	0	0	0
e7489aa11d56fbf8e1d9a50b07b3ff18	0	0	0	0	0	0	0	0	160	0	0	0	0	0
5cf831bf02f005b0abcf64b10632c020	0	0	0	0	0	0	0	0	0	160	0	0	0	0
1f6dff3cd649cab458bb422cc694c362	0	0	0	0	0	0	0	0	0	0	0	160	0	0
8d30c0da33b724fa1bc30fc32ca0f5f4	0	159	0	0	0	0	0	0	0	0	0	0	0	0
979cba99f41ea8129b8f072d06e58783	0	50	109	0	0	0	0	0	0	0	0	0	0	0
a9a6233e9f53e81e5e3a6bdcb6e7445c	0	42	108	0	0	9	0	0	0	0	0	0	0	0
a6081a5eecb6894014b0464f1e25df1b	0	29	105	0	0	23	2	0	0	0	0	0	0	0
7cbf20485b6fcc875133f7b1e98d25b2	0	0	107	0	0	30	22	0	0	0	0	0	0	0
c79174d5061f04ade8ab36d7e0efc47a	0	0	83	0	0	54	22	0	0	0	0	0	0	0
546c955cb60b2b0fff07d4b40a606f8d	0	0	0	159	0	0	0	0	0	0	0	0	0	0
00ff0da449d617ebcefcc90633916742	0	0	0	0	159	0	0	0	0	0	0	0	0	0
654abad1d5e231404ca9f6ae5de88e20	0	0	0	0	0	159	0	0	0	0	0	0	0	0
dd7f4ef2bffec8d523037c52f7e48f48	0	0	0	0	0	0	0	0	159	0	0	0	0	0
d4d910f9068d4f0f2e32e1dc5d985cee	0	0	0	0	0	0	0	0	0	159	0	0	0	0
eaff5cf39b860672d84f5ed8ebd3099e	0	0	0	158	0	0	0	0	0	0	0	0	0	0
e9aa7d243c79cc65b2e372eb79ec84b1	0	0	0	158	0	0	0	0	0	0	0	0	0	0
8a231c289caa087714038d57fc703c9d	0	0	0	0	158	0	0	0	0	0	0	0	0	0
149b84024e17651b0b2ce11942476059	0	0	0	0	0	107	51	0	0	0	0	0	0	0
7643130effab4838188871d1bf7391cf	0	0	0	0	0	87	71	0	0	0	0	0	0	0
3d8a781d0d2ef64f2de5bf5a685699af	0	0	0	0	0	0	0	0	0	158	0	0	0	0
7d853d395f56a1e4e90cf272e824d9c9	0	0	0	0	0	0	0	0	0	0	0	158	0	0
01c2be11e181068e8b427db318d20edc	0	157	0	0	0	0	0	0	0	0	0	0	0	0
b4d5008d97a1fc5fcb452bde6a6eff4b	0	157	0	0	0	0	0	0	0	0	0	0	0	0
09638eff868d31247325566ec527aa75	0	157	0	0	0	0	0	0	0	0	0	0	0	0
d652950f87faa3ce489dbb48888bfc42	0	0	95	0	0	31	31	0	0	0	0	0	0	0
def519a5edc1f28a681be925076c5d87	0	0	0	0	157	0	0	0	0	0	0	0	0	0
9c1c5f7bbd4d1ccb27ef0fc28b6fcf17	0	156	0	0	0	0	0	0	0	0	0	0	0	0
a8253391b678fe10ffce9932d35c5bb1	0	156	0	0	0	0	0	0	0	0	0	0	0	0
ed224b691450818e66f31ac7cf511163	0	156	0	0	0	0	0	0	0	0	0	0	0	0
31d5a161f3d84fdded6cfa044de3fd96	0	156	0	0	0	0	0	0	0	0	0	0	0	0
97022b1f6fa6ca8c90a7d53053f9bdd3	0	105	0	0	0	0	0	51	0	0	0	0	0	0
5c775928ff30b463eee85c20934fce64	0	0	156	0	0	0	0	0	0	0	0	0	0	0
9d86f6145db1fe8de540b42c55f19038	0	0	126	0	0	19	11	0	0	0	0	0	0	0
e5bca702f3c09ec0efc4ee2470c3a9c6	0	0	95	0	0	41	20	0	0	0	0	0	0	0
5ebff12f1623ef374baba53d5babf760	0	0	0	156	0	0	0	0	0	0	0	0	0	0
cf491795ad76353f3a868aa46176bf08	0	0	0	156	0	0	0	0	0	0	0	0	0	0
cbaddb836ece61671319798f05102919	0	0	0	156	0	0	0	0	0	0	0	0	0	0
ae4a616b753a864097aefa5ec52af14c	0	155	0	0	0	0	0	0	0	0	0	0	0	0
e5d1153c149e129573811b7591d7b1b2	0	155	0	0	0	0	0	0	0	0	0	0	0	0
1204cc0d0e47d9531f0d7866162f2f3f	0	0	100	0	0	36	19	0	0	0	0	0	0	0
209d6a66411292afa7489eef74846a23	0	0	24	0	0	72	59	0	0	0	0	0	0	0
027a5f8990fe177251290096cd2f1d71	0	0	0	155	0	0	0	0	0	0	0	0	0	0
a6d1f4f7b1860acbcd79abd4653eb16a	0	0	0	155	0	0	0	0	0	0	0	0	0	0
2ec1a5c3eff53a5245d6a16b24edb6a1	0	0	0	155	0	0	0	0	0	0	0	0	0	0
e0d9f4a724f4c27cfb5e3df01802fdc3	0	0	0	155	0	0	0	0	0	0	0	0	0	0
cf25278ffa81fd61383fe4b0ee1c79ab	0	0	0	0	155	0	0	0	0	0	0	0	0	0
831db994bb413c15f67d4ac648ed6498	0	0	0	0	0	0	0	0	155	0	0	0	0	0
d91a73d7e7ed5f5bd918ab0bfb222c41	0	0	0	0	0	0	0	0	155	0	0	0	0	0
e175ec25164290c033c7e4976c5c9653	0	0	0	0	0	0	0	0	0	155	0	0	0	0
ae4c6eb5ce392e3404e18bfd6f94d634	0	154	0	0	0	0	0	0	0	0	0	0	0	0
bbc2685a62a8665579fec9c12c94f9b2	0	56	79	0	0	19	0	0	0	0	0	0	0	0
32371f590c29540ac0eedd1ba4a94ae7	0	0	0	154	0	0	0	0	0	0	0	0	0	0
454d66c36a5b05a85749c8a1eb0eed9a	0	0	0	0	0	75	79	0	0	0	0	0	0	0
58b944e43ea5ae56467d02a78772b5ad	0	0	0	0	0	70	84	0	0	0	0	0	0	0
8efac0ab72f5b91d029a9a63fc0b7b2e	0	0	0	0	0	0	0	0	0	154	0	0	0	0
e25d7c0d88c0419d15615db23d6ea268	0	153	0	0	0	0	0	0	0	0	0	0	0	0
d5c41c728083d274108789300e325dd8	0	54	58	0	0	23	18	0	0	0	0	0	0	0
f77cb500f10a588120b7ab7140f51169	0	0	131	0	0	13	9	0	0	0	0	0	0	0
8a4fcb03845a95a94e4f67cfd599937b	0	0	56	0	0	68	29	0	0	0	0	0	0	0
bd24faab2136cdd41d01c5e7321e5f45	0	0	0	153	0	0	0	0	0	0	0	0	0	0
e203a8082296c870057cb8d25704c8f4	0	0	0	153	0	0	0	0	0	0	0	0	0	0
b6e9c7c45261604a35acefba2f53bf0a	0	0	0	0	0	72	81	0	0	0	0	0	0	0
46d49ad169fbc808a0be66c64c6e4b7d	0	0	0	0	0	0	0	0	0	153	0	0	0	0
0b26ad89d361873be6147a51333a8ab6	0	0	0	0	0	0	0	0	0	153	0	0	0	0
7372dfa7ff065df44a120ffcc4026ca3	0	0	0	0	0	0	0	0	0	153	0	0	0	0
69017d48a97835b35b00a1b0f4f984e7	0	0	0	0	0	0	0	0	0	0	0	0	153	0
0a6cb866e4725fbe1b5031635cc5e374	0	152	0	0	0	0	0	0	0	0	0	0	0	0
3e366fb93cb06879a3d70d4ce437e66e	0	152	0	0	0	0	0	0	0	0	0	0	0	0
aba174ca1f7db160cc8c373bbaff2d10	0	32	88	0	0	15	0	17	0	0	0	0	0	0
ca3d1b1aaa408d7a0ae9de87b4795296	0	0	133	0	0	11	8	0	0	0	0	0	0	0
7364a914d3f3ae5a9ea82bc1bc2ef69b	0	0	0	152	0	0	0	0	0	0	0	0	0	0
ee97ca2d5c71f28c9cd3dd37bf8083a3	0	151	0	0	0	0	0	0	0	0	0	0	0	0
7fb5f2537eac182f8c30734bd2f43537	0	151	0	0	0	0	0	0	0	0	0	0	0	0
732d8acba089be5a0aa6da53da049b36	0	109	42	0	0	0	0	0	0	0	0	0	0	0
331d5eb9aded2a8c3f8c04f3a95acf83	0	22	124	0	0	0	5	0	0	0	0	0	0	0
c995b9230071a6d846798daa82802901	0	0	151	0	0	0	0	0	0	0	0	0	0	0
8df3a59c68841bcd3e12814744a268a2	0	0	98	0	0	43	10	0	0	0	0	0	0	0
ded94da848da8cef781c6cbe39e9a60c	0	0	0	151	0	0	0	0	0	0	0	0	0	0
c0b4c84d3dc590dadc457c6a70ab048f	0	0	0	151	0	0	0	0	0	0	0	0	0	0
84e713e2b0a4b752bad4b599f8e39ded	0	0	0	0	0	0	0	0	151	0	0	0	0	0
817d5457ac86c97a22f3670559aaa9fd	0	0	0	0	0	0	0	0	0	151	0	0	0	0
1eff1a955b8628972a18d65a7306e948	0	0	0	0	0	0	0	0	0	0	0	151	0	0
4f2a9db34ac0549362fb36c91f6b8113	0	150	0	0	0	0	0	0	0	0	0	0	0	0
b5d1cb31fa2c4642e28d18e9ca8fe855	0	150	0	0	0	0	0	0	0	0	0	0	0	0
83184b10dfb4c24e4891b1d3ff8ab5fb	0	0	150	0	0	0	0	0	0	0	0	0	0	0
59fddbc2c3de62a485e352c32c853d33	0	0	150	0	0	0	0	0	0	0	0	0	0	0
c7fc7532bdb5018d92a0bf30c789f422	0	0	102	0	0	25	23	0	0	0	0	0	0	0
8292845af38422a562f4fc0a975cf6a4	0	0	100	0	0	22	28	0	0	0	0	0	0	0
6cc3255aa654ec188d818895db3d266c	0	0	0	150	0	0	0	0	0	0	0	0	0	0
276ba4aad12a61feef5dba199dc027f0	0	0	0	150	0	0	0	0	0	0	0	0	0	0
18b1844333c6b93e2c949839e87b468e	0	0	0	150	0	0	0	0	0	0	0	0	0	0
8cab72877c8287152bb29fac44de8bd0	0	0	0	150	0	0	0	0	0	0	0	0	0	0
19c956d40912cbadf045bc41dbfec2ad	0	0	0	0	150	0	0	0	0	0	0	0	0	0
8b6596e9796fe02e9d06e2f9d2af79c2	0	0	0	0	150	0	0	0	0	0	0	0	0	0
db7424714b7fe19df621ff385d188c66	0	0	0	0	150	0	0	0	0	0	0	0	0	0
e1d07b020a1b62a07269056014ddbae2	0	0	0	0	0	0	0	0	150	0	0	0	0	0
8a08525cd95ee00c59de037ec08867ad	0	0	0	0	0	0	0	0	0	150	0	0	0	0
436696fc92402e599f34e25ae02b0c19	0	149	0	0	0	0	0	0	0	0	0	0	0	0
792f55ef78c9b6a1801b0d4179666194	0	25	30	0	0	49	45	0	0	0	0	0	0	0
7ff4159bfc2adb036a4b49f17fe9b5ed	0	23	104	0	0	22	0	0	0	0	0	0	0	0
5878e6bc10010a6e8de389e8a0827263	0	11	101	0	0	29	8	0	0	0	0	0	0	0
4e89695a1a08ef62fa83ed1e468bc7e4	0	0	93	0	0	25	31	0	0	0	0	0	0	0
8b6094b3eb064e0f1e42cd7873476eab	0	0	0	149	0	0	0	0	0	0	0	0	0	0
0cff9bd042bd3e8c47eed3a6e4c972c9	0	0	0	149	0	0	0	0	0	0	0	0	0	0
dcbdee3ddd6ee29a5269f4b8c214f118	0	0	0	0	149	0	0	0	0	0	0	0	0	0
5775686b8ea2a98c8dde8b453fa3f172	0	0	0	0	149	0	0	0	0	0	0	0	0	0
02f1df42efddb8fbd91d92e2fbd3a5f3	0	0	0	0	0	0	0	0	0	0	0	0	0	149
6b454557a6bcb2a8608f7ad71401760e	0	71	57	0	0	20	0	0	0	0	0	0	0	0
8f4c9db3d414ad75216250a65464781f	0	66	82	0	0	0	0	0	0	0	0	0	0	0
91a90a1f26e83a73ded4c30882ee6d3a	0	0	148	0	0	0	0	0	0	0	0	0	0	0
abcc59718a5985e092a6204ae9aebd92	0	0	40	0	0	0	0	0	0	0	108	0	0	0
13d704062762a29edaac8292fafe9d5b	0	0	0	148	0	0	0	0	0	0	0	0	0	0
b676116e5d6386c1e1b29361950fbe73	0	0	0	148	0	0	0	0	0	0	0	0	0	0
cd7cc932ccf6a499014756b0d5b60e0f	0	0	0	0	0	0	0	148	0	0	0	0	0	0
23955f5220f6a96607aa8687c9bf32f5	0	0	0	0	0	0	0	0	148	0	0	0	0	0
9ff4b4e9b1b60cd281c551e1912fa72f	0	0	0	0	0	0	0	0	0	148	0	0	0	0
6fc1cf0872279fe134930f4c9854c875	0	0	0	0	0	0	0	0	0	148	0	0	0	0
1503d8b8b8b4953cc3d12cafd7df9132	0	147	0	0	0	0	0	0	0	0	0	0	0	0
7f7f590ce775747c5870b4f5c0dbe4c6	0	0	89	0	0	40	18	0	0	0	0	0	0	0
97db942b1efee66f1a972a693deeba87	0	0	0	147	0	0	0	0	0	0	0	0	0	0
5c27353cc43ec12e973d613417ae1e44	0	0	0	0	0	0	0	0	147	0	0	0	0	0
8420567c51839a81b2ae1d93ece17c52	0	0	0	0	0	0	0	0	0	147	0	0	0	0
3379f1861249410efb6cff8f11345f04	0	0	0	0	0	0	0	0	0	0	0	0	147	0
30263346a0f1b0c1e5dee23843323f26	0	146	0	0	0	0	0	0	0	0	0	0	0	0
93e406e7f4cb3fe5c5ec01ad68b500cb	0	30	59	0	0	36	0	21	0	0	0	0	0	0
3ec0b85428bbca909b50045f185eba02	0	17	0	129	0	0	0	0	0	0	0	0	0	0
1858e72b0a9cd423624346ec78493a3d	0	0	0	146	0	0	0	0	0	0	0	0	0	0
80aebdcacb243b6e313bd292442731d9	0	0	0	146	0	0	0	0	0	0	0	0	0	0
9b75c4a697c262c932509027c9b84800	0	0	0	0	0	0	0	0	0	146	0	0	0	0
b836ccfc53ce438d2eec04bb474dccaf	0	145	0	0	0	0	0	0	0	0	0	0	0	0
e09807f4ba1e5cb88dd5031725e56831	0	68	32	0	0	30	15	0	0	0	0	0	0	0
b790cee1d8944e6b0480391d9a89e5eb	0	31	77	0	0	37	0	0	0	0	0	0	0	0
f1aa74c1da9adbb9a8f20d14c15c8fe6	0	0	123	0	0	11	11	0	0	0	0	0	0	0
59c3f487891c91c7969ab87927199c5d	0	0	0	145	0	0	0	0	0	0	0	0	0	0
b5f818dda57d4f81fc98f54ec23ec841	0	0	0	145	0	0	0	0	0	0	0	0	0	0
9bf82d7577a19c8fbe07c8ccfc2d20dd	0	0	0	145	0	0	0	0	0	0	0	0	0	0
4f208f3ae675d4a9008e841eaf0a438d	0	0	0	0	145	0	0	0	0	0	0	0	0	0
244c78c6f26715e38aa0b37ffeca519b	0	0	0	0	145	0	0	0	0	0	0	0	0	0
da6dce77b41fc6a42e11080708035eb1	0	144	0	0	0	0	0	0	0	0	0	0	0	0
f35459249e2f25a348a2390e3dc1482a	0	144	0	0	0	0	0	0	0	0	0	0	0	0
897387f42e6f489b65cde227559c7196	0	101	27	0	0	6	10	0	0	0	0	0	0	0
b8411cbacae47da0eba69c8ca270f61b	0	72	43	0	0	29	0	0	0	0	0	0	0	0
4a3d7fb923dfea55c16411bd2b67996d	0	63	78	0	0	0	3	0	0	0	0	0	0	0
24683aa698896efaa3ecd8588f9bfb10	0	60	42	0	0	5	13	24	0	0	0	0	0	0
ff1b80cc9fe2581d4e9a40ad2a465308	0	0	0	144	0	0	0	0	0	0	0	0	0	0
12506467e36b36de04f4b36f115f712e	0	0	0	144	0	0	0	0	0	0	0	0	0	0
3d20633e1279733576ea2425bbd2881a	0	0	0	144	0	0	0	0	0	0	0	0	0	0
2ec325353279fbb2adad527e21d385b4	0	0	0	144	0	0	0	0	0	0	0	0	0	0
3d828000995d461b5192b3077294c6b5	0	0	0	0	144	0	0	0	0	0	0	0	0	0
38d3361f9e600bf7c835d5555d7d007a	0	0	0	0	144	0	0	0	0	0	0	0	0	0
4a6f26ee3fa999466fc6ea7a61947d3a	0	0	0	0	144	0	0	0	0	0	0	0	0	0
015f3ec1106c3fa0ad25f317c96b0efa	0	0	0	0	0	0	0	0	144	0	0	0	0	0
6930fe5e69eced80f19541e9cbef9c91	0	0	0	0	0	0	0	0	144	0	0	0	0	0
790baca46eda97b89a37715faaf796c5	0	0	0	0	0	0	0	0	144	0	0	0	0	0
f7d55490217ab819197781a8c773f52c	0	0	0	0	0	0	0	0	0	144	0	0	0	0
b4225a7843f2abd9f67b2afeb0579cb7	0	0	0	0	0	0	0	0	0	0	144	0	0	0
95595a8e5962ef69862b877b403c5943	0	0	0	0	0	0	0	0	0	0	0	0	144	0
009ce59ebc05b2f1faa1d563fce5890f	0	0	0	0	0	0	0	0	0	0	0	0	144	0
fdbcfa5c47d0349607b60a384bd44af8	0	143	0	0	0	0	0	0	0	0	0	0	0	0
5a4179309614165a645ed0ec33437bf1	0	143	0	0	0	0	0	0	0	0	0	0	0	0
153e1d1bb673cda771134c5086e9514f	0	48	65	0	0	30	0	0	0	0	0	0	0	0
32835fb767daacd302a5157a9b2d2a49	0	0	106	0	0	0	19	0	0	0	0	0	0	18
a91af05eb85de8adb41e55eef336c9ed	0	0	0	143	0	0	0	0	0	0	0	0	0	0
2736ce8d12ab7833043b22920c4965f1	0	0	0	143	0	0	0	0	0	0	0	0	0	0
7507340dcc2ee9fe7fdaaeacdb5161db	0	0	0	143	0	0	0	0	0	0	0	0	0	0
9297b3d628dcc7e98de26892b59d4d11	0	0	0	143	0	0	0	0	0	0	0	0	0	0
2cd2fe8993ea8bd8194c9852971c6ec7	0	0	0	143	0	0	0	0	0	0	0	0	0	0
c255808233fd87536e1fdab2da701425	0	0	0	143	0	0	0	0	0	0	0	0	0	0
9ba1c6db45148ce809a504a632cdfb13	0	0	0	0	143	0	0	0	0	0	0	0	0	0
42fc23a1c173cf08acdd5a1c996d86c6	0	0	0	0	143	0	0	0	0	0	0	0	0	0
bf855de91dda017acaf6236b3b4cf3a5	0	0	0	0	0	0	0	0	0	143	0	0	0	0
0ec896b5b3750cc2b641fab3218da104	0	142	0	0	0	0	0	0	0	0	0	0	0	0
2bc555d2ed87f507740e75ff23c79e59	0	142	0	0	0	0	0	0	0	0	0	0	0	0
57b8f8ffeda58b7a5f2aea2f23c2e91c	0	93	49	0	0	0	0	0	0	0	0	0	0	0
97ae9f6082869d0bb91f572bdfe832a1	0	63	71	0	0	8	0	0	0	0	0	0	0	0
942cdc75fdd0e14600fda6c48a6f6ca2	0	59	61	0	0	0	22	0	0	0	0	0	0	0
f430cc3743e6d04c5263ba610b411e15	0	26	58	0	0	39	19	0	0	0	0	0	0	0
2a234ded19f0f738b28daeb00eff765b	0	10	101	0	0	23	8	0	0	0	0	0	0	0
f4ff7319717fc9f191db39c072b6584c	0	0	0	142	0	0	0	0	0	0	0	0	0	0
74c647847d3151cfd96e5923702c16ef	0	0	0	0	142	0	0	0	0	0	0	0	0	0
a00cb3cd21e29d6a35a305e043742c78	0	0	0	0	0	0	0	0	142	0	0	0	0	0
0d84f22820b6559c8a19478bcaf4f770	0	0	0	0	0	0	0	0	0	0	142	0	0	0
a3ec951d81e90f587e39bd501869b202	0	46	61	0	0	19	15	0	0	0	0	0	0	0
93e2706325fe3e96725f4d86090430b1	0	21	99	0	0	12	9	0	0	0	0	0	0	0
3ff73ade712ddeb3f0049babe694002f	0	0	0	0	141	0	0	0	0	0	0	0	0	0
79a07f06fcda6323c724ffaa57f1d7b1	0	0	0	0	141	0	0	0	0	0	0	0	0	0
cb259bc6365212a1f3bb415e2e0be01b	0	0	0	0	141	0	0	0	0	0	0	0	0	0
b769eb0aeebc96bde1d21ed08765d1df	0	0	0	0	0	0	0	0	141	0	0	0	0	0
2fc1aa969c566b0bec40e19dc57734ef	0	0	0	0	0	0	0	0	0	141	0	0	0	0
591410869dc072e7cc2ddd26ad8eace3	0	0	0	0	0	0	0	0	0	141	0	0	0	0
a88b9b17d79631ffc6fc7cb37a64e4a7	0	0	0	0	0	0	0	0	0	141	0	0	0	0
24e479647f6faf5bed2f3d401d46ad9a	0	140	0	0	0	0	0	0	0	0	0	0	0	0
0104210fe1f7fc9a98e21235857e7bb4	0	17	0	123	0	0	0	0	0	0	0	0	0	0
df6cc8f92fe7d24ff949af0a4a58e35f	0	0	109	0	0	13	18	0	0	0	0	0	0	0
c7aa9b029afb84d31c92cebad10b2717	0	0	92	0	0	48	0	0	0	0	0	0	0	0
f5cf73d65d9b911d5401d71f5a20329e	0	0	91	0	0	20	29	0	0	0	0	0	0	0
16d516029de880d36a20e4c8202fed30	0	0	0	140	0	0	0	0	0	0	0	0	0	0
15b10e2ab6064c42d23b1235a998900c	0	0	0	140	0	0	0	0	0	0	0	0	0	0
c68729117bc525600b1d29a52ab8afe3	0	0	0	0	0	0	0	0	140	0	0	0	0	0
3153d26a2e1a84a18958c12c4e25f5ec	0	0	0	0	0	0	0	0	140	0	0	0	0	0
bb1fa8f5ceb7fa3e794893d60f1c341b	0	0	0	0	0	0	0	0	140	0	0	0	0	0
1fe2f2ee26204e1cfbea5323eea90008	0	0	0	0	0	0	0	0	0	140	0	0	0	0
b7d7146c8801e95e9f80a8ead5dbcead	0	0	0	0	0	0	0	0	0	140	0	0	0	0
518a66bd6186df28b6d18da9d6fe955b	0	0	0	0	0	0	0	0	0	140	0	0	0	0
6e9bc6385a02eeae5796bbf1e5d08552	0	139	0	0	0	0	0	0	0	0	0	0	0	0
a67924c0ef79fc583240f313adeed1b3	0	139	0	0	0	0	0	0	0	0	0	0	0	0
42c54527d287fb43ae457030092d7e02	0	139	0	0	0	0	0	0	0	0	0	0	0	0
4e599156be1e0f3957d0915ef9a010c6	0	121	18	0	0	0	0	0	0	0	0	0	0	0
d1b63166d7f5a795fc7fafc311606b4e	0	0	0	139	0	0	0	0	0	0	0	0	0	0
62c3c83dce67d6916aebab672d3415d2	0	0	0	139	0	0	0	0	0	0	0	0	0	0
3bead951829c529329e7f31de505ef0e	0	0	0	0	139	0	0	0	0	0	0	0	0	0
52eaabb2f02957865e62d65b0a62f8a0	0	0	0	0	0	0	0	0	139	0	0	0	0	0
1bfd3b91a2419ec13f2f74ccae2539c7	0	0	0	138	0	0	0	0	0	0	0	0	0	0
66524d9bb810b0052a0337f25c1f692f	0	0	0	138	0	0	0	0	0	0	0	0	0	0
ecce2c60ee7124fe8b01d094a176b5bc	0	0	0	0	138	0	0	0	0	0	0	0	0	0
5cd03130ad17966a5744b2e1ac4aa27f	0	0	0	0	0	0	0	0	0	0	0	138	0	0
0192a45bc9a766f7496375298d0e9187	0	137	0	0	0	0	0	0	0	0	0	0	0	0
585f0eca4d355f8302245c773728db6b	0	0	0	137	0	0	0	0	0	0	0	0	0	0
ae128b21310adb4844173a732f95d6ce	0	0	0	137	0	0	0	0	0	0	0	0	0	0
9b52c2fff9a2a7aff6a86efeef9cfdf7	0	0	0	137	0	0	0	0	0	0	0	0	0	0
1dc31aad8de9fe30c5f7cd9fcb6f498c	0	0	0	137	0	0	0	0	0	0	0	0	0	0
26b82b1c28122354e6bd5feae19bdd95	0	0	0	137	0	0	0	0	0	0	0	0	0	0
93f55c860f666d631b2365185f5734ee	0	0	0	137	0	0	0	0	0	0	0	0	0	0
2ed37ba3b1b260edbe0ec41a6b499e40	0	0	0	0	137	0	0	0	0	0	0	0	0	0
9375445360775045532c58ea9c118c82	0	0	0	0	0	0	0	119	0	0	0	0	0	18
02a89af1e6c42e2e5b9961f61821b1fa	0	0	0	0	0	0	0	0	0	137	0	0	0	0
fb038a48654bc15875a41f414d4ee712	0	136	0	0	0	0	0	0	0	0	0	0	0	0
77da86899dd280fcb7d136297aa3e862	0	136	0	0	0	0	0	0	0	0	0	0	0	0
cd48fa9b11f998731dc0da36ff93bd10	0	29	75	0	0	16	16	0	0	0	0	0	0	0
0c9f9f89cfe1881f72880fdf388d0272	0	0	0	0	136	0	0	0	0	0	0	0	0	0
bc9681dfbf24000a05a891c4b4d81e1e	0	0	0	0	0	0	0	0	0	136	0	0	0	0
c0185e18ddab17ada45812bb6dfcc479	0	0	0	0	0	0	0	0	0	136	0	0	0	0
46ab166979bacee73b20ee04c1043093	0	0	0	0	0	0	0	0	0	136	0	0	0	0
19c0a362c4841cafbe7afc8cf015441b	0	135	0	0	0	0	0	0	0	0	0	0	0	0
5b482c641a1fd3378193d9e539b6bbb5	0	19	88	0	0	25	3	0	0	0	0	0	0	0
bcc433096d2a1e4ce0ecaa717230da4e	0	0	0	135	0	0	0	0	0	0	0	0	0	0
4e64a78abb0babf81d7a257ce6450e45	0	0	0	0	135	0	0	0	0	0	0	0	0	0
2a36b3a0faf7ffeffaa35bedccaefeef	0	0	0	0	135	0	0	0	0	0	0	0	0	0
dfa00b80530c1f9d59357517b552f7b7	0	0	0	0	135	0	0	0	0	0	0	0	0	0
5aa96772648f59615c5d81a830994c14	0	0	0	0	0	0	0	0	135	0	0	0	0	0
f2f577344f00c57e696583b995833e1e	0	0	0	0	0	0	0	0	0	135	0	0	0	0
47edee91e84973c72af53265ae3e946b	0	0	0	0	0	0	0	0	0	0	135	0	0	0
19fc63ccacc83d026216bc52ad2d6d83	0	0	0	0	0	0	0	0	0	0	0	135	0	0
77a82645f07e97484f4d7a7590d96f1b	0	0	0	0	0	0	0	0	0	0	0	0	135	0
ae4e979fccad4217b46f70ab7df4923c	0	67	67	0	0	0	0	0	0	0	0	0	0	0
fb2d47bc528aaafb094f85a3021f6208	0	0	134	0	0	0	0	0	0	0	0	0	0	0
fc2ffa7acad08f5000d681d028fbbca6	0	0	85	0	0	34	15	0	0	0	0	0	0	0
775a2bb59c8b6f60e06193d04236cee1	0	0	0	134	0	0	0	0	0	0	0	0	0	0
821fe76eef760f02303cf74df1d08877	0	0	0	134	0	0	0	0	0	0	0	0	0	0
6bbc694139c052537c136c554987f8a9	0	0	0	134	0	0	0	0	0	0	0	0	0	0
17433f915ccda0214d5f27c043259e3a	0	0	0	134	0	0	0	0	0	0	0	0	0	0
f7eaa3f63d79ddb68b8a54cdecca3c68	0	0	0	0	134	0	0	0	0	0	0	0	0	0
06f223e56f2335648a90e2247e783c0d	0	0	0	0	134	0	0	0	0	0	0	0	0	0
97536c8ad294c4d5d452174b1f7d74f3	0	0	0	0	0	0	0	0	134	0	0	0	0	0
bbf3b76442c168e798d144fc700988f5	0	0	0	0	0	0	0	0	134	0	0	0	0	0
22e03543e735cffbbac760d81cbd30c3	0	0	0	0	0	0	0	0	134	0	0	0	0	0
9cd8842c8e5966f3ab109423cbe32579	0	0	0	0	0	0	0	0	134	0	0	0	0	0
6c7ddc8bd432f2aa9b2e9e25c5e7e89b	0	0	0	0	0	0	0	0	0	134	0	0	0	0
fa77fb3b619b8940e8af6f3da09dd5bb	0	133	0	0	0	0	0	0	0	0	0	0	0	0
2f37bc0c9802bda54072e03d30169853	0	72	34	0	0	20	7	0	0	0	0	0	0	0
581b93092a1a394cabb881f442efcc14	0	58	75	0	0	0	0	0	0	0	0	0	0	0
b162838cde374e15bcd9a42b1b2625a8	0	0	63	0	0	43	27	0	0	0	0	0	0	0
0c8258e7f5967c5e022705b09140fb66	0	0	0	133	0	0	0	0	0	0	0	0	0	0
6efca2b1615cec8803b239675f743ede	0	0	0	133	0	0	0	0	0	0	0	0	0	0
fb710f76b80d21e40ae82a7204c08544	0	0	0	123	0	0	0	0	0	0	0	0	0	10
f7d0a28b23657803cbc5cc02ba18bf1a	0	0	0	0	133	0	0	0	0	0	0	0	0	0
32cb2ec3d28489ce5caccbbb379ace42	0	0	0	0	0	0	0	0	133	0	0	0	0	0
8d2aa3874414d9028262ef8433726a29	0	0	0	0	0	0	0	0	0	0	0	133	0	0
a62485707dba60c1737ff470d7377236	0	132	0	0	0	0	0	0	0	0	0	0	0	0
b742ee507aa9221aa36c710ad40a508e	0	43	67	0	0	13	9	0	0	0	0	0	0	0
8162bb3b098dac9d8212b655664fb6e2	0	0	132	0	0	0	0	0	0	0	0	0	0	0
0ea1eb373ac843949d95e82f3a5b67af	0	0	60	0	0	49	23	0	0	0	0	0	0	0
890ff59f74edce303cef10b2773b1751	0	0	0	132	0	0	0	0	0	0	0	0	0	0
4182c94fab80a7a861d1cbfc51c7be2b	0	0	0	132	0	0	0	0	0	0	0	0	0	0
319b22acf5acf5bf175b2f5d218c5e1b	0	0	0	0	132	0	0	0	0	0	0	0	0	0
90a790c341cfde740a537ecfa9998946	0	0	0	0	0	0	0	0	0	132	0	0	0	0
81cb4b0b0683c51097bcfbda4089bc3f	0	0	0	0	0	0	0	0	0	132	0	0	0	0
ef6e7fe3f53327b6a22bf5a539f23da8	0	0	0	0	0	0	0	0	0	132	0	0	0	0
e5e0ecd02695f9db5e7ac81534118c47	0	131	0	0	0	0	0	0	0	0	0	0	0	0
d26ac708fff7cb9b83201fa15c8438b7	0	18	0	113	0	0	0	0	0	0	0	0	0	0
230ddf3b736d9791cd7d202df7cf904d	0	0	83	0	0	40	8	0	0	0	0	0	0	0
81f127f87c6f5f03c4af5fcc3620e4b5	0	0	21	0	0	59	51	0	0	0	0	0	0	0
56d1574d671bdbd969923e73c12367b1	0	0	3	0	0	58	70	0	0	0	0	0	0	0
2be8d9663264bc43a0d042692cf58bd9	0	0	0	131	0	0	0	0	0	0	0	0	0	0
ce7f9bd465a88482a8a0f6202e79daaa	0	0	0	131	0	0	0	0	0	0	0	0	0	0
3382033d48ce35f82438ef2837810274	0	0	0	131	0	0	0	0	0	0	0	0	0	0
b057b97db32dd37739f6b8311da1dd6c	0	0	0	131	0	0	0	0	0	0	0	0	0	0
0ef02a45143e8c78dd0faee69693d4bf	0	0	0	0	131	0	0	0	0	0	0	0	0	0
e7c0616d7a2024088ed12983716b94d3	0	0	0	0	131	0	0	0	0	0	0	0	0	0
f6e23c00df31428f537c8a1e51920f42	0	0	0	0	131	0	0	0	0	0	0	0	0	0
080a682d9b54867285fc0e3c6fa9b0ed	0	0	0	0	0	0	0	131	0	0	0	0	0	0
a97943a8759b0d855507d0d74864d24b	0	0	0	0	0	0	0	0	131	0	0	0	0	0
2d4e0ec8ac50ba52f7611d7c5e56caa2	0	0	0	0	0	0	0	0	131	0	0	0	0	0
3d38f3ef507849f644f712e23fc4d5f3	0	130	0	0	0	0	0	0	0	0	0	0	0	0
e7d23b54443caec6b601f79cc5d9e2c4	0	130	0	0	0	0	0	0	0	0	0	0	0	0
bace396f36b961a20a89f006221fe63c	0	130	0	0	0	0	0	0	0	0	0	0	0	0
a4ac302cf5a18aacf93459de7d20878a	0	130	0	0	0	0	0	0	0	0	0	0	0	0
e78c0646c3aa8bf08b7002b862c2e261	0	54	59	0	0	17	0	0	0	0	0	0	0	0
0ca33b6eaaceb5dd84831e4c81312996	0	0	130	0	0	0	0	0	0	0	0	0	0	0
1b9348f50f71b746478750703f497e5a	0	0	0	130	0	0	0	0	0	0	0	0	0	0
7caa7eb3c920de4cd92dd2cd57434249	0	0	0	130	0	0	0	0	0	0	0	0	0	0
f5b60652b265086005d546d2b5fb726b	0	0	0	110	0	0	0	20	0	0	0	0	0	0
8e044c3ff380044144e6f4e78c56c159	0	0	0	0	0	0	0	130	0	0	0	0	0	0
2e728718106d83e30aa9ed7cf2436011	0	129	0	0	0	0	0	0	0	0	0	0	0	0
bb0b3f0d4dc3acbf3d31c621022eb444	0	111	0	0	0	18	0	0	0	0	0	0	0	0
19f64e8e0811c80116c8a92af2cee1af	0	51	55	0	0	17	6	0	0	0	0	0	0	0
d9095961a3865b50cab85fe3474e3b43	0	0	98	0	0	31	0	0	0	0	0	0	0	0
2e1d01bb992a1ba927c6e834d6430518	0	0	0	129	0	0	0	0	0	0	0	0	0	0
ce698a2e835cc86a97740b19780ab394	0	0	0	0	129	0	0	0	0	0	0	0	0	0
21631192644c0e4961b28e611f21a02a	0	0	0	0	0	0	0	0	129	0	0	0	0	0
cd4eda20fd3c0e859d9ff66ed22fe510	0	0	0	0	0	0	0	0	0	129	0	0	0	0
8b5da6f3d8a9afc8a4b99efad0543463	0	0	0	0	0	0	0	0	0	0	0	129	0	0
4e103ffcf70a54bab5407e6d0f6b9579	0	128	0	0	0	0	0	0	0	0	0	0	0	0
f172f86bb32efe1a730e4b77a92a024e	0	128	0	0	0	0	0	0	0	0	0	0	0	0
cf9974e21fb101d9799bb0f815970289	0	84	31	0	0	13	0	0	0	0	0	0	0	0
5032de0ca1816e1a06051690a0fb57a6	0	37	91	0	0	0	0	0	0	0	0	0	0	0
2f031c065577acbd92b19b04862026f8	0	0	109	0	0	14	5	0	0	0	0	0	0	0
d014ea258781a4142710f3bd538263cf	0	0	101	0	0	0	27	0	0	0	0	0	0	0
090b4e89f62c1daa7a05bfbdd782d10a	0	0	65	0	0	38	25	0	0	0	0	0	0	0
4ed0f73ad85bb866cd527f74558b157a	0	0	0	128	0	0	0	0	0	0	0	0	0	0
3441d54c4a6a6a784e9e89d2a1c4e8b2	0	0	0	128	0	0	0	0	0	0	0	0	0	0
4b1894ebdb91edd130526e7d33775a5a	0	0	0	128	0	0	0	0	0	0	0	0	0	0
1a2df26074f6e56af01468162875ecc4	0	0	0	128	0	0	0	0	0	0	0	0	0	0
0592d3073530c8dc70d540c27f523faf	0	0	0	124	0	0	0	0	0	0	0	0	0	4
a298ca3f278a90c2d4a59677b7afecb2	0	0	0	0	0	0	0	0	0	128	0	0	0	0
f769526cdf1f52c0c02f3d874ce47c6a	0	0	0	0	0	0	0	0	0	128	0	0	0	0
07b2cabfaa430e801dec9b22aa140991	0	0	0	0	0	0	0	0	0	128	0	0	0	0
060549003b32f2110481e40f9aba4866	0	127	0	0	0	0	0	0	0	0	0	0	0	0
f59893dfc3d435f635a17238bce44044	0	127	0	0	0	0	0	0	0	0	0	0	0	0
2491638f194447f6df589da1918a4ec9	0	0	0	127	0	0	0	0	0	0	0	0	0	0
52cc70137aa6dce6fb387c0b50fda4c2	0	0	0	127	0	0	0	0	0	0	0	0	0	0
4864484a7187481d103530964fe3fefe	0	0	0	0	127	0	0	0	0	0	0	0	0	0
29ed634ae34d39f843b7fb12e2d2a614	0	0	0	0	0	56	71	0	0	0	0	0	0	0
6d46b443e3c61553821ac88c8f0120bd	0	0	0	0	0	0	0	0	0	127	0	0	0	0
7b349b77b32a7c49bf58a31e38947cfd	0	126	0	0	0	0	0	0	0	0	0	0	0	0
780b6bebfee08975c5ae53f7401c6ea8	0	126	0	0	0	0	0	0	0	0	0	0	0	0
86da3fa005c25811c7f7236389edd10b	0	100	26	0	0	0	0	0	0	0	0	0	0	0
07c971818d48328003e0f184e44f8dcd	0	67	59	0	0	0	0	0	0	0	0	0	0	0
2e159d0c40a7726613dd4d144721004a	0	29	52	0	0	30	15	0	0	0	0	0	0	0
47311f9e5636fa73c2c8e70454906329	0	21	58	0	0	34	13	0	0	0	0	0	0	0
d285e2a4cd0b510a298839fc36046520	0	0	126	0	0	0	0	0	0	0	0	0	0	0
52f297d5e11b864189abd086e48ab261	0	0	124	0	0	0	2	0	0	0	0	0	0	0
071621b0d9cecf1048f82ffa384e8676	0	0	0	126	0	0	0	0	0	0	0	0	0	0
f259e053ef96336ea475f42c745e27a3	0	0	0	126	0	0	0	0	0	0	0	0	0	0
34cd13254ffd8dd347f9e0f537a11ede	0	0	0	126	0	0	0	0	0	0	0	0	0	0
4beb5305f32c9cfe69f005bef2013659	0	0	0	126	0	0	0	0	0	0	0	0	0	0
0ffc4acd8803086c919fce3e4e3417c8	0	0	0	126	0	0	0	0	0	0	0	0	0	0
5f71b765cacedfba55e9d4d4f935d33b	0	0	0	105	0	0	0	0	0	0	0	0	0	21
eba8c9f65ca952a9c309f9756c3cf013	0	0	0	0	126	0	0	0	0	0	0	0	0	0
809921f2c04fe8699d874c36638bfe2a	0	0	0	0	126	0	0	0	0	0	0	0	0	0
0794e0418f853ad74adfd4193315afe5	0	0	0	0	0	0	0	0	0	126	0	0	0	0
9e3b1ff28f4a47e0c85f3a46ab5c22d7	0	0	0	0	0	0	0	0	0	0	0	126	0	0
b77af7ecf7f3b9fd02a8c9a8c543c9d3	0	0	0	0	0	0	0	0	0	0	0	0	126	0
15c8932b11610a46f040e65691f987ff	0	125	0	0	0	0	0	0	0	0	0	0	0	0
73eda62063df5d9cdb25df92afa43971	0	125	0	0	0	0	0	0	0	0	0	0	0	0
b5e3e34e5c76c3755fb1366962ff9307	0	125	0	0	0	0	0	0	0	0	0	0	0	0
3e19b083e46a3be3137ea393b0a41b17	0	125	0	0	0	0	0	0	0	0	0	0	0	0
a9d6941e1663e1ce05af5e02f39a91fb	0	32	79	0	0	6	8	0	0	0	0	0	0	0
ba6be1bd0b56af26d0508304f20de402	0	0	0	125	0	0	0	0	0	0	0	0	0	0
17a9b22afac6c1c2f56968f13305d64c	0	0	0	125	0	0	0	0	0	0	0	0	0	0
07223ddac19e2fb738e61c2e8a9fb5a0	0	0	0	125	0	0	0	0	0	0	0	0	0	0
c23cbc7453a5bb92fbdb7ca99015b5e6	0	0	0	0	125	0	0	0	0	0	0	0	0	0
f4b22d4b8b92fec2bb2d487427a145f2	0	0	0	0	125	0	0	0	0	0	0	0	0	0
86dc3a407196293214ca7bfbc7a2f926	0	0	0	0	0	0	0	0	0	125	0	0	0	0
72b1446be98b8f72bc077d128a463174	0	0	0	0	0	0	0	0	0	0	125	0	0	0
4ab41219b4a24210490b7744ce3dc1bc	0	124	0	0	0	0	0	0	0	0	0	0	0	0
d4f0ab50edd07c4179a4dacce62af6be	0	124	0	0	0	0	0	0	0	0	0	0	0	0
5f6a0660fea0cfc19b2c983364860bc0	0	124	0	0	0	0	0	0	0	0	0	0	0	0
130224e343c93418e6d39625430e2c8b	0	0	124	0	0	0	0	0	0	0	0	0	0	0
f46cf45c2a2992aa2c9aeb4838b44852	0	0	11	0	0	65	48	0	0	0	0	0	0	0
98d16031bf41cf9876056432cd62192a	0	0	0	124	0	0	0	0	0	0	0	0	0	0
7206dff6d8eb3c4d9cf1cf3a74de43a3	0	0	0	0	124	0	0	0	0	0	0	0	0	0
9e33f6355b2793a891caeca5cd76b627	0	0	0	0	124	0	0	0	0	0	0	0	0	0
2cd84a49a88f1adfbc3cd450daa053bc	0	0	0	0	0	0	0	0	124	0	0	0	0	0
00f05abeef2fbc9790d6c5f2a218f67d	0	0	0	0	0	0	0	0	0	124	0	0	0	0
9aa7718a6ae241848717a6ace4333e33	0	0	0	0	0	0	0	0	0	124	0	0	0	0
efd6aa200e8ac0a65084ae4fbee48adf	0	123	0	0	0	0	0	0	0	0	0	0	0	0
04fbcac0df67a6f9d47c96b3abfff06e	0	123	0	0	0	0	0	0	0	0	0	0	0	0
e3686a08d7b724262ce90a6d91907ea9	0	113	0	0	0	0	10	0	0	0	0	0	0	0
6605f51bacfecef3e50efcf891f63a04	0	102	21	0	0	0	0	0	0	0	0	0	0	0
9c533ab27014f6c87cfbc69609a0928c	0	76	47	0	0	0	0	0	0	0	0	0	0	0
8005cdfc94b6e3f9fbd734c8a2d1b630	0	0	69	0	0	0	12	42	0	0	0	0	0	0
42f0fd52306860c7c25f2c1eb47c6fff	0	0	0	123	0	0	0	0	0	0	0	0	0	0
02e30939ed88192ee9d03b5cee6b8d85	0	0	0	123	0	0	0	0	0	0	0	0	0	0
5ef418818613e1e1b3ee46ef051f6245	0	0	0	0	123	0	0	0	0	0	0	0	0	0
3c5c6db4b8a3600e2e571d4a31044f29	0	0	0	0	0	123	0	0	0	0	0	0	0	0
63356da3bd45a6dea1b65d574943671c	0	0	0	0	0	123	0	0	0	0	0	0	0	0
316d00f1b0f1184b9352d0f8e31f27a6	0	0	0	0	0	0	0	0	123	0	0	0	0	0
6ec1aa25fcdedf39cdb381dd99de32e8	0	0	0	0	0	0	0	0	0	123	0	0	0	0
1a9fe9bd0fc65608536f3d3c5d9f2d74	0	122	0	0	0	0	0	0	0	0	0	0	0	0
8ff94e6e99b2fc1d2221411024d0fea2	0	122	0	0	0	0	0	0	0	0	0	0	0	0
4a3e1ce5441e31f720680001d529d0f0	0	12	80	0	0	15	15	0	0	0	0	0	0	0
d3f2a3a1c41d8f63f9cc33b7d8ee61ab	0	0	122	0	0	0	0	0	0	0	0	0	0	0
625b10c950bed4a86f433d4799525ba8	0	0	92	0	0	19	11	0	0	0	0	0	0	0
ce7f218d609de479832fd7dbcf4e1058	0	0	69	0	0	20	33	0	0	0	0	0	0	0
03c91c63836104c07bb467d0a1a812a6	0	0	0	122	0	0	0	0	0	0	0	0	0	0
91803eeb5a9e0748eb4916b0cbc6a199	0	0	0	122	0	0	0	0	0	0	0	0	0	0
8d3323a59b13fd4bc922cfa413c4c562	0	0	0	122	0	0	0	0	0	0	0	0	0	0
bed85de8795cdcb331a7833502af35b2	0	0	0	122	0	0	0	0	0	0	0	0	0	0
eadbc4da55c2353534ab3b502186872c	0	0	0	0	122	0	0	0	0	0	0	0	0	0
96239668c295da084aa3749ee153cc81	0	0	0	0	122	0	0	0	0	0	0	0	0	0
d130f5b04dcf07ef670bbfb3cb177678	0	0	0	0	0	0	0	0	122	0	0	0	0	0
377096e14c5235568780b513d1a3dd3a	0	0	0	0	0	0	0	0	0	0	122	0	0	0
f2e2ed4d4191998a32fa92138e694fca	0	121	0	0	0	0	0	0	0	0	0	0	0	0
e061c7daecc56b427bf8c22e6d1d107f	0	121	0	0	0	0	0	0	0	0	0	0	0	0
f269e60ab49be4b30ab295fd1131d885	0	33	88	0	0	0	0	0	0	0	0	0	0	0
9436c8107a114832b32773f1fb2654bf	0	0	121	0	0	0	0	0	0	0	0	0	0	0
bec9ab1a7d6f9b5225072cd569818507	0	0	68	0	0	30	23	0	0	0	0	0	0	0
c3e4dd761bcb2217ce253e59544e643d	0	0	32	0	0	43	46	0	0	0	0	0	0	0
232d68339405d09283f47ef9167c5390	0	0	0	121	0	0	0	0	0	0	0	0	0	0
0400f237a1353af04223f7a36f96d73d	0	0	0	121	0	0	0	0	0	0	0	0	0	0
80e40b2ee3f3577374fb6b430811bc89	0	0	0	121	0	0	0	0	0	0	0	0	0	0
0660e3f22b7ae41675b8f430c227cba8	0	0	0	0	0	0	0	0	121	0	0	0	0	0
856266a3eee9acfef495ad8e9752a082	0	0	0	0	0	0	0	0	0	0	121	0	0	0
be5eafb46d9311ad0d18c9f03ca3a0d7	0	0	0	0	0	0	0	0	0	0	0	121	0	0
012e65b4252fc673251f9c6a0ef0c11d	0	120	0	0	0	0	0	0	0	0	0	0	0	0
cfed0f9569b33437b5a7b90f1d956804	0	120	0	0	0	0	0	0	0	0	0	0	0	0
74f3cc6fc0cccb8c4b1eaaa6b728b577	0	81	22	0	0	6	11	0	0	0	0	0	0	0
04b442c151965a1dbb71247c0b0eb8db	0	48	72	0	0	0	0	0	0	0	0	0	0	0
2a33e86821a15c3396d6089ff342f614	0	0	0	120	0	0	0	0	0	0	0	0	0	0
bcc64d0114f5959ba0c41248fcb7ca52	0	0	0	120	0	0	0	0	0	0	0	0	0	0
9988fd9e5412f7eff5e4b9872e7e8504	0	0	0	0	120	0	0	0	0	0	0	0	0	0
a542fcadab6889abc85bc3c3da3272ab	0	0	0	0	120	0	0	0	0	0	0	0	0	0
dc273ce129aadade785dd6b364ef958a	0	0	0	0	120	0	0	0	0	0	0	0	0	0
f31a9d90f1fe131011eb62cd9fa62b73	0	0	0	0	120	0	0	0	0	0	0	0	0	0
130d38cf1451b32ed1c92c981078ec61	0	0	0	0	0	0	0	0	120	0	0	0	0	0
c630b1b34b82cfd748de88c9ef47f638	0	0	0	0	0	0	0	0	120	0	0	0	0	0
6627cb1a4d60e332b88f923f36db437c	0	0	0	0	0	0	0	0	0	120	0	0	0	0
506b9e1510436b8d10be17658c6b0e33	0	0	0	0	0	0	0	0	0	120	0	0	0	0
ab8cd99bf33181bf00adda421e593394	0	0	0	0	0	0	0	0	0	120	0	0	0	0
5be0f3b25563b611d6921b663e22dde7	0	0	0	0	0	0	0	0	0	0	120	0	0	0
503346106d3211c43b1e05bccd07fb27	0	0	0	0	0	0	0	0	0	0	120	0	0	0
eb787dcd61822935f6783195097940a9	0	0	0	0	0	0	0	0	0	0	0	120	0	0
d4027df2a1d72294effc447acb5d2176	0	119	0	0	0	0	0	0	0	0	0	0	0	0
3b31f6fe15234dea2e25fe1e3dcad366	0	11	73	0	0	17	18	0	0	0	0	0	0	0
e146f3caa568341ffe68ce64557a88aa	0	0	109	0	0	10	0	0	0	0	0	0	0	0
fc1fc9c41594407f5f29bb1dd228532d	0	0	0	119	0	0	0	0	0	0	0	0	0	0
8c7bb2572da64389aa8c23cae6a6886b	0	0	0	119	0	0	0	0	0	0	0	0	0	0
1216dc7653d156fca553b92ee64a0004	0	0	0	119	0	0	0	0	0	0	0	0	0	0
766f3649b6a0697f258411312008eff3	0	0	0	119	0	0	0	0	0	0	0	0	0	0
dc6caecc0a4a1ac1b8703d7770acbacd	0	0	0	0	119	0	0	0	0	0	0	0	0	0
1417bad48cca71f05ef2dd835753a536	0	0	0	0	0	119	0	0	0	0	0	0	0	0
60044836bd19cd8796a87ea4412601fb	0	0	0	0	0	0	0	0	0	119	0	0	0	0
f17717ec862146f28c0877711b71e86f	0	0	0	0	0	0	0	0	0	0	119	0	0	0
4bc7e2d85ddb7dee1401d025961d4e8b	0	0	0	0	0	0	0	0	0	0	0	0	0	119
084d9bd497bf5f5e7f356b0a02dd2ab0	0	118	0	0	0	0	0	0	0	0	0	0	0	0
6ae7708c26d123a30a980c8bb07776b1	0	118	0	0	0	0	0	0	0	0	0	0	0	0
2bb8d29a49a8f145c1830667dd4dd788	0	43	68	0	0	7	0	0	0	0	0	0	0	0
7f5c9298b1e60fa29b2a0baa2106d1c6	0	31	50	0	0	29	8	0	0	0	0	0	0	0
3bb97c7c1895d83715178af590780454	0	4	94	0	0	12	8	0	0	0	0	0	0	0
6f502ebc844486fbdbd326a7db2e1ac0	0	0	72	0	0	20	26	0	0	0	0	0	0	0
be8da0ef148a74e4883a6b5c061edbbb	0	0	0	118	0	0	0	0	0	0	0	0	0	0
64ca068c39c294bf5bf8e6cf0e36216d	0	0	0	118	0	0	0	0	0	0	0	0	0	0
0a4601e8ad9d53fcd408d6c10509bfc8	0	0	0	118	0	0	0	0	0	0	0	0	0	0
e481414bc725a236097474c56d88b04d	0	0	0	0	0	51	67	0	0	0	0	0	0	0
27506d16a50237fccaf2e390176456b8	0	0	0	0	0	0	0	0	118	0	0	0	0	0
bf561bab8fa890e56e45e15868e0c1ac	0	0	0	0	0	0	0	0	0	118	0	0	0	0
055872e63d1b652a8b63128a7029e485	0	0	0	0	0	0	0	0	0	0	118	0	0	0
1ee165c287ba6654febaad4c97909df4	0	0	0	0	0	0	0	0	0	0	118	0	0	0
8115e426927d60f4d48a5f64077b49af	0	0	0	0	0	0	0	0	0	0	0	118	0	0
5ed28d5faaf3f8e4d4427fc94c02113f	0	31	65	0	0	11	10	0	0	0	0	0	0	0
6006db32f9d1acce3c63d1efaed47ca2	0	0	0	117	0	0	0	0	0	0	0	0	0	0
3238834b1bfa449aa51f2dfb73e272f6	0	0	0	117	0	0	0	0	0	0	0	0	0	0
2bd772222eb5d0548f4f3fc95f5bf683	0	0	0	117	0	0	0	0	0	0	0	0	0	0
ee61341dd39f2e24caaf29b080290bc5	0	0	0	117	0	0	0	0	0	0	0	0	0	0
37fb27e4d485d6b7a9d3d6b567885855	0	0	0	117	0	0	0	0	0	0	0	0	0	0
2f099a70b240d61f8f108ff78a579f6d	0	0	0	0	0	117	0	0	0	0	0	0	0	0
c912bc6370819766f9b145d8b93555ba	0	0	0	0	0	0	117	0	0	0	0	0	0	0
4f9204f6531681b1fbfe19348a407d6b	0	0	0	0	0	0	0	0	117	0	0	0	0	0
acce91d26a6d7a6813920f3e2ef58031	0	0	0	0	0	0	0	0	0	117	0	0	0	0
860c173b745fbd70ae36350bb0066e45	0	0	0	0	0	0	0	0	0	117	0	0	0	0
605684a820702d66ab1ddf5076e88c2d	0	0	0	0	0	0	0	0	0	117	0	0	0	0
1efa9d92cc90e92287aad95e33c57c1c	0	0	0	0	0	0	0	0	0	0	0	117	0	0
522ad14f4851b7f8bddd1cbeba98b32a	0	116	0	0	0	0	0	0	0	0	0	0	0	0
3b4528d52a3badb5552c5276a2ca3ca5	0	116	0	0	0	0	0	0	0	0	0	0	0	0
53254885128a8b0eef01e165d3bcd55e	0	116	0	0	0	0	0	0	0	0	0	0	0	0
e0d6c4e15ecc628e4606f89b2b00480a	0	34	82	0	0	0	0	0	0	0	0	0	0	0
343d7cfe98bdb228984c6e2c5f103d05	0	0	116	0	0	0	0	0	0	0	0	0	0	0
2afb3578a5c245e463bead0fa856a9c0	0	0	101	0	0	15	0	0	0	0	0	0	0	0
fc6e60bff91fe753d234ffe75db3c01f	0	0	0	116	0	0	0	0	0	0	0	0	0	0
a262ec57001462f37dd6acd647544d76	0	0	0	116	0	0	0	0	0	0	0	0	0	0
d029c08325c509374afce2b787ac8dab	0	0	0	116	0	0	0	0	0	0	0	0	0	0
27a66d432cb8b98b969e7c3b6a2b5f46	0	0	0	88	0	0	0	0	0	0	0	0	0	28
69d0315b16563432b9ed2e261020ffcf	0	0	0	0	116	0	0	0	0	0	0	0	0	0
9b4b64336f11833b1d09dfd202ce8a66	0	0	0	0	116	0	0	0	0	0	0	0	0	0
32660107ba06571f6931ec6af785acaf	0	0	0	0	116	0	0	0	0	0	0	0	0	0
78bfc55d6200a6d3efdd3cec668d25c3	0	0	0	0	116	0	0	0	0	0	0	0	0	0
b5db8b70464ddc6853ce10135780b237	0	0	0	0	0	0	0	0	116	0	0	0	0	0
8725e35789d248ad59134c3f3d286299	0	0	0	0	0	0	0	0	0	116	0	0	0	0
1a9d3d9491bacb235297d27ba888c15e	0	115	0	0	0	0	0	0	0	0	0	0	0	0
75cf9fdb23f787275b36e9b7703ca650	0	115	0	0	0	0	0	0	0	0	0	0	0	0
acaab678fee492fefa8c44d0a8554594	0	53	62	0	0	0	0	0	0	0	0	0	0	0
c7496e5eb9dd611d88050c0ffc987d71	0	0	91	0	0	16	8	0	0	0	0	0	0	0
c95b48de0ac88aca16648b0152011a3a	0	0	85	0	0	30	0	0	0	0	0	0	0	0
1133a6d6cb5d9243aca7eda250807b6f	0	0	71	0	0	26	18	0	0	0	0	0	0	0
76c248b3244aebbc2a1650506e01fd85	0	0	20	0	0	38	57	0	0	0	0	0	0	0
af4f5a292eac0c60312be51704f1ad3b	0	0	0	115	0	0	0	0	0	0	0	0	0	0
ab9393305c5c6a071479be71029108a2	0	0	0	115	0	0	0	0	0	0	0	0	0	0
78470b920632528629ed42b832cc336e	0	0	0	0	115	0	0	0	0	0	0	0	0	0
ba5f409aac9efd382534c6c7936bac83	0	0	0	0	115	0	0	0	0	0	0	0	0	0
1c2a3609dfb78c382b314f808d893ebd	0	0	0	0	0	0	0	0	115	0	0	0	0	0
a5623f4acb9f078f5d7677ad209c5686	0	0	0	0	0	0	0	0	115	0	0	0	0	0
a3a5dc23127247b2c74c5c4fdeb10733	0	0	0	0	0	0	0	0	115	0	0	0	0	0
86bbfc175d3dd0b81c731b4808765af7	0	114	0	0	0	0	0	0	0	0	0	0	0	0
a99423b02d55a183593e879c73792522	0	67	37	0	0	0	10	0	0	0	0	0	0	0
10c076e041d9aeb2c72c94368adf7bfb	0	53	37	0	0	24	0	0	0	0	0	0	0	0
daa0483bda3145043b1ea5159fa2f6a8	0	0	71	0	0	30	13	0	0	0	0	0	0	0
f05c73872728d8e60453587681ad78a2	0	0	60	0	0	54	0	0	0	0	0	0	0	0
d0b21ea06c170c5f3019918c9250a221	0	0	0	114	0	0	0	0	0	0	0	0	0	0
0137ce28ec375cbfd6968bc78e2686c0	0	0	0	114	0	0	0	0	0	0	0	0	0	0
c89600deeabeaac0106fbc768d543410	0	0	0	0	114	0	0	0	0	0	0	0	0	0
00252c09b0604d9c710aba1456519fd9	0	0	0	0	0	0	0	0	114	0	0	0	0	0
3077698ba2860fd3c9049a619334df07	0	0	0	0	0	0	0	0	0	114	0	0	0	0
2396f2541647642b7415400a8eb20644	0	0	0	0	0	0	0	0	0	114	0	0	0	0
342e8efb9ee04467f2d3a3571126ea80	0	0	0	0	0	0	0	0	0	0	0	114	0	0
f2094769516c769821874e38bc5759e2	0	0	0	0	0	0	0	0	0	0	0	0	114	0
12209cc03e86e1b025c3db211a9c9c51	0	113	0	0	0	0	0	0	0	0	0	0	0	0
f65f4dee0cb7e6d9499d13fea847405c	0	113	0	0	0	0	0	0	0	0	0	0	0	0
436ec8465ef5565882202568b2f20fe9	0	113	0	0	0	0	0	0	0	0	0	0	0	0
bfd25545e9816397e74ef4ff1698f799	0	113	0	0	0	0	0	0	0	0	0	0	0	0
a711198f5482a35e3eaf7a157a64cd36	0	82	31	0	0	0	0	0	0	0	0	0	0	0
da664e2d72cc32d72f21551bab30d7e4	0	0	113	0	0	0	0	0	0	0	0	0	0	0
e733836b8639af027b8ec1e357ada165	0	0	99	0	0	0	14	0	0	0	0	0	0	0
62b6da149c03a556e091f519c278b5ad	0	0	95	0	0	0	18	0	0	0	0	0	0	0
02ee7540b882fa74d8d6c3a6a2a6c20c	0	0	0	113	0	0	0	0	0	0	0	0	0	0
e745ed305b1a1be718945e86960b15f2	0	0	0	113	0	0	0	0	0	0	0	0	0	0
709df04b098edfccc0e9d5f93d9583e5	0	0	0	113	0	0	0	0	0	0	0	0	0	0
ce041363070e6c7052ca2d1eb3944eee	0	0	0	0	113	0	0	0	0	0	0	0	0	0
ab1157a6d5c8412c9929c9734cb8538d	0	0	0	0	0	0	0	0	113	0	0	0	0	0
afec8b9019740c33b837777f9b02e0b2	0	0	0	0	0	0	0	0	113	0	0	0	0	0
d3241840664f077f343bf73898af4acb	0	0	0	0	0	0	0	0	0	113	0	0	0	0
a467770bef37da1b3c04fbdd4f473410	0	0	0	0	0	0	0	0	0	0	113	0	0	0
ecddb7c61204a9cf1cbf021e7c8e435b	0	0	0	0	0	0	0	0	0	0	113	0	0	0
4c433c465c78041fa2f6de185d807874	0	112	0	0	0	0	0	0	0	0	0	0	0	0
ac7b70f918f31e23a0b751922a0f165e	0	89	15	0	0	3	5	0	0	0	0	0	0	0
37011224a3b21a6806e458e9bea7c2ca	0	0	99	0	0	13	0	0	0	0	0	0	0	0
3af83177546326ef201242d3c93bce08	0	0	91	0	0	21	0	0	0	0	0	0	0	0
a1fbea67b60606374dce243827eab0ec	0	0	84	0	0	0	0	28	0	0	0	0	0	0
657bd42b1916646c4c0e3d30359f4305	0	0	82	0	0	14	16	0	0	0	0	0	0	0
38c4d91db897c4a67e987f1681989f09	0	0	0	112	0	0	0	0	0	0	0	0	0	0
6689966b1ba52cf3c8fd12a24c05b939	0	0	0	112	0	0	0	0	0	0	0	0	0	0
844f4e6a5eda7571ef491d010ded4e78	0	0	0	112	0	0	0	0	0	0	0	0	0	0
97e9a5fc197c6b47164c366e4bf653eb	0	0	0	112	0	0	0	0	0	0	0	0	0	0
1374da8934635889565c2373775add70	0	0	0	0	112	0	0	0	0	0	0	0	0	0
ebb8f910de5a300b5d491819f163b1d7	0	0	0	0	0	112	0	0	0	0	0	0	0	0
6a205e87463a95948169a10c7633e52e	0	0	0	0	0	0	0	0	112	0	0	0	0	0
e7c8d60d82060551ed299f0a20568ba6	0	0	0	0	0	0	0	0	0	0	0	112	0	0
2ca2e71bb9f74a1abc6871f915d355a3	0	0	0	0	0	0	0	0	0	0	0	0	112	0
c906bf744e54470639772cc859ab1ced	0	111	0	0	0	0	0	0	0	0	0	0	0	0
ff0ce6287192e9b71d07c2d0e02d9001	0	111	0	0	0	0	0	0	0	0	0	0	0	0
ce9ceaf0f1dc4c47c7184ea962967b77	0	111	0	0	0	0	0	0	0	0	0	0	0	0
9ef2067778897def00b89952ae7681ff	0	89	0	0	0	12	10	0	0	0	0	0	0	0
20f0ba71a24aecbcba245bd3397c314c	0	73	18	0	0	14	6	0	0	0	0	0	0	0
1d3bd507fb5efb34daeb61541bb878c4	0	39	40	32	0	0	0	0	0	0	0	0	0	0
e5f13119453b66fe1dff1c74e45ac536	0	15	59	0	0	19	18	0	0	0	0	0	0	0
3fbd17e0f920f1c6e3cabb42c28b95ae	0	0	111	0	0	0	0	0	0	0	0	0	0	0
5f55e5c6fb560937f2f1a429545813c5	0	0	47	0	0	25	39	0	0	0	0	0	0	0
2c84011a1adcf7fdaaddd1f3a1f50c7f	0	0	0	111	0	0	0	0	0	0	0	0	0	0
b485f1d796ce22b86307da1f05515921	0	0	0	111	0	0	0	0	0	0	0	0	0	0
8feed1745379e0b5c4de46f6a1eed8c8	0	0	0	0	111	0	0	0	0	0	0	0	0	0
7da3cd3e56df51dc9a15db3743c04b9e	0	0	0	0	111	0	0	0	0	0	0	0	0	0
11d26da82904522d8e5129628bb166b7	0	0	0	0	111	0	0	0	0	0	0	0	0	0
d063b3a91336ee2e455481a206be3b60	0	0	0	0	0	0	0	0	111	0	0	0	0	0
97c59f485f18e7a99a43bdc56aff34d6	0	0	0	0	0	0	0	0	111	0	0	0	0	0
4e32919fe15321cae2ab6d26df9f65c4	0	0	0	0	0	0	0	0	111	0	0	0	0	0
f21dba0b9f7d4eb3e020730bc9cce425	0	0	0	0	0	0	0	0	0	0	111	0	0	0
764546f379fa12925a896d86a47796d4	0	0	0	0	0	0	0	0	0	0	111	0	0	0
898f03a3d812cf3c7c0f1b2f9c60277a	0	0	0	0	0	0	0	0	0	0	111	0	0	0
d6a38417af252f640d85f12d365570ab	0	110	0	0	0	0	0	0	0	0	0	0	0	0
b5b9c828ad43f9811f708dad95158bf9	0	110	0	0	0	0	0	0	0	0	0	0	0	0
532aa01c2ae50e647255db3969b7bac3	0	110	0	0	0	0	0	0	0	0	0	0	0	0
3098c2a5e5b329443d4ef06fbfc832d2	0	110	0	0	0	0	0	0	0	0	0	0	0	0
350b3cedc9e31fbfb523baf40ad2c56a	0	110	0	0	0	0	0	0	0	0	0	0	0	0
10ef40fd517f1417ea8a773634ec0532	0	110	0	0	0	0	0	0	0	0	0	0	0	0
7d898878f005297d51a0f4ed7e657a03	0	0	87	0	0	0	23	0	0	0	0	0	0	0
e2ad457b0733aa9011fc9a8d442f4c06	0	0	75	0	0	0	35	0	0	0	0	0	0	0
b255d060b0310d2822a53b7fbc987267	0	0	59	0	0	36	15	0	0	0	0	0	0	0
dd8fac2ff967b0e76b7727602a589c99	0	0	50	0	0	33	27	0	0	0	0	0	0	0
48d6eea7ff6aa31203f61cabeb359234	0	0	0	110	0	0	0	0	0	0	0	0	0	0
c898308437ecc2d944d099b275396b0a	0	0	0	110	0	0	0	0	0	0	0	0	0	0
4bf88b796962bce1989f7b1aae7d11fb	0	0	0	110	0	0	0	0	0	0	0	0	0	0
e19bcbd5478dd3914bc014cf990beb41	0	0	0	110	0	0	0	0	0	0	0	0	0	0
0673334a56dddd0f63a06ccb45be896d	0	0	0	110	0	0	0	0	0	0	0	0	0	0
365fc50cfc0259c50a59381aa1ffed04	0	0	0	110	0	0	0	0	0	0	0	0	0	0
558a78a263099562acd9273cf63b021f	0	0	0	0	110	0	0	0	0	0	0	0	0	0
8e855400a3555eade4bea8727eca2ef6	0	0	0	0	110	0	0	0	0	0	0	0	0	0
7ecc9e616dd6c6795ee28f1461a2451b	0	0	0	0	0	0	110	0	0	0	0	0	0	0
57c3a0984cc9e1dca1572fa88b40e37b	0	0	0	0	0	0	0	0	110	0	0	0	0	0
956d4b51d4896c15302cff869396264c	0	0	0	0	0	0	0	0	0	110	0	0	0	0
f710a3a480f50a7f91f437317232e465	0	109	0	0	0	0	0	0	0	0	0	0	0	0
9512376a1e13585a24d21ccc6d00ec7c	0	109	0	0	0	0	0	0	0	0	0	0	0	0
8a22241a2c54afd5ab82c29abaac67e1	0	109	0	0	0	0	0	0	0	0	0	0	0	0
8a8e4910245d8fc9a34155a37b775479	0	109	0	0	0	0	0	0	0	0	0	0	0	0
1c03f98209d42c8cc87ff180887876df	0	48	25	0	0	11	25	0	0	0	0	0	0	0
7013f0a18e28143a1e3908981060302e	0	0	109	0	0	0	0	0	0	0	0	0	0	0
e8d8b1e5b14250e5475d68832f05831c	0	0	0	109	0	0	0	0	0	0	0	0	0	0
95eed1892412b06defaa4c8b081e3126	0	0	0	109	0	0	0	0	0	0	0	0	0	0
1f342a7e07e1642db4d0e2e6f40b9167	0	0	0	0	109	0	0	0	0	0	0	0	0	0
22e7c4a30fc13f71696a59aad167daec	0	0	0	0	109	0	0	0	0	0	0	0	0	0
6c0aaff4371dae0b9d92e97541d8d065	0	0	0	0	109	0	0	0	0	0	0	0	0	0
25dcf9900a350dbf8468d79656c43b7e	0	0	0	0	0	109	0	0	0	0	0	0	0	0
2a23b4b5192e345271ee50279111fc96	0	0	0	0	0	0	0	84	0	0	0	0	0	25
3bec838374a121c91f113ebcbb9a7a39	0	0	0	0	0	0	0	0	109	0	0	0	0	0
6942347e168a04df2f770b903238b367	0	0	0	0	0	0	0	0	0	109	0	0	0	0
88800d8da7d6112d6fb986e67ef4fac4	0	0	0	0	0	0	0	0	0	109	0	0	0	0
342f727675a0dae8d833289456fc5fbe	0	0	0	0	0	0	0	0	0	109	0	0	0	0
c8f62024f6b64305a9868a4b667130c5	0	0	0	0	0	0	0	0	0	0	0	109	0	0
34c8ccf7f34ed6292310d910efed5ca3	0	108	0	0	0	0	0	0	0	0	0	0	0	0
a79b869ab5937bfdb1dd5affd202ceed	0	108	0	0	0	0	0	0	0	0	0	0	0	0
8cf88feef4e9181b6d708b09d7867069	0	82	26	0	0	0	0	0	0	0	0	0	0	0
04b44888b2bf6334c0b311294611a5b4	0	75	33	0	0	0	0	0	0	0	0	0	0	0
34c2e037ca4af86883b16ed1a32c904f	0	0	79	0	0	29	0	0	0	0	0	0	0	0
d608f3eb3ca4ed42e1e941328e8f774c	0	0	0	0	108	0	0	0	0	0	0	0	0	0
95dac0ee5f26af6bd6968d4c92bfde21	0	0	0	0	0	108	0	0	0	0	0	0	0	0
f543b3a920863a4de184962bac0bdda8	0	0	0	0	0	0	0	108	0	0	0	0	0	0
cef26a46c0e86617dd682b9cb1c63a43	0	0	0	0	0	0	0	0	108	0	0	0	0	0
f0e9317bb48ca22c432c5dc276ba011c	0	0	0	0	0	0	0	0	0	0	108	0	0	0
3fb474550713f0fff0b87e6cbd14e94f	0	0	0	0	0	0	0	0	0	0	108	0	0	0
2df820a5bae54cd287de87451a403ee0	0	0	0	0	0	0	0	0	0	0	108	0	0	0
167c846091eca5282e99d5a2df9d0baf	0	0	0	0	0	0	0	0	0	0	108	0	0	0
4733cf53870d0a719b64596efc81f08e	0	0	0	0	0	0	0	0	0	0	0	108	0	0
3c3f24666efcfb8c1efc4b81005710e3	0	0	0	0	0	0	0	0	0	0	0	0	108	0
808267ca7bf35cd11808bbe598462952	0	107	0	0	0	0	0	0	0	0	0	0	0	0
75c329155a5e28a410e196dfe6a1290f	0	107	0	0	0	0	0	0	0	0	0	0	0	0
d4d0961e8e42445eb87c35dc79a555fe	0	87	20	0	0	0	0	0	0	0	0	0	0	0
646033d61246c60cc11a6c9484ff7994	0	74	33	0	0	0	0	0	0	0	0	0	0	0
e939dc0e0434e31615bfce6010af1a7c	0	0	107	0	0	0	0	0	0	0	0	0	0	0
e212b77099164ba193044cf5d92df363	0	0	83	0	0	0	24	0	0	0	0	0	0	0
c8727cb2a87baa68b569d48e97c5cfc5	0	0	71	0	0	21	15	0	0	0	0	0	0	0
f66f06128d7b38fa13b8f207a9762f8a	0	0	66	0	0	29	12	0	0	0	0	0	0	0
af5e677d94ec81bbe067c2a4f64eb566	0	0	0	0	0	0	0	70	0	0	0	0	0	37
9454f7e408855010fac2bfc50add5da7	0	0	0	0	0	0	0	0	0	0	0	107	0	0
d38b33ededc5ce4ecaa92a255f5176c0	0	0	0	0	0	0	0	0	0	0	0	0	107	0
f2e8b495ce3c50fdc6589faf07f2ce98	0	106	0	0	0	0	0	0	0	0	0	0	0	0
d079c48245d1b8c485646ecd7ae604fc	0	106	0	0	0	0	0	0	0	0	0	0	0	0
65f8834a0d926abeaceb8531d58db67f	0	39	67	0	0	0	0	0	0	0	0	0	0	0
35abf2e1e4574e476088be43d666211c	0	0	89	0	0	0	0	17	0	0	0	0	0	0
df4fe56319f62826c1af49801d92b46e	0	0	88	0	0	15	3	0	0	0	0	0	0	0
1e9525d6a6687f35322040e4ef8c6034	0	0	85	0	0	0	21	0	0	0	0	0	0	0
14a756317b2e182d89c8c0e070f851d2	0	0	0	106	0	0	0	0	0	0	0	0	0	0
d9e3b7bf3888dc54ce2048b316b53575	0	0	0	106	0	0	0	0	0	0	0	0	0	0
271dc82abdb0891bbd577d9c8d4fbda6	0	0	0	106	0	0	0	0	0	0	0	0	0	0
29aaae9376a32deae7f6a2d57fb96098	0	0	0	0	106	0	0	0	0	0	0	0	0	0
ffbcc9ea98499e4b2a551203ee66452f	0	0	0	0	106	0	0	0	0	0	0	0	0	0
6b6379fcd2053778ddc493cab85943a6	0	0	0	0	0	0	0	0	0	106	0	0	0	0
9092b4e3cee8e7dfbe461caaeb3ccdee	0	0	0	0	0	0	0	0	0	0	106	0	0	0
00720b81f6d0c3247633d6510eff5aa6	0	105	0	0	0	0	0	0	0	0	0	0	0	0
08db13b3ae9032434599a14bcf6ab93b	0	67	28	0	0	10	0	0	0	0	0	0	0	0
6ab8c619f180e0e0408a2b617cf2ce94	0	12	0	93	0	0	0	0	0	0	0	0	0	0
55ccc7de0a40fc091907d0bf15804b16	0	0	69	0	0	16	20	0	0	0	0	0	0	0
967669b06d239fa76f11e024a4dcf709	0	0	36	0	0	35	34	0	0	0	0	0	0	0
12663d3059901ddbe6ff9087d227a8d6	0	0	12	75	0	0	0	0	0	0	0	0	0	18
2b2b6d6bbe225d8fda31428506743ef6	0	0	0	105	0	0	0	0	0	0	0	0	0	0
b39fce3b1e07be52455ebf597f4197ae	0	0	0	105	0	0	0	0	0	0	0	0	0	0
4211139f08f27686659150b9c4c81c89	0	0	0	105	0	0	0	0	0	0	0	0	0	0
0dcba5386cccb417019bda10f8c7d65f	0	0	0	0	105	0	0	0	0	0	0	0	0	0
329111d94688abf8a574d87c0030c3a2	0	0	0	0	0	0	0	0	105	0	0	0	0	0
2609599b8ec6ef9f947eaa085e1f16ab	0	0	0	0	0	0	0	0	105	0	0	0	0	0
6ef4d90cd4010b9f7bb83f3e5603968f	0	0	0	0	0	0	0	0	0	105	0	0	0	0
eee213e6c7ee96e6bdf638a84ceb0cce	0	0	0	0	0	0	0	0	0	105	0	0	0	0
d1b4cdac2c4db8d559e84a997dbd76d4	0	0	0	0	0	0	0	0	0	0	0	105	0	0
4fa8273aa05164a7018a28dc3ffe1418	0	104	0	0	0	0	0	0	0	0	0	0	0	0
15d8c22fde9fb874c6dc136609860bf7	0	104	0	0	0	0	0	0	0	0	0	0	0	0
50b7b4123b7953ece91088fb6ce6e739	0	104	0	0	0	0	0	0	0	0	0	0	0	0
16bd7081ae77e5609985d35de65910a1	0	104	0	0	0	0	0	0	0	0	0	0	0	0
31ebd1774e26fe8abd0f4da363fe3aff	0	104	0	0	0	0	0	0	0	0	0	0	0	0
f722bcf83ed57c94377f9acce4ee71b4	0	91	13	0	0	0	0	0	0	0	0	0	0	0
69082baf63fda0e66fd134649a343507	0	45	59	0	0	0	0	0	0	0	0	0	0	0
e697d0cc59f72b3b5fe74867707b1b8f	0	38	66	0	0	0	0	0	0	0	0	0	0	0
16dc1856f9527fe657ed4b92f72ffd6b	0	0	88	0	0	4	12	0	0	0	0	0	0	0
e651a3cbb3cf8904d5b681be33f6b89b	0	0	75	0	0	0	29	0	0	0	0	0	0	0
fe2f4a05ee324ad1cfff6bfb859fad1a	0	0	0	104	0	0	0	0	0	0	0	0	0	0
6d02c4911e8b1282dbafd0be0b374df3	0	0	0	0	104	0	0	0	0	0	0	0	0	0
ae60da2ac17804f8d7a86ad7fef4e4f1	0	0	0	0	104	0	0	0	0	0	0	0	0	0
b44e39c811f13821198646b374c56c2c	0	0	0	0	0	0	0	0	104	0	0	0	0	0
1277ffbabaaa7b51c1b4ba7436aef35f	0	0	0	0	0	0	0	0	104	0	0	0	0	0
3969e5ffeefe976788ccb411331e059c	0	0	0	0	0	0	0	0	0	0	0	104	0	0
cac326be61b36736098a7aba428edff0	0	0	0	0	0	0	0	0	0	0	0	0	104	0
f0ae1147c0168e83a791b9d526bfa48d	0	103	0	0	0	0	0	0	0	0	0	0	0	0
88aa9e0cf62eafe9609aa39f8f217540	0	103	0	0	0	0	0	0	0	0	0	0	0	0
ba50661314117898a55f6d0332c2d0d3	0	103	0	0	0	0	0	0	0	0	0	0	0	0
edda90e614e2eac1d94984a4f1378662	0	103	0	0	0	0	0	0	0	0	0	0	0	0
5e3e5c714c01dece1239266550b0ceb5	0	103	0	0	0	0	0	0	0	0	0	0	0	0
969d79e5777ebe3a44b9a124f7206e74	0	26	55	0	0	15	7	0	0	0	0	0	0	0
154b339c2f8c337492b9c513a072a943	0	0	103	0	0	0	0	0	0	0	0	0	0	0
9acbaf74c82e105a7504e2efe86843da	0	0	0	103	0	0	0	0	0	0	0	0	0	0
aeba73861913bd81ee71a1b6b2c32728	0	0	0	103	0	0	0	0	0	0	0	0	0	0
6e754b8c416ea6fc1925f67d5b5b8963	0	0	0	103	0	0	0	0	0	0	0	0	0	0
96245ece282b436c1d5f0a4a4d95cc97	0	0	0	103	0	0	0	0	0	0	0	0	0	0
0cc83064def800b6896ed0a65e7ca37c	0	102	0	0	0	0	0	0	0	0	0	0	0	0
ddcfc9823fb0410bc4e9ef37087a2404	0	102	0	0	0	0	0	0	0	0	0	0	0	0
79b7e4d4f2f18606a72ffa2d91fcdcd5	0	102	0	0	0	0	0	0	0	0	0	0	0	0
c9ff715426576dcd13ac38bf60993693	0	30	72	0	0	0	0	0	0	0	0	0	0	0
3ef1173b5f3d66f540c63960c83c4627	0	11	60	0	0	16	15	0	0	0	0	0	0	0
58c5300cfd28de978c73e75e80fa05cb	0	0	102	0	0	0	0	0	0	0	0	0	0	0
e164bed50aa8d791bd7514dca8cd6c54	0	0	0	102	0	0	0	0	0	0	0	0	0	0
10692479ad88092b4dc0eac38f0f16de	0	0	0	102	0	0	0	0	0	0	0	0	0	0
8034b1a38b4d198d99c46f0843e059bc	0	0	0	102	0	0	0	0	0	0	0	0	0	0
f1263c9b9805f9d06a03ed744d9bb39e	0	0	0	102	0	0	0	0	0	0	0	0	0	0
67950e9aff2c54a0c20fd4c19bd3ae57	0	0	0	102	0	0	0	0	0	0	0	0	0	0
61a21de5e8cb82675a7a6debd16bec1c	0	0	0	0	102	0	0	0	0	0	0	0	0	0
ce150b3e0b58203e7ee9d04ec04808f0	0	0	0	0	102	0	0	0	0	0	0	0	0	0
bb8d95672cb2b095304744361463ac4f	0	0	0	0	102	0	0	0	0	0	0	0	0	0
a9885125540dce8ba8181b4ff226ec41	0	0	0	0	0	102	0	0	0	0	0	0	0	0
8989be6c54118fc8495db9f2f826c628	0	0	0	0	0	102	0	0	0	0	0	0	0	0
7ad9fa0c8e44c706186e9f28ed439dd8	0	0	0	0	0	0	0	0	0	102	0	0	0	0
82f86d5de89845f48418316fdcfba8c6	0	0	0	0	0	0	0	0	0	0	102	0	0	0
128bffe876d6c2f64fc2e0226def613a	0	0	0	0	0	0	0	0	0	0	0	102	0	0
93dc497617e1f1ab454a21bb92c315fe	0	101	0	0	0	0	0	0	0	0	0	0	0	0
1e8154c0ffbf188647b2c9ace91c6efb	0	101	0	0	0	0	0	0	0	0	0	0	0	0
a37cd04a23c4114552683e5ff426164c	0	0	101	0	0	0	0	0	0	0	0	0	0	0
1d76b536c6c9e0cc6a0868d14879c82e	0	0	75	0	0	26	0	0	0	0	0	0	0	0
a895556ad989acb7bd742af6779d68b3	0	0	42	11	0	0	0	0	0	0	0	0	0	48
f0fc3064d0d22918430c964497172e0c	0	0	0	101	0	0	0	0	0	0	0	0	0	0
a6736d5c12879bcd4312fc5003c47b17	0	0	0	101	0	0	0	0	0	0	0	0	0	0
299e719312962bb1e354d27deb714caa	0	0	0	101	0	0	0	0	0	0	0	0	0	0
d0d2aa6a3b174dba2fb63eb32f5ce802	0	0	0	101	0	0	0	0	0	0	0	0	0	0
19f7a0cf9746b009c9db8d0ebb9c53ac	0	0	0	101	0	0	0	0	0	0	0	0	0	0
dfe248981c135db850de2e0151661e06	0	0	0	0	0	0	0	0	101	0	0	0	0	0
9f9d7ddbfb87f2c15cf23df54c878e9a	0	0	0	0	0	0	0	0	101	0	0	0	0	0
345453c43d93c03106dc2a43b3f07fb4	0	0	0	0	0	0	0	0	0	101	0	0	0	0
a365a54d06a0d4f1d088fd113b4a5ad0	0	0	0	0	0	0	0	0	0	101	0	0	0	0
a59245f7371f0006110c1d1b07012ffb	0	0	0	0	0	0	0	0	0	0	0	101	0	0
1f1b017d69662c045d161199eab51549	0	100	0	0	0	0	0	0	0	0	0	0	0	0
3bb418bba09e5e6e7a3a29d1b89abe2a	0	100	0	0	0	0	0	0	0	0	0	0	0	0
1578a02291837e1c6aae2d889b860138	0	19	67	0	0	14	0	0	0	0	0	0	0	0
40893695da03ad39a36eff756da62ca9	0	0	82	0	0	18	0	0	0	0	0	0	0	0
b9572fb3bc2d5ac078e5ac79ee4b21de	0	0	0	100	0	0	0	0	0	0	0	0	0	0
18fbc45f30bf556b62a7f7a950342ede	0	0	0	100	0	0	0	0	0	0	0	0	0	0
d23daac6a89d1d6b04955e3a07a7f283	0	0	0	100	0	0	0	0	0	0	0	0	0	0
009f2485f1cc5c53029429a931f56bf6	0	0	0	100	0	0	0	0	0	0	0	0	0	0
ed8a0020e82e2097dba6377b101c47a4	0	0	0	0	0	100	0	0	0	0	0	0	0	0
7c958851b17e9c461bc4bd2d2cfcbbfc	0	0	0	0	0	0	0	0	100	0	0	0	0	0
4585d11f27f03ed1945d04c360706ed3	0	0	0	0	0	0	0	0	0	100	0	0	0	0
de04e42ba39e7d29a2592a99774916f4	0	0	0	0	0	0	0	0	0	100	0	0	0	0
ad1820c7187cd6ee557749763a34e968	0	0	0	0	0	0	0	0	0	0	0	100	0	0
fc971175fe4f7f84aa2b7c03a363140a	0	0	0	0	0	0	0	0	0	0	0	0	100	0
7056f4e0f6b3f56313e1cad03e6bfc7c	0	99	0	0	0	0	0	0	0	0	0	0	0	0
3f00209c17763d25c5cae924dfcbf795	0	99	0	0	0	0	0	0	0	0	0	0	0	0
883f8a43a12c26e9f70d26f8b22c0f5d	0	99	0	0	0	0	0	0	0	0	0	0	0	0
9a03a25d289722004b804556c9eb4f74	0	99	0	0	0	0	0	0	0	0	0	0	0	0
65eb57aa1d491c63eb74f7984dfd0704	0	40	59	0	0	0	0	0	0	0	0	0	0	0
192f4d00d543d7d658c1c5e84d6f8687	0	18	47	0	0	34	0	0	0	0	0	0	0	0
b7b3c8e0bca8edc1666a461e9d39e217	0	0	84	0	0	15	0	0	0	0	0	0	0	0
058ff56fdbb50964ba4c68539b872eaf	0	0	60	0	0	25	14	0	0	0	0	0	0	0
99a6f86c92b4bf2c1f449c60b53f484c	0	0	0	99	0	0	0	0	0	0	0	0	0	0
2f705fe30d04be07a7492a01a34eb68b	0	0	0	99	0	0	0	0	0	0	0	0	0	0
8a6826b98afaa5712f589ae3d1952881	0	0	0	99	0	0	0	0	0	0	0	0	0	0
5b93a1c0a6d2562054c18586884fddea	0	0	0	99	0	0	0	0	0	0	0	0	0	0
799fc91be17d2392c0155bf6a4e50780	0	0	0	0	99	0	0	0	0	0	0	0	0	0
965422109f005e4b0302bce99fed4c6d	0	0	0	0	0	0	0	0	99	0	0	0	0	0
a059ad3a9a5adad0693a9d4c5040e502	0	0	0	0	0	0	0	0	0	0	99	0	0	0
24518e145efc794ea4292f87c1e493c8	0	0	0	0	0	0	0	0	0	0	99	0	0	0
b4e8ceed72a2d698d492ab686ec1a890	0	0	0	0	0	0	0	0	0	0	0	99	0	0
463b40b93480818fb65d79f39449a462	0	0	0	0	0	0	0	0	0	0	0	0	99	0
3c7e37f4083b0b16aa9124dad86730c7	0	0	0	0	0	0	0	0	0	0	0	0	99	0
c8697e6267c1a2d0fbd5b26f109bb9a7	0	98	0	0	0	0	0	0	0	0	0	0	0	0
9578df2a7e785064e879429b79f43f01	0	98	0	0	0	0	0	0	0	0	0	0	0	0
2c456c6eb198e5f99d1d75e0b1729bdb	0	98	0	0	0	0	0	0	0	0	0	0	0	0
2188552a51bef4bcd100e4b9e6a17e31	0	98	0	0	0	0	0	0	0	0	0	0	0	0
e7ad33f0c0a3b5742aa6408f284174b5	0	69	29	0	0	0	0	0	0	0	0	0	0	0
050c60e37edbabca557d6a099fb08ec8	0	46	0	0	0	0	0	52	0	0	0	0	0	0
e9e8a887dd05dbae2bf779104e0ec7c7	0	10	65	0	0	8	15	0	0	0	0	0	0	0
27357dd71743cfb6f2c5f3a4a744dc30	0	0	98	0	0	0	0	0	0	0	0	0	0	0
2cf4b8aaaff08744612b960e108f7d6b	0	0	87	0	0	0	11	0	0	0	0	0	0	0
f94532b2ef077d730c0ed3c791206462	0	0	73	0	0	11	14	0	0	0	0	0	0	0
f5a956a0e3dc408247cece2af7942f3c	0	0	73	0	0	9	16	0	0	0	0	0	0	0
457183f6d1fd8d670cc5d48d28b9ae29	0	0	70	0	0	19	9	0	0	0	0	0	0	0
bb3651ca4b62a42559797f62951e192f	0	0	47	0	0	30	7	0	0	0	0	0	0	14
3c13eca4ba8984c352822b656796c0f7	0	0	0	98	0	0	0	0	0	0	0	0	0	0
12fdbda7924173d29c90deab5f5c9099	0	0	0	98	0	0	0	0	0	0	0	0	0	0
5bb1aa12fa432a6410eace860ed8ab6c	0	0	0	98	0	0	0	0	0	0	0	0	0	0
775881ea0ad42a84bbd95d328ca7fff9	0	0	0	98	0	0	0	0	0	0	0	0	0	0
8944871f7c4fbcf63cac1c297db8408c	0	0	0	98	0	0	0	0	0	0	0	0	0	0
971fd070b4c25c4c2d32c6ac2f7fa828	0	0	0	98	0	0	0	0	0	0	0	0	0	0
302c48fde8074487649a34f905edcee1	0	0	0	98	0	0	0	0	0	0	0	0	0	0
0bc304276f857f0214aa0418c92c7c92	0	0	0	0	98	0	0	0	0	0	0	0	0	0
8a6fd4e84eaad63321d186cb08acb17f	0	0	0	0	0	98	0	0	0	0	0	0	0	0
7c7adabab3caf01d69ddc4db0e5705b7	0	0	0	0	0	0	98	0	0	0	0	0	0	0
32a774df190b2874f9dbda49ac79ed68	0	0	0	0	0	0	0	0	98	0	0	0	0	0
09dbfb9d21e030620d1c37e259633d97	0	0	0	0	0	0	0	0	98	0	0	0	0	0
63b31bbe24f94448667e4f0fa1928f01	0	0	0	0	0	0	0	0	0	98	0	0	0	0
d3c05364dd7e25634091a01099051e2d	0	0	0	0	0	0	0	0	0	0	98	0	0	0
021d2f09eef13c87ec8157dfd6880133	0	0	0	0	0	0	0	0	0	0	98	0	0	0
f050befa4a602eefdbfb02591a8520ad	0	0	0	0	0	0	0	0	0	0	0	0	98	0
1f7368ceb7dc2a6479f2b5531cfee355	0	97	0	0	0	0	0	0	0	0	0	0	0	0
91c283f6cb3df32ee9cba0fb40e1bbc4	0	97	0	0	0	0	0	0	0	0	0	0	0	0
3acccd5db9ccbc6fb706de2c7afac246	0	97	0	0	0	0	0	0	0	0	0	0	0	0
63c8e34374cef18cb81336fa081f64e9	0	67	14	0	0	16	0	0	0	0	0	0	0	0
8a1b6cfdc152dd8daaf0234b573cb037	0	25	72	0	0	0	0	0	0	0	0	0	0	0
09c86a39de577172813f6325f5161826	0	0	93	0	0	4	0	0	0	0	0	0	0	0
75934a81c8a99dfd515a36f1b1796ebb	0	0	78	0	0	14	5	0	0	0	0	0	0	0
3406ab541c3a7468b92c092929e3fdcf	0	0	68	0	0	26	3	0	0	0	0	0	0	0
bf2e0f4611a742ef90ffe0412f49ef37	0	0	67	0	0	22	8	0	0	0	0	0	0	0
6551fea80669ae9f7b90b7b328042347	0	0	12	85	0	0	0	0	0	0	0	0	0	0
03d9730905fa23065f0b79562d974205	0	0	0	97	0	0	0	0	0	0	0	0	0	0
2be2f8f81b65d59bc8d9e4003a66e0ea	0	0	0	97	0	0	0	0	0	0	0	0	0	0
bc623dc145049553996ba7c16e26a034	0	0	0	97	0	0	0	0	0	0	0	0	0	0
791d1ae5d2404b6447e6344b40e1fff1	0	0	0	0	97	0	0	0	0	0	0	0	0	0
65833eeab9f2f34c26b2dc81f3e3e56a	0	0	0	0	0	97	0	0	0	0	0	0	0	0
c8900fb06a9e281fe31f8b195661299d	0	0	0	0	0	0	0	0	0	97	0	0	0	0
3e507c61c2a405d9d86a779c42d248a5	0	0	0	0	0	0	0	0	0	97	0	0	0	0
082c8240e5586945d55d5d87e2f82780	0	0	0	0	0	0	0	0	0	97	0	0	0	0
f643c8d4fc231b2a3d1b5d21cf0910b6	0	0	0	0	0	0	0	0	0	97	0	0	0	0
1b20e0db9f672e7da711512bd6cc050a	0	0	0	0	0	0	0	0	0	0	0	97	0	0
e4221effa62031f63253788fc1a9bbcd	0	0	0	0	0	0	0	0	0	0	0	0	97	0
4115f1372ad9b69a434d8dcbb572651f	0	0	0	0	0	0	0	0	0	0	0	0	0	97
7a583a3ec969d14e87f90b27adfa42ae	0	96	0	0	0	0	0	0	0	0	0	0	0	0
4782d980aee91e80615050cdeb4eb553	0	81	0	0	0	15	0	0	0	0	0	0	0	0
e97601cc7d21a8db02ecac909ad34d40	0	49	31	0	0	0	16	0	0	0	0	0	0	0
e52daed68965849395c65c11fedd18d2	0	30	51	0	0	11	4	0	0	0	0	0	0	0
6cc1ed59716e6997ffdb7dbe8298883e	0	0	89	0	0	7	0	0	0	0	0	0	0	0
925dacce09493365eea3b112c7c27475	0	0	61	0	0	35	0	0	0	0	0	0	0	0
46f6b42cbca5760e9e4d2c3d7a63cc59	0	0	59	0	0	37	0	0	0	0	0	0	0	0
dda7b518d848df069d89318544b276f1	0	0	0	96	0	0	0	0	0	0	0	0	0	0
f766bb7415e967c18ab62950f9770784	0	0	0	96	0	0	0	0	0	0	0	0	0	0
92e3448890fc00356cf87f296e5429ee	0	0	0	0	96	0	0	0	0	0	0	0	0	0
cc01034f8b1d5292460bbfccba587ba9	0	0	0	0	96	0	0	0	0	0	0	0	0	0
b1c1db5555967ad6b298cb6dde58b447	0	0	0	0	0	0	0	96	0	0	0	0	0	0
0458da76a760a26a8f74ed93e93a01a9	0	0	0	0	0	0	0	96	0	0	0	0	0	0
6755128a473b0ffe4b60b7b21f45e053	0	0	0	0	0	0	0	0	96	0	0	0	0	0
9f80c94aa7ed97a28677b399cb792f45	0	0	0	0	0	0	0	0	0	96	0	0	0	0
561f80d414fd7ed67cbba2db3e51f0e1	0	0	0	0	0	0	0	0	0	0	0	0	96	0
ae71c2be613387b04672d305887eeba0	0	0	0	0	0	0	0	0	0	0	0	0	96	0
410fedda9f66978c6c4d3e5bea120497	0	95	0	0	0	0	0	0	0	0	0	0	0	0
96e61547ee7307661db7768e18be67bc	0	14	81	0	0	0	0	0	0	0	0	0	0	0
6190e247cb8b910d056fdf518346fd1c	0	0	75	0	0	0	20	0	0	0	0	0	0	0
627f48522d7e643eeb433d1e212c41e3	0	0	72	0	0	23	0	0	0	0	0	0	0	0
dcff64d90ba66fae357527f01534abf2	0	0	71	0	0	12	12	0	0	0	0	0	0	0
f139e6835f66bbba97acd1ddd5c8271b	0	0	70	0	0	21	4	0	0	0	0	0	0	0
47c6dd71524201842d094e0963d57fdd	0	0	69	0	0	26	0	0	0	0	0	0	0	0
d9f6639dd141ca556652a796dc847d2b	0	0	44	0	0	40	11	0	0	0	0	0	0	0
f898160d2d8a3efcbdea0bb0b0e2284b	0	0	0	95	0	0	0	0	0	0	0	0	0	0
458ddda2add7013d5b591ad49012e3fa	0	0	0	95	0	0	0	0	0	0	0	0	0	0
fec89143e0aee8e8b5a09632f740fdc0	0	0	0	95	0	0	0	0	0	0	0	0	0	0
8a53739b44d3e4942ec32e077016fe6d	0	0	0	95	0	0	0	0	0	0	0	0	0	0
9ecb1bbfccabe9d6a1790e5c35a6957d	0	0	0	95	0	0	0	0	0	0	0	0	0	0
b6952538bbadd03eda560f27a177ec58	0	0	0	0	95	0	0	0	0	0	0	0	0	0
3440d7a48b3815a90787544e1a94e711	0	0	0	0	0	0	95	0	0	0	0	0	0	0
75d38b125b1a03e1a7e746a1cfeac645	0	0	0	0	0	0	0	0	95	0	0	0	0	0
73ee3d24b19c4465414132e895214f69	0	0	0	0	0	0	0	0	95	0	0	0	0	0
69d9b950baf3257955b6f9699b835495	0	0	0	0	0	0	0	0	0	95	0	0	0	0
9d63c024a360034bde9c52ccb182ade1	0	0	0	0	0	0	0	0	0	95	0	0	0	0
a12dfc54600ba00d75205534468a79b9	0	0	0	0	0	0	0	0	0	95	0	0	0	0
e06e0251b4103af407ae85c59b4317f3	0	0	0	0	0	0	0	0	0	0	0	95	0	0
d425a103273dbd56a370837bcb9d9707	0	0	0	0	0	0	0	0	0	0	0	95	0	0
712af5c8129813ef57d9c7223332f580	0	0	0	0	0	0	0	0	0	0	0	0	95	0
9ea566be3583e06de2ef1b2ff8743886	0	0	0	0	0	0	0	0	0	0	0	0	95	0
e1207d5cc4226b2e95ea0105e745d57a	0	0	0	0	0	0	0	0	0	0	0	0	0	95
990fcbaf1d6706cc0ef19d4016626397	0	94	0	0	0	0	0	0	0	0	0	0	0	0
86b2c397854d04e10e4068b51b433900	0	94	0	0	0	0	0	0	0	0	0	0	0	0
4ab834ccf704e97bb39623d35f3ebdbd	0	94	0	0	0	0	0	0	0	0	0	0	0	0
283ca42079bd1b3bfab3786fada8b74d	0	94	0	0	0	0	0	0	0	0	0	0	0	0
92b9c70cf3c97496d6f2707d4066a503	0	0	94	0	0	0	0	0	0	0	0	0	0	0
7eb9cc0dead1d62d29c5d5e125885187	0	0	75	0	0	0	19	0	0	0	0	0	0	0
b9bfd75211c4b65630f08b2927420cb4	0	0	65	0	0	29	0	0	0	0	0	0	0	0
8143955b1f5233c37f935937c01748b7	0	0	0	94	0	0	0	0	0	0	0	0	0	0
ddc61471a766ea7463f55b7c73267d1f	0	0	0	84	0	0	0	0	0	0	0	0	0	10
16b946c2c5bb8f0d31e9273536cd6bb7	0	0	0	0	0	94	0	0	0	0	0	0	0	0
0b3f367062085ac21b7403e426b8a124	0	0	0	0	0	0	94	0	0	0	0	0	0	0
755c2446ebeb976ba777fb4a291b3937	0	0	0	0	0	0	0	0	0	94	0	0	0	0
0725e3c4f19677bfc8b6f3a5c5871d67	0	0	0	0	0	0	0	0	0	0	94	0	0	0
590e8068c109b93bd1b340f667c01811	0	0	0	0	0	0	0	0	0	0	0	94	0	0
b52a9159dba49aa825964d9e9dcb9fdc	0	0	0	0	0	0	0	0	0	0	0	0	94	0
39abe161014328892c0a6871f284a7a2	0	75	8	0	0	0	0	0	0	0	0	0	0	10
74a33a940ed128f87e4c88697fb5a982	0	71	22	0	0	0	0	0	0	0	0	0	0	0
30067d2ea903fb4c8e90d5f786b31cb2	0	42	51	0	0	0	0	0	0	0	0	0	0	0
ae13aeb189d24040b6ade673b3840e25	0	0	93	0	0	0	0	0	0	0	0	0	0	0
778a2daea676497506e5858273ed915f	0	0	93	0	0	0	0	0	0	0	0	0	0	0
8c41c9afb6dce6198ad7a89676e5791e	0	0	73	0	0	12	8	0	0	0	0	0	0	0
3a0a87043c322a83e0dfe1cbc422f0e3	0	0	68	0	0	25	0	0	0	0	0	0	0	0
dedd60550f2bdd5d2ad8284e30c773e4	0	0	57	0	0	29	7	0	0	0	0	0	0	0
ca2ed690718bff89a8060a947e93b85a	0	0	0	93	0	0	0	0	0	0	0	0	0	0
241b937bfa2dcceffdc4cced2d569365	0	0	0	93	0	0	0	0	0	0	0	0	0	0
525d01c04f6d37bedf8998c37f179aed	0	0	0	93	0	0	0	0	0	0	0	0	0	0
f7ebd2382bc08afa42d0d8e822124ce0	0	0	0	93	0	0	0	0	0	0	0	0	0	0
7b8fecde5a423265c1cc9ee7e389d80c	0	0	0	93	0	0	0	0	0	0	0	0	0	0
318798f92901e49db582b412d35f2edf	0	0	0	0	93	0	0	0	0	0	0	0	0	0
0607eac8967a6fb13ba018c359b59c2f	0	0	0	0	93	0	0	0	0	0	0	0	0	0
b374bf595ab82c7ca5355371d83f8338	0	0	0	0	0	93	0	0	0	0	0	0	0	0
a04b3c047c82fcf2fb3622525a7b1f83	0	0	0	0	0	0	93	0	0	0	0	0	0	0
263d2d3f94e10d8f81f6f88726f2b57f	0	0	0	0	0	0	0	0	93	0	0	0	0	0
640f24723fe65beb187ac34008871787	0	0	0	0	0	0	0	0	93	0	0	0	0	0
e3fe21db790c5472dd0866e0e91eedd9	0	0	0	0	0	0	0	0	93	0	0	0	0	0
019ca7be649689eac09ff33b147e79a6	0	0	0	0	0	0	0	0	0	93	0	0	0	0
9ad39e9511ae1446d2721493139eb0a1	0	0	0	0	0	0	0	0	0	93	0	0	0	0
f1fde0f9297bd0e5d2910f9ff82d1f47	0	0	0	0	0	0	0	0	0	0	93	0	0	0
be2414a22edf81b86fe802cafd607fdf	0	0	0	0	0	0	0	0	0	0	0	93	0	0
4bf5d4c761337b55babf98616df99d0a	0	0	0	0	0	0	0	0	0	0	0	93	0	0
9691b0dabe3cd24c030440128999c559	0	52	28	0	0	8	4	0	0	0	0	0	0	0
89932000d36f4c9966aa847c2a28dc87	0	44	48	0	0	0	0	0	0	0	0	0	0	0
512cd27232627570c1ec53e005ae229d	0	27	27	0	0	20	18	0	0	0	0	0	0	0
63097cdf72adc7ca5ce7b1ace4927edd	0	0	92	0	0	0	0	0	0	0	0	0	0	0
c2be9516c7e49056a76569d9fae3d414	0	0	92	0	0	0	0	0	0	0	0	0	0	0
18ddb9c8bf78d651e0f91e7ff74d47f1	0	0	79	0	0	13	0	0	0	0	0	0	0	0
27bd30d993c0b4e28210e9d476a17ca3	0	0	0	92	0	0	0	0	0	0	0	0	0	0
aca23a3292d4cba9255c5a8f758ab506	0	0	0	92	0	0	0	0	0	0	0	0	0	0
4924cc0e6aca58d2b6323d0cc24569cc	0	0	0	92	0	0	0	0	0	0	0	0	0	0
80037e0e0759c8b8f77457d70c21c098	0	0	0	0	92	0	0	0	0	0	0	0	0	0
b19f8eb1eeccf72ee77ee5e222c8341f	0	0	0	0	0	0	0	0	0	92	0	0	0	0
de9db691ec26b7e38b071106f13630e3	0	0	0	0	0	0	0	0	0	0	92	0	0	0
e041bb49c6786af2c0a19a2f5a4273d1	0	0	0	0	0	0	0	0	0	0	0	92	0	0
585536ce46257c92b9fe1cbafbb43e4a	0	0	0	0	0	0	0	0	0	0	0	92	0	0
df7dd2db76b1c4eebb13b13a0dd741c6	0	0	0	0	0	0	0	0	0	0	0	0	92	0
c67d0d5e72d22ab1e7d81dd4579d0726	0	91	0	0	0	0	0	0	0	0	0	0	0	0
baa9defd1df74ac49922f80edf541b8c	0	91	0	0	0	0	0	0	0	0	0	0	0	0
0a091191e3467ec511d1a2122898ea32	0	91	0	0	0	0	0	0	0	0	0	0	0	0
c4e4c7f89648ca9433237bffffc00911	0	91	0	0	0	0	0	0	0	0	0	0	0	0
4595c08ea4d5065cdb90959f63cdd291	0	91	0	0	0	0	0	0	0	0	0	0	0	0
6e12f1f7cf0d81bb45deace8be05f0dd	0	91	0	0	0	0	0	0	0	0	0	0	0	0
61e9222f7c34951d87bdc872c64da762	0	69	0	0	0	11	11	0	0	0	0	0	0	0
70031a920cac8ac81f8e0c35dc5c6dba	0	24	67	0	0	0	0	0	0	0	0	0	0	0
61e2dc05ec4c1056ef87539c3ab39075	0	0	91	0	0	0	0	0	0	0	0	0	0	0
e2b9e8970d950f824c94aa6a9bc39777	0	0	91	0	0	0	0	0	0	0	0	0	0	0
9dd40ef4cddf5aed91686988fcf2e64b	0	0	53	0	0	0	38	0	0	0	0	0	0	0
21102033e6b83ca6fc56008afd3cde09	0	0	0	91	0	0	0	0	0	0	0	0	0	0
cecf233c4c7ed5c4eb087e315011c4af	0	0	0	91	0	0	0	0	0	0	0	0	0	0
42c2cc3a59ec17ec2fa335268b0f7a90	0	0	0	0	91	0	0	0	0	0	0	0	0	0
3ba70729d88e3ea034f24dd142a83d0a	0	0	0	0	0	91	0	0	0	0	0	0	0	0
1d7c0691b94d99f8d076ab1d8ecbfe0f	0	0	0	0	0	0	0	0	91	0	0	0	0	0
e8d4d215bc329d1032d28407d5616395	0	0	0	0	0	0	0	0	91	0	0	0	0	0
d5dd8eb96d9219d9daf5cdde412eb7b8	0	0	0	0	0	0	0	0	91	0	0	0	0	0
facd0da489b1832bd3104520fc327d97	0	0	0	0	0	0	0	0	0	91	0	0	0	0
115daed3ea4d96579da0f73cd5997c35	0	0	0	0	0	0	0	0	0	0	0	91	0	0
f6e9df113305d4ebaf37bdd8119a384b	0	0	0	0	0	0	0	0	0	0	0	91	0	0
064ab84374595139812005859d3c57d5	0	0	0	0	0	0	0	0	0	0	0	91	0	0
9cf65adcd91710f9902b732a7533bdcb	0	0	0	0	0	0	0	0	0	0	0	0	91	0
c0cc180bdd820b58f231bc3713265b0f	0	90	0	0	0	0	0	0	0	0	0	0	0	0
cb4e78c0e716047dc8f94c75b644a9b8	0	90	0	0	0	0	0	0	0	0	0	0	0	0
80802a134399e52d5d2bfe245464e98b	0	90	0	0	0	0	0	0	0	0	0	0	0	0
95abb5abad805fb7810f464743b88630	0	90	0	0	0	0	0	0	0	0	0	0	0	0
eca65815a7bb5dd4793906d2f40dc885	0	90	0	0	0	0	0	0	0	0	0	0	0	0
d9b01940bf40e2ddeb87d97cb6d5e4a3	0	90	0	0	0	0	0	0	0	0	0	0	0	0
a19c6f07c225327fbd1f8d29af0ddc3b	0	59	31	0	0	0	0	0	0	0	0	0	0	0
9a41d29c440fcc4cc154d669b63579fd	0	23	67	0	0	0	0	0	0	0	0	0	0	0
89bae1acc22cbca03d40b6ec652c632f	0	0	90	0	0	0	0	0	0	0	0	0	0	0
375e6ab6ac53c6eaf0d1991f50511330	0	0	75	0	0	10	5	0	0	0	0	0	0	0
9833f3721bf3a9c45d3ca078c48ced1d	0	0	71	0	0	12	7	0	0	0	0	0	0	0
dfb257fabf09336b7a20bd137bb8d0e7	0	0	69	0	0	13	8	0	0	0	0	0	0	0
3ca4d21dd8627a4ca167f11edf32a6e4	0	0	0	90	0	0	0	0	0	0	0	0	0	0
5f9c254f59a5ece25c08d352a791dbd3	0	0	0	90	0	0	0	0	0	0	0	0	0	0
0890489a5f1941a185ff866ba550bd49	0	0	0	90	0	0	0	0	0	0	0	0	0	0
4a7c036656f05b0813d556e95ce0325f	0	0	0	0	0	0	0	0	90	0	0	0	0	0
68855e1096f30cee99995fb2c426a708	0	0	0	0	0	0	0	0	90	0	0	0	0	0
971f6becd7b2361b28e290a2fe39931a	0	0	0	0	0	0	0	0	90	0	0	0	0	0
b73a82aaa09f8a7b0f93b0d7eb8d1307	0	0	0	0	0	0	0	0	0	90	0	0	0	0
2dcd18e6d88f2cdb8c2823e49f07e437	0	0	0	0	0	0	0	0	0	0	90	0	0	0
2fd98d2d4cf6b0f1874d0af24c42663b	0	0	0	0	0	0	0	0	0	0	0	90	0	0
0c0f1b23f94f0f8f99c6deb6a1d60440	0	0	0	0	0	0	0	0	0	0	0	90	0	0
eb59735a17c54e5097e1d77d42375b81	0	0	0	0	0	0	0	0	0	0	0	90	0	0
b12b680607647ad4e9ab825eb189ce53	0	0	0	0	0	0	0	0	0	0	0	0	90	0
02ca3f5f752f6d0a9d61f9928f4a4826	0	89	0	0	0	0	0	0	0	0	0	0	0	0
c104f3d0406398916357c4ffaa8e2c62	0	89	0	0	0	0	0	0	0	0	0	0	0	0
711c66a318216fbff7f8e5873321f77f	0	89	0	0	0	0	0	0	0	0	0	0	0	0
4ed6843c6e3ea51612bdb09b720c7a42	0	89	0	0	0	0	0	0	0	0	0	0	0	0
b4c9004e6819b29a44037582837e01e9	0	89	0	0	0	0	0	0	0	0	0	0	0	0
d567b24f4f81a0485686cf02f4b9ddac	0	89	0	0	0	0	0	0	0	0	0	0	0	0
4b294aff248c7f4b13364e2d5ae22034	0	89	0	0	0	0	0	0	0	0	0	0	0	0
8a8aa41f0863f827fb8257c85f690c14	0	89	0	0	0	0	0	0	0	0	0	0	0	0
59c2d7b14e1218c2a3db7c8531da385e	0	89	0	0	0	0	0	0	0	0	0	0	0	0
dfe6b1a9907afad5d763fbb2efa59b78	0	55	34	0	0	0	0	0	0	0	0	0	0	0
a86f2d6da28e199cfa10ac3f5d4c9259	0	0	73	0	0	16	0	0	0	0	0	0	0	0
5506b7d4d514566b45ce66e4c18d880b	0	0	65	0	0	13	11	0	0	0	0	0	0	0
cd6d91a7eff04bc3fbfce18ecac424b8	0	0	51	0	0	22	16	0	0	0	0	0	0	0
d20e7e74b3ec81b56076f2ee2043637c	0	0	0	89	0	0	0	0	0	0	0	0	0	0
d9583070323912cf5ae773a99a9984ab	0	0	0	89	0	0	0	0	0	0	0	0	0	0
4f0d019819008d91334407f05cb627ea	0	0	0	89	0	0	0	0	0	0	0	0	0	0
7fa1edc075c854c7a6b36c75e62e5ace	0	0	0	89	0	0	0	0	0	0	0	0	0	0
a2a18fe231b205c3e20cbadda397d391	0	0	0	0	0	89	0	0	0	0	0	0	0	0
a28b433ef1b61d39e115dc952c3b6f54	0	0	0	0	0	89	0	0	0	0	0	0	0	0
baa2f2ab67a25859d2fd36bdd32796e1	0	0	0	0	0	0	89	0	0	0	0	0	0	0
7259fb86a8aa68d16449f9c97f08ea74	0	0	0	0	0	0	0	0	0	89	0	0	0	0
0e93c5b5daf271a527ec42c1e8385544	0	0	0	0	0	0	0	0	0	0	89	0	0	0
039fd09ead6075cdb7a0e32e97b2c84c	0	0	0	0	0	0	0	0	0	0	0	89	0	0
3d3e77f76b1e79e0ae9f7c3635bd10be	0	88	0	0	0	0	0	0	0	0	0	0	0	0
674a5fa448652b585bb068a595ec4c37	0	41	47	0	0	0	0	0	0	0	0	0	0	0
12946e5c94e098886116c4bed966e9fa	0	0	88	0	0	0	0	0	0	0	0	0	0	0
98fd349a7b74d9f04ecf6687461573ae	0	0	74	0	0	2	12	0	0	0	0	0	0	0
57461e6221afa1e4a2280db942fb35ec	0	0	74	0	0	8	6	0	0	0	0	0	0	0
0841bd9d308f366a26e839255404a826	0	0	70	0	0	11	7	0	0	0	0	0	0	0
28891eadbbd9787fc68063437ffbb9c7	0	0	54	0	0	25	9	0	0	0	0	0	0	0
4bc4a8c9a8693552fa9749e8962ed4f8	0	0	46	0	0	31	11	0	0	0	0	0	0	0
a6aac0b5a8e6d74d78ca80f5f387507e	0	0	44	0	0	44	0	0	0	0	0	0	0	0
44e3b3844d9be946aa5ce17c2be9e57d	0	0	40	0	0	0	0	48	0	0	0	0	0	0
425327cb0cefe4a66525aa544c3e23ea	0	0	0	88	0	0	0	0	0	0	0	0	0	0
9d2573855e37d87de85a51036d715cde	0	0	0	88	0	0	0	0	0	0	0	0	0	0
5e270c46e197b9ac7ec71dc4b1fc56de	0	0	0	88	0	0	0	0	0	0	0	0	0	0
a12b24bf4b8a2c2c1ffd73989aca4a25	0	0	0	0	88	0	0	0	0	0	0	0	0	0
6af56cce54f354424d1f8dfbad0f9cc5	0	0	0	0	0	88	0	0	0	0	0	0	0	0
2db5880b4746a12b4217a0c90e8b5e84	0	0	0	0	0	0	88	0	0	0	0	0	0	0
7091ca9b91791c77c5ec334ac70c59f2	0	0	0	0	0	0	0	0	88	0	0	0	0	0
ddf129588816fd5958f061d70bf9fd9e	0	0	0	0	0	0	0	0	0	0	0	88	0	0
4c9a91670963b96136a77fa658537159	0	0	0	0	0	0	0	0	0	0	0	88	0	0
f33439f9b451c91cce9cf873b5f71ae2	0	0	0	0	0	0	0	0	0	0	0	0	0	88
0b085b2f2d4e67b715c5ac87b266519b	0	87	0	0	0	0	0	0	0	0	0	0	0	0
15b9be5a3d4a33894e7422bdeb1da8eb	0	87	0	0	0	0	0	0	0	0	0	0	0	0
a3174284d71923752996cd1abe5f8417	0	87	0	0	0	0	0	0	0	0	0	0	0	0
b4a2f8750bb82c7d063edff335b1235b	0	87	0	0	0	0	0	0	0	0	0	0	0	0
38fbd1cf117676b6bb5d7a8faa018c77	0	87	0	0	0	0	0	0	0	0	0	0	0	0
8be4ec0c23019fe59037f79de3547968	0	21	43	0	0	14	9	0	0	0	0	0	0	0
76dd538911edd3f9c36da6173e92e030	0	0	83	0	0	0	4	0	0	0	0	0	0	0
283824af3f32c4fa23203800d8a0cdb2	0	0	72	0	0	15	0	0	0	0	0	0	0	0
79e0cedbf61f768e0583cb9f112b790a	0	0	0	87	0	0	0	0	0	0	0	0	0	0
97cd906dfce4fd392109c1ccebfa52fe	0	0	0	87	0	0	0	0	0	0	0	0	0	0
2c99d43b56139c70e33401af44744fa4	0	0	0	0	0	0	0	0	87	0	0	0	0	0
684248fdaf1bc2ec2553ba69e63923c3	0	0	0	0	0	0	0	0	87	0	0	0	0	0
771db2cdc2c65e552c1933cbf0ee728b	0	0	0	0	0	0	0	0	87	0	0	0	0	0
f959e0fc4e75e857f13f919a86259a87	0	0	0	0	0	0	0	0	0	87	0	0	0	0
d1fb8c480d55a471034f02f8c18b9745	0	0	0	0	0	0	0	0	0	87	0	0	0	0
1a061b7e9ea1f939d414020ad9b558b6	0	0	0	0	0	0	0	0	0	87	0	0	0	0
be59b894df0ba5bfbfcd11d8be3bf6a5	0	0	0	0	0	0	0	0	0	87	0	0	0	0
035d3e72aa5f06dfbaa5f28a6f207118	0	0	0	0	0	0	0	0	0	87	0	0	0	0
6fd3829a10e3091c0a1976a899c6902a	0	0	0	0	0	0	0	0	0	87	0	0	0	0
e37d36746f845ac50723966b0c868976	0	0	0	0	0	0	0	0	0	0	0	87	0	0
2bbe9ea05f57196d82e20b3251d4c261	0	0	0	0	0	0	0	0	0	0	0	0	87	0
a8606c246e69d6c48faea7389b1236b8	0	0	0	0	0	0	0	0	0	0	0	0	0	87
f39ef19a2132bb5809d1bfb12fa8c94d	0	86	0	0	0	0	0	0	0	0	0	0	0	0
ee5189571f8c30261aae4d7ac7334bfc	0	86	0	0	0	0	0	0	0	0	0	0	0	0
340740a2caad138d0e588e62d1a216c6	0	75	11	0	0	0	0	0	0	0	0	0	0	0
838bbdff896a929a5f7b785282b9811a	0	48	38	0	0	0	0	0	0	0	0	0	0	0
cc1117f65c5f44ab23166fe1b63d40a7	0	22	55	0	0	9	0	0	0	0	0	0	0	0
623c0a344ccd0437592fcc680d71ab6a	0	13	37	0	0	21	15	0	0	0	0	0	0	0
061b8cd9a22d8fa8ae6482c816b0a491	0	0	86	0	0	0	0	0	0	0	0	0	0	0
8add4391c1df7cbe188e2b98b66c452a	0	0	64	0	0	11	11	0	0	0	0	0	0	0
698abb26dcf6dc8d19022c611be6c938	0	0	0	86	0	0	0	0	0	0	0	0	0	0
159b72bd6a078cc9d2a679dcce4dc8b9	0	0	0	86	0	0	0	0	0	0	0	0	0	0
5d1f3d0ea487d8a668dce7b1f57f1ddc	0	0	0	86	0	0	0	0	0	0	0	0	0	0
4701b11e864f02bb7a1886e21f72d8a3	0	0	0	0	86	0	0	0	0	0	0	0	0	0
35b77981f71865f6b01bc0b6659d49e4	0	0	0	0	86	0	0	0	0	0	0	0	0	0
ff301581f12a482b61addf5ee00e4190	0	0	0	0	0	0	0	0	0	86	0	0	0	0
f456285f984935c1eee8432fba6363de	0	0	0	0	0	0	0	0	0	86	0	0	0	0
ccf7ffc0faf91c69bc847a2a5e0b028a	0	0	0	0	0	0	0	0	0	86	0	0	0	0
82256ae2df17cb8ace7435c30dfcc50f	0	0	0	0	0	0	0	0	0	0	86	0	0	0
8ea2869b64460df1eb0b7eb258c995aa	0	0	0	0	0	0	0	0	0	0	0	0	86	0
3d22f5327213d4cee2dad2b6a67ea603	0	0	0	0	0	0	0	0	0	0	0	0	86	0
9b27da77ffdd095347f99c1c84322c88	0	85	0	0	0	0	0	0	0	0	0	0	0	0
417e1982a224ef0eb2025f8c948b41ce	0	85	0	0	0	0	0	0	0	0	0	0	0	0
ec1b1632b7a33f14b18d3a16b4668e84	0	85	0	0	0	0	0	0	0	0	0	0	0	0
b15256c4ea3c92e1f81d12ea1e7270f5	0	71	14	0	0	0	0	0	0	0	0	0	0	0
f191664c6d0adebb49ce5a6247763ccc	0	43	42	0	0	0	0	0	0	0	0	0	0	0
904c5c15e00660da3e8185a599e6c07b	0	15	70	0	0	0	0	0	0	0	0	0	0	0
193d8a1c85e44d8292b74fb891a51d91	0	0	85	0	0	0	0	0	0	0	0	0	0	0
8a309f511b7b882c677f7590a628fff5	0	0	85	0	0	0	0	0	0	0	0	0	0	0
75bb5a746eee7f3372ff37efaf158c08	0	0	60	0	0	11	14	0	0	0	0	0	0	0
2ac626251ce7a33833daacff723d6378	0	0	0	85	0	0	0	0	0	0	0	0	0	0
4907aff475e23ee5038f7098505af7c2	0	0	0	85	0	0	0	0	0	0	0	0	0	0
e4ecb91ec0cd5580d9a3cbbd5bdeaaa5	0	0	0	0	0	44	41	0	0	0	0	0	0	0
45a0476251699f0ed74209ee1d0e31a9	0	0	0	0	0	0	0	0	85	0	0	0	0	0
3e797c848fa3a2303fd5839a66ea7662	0	0	0	0	0	0	0	0	0	85	0	0	0	0
1aebf08bfd3b9f62f5f30554599273c4	0	0	0	0	0	0	0	0	0	0	0	0	85	0
005ec779da30fe01ba5f686d3f5ff971	0	84	0	0	0	0	0	0	0	0	0	0	0	0
77a8c5dba0aa8b0bb250181aaf039b50	0	84	0	0	0	0	0	0	0	0	0	0	0	0
91b903187833c2de82705f8f88fdf1f8	0	84	0	0	0	0	0	0	0	0	0	0	0	0
39ca5e24d43e3aa555d33758e53caed0	0	84	0	0	0	0	0	0	0	0	0	0	0	0
b916ec62d3ee21dca58a1d556236f074	0	77	7	0	0	0	0	0	0	0	0	0	0	0
c0875b4a7a5dc788f947d98894df9ce9	0	68	16	0	0	0	0	0	0	0	0	0	0	0
18b503ab55eb24c1e596e347ee8f4571	0	54	17	0	0	7	6	0	0	0	0	0	0	0
7c9462759579575a2f82b40a437d7434	0	47	37	0	0	0	0	0	0	0	0	0	0	0
e7942e32a72471ad8cca0d667b715bdd	0	33	51	0	0	0	0	0	0	0	0	0	0	0
53a65a3223dc73f0538b1338be666755	0	30	54	0	0	0	0	0	0	0	0	0	0	0
6898ec9be9b5350a72d38849e5a81911	0	0	84	0	0	0	0	0	0	0	0	0	0	0
ee615497cccbb7e58bc9fccbd10548a0	0	0	84	0	0	0	0	0	0	0	0	0	0	0
0218e32701abf2f4a074171552706ba3	0	0	12	0	0	38	34	0	0	0	0	0	0	0
d08a743a080aad092fa2d9dfd0dec32e	0	0	0	84	0	0	0	0	0	0	0	0	0	0
99af2e4d422e9b36bf0222e8cc1a8815	0	0	0	0	84	0	0	0	0	0	0	0	0	0
3bfe6da5bb2edcd7f1ccfa862b66dd4e	0	0	0	0	84	0	0	0	0	0	0	0	0	0
d0eb58f7a8e1dca504ef7c29820b992f	0	0	0	0	0	0	84	0	0	0	0	0	0	0
daa5410d6c7c804196a94a302b29d680	0	0	0	0	0	0	0	84	0	0	0	0	0	0
6be98e25cd7f87fb02a5ce522fb3152a	0	0	0	0	0	0	0	84	0	0	0	0	0	0
95a70c053ab1884c04b26c7d2418fc95	0	0	0	0	0	0	0	0	84	0	0	0	0	0
a4d98ca36dc66a0161e195b9a625b708	0	0	0	0	0	0	0	0	84	0	0	0	0	0
37ca1f0c81ea92cd4b5fbb5190dfa2ed	0	0	0	0	0	0	0	0	0	0	0	84	0	0
3c3df09c1d533b4aa70fbf57233d5a2f	0	0	0	0	0	0	0	0	0	0	0	0	0	84
91de2c5c25692cdf9a18c41cfc463098	0	0	0	0	0	0	0	0	0	0	0	0	0	84
b96830010e3463eed732caea8f21ed36	0	83	0	0	0	0	0	0	0	0	0	0	0	0
191f6f0b333930fc50503f4b36ac7252	0	83	0	0	0	0	0	0	0	0	0	0	0	0
e5054310f6fe60df824b252c56014968	0	83	0	0	0	0	0	0	0	0	0	0	0	0
7299d86cd0e0cca6b21cb73d45c0e7b4	0	83	0	0	0	0	0	0	0	0	0	0	0	0
8d27e2a42a31ca46e4401ed1552b89cd	0	83	0	0	0	0	0	0	0	0	0	0	0	0
28721fb6229fc2595eb1efffbfb70048	0	78	0	0	0	0	0	0	0	0	0	0	0	5
1c6a8edc2f0da6f2d24bf38a3c2f19c4	0	46	37	0	0	0	0	0	0	0	0	0	0	0
23683aaf57f2e6c9150e670fb3e32216	0	0	83	0	0	0	0	0	0	0	0	0	0	0
642142dcb0aa23d0753364d26e64f701	0	0	83	0	0	0	0	0	0	0	0	0	0	0
b5078be9322b8ec93e6d8e55995d20c6	0	0	83	0	0	0	0	0	0	0	0	0	0	0
5d713edfc688656016c6f20a7ef37ae4	0	0	75	0	0	8	0	0	0	0	0	0	0	0
62839b3150adff5226b4f26dc6298d91	0	0	67	0	0	0	16	0	0	0	0	0	0	0
5274005076f5b207ae38a1ef262d7989	0	0	9	0	0	42	32	0	0	0	0	0	0	0
dd9054f9f6d613b589f6660c2108149a	0	0	0	83	0	0	0	0	0	0	0	0	0	0
35c7901f4c245378790bf209b4c64721	0	0	0	0	0	0	0	0	83	0	0	0	0	0
91483ef973582c20222f1903cc21e628	0	0	0	0	0	0	0	0	83	0	0	0	0	0
52bef4128274488fb91ca4e0b69855e3	0	0	0	0	0	0	0	0	83	0	0	0	0	0
fde13657110f4b6b74464cfe10e4b222	0	0	0	0	0	0	0	0	0	83	0	0	0	0
27a88ec1eb60a403593270ded813266e	0	0	0	0	0	0	0	0	0	83	0	0	0	0
943a4341ec14ff7abd74c6a76cdaebcf	0	0	0	0	0	0	0	0	0	0	83	0	0	0
387a4fc5997ed46c2fc7f075ed6b2b92	0	0	0	0	0	0	0	0	0	0	83	0	0	0
02a40570076d9acb87e41d41a2744fcd	3	0	0	0	0	0	0	0	0	0	0	0	0	79
1cb43385c3e451cf91dbb159561e16b2	0	82	0	0	0	0	0	0	0	0	0	0	0	0
38817cdb71be84bd64e076648ff8579a	0	82	0	0	0	0	0	0	0	0	0	0	0	0
8724ee22b6c569f9953439ff792a143c	0	82	0	0	0	0	0	0	0	0	0	0	0	0
24cbe4cebaae5faceb9489b9d09c5f4b	0	20	51	0	0	0	11	0	0	0	0	0	0	0
764dc6aa509bf73198bfafb4fa12ee97	0	0	82	0	0	0	0	0	0	0	0	0	0	0
b7cf37658ec9061a42b56caaee8957d1	0	0	82	0	0	0	0	0	0	0	0	0	0	0
67c12dde40fb3e20b301265c2c7e8511	0	0	0	82	0	0	0	0	0	0	0	0	0	0
c5656237f9a4318e930e99afb9fb01e4	0	0	0	82	0	0	0	0	0	0	0	0	0	0
4a52e9851427c3fcd598123a5fbae435	0	0	0	0	0	82	0	0	0	0	0	0	0	0
e092fb7713ec25592bf71d4706d3f10d	0	0	0	0	0	0	0	0	0	82	0	0	0	0
1cd9c722c506a285177c57c1f646dbe2	0	0	0	0	0	0	0	0	0	82	0	0	0	0
06684da3727b0728fea3d4395e0243d6	0	0	0	0	0	0	0	0	0	82	0	0	0	0
53b86a2493843842356e90b23ed37800	0	0	0	0	0	0	0	0	0	0	82	0	0	0
099cc9920d95b4cef6a4b60286f0abf9	0	0	0	0	0	0	0	0	0	0	82	0	0	0
37bac70d9ff05bf4608e5a94fabdbbac	0	0	0	0	0	0	0	0	0	0	0	0	82	0
b8e1e441407063d2109f0c72edba9266	0	0	0	0	0	0	0	0	0	0	0	0	0	82
e87ca554c31e1ebe8f03b225619ba168	0	81	0	0	0	0	0	0	0	0	0	0	0	0
360c068586519f2b0edbbcf8e0ec005b	0	81	0	0	0	0	0	0	0	0	0	0	0	0
9c870a4e43f81822b829fb519551573a	0	81	0	0	0	0	0	0	0	0	0	0	0	0
de17a197e247f5ee776f08ff63dfcf6c	0	81	0	0	0	0	0	0	0	0	0	0	0	0
936f0e5e25ceae05a162ee8166f9f03c	0	81	0	0	0	0	0	0	0	0	0	0	0	0
31d3a1beb78495e38309ce13289e8d9f	0	81	0	0	0	0	0	0	0	0	0	0	0	0
93230d7a993007b5e0b125364c00f400	0	81	0	0	0	0	0	0	0	0	0	0	0	0
56eb6c6b87e1111c361c861a5be1e3b9	0	0	43	38	0	0	0	0	0	0	0	0	0	0
48de609db332c6f8108d4a774e05a53e	0	0	28	0	0	25	28	0	0	0	0	0	0	0
57583e6246694f83c504a5aae86fa5a0	0	0	9	0	0	37	35	0	0	0	0	0	0	0
1d5bae28c53ce59899405ee3afc1a2df	0	0	0	81	0	0	0	0	0	0	0	0	0	0
00e826dfb143aa680b9cef564987654c	0	0	0	81	0	0	0	0	0	0	0	0	0	0
92fc3b48460d556cc48d028571cfe090	0	0	0	81	0	0	0	0	0	0	0	0	0	0
1ebf9988b8b10d8b8df2e644d3fe8cf9	0	0	0	81	0	0	0	0	0	0	0	0	0	0
41f98246c2915c34faf3ddebbfe8701f	0	0	0	81	0	0	0	0	0	0	0	0	0	0
6409b6b3e8d1cc375148c0ead67e17a5	0	0	0	81	0	0	0	0	0	0	0	0	0	0
ac798283768a0476f63716d1b124388e	0	0	0	81	0	0	0	0	0	0	0	0	0	0
d960970e4bf9cdf6fd29ccacf9eac27f	0	0	0	81	0	0	0	0	0	0	0	0	0	0
66938a67ae71aab8f4dfca39312705ee	0	0	0	0	81	0	0	0	0	0	0	0	0	0
7097e4a7a271ac4ac4f9730c07c6a2cf	0	0	0	0	81	0	0	0	0	0	0	0	0	0
a39f22b10a3bb88118b5851aaac1eab9	0	0	0	0	0	0	0	0	81	0	0	0	0	0
b1da99a46fd6d8b6cfb38b1af97c1925	0	0	0	0	0	0	0	0	0	0	81	0	0	0
100c21e03192c51374dead0f8bb8faea	0	0	0	0	0	0	0	0	0	0	81	0	0	0
148b4732a3e7a743c7b27d91016882a4	0	0	0	0	0	0	0	0	0	0	0	81	0	0
9d185e598d7011157925523b94d994f6	0	80	0	0	0	0	0	0	0	0	0	0	0	0
ddc68f451fefd97e6f4667d712d76523	0	80	0	0	0	0	0	0	0	0	0	0	0	0
f887bbffbdf1dd20c1ff85fd1cbfd597	0	80	0	0	0	0	0	0	0	0	0	0	0	0
932ee1064893821ffaf3d9556747f673	0	80	0	0	0	0	0	0	0	0	0	0	0	0
bddfed6d02e6287269a15720883e21d6	0	80	0	0	0	0	0	0	0	0	0	0	0	0
6168bb7713b0c664bdaa46ef0b89d451	0	80	0	0	0	0	0	0	0	0	0	0	0	0
ba443f5959c169c72fb05fb236f8e312	0	80	0	0	0	0	0	0	0	0	0	0	0	0
42223391293391db40b8b524900c7bd3	0	80	0	0	0	0	0	0	0	0	0	0	0	0
2ca6b0891c48f9d544f4e74a44cbad88	0	80	0	0	0	0	0	0	0	0	0	0	0	0
cfa52236dfb067897f072b7cb7bb58d5	0	23	33	0	0	24	0	0	0	0	0	0	0	0
6bdca947eb86c01416fdd9d296ee8190	0	17	40	0	0	23	0	0	0	0	0	0	0	0
0f65e5ac633ed9ee7bc0096b6a9f76f3	0	0	80	0	0	0	0	0	0	0	0	0	0	0
e4b563b9b147334b501b638ff37fa110	0	0	80	0	0	0	0	0	0	0	0	0	0	0
a0e1da89b43ebf1a759e2e3f3bbb53dd	0	0	67	0	0	0	13	0	0	0	0	0	0	0
518605df37069acd24c07dbe5fba9566	0	0	64	0	0	16	0	0	0	0	0	0	0	0
36954486a5c905f78968933385c0f498	0	0	62	0	0	18	0	0	0	0	0	0	0	0
c3d2235b26e7354aff0658bd88ff7fa4	0	0	49	0	0	31	0	0	0	0	0	0	0	0
444ae60ef6f2bce5ef763a608aa4e8d7	0	0	0	80	0	0	0	0	0	0	0	0	0	0
14def531e7c8d980e09f7d9a0563c697	0	0	0	61	0	0	0	0	0	0	0	0	0	19
deb0ed902924c6d14915693393f890fe	0	0	0	0	80	0	0	0	0	0	0	0	0	0
370584e052c9ab3aae0664d5fcf054bf	0	0	0	0	0	80	0	0	0	0	0	0	0	0
78ab6e4cfd9f32497d2b0e124eb678a1	0	0	0	0	0	80	0	0	0	0	0	0	0	0
d5c1f0005413b4af9ea8b2e8e235e083	0	0	0	0	0	80	0	0	0	0	0	0	0	0
23956d083f6a786309f68e284bec6c38	0	0	0	0	0	0	80	0	0	0	0	0	0	0
234426e79a9c7af60d3211bcb80468e6	0	0	0	0	0	0	80	0	0	0	0	0	0	0
3a2ef914638c6faff4b08e2adeb29d97	0	0	0	0	0	0	0	0	80	0	0	0	0	0
507b9d205e5db0ea1d9f3a743e74d027	0	0	0	0	0	0	0	0	0	80	0	0	0	0
5f204c341941464a136a604c9a3f4eeb	0	0	0	0	0	0	0	0	0	80	0	0	0	0
0859ebe35b43ab9e0609b238d50e35dc	0	0	0	0	0	0	0	0	0	80	0	0	0	0
5e690cdb2eabca3683780cda75234ac1	0	0	0	0	0	0	0	0	0	0	80	0	0	0
8bab2766402281a25edb5bd0e0bfa3b3	0	0	0	0	0	0	0	0	0	0	80	0	0	0
add713d68061ca2d439df4e6499da76f	0	0	0	0	0	0	0	0	0	0	0	80	0	0
62bb2c6445ff2b0429bf96ae3e1f523e	0	0	0	0	0	0	0	0	0	0	0	80	0	0
d7cbd56752c88c1fe922344d326e5f1a	0	79	0	0	0	0	0	0	0	0	0	0	0	0
ca4c65cfbf7128cd28d93ba6b3440f56	0	79	0	0	0	0	0	0	0	0	0	0	0	0
31b141e90da272a20fca7acd1b31a39a	0	79	0	0	0	0	0	0	0	0	0	0	0	0
847b33014d303ced07e92a80b59e6fa7	0	35	28	0	0	16	0	0	0	0	0	0	0	0
06fad5faa19520ec77f867686c4210f5	0	0	79	0	0	0	0	0	0	0	0	0	0	0
620113cea2f168f0e71a8eb751afa6e7	0	0	79	0	0	0	0	0	0	0	0	0	0	0
150d1dc494849ca33e1ef9aa61ab47b6	0	0	79	0	0	0	0	0	0	0	0	0	0	0
44496ed70fb8ef495adea248145f93b0	0	0	37	0	0	28	14	0	0	0	0	0	0	0
e18afbe02809f58b4effca1c68b975ea	0	0	0	79	0	0	0	0	0	0	0	0	0	0
1d9db1a6427714f9d0a85bc2e2ea4750	0	0	0	79	0	0	0	0	0	0	0	0	0	0
b9106cc77cd35b6683566d073fbd8740	0	0	0	0	79	0	0	0	0	0	0	0	0	0
51b4f01fde5d7dfade85f29a5716fbeb	0	0	0	0	79	0	0	0	0	0	0	0	0	0
744127d639023bc722613c0de6af2348	0	0	0	0	79	0	0	0	0	0	0	0	0	0
b6edcbd08f39d3de2a9266c7536bf029	0	0	0	0	0	14	13	50	0	0	0	0	0	2
8f48a595815cd7208ccf583487956267	0	0	0	0	0	0	79	0	0	0	0	0	0	0
e779aa461c076a3a615e17994a77d7c2	0	0	0	0	0	0	0	0	79	0	0	0	0	0
e665b9c62e397f02032f0d0880c1bf91	0	0	0	0	0	0	0	0	0	79	0	0	0	0
b48ffcabd226fcd7427b9e5950ccbb19	0	0	0	0	0	0	0	0	0	0	79	0	0	0
8a54b262c30ef46c42ac229616b634ca	0	0	0	0	0	0	0	0	0	0	79	0	0	0
d820595c06354e975271a1aeb3760a17	0	0	0	0	0	0	0	0	0	0	79	0	0	0
a13c2f202bcc1d877f34262c0168c8ba	0	0	0	0	0	0	0	0	0	0	79	0	0	0
efbb9dfb8921c5e279f5d58c533891de	0	0	0	0	0	0	0	0	0	0	0	0	0	79
14036ca73cf5f7f223127c8df205e12e	0	78	0	0	0	0	0	0	0	0	0	0	0	0
16e7f44eb2a5ebe511c6ce2ac285d9c0	0	78	0	0	0	0	0	0	0	0	0	0	0	0
80da664646bb1aec9151a6cba1fec7c8	0	78	0	0	0	0	0	0	0	0	0	0	0	0
246b6a0336e8880447282d6a04345980	0	78	0	0	0	0	0	0	0	0	0	0	0	0
c8e4949cf4552ee7269c0f7041a15986	0	78	0	0	0	0	0	0	0	0	0	0	0	0
4f43ac8fa19a118bf006339d53b07bf3	0	78	0	0	0	0	0	0	0	0	0	0	0	0
7acad5f45117144669edcd6a4397c181	0	78	0	0	0	0	0	0	0	0	0	0	0	0
ec7e17d1af84b5b229feee771b92bf8c	0	67	0	0	0	11	0	0	0	0	0	0	0	0
9af18cd2fdc7adcf0a0ddc090407ba6c	0	49	29	0	0	0	0	0	0	0	0	0	0	0
42774fcf340052f9e221b53080e82fbb	0	47	31	0	0	0	0	0	0	0	0	0	0	0
dada2871b352a082b5ea57865b389c68	0	34	35	0	0	0	9	0	0	0	0	0	0	0
202e6aef29b7784538d650e0888b8872	0	30	28	0	0	7	13	0	0	0	0	0	0	0
1b86401f6b7da2c026a143e608f3f79b	0	18	39	0	0	21	0	0	0	0	0	0	0	0
3ff3ef3c6800b70dc0ccbea6138bac1f	0	0	65	0	0	13	0	0	0	0	0	0	0	0
9b98c4c63a6c7c2f344609aad2d7e8b8	0	0	61	0	0	17	0	0	0	0	0	0	0	0
a7e1566988622a6f4624551a2696df92	0	0	60	0	0	18	0	0	0	0	0	0	0	0
91adf7f05fef271d2a14a0d7be80f5a5	0	0	58	0	0	20	0	0	0	0	0	0	0	0
3b2d6a38d7419ae64e68a5dfe6e62b78	0	0	49	0	0	23	6	0	0	0	0	0	0	0
5378df1b69de9f296717d207e262422e	0	0	48	0	0	30	0	0	0	0	0	0	0	0
bbbb4d32e039f5e1509f58024d34f5e2	0	0	12	0	0	53	13	0	0	0	0	0	0	0
416996ff9070f168a248b30961a05382	0	0	0	78	0	0	0	0	0	0	0	0	0	0
7bad84dc0d2674f99f29d3ba72b3cbdd	0	0	0	78	0	0	0	0	0	0	0	0	0	0
8843d5a429c456a441a077fd0a143560	0	0	0	78	0	0	0	0	0	0	0	0	0	0
5815683cd552a5eb9a8d9c9bce27b705	0	0	0	78	0	0	0	0	0	0	0	0	0	0
26166244409199dc8bb729cf5d4277c8	0	0	0	0	78	0	0	0	0	0	0	0	0	0
d71660bf5b7ef3770944a542757145e7	0	0	0	0	78	0	0	0	0	0	0	0	0	0
503e3c163a4fc84870771b9d5e966b8c	0	0	0	0	0	78	0	0	0	0	0	0	0	0
b138d88cd70f07a89252d9a56e1530ce	0	0	0	0	0	0	0	0	78	0	0	0	0	0
08c3f2b32a6e8c8dfb5c2e002fe6fa22	0	0	0	0	0	0	0	0	0	78	0	0	0	0
da46329919fcd4066b64fe1c0655c6a2	0	0	0	0	0	0	0	0	0	78	0	0	0	0
b6207345b656d177a2f74fa82f23197d	0	0	0	0	0	0	0	0	0	78	0	0	0	0
f60a54939a2c7feed3a721307d5eff1e	0	0	0	0	0	0	0	0	0	0	0	0	78	0
6b648d1ba3b024cf483d82951e5c0f75	0	0	0	0	0	0	0	0	0	0	0	0	0	78
3803f802f0989a112e9d1d780b7cd826	0	77	0	0	0	0	0	0	0	0	0	0	0	0
2cf70aca2d74b7edbfc28eeb669b1ef1	0	77	0	0	0	0	0	0	0	0	0	0	0	0
81ad0151deaa0e9a0e11b9c645e9f8ea	0	77	0	0	0	0	0	0	0	0	0	0	0	0
b1b30c0e4039030292c176b711e140de	0	77	0	0	0	0	0	0	0	0	0	0	0	0
0d9472ac9fef8aa0363d32a4df35c163	0	28	49	0	0	0	0	0	0	0	0	0	0	0
35b6e06d76a0ef8bed97a7336a316f6f	0	11	44	3	0	19	0	0	0	0	0	0	0	0
3bea11d08df6ec616b1307c7a64aafe6	0	5	72	0	0	0	0	0	0	0	0	0	0	0
af7b9d3434ca0601b7959618668514ce	0	0	77	0	0	0	0	0	0	0	0	0	0	0
bf56a89ee12f4b5da1057473a3d06e3f	0	0	77	0	0	0	0	0	0	0	0	0	0	0
bb42d14c65831db7bcca4305518273ec	0	0	0	77	0	0	0	0	0	0	0	0	0	0
048f5842b583f8df6992146c9f450b28	0	0	0	77	0	0	0	0	0	0	0	0	0	0
cc4896e27b6bed6a1710cad3e2425dbe	0	0	0	0	0	0	77	0	0	0	0	0	0	0
315e0dec5d617b6a3de37b8ea988860b	0	0	0	0	0	0	0	0	77	0	0	0	0	0
3935c8ef417f284d86dd200d12317c6a	0	0	0	0	0	0	0	0	77	0	0	0	0	0
ce2aba2855cb503d0002995e34ed6915	0	0	0	0	0	0	0	0	0	77	0	0	0	0
e0fd26584a965025f612b63f2d86c45f	0	0	0	0	0	0	0	0	0	0	77	0	0	0
413e8998bbfc2208065f6ab7b109dc71	0	0	0	0	0	0	0	0	0	0	77	0	0	0
8018e9cfb028431908b121eb71f2f108	0	0	0	0	0	0	0	0	0	0	0	77	0	0
2e512284f947456f4ab3e10007cd1bad	0	0	0	0	0	0	0	0	0	0	0	0	77	0
f6eeadfd301a92685b40062102bf0ec3	0	0	0	0	0	0	0	0	0	0	0	0	0	77
d1ad7c75920fa7f52c69a19299fe216b	0	76	0	0	0	0	0	0	0	0	0	0	0	0
8378c84eed94ec287cdf4bedb2edea29	0	76	0	0	0	0	0	0	0	0	0	0	0	0
c4586d63091aa7123172433aee98c7c7	0	76	0	0	0	0	0	0	0	0	0	0	0	0
71d080cfe7220f0c2c8a605ba31a3083	0	76	0	0	0	0	0	0	0	0	0	0	0	0
021249831541261dead0f013d0b20438	0	76	0	0	0	0	0	0	0	0	0	0	0	0
9e55bd0c112c7a000168549e84084033	0	76	0	0	0	0	0	0	0	0	0	0	0	0
4854897a9eb8558b399ef63157e9d663	0	45	19	0	0	0	12	0	0	0	0	0	0	0
26ef6cb6c58aa6c0c8f35dcbf37b5e58	0	40	36	0	0	0	0	0	0	0	0	0	0	0
9e7b5a9b314ad7c92335cddf20aaf714	0	35	33	0	0	0	8	0	0	0	0	0	0	0
8f2c65ab998a1e8efd01a5242ef938c9	0	31	45	0	0	0	0	0	0	0	0	0	0	0
731c8c22770178c64379f7a78d135ed6	0	24	35	0	0	0	17	0	0	0	0	0	0	0
77e1c9cc4e80330bdf3e1c16574bcf1a	0	22	32	0	0	0	0	22	0	0	0	0	0	0
86e17ca809130aacf64513c7398c043e	0	0	76	0	0	0	0	0	0	0	0	0	0	0
76baa41a3d8dfbcd3a3f3120d7f65260	0	0	76	0	0	0	0	0	0	0	0	0	0	0
5f2075ddae0a8cb161eb16a181a9a28c	0	0	67	0	0	9	0	0	0	0	0	0	0	0
aa91975e19a8edcfe2f734bee5d6321b	0	0	0	76	0	0	0	0	0	0	0	0	0	0
3c59acc3f67a09c7ca2b69080393c088	0	0	0	76	0	0	0	0	0	0	0	0	0	0
d300f343e181de78002d3272e84f8ddf	0	0	0	76	0	0	0	0	0	0	0	0	0	0
f280701abcea531dee569231d51fd551	0	0	0	0	76	0	0	0	0	0	0	0	0	0
a531c2e3f8d3bac265c6ad640f111f57	0	0	0	0	0	0	0	0	0	76	0	0	0	0
36ae48e47c310ed121d487fb933a49a7	0	0	0	0	0	0	0	0	0	0	76	0	0	0
8922262535b6f0d8aee3b3caa2b231bd	0	0	0	0	0	0	0	0	0	0	0	76	0	0
79779bb760aaaeb8b4fb7bd392c8b36f	0	0	0	0	0	0	0	0	0	0	0	0	76	0
2de36b3ccc4ed03b8a4738c5f96aeaaa	0	75	0	0	0	0	0	0	0	0	0	0	0	0
946370ac0fbe61b4941cc54cbd83b1fa	0	75	0	0	0	0	0	0	0	0	0	0	0	0
ad199dd18c7b1062ab30d22315a85667	0	75	0	0	0	0	0	0	0	0	0	0	0	0
ace8d1489e1330b4f5388897d95183d8	0	75	0	0	0	0	0	0	0	0	0	0	0	0
14837d717b4c540e89b132f4e742308e	0	75	0	0	0	0	0	0	0	0	0	0	0	0
6b96d7f1835b69fa40bbfd8400d3525e	0	75	0	0	0	0	0	0	0	0	0	0	0	0
0d20fe078c6183c84d5a349dbac75af6	0	75	0	0	0	0	0	0	0	0	0	0	0	0
b7948ac160aa811e6c0ca0f433d58ca4	0	75	0	0	0	0	0	0	0	0	0	0	0	0
30465436299f28186cdc68175b81b82f	0	66	9	0	0	0	0	0	0	0	0	0	0	0
750b1e09d4ff6cf183ed4b2af7123e7a	0	49	0	0	0	0	0	26	0	0	0	0	0	0
8146d08c8143056c913493fd868d2885	0	35	0	0	0	0	0	40	0	0	0	0	0	0
bd6def2c9edcc670d106449ea49225a5	0	31	44	0	0	0	0	0	0	0	0	0	0	0
7b9734f25b0c4a4dc0be0e579b0d359e	0	21	35	0	0	19	0	0	0	0	0	0	0	0
5cb4191b22c7371839d559b36ab0665a	0	0	75	0	0	0	0	0	0	0	0	0	0	0
0d7b49b88adfc11f8337e0917e050ace	0	0	75	0	0	0	0	0	0	0	0	0	0	0
37465ce25cf335a36d860ddd4a812216	0	0	75	0	0	0	0	0	0	0	0	0	0	0
69ebc107907b368e3c75b784ce02b280	0	0	51	0	0	16	8	0	0	0	0	0	0	0
c458d66ecd1638b2688647ccf2f2db8d	0	0	6	0	0	38	31	0	0	0	0	0	0	0
847f96728614586584c1d888f265369d	0	0	0	75	0	0	0	0	0	0	0	0	0	0
09059e306c7ea12bbd57463b36cefc92	0	0	0	75	0	0	0	0	0	0	0	0	0	0
cc8f1d326a8b4d529cf7e7dd1e6eaa02	0	0	0	75	0	0	0	0	0	0	0	0	0	0
ac00ab907eaac3c83e3210c554ef046b	0	0	0	75	0	0	0	0	0	0	0	0	0	0
bbed5054597724e492357ae12ddef958	0	0	0	0	0	75	0	0	0	0	0	0	0	0
9c574594c954e17718ee49109374a704	0	0	0	0	0	75	0	0	0	0	0	0	0	0
d5519b0cd7f7054ea7a57e33e8411191	0	0	0	0	0	0	75	0	0	0	0	0	0	0
206e7e83f5e1f268f493d5efcef60b27	0	0	0	0	0	0	75	0	0	0	0	0	0	0
75b6fa67b4623a6baa68021babec83ba	0	0	0	0	0	0	75	0	0	0	0	0	0	0
ebed1916245ec803ff1999f5e86f2767	0	0	0	0	0	0	0	0	75	0	0	0	0	0
5dc1256a4f83981d1fec5b326faf8feb	0	0	0	0	0	0	0	0	0	75	0	0	0	0
b0fe61ad3faf3640905de812926666b2	0	0	0	0	0	0	0	0	0	0	75	0	0	0
07d4d377fdb00e2f014c78b96a556c65	0	0	0	0	0	0	0	0	0	0	75	0	0	0
f70f13172d3032642c1e599ef94975a5	0	0	0	0	0	0	0	0	0	0	0	75	0	0
d0923b4179719b23ebd539101152aa33	0	74	0	0	0	0	0	0	0	0	0	0	0	0
33cdfa16599b19748a559d70edfa8e1d	0	74	0	0	0	0	0	0	0	0	0	0	0	0
7cec71696631f97c19f693c6bebb4d16	0	74	0	0	0	0	0	0	0	0	0	0	0	0
4743d64f40560ef78c39ddfacdc7db57	0	52	22	0	0	0	0	0	0	0	0	0	0	0
e2a40cf49fccc986e209d32191cfdf9a	0	42	32	0	0	0	0	0	0	0	0	0	0	0
b8a78a0febf0abb6902c97304de8ad1f	0	41	0	0	0	0	0	33	0	0	0	0	0	0
16200710443dcbc04676a414a4930a2f	0	0	74	0	0	0	0	0	0	0	0	0	0	0
4b4a3303f06ba2adcad5956679f31156	0	0	74	0	0	0	0	0	0	0	0	0	0	0
a24262b63a0a00aa03970010e7c5085f	0	0	74	0	0	0	0	0	0	0	0	0	0	0
c299ddda0b03bd16355ac259030bc7e0	0	0	74	0	0	0	0	0	0	0	0	0	0	0
f30e85544f224ca5b9ead7cd112e2a06	0	0	43	0	0	31	0	0	0	0	0	0	0	0
db6a6121b5e79edfbb871c0dcab8191c	0	0	21	0	0	21	32	0	0	0	0	0	0	0
5286c92b4dbb464307493a351ad8daeb	0	0	0	74	0	0	0	0	0	0	0	0	0	0
3f9ff4ca97615ae73a63f6657079fbfe	0	0	0	74	0	0	0	0	0	0	0	0	0	0
70ff9f56d61f85bc1693ed889f368993	0	0	0	74	0	0	0	0	0	0	0	0	0	0
9db52784b21dd48bca1c14ee06da4ca4	0	0	0	74	0	0	0	0	0	0	0	0	0	0
452e04c5aede838a7af36bdd3fdae2e7	0	0	0	74	0	0	0	0	0	0	0	0	0	0
a7f133248ffd8b429b8ad5afce59ad40	0	0	0	74	0	0	0	0	0	0	0	0	0	0
5bef03ebbe64edc16e2fc70c20c56ac0	0	0	0	74	0	0	0	0	0	0	0	0	0	0
ba9b21a79b4545c2ba75f6377c663dfa	0	0	0	0	74	0	0	0	0	0	0	0	0	0
08c2b4b1db01c30ba59cddcbab6b9dc4	0	0	0	0	74	0	0	0	0	0	0	0	0	0
b4ada5dc1479b3b321303fa8c8de5fa3	0	0	0	0	0	0	74	0	0	0	0	0	0	0
a95f7af13a2d485e4621457a093d4a66	0	0	0	0	0	0	74	0	0	0	0	0	0	0
a261760d6cd61c5ca00274c621d00fc8	0	0	0	0	0	0	0	0	74	0	0	0	0	0
21bf225f30193eb632a14515bb32e4d0	0	0	0	0	0	0	0	0	0	74	0	0	0	0
d723929a1f7bb010c61fe7513983b715	0	0	0	0	0	0	0	0	0	0	0	74	0	0
b197e32c973dc38aa9924625925210d5	0	0	0	0	0	0	0	0	0	0	0	74	0	0
662220c87dc284e1dea02283e3a4d311	0	0	0	0	0	0	0	0	0	0	0	0	74	0
a36b0f9b4f4cd6eeda9ca6eedb570df9	0	73	0	0	0	0	0	0	0	0	0	0	0	0
b9deb4861533e45e7579eb45491abf02	0	73	0	0	0	0	0	0	0	0	0	0	0	0
89acbb54f7c5489d7b6f6a7e400549c1	0	73	0	0	0	0	0	0	0	0	0	0	0	0
1f940b37a9fd8dfdd710d47ed2eb7b73	0	73	0	0	0	0	0	0	0	0	0	0	0	0
afa5757d60805e8204078d89c171519d	0	73	0	0	0	0	0	0	0	0	0	0	0	0
59e3e4cfd788609441f8c127f9e04e63	0	73	0	0	0	0	0	0	0	0	0	0	0	0
15ce6d9b1e7271fc7bcc670daa778685	0	28	23	0	0	20	2	0	0	0	0	0	0	0
5b1c59cc155b96a3f9f6cf0299374f33	0	24	28	0	0	0	0	21	0	0	0	0	0	0
ff6984bb65a8264b058e50fea96ec307	0	0	65	0	0	0	8	0	0	0	0	0	0	0
1d78b0aca4f783a8c0246614d9f61964	0	0	54	0	0	19	0	0	0	0	0	0	0	0
faac5bcdcd8559e37fff65f0256af044	0	0	52	0	0	21	0	0	0	0	0	0	0	0
4074c80f5007c0522a1884eb6748167f	0	0	50	0	0	0	7	0	0	0	0	0	0	16
646973ab22d98cf176ab25b017a41c95	0	0	43	0	0	5	0	25	0	0	0	0	0	0
49184339275f85bfed32a81363de7c21	0	0	32	0	0	29	12	0	0	0	0	0	0	0
8cbd0c64a7af0c7a53880ed1b285b997	0	0	0	73	0	0	0	0	0	0	0	0	0	0
d67a8bb18b02ae0664aa16adea5330ea	0	0	0	0	73	0	0	0	0	0	0	0	0	0
f802ec683845507c58f24ade50f13d34	0	0	0	0	73	0	0	0	0	0	0	0	0	0
fc3c2e8854fed6cb84323dc168124216	0	0	0	0	73	0	0	0	0	0	0	0	0	0
b595c42d81433ef026e0f703d8ae874b	0	0	0	0	0	0	73	0	0	0	0	0	0	0
bac887c25aaa5e572f2cff534e4fc4f1	0	0	0	0	0	0	73	0	0	0	0	0	0	0
7cfefc078f0b69f173e693a66cfc239b	0	0	0	0	0	0	0	73	0	0	0	0	0	0
0b6465a32e8e1d056e7f5fb6d26ecfe9	0	0	0	0	0	0	0	0	73	0	0	0	0	0
bb0a4bd2fcca05abc81909a713133bb0	0	0	0	0	0	0	0	0	0	73	0	0	0	0
1b853721ff913ea2f205fafcabef66ec	0	0	0	0	0	0	0	0	0	0	73	0	0	0
fb7043f0b4f5b4d3a8b805d06d6ffef7	0	0	0	0	0	0	0	0	0	0	0	73	0	0
2091cc3e4b016885c2a03cb8be1311b6	0	0	0	0	0	0	0	0	0	0	0	73	0	0
5ca623f5fd2765cc3fbf5277878ddc43	0	0	0	0	0	0	0	0	0	0	0	73	0	0
561952898daba9487e245840bec2b99b	0	0	0	0	0	0	0	0	0	0	0	0	73	0
808bcc12ce7691ab4827ee0f16a2239d	0	72	0	0	0	0	0	0	0	0	0	0	0	0
9e474c37627a5dc2346a801ca385f8f0	0	72	0	0	0	0	0	0	0	0	0	0	0	0
43d7fc38ec0a50e26e3d8b1d2d5b3dec	0	72	0	0	0	0	0	0	0	0	0	0	0	0
107bf5201d02fd5031099bf8c279b60b	0	72	0	0	0	0	0	0	0	0	0	0	0	0
27a5102010c20e5c8898d45e94a729f4	0	72	0	0	0	0	0	0	0	0	0	0	0	0
3871bbfeeb5e3f80927eb798d93b5344	0	0	72	0	0	0	0	0	0	0	0	0	0	0
2708e0a1f4610e70b1365a96dcd176b4	0	0	59	0	0	0	13	0	0	0	0	0	0	0
244f757c8cf5db4f760f8abb857173d8	0	0	0	72	0	0	0	0	0	0	0	0	0	0
3cfac08d6f2f883238959c0102147ba5	0	0	0	72	0	0	0	0	0	0	0	0	0	0
8f5c7f3f33fde4b1014a0f333b4af179	0	0	0	61	0	0	0	0	0	0	0	0	0	11
244bee25b63f157f89f1e97e608f5c47	0	0	0	58	0	0	14	0	0	0	0	0	0	0
6b7fb23b117c939511a2272064c045dd	0	0	0	0	72	0	0	0	0	0	0	0	0	0
bb0673ff1611087cf6643747f367db39	0	0	0	0	0	72	0	0	0	0	0	0	0	0
e270ae444aba1ced9ccb19dc50fd87c8	0	0	0	0	0	72	0	0	0	0	0	0	0	0
087c9ef2a4eea18f2dd79cd48f1d8dbd	0	0	0	0	0	0	72	0	0	0	0	0	0	0
67e64c304df37fe206ec310e53f81060	0	0	0	0	0	0	0	0	72	0	0	0	0	0
573c908337b774f8ed5f1067a650ad0e	0	0	0	0	0	0	0	0	0	72	0	0	0	0
f97f4b8fd4bb4acfbe20200445c360ac	0	0	0	0	0	0	0	0	0	72	0	0	0	0
5cb1bd70eb0c712da723d4f1bcf08ee4	0	0	0	0	0	0	0	0	0	0	72	0	0	0
88b45c0caa355cb3cc6d111cc7b8173c	0	0	0	0	0	0	0	0	0	0	0	72	0	0
283fc3287824653358445c9f2ef4c912	0	0	0	0	0	0	0	0	0	0	0	0	72	0
b268d6f834c1da5347ce75d85d21fd55	0	0	0	0	0	0	0	0	0	0	0	0	0	72
27ff25cd0af7a42296355aca985867b8	0	71	0	0	0	0	0	0	0	0	0	0	0	0
c065b8ba0e45958e7a57ba9033da335a	0	71	0	0	0	0	0	0	0	0	0	0	0	0
489ea6e30cdb592927407e139b293361	0	71	0	0	0	0	0	0	0	0	0	0	0	0
dbb4b8048bd63415ce1ea7a2bd3f8206	0	71	0	0	0	0	0	0	0	0	0	0	0	0
e119f993009b69aff403a87d0c4a5785	0	61	10	0	0	0	0	0	0	0	0	0	0	0
d42e06f9b96a305c9fe82af309baec3a	0	32	39	0	0	0	0	0	0	0	0	0	0	0
2c568f6a5ee91ca57f857e31e5455cc9	0	12	59	0	0	0	0	0	0	0	0	0	0	0
567683c15b1b9490c0d8242bf19cc42b	0	0	71	0	0	0	0	0	0	0	0	0	0	0
3f48e319e7e0f071eb1e39d2123a7225	0	0	71	0	0	0	0	0	0	0	0	0	0	0
0fecb9fa9b4f897e344cb41ac7bebd26	0	0	57	0	0	14	0	0	0	0	0	0	0	0
b5aeb084e1c96dad8391dc09285776ba	0	0	52	0	0	10	9	0	0	0	0	0	0	0
92be792364d90eb227acbe75adc91270	0	0	51	0	0	9	11	0	0	0	0	0	0	0
51a257956745771454f879782a8200ec	0	0	45	0	0	17	9	0	0	0	0	0	0	0
1f4283dbf101b3bfb6223854b7c92e92	0	0	40	0	0	18	13	0	0	0	0	0	0	0
270bc7e64681b1893b83e8cb08d91a71	0	0	0	71	0	0	0	0	0	0	0	0	0	0
6f6d0bed4269de1b4db77539fce138a9	0	0	0	71	0	0	0	0	0	0	0	0	0	0
3ff8532f8952a9d551c5a98904732646	0	0	0	71	0	0	0	0	0	0	0	0	0	0
de5682b85d1d5b9f8a3d08a05dd911f3	0	0	0	71	0	0	0	0	0	0	0	0	0	0
c4310e6a5d2572ae83efdadb91e79718	0	0	0	0	71	0	0	0	0	0	0	0	0	0
985e82484b0e7fe0629b233920726f32	0	0	0	0	71	0	0	0	0	0	0	0	0	0
2163f4ba346a400c4604f1f65204bb30	0	0	0	0	71	0	0	0	0	0	0	0	0	0
5ced1e436b0a7a77de5e027e20992b9d	0	0	0	0	16	0	0	55	0	0	0	0	0	0
a716dc03929dd28424367fbe935764e2	0	0	0	0	0	71	0	0	0	0	0	0	0	0
070ce076f2c8fe1bb362bc93685e82c9	0	0	0	0	0	71	0	0	0	0	0	0	0	0
946275494f61bb95fb92b02046c6488f	0	0	0	0	0	0	71	0	0	0	0	0	0	0
1bb9044c6d645479e253eaf9fdb81b5e	0	0	0	0	0	0	71	0	0	0	0	0	0	0
62da69da76fe749d942ce222c9d5309c	0	0	0	0	0	0	0	71	0	0	0	0	0	0
5fa4c3306265789aa438dcfe7a0eacfd	0	0	0	0	0	0	0	0	71	0	0	0	0	0
494b7f91eb9134229a509718528810ae	0	0	0	0	0	0	0	0	0	0	0	0	71	0
3c8f70f58a2b76171b5f24ac7d6b15dd	0	0	0	0	0	0	0	0	0	0	0	0	71	0
c8bf46085e2f41a6a2851c8c8119a901	0	0	0	0	0	0	0	0	0	0	0	0	71	0
ce021f175af374feb7469f9285c6238a	0	0	0	0	0	0	0	0	0	0	0	0	0	71
8c3a497879b74efa3ab6bcd99de20fcd	0	0	0	0	0	0	0	0	0	0	0	0	0	71
4666f45d4477a6c178cda9c7b392fa4e	0	70	0	0	0	0	0	0	0	0	0	0	0	0
591efb5eaaf8f3918956cf4c57cde0ee	0	70	0	0	0	0	0	0	0	0	0	0	0	0
fced43130717a2357f5f4068179a477f	0	70	0	0	0	0	0	0	0	0	0	0	0	0
64be48dc9d04a643fe2833f6694017af	0	70	0	0	0	0	0	0	0	0	0	0	0	0
44d7acf473a884704f96ce2466d14145	0	70	0	0	0	0	0	0	0	0	0	0	0	0
7ab2b1a666db968d2f25087b2454fec2	0	64	0	0	0	0	0	0	0	0	0	0	0	6
06efbff7e757875e9ee4a25bc9a913d5	0	31	28	0	0	11	0	0	0	0	0	0	0	0
2c25be409712a28222c5c85d8b09dc56	0	27	0	0	0	0	0	43	0	0	0	0	0	0
ebb81da79f14e536013720a3a93b3b30	0	14	51	0	0	0	5	0	0	0	0	0	0	0
f2f55cd337c85b752fc2fab81b0cf44a	0	0	70	0	0	0	0	0	0	0	0	0	0	0
77180a1a98d82856dab22f13fbb8e3bf	0	0	70	0	0	0	0	0	0	0	0	0	0	0
85d2b19ea9c3205998a500c96a2ea43e	0	0	70	0	0	0	0	0	0	0	0	0	0	0
35ee691985ef8b840a3f48b2e7a6a6a4	0	0	62	0	0	8	0	0	0	0	0	0	0	0
e1cfa4d90b38b5aa1d3ebf94dd1ed28b	0	0	46	0	0	24	0	0	0	0	0	0	0	0
17fc774863be415c2b3d4a4150ff113e	0	0	43	0	0	0	4	23	0	0	0	0	0	0
0cf6cea51a7e36da9b76b00f6187914c	0	0	0	70	0	0	0	0	0	0	0	0	0	0
d64087f0c5485f782c5b7b984682c654	0	0	0	70	0	0	0	0	0	0	0	0	0	0
428f0764d768fe5974ce3d1c8e189ba9	0	0	0	70	0	0	0	0	0	0	0	0	0	0
a479d55149410a1d4f185efd258f4377	0	0	0	26	0	0	0	0	0	0	0	0	0	44
a3e18fb81e0907a119e2d7b621575cd3	0	0	0	0	0	0	70	0	0	0	0	0	0	0
7ddccf72f6a1752600bfac554ad4c7f8	0	0	0	0	0	0	70	0	0	0	0	0	0	0
6a903c595dedd8d015b44caa6b9c933f	0	0	0	0	0	0	0	70	0	0	0	0	0	0
cc36df91e078e53b53be3f36da000f6a	0	0	0	0	0	0	0	0	70	0	0	0	0	0
2618dbd42470e32892daa8bcd6db3d91	0	0	0	0	0	0	0	0	0	70	0	0	0	0
6698046dfbf507e40fce1b442f77494c	0	0	0	0	0	0	0	0	0	70	0	0	0	0
cefb8282aaec5bded9bb50e2b662ba49	0	0	0	0	0	0	0	0	0	70	0	0	0	0
8556726467508e3028e6037d7203cb0c	0	0	0	0	0	0	0	0	0	70	0	0	0	0
450595eeb33c4abd6df26715d2a47f92	0	0	0	0	0	0	0	0	0	70	0	0	0	0
4b741f19fc0494a1fb393868a06caec7	0	0	0	0	0	0	0	0	0	0	70	0	0	0
c0b6a16e6b4ae0e75b376ae3b8dfbaee	0	0	0	0	0	0	0	0	0	0	70	0	0	0
c7ebbdd0a5292f79c0ce8f85813d2936	0	0	0	0	0	0	0	0	0	0	70	0	0	0
c0c4a8006ff6515464c6e97e5ccd9591	0	0	0	0	0	0	0	0	0	0	0	70	0	0
6358624c59fba577a2e058b75b083319	0	0	0	0	0	0	0	0	0	0	0	0	0	70
27c705ced78b070384a7b3344b15d4b6	0	69	0	0	0	0	0	0	0	0	0	0	0	0
92961cc5d07166b920d6cb151b78d9e8	0	69	0	0	0	0	0	0	0	0	0	0	0	0
88d0eea4e1bed682e7fe2386b86741db	0	69	0	0	0	0	0	0	0	0	0	0	0	0
74d7e27b1c20b9eea6646b9ca314f8e3	0	0	5	0	0	29	35	0	0	0	0	0	0	0
53e2beba99e3150ea6fd5d27c0019cff	0	0	0	69	0	0	0	0	0	0	0	0	0	0
0970a92c12d12f32ac34da6b68d6cfec	0	0	0	69	0	0	0	0	0	0	0	0	0	0
b8b239bc8b7a62ce72d404c578d1b70d	0	0	0	69	0	0	0	0	0	0	0	0	0	0
0ee45bbba74b45cda3934ba4a215c5dc	0	0	0	69	0	0	0	0	0	0	0	0	0	0
813571e7148168ae526ba23de259419f	0	0	0	69	0	0	0	0	0	0	0	0	0	0
643146edf90d8f9e8f9ade6df988c88a	0	0	0	0	69	0	0	0	0	0	0	0	0	0
75b5c6471ad0f82e9e79e3376418bd01	0	0	0	0	0	69	0	0	0	0	0	0	0	0
163ca13921d0dd2ff1cdb4dd4181cfd6	0	0	0	0	0	69	0	0	0	0	0	0	0	0
5596da47203e562fc6b94b6ca043c970	0	0	0	0	0	69	0	0	0	0	0	0	0	0
64e1e01f4231cae9494a0006d3cd1310	0	0	0	0	0	69	0	0	0	0	0	0	0	0
343c1c39bcbb6687f584692137afece5	0	0	0	0	0	0	0	69	0	0	0	0	0	0
147963666e02ca33361d4ec8b1fd2f8c	0	0	0	0	0	0	0	0	69	0	0	0	0	0
98c64e245c3b11e688c394972be46d14	0	0	0	0	0	0	0	0	69	0	0	0	0	0
388643d47df5df51aa454adfaba53aa5	0	0	0	0	0	0	0	0	69	0	0	0	0	0
a34bbcbc0cf08194233a96f42047b8d6	0	0	0	0	0	0	0	0	0	69	0	0	0	0
f7173b0c059e8d639d89075ced47c427	0	0	0	0	0	0	0	0	0	69	0	0	0	0
e31417f89e371b737d6a234e2fbb6a84	0	0	0	0	0	0	0	0	0	69	0	0	0	0
f48f7d8fce6c66c45ce14f2fb3d7df23	0	0	0	0	0	0	0	0	0	69	0	0	0	0
480f02d3ad4c1558e0c01ed8f0ad3292	0	0	0	0	0	0	0	0	0	0	0	0	69	0
0ecf494ea7d00031a163cbe38a39edb0	0	0	0	0	0	0	0	0	0	0	0	0	69	0
aecb16104b1752db3f13594aa242d1b5	0	68	0	0	0	0	0	0	0	0	0	0	0	0
4581ea8c4258a49c3fa2a67345fd2500	0	68	0	0	0	0	0	0	0	0	0	0	0	0
afd18abc710a90b195b59cdd5c1f0b6b	0	68	0	0	0	0	0	0	0	0	0	0	0	0
3e70359f371e94e3b3b0a625de070d1f	0	30	16	0	0	16	6	0	0	0	0	0	0	0
ad6b311bd5d15fb781d6ece7039da52a	0	10	58	0	0	0	0	0	0	0	0	0	0	0
bbd28b0d43d724e3ab1c66fcfaa1599c	0	10	54	0	0	0	4	0	0	0	0	0	0	0
62c036a3914d9d078f29ddcdcd3d92a5	0	0	68	0	0	0	0	0	0	0	0	0	0	0
d6cca7a7265a6b8a2482a248ea8a6d2a	0	0	59	0	0	9	0	0	0	0	0	0	0	0
c53c138c82fe3293c9a33aeebdccb8e7	0	0	0	68	0	0	0	0	0	0	0	0	0	0
6f7e9d4bebd43b482771ce3f0d5cd971	0	0	0	0	68	0	0	0	0	0	0	0	0	0
79cf13640b7a911d7b8f7657300574e1	0	0	0	0	68	0	0	0	0	0	0	0	0	0
a9f807c55887c98c835ec15298edf425	0	0	0	0	0	0	68	0	0	0	0	0	0	0
b542ede9bc57eb30f5f7cacdf212c496	0	0	0	0	0	0	0	0	68	0	0	0	0	0
7f75e80cc11387094a2e2ee6b60f3375	0	0	0	0	0	0	0	0	0	0	68	0	0	0
06abc9763495b82f5b28ae4961bd075d	0	0	0	0	0	0	0	0	0	0	0	68	0	0
046203ea72b66caf7a49245d1f324f7c	0	0	0	0	0	0	0	0	0	0	0	0	68	0
dcb529216bcd9e427b6b02c3911b21cc	0	0	0	0	0	0	0	0	0	0	0	0	68	0
414083d8117cdd9a4930a55885785e4b	0	0	0	0	0	0	0	0	0	0	0	0	68	0
fec71cde24025ab7cbff671edb714672	0	0	0	0	0	0	0	0	0	0	0	0	68	0
5d9d83b3b4bfc465ede31462b92fedaf	0	0	0	0	0	0	0	0	0	0	0	0	68	0
792956b2fd3958d356849ad0e9221fbd	0	0	0	0	0	0	0	0	0	0	0	0	0	68
97d1f424a746d7761ab1f6c1f2de2b3b	0	0	0	0	0	0	0	0	0	0	0	0	0	68
1600408c9ba2c58d5b75318d5da916a0	0	0	0	0	0	0	0	0	0	0	0	0	0	68
697fd51ea75b5e52b2744ec4a4333d64	0	67	0	0	0	0	0	0	0	0	0	0	0	0
02dc7431d53c08224833b56958103d72	0	67	0	0	0	0	0	0	0	0	0	0	0	0
7437231faa8eb476012978edd0148a2a	0	47	0	0	0	20	0	0	0	0	0	0	0	0
c0224310e49a156e91f3f6b3c5f35cc9	0	21	28	0	0	10	8	0	0	0	0	0	0	0
3e9241a7b33814fb8344aff26b662141	0	0	67	0	0	0	0	0	0	0	0	0	0	0
05d51f864650e0ef500cdf2eb655bfe7	0	0	57	0	0	10	0	0	0	0	0	0	0	0
8a252e561c357889d5b2fbdb8993e19b	0	0	54	0	0	10	3	0	0	0	0	0	0	0
6961c0f7d37beceace42d8ff51c6079f	0	0	42	0	0	19	6	0	0	0	0	0	0	0
47087367b2533c335ae795f2bbb34358	0	0	30	0	0	25	12	0	0	0	0	0	0	0
df3253efc2c7bb80dc209db812f86ee6	0	0	0	67	0	0	0	0	0	0	0	0	0	0
05553a8edee62321f2d6a7ef48b775ed	0	0	0	0	67	0	0	0	0	0	0	0	0	0
51f0bfc4dbf6887faf4ca52e56856996	0	0	0	0	67	0	0	0	0	0	0	0	0	0
0a94a9e28e291d3389f563a946358a7e	0	0	0	0	67	0	0	0	0	0	0	0	0	0
9e1d28160d8755be97a3cb1ea87a7c3b	0	0	0	0	67	0	0	0	0	0	0	0	0	0
53bff02d02f7b92c9ba1be7d1aca71b1	0	0	0	0	0	35	32	0	0	0	0	0	0	0
3aef0eb97e04df56ed30e65ff89279d0	0	0	0	0	0	0	67	0	0	0	0	0	0	0
b199d1cfb1cb7c3f7085a35d5a522dc3	0	0	0	0	0	0	0	0	67	0	0	0	0	0
a352deef17ac4752e8616a659d932a18	0	0	0	0	0	0	0	0	67	0	0	0	0	0
7c3c65fcf41bfe753a7abec26631eab6	0	0	0	0	0	0	0	0	67	0	0	0	0	0
5c773d2ccc744d21b6c7039cf1c1a2d9	0	0	0	0	0	0	0	0	0	67	0	0	0	0
986a16f347736b48cc318b9d72a80a1a	0	0	0	0	0	0	0	0	0	67	0	0	0	0
f727e6af85dae839d40da3c6cf2a5fc9	0	0	0	0	0	0	0	0	0	67	0	0	0	0
ed213c2d05dda0cd7f09610d862478f5	0	0	0	0	0	0	0	0	0	67	0	0	0	0
40976ee3948fb15f4d36c7d2a5477f1c	0	0	0	0	0	0	0	0	0	0	0	0	67	0
cae1fc70dbc2e2b3a36a0af26edd65d7	0	0	0	0	0	0	0	0	0	0	0	0	0	67
2f7b020e8cd01b6caa79d59be3424404	0	66	0	0	0	0	0	0	0	0	0	0	0	0
a6ebe9a8940e06ab83087229e3b84c54	0	66	0	0	0	0	0	0	0	0	0	0	0	0
e79cdf438802b8f4939324bae394445b	0	66	0	0	0	0	0	0	0	0	0	0	0	0
972e9943a18291242a0b66801abfbee3	0	66	0	0	0	0	0	0	0	0	0	0	0	0
f6456a6c719dc4b5394c3d1a74e7785a	0	66	0	0	0	0	0	0	0	0	0	0	0	0
c58b3e7bf36024e1dcdd3472949f2cc2	0	66	0	0	0	0	0	0	0	0	0	0	0	0
768c036a2fb8fe23f7e459bc7729aa16	0	66	0	0	0	0	0	0	0	0	0	0	0	0
cc603165ece4b2eccda1e8465560a1d9	0	66	0	0	0	0	0	0	0	0	0	0	0	0
e2ba543885b2af9a7c187ae66d3b8fce	0	66	0	0	0	0	0	0	0	0	0	0	0	0
7d75583d2ba5290773f8bd487b2419a8	0	59	7	0	0	0	0	0	0	0	0	0	0	0
4af5070a42e33dbaff86c2d3b76309af	0	50	16	0	0	0	0	0	0	0	0	0	0	0
bd385ddb670b50012f2f3734973b0ec1	0	31	35	0	0	0	0	0	0	0	0	0	0	0
57ac661674c25f8617f0b13a8f2a7a06	0	26	27	0	0	8	5	0	0	0	0	0	0	0
c28df52593a91c3b4c6031d719260c19	0	0	66	0	0	0	0	0	0	0	0	0	0	0
65feda8abbe55c7a293b15ea3577ce79	0	0	66	0	0	0	0	0	0	0	0	0	0	0
1ac32abfc9c1afc775e94f9e53d6be6a	0	0	66	0	0	0	0	0	0	0	0	0	0	0
ab479ffc10c3fac5352e6b021e83ee5f	0	0	57	0	0	0	9	0	0	0	0	0	0	0
16bc8edd6b8a0b9212f56cf9b7f19445	0	0	55	0	0	0	11	0	0	0	0	0	0	0
55d851077351c40d56dbcf9227b63dd0	0	0	51	0	0	15	0	0	0	0	0	0	0	0
f580f33d5d15c888a51750be06fbed3e	0	0	47	0	0	11	8	0	0	0	0	0	0	0
ceccb1e414df5f080e40372f347a388b	0	0	0	66	0	0	0	0	0	0	0	0	0	0
9a7190c98053cff6a16af74a36808b24	0	0	0	66	0	0	0	0	0	0	0	0	0	0
30dadfca1e47e45b39995e9d00cb0691	0	0	0	66	0	0	0	0	0	0	0	0	0	0
ef72942877b9fa4643fcd76c8fb55639	0	0	0	66	0	0	0	0	0	0	0	0	0	0
fdc9ca00de38dff895d45aa3537eb35a	0	0	0	0	66	0	0	0	0	0	0	0	0	0
7f5a4343d74d969cd3f38616b5ba7d8d	0	0	0	0	0	66	0	0	0	0	0	0	0	0
10e5d43b2130e6ea49a8a094474475e1	0	0	0	0	0	66	0	0	0	0	0	0	0	0
520507b57c0a68ea6b4b0d7d0d6c1ab7	0	0	0	0	0	66	0	0	0	0	0	0	0	0
67927472c5127c2ac933db3753bda8d8	0	0	0	0	0	66	0	0	0	0	0	0	0	0
6269f6fb0505f5de3e4f1a3af3305d86	0	0	0	0	0	0	0	66	0	0	0	0	0	0
265dead5f1215f3c327bb18472d1612a	0	0	0	0	0	0	0	0	66	0	0	0	0	0
40e200074d68f2df733410d691468d60	0	0	0	0	0	0	0	0	0	0	0	66	0	0
447ae1ee09286d55ab032c2b8820780f	0	0	0	0	0	0	0	0	0	0	0	0	66	0
c5408c36ba319b3da63c9a6d41c5a15c	0	0	0	0	0	0	0	0	0	0	0	0	66	0
56c862625684b06670c51a768b37256c	0	0	0	0	0	0	0	0	0	0	0	0	66	0
6c0d491245f16109990aadf161ff8e7d	0	0	0	0	0	0	0	0	0	0	0	0	0	66
48bcc4a89ecefd8d43e660168c03e088	0	65	0	0	0	0	0	0	0	0	0	0	0	0
43c08705dcc3511d867943f9446cedf1	0	65	0	0	0	0	0	0	0	0	0	0	0	0
950b136aee1f24dd14ff10ecc3234a53	0	65	0	0	0	0	0	0	0	0	0	0	0	0
85435e1de32b19e723692f82038f1b4c	0	65	0	0	0	0	0	0	0	0	0	0	0	0
5accbc8a10de9b7bf33bab2ee6223857	0	65	0	0	0	0	0	0	0	0	0	0	0	0
380e8ed0e6e12578ddaeb743a317378a	0	44	21	0	0	0	0	0	0	0	0	0	0	0
0c72d59a2446f92b8d236c3cb36a466f	0	41	24	0	0	0	0	0	0	0	0	0	0	0
1f9f9e84408a7ae325088d33fb6c5a62	0	11	47	0	0	7	0	0	0	0	0	0	0	0
478204b2561ba7a0aa3999b966153a4c	0	10	51	0	0	0	4	0	0	0	0	0	0	0
443f4d0be8afb7f03a4f1213e545e034	0	8	57	0	0	0	0	0	0	0	0	0	0	0
2f6dfcdbf024088eef494a34a27ae205	0	0	65	0	0	0	0	0	0	0	0	0	0	0
d6fa0aa437a2ff325bfa974bca3c97bc	0	0	65	0	0	0	0	0	0	0	0	0	0	0
9ada59cfaa64b9e15cb47ff10fba3399	0	0	65	0	0	0	0	0	0	0	0	0	0	0
cdb05f41f56040f533aecfa01207e075	0	0	56	0	0	9	0	0	0	0	0	0	0	0
11ab28d5bfe16de6bbac3070f925d376	0	0	53	0	0	12	0	0	0	0	0	0	0	0
552f87d2f6dc5c7159a04a38704d0f52	0	0	45	0	0	20	0	0	0	0	0	0	0	0
2e80842c199f6b67c4687eeb83732b1e	0	0	42	0	0	23	0	0	0	0	0	0	0	0
ce1cd50ab7c348a725fb0a0b823d98fb	0	0	30	0	0	35	0	0	0	0	0	0	0	0
c17069c4ea6fd2492d2f1968bccb1dbd	0	0	0	65	0	0	0	0	0	0	0	0	0	0
6886c3447e55ed2ecfb70d13b7ce20b6	0	0	0	65	0	0	0	0	0	0	0	0	0	0
95e743a2b0c7586c19a615c8037a8bcd	0	0	0	65	0	0	0	0	0	0	0	0	0	0
d939ff6e24f26e54d09ea924c28d3499	0	0	0	0	65	0	0	0	0	0	0	0	0	0
8b10955aa79e3fd3e993985dbbc2c58d	0	0	0	0	65	0	0	0	0	0	0	0	0	0
64d2a4e9e88f20583391ed324ccbbc69	0	0	0	0	65	0	0	0	0	0	0	0	0	0
0c56c433edffcff0d91ec9da016d42cd	0	0	0	0	0	65	0	0	0	0	0	0	0	0
7da226df96e2a259edcd20151bdc8b93	0	0	0	0	0	65	0	0	0	0	0	0	0	0
9a75aa4e299dd3f6313dec641e8c80f3	0	0	0	0	0	65	0	0	0	0	0	0	0	0
92606e229b6bc21c7d0050e5c2010bf8	0	0	0	0	0	65	0	0	0	0	0	0	0	0
30c4de0950bcd2666ec32b575767ed41	0	0	0	0	0	0	65	0	0	0	0	0	0	0
fac0e828a9dad551e49ea863296e55ea	0	0	0	0	0	0	65	0	0	0	0	0	0	0
5f7ec849f7749a8d188fae8c74e07486	0	0	0	0	0	0	65	0	0	0	0	0	0	0
7c8dbf9e7526a1859f9a605f4b353ce0	0	0	0	0	0	0	65	0	0	0	0	0	0	0
b7318bde6afe70db05b8d8d81c9ff23c	0	0	0	0	0	0	0	0	65	0	0	0	0	0
bb6ce3a7110a583ff65d769819f78acd	0	0	0	0	0	0	0	0	0	65	0	0	0	0
80e04d8ce465c55ee3880dd34e56e6cc	0	0	0	0	0	0	0	0	0	0	65	0	0	0
dfa89099ac1b91d3f784f284db96f9e1	0	0	0	0	0	0	0	0	0	0	65	0	0	0
4fe9ad72719798a68ddd3d569813ce0e	0	0	0	0	0	0	0	0	0	0	0	0	65	0
9f2b9c36ca83385614410fa1d31e398f	0	0	0	0	0	0	0	0	0	0	0	0	65	0
3c51f2268777542e6f52e4b3420e4b1e	0	0	0	0	0	0	0	0	0	0	0	0	0	65
5e6d5d1bfb08f093d32599da7379988e	0	0	0	0	0	0	0	0	0	0	0	0	0	65
bce284e40f9111575b9252ce1f0647d0	0	64	0	0	0	0	0	0	0	0	0	0	0	0
c5d1d00accb74049558c8cbb67ee4d7d	0	64	0	0	0	0	0	0	0	0	0	0	0	0
2abc1b4642cdfd32c2d6fddec9dfdd9c	0	64	0	0	0	0	0	0	0	0	0	0	0	0
33a6c2a06ce139abcd993935b2c787be	0	64	0	0	0	0	0	0	0	0	0	0	0	0
1ad24fd1a22d2e833c3d2ea111030067	0	64	0	0	0	0	0	0	0	0	0	0	0	0
48f3d17153f44e3b8df3ea089c02580f	0	64	0	0	0	0	0	0	0	0	0	0	0	0
00797db3509cf7e4e8bf1cd726b67c82	0	64	0	0	0	0	0	0	0	0	0	0	0	0
c0c51dfeeeecd5ce7d6fe917bd59f3e9	0	64	0	0	0	0	0	0	0	0	0	0	0	0
dd51bc9c71798688f6c47c7cd7344b6f	0	64	0	0	0	0	0	0	0	0	0	0	0	0
8740efea9b6ccc22ac3679de14f6c899	0	29	35	0	0	0	0	0	0	0	0	0	0	0
20af4318ce5ef9a33d4a7d03bdf2b00f	0	23	41	0	0	0	0	0	0	0	0	0	0	0
35eefd103e385082660bc54a1f843480	0	19	30	0	0	8	7	0	0	0	0	0	0	0
58732cff740b3353145fe34a8a0a09ca	0	17	30	0	0	17	0	0	0	0	0	0	0	0
7bcef9a036f4660c85f5c742a044f06e	0	0	64	0	0	0	0	0	0	0	0	0	0	0
688f14858c8431af110de9ec97292326	0	0	64	0	0	0	0	0	0	0	0	0	0	0
53b9bb4f6ea8bac3971add1f9413e4c9	0	0	64	0	0	0	0	0	0	0	0	0	0	0
0889c20a93a8881c6df0328fffcd26ac	0	0	64	0	0	0	0	0	0	0	0	0	0	0
3fcbdcd916ab98b95f94d31fce65fec8	0	0	46	0	0	7	11	0	0	0	0	0	0	0
a18d306f0f8a592c88568cde9647440e	0	0	35	0	0	10	0	19	0	0	0	0	0	0
97ba8681ba364708734826ac9de2ec5d	0	0	0	64	0	0	0	0	0	0	0	0	0	0
ee0b85392512fbc478f36c51d045d951	0	0	0	64	0	0	0	0	0	0	0	0	0	0
823fea6132af464549cba2752b6feef0	0	0	0	64	0	0	0	0	0	0	0	0	0	0
232a2278e8b23c3960561215fb43c512	0	0	0	64	0	0	0	0	0	0	0	0	0	0
1fcbad503a5f3ada32176533fec00996	0	0	0	64	0	0	0	0	0	0	0	0	0	0
2c7a51950b650cc449524a4a4bf444b4	0	0	0	64	0	0	0	0	0	0	0	0	0	0
56dbd5be381c24a7750c604723c03f5b	0	0	0	31	0	0	0	33	0	0	0	0	0	0
a014161ed9928c65ac892d016d3f7d19	0	0	0	0	64	0	0	0	0	0	0	0	0	0
2d2ce1b820500e702072dcf372f3ecbc	0	0	0	0	64	0	0	0	0	0	0	0	0	0
3aab0f0fe66dd01d90beafa1ff60e6b6	0	0	0	0	64	0	0	0	0	0	0	0	0	0
7c42e1ae37e1058e4dc704b3a83b193a	0	0	0	0	64	0	0	0	0	0	0	0	0	0
55d01771146b08e91b2f05c20aa60c1d	0	0	0	0	64	0	0	0	0	0	0	0	0	0
f40ce66b50b2fa49e411600216598a26	0	0	0	0	64	0	0	0	0	0	0	0	0	0
793ddad9a89cdbd9d254500f1cf8bdfc	0	0	0	0	0	33	31	0	0	0	0	0	0	0
6a5503def6620934b9c481295fc8cfbd	0	0	0	0	0	0	64	0	0	0	0	0	0	0
34cc9519fd09172d97439b2a9cd65d76	0	0	0	0	0	0	0	0	64	0	0	0	0	0
de1a6175014066f866359ca512b37e80	0	0	0	0	0	0	0	0	0	64	0	0	0	0
5f3c1b24c50b58f893277dd0e34a1edf	0	0	0	0	0	0	0	0	0	64	0	0	0	0
5d16aeb98b943ef94f787ea8287580e5	0	0	0	0	0	0	0	0	0	64	0	0	0	0
cad70c537180a2ee47b17a5b589fd820	0	0	0	0	0	0	0	0	0	64	0	0	0	0
c25e10a4395c9795a22d54be39c35d52	0	0	0	0	0	0	0	0	0	0	64	0	0	0
a70d70599be4d1b629b1b5e877de9337	0	0	0	0	0	0	0	0	0	0	64	0	0	0
cbac3618d22a70cb18f6139f7b740380	0	0	0	0	0	0	0	0	0	0	0	0	64	0
521e9e244cb4a6bba53a83fc733fa715	0	0	0	0	0	0	0	0	0	0	0	0	64	0
bd830f3deebb46a3db9c158ea4ca3b33	0	0	0	0	0	0	0	0	0	0	0	0	0	64
607d2c8793f075021b8a674aa346d48c	0	0	0	0	0	0	0	0	0	0	0	0	0	64
4fa6bd48a740d78a203185b0fbeec367	0	63	0	0	0	0	0	0	0	0	0	0	0	0
8bae007ce0ae610fec1cc33664c82112	0	63	0	0	0	0	0	0	0	0	0	0	0	0
010714247d4ee782fb8b4a53749de6d6	0	63	0	0	0	0	0	0	0	0	0	0	0	0
bfde2744387b12d8fae417caf6b4412b	0	63	0	0	0	0	0	0	0	0	0	0	0	0
3da337c3c21f8f1f85e88b3c15894897	0	63	0	0	0	0	0	0	0	0	0	0	0	0
4f859b75b2ff3e36c8b4e3643f9edd5f	0	63	0	0	0	0	0	0	0	0	0	0	0	0
d6f2fae782c475f6b63bfe0db40ec44d	0	56	0	0	0	0	7	0	0	0	0	0	0	0
8e6ad0dbf1adfa6d07acf7e239c0a6ca	0	49	14	0	0	0	0	0	0	0	0	0	0	0
3042a75ba07617fb45f534fb21c5f7c7	0	31	32	0	0	0	0	0	0	0	0	0	0	0
0040cf428d7a21eeb7e6be0aa4a5cdeb	0	11	48	0	0	0	4	0	0	0	0	0	0	0
e42487000c9d0c76bbb6ab42a67ecc26	0	0	63	0	0	0	0	0	0	0	0	0	0	0
6356e951e517d950b030a117bab8fc34	0	0	63	0	0	0	0	0	0	0	0	0	0	0
50bbfc84071a609385fd51476c9c12a5	0	0	63	0	0	0	0	0	0	0	0	0	0	0
33e859d22f6371254939540d7177f337	0	0	49	0	0	7	7	0	0	0	0	0	0	0
e9adadd00e0028b371888a612ec22404	0	0	40	0	0	20	3	0	0	0	0	0	0	0
9bce8eb22eddf7d9a3ce0ad8b6142bab	0	0	0	63	0	0	0	0	0	0	0	0	0	0
1b3c778cce39d0b8877be08e02cf39ae	0	0	0	63	0	0	0	0	0	0	0	0	0	0
3a49b9fce9e5d108fff25fc00b9b6c52	0	0	0	63	0	0	0	0	0	0	0	0	0	0
b7a6ca3652ce4f8ebd630ca86508caa1	0	0	0	63	0	0	0	0	0	0	0	0	0	0
530df07a7cfa510ffe0701abb7305c37	0	0	0	63	0	0	0	0	0	0	0	0	0	0
4c9ce2ff58c4be92fce2db84e357452d	0	0	0	63	0	0	0	0	0	0	0	0	0	0
de92a3dc19e0bebba9ae6e9a417dc5f1	0	0	0	23	0	0	0	0	0	0	0	0	0	40
34dfbc999622c41a30e7b1e09c4cb8da	0	0	0	0	63	0	0	0	0	0	0	0	0	0
8731b81016ebce3bfed28daf326eeff2	0	0	0	0	0	63	0	0	0	0	0	0	0	0
c8771559dc27c2ae80c329c066ae9ea6	0	0	0	0	0	0	0	34	0	0	0	0	0	29
3b9fb1345e975cd5c51393df9512390c	0	0	0	0	0	0	0	0	63	0	0	0	0	0
a4918bc4a734067555cc98068e593930	0	0	0	0	0	0	0	0	0	63	0	0	0	0
18bfa3a958f13dcb601b71ce7b54f68f	0	0	0	0	0	0	0	0	0	63	0	0	0	0
96154ef0c18024b21a4279b88d2f5ebe	0	0	0	0	0	0	0	0	0	63	0	0	0	0
53903934cfcecd7e603b4da002b0dfc3	0	0	0	0	0	0	0	0	0	0	63	0	0	0
cb6295e5794409fd703f9acca241425f	0	0	0	0	0	0	0	0	0	0	63	0	0	0
b772f9ae29bbb0dd57ee93e02c276e5c	0	0	0	0	0	0	0	0	0	0	63	0	0	0
a91d454952c326873d1b1396c4f6140e	0	0	0	0	0	0	0	0	0	0	0	63	0	0
fdbb253bf29e95c2851c7224c604af2d	0	0	0	0	0	0	0	0	0	0	0	0	63	0
624f82f63ae8b5513633610b608ad957	0	0	0	0	0	0	0	0	0	0	0	0	63	0
9cfb48ad14974ab0e0d7224e786138a1	0	62	0	0	0	0	0	0	0	0	0	0	0	0
7a58f310228f8ed9ee1fe34951dbfc4f	0	62	0	0	0	0	0	0	0	0	0	0	0	0
fcad212ec9ca292f4e0f19dbad8caec4	0	62	0	0	0	0	0	0	0	0	0	0	0	0
edbd9a17c306d433307e5e606ec76a09	0	62	0	0	0	0	0	0	0	0	0	0	0	0
e98043023ce4df21dae59c08e2489624	0	25	37	0	0	0	0	0	0	0	0	0	0	0
7ae58a4d9e12b791b132f04ebdb7b13d	0	0	62	0	0	0	0	0	0	0	0	0	0	0
ac9c9056b56340f004bc84d2798e7737	0	0	52	0	0	10	0	0	0	0	0	0	0	0
8a2fcd10ab163398bae870ac62625cb9	0	0	45	0	0	17	0	0	0	0	0	0	0	0
1564620640a7167270cf2785cce72e07	0	0	42	0	0	20	0	0	0	0	0	0	0	0
9cab9aaf840e5997485e525fdaf2ec9c	0	0	26	0	0	17	0	19	0	0	0	0	0	0
3931b7b3fa28a685241307b57a050447	0	0	9	0	0	17	36	0	0	0	0	0	0	0
202af04a92ffdff628d1cc594062684c	0	0	0	62	0	0	0	0	0	0	0	0	0	0
56287d7041b776cdf0e33be5c386f0c9	0	0	0	62	0	0	0	0	0	0	0	0	0	0
2ab93f20d3ed8f449fd712fd300c1e49	0	0	0	62	0	0	0	0	0	0	0	0	0	0
5e8e15b178132e0ca10abba7a8a3a8a4	0	0	0	62	0	0	0	0	0	0	0	0	0	0
99a582a33e737464ac372e1f12b45bb3	0	0	0	62	0	0	0	0	0	0	0	0	0	0
f532e839168ecc307b27ee4e5835b7fc	0	0	0	62	0	0	0	0	0	0	0	0	0	0
26052bff61427c251351e4bb05e90f5e	0	0	0	62	0	0	0	0	0	0	0	0	0	0
cac52e62c2ad2154f0cffb2502b08029	0	0	0	46	0	0	0	0	0	0	0	0	0	16
9f8ea7d4d4235d793771564238d1ec0f	0	0	0	0	62	0	0	0	0	0	0	0	0	0
c9c5ede2a82522a08615bc593d19a848	0	0	0	0	62	0	0	0	0	0	0	0	0	0
475032bfe757c3ec691789f065b48966	0	0	0	0	0	62	0	0	0	0	0	0	0	0
cb232a38fe8f6efa09159f62aeaa0bed	0	0	0	0	0	0	62	0	0	0	0	0	0	0
b8ec31e5db51747d4ba7d9c595d15a22	0	0	0	0	0	0	62	0	0	0	0	0	0	0
858f7d2dd3e9868f9f99162e7e56b634	0	0	0	0	0	0	62	0	0	0	0	0	0	0
2df37a62e6e0d57b73d13fafc1c73167	0	0	0	0	0	0	0	49	0	0	0	0	0	13
3b3a5ffdeff5f5c318ce4cdfafe38903	0	0	0	0	0	0	0	0	0	0	62	0	0	0
54bbb802881f30ce713c8e09dc6fd8ee	0	0	0	0	0	0	0	0	0	0	0	62	0	0
99ffe5c63e1b8b7d0810567c5a0cdc8e	0	0	0	0	0	0	0	0	0	0	0	0	62	0
9c748536d9563c59a3a34fcff2a9c0e1	0	0	0	0	0	0	0	0	0	0	0	0	62	0
7f480a32c681f1a1a800d6f5630804bf	0	0	0	0	0	0	0	0	0	0	0	0	62	0
aeee227bd6fd516f629c3193d5a6c959	0	61	0	0	0	0	0	0	0	0	0	0	0	0
7d8054c18f525ff0377f96ed14adbaba	0	61	0	0	0	0	0	0	0	0	0	0	0	0
b2482d005b2f6d3e822de35df67c6273	0	61	0	0	0	0	0	0	0	0	0	0	0	0
7de8b73410a6011068def0052fbd2f29	0	61	0	0	0	0	0	0	0	0	0	0	0	0
b47f73efcb4953bfd80307d0f3327057	0	61	0	0	0	0	0	0	0	0	0	0	0	0
0713abf3c691291b077c0e290736c3c7	0	61	0	0	0	0	0	0	0	0	0	0	0	0
14cbe906beaae577a2f9bbe2b7d5cc90	0	61	0	0	0	0	0	0	0	0	0	0	0	0
dd94102ad56cc915c0d836238db43374	0	61	0	0	0	0	0	0	0	0	0	0	0	0
0dfe17c6e4c6dc4c0879d3610bdd3126	0	55	0	0	0	6	0	0	0	0	0	0	0	0
37b064d05c3f90e33e3d82ecfdb202d2	0	0	61	0	0	0	0	0	0	0	0	0	0	0
a282f3f4fcbb7fed981122d12b0bac7a	0	0	61	0	0	0	0	0	0	0	0	0	0	0
aa34e76b25efa361f49f8e400f4df0df	0	0	61	0	0	0	0	0	0	0	0	0	0	0
73011c14a53b712fb7699dee555fa30b	0	0	61	0	0	0	0	0	0	0	0	0	0	0
6a0733d58dd961c31a647574e97d35f7	0	0	61	0	0	0	0	0	0	0	0	0	0	0
ff84da080bcca1159c054eda1780bd19	0	0	55	0	0	6	0	0	0	0	0	0	0	0
24811b099cdf76d6f609db41513bb989	0	0	22	0	0	21	18	0	0	0	0	0	0	0
949d3cebd85ebe67ee3c5129c084615b	0	0	0	61	0	0	0	0	0	0	0	0	0	0
839e81011a3fd070e6ae83feba1e95ea	0	0	0	61	0	0	0	0	0	0	0	0	0	0
74aad3eee68ce920f86599c0d26fef9a	0	0	0	61	0	0	0	0	0	0	0	0	0	0
57b13d6fb78f92574a030430bb0af661	0	0	0	61	0	0	0	0	0	0	0	0	0	0
51fe577e1b431477334f109240c5a9e7	0	0	0	61	0	0	0	0	0	0	0	0	0	0
9c833cbd23d07e67aedb7ec5bcf69c50	0	0	0	61	0	0	0	0	0	0	0	0	0	0
759940632e47dc2be1086d6eff48d1f3	0	0	0	61	0	0	0	0	0	0	0	0	0	0
830492385bea28132bb13138c787921e	0	0	0	61	0	0	0	0	0	0	0	0	0	0
9f15be7f383ee722c3f4384565252bdd	0	0	0	61	0	0	0	0	0	0	0	0	0	0
3a048ebe1e3fa68affa6313eda2f7976	0	0	0	61	0	0	0	0	0	0	0	0	0	0
c64f3bc990774466ac456b5bec3b5fcf	0	0	0	0	61	0	0	0	0	0	0	0	0	0
eec972735c65d500c86d3f8bfddd9f7a	0	0	0	0	61	0	0	0	0	0	0	0	0	0
b93e09e43126d0ab3070a4006494f9d3	0	0	0	0	0	61	0	0	0	0	0	0	0	0
1d7ecd916b4d9a57c9f1c9a1e7d0126e	0	0	0	0	0	61	0	0	0	0	0	0	0	0
1b48366a1707af089231bcbc41307974	0	0	0	0	0	0	61	0	0	0	0	0	0	0
8c07acecea453e6737abf8100e0e1c8b	0	0	0	0	0	0	61	0	0	0	0	0	0	0
1648beb8519322cd4e3cab9c757f9df3	0	0	0	0	0	0	0	0	61	0	0	0	0	0
199c6d4128fb5c4555c968267dabc9ff	0	0	0	0	0	0	0	0	0	61	0	0	0	0
ab70d099d7df41734441188c09f5f460	0	0	0	0	0	0	0	0	0	61	0	0	0	0
1ffe5a4049cefc6aed7ec527e717efb0	0	0	0	0	0	0	0	0	0	0	0	61	0	0
b4cf88fdb77f6869e8b18dbd480896b4	0	0	0	0	0	0	0	0	0	0	0	61	0	0
9dae80b68d460a8e091b89d951c60e1c	0	0	0	0	0	0	0	0	0	0	0	61	0	0
d4b02a1d462cba8e617914d5fe3a5e60	0	0	0	0	0	0	0	0	0	0	0	0	61	0
0031559adf6b7fe75f0a23a3a37b1a71	0	0	0	0	0	0	0	0	0	0	0	0	61	0
4b126f44973a20359896b793b2926eea	0	0	0	0	0	0	0	0	0	0	0	0	61	0
af342d82c74ffdabe08019b5fae4d29c	0	60	0	0	0	0	0	0	0	0	0	0	0	0
f30b29b56a639998eb21a248d38ba138	0	60	0	0	0	0	0	0	0	0	0	0	0	0
57e568f6272425d37a0820969c85fd4d	0	60	0	0	0	0	0	0	0	0	0	0	0	0
3296f1a9fd584d5aab07a97fd8a0abec	0	60	0	0	0	0	0	0	0	0	0	0	0	0
92f083653dcd79e4a06e4c4717e0872c	0	60	0	0	0	0	0	0	0	0	0	0	0	0
220eb57df17fdb7789779d9fc21de37c	0	60	0	0	0	0	0	0	0	0	0	0	0	0
970671c706d7946eae0d2e06750cb927	0	60	0	0	0	0	0	0	0	0	0	0	0	0
07a08f7a265403e04dff7aa17166a94f	0	32	20	0	0	8	0	0	0	0	0	0	0	0
91e783377e9ecfb9104dc1e416638a31	0	27	33	0	0	0	0	0	0	0	0	0	0	0
ce453a47f24b4f4a1a13f319c3ef2e8b	0	26	34	0	0	0	0	0	0	0	0	0	0	0
f2211d898155555e667598f0490e59c9	0	0	60	0	0	0	0	0	0	0	0	0	0	0
3f7042043c5297a95ecec2f697c98e64	0	0	49	0	0	0	11	0	0	0	0	0	0	0
aa235b315fa709e59d4cf45eb86dd763	0	0	46	0	0	0	14	0	0	0	0	0	0	0
63ec13c16fd117d8db42acc716970b14	0	0	35	0	0	13	12	0	0	0	0	0	0	0
161a01a2a6b03dec7a504ee43451e695	0	0	0	60	0	0	0	0	0	0	0	0	0	0
12a6b69ad368baf5a5550ddd11b0698a	0	0	0	60	0	0	0	0	0	0	0	0	0	0
287521a91b6edbc0d1b6103024e494be	0	0	0	60	0	0	0	0	0	0	0	0	0	0
52efee3f88f267b3b9dc797f7dbcd63d	0	0	0	60	0	0	0	0	0	0	0	0	0	0
e6835785a1ea61d065f7b2818b31265f	0	0	0	60	0	0	0	0	0	0	0	0	0	0
529892fcf396a614494fe2e553587850	0	0	0	0	60	0	0	0	0	0	0	0	0	0
042262403c4150cc710986e9dee4d8f4	0	0	0	0	60	0	0	0	0	0	0	0	0	0
f13b58ea0b6a7f07ca5f0a28b3b78fff	0	0	0	0	0	60	0	0	0	0	0	0	0	0
e4f3356eda46f6f827954ee1bbaa2783	0	0	0	0	0	60	0	0	0	0	0	0	0	0
d6120666d247f546ce45c40113c53513	0	0	0	0	0	60	0	0	0	0	0	0	0	0
39166d6da8e93e48811e20b0348a55ac	0	0	0	0	0	42	18	0	0	0	0	0	0	0
cd5018949256a0331c77562a8dd4a5b2	0	0	0	0	0	0	60	0	0	0	0	0	0	0
af98cd310908d29d3031c4702fa19fd9	0	0	0	0	0	0	60	0	0	0	0	0	0	0
8752699302b39dfb9ba91605a532e75c	0	0	0	0	0	0	0	60	0	0	0	0	0	0
e132d628d9ed86b1c3b6bb4ce5c14e26	0	0	0	0	0	0	0	0	60	0	0	0	0	0
fc507638a24285ecd4426f9a4439c53b	0	0	0	0	0	0	0	0	0	0	0	60	0	0
55b56862f90f2095f04c67f59895ebcf	0	0	0	0	0	0	0	0	0	0	0	0	60	0
a4fbb646d39c051da520601a80d6bcc7	0	0	0	0	0	0	0	0	0	0	0	0	60	0
cc11393520344af2b66bb7b0cc5ec83b	0	0	0	0	0	0	0	0	0	0	0	0	0	60
42561f4443548a76058affb1c2d1fea2	0	0	0	0	0	0	0	0	0	0	0	0	0	60
174811607fbe8a8d4462a85d8ad701ee	0	59	0	0	0	0	0	0	0	0	0	0	0	0
d20354d65eafa7ef02c8e2e85f90194e	0	59	0	0	0	0	0	0	0	0	0	0	0	0
a2d514366cf62865e613337b13162fc1	0	59	0	0	0	0	0	0	0	0	0	0	0	0
44853ee8060c9d735839c4a945482ea3	0	59	0	0	0	0	0	0	0	0	0	0	0	0
9181173c784f23d3994eb2d04d956755	0	59	0	0	0	0	0	0	0	0	0	0	0	0
16499b298051ae00d57b9b067e42cb41	0	0	59	0	0	0	0	0	0	0	0	0	0	0
3396f42435e91d7beb584751e756518b	0	0	59	0	0	0	0	0	0	0	0	0	0	0
47325335b9701f31565333b19c194dff	0	0	59	0	0	0	0	0	0	0	0	0	0	0
0fb982534f1375aabbc259b173ce0784	0	0	47	0	0	12	0	0	0	0	0	0	0	0
51515484638cb048c2316738ad8fffa2	0	0	37	0	0	0	0	22	0	0	0	0	0	0
fb0b208aa81af94dbca0b136a5f8ad73	0	0	23	0	0	23	13	0	0	0	0	0	0	0
386930074794a2219f7a4fdbd7148f29	0	0	0	59	0	0	0	0	0	0	0	0	0	0
d938cb69833faed318dc2d3e581cc8f5	0	0	0	59	0	0	0	0	0	0	0	0	0	0
7770bb73f26c165c4bebbeb718419c9d	0	0	0	59	0	0	0	0	0	0	0	0	0	0
8763dff1ec44f5c424768399162870a1	0	0	0	0	59	0	0	0	0	0	0	0	0	0
1982dfb0d1ea8c4561722a869e9a22db	0	0	0	0	59	0	0	0	0	0	0	0	0	0
d90a4505481c1994c8d1b020d2f76280	0	0	0	0	0	59	0	0	0	0	0	0	0	0
e3067c4634fc3c0495bd5df886d619c5	0	0	0	0	0	59	0	0	0	0	0	0	0	0
38ed8cac5f6124a3c9f54a2c608c0753	0	0	0	0	0	0	59	0	0	0	0	0	0	0
731c9991faa6c493207143f83376f26b	0	0	0	0	0	0	59	0	0	0	0	0	0	0
bc3e4cabbfb8aaaf020765de157e541f	0	0	0	0	0	0	59	0	0	0	0	0	0	0
c4d5f6ebfdffd44ef0e8d0c151a33a66	0	0	0	0	0	0	0	59	0	0	0	0	0	0
b0bae47560f98e83ecc122e37dd36059	0	0	0	0	0	0	0	59	0	0	0	0	0	0
fb18a25d53c5a9d6444d6d99fdeec820	0	0	0	0	0	0	0	0	59	0	0	0	0	0
888a68d74986df91ab45efeea6c363a2	0	0	0	0	0	0	0	0	59	0	0	0	0	0
9e4d83ed38f50cbf2f62e7178914e257	0	0	0	0	0	0	0	0	59	0	0	0	0	0
73a469f075acb389837393808583644e	0	0	0	0	0	0	0	0	0	59	0	0	0	0
621b7173aec400c2321a7acbc182f5aa	0	0	0	0	0	0	0	0	0	0	59	0	0	0
173b3c895d2933d442e2b8b3f8e9bf3e	0	0	0	0	0	0	0	0	0	0	59	0	0	0
9817dc8dedfd984a689964af8849d3de	0	0	0	0	0	0	0	0	0	0	0	59	0	0
abce5034399ffeb9511af5393a6f77da	0	0	0	0	0	0	0	0	0	0	0	0	59	0
25dff80d6709b433bd60923cff7639bc	0	0	0	0	0	0	0	0	0	0	0	0	59	0
d237961dc79b8a411f0dee0d017a2d75	0	0	0	0	0	0	0	0	0	0	0	0	59	0
b87e53444e07ff6da89896da6fcd54a4	0	0	0	0	0	0	0	0	0	0	0	0	59	0
c73d4ed06d868bd0d4d9df16f415c259	0	0	0	0	0	0	0	0	0	0	0	0	59	0
89730225da2709159ac3e45a42a68564	0	0	0	0	0	0	0	0	0	0	0	0	59	0
3a5304f1bc672b4708c37c0a8cf0115b	0	58	0	0	0	0	0	0	0	0	0	0	0	0
e4df430d6e2a34aa73b35b8bda927c83	0	58	0	0	0	0	0	0	0	0	0	0	0	0
0a572b1c4bf1b532972acfcea8b452a9	0	58	0	0	0	0	0	0	0	0	0	0	0	0
831251d222cc62145ae9393d6c0ad21c	0	58	0	0	0	0	0	0	0	0	0	0	0	0
6dacb48ea391da8f1daee542ec766638	0	58	0	0	0	0	0	0	0	0	0	0	0	0
a49999fe473b9ef2da639101a465238d	0	58	0	0	0	0	0	0	0	0	0	0	0	0
be7897208696deaba85e26b36475c8e7	0	58	0	0	0	0	0	0	0	0	0	0	0	0
bd114dd0c710b46a95eb28053250e7a1	0	28	20	0	0	4	6	0	0	0	0	0	0	0
f5e8a91ca46b47adf965d71c261308cb	0	0	58	0	0	0	0	0	0	0	0	0	0	0
1c832e3d6d63ba969cac4fe0324408d3	0	0	58	0	0	0	0	0	0	0	0	0	0	0
d9c2e74446b3a67005905c88c082589d	0	0	58	0	0	0	0	0	0	0	0	0	0	0
d899544d400f9ce824e8a4a08d45419b	0	0	58	0	0	0	0	0	0	0	0	0	0	0
8191fec3e6b49150921a3da615148ca5	0	0	58	0	0	0	0	0	0	0	0	0	0	0
783304347249bc985bad8a5d1859e32a	0	0	53	0	0	5	0	0	0	0	0	0	0	0
35e5dd8f894d58a321ce3ce6641a3b09	0	0	38	0	0	20	0	0	0	0	0	0	0	0
acc6ccc00e2b179a559543cd7db67e26	0	0	0	58	0	0	0	0	0	0	0	0	0	0
42ce026ed560c9546cd44b50c496376b	0	0	0	58	0	0	0	0	0	0	0	0	0	0
9d094e92efd5e57cd90c17b8210b260f	0	0	0	0	58	0	0	0	0	0	0	0	0	0
b3de037f66ae138a984e97596b22acc6	0	0	0	0	58	0	0	0	0	0	0	0	0	0
d45a7acf77ef29d0fa840bc8f0acd3d3	0	0	0	0	58	0	0	0	0	0	0	0	0	0
de03a2f6218960d55e23cb0c3e5e643e	0	0	0	0	58	0	0	0	0	0	0	0	0	0
dafd0cdf704bf1cd2217cf5e01fac233	0	0	0	0	58	0	0	0	0	0	0	0	0	0
d98d8bca0c82da63ba7a82c90bb92ed3	0	0	0	0	0	0	58	0	0	0	0	0	0	0
1cfd20c8b6a20be2d2a4444fe68d4983	0	0	0	0	0	0	58	0	0	0	0	0	0	0
73bedfa2e6898272116139ee9cb5f884	0	0	0	0	0	0	0	58	0	0	0	0	0	0
618291357573cce6a208976be90a26f3	0	0	0	0	0	0	0	0	58	0	0	0	0	0
7217f3f10fc83f10464d951daed87590	0	0	0	0	0	0	0	0	58	0	0	0	0	0
6a9dec597ae923644517ac8d797ae7ed	0	0	0	0	0	0	0	0	0	58	0	0	0	0
584e6be7d4ef08c5acf01f8fcb2e2327	0	0	0	0	0	0	0	0	0	58	0	0	0	0
1cf91a0f9ddeb91695668f7e908336df	0	0	0	0	0	0	0	0	0	58	0	0	0	0
3b59fd3ddf5c952af4af7e5d0d54444d	0	0	0	0	0	0	0	0	0	58	0	0	0	0
b986300f09065faba4c7b26b77c7dfd0	0	0	0	0	0	0	0	0	0	58	0	0	0	0
68a589de7fe0718f92577bcdcb0a3cd7	0	0	0	0	0	0	0	0	0	58	0	0	0	0
c874178c8201843a465a9a3d09b518a0	0	0	0	0	0	0	0	0	0	0	0	0	58	0
9d8b5c9726204ae6f7dab8848066aa07	0	0	0	0	0	0	0	0	0	0	0	0	58	0
f0db5d63caf4d0ec31a618e46c838de5	0	57	0	0	0	0	0	0	0	0	0	0	0	0
97968b536d2e57c34fcfa41a13f73bb8	0	57	0	0	0	0	0	0	0	0	0	0	0	0
71d40262ddf1bca7f896e34c8578b100	0	57	0	0	0	0	0	0	0	0	0	0	0	0
f7df688e96c1d60eca4a6ad2c31d9e1c	0	57	0	0	0	0	0	0	0	0	0	0	0	0
06f856c565375f4830e6b3a70dbd3953	0	57	0	0	0	0	0	0	0	0	0	0	0	0
64d767d4fe460d3e3ae6447b3ded0564	0	57	0	0	0	0	0	0	0	0	0	0	0	0
d26f9f2b588df3d60abaf3859be85c9f	0	57	0	0	0	0	0	0	0	0	0	0	0	0
fc0c5627f863a32a7256e78d684280a5	0	57	0	0	0	0	0	0	0	0	0	0	0	0
3a9fe1b82fb0c9a17f96d2339cb975ed	0	40	14	0	0	3	0	0	0	0	0	0	0	0
eeef90ee28d9914a30e604c2e7172915	0	38	19	0	0	0	0	0	0	0	0	0	0	0
fb97297864cf47d6717a5c3865a18542	0	30	27	0	0	0	0	0	0	0	0	0	0	0
91174c796bdfca21b743d77bd2ded1d5	0	27	24	0	0	0	6	0	0	0	0	0	0	0
9b745763271f394349e252fc77f149ea	0	25	32	0	0	0	0	0	0	0	0	0	0	0
094811aa62b28cb9afaefa5ae642f158	0	18	39	0	0	0	0	0	0	0	0	0	0	0
d9b44d9086f0f9c7e59b33e355ad5fcf	0	13	44	0	0	0	0	0	0	0	0	0	0	0
901fbab61b4b35fc2cb9f6c4a42eed03	0	6	51	0	0	0	0	0	0	0	0	0	0	0
f413f1dafbde256753390f9cfc192e0e	0	0	57	0	0	0	0	0	0	0	0	0	0	0
7aae2b7b62014a866d861481e63b835d	0	0	57	0	0	0	0	0	0	0	0	0	0	0
a85e8497185f910f80954e98f2717d21	0	0	54	0	0	3	0	0	0	0	0	0	0	0
7c459e2d0c3beb58de6438c20566291e	0	0	51	0	0	0	6	0	0	0	0	0	0	0
4d1e7bb7e5ae853c7cf87607279921bc	0	0	42	0	0	7	8	0	0	0	0	0	0	0
3975b1a764bfe2cdeae71bcec3f795bd	0	0	41	0	0	16	0	0	0	0	0	0	0	0
020fb39dff58a0ea270bf87117586ff8	0	0	37	0	0	14	6	0	0	0	0	0	0	0
1dc4db3b237b3ab2e834c7a5e983be32	0	0	36	0	0	18	3	0	0	0	0	0	0	0
2df6385948aa84364f7ddab616b9ec73	0	0	30	0	0	27	0	0	0	0	0	0	0	0
5cbc2117bf24226cf4ccd8e864559fea	0	0	20	0	0	0	0	37	0	0	0	0	0	0
ca334ba59af5d1c676bea94eba468006	0	0	0	57	0	0	0	0	0	0	0	0	0	0
057e632d79cfe34e538276ca9d5b17ca	0	0	0	57	0	0	0	0	0	0	0	0	0	0
bbd2d2c414b87cb195a632746f929e05	0	0	0	57	0	0	0	0	0	0	0	0	0	0
7e1d4b9e382e8c6d24b6ca42a7edb730	0	0	0	0	57	0	0	0	0	0	0	0	0	0
ddbb3673ba70363425c5a64cc4e7f5ef	0	0	0	0	57	0	0	0	0	0	0	0	0	0
73f015b40bc9528684a37236eebb32aa	0	0	0	0	0	57	0	0	0	0	0	0	0	0
f043794e8f050e53090ee386f17292e5	0	0	0	0	0	57	0	0	0	0	0	0	0	0
74746ef0ec0be777f402600b159f7488	0	0	0	0	0	57	0	0	0	0	0	0	0	0
4bbe22f028f7d7ec48deabb30dc7dcb4	0	0	0	0	0	57	0	0	0	0	0	0	0	0
206797322625d9942604708e6b4340f1	0	0	0	0	0	0	57	0	0	0	0	0	0	0
395ed928987ca06cf35dd208f6c5c80f	0	0	0	0	0	0	57	0	0	0	0	0	0	0
84b2f0b4979c070ff977fa57465310de	0	0	0	0	0	0	0	57	0	0	0	0	0	0
0df5abf5e266423fa72181b29771bbba	0	0	0	0	0	0	0	57	0	0	0	0	0	0
702fa5a99271cb1f476f2cba7aad2ff9	0	0	0	0	0	0	0	0	57	0	0	0	0	0
c2d71ab064ab6bd18e453b2d5c044acc	0	0	0	0	0	0	0	0	57	0	0	0	0	0
94b3a4038cef2f63a728e3ac31ab542e	0	0	0	0	0	0	0	0	57	0	0	0	0	0
2ce22d69006c024c2a85aa7dfd880c5a	0	0	0	0	0	0	0	0	57	0	0	0	0	0
7f6109aa3a6b946848833758731e59aa	0	0	0	0	0	0	0	0	57	0	0	0	0	0
75b11c16768aa26b614ef4318b62fa10	0	0	0	0	0	0	0	0	0	57	0	0	0	0
79b48fbf2c33fc577640f6863c7b388f	0	0	0	0	0	0	0	0	0	57	0	0	0	0
9cef5571d894c96d743999879493f956	0	0	0	0	0	0	0	0	0	57	0	0	0	0
f2568bc0eb797a3d926948b44302ac29	0	0	0	0	0	0	0	0	0	57	0	0	0	0
af326f5e9d1136e0fc78208d45d9dbe9	0	0	0	0	0	0	0	0	0	0	57	0	0	0
7a1523a7f708982fd36f03409979e860	0	0	0	0	0	0	0	0	0	0	0	0	57	0
a1868f7b64986ee38104e4eee2d381f3	0	0	0	0	0	0	0	0	0	0	0	0	57	0
03ff01b8f41c8427bd3f05a275375b02	0	0	0	0	0	0	0	0	0	0	0	0	57	0
ee9840781641fa427d5d269307ccd70b	0	56	0	0	0	0	0	0	0	0	0	0	0	0
4eeda6a999739195a9235f022ebeac35	0	56	0	0	0	0	0	0	0	0	0	0	0	0
813fb7c7af95abd295ecf81384b89272	0	56	0	0	0	0	0	0	0	0	0	0	0	0
ad0c173faae1bc441de09ab84b021816	0	56	0	0	0	0	0	0	0	0	0	0	0	0
e05a82835cc8f1f9690fd7393a3291dd	0	56	0	0	0	0	0	0	0	0	0	0	0	0
cefb21763bbe751ea0278c76486eadd8	0	56	0	0	0	0	0	0	0	0	0	0	0	0
e4f62a1584e3be6630da1f5dd70fe899	0	56	0	0	0	0	0	0	0	0	0	0	0	0
ad196c1e0471e0e6091ae643f3b231e0	0	56	0	0	0	0	0	0	0	0	0	0	0	0
dd5ce8d0b040693d540cb5aaf1b9fb3b	0	56	0	0	0	0	0	0	0	0	0	0	0	0
4f14165d2ae9330a2e7e60da950a2505	0	50	0	0	0	0	6	0	0	0	0	0	0	0
6adb4b6d45bf7ea7753657c201a6e9bd	0	40	16	0	0	0	0	0	0	0	0	0	0	0
ea380085e583f67a83e9b42e3f801419	0	0	56	0	0	0	0	0	0	0	0	0	0	0
8ef4c01fc7c7c82e73eb0727c6c4426d	0	0	56	0	0	0	0	0	0	0	0	0	0	0
2cd1cbce19c11e7ba2f01695ed2f080a	0	0	56	0	0	0	0	0	0	0	0	0	0	0
e942dcfffa55de167302050f991eafa6	0	0	50	0	0	0	6	0	0	0	0	0	0	0
a7e88528ba6aae4299d4c271323da6ba	0	0	41	0	0	0	15	0	0	0	0	0	0	0
91fa18194455acf4d186106d918ed75e	0	0	39	0	0	17	0	0	0	0	0	0	0	0
cf69f5c88cc22fd70d0b3d68c2358d5a	0	0	39	0	0	17	0	0	0	0	0	0	0	0
15caf8581017e5f42ec79717de9f058b	0	0	0	56	0	0	0	0	0	0	0	0	0	0
d03f35539036e5db8caa01f50ffa23dd	0	0	0	56	0	0	0	0	0	0	0	0	0	0
532a264f546d8f5121978dd7dfb530fb	0	0	0	56	0	0	0	0	0	0	0	0	0	0
248e4a33510e06cc5e1e25480af69aa6	0	0	0	0	56	0	0	0	0	0	0	0	0	0
e86417c38dedd78a8a1f67dd18111491	0	0	0	0	56	0	0	0	0	0	0	0	0	0
ca55075eeb4648d2a9c07048aaa7f1bf	0	0	0	0	56	0	0	0	0	0	0	0	0	0
2968f862468b40662640570b4da7a315	0	0	0	0	56	0	0	0	0	0	0	0	0	0
a42b1aaf9083573a17d31721fedfd4de	0	0	0	0	56	0	0	0	0	0	0	0	0	0
a57eeac638d0fa06a1daabe0d68c437b	0	0	0	0	0	0	0	56	0	0	0	0	0	0
e3ededa50e667ed58ebe2034631433c0	0	0	0	0	0	0	0	0	56	0	0	0	0	0
5b38182ea3e4ceb0f05f686434108a03	0	0	0	0	0	0	0	0	0	56	0	0	0	0
cab20f855a9509512eee68e3cee11631	0	0	0	0	0	0	0	0	0	0	56	0	0	0
cec31be8c64ae51977f09fa248b7d231	0	0	0	0	0	0	0	0	0	0	56	0	0	0
7cc4e22a96c77128f0ebfee5424eea82	0	0	0	0	0	0	0	0	0	0	0	56	0	0
d1d7b520af632e936722160a696dc44b	0	0	0	0	0	0	0	0	0	0	0	0	56	0
9149100a81241aa9d61810730b836077	0	0	0	0	0	0	0	0	0	0	0	0	56	0
3dddb57be6e987b9ed80cf819a043b7f	0	0	0	0	0	0	0	0	0	0	0	0	0	56
df87b35e83c35820739385fb0326dcea	0	55	0	0	0	0	0	0	0	0	0	0	0	0
e9fdd51ca8b5460f3cdddeb109b0efbd	0	55	0	0	0	0	0	0	0	0	0	0	0	0
762160cf4504286beaf31f5f244dcc08	0	55	0	0	0	0	0	0	0	0	0	0	0	0
8eee5e50570f225d4c3ad4850a451924	0	55	0	0	0	0	0	0	0	0	0	0	0	0
8df5dd8f4a4c8f52a6b435e07647de74	0	55	0	0	0	0	0	0	0	0	0	0	0	0
d4f997bad17b4178331fbaad4d7be5f2	0	55	0	0	0	0	0	0	0	0	0	0	0	0
3c7767d7c2b4f3337544f1dc409bdece	0	55	0	0	0	0	0	0	0	0	0	0	0	0
ccda86454cb91d957ecbe5c825efac2a	0	18	37	0	0	0	0	0	0	0	0	0	0	0
b4cb53de017d87f775a1508748017cf3	0	0	55	0	0	0	0	0	0	0	0	0	0	0
bb008588e54c77941c78e0e22ed77c14	0	0	55	0	0	0	0	0	0	0	0	0	0	0
99763802010ad852365eb99254ffaf58	0	0	55	0	0	0	0	0	0	0	0	0	0	0
2b341de33124dbac2bdde3d77cc49f70	0	0	55	0	0	0	0	0	0	0	0	0	0	0
e9a2f35d130a2dc8ba2b069b8800f98d	0	0	55	0	0	0	0	0	0	0	0	0	0	0
a95b7533d0a50802aba6787ff3789de3	0	0	55	0	0	0	0	0	0	0	0	0	0	0
498fb4c64c4e982d9418f0b92092b15c	0	0	47	0	0	0	8	0	0	0	0	0	0	0
1618ed0901522fc14c5b708779beee39	0	0	38	0	0	12	5	0	0	0	0	0	0	0
2f4fc145dd701699b7a55a2a080d1fde	0	0	18	0	0	21	16	0	0	0	0	0	0	0
7e2e4c485ec881c3073cc6960f706711	0	0	0	55	0	0	0	0	0	0	0	0	0	0
a42324aaffb2c23f2a8a162cc19172b8	0	0	0	55	0	0	0	0	0	0	0	0	0	0
8540d418a760fd1976d1e62d5cc9d04e	0	0	0	55	0	0	0	0	0	0	0	0	0	0
8bd64bc5a0112da571625e14f15ca639	0	0	0	39	0	0	0	0	0	0	0	0	0	16
4c947e1262b75bf651b4b49019105468	0	0	0	0	55	0	0	0	0	0	0	0	0	0
64c54f1e26b0159934b557c3d1dca25d	0	0	0	0	55	0	0	0	0	0	0	0	0	0
91539b68c9d82522cdf5525a92474ef1	0	0	0	0	55	0	0	0	0	0	0	0	0	0
187669a37fff07e0ee2aebd01ad54d7c	0	0	0	0	0	55	0	0	0	0	0	0	0	0
dcc7b40d9b531127404a400684851ea3	0	0	0	0	0	55	0	0	0	0	0	0	0	0
a4baefe24caf79d198b3ee98de18c0e1	0	0	0	0	0	55	0	0	0	0	0	0	0	0
1e6106b0d02aa0fc3de9bb3f576f6508	0	0	0	0	0	0	55	0	0	0	0	0	0	0
53e403b69a636be20e81fe6450159985	0	0	0	0	0	0	55	0	0	0	0	0	0	0
0320c4df64da772fd85629a1be21cb6d	0	0	0	0	0	0	55	0	0	0	0	0	0	0
cf9003c944c06a3cdbe83e60eb6ecc65	0	0	0	0	0	0	0	55	0	0	0	0	0	0
66bdeea291d8c6355c376215b300fc88	0	0	0	0	0	0	0	0	55	0	0	0	0	0
ffce2592d88bef29968140d349649d86	0	0	0	0	0	0	0	0	55	0	0	0	0	0
96d55e8ba60b8ede7a962b6c6bf636d8	0	0	0	0	0	0	0	0	55	0	0	0	0	0
3fdca65ddaeaf95e92670e2a0c1a8080	0	0	0	0	0	0	0	0	0	55	0	0	0	0
6cdc509c39220448d768668c69216def	0	0	0	0	0	0	0	0	0	55	0	0	0	0
8571a1466d08f6330944683cc144019b	0	0	0	0	0	0	0	0	0	55	0	0	0	0
26d175bde40a101c745c2084f2d9607c	0	0	0	0	0	0	0	0	0	55	0	0	0	0
a23affb3c12dbfeca754dbf5574c7a10	0	0	0	0	0	0	0	0	0	0	55	0	0	0
f09dfa85e20e609f9288669bcdeeea49	0	0	0	0	0	0	0	0	0	0	0	55	0	0
838e66d613930a6b17329fae85af118d	0	0	0	0	0	0	0	0	0	0	0	55	0	0
7f1202361309f4f1934ac3b8fc8dfc3a	0	0	0	0	0	0	0	0	0	0	0	55	0	0
c4f51be3f91b67895f63c68f3f080de9	0	0	0	0	0	0	0	0	0	0	0	0	55	0
1e7d45f2fd2a1f4fbeb7abbe3bdbe4fc	0	0	0	0	0	0	0	0	0	0	0	0	0	55
897eb6b7d1448db786693d67589de397	0	0	0	0	0	0	0	0	0	0	0	0	0	55
f10abcfb58070db144ab557203b15112	0	54	0	0	0	0	0	0	0	0	0	0	0	0
c3f07b3c9a65276df156d896c2ebfc1f	0	54	0	0	0	0	0	0	0	0	0	0	0	0
bd82287ce4c1b5c7a9711a43dbe7b83e	0	54	0	0	0	0	0	0	0	0	0	0	0	0
20d67c241dc5833ccc2c7cb2a113f0e9	0	54	0	0	0	0	0	0	0	0	0	0	0	0
1cab635e7c86b403b682eeb99fc2ee49	0	54	0	0	0	0	0	0	0	0	0	0	0	0
a92c765e509d8227cbcf0cd651dbc544	0	25	29	0	0	0	0	0	0	0	0	0	0	0
0189c62b0b78af52bd9222f1de628c9e	0	23	31	0	0	0	0	0	0	0	0	0	0	0
063d94c7d1c5a720abe34529b2c1fd66	0	20	34	0	0	0	0	0	0	0	0	0	0	0
da96b85f1387b478e81182609f5a7903	0	12	35	0	0	7	0	0	0	0	0	0	0	0
a5563c0f5d3c671b3e13a71a092a0e7e	0	0	54	0	0	0	0	0	0	0	0	0	0	0
e9c4d59a1206754eea16f596abbc454e	0	0	54	0	0	0	0	0	0	0	0	0	0	0
5993995ddcdf9019128f8c3ff86e55e0	0	0	54	0	0	0	0	0	0	0	0	0	0	0
c89958ff461eab289971ca8fe9d5bddd	0	0	44	0	0	10	0	0	0	0	0	0	0	0
4bc7678a4f1b1e833debb4578309dee9	0	0	37	0	0	0	17	0	0	0	0	0	0	0
51732203df3d97b928b767d1957a61a1	0	0	35	0	0	19	0	0	0	0	0	0	0	0
a1b1aa4515ae6582d1cf107d3eab2e69	0	0	0	54	0	0	0	0	0	0	0	0	0	0
e742474f1fccdb6ba3a78c1b484d6020	0	0	0	54	0	0	0	0	0	0	0	0	0	0
392b48f67114b13a14216d27c4fc097a	0	0	0	54	0	0	0	0	0	0	0	0	0	0
b9d955b1b292aa5a423757c044911c26	0	0	0	54	0	0	0	0	0	0	0	0	0	0
ee743f36e61c8604eb2da10916d76c3b	0	0	0	54	0	0	0	0	0	0	0	0	0	0
19383b5e1ce201b7333cb250187d835c	0	0	0	54	0	0	0	0	0	0	0	0	0	0
1970b1109d02af55604cca172302d5f8	0	0	0	35	0	0	0	0	0	0	0	0	0	19
acaf36e1494834020b101ff6727967d0	0	0	0	0	54	0	0	0	0	0	0	0	0	0
04279cceda5a96bdc72ae2ffbb7bfca0	0	0	0	0	54	0	0	0	0	0	0	0	0	0
589fc0a3a16f75bd7ea33c11dbbc8033	0	0	0	0	54	0	0	0	0	0	0	0	0	0
2a2a4dc72f2c78a3604641a9ebc89d18	0	0	0	0	54	0	0	0	0	0	0	0	0	0
667053af11dd3765389a2de5b83cb8a5	0	0	0	0	54	0	0	0	0	0	0	0	0	0
f292b1be07cc4552d9e673ef4c3df89b	0	0	0	0	0	54	0	0	0	0	0	0	0	0
0219e573d48e87b988aed4b6707454cd	0	0	0	0	0	34	20	0	0	0	0	0	0	0
d04068e489bacd70ed5682c45e9149ca	0	0	0	0	0	0	54	0	0	0	0	0	0	0
4f9c2f413f4f0241049aa2612e8a2627	0	0	0	0	0	0	54	0	0	0	0	0	0	0
e834484f449e2b10a16cb629aefe1bb7	0	0	0	0	0	0	5	49	0	0	0	0	0	0
68940b6c89bddc738dcf10065672960a	0	0	0	0	0	0	0	0	54	0	0	0	0	0
80677c2ec9131b63dc2f3f7241d8b721	0	0	0	0	0	0	0	0	54	0	0	0	0	0
13dca359e668ad2e1d81cc5139bba007	0	0	0	0	0	0	0	0	54	0	0	0	0	0
a1aebf4ca8fdfa2a50de28856b301124	0	0	0	0	0	0	0	0	0	54	0	0	0	0
b3afeeb98c2280d596a31af604fc97d1	0	0	0	0	0	0	0	0	0	54	0	0	0	0
8efe36a429c78a82750386ae4b5e6783	0	0	0	0	0	0	0	0	0	54	0	0	0	0
cd023f5beb50d629a92fb42fedb87c07	0	0	0	0	0	0	0	0	0	54	0	0	0	0
43bd88b484f6710f039a74bbf64832d7	0	0	0	0	0	0	0	0	0	0	54	0	0	0
d9195170cd68bcc0ce587b99767c09bf	0	0	0	0	0	0	0	0	0	0	0	0	54	0
3e3094f2cd1d37b658d59276c1b32cef	0	0	0	0	0	0	0	0	0	0	0	0	0	54
896e5350bb9e8e2e6e8b9b9963241c0b	0	53	0	0	0	0	0	0	0	0	0	0	0	0
a6b99cfcf1d1a55e2ea3cd2967594748	0	53	0	0	0	0	0	0	0	0	0	0	0	0
2cec7ae63719b285cfd030402ee3c8a3	0	53	0	0	0	0	0	0	0	0	0	0	0	0
eec651e7055e1f540bc4e27f56e39ef7	0	53	0	0	0	0	0	0	0	0	0	0	0	0
2888315e5b5335981560a1a0bf327ae8	0	53	0	0	0	0	0	0	0	0	0	0	0	0
15f240607ab03d7a97c9766b1fd0f4ee	0	53	0	0	0	0	0	0	0	0	0	0	0	0
ba96d8893d4d1e2bb7346a925ef60f51	0	43	0	0	0	0	10	0	0	0	0	0	0	0
54afc341123d6120486ab8936f1c5c62	0	33	20	0	0	0	0	0	0	0	0	0	0	0
585f5122c994699aba7fe0db524d0b71	0	22	17	0	0	0	14	0	0	0	0	0	0	0
c50158c020d41cf678456f4fbf9e7b64	0	0	53	0	0	0	0	0	0	0	0	0	0	0
7dfb4abdfd620b0dcc287e2b3379522e	0	0	53	0	0	0	0	0	0	0	0	0	0	0
c4eb47c25fe88906b01aac4e714b07d0	0	0	47	0	0	0	6	0	0	0	0	0	0	0
f79794950fa1aab0f67383a2afe84b09	0	0	44	0	0	9	0	0	0	0	0	0	0	0
17b871f08ab33bd62dc963333bd938e1	0	0	41	0	0	7	5	0	0	0	0	0	0	0
eb1a6217c7632fe92e9fc6783b72344b	0	0	34	0	0	8	11	0	0	0	0	0	0	0
3d5c61ca9e1a67bf3b5bfaa2386fdb50	0	0	0	53	0	0	0	0	0	0	0	0	0	0
2b192067101244e8a36ed94e86b0a45a	0	0	0	53	0	0	0	0	0	0	0	0	0	0
c48e77c83e787010560c216e74028357	0	0	0	53	0	0	0	0	0	0	0	0	0	0
40b3b2ba9a2ca05a6a39e0f761273fb6	0	0	0	0	53	0	0	0	0	0	0	0	0	0
1b8d62f88f3c99bdc0c9c5a2c7261c1b	0	0	0	0	53	0	0	0	0	0	0	0	0	0
5a8dfb3e7b8e1e1ef9203ad21a2d0bb9	0	0	0	0	53	0	0	0	0	0	0	0	0	0
21800f7340f19af77b83faa8aef65947	0	0	0	0	0	53	0	0	0	0	0	0	0	0
3458f195e4be5f9488569e304cf73e29	0	0	0	0	0	53	0	0	0	0	0	0	0	0
11abb1791a3912736f90e5c99ebbf143	0	0	0	0	0	0	53	0	0	0	0	0	0	0
203d2bba38d0ec2e580c0472115484e3	0	0	0	0	0	0	53	0	0	0	0	0	0	0
f6e64e65bf0c0915ce888e992bece9dc	0	0	0	0	0	0	0	53	0	0	0	0	0	0
5a3ec87986ba82c780478d486fff0a75	0	0	0	0	0	0	0	0	53	0	0	0	0	0
3a5edd7929b581424979952342664f63	0	0	0	0	0	0	0	0	53	0	0	0	0	0
25797710ef1ce7ca833fc6c6cc87631d	0	0	0	0	0	0	0	0	53	0	0	0	0	0
54baa89610a5dff2230421571a297e89	0	0	0	0	0	0	0	0	0	53	0	0	0	0
160f4ec16ccfb33a0ec42ab5ebb5010c	0	0	0	0	0	0	0	0	0	0	53	0	0	0
0fa94ca67fd3d7f5cd0f1176f68f067c	0	0	0	0	0	0	0	0	0	0	53	0	0	0
665ac395ac4f29e9b3f303d3a14c319d	0	0	0	0	0	0	0	0	0	0	0	0	53	0
004acb2e750ed10f4fcdde918a98925e	0	0	0	0	0	0	0	0	0	0	0	0	0	53
555348859ccfaf7b919a9a535902cfe8	0	0	0	0	0	0	0	0	0	0	0	0	0	53
3cd3b31ed6cf5074abdd635dda50993f	0	52	0	0	0	0	0	0	0	0	0	0	0	0
7fba1bfeeddce504d5a97b9cd9afdc92	0	52	0	0	0	0	0	0	0	0	0	0	0	0
5aa726d6ec494c8c849815a397bac9d2	0	52	0	0	0	0	0	0	0	0	0	0	0	0
201b2f8cc5eb5e2845986f42432e483f	0	52	0	0	0	0	0	0	0	0	0	0	0	0
6579225d9a18e20ff1f73c895f5a2bd8	0	52	0	0	0	0	0	0	0	0	0	0	0	0
d61cf68c4f202299b5d9ff693491b11e	0	52	0	0	0	0	0	0	0	0	0	0	0	0
82fe76546c39f96f73777489a7a021e3	0	52	0	0	0	0	0	0	0	0	0	0	0	0
1e9311f41d93a887434000f085cf0d6b	0	52	0	0	0	0	0	0	0	0	0	0	0	0
57df85a30e969a017d54dfeb588149e1	0	52	0	0	0	0	0	0	0	0	0	0	0	0
bc7928a430b8b60bbb86f43f1ea0ca8c	0	52	0	0	0	0	0	0	0	0	0	0	0	0
e9c8d296dd8b654866c0941c9d8d5f3e	0	52	0	0	0	0	0	0	0	0	0	0	0	0
57edd3d79e6c2de2d17a78dbf43c71a8	0	52	0	0	0	0	0	0	0	0	0	0	0	0
09ddb050279b22e1dc47763a2fb52a43	0	22	30	0	0	0	0	0	0	0	0	0	0	0
3505043a96236f12f0249d2c4f231e46	0	7	34	0	0	0	11	0	0	0	0	0	0	0
6cd3c7055667f7cb7b801cf306df837c	0	0	52	0	0	0	0	0	0	0	0	0	0	0
62c11b36d0338fff9aba95ff76180a92	0	0	52	0	0	0	0	0	0	0	0	0	0	0
89bc0c6cc26b906373c6f403a7446b81	0	0	52	0	0	0	0	0	0	0	0	0	0	0
f38b69e504b247577ebc092239f89a6d	0	0	52	0	0	0	0	0	0	0	0	0	0	0
a7d04a7df4468f3ca9c5dc7b1e2b9603	0	0	40	0	0	12	0	0	0	0	0	0	0	0
cab6584985dae5910de2b07b3222d586	0	0	37	0	0	15	0	0	0	0	0	0	0	0
5b73df18ce67f89286869aa410c4a8c4	0	0	35	0	0	17	0	0	0	0	0	0	0	0
5840978e3b0f877ff0e0111422d51524	0	0	19	33	0	0	0	0	0	0	0	0	0	0
b37cb797c82cf4a73592a07e996732ad	0	0	0	52	0	0	0	0	0	0	0	0	0	0
faf93d86614ca6cea7ff754a55d9d30e	0	0	0	52	0	0	0	0	0	0	0	0	0	0
b221c7ba3ddf9eeef3f17a21840bf23b	0	0	0	52	0	0	0	0	0	0	0	0	0	0
934e078dd6a90f8f59c18dfaa3350362	0	0	0	52	0	0	0	0	0	0	0	0	0	0
37d51aeb7e95d1b28c615acca5d9053d	0	0	0	0	52	0	0	0	0	0	0	0	0	0
f552c1dd0e1fafb2474f251d02c01733	0	0	0	0	52	0	0	0	0	0	0	0	0	0
cfb48458fffd8b48db08dd12bc0c8064	0	0	0	0	52	0	0	0	0	0	0	0	0	0
56f9dba6766532726b6091c2276d8d46	0	0	0	0	52	0	0	0	0	0	0	0	0	0
74297d7ccd2ddd751170fb27735f0366	0	0	0	0	0	52	0	0	0	0	0	0	0	0
5346e302cda8f7a7e33c1a843ce76e7c	0	0	0	0	0	52	0	0	0	0	0	0	0	0
03b387769cb25527f314914842bdc383	0	0	0	0	0	0	52	0	0	0	0	0	0	0
c0f19e343e97dc381302b5e599c9aaa7	0	0	0	0	0	0	0	0	52	0	0	0	0	0
be35536ab944fd75cd22c1736a709aea	0	0	0	0	0	0	0	0	0	0	0	0	52	0
b03883039d6c0653241bac5ea218b52a	0	0	0	0	0	0	0	0	0	0	0	0	0	52
7392af4b6a84b5f3f7d56d20ce65ca3d	0	0	0	0	0	0	0	0	0	0	0	0	0	52
4b04e6846210eecc98ee30b266e4e6b8	0	0	0	0	0	0	0	0	0	0	0	0	0	52
42df077862a4d2ac39fb1dc6ad6958c6	0	0	0	0	0	0	0	0	0	0	0	0	0	52
15ed8287d2f04e62847d5fcdf0382ab0	0	0	0	0	0	0	0	0	0	0	0	0	0	52
71860f5b36fdf3eaff0b2a3d03801c3d	0	51	0	0	0	0	0	0	0	0	0	0	0	0
1c24f8980c0cdc20b7742f074c72a275	0	51	0	0	0	0	0	0	0	0	0	0	0	0
823245345cf00f8814e42116f7f51c4d	0	51	0	0	0	0	0	0	0	0	0	0	0	0
711a4019d22090373733f8749a4990c2	0	51	0	0	0	0	0	0	0	0	0	0	0	0
63e69e6e757c4e0d1cfdbf3e2c908f45	0	51	0	0	0	0	0	0	0	0	0	0	0	0
a05a0df77b37faba18a74a6ca9ca615c	0	51	0	0	0	0	0	0	0	0	0	0	0	0
9efc7236123cf33d5708b584dedf6e59	0	51	0	0	0	0	0	0	0	0	0	0	0	0
48b3cf765f13cdec4a4551c60b26c8d2	0	51	0	0	0	0	0	0	0	0	0	0	0	0
3565be8389fcd95155d50de883fec675	0	51	0	0	0	0	0	0	0	0	0	0	0	0
8762a894623839e4681d33f059770319	0	28	17	0	0	6	0	0	0	0	0	0	0	0
fc421dcfee59fc93a5f590607bd38830	0	24	27	0	0	0	0	0	0	0	0	0	0	0
631b06df7d27c653e7bf941b62d7e245	0	0	51	0	0	0	0	0	0	0	0	0	0	0
b0c8645c1de2518e32c2822f0a03ed17	0	0	40	0	0	0	0	11	0	0	0	0	0	0
dd7686fe35572f4bd2410fbc7a541850	0	0	35	0	0	1	0	0	0	0	0	0	0	15
e877cebcec168e1929a8eddc33c0a72c	0	0	32	0	0	12	7	0	0	0	0	0	0	0
b33cafb0d2be95cb74ffd3a9990bcaaa	0	0	32	0	0	6	13	0	0	0	0	0	0	0
d5fc034e1ffbdd155cfc74425e60bf4f	0	0	32	0	0	19	0	0	0	0	0	0	0	0
60869040f8a5c7799e4bfabd688f02d8	0	0	31	0	0	14	6	0	0	0	0	0	0	0
e0b23edf52dc8ae1a63692943483cea9	0	0	15	0	0	36	0	0	0	0	0	0	0	0
4045145555525368b57e929de3c69d6f	0	0	0	51	0	0	0	0	0	0	0	0	0	0
7dfd8c9c407036dd96d8afe1bbd52123	0	0	0	51	0	0	0	0	0	0	0	0	0	0
4f2cea409f6299b4b1c33363cf68a09e	0	0	0	51	0	0	0	0	0	0	0	0	0	0
973231255f7eec3f9e55fdbfbb7b7e9c	0	0	0	0	51	0	0	0	0	0	0	0	0	0
12f84b849111b2d5df6e76f7ba94a8df	0	0	0	0	51	0	0	0	0	0	0	0	0	0
bae7140de2ad39f1de5140b8b309e50a	0	0	0	0	51	0	0	0	0	0	0	0	0	0
d76a2a551e26a5236948366aac26c5cf	0	0	0	0	51	0	0	0	0	0	0	0	0	0
38e33f4ffc15ba11e7686a63caaefadc	0	0	0	0	51	0	0	0	0	0	0	0	0	0
c6087139c8ae5ccff57dedbd613b7863	0	0	0	0	0	51	0	0	0	0	0	0	0	0
f8fb5f94601cbfbc33122d4355beddc2	0	0	0	0	0	51	0	0	0	0	0	0	0	0
003cd038d01435f735583f606fb8baf4	0	0	0	0	0	51	0	0	0	0	0	0	0	0
a87bc4377dcc57229048083083909b0c	0	0	0	0	0	0	51	0	0	0	0	0	0	0
4ea548a6ba62cddcf8bc235d95162b41	0	0	0	0	0	0	0	0	0	51	0	0	0	0
86b20a93cd282fca2418b268da51c1d4	0	0	0	0	0	0	0	0	0	0	0	0	51	0
c367078c57db0522da6951a5aebe083e	0	0	0	0	0	0	0	0	0	0	0	0	0	51
4445b31ca9aad1e596a0416540a801cf	0	50	0	0	0	0	0	0	0	0	0	0	0	0
6b478ea37b19110bb5aa69a0af5709e5	0	50	0	0	0	0	0	0	0	0	0	0	0	0
0f5c1d8bc6c4d8de7105c46f760e7df9	0	50	0	0	0	0	0	0	0	0	0	0	0	0
0677d29decdfb2356b65302c5505bb55	0	50	0	0	0	0	0	0	0	0	0	0	0	0
9eff11b04260c7f67087e4789ecc0623	0	50	0	0	0	0	0	0	0	0	0	0	0	0
908c578267a9f8851725604a7863156d	0	50	0	0	0	0	0	0	0	0	0	0	0	0
d9bd4d29461e7201ade44ec0f936fc13	0	50	0	0	0	0	0	0	0	0	0	0	0	0
26b724e1fb0b3b7fb364d4680f6fd958	0	50	0	0	0	0	0	0	0	0	0	0	0	0
bdb19ebc26f998606008ab6c2f650ece	0	50	0	0	0	0	0	0	0	0	0	0	0	0
5ee0649bc0985429cb304e946ce2ae20	0	50	0	0	0	0	0	0	0	0	0	0	0	0
0bc42c10304d2b94e57043102bee3efd	0	50	0	0	0	0	0	0	0	0	0	0	0	0
d72a011493f85e02f5ba68a6769bb42d	0	50	0	0	0	0	0	0	0	0	0	0	0	0
e450123eae426e710733d73db1ac26ec	0	50	0	0	0	0	0	0	0	0	0	0	0	0
4bbe6d0eb9b2b1facc4b25a894a88dfd	0	50	0	0	0	0	0	0	0	0	0	0	0	0
3354fcca89296e90d6364b78d4e962e2	0	50	0	0	0	0	0	0	0	0	0	0	0	0
ee23c1835cebcfa756dc05254c22989d	0	34	8	0	0	8	0	0	0	0	0	0	0	0
f1351f486240ec030447280022f79934	0	31	19	0	0	0	0	0	0	0	0	0	0	0
f7b24c83ef0b491bd2fe1b80f843cc8f	0	26	24	0	0	0	0	0	0	0	0	0	0	0
4a6a5a5b40e929de80250a4c3e31b752	0	14	30	0	0	6	0	0	0	0	0	0	0	0
3d2cb4ccb7fc27e4a9134e72695509c4	0	13	37	0	0	0	0	0	0	0	0	0	0	0
36f99d5d902023ffc12d4afe350a1467	0	0	50	0	0	0	0	0	0	0	0	0	0	0
df1dce067cd8c130f4fd43e8c50fff22	0	0	50	0	0	0	0	0	0	0	0	0	0	0
6147b1e5d2d0c985c2c9dc557aafa0d2	0	0	50	0	0	0	0	0	0	0	0	0	0	0
5d37637164afb57c837d6102403bb7ee	0	0	50	0	0	0	0	0	0	0	0	0	0	0
024f13e9b67bd03eccb8afa9b6dc16e7	0	0	46	0	0	0	4	0	0	0	0	0	0	0
f756028c2d4851741a5a5b29d77c6f5b	0	0	32	0	0	8	10	0	0	0	0	0	0	0
5b4231ac323a2bf09bed85e3a3d03b21	0	0	21	0	0	0	0	29	0	0	0	0	0	0
5171a038e3c8ee8387e3a352efa125dc	0	0	0	50	0	0	0	0	0	0	0	0	0	0
37d4e0f06ae7bcaaded0ac6b7f03fe46	0	0	0	50	0	0	0	0	0	0	0	0	0	0
ae9cd86c27ce0b3025f8aaa7a79e10a7	0	0	0	50	0	0	0	0	0	0	0	0	0	0
4e340a32814ba7189036b509d5dacb3d	0	0	0	0	50	0	0	0	0	0	0	0	0	0
163373cea0971343408e07470cfaf79b	0	0	0	0	50	0	0	0	0	0	0	0	0	0
3977e65cb0b1d3f3ab3c335f63666394	0	0	0	0	50	0	0	0	0	0	0	0	0	0
308cb4d83a6bad60d9149eeef445d1b5	0	0	0	0	50	0	0	0	0	0	0	0	0	0
ce7a8dacf9b5d38a490717a3c41a29d9	0	0	0	0	0	50	0	0	0	0	0	0	0	0
a5c0133b2903dbf008fb20772993f1e3	0	0	0	0	0	50	0	0	0	0	0	0	0	0
67e6274f53e640bf00cbbd64c232c6be	0	0	0	0	0	0	50	0	0	0	0	0	0	0
4bbed0517d7592aeb33639cd284a75c9	0	0	0	0	0	0	50	0	0	0	0	0	0	0
c391f9b4e4ab1ae9328d6bd7085ea65e	0	0	0	0	0	0	50	0	0	0	0	0	0	0
6e2cdfc8549eaf2a26d03a678fbf50e9	0	0	0	0	0	0	50	0	0	0	0	0	0	0
1e17185cd2b042b77e3c3d9ebc169421	0	0	0	0	0	0	0	0	50	0	0	0	0	0
e4e14ce2398ae7431906303424f5d96a	0	0	0	0	0	0	0	0	0	50	0	0	0	0
1e3ae256cc7c13f27599a154905e6fc7	0	0	0	0	0	0	0	0	0	0	50	0	0	0
35596e86ad916418dfa4cec60f3a13dd	0	0	0	0	0	0	0	0	0	0	50	0	0	0
176f9e5bee378d7eab055caf7a02ee55	0	0	0	0	0	0	0	0	0	0	0	50	0	0
0f6c3d000b07ee682ef7e6e7fd584144	0	0	0	0	0	0	0	0	0	0	0	50	0	0
bf9da5882da68241404984e2b066139c	0	0	0	0	0	0	0	0	0	0	0	50	0	0
5afd299b1c34b2d146b5babdbb5b4683	0	0	0	0	0	0	0	0	0	0	0	0	0	50
b9e910395923570ac7a99a209cffe3b3	0	0	0	0	0	0	0	0	0	0	0	0	0	50
13822a2c8ad9d74440c58bf0f5b6a6e3	0	49	0	0	0	0	0	0	0	0	0	0	0	0
d8ef08f9f4ab5edc3ed91dde2dd0179a	0	49	0	0	0	0	0	0	0	0	0	0	0	0
894163dec517f4c80a900e6d0343b187	0	49	0	0	0	0	0	0	0	0	0	0	0	0
60f2bb2654e2dfbd2e2559c399debc68	0	49	0	0	0	0	0	0	0	0	0	0	0	0
47bc430f9d9a4023e530c9ba5f02b3fe	0	49	0	0	0	0	0	0	0	0	0	0	0	0
f69eac803ebbcc267b5efdd783a8c800	0	49	0	0	0	0	0	0	0	0	0	0	0	0
acdb50af40779ec6bf6e30f04a151265	0	49	0	0	0	0	0	0	0	0	0	0	0	0
2375f2fb0d742ffb44276efe8c343254	0	49	0	0	0	0	0	0	0	0	0	0	0	0
74cfe3c31ee98b0fc57984c4e95dd902	0	49	0	0	0	0	0	0	0	0	0	0	0	0
f8ba31980662ab65dbcbffba1d75c8dd	0	49	0	0	0	0	0	0	0	0	0	0	0	0
c39d082a5fa50d319fe93f957ab3a212	0	49	0	0	0	0	0	0	0	0	0	0	0	0
268de11aa6d2b832f8469145910624bb	0	11	13	0	0	25	0	0	0	0	0	0	0	0
2792bb9b879f71c4a8d12cdc382ff685	0	10	39	0	0	0	0	0	0	0	0	0	0	0
7026085f96ecb0b0aff5d2d8c45b11bf	0	0	49	0	0	0	0	0	0	0	0	0	0	0
9ce52c39a3308d926fd3e90c57e6eef0	0	0	49	0	0	0	0	0	0	0	0	0	0	0
c0a9e0f2aaf33a3e7989a9f1798a41ae	0	0	49	0	0	0	0	0	0	0	0	0	0	0
1b723e6d958088ff5c210bb91341ef79	0	0	49	0	0	0	0	0	0	0	0	0	0	0
067a9320358ed5b032590609e5c295af	0	0	49	0	0	0	0	0	0	0	0	0	0	0
a78136988b96ee1f7425679ffcc0a40d	0	0	44	0	0	0	5	0	0	0	0	0	0	0
3cabf07cc87803efb05bc45b45c1f5b2	0	0	39	0	0	10	0	0	0	0	0	0	0	0
5a59cb9a2927ec6b9308cf2e001911dd	0	0	30	0	0	12	7	0	0	0	0	0	0	0
27f8676225b112576034f513366bb25c	0	0	0	49	0	0	0	0	0	0	0	0	0	0
10a53690bf14586f3f30905eda2dfb60	0	0	0	49	0	0	0	0	0	0	0	0	0	0
ebadd1dd3a90f753d7d8b2d05a9d795d	0	0	0	49	0	0	0	0	0	0	0	0	0	0
440c1228641c412a479634d8b368ff07	0	0	0	49	0	0	0	0	0	0	0	0	0	0
adda7f2be158660fbde1cb34e4a1a872	0	0	0	49	0	0	0	0	0	0	0	0	0	0
79fdc2d9f13d96f3f4c76280edbd3d15	0	0	0	0	49	0	0	0	0	0	0	0	0	0
d6ea6f9df22e7f5ae9bde21635d339d1	0	0	0	0	49	0	0	0	0	0	0	0	0	0
66b42516aeed10658e4444d22790ec2d	0	0	0	0	49	0	0	0	0	0	0	0	0	0
94e817958a1cbf282d5e27d70cf25f36	0	0	0	0	49	0	0	0	0	0	0	0	0	0
d3dbaf09ba5db873738466fd17f8c29c	0	0	0	0	49	0	0	0	0	0	0	0	0	0
e66d03be858bd8ef84c008155bd578ac	0	0	0	0	49	0	0	0	0	0	0	0	0	0
9d389781a7779a839d588e10918fbab4	0	0	0	0	49	0	0	0	0	0	0	0	0	0
cac96fda978469346565dbd77664b9d8	0	0	0	0	0	49	0	0	0	0	0	0	0	0
1ec62e1b01d202af416d1b11439d8207	0	0	0	0	0	49	0	0	0	0	0	0	0	0
888ef08ef3774807890e667e067d9702	0	0	0	0	0	49	0	0	0	0	0	0	0	0
bad70ff7c53ca52ecd0e4acdc6873e68	0	0	0	0	0	0	49	0	0	0	0	0	0	0
bb643c0aef6c019833bda961d65f18bf	0	0	0	0	0	0	49	0	0	0	0	0	0	0
4dd140bf88d756721704ebd67306755a	0	0	0	0	0	0	49	0	0	0	0	0	0	0
22089a457f2345aa9e4aa0695f38e047	0	0	0	0	0	0	49	0	0	0	0	0	0	0
b5b093cb0642a54356f59c36d6f5e477	0	0	0	0	0	0	0	0	49	0	0	0	0	0
109627862ca89cf69aa6f4fe0acca14b	0	0	0	0	0	0	0	0	49	0	0	0	0	0
65fc36b4017b6c4480e5c7784c93cdad	0	0	0	0	0	0	0	0	0	0	0	0	49	0
8f43699ed1b54670d1be2fcbf5493c68	0	0	0	0	0	0	0	0	0	0	0	0	49	0
c56267dfb7ea01d2ed3d1440b672f7d5	0	0	0	0	0	0	0	0	0	0	0	0	0	49
5a4587030a7bc8f01fd296aabda8fc1f	0	48	0	0	0	0	0	0	0	0	0	0	0	0
33b887c6a7e3ed836e10a60f79b1da6e	0	48	0	0	0	0	0	0	0	0	0	0	0	0
2b1fc990ec7d0e760dece8a34762342e	0	48	0	0	0	0	0	0	0	0	0	0	0	0
d97b359d729dc5a20710640febdb11dc	0	48	0	0	0	0	0	0	0	0	0	0	0	0
e7ea87f9bb43a7a5a4c60cd53289a742	0	48	0	0	0	0	0	0	0	0	0	0	0	0
e7bb0b13c14b5b7c06e5ec159f8d7adf	0	48	0	0	0	0	0	0	0	0	0	0	0	0
8acee6585ed462e6ec10cd54860bc7a7	0	48	0	0	0	0	0	0	0	0	0	0	0	0
2c1ad7fcda6a84cf6f3ec8d33edb93c2	0	48	0	0	0	0	0	0	0	0	0	0	0	0
07286a3df6f382ef282111acebf5506b	0	35	0	0	0	0	0	13	0	0	0	0	0	0
8c019c03c8cc85d9ec95c63386f797df	0	25	16	0	0	7	0	0	0	0	0	0	0	0
9d7bc84f9546e492da85fb4c757b0cb5	0	9	21	0	0	18	0	0	0	0	0	0	0	0
777fb1010fa46591b1c87783c6fecb97	0	1	3	0	0	12	31	1	0	0	0	0	0	0
9b9c7b0e49e2402f151be4741ebf9eae	0	1	39	0	0	0	8	0	0	0	0	0	0	0
e08d9bbabd2a178545d99b66ca51e085	0	0	48	0	0	0	0	0	0	0	0	0	0	0
ab417df78bfb98e8b28a094108584c4f	0	0	48	0	0	0	0	0	0	0	0	0	0	0
f124befd2b244e15b2602de03c524751	0	0	48	0	0	0	0	0	0	0	0	0	0	0
4a67a7ebb8bc9c039d0660e78605dfd3	0	0	44	0	0	0	4	0	0	0	0	0	0	0
25f342231568152ace5a72ba45b23324	0	0	33	0	0	0	15	0	0	0	0	0	0	0
8032adab60ca3a7a53aff3384e8e52c9	0	0	22	0	0	0	0	26	0	0	0	0	0	0
a2606edc2a727041be00b24bf4f080c1	0	0	0	48	0	0	0	0	0	0	0	0	0	0
3aced96ea36abc4852e693f45b320007	0	0	0	48	0	0	0	0	0	0	0	0	0	0
bbcdab524ce93c6b04d28478e3d4016d	0	0	0	48	0	0	0	0	0	0	0	0	0	0
fb9c86936ac2324cb62e9fdecd31224b	0	0	0	48	0	0	0	0	0	0	0	0	0	0
8ac232bd2941439f6032968b09649d19	0	0	0	0	48	0	0	0	0	0	0	0	0	0
61a21a1e574a23e652ef762fefd44012	0	0	0	0	48	0	0	0	0	0	0	0	0	0
63b678c23b2c792d01c15155d75ad8d4	0	0	0	0	7	0	0	41	0	0	0	0	0	0
e2e9bbd36abb1e49fb65e7cfbee1c4e0	0	0	0	0	0	48	0	0	0	0	0	0	0	0
b83eaca64c4d681873a38b77d2494148	0	0	0	0	0	0	48	0	0	0	0	0	0	0
9ef934c757a724f297ca9f3aa5395805	0	0	0	0	0	0	48	0	0	0	0	0	0	0
e7d6997e54a2e72d36b77542f3838e19	0	0	0	0	0	0	48	0	0	0	0	0	0	0
df6bc8ebe955d292921951433e85f341	0	0	0	0	0	0	48	0	0	0	0	0	0	0
b5e79083858f91b6b4f466cef8ab147d	0	0	0	0	0	0	48	0	0	0	0	0	0	0
3992eeef5d64b07905a19fbce8ea8c54	0	0	0	0	0	0	48	0	0	0	0	0	0	0
fe12ef247102c98d2b67a8f4087a0678	0	0	0	0	0	0	48	0	0	0	0	0	0	0
b7baf59f9466ee3b1f1546dc141b0ff2	0	0	0	0	0	0	0	48	0	0	0	0	0	0
89315e9efe2678109ab9acb33199ad9d	0	0	0	0	0	0	0	48	0	0	0	0	0	0
b6ff417f6c6e4e3f0477de1a700dc545	0	0	0	0	0	0	0	0	48	0	0	0	0	0
413364f346f2b7ab1c82c41abe3ee075	0	0	0	0	0	0	0	0	48	0	0	0	0	0
91a85be1fbf717d414dfe58ab883e600	0	0	0	0	0	0	0	0	48	0	0	0	0	0
5bcac970b1a5029332880dfebb25d00c	0	0	0	0	0	0	0	0	0	48	0	0	0	0
8e944f7d15e661ffbd4794dc680f599c	0	0	0	0	0	0	0	0	0	0	48	0	0	0
f32900fd96924c1c199fa0a82a7ff6b9	0	0	0	0	0	0	0	0	0	0	0	0	48	0
1fd30ff6f7fc0f011b0d728005bd0a97	0	0	0	0	0	0	0	0	0	0	0	0	48	0
4a697990b23fb5931ee33ddf5bc0e4c6	0	47	0	0	0	0	0	0	0	0	0	0	0	0
9a75a53a5e9ea7f4d97a23a70cf997b3	0	47	0	0	0	0	0	0	0	0	0	0	0	0
4de04c192b1f8ed75974718cae57e175	0	47	0	0	0	0	0	0	0	0	0	0	0	0
c8bec728d024843ae33b41f33a3d44b1	0	36	11	0	0	0	0	0	0	0	0	0	0	0
eda0b87d55c34e7b3d3f5f771e3797ca	0	33	0	0	0	14	0	0	0	0	0	0	0	0
b5760bbb38b55455a2dff17f8dc0fc7c	0	25	7	0	0	15	0	0	0	0	0	0	0	0
02978de01da547fce274b54da019549d	0	25	22	0	0	0	0	0	0	0	0	0	0	0
bec1ffadca230cfd402b9e0b8d4789f7	0	0	47	0	0	0	0	0	0	0	0	0	0	0
c7e6606ec4053e016431bf56f9adf5cc	0	0	47	0	0	0	0	0	0	0	0	0	0	0
362405edfad4456227db7f6e1d9bd510	0	0	47	0	0	0	0	0	0	0	0	0	0	0
6873979e5e8feba73ae3894b2d02316f	0	0	47	0	0	0	0	0	0	0	0	0	0	0
fb920c4ba8a24e1eee9c4c4b165e393c	0	0	47	0	0	0	0	0	0	0	0	0	0	0
1c7e220443767d39bf5f2924004d5ae4	0	0	47	0	0	0	0	0	0	0	0	0	0	0
15d0e98f4aa37e46ca450a584e75a97a	0	0	47	0	0	0	0	0	0	0	0	0	0	0
5051cf7b15340778846a10f729123690	0	0	41	0	0	6	0	0	0	0	0	0	0	0
f1fe6e5c6928006adbf66a345f10a4cf	0	0	40	0	0	0	7	0	0	0	0	0	0	0
7147cac18e9cb8d9400f73cfff9bfafd	0	0	37	0	0	10	0	0	0	0	0	0	0	0
f6573e6655a8e52ffc43b01d811bcce6	0	0	31	0	0	0	0	16	0	0	0	0	0	0
647d853903174d31dbfdc594e65eda3e	0	0	30	0	0	17	0	0	0	0	0	0	0	0
834910b985b58e27d9bdd0079b0aedf8	0	0	28	0	0	19	0	0	0	0	0	0	0	0
0754505b1d9da2322d02bce5a211377c	0	0	28	0	0	19	0	0	0	0	0	0	0	0
129ab7f7924310a8bfa87d3330787379	0	0	25	0	0	22	0	0	0	0	0	0	0	0
48387c1a155dbf91bc47d873c6a2e0b9	0	0	22	0	0	0	25	0	0	0	0	0	0	0
76b453f6ce854e63bcb03e74362e466d	0	0	16	0	0	18	13	0	0	0	0	0	0	0
f389c9339417cc601907e762b4dbe048	0	0	0	0	47	0	0	0	0	0	0	0	0	0
828ad1421abf1f6998abb2382fcae8cc	0	0	0	0	47	0	0	0	0	0	0	0	0	0
7660824bcdbabda5449e35f664ce78b3	0	0	0	0	0	47	0	0	0	0	0	0	0	0
79f85ce3e42a955a11543e47d9127094	0	0	0	0	0	47	0	0	0	0	0	0	0	0
579d8521e8cf1a2fd5e3456123c975e3	0	0	0	0	0	47	0	0	0	0	0	0	0	0
e61a58f9e06fd93fa4e437f83d162da7	0	0	0	0	0	47	0	0	0	0	0	0	0	0
3ca38ceff34ac8fb070d1cc42dbec6ae	0	0	0	0	0	0	47	0	0	0	0	0	0	0
59b1f0130ea9582e674a3c8454e638eb	0	0	0	0	0	0	47	0	0	0	0	0	0	0
55760c14488c90688e3cd48a7fd031fc	0	0	0	0	0	0	47	0	0	0	0	0	0	0
e59a4cd0834ae4a03ff4bb7f37cc4b0a	0	0	0	0	0	0	47	0	0	0	0	0	0	0
577e69e19a38bb51e22347142bcdae60	0	0	0	0	0	0	47	0	0	0	0	0	0	0
b4bf920d14a072979b143dc36c34b9d4	0	0	0	0	0	0	47	0	0	0	0	0	0	0
12bc494d13e6ab85b73fd37c8c0e0d3c	0	0	0	0	0	0	0	47	0	0	0	0	0	0
ec10cdb213ce1973a78c97b45ea97259	0	0	0	0	0	0	0	47	0	0	0	0	0	0
d50c56d710b242cc20841f6f456e5de5	0	0	0	0	0	0	0	0	0	47	0	0	0	0
f252521c825457f6d21ca93e3f675c0d	0	0	0	0	0	0	0	0	0	0	0	47	0	0
031d9e81ba2539bbae2d13181abf9966	0	0	0	0	0	0	0	0	0	0	0	47	0	0
cf3562bac215f044ed71f04c42cf6342	0	0	0	0	0	0	0	0	0	0	0	47	0	0
e5a0729f5a89fd230aa23a01bebe1e6e	0	0	0	0	0	0	0	0	0	0	0	0	47	0
a5d4075b1e0c15d411dc7f3886909249	0	0	0	0	0	0	0	0	0	0	0	0	0	47
33b25ec23bc0d62431fb78300dae703d	0	0	0	0	0	0	0	0	0	0	0	0	0	47
2902e24b610072bcc1cbec964881e643	0	0	0	0	0	0	0	0	0	0	0	0	0	47
080b0903645d04abee307c535d6f9e1c	0	0	0	0	0	0	0	0	0	0	0	0	0	47
0d749ef038f8c99a3a8e468b7ae17b98	0	0	0	0	0	0	0	0	0	0	0	0	0	47
f7d9d94fb81d84dd1de3ea7fe4b890c4	0	0	0	0	0	0	0	0	0	0	0	0	0	47
870c91ae5833aea22632d60a3075b688	0	46	0	0	0	0	0	0	0	0	0	0	0	0
1408051a3eaedb3e281d7bd3c79e3059	0	46	0	0	0	0	0	0	0	0	0	0	0	0
5e173d1cfd8f10c541af5b877abf5a36	0	46	0	0	0	0	0	0	0	0	0	0	0	0
16c040dda125550f6a3dfa0e8ab169aa	0	46	0	0	0	0	0	0	0	0	0	0	0	0
e597b3610a49c4b33fdbadead53146d7	0	46	0	0	0	0	0	0	0	0	0	0	0	0
56ec91f2a45a44d98ecd2b14a54bd8ef	0	46	0	0	0	0	0	0	0	0	0	0	0	0
b79df2a6ca1e7aeaac1d3cb6d1a5b7bd	0	46	0	0	0	0	0	0	0	0	0	0	0	0
618e3bbda444126631b62fb5718ae024	0	46	0	0	0	0	0	0	0	0	0	0	0	0
f6cd26abe0c8ee643e9a57982ee54a7a	0	46	0	0	0	0	0	0	0	0	0	0	0	0
8fe6d06eb5ad4af1b87b5d74e467e32a	0	43	0	0	0	0	0	0	0	0	0	0	0	3
a35454f62f5517ddc9cf9f75d7eada24	0	35	11	0	0	0	0	0	0	0	0	0	0	0
1a899f0c1c7dc03654a26f851cc10ac8	0	25	21	0	0	0	0	0	0	0	0	0	0	0
938573d95daed403c4cc3c97f0d621aa	0	18	0	0	0	28	0	0	0	0	0	0	0	0
9b50683582912864fed9a10eb90d4453	0	0	46	0	0	0	0	0	0	0	0	0	0	0
bce05f7fa4629f22a4ed27284fb70a3c	0	0	46	0	0	0	0	0	0	0	0	0	0	0
ebda7e5a3b9d46d6b5fa29e14ff38042	0	0	37	0	0	9	0	0	0	0	0	0	0	0
e13f3a7480572e800e88ab66207dfd57	0	0	21	0	0	19	6	0	0	0	0	0	0	0
1a8d818b87db62c3ab8199144fc407a6	0	0	0	46	0	0	0	0	0	0	0	0	0	0
38d5d811fc8b7e8364b08047201f8905	0	0	0	46	0	0	0	0	0	0	0	0	0	0
b317452909c6d1fb2e3272991cf6ec32	0	0	0	46	0	0	0	0	0	0	0	0	0	0
f41beb54de860dfecc3bf799d233b748	0	0	0	0	46	0	0	0	0	0	0	0	0	0
836f234a83d529ac2616abb613c17861	0	0	0	0	46	0	0	0	0	0	0	0	0	0
65a6acee5a92adb587710e6e21e00fe0	0	0	0	0	46	0	0	0	0	0	0	0	0	0
b900e2cb582c66c8c1444583864ab72f	0	0	0	0	46	0	0	0	0	0	0	0	0	0
bae3e97e2e85ec20235e43077d265a11	0	0	0	0	46	0	0	0	0	0	0	0	0	0
c0482dd9115cd67b9b607069a10f86ac	0	0	0	0	0	46	0	0	0	0	0	0	0	0
576ccf904e6f4a85509a6f1cd54e01c5	0	0	0	0	0	46	0	0	0	0	0	0	0	0
eca13223289af45445c8680fd40dbc39	0	0	0	0	0	46	0	0	0	0	0	0	0	0
85dcd71c56cda387dc5c2f7f776097d9	0	0	0	0	0	8	0	0	0	0	0	0	0	38
cba777b6a3ad9b306a0b8f5f50f71c9e	0	0	0	0	0	0	46	0	0	0	0	0	0	0
f09db42c1cd74fc27d52c881fd3f5998	0	0	0	0	0	0	46	0	0	0	0	0	0	0
72e54ab7289137944809205ad83451d0	0	0	0	0	0	0	46	0	0	0	0	0	0	0
fdda69c2ccfad0af451ff38122b23cda	0	0	0	0	0	0	46	0	0	0	0	0	0	0
9d9a7017b01e43920e0011d534a5b6f3	0	0	0	0	0	0	46	0	0	0	0	0	0	0
8cae5519a68603c1809721ea82ee2598	0	0	0	0	0	0	46	0	0	0	0	0	0	0
92c4f881016c8b589c9bfa8dcbe74eee	0	0	0	0	0	0	46	0	0	0	0	0	0	0
50ce697fa8f4900b44954001a2f02f39	0	0	0	0	0	0	46	0	0	0	0	0	0	0
bc4d08f8515d1d4bf19b660245762737	0	0	0	0	0	0	0	46	0	0	0	0	0	0
ac536f857f2488b1f545ea73cfcfb662	0	0	0	0	0	0	0	46	0	0	0	0	0	0
e42dfb86256c456063711a576850a61c	0	0	0	0	0	0	0	0	46	0	0	0	0	0
378d14bc550da68dc29347f9959b2b31	0	0	0	0	0	0	0	0	46	0	0	0	0	0
6cce959ca5b4b24802cbf101524e59be	0	0	0	0	0	0	0	0	46	0	0	0	0	0
529651387cdfe80e247fa4c351551e43	0	0	0	0	0	0	0	0	46	0	0	0	0	0
82600f1cf253de557421fa4d2815aa23	0	0	0	0	0	0	0	0	0	0	46	0	0	0
e40d570d634540a3241931d38ca27d32	0	0	0	0	0	0	0	0	0	0	0	46	0	0
56f47bc063e4ca61aa04b8708df6c900	0	0	0	0	0	0	0	0	0	0	0	0	46	0
c411accdd1f869d8aae6f300fa60b661	0	0	0	0	0	0	0	0	0	0	0	0	46	0
696b9f1c6a50206049fedcd15679700b	0	0	0	0	0	0	0	0	0	0	0	0	0	46
2dd410b6d49b37cf05589396bbca94a1	0	0	0	0	0	0	0	0	0	0	0	0	0	46
0180ccb96ba812e9193b53ebdb00e3d2	0	45	0	0	0	0	0	0	0	0	0	0	0	0
61ea1b94f1a3956a0549c56e7c8133ae	0	45	0	0	0	0	0	0	0	0	0	0	0	0
b0f1436160136b0ea45542501cae021e	0	45	0	0	0	0	0	0	0	0	0	0	0	0
c6e6c877d4309cda1cc1744d6c1e725c	0	45	0	0	0	0	0	0	0	0	0	0	0	0
dcdee34d3ade84f462db907fc27e4739	0	45	0	0	0	0	0	0	0	0	0	0	0	0
f510263235f8d6d960e2e647e5139862	0	45	0	0	0	0	0	0	0	0	0	0	0	0
f7f304664dddd3e8b3c3be217507c9bd	0	45	0	0	0	0	0	0	0	0	0	0	0	0
a185c4106f8f37ce64c5e4ff1d8c5f5e	0	45	0	0	0	0	0	0	0	0	0	0	0	0
95d4c0cef5e4347a4aced43278ed0c5b	0	45	0	0	0	0	0	0	0	0	0	0	0	0
24fbf7b1c0e25f010cee3dcd4b9a8bd6	0	45	0	0	0	0	0	0	0	0	0	0	0	0
eb31127893c01e38a5d0cc4baf36386d	0	45	0	0	0	0	0	0	0	0	0	0	0	0
948ace7ee824f07d198add2859ae8e42	0	45	0	0	0	0	0	0	0	0	0	0	0	0
334b94f026c87d6f2cc0708f8d07a8a2	0	45	0	0	0	0	0	0	0	0	0	0	0	0
cfb48f3047823b7ecf0420785b4a604e	0	45	0	0	0	0	0	0	0	0	0	0	0	0
d56fa6c55e4a3143c071f179aa1ba042	0	45	0	0	0	0	0	0	0	0	0	0	0	0
3e8743e67eba62a39f6923216c564f66	0	34	0	0	0	11	0	0	0	0	0	0	0	0
1c013a35d469d17b262de0068dfa8a3f	0	26	19	0	0	0	0	0	0	0	0	0	0	0
254547c0d4275e30a6f22dd91800e014	0	12	22	0	0	11	0	0	0	0	0	0	0	0
97edbc0ae9caf06b3979da783aa0be58	0	9	36	0	0	0	0	0	0	0	0	0	0	0
cea43424029c144d51450f6f4d76ef8f	0	0	45	0	0	0	0	0	0	0	0	0	0	0
6d22c3a75b70d7c99cd9a291e5c85897	0	0	45	0	0	0	0	0	0	0	0	0	0	0
a69b3ec2e4c570ba8aaac098a958e6c9	0	0	45	0	0	0	0	0	0	0	0	0	0	0
a1763f919806e5baed7424a0d1cb483c	0	0	45	0	0	0	0	0	0	0	0	0	0	0
a7bd14799a51374d5686da2ccc7b40a3	0	0	45	0	0	0	0	0	0	0	0	0	0	0
2ad0e7db197921b6a26ac557b9b7d918	0	0	41	0	0	4	0	0	0	0	0	0	0	0
86bdb57736984bbd9d1c9700746faef6	0	0	38	0	0	0	7	0	0	0	0	0	0	0
2e38a206379bb10d5b2406368798529d	0	0	36	0	0	0	9	0	0	0	0	0	0	0
4448a13142d59721512bd632662f7c27	0	0	33	0	0	12	0	0	0	0	0	0	0	0
527e2c69c086b8f63a53a5979ae32e71	0	0	28	0	0	0	7	10	0	0	0	0	0	0
6915f10aece678e5d37eaef1b0be6afc	0	0	25	0	0	13	7	0	0	0	0	0	0	0
5e26a8abd157a2b568a3f120804f60fa	0	0	21	0	0	9	15	0	0	0	0	0	0	0
7515c9ceef52a035391b8471d632448d	0	0	0	45	0	0	0	0	0	0	0	0	0	0
cdd1b450ed007e1bbff2611b904025cf	0	0	0	45	0	0	0	0	0	0	0	0	0	0
444cf94afc8b26f7be64c043e2c23f17	0	0	0	45	0	0	0	0	0	0	0	0	0	0
ba1cc3dccd529c600eb23f6df8d2e005	0	0	0	0	45	0	0	0	0	0	0	0	0	0
07c01a39973b3943df72b8b4a39ffcdf	0	0	0	0	45	0	0	0	0	0	0	0	0	0
74162422237ad36b8063e09be40c3a63	0	0	0	0	0	45	0	0	0	0	0	0	0	0
4d4e6435426b520ac81e9bc512968522	0	0	0	0	0	45	0	0	0	0	0	0	0	0
868eb8b2bf815f802c8266839dbab6f4	0	0	0	0	0	0	45	0	0	0	0	0	0	0
eb4251baa4b7768b5e0d2de8b3e3aac8	0	0	0	0	0	0	45	0	0	0	0	0	0	0
cbf3aedf8471252cd84f4161332eaeba	0	0	0	0	0	0	45	0	0	0	0	0	0	0
21e48f310c5653d597c1b779cb0873ce	0	0	0	0	0	0	45	0	0	0	0	0	0	0
1ff6bcf9bae968c9cf750ce7314cfa8b	0	0	0	0	0	0	45	0	0	0	0	0	0	0
873996e378d6437d4bdbff6fff357ac9	0	0	0	0	0	0	45	0	0	0	0	0	0	0
2844d2fb93aabb59dd4a7f8e59e6db76	0	0	0	0	0	0	45	0	0	0	0	0	0	0
523564a93182c742ad962b6a8060d7f0	0	0	0	0	0	0	45	0	0	0	0	0	0	0
d9572019134a3d0e8029c10ca0ed9c98	0	0	0	0	0	0	0	0	45	0	0	0	0	0
3660407ab1f682a0c85721d38bb078ce	0	0	0	0	0	0	0	0	45	0	0	0	0	0
a7aaa66d19bc48dcf3e31d0640b31084	0	0	0	0	0	0	0	0	0	0	0	45	0	0
98ff51d903f8751116c027e49a355f50	0	0	0	0	0	0	0	0	0	0	0	45	0	0
b6f6357a20c3420e8509436258784121	0	0	0	0	0	0	0	0	0	0	0	0	45	0
404e13d6774e899412060c4e16b9d1d3	0	44	0	0	0	0	0	0	0	0	0	0	0	0
0385710d99d8f5b4e73c1a9be5db63d2	0	44	0	0	0	0	0	0	0	0	0	0	0	0
ab7d05725344b4a979ce578ff9044b35	0	44	0	0	0	0	0	0	0	0	0	0	0	0
c5c54176efaf1c9d0aa02ec5d2054cae	0	44	0	0	0	0	0	0	0	0	0	0	0	0
4bd7480dd1f15fd187d9782fffeee476	0	44	0	0	0	0	0	0	0	0	0	0	0	0
45549860f35e6ab727fed3d86feb213d	0	44	0	0	0	0	0	0	0	0	0	0	0	0
2fb19ef5eee7144f6dc150f8192ccd9f	0	44	0	0	0	0	0	0	0	0	0	0	0	0
5e850ca1aea1885fea2f8267d0d034e0	0	44	0	0	0	0	0	0	0	0	0	0	0	0
dfb16302a9fb19465078deb7d6edd6ce	0	44	0	0	0	0	0	0	0	0	0	0	0	0
6154b4f805b5bf6b845f56a41d1b4262	0	44	0	0	0	0	0	0	0	0	0	0	0	0
943b2de17dd68e96f13a085201ceb035	0	44	0	0	0	0	0	0	0	0	0	0	0	0
736ef53e40791bd612e809041c394262	0	44	0	0	0	0	0	0	0	0	0	0	0	0
babddb28c416905f9024ce14533bc824	0	44	0	0	0	0	0	0	0	0	0	0	0	0
6e45139a72c8c51807ec71d8a01f0351	0	44	0	0	0	0	0	0	0	0	0	0	0	0
85f8ef385238178d6fb14c9af1cad702	0	44	0	0	0	0	0	0	0	0	0	0	0	0
60ef99e54738b2b03a0f7e0b2ec657a2	0	18	26	0	0	0	0	0	0	0	0	0	0	0
d3a76c989a3b8502b7cb02a2f960bbc7	0	18	14	0	0	12	0	0	0	0	0	0	0	0
96683f0dc33bf4299d6c7f98e61f30bf	0	0	44	0	0	0	0	0	0	0	0	0	0	0
812eff787806c729d331df60ad47b8ca	0	0	44	0	0	0	0	0	0	0	0	0	0	0
47f4e580b8719f48928874fb063f0967	0	0	44	0	0	0	0	0	0	0	0	0	0	0
a8870a158ad8abecd576c1004ca8f271	0	0	44	0	0	0	0	0	0	0	0	0	0	0
cf46cc33b0520ec3c9d8e4e5f5fd2e39	0	0	44	0	0	0	0	0	0	0	0	0	0	0
db440027e73f66f9494d97c572cab5f6	0	0	33	0	0	11	0	0	0	0	0	0	0	0
328f5e88ff29a410fe6e0ab1405f3411	0	0	30	0	0	12	2	0	0	0	0	0	0	0
d1394e936bff53cd6de7a374dcfe419c	0	0	29	0	0	15	0	0	0	0	0	0	0	0
7f0913f105ff4de7ac34cb856ad331c8	0	0	29	0	0	15	0	0	0	0	0	0	0	0
36fc2f17efbfd3533f52d1bb928f69d0	0	0	26	0	0	18	0	0	0	0	0	0	0	0
1ddf6ea9d345a47172fb2e53dae3a845	0	0	19	0	0	0	0	25	0	0	0	0	0	0
bb89cfb064173b13de06eaec4c7c32a3	0	0	3	0	0	22	19	0	0	0	0	0	0	0
84e288072a3b3d842be4bd2e73f4f75a	0	0	2	0	0	33	9	0	0	0	0	0	0	0
c0898cc4e8d0f940ded90c0830106741	0	0	0	44	0	0	0	0	0	0	0	0	0	0
92d9c5110fb1c09a46005be5340caa29	0	0	0	44	0	0	0	0	0	0	0	0	0	0
9bbb46ce13cbf6d12b8f32bb1dc61172	0	0	0	0	44	0	0	0	0	0	0	0	0	0
e6dcc82800441d0e62751bbe7273a9ff	0	0	0	0	0	44	0	0	0	0	0	0	0	0
7f3037f90e8f985a77ecc68d92772797	0	0	0	0	0	0	44	0	0	0	0	0	0	0
84b6e8e6788b271a3aa8887e7257c26a	0	0	0	0	0	0	44	0	0	0	0	0	0	0
d496c68da27f1c579a06eda22279ae06	0	0	0	0	0	0	44	0	0	0	0	0	0	0
caf9b4a146aad28ef86505a36888b28c	0	0	0	0	0	0	44	0	0	0	0	0	0	0
fc7f17adb82363773f4c2a2ed5d15776	0	0	0	0	0	0	0	44	0	0	0	0	0	0
ae617845491adb139e68ab2b83cf8f0f	0	0	0	0	0	0	0	0	44	0	0	0	0	0
7ba72f65c2c69eb02247811b6f7c0d25	0	0	0	0	0	0	0	0	44	0	0	0	0	0
afc8680a20170864dd9bde7bba5c2dd5	0	0	0	0	0	0	0	0	44	0	0	0	0	0
ebdb2ed5fc50121e7a6b6defab1c0024	0	0	0	0	0	0	0	0	0	44	0	0	0	0
7dbc7a60ceb612c14377ab0a92c3a53e	0	0	0	0	0	0	0	0	0	44	0	0	0	0
01aca4db240373d1db93250bc23bf752	0	0	0	0	0	0	0	0	0	0	0	0	44	0
4bb2c317f33f5f758e4319dd82ced4e3	0	0	0	0	0	0	0	0	0	0	0	0	0	44
f78abda2b713e09151148769f1426f66	0	43	0	0	0	0	0	0	0	0	0	0	0	0
4d0fc0997297308071e2fbbe2e6e9cf4	0	43	0	0	0	0	0	0	0	0	0	0	0	0
5461672e27dd5f76980ba250b37aded3	0	43	0	0	0	0	0	0	0	0	0	0	0	0
358aefeea3a6c06c395fbcca637f5df0	0	43	0	0	0	0	0	0	0	0	0	0	0	0
c449cbc0de34dd81514dc6f9c514f711	0	43	0	0	0	0	0	0	0	0	0	0	0	0
9f7671a84ebd1648bae00890dd7f0e67	0	43	0	0	0	0	0	0	0	0	0	0	0	0
bed2c2f59b1c6836b4066a0e5a7c5525	0	43	0	0	0	0	0	0	0	0	0	0	0	0
0b98d144d55e8a0d339be27e0e3c720e	0	43	0	0	0	0	0	0	0	0	0	0	0	0
04545e1c1f829323680d03d9056ebc9a	0	43	0	0	0	0	0	0	0	0	0	0	0	0
3e37199fd7313cb99e11d653d1303bbe	0	43	0	0	0	0	0	0	0	0	0	0	0	0
e551f812a7816ea3a4c2153903305dd8	0	43	0	0	0	0	0	0	0	0	0	0	0	0
7f5eb2d1de3adb87d971832ea2329025	0	43	0	0	0	0	0	0	0	0	0	0	0	0
3b541084a22f6958b321abf127a36469	0	43	0	0	0	0	0	0	0	0	0	0	0	0
b913740e9c23128268e0b431cd9ba965	0	43	0	0	0	0	0	0	0	0	0	0	0	0
3ff4263ec62abef039810c788e2ed0e6	0	43	0	0	0	0	0	0	0	0	0	0	0	0
fa2084ba0d90e96b34c89c1a362f2f01	0	43	0	0	0	0	0	0	0	0	0	0	0	0
bb7eb3d309bec24989df820d5c5e4524	0	26	13	0	0	0	4	0	0	0	0	0	0	0
8c68fc50ffe4487927587c0e2a82edfa	0	15	28	0	0	0	0	0	0	0	0	0	0	0
713edc3dc0c52cef7e43c3534352e67f	0	12	31	0	0	0	0	0	0	0	0	0	0	0
efe5f04e230c7ea080d28660a8ca7ead	0	10	17	0	0	10	6	0	0	0	0	0	0	0
29d4ee5f39e9f6e780e0241155845aaa	0	0	43	0	0	0	0	0	0	0	0	0	0	0
b61f7e737d6aa7accd3e7cfb78f66954	0	0	43	0	0	0	0	0	0	0	0	0	0	0
fa5dc8911d41dfc68c02ba6419eb878c	0	0	43	0	0	0	0	0	0	0	0	0	0	0
47b61dbd3b1597391ecd55eb281d2cfd	0	0	43	0	0	0	0	0	0	0	0	0	0	0
623e26318da83f6e6c978780b295fc1a	0	0	43	0	0	0	0	0	0	0	0	0	0	0
bfd2e4a65c5440b87f74f983afda2477	0	0	39	0	0	0	4	0	0	0	0	0	0	0
ffc13618922bf48021231f742019b921	0	0	37	0	0	6	0	0	0	0	0	0	0	0
30f66824a337e5096b1df9435480f898	0	0	33	0	0	0	10	0	0	0	0	0	0	0
14ab3430c065c46642720b003c3c21c5	0	0	33	0	0	0	10	0	0	0	0	0	0	0
26245563853add25ec0edde7cc2bd280	0	0	27	0	0	0	16	0	0	0	0	0	0	0
81da701bab000f7d38dd74123443de9a	0	0	26	0	0	17	0	0	0	0	0	0	0	0
6c3e4961cee49fa5b1eff8b492a92f1e	0	0	26	0	0	17	0	0	0	0	0	0	0	0
a97b97a725b6e988f9cef2c98753616e	0	0	21	0	0	9	13	0	0	0	0	0	0	0
79df51c84b5229e4ffe2cfeee0417247	0	0	0	43	0	0	0	0	0	0	0	0	0	0
2bb231d34757c95a1f275f08b26c17e0	0	0	0	43	0	0	0	0	0	0	0	0	0	0
9d35f5da93fc9265f28fc29fc3f46328	0	0	0	43	0	0	0	0	0	0	0	0	0	0
c8030cfc8dd5073d5175d9208a4fe923	0	0	0	43	0	0	0	0	0	0	0	0	0	0
06118c1689c9be702f163f972b2046d6	0	0	0	0	43	0	0	0	0	0	0	0	0	0
da58cd56c8de8164576614981d38d450	0	0	0	0	0	43	0	0	0	0	0	0	0	0
87ef00c44475b7d9d8bf9625dfdb7656	0	0	0	0	0	43	0	0	0	0	0	0	0	0
b7c60420469edddd8240157f81994778	0	0	0	0	0	14	29	0	0	0	0	0	0	0
1454d92159d5be4be04e0ebfd2436092	0	0	0	0	0	13	30	0	0	0	0	0	0	0
5a341ea1e2fba0a75ecb7d7ffd4dbe31	0	0	0	0	0	0	43	0	0	0	0	0	0	0
86dfc80eeee9b559dc7b009c2f7fc085	0	0	0	0	0	0	43	0	0	0	0	0	0	0
d6ec0b818ff02a64b7329397af65e6df	0	0	0	0	0	0	43	0	0	0	0	0	0	0
3371d3f60326aa0cebf2c914d8e9d3ad	0	0	0	0	0	0	43	0	0	0	0	0	0	0
864ca4953141791eb3625665cc6ae678	0	0	0	0	0	0	43	0	0	0	0	0	0	0
b60bd905c85c79d02dc660e7e9b57b85	0	0	0	0	0	0	43	0	0	0	0	0	0	0
2e76b8479c25c878ea11cb9d175539a9	0	0	0	0	0	0	0	43	0	0	0	0	0	0
0e293c73ee00ca05d0c8c0ccdeab1b44	0	0	0	0	0	0	0	43	0	0	0	0	0	0
db514f7bc44473c7312e1f5dbc57c584	0	0	0	0	0	0	0	43	0	0	0	0	0	0
cc00756eb8c2617b01b46d88f9c66d29	0	0	0	0	0	0	0	43	0	0	0	0	0	0
87e8f88319fd235cc04e57a651119485	0	0	0	0	0	0	0	43	0	0	0	0	0	0
3decc46010532d4ccab7c5fdfc0cb45e	0	0	0	0	0	0	0	0	0	43	0	0	0	0
8d5ab38bd86fd630bc3e5ffc550dc0c5	0	0	0	0	0	0	0	0	0	43	0	0	0	0
19fa15da951cfa7ce4d7a3d90f26c3bc	0	0	0	0	0	0	0	0	0	0	43	0	0	0
ebbe5dd02f29a16c6d6f9ed9bd68f5ef	0	0	0	0	0	0	0	0	0	0	0	0	43	0
bc6afd76d304f122200b3c398bcd654a	0	0	0	0	0	0	0	0	0	0	0	0	0	43
3458ae2251abf2646b2735e69b09cb4b	0	42	0	0	0	0	0	0	0	0	0	0	0	0
746bfac204afbe75ef36fc9b79fcf85c	0	42	0	0	0	0	0	0	0	0	0	0	0	0
3b43abe7bae3ac55615c851663c31fb3	0	42	0	0	0	0	0	0	0	0	0	0	0	0
cbe4481b608efb509f677ef24f62b422	0	42	0	0	0	0	0	0	0	0	0	0	0	0
7379c01535e78eda3fea917aba85221d	0	42	0	0	0	0	0	0	0	0	0	0	0	0
3336c045614079f7e01a78079c79c05d	0	42	0	0	0	0	0	0	0	0	0	0	0	0
5602eee1ac79973a8f78c535c48514eb	0	42	0	0	0	0	0	0	0	0	0	0	0	0
62c2521bc03136022380f55368302516	0	42	0	0	0	0	0	0	0	0	0	0	0	0
6acbccb66eba8193305026495bcbed8d	0	25	17	0	0	0	0	0	0	0	0	0	0	0
90af8690c54ef1b541b860b65c568822	0	21	21	0	0	0	0	0	0	0	0	0	0	0
6659df40fb8e4073fba8761c9b93782c	0	20	14	0	0	8	0	0	0	0	0	0	0	0
7113a17faa58b44168051ff724dfc66e	0	15	15	0	0	12	0	0	0	0	0	0	0	0
847da1b2e5551dd6c88c7c4904eb9f1f	0	0	42	0	0	0	0	0	0	0	0	0	0	0
f0682f6fe87ef4285e649a646e32f73f	0	0	42	0	0	0	0	0	0	0	0	0	0	0
346393e37cbf06ac8ecccc28b493b092	0	0	42	0	0	0	0	0	0	0	0	0	0	0
093bf809b855100b09569f2581ae54df	0	0	42	0	0	0	0	0	0	0	0	0	0	0
c2ec5b30d24496ddd574a49de0f9bdb7	0	0	42	0	0	0	0	0	0	0	0	0	0	0
f94546f0d0e9f1a39696e0da3ab545db	0	0	42	0	0	0	0	0	0	0	0	0	0	0
b1cd43cfcbc2946e488a9ec792dc567a	0	0	42	0	0	0	0	0	0	0	0	0	0	0
2d095f7416639c5c55dd962484bca5e4	0	0	42	0	0	0	0	0	0	0	0	0	0	0
a9e186347fc3d3c1c17dfce5b7760d39	0	0	39	0	0	0	3	0	0	0	0	0	0	0
e9aaa98622f38241ae4506b4e1e3e5c1	0	0	37	0	0	0	5	0	0	0	0	0	0	0
08f8a413dbe539dba87dcf3d57d9b5ef	0	0	36	0	0	0	6	0	0	0	0	0	0	0
a90353163aead5fe00d7994cf304c0de	0	0	14	0	0	0	0	28	0	0	0	0	0	0
0c92bee9ba178efcd063c0bc791a4291	0	0	6	0	0	21	15	0	0	0	0	0	0	0
dc7ac7f12423444fa6330f616c5d35c9	0	0	0	42	0	0	0	0	0	0	0	0	0	0
6adb92018198a04a7aafcf33a6c27071	0	0	0	42	0	0	0	0	0	0	0	0	0	0
88b88f9da9e45eb4f10a2098cc40740f	0	0	0	0	42	0	0	0	0	0	0	0	0	0
1e08376b19ca340029cea3cdf05d9ef9	0	0	0	0	42	0	0	0	0	0	0	0	0	0
5178471e8bfe155254108eecb80bc7ca	0	0	0	0	42	0	0	0	0	0	0	0	0	0
286ea09f2c65719600a2c73c8673b375	0	0	0	0	42	0	0	0	0	0	0	0	0	0
3514d9a7310b63bde4ab4e2e65bf0e15	0	0	0	0	0	42	0	0	0	0	0	0	0	0
005110397e0398b3c2e530c115ab98fa	0	0	0	0	0	14	28	0	0	0	0	0	0	0
1d2d2dc32771d7183439c14b15cc9bc2	0	0	0	0	0	0	42	0	0	0	0	0	0	0
1031eb11fc2037b188b7cd9d8a1ffae4	0	0	0	0	0	0	42	0	0	0	0	0	0	0
da265e2a40c9eeeb1bba40bbcfc496ae	0	0	0	0	0	0	0	42	0	0	0	0	0	0
c975cec144ce125ce71e5e5a3b12703b	0	0	0	0	0	0	0	42	0	0	0	0	0	0
535fb70dcc890ae8d0122109da2199f2	0	0	0	0	0	0	0	42	0	0	0	0	0	0
f7537ca051d6195fd03a9375d6f664ac	0	0	0	0	0	0	0	0	42	0	0	0	0	0
63ae44002b051e752237f90f77ab36a0	0	0	0	0	0	0	0	0	42	0	0	0	0	0
893b05994f5ff82a7a89bf4a833955b7	0	0	0	0	0	0	0	0	0	42	0	0	0	0
d5e5ea76bbefe1b9f56276e3a6e4e788	0	0	0	0	0	0	0	0	0	42	0	0	0	0
5d0ef3aa1f874d675f83cc720a429d3c	0	0	0	0	0	0	0	0	0	0	42	0	0	0
ffd51fc7763df896de655c7f51837108	0	0	0	0	0	0	0	0	0	0	0	0	42	0
4331b047c5add73eefa2c303b271e946	0	0	0	0	0	0	0	0	0	0	0	0	42	0
bd864de629cecb84b2b53bdd8d243bf0	0	0	0	0	0	0	0	0	0	0	0	0	0	42
df2f557b5745def4c79134b1d8e3e537	0	0	0	0	0	0	0	0	0	0	0	0	0	42
a8e4e82f820c841f27c0c86b17cbcf0f	0	41	0	0	0	0	0	0	0	0	0	0	0	0
fcc84defcda2ac96b193b0211496e01e	0	41	0	0	0	0	0	0	0	0	0	0	0	0
de08c7e82111d6a0ae58f4102ad4ee10	0	41	0	0	0	0	0	0	0	0	0	0	0	0
3134acb9cabe4228f836448843497779	0	41	0	0	0	0	0	0	0	0	0	0	0	0
d5120acb878aef44517455f3dc18fd3c	0	41	0	0	0	0	0	0	0	0	0	0	0	0
2efe2d83b4545f4dbde27668c583f8e9	0	41	0	0	0	0	0	0	0	0	0	0	0	0
112f648bd15928912d9b4d84269597db	0	41	0	0	0	0	0	0	0	0	0	0	0	0
d5e1b08986f231f8789404f65d1bed89	0	41	0	0	0	0	0	0	0	0	0	0	0	0
b08d10c2740fc3add9c39c04ff998f76	0	41	0	0	0	0	0	0	0	0	0	0	0	0
9c79309ffbbddb6676aeefb304614ed0	0	41	0	0	0	0	0	0	0	0	0	0	0	0
646330e0f995a6b7a342224839dd408c	0	41	0	0	0	0	0	0	0	0	0	0	0	0
31114830c90536b9dd54e3ff7857e978	0	41	0	0	0	0	0	0	0	0	0	0	0	0
5cf059db034a4afbce1cc415b56abf5c	0	41	0	0	0	0	0	0	0	0	0	0	0	0
f6b0c392f746accbbe915e9399a44f4b	0	41	0	0	0	0	0	0	0	0	0	0	0	0
397b26219d7d1a34bbc9912be78fb548	0	38	0	0	0	0	3	0	0	0	0	0	0	0
8c495a9a78e2df2618b47bb5647aa051	0	36	0	0	0	0	0	0	0	0	0	0	0	5
5c1b2e53be07ba37b0fbd2996dfd59d3	0	11	30	0	0	0	0	0	0	0	0	0	0	0
f5f911144dbc567edf0ab0f4e5dd3da2	0	10	31	0	0	0	0	0	0	0	0	0	0	0
886262bc9beeded3d942474cb19adaff	0	9	32	0	0	0	0	0	0	0	0	0	0	0
beac8f4891e038476636065811224f63	0	0	41	0	0	0	0	0	0	0	0	0	0	0
f97edc21e0fba103bc03e000b6c734bb	0	0	41	0	0	0	0	0	0	0	0	0	0	0
f71e64a3aa78310465471e7ca84b0261	0	0	41	0	0	0	0	0	0	0	0	0	0	0
229b743957b41bf73058c82f2f7c65c2	0	0	41	0	0	0	0	0	0	0	0	0	0	0
e44b295a94fd5cb208c8f790603d31dd	0	0	41	0	0	0	0	0	0	0	0	0	0	0
98cdc01f65b2e3536630863235f3a2e2	0	0	41	0	0	0	0	0	0	0	0	0	0	0
f70b287a27541b54434e729cbbaf0fa4	0	0	29	12	0	0	0	0	0	0	0	0	0	0
eb7d3b9f811e828f7927c2c663c04f9d	0	0	25	0	0	16	0	0	0	0	0	0	0	0
e0634860bd465cce03fe1bc748cf5d05	0	0	0	41	0	0	0	0	0	0	0	0	0	0
7af9af98da7edc0d34bf340298baf06f	0	0	0	41	0	0	0	0	0	0	0	0	0	0
d0de130f9880e64a11db7cca3beb296a	0	0	0	41	0	0	0	0	0	0	0	0	0	0
5d76d569121bb2786e5b7c7b35b4892a	0	0	0	41	0	0	0	0	0	0	0	0	0	0
78440b16d76a50ccc7f8d2d388f8e4fd	0	0	0	41	0	0	0	0	0	0	0	0	0	0
ec9b5e15e7f475244228edf760c9c8e8	0	0	0	0	41	0	0	0	0	0	0	0	0	0
3445193d56e27457b6bb130675b7202d	0	0	0	0	41	0	0	0	0	0	0	0	0	0
87b9b22ae577702a55f6f4919e97c83b	0	0	0	0	41	0	0	0	0	0	0	0	0	0
6fec1e1c0413b7893052784e59367c31	0	0	0	0	41	0	0	0	0	0	0	0	0	0
dc0e68272d6d468a0cccfccd5da947f7	0	0	0	0	41	0	0	0	0	0	0	0	0	0
0343e3732be46e8d08c7528b8cf7edd9	0	0	0	0	41	0	0	0	0	0	0	0	0	0
2baf50244cf3430a11bd9f98e68f6fe3	0	0	0	0	41	0	0	0	0	0	0	0	0	0
9f1bd287c3cd8a770c1da7ed5d2cf097	0	0	0	0	0	41	0	0	0	0	0	0	0	0
c4c3b46eac4a1b11f750fac92cc40c9c	0	0	0	0	0	41	0	0	0	0	0	0	0	0
35a79dad7a87ab716d4c102f8baa6558	0	0	0	0	0	41	0	0	0	0	0	0	0	0
29ae9b3fc60c7fd9cf8838faf1e7d662	0	0	0	0	0	41	0	0	0	0	0	0	0	0
b8ead2d6b56088a9cc1008c227d2be6a	0	0	0	0	0	41	0	0	0	0	0	0	0	0
c80fc54dde6933a3dcc52d054cbd6f7f	0	0	0	0	0	41	0	0	0	0	0	0	0	0
c33cb8624f3a906e9a0d1a25bb39639c	0	0	0	0	0	0	41	0	0	0	0	0	0	0
1b386aa3c2702c0a8babded16d18ed36	0	0	0	0	0	0	41	0	0	0	0	0	0	0
eed30eb1ea1994f1332c3488f4dd88e6	0	0	0	0	0	0	41	0	0	0	0	0	0	0
e659faf40da645dd8d1c8ce9d2b67b85	0	0	0	0	0	0	41	0	0	0	0	0	0	0
5e24f5f4123f24bb64284b7926926b91	0	0	0	0	0	0	41	0	0	0	0	0	0	0
1dad013bf4b655b2403082f121b9689e	0	0	0	0	0	0	41	0	0	0	0	0	0	0
7248ed18f2c01522eb6eaf44dad15dfe	0	0	0	0	0	0	41	0	0	0	0	0	0	0
4498a5174b1eaea51c11ac84d6d14518	0	0	0	0	0	0	41	0	0	0	0	0	0	0
c617c539bd87b084c3d3f22149c205b2	0	0	0	0	0	0	0	41	0	0	0	0	0	0
56f587182db04dd430660774ccef4df7	0	0	0	0	0	0	0	0	41	0	0	0	0	0
52db52610e0bba15df4877c4cd449f9b	0	0	0	0	0	0	0	0	41	0	0	0	0	0
c6ba3143ea33281db2882ef29a31caa8	0	0	0	0	0	0	0	0	0	41	0	0	0	0
2303bec325afdb67f519ecceeef530d5	0	0	0	0	0	0	0	0	0	41	0	0	0	0
2692375eb629203c5feb998ae270af69	0	0	0	0	0	0	0	0	0	41	0	0	0	0
47cd7c8b2163a86182cf6b51116ac688	0	0	0	0	0	0	0	0	0	0	41	0	0	0
05cf114d49368afa367b7cafb0c55d48	0	0	0	0	0	0	0	0	0	0	41	0	0	0
ba6a1ba4e122898b939351d3ca85d08c	0	0	0	0	0	0	0	0	0	0	41	0	0	0
2ebd10524af3eebf4eaf13357b9fe6ca	0	0	0	0	0	0	0	0	0	0	0	41	0	0
5ee354007c29e95af5ddf531af70337c	0	0	0	0	0	0	0	0	0	0	0	41	0	0
d79ed25e98e9c806403e169dbb847244	0	0	0	0	0	0	0	0	0	0	0	0	41	0
26a8a816085c6c5c70bd50d6c8663c90	0	0	0	0	0	0	0	0	0	0	0	0	41	0
9e7c14fd905cd5326d1f89130d200435	0	0	0	0	0	0	0	0	0	0	0	0	0	41
ae82ef27c7a4bd80ce11fb8c46cd34d7	0	0	0	0	0	0	0	0	0	0	0	0	0	41
ff0e7b2f6cc7ebd982e2038befc3252e	0	40	0	0	0	0	0	0	0	0	0	0	0	0
36bbaf7f177ac35bfc07a2a37c9b2ae5	0	40	0	0	0	0	0	0	0	0	0	0	0	0
4b31f903ac117ebe51fe1fd2aed8edda	0	40	0	0	0	0	0	0	0	0	0	0	0	0
6dd96581319703a123b6b4f39c8a783d	0	40	0	0	0	0	0	0	0	0	0	0	0	0
c211eb28a68004ec418ab6ae9da23de1	0	40	0	0	0	0	0	0	0	0	0	0	0	0
21b5c88f2c8510e213b963e7d751c62f	0	40	0	0	0	0	0	0	0	0	0	0	0	0
4938eb0e033b1274d6e97a6979cc906a	0	40	0	0	0	0	0	0	0	0	0	0	0	0
71d172614f40a5547c0e08b4d904031a	0	40	0	0	0	0	0	0	0	0	0	0	0	0
64ad3c1a96e737612660d68cd89b0ca7	0	40	0	0	0	0	0	0	0	0	0	0	0	0
05b42a783d63bf03834bc5e5a15e3ecc	0	40	0	0	0	0	0	0	0	0	0	0	0	0
6fe2363f2360c223f476c4a8ac1e38a5	0	40	0	0	0	0	0	0	0	0	0	0	0	0
176c85aabbcc26fa4830d7394bbb8999	0	27	0	0	0	0	0	13	0	0	0	0	0	0
d95e6604d2f3d24ef0d6014249770b5f	0	17	23	0	0	0	0	0	0	0	0	0	0	0
043d0dd93e8348f867854edfb1f54b43	0	12	28	0	0	0	0	0	0	0	0	0	0	0
f30efbf858ada2312394f247bd4f369f	0	0	40	0	0	0	0	0	0	0	0	0	0	0
4c35be84e84165ef0cf480d5f51a7413	0	0	40	0	0	0	0	0	0	0	0	0	0	0
684919308ae2924fa67e811d92a71d16	0	0	40	0	0	0	0	0	0	0	0	0	0	0
0ff8c8b7813c53594adf5c79161d16e1	0	0	40	0	0	0	0	0	0	0	0	0	0	0
cfae48a4c7ac55245d868a7edaea48c2	0	0	40	0	0	0	0	0	0	0	0	0	0	0
063b3c273e0a9b8a04587d8046cff9ea	0	0	40	0	0	0	0	0	0	0	0	0	0	0
c4b8323c2faacc9ad92eb91dbd38cd0b	0	0	40	0	0	0	0	0	0	0	0	0	0	0
b89aa0a49402186be4c791f99e35b7f1	0	0	40	0	0	0	0	0	0	0	0	0	0	0
fb350e7f667b70d98a612ee0a02fe296	0	0	40	0	0	0	0	0	0	0	0	0	0	0
ad0fb9921aa97a12584cb43e767ca5be	0	0	31	0	0	9	0	0	0	0	0	0	0	0
ec394bdd7ba6f2e2f75635fbdab55f27	0	0	28	0	0	12	0	0	0	0	0	0	0	0
dc568c68f70f279188913d1a1cb6edab	0	0	21	0	0	19	0	0	0	0	0	0	0	0
a6bfafb76e53dde32eafdeca1d264c18	0	0	12	0	0	13	15	0	0	0	0	0	0	0
93b628b7d3ae3850ab4f201d013a1442	0	0	0	40	0	0	0	0	0	0	0	0	0	0
78b35a279c437077650c2b46c732127f	0	0	0	40	0	0	0	0	0	0	0	0	0	0
30476b11c7e6a0213396d58c42f54fe1	0	0	0	40	0	0	0	0	0	0	0	0	0	0
b06a51f9de6db55f244fa3be3d27e52b	0	0	0	40	0	0	0	0	0	0	0	0	0	0
6b219974a299a1c7e202c03c5118e3a7	0	0	0	22	0	0	0	0	0	0	0	0	0	18
67dd72098929bec64ea223df14bff4f5	0	0	0	0	40	0	0	0	0	0	0	0	0	0
7279bd57060dd6249a13fc4b7baa288e	0	0	0	0	40	0	0	0	0	0	0	0	0	0
336c43455b18f3db119e8153579be851	0	0	0	0	40	0	0	0	0	0	0	0	0	0
0ab2e668546ddfe589c3005728392d40	0	0	0	0	40	0	0	0	0	0	0	0	0	0
aab388e94fdbcfaa06048e9cc8dfb98a	0	0	0	0	40	0	0	0	0	0	0	0	0	0
f68a5b76ee2b4e869c452872310fc40b	0	0	0	0	0	40	0	0	0	0	0	0	0	0
5cafbcc0e21dc676d6d6cecd8b138048	0	0	0	0	0	40	0	0	0	0	0	0	0	0
5d32a466756fec212ee2496b8229e13b	0	0	0	0	0	0	40	0	0	0	0	0	0	0
4b15ed700d71c9a71c77b85f500f9b26	0	0	0	0	0	0	40	0	0	0	0	0	0	0
9c92559ac28124433a0b94a6dd16db46	0	0	0	0	0	0	40	0	0	0	0	0	0	0
7b43a76cc6bb0647ba420217549271ce	0	0	0	0	0	0	40	0	0	0	0	0	0	0
88ad5eb44a98dfa0a9b45db1536dadc1	0	0	0	0	0	0	40	0	0	0	0	0	0	0
4d19af3584a362c959e6e3abd870d019	0	0	0	0	0	0	40	0	0	0	0	0	0	0
2b9f194c7cb99dd8095fbca45753b769	0	0	0	0	0	0	40	0	0	0	0	0	0	0
3d4c46b9d83e7d0e1af38789b69741cd	0	0	0	0	0	0	40	0	0	0	0	0	0	0
8a28cf35ddd2bcca4e6349178ff4ce87	0	0	0	0	0	0	40	0	0	0	0	0	0	0
bfc36c3cd59e43420fd64d250d4a0c88	0	0	0	0	0	0	40	0	0	0	0	0	0	0
a81e1de4bdfe27aa895c4342dcda1cb8	0	0	0	0	0	0	40	0	0	0	0	0	0	0
568757cd6b5ed1d1baa205684c14f478	0	0	0	0	0	0	40	0	0	0	0	0	0	0
781b062b3fd60cd568d022d98d4b7c4e	0	0	0	0	0	0	0	40	0	0	0	0	0	0
91b0ccebe46abdd85ecc4030b9c9a26b	0	0	0	0	0	0	0	40	0	0	0	0	0	0
1d63a85d1d7901f53ed7de92fdcf7d61	0	0	0	0	0	0	0	0	40	0	0	0	0	0
164a45b5521d214b7b89dfde444a178f	0	0	0	0	0	0	0	0	0	40	0	0	0	0
bc9d1aaaad125e1e400bbbac36b5b4f5	0	0	0	0	0	0	0	0	0	0	40	0	0	0
8588609d061075002977c67d27d52552	0	0	0	0	0	0	0	0	0	0	0	0	40	0
9877ef0abe3a3d233fb8750c75049dde	0	0	0	0	0	0	0	0	0	0	0	0	40	0
183bf1cf2984a4fa77ce61f15e71e3a8	0	0	0	0	0	0	0	0	0	0	0	0	40	0
727cd1eebae3ae24468583a5fd29bf40	0	0	0	0	0	0	0	0	0	0	0	0	40	0
165d674301d5e0f5ee063fceca7f0d6e	0	0	0	0	0	0	0	0	0	0	0	0	40	0
0eb8a475b08b62e765fcdeb2f0b06c82	0	0	0	0	0	0	0	0	0	0	0	0	0	40
2dee5a897c3d8a2f19d68b96a032b8cb	0	0	0	0	0	0	0	0	0	0	0	0	0	40
8ba6eb513babdbb0d80bf59bb535597a	0	39	0	0	0	0	0	0	0	0	0	0	0	0
70a49175f6006ccefdc93eaac0ef914e	0	39	0	0	0	0	0	0	0	0	0	0	0	0
dcb932914cc5fd6c0c1e7a61bceca5da	0	39	0	0	0	0	0	0	0	0	0	0	0	0
9bf2993c9e3d822a555d2fe035ffc0bc	0	39	0	0	0	0	0	0	0	0	0	0	0	0
149225819253610b774d33bdc8012a79	0	39	0	0	0	0	0	0	0	0	0	0	0	0
6372aed6d24ea28c4fd415f5e9d309c1	0	39	0	0	0	0	0	0	0	0	0	0	0	0
38685d7793a3de79ab69d0cfb1082d79	0	39	0	0	0	0	0	0	0	0	0	0	0	0
e187a4427560c8ce061ba30a8fbfb76b	0	39	0	0	0	0	0	0	0	0	0	0	0	0
5ddf17feef23ac5da49127daeda72678	0	39	0	0	0	0	0	0	0	0	0	0	0	0
1297c408cc394d469425ecf882a79945	0	39	0	0	0	0	0	0	0	0	0	0	0	0
2458cc924504c4cf5d6724a32057c29e	0	39	0	0	0	0	0	0	0	0	0	0	0	0
11142d334214565c4fa1fa8df8c1d891	0	39	0	0	0	0	0	0	0	0	0	0	0	0
b99180e2be63c2e63cbcd4b43cf697f4	0	39	0	0	0	0	0	0	0	0	0	0	0	0
4ffc4289faa88448465acf9c330b161a	0	39	0	0	0	0	0	0	0	0	0	0	0	0
1919c155856d7285b8a61e774391faae	0	36	0	0	0	3	0	0	0	0	0	0	0	0
dad76cc97a1694b9f4e7f1ec34b92b2a	0	15	24	0	0	0	0	0	0	0	0	0	0	0
4e63e9848d5b09d40d5d2accd2beda1b	0	0	39	0	0	0	0	0	0	0	0	0	0	0
dd289b302e0536ce9122228e8bea4379	0	0	39	0	0	0	0	0	0	0	0	0	0	0
2b52497943afc97126f78042c418451c	0	0	39	0	0	0	0	0	0	0	0	0	0	0
1fae32e3ca8d986b2cd74a763b3c246f	0	0	39	0	0	0	0	0	0	0	0	0	0	0
c73ac0563a5703820c54e2e85f9364d8	0	0	39	0	0	0	0	0	0	0	0	0	0	0
16f5f212ba2d6850c0153a451c0e2914	0	0	39	0	0	0	0	0	0	0	0	0	0	0
b417f377c9755fd2ff6da5ab00040292	0	0	39	0	0	0	0	0	0	0	0	0	0	0
4cb2ff9991620a164949a028106b1ead	0	0	32	0	0	0	7	0	0	0	0	0	0	0
c75d5d4ef11c21d652b7f9f8b1936f96	0	0	30	0	0	0	0	9	0	0	0	0	0	0
e2576831e5e9089545bcdf384594fccc	0	0	29	0	0	10	0	0	0	0	0	0	0	0
1945edd9f7e348427f52f4f3985695c2	0	0	26	0	0	13	0	0	0	0	0	0	0	0
3266af71f07eaf14b3f397f53929f1da	0	0	18	0	0	10	0	0	0	0	0	0	0	11
68a28d6c25aeeacfafb68bfd35b201f7	0	0	0	39	0	0	0	0	0	0	0	0	0	0
912de172c7b8a72380d8a63eb5beddce	0	0	0	0	39	0	0	0	0	0	0	0	0	0
60bce3f479bb33b3bcc0e460dd61adda	0	0	0	0	39	0	0	0	0	0	0	0	0	0
66c69d68c24e8f552c401f4b14d62f07	0	0	0	0	39	0	0	0	0	0	0	0	0	0
6a3cacdf6a1cbac2c8c0dbc2d7af3976	0	0	0	0	39	0	0	0	0	0	0	0	0	0
7bae0fc788ea90aac4eeae55980a8cbb	0	0	0	0	39	0	0	0	0	0	0	0	0	0
cbf9b7a7558b1dbaf8c6823b3c1aeb34	0	0	0	0	39	0	0	0	0	0	0	0	0	0
a5df23bfcc8eadd08d2a577eed086daa	0	0	0	0	39	0	0	0	0	0	0	0	0	0
2be91e34b35acab03b8cd985a0f6b0a3	0	0	0	0	39	0	0	0	0	0	0	0	0	0
322603b69c1a926edadaa927e857c8a8	0	0	0	0	0	39	0	0	0	0	0	0	0	0
60f41f79c18bd31e9fbb02eee3ad702f	0	0	0	0	0	39	0	0	0	0	0	0	0	0
08a93b0020967d0372c36483f1f1fa9d	0	0	0	0	0	39	0	0	0	0	0	0	0	0
12d0fd8de0a70e986b9b979992b7f337	0	0	0	0	0	39	0	0	0	0	0	0	0	0
d77f90433709d9cddffc3fc31429a42f	0	0	0	0	0	39	0	0	0	0	0	0	0	0
ba23ef2f6b6a3ee8df6ffe46a519e9bb	0	0	0	0	0	30	9	0	0	0	0	0	0	0
012abab2ec045465b3a432b5ed9bd98a	0	0	0	0	0	22	17	0	0	0	0	0	0	0
474ed4df62877601cda2a89dc36a49f2	0	0	0	0	0	0	39	0	0	0	0	0	0	0
0574f1e25a1f241c934b843ba7298294	0	0	0	0	0	0	39	0	0	0	0	0	0	0
124e80e356bfa1274499a4e0ada29d41	0	0	0	0	0	0	0	39	0	0	0	0	0	0
c93a7d02f0399c3531fa33f410583f55	0	0	0	0	0	0	0	39	0	0	0	0	0	0
016c023401f892ef4e87bb3f0e5b03bd	0	0	0	0	0	0	0	39	0	0	0	0	0	0
40ac674f43e3e831e9a1dc9fd60fddeb	0	0	0	0	0	0	0	39	0	0	0	0	0	0
bab22186556eb8db8993b52824f6e824	0	0	0	0	0	0	0	0	39	0	0	0	0	0
736d7a45736430a7f9562e9b5cb17656	0	0	0	0	0	0	0	0	39	0	0	0	0	0
4c30bb61cdee5b7bb12b6936a4023be9	0	0	0	0	0	0	0	0	39	0	0	0	0	0
450385cfdbff5bc411e465035d59370c	0	0	0	0	0	0	0	0	39	0	0	0	0	0
1b58a029b581da4a58adab1fb3bd3f15	0	0	0	0	0	0	0	0	39	0	0	0	0	0
f43a4931e199e4d0d6c183596622e415	0	0	0	0	0	0	0	0	0	39	0	0	0	0
ed698b69dfe1b7252370ab213db283f5	0	0	0	0	0	0	0	0	0	0	0	39	0	0
3357bc53a9055285e1756666397b5e02	0	0	0	0	0	0	0	0	0	0	0	0	39	0
944f85fb9366024aa01eab1a083ef2b6	0	0	0	0	0	0	0	0	0	0	0	0	0	39
50b33e0b3d53a513887c333ea969f0ca	0	38	0	0	0	0	0	0	0	0	0	0	0	0
db02f444aa2d6a8016e0cc21968835be	0	38	0	0	0	0	0	0	0	0	0	0	0	0
16831b5332cd3221be8d4ea8801deb3b	0	38	0	0	0	0	0	0	0	0	0	0	0	0
97bca7cc607e6080b9632ccbe80f75e7	0	38	0	0	0	0	0	0	0	0	0	0	0	0
43a9c8d4f63bf87051c395819037af05	0	38	0	0	0	0	0	0	0	0	0	0	0	0
7eacfd12a20245cfc8b474749889e01c	0	38	0	0	0	0	0	0	0	0	0	0	0	0
3ed5dab775cc7428631755fc32452e12	0	38	0	0	0	0	0	0	0	0	0	0	0	0
9b6a593ced0887225559e9db54df7eba	0	38	0	0	0	0	0	0	0	0	0	0	0	0
54a53fb04a3090e796269c34b5e43358	0	38	0	0	0	0	0	0	0	0	0	0	0	0
94bdeabfeafe065fea81455fcaef6340	0	38	0	0	0	0	0	0	0	0	0	0	0	0
bcea1ab09c0102c97e18c4adc47da0e9	0	38	0	0	0	0	0	0	0	0	0	0	0	0
a79f615fd79c5a32df1bc185541ec1ba	0	38	0	0	0	0	0	0	0	0	0	0	0	0
e15fbc37b40bcb1e03951cb151d3ff5e	0	38	0	0	0	0	0	0	0	0	0	0	0	0
27ba51ab890ff1bc901b60672b7d5c57	0	38	0	0	0	0	0	0	0	0	0	0	0	0
ac6e00c6e6352ee470ad0c6308154a26	0	38	0	0	0	0	0	0	0	0	0	0	0	0
535e9b9e71ba0fb85226bff5c6a5569c	0	38	0	0	0	0	0	0	0	0	0	0	0	0
acb0f49768eb5f5d288cf4e3365212f0	0	38	0	0	0	0	0	0	0	0	0	0	0	0
97340b228a571ad2f78f9383d07df2e9	0	38	0	0	0	0	0	0	0	0	0	0	0	0
2c51a65886562138c037b0f948e10712	0	38	0	0	0	0	0	0	0	0	0	0	0	0
2ce309579867ccc4d6e986d267b20f3f	0	38	0	0	0	0	0	0	0	0	0	0	0	0
10d8118ddcbdeff09fe06daf476fed7f	0	26	12	0	0	0	0	0	0	0	0	0	0	0
0b616c7c5a194e1ce2248b720a361d5b	0	23	15	0	0	0	0	0	0	0	0	0	0	0
4f4f9431566f6ebc1cc74282a7c9d43f	0	0	38	0	0	0	0	0	0	0	0	0	0	0
a42ce4b981df6bf7176974f3969982ef	0	0	38	0	0	0	0	0	0	0	0	0	0	0
a9f1e2d2f2690c97ee8b82d30776cd06	0	0	38	0	0	0	0	0	0	0	0	0	0	0
fbba8156d4201c8302025277ac38f55c	0	0	38	0	0	0	0	0	0	0	0	0	0	0
de327bf8d4d7747f41426f5a46ab541b	0	0	38	0	0	0	0	0	0	0	0	0	0	0
57ea4471595b4abd9cb8b17128a77397	0	0	38	0	0	0	0	0	0	0	0	0	0	0
afba2bf992529619143e064fffe2c0ea	0	0	38	0	0	0	0	0	0	0	0	0	0	0
45a235a716d3b873b4238730edb2e1e0	0	0	38	0	0	0	0	0	0	0	0	0	0	0
aff519e74c877b7b6f82b21d28c0323a	0	0	38	0	0	0	0	0	0	0	0	0	0	0
90b8a87549bf9bf6054caee8710e5bf2	0	0	38	0	0	0	0	0	0	0	0	0	0	0
e8ffc372d203592c98a3636ad1a3880a	0	0	32	0	0	0	6	0	0	0	0	0	0	0
b3ac1a4df2e8e3652c0fa9e786427b0c	0	0	29	0	0	9	0	0	0	0	0	0	0	0
d937b81fbe57f4ece6d86f19531b7b5d	0	0	26	0	0	12	0	0	0	0	0	0	0	0
6105e227562c1997ff8ee2d0d5777664	0	0	24	0	0	14	0	0	0	0	0	0	0	0
2c00c8ea8f51cb53ce841f1b8e9c555b	0	0	0	38	0	0	0	0	0	0	0	0	0	0
7ebe3a7ebcbaab58569dc592a4495221	0	0	0	38	0	0	0	0	0	0	0	0	0	0
2b09de9f563b3f649d029390e8cb5058	0	0	0	38	0	0	0	0	0	0	0	0	0	0
cfa0c46bbbd7e9a63c7b2589e2d9fbd3	0	0	0	38	0	0	0	0	0	0	0	0	0	0
02b1c5b587e71d99d92a654e4bcb6181	0	0	0	38	0	0	0	0	0	0	0	0	0	0
32da298f29e46ea0096195dbc9c8a59f	0	0	0	38	0	0	0	0	0	0	0	0	0	0
6a76c3e8c897a053d2e0d59c848018a7	0	0	0	38	0	0	0	0	0	0	0	0	0	0
960e9632da39f00d273c1ab23cd12569	0	0	0	0	38	0	0	0	0	0	0	0	0	0
590c1379b954bf4410d5294fd596d87e	0	0	0	0	38	0	0	0	0	0	0	0	0	0
e1cd9c3a93a56f5a6c644184fe901d57	0	0	0	0	38	0	0	0	0	0	0	0	0	0
619424a1afc45e0d44abad36121aa7c5	0	0	0	0	0	38	0	0	0	0	0	0	0	0
d9b97c183d1cf3a40a835896883eee73	0	0	0	0	0	38	0	0	0	0	0	0	0	0
28d31cc9d1bb330927cd982a580ce312	0	0	0	0	0	38	0	0	0	0	0	0	0	0
04d13aa0864e61bfdc22e7ec43199568	0	0	0	0	0	38	0	0	0	0	0	0	0	0
ad3864f6e45fc33f9ac2516352b626f6	0	0	0	0	0	38	0	0	0	0	0	0	0	0
2de58d186db243e34e6ac3de21f7cafb	0	0	0	0	0	38	0	0	0	0	0	0	0	0
b7111b61c35cba6cc0a9bdcf065d68ab	0	0	0	0	0	20	18	0	0	0	0	0	0	0
4fed9ff4c9e11f20edf5fab7fcac6f8e	0	0	0	0	0	0	38	0	0	0	0	0	0	0
ef6f028aee6e2aaf89db73cc5a8286a7	0	0	0	0	0	0	38	0	0	0	0	0	0	0
37c1203ce2ff583e6cf5e608bf60a2ee	0	0	0	0	0	0	38	0	0	0	0	0	0	0
63941c429e7bc24efe64df2b597f1382	0	0	0	0	0	0	38	0	0	0	0	0	0	0
da7faa9f1a65c2e8d807d1423c66ac98	0	0	0	0	0	0	38	0	0	0	0	0	0	0
48d64dafcf3c17c72b2534e88ee70163	0	0	0	0	0	0	38	0	0	0	0	0	0	0
500c7690160430e4940ec2c4ac25da34	0	0	0	0	0	0	0	38	0	0	0	0	0	0
1a2bb48aab3a459191ba36841d397fb2	0	0	0	0	0	0	0	38	0	0	0	0	0	0
a9cbcd29c9d7dccddf3d45be6a9623fb	0	0	0	0	0	0	0	38	0	0	0	0	0	0
d666b24207e83cad2836a2169fcd3b32	0	0	0	0	0	0	0	38	0	0	0	0	0	0
b7ea8f45a869ef91203c7a21d5638a6e	0	0	0	0	0	0	0	38	0	0	0	0	0	0
b71746d66578a1ed2274a603467fcf58	0	0	0	0	0	0	0	0	38	0	0	0	0	0
77bc1adee93bd676178db0062eb605f1	0	0	0	0	0	0	0	0	38	0	0	0	0	0
396e831ec517de7768f2544b52e71261	0	0	0	0	0	0	0	0	0	38	0	0	0	0
d0ef690989c2316cb82ffe38574b620c	0	0	0	0	0	0	0	0	0	38	0	0	0	0
225b92f1d29789fd65fb2d279cd22a3b	0	0	0	0	0	0	0	0	0	0	38	0	0	0
747b62f54e9aaf835cbb099ff4c9fd2f	0	0	0	0	0	0	0	0	0	0	0	0	38	0
79957e70313c9b0959868c9c47ce2ba3	0	0	0	0	0	0	0	0	0	0	0	0	0	38
65fb916844c852fb180c9b71a2c614ef	0	37	0	0	0	0	0	0	0	0	0	0	0	0
07b8ce24893a2d923b9686a09df5d0b0	0	37	0	0	0	0	0	0	0	0	0	0	0	0
e7d400d979238558f34c1649f1721c7b	0	37	0	0	0	0	0	0	0	0	0	0	0	0
bafefc77e4708e3e9a211f6570a0ec3b	0	37	0	0	0	0	0	0	0	0	0	0	0	0
4be8a215e79d65a91a6ce91b7c80e666	0	37	0	0	0	0	0	0	0	0	0	0	0	0
4172126a4627f39f5ccd5b9b6a63d025	0	37	0	0	0	0	0	0	0	0	0	0	0	0
9f8db40ce9098fdb24f3c893fd2b7c25	0	37	0	0	0	0	0	0	0	0	0	0	0	0
7456b4fba0cab1116e678037c13d2420	0	37	0	0	0	0	0	0	0	0	0	0	0	0
336907b96421ecbcd56a3bf42fa7b911	0	37	0	0	0	0	0	0	0	0	0	0	0	0
357dc0b3f34dd2679a0af15bf9693d93	0	37	0	0	0	0	0	0	0	0	0	0	0	0
ef65f0d1e3be5158fedaad2198a48609	0	37	0	0	0	0	0	0	0	0	0	0	0	0
9c3e45dcf739865e044f2d6b9702a00a	0	37	0	0	0	0	0	0	0	0	0	0	0	0
cbbdd00e4186c095eebddd0ae47fbcfb	0	37	0	0	0	0	0	0	0	0	0	0	0	0
86ca09c22b3ddc20699eb03e5b200bdb	0	37	0	0	0	0	0	0	0	0	0	0	0	0
3775d04aeb267477cc1952bd42fb75c5	0	37	0	0	0	0	0	0	0	0	0	0	0	0
8338d00202858f65dd852e859e60837a	0	37	0	0	0	0	0	0	0	0	0	0	0	0
f3bcff5f6299f3a8b68f8f0374b80cb0	0	37	0	0	0	0	0	0	0	0	0	0	0	0
c62ab84040980dbe2b6b275bc91ae364	0	37	0	0	0	0	0	0	0	0	0	0	0	0
a474cb66c276a8d1c91c293e02a234f7	0	37	0	0	0	0	0	0	0	0	0	0	0	0
c84ee368bf5e41f14566801943873d46	0	37	0	0	0	0	0	0	0	0	0	0	0	0
19d1cf348cb35d423559e1fe8de7f2ce	0	37	0	0	0	0	0	0	0	0	0	0	0	0
0baff1ab0b7538b81a728c687282dc3b	0	37	0	0	0	0	0	0	0	0	0	0	0	0
bd503500056f4d1af7d766c48a54668c	0	25	12	0	0	0	0	0	0	0	0	0	0	0
e48ef99370d32ee080befe4651153306	0	14	16	0	0	7	0	0	0	0	0	0	0	0
63b9737d20ab318052fdd8d2471f6e80	0	10	14	0	0	13	0	0	0	0	0	0	0	0
2499decf3479262aeab26a195d4015e0	0	10	27	0	0	0	0	0	0	0	0	0	0	0
7217706739ebf4375a4f33c84f24324c	0	0	37	0	0	0	0	0	0	0	0	0	0	0
c7f853bbbb94390cee08ef4d178828d6	0	0	37	0	0	0	0	0	0	0	0	0	0	0
84d82b003ae18c406cd1832fc371a34f	0	0	37	0	0	0	0	0	0	0	0	0	0	0
125f6b156ab7a1da251cf06bef79289a	0	0	37	0	0	0	0	0	0	0	0	0	0	0
927a1744aae2311d95510d758ae4f6d4	0	0	37	0	0	0	0	0	0	0	0	0	0	0
f3b20b9bc141b3001574c8ba9be1388d	0	0	37	0	0	0	0	0	0	0	0	0	0	0
96ed8a846b174fb851114eea44729703	0	0	37	0	0	0	0	0	0	0	0	0	0	0
3106736a1b683fec9ded807ae9b8dd0a	0	0	37	0	0	0	0	0	0	0	0	0	0	0
0ed1b667ea653b16622d7c677ff6150c	0	0	37	0	0	0	0	0	0	0	0	0	0	0
e800ec1f3878ccdfa8f8b2345e7071ad	0	0	37	0	0	0	0	0	0	0	0	0	0	0
b00011337e599a416ec6e865227e886e	0	0	37	0	0	0	0	0	0	0	0	0	0	0
d0bd56c1b5cbfdfb0c73b05e60bd2bab	0	0	37	0	0	0	0	0	0	0	0	0	0	0
7380c5da0deeeac606c4e18c3d88c63b	0	0	37	0	0	0	0	0	0	0	0	0	0	0
a85d8090522bec0412ea1598ca2ffc16	0	0	37	0	0	0	0	0	0	0	0	0	0	0
9e59beb30beaa1826616778d471719f5	0	0	32	0	0	5	0	0	0	0	0	0	0	0
e4d855de9db23244364dd4a9cc7b8247	0	0	23	0	0	14	0	0	0	0	0	0	0	0
39664a174d5ba4f92ca4cd677590ab2f	0	0	8	0	0	22	7	0	0	0	0	0	0	0
37a57de230e07be3b1053a4be2202558	0	0	0	37	0	0	0	0	0	0	0	0	0	0
ac190149efc5ebb45db92295c9eec270	0	0	0	37	0	0	0	0	0	0	0	0	0	0
1f47c0312dfc74f1a73ff0722b2a7898	0	0	0	37	0	0	0	0	0	0	0	0	0	0
b1efc5d29aaf3becb425a85ce55b8431	0	0	0	37	0	0	0	0	0	0	0	0	0	0
03316b5ba50a1035106c2b2b538c55c5	0	0	0	37	0	0	0	0	0	0	0	0	0	0
f8c9f73693dac348fcaa86d64ecb7180	0	0	0	37	0	0	0	0	0	0	0	0	0	0
e3cd0439999ee103009a89d3fa8ea8de	0	0	0	0	37	0	0	0	0	0	0	0	0	0
10dbb927f73a99bc45cb193f3ba26dc7	0	0	0	0	37	0	0	0	0	0	0	0	0	0
9dfaea769083f9cab68c78f519bcd337	0	0	0	0	37	0	0	0	0	0	0	0	0	0
b2334614c09cd157be9f49bf0b554c5f	0	0	0	0	37	0	0	0	0	0	0	0	0	0
fbab6aaee6ea8070e8f916b2c59de342	0	0	0	0	0	37	0	0	0	0	0	0	0	0
889559507f7afcb0efde55812810bc94	0	0	0	0	0	37	0	0	0	0	0	0	0	0
89a0cbc2bf44dc232e1ec5b1f971a8c1	0	0	0	0	0	37	0	0	0	0	0	0	0	0
0f1a837595a3712cf62ec26b29af0d1b	0	0	0	0	0	0	37	0	0	0	0	0	0	0
914cbee82c03e54aa772a7ffa25d83d7	0	0	0	0	0	0	37	0	0	0	0	0	0	0
ed981fdf8788fd6f91275d1542ae1790	0	0	0	0	0	0	37	0	0	0	0	0	0	0
2731a0a738658ccc866a012df84f85a3	0	0	0	0	0	0	37	0	0	0	0	0	0	0
76157a785704fee336a2fdf9c5a28c93	0	0	0	0	0	0	37	0	0	0	0	0	0	0
c346edb20a4af1dce6d54c50a7fb9030	0	0	0	0	0	0	37	0	0	0	0	0	0	0
d473c9b03b097709d91e48bfe5329913	0	0	0	0	0	0	0	37	0	0	0	0	0	0
6c699c0b476f3b2bf1e1345d7821aa14	0	0	0	0	0	0	0	0	37	0	0	0	0	0
570d7bcbceaf04e9adaf076220ede0f1	0	0	0	0	0	0	0	0	0	37	0	0	0	0
eccd474caf61ee335f7bb8d594bd6b06	0	0	0	0	0	0	0	0	0	37	0	0	0	0
3694f628869e8f2a4f027adbc3087a9e	0	0	0	0	0	0	0	0	0	0	0	0	37	0
441f5ed67f5a5ff4ab04c20c4bc83bed	0	0	0	0	0	0	0	0	0	0	0	0	0	37
ef044701ce103edef780b81dd9378535	0	36	0	0	0	0	0	0	0	0	0	0	0	0
41dcc3b764b521eb19dd29cc6fbdcb5f	0	36	0	0	0	0	0	0	0	0	0	0	0	0
136e1ed7a8f186c5aa97f6d0b5b2c31b	0	36	0	0	0	0	0	0	0	0	0	0	0	0
e6ea9cff75cf166ac09a3cf1bc35b6e5	0	36	0	0	0	0	0	0	0	0	0	0	0	0
aa6a5a9593bfbe60cadfa1e55318a809	0	36	0	0	0	0	0	0	0	0	0	0	0	0
04eb53a51f1cc28163b1f517e9f888f2	0	36	0	0	0	0	0	0	0	0	0	0	0	0
8f40d274112c0ed3e82cbc38b15a7c4e	0	36	0	0	0	0	0	0	0	0	0	0	0	0
208ff2ee0275314d8808b735d085fbc1	0	36	0	0	0	0	0	0	0	0	0	0	0	0
a33dc7573d455bf04ba848c84c182028	0	36	0	0	0	0	0	0	0	0	0	0	0	0
9b184263c1cf24144143c4177a65594a	0	36	0	0	0	0	0	0	0	0	0	0	0	0
91feee267c057168b0e17fd8439514df	0	36	0	0	0	0	0	0	0	0	0	0	0	0
d39e60a8302bd2c1d766781dbcc57e28	0	36	0	0	0	0	0	0	0	0	0	0	0	0
0609e6ab84d045c74f8996a7975e4d20	0	36	0	0	0	0	0	0	0	0	0	0	0	0
94188304bc05a3b490167afe8a729b3c	0	36	0	0	0	0	0	0	0	0	0	0	0	0
678946ee2399a4ede101404d00fa4b9b	0	36	0	0	0	0	0	0	0	0	0	0	0	0
daff9d9ab70330373983964297b5d4be	0	36	0	0	0	0	0	0	0	0	0	0	0	0
4bbf58cd39233d1056217307a6762272	0	36	0	0	0	0	0	0	0	0	0	0	0	0
aeaec68e7cdd450f64fc06c7e2802618	0	36	0	0	0	0	0	0	0	0	0	0	0	0
0b640e25b4176035bb3c1dbb81e6ac5f	0	21	0	0	0	0	0	15	0	0	0	0	0	0
529f8b2aef1002bdd524e18fe93de14e	0	20	0	0	0	16	0	0	0	0	0	0	0	0
ba69abb517db6d43b7488d6476c3dd64	0	20	16	0	0	0	0	0	0	0	0	0	0	0
e05f372dc23a925a744773c708d358a9	0	11	19	0	0	6	0	0	0	0	0	0	0	0
a304f43bcf1df5b81dd3231df76a37be	0	3	33	0	0	0	0	0	0	0	0	0	0	0
edcf960a6e6f663406e5cb9725ccdaf1	0	0	36	0	0	0	0	0	0	0	0	0	0	0
547de3ad94f82440e546f8c3f2d997f9	0	0	36	0	0	0	0	0	0	0	0	0	0	0
a17537cb4423fdd67b1bee444cc30000	0	0	36	0	0	0	0	0	0	0	0	0	0	0
ce35a0456eaee63e0af6a8bb340b7f39	0	0	36	0	0	0	0	0	0	0	0	0	0	0
fba41992e44ccbf2584101c49052e8de	0	0	36	0	0	0	0	0	0	0	0	0	0	0
58d1066ab50e5e708cdcb53834016fe5	0	0	36	0	0	0	0	0	0	0	0	0	0	0
0fa6afaed68645e84423f6be803cc1b7	0	0	36	0	0	0	0	0	0	0	0	0	0	0
dc0540297753f5f4775f051ff9e36450	0	0	36	0	0	0	0	0	0	0	0	0	0	0
30ab68e31e3b711861453960c2915d74	0	0	36	0	0	0	0	0	0	0	0	0	0	0
e39c8195b32752ab2c897f1a80469239	0	0	36	0	0	0	0	0	0	0	0	0	0	0
e7730ea778174cb3d4a6f973578c391c	0	0	36	0	0	0	0	0	0	0	0	0	0	0
b84da9a53940b453945797fdce870055	0	0	36	0	0	0	0	0	0	0	0	0	0	0
199f0d066fdc358f835944b3badfc21a	0	0	36	0	0	0	0	0	0	0	0	0	0	0
4e27a48607aacd1ccbe1a496d1c1a3a2	0	0	36	0	0	0	0	0	0	0	0	0	0	0
cb4d70c6816b10b724be24eb3f3a1fa3	0	0	34	0	0	0	2	0	0	0	0	0	0	0
0dc485d916839e7691244f5c0d9606fb	0	0	30	0	0	6	0	0	0	0	0	0	0	0
56addc4f96879c3f47c6ac7a3822470d	0	0	29	0	0	7	0	0	0	0	0	0	0	0
196ff9dcea6f61be33638ea108f30f37	0	0	17	0	0	0	0	19	0	0	0	0	0	0
808002ac64e951028732a0499dc91494	0	0	12	0	0	0	0	24	0	0	0	0	0	0
eef8de253c875f7a471bbc534c7f9b09	0	0	0	36	0	0	0	0	0	0	0	0	0	0
64433fe664fcf9d2160d80620c761f77	0	0	0	36	0	0	0	0	0	0	0	0	0	0
49c24bf61452bb66a74c69dd39888e6d	0	0	0	36	0	0	0	0	0	0	0	0	0	0
76ee0e3cf7729969940976158b0f5631	0	0	0	36	0	0	0	0	0	0	0	0	0	0
c5e532c0eea3e1f895ac9f167f521eec	0	0	0	36	0	0	0	0	0	0	0	0	0	0
160d422a59efbfd1810e2adf63e1fbd5	0	0	0	0	36	0	0	0	0	0	0	0	0	0
fdae956ec234df7cea656c43701809c9	0	0	0	0	36	0	0	0	0	0	0	0	0	0
6e3a194d8126c34a4721f05550090eee	0	0	0	0	36	0	0	0	0	0	0	0	0	0
2e5926defd4fb2cdd3b63cc34c4e5c73	0	0	0	0	36	0	0	0	0	0	0	0	0	0
b8c35d6099b9e76621715f0a927e4e15	0	0	0	0	36	0	0	0	0	0	0	0	0	0
8a1ad25df815b8d4f04d5d12c90437a7	0	0	0	0	36	0	0	0	0	0	0	0	0	0
9935cdc98b8bccbb4acc605e14f6f0b0	0	0	0	0	36	0	0	0	0	0	0	0	0	0
8667d0339165afbc1edc85e4a9e552b2	0	0	0	0	36	0	0	0	0	0	0	0	0	0
19b596fd27c673ac646d4729c427ab24	0	0	0	0	36	0	0	0	0	0	0	0	0	0
bad5eb3344f8b038b0f1a63be70d2bc5	0	0	0	0	36	0	0	0	0	0	0	0	0	0
88a944ac75aa554de532e3aeb52b0427	0	0	0	0	0	0	36	0	0	0	0	0	0	0
9e58b50e39a63a9141e8d779f29cccaf	0	0	0	0	0	0	0	36	0	0	0	0	0	0
fb80fcfc224c17802aa01969c7ee2450	0	0	0	0	0	0	0	36	0	0	0	0	0	0
21aa352f9b07b181ea92bf113d7b3a8c	0	0	0	0	0	0	0	36	0	0	0	0	0	0
fa74d20266d59d27f48c5cad3f426420	0	0	0	0	0	0	0	36	0	0	0	0	0	0
97eba57bc6e5620c16337657c2de3e1a	0	0	0	0	0	0	0	0	36	0	0	0	0	0
16cd2d93cbd6d47b063ccee267a90efa	0	0	0	0	0	0	0	0	36	0	0	0	0	0
dce30587572689936742c68f3f285b64	0	0	0	0	0	0	0	0	0	36	0	0	0	0
d3f77842cc7e4df5bde5727e90bb698a	0	0	0	0	0	0	0	0	0	0	36	0	0	0
2bcc3f1f5d04aaee95229cb586cc78ab	0	0	0	0	0	0	0	0	0	0	0	36	0	0
a4c742c091a8cc7bb8663970861467c1	0	0	0	0	0	0	0	0	0	0	0	36	0	0
83b2a085bb732ca0b863fbd115363202	0	0	0	0	0	0	0	0	0	0	0	36	0	0
4a129f3529a70efa0ecbffb38ba79068	0	0	0	0	0	0	0	0	0	0	0	36	0	0
3fb32abe9b0e972548012db95916b061	0	0	0	0	0	0	0	0	0	0	0	36	0	0
ec8a182c2c3d9cbae7c7bbfbb8434d43	0	0	0	0	0	0	0	0	0	0	0	0	36	0
a14d34d9c4fc792864d2e7e2b0d2a9fc	0	0	0	0	0	0	0	0	0	0	0	0	36	0
7400aa65996df45170cdf8fcfe0682db	0	0	0	0	0	0	0	0	0	0	0	0	0	36
72aee6da465840f8ef28d0bbabfc24a8	0	0	0	0	0	0	0	0	0	0	0	0	0	36
a44eaa4bdfcb6b0d90ed486734ee1912	0	35	0	0	0	0	0	0	0	0	0	0	0	0
e9d5ba369c716648fcaaf1470546b3d8	0	35	0	0	0	0	0	0	0	0	0	0	0	0
f0106cd6896e5a171c6bac204c8eef58	0	35	0	0	0	0	0	0	0	0	0	0	0	0
4d70510fbafab20476d2e85b8b54137c	0	35	0	0	0	0	0	0	0	0	0	0	0	0
317d5ddc9243f2a4f857820a3ad7ce77	0	35	0	0	0	0	0	0	0	0	0	0	0	0
964e3f8d29bde0cf0a7b6fefabe68930	0	35	0	0	0	0	0	0	0	0	0	0	0	0
71c61e1066eab5bf0a413840ba754aef	0	35	0	0	0	0	0	0	0	0	0	0	0	0
dacc1a065e5fe32547c26d78a939837d	0	35	0	0	0	0	0	0	0	0	0	0	0	0
32b3f78a75f40840a665b2f6eac4974e	0	35	0	0	0	0	0	0	0	0	0	0	0	0
2cbf889854a81e6b2b967f640e13c2f7	0	35	0	0	0	0	0	0	0	0	0	0	0	0
f0d3b300a759ed36ee0c60c5f27888c2	0	35	0	0	0	0	0	0	0	0	0	0	0	0
7ee90a24c0cc39abd0f2cc030f071da3	0	35	0	0	0	0	0	0	0	0	0	0	0	0
3dcef0cd20e05a5f069bb1cc8f2b0efe	0	35	0	0	0	0	0	0	0	0	0	0	0	0
393fbbf0a6b15ea2c0f693d1951c9a27	0	35	0	0	0	0	0	0	0	0	0	0	0	0
4132dd95db10bf12a9e36b51a7665abf	0	14	0	0	0	0	0	0	0	0	0	0	0	21
b601059f6764c805602c58af6d8426ab	0	0	35	0	0	0	0	0	0	0	0	0	0	0
8fe2fc3e8f526a32b04579a49c7218cd	0	0	35	0	0	0	0	0	0	0	0	0	0	0
4dcf14d94fd3ee9a278688c163faf487	0	0	35	0	0	0	0	0	0	0	0	0	0	0
c5976c5db515fe98a559537090f7fd44	0	0	35	0	0	0	0	0	0	0	0	0	0	0
d4de911191077bf4fafc851e1bf7a468	0	0	35	0	0	0	0	0	0	0	0	0	0	0
2a46544248395950f21af00115fd5907	0	0	35	0	0	0	0	0	0	0	0	0	0	0
122ee0d0171e1a0059f9861e81c8f8bb	0	0	35	0	0	0	0	0	0	0	0	0	0	0
bcb5b48722c15c3b63ee0dc36e23244c	0	0	35	0	0	0	0	0	0	0	0	0	0	0
696890a6a5b0f4e784de9d1a520480a3	0	0	35	0	0	0	0	0	0	0	0	0	0	0
7cffde531817e35d6519ae70b2784d4a	0	0	35	0	0	0	0	0	0	0	0	0	0	0
8b281d6d0acc6fcb20b478aa7d657d6c	0	0	35	0	0	0	0	0	0	0	0	0	0	0
5e28ba05e8457ab2b21604eb6f3c6ac3	0	0	28	0	0	0	7	0	0	0	0	0	0	0
59f8192b01b92745aaf3ae538ea336ce	0	0	26	0	0	0	9	0	0	0	0	0	0	0
017194d57f6d035d826746961d0b9700	0	0	4	0	0	24	7	0	0	0	0	0	0	0
cdb9374d568b1941ead32c414e4e7c09	0	0	0	35	0	0	0	0	0	0	0	0	0	0
602d39b7f3823bee07a3a2c2a2306c6f	0	0	0	35	0	0	0	0	0	0	0	0	0	0
11062a7f97f31f69660325ce6eebf560	0	0	0	35	0	0	0	0	0	0	0	0	0	0
465e92cb58de7f2cbb7839d312577aa7	0	0	0	35	0	0	0	0	0	0	0	0	0	0
3bc25f317115b9f908ea45f3424b3e0a	0	0	0	35	0	0	0	0	0	0	0	0	0	0
50d5f4d7f6492a67ced493e5bd7ce551	0	0	0	0	35	0	0	0	0	0	0	0	0	0
7dc64df8297dd87d308ef709e32f34bc	0	0	0	0	0	35	0	0	0	0	0	0	0	0
cea9c3c714389e4fc0c6adab56c19136	0	0	0	0	0	35	0	0	0	0	0	0	0	0
ca22e344864a478de973af01ece3e198	0	0	0	0	0	35	0	0	0	0	0	0	0	0
c0e55ea7cb5a2c29107fe04cfdc255b7	0	0	0	0	0	35	0	0	0	0	0	0	0	0
9e7bce528f8a4ff2682072cdd8235a6c	0	0	0	0	0	35	0	0	0	0	0	0	0	0
1e22fa62937f8ad6a9787634c52e5af4	0	0	0	0	0	35	0	0	0	0	0	0	0	0
21200a1b9c625d61099c2e58c937bc9c	0	0	0	0	0	35	0	0	0	0	0	0	0	0
296c4e8f49eac73983e22d005cdcd714	0	0	0	0	0	35	0	0	0	0	0	0	0	0
d399a67474b9e8a98d059318b555af1a	0	0	0	0	0	35	0	0	0	0	0	0	0	0
a196df5befa58f653261217511b71cfa	0	0	0	0	0	35	0	0	0	0	0	0	0	0
b2e01e330f120d450aebd4d88e7276b0	0	0	0	0	0	35	0	0	0	0	0	0	0	0
ed5030e19f393e4ae5b040e1e5f95020	0	0	0	0	0	35	0	0	0	0	0	0	0	0
f40f2ef97f2c1b2da5f3e7e52881357a	0	0	0	0	0	35	0	0	0	0	0	0	0	0
8f787db33829b6f11d8ff837644e19e8	0	0	0	0	0	0	35	0	0	0	0	0	0	0
9175975d86a9307889b1b5f2db8090a6	0	0	0	0	0	0	35	0	0	0	0	0	0	0
66d308b8b8f55faa555cc0bdf7544b32	0	0	0	0	0	0	35	0	0	0	0	0	0	0
e0e9b171177f13c291cbe10fbf3e48b6	0	0	0	0	0	0	35	0	0	0	0	0	0	0
51246d9ffc2c96eba5f2634c691ae0bc	0	0	0	0	0	0	35	0	0	0	0	0	0	0
22f4c677d1a50dc4304e164cae58fa8c	0	0	0	0	0	0	0	35	0	0	0	0	0	0
125bf95ce37945c86d326c68af51d71a	0	0	0	0	0	0	0	35	0	0	0	0	0	0
3b3fc078f876e38a586d2c0779949722	0	0	0	0	0	0	0	35	0	0	0	0	0	0
abb827cf9b897ef1d13fa09e90988122	0	0	0	0	0	0	0	35	0	0	0	0	0	0
764cdba06ab58557afb2d9fb8bfe28d7	0	0	0	0	0	0	0	35	0	0	0	0	0	0
c6f5b5db348c83d4ed138e91f55a0cbb	0	0	0	0	0	0	0	35	0	0	0	0	0	0
584740eb1c02528acdde04f78153a1dc	0	0	0	0	0	0	0	35	0	0	0	0	0	0
2c3538689b9a57affd0f3dfb7cb01c6f	0	0	0	0	0	0	0	35	0	0	0	0	0	0
9c38e480ef0d8a9a70bb617ebcc12468	0	0	0	0	0	0	0	0	35	0	0	0	0	0
45a18005d59ae6e09395a9e7d935054b	0	0	0	0	0	0	0	0	35	0	0	0	0	0
f0f434987fdbb6dc2e0d5e9bcaaabf98	0	0	0	0	0	0	0	0	35	0	0	0	0	0
5908139ddf02ba2273dda7ae9e63dda6	0	0	0	0	0	0	0	0	35	0	0	0	0	0
50c374539875f911899e3a7dbe0cad18	0	0	0	0	0	0	0	0	35	0	0	0	0	0
7a3cc62f9a8ad7e5c86aaac8a214c0be	0	0	0	0	0	0	0	0	35	0	0	0	0	0
49ff8bbe88345f067a4583388bde317a	0	0	0	0	0	0	0	0	0	35	0	0	0	0
4accf5406c96d4598b7c32a0d738b257	0	0	0	0	0	0	0	0	0	35	0	0	0	0
4f43528c30165e569441d98b85b6f900	0	0	0	0	0	0	0	0	0	0	0	35	0	0
c3a685db73a0f9f1212f433826505758	0	0	0	0	0	0	0	0	0	0	0	35	0	0
9d055f8ca6305a1256f62cc8c97050e6	0	0	0	0	0	0	0	0	0	0	0	35	0	0
55ea58b9fe417f311409bc9dccad7f2b	0	0	0	0	0	0	0	0	0	0	0	35	0	0
5b8ca1d9aa35bee72ae93e3b2a147a42	0	0	0	0	0	0	0	0	0	0	0	35	0	0
94caf0aae7a7f24e0e3b57d9d44ec103	0	0	0	0	0	0	0	0	0	0	0	0	0	35
cd1bb507a74f1958407ba736c75ca58d	0	0	0	0	0	0	0	0	0	0	0	0	0	35
1422c3367d38f20767c11df0571f27b9	0	34	0	0	0	0	0	0	0	0	0	0	0	0
09e4e14b72884e55e2415f304362eacf	0	34	0	0	0	0	0	0	0	0	0	0	0	0
e376798f6edac0dace5cb4ef96e83d8f	0	34	0	0	0	0	0	0	0	0	0	0	0	0
102c22a88198f00bf630f38104d419e0	0	34	0	0	0	0	0	0	0	0	0	0	0	0
9eac97c4e7e2e1c33c26b8db767f0f95	0	34	0	0	0	0	0	0	0	0	0	0	0	0
15e5e2ca73baa0bc5e1f57b1f683afc9	0	34	0	0	0	0	0	0	0	0	0	0	0	0
7f1a3a24396cb1a027ec7a7328c99cd8	0	34	0	0	0	0	0	0	0	0	0	0	0	0
66d47eeba777560521dc3c7cc705d813	0	34	0	0	0	0	0	0	0	0	0	0	0	0
5e08e8c443b75d590d06338eb9197297	0	34	0	0	0	0	0	0	0	0	0	0	0	0
1ea731241f780739b33721635e392526	0	34	0	0	0	0	0	0	0	0	0	0	0	0
2b724a47c724c0c1a87746fb6d874d81	0	34	0	0	0	0	0	0	0	0	0	0	0	0
6afb2a7c3922565faffc14c29a885881	0	34	0	0	0	0	0	0	0	0	0	0	0	0
4053018037ad333c8c32566ea84d1ff4	0	34	0	0	0	0	0	0	0	0	0	0	0	0
83016eba61b3f5ce24e9120a235c1485	0	34	0	0	0	0	0	0	0	0	0	0	0	0
035e03382eea5cff978792ae6d2a1127	0	34	0	0	0	0	0	0	0	0	0	0	0	0
8ae7bbb4d2f5e2788e7d166c8050ae46	0	34	0	0	0	0	0	0	0	0	0	0	0	0
f62d5d4facc2bb98d0cc34b572b81ca0	0	34	0	0	0	0	0	0	0	0	0	0	0	0
cef92cb3889069398fe81f2d7024c433	0	34	0	0	0	0	0	0	0	0	0	0	0	0
08dcc6a85cf98cdb92c3ec8679caa03b	0	34	0	0	0	0	0	0	0	0	0	0	0	0
31564b71a0bf70db9ac11bb44047e8b2	0	34	0	0	0	0	0	0	0	0	0	0	0	0
6297665d0a97e18077310be7ebbf26f3	0	34	0	0	0	0	0	0	0	0	0	0	0	0
7ba09c16f95df88614a20a00e8f6ccf5	0	34	0	0	0	0	0	0	0	0	0	0	0	0
0c6da6e27ff2b7e60aa282f058ebd2fa	0	34	0	0	0	0	0	0	0	0	0	0	0	0
643887152f89260a949f8e31a8d2d433	0	34	0	0	0	0	0	0	0	0	0	0	0	0
9def1e3f7a06ae59f618dd7d80af0ec2	0	31	0	0	0	0	3	0	0	0	0	0	0	0
9d925618384f84c433dac5c275375822	0	21	13	0	0	0	0	0	0	0	0	0	0	0
c381997eef6880dbb8afef126156550b	0	0	34	0	0	0	0	0	0	0	0	0	0	0
6b1bad63c022fc4d1ea8bc1a88e81515	0	0	34	0	0	0	0	0	0	0	0	0	0	0
960d2549ff5c6ed62d9a614140eae60e	0	0	34	0	0	0	0	0	0	0	0	0	0	0
7a8a52c261548b624897c72025eb9892	0	0	34	0	0	0	0	0	0	0	0	0	0	0
d43d69064f76cf6c14d98e2857605dc5	0	0	34	0	0	0	0	0	0	0	0	0	0	0
9bb6e1947c85ef7a5f95b3f1ba418b80	0	0	34	0	0	0	0	0	0	0	0	0	0	0
dd7b486c5e3b7021d94b58f2d54ceda9	0	0	34	0	0	0	0	0	0	0	0	0	0	0
43d33dba4e7c95799cb62a21e85d55ec	0	0	34	0	0	0	0	0	0	0	0	0	0	0
cabfb264d25b609b927c179083d7ac57	0	0	34	0	0	0	0	0	0	0	0	0	0	0
a0a594dd221def5fecceff0321ab3ac3	0	0	34	0	0	0	0	0	0	0	0	0	0	0
fd16e23108c48ff917418999dc38fb36	0	0	34	0	0	0	0	0	0	0	0	0	0	0
7aa6af912b32425214dfce17108ad675	0	0	34	0	0	0	0	0	0	0	0	0	0	0
f0468b12adb5ba4c2893af12978f7e46	0	0	34	0	0	0	0	0	0	0	0	0	0	0
93cbed23b99ece237b71ad4a9901f16e	0	0	34	0	0	0	0	0	0	0	0	0	0	0
34f8cbae1f4a88270082843140557980	0	0	34	0	0	0	0	0	0	0	0	0	0	0
00eb42b900ce42c9a614d1eda72ca091	0	0	25	0	0	9	0	0	0	0	0	0	0	0
86a4f16fef29bae6e5b519f83f0f5728	0	0	21	0	0	13	0	0	0	0	0	0	0	0
cffa787d5a8354248b5b5d968310714d	0	0	17	0	0	0	10	7	0	0	0	0	0	0
67330180fb8d113aa3b3b01ca8379482	0	0	8	0	0	19	7	0	0	0	0	0	0	0
ae9a1ed2889742fee01dade493a68949	0	0	0	34	0	0	0	0	0	0	0	0	0	0
f6c0d5e255fc23b608315df8e9efe557	0	0	0	34	0	0	0	0	0	0	0	0	0	0
94cfdf848387d1eccbea641a273fe174	0	0	0	34	0	0	0	0	0	0	0	0	0	0
b506b6789ab8af7a5e7ecc7a58fdcdbc	0	0	0	34	0	0	0	0	0	0	0	0	0	0
fb16661dcc2741b0f9e0f7d77392153a	0	0	0	0	34	0	0	0	0	0	0	0	0	0
e3c406acf08e267dcaeebfd6b2c0aaea	0	0	0	0	34	0	0	0	0	0	0	0	0	0
de2e4510288a6a409777959615652a9f	0	0	0	0	34	0	0	0	0	0	0	0	0	0
d760d67b238b0c7f0aabc5c8a29d7366	0	0	0	0	0	34	0	0	0	0	0	0	0	0
cc0e46932a00125774e0daac5f46fef5	0	0	0	0	0	34	0	0	0	0	0	0	0	0
6b3e954d852a35e3a5c692001fef597a	0	0	0	0	0	34	0	0	0	0	0	0	0	0
881c6f8a010c9016fd21c5bad40fe6b6	0	0	0	0	0	34	0	0	0	0	0	0	0	0
e0fdfdd84dd5bee21286972ee6ec3fdd	0	0	0	0	0	34	0	0	0	0	0	0	0	0
adfd9f20562ac572132916acd34a68a4	0	0	0	0	0	0	34	0	0	0	0	0	0	0
dffcc4e2f4398d9728769ade94c30669	0	0	0	0	0	0	34	0	0	0	0	0	0	0
41a7a7cd5eb2866b6328e3f50d0ed237	0	0	0	0	0	0	34	0	0	0	0	0	0	0
055f0106796743b28cc8d4c912e7c04e	0	0	0	0	0	0	34	0	0	0	0	0	0	0
6846d693a29d40b41374d686f7854e5f	0	0	0	0	0	0	0	34	0	0	0	0	0	0
67e032152653eba849d6ed15c3b0f097	0	0	0	0	0	0	0	34	0	0	0	0	0	0
5d5f388b7aef45e71cfd990e6d33c193	0	0	0	0	0	0	0	34	0	0	0	0	0	0
42a0e1b94ae1606c0d3400a9fb072018	0	0	0	0	0	0	0	34	0	0	0	0	0	0
6e4e2ec8261f748530c096b415cd2c0c	0	0	0	0	0	0	0	34	0	0	0	0	0	0
b9ad961ef724f12d08aab3255827b19c	0	0	0	0	0	0	0	0	34	0	0	0	0	0
bf31eeeac258754e42e2e26f3c356552	0	0	0	0	0	0	0	0	34	0	0	0	0	0
59f75763ad20723626aa2cf4bf533410	0	0	0	0	0	0	0	0	34	0	0	0	0	0
da4249cf1801515fb3a1fc90fe3760ba	0	0	0	0	0	0	0	0	34	0	0	0	0	0
9210016223608b67ad76f585c64d7b5c	0	0	0	0	0	0	0	0	34	0	0	0	0	0
3c3de103662b5775e8b8230ca47083bd	0	0	0	0	0	0	0	0	34	0	0	0	0	0
830ff1752a514ed55c53698f260cb4b9	0	0	0	0	0	0	0	0	0	34	0	0	0	0
d239a0d2d32e5dcc0714a606d97f7136	0	0	0	0	0	0	0	0	0	34	0	0	0	0
b6203f002dea2c376029aa5f6cbd6df4	0	0	0	0	0	0	0	0	0	34	0	0	0	0
7bb66e19c5d659cdb8f43a54447bfa4f	0	0	0	0	0	0	0	0	0	0	34	0	0	0
103bce5d2988cc66c46ca03a37ea2dcf	0	0	0	0	0	0	0	0	0	0	34	0	0	0
df704d64de028079320e6bf57b8a3198	0	0	0	0	0	0	0	0	0	0	0	34	0	0
2fc45b09ecaac5ad6e68592ca3de16bc	0	0	0	0	0	0	0	0	0	0	0	34	0	0
955756341c726b7c10d8f1e9dc358029	0	0	0	0	0	0	0	0	0	0	0	0	34	0
c1d5510aefd5d3ea06fb1f2a0ffb0cfc	0	0	0	0	0	0	0	0	0	0	0	0	0	34
f940a0c6920fd0685fd3f2d480b95d76	0	33	0	0	0	0	0	0	0	0	0	0	0	0
441bd2158ee6de15337ddf8ede93b0b2	0	33	0	0	0	0	0	0	0	0	0	0	0	0
df8dffe54c5f0619943a0c14c1cb1ff8	0	33	0	0	0	0	0	0	0	0	0	0	0	0
27ed6d93d3026ff23e89e011bb687372	0	33	0	0	0	0	0	0	0	0	0	0	0	0
793fcba1d0026c4ec92cc8b17401378a	0	33	0	0	0	0	0	0	0	0	0	0	0	0
78269cdcedfeb979e0da84b963ad9950	0	33	0	0	0	0	0	0	0	0	0	0	0	0
2196beeed6b112e8904697eefda89bd2	0	33	0	0	0	0	0	0	0	0	0	0	0	0
5df87f6197e96dcc54c330e689f6ced7	0	33	0	0	0	0	0	0	0	0	0	0	0	0
dc396f5a0795a55f3b1afd29eea373f6	0	33	0	0	0	0	0	0	0	0	0	0	0	0
62e09a4957df6c5bc8d25c3d9cc21c14	0	33	0	0	0	0	0	0	0	0	0	0	0	0
654307b2cda2c57b7dc7d039c2eeec12	0	33	0	0	0	0	0	0	0	0	0	0	0	0
e6de84d1103ad2dc20784fd6491d6493	0	33	0	0	0	0	0	0	0	0	0	0	0	0
ff89e6c819700124d60661645acc280c	0	33	0	0	0	0	0	0	0	0	0	0	0	0
0cee25ddc8bf316ed517520fae7535f6	0	33	0	0	0	0	0	0	0	0	0	0	0	0
555921771b0ef0cc59d486c63716ffdd	0	33	0	0	0	0	0	0	0	0	0	0	0	0
cf7c6707b87c883940ddb1e31f470e8d	0	33	0	0	0	0	0	0	0	0	0	0	0	0
f0b9c2ff46c9cf1d9424ef0ca1fa9ce8	0	33	0	0	0	0	0	0	0	0	0	0	0	0
04c2513921f75e9cf5765fda389b9cee	0	33	0	0	0	0	0	0	0	0	0	0	0	0
c0ca9180b86d6ca74f66c136b40f126b	0	33	0	0	0	0	0	0	0	0	0	0	0	0
282fd154c7d4ebdd93eeb5ef2d48ab2e	0	33	0	0	0	0	0	0	0	0	0	0	0	0
dddaab49210a751d9ee1dfb6f698e937	0	33	0	0	0	0	0	0	0	0	0	0	0	0
530d1f0ce7bdee493e995141e23952a9	0	33	0	0	0	0	0	0	0	0	0	0	0	0
e38dc842a0caa6e12735345dfa114818	0	15	18	0	0	0	0	0	0	0	0	0	0	0
67ff48edd543fef6b27b3b5368aec1fa	0	14	15	0	0	4	0	0	0	0	0	0	0	0
b1407558b2d43e08c130c46108279b1f	0	13	20	0	0	0	0	0	0	0	0	0	0	0
3656a8ff1739a6b241bd5fe383e744b1	0	0	33	0	0	0	0	0	0	0	0	0	0	0
454355a1a39134d4ea16a35549f8f082	0	0	33	0	0	0	0	0	0	0	0	0	0	0
9d5f7da0e5d08a8c17658fda4240e81b	0	0	33	0	0	0	0	0	0	0	0	0	0	0
ab0cf8a73ebbaa69b23e1af110be0c8e	0	0	33	0	0	0	0	0	0	0	0	0	0	0
b7c468d390374f79db39f55aeeb0defd	0	0	33	0	0	0	0	0	0	0	0	0	0	0
7afeb0cdd7aecb0e5f4f8174e8742b4d	0	0	33	0	0	0	0	0	0	0	0	0	0	0
57fc1e5ff0338a46de08b88618e764de	0	0	33	0	0	0	0	0	0	0	0	0	0	0
8e04d700b3ebf1fbebf0e090d9aabc99	0	0	33	0	0	0	0	0	0	0	0	0	0	0
b76732ddf451d3accd83a2b6632b82cb	0	0	33	0	0	0	0	0	0	0	0	0	0	0
514d8dff7dd3e81e1f684a6960891b33	0	0	33	0	0	0	0	0	0	0	0	0	0	0
b03b8c0ea5d66efca69f7da37ad5f10e	0	0	29	0	0	4	0	0	0	0	0	0	0	0
2255f266d18b2930befadd59f2538824	0	0	27	0	0	0	6	0	0	0	0	0	0	0
6d8eac8d44a07e7e78ca788c0d964cdd	0	0	23	0	0	10	0	0	0	0	0	0	0	0
45bb90d16eb78c606737743f8006af31	0	0	13	0	0	20	0	0	0	0	0	0	0	0
e2e092c98ea882a446c012597cc9146a	0	0	2	0	0	15	16	0	0	0	0	0	0	0
6a4847ed02838c5c124b872b43db1584	0	0	0	33	0	0	0	0	0	0	0	0	0	0
f6c5299ded4384a2b186da281b85c4d0	0	0	0	33	0	0	0	0	0	0	0	0	0	0
c2b11af20e52a37052e725a764135f93	0	0	0	12	0	0	0	0	0	0	0	0	0	21
a2d9ac069991ba083727082175c3ea85	0	0	0	0	33	0	0	0	0	0	0	0	0	0
3b15417de24326be5c2099cf06661797	0	0	0	0	0	33	0	0	0	0	0	0	0	0
0e65a1f75cceef831ba37bc061ea5271	0	0	0	0	0	33	0	0	0	0	0	0	0	0
4bbf083bc32cb501ca63f8a7f901864a	0	0	0	0	0	33	0	0	0	0	0	0	0	0
9e592204cd0799ade3b69ade13b240f5	0	0	0	0	0	33	0	0	0	0	0	0	0	0
762252e1dbc85972b72635cf862fcd48	0	0	0	0	0	33	0	0	0	0	0	0	0	0
11550e2821a545ce7bc1a7c87a3ab2db	0	0	0	0	0	33	0	0	0	0	0	0	0	0
090ceb252585f270e1d215cd82ca0a0b	0	0	0	0	0	33	0	0	0	0	0	0	0	0
32718cdebae4c25491971d89bc665802	0	0	0	0	0	33	0	0	0	0	0	0	0	0
d09ebb7857bb17c5674ad90b3e7bc019	0	0	0	0	0	0	33	0	0	0	0	0	0	0
ceafd38101149221f9f8a7469a68dc9b	0	0	0	0	0	0	33	0	0	0	0	0	0	0
91e18ec72ded78c02effb85eea8858d5	0	0	0	0	0	0	33	0	0	0	0	0	0	0
877d44c5108b49c3de56e542d9760b46	0	0	0	0	0	0	0	33	0	0	0	0	0	0
90c21841f1aced758002ee41c2f0436a	0	0	0	0	0	0	0	33	0	0	0	0	0	0
96ac39f02a32761f0c4809db586ad3a7	0	0	0	0	0	0	0	33	0	0	0	0	0	0
ae0361ea0f3f424f369573a23b159702	0	0	0	0	0	0	0	33	0	0	0	0	0	0
0b5778cf03971f3361dc0e31ed1a3aff	0	0	0	0	0	0	0	33	0	0	0	0	0	0
a47cfa504fffc19b11f7f6d3f01c4dbe	0	0	0	0	0	0	0	33	0	0	0	0	0	0
04b365806ff74d3d6fdd40804de7c903	0	0	0	0	0	0	0	33	0	0	0	0	0	0
e0caf8c989e18c2f2c30493c89c62d3d	0	0	0	0	0	0	0	0	33	0	0	0	0	0
3e5f6bcd33f877f4f9d48c91225af7b4	0	0	0	0	0	0	0	0	33	0	0	0	0	0
98e6c7316bc8f9febeb968eafc7bc3d3	0	0	0	0	0	0	0	0	33	0	0	0	0	0
c5ff763b40ffe58d8d581d9582996c1c	0	0	0	0	0	0	0	0	33	0	0	0	0	0
4331f04123617da460b230442bb000f9	0	0	0	0	0	0	0	0	33	0	0	0	0	0
56be458a64688e90160f139c19386194	0	0	0	0	0	0	0	0	33	0	0	0	0	0
0dbdd47c0a049736df456d7582851a61	0	0	0	0	0	0	0	0	0	33	0	0	0	0
ab858938ca7f2471e5e1b5737c35ef1d	0	0	0	0	0	0	0	0	0	0	33	0	0	0
6da835739a7c0bc8915f23326c093901	0	0	0	0	0	0	0	0	0	0	33	0	0	0
479aaaa49caaafb12442b8444f5e0dd8	0	0	0	0	0	0	0	0	0	0	33	0	0	0
132c582996e2e24b5c07bceed8164ac3	0	0	0	0	0	0	0	0	0	0	33	0	0	0
d66b86c0f96e019a1c399dd32db8e3e4	0	0	0	0	0	0	0	0	0	0	0	33	0	0
6ea2609e161a30632112dc5073f8da64	0	0	0	0	0	0	0	0	0	0	0	33	0	0
03988ff6ffc0fbf06f4611d32416184f	0	0	0	0	0	0	0	0	0	0	0	33	0	0
40b39b1c258fa67d0bcdc643eead3d71	0	0	0	0	0	0	0	0	0	0	0	33	0	0
337bdf558503bf2e24cd8d2c2d8f9236	0	0	0	0	0	0	0	0	0	0	0	33	0	0
b9b5a741888244f648dc868cadb95190	0	0	0	0	0	0	0	0	0	0	0	33	0	0
f328323a338100de5c7ee65a97c2da7c	0	0	0	0	0	0	0	0	0	0	0	33	0	0
c62324c14538e5897d9eb700376f9b77	0	0	0	0	0	0	0	0	0	0	0	0	0	33
391e6fcc53b8900b67ab5c8d5456ea74	0	32	0	0	0	0	0	0	0	0	0	0	0	0
3dca5ab0bf08f0636d195e82dc6ad590	0	32	0	0	0	0	0	0	0	0	0	0	0	0
aabc57aff2eddf7cc673624e3682da07	0	32	0	0	0	0	0	0	0	0	0	0	0	0
64b6c032ae80169981f20f262f92df89	0	32	0	0	0	0	0	0	0	0	0	0	0	0
250613bc477d39a4500cc785a50fae80	0	32	0	0	0	0	0	0	0	0	0	0	0	0
116ba55fb37be24eee882a7f449c2937	0	32	0	0	0	0	0	0	0	0	0	0	0	0
2b77ce7bc0e82fc8b98386626e2656ee	0	32	0	0	0	0	0	0	0	0	0	0	0	0
72c8354a0a4eb8fba88338daab80a171	0	32	0	0	0	0	0	0	0	0	0	0	0	0
e5d71a6f12287c1b3392e7f894cd022d	0	32	0	0	0	0	0	0	0	0	0	0	0	0
7293d62c9dfd0564ef9852d0c6d674c9	0	32	0	0	0	0	0	0	0	0	0	0	0	0
941e569652bcd88d08cd89f46fe2432d	0	32	0	0	0	0	0	0	0	0	0	0	0	0
cf73554c9fd9cd7c7c87d4170551de85	0	32	0	0	0	0	0	0	0	0	0	0	0	0
f198fa1e6ae4b216d0a386194f3e422b	0	32	0	0	0	0	0	0	0	0	0	0	0	0
10a2a9fa5bc4e252037f3cb2bbd41ef2	0	32	0	0	0	0	0	0	0	0	0	0	0	0
fd2d74c674261baf9d7b06ca3194674b	0	32	0	0	0	0	0	0	0	0	0	0	0	0
d36436e3b3bdab687be63a6007581e96	0	32	0	0	0	0	0	0	0	0	0	0	0	0
df834c9dd15586b5ba784a351ebcdb00	0	32	0	0	0	0	0	0	0	0	0	0	0	0
4053a21d2153a1653d538210e03a10bb	0	32	0	0	0	0	0	0	0	0	0	0	0	0
8b61d179a2f93929c0926d491e64fe60	0	26	0	0	0	6	0	0	0	0	0	0	0	0
6969ce36f9443f8150e5c4db3570c969	0	22	10	0	0	0	0	0	0	0	0	0	0	0
429d75aad5ec9e5edde895d0436d7dc5	0	21	11	0	0	0	0	0	0	0	0	0	0	0
dd08ff485fce03d6beedefd8f84963dd	0	18	14	0	0	0	0	0	0	0	0	0	0	0
880c64090861167d2c37648ee2e77538	0	15	17	0	0	0	0	0	0	0	0	0	0	0
37cd66ce2069c7f0741083d67e1dee77	0	0	32	0	0	0	0	0	0	0	0	0	0	0
e91be42c9e18322e44d077ae809eae20	0	0	32	0	0	0	0	0	0	0	0	0	0	0
e9fe178f58de34a49e9e148f4a21f55a	0	0	32	0	0	0	0	0	0	0	0	0	0	0
f261ad1d5b9cfc4b61f887ccb843fa5d	0	0	32	0	0	0	0	0	0	0	0	0	0	0
b4a3831662543b55b81327e50f6d9e93	0	0	32	0	0	0	0	0	0	0	0	0	0	0
0b73f97f529304a6e701a014d4870a69	0	0	32	0	0	0	0	0	0	0	0	0	0	0
9d16a7c68659fe0d8d357ef6c3b7da71	0	0	32	0	0	0	0	0	0	0	0	0	0	0
09238c77855be4c99440191738ff835e	0	0	32	0	0	0	0	0	0	0	0	0	0	0
85138dd99a78ea1d48cab2ade84e07ad	0	0	32	0	0	0	0	0	0	0	0	0	0	0
c1f1cc136db88ef392d127a38672fc9d	0	0	32	0	0	0	0	0	0	0	0	0	0	0
e66a43902ddfa5c69d75658a548029ef	0	0	32	0	0	0	0	0	0	0	0	0	0	0
4d8584b09787697991709673207f73c4	0	0	32	0	0	0	0	0	0	0	0	0	0	0
29a12ae7b2a5e0818606e23ec8bb6a5a	0	0	32	0	0	0	0	0	0	0	0	0	0	0
ce34efcf4022520fbf1697a5fad6a19e	0	0	32	0	0	0	0	0	0	0	0	0	0	0
5f8b9c344f6579cc24b82bebb06c0077	0	0	32	0	0	0	0	0	0	0	0	0	0	0
fa566a1b1aa3f5014ab9fb32316193b7	0	0	32	0	0	0	0	0	0	0	0	0	0	0
09b5b94ea107fbff3b919c9cf06f3aed	0	0	32	0	0	0	0	0	0	0	0	0	0	0
ce6edd7e57cbea89072d4d56e0199610	0	0	32	0	0	0	0	0	0	0	0	0	0	0
7f6ff14303b84129b144aa3f92ca8c69	0	0	25	0	0	7	0	0	0	0	0	0	0	0
c07c5d7769abc937c250bf265bfeac23	0	0	24	0	0	8	0	0	0	0	0	0	0	0
7b0779b09ddc86b41eb695d1bf716baf	0	0	21	0	0	11	0	0	0	0	0	0	0	0
f7b83c44363111013498aef3bc986511	0	0	17	0	0	15	0	0	0	0	0	0	0	0
5ba905713b7739ce7ffd7720ef0119fd	0	0	14	0	0	18	0	0	0	0	0	0	0	0
4ad20ff48a7216be0b6e1b63a62e498b	0	0	0	32	0	0	0	0	0	0	0	0	0	0
819531d37b0125780983158e2d846fef	0	0	0	0	32	0	0	0	0	0	0	0	0	0
4d2cdec0a76126a38f8969423f559bbb	0	0	0	0	32	0	0	0	0	0	0	0	0	0
26ad3ae979370441f5a4d6346e789dbb	0	0	0	0	32	0	0	0	0	0	0	0	0	0
b63ce42082ac70ff2199623aa75b2cd0	0	0	0	0	32	0	0	0	0	0	0	0	0	0
9eb404a5c6024b2b7765cace23ecfe96	0	0	0	0	32	0	0	0	0	0	0	0	0	0
75c8d8fc0660367b6258f1352be6d8ad	0	0	0	0	32	0	0	0	0	0	0	0	0	0
571c04eaa616c55eaa63d08d0744e724	0	0	0	0	0	32	0	0	0	0	0	0	0	0
4e97707c63b943820acf78c3a7728f4e	0	0	0	0	0	32	0	0	0	0	0	0	0	0
383bd9f65ec55d8d056e0a590f83447d	0	0	0	0	0	32	0	0	0	0	0	0	0	0
a0d10258fe814ea366ede219825c7ed3	0	0	0	0	0	32	0	0	0	0	0	0	0	0
f58c1b4e56d31003f554ff6cf6701904	0	0	0	0	0	32	0	0	0	0	0	0	0	0
4ba52035aad3397075d0d061b35c3140	0	0	0	0	0	32	0	0	0	0	0	0	0	0
9fe8c21057acc24325048e21cffc1324	0	0	0	0	0	32	0	0	0	0	0	0	0	0
e6e50c47fb3631c9c0f511bc732de319	0	0	0	0	0	14	18	0	0	0	0	0	0	0
7052a6dd137fe3b7f11d072918a439d3	0	0	0	0	0	0	32	0	0	0	0	0	0	0
e1b5bdd5b0d9818d5d0ed3d6ed329ee6	0	0	0	0	0	0	0	32	0	0	0	0	0	0
48c1c0e0c72dc50e9713fedcbfcb38c4	0	0	0	0	0	0	0	32	0	0	0	0	0	0
410eb6d3b24280578954154b52277f3f	0	0	0	0	0	0	0	32	0	0	0	0	0	0
36347888be2736bcab1feef37127c82d	0	0	0	0	0	0	0	32	0	0	0	0	0	0
15be7f0973c75fbe9071693ed0c0c4b0	0	0	0	0	0	0	0	32	0	0	0	0	0	0
4b6bb08773b3a63608b74d24e8612c75	0	0	0	0	0	0	0	32	0	0	0	0	0	0
4a293e1aa4a2e5b0684929b8d4cfe636	0	0	0	0	0	0	0	0	32	0	0	0	0	0
1c907862f991c50216586f0d11f7a328	0	0	0	0	0	0	0	0	32	0	0	0	0	0
000b63d87dfa074bd5f8770afa625232	0	0	0	0	0	0	0	0	32	0	0	0	0	0
0166374d8dd012e5e607578e5f143660	0	0	0	0	0	0	0	0	32	0	0	0	0	0
6938d43e0f20bee9d3cf846a5097bfcb	0	0	0	0	0	0	0	0	0	32	0	0	0	0
380c3690970bdb6d786ac425938121c6	0	0	0	0	0	0	0	0	0	0	32	0	0	0
f3bb5f904a0d78b0b30845e15f7c6f00	0	0	0	0	0	0	0	0	0	0	0	32	0	0
b16e7998a81f83aa270e0eb206572102	0	0	0	0	0	0	0	0	0	0	0	32	0	0
ca4bc171a9ca142c3a7ef2279a6ee90e	0	0	0	0	0	0	0	0	0	0	0	32	0	0
3c96ab78661d86d4cd37e7cbfa6b1353	0	0	0	0	0	0	0	0	0	0	0	32	0	0
b5289c02ef8117c0c2d489a03e17ac0e	0	0	0	0	0	0	0	0	0	0	0	32	0	0
3fdea8001a8576e374a246dbc3dbc426	0	0	0	0	0	0	0	0	0	0	0	32	0	0
a2a6c49f5c9f0d95f2ae9151cda562a8	0	0	0	0	0	0	0	0	0	0	0	0	0	32
97495758e1d3f1dd5b3d691d4b4e8d6e	0	0	0	0	0	0	0	0	0	0	0	0	0	32
fa16b1874c7f83d1529fbc73f19581d2	31	0	0	0	0	0	0	0	0	0	0	0	0	0
a00632266af7956d072d4cdb0e343970	0	31	0	0	0	0	0	0	0	0	0	0	0	0
d74e810be141942272e85c705dd631c6	0	31	0	0	0	0	0	0	0	0	0	0	0	0
2d706c0e06bb396ca68293498d603ba0	0	31	0	0	0	0	0	0	0	0	0	0	0	0
759475866c9ca6222839957d1d69c9b4	0	31	0	0	0	0	0	0	0	0	0	0	0	0
4c3d2419c742028b7f158267165ec99a	0	31	0	0	0	0	0	0	0	0	0	0	0	0
9fd45ef04e2952c0790355ce54c371dd	0	31	0	0	0	0	0	0	0	0	0	0	0	0
9c8f24b68f86c745281f2e2ae1de3401	0	31	0	0	0	0	0	0	0	0	0	0	0	0
2de7d67c5105ed7635ba546b28764674	0	31	0	0	0	0	0	0	0	0	0	0	0	0
c1b86fc2ee252e99d01aefc3edd5c0a8	0	31	0	0	0	0	0	0	0	0	0	0	0	0
9d2f25d3183211d12fb139a448ecd7c6	0	31	0	0	0	0	0	0	0	0	0	0	0	0
f6ac700575e2dde7169e3a15946f34c1	0	31	0	0	0	0	0	0	0	0	0	0	0	0
06b8b4456d3666f99ea3103595710dad	0	31	0	0	0	0	0	0	0	0	0	0	0	0
de0e480dfc62592503a04add1dbdb7f5	0	31	0	0	0	0	0	0	0	0	0	0	0	0
91a6ff7a661aa4330a223a30857a2787	0	31	0	0	0	0	0	0	0	0	0	0	0	0
3cff3c6e277b164ee69cb57b93ae2667	0	31	0	0	0	0	0	0	0	0	0	0	0	0
725cedbf69d446c765310e7e0c016e12	0	31	0	0	0	0	0	0	0	0	0	0	0	0
96eb0ced97b1470c3121391ff8f1b4c3	0	31	0	0	0	0	0	0	0	0	0	0	0	0
d71da42294b5b0bba620f4e628bc7ffb	0	31	0	0	0	0	0	0	0	0	0	0	0	0
b36e751a0bab85e3bab09b1197f0dc6c	0	31	0	0	0	0	0	0	0	0	0	0	0	0
c10c403234ce0a994f89d2be46edf43a	0	31	0	0	0	0	0	0	0	0	0	0	0	0
0c4a751dda203ec965739d5110fbde78	0	31	0	0	0	0	0	0	0	0	0	0	0	0
2c6953b71626932e9f140744e725eb15	0	31	0	0	0	0	0	0	0	0	0	0	0	0
555c2da0e367d610212390cf931044cf	0	31	0	0	0	0	0	0	0	0	0	0	0	0
fe09d9a450a7ac4fad716edccf027505	0	31	0	0	0	0	0	0	0	0	0	0	0	0
cdd1baa4fb2776bec1fa82a6c5b995f5	0	31	0	0	0	0	0	0	0	0	0	0	0	0
8afe0230a760911d7c315ffd2e4feeb7	0	18	13	0	0	0	0	0	0	0	0	0	0	0
82777fb9c8c1cba92c9e220261c6ce3d	0	14	17	0	0	0	0	0	0	0	0	0	0	0
9e6eea9c818b57440d5c6423c7eb955c	0	13	18	0	0	0	0	0	0	0	0	0	0	0
a5011d1d7795d26c7c8d17419e3e1a32	0	0	31	0	0	0	0	0	0	0	0	0	0	0
55a0affb1a6e8d0a5770549134b844bc	0	0	31	0	0	0	0	0	0	0	0	0	0	0
333ea48e64f17f155c2649ba99fb033a	0	0	31	0	0	0	0	0	0	0	0	0	0	0
aa561d99bd89b26dc7c91ab4c858211f	0	0	31	0	0	0	0	0	0	0	0	0	0	0
41a667a0726836d26ce0d3f7d93687cc	0	0	31	0	0	0	0	0	0	0	0	0	0	0
4634b5e5cb594c9bf05c2dc7a90641e5	0	0	31	0	0	0	0	0	0	0	0	0	0	0
bce1b76cc8700ddf72e8d9a61708fe52	0	0	31	0	0	0	0	0	0	0	0	0	0	0
3943ab053661930696b4acb7847177de	0	0	31	0	0	0	0	0	0	0	0	0	0	0
2112ed38ca335e966faac95632041805	0	0	31	0	0	0	0	0	0	0	0	0	0	0
9b861538f10b78ab2bcd24608d58090f	0	0	31	0	0	0	0	0	0	0	0	0	0	0
96c8addbb43fe12a3220621fd0c41830	0	0	31	0	0	0	0	0	0	0	0	0	0	0
05a28e3792c8b0b5815ec95a471cfb2b	0	0	31	0	0	0	0	0	0	0	0	0	0	0
06a5f4807b51fb8a4764a925374c346e	0	0	31	0	0	0	0	0	0	0	0	0	0	0
c71afdf651ee5e1798d0fd9c3caea20b	0	0	31	0	0	0	0	0	0	0	0	0	0	0
08b06899dce8b60714e39a5e24c3afa0	0	0	31	0	0	0	0	0	0	0	0	0	0	0
e9ffbf340b9f0f335276f720039f64bc	0	0	31	0	0	0	0	0	0	0	0	0	0	0
d21128244ab67cc7553a9166c5f812a8	0	0	31	0	0	0	0	0	0	0	0	0	0	0
0342ba41af309f58762ddd8bc586d1b9	0	0	31	0	0	0	0	0	0	0	0	0	0	0
3418a96ac0518e865007ab4900cc8f74	0	0	31	0	0	0	0	0	0	0	0	0	0	0
2243a80c27529e282217ca243adb370a	0	0	28	0	0	0	3	0	0	0	0	0	0	0
f105bebb0d22ea3aba8906cb585f73a1	0	0	27	0	0	0	4	0	0	0	0	0	0	0
3305cc72e860ed5dd5bbafed23679fa3	0	0	21	0	0	10	0	0	0	0	0	0	0	0
d7cd243efd8ff260d382c45cd3f64e3d	0	0	21	0	0	10	0	0	0	0	0	0	0	0
9942fe91466f1149c04d112ae1b72b22	0	0	19	0	0	12	0	0	0	0	0	0	0	0
5f12d3fb9c5554e984b130e049871873	0	0	19	0	0	12	0	0	0	0	0	0	0	0
09bcc4a8cc4cc735d70c7b2bdab88e3d	0	0	0	31	0	0	0	0	0	0	0	0	0	0
c47f497a85fc726845d839466f1ad500	0	0	0	31	0	0	0	0	0	0	0	0	0	0
bd166ce286d0550e735146fb170c6eac	0	0	0	0	31	0	0	0	0	0	0	0	0	0
3401c65312b9b0e8f38ed789bb516868	0	0	0	0	31	0	0	0	0	0	0	0	0	0
c0f047ef8b4fa1b7e08f220c1544454d	0	0	0	0	31	0	0	0	0	0	0	0	0	0
87fd851899772e3b409be0ebdfbbe39f	0	0	0	0	31	0	0	0	0	0	0	0	0	0
01a589d0929afe493b3d39867518448e	0	0	0	0	0	31	0	0	0	0	0	0	0	0
d972861932c3dd5d220fac5bd51c442b	0	0	0	0	0	31	0	0	0	0	0	0	0	0
1b1dc277edc9c40fc137500ca4c85488	0	0	0	0	0	31	0	0	0	0	0	0	0	0
4d5f49de266797037147e9e524614b6f	0	0	0	0	0	19	12	0	0	0	0	0	0	0
2bc335e13c6740a519b2530f197844ab	0	0	0	0	0	0	31	0	0	0	0	0	0	0
81af12814c04232546043bbc3b159f9f	0	0	0	0	0	0	31	0	0	0	0	0	0	0
6a384c864cc5991a15ebaa5a0cbab14c	0	0	0	0	0	0	31	0	0	0	0	0	0	0
a89874ebf9862422e151826dcfe3ce99	0	0	0	0	0	0	31	0	0	0	0	0	0	0
363a4d1701be93834cf434593a2184e6	0	0	0	0	0	0	31	0	0	0	0	0	0	0
440dfd60525ea1eaf044c27d079bd9dc	0	0	0	0	0	0	31	0	0	0	0	0	0	0
7caaef16ca823f0c2766e37c0bc79dcd	0	0	0	0	0	0	31	0	0	0	0	0	0	0
65a090d74784c272ec990a7079a291c3	0	0	0	0	0	0	10	21	0	0	0	0	0	0
7e9e5f372b8e36e308faee683b9a0250	0	0	0	0	0	0	0	31	0	0	0	0	0	0
a74ef1c365f139cb79cfb972aefcbeeb	0	0	0	0	0	0	0	31	0	0	0	0	0	0
55b7750b9f380095b0d93410424f5310	0	0	0	0	0	0	0	31	0	0	0	0	0	0
210e65eb6909206bcadd63c1d26222d6	0	0	0	0	0	0	0	31	0	0	0	0	0	0
c9263f358c9b1750fa8f4c1feeb14787	0	0	0	0	0	0	0	31	0	0	0	0	0	0
c4b90cebbbed33d0a4edb27d8d11fda4	0	0	0	0	0	0	0	31	0	0	0	0	0	0
dcde9295e368faee49592dd345fc1dea	0	0	0	0	0	0	0	31	0	0	0	0	0	0
5396071f3b7995f74791e8671ec73014	0	0	0	0	0	0	0	31	0	0	0	0	0	0
00aa41cf5b42cbff6e9d4d18f5670449	0	0	0	0	0	0	0	0	31	0	0	0	0	0
e4030d9d84c9b86b571553e43ac0dc89	0	0	0	0	0	0	0	0	31	0	0	0	0	0
930ee10b975152ed5b197e4d501fa3be	0	0	0	0	0	0	0	0	31	0	0	0	0	0
190e4b18215db9fd5e28703535addec5	0	0	0	0	0	0	0	0	31	0	0	0	0	0
bbfa601c9d40f86af398eb42396227ee	0	0	0	0	0	0	0	0	31	0	0	0	0	0
92f917d4a1bed2d5db5f6accc2dfce83	0	0	0	0	0	0	0	0	0	31	0	0	0	0
18af808ea2db0cfba5a5e37e63f78f55	0	0	0	0	0	0	0	0	0	31	0	0	0	0
7ca604433f8436065c0ce871b406b5d3	0	0	0	0	0	0	0	0	0	0	0	31	0	0
653e4c523d3100d440bf696386e19f6e	0	0	0	0	0	0	0	0	0	0	0	31	0	0
3bfa7eccb83fa320195f37e2f42ad7b8	0	0	0	0	0	0	0	0	0	0	0	31	0	0
cd4389a76e3f5d59de054d06a713f82b	0	0	0	0	0	0	0	0	0	0	0	0	31	0
0a77c8e148196df427cafe93be846bdd	0	30	0	0	0	0	0	0	0	0	0	0	0	0
d09d473672466a13f743b9560d7ea623	0	30	0	0	0	0	0	0	0	0	0	0	0	0
bd102edec71115b031cd48b1c5c4d5b2	0	30	0	0	0	0	0	0	0	0	0	0	0	0
643aea93e6c3f0c295ca5326e61c4c4e	0	30	0	0	0	0	0	0	0	0	0	0	0	0
98f3bf2cb42adf39567816685735a47f	0	30	0	0	0	0	0	0	0	0	0	0	0	0
c6f61b95201848ba396fcf8f9f393bd8	0	30	0	0	0	0	0	0	0	0	0	0	0	0
fca87239b07bac0ef323579ef87c6ca0	0	30	0	0	0	0	0	0	0	0	0	0	0	0
78aaf03c1ebcde14724dd9b5f8b1d028	0	30	0	0	0	0	0	0	0	0	0	0	0	0
34b1ea80abe00db3a0fa44f9119450d5	0	30	0	0	0	0	0	0	0	0	0	0	0	0
a21f9f9c75e7fc79b591aa0074f6c9d5	0	30	0	0	0	0	0	0	0	0	0	0	0	0
b1e37f18885c4ada96cf5e0ad7cfcd86	0	30	0	0	0	0	0	0	0	0	0	0	0	0
e8b60a4ee40b892ab51f1e4c2a8c26a1	0	30	0	0	0	0	0	0	0	0	0	0	0	0
3f255a94d1ab3b1a46dc15c7ebbc112e	0	30	0	0	0	0	0	0	0	0	0	0	0	0
dfb45fbcafe40cb002f945c4876580a5	0	30	0	0	0	0	0	0	0	0	0	0	0	0
684afb86c69ad1f2387b9cba6d484395	0	30	0	0	0	0	0	0	0	0	0	0	0	0
bf6a99f6b4514bce76c9530c73d8aa85	0	30	0	0	0	0	0	0	0	0	0	0	0	0
cead3acadf6e2f017465b54ae075ebed	0	30	0	0	0	0	0	0	0	0	0	0	0	0
522400f40458209caa7765eb678c4bde	0	8	17	0	0	2	3	0	0	0	0	0	0	0
bf78dd52b3def8e82074c89fb3a4ece1	0	0	30	0	0	0	0	0	0	0	0	0	0	0
732b8a75dd0c365166be57301c125980	0	0	30	0	0	0	0	0	0	0	0	0	0	0
c4def78daa0bd989cc4be248dc36fa12	0	0	30	0	0	0	0	0	0	0	0	0	0	0
391163cc590e03e15d421dc0ca164456	0	0	30	0	0	0	0	0	0	0	0	0	0	0
82fdc43f8f9a110f6cfe467edd258e7c	0	0	30	0	0	0	0	0	0	0	0	0	0	0
6aaadde2b8b0383b15d15bd50df0cc3f	0	0	30	0	0	0	0	0	0	0	0	0	0	0
d532b0de0bc1d23a5f48e44a6b41291a	0	0	30	0	0	0	0	0	0	0	0	0	0	0
fde25f04a09ff600aca1bd54c80ce4b4	0	0	30	0	0	0	0	0	0	0	0	0	0	0
48980d63c2880e7d36cb32b509d441ea	0	0	30	0	0	0	0	0	0	0	0	0	0	0
4c5893c221bc15faad2e788edf803910	0	0	30	0	0	0	0	0	0	0	0	0	0	0
a3154801985fdfb8bebc0b04125a4ea6	0	0	30	0	0	0	0	0	0	0	0	0	0	0
be48236a625f46d41baeea24fa010b32	0	0	30	0	0	0	0	0	0	0	0	0	0	0
73c501f4cfe5d299a8e5b185a7be5d3c	0	0	30	0	0	0	0	0	0	0	0	0	0	0
9c65d5610b175275a58b48e68e9fa5e5	0	0	30	0	0	0	0	0	0	0	0	0	0	0
57487b517fdbf478006f3383b6f3901f	0	0	30	0	0	0	0	0	0	0	0	0	0	0
69d2dd9c06e31581208a95e5a51fb848	0	0	30	0	0	0	0	0	0	0	0	0	0	0
29962e11beed78c7298d2d1d883e9fea	0	0	30	0	0	0	0	0	0	0	0	0	0	0
17a96945f6659949ea1bbec6e9a13d6a	0	0	30	0	0	0	0	0	0	0	0	0	0	0
e1a057a7f5e72f3dd9de7bed13c94ff7	0	0	30	0	0	0	0	0	0	0	0	0	0	0
a54b324b4251fa8ff41d94d80da8a4a1	0	0	30	0	0	0	0	0	0	0	0	0	0	0
d6af4b102f20cc936d3444edb57df75e	0	0	30	0	0	0	0	0	0	0	0	0	0	0
accc76af32264aa572f8145db382838f	0	0	23	0	0	7	0	0	0	0	0	0	0	0
3c51069c1c0fbbec38be7ae622be7ab7	0	0	20	0	0	7	3	0	0	0	0	0	0	0
803a21b3f7e54643a4d3d3a149340a4e	0	0	19	0	0	11	0	0	0	0	0	0	0	0
f7b62b5269a8bc46cd32fb2fb9e6da1b	0	0	19	0	0	11	0	0	0	0	0	0	0	0
75765b464a9a9fd8e786664f95e37cb7	0	0	17	0	0	13	0	0	0	0	0	0	0	0
b60ec5a6959a6487093f66ee0a724064	0	0	13	0	0	13	4	0	0	0	0	0	0	0
4f0ba06c394b48588976163b80e3c9bb	0	0	0	30	0	0	0	0	0	0	0	0	0	0
b44966705498a3c2eb8adf86d1f987d0	0	0	0	30	0	0	0	0	0	0	0	0	0	0
a9df30227a74baf49a844fb89f3ae6d0	0	0	0	30	0	0	0	0	0	0	0	0	0	0
a82e373ce48557ae699ea47e4e5dc5f5	0	0	0	30	0	0	0	0	0	0	0	0	0	0
87e25859d0b6008db43638ff12f75c83	0	0	0	30	0	0	0	0	0	0	0	0	0	0
a2987a4e7d372ed32e61b0b9d3041c15	0	0	0	30	0	0	0	0	0	0	0	0	0	0
1e8a31e1eea453015d0782f9fb391815	0	0	0	30	0	0	0	0	0	0	0	0	0	0
3bb429e3f7ba77afc9d5290a1964cda0	0	0	0	0	30	0	0	0	0	0	0	0	0	0
d16dd7a8e2528277029c18f67679689b	0	0	0	0	30	0	0	0	0	0	0	0	0	0
41d4a084520b0a6139c2378fc7c7b253	0	0	0	0	30	0	0	0	0	0	0	0	0	0
35f41be7d058496d5922224d732cc218	0	0	0	0	30	0	0	0	0	0	0	0	0	0
d0b1bd0294ead2683b39b7d6826b2e29	0	0	0	0	4	0	0	26	0	0	0	0	0	0
1138b75c873e70da293b2674e4f0f144	0	0	0	0	0	30	0	0	0	0	0	0	0	0
47a0cd78e354a0ea5868a1a4fa1a96d1	0	0	0	0	0	30	0	0	0	0	0	0	0	0
0679dc740c021024eb36330e70e6dca9	0	0	0	0	0	30	0	0	0	0	0	0	0	0
824a3a23dbcd752369543706310a7c8b	0	0	0	0	0	30	0	0	0	0	0	0	0	0
3a99b06aa809d6b6e1fb96405505523d	0	0	0	0	0	30	0	0	0	0	0	0	0	0
6dbd333af179015cbbbe99e05430cd66	0	0	0	0	0	30	0	0	0	0	0	0	0	0
6d0ed759775fa9a4d45010dfebcd8f8d	0	0	0	0	0	30	0	0	0	0	0	0	0	0
0f982d91872ea483fd121b8714b8a3cd	0	0	0	0	0	0	30	0	0	0	0	0	0	0
e890c7a3ebbd1378c98db45e61cd8cf1	0	0	0	0	0	0	30	0	0	0	0	0	0	0
eb7c87c00bc24b1454bd23957cdf5c7d	0	0	0	0	0	0	30	0	0	0	0	0	0	0
eb7d2c769d21ddf84dcc9a94adb01b8b	0	0	0	0	0	0	30	0	0	0	0	0	0	0
2849e1ef6d1eb8a8a127181c789240d1	0	0	0	0	0	0	30	0	0	0	0	0	0	0
287df247c84191838beee7656211e369	0	0	0	0	0	0	30	0	0	0	0	0	0	0
504668ef791b68e5acd8f2b2e0027ed0	0	0	0	0	0	0	0	30	0	0	0	0	0	0
5d62e001ac0a1662582535b855519b11	0	0	0	0	0	0	0	30	0	0	0	0	0	0
7eceef71bfdbc958b062080b0a90c6e9	0	0	0	0	0	0	0	30	0	0	0	0	0	0
0f19e15c550694b816d635c8cf857b12	0	0	0	0	0	0	0	30	0	0	0	0	0	0
41403000016d570d78547eecc27de58e	0	0	0	0	0	0	0	30	0	0	0	0	0	0
6f2d9647f3ad6f423b94c4772bb24726	0	0	0	0	0	0	0	30	0	0	0	0	0	0
fddaa4adaeed40078d3c204d9dbb54b1	0	0	0	0	0	0	0	30	0	0	0	0	0	0
8e87cd4f5b22b950fbba914a61ead052	0	0	0	0	0	0	0	0	30	0	0	0	0	0
c2de866ef694caf8c3c6c6defccc176d	0	0	0	0	0	0	0	0	30	0	0	0	0	0
d180d903d96728ff7fe49c4f91f7d120	0	0	0	0	0	0	0	0	30	0	0	0	0	0
15a40fe50d6a27a6a3756dcfbda58b19	0	0	0	0	0	0	0	0	30	0	0	0	0	0
53f581d6f8452f6ab51a11ec2b57e430	0	0	0	0	0	0	0	0	30	0	0	0	0	0
52645b13bf4eebecb0c4214b222aa340	0	0	0	0	0	0	0	0	30	0	0	0	0	0
f6385b427f690dccc1961e258f7828fb	0	0	0	0	0	0	0	0	30	0	0	0	0	0
5b0a3b421fb1312844fa5526de5cfd1a	0	0	0	0	0	0	0	0	30	0	0	0	0	0
c7d600409f27e87385cb9acfc4630e5b	0	0	0	0	0	0	0	0	30	0	0	0	0	0
7c5b080a275e1f53d744870ec3da5c3e	0	0	0	0	0	0	0	0	0	30	0	0	0	0
0236429b8ed8a935f07728e36bb3bba5	0	0	0	0	0	0	0	0	0	30	0	0	0	0
940c83fce6a99d8492ceed8476bc406c	0	0	0	0	0	0	0	0	0	0	30	0	0	0
d854d8e3dbaf20cb54a0b86e4ed3b866	0	0	0	0	0	0	0	0	0	0	30	0	0	0
0eaec586f42dd9ef8c24a67566833396	0	0	0	0	0	0	0	0	0	0	30	0	0	0
a2d5903748900cf09a6d8a0c49f87b9f	0	0	0	0	0	0	0	0	0	0	0	30	0	0
15c910f7f4d36732df1fc4408565a0e2	0	0	0	0	0	0	0	0	0	0	0	30	0	0
9969e5b25db1a51d79502cc1650762e6	0	0	0	0	0	0	0	0	0	0	0	30	0	0
f80500562314ec25f86ee6dba263c31e	0	0	0	0	0	0	0	0	0	0	0	0	30	0
7c0544e9130378503f274590a005f615	0	0	0	0	0	0	0	0	0	0	0	0	0	30
ce5491f89ad96b18be732a3c79eda83a	0	29	0	0	0	0	0	0	0	0	0	0	0	0
fc581cc07e43f11f90c381330fce9be1	0	29	0	0	0	0	0	0	0	0	0	0	0	0
9f7a10d1da657ac6aa1ff1b4d585dfe6	0	29	0	0	0	0	0	0	0	0	0	0	0	0
ab0176296510cd7296cbde8a81c83e58	0	29	0	0	0	0	0	0	0	0	0	0	0	0
9f4606a0a73236119fa6923bf8f9990d	0	29	0	0	0	0	0	0	0	0	0	0	0	0
0249d35252e40f1866d18152eeceafcb	0	29	0	0	0	0	0	0	0	0	0	0	0	0
eecc7cb7642c40c14df2309474833086	0	29	0	0	0	0	0	0	0	0	0	0	0	0
795f40f3865da36c325ab8a47005110f	0	29	0	0	0	0	0	0	0	0	0	0	0	0
ca11247d83b98995b8328eab89531b34	0	29	0	0	0	0	0	0	0	0	0	0	0	0
5b6f1a8b84bdda5369e2004c87a55263	0	29	0	0	0	0	0	0	0	0	0	0	0	0
3602210b8ec7937303c5b005bfa05fa8	0	29	0	0	0	0	0	0	0	0	0	0	0	0
c97aa204f6d0dd29d2c4815402219174	0	29	0	0	0	0	0	0	0	0	0	0	0	0
cb8736b8907b6a346fe1dd63730858bc	0	29	0	0	0	0	0	0	0	0	0	0	0	0
ed7b19ce938ec868faa621cb26f356a5	0	29	0	0	0	0	0	0	0	0	0	0	0	0
8d5aa7de5175f3db5cc7ad1d53d05740	0	29	0	0	0	0	0	0	0	0	0	0	0	0
e9591a9ffbc4de94801bfa2bf27b0a35	0	29	0	0	0	0	0	0	0	0	0	0	0	0
8572e501ca3a1f05d80dadbfa87d726d	0	29	0	0	0	0	0	0	0	0	0	0	0	0
2a68a32c7402c7954e8580825271b7d4	0	29	0	0	0	0	0	0	0	0	0	0	0	0
ea0795ffd336d9ccdc6d195464124bce	0	29	0	0	0	0	0	0	0	0	0	0	0	0
a965d0fc14ea23082e498212edd977af	0	23	0	0	0	0	6	0	0	0	0	0	0	0
56a1a02a9b90ede66309515d987e963a	0	22	7	0	0	0	0	0	0	0	0	0	0	0
35bbf7090f5467298e38c8b57917a961	0	18	11	0	0	0	0	0	0	0	0	0	0	0
a8c951a0bbd1bc81a6177abc56d0e9b6	0	0	29	0	0	0	0	0	0	0	0	0	0	0
a451d1a6d6e15d972f4bb7a3237dd2f3	0	0	29	0	0	0	0	0	0	0	0	0	0	0
455bd2a52d5a0c3db1433a7844b2f533	0	0	29	0	0	0	0	0	0	0	0	0	0	0
a085d3636e152240061fa92c8401fb65	0	0	29	0	0	0	0	0	0	0	0	0	0	0
a76950db8942e48be2441ea3655c1215	0	0	29	0	0	0	0	0	0	0	0	0	0	0
64b1f4c593873afd3a1146c12e54fbd0	0	0	29	0	0	0	0	0	0	0	0	0	0	0
ea7abbb0e29735b3dcc24351994169e9	0	0	29	0	0	0	0	0	0	0	0	0	0	0
e5f5a486645db7c674220c0ec8b5b1cb	0	0	29	0	0	0	0	0	0	0	0	0	0	0
82048e75ff8daa8b398cebd68c5e9a7b	0	0	29	0	0	0	0	0	0	0	0	0	0	0
75305cae85f1e0a14619fbbe4d53a4ed	0	0	29	0	0	0	0	0	0	0	0	0	0	0
7bcc94d3b494d8ecf04618a1e7a720b0	0	0	29	0	0	0	0	0	0	0	0	0	0	0
c14129e0d52bd08865706918e3fc53d5	0	0	29	0	0	0	0	0	0	0	0	0	0	0
d38c6921609c2bd6c0a50c6e8c8a6c7e	0	0	29	0	0	0	0	0	0	0	0	0	0	0
ebc3b2b3769ba6217782f664c6afcf06	0	0	29	0	0	0	0	0	0	0	0	0	0	0
6ba9bce6bd4b29b9632afd0c8da6e839	0	0	29	0	0	0	0	0	0	0	0	0	0	0
bcd94c80f572e0b8921d5c2b9b15a86c	0	0	29	0	0	0	0	0	0	0	0	0	0	0
7e9e6d2d8f32cbb9eaca69b378e98a9a	0	0	24	0	0	5	0	0	0	0	0	0	0	0
a5ebdc651aef761ab352de337d83d3d2	0	0	24	0	5	0	0	0	0	0	0	0	0	0
f4517438b41834ecf83be73dde9029a0	0	0	20	0	0	9	0	0	0	0	0	0	0	0
81916623e9cbd4a5f7bed32d1160bcf9	0	0	20	0	0	3	6	0	0	0	0	0	0	0
18d47b4f93df93f6d4a4f23e37368306	0	0	18	0	0	11	0	0	0	0	0	0	0	0
f9284d0f07a39c0446e6dd6aef7c01a1	0	0	18	0	0	0	0	0	0	0	0	0	0	11
bf0127e4267b98b8f6372a34f3d839a5	0	0	17	0	0	12	0	0	0	0	0	0	0	0
407a58ef51be60e45c2da054f992002a	0	0	16	0	0	4	9	0	0	0	0	0	0	0
4551833a112a552931262525f545cb57	0	0	13	0	0	0	16	0	0	0	0	0	0	0
94cbc5887bae9b91218b34ec1bc04a6f	0	0	9	1	0	12	7	0	0	0	0	0	0	0
d8b01e278d4e27feb6208bc549ab9a1c	0	0	0	29	0	0	0	0	0	0	0	0	0	0
ae62bd06d60a63b088e55b354ccaecb2	0	0	0	29	0	0	0	0	0	0	0	0	0	0
26bd2725e4201b4709931e2feb38d628	0	0	0	29	0	0	0	0	0	0	0	0	0	0
e14147edf457e63306436b118b1bd927	0	0	0	0	29	0	0	0	0	0	0	0	0	0
fde8860d884dde85351bec6d78d3bad6	0	0	0	0	29	0	0	0	0	0	0	0	0	0
1c9e107018e34168915a5bd7e34a69ff	0	0	0	0	0	29	0	0	0	0	0	0	0	0
9deeeea1addb2aac62d9b17794202d19	0	0	0	0	0	29	0	0	0	0	0	0	0	0
be754cacdda0bc2fb8e287c4dd845147	0	0	0	0	0	29	0	0	0	0	0	0	0	0
13ae78ab79e21b57a4e91124f2a3ef19	0	0	0	0	0	29	0	0	0	0	0	0	0	0
4c67ef9509e3cd3687219ab63527d2fc	0	0	0	0	0	22	7	0	0	0	0	0	0	0
5abbff7417cee31997810580d6378143	0	0	0	0	0	18	11	0	0	0	0	0	0	0
f9ad585a3edbc4207d90a5dbd746cbc3	0	0	0	0	0	11	18	0	0	0	0	0	0	0
076dc15100281f75b2343c1d2cc04bed	0	0	0	0	0	0	29	0	0	0	0	0	0	0
2a8612280c4f14064ef786c711c36c78	0	0	0	0	0	0	29	0	0	0	0	0	0	0
25c8a16c9b7e1542957bf20ef188892a	0	0	0	0	0	0	29	0	0	0	0	0	0	0
4b48b15895d0eb392ca84ee9acb86b12	0	0	0	0	0	0	29	0	0	0	0	0	0	0
7ffda6724231d8a0ac4eb96e4151054e	0	0	0	0	0	0	29	0	0	0	0	0	0	0
dc768133636e93f97a55253d9ed73fe8	0	0	0	0	0	0	0	29	0	0	0	0	0	0
4f23e510192b44b2f004a6c4a21fc0e3	0	0	0	0	0	0	0	29	0	0	0	0	0	0
0b00184de050e8a390c3146504aa3369	0	0	0	0	0	0	0	29	0	0	0	0	0	0
ce09430f2be215bea4fdda51ce848f1b	0	0	0	0	0	0	0	29	0	0	0	0	0	0
d9910269e491c8566f881ac9c13c9082	0	0	0	0	0	0	0	29	0	0	0	0	0	0
9f7d6d719129d5a55f0b2fcd8079193d	0	0	0	0	0	0	0	29	0	0	0	0	0	0
f86ece6f1993dec00a18ceff65c11127	0	0	0	0	0	0	0	29	0	0	0	0	0	0
bc0cb1a19ec1523355b13c4a357cb7df	0	0	0	0	0	0	0	0	29	0	0	0	0	0
7ad7f787c27e65c2eff1cf3f49c10bf8	0	0	0	0	0	0	0	0	29	0	0	0	0	0
128c694fbc2dc5d61e9bdb743601fb17	0	0	0	0	0	0	0	0	29	0	0	0	0	0
ce68b70c85923002008e1814f56da07e	0	0	0	0	0	0	0	0	29	0	0	0	0	0
7e9b3b84cff303f24711bacb3d22ee7b	0	0	0	0	0	0	0	0	29	0	0	0	0	0
6a5e568c3e619166a2a10b934244bc4d	0	0	0	0	0	0	0	0	29	0	0	0	0	0
60b6dacb76b7024fb2f346ac7faaf803	0	0	0	0	0	0	0	0	29	0	0	0	0	0
aecd2e8c1d10f540b6adc007c4f40e24	0	0	0	0	0	0	0	0	29	0	0	0	0	0
69f0a957359246fbc7190748786c39cf	0	0	0	0	0	0	0	0	29	0	0	0	0	0
c636c2d2c2f6601402b58891e164525f	0	0	0	0	0	0	0	0	0	29	0	0	0	0
316c7f2574f8ffa7d5f64b4379a02f9b	0	0	0	0	0	0	0	0	0	0	29	0	0	0
b11681ec4512aba0c35cd2bf84149c8c	0	0	0	0	0	0	0	0	0	0	29	0	0	0
641d541fe983831489b71576c389fe22	0	0	0	0	0	0	0	0	0	0	29	0	0	0
a53f1b65491f28d96f8fc55ec2834f85	0	0	0	0	0	0	0	0	0	0	29	0	0	0
7ddfd02c6f2837edd580b00463e2c28f	0	0	0	0	0	0	0	0	0	0	29	0	0	0
a0c1833cbe9ea12742e701aba20f79d4	0	0	0	0	0	0	0	0	0	0	29	0	0	0
9ec95bf3659179b01631ba68cfb5bfde	0	0	0	0	0	0	0	0	0	0	29	0	0	0
19ccfba113f119fd46cb1f776581cbd0	0	0	0	0	0	0	0	0	0	0	0	29	0	0
4f6899c7e4a01898ec4a1faacedce3e9	0	0	0	0	0	0	0	0	0	0	0	29	0	0
22756d14005c67196114f7f59631809e	0	0	0	0	0	0	0	0	0	0	0	29	0	0
40f3ffe2f3451e5678459399a54ed76a	0	0	0	0	0	0	0	0	0	0	0	0	0	29
ed3ea14dab4a10fc07f6d108221434b6	0	0	0	0	0	0	0	0	0	0	0	0	0	29
755e91e7b3d47f7844b2d593da6a86d8	0	0	0	0	0	0	0	0	0	0	0	0	0	29
4187fed434317f3fd83e8a5169fdd14b	0	28	0	0	0	0	0	0	0	0	0	0	0	0
1ac39eb0bade2dd48f1b46f8cf00a58d	0	28	0	0	0	0	0	0	0	0	0	0	0	0
917e90f2b2c4577cae7c1f44e37cc4c9	0	28	0	0	0	0	0	0	0	0	0	0	0	0
b1efea2ca8fd0d77c9a495211b21ab42	0	28	0	0	0	0	0	0	0	0	0	0	0	0
68ade3d692fa4f4931add76c0d327cf1	0	28	0	0	0	0	0	0	0	0	0	0	0	0
eb87db0da528617cb989b248e673b01a	0	28	0	0	0	0	0	0	0	0	0	0	0	0
16207d95177348d4f34fc0c9c8705b36	0	28	0	0	0	0	0	0	0	0	0	0	0	0
87aff96c0a9015cd2de00d091e890798	0	28	0	0	0	0	0	0	0	0	0	0	0	0
6d2349c8360996afda5cd1f2013d4a5b	0	28	0	0	0	0	0	0	0	0	0	0	0	0
ec99158c4e6e8db749710c70a4eb8c00	0	28	0	0	0	0	0	0	0	0	0	0	0	0
87f75cb2497597db8f4b4a7deca5c60b	0	28	0	0	0	0	0	0	0	0	0	0	0	0
2f667d91dc102c982880d1593d7b7975	0	28	0	0	0	0	0	0	0	0	0	0	0	0
6b52406f978d17733b724a8b09fa3376	0	28	0	0	0	0	0	0	0	0	0	0	0	0
30d63a490cff0dd230f6d93afecc6f95	0	28	0	0	0	0	0	0	0	0	0	0	0	0
aa9c28aabcea048c9b7a740f96e16ee0	0	28	0	0	0	0	0	0	0	0	0	0	0	0
bf33723aef48453ac5cd928c492989f4	0	28	0	0	0	0	0	0	0	0	0	0	0	0
e103fd8e47624f50c6fdb0014ec0dd13	0	28	0	0	0	0	0	0	0	0	0	0	0	0
dc786758c6bd5055ad84e4547a453965	0	28	0	0	0	0	0	0	0	0	0	0	0	0
46051e3d32e9ac62e8bb7c788d8e8244	0	28	0	0	0	0	0	0	0	0	0	0	0	0
aec28887fbe57f32a5c4534fd40ff0a4	0	28	0	0	0	0	0	0	0	0	0	0	0	0
978f3d1603923e86992d22f2543fc423	0	28	0	0	0	0	0	0	0	0	0	0	0	0
8a70c767f7981607157d89e03d50d124	0	28	0	0	0	0	0	0	0	0	0	0	0	0
677c79ab9d6c5538cf5e5a5686e06ae5	0	28	0	0	0	0	0	0	0	0	0	0	0	0
228afcb1e0d3835b1c52742445b2cb8f	0	28	0	0	0	0	0	0	0	0	0	0	0	0
6ddcef1c1180bb7f757637267ece7915	0	28	0	0	0	0	0	0	0	0	0	0	0	0
9e80b18ef5a4ff291238b58a7f0c92fb	0	28	0	0	0	0	0	0	0	0	0	0	0	0
52110099044c08c412008a109517813c	0	28	0	0	0	0	0	0	0	0	0	0	0	0
e794fc1ed0d9d540cab208b453fcb916	0	28	0	0	0	0	0	0	0	0	0	0	0	0
f301877d4ab126530329296442d8b2ae	0	28	0	0	0	0	0	0	0	0	0	0	0	0
8c81ee177fff63812656de00e36f4565	0	28	0	0	0	0	0	0	0	0	0	0	0	0
36c8ea88853b0e8efe1774715e842999	0	28	0	0	0	0	0	0	0	0	0	0	0	0
9739417dd9ba15b8b507ae195d78e807	0	28	0	0	0	0	0	0	0	0	0	0	0	0
518a00612c22444f7f71ec4f7fcfa325	0	28	0	0	0	0	0	0	0	0	0	0	0	0
60fcbb068e3ae82dc434f3fe33e80b45	0	28	0	0	0	0	0	0	0	0	0	0	0	0
9eaddc4894f6856d2a326605588f33e3	0	28	0	0	0	0	0	0	0	0	0	0	0	0
f6e2b73931f14979e3919903e296766e	0	28	0	0	0	0	0	0	0	0	0	0	0	0
f7ac49f9fb9cb0a7f77747fd3adc1387	0	20	0	0	0	8	0	0	0	0	0	0	0	0
190130f27470192defdf387194bac2a5	0	19	0	0	0	0	9	0	0	0	0	0	0	0
9d9637ac3634e40350fb884a7b47012a	0	18	10	0	0	0	0	0	0	0	0	0	0	0
159406aaba427768f02d33ae344cf6b4	0	17	11	0	0	0	0	0	0	0	0	0	0	0
82c073c0bbe320c70f17e968ae898d20	0	0	28	0	0	0	0	0	0	0	0	0	0	0
a432d43245fca4906e34c0e28dcbdb94	0	0	28	0	0	0	0	0	0	0	0	0	0	0
4af9f4e7b40d2a2120f7cce793a28a97	0	0	28	0	0	0	0	0	0	0	0	0	0	0
e6b97790cdaecb51257f66968804f2ba	0	0	28	0	0	0	0	0	0	0	0	0	0	0
1650dadf6e097802900f5e8cdbcfa8c7	0	0	28	0	0	0	0	0	0	0	0	0	0	0
8e2d34c33b8e1d61fc351500145af99c	0	0	28	0	0	0	0	0	0	0	0	0	0	0
4af9719c2436ea0068b49e689977edfd	0	0	28	0	0	0	0	0	0	0	0	0	0	0
740bde86a49908e8c2f5117ad0a4099d	0	0	28	0	0	0	0	0	0	0	0	0	0	0
fd8c2b60f38f323a04c7685f9f8e9c21	0	0	28	0	0	0	0	0	0	0	0	0	0	0
99368df2e7c0da2942e36e259ec6df36	0	0	28	0	0	0	0	0	0	0	0	0	0	0
a562bf57175b52fd91ec5cef4186e495	0	0	28	0	0	0	0	0	0	0	0	0	0	0
972f08139a64618c45137fec25483f38	0	0	28	0	0	0	0	0	0	0	0	0	0	0
af9a527fc7dcbf1ab677ae46c0ad7d89	0	0	28	0	0	0	0	0	0	0	0	0	0	0
f0ba2227f065205d677e86e0a6b978d3	0	0	28	0	0	0	0	0	0	0	0	0	0	0
0ae97617775d4974e11392271ccba9cd	0	0	28	0	0	0	0	0	0	0	0	0	0	0
f1761d7385b94a75a35f030115ea31e6	0	0	28	0	0	0	0	0	0	0	0	0	0	0
1e5eba0f8c1d355a083fa88ffa376e5f	0	0	28	0	0	0	0	0	0	0	0	0	0	0
ea0625bc0ac755060d6b78d35319ed4a	0	0	28	0	0	0	0	0	0	0	0	0	0	0
6ee71ed025f47aac2319cc648414d388	0	0	28	0	0	0	0	0	0	0	0	0	0	0
2d4738e3de56194913970aaa157e5e3e	0	0	28	0	0	0	0	0	0	0	0	0	0	0
171d25fab71e32c0adf1528570ab112f	0	0	24	0	0	4	0	0	0	0	0	0	0	0
e0baacf911c206f75706f4d413b027c6	0	0	16	0	0	12	0	0	0	0	0	0	0	0
4888f20acfca56683f5abfeeebc17016	0	0	0	28	0	0	0	0	0	0	0	0	0	0
9f3bdaede565b587989fff3f1543f730	0	0	0	28	0	0	0	0	0	0	0	0	0	0
7edccd090dbfe71f30d5679550ab0f94	0	0	0	28	0	0	0	0	0	0	0	0	0	0
b7ecee122ad51f446a588ced4fa27558	0	0	0	28	0	0	0	0	0	0	0	0	0	0
0100c1e1de539c6ee481c85a9bff3859	0	0	0	28	0	0	0	0	0	0	0	0	0	0
e090b5e506462ac71973ee6c8aa3be1d	0	0	0	28	0	0	0	0	0	0	0	0	0	0
7bc84c8862855f0111f7ebc4526c0b65	0	0	0	28	0	0	0	0	0	0	0	0	0	0
f442f68bbd2f56c3ab4c703c161e5405	0	0	0	0	28	0	0	0	0	0	0	0	0	0
dc16853abe3124514b9a1e2984e21a17	0	0	0	0	28	0	0	0	0	0	0	0	0	0
c859d535d3758e7c24cf66e1f7bb129a	0	0	0	0	28	0	0	0	0	0	0	0	0	0
397e5b2a94e903b44deeef1a254630e2	0	0	0	0	0	28	0	0	0	0	0	0	0	0
866acd0912eb31eb879210ab32656635	0	0	0	0	0	28	0	0	0	0	0	0	0	0
74d5608d7f6368d2790ce85acf5fd20e	0	0	0	0	0	28	0	0	0	0	0	0	0	0
e585b8c0eaa438c2568566d244d28b1c	0	0	0	0	0	28	0	0	0	0	0	0	0	0
b9c8bfd09bdef85d9f2fe028e7827018	0	0	0	0	0	28	0	0	0	0	0	0	0	0
bae2d36f138944a90c0dface0d54131e	0	0	0	0	0	28	0	0	0	0	0	0	0	0
33d6d9ac4b5dc307e91e6fe04671fea0	0	0	0	0	0	13	15	0	0	0	0	0	0	0
d44de29fa2da059a78fd8a41f955a26e	0	0	0	0	0	0	28	0	0	0	0	0	0	0
33630d7b9613076eb1e53324c16e1ba1	0	0	0	0	0	0	28	0	0	0	0	0	0	0
d62b4361d49db172ccdf242a6d87f5ff	0	0	0	0	0	0	28	0	0	0	0	0	0	0
ada9291716fab2fc095309db913c24f1	0	0	0	0	0	0	28	0	0	0	0	0	0	0
433eca4733e342a907eb648e41fee81e	0	0	0	0	0	0	28	0	0	0	0	0	0	0
35642a35c7ff7aca3dadcb06709931af	0	0	0	0	0	0	28	0	0	0	0	0	0	0
55db522bdac76631e90b7f42f60dd38b	0	0	0	0	0	0	28	0	0	0	0	0	0	0
16194f2f227d80909ec95ffe5407524e	0	0	0	0	0	0	28	0	0	0	0	0	0	0
b585517bb76d0083bc197c30733316f4	0	0	0	0	0	0	28	0	0	0	0	0	0	0
90c9317ac26631094c363f1cc731114b	0	0	0	0	0	0	28	0	0	0	0	0	0	0
b2fef49ed8b42af9dbe8707bb1cb2857	0	0	0	0	0	0	0	28	0	0	0	0	0	0
d5e2052482a1c12bc00ce8c574b01bcd	0	0	0	0	0	0	0	28	0	0	0	0	0	0
1b8bdc65012075d705ba2f20ee2ff814	0	0	0	0	0	0	0	28	0	0	0	0	0	0
29126fcb025973ca8b8e6d9e907f0ec3	0	0	0	0	0	0	0	28	0	0	0	0	0	0
8f962623dfe8a672d307706e981eef50	0	0	0	0	0	0	0	28	0	0	0	0	0	0
0223d99a2d21af2788377482e17356b4	0	0	0	0	0	0	0	28	0	0	0	0	0	0
b783a1b28ac5d6e03909502c4e0180fd	0	0	0	0	0	0	0	28	0	0	0	0	0	0
57aefa5d0a0056772a9e3e71c4ddec1b	0	0	0	0	0	0	0	28	0	0	0	0	0	0
2e1aeb6a063eea0bcede15a0bc68811b	0	0	0	0	0	0	0	0	28	0	0	0	0	0
6b6b4a29c4ad06ebcd0e0db00fccf953	0	0	0	0	0	0	0	0	28	0	0	0	0	0
ba9ee805296a99f7981dfcfcce6778d9	0	0	0	0	0	0	0	0	28	0	0	0	0	0
f66b4ce69d15cee3606e538200babcd2	0	0	0	0	0	0	0	0	0	28	0	0	0	0
4acfd7fbcd5a4db4b77572e46717b1d2	0	0	0	0	0	0	0	0	0	28	0	0	0	0
e0997eefa8f83ebc2dfa303cfd725e3d	0	0	0	0	0	0	0	0	0	28	0	0	0	0
dd698f9aba48900f99b0e0c89fa3e603	0	0	0	0	0	0	0	0	0	0	28	0	0	0
0a3d349cb7cc3dc6eed1eec1a8f82542	0	0	0	0	0	0	0	0	0	0	28	0	0	0
6abf7703b23c8cf183d452266e44b99d	0	0	0	0	0	0	0	0	0	0	28	0	0	0
82bbc13f3230f5bc195494ababa5c1e2	0	0	0	0	0	0	0	0	0	0	0	28	0	0
44fe57d4549d14d2a388e7e6e918ce6e	0	0	0	0	0	0	0	0	0	0	0	28	0	0
de78b050f7c0abb1cbf02e595168f6a9	0	0	0	0	0	0	0	0	0	0	0	28	0	0
f0d17975da2c201c06bd038b808929d9	0	0	0	0	0	0	0	0	0	0	0	28	0	0
4fe57daebc25ff761b984f2db1353528	0	0	0	0	0	0	0	0	0	0	0	28	0	0
e4b5b9c268c2d4416ce2fa723ed99d3e	0	0	0	0	0	0	0	0	0	0	0	0	0	28
1a4855b998ef99269a5a6a2dbf477f0c	0	0	0	0	0	0	0	0	0	0	0	0	0	28
a13e1fb171e807f11e7a05b1b217195a	0	27	0	0	0	0	0	0	0	0	0	0	0	0
ee0084433c9f209f72ffd9848e5327c2	0	27	0	0	0	0	0	0	0	0	0	0	0	0
5b122f8df392daf3b961c1cb3a92f598	0	27	0	0	0	0	0	0	0	0	0	0	0	0
4363aa715637678158df2c13f273ef12	0	27	0	0	0	0	0	0	0	0	0	0	0	0
cc1c6c1fd429eac81aaba2f5d570b08c	0	27	0	0	0	0	0	0	0	0	0	0	0	0
ab2d83828a34ee8e09bb01124a6261ee	0	27	0	0	0	0	0	0	0	0	0	0	0	0
ba38af7b34d103fc2d78d1d42ae221aa	0	27	0	0	0	0	0	0	0	0	0	0	0	0
5d4ccea387a0453542d56dd7b59dd74f	0	27	0	0	0	0	0	0	0	0	0	0	0	0
c9fb440636d61ec1bd645713a06758e4	0	27	0	0	0	0	0	0	0	0	0	0	0	0
341616d745945c4d3604805f8be2a93f	0	27	0	0	0	0	0	0	0	0	0	0	0	0
3399e860ec968a0db0530d0f1718b305	0	27	0	0	0	0	0	0	0	0	0	0	0	0
c09abb9808c6a0552ed2a4488164a2d4	0	27	0	0	0	0	0	0	0	0	0	0	0	0
231e4361e84c2cb0e5911d956d6c5fcb	0	27	0	0	0	0	0	0	0	0	0	0	0	0
55723e2a32d267bb71addf9c8900fa34	0	27	0	0	0	0	0	0	0	0	0	0	0	0
0e20ce624d6c41eee6e8beef1c107db0	0	27	0	0	0	0	0	0	0	0	0	0	0	0
694672c956cb54c5084eb7fa8ab0874a	0	27	0	0	0	0	0	0	0	0	0	0	0	0
6cfcb015a00c6f3fb16e6eec63f4a35c	0	27	0	0	0	0	0	0	0	0	0	0	0	0
bef95dc5ffff2f121ad1b927b6c10504	0	27	0	0	0	0	0	0	0	0	0	0	0	0
5594b958eca9f285de7ef80894f1b51a	0	27	0	0	0	0	0	0	0	0	0	0	0	0
5e83c1af09d165630b3d39da8900e85b	0	27	0	0	0	0	0	0	0	0	0	0	0	0
f51f77e5c46a6279172f3faca804fd01	0	27	0	0	0	0	0	0	0	0	0	0	0	0
40e63245d1b6d0c62a04cb954b27b8dc	0	27	0	0	0	0	0	0	0	0	0	0	0	0
bfefce8c6106cf6fcb0e51dc9dac96c2	0	27	0	0	0	0	0	0	0	0	0	0	0	0
b4cfe744f4219763475dc3e875616611	0	27	0	0	0	0	0	0	0	0	0	0	0	0
91ebf76ebc36adc6c96523d7e9793f16	0	27	0	0	0	0	0	0	0	0	0	0	0	0
5d201bb3bd6b549c673631e2dbdb6e2e	0	27	0	0	0	0	0	0	0	0	0	0	0	0
69524978310427fc78ab03c27ecaf09d	0	27	0	0	0	0	0	0	0	0	0	0	0	0
cec0574b00eed68fa217c466fc4371f7	0	27	0	0	0	0	0	0	0	0	0	0	0	0
aca57fc5c9fbf84ab8f185f0bca667be	0	27	0	0	0	0	0	0	0	0	0	0	0	0
7185195d4110a481c8dd45b900b97fef	0	27	0	0	0	0	0	0	0	0	0	0	0	0
06f9091751bd0cdfd38edb88f77e0107	0	27	0	0	0	0	0	0	0	0	0	0	0	0
b9fe14bb6c19a81c83aff376eb2b78cc	0	27	0	0	0	0	0	0	0	0	0	0	0	0
c2b3c69acd5f420d9f3dbc99ef5137a1	0	27	0	0	0	0	0	0	0	0	0	0	0	0
6bd14310e3b423b5bc62e41a6f0c5024	0	27	0	0	0	0	0	0	0	0	0	0	0	0
88ff85a0f2e2e39881600146061955f2	0	21	6	0	0	0	0	0	0	0	0	0	0	0
1657d0b2a98475d7a97f2993f8032b0b	0	20	0	0	0	0	7	0	0	0	0	0	0	0
c3869198cec9fc66126a0c42d3af0dff	0	10	16	0	0	0	1	0	0	0	0	0	0	0
3c0f42d608d7094c692f428522e20252	0	0	27	0	0	0	0	0	0	0	0	0	0	0
da7b1bb6aac2805ecbbc6471b91b8b5e	0	0	27	0	0	0	0	0	0	0	0	0	0	0
d4e4ca02578dadf175826755a04792c1	0	0	27	0	0	0	0	0	0	0	0	0	0	0
b08632b3e0dce243c73d002b9391b897	0	0	27	0	0	0	0	0	0	0	0	0	0	0
22f79f5a40823464961c1c5b81b1f2cf	0	0	27	0	0	0	0	0	0	0	0	0	0	0
1a9358b5597b3c2d9e580403638a54c3	0	0	27	0	0	0	0	0	0	0	0	0	0	0
acfee41bbde9cdb4a27983e3b50b3aa1	0	0	27	0	0	0	0	0	0	0	0	0	0	0
1400cb7a1396ad7ce5cc403d72a3e84f	0	0	27	0	0	0	0	0	0	0	0	0	0	0
de7169a70410d4f8b5376748feeda345	0	0	27	0	0	0	0	0	0	0	0	0	0	0
4078075c3788512dd82c3df85c4f7459	0	0	27	0	0	0	0	0	0	0	0	0	0	0
74b90d5df7b2ba8345ccad1b94df031a	0	0	27	0	0	0	0	0	0	0	0	0	0	0
4a52cca23d5ac18f2610c18ff6be36ab	0	0	27	0	0	0	0	0	0	0	0	0	0	0
22051935417bc612e4983b14dbfd780c	0	0	27	0	0	0	0	0	0	0	0	0	0	0
23a9e4d4da2235d49aa3efdca5e0ad34	0	0	27	0	0	0	0	0	0	0	0	0	0	0
497f7bce4604716a3166cb298865df0a	0	0	27	0	0	0	0	0	0	0	0	0	0	0
837039715f564a3b7295ba21034be9d7	0	0	27	0	0	0	0	0	0	0	0	0	0	0
a421c8b2928670e77777b06c1bdd945a	0	0	27	0	0	0	0	0	0	0	0	0	0	0
48d8f3bdf08a4a1427e624286728e0fa	0	0	27	0	0	0	0	0	0	0	0	0	0	0
03c927de95e4b6c631caaad0594c8727	0	0	27	0	0	0	0	0	0	0	0	0	0	0
b5feb688a3475324be2492a19e830064	0	0	27	0	0	0	0	0	0	0	0	0	0	0
65b7a5eda9dd88af2543d9e98595599e	0	0	27	0	0	0	0	0	0	0	0	0	0	0
2a0be9f48ac8f73a098770c390666d8f	0	0	27	0	0	0	0	0	0	0	0	0	0	0
bf02d55106bae0e6fd6ef297d6dabc10	0	0	26	0	0	0	1	0	0	0	0	0	0	0
851b1d9e8fc78eb5f39327ef0703eee3	0	0	23	0	0	0	4	0	0	0	0	0	0	0
9284dae2d4097467167f538eb16d7ba3	0	0	23	0	0	0	4	0	0	0	0	0	0	0
bed04426586d0d8f195aeea853246a22	0	0	22	0	0	5	0	0	0	0	0	0	0	0
25cd5c7e00499e3055e322ae0bf39dc0	0	0	20	0	0	7	0	0	0	0	0	0	0	0
117741f955dbad4cd30670d0f68a158a	0	0	19	0	0	4	4	0	0	0	0	0	0	0
a9423d7ab8311a10e9766e21d5c9d2e5	0	0	0	27	0	0	0	0	0	0	0	0	0	0
45b41a095dc2953a1e16aabb898e1ff1	0	0	0	27	0	0	0	0	0	0	0	0	0	0
16670542a229cad77f638771c546e372	0	0	0	27	0	0	0	0	0	0	0	0	0	0
91eced807bd5e66e9222a4fcec28039b	0	0	0	27	0	0	0	0	0	0	0	0	0	0
97a0e3405018355ecdd44ccced1f8e4c	0	0	0	27	0	0	0	0	0	0	0	0	0	0
5338f7fcdbe9604da90a27072ebf88a2	0	0	0	6	0	21	0	0	0	0	0	0	0	0
ed731378f03c01a8516989422d7543d6	0	0	0	0	0	27	0	0	0	0	0	0	0	0
b9f4040839e74d18b28dffe44281a0e0	0	0	0	0	0	27	0	0	0	0	0	0	0	0
507bc0aeec562bc77034c32dd5d38e5e	0	0	0	0	0	27	0	0	0	0	0	0	0	0
4651666f3a991c02c529a19c09ac5554	0	0	0	0	0	27	0	0	0	0	0	0	0	0
50a14683ae2de3f67fda324d22c9f8b8	0	0	0	0	0	27	0	0	0	0	0	0	0	0
2a6f926c50d35674542933ee6b59075c	0	0	0	0	0	27	0	0	0	0	0	0	0	0
ed63f9b2a32babb323380779dd7bf932	0	0	0	0	0	0	27	0	0	0	0	0	0	0
bc5bedea324da49a7ae7e331a151bf01	0	0	0	0	0	0	27	0	0	0	0	0	0	0
2b954287ff16e8169b239377106e2ef7	0	0	0	0	0	0	27	0	0	0	0	0	0	0
e0b9523e687cdfcf94e9acdde8fef4dd	0	0	0	0	0	0	27	0	0	0	0	0	0	0
0332b4ac39475cfc60885652171e5133	0	0	0	0	0	0	27	0	0	0	0	0	0	0
43f07aa9c28174cc077e26c147cb98ca	0	0	0	0	0	0	27	0	0	0	0	0	0	0
02e2cc2f89b625e4df20436b4e9b6b3e	0	0	0	0	0	0	27	0	0	0	0	0	0	0
9a0c5b0735a9e863e4f5ce4e04375232	0	0	0	0	0	0	27	0	0	0	0	0	0	0
695ebd4950d3bea7f6e7a371e1213d9d	0	0	0	0	0	0	27	0	0	0	0	0	0	0
362d716b3b5ddba6245b7056b5ec171f	0	0	0	0	0	0	0	27	0	0	0	0	0	0
5b9933c981cb6d95f0b3ce8c11cc81bf	0	0	0	0	0	0	0	27	0	0	0	0	0	0
d4acfcd488a0a3d8dd551ea727bd86ee	0	0	0	0	0	0	0	27	0	0	0	0	0	0
7f1c7d0f4de6ba4898553a28f5f0c09c	0	0	0	0	0	0	0	27	0	0	0	0	0	0
efe12ac9672835092ce76a86452f092c	0	0	0	0	0	0	0	27	0	0	0	0	0	0
51b15ca16b8b628c34f90ad4d39ea510	0	0	0	0	0	0	0	27	0	0	0	0	0	0
decff05887738d9e2714f3416ba4d0e0	0	0	0	0	0	0	0	27	0	0	0	0	0	0
31208593bceeba0167effbe180882e64	0	0	0	0	0	0	0	27	0	0	0	0	0	0
4aafae08746bd7ccddbb553be4f4aa37	0	0	0	0	0	0	0	27	0	0	0	0	0	0
1cb14d7ae5664e7a34fe740a57b0bc39	0	0	0	0	0	0	0	27	0	0	0	0	0	0
a450d5b44db30d627c9cda9b3b08f5bc	0	0	0	0	0	0	0	27	0	0	0	0	0	0
fdd0da3e8dd4b8da330cefeb5c0b92d7	0	0	0	0	0	0	0	27	0	0	0	0	0	0
5fbec3695e6799ad6b2f04457d4b01bd	0	0	0	0	0	0	0	13	0	0	0	0	0	14
d4463fe0f91ce1664c78e1c5f3888940	0	0	0	0	0	0	0	0	27	0	0	0	0	0
62c1373697819088d0edaed1882476c7	0	0	0	0	0	0	0	0	27	0	0	0	0	0
61e8c539f6ca3eb15d6af31ca474eaa2	0	0	0	0	0	0	0	0	27	0	0	0	0	0
ec3ca3cd4e72d7bc15574e95c9a49517	0	0	0	0	0	0	0	0	27	0	0	0	0	0
3b0f488902030a5f9e744d2cc5858cb0	0	0	0	0	0	0	0	0	27	0	0	0	0	0
14e95ad4f1791beaf690f4d2ff85d93a	0	0	0	0	0	0	0	0	27	0	0	0	0	0
b81e9c2c7ab0a6c7887632ecc97dd9d1	0	0	0	0	0	0	0	0	0	27	0	0	0	0
ff88aa544346d82816c1681cdb622d27	0	0	0	0	0	0	0	0	0	0	27	0	0	0
a8b62430ff7e05620dc4d42a92d35284	0	0	0	0	0	0	0	0	0	0	0	27	0	0
fb2438d978609daee3e0d56dccf9d28c	0	0	0	0	0	0	0	0	0	0	0	27	0	0
93608643d9e00de39a8089da4e5df4f3	0	0	0	0	0	0	0	0	0	0	0	27	0	0
e059c6f0cac20591669ea5be0de9d2fc	0	0	0	0	0	0	0	0	0	0	0	0	27	0
4aec6bfb81abcb28e0fd4fc233399e40	0	0	0	0	0	0	0	0	0	0	0	0	0	27
29bceb2c76993b0682032a76fe0bf05d	0	0	0	0	0	0	0	0	0	0	0	0	0	27
a931d8a19f3df44cb2ebafc9b31dd99f	0	0	0	0	0	0	0	0	0	0	0	0	0	27
cb3c39cc40e281b86598d4ea89c00a1a	0	26	0	0	0	0	0	0	0	0	0	0	0	0
82c95440229e05188f1c1a36f125af78	0	26	0	0	0	0	0	0	0	0	0	0	0	0
de87707959f4269d3f3a96f01fabcde4	0	26	0	0	0	0	0	0	0	0	0	0	0	0
28d0c386080e35a65f7ed58d476f2056	0	26	0	0	0	0	0	0	0	0	0	0	0	0
4dfedd1dacd3fa635e7135b2348a5ebf	0	26	0	0	0	0	0	0	0	0	0	0	0	0
1e12ee167de8a394503e6e9cac66ddb9	0	26	0	0	0	0	0	0	0	0	0	0	0	0
c03489de9465e7a2f14103bdf0120bd0	0	26	0	0	0	0	0	0	0	0	0	0	0	0
27f8ce4b81d6d6ff83106d0d0baeb692	0	26	0	0	0	0	0	0	0	0	0	0	0	0
819fa5c2553c0d478ce1a817774f73a8	0	26	0	0	0	0	0	0	0	0	0	0	0	0
74d8895abc007929e67349fd50693c12	0	26	0	0	0	0	0	0	0	0	0	0	0	0
af06167b6dff28fd89e5aa32faf73fc4	0	26	0	0	0	0	0	0	0	0	0	0	0	0
2c0e5d9ec77194df3c94ee8591db0789	0	26	0	0	0	0	0	0	0	0	0	0	0	0
f5b9ab8f1be30240807c512a79333688	0	26	0	0	0	0	0	0	0	0	0	0	0	0
2c922ad4ce544e909d179a45ba2d6998	0	26	0	0	0	0	0	0	0	0	0	0	0	0
984e81f50afd1d573a30bb616e6508b8	0	26	0	0	0	0	0	0	0	0	0	0	0	0
1edd370cd0a45b00fa621558579a9164	0	26	0	0	0	0	0	0	0	0	0	0	0	0
3d4bd7b60a24f92ee7bcfe3807cc17e9	0	26	0	0	0	0	0	0	0	0	0	0	0	0
eeb1b4cb13432676726e863b34d4fdf7	0	26	0	0	0	0	0	0	0	0	0	0	0	0
2e7b624befc03e7875d3befdb9483e95	0	26	0	0	0	0	0	0	0	0	0	0	0	0
c273008fd3f0a74723fb4a38c1eb6015	0	26	0	0	0	0	0	0	0	0	0	0	0	0
13cfa4c7acd7d80147c13512c43dcdd6	0	26	0	0	0	0	0	0	0	0	0	0	0	0
2a786766c43984c6d75bc47730d8f994	0	26	0	0	0	0	0	0	0	0	0	0	0	0
75e2daff5b116681b006e515011872d5	0	26	0	0	0	0	0	0	0	0	0	0	0	0
2c86ab9ff8896332e0fded3c5876339d	0	26	0	0	0	0	0	0	0	0	0	0	0	0
c1d62a54e9807349f6f81d9c5d27237e	0	26	0	0	0	0	0	0	0	0	0	0	0	0
c5b5a9bc6dfb67d6ab291881c8a3d029	0	20	0	0	0	6	0	0	0	0	0	0	0	0
f6acc02fe714ff29852c59bdea4f7fd4	0	17	9	0	0	0	0	0	0	0	0	0	0	0
ce37031e7bf1373796603a10483d0d80	0	16	0	0	0	10	0	0	0	0	0	0	0	0
eba0b7551992dc02e5a5d5b205566c16	0	12	14	0	0	0	0	0	0	0	0	0	0	0
9a0f8d9da0654951551695c5555b591e	0	5	12	0	0	9	0	0	0	0	0	0	0	0
d0fc57058daa815d108dac930794dd36	0	0	26	0	0	0	0	0	0	0	0	0	0	0
d9b70a4bd380fd13d5ed4a722ddf3746	0	0	26	0	0	0	0	0	0	0	0	0	0	0
26be39fc007339e11e0aab207e724868	0	0	26	0	0	0	0	0	0	0	0	0	0	0
1ddfd216601268519a60231b7737da06	0	0	26	0	0	0	0	0	0	0	0	0	0	0
38aaac4e0982049a20f51d5e0da6b0d6	0	0	26	0	0	0	0	0	0	0	0	0	0	0
47b73730c67c0e7750a3509544015c69	0	0	26	0	0	0	0	0	0	0	0	0	0	0
c2ec987684e55ab1e2b421f12e9f0175	0	0	26	0	0	0	0	0	0	0	0	0	0	0
8bb8c133ccaaddd74f9f2fa7550ce7a1	0	0	26	0	0	0	0	0	0	0	0	0	0	0
f95632e967d7e653bd5a97af1a5f47f2	0	0	26	0	0	0	0	0	0	0	0	0	0	0
a0c65eabacc22f57265cfb2746e57422	0	0	26	0	0	0	0	0	0	0	0	0	0	0
a4003a21fb1de7113d92dcd6536405cd	0	0	26	0	0	0	0	0	0	0	0	0	0	0
0d63e2825952f7f3ed61138ad1d083fd	0	0	26	0	0	0	0	0	0	0	0	0	0	0
4f05c7d3eb16e36df97fa5148669378a	0	0	26	0	0	0	0	0	0	0	0	0	0	0
d43d4a87769317caf14c0b5c22121702	0	0	26	0	0	0	0	0	0	0	0	0	0	0
6b1584167bc923fb9aefc088e926ec1c	0	0	26	0	0	0	0	0	0	0	0	0	0	0
f185efbcb54ba1b3562b2534da17326d	0	0	26	0	0	0	0	0	0	0	0	0	0	0
9ae5866c7bce0834f74382a9b2b3f624	0	0	26	0	0	0	0	0	0	0	0	0	0	0
aa68be7dacfce86d6868d5e00f485a4e	0	0	26	0	0	0	0	0	0	0	0	0	0	0
82ff0a64fbf39ca5009b6e002817c8f9	0	0	26	0	0	0	0	0	0	0	0	0	0	0
419826caa70b414304a800463c17ff75	0	0	26	0	0	0	0	0	0	0	0	0	0	0
7e8f0037fd39529c30945fad042ee875	0	0	26	0	0	0	0	0	0	0	0	0	0	0
05b051eae8003bf11de2997fd7111a62	0	0	20	0	0	0	6	0	0	0	0	0	0	0
7dfc1870a5df96346d8bdd0a28f7c053	0	0	19	0	0	7	0	0	0	0	0	0	0	0
8e9c81706554a36c42263153f4cd5b3b	0	0	15	0	0	6	5	0	0	0	0	0	0	0
7fb235d3ffca82872a92d025f3b2e1b4	0	0	15	0	0	11	0	0	0	0	0	0	0	0
3003f730a9223375f79e555a27d8b116	0	0	15	0	0	11	0	0	0	0	0	0	0	0
f4fd60871d010617cd2d1d6efb876ada	0	0	2	0	0	17	7	0	0	0	0	0	0	0
d88b854554f4ba14174bf2e956225e5c	0	0	1	0	0	17	8	0	0	0	0	0	0	0
1349fe4b83f8c3678bb759c72361ea3d	0	0	0	26	0	0	0	0	0	0	0	0	0	0
e3ad4b07a3c8f3a3eabf419ec9cdcf1d	0	0	0	0	0	26	0	0	0	0	0	0	0	0
995e3e1cbcff5db29978fa217701c8d9	0	0	0	0	0	26	0	0	0	0	0	0	0	0
508ce57e344e249cdb471a7d238480a4	0	0	0	0	0	26	0	0	0	0	0	0	0	0
fd9c184b8d0a8e0f6ef31cc37fbac2a5	0	0	0	0	0	26	0	0	0	0	0	0	0	0
439444aaa6ce3095ebc8f0c007a398ef	0	0	0	0	0	26	0	0	0	0	0	0	0	0
4c3b7d7984d0826f70b20599daa79bc4	0	0	0	0	0	26	0	0	0	0	0	0	0	0
a608c993e8ab5aac1be595ff68cb81b0	0	0	0	0	0	26	0	0	0	0	0	0	0	0
7735a1ae050e33121531e11b38c5c931	0	0	0	0	0	26	0	0	0	0	0	0	0	0
b5f501a7162bb7a8e83e36faad568798	0	0	0	0	0	17	9	0	0	0	0	0	0	0
cc9033d4556234181151ef41708c593c	0	0	0	0	0	13	13	0	0	0	0	0	0	0
4ff5f6e08be7d9dd5125edc582c06f43	0	0	0	0	0	10	16	0	0	0	0	0	0	0
e5563950d301d9f678e8a77cfaca57b3	0	0	0	0	0	0	26	0	0	0	0	0	0	0
3839cdecab93094b4bd993c47ed3a2a6	0	0	0	0	0	0	26	0	0	0	0	0	0	0
af3f73b3634706efc24dfd2da82c0207	0	0	0	0	0	0	0	26	0	0	0	0	0	0
cc39697cd21b6747a56651e11de6f978	0	0	0	0	0	0	0	26	0	0	0	0	0	0
eaa89efe56fb6775740cbbc44b2b926f	0	0	0	0	0	0	0	26	0	0	0	0	0	0
bc8103dca4de3e93ba4786db00af58b6	0	0	0	0	0	0	0	26	0	0	0	0	0	0
3b0c4e5e70b256766ae625bc6943733a	0	0	0	0	0	0	0	26	0	0	0	0	0	0
bedc1af66703588366a8add3ffa5777f	0	0	0	0	0	0	0	26	0	0	0	0	0	0
4cc9322b273ea1468cdda4803fe33c72	0	0	0	0	0	0	0	26	0	0	0	0	0	0
528add6f6ba500548ad24d7a7fc300e9	0	0	0	0	0	0	0	26	0	0	0	0	0	0
fa7ee94264bdfadde164a2bf630abad8	0	0	0	0	0	0	0	26	0	0	0	0	0	0
c08b12afb3a69594b9f85c6ee94df69e	0	0	0	0	0	0	0	26	0	0	0	0	0	0
eabfe71faf2a5c2d83fb7a7f55b44361	0	0	0	0	0	0	0	26	0	0	0	0	0	0
2391d91b948a5239ddafc00268918e56	0	0	0	0	0	0	0	26	0	0	0	0	0	0
8a9f432136cb82437128d63c45a13cfb	0	0	0	0	0	0	0	0	26	0	0	0	0	0
dae87b15cd28416d18fd4bc901370aab	0	0	0	0	0	0	0	0	26	0	0	0	0	0
16f8c64e5b7d5b691c5b8ec65b8a0518	0	0	0	0	0	0	0	0	26	0	0	0	0	0
63ca2798552eb5c21f9669b314651774	0	0	0	0	0	0	0	0	26	0	0	0	0	0
54ec31256848dd2fd5cada56c2c52935	0	0	0	0	0	0	0	0	0	0	26	0	0	0
408503909fb500387d6aea667b1aab0b	0	0	0	0	0	0	0	0	0	0	26	0	0	0
af59c28c7b0c4a814e6a209077a2f072	0	0	0	0	0	0	0	0	0	0	0	26	0	0
b0b384772a63a32cd040a9a73194f30b	0	0	0	0	0	0	0	0	0	0	0	26	0	0
d54757159219659a8ce4d80dc5af3582	0	0	0	0	0	0	0	0	0	0	0	0	26	0
3df597d39b9396ee04e02aa551ebd6f2	0	0	0	0	0	0	0	0	0	0	0	0	0	26
c730dd0599224ce8704cf10fd1806a48	0	0	0	0	0	0	0	0	0	0	0	0	0	26
489747889101602c6e0a9ad01956a685	0	0	0	0	0	0	0	0	0	0	0	0	0	26
60b5a68fe79d293ded903f697ccb78d8	0	0	0	0	0	0	0	0	0	0	0	0	0	26
bdf9022a2492e8055be88654815936ce	0	0	0	0	0	0	0	0	0	0	0	0	0	26
494f60c658042058715f0c21ddb8f887	0	25	0	0	0	0	0	0	0	0	0	0	0	0
83e821bb54bd29c9987469abcfee3d9e	0	25	0	0	0	0	0	0	0	0	0	0	0	0
b92c3e2529b5a33fa828e8d9ed4dba17	0	25	0	0	0	0	0	0	0	0	0	0	0	0
9b740e8e047c98bb45cd4dc582c1a7f9	0	25	0	0	0	0	0	0	0	0	0	0	0	0
e9445c61171e735e47338771dc64d871	0	25	0	0	0	0	0	0	0	0	0	0	0	0
fc8ca16ebc605cc844d16ec11e5d6cc1	0	25	0	0	0	0	0	0	0	0	0	0	0	0
caccf19114b3f9bf2301f92599c51bae	0	25	0	0	0	0	0	0	0	0	0	0	0	0
e752b3f6ef7594fb4701016928126ec2	0	25	0	0	0	0	0	0	0	0	0	0	0	0
cbf16b52a1646d5a901f06e904bb6fc4	0	25	0	0	0	0	0	0	0	0	0	0	0	0
48ff373e263923bec039c5eb41de8b4d	0	25	0	0	0	0	0	0	0	0	0	0	0	0
7404ef59bc8389d83ca009485151a690	0	25	0	0	0	0	0	0	0	0	0	0	0	0
cce4dad1b08d614ec2a664eaa26acfe1	0	25	0	0	0	0	0	0	0	0	0	0	0	0
460955349353ac8c731ed7b9b084e3b5	0	25	0	0	0	0	0	0	0	0	0	0	0	0
a1cc8e7e0adc0c51ae6965f90a7ac8eb	0	25	0	0	0	0	0	0	0	0	0	0	0	0
3a7880e200750863974cf142f124f749	0	25	0	0	0	0	0	0	0	0	0	0	0	0
5682b3f1023bd25d439cc3e650faa935	0	25	0	0	0	0	0	0	0	0	0	0	0	0
4c354d0783a0891baaaf7fd46995a088	0	25	0	0	0	0	0	0	0	0	0	0	0	0
537ede61c358605d13324de298c436d3	0	25	0	0	0	0	0	0	0	0	0	0	0	0
4aefb40a860ee349226384f1f8639da5	0	25	0	0	0	0	0	0	0	0	0	0	0	0
f7ea7d7068a298cbc8f5e45225d1c969	0	25	0	0	0	0	0	0	0	0	0	0	0	0
a60d50f61ea9666fe55f1ef228b5cdac	0	25	0	0	0	0	0	0	0	0	0	0	0	0
97e536c23fca52db1d9f48ff859006a7	0	25	0	0	0	0	0	0	0	0	0	0	0	0
96b00d5afe87fea19a5dbedbeb504b0a	0	25	0	0	0	0	0	0	0	0	0	0	0	0
e5665a9da61a4ffa7f2c7f46a6ed5407	0	25	0	0	0	0	0	0	0	0	0	0	0	0
cf652d9101281bdfa141c8c382a9e902	0	25	0	0	0	0	0	0	0	0	0	0	0	0
751bc9f498479e7bb83d982efbff4975	0	25	0	0	0	0	0	0	0	0	0	0	0	0
c9098b5035a916a72fdc47c8d386513b	0	25	0	0	0	0	0	0	0	0	0	0	0	0
3530c0135a1dcdfac318a90cc3a599ab	0	25	0	0	0	0	0	0	0	0	0	0	0	0
ac43e2094a801c7b03dd696de0069360	0	25	0	0	0	0	0	0	0	0	0	0	0	0
c11e3a4acea6f92703a3f089536428ea	0	25	0	0	0	0	0	0	0	0	0	0	0	0
c6bfcbb5924716075894be5e41274dae	0	25	0	0	0	0	0	0	0	0	0	0	0	0
7ee62c7622acafa0b6b53dff720a7756	0	25	0	0	0	0	0	0	0	0	0	0	0	0
38315929a77be0a6eb20c9918a75a86c	0	25	0	0	0	0	0	0	0	0	0	0	0	0
7b2f81e7fa02231df76ad3741508a26d	0	17	8	0	0	0	0	0	0	0	0	0	0	0
8d4d3976e5f94ce0164b960474d0da84	0	0	25	0	0	0	0	0	0	0	0	0	0	0
bc0d34b52856ba70b7f74f762dffad0a	0	0	25	0	0	0	0	0	0	0	0	0	0	0
2463df16de9df9c894b3c5732af8ca5b	0	0	25	0	0	0	0	0	0	0	0	0	0	0
0b42ddedc182bc15b705b3a16ea294fb	0	0	25	0	0	0	0	0	0	0	0	0	0	0
83a8863a5709f30c357c332778d80478	0	0	25	0	0	0	0	0	0	0	0	0	0	0
ef841879749293e792dfda186800cab6	0	0	25	0	0	0	0	0	0	0	0	0	0	0
22ec4c6b5d87269485b0fd8b52a81c92	0	0	25	0	0	0	0	0	0	0	0	0	0	0
b17fe3e06564c01b6ce0b5e165597f74	0	0	25	0	0	0	0	0	0	0	0	0	0	0
b66665934b339913167264cae3d30ae8	0	0	25	0	0	0	0	0	0	0	0	0	0	0
c55159b2aa72e8241384543942f7627b	0	0	25	0	0	0	0	0	0	0	0	0	0	0
9b70084ef71060a648d909a4b336c014	0	0	25	0	0	0	0	0	0	0	0	0	0	0
f96c9e61f2cbb164ec33e40a7c59d64c	0	0	25	0	0	0	0	0	0	0	0	0	0	0
2bb0b633d7a4f2b4d9b9fc4bee346bf0	0	0	25	0	0	0	0	0	0	0	0	0	0	0
99abba9cd8045f7c4c69cc96ffa538ec	0	0	25	0	0	0	0	0	0	0	0	0	0	0
3444f6f4a2500f99183ca0df7609375d	0	0	25	0	0	0	0	0	0	0	0	0	0	0
224eeb19c67f688764a07cbca62c162b	0	0	25	0	0	0	0	0	0	0	0	0	0	0
005353faa362673eb2a5b382c5036218	0	0	25	0	0	0	0	0	0	0	0	0	0	0
9387da6ca0667edfcf18dff4fb17d577	0	0	25	0	0	0	0	0	0	0	0	0	0	0
7d4ee11501d09d803d0f98d4f74cc59f	0	0	25	0	0	0	0	0	0	0	0	0	0	0
d77554d9a1fba53fa046de45d3235c85	0	0	25	0	0	0	0	0	0	0	0	0	0	0
eb438395fd0d9fb906448f1ef784b1f4	0	0	25	0	0	0	0	0	0	0	0	0	0	0
439951ec0e83e39f285dcf16def361e0	0	0	25	0	0	0	0	0	0	0	0	0	0	0
e620cc9763ae562e698f69076a5acec5	0	0	25	0	0	0	0	0	0	0	0	0	0	0
991983bd022a2cd52ab63a18d985a83d	0	0	20	0	0	5	0	0	0	0	0	0	0	0
6933c3b25e878cc25c5d70c0e7dc563a	0	0	19	0	0	0	6	0	0	0	0	0	0	0
b8520f256e6b8b3ea1da69129ad04f93	0	0	19	0	0	6	0	0	0	0	0	0	0	0
c6aaa72a5202957f754514b2de786068	0	0	17	0	0	0	8	0	0	0	0	0	0	0
1165aa8518acd4c75e06ecde50f039af	0	0	16	0	0	0	9	0	0	0	0	0	0	0
9a8ed91bdb2434b60b59e5cc154515a2	0	0	15	0	0	0	10	0	0	0	0	0	0	0
3b1890fa3afa9fd016adbb2b4505d696	0	0	12	0	0	13	0	0	0	0	0	0	0	0
71f8eaba9716330157fb3a3e9460a3a8	0	0	9	0	0	12	4	0	0	0	0	0	0	0
d11eaacec88bdb71d299f9e560fa6648	0	0	0	25	0	0	0	0	0	0	0	0	0	0
ea304ab8b694ce3fe2c9069d6dec3bcd	0	0	0	25	0	0	0	0	0	0	0	0	0	0
04157c1604ea3852730f4d7c36a9900a	0	0	0	0	25	0	0	0	0	0	0	0	0	0
ab15b0bc8045393010984e7ac4caf3f5	0	0	0	0	0	25	0	0	0	0	0	0	0	0
3ea9e0fde0019d3e5fc70df67a972e31	0	0	0	0	0	25	0	0	0	0	0	0	0	0
0ccc0acaba3f9796752f51f70ac39f0c	0	0	0	0	0	25	0	0	0	0	0	0	0	0
ccdbbb67acfac283bbf94390e9b54965	0	0	0	0	0	25	0	0	0	0	0	0	0	0
bb4e1382b20b78d4143a1541e6bd3464	0	0	0	0	0	25	0	0	0	0	0	0	0	0
6aeaf01ea171e576a45ce19a191deb7f	0	0	0	0	0	25	0	0	0	0	0	0	0	0
bf39f83cc65194998f455e8865dfe8a7	0	0	0	0	0	25	0	0	0	0	0	0	0	0
763169571b5d907876bdfce7a095bf78	0	0	0	0	0	6	0	0	0	0	0	0	0	19
b3e37196a6293d1f1c1426aea893a568	0	0	0	0	0	0	25	0	0	0	0	0	0	0
6ceced12ae03f9d4a09472d8dd9d224f	0	0	0	0	0	0	25	0	0	0	0	0	0	0
7b75d2c4a34c5ee5ed18ec05ab1d9080	0	0	0	0	0	0	25	0	0	0	0	0	0	0
af1b67d8d51d1403fc9b4da5bdcb5435	0	0	0	0	0	0	0	25	0	0	0	0	0	0
0d514edd07e246c241e015ae21bb5941	0	0	0	0	0	0	0	25	0	0	0	0	0	0
5c9264762d21ca652016e28394b90059	0	0	0	0	0	0	0	25	0	0	0	0	0	0
06cfff6d4abacb491c931eae14b9de67	0	0	0	0	0	0	0	25	0	0	0	0	0	0
7b9bd7f5bc5929840ffe97b2134ceadb	0	0	0	0	0	0	0	25	0	0	0	0	0	0
68de00673db70a37392ded2d1fdd6b1c	0	0	0	0	0	0	0	25	0	0	0	0	0	0
bfbbb8e7199f1c0bd9f7a4baf4eeacdb	0	0	0	0	0	0	0	25	0	0	0	0	0	0
f119a51d5d222bb85d3c202e3589241e	0	0	0	0	0	0	0	25	0	0	0	0	0	0
1667dcbdcb60e4841b44c509816fe23e	0	0	0	0	0	0	0	25	0	0	0	0	0	0
5407388c902d2eccc6f208e00da21953	0	0	0	0	0	0	0	0	25	0	0	0	0	0
b0ea05b1a53d015c2c242fc97bac4899	0	0	0	0	0	0	0	0	0	25	0	0	0	0
8f4514dacfa1fa38d8b5d27f9bb6d6cb	0	0	0	0	0	0	0	0	0	0	25	0	0	0
7ef628c41c9b56c969a7007c77488ac4	0	0	0	0	0	0	0	0	0	0	25	0	0	0
b316300121e04cf1ceee715220341f08	0	0	0	0	0	0	0	0	0	0	25	0	0	0
846cf43ecbdc76e501e566df2b773a6d	0	0	0	0	0	0	0	0	0	0	25	0	0	0
8a1d328c432b67d033360a11c535dc2e	0	0	0	0	0	0	0	0	0	0	0	25	0	0
cd189bdab13253e980e9b590542c4412	0	0	0	0	0	0	0	0	0	0	0	25	0	0
5e6640fa844fa376104aeea978966423	0	0	0	0	0	0	0	0	0	0	0	25	0	0
190d0a2e1e8a5423eec0ddf43aacc8a8	0	0	0	0	0	0	0	0	0	0	0	25	0	0
e829b7291d93cdb132c5a2d18dad0ae1	0	0	0	0	0	0	0	0	0	0	0	25	0	0
1616f30cdc1bef11a5a96fd907e57dc6	0	0	0	0	0	0	0	0	0	0	0	25	0	0
10a9ee693e8d1eed8004a6a4b848a5eb	0	0	0	0	0	0	0	0	0	0	0	0	25	0
952f0d4fa36b06a80aea4e373de4aa85	0	0	0	0	0	0	0	0	0	0	0	0	25	0
d8b4c5cd6f772ca224e32aec04bbbeb3	0	0	0	0	0	0	0	0	0	0	0	0	25	0
9705324aa787a6a131d031e4e0e516e8	0	0	0	0	0	0	0	0	0	0	0	0	0	25
35e47e119c20806aae0bd64b7ae41afb	0	0	0	0	0	0	0	0	0	0	0	0	0	25
31cf863a3e1d80cc531811dd3a43828c	0	0	0	0	0	0	0	0	0	0	0	0	0	25
cdd2a58c5ce393a4a274c1bc4153616f	0	0	0	0	0	0	0	0	0	0	0	0	0	25
62e997c26682f3cdb929e42d1a3d1ddb	0	24	0	0	0	0	0	0	0	0	0	0	0	0
80bbaee46ccd9655bad9e32711122202	0	24	0	0	0	0	0	0	0	0	0	0	0	0
196e88ca9328b68ead1de953a1023685	0	24	0	0	0	0	0	0	0	0	0	0	0	0
1cdc234427ee1ced58b440ea1958e54a	0	24	0	0	0	0	0	0	0	0	0	0	0	0
34076f1fdf1c07c6dab74e96b5d39662	0	24	0	0	0	0	0	0	0	0	0	0	0	0
4f19b3ff3b791505ad728b37b457ec3b	0	24	0	0	0	0	0	0	0	0	0	0	0	0
6ff6b90b82f9475630df6a74b2e7b951	0	24	0	0	0	0	0	0	0	0	0	0	0	0
ef59d93bb74a13f5b83b48de48f5f695	0	24	0	0	0	0	0	0	0	0	0	0	0	0
2ce14da8dd0bb610b5380ac2ee96b54c	0	24	0	0	0	0	0	0	0	0	0	0	0	0
4381899a0a37f2bc53190b7ebc08d195	0	24	0	0	0	0	0	0	0	0	0	0	0	0
97e0fb609e1054fd7cf66f28408ec8bd	0	24	0	0	0	0	0	0	0	0	0	0	0	0
3f32beb9a4b677a1fc0635cc80d5bd35	0	24	0	0	0	0	0	0	0	0	0	0	0	0
23c0cabc7498ab93b0c09f75b7efa210	0	24	0	0	0	0	0	0	0	0	0	0	0	0
522fce2a39ade8554728999b42edf30a	0	24	0	0	0	0	0	0	0	0	0	0	0	0
4e5b95e26d12364e4f756d00dc777635	0	24	0	0	0	0	0	0	0	0	0	0	0	0
f401ee4b4ae7dee3799f836893daad4d	0	24	0	0	0	0	0	0	0	0	0	0	0	0
1423f5b62c9c41a912952de7590cdca0	0	24	0	0	0	0	0	0	0	0	0	0	0	0
00c6f42f0a700b311478aee49e4c1263	0	24	0	0	0	0	0	0	0	0	0	0	0	0
0fe8e57fc17fd1ce3ed2ced5d260fcaf	0	24	0	0	0	0	0	0	0	0	0	0	0	0
8d6286fa5c6262a8291663bc886f83cc	0	24	0	0	0	0	0	0	0	0	0	0	0	0
730e9e93028d236853e7e3a7215527cb	0	24	0	0	0	0	0	0	0	0	0	0	0	0
01876360799bd3d413260df2b131c0d0	0	24	0	0	0	0	0	0	0	0	0	0	0	0
2dff73eaf41444ca57e6f29871feaf83	0	24	0	0	0	0	0	0	0	0	0	0	0	0
f1ff1cd7e210173122c943359d64b690	0	24	0	0	0	0	0	0	0	0	0	0	0	0
e7d171d2068fb374eb6c97bad1c4eb20	0	24	0	0	0	0	0	0	0	0	0	0	0	0
24ec0d6c95ff5913f97342cee2a8b078	0	24	0	0	0	0	0	0	0	0	0	0	0	0
854c29c1ef0d6267862cad25a1e6724e	0	24	0	0	0	0	0	0	0	0	0	0	0	0
3cd1198f9757501806dfbba7908bfc8d	0	24	0	0	0	0	0	0	0	0	0	0	0	0
d4fe1c5c6b1531b27690e62a98b561da	0	24	0	0	0	0	0	0	0	0	0	0	0	0
4e6e6c13d9a71526c8704abbd1cff65e	0	18	0	0	0	6	0	0	0	0	0	0	0	0
d677a9a124c10b254b62bae37239cc2c	0	13	11	0	0	0	0	0	0	0	0	0	0	0
1afc46985e66ec3e654d69aa97e5bcfe	0	8	16	0	0	0	0	0	0	0	0	0	0	0
21bad99f16ea68c67c95bfea11e4fcbb	0	7	17	0	0	0	0	0	0	0	0	0	0	0
2484ac1756738c92044e815ab7877370	0	0	24	0	0	0	0	0	0	0	0	0	0	0
855b288697aae021f949ee3a9d2ed0fa	0	0	24	0	0	0	0	0	0	0	0	0	0	0
935eaa83af4f6fe7ee060fe63847c376	0	0	24	0	0	0	0	0	0	0	0	0	0	0
9463ee73deaf3ed69f494a76a57c5f68	0	0	24	0	0	0	0	0	0	0	0	0	0	0
d8e5adf8cfa1be115bfe91d5a63cdb9a	0	0	24	0	0	0	0	0	0	0	0	0	0	0
ceb332882c4f1a6f9c828a814a340f00	0	0	24	0	0	0	0	0	0	0	0	0	0	0
1e7ddf21a5f53857e6d0872141e5a1b4	0	0	24	0	0	0	0	0	0	0	0	0	0	0
ceb6a441353b728a25376ffbfba7acae	0	0	24	0	0	0	0	0	0	0	0	0	0	0
7e69914e59a2d3dd31917c961ab06f23	0	0	24	0	0	0	0	0	0	0	0	0	0	0
176ec44a90a7a19b8a4834573d51ac7d	0	0	24	0	0	0	0	0	0	0	0	0	0	0
e2322ba3672ccadde572578f93193394	0	0	24	0	0	0	0	0	0	0	0	0	0	0
256a3824b36a032251863f77b6c79d26	0	0	24	0	0	0	0	0	0	0	0	0	0	0
91e6562b074b9526c9c5f8f4d4eac0cf	0	0	24	0	0	0	0	0	0	0	0	0	0	0
b003facdfc0e7e9a7a98ae8ca6575ce4	0	0	24	0	0	0	0	0	0	0	0	0	0	0
cac904330e0ca86361fac8f812eae9b1	0	0	24	0	0	0	0	0	0	0	0	0	0	0
7d1b8fd735c4f9504a0903d708b774ec	0	0	24	0	0	0	0	0	0	0	0	0	0	0
6f12c4ef3d52a18170be090bdcc540b7	0	0	24	0	0	0	0	0	0	0	0	0	0	0
02545ef39ac852e0f1a5077bed81811c	0	0	24	0	0	0	0	0	0	0	0	0	0	0
198c5ebc4bc9e68120411d754295d171	0	0	17	0	0	0	7	0	0	0	0	0	0	0
970ef7f710c612e88666d22e90063b5b	0	0	15	0	0	9	0	0	0	0	0	0	0	0
5f4c7d6ef322b6517a3c5761fdaac110	0	0	14	0	0	0	10	0	0	0	0	0	0	0
9fac30c7762d1c136d84240b61e8370c	0	0	0	24	0	0	0	0	0	0	0	0	0	0
1bacc6de6d8c5551d718cf1bacfc739c	0	0	0	24	0	0	0	0	0	0	0	0	0	0
bed7a6a202b9125dba50e0a903d28342	0	0	0	24	0	0	0	0	0	0	0	0	0	0
dc61f195687f2fe89ca0f2e4ed71702f	0	0	0	24	0	0	0	0	0	0	0	0	0	0
9f8f5606495357319a7f951903d1c215	0	0	0	24	0	0	0	0	0	0	0	0	0	0
5ff0c2b38130c9efbd6284c3f024f81f	0	0	0	24	0	0	0	0	0	0	0	0	0	0
ff7bbcc49d2c92b03539ac38c19b8d9b	0	0	0	24	0	0	0	0	0	0	0	0	0	0
2d2430eb06af7c36d735bc7da57c580f	0	0	0	0	0	24	0	0	0	0	0	0	0	0
8b0284c620f6ffc88a8589b69cd7e138	0	0	0	0	0	24	0	0	0	0	0	0	0	0
e8d3aa0efe661c8e53d813ba8a0fbd9b	0	0	0	0	0	24	0	0	0	0	0	0	0	0
0f9d08546ff67e945e9f66b8e54f034f	0	0	0	0	0	24	0	0	0	0	0	0	0	0
8839294559e7d1f6a6667aff15cb7c16	0	0	0	0	0	24	0	0	0	0	0	0	0	0
024f7f3b44e60ea22aa45f1919152e81	0	0	0	0	0	24	0	0	0	0	0	0	0	0
cd39131fe34f21679d3200fe20664606	0	0	0	0	0	24	0	0	0	0	0	0	0	0
e04f16f06304dfab82cc243b524426ef	0	0	0	0	0	24	0	0	0	0	0	0	0	0
c676c89f0178c5511e402ce49540f8cb	0	0	0	0	0	24	0	0	0	0	0	0	0	0
923db54cd2c5bc7396d7ddbe39ac4fa2	0	0	0	0	0	0	24	0	0	0	0	0	0	0
cacaa83da50fefdd91185c336194e447	0	0	0	0	0	0	24	0	0	0	0	0	0	0
25da71b4bce410c22ac08d03292795e4	0	0	0	0	0	0	24	0	0	0	0	0	0	0
7cebf4b5a8aee29300961aa7180311bf	0	0	0	0	0	0	24	0	0	0	0	0	0	0
c6fa78b454fb560add53367288f7a86f	0	0	0	0	0	0	24	0	0	0	0	0	0	0
aafe9a05cb67f2ace6163cebd9ad3ba7	0	0	0	0	0	0	24	0	0	0	0	0	0	0
ed04eefa2d949734cc2901374c25b9e8	0	0	0	0	0	0	24	0	0	0	0	0	0	0
47e011301eeba330f2427ef9c4379fe0	0	0	0	0	0	0	24	0	0	0	0	0	0	0
a9f6ec050df5a503036400203b907809	0	0	0	0	0	0	24	0	0	0	0	0	0	0
c306e92af14c494139eda6c20a4a1411	0	0	0	0	0	0	0	24	0	0	0	0	0	0
7e9c17e267a9dacb44cef64b1a53c813	0	0	0	0	0	0	0	24	0	0	0	0	0	0
04be61feac103959cad171df5956d38f	0	0	0	0	0	0	0	24	0	0	0	0	0	0
e1c40e869e4011d37bbf5479595a17ae	0	0	0	0	0	0	0	24	0	0	0	0	0	0
66ebf3a5b94e8d319b3b055968e07c9c	0	0	0	0	0	0	0	24	0	0	0	0	0	0
5f1f6009d9f539b7e076d181faa7ea41	0	0	0	0	0	0	0	24	0	0	0	0	0	0
ce0f3a103d5ad9f817ec721482bb13d4	0	0	0	0	0	0	0	24	0	0	0	0	0	0
74f1e1a9a1e4eaae31e61b058fcc0583	0	0	0	0	0	0	0	24	0	0	0	0	0	0
ea7c0d6288b44bf0892dec15507122d8	0	0	0	0	0	0	0	24	0	0	0	0	0	0
35391894ef3ef2c1028fa259709162a5	0	0	0	0	0	0	0	24	0	0	0	0	0	0
b673cd708bb915da29ff5d3b23e4f5f5	0	0	0	0	0	0	0	0	24	0	0	0	0	0
63f980464a0bac58b0b6975cc0cb7e14	0	0	0	0	0	0	0	0	24	0	0	0	0	0
9548f097b13c2fd3073eaf7464771bcd	0	0	0	0	0	0	0	0	24	0	0	0	0	0
ed8bae98942ba80bdffbb18249709723	0	0	0	0	0	0	0	0	24	0	0	0	0	0
68f35e5ee49c552366306da222dcb837	0	0	0	0	0	0	0	0	24	0	0	0	0	0
6a997aaca2a8b4056d885e2999a3aa9a	0	0	0	0	0	0	0	0	0	24	0	0	0	0
f552e2367aeb1516decb056362581db6	0	0	0	0	0	0	0	0	0	24	0	0	0	0
982c2214ed2a77db5a967b4ba094afc3	0	0	0	0	0	0	0	0	0	0	24	0	0	0
e9df83f8610d5e3066c6f27a190a69f9	0	0	0	0	0	0	0	0	0	0	24	0	0	0
cb0c270e98099885008c4d05cc9817be	0	0	0	0	0	0	0	0	0	0	24	0	0	0
4bf0b81ed13649abaef58807b847a2e3	0	0	0	0	0	0	0	0	0	0	0	24	0	0
b1fc79b3531688609e2db55ec76f6217	0	0	0	0	0	0	0	0	0	0	0	24	0	0
75e19c674cce289a642396baba35885f	0	0	0	0	0	0	0	0	0	0	0	24	0	0
15a7c0dda900924747fac2925ecd104d	0	0	0	0	0	0	0	0	0	0	0	0	24	0
fa6403abc0dd3b637a41c0bcec627b1e	0	0	0	0	0	0	0	0	0	0	0	0	0	24
b60f663caea6640c6b5830179e7a2326	0	23	0	0	0	0	0	0	0	0	0	0	0	0
42321f77853fadca619d15c46755a9d8	0	23	0	0	0	0	0	0	0	0	0	0	0	0
a31624668b8bb86f64fbfe4d0d06d84c	0	23	0	0	0	0	0	0	0	0	0	0	0	0
01d4ae7847aed6b4227ef8d3db7d9e74	0	23	0	0	0	0	0	0	0	0	0	0	0	0
e569552baeaaf83d57cb3e246ff765f3	0	23	0	0	0	0	0	0	0	0	0	0	0	0
0dc88bd53b798fea1c6cb85ef470612d	0	23	0	0	0	0	0	0	0	0	0	0	0	0
c82931a74fde628c637742b9cbf7de3e	0	23	0	0	0	0	0	0	0	0	0	0	0	0
9d93504b41860ed0a19a6043b58e2fa4	0	23	0	0	0	0	0	0	0	0	0	0	0	0
b1fc7f688109c43f119829de8b4d9ce2	0	23	0	0	0	0	0	0	0	0	0	0	0	0
1a596d550368ffff732c69e74cb3356f	0	23	0	0	0	0	0	0	0	0	0	0	0	0
0f1b9fb750387ea5f7f5667cc67d65e0	0	23	0	0	0	0	0	0	0	0	0	0	0	0
34749044da9984c1b3ecc493f602aac3	0	23	0	0	0	0	0	0	0	0	0	0	0	0
92e0f4ab6f5c58f16b6432ff7e06c456	0	23	0	0	0	0	0	0	0	0	0	0	0	0
53aa4fd055c841ba1901cb5b879ef4a8	0	23	0	0	0	0	0	0	0	0	0	0	0	0
0af8240e09a3953c3bc28e3626f1736a	0	23	0	0	0	0	0	0	0	0	0	0	0	0
9043fc33a855265545f439f8392fc20c	0	23	0	0	0	0	0	0	0	0	0	0	0	0
e594112509ad099c878a513d51bf9ef5	0	23	0	0	0	0	0	0	0	0	0	0	0	0
98a566fd92d101d1d650fd0cb91272eb	0	23	0	0	0	0	0	0	0	0	0	0	0	0
cb35b31cfead17e6125f5785bd480b4e	0	23	0	0	0	0	0	0	0	0	0	0	0	0
00c3fadfa64d2766a3e070fbf92552ce	0	23	0	0	0	0	0	0	0	0	0	0	0	0
d12e3410780fca5e2888b72b5df75a0d	0	23	0	0	0	0	0	0	0	0	0	0	0	0
512eae7252cfdeb616fe39e6e60a3625	0	23	0	0	0	0	0	0	0	0	0	0	0	0
457006a6429754834da7fa2db6b6d7d1	0	23	0	0	0	0	0	0	0	0	0	0	0	0
4e931b7b89ccc0c2d2c8f49aa592336a	0	23	0	0	0	0	0	0	0	0	0	0	0	0
ad057f7053cc2199e8c344015852e765	0	23	0	0	0	0	0	0	0	0	0	0	0	0
8224b0949ad980f209dffba6a29a8b03	0	23	0	0	0	0	0	0	0	0	0	0	0	0
13b19b7bb056960e231ecde51ad3a716	0	23	0	0	0	0	0	0	0	0	0	0	0	0
e6d46df7c88939d4913db93719db7d52	0	23	0	0	0	0	0	0	0	0	0	0	0	0
999507f8002c5e8d68c258f91b7a3d9a	0	23	0	0	0	0	0	0	0	0	0	0	0	0
e08ce61eafd127e6aa853a715706ac94	0	23	0	0	0	0	0	0	0	0	0	0	0	0
5629b36c4aca2080bb1d40cb61c64370	0	23	0	0	0	0	0	0	0	0	0	0	0	0
9c15f3c636fa1d90dcfdb7cdc0e00b50	0	23	0	0	0	0	0	0	0	0	0	0	0	0
3263687af35c77a59ff2c6910e7944ca	0	23	0	0	0	0	0	0	0	0	0	0	0	0
53980be1d6e771479a0a8b87d39193a4	0	23	0	0	0	0	0	0	0	0	0	0	0	0
164501011df60f976650d7b3e392f5ba	0	12	11	0	0	0	0	0	0	0	0	0	0	0
a771190a787f33a4f177295bc933a684	0	9	14	0	0	0	0	0	0	0	0	0	0	0
752cf05e4db0277badebe24a00364331	0	0	23	0	0	0	0	0	0	0	0	0	0	0
eff68cddb20fee19ddef2dae8ae6c4be	0	0	23	0	0	0	0	0	0	0	0	0	0	0
cff8fa958e4db2cdd01ba6ee700903c4	0	0	23	0	0	0	0	0	0	0	0	0	0	0
d786828aa81299954f4e473e71205886	0	0	23	0	0	0	0	0	0	0	0	0	0	0
9aa542ce45c575c8513f8451e1fef31d	0	0	23	0	0	0	0	0	0	0	0	0	0	0
e12eade5d3c5cc6b773ad83cc35df658	0	0	23	0	0	0	0	0	0	0	0	0	0	0
77b5871041dbed33b5b85cd4fa7d9290	0	0	23	0	0	0	0	0	0	0	0	0	0	0
5ee76d1ee201767adb54612f8558f75e	0	0	23	0	0	0	0	0	0	0	0	0	0	0
afc84ab6a0acc6486cc72bf5e4d4fc96	0	0	23	0	0	0	0	0	0	0	0	0	0	0
8a11bf74c951d97a83dc8b0eb6e97e5d	0	0	23	0	0	0	0	0	0	0	0	0	0	0
73b1ce8606393d8c57ae8a207f831853	0	0	23	0	0	0	0	0	0	0	0	0	0	0
3e45ea2f946d4e2a4e3eabfc8e053d62	0	0	23	0	0	0	0	0	0	0	0	0	0	0
bb8b1de10be8f11c592ba93cb06edd85	0	0	23	0	0	0	0	0	0	0	0	0	0	0
ad665ae568532d07645ec1195acbc73f	0	0	23	0	0	0	0	0	0	0	0	0	0	0
7440f0582fcc3f4759245f62bbdb41ea	0	0	23	0	0	0	0	0	0	0	0	0	0	0
f9701045e626cbfb52ed5a5f7b91e4ff	0	0	23	0	0	0	0	0	0	0	0	0	0	0
6fbd0b54f781cffecb43641e45e4a30f	0	0	23	0	0	0	0	0	0	0	0	0	0	0
2c58586934254f2e47b08a4c600c4e92	0	0	23	0	0	0	0	0	0	0	0	0	0	0
2675e54f073415f0abb526a823882d0b	0	0	23	0	0	0	0	0	0	0	0	0	0	0
c1533cad5b0a5a6ffa7f4f582c39ad60	0	0	23	0	0	0	0	0	0	0	0	0	0	0
e6e8b8c09c1a65dbf2cb256f4988b493	0	0	23	0	0	0	0	0	0	0	0	0	0	0
51f7d5c054665f440441d9be98c782ef	0	0	23	0	0	0	0	0	0	0	0	0	0	0
9280aa2428218172e2f4e1c1f465755c	0	0	23	0	0	0	0	0	0	0	0	0	0	0
a59eccb904ca74ccb18259625f2c5311	0	0	23	0	0	0	0	0	0	0	0	0	0	0
53f99fc1b476930e04efc8f99775d0d2	0	0	23	0	0	0	0	0	0	0	0	0	0	0
b4d640655a3f97a9c22f0bc599677320	0	0	20	0	0	3	0	0	0	0	0	0	0	0
44de1cfd6871a2a5bc6f7810c2fcc84c	0	0	19	0	0	0	4	0	0	0	0	0	0	0
e1a17597b7a0299ae0fbb2b61e8dafb9	0	0	19	0	0	0	4	0	0	0	0	0	0	0
86ee7c43f72874b99e5218c3c2f438aa	0	0	17	0	0	6	0	0	0	0	0	0	0	0
de32896ce3211e420838e576c906f6d2	0	0	16	0	0	7	0	0	0	0	0	0	0	0
29da65e922ed6987140706f8fc109767	0	0	14	0	0	9	0	0	0	0	0	0	0	0
d8a17fe6c884831866c0b4bd9706537c	0	0	12	0	0	11	0	0	0	0	0	0	0	0
ffa23f2d2355a6cf952ad5e5e7611565	0	0	0	23	0	0	0	0	0	0	0	0	0	0
1360c9bba67fd38ad2aa8663c694f6f0	0	0	0	23	0	0	0	0	0	0	0	0	0	0
c71c9f718269eb15411c33c71d1717e0	0	0	0	23	0	0	0	0	0	0	0	0	0	0
d9eef0361ff34a2f9fa1bab8fafbf5a3	0	0	0	23	0	0	0	0	0	0	0	0	0	0
adde7400ca7681bb9e731ada944c6191	0	0	0	23	0	0	0	0	0	0	0	0	0	0
98e9470ce5bd5a7957fbec87fe262957	0	0	0	23	0	0	0	0	0	0	0	0	0	0
137a0242dc3e728e6086fdfee6387657	0	0	0	0	0	23	0	0	0	0	0	0	0	0
3a9e6121a3c134991f8fca906c00ab85	0	0	0	0	0	23	0	0	0	0	0	0	0	0
0624693f3f96eab3dcb3e89205a02230	0	0	0	0	0	23	0	0	0	0	0	0	0	0
dd70ad4a1e6de0ac37cf4d78fa30a8de	0	0	0	0	0	23	0	0	0	0	0	0	0	0
db2bbc49e063a023a4a74c7bdff7f437	0	0	0	0	0	23	0	0	0	0	0	0	0	0
dc1cc0529ae0ea6294dc9336fa3acc28	0	0	0	0	0	23	0	0	0	0	0	0	0	0
53130a1e9b62a6529e6c3159920ad59e	0	0	0	0	0	23	0	0	0	0	0	0	0	0
ef31ca06b2d1f82ddd2b022451261fc0	0	0	0	0	0	0	23	0	0	0	0	0	0	0
7c23d695fac84f87a07fef02e15b4e03	0	0	0	0	0	0	23	0	0	0	0	0	0	0
c0c4cb939eb11e6a4bf0772f89296644	0	0	0	0	0	0	23	0	0	0	0	0	0	0
5c8601c21c30f14c8c8362eb94efed82	0	0	0	0	0	0	23	0	0	0	0	0	0	0
10528564e5202b44e5cfa29c4da53b47	0	0	0	0	0	0	23	0	0	0	0	0	0	0
b866978578f61d135364d1624688038c	0	0	0	0	0	0	23	0	0	0	0	0	0	0
371dcd7be2e41a2cb602de92d2623886	0	0	0	0	0	0	23	0	0	0	0	0	0	0
df0c4eee6642f2eb9d2af400f8799f39	0	0	0	0	0	0	0	23	0	0	0	0	0	0
892063a6c9782a623aeff4da873cc376	0	0	0	0	0	0	0	23	0	0	0	0	0	0
e1a9eb5b6c82408354676df108f83773	0	0	0	0	0	0	0	23	0	0	0	0	0	0
cf263e84820a010aeaaad1a0d6736f4b	0	0	0	0	0	0	0	23	0	0	0	0	0	0
8891e3254f3367fd2174089afccc07b3	0	0	0	0	0	0	0	23	0	0	0	0	0	0
38a1ac94c34613764553cf9b9bb70ad8	0	0	0	0	0	0	0	23	0	0	0	0	0	0
1ac088f364c4255bbc10fbdd49d4ef8b	0	0	0	0	0	0	0	23	0	0	0	0	0	0
6d1122f0b81ba6a95b2d0a9acf5efbe1	0	0	0	0	0	0	0	23	0	0	0	0	0	0
d99164666b9618f63be0b9850ab0438a	0	0	0	0	0	0	0	23	0	0	0	0	0	0
d8b27b805e9d16ca247669d9dc0ea979	0	0	0	0	0	0	0	23	0	0	0	0	0	0
6f01b4a74e1d9a7919c2f3f719530c4d	0	0	0	0	0	0	0	23	0	0	0	0	0	0
ddfa0ff45372860d5e835744d30d53bd	0	0	0	0	0	0	0	23	0	0	0	0	0	0
cb35a279feae947a5de595e32bb1a3b9	0	0	0	0	0	0	0	23	0	0	0	0	0	0
f5c28ba7ec8b213bffaf6a9834e228e5	0	0	0	0	0	0	0	23	0	0	0	0	0	0
ef7536eb15d68bea1e964c7559562936	0	0	0	0	0	0	0	23	0	0	0	0	0	0
f70a0eb6d6b8e2590730657b31f4303f	0	0	0	0	0	0	0	23	0	0	0	0	0	0
30057f5d4e0ed96f8b46430c3120a039	0	0	0	0	0	0	0	23	0	0	0	0	0	0
05b19568160e8a412953e6171f53057e	0	0	0	0	0	0	0	23	0	0	0	0	0	0
80bbe1813f93a28f96f5583590d515d8	0	0	0	0	0	0	0	0	23	0	0	0	0	0
f25511d13775946e871a566548e3eeac	0	0	0	0	0	0	0	0	23	0	0	0	0	0
99b849b9eb99233b4a7ff6b8fe94c6ad	0	0	0	0	0	0	0	0	23	0	0	0	0	0
f3554174df8341693567c904ed49b575	0	0	0	0	0	0	0	0	23	0	0	0	0	0
00aa21edf6757a66de532db9451f3e94	0	0	0	0	0	0	0	0	23	0	0	0	0	0
1df6db840fe1dffd5e4e8517cd219db4	0	0	0	0	0	0	0	0	0	23	0	0	0	0
ff03228348fc04089e53283539128010	0	0	0	0	0	0	0	0	0	0	23	0	0	0
3cc41337bdf614e8ad505afd2aa2b772	0	0	0	0	0	0	0	0	0	0	23	0	0	0
0fc8778bfc3c1d61d810f0ffa85d985e	0	0	0	0	0	0	0	0	0	0	23	0	0	0
ff6b28c40cdce3856c89002e666157b1	0	0	0	0	0	0	0	0	0	0	23	0	0	0
290d32d904cca2837818fd7c85ff5b9a	0	0	0	0	0	0	0	0	0	0	23	0	0	0
efd4c188eaee729f70a5badb08f04d13	0	0	0	0	0	0	0	0	0	0	23	0	0	0
f0c378b2349f73c8d3ee7d7b8266804a	0	0	0	0	0	0	0	0	0	0	0	23	0	0
3c081add9fc0ea102f023fe31a7406b4	0	0	0	0	0	0	0	0	0	0	0	0	0	23
f5c839ae5842b1b75a12b48b4b65206f	0	0	0	0	0	0	0	0	0	0	0	0	0	23
d1e9230f4c673d9c985c280bea70dc29	0	0	0	0	0	0	0	0	0	0	0	0	0	23
b34b13ace5629d0fd2cc7897a9400515	0	22	0	0	0	0	0	0	0	0	0	0	0	0
43bf16c84e283f4739d44e3114ce57dd	0	22	0	0	0	0	0	0	0	0	0	0	0	0
becf4492cbee5aac4d8862bf89b7a866	0	22	0	0	0	0	0	0	0	0	0	0	0	0
51097b8b02cea1ae558b30802fdfb51f	0	22	0	0	0	0	0	0	0	0	0	0	0	0
c7a9668e7b9bff5cabd4b1f13fa1d2a9	0	22	0	0	0	0	0	0	0	0	0	0	0	0
af7a51631b6bfc9d52f29efd96a0d744	0	22	0	0	0	0	0	0	0	0	0	0	0	0
9d1a1fb7875ac5a86ee4ba2176c3b122	0	22	0	0	0	0	0	0	0	0	0	0	0	0
4e3bbc04df1e50dbb69c23ac69c1c8dc	0	22	0	0	0	0	0	0	0	0	0	0	0	0
e8d474298a30ff2803c2af985a4ae823	0	22	0	0	0	0	0	0	0	0	0	0	0	0
a3418a4cec1a5d2153884726c4cb7fa5	0	22	0	0	0	0	0	0	0	0	0	0	0	0
3752aa01fcb06112e64e5e1d2d8164f6	0	22	0	0	0	0	0	0	0	0	0	0	0	0
2087a1b747fe1d8b5586032303e7a698	0	22	0	0	0	0	0	0	0	0	0	0	0	0
a09634a88367d4981e877269aa3e8440	0	22	0	0	0	0	0	0	0	0	0	0	0	0
9df153f58fe7caf441fbc8b317650523	0	22	0	0	0	0	0	0	0	0	0	0	0	0
a133cbefa22a808b6873f5c4386df694	0	22	0	0	0	0	0	0	0	0	0	0	0	0
97a222d59d175292994bb2c90d2b876e	0	22	0	0	0	0	0	0	0	0	0	0	0	0
fee237bac9281c038a55edc89c64fe61	0	22	0	0	0	0	0	0	0	0	0	0	0	0
6a53fe3d1a07d6bb3667b881fbd63d8d	0	22	0	0	0	0	0	0	0	0	0	0	0	0
29868e77d9fb4dc11d859b9e35a09226	0	22	0	0	0	0	0	0	0	0	0	0	0	0
9226dd732f43a0efa7e455c86a0dea7e	0	22	0	0	0	0	0	0	0	0	0	0	0	0
24324063bec6afd42829939ef90ada3a	0	22	0	0	0	0	0	0	0	0	0	0	0	0
ad0f6adefe6d5ac0c984bc047e435d5c	0	22	0	0	0	0	0	0	0	0	0	0	0	0
a903d9777825c08ec013615c3f15537d	0	22	0	0	0	0	0	0	0	0	0	0	0	0
f6794800d44e5daf7011a1369d4a8d77	0	22	0	0	0	0	0	0	0	0	0	0	0	0
cf21651498eb02c372c2d1edba38759a	0	22	0	0	0	0	0	0	0	0	0	0	0	0
f4f34190a6c87d8dfff957dfafab46e0	0	22	0	0	0	0	0	0	0	0	0	0	0	0
d2a097f5612fdb30874c4b1ce63ec97c	0	22	0	0	0	0	0	0	0	0	0	0	0	0
88d10d83bc63f80216cc432c5d8a1dbf	0	22	0	0	0	0	0	0	0	0	0	0	0	0
80b9207c3cd4928a07c5a46e65b52612	0	22	0	0	0	0	0	0	0	0	0	0	0	0
0b672078f45cf1aab367c0140a0af7cb	0	22	0	0	0	0	0	0	0	0	0	0	0	0
f7a9773435b144a1bbee448d0e97bb7e	0	22	0	0	0	0	0	0	0	0	0	0	0	0
b63e86591b324fd88c3bec87fa46cddb	0	22	0	0	0	0	0	0	0	0	0	0	0	0
dde4cb960d3f3e78a8ccf96ac0fd5d22	0	22	0	0	0	0	0	0	0	0	0	0	0	0
28392595826d8f9fe3f567e4820d08a4	0	22	0	0	0	0	0	0	0	0	0	0	0	0
073b1925dcc95413cf92fa0c8385b589	0	22	0	0	0	0	0	0	0	0	0	0	0	0
bb211dac41a44abb97f0fec7a3c8012b	0	22	0	0	0	0	0	0	0	0	0	0	0	0
562136b7455758c3a0bae0fad78cc64b	0	22	0	0	0	0	0	0	0	0	0	0	0	0
64f7ae664dae94e94a3bfc89f90cc1ad	0	22	0	0	0	0	0	0	0	0	0	0	0	0
7f3041c4b8d0182fc11d2646662123af	0	22	0	0	0	0	0	0	0	0	0	0	0	0
67d728668a36238109802ff943b2fde3	0	22	0	0	0	0	0	0	0	0	0	0	0	0
abe6d3df78459515303c77817b9b663a	0	22	0	0	0	0	0	0	0	0	0	0	0	0
b7114f236a5d7cfce6a77c5ea28b2352	0	22	0	0	0	0	0	0	0	0	0	0	0	0
8c1e07285939db78cb9dcaa23d74b465	0	22	0	0	0	0	0	0	0	0	0	0	0	0
677d5240edc8083cec56cefffc2608ef	0	22	0	0	0	0	0	0	0	0	0	0	0	0
546bb127690954079966e15bffd0db79	0	20	0	0	0	0	2	0	0	0	0	0	0	0
16baf6704c8308f52a1cf86b075cd2ad	0	14	0	0	0	0	8	0	0	0	0	0	0	0
917cac0c94193b894538bb6bd2d1b2ff	0	9	1	0	0	6	6	0	0	0	0	0	0	0
36c7b43a1c236280238e40324ae76a2e	0	6	16	0	0	0	0	0	0	0	0	0	0	0
1130e52d135831f5b37e43487c0212fd	0	0	22	0	0	0	0	0	0	0	0	0	0	0
e7f11af6895e7e3fddfc4237a0e50623	0	0	22	0	0	0	0	0	0	0	0	0	0	0
419358f99331c93cbdec2610b4c8396d	0	0	22	0	0	0	0	0	0	0	0	0	0	0
c3a7fa748684e58b407f2d156233d643	0	0	22	0	0	0	0	0	0	0	0	0	0	0
d01d569f91e268e517c5395ea12e4042	0	0	22	0	0	0	0	0	0	0	0	0	0	0
c92819c1997987f111ce236b40128ce3	0	0	22	0	0	0	0	0	0	0	0	0	0	0
5904496b3c086a1327b280cbf7791085	0	0	22	0	0	0	0	0	0	0	0	0	0	0
478c4168e0117a4641d946e90d5ee84a	0	0	22	0	0	0	0	0	0	0	0	0	0	0
1d04508dd1e81f5df2df8819f2711544	0	0	22	0	0	0	0	0	0	0	0	0	0	0
1dd73affe2c8e70c7fa955941c4683c9	0	0	22	0	0	0	0	0	0	0	0	0	0	0
6c09a079f600b755cebad2898578d8cd	0	0	22	0	0	0	0	0	0	0	0	0	0	0
180128eb4f236d38dbbd0b9fe5d9357d	0	0	22	0	0	0	0	0	0	0	0	0	0	0
83bf1521c326290bcb524a9df0aa6e29	0	0	22	0	0	0	0	0	0	0	0	0	0	0
c92d5a8806dd23e68dc852524ae94bfe	0	0	22	0	0	0	0	0	0	0	0	0	0	0
3ec5935dffe446a33700b337ff84e01c	0	0	22	0	0	0	0	0	0	0	0	0	0	0
3c82f36634737140aa5aa5e654100d8a	0	0	22	0	0	0	0	0	0	0	0	0	0	0
9f644e94c8be3ed88acfd015911dd4ad	0	0	22	0	0	0	0	0	0	0	0	0	0	0
d2db60e4b5ae152e5f4d52b1c8888550	0	0	22	0	0	0	0	0	0	0	0	0	0	0
19c467538bc8b6540d401313e832dc84	0	0	22	0	0	0	0	0	0	0	0	0	0	0
5c32fa1c298c666f8593992ac230ea19	0	0	22	0	0	0	0	0	0	0	0	0	0	0
9d4e77cb4a9d7bd187c08f6dc37982bc	0	0	22	0	0	0	0	0	0	0	0	0	0	0
21c549f4e15fbcd58b63f02a81f88758	0	0	22	0	0	0	0	0	0	0	0	0	0	0
616c8a96bc48023add1b2dc5defb6e0d	0	0	22	0	0	0	0	0	0	0	0	0	0	0
70ce9ca8fe4d4bbbf31842bed7f09ef8	0	0	18	0	0	4	0	0	0	0	0	0	0	0
ab849277a7cfe359c6915e2c1ffeef95	0	0	17	0	0	5	0	0	0	0	0	0	0	0
b0218faab3c786f8e9b008adc222895b	0	0	15	0	0	7	0	0	0	0	0	0	0	0
3a49d02849936a48baf16dd07e6157c5	0	0	13	0	0	0	9	0	0	0	0	0	0	0
80cc38926ab13b6fe2e424d356df85c4	0	0	10	0	0	0	12	0	0	0	0	0	0	0
5d937c67b5659396a5ca2a904c4b8c52	0	0	7	0	0	9	6	0	0	0	0	0	0	0
b1e506ea077e3f9e4c4e9ff4247a73f4	0	0	4	0	0	18	0	0	0	0	0	0	0	0
b9913ff1580db2794c20bda3c75c457c	0	0	0	22	0	0	0	0	0	0	0	0	0	0
62b9fc7e5b39d7db2e68f854cc09e54f	0	0	0	22	0	0	0	0	0	0	0	0	0	0
83711da89474f0748c037aac1fceac0a	0	0	0	22	0	0	0	0	0	0	0	0	0	0
0b0f4414eb67c88f7f4efa833440fafa	0	0	0	0	22	0	0	0	0	0	0	0	0	0
24c8b7072fa2b60867634f43b589e341	0	0	0	0	22	0	0	0	0	0	0	0	0	0
86b178cf9b99dbca2ef1b396e3fead56	0	0	0	0	0	22	0	0	0	0	0	0	0	0
ef95a68b474ae62890fbf19c57ccf65e	0	0	0	0	0	22	0	0	0	0	0	0	0	0
97f91ff342714e3c8cf0de205ddd6851	0	0	0	0	0	22	0	0	0	0	0	0	0	0
723d5e77f7ccc011832e103d6182af2a	0	0	0	0	0	22	0	0	0	0	0	0	0	0
ee1123d9753b5d8dcde9a9af1c1f2799	0	0	0	0	0	22	0	0	0	0	0	0	0	0
b267578ddfb57eda872cbc0146add2de	0	0	0	0	0	22	0	0	0	0	0	0	0	0
ebd9de9010b434e0f4483957c0b6a454	0	0	0	0	0	22	0	0	0	0	0	0	0	0
a9fff9f58a3140ca95a71db3c6536a23	0	0	0	0	0	22	0	0	0	0	0	0	0	0
7bbebb2840869e66211263088d54b68c	0	0	0	0	0	22	0	0	0	0	0	0	0	0
472db764b939d07d47e489001949d651	0	0	0	0	0	22	0	0	0	0	0	0	0	0
b1e2e5b55a83b1a84e5b570e43f29e51	0	0	0	0	0	0	22	0	0	0	0	0	0	0
46478051a14cde433d0d40a8972aaddc	0	0	0	0	0	0	22	0	0	0	0	0	0	0
17429b34b293c34ba80ce08afdf007e7	0	0	0	0	0	0	22	0	0	0	0	0	0	0
f39c42705e28cc993349c03e6b06f635	0	0	0	0	0	0	22	0	0	0	0	0	0	0
7006af6bcd51102342741a4e3b9d6e04	0	0	0	0	0	0	22	0	0	0	0	0	0	0
e116111f3ec65e34224e999e257dd8a4	0	0	0	0	0	0	22	0	0	0	0	0	0	0
03e9a88fedf071b3ebc0dec93103cb8a	0	0	0	0	0	0	0	22	0	0	0	0	0	0
fafd94b9cb8745dc617379d505c4d35a	0	0	0	0	0	0	0	22	0	0	0	0	0	0
7f5995fae69cd7223240ccb88562df10	0	0	0	0	0	0	0	22	0	0	0	0	0	0
4159d32cded71c8b6b7c35d1417ee85b	0	0	0	0	0	0	0	22	0	0	0	0	0	0
a4d8a63b4a3459fb847722ecb95bb84f	0	0	0	0	0	0	0	22	0	0	0	0	0	0
a0425444b7b5ca4da879630f81933007	0	0	0	0	0	0	0	22	0	0	0	0	0	0
302f289ddf7835409c312efdad8499b6	0	0	0	0	0	0	0	22	0	0	0	0	0	0
744fd4e253be5bd6f1119a7fe500c298	0	0	0	0	0	0	0	22	0	0	0	0	0	0
2bd7d35bccc138c7e4f52b87f080acf8	0	0	0	0	0	0	0	22	0	0	0	0	0	0
7d67f1043f6494aa3192865ae96513b9	0	0	0	0	0	0	0	22	0	0	0	0	0	0
9eb1e88efd800cf8fe061a28641475e6	0	0	0	0	0	0	0	22	0	0	0	0	0	0
336ce3563e47ea1fc9b4dc3f99f43b67	0	0	0	0	0	0	0	22	0	0	0	0	0	0
bb8d6cd666e3a313c0fb479df6fca09f	0	0	0	0	0	0	0	22	0	0	0	0	0	0
b0cd42eab0e6827a2b3584c2af22fadf	0	0	0	0	0	0	0	22	0	0	0	0	0	0
3e37d642670299ba301f3c2ec9300d13	0	0	0	0	0	0	0	22	0	0	0	0	0	0
d35c8074ccbb40782537cabdbfc7aeb8	0	0	0	0	0	0	0	22	0	0	0	0	0	0
97b4163af0d7bedcce908c16ca2d70b0	0	0	0	0	0	0	0	22	0	0	0	0	0	0
9e2110644ce41ec1e0186ecf486dd2d7	0	0	0	0	0	0	0	22	0	0	0	0	0	0
3ba414cb02b417f42086477d31b90e20	0	0	0	0	0	0	0	22	0	0	0	0	0	0
4918aea41681c7a6141ae3915a519872	0	0	0	0	0	0	0	22	0	0	0	0	0	0
57fe3d79d5d6a075cc32127930193760	0	0	0	0	0	0	0	22	0	0	0	0	0	0
2ebcc9daecf94d7154666fc72311fced	0	0	0	0	0	0	0	15	0	0	0	0	0	7
e48556def364fff2d2ab51921dd80997	0	0	0	0	0	0	0	0	22	0	0	0	0	0
28b519a79d2a5ec4053fab2bc74779db	0	0	0	0	0	0	0	0	0	22	0	0	0	0
2ebc5ce63125ef6caa1a550d3b8a0869	0	0	0	0	0	0	0	0	0	0	22	0	0	0
edf6e6982c87723d22be1fcf1da5b231	0	0	0	0	0	0	0	0	0	0	22	0	0	0
1df0290f868a9cc4317e9eb31ef1249c	0	0	0	0	0	0	0	0	0	0	22	0	0	0
09ab94648a500bf3f34133032bbf60dd	0	0	0	0	0	0	0	0	0	0	22	0	0	0
b4c300e98008bdd9c88ff8629ebe152a	0	0	0	0	0	0	0	0	0	0	0	0	0	22
1cfc183b7070e101acd75343e54811d8	0	0	0	0	0	0	0	0	0	0	0	0	0	22
421317fb28e7c898e559618626af70f8	0	0	0	0	0	0	0	0	0	0	0	0	0	22
49b7aae041c3f467cf4d495a27b6bc49	0	0	0	0	0	0	0	0	0	0	0	0	0	22
60fafcae934af01a535891dff3b888da	0	0	0	0	0	0	0	0	0	0	0	0	0	22
4653f02a7b1bd0f650b710e3903bc2cd	0	21	0	0	0	0	0	0	0	0	0	0	0	0
149567371bc6c9088b1f12e2bbdd2b98	0	21	0	0	0	0	0	0	0	0	0	0	0	0
549f68b271d13a15194fe995e3c1c570	0	21	0	0	0	0	0	0	0	0	0	0	0	0
c41442fbcaf8940bc4ead2c244e9176a	0	21	0	0	0	0	0	0	0	0	0	0	0	0
0b765c4dcfbeef65a7cbca342d21f498	0	21	0	0	0	0	0	0	0	0	0	0	0	0
02b56b7e5361752e93fd707a1cff2588	0	21	0	0	0	0	0	0	0	0	0	0	0	0
9cecaaf4db66217a7e6ee0c09d7b1190	0	21	0	0	0	0	0	0	0	0	0	0	0	0
c3144405ae4cf68b12ea1b5e53908c6c	0	21	0	0	0	0	0	0	0	0	0	0	0	0
8a1e53ba239eaaed89e3f5cb0b888896	0	21	0	0	0	0	0	0	0	0	0	0	0	0
c4c423d7d4e7580fa18f253f36c4310a	0	21	0	0	0	0	0	0	0	0	0	0	0	0
88acc0b07ca6026066785d1b4de21725	0	21	0	0	0	0	0	0	0	0	0	0	0	0
7e682bc76132d061b154b66cf742fb36	0	21	0	0	0	0	0	0	0	0	0	0	0	0
57f46f3ce1cb75d24fa74a3f3670affb	0	21	0	0	0	0	0	0	0	0	0	0	0	0
c27d2f1273badff9bc120f20caffb0e7	0	21	0	0	0	0	0	0	0	0	0	0	0	0
655c869425d3592fa1c4297c8b0c600e	0	21	0	0	0	0	0	0	0	0	0	0	0	0
bfa1cac5fa09b1478b5c677e1b0318f2	0	21	0	0	0	0	0	0	0	0	0	0	0	0
65f6bc9147c5a4c4c6d456357c03365d	0	21	0	0	0	0	0	0	0	0	0	0	0	0
009018e98aee7405e4ae9f212cd89676	0	21	0	0	0	0	0	0	0	0	0	0	0	0
8b8e772a9826b6c35602e6c77f67f3a9	0	21	0	0	0	0	0	0	0	0	0	0	0	0
b5984554bad5509f5c75c3b51842ad85	0	21	0	0	0	0	0	0	0	0	0	0	0	0
2ede09cb1a0ea70a5f55ce88b11568ab	0	21	0	0	0	0	0	0	0	0	0	0	0	0
52aa530339e6236f7dc73044b470130c	0	21	0	0	0	0	0	0	0	0	0	0	0	0
f03dd7d6ac3f12376f6e6c40fa035f4c	0	21	0	0	0	0	0	0	0	0	0	0	0	0
98a064b1e6bfafb3fa4e1fcc4a9b10fb	0	21	0	0	0	0	0	0	0	0	0	0	0	0
7e8ac46709122443fc7d807570162855	0	21	0	0	0	0	0	0	0	0	0	0	0	0
3a4efa8ff57476fc22c08ec3ede21c98	0	21	0	0	0	0	0	0	0	0	0	0	0	0
7a58492eb474572d02df7276a30c18c7	0	21	0	0	0	0	0	0	0	0	0	0	0	0
07f79e69617270e0260bc3a47fc627b3	0	21	0	0	0	0	0	0	0	0	0	0	0	0
f0992504555ef0edc40c68d10e2ffbf0	0	21	0	0	0	0	0	0	0	0	0	0	0	0
f764147a2e5ac25ae3ca976760075ec8	0	21	0	0	0	0	0	0	0	0	0	0	0	0
d183afe99b8e3b8638d2b5eb39961e79	0	21	0	0	0	0	0	0	0	0	0	0	0	0
c5df4e2d073d85142eabc9a4576fb085	0	21	0	0	0	0	0	0	0	0	0	0	0	0
74b9c0502477cb16087f67d0eaa93d63	0	21	0	0	0	0	0	0	0	0	0	0	0	0
616cba6086a5e6cb8634c516f832acfd	0	21	0	0	0	0	0	0	0	0	0	0	0	0
b4c4b73926713cd8e49f37214be645e4	0	21	0	0	0	0	0	0	0	0	0	0	0	0
0c1f202936f101d7d571cfa5e9bcc84e	0	21	0	0	0	0	0	0	0	0	0	0	0	0
2027dac85c1030bd9d04d0cb472c0b8b	0	21	0	0	0	0	0	0	0	0	0	0	0	0
e6906ce52149e69c5fe54522bdb3204e	0	21	0	0	0	0	0	0	0	0	0	0	0	0
e9fdb6f2d6fc8e15c8c25ae370a7a5a1	0	21	0	0	0	0	0	0	0	0	0	0	0	0
42adba2727d07fa4a59a982021897136	0	21	0	0	0	0	0	0	0	0	0	0	0	0
e7705dff2eeb49222434e51f11fce343	0	21	0	0	0	0	0	0	0	0	0	0	0	0
0217e30c1564a42cc20eee3e6f11b78e	0	13	0	0	0	0	0	8	0	0	0	0	0	0
43a7cfaf5fbc309b58ccbb19ac5aef07	0	0	21	0	0	0	0	0	0	0	0	0	0	0
5fb65d6588bda16be6720f568c14e5fa	0	0	21	0	0	0	0	0	0	0	0	0	0	0
2b0748da6814d7f703f0ba7c12e5e8df	0	0	21	0	0	0	0	0	0	0	0	0	0	0
02246cef12bc6528cee8135197a9cf0d	0	0	21	0	0	0	0	0	0	0	0	0	0	0
209e5db15e418bb13f502e93e0f091df	0	0	21	0	0	0	0	0	0	0	0	0	0	0
329a40be5fa9b815c19db613610a0667	0	0	21	0	0	0	0	0	0	0	0	0	0	0
bc9fed991ed27fcb7b404dba9cb31740	0	0	21	0	0	0	0	0	0	0	0	0	0	0
e6b9e181c2b63610bfb83658cc20d60f	0	0	21	0	0	0	0	0	0	0	0	0	0	0
33ccac55a6be379707ace1b076a2cdd4	0	0	21	0	0	0	0	0	0	0	0	0	0	0
2ef7bce86db8eb904551b4cdb62a441e	0	0	21	0	0	0	0	0	0	0	0	0	0	0
b3eef2c61d78c26afb5fffa39b9ff074	0	0	21	0	0	0	0	0	0	0	0	0	0	0
719bb82f2005fb1ee3b29047e8f5fae5	0	0	21	0	0	0	0	0	0	0	0	0	0	0
e709983383a2e8c689278c856082bc33	0	0	21	0	0	0	0	0	0	0	0	0	0	0
7522af09a98367a7a96dd629d37394bc	0	0	21	0	0	0	0	0	0	0	0	0	0	0
e2982528b343198033e40d3bd44c036c	0	0	21	0	0	0	0	0	0	0	0	0	0	0
7fb3309ba48cfbb7be998e9821ab06e8	0	0	21	0	0	0	0	0	0	0	0	0	0	0
5302a36dd5dc908b0fb49e208cf3b787	0	0	21	0	0	0	0	0	0	0	0	0	0	0
d131d524bbaf1db4237a6b0a495e91a8	0	0	21	0	0	0	0	0	0	0	0	0	0	0
8ff7e44533546f56b059040fc2ed0128	0	0	21	0	0	0	0	0	0	0	0	0	0	0
16edecebfe80be82251d5675d59d7ea1	0	0	21	0	0	0	0	0	0	0	0	0	0	0
0f09c0f8859c6b1f4da7044ac2e17e7b	0	0	21	0	0	0	0	0	0	0	0	0	0	0
7a2d4e2c7f422e1c4c49400b0c8cd7c6	0	0	21	0	0	0	0	0	0	0	0	0	0	0
18dcc94bff5311925db51692ea2feca0	0	0	21	0	0	0	0	0	0	0	0	0	0	0
76f7a91d8d8999ff238669b9a7749d4f	0	0	21	0	0	0	0	0	0	0	0	0	0	0
addb1782522a19b3d8e0860f225b7e11	0	0	21	0	0	0	0	0	0	0	0	0	0	0
b18f252412879b575a22f26a132cb189	0	0	21	0	0	0	0	0	0	0	0	0	0	0
06bcf117644ecfe22f3e8d70e065006f	0	0	21	0	0	0	0	0	0	0	0	0	0	0
bbef9c9e6ae2ddb41eaca486195c333d	0	0	21	0	0	0	0	0	0	0	0	0	0	0
a20b36f0affaa187ed35c5693d4dfcce	0	0	21	0	0	0	0	0	0	0	0	0	0	0
b3afd18ee7d0d73046445e0ccf039fda	0	0	21	0	0	0	0	0	0	0	0	0	0	0
ae6d7b8444a46abf22d5144d7eb9f1c8	0	0	21	0	0	0	0	0	0	0	0	0	0	0
eb8fc2983a3ece60fe72812682d91bf0	0	0	21	0	0	0	0	0	0	0	0	0	0	0
e6a0284809a0fd48770578a73957bd66	0	0	18	0	0	0	3	0	0	0	0	0	0	0
1ec2664adc823fd194e4ea96e40e2537	0	0	13	0	0	8	0	0	0	0	0	0	0	0
abedc0adbe784b08ef2531e742952f03	0	0	13	0	0	8	0	0	0	0	0	0	0	0
3d101b83e11e8b1e4f8471b51dc0c382	0	0	12	0	0	0	9	0	0	0	0	0	0	0
c1fbbdb6b5c442e28eea712bfdd2b554	0	0	0	21	0	0	0	0	0	0	0	0	0	0
33d7db938b8999199b76347354c9bad0	0	0	0	21	0	0	0	0	0	0	0	0	0	0
cb200ef26178e4df0657c1c6f5760749	0	0	0	21	0	0	0	0	0	0	0	0	0	0
eaf52671b152090a8e171613487fb6e6	0	0	0	21	0	0	0	0	0	0	0	0	0	0
e8d591ccd06e1d70652695dcf6fa190c	0	0	0	21	0	0	0	0	0	0	0	0	0	0
dbddff6e37305390eace058bbaf3ef50	0	0	0	21	0	0	0	0	0	0	0	0	0	0
456158830891c9ef56fdc97a8d1e8ffb	0	0	0	21	0	0	0	0	0	0	0	0	0	0
e454ea62daecd16fc217aa4fbd6acac2	0	0	0	21	0	0	0	0	0	0	0	0	0	0
2d01078fbeab89f21bd3c680c4d2e0b7	0	0	0	21	0	0	0	0	0	0	0	0	0	0
24150ff7694985056ccd27e1714abb36	0	0	0	21	0	0	0	0	0	0	0	0	0	0
15bab73aa58f0c8c1fd2539362608dfb	0	0	0	21	0	0	0	0	0	0	0	0	0	0
2d73b7350092b37667bdce86ea6f0074	0	0	0	0	21	0	0	0	0	0	0	0	0	0
9218ca3c782ab62250c4fea9ea322c17	0	0	0	0	21	0	0	0	0	0	0	0	0	0
49c43e08101faa7d38229862414198fe	0	0	0	0	0	21	0	0	0	0	0	0	0	0
91bf299583bb283c81cd74782399a023	0	0	0	0	0	21	0	0	0	0	0	0	0	0
93cee286396e31232eb51ec5a9b729bb	0	0	0	0	0	21	0	0	0	0	0	0	0	0
6b15d8d1f65d878d59eba52200b0ca19	0	0	0	0	0	21	0	0	0	0	0	0	0	0
8273424ee4a759545ece1bcac169942b	0	0	0	0	0	21	0	0	0	0	0	0	0	0
5da66653d4d6412be70bd815d168e01e	0	0	0	0	0	21	0	0	0	0	0	0	0	0
cc96d4f875533046cd3496c5a9eae9e4	0	0	0	0	0	21	0	0	0	0	0	0	0	0
2085f8a8a99a3eecd75dc6c84fd9f87b	0	0	0	0	0	21	0	0	0	0	0	0	0	0
daf4b0508920a0a00a1d020c42541f48	0	0	0	0	0	21	0	0	0	0	0	0	0	0
a977b992603fcdb301b5471aa0a8d5b3	0	0	0	0	0	0	21	0	0	0	0	0	0	0
e67eedcad04406baca3ae725359c4c61	0	0	0	0	0	0	21	0	0	0	0	0	0	0
96b53644dc875ed18cd13a65615e5912	0	0	0	0	0	0	21	0	0	0	0	0	0	0
4510706acd5eb83b8a1c51cd88d133e5	0	0	0	0	0	0	21	0	0	0	0	0	0	0
de1ecb3fc40f51bc340d79a29cb0ac0a	0	0	0	0	0	0	21	0	0	0	0	0	0	0
470fff8f116855caca986bb3053f83b7	0	0	0	0	0	0	0	21	0	0	0	0	0	0
41f0d4478a83a7716a461596feadeac1	0	0	0	0	0	0	0	21	0	0	0	0	0	0
2032c46d739dd804e365ac00a58c0309	0	0	0	0	0	0	0	21	0	0	0	0	0	0
afccb24a93381e557795a4afc8488461	0	0	0	0	0	0	0	21	0	0	0	0	0	0
5063fa7cfe8af1a2aab49a8f897ee4c6	0	0	0	0	0	0	0	21	0	0	0	0	0	0
dcb97b17312ff8fa83c98acdc98ba0ab	0	0	0	0	0	0	0	21	0	0	0	0	0	0
b354c8d14bb91c29133d37d47e322749	0	0	0	0	0	0	0	21	0	0	0	0	0	0
bd37a54a9690b4a3337af45f2f92e8a5	0	0	0	0	0	0	0	21	0	0	0	0	0	0
22220639790a8982771bf71336f9815a	0	0	0	0	0	0	0	21	0	0	0	0	0	0
8604d988ffc494426bab5afce2541f6f	0	0	0	0	0	0	0	21	0	0	0	0	0	0
b08218b27d3a61e537ffe4074710573c	0	0	0	0	0	0	0	21	0	0	0	0	0	0
a089df534e25ec8a53e5cd2318acd609	0	0	0	0	0	0	0	21	0	0	0	0	0	0
81ea3fddaf9583a8bf0d7f6cd620de0a	0	0	0	0	0	0	0	21	0	0	0	0	0	0
2f42985cf7fdcca4fad5245c0ef6b10f	0	0	0	0	0	0	0	21	0	0	0	0	0	0
238ee5fae602621c0fa356807f5f3135	0	0	0	0	0	0	0	21	0	0	0	0	0	0
a8d22fc5ad47e1483f890af6fad745ec	0	0	0	0	0	0	0	21	0	0	0	0	0	0
3c47402f0755ba14ff5dd0f0b249e6fb	0	0	0	0	0	0	0	21	0	0	0	0	0	0
0d573c52f5ad3cfc097483cad0559cdf	0	0	0	0	0	0	0	21	0	0	0	0	0	0
be0fcfe76434d50f27b62cde8015d8db	0	0	0	0	0	0	0	21	0	0	0	0	0	0
fdcc97dba42078cf29f62d6b77580318	0	0	0	0	0	0	0	0	21	0	0	0	0	0
822eb6b15d104d1ad9404d32e7581333	0	0	0	0	0	0	0	0	21	0	0	0	0	0
13229ccfad5f4e8b5aa2b85143ba5073	0	0	0	0	0	0	0	0	21	0	0	0	0	0
53d51e6a96fce0c78fc295dbb0c7fd2c	0	0	0	0	0	0	0	0	21	0	0	0	0	0
ffbdf2a9ae3b3348dc92f9b177567e1a	0	0	0	0	0	0	0	0	21	0	0	0	0	0
aab429997ce80796d200ef379ddf9e00	0	0	0	0	0	0	0	0	0	21	0	0	0	0
3b5ebf15c653137122be9720e6c54811	0	0	0	0	0	0	0	0	0	0	21	0	0	0
009ab20445a058f1698c0b436ad194ca	0	0	0	0	0	0	0	0	0	0	0	21	0	0
cc41b25aeb93dc8e55ccae440414c092	0	0	0	0	0	0	0	0	0	0	0	0	0	21
ac1b813f9a82f2d18f3122bbf066ac4e	0	0	0	0	0	0	0	0	0	0	0	0	0	21
b4ef3aa64d8bd5785b319e6107ab603c	0	0	0	0	0	0	0	0	0	0	0	0	0	21
7ad3327e7c55e14ebc59a4faa7a7be50	0	20	0	0	0	0	0	0	0	0	0	0	0	0
24c1d1ecc24f64100546d331bee43e9e	0	20	0	0	0	0	0	0	0	0	0	0	0	0
2084507e27bc98ac04483fb42bcd9301	0	20	0	0	0	0	0	0	0	0	0	0	0	0
46ff9bd74d6b30d90773a0b7ef05872d	0	20	0	0	0	0	0	0	0	0	0	0	0	0
8ad5d17a41f50412bbef7198022d722b	0	20	0	0	0	0	0	0	0	0	0	0	0	0
161b57f6881ddabd20536540e5621661	0	20	0	0	0	0	0	0	0	0	0	0	0	0
9d020cd2c15fa25e54eb7c623b94476f	0	20	0	0	0	0	0	0	0	0	0	0	0	0
facdfd96e25d2c366d0707f8fa43b5d2	0	20	0	0	0	0	0	0	0	0	0	0	0	0
ee26a996d34fe850a06188a9503c694f	0	20	0	0	0	0	0	0	0	0	0	0	0	0
da8427aa9d03cb35bed0d0abd4a6c9de	0	20	0	0	0	0	0	0	0	0	0	0	0	0
1fcb4362f3f25d28ab0038220040abb3	0	20	0	0	0	0	0	0	0	0	0	0	0	0
369b3abc03b201bc48f7deddc975cce0	0	20	0	0	0	0	0	0	0	0	0	0	0	0
f2a8611669f6f5225b543755c5370b4e	0	20	0	0	0	0	0	0	0	0	0	0	0	0
8e666498ca98c5e2fe8339927a495781	0	20	0	0	0	0	0	0	0	0	0	0	0	0
704184845239169530e3b34a1f5e70c4	0	20	0	0	0	0	0	0	0	0	0	0	0	0
46c847ca5b960386d1946800c82822dd	0	20	0	0	0	0	0	0	0	0	0	0	0	0
a011dbd192f739afa8bc3ea8375ab29b	0	20	0	0	0	0	0	0	0	0	0	0	0	0
69fe278762391ddabe9a866650bc7302	0	20	0	0	0	0	0	0	0	0	0	0	0	0
9248d4a072f32f3f775dba5075cb2bc6	0	20	0	0	0	0	0	0	0	0	0	0	0	0
21168cacff26f8930752283e9c01fa91	0	20	0	0	0	0	0	0	0	0	0	0	0	0
21b56be94c42d326ee5fead0b84b6060	0	20	0	0	0	0	0	0	0	0	0	0	0	0
0118af1f4a80b4746b4f7d2a0383a067	0	20	0	0	0	0	0	0	0	0	0	0	0	0
82b8d36f93ba3eb0735cdeb5e9da7e60	0	20	0	0	0	0	0	0	0	0	0	0	0	0
d9f9a673b4f176afd2d962cd1f981779	0	20	0	0	0	0	0	0	0	0	0	0	0	0
c41677cca05b8246ced4421813f2f218	0	20	0	0	0	0	0	0	0	0	0	0	0	0
585faad30ac4f5893ca53c7a3fd40974	0	20	0	0	0	0	0	0	0	0	0	0	0	0
dce79dc5aa48c12f4c4f6dfb597eb60c	0	20	0	0	0	0	0	0	0	0	0	0	0	0
43485a732f6129f09196eae1091f896e	0	20	0	0	0	0	0	0	0	0	0	0	0	0
40b6dbef5da1711be6a47f41f18bb816	0	20	0	0	0	0	0	0	0	0	0	0	0	0
b2043285b128050dbae1012c73b25e99	0	20	0	0	0	0	0	0	0	0	0	0	0	0
c656a9104b9e59a7d58cec30e5446898	0	20	0	0	0	0	0	0	0	0	0	0	0	0
36f034edc98f8cbf7f5f9ec1937295ee	0	20	0	0	0	0	0	0	0	0	0	0	0	0
1c95cc0c73bf933cb7736f9d39722618	0	20	0	0	0	0	0	0	0	0	0	0	0	0
5b9d2008008b65c90ba564674c28036e	0	20	0	0	0	0	0	0	0	0	0	0	0	0
da518c2d9a14ec112655fbe5bd3b3d50	0	20	0	0	0	0	0	0	0	0	0	0	0	0
5e35413a8ce4d0bdb293650404ecc0db	0	20	0	0	0	0	0	0	0	0	0	0	0	0
ba80fd7f58ab69eee1fc21d34f8c9b55	0	20	0	0	0	0	0	0	0	0	0	0	0	0
7d37da3d25b994d9501b613cd7aa2e94	0	20	0	0	0	0	0	0	0	0	0	0	0	0
9a6f6755ec024449640fd0dbeeb416c7	0	20	0	0	0	0	0	0	0	0	0	0	0	0
70c6c81604d6acf05f80bcebb586004d	0	12	8	0	0	0	0	0	0	0	0	0	0	0
ce3f2bbcf901cbdc63511a0b3a334a02	0	9	11	0	0	0	0	0	0	0	0	0	0	0
e8a0b680a52fee0f41e6fbefa9d04ed0	0	0	20	0	0	0	0	0	0	0	0	0	0	0
0a0c16b212388c2d8f182110e4276f09	0	0	20	0	0	0	0	0	0	0	0	0	0	0
fb9a45feb1aaeb27a3284d4d11cb94e9	0	0	20	0	0	0	0	0	0	0	0	0	0	0
aaa339e632dc2303e7cf8cc9f5a7d7d0	0	0	20	0	0	0	0	0	0	0	0	0	0	0
277ac79abeab46c40d59024cc62bd3dd	0	0	20	0	0	0	0	0	0	0	0	0	0	0
5f384cb38af49186ed9a169233cddb46	0	0	20	0	0	0	0	0	0	0	0	0	0	0
c3255483b39b85079db72648656cd47a	0	0	20	0	0	0	0	0	0	0	0	0	0	0
34f3b44b518bdc3c25d2d5e34d5dedc5	0	0	20	0	0	0	0	0	0	0	0	0	0	0
db739bb1edbc4919e3d344e63082c7c5	0	0	20	0	0	0	0	0	0	0	0	0	0	0
5f9d6fd693700d54932becb63fb91103	0	0	20	0	0	0	0	0	0	0	0	0	0	0
4390bd79cff326f2fb363179ebae1d86	0	0	20	0	0	0	0	0	0	0	0	0	0	0
07dafcd6ae17260766466219b86195b7	0	0	20	0	0	0	0	0	0	0	0	0	0	0
db16f1bd268eab997d1c5a9a4df85a2a	0	0	20	0	0	0	0	0	0	0	0	0	0	0
c6cf6dfb0a5dc1e32b73f40dd7cd60c4	0	0	20	0	0	0	0	0	0	0	0	0	0	0
7f5ebad216fc88cdac7e6dffb575fe2f	0	0	20	0	0	0	0	0	0	0	0	0	0	0
11d0980048c193aeeb89dc166b4438fc	0	0	20	0	0	0	0	0	0	0	0	0	0	0
223b138c67232b965687d1e4251dbbd1	0	0	20	0	0	0	0	0	0	0	0	0	0	0
cff220eb94e42acc8485fc83d45e3f22	0	0	20	0	0	0	0	0	0	0	0	0	0	0
c2cb6a0068ef8312ef66084608143290	0	0	20	0	0	0	0	0	0	0	0	0	0	0
56343ab6e7f021f5aeba17421e20c7d5	0	0	20	0	0	0	0	0	0	0	0	0	0	0
2e5e8fb9e810c1934d389187dd15c459	0	0	20	0	0	0	0	0	0	0	0	0	0	0
b04b77214553929655f59e1b9d8a679e	0	0	20	0	0	0	0	0	0	0	0	0	0	0
2385b6e2df2d6786f71635d94ac7604c	0	0	20	0	0	0	0	0	0	0	0	0	0	0
b8c984d904cbeba1850bcb739e0acc6b	0	0	20	0	0	0	0	0	0	0	0	0	0	0
d07428af64cd243b0d07c75e8d0bba21	0	0	20	0	0	0	0	0	0	0	0	0	0	0
3e98e2f267305d9bac9977e9010da718	0	0	20	0	0	0	0	0	0	0	0	0	0	0
14c686824375d17f3dfb1c59175f040f	0	0	20	0	0	0	0	0	0	0	0	0	0	0
b440cddd8dd092f84a0ce58b7d307d7c	0	0	20	0	0	0	0	0	0	0	0	0	0	0
6dbb79e880d9849d8f48563c7e03aa46	0	0	20	0	0	0	0	0	0	0	0	0	0	0
183a56bd6c4579cdb58cbfe93452f32f	0	0	20	0	0	0	0	0	0	0	0	0	0	0
6ff9b80fa18c313a9e03968b56bcc38b	0	0	17	0	0	3	0	0	0	0	0	0	0	0
a4c6d6202e63366b20196c474024c3d9	0	0	15	0	0	5	0	0	0	0	0	0	0	0
da54ebdcd70d4dc3e4e44aff8be0ec75	0	0	12	0	0	0	8	0	0	0	0	0	0	0
f782806aea8c484bfc92d3c12e78907c	0	0	11	0	0	9	0	0	0	0	0	0	0	0
6896ab7436be36ab22bc4c4bf7ab1ddf	0	0	0	20	0	0	0	0	0	0	0	0	0	0
99dacffe9efc13f2ea9301e35c521210	0	0	0	20	0	0	0	0	0	0	0	0	0	0
832d70f34d0003bb35f189b00ddfdd7a	0	0	0	20	0	0	0	0	0	0	0	0	0	0
a68e16a9986560e760c712d62c5f0c92	0	0	0	0	20	0	0	0	0	0	0	0	0	0
676e6ff40237e3aa602c92afab5a9db6	0	0	0	0	20	0	0	0	0	0	0	0	0	0
d194f5bca6c49bab7b8bbbaaccab324a	0	0	0	0	20	0	0	0	0	0	0	0	0	0
e6e109a1cb3f42471c9048f15e793694	0	0	0	0	20	0	0	0	0	0	0	0	0	0
05ec106d5cf8a111428d763c2e812bc9	0	0	0	0	20	0	0	0	0	0	0	0	0	0
45716ed1581cffb55381ff1d2c3f7e6e	0	0	0	0	0	20	0	0	0	0	0	0	0	0
19e288bb4526586df769576fece84d2f	0	0	0	0	0	20	0	0	0	0	0	0	0	0
76ade2c5c70197a821e276c0a8462387	0	0	0	0	0	20	0	0	0	0	0	0	0	0
57976663ca548d543503d29956080c22	0	0	0	0	0	20	0	0	0	0	0	0	0	0
90669a2708897d7714543d6f5c0b37e1	0	0	0	0	0	20	0	0	0	0	0	0	0	0
b26c12f39bade743c642c41e07a6de19	0	0	0	0	0	20	0	0	0	0	0	0	0	0
2144150a20b67dd5b84b68aada47b46b	0	0	0	0	0	20	0	0	0	0	0	0	0	0
52d8f16afa37b19bded49e2df0d57bc6	0	0	0	0	0	20	0	0	0	0	0	0	0	0
f9647591b02fbf7487d10f0e9fb58ec8	0	0	0	0	0	0	20	0	0	0	0	0	0	0
8001fa18c1667247735f35002fd82b8c	0	0	0	0	0	0	20	0	0	0	0	0	0	0
fe6a85bf5a02676eaa7e5ecc17149aeb	0	0	0	0	0	0	20	0	0	0	0	0	0	0
3b6059a0a06993cb6b8fd81fac292bd4	0	0	0	0	0	0	20	0	0	0	0	0	0	0
1764406917bff88582558de1152112eb	0	0	0	0	0	0	20	0	0	0	0	0	0	0
3cd54d4ee774462ecf3a107d9fce54e0	0	0	0	0	0	0	20	0	0	0	0	0	0	0
3707ef6f4ce3067c1b1881ee61fb0eb1	0	0	0	0	0	0	20	0	0	0	0	0	0	0
7048772abbd511f3c8c94bae1e085bbf	0	0	0	0	0	0	20	0	0	0	0	0	0	0
95a49a520d01a71a5d00d58cbe97434d	0	0	0	0	0	0	20	0	0	0	0	0	0	0
fe5b0311deb5f5f4547605a118201555	0	0	0	0	0	0	20	0	0	0	0	0	0	0
15a69df511fc9269ca93f8416aace613	0	0	0	0	0	0	20	0	0	0	0	0	0	0
c09d8be18100cd991cfdac9a84e526e9	0	0	0	0	0	0	20	0	0	0	0	0	0	0
34a6c31322768414c177a72bd70a49c9	0	0	0	0	0	0	20	0	0	0	0	0	0	0
d3ea6bfeb1b922e5966eed4fa681106c	0	0	0	0	0	0	20	0	0	0	0	0	0	0
c72389e1f53ef2ff2c207250b1013150	0	0	0	0	0	0	20	0	0	0	0	0	0	0
a86a49e1bfe1f991e1b61061798820f9	0	0	0	0	0	0	20	0	0	0	0	0	0	0
b4e3bb76e15265ceab4ce692a6d1eebe	0	0	0	0	0	0	0	20	0	0	0	0	0	0
72d424aa248eff4718a5610eb0f4cab9	0	0	0	0	0	0	0	20	0	0	0	0	0	0
d80c4ee76db93035beea1a70254c7175	0	0	0	0	0	0	0	20	0	0	0	0	0	0
3213d9ef2acea03b7a8093849fde7067	0	0	0	0	0	0	0	20	0	0	0	0	0	0
1791fcdbe7d1295e2ac40dd28b284778	0	0	0	0	0	0	0	20	0	0	0	0	0	0
1ce1f0213ee87f9d827bfe3874e80d2a	0	0	0	0	0	0	0	20	0	0	0	0	0	0
1e03c86abb1730362000e6549b216195	0	0	0	0	0	0	0	20	0	0	0	0	0	0
75568c54cdaf6d76008a27353e5dc1c5	0	0	0	0	0	0	0	20	0	0	0	0	0	0
44dd04747b9e8646f3dfd7d9ae791b87	0	0	0	0	0	0	0	20	0	0	0	0	0	0
dfe8348f246fc119223f4680029c0edd	0	0	0	0	0	0	0	20	0	0	0	0	0	0
ac43e89919d1321d2ff3542725154d82	0	0	0	0	0	0	0	20	0	0	0	0	0	0
162968945da9d6a94e570c7ee882a95b	0	0	0	0	0	0	0	20	0	0	0	0	0	0
d5b04520ec5d028f97f2f573ad37f97a	0	0	0	0	0	0	0	20	0	0	0	0	0	0
8d8d7b5a03880df8f546503094ef76d0	0	0	0	0	0	0	0	20	0	0	0	0	0	0
d097279172897b531140efe9f3a5c837	0	0	0	0	0	0	0	20	0	0	0	0	0	0
6086cf2fc64a83c2e5803c7746494928	0	0	0	0	0	0	0	20	0	0	0	0	0	0
a4eefdb326d9fe4c38805fe9a874be6b	0	0	0	0	0	0	0	20	0	0	0	0	0	0
613d8c2e06cbe70343c71c166724b7ca	0	0	0	0	0	0	0	20	0	0	0	0	0	0
ef9d8845f498ffa2dbbaf9af4b4c72db	0	0	0	0	0	0	0	20	0	0	0	0	0	0
6f3a640dd4016ad3d7bb3306f10453c9	0	0	0	0	0	0	0	20	0	0	0	0	0	0
1e6308dee0d81fccb4d508eb0d4b845e	0	0	0	0	0	0	0	20	0	0	0	0	0	0
2791c451d4336c0361fd303c91917109	0	0	0	0	0	0	0	20	0	0	0	0	0	0
619a06ad4ce4221c7b6cf1b089b155d6	0	0	0	0	0	0	0	20	0	0	0	0	0	0
d3161f76f2dbb09f9cd23d85abf9beb2	0	0	0	0	0	0	0	20	0	0	0	0	0	0
a9d456bad583aaf1495697920e1e9d7b	0	0	0	0	0	0	0	10	0	0	0	0	0	10
bc4c56cf58cf8bc9d11727944a4bf0e1	0	0	0	0	0	0	0	0	20	0	0	0	0	0
e75a6e45d43f8d498493dcb17c9ec4f4	0	0	0	0	0	0	0	0	20	0	0	0	0	0
d6e9310756b2792d1960d5bf78218810	0	0	0	0	0	0	0	0	20	0	0	0	0	0
fb7783c45e2b83b90f181d1f9522e0a0	0	0	0	0	0	0	0	0	20	0	0	0	0	0
3fb37af75751c7bf60cfbad6a21c336c	0	0	0	0	0	0	0	0	0	20	0	0	0	0
be06f4a59a7be2264577ea2e1fbb0706	0	0	0	0	0	0	0	0	0	20	0	0	0	0
cbc16462a5ba1a26d1e1ab6634cdf8e6	0	0	0	0	0	0	0	0	0	0	20	0	0	0
ab9e6544f7a01d1823f1fb8e2e9f8d73	0	0	0	0	0	0	0	0	0	0	0	0	0	20
ab843234780b3f860313f876d8e8c497	0	0	0	0	0	0	0	0	0	0	0	0	0	20
6dad8b6db5bfd84dd184f3c40854173a	0	0	0	0	0	0	0	0	0	0	0	0	0	20
115f97ff00872afaea30c734c9bc328b	0	0	0	0	0	0	0	0	0	0	0	0	0	20
2a5c02dd0c037e08919e171752af853f	0	0	0	0	0	0	0	0	0	0	0	0	0	20
0c462ebf0e6236dd379f71d158d8ed98	0	0	0	0	0	0	0	0	0	0	0	0	0	20
8411adf625244039c2299571859d66c4	0	19	0	0	0	0	0	0	0	0	0	0	0	0
805afab34a9b23fe0c27fc6067841f45	0	19	0	0	0	0	0	0	0	0	0	0	0	0
e5fdbe2b552f082f4f01fbf1d3603714	0	19	0	0	0	0	0	0	0	0	0	0	0	0
0dc04a878e38b30e5f0e01bf1a583b99	0	19	0	0	0	0	0	0	0	0	0	0	0	0
9aeeb6d11c6a6c197a2b440cc0ebd3a0	0	19	0	0	0	0	0	0	0	0	0	0	0	0
04eaad2b5a588d09cf3c83ad494daef0	0	19	0	0	0	0	0	0	0	0	0	0	0	0
57fd5b3d6a0b532594b936eab12d9a54	0	19	0	0	0	0	0	0	0	0	0	0	0	0
4808b5e4bc17cd7e0e0865b7157fb12f	0	19	0	0	0	0	0	0	0	0	0	0	0	0
1cc0ddbf3baf0543e476eb4177a74f09	0	19	0	0	0	0	0	0	0	0	0	0	0	0
d38fb9133d3167f8909f38ab328bfabe	0	19	0	0	0	0	0	0	0	0	0	0	0	0
9005dd1ece7a007776bc2fb23ab2c64b	0	19	0	0	0	0	0	0	0	0	0	0	0	0
3bad056cdd673171d93a4e53629a7b4c	0	19	0	0	0	0	0	0	0	0	0	0	0	0
e34c21fac992c22a0eeb251be4898c62	0	19	0	0	0	0	0	0	0	0	0	0	0	0
eef1e25a19bfbbc5c2c783ee42148ca0	0	19	0	0	0	0	0	0	0	0	0	0	0	0
181d041f916bfdb1f1487cff4e7ef421	0	19	0	0	0	0	0	0	0	0	0	0	0	0
a08087acc385f2fe71082ebfe9ff3d0e	0	19	0	0	0	0	0	0	0	0	0	0	0	0
46d52627c29cb68d278e6633bd84a298	0	19	0	0	0	0	0	0	0	0	0	0	0	0
93ddbefe3a9e7e1672a09db0d5003d84	0	19	0	0	0	0	0	0	0	0	0	0	0	0
9212ca0f5f579acd3658dca5a5b1d697	0	19	0	0	0	0	0	0	0	0	0	0	0	0
b35c4bf9702cfd8a7f81b121b760e9f4	0	19	0	0	0	0	0	0	0	0	0	0	0	0
6166838743bda6da34cef109b1766ec0	0	19	0	0	0	0	0	0	0	0	0	0	0	0
98846ae70fcfd5461b03155145c468b4	0	19	0	0	0	0	0	0	0	0	0	0	0	0
ce5d571d64a7a3ded4e2729b78cc85c7	0	19	0	0	0	0	0	0	0	0	0	0	0	0
f1040cf9cc29cc5809df5451ce0cd56f	0	19	0	0	0	0	0	0	0	0	0	0	0	0
f87bab272959a8b602264f3fa86f18f6	0	19	0	0	0	0	0	0	0	0	0	0	0	0
e25928b3466dd8b3debd6d0c8094ce05	0	19	0	0	0	0	0	0	0	0	0	0	0	0
b68cecd74599f2238f75a5f8886a0b50	0	19	0	0	0	0	0	0	0	0	0	0	0	0
31f5c124cadfb92ccb2dc1c218c58f3e	0	19	0	0	0	0	0	0	0	0	0	0	0	0
1af87664438e72e3818bb018e4814dd2	0	19	0	0	0	0	0	0	0	0	0	0	0	0
809407728f46d77678932ab395c9e170	0	19	0	0	0	0	0	0	0	0	0	0	0	0
47d42379d73528d43a37ffd789ef311f	0	19	0	0	0	0	0	0	0	0	0	0	0	0
bcc6d49f3803f64300aa9c75bee74677	0	19	0	0	0	0	0	0	0	0	0	0	0	0
b394055ad469b3d2240ffda2e2635011	0	19	0	0	0	0	0	0	0	0	0	0	0	0
d3460c43cdcf377dd8d5e97ff5cbb42d	0	19	0	0	0	0	0	0	0	0	0	0	0	0
342130029e9c34739288494cd4d6e2a1	0	19	0	0	0	0	0	0	0	0	0	0	0	0
f65f68fa002b1abd7e7e5f2e07e79e2e	0	19	0	0	0	0	0	0	0	0	0	0	0	0
b176df65075407be233bbe11cc42edfd	0	19	0	0	0	0	0	0	0	0	0	0	0	0
f04facd7fd6ed375d5a54d5e08898fad	0	19	0	0	0	0	0	0	0	0	0	0	0	0
7db0c83f72f1574fd923910fea1a7341	0	19	0	0	0	0	0	0	0	0	0	0	0	0
864810ce4a02e9d88c9f80c2fc9b5fdc	0	19	0	0	0	0	0	0	0	0	0	0	0	0
a2b7008bf9b040b7bff32cf1754b51c8	0	19	0	0	0	0	0	0	0	0	0	0	0	0
c54dd8f5ac8cf28364f375e0ad057a29	0	19	0	0	0	0	0	0	0	0	0	0	0	0
78c0d896f711cda3cbd0a72f273d73ad	0	19	0	0	0	0	0	0	0	0	0	0	0	0
673ebd1c38d19d2d9ff3fc2003ad30dc	0	19	0	0	0	0	0	0	0	0	0	0	0	0
34e1f36023ecd3ce9962add634cea3a5	0	19	0	0	0	0	0	0	0	0	0	0	0	0
1e81a4ee4938e9f2e8bb3b3d3ea7af00	0	19	0	0	0	0	0	0	0	0	0	0	0	0
acb1b39a9b01250dfdf61871196c43d2	0	19	0	0	0	0	0	0	0	0	0	0	0	0
84280ae2dc6c2c6e171658a724e4728f	0	19	0	0	0	0	0	0	0	0	0	0	0	0
afb66731d4897e239172f75e89406fd8	0	5	14	0	0	0	0	0	0	0	0	0	0	0
2fcb008b55ace5d0653a1f45e7bd50d0	0	5	14	0	0	0	0	0	0	0	0	0	0	0
368ce701a6f22e075ee24bb8324341c4	0	1	0	0	0	12	6	0	0	0	0	0	0	0
97a20ec9e0d89b13c169b0210fbf876d	0	0	19	0	0	0	0	0	0	0	0	0	0	0
b4da0ad1330770175ce73ac16466eb02	0	0	19	0	0	0	0	0	0	0	0	0	0	0
0de8aa91a6e4fa5b70b5273e4de49f43	0	0	19	0	0	0	0	0	0	0	0	0	0	0
874c30ded23db91f2d0958ab2f6c3b7e	0	0	19	0	0	0	0	0	0	0	0	0	0	0
75bda56aae7ef2dcfa1edcde8f8b5eff	0	0	19	0	0	0	0	0	0	0	0	0	0	0
3b2bb1c2df8390b8f84bc7bd2fb809d0	0	0	19	0	0	0	0	0	0	0	0	0	0	0
dff01b9e0686b24de8c2e4a51320f5d8	0	0	19	0	0	0	0	0	0	0	0	0	0	0
da55eea544186be8c38aa651e7a661a6	0	0	19	0	0	0	0	0	0	0	0	0	0	0
9cccea58be3798a4393d9f8ad5438c1d	0	0	19	0	0	0	0	0	0	0	0	0	0	0
8d71e7cbb4c86eb4c2f86b220710e78c	0	0	19	0	0	0	0	0	0	0	0	0	0	0
c836d1b14d5bb0e96fe181bff4c24f3e	0	0	19	0	0	0	0	0	0	0	0	0	0	0
c71c88279c379ca6491519d3586c7dff	0	0	19	0	0	0	0	0	0	0	0	0	0	0
72aad08755a5f418abd072fa0f225574	0	0	19	0	0	0	0	0	0	0	0	0	0	0
67043a7667cf3a37db6776b5d739f3ce	0	0	19	0	0	0	0	0	0	0	0	0	0	0
d65938334163c1bf2ce0dadb9e57e3c2	0	0	19	0	0	0	0	0	0	0	0	0	0	0
e6d800d187e435794e8a8fa213ccab91	0	0	19	0	0	0	0	0	0	0	0	0	0	0
42e9bb9adb61ba55a996e131cdf27091	0	0	19	0	0	0	0	0	0	0	0	0	0	0
f1f02764cb5203c7004752de74fed113	0	0	19	0	0	0	0	0	0	0	0	0	0	0
8aa355c45889766f2e888459b583de2e	0	0	19	0	0	0	0	0	0	0	0	0	0	0
aad30999e7ca2ce77d3008a16fd7721f	0	0	19	0	0	0	0	0	0	0	0	0	0	0
c26d544ce9fa753c8ad1cd1211052c8b	0	0	19	0	0	0	0	0	0	0	0	0	0	0
514a3b2f1f4af46e86d89f8a010c33df	0	0	19	0	0	0	0	0	0	0	0	0	0	0
94e28e7a3ef4956f6cb3cafecbfe6bb7	0	0	19	0	0	0	0	0	0	0	0	0	0	0
72def916f2f6b51aa4c1b48bd93bb9a5	0	0	19	0	0	0	0	0	0	0	0	0	0	0
5e110d43dc22621a7602e479b4124eb2	0	0	19	0	0	0	0	0	0	0	0	0	0	0
49c46475845a707ab7b875b8d1630658	0	0	16	0	0	0	3	0	0	0	0	0	0	0
aa6567f32df3432c634b6c3035f3aadc	0	0	15	0	0	4	0	0	0	0	0	0	0	0
1c11a1afb7d016258df4ba9ed76fa7e0	0	0	12	0	0	7	0	0	0	0	0	0	0	0
00fc0cf8ab0bdc1f8a4df9fe5ca282fc	0	0	12	0	0	0	7	0	0	0	0	0	0	0
e2a0efbcc2f1e016aae804e46ab6f9d7	0	0	7	0	0	12	0	0	0	0	0	0	0	0
7e1bbc616f3bf814d5dc0395c6492e76	0	0	0	19	0	0	0	0	0	0	0	0	0	0
17a490806cbe41450f16f90e0a742adc	0	0	0	19	0	0	0	0	0	0	0	0	0	0
20266878b3d64f49daa6aadc301c5141	0	0	0	19	0	0	0	0	0	0	0	0	0	0
55a5e1493b5898d115fe077df68bb9f2	0	0	0	0	19	0	0	0	0	0	0	0	0	0
815567f50cc857049e3c4b99d529bd66	0	0	0	0	19	0	0	0	0	0	0	0	0	0
65fb28b522a45dc3922c0d249957b19b	0	0	0	0	0	19	0	0	0	0	0	0	0	0
bfb5653defa33923e13ab51001ef8312	0	0	0	0	0	19	0	0	0	0	0	0	0	0
a54f47c6328ac39f0616b1dcac690b70	0	0	0	0	0	19	0	0	0	0	0	0	0	0
28c652958f2658c1e99a42434802bdb1	0	0	0	0	0	19	0	0	0	0	0	0	0	0
b6962fc1e3c83d5a8840a188a39ba6d4	0	0	0	0	0	19	0	0	0	0	0	0	0	0
4fdc352537af1f51f0f7083784aae993	0	0	0	0	0	19	0	0	0	0	0	0	0	0
afdbb6c5528aba7a0c4c8ebb822a09c8	0	0	0	0	0	19	0	0	0	0	0	0	0	0
aa64410c2f61554794aa6fd810159ccf	0	0	0	0	0	19	0	0	0	0	0	0	0	0
e08fa277571460824202b474a4cbdfe6	0	0	0	0	0	19	0	0	0	0	0	0	0	0
1393553c998fc89ebabc53cd81668b6c	0	0	0	0	0	19	0	0	0	0	0	0	0	0
a3960e8610184b9c26a71eb0b933e3c4	0	0	0	0	0	9	10	0	0	0	0	0	0	0
b817b68e9d5fe63c6d8c3868a3096be7	0	0	0	0	0	0	19	0	0	0	0	0	0	0
9f8198efcf436552de615a527a3b93b5	0	0	0	0	0	0	19	0	0	0	0	0	0	0
30478ee18a9244c781dd13594ac6bb46	0	0	0	0	0	0	19	0	0	0	0	0	0	0
64ed47c0ee16da88571765e1e471b67a	0	0	0	0	0	0	19	0	0	0	0	0	0	0
b6c47423f14f64f72e273f5ac87b9c1f	0	0	0	0	0	0	19	0	0	0	0	0	0	0
783466f9ba9d4b7a3a32c024a595e454	0	0	0	0	0	0	19	0	0	0	0	0	0	0
e37af40b7a5f9701b5b7252b713ebbc0	0	0	0	0	0	0	19	0	0	0	0	0	0	0
dfca0cd0086e7ab65a4b1e9c56b5b161	0	0	0	0	0	0	19	0	0	0	0	0	0	0
b63b678ee5d7c071853fc49ab767ae3e	0	0	0	0	0	0	19	0	0	0	0	0	0	0
91913aeebf3841f0a13b2b5818682c70	0	0	0	0	0	0	19	0	0	0	0	0	0	0
826202cc12856281100023598b3a33f0	0	0	0	0	0	0	19	0	0	0	0	0	0	0
81878f900107bb6e2ce6d18fce42e973	0	0	0	0	0	0	19	0	0	0	0	0	0	0
6532dcb3526c546c29d4d10d5ea959e8	0	0	0	0	0	0	0	19	0	0	0	0	0	0
4dddcaf135287d089f79f22f981885f3	0	0	0	0	0	0	0	19	0	0	0	0	0	0
82f8684f249bbbe5dc5d1af53e6bae72	0	0	0	0	0	0	0	19	0	0	0	0	0	0
478aab5c05676c9531d6d3430b069d84	0	0	0	0	0	0	0	19	0	0	0	0	0	0
4c3096e6ca94c68cff9b80bf1bed07c2	0	0	0	0	0	0	0	19	0	0	0	0	0	0
ec59571c9264c8307d9bfddd88581674	0	0	0	0	0	0	0	19	0	0	0	0	0	0
b36cb6d0dcdbc8138ee54adb1d1191e1	0	0	0	0	0	0	0	19	0	0	0	0	0	0
2952e1af204a52970a4a65b76ac8c01c	0	0	0	0	0	0	0	19	0	0	0	0	0	0
dc331ab157fa375aadcc0f6cefbdf6e2	0	0	0	0	0	0	0	19	0	0	0	0	0	0
600e42ccd288a86819c677b29bed50d7	0	0	0	0	0	0	0	19	0	0	0	0	0	0
0ae3d117728e94049ae2a9de00c011cb	0	0	0	0	0	0	0	19	0	0	0	0	0	0
c62a0661ee3488b715fdaedbbe6877de	0	0	0	0	0	0	0	19	0	0	0	0	0	0
0a2f2feeb56e4b014e4db524c14fc9e8	0	0	0	0	0	0	0	19	0	0	0	0	0	0
d85ccbc9e68c1843306564de2fd231be	0	0	0	0	0	0	0	19	0	0	0	0	0	0
2fc9dfcca4b60087799690f28a0985d8	0	0	0	0	0	0	0	19	0	0	0	0	0	0
df57eef07564012b7da21b03ef9baf05	0	0	0	0	0	0	0	19	0	0	0	0	0	0
4d316eef05a25f4331b7c53d13cdda07	0	0	0	0	0	0	0	19	0	0	0	0	0	0
d52102952d68a3b756cc18c034a3aaa2	0	0	0	0	0	0	0	19	0	0	0	0	0	0
2a4d678dfd21a9bdf1fc83b10eab9df7	0	0	0	0	0	0	0	19	0	0	0	0	0	0
3979d534e6e75c5c280b14faaa26e14d	0	0	0	0	0	0	0	19	0	0	0	0	0	0
e2ed2f0150f022f23b44ca39958843bb	0	0	0	0	0	0	0	19	0	0	0	0	0	0
3b6d04f17d7f005d8415fde6cc97bb51	0	0	0	0	0	0	0	19	0	0	0	0	0	0
1b76bbc9092e6e0fafd2fdb2248cbbb5	0	0	0	0	0	0	0	19	0	0	0	0	0	0
7813a9eba920871a1f1971613e886005	0	0	0	0	0	0	0	19	0	0	0	0	0	0
f3806dd2f580a85d75022bc2f365d8c9	0	0	0	0	0	0	0	19	0	0	0	0	0	0
4214a22d8ccfc090c529666daebe084f	0	0	0	0	0	0	0	19	0	0	0	0	0	0
a01852dd6224b9474a8ceefae0f7bd7c	0	0	0	0	0	0	0	19	0	0	0	0	0	0
e33ff43a60d42f46005a18b7e3887b85	0	0	0	0	0	0	0	0	19	0	0	0	0	0
d2428cb56df384cc64c2e94950d590f3	0	0	0	0	0	0	0	0	19	0	0	0	0	0
270f773a6430ddc743835e8c46147977	0	0	0	0	0	0	0	0	0	19	0	0	0	0
a139357f53992f4fa23901d5a37402dd	0	0	0	0	0	0	0	0	0	19	0	0	0	0
49b8be4757ff8d6631b2bc67ffc215ef	0	0	0	0	0	0	0	0	0	0	0	19	0	0
a974616a1fe1f154325f98dc962c76eb	0	0	0	0	0	0	0	0	0	0	0	0	0	19
973dba82f56d2bf7ac119d4a37320f91	0	0	0	0	0	0	0	0	0	0	0	0	0	19
5c3c5022b6d2b9280e45a5b441edce85	0	0	0	0	0	0	0	0	0	0	0	0	0	19
8fb69da2f239324a95e64d3367a38347	0	0	0	0	0	0	0	0	0	0	0	0	0	19
a7637f17aeee3bd6ce947e51bfef7a25	0	0	0	0	0	0	0	0	0	0	0	0	0	19
2f3779786a68015b7c9d1edc3d7854a4	0	0	0	0	0	0	0	0	0	0	0	0	0	19
ade111d503caadc3f3bf16b9b39a5cae	0	18	0	0	0	0	0	0	0	0	0	0	0	0
8f66b1266b3d3b3f4eafba81082f7ed3	0	18	0	0	0	0	0	0	0	0	0	0	0	0
854d4270190a4adcd7226f3eb1e1125a	0	18	0	0	0	0	0	0	0	0	0	0	0	0
d5a4a112b1a3bf1a1c2248c309f6ab5e	0	18	0	0	0	0	0	0	0	0	0	0	0	0
e6e54534663d6bdb968aec66dec134c6	0	18	0	0	0	0	0	0	0	0	0	0	0	0
0a8ba4ceb505cf15268aee681e6a8a10	0	18	0	0	0	0	0	0	0	0	0	0	0	0
9e8b969a3c1b2e4f26ce427b5d6b22e4	0	18	0	0	0	0	0	0	0	0	0	0	0	0
008c0f25fb85741549254466bfe3e4f7	0	18	0	0	0	0	0	0	0	0	0	0	0	0
78aba2d7c51e2b1fb37b0f16feb1b2e3	0	18	0	0	0	0	0	0	0	0	0	0	0	0
ed73d4ed257d3da23b7cd5962d855770	0	18	0	0	0	0	0	0	0	0	0	0	0	0
034efd77e1909fc71f4c32b8e9769b23	0	18	0	0	0	0	0	0	0	0	0	0	0	0
7e31277f3e98de9e4928c7dd8f3496b9	0	18	0	0	0	0	0	0	0	0	0	0	0	0
338cf247bef67dff38e5a50f35f5ab25	0	18	0	0	0	0	0	0	0	0	0	0	0	0
bd5e38029876ec9fc3452ec2924a4766	0	18	0	0	0	0	0	0	0	0	0	0	0	0
3f3ba418e601cee62ebc34b5e4a17812	0	18	0	0	0	0	0	0	0	0	0	0	0	0
467fa877943b27c7220368981121f0c4	0	18	0	0	0	0	0	0	0	0	0	0	0	0
f39a5ebb1b3c604fab130b8abe5c0b83	0	18	0	0	0	0	0	0	0	0	0	0	0	0
3453ed28651c9233c427c2aaf73fe957	0	18	0	0	0	0	0	0	0	0	0	0	0	0
f67b1cef6c6f43ab287479aa5bb18934	0	18	0	0	0	0	0	0	0	0	0	0	0	0
01527e213144c6d408676cda90dc2f57	0	18	0	0	0	0	0	0	0	0	0	0	0	0
7884f754a6a275825bb7fc8431c49280	0	18	0	0	0	0	0	0	0	0	0	0	0	0
1248a34c815982a1e1f3dfa210fedf22	0	18	0	0	0	0	0	0	0	0	0	0	0	0
c9b9857d8470f80368cd7b81356734ce	0	18	0	0	0	0	0	0	0	0	0	0	0	0
d462f37c44b874a86688f1470df3259d	0	18	0	0	0	0	0	0	0	0	0	0	0	0
aa87e0270739d373f349e27dc024cdb2	0	18	0	0	0	0	0	0	0	0	0	0	0	0
8326c4476139300766f318c474a7020f	0	18	0	0	0	0	0	0	0	0	0	0	0	0
e5e901319444f91ca18738c7badc5071	0	18	0	0	0	0	0	0	0	0	0	0	0	0
a9d3638825be405f8370ec706bd51a09	0	18	0	0	0	0	0	0	0	0	0	0	0	0
705e85e6395350b615c5aae4be7869c4	0	18	0	0	0	0	0	0	0	0	0	0	0	0
09c5998e27e1965b968a650124d910b3	0	18	0	0	0	0	0	0	0	0	0	0	0	0
4d58665a1b656bf315275b712c382cf6	0	18	0	0	0	0	0	0	0	0	0	0	0	0
6a5756d203973a590a15476bb03db212	0	18	0	0	0	0	0	0	0	0	0	0	0	0
680cbec976be28d96d3f07848106f9b4	0	18	0	0	0	0	0	0	0	0	0	0	0	0
23aa84f4633c54411e0141f5b01b0c06	0	18	0	0	0	0	0	0	0	0	0	0	0	0
e95723d77eb127f1c456be00840ac74f	0	18	0	0	0	0	0	0	0	0	0	0	0	0
99b196b0b64ec30ce5becee1585a48ff	0	18	0	0	0	0	0	0	0	0	0	0	0	0
8b8731071e131234c19aa88c7d605bd9	0	18	0	0	0	0	0	0	0	0	0	0	0	0
e05b4976c02e3839b25488aca12d911b	0	18	0	0	0	0	0	0	0	0	0	0	0	0
4a4feb07a999eace44a001784dcdb171	0	18	0	0	0	0	0	0	0	0	0	0	0	0
118987b45d29ecd740db261515984a13	0	18	0	0	0	0	0	0	0	0	0	0	0	0
20d66c43d265e90d333706d701a22984	0	18	0	0	0	0	0	0	0	0	0	0	0	0
6cf6f02b231414347163b300ed136d6e	0	11	7	0	0	0	0	0	0	0	0	0	0	0
10cfee42fd45583b6498c1ee033684af	0	0	18	0	0	0	0	0	0	0	0	0	0	0
ac54ad64ad0395396d64cf636a65edee	0	0	18	0	0	0	0	0	0	0	0	0	0	0
da0e7b2c1c6dbdf02ffd422a175c4664	0	0	18	0	0	0	0	0	0	0	0	0	0	0
3b86cee27a70b0e20f21bf0527eacb1d	0	0	18	0	0	0	0	0	0	0	0	0	0	0
784dfb0e36caae4f7361bebf3a0fa3c1	0	0	18	0	0	0	0	0	0	0	0	0	0	0
fd01d5d6b866c85076c1f97a1d93c952	0	0	18	0	0	0	0	0	0	0	0	0	0	0
79e4add2ad1a6fee65469664b1780a60	0	0	18	0	0	0	0	0	0	0	0	0	0	0
09dbfde11100e6e578b9f6a3c479283b	0	0	18	0	0	0	0	0	0	0	0	0	0	0
2a28a418fbe939d235e4a1ded3663818	0	0	18	0	0	0	0	0	0	0	0	0	0	0
f8b9fe2bd67a9edfbc60b5effbd0585d	0	0	18	0	0	0	0	0	0	0	0	0	0	0
e3c898447b6801b1aafe7fefb14fca2c	0	0	18	0	0	0	0	0	0	0	0	0	0	0
0513447ef8d6b4ad69dff58cde889cee	0	0	18	0	0	0	0	0	0	0	0	0	0	0
82f90dbffc0f8f2d5b88c829c1ca252a	0	0	18	0	0	0	0	0	0	0	0	0	0	0
ea273220ff1e85b459058f2e3059096b	0	0	18	0	0	0	0	0	0	0	0	0	0	0
51fa1013bf1459de06b789fb5891d7dd	0	0	18	0	0	0	0	0	0	0	0	0	0	0
4149d639b15c71273659149c153273ea	0	0	18	0	0	0	0	0	0	0	0	0	0	0
978a78c7808748af4c70173622a9637f	0	0	18	0	0	0	0	0	0	0	0	0	0	0
70bfc0dc7b8699ece833e5fb63c0c4fc	0	0	18	0	0	0	0	0	0	0	0	0	0	0
0fb4c3e59d329497c80613fb8c6730b1	0	0	18	0	0	0	0	0	0	0	0	0	0	0
7fd49dd9328f8abfa8a464da873a36a8	0	0	18	0	0	0	0	0	0	0	0	0	0	0
4a118a119fb01b7b9f9c5f7d28964792	0	0	18	0	0	0	0	0	0	0	0	0	0	0
5cef0b3c782f28979afa5e88db7f051f	0	0	18	0	0	0	0	0	0	0	0	0	0	0
b353474bfb402923ac3930021f88b9fa	0	0	18	0	0	0	0	0	0	0	0	0	0	0
4e42c4c4719fc2dc8eb2308c23b52b96	0	0	18	0	0	0	0	0	0	0	0	0	0	0
5202a8a330b15b1ea61fa018c116d43c	0	0	18	0	0	0	0	0	0	0	0	0	0	0
bb1546dc8705fbd4029b2a6ed58aeca1	0	0	18	0	0	0	0	0	0	0	0	0	0	0
9e1088aa4de5a6d93338359b096029de	0	0	18	0	0	0	0	0	0	0	0	0	0	0
f657b84b32dd74270a1fc79164452ceb	0	0	18	0	0	0	0	0	0	0	0	0	0	0
f599cbedca0309da7c4ec4f8c296029d	0	0	18	0	0	0	0	0	0	0	0	0	0	0
975f70a1d793ee2958c184777b6ad1e4	0	0	18	0	0	0	0	0	0	0	0	0	0	0
1076a6a2a9853b7e81c4fafd3f5ab72a	0	0	18	0	0	0	0	0	0	0	0	0	0	0
1e0f1c2e36b55d461d156e96731c7ec8	0	0	18	0	0	0	0	0	0	0	0	0	0	0
30125f1e0d9c415ca5204115ca2d9338	0	0	18	0	0	0	0	0	0	0	0	0	0	0
23bc1a2c45512282cdd276d9ad308ea2	0	0	18	0	0	0	0	0	0	0	0	0	0	0
38d1c6a2daae189f795493fa3e47a70b	0	0	18	0	0	0	0	0	0	0	0	0	0	0
d5c2757c5d460c2d145bf3abe822045b	0	0	14	0	0	4	0	0	0	0	0	0	0	0
b9cd9cddbecc8737a72ff63c661ca18d	0	0	14	0	0	0	4	0	0	0	0	0	0	0
110ef3abfba3c3e9f9b88ab0ea52c287	0	0	13	0	0	5	0	0	0	0	0	0	0	0
2fc4ade36c41f792ff5f6c64ef9be1f5	0	0	9	0	0	5	4	0	0	0	0	0	0	0
599c51fa2d2b651c1d312158536c7ae3	0	0	8	0	0	10	0	0	0	0	0	0	0	0
4b1f10f95cb7aa90ea402314f8d184dc	0	0	0	18	0	0	0	0	0	0	0	0	0	0
3b9ede114952400066fb456435514f51	0	0	0	18	0	0	0	0	0	0	0	0	0	0
1fcdd126abae606eec7d6a3d9aa0fa7c	0	0	0	18	0	0	0	0	0	0	0	0	0	0
c5cd1df58bf921fefe9236d2bd339536	0	0	0	18	0	0	0	0	0	0	0	0	0	0
c7a8f643950fb2db537a98197f9dc18b	0	0	0	0	18	0	0	0	0	0	0	0	0	0
4e70cf1897998e3b0899cb4ee8a73970	0	0	0	0	18	0	0	0	0	0	0	0	0	0
c9e3c435fae3ab7da67805a450ff9b66	0	0	0	0	18	0	0	0	0	0	0	0	0	0
32dc211f504f47076c599348ec134e4f	0	0	0	0	18	0	0	0	0	0	0	0	0	0
75bbb54b1b9e8877cd30510da7b33c3f	0	0	0	0	18	0	0	0	0	0	0	0	0	0
2936b53905c86e894617a0732d420338	0	0	0	0	0	18	0	0	0	0	0	0	0	0
fda968316ad1f810a5d36e3017ba54ce	0	0	0	0	0	18	0	0	0	0	0	0	0	0
5e923d04555297da55e918f7c083c13b	0	0	0	0	0	18	0	0	0	0	0	0	0	0
2b43107561907b3a6ee5dece81c9415f	0	0	0	0	0	18	0	0	0	0	0	0	0	0
04b2bd8ff0d15bb0a623c13792c67f1b	0	0	0	0	0	18	0	0	0	0	0	0	0	0
69b2ef34ea2e076c5aec56bb35c9aa8a	0	0	0	0	0	18	0	0	0	0	0	0	0	0
7b102817e55ed63f745bbab8296dd404	0	0	0	0	0	18	0	0	0	0	0	0	0	0
cda5f3caac83c03a2214f92fadc66ea4	0	0	0	0	0	18	0	0	0	0	0	0	0	0
d0dc12852843f072570d1c09fd8cc7b0	0	0	0	0	0	14	4	0	0	0	0	0	0	0
c216285dda14d0c3d2705bb1a24a780c	0	0	0	0	0	2	0	0	0	0	0	0	0	16
7faf9305b5776dd6e54c3bcaebcd7bd8	0	0	0	0	0	0	18	0	0	0	0	0	0	0
0e5fd41b79b65ca9c0a50c38e350df06	0	0	0	0	0	0	18	0	0	0	0	0	0	0
86ee04e7d56a9fb64db82d4bfa250fbc	0	0	0	0	0	0	18	0	0	0	0	0	0	0
2644a1ecd2cdf7937dd59758351528c5	0	0	0	0	0	0	18	0	0	0	0	0	0	0
434cb262b706338136332e88bbfd3a64	0	0	0	0	0	0	18	0	0	0	0	0	0	0
8aeafba15bd649a96a58eedeb529b27f	0	0	0	0	0	0	18	0	0	0	0	0	0	0
f5b354e9961c83270bb91f82a3cf6d24	0	0	0	0	0	0	18	0	0	0	0	0	0	0
5aa292b9298c6e169663e601ba61c967	0	0	0	0	0	0	18	0	0	0	0	0	0	0
133321a1a7777434d549070016156e54	0	0	0	0	0	0	18	0	0	0	0	0	0	0
9fe2e6095d2d7f7cd5daf7337923eef9	0	0	0	0	0	0	18	0	0	0	0	0	0	0
dc7ff536c2e2ab32d0cd5731c257acf9	0	0	0	0	0	0	18	0	0	0	0	0	0	0
4cf809d6689ccbe14e96328ea9061b17	0	0	0	0	0	0	18	0	0	0	0	0	0	0
24ba0342f6c86702732c398dc70e3bb0	0	0	0	0	0	0	18	0	0	0	0	0	0	0
b4ca0318989d3ad050561c61c3a64c3f	0	0	0	0	0	0	18	0	0	0	0	0	0	0
1431657e821b6143f234476f83b38f2b	0	0	0	0	0	0	18	0	0	0	0	0	0	0
c599ad63df88c230c4882a141e110f55	0	0	0	0	0	0	0	18	0	0	0	0	0	0
cd11325902151fa9008cf6450d415cf8	0	0	0	0	0	0	0	18	0	0	0	0	0	0
cd4b74f9f46ccb8ee75a91b48ff51495	0	0	0	0	0	0	0	18	0	0	0	0	0	0
0298fb5936dcadf32a8cebe507c7491e	0	0	0	0	0	0	0	18	0	0	0	0	0	0
723b2e8a8433b89cdb56d036a2459657	0	0	0	0	0	0	0	18	0	0	0	0	0	0
7ddef9edecf9c0ecbfd98e4ea8a12eb8	0	0	0	0	0	0	0	18	0	0	0	0	0	0
8c50472152a1244420300bdda4b24abb	0	0	0	0	0	0	0	18	0	0	0	0	0	0
319a6ca2a26de3e24c53ec78bef26ad5	0	0	0	0	0	0	0	18	0	0	0	0	0	0
1da84883c06966a99f52ff07b199a81c	0	0	0	0	0	0	0	18	0	0	0	0	0	0
6211819495dc72e17d56fe6281d29360	0	0	0	0	0	0	0	18	0	0	0	0	0	0
e77e3824fbe76fbf7d20ba573255e9a0	0	0	0	0	0	0	0	18	0	0	0	0	0	0
c0badfda89ca9838f2f59cd367bdc742	0	0	0	0	0	0	0	18	0	0	0	0	0	0
3b948530976b7741238e6915d62b8afb	0	0	0	0	0	0	0	18	0	0	0	0	0	0
5e975cd1675446ed79d576d085783cbc	0	0	0	0	0	0	0	18	0	0	0	0	0	0
8117e8e5207b16a86423a8e51ebe7b93	0	0	0	0	0	0	0	18	0	0	0	0	0	0
2ceef7d63309d68f70bfffd1f87316d3	0	0	0	0	0	0	0	18	0	0	0	0	0	0
33317bf04d247ad50cfe206af2ba9bbf	0	0	0	0	0	0	0	18	0	0	0	0	0	0
513c839460d2921f042790b2db76a11c	0	0	0	0	0	0	0	18	0	0	0	0	0	0
a2676750315d1f7bfd56789df7dad683	0	0	0	0	0	0	0	18	0	0	0	0	0	0
423ea31035c9c85c3967d57ae61bf4a7	0	0	0	0	0	0	0	18	0	0	0	0	0	0
71b7e52de25af3192bbbfd451e1d23c0	0	0	0	0	0	0	0	18	0	0	0	0	0	0
d3104c9e86de11ca290bc1c338fdb24e	0	0	0	0	0	0	0	18	0	0	0	0	0	0
e08e84a9874b0077c32889ad033b32ca	0	0	0	0	0	0	0	18	0	0	0	0	0	0
8ad0d4bfe53cd7d5fef35223faeaa2b8	0	0	0	0	0	0	0	18	0	0	0	0	0	0
16ead59f3e35b46475533dc10ebba50a	0	0	0	0	0	0	0	18	0	0	0	0	0	0
16185b996dc10308c370ead1334cb4f3	0	0	0	0	0	0	0	18	0	0	0	0	0	0
8e120c64111a8a09e4491aeca147ca00	0	0	0	0	0	0	0	18	0	0	0	0	0	0
4e088823fde1d150845c178446f62a86	0	0	0	0	0	0	0	18	0	0	0	0	0	0
4c30890fbc1af2a73dcfb7a25bff49b6	0	0	0	0	0	0	0	18	0	0	0	0	0	0
59ac001ca7237f256e31ed15f94159bf	0	0	0	0	0	0	0	18	0	0	0	0	0	0
0759f40b394e2c8893e5acf1aac3a436	0	0	0	0	0	0	0	18	0	0	0	0	0	0
efff5630dc0bcd74358b779888468fd6	0	0	0	0	0	0	0	18	0	0	0	0	0	0
7656ec87363680d236e3cdfbdf925d1f	0	0	0	0	0	0	0	18	0	0	0	0	0	0
7635f7289defecbae7d184ad2267801b	0	0	0	0	0	0	0	11	0	0	0	0	0	7
bcdc3c21ed0799ce6b3d1c2dc16e8b8f	0	0	0	0	0	0	0	0	18	0	0	0	0	0
98e4db1e06921a9256dbc1a18fb9f3c6	0	0	0	0	0	0	0	0	18	0	0	0	0	0
62d6d9ffdb70e5a755613978e4ae0c4f	0	0	0	0	0	0	0	0	18	0	0	0	0	0
0031de31daf8fcec47552a94cf7c0e1d	0	0	0	0	0	0	0	0	18	0	0	0	0	0
6d8714348107c90164a1893c16f7dde5	0	0	0	0	0	0	0	0	18	0	0	0	0	0
c31d3b865ff06fe889ba3bcec5ea40d4	0	0	0	0	0	0	0	0	0	18	0	0	0	0
01d963e4a766fa05bb1e0879350c4aee	0	0	0	0	0	0	0	0	0	0	0	0	18	0
d204acd4f3ffdb4c3c6d10523c3b5582	0	0	0	0	0	0	0	0	0	0	0	0	0	18
a5fe56da4d954cc4701a65fb2688e858	0	0	0	0	0	0	0	0	0	0	0	0	0	18
23565dbab3b48a6e3bdcae52bbd3cd53	0	0	0	0	0	0	0	0	0	0	0	0	0	18
c69ee93c42587072966c0be6d07b7594	0	0	0	0	0	0	0	0	0	0	0	0	0	18
73e2e6e9dda3efb482aeb8072bdb36a5	0	0	0	0	0	0	0	0	0	0	0	0	0	18
36b5762ea9f77ae3f706c0dfffa5aa2b	0	17	0	0	0	0	0	0	0	0	0	0	0	0
e620b857bddd70c45f51633d68db4011	0	17	0	0	0	0	0	0	0	0	0	0	0	0
c0767271738138c7c715798ea871f38e	0	17	0	0	0	0	0	0	0	0	0	0	0	0
19c7cfb63a2c5f0ddc0c2325cd7e7259	0	17	0	0	0	0	0	0	0	0	0	0	0	0
3be5d4ead984da60ca770aee8004e199	0	17	0	0	0	0	0	0	0	0	0	0	0	0
5b5610e326b952436699e9f839a5942e	0	17	0	0	0	0	0	0	0	0	0	0	0	0
7e221abf4a02f14660ad7d7bead9b936	0	17	0	0	0	0	0	0	0	0	0	0	0	0
186f9eed0e51ab1d088d1a76d9992eb1	0	17	0	0	0	0	0	0	0	0	0	0	0	0
06327933ef7a37ef41344b22d93d9c6c	0	17	0	0	0	0	0	0	0	0	0	0	0	0
36efee15dfcfe5919d63f3a04f8fa1f9	0	17	0	0	0	0	0	0	0	0	0	0	0	0
670ed18d23309ad22560405ad97dcb5a	0	17	0	0	0	0	0	0	0	0	0	0	0	0
21abcfd1129e2e21da250576fb036c6f	0	17	0	0	0	0	0	0	0	0	0	0	0	0
5773f585df07ee74897b35cf2d4b866f	0	17	0	0	0	0	0	0	0	0	0	0	0	0
205e1d8961b3fa05cda9a51957a1d768	0	17	0	0	0	0	0	0	0	0	0	0	0	0
251b74f226a03dfa31ca47b0072091f7	0	17	0	0	0	0	0	0	0	0	0	0	0	0
094c89c9c7e4f419a8c8463bb23ec160	0	17	0	0	0	0	0	0	0	0	0	0	0	0
42dbaf893fdc43db63d37ea44ff423fa	0	17	0	0	0	0	0	0	0	0	0	0	0	0
a56343c5216d6d8038b402e1f3bb4f61	0	17	0	0	0	0	0	0	0	0	0	0	0	0
bf7542fb97d0ee717f288dcc913cf37f	0	17	0	0	0	0	0	0	0	0	0	0	0	0
fe47793c1602c30c39ea861506737056	0	17	0	0	0	0	0	0	0	0	0	0	0	0
2f293e0b200bf764363f95ed47285e46	0	17	0	0	0	0	0	0	0	0	0	0	0	0
dbc14e3f99c367e1b37ecfd8b11ba3d0	0	17	0	0	0	0	0	0	0	0	0	0	0	0
654bdc3d1c4845a23c569c144115b712	0	17	0	0	0	0	0	0	0	0	0	0	0	0
1186c4bbeccf8a4f123941082aa2e48d	0	17	0	0	0	0	0	0	0	0	0	0	0	0
27ca0f91496736f357f64163c991a962	0	17	0	0	0	0	0	0	0	0	0	0	0	0
1eb806aeaa641295542a71cf2627bb24	0	17	0	0	0	0	0	0	0	0	0	0	0	0
c54bbc3adf38a0bdff0bbde1acad2dfc	0	17	0	0	0	0	0	0	0	0	0	0	0	0
90473066e7936f70d4fc37073721d9aa	0	17	0	0	0	0	0	0	0	0	0	0	0	0
6987e9d92fdbd57df57f00635f206c5b	0	17	0	0	0	0	0	0	0	0	0	0	0	0
7a1059628621fb67bc018378b83e8182	0	17	0	0	0	0	0	0	0	0	0	0	0	0
21b59c94bbdabf6d413c79a31335b0ed	0	17	0	0	0	0	0	0	0	0	0	0	0	0
5f181bda56bc36624e3e4e48ff9b31b6	0	17	0	0	0	0	0	0	0	0	0	0	0	0
4df5eb3bad560b7b2e878ffdf5162d5b	0	17	0	0	0	0	0	0	0	0	0	0	0	0
b3c42fb96d23b0cabc827b3e10905165	0	17	0	0	0	0	0	0	0	0	0	0	0	0
b11517324104bcf244dcd21533741917	0	17	0	0	0	0	0	0	0	0	0	0	0	0
c53eed8e3f4442f19d970480d29704b3	0	17	0	0	0	0	0	0	0	0	0	0	0	0
7902ececd6609c4bb8446de4c50dac7b	0	17	0	0	0	0	0	0	0	0	0	0	0	0
30a9d96bb3262acc33d069bc8cd41090	0	17	0	0	0	0	0	0	0	0	0	0	0	0
8b51f46e17303f1c182a337726658982	0	17	0	0	0	0	0	0	0	0	0	0	0	0
4efaf1645a72c01ccfc06b4a1bb0b729	0	17	0	0	0	0	0	0	0	0	0	0	0	0
d9b8f832330914250d0e7db66571c9bb	0	17	0	0	0	0	0	0	0	0	0	0	0	0
4ebcb2e3f0c325fc01735b799e6bcf1d	0	17	0	0	0	0	0	0	0	0	0	0	0	0
5b8148441ad3392ba58fcbc793cd5f19	0	17	0	0	0	0	0	0	0	0	0	0	0	0
c03eb6e351d99e6334d511662af28d03	0	17	0	0	0	0	0	0	0	0	0	0	0	0
38ba4d307b551e3e69bea3bf00519b6e	0	17	0	0	0	0	0	0	0	0	0	0	0	0
5269adbe7e062b1ef5f9e7b11494e5c4	0	14	0	0	0	3	0	0	0	0	0	0	0	0
7bb60d4d4b99578b99d9b71d89d3710c	0	13	4	0	0	0	0	0	0	0	0	0	0	0
5cf66b375e8cfa907a4e4b3691024ee1	0	8	9	0	0	0	0	0	0	0	0	0	0	0
c31efefe814bddde400d8580ac91befb	0	4	6	0	0	0	7	0	0	0	0	0	0	0
7b3de408c2c0c673176e88c41e490ecb	0	0	17	0	0	0	0	0	0	0	0	0	0	0
21778573c92ac70a5773affe960ab41c	0	0	17	0	0	0	0	0	0	0	0	0	0	0
169cac16a67b5cec5be2968e32306899	0	0	17	0	0	0	0	0	0	0	0	0	0	0
28e5f0c0cd51e331e7ca89606774a948	0	0	17	0	0	0	0	0	0	0	0	0	0	0
37f6c32c0ccda0bcd4c0239a28df9eeb	0	0	17	0	0	0	0	0	0	0	0	0	0	0
8cfa5556e987a95cab6cc64bca559285	0	0	17	0	0	0	0	0	0	0	0	0	0	0
79b4fdafa99a14885be2f1a2a2f856f1	0	0	17	0	0	0	0	0	0	0	0	0	0	0
f5cbc4e86b649d8e42737a6797566b57	0	0	17	0	0	0	0	0	0	0	0	0	0	0
56a28e7272e3ad6adc80b8c6fec7ddd2	0	0	17	0	0	0	0	0	0	0	0	0	0	0
e81b40a9e496a78720f5f2a16860e197	0	0	17	0	0	0	0	0	0	0	0	0	0	0
99bebaf35bf28b10b63b2e4097a6473b	0	0	17	0	0	0	0	0	0	0	0	0	0	0
f5a289839119cf09f951777c233e5a71	0	0	17	0	0	0	0	0	0	0	0	0	0	0
6a6421fc983e26848499298f93d87ca1	0	0	17	0	0	0	0	0	0	0	0	0	0	0
2bdf1c20d42b5932eb24ef9482608b8f	0	0	17	0	0	0	0	0	0	0	0	0	0	0
3f10f7cbca3ddb0283155414d9117844	0	0	17	0	0	0	0	0	0	0	0	0	0	0
d75b47f7f4a0fad67c324f0748828378	0	0	17	0	0	0	0	0	0	0	0	0	0	0
74a3370453028313ffa747618a65666a	0	0	17	0	0	0	0	0	0	0	0	0	0	0
f4d21b0ab7cc76e625dd18a68d88bf77	0	0	17	0	0	0	0	0	0	0	0	0	0	0
4469c4121739519b167aee48c56b5d7a	0	0	17	0	0	0	0	0	0	0	0	0	0	0
ee9ed69f6e9a86ca0e512c52cd45c6d4	0	0	17	0	0	0	0	0	0	0	0	0	0	0
8f613f7e33684aa78c08d0f23dd92565	0	0	17	0	0	0	0	0	0	0	0	0	0	0
58efd0eb962746733d562097a13f6402	0	0	17	0	0	0	0	0	0	0	0	0	0	0
bac83cb98563626efedd3d309cdc7c66	0	0	17	0	0	0	0	0	0	0	0	0	0	0
0287801a826c283cc8f901719922217a	0	0	17	0	0	0	0	0	0	0	0	0	0	0
6367608c6ddaa988e652f9fd5267bb3b	0	0	17	0	0	0	0	0	0	0	0	0	0	0
37b2c0466acef0447a630628f16ef5d5	0	0	17	0	0	0	0	0	0	0	0	0	0	0
0b18c6f589936d499dcc99418c242578	0	0	17	0	0	0	0	0	0	0	0	0	0	0
5ab68f061b5ca268744ee3d261d94d03	0	0	17	0	0	0	0	0	0	0	0	0	0	0
8a8450dd14d7e631fc67ef49e72e9dde	0	0	17	0	0	0	0	0	0	0	0	0	0	0
2b862b894ee412a672f9b8ca7cc8f55e	0	0	17	0	0	0	0	0	0	0	0	0	0	0
442adeeb7d904b566b3f40b23fefc101	0	0	17	0	0	0	0	0	0	0	0	0	0	0
5d69919fa538540345fe594b15030ba4	0	0	17	0	0	0	0	0	0	0	0	0	0	0
d9166ca530654ab8e540ec0782745d57	0	0	17	0	0	0	0	0	0	0	0	0	0	0
f81325ca16cef18a41f9350f51a43f1a	0	0	17	0	0	0	0	0	0	0	0	0	0	0
0523007026075bb637d805bee35dcf61	0	0	17	0	0	0	0	0	0	0	0	0	0	0
22b53f18c061d4cf902c461fcf4a9c98	0	0	17	0	0	0	0	0	0	0	0	0	0	0
77d8b5e1d3c2faf4220f81564a024b68	0	0	17	0	0	0	0	0	0	0	0	0	0	0
9de7b3e65adad0c542a51f028c2dfdec	0	0	17	0	0	0	0	0	0	0	0	0	0	0
5093f5c0a8de736058ccbe2846916fa2	0	0	17	0	0	0	0	0	0	0	0	0	0	0
587861456ed7eb6d6ca6fb789d018c4c	0	0	17	0	0	0	0	0	0	0	0	0	0	0
bd71cafcdccea167506f1ed942f62024	0	0	17	0	0	0	0	0	0	0	0	0	0	0
756a27cf1a12f32114f03a78426d8cab	0	0	17	0	0	0	0	0	0	0	0	0	0	0
dc06ec0db265503fea585a112cdee2cf	0	0	17	0	0	0	0	0	0	0	0	0	0	0
8280f4ce8e8cf519928459ad5f6551ed	0	0	17	0	0	0	0	0	0	0	0	0	0	0
0d1635ce73154f3e2e336439e20fb105	0	0	12	0	0	5	0	0	0	0	0	0	0	0
a1c67a836f4b64804bc4fdd6c1f2aa50	0	0	10	0	0	0	7	0	0	0	0	0	0	0
b92a5a5c24f4ee8c6f4e9f379d8f936e	0	0	10	0	0	0	7	0	0	0	0	0	0	0
b1a7bc45219096acfdd533d50bc73843	0	0	5	0	0	7	5	0	0	0	0	0	0	0
f80785806d6dc7ec2e7fd5cd40bedf25	0	0	4	0	0	13	0	0	0	0	0	0	0	0
e31c45543a358e28538468a121f3ed3d	0	0	0	17	0	0	0	0	0	0	0	0	0	0
c9b1e2a0859c925acc84833a91793f0a	0	0	0	17	0	0	0	0	0	0	0	0	0	0
20e54ecb981676c9e233f17deccc407c	0	0	0	17	0	0	0	0	0	0	0	0	0	0
c0d669a9edee82eb08a1b7772ddfdd24	0	0	0	17	0	0	0	0	0	0	0	0	0	0
f130b882d320d64049dcebe82be27184	0	0	0	0	17	0	0	0	0	0	0	0	0	0
0949e906c3563f15d605d88f05f61706	0	0	0	0	17	0	0	0	0	0	0	0	0	0
d47dd354fd834c04fa252aea0552e9b2	0	0	0	0	17	0	0	0	0	0	0	0	0	0
ebfe9db7e740a089194f81866214e744	0	0	0	0	17	0	0	0	0	0	0	0	0	0
0be0513e85233290d9a05b01993c3bb5	0	0	0	0	0	17	0	0	0	0	0	0	0	0
9f5a79e605f62318e07fc9b7a6a39874	0	0	0	0	0	17	0	0	0	0	0	0	0	0
e9a39b048c074acc567953d558eeb198	0	0	0	0	0	17	0	0	0	0	0	0	0	0
73b6ae74a3b6a3b71e500a94e41b35f3	0	0	0	0	0	17	0	0	0	0	0	0	0	0
46b8f707c6785f234750bab32eb35610	0	0	0	0	0	17	0	0	0	0	0	0	0	0
027bff163ad287ff6a2d2f0efdc5177d	0	0	0	0	0	17	0	0	0	0	0	0	0	0
57481aa13534853d759f612e12ce896d	0	0	0	0	0	17	0	0	0	0	0	0	0	0
678f592c21efc5ec44170567e9658633	0	0	0	0	0	17	0	0	0	0	0	0	0	0
3887419e819e15aad6db075246eba1b7	0	0	0	0	0	17	0	0	0	0	0	0	0	0
97114b8b4890afe6a54eac976a2a889b	0	0	0	0	0	17	0	0	0	0	0	0	0	0
e46bb3ecbe168f54410f12a697590a12	0	0	0	0	0	17	0	0	0	0	0	0	0	0
2bc999ad914d041919805597440796e7	0	0	0	0	0	17	0	0	0	0	0	0	0	0
a692c42899c9ae91e7172b8714920cad	0	0	0	0	0	17	0	0	0	0	0	0	0	0
9e6ee9616c1352e17ba82329c5fe7381	0	0	0	0	0	17	0	0	0	0	0	0	0	0
475b6c3d7cf5ca734285b24707d4c6c8	0	0	0	0	0	17	0	0	0	0	0	0	0	0
ed25063195b46e60565c87bcd0ba1037	0	0	0	0	0	17	0	0	0	0	0	0	0	0
3db565e94c5ff07d8404791b30a7fd29	0	0	0	0	0	17	0	0	0	0	0	0	0	0
6b03e2709a244f550c6ccdc492127ed8	0	0	0	0	0	11	6	0	0	0	0	0	0	0
8b957afb67f7172c3fb1e570756deb75	0	0	0	0	0	0	17	0	0	0	0	0	0	0
1566b615e002dea09798d8c5e6f8397a	0	0	0	0	0	0	17	0	0	0	0	0	0	0
0c6348570c6a6ef9c81e94a97a5d0271	0	0	0	0	0	0	17	0	0	0	0	0	0	0
3d1af4c7224c40f9f7734cc65bbab14a	0	0	0	0	0	0	17	0	0	0	0	0	0	0
3d8d79d97c06a5d88dc2e77b00ffad26	0	0	0	0	0	0	17	0	0	0	0	0	0	0
4c6a7f88d96ebe79e1326a650d37ceb9	0	0	0	0	0	0	17	0	0	0	0	0	0	0
582291c717bc7ae39471e0352c56ad6b	0	0	0	0	0	0	17	0	0	0	0	0	0	0
9f6cc8a1c68dc47af5c45ed1eaa6819f	0	0	0	0	0	0	17	0	0	0	0	0	0	0
34bc94365d35ee0fa3ba3f2c9b98c740	0	0	0	0	0	0	17	0	0	0	0	0	0	0
bed061a5866cd58333eee5a531f096a6	0	0	0	0	0	0	17	0	0	0	0	0	0	0
a9eff0c53081afb5f9d2cd17e6e33042	0	0	0	0	0	0	17	0	0	0	0	0	0	0
e567f097494db4b82c576fb3f3433437	0	0	0	0	0	0	17	0	0	0	0	0	0	0
fae63949ba6e644f5419dfa0f98b631a	0	0	0	0	0	0	17	0	0	0	0	0	0	0
95e1d240bc028d6e299328473a853b3e	0	0	0	0	0	0	17	0	0	0	0	0	0	0
8953314b2fe81f1c2952fc727bb5b2cd	0	0	0	0	0	0	17	0	0	0	0	0	0	0
7a9bd98f82ffcc17c87c2c183c02d1ed	0	0	0	0	0	0	17	0	0	0	0	0	0	0
d28497ae2dd428f02a3aa489490af7ba	0	0	0	0	0	0	17	0	0	0	0	0	0	0
a6c1fb4d07b566c4daff1d6174dedb4d	0	0	0	0	0	0	17	0	0	0	0	0	0	0
c2d15e4e225b96bcba78cad1108a042b	0	0	0	0	0	0	17	0	0	0	0	0	0	0
724ab2844047c7970c8979d074a25314	0	0	0	0	0	0	17	0	0	0	0	0	0	0
ab61839a047eaeabcea040ae562aee7a	0	0	0	0	0	0	17	0	0	0	0	0	0	0
5bc335345bf1efd28fcc798330bf2893	0	0	0	0	0	0	17	0	0	0	0	0	0	0
abfa3b4c69771e24b5a65e6fe51ec5ab	0	0	0	0	0	0	17	0	0	0	0	0	0	0
9a4228bccb5d024a04938064a1303bf3	0	0	0	0	0	0	17	0	0	0	0	0	0	0
26bda87eb84556734ec11468d5c0986e	0	0	0	0	0	0	17	0	0	0	0	0	0	0
6f7767e9e70cfa6d43b70529c0eb1b0d	0	0	0	0	0	0	17	0	0	0	0	0	0	0
ae2b72532bfbe6ba8d6bed8a9444faf6	0	0	0	0	0	0	17	0	0	0	0	0	0	0
e76dc4f29acd5fdba410bedf8ad3c5fe	0	0	0	0	0	0	17	0	0	0	0	0	0	0
123418abfb36543f388c3e843f9ea8ae	0	0	0	0	0	0	0	17	0	0	0	0	0	0
2e58bb0a42c411fb350c992651b698fb	0	0	0	0	0	0	0	17	0	0	0	0	0	0
f223fb66129caea4b647d9fa912c34ed	0	0	0	0	0	0	0	17	0	0	0	0	0	0
454f86fc135c27e5e482fc6681d6552b	0	0	0	0	0	0	0	17	0	0	0	0	0	0
b4a14a1b231be151ca3a44ddbd8f9d8f	0	0	0	0	0	0	0	17	0	0	0	0	0	0
bbb5439a885982827ec6d248167a6701	0	0	0	0	0	0	0	17	0	0	0	0	0	0
882042cb5cbae1dae402f4b9e5b66da4	0	0	0	0	0	0	0	17	0	0	0	0	0	0
4b94e263affb328bf59a570fe0483960	0	0	0	0	0	0	0	17	0	0	0	0	0	0
2f1810ecd247f95316767a005ca04614	0	0	0	0	0	0	0	17	0	0	0	0	0	0
3b75ae855d2d62d8aa626de382ecd42a	0	0	0	0	0	0	0	17	0	0	0	0	0	0
59a46e4bc8a6cdb8bc3a11140769c51b	0	0	0	0	0	0	0	17	0	0	0	0	0	0
a058ffa1f763dd060798f59f3606bc3f	0	0	0	0	0	0	0	17	0	0	0	0	0	0
1056e9552b3c5276eeea23b896ff4346	0	0	0	0	0	0	0	17	0	0	0	0	0	0
cd99b83a4b7c733d6c2252b2c8a3e174	0	0	0	0	0	0	0	17	0	0	0	0	0	0
f0875feafcdcfaf2c71f71779aa9077e	0	0	0	0	0	0	0	17	0	0	0	0	0	0
b49f4e082a5b020ec76daea3e7b32ac6	0	0	0	0	0	0	0	17	0	0	0	0	0	0
12a38e6fcb7427bd10c6c9a66e1273b3	0	0	0	0	0	0	0	17	0	0	0	0	0	0
64a44c8650bd5cc2825a4d21369bd2e8	0	0	0	0	0	0	0	17	0	0	0	0	0	0
a2812985e871498ca5d6789a9077ad2b	0	0	0	0	0	0	0	17	0	0	0	0	0	0
712cc348e0438bd2bd5dc88cb5245930	0	0	0	0	0	0	0	17	0	0	0	0	0	0
4b96efce5ab314332fff032c2c725766	0	0	0	0	0	0	0	17	0	0	0	0	0	0
e52dbab2437626077fdca07cc0469b9f	0	0	0	0	0	0	0	17	0	0	0	0	0	0
4a4c5075ad6014318f04bd19fe42fb30	0	0	0	0	0	0	0	17	0	0	0	0	0	0
6ad2b4f431cb9b443a545ebc73681481	0	0	0	0	0	0	0	17	0	0	0	0	0	0
499799ae4eef2a91e38b879a4634aabc	0	0	0	0	0	0	0	17	0	0	0	0	0	0
587482008143403e36c96d283c03f8e9	0	0	0	0	0	0	0	17	0	0	0	0	0	0
4c4144397fe9c94b604f232c320b211e	0	0	0	0	0	0	0	17	0	0	0	0	0	0
ce59ad886d0fd4d8419412912f0a036b	0	0	0	0	0	0	0	17	0	0	0	0	0	0
28a5aff4c09024acf5153a232637a486	0	0	0	0	0	0	0	17	0	0	0	0	0	0
0994ea9b9081b106c637f4e88efb6bdc	0	0	0	0	0	0	0	17	0	0	0	0	0	0
162fb0da7bb9f1eb88648e9722ef569a	0	0	0	0	0	0	0	17	0	0	0	0	0	0
58ec7e760cc18603cc1b64c4af814112	0	0	0	0	0	0	0	17	0	0	0	0	0	0
5d51dafb601033abce42281c95664211	0	0	0	0	0	0	0	0	17	0	0	0	0	0
68103688e55cf81d7b9486def42acd81	0	0	0	0	0	0	0	0	0	17	0	0	0	0
b1c95f5bc7bd6adabef672f3e3137498	0	0	0	0	0	0	0	0	0	17	0	0	0	0
616fbf3fd6e2f0de92a7a3a2fc5b7f1b	0	0	0	0	0	0	0	0	0	0	17	0	0	0
ebabaa5a355aa66dd5ed67f10a1463df	0	0	0	0	0	0	0	0	0	0	17	0	0	0
430c4cd55c89a8d8d62333fbc5fbd32a	0	0	0	0	0	0	0	0	0	0	17	0	0	0
641b9347c53e42826966e189ff5ba0c1	0	0	0	0	0	0	0	0	0	0	0	17	0	0
cfcf1ae7714f8b5d0afff709bb41ad43	0	0	0	0	0	0	0	0	0	0	0	0	0	17
e526b49a67c4693e1957fd2da229f8d1	0	0	0	0	0	0	0	0	0	0	0	0	0	17
47fb32458ccfc2b105c6493f4aa9e9e6	0	16	0	0	0	0	0	0	0	0	0	0	0	0
bcb7c23ed412aa22727101911f1e3399	0	16	0	0	0	0	0	0	0	0	0	0	0	0
ced4da8b628d2b91f2ad1b8617e66ffd	0	16	0	0	0	0	0	0	0	0	0	0	0	0
5d0379dc2f0c4e139690ff02b05b4016	0	16	0	0	0	0	0	0	0	0	0	0	0	0
e9f8b2b600e1e303ef432f0ea6af026f	0	16	0	0	0	0	0	0	0	0	0	0	0	0
7cffb63fe23df296d79aeaae83d93a6b	0	16	0	0	0	0	0	0	0	0	0	0	0	0
8f55229490afd343bb9aa2f5741a63f2	0	16	0	0	0	0	0	0	0	0	0	0	0	0
88aae13e3411f9d06589b6ee93e2682e	0	16	0	0	0	0	0	0	0	0	0	0	0	0
46cfcf104c4eea6472f8bced6ea4149a	0	16	0	0	0	0	0	0	0	0	0	0	0	0
2819c34f76dce4eed3d8b233545938d6	0	16	0	0	0	0	0	0	0	0	0	0	0	0
bee39f0fa4bec4a67535247aaffbf599	0	16	0	0	0	0	0	0	0	0	0	0	0	0
5847e2e1b89413cdf1bde52143b8aefd	0	16	0	0	0	0	0	0	0	0	0	0	0	0
d17d9030514237dc76bad0321fe08297	0	16	0	0	0	0	0	0	0	0	0	0	0	0
cfd88747a196e591f71c52b51da780c6	0	16	0	0	0	0	0	0	0	0	0	0	0	0
e1c183cc874036e78bf697f01eb14833	0	16	0	0	0	0	0	0	0	0	0	0	0	0
5abf746ac9ba9a88520871402cb5b617	0	16	0	0	0	0	0	0	0	0	0	0	0	0
24996217a0f5f11df6be075caf338da2	0	16	0	0	0	0	0	0	0	0	0	0	0	0
9b9c3c06d89c8ddc2b4d399004cf7933	0	16	0	0	0	0	0	0	0	0	0	0	0	0
f735a1b7b22a116f1bcaddd9299068ab	0	16	0	0	0	0	0	0	0	0	0	0	0	0
4581ad9b926200afb5b1610e0d66a40d	0	16	0	0	0	0	0	0	0	0	0	0	0	0
538c5254931d430528c6160b2983c834	0	16	0	0	0	0	0	0	0	0	0	0	0	0
e0fdf3548759a3382a253911982cf9e6	0	16	0	0	0	0	0	0	0	0	0	0	0	0
ec4a1ecd64df54007bedd3d264418695	0	16	0	0	0	0	0	0	0	0	0	0	0	0
455f59db7087afbced462cddb2bd38d8	0	16	0	0	0	0	0	0	0	0	0	0	0	0
24f9f5c48b5d2afaf61bba63c05da528	0	16	0	0	0	0	0	0	0	0	0	0	0	0
fbd0af9322456cd3c8fea361490ac031	0	16	0	0	0	0	0	0	0	0	0	0	0	0
09ae18e65518b6b9fd4f269cb8b47848	0	16	0	0	0	0	0	0	0	0	0	0	0	0
8c8272bbe83af80a5027dbde15c723c5	0	16	0	0	0	0	0	0	0	0	0	0	0	0
70705c0e91590c24ed9c2f94b9fc3ab0	0	16	0	0	0	0	0	0	0	0	0	0	0	0
b2499806756eeba2e620b2af7fd87570	0	16	0	0	0	0	0	0	0	0	0	0	0	0
3f2bda2ee6a7c748670cdbec4b281009	0	16	0	0	0	0	0	0	0	0	0	0	0	0
190ce3251959c8bdc07f39203310c53d	0	16	0	0	0	0	0	0	0	0	0	0	0	0
c9250aec20fea10b6524b4f1e216e088	0	16	0	0	0	0	0	0	0	0	0	0	0	0
f3c11f3c7289bc95a1314c83f0420afa	0	16	0	0	0	0	0	0	0	0	0	0	0	0
fba33655beec2d606b5edf1a3c7b644e	0	16	0	0	0	0	0	0	0	0	0	0	0	0
dc06c0d9186246a3f10ff4bf058af283	0	16	0	0	0	0	0	0	0	0	0	0	0	0
4e3f2f4c214cd02c55b7da83cef7adf3	0	16	0	0	0	0	0	0	0	0	0	0	0	0
79f3ec798e95e3eff7aa07206def92ec	0	16	0	0	0	0	0	0	0	0	0	0	0	0
18e0d482c1c67e7dea6745b98b0b34c3	0	16	0	0	0	0	0	0	0	0	0	0	0	0
f9e5175fc7a6082c412234332741905d	0	16	0	0	0	0	0	0	0	0	0	0	0	0
5749d9d846dfd2df08f6679e76581228	0	16	0	0	0	0	0	0	0	0	0	0	0	0
72ceaf4302b47815cbca54c78f329c52	0	16	0	0	0	0	0	0	0	0	0	0	0	0
764ae0b395f6be5998b70bbf5dcc405d	0	16	0	0	0	0	0	0	0	0	0	0	0	0
fd9d51b245cd4a806f2fbdc478257fd4	0	16	0	0	0	0	0	0	0	0	0	0	0	0
9e28d5e6a021d10d006c80a0e56cfc9a	0	16	0	0	0	0	0	0	0	0	0	0	0	0
75d3eabc2f6171cbd02d2a3de1dbd02d	0	16	0	0	0	0	0	0	0	0	0	0	0	0
6c3fed3627d579af9d9ae82df8dd6328	0	16	0	0	0	0	0	0	0	0	0	0	0	0
020699f4ae3ad0a5923126773c63a4f3	0	16	0	0	0	0	0	0	0	0	0	0	0	0
29f007c4267dda4be12c0be7e44fc9f7	0	16	0	0	0	0	0	0	0	0	0	0	0	0
19ff826bb33e4397c8aeb1a0ea697eeb	0	16	0	0	0	0	0	0	0	0	0	0	0	0
f7b4a88f0d2cd2753c6845bd515d517c	0	16	0	0	0	0	0	0	0	0	0	0	0	0
579c75c0320fc31b29f9398056ccaaab	0	11	5	0	0	0	0	0	0	0	0	0	0	0
c4eb2fcc7317a2aefdde9ed8cde52d3b	0	10	6	0	0	0	0	0	0	0	0	0	0	0
cfb065134395609388c096f8401dd4f3	0	0	16	0	0	0	0	0	0	0	0	0	0	0
37526f1e168c0133e424e13626b57d66	0	0	16	0	0	0	0	0	0	0	0	0	0	0
2e28666daec9b520562e06667040d2db	0	0	16	0	0	0	0	0	0	0	0	0	0	0
d2a2e0a6649dbfa572c91162c608899b	0	0	16	0	0	0	0	0	0	0	0	0	0	0
27b64e9a16d1a362836af220609899d2	0	0	16	0	0	0	0	0	0	0	0	0	0	0
a5b20769204677f972daa44216a13f0a	0	0	16	0	0	0	0	0	0	0	0	0	0	0
f733f0c0fed5ec43d9ccdde9bf4934da	0	0	16	0	0	0	0	0	0	0	0	0	0	0
12cdf1e59ebc02308259fae052e8a250	0	0	16	0	0	0	0	0	0	0	0	0	0	0
9f25b8b3fb55d4db3f282301e9b757e0	0	0	16	0	0	0	0	0	0	0	0	0	0	0
7a95582bce17ab232696014c6db2d645	0	0	16	0	0	0	0	0	0	0	0	0	0	0
8a37101088e9c715f9e97b1992d04087	0	0	16	0	0	0	0	0	0	0	0	0	0	0
50f8e06c35549238dc7debd88b7d341e	0	0	16	0	0	0	0	0	0	0	0	0	0	0
c36cbd2549ddd814ed1da66453fa9f05	0	0	16	0	0	0	0	0	0	0	0	0	0	0
9f52445617b2ccf77369928661adcbf2	0	0	16	0	0	0	0	0	0	0	0	0	0	0
6931604b26397319fd24687c44f96883	0	0	16	0	0	0	0	0	0	0	0	0	0	0
3ca12790041abca86be1ff37afbda14b	0	0	16	0	0	0	0	0	0	0	0	0	0	0
d4a87b89105892055e8e1fa9d00a41ac	0	0	16	0	0	0	0	0	0	0	0	0	0	0
3c116c7e846be95c3767ff7aff5f4bbc	0	0	16	0	0	0	0	0	0	0	0	0	0	0
127d1447fe3798be98aad3c2164b4d2c	0	0	16	0	0	0	0	0	0	0	0	0	0	0
619bc5d74375fbe8d6fd1237bc237f70	0	0	16	0	0	0	0	0	0	0	0	0	0	0
2d64c0362432f69e208d9e7ce0255c48	0	0	16	0	0	0	0	0	0	0	0	0	0	0
0d4063cb9ec49e52ad2f05b0396571ee	0	0	16	0	0	0	0	0	0	0	0	0	0	0
6f07858a08d5de9a2caccb332d5a7d1d	0	0	16	0	0	0	0	0	0	0	0	0	0	0
fdc932c47706edd8e92b092bb54c2156	0	0	16	0	0	0	0	0	0	0	0	0	0	0
82546edbc969d8a7eb70864c9b10519a	0	0	16	0	0	0	0	0	0	0	0	0	0	0
3f4662badef2113446495d9c9ad1d4de	0	0	16	0	0	0	0	0	0	0	0	0	0	0
f55b63621c8a8104e7ac669c6c426b4b	0	0	16	0	0	0	0	0	0	0	0	0	0	0
1626a9b3287fc978e247b4085e128755	0	0	16	0	0	0	0	0	0	0	0	0	0	0
7105d27b2c1e3b5ec3fb04795e34b050	0	0	16	0	0	0	0	0	0	0	0	0	0	0
425f001bc358e8a902c6880ad9a6a45e	0	0	16	0	0	0	0	0	0	0	0	0	0	0
56dfa6ce0a64eac4ff3ee128adbfdf35	0	0	16	0	0	0	0	0	0	0	0	0	0	0
df8182d8c7ebf9a220e875728a886b21	0	0	16	0	0	0	0	0	0	0	0	0	0	0
9d02b0cfa094ea7aeb59bd80a96e70d5	0	0	16	0	0	0	0	0	0	0	0	0	0	0
72570d90998e23b20722b0cc80ab436a	0	0	16	0	0	0	0	0	0	0	0	0	0	0
74f41840dadc6c35937ee90c52bfccc2	0	0	16	0	0	0	0	0	0	0	0	0	0	0
41472bcd533fb9b8faa5c8f49eebc522	0	0	16	0	0	0	0	0	0	0	0	0	0	0
e3125d46594f3f1f49282411d357428c	0	0	14	0	0	2	0	0	0	0	0	0	0	0
71c7d977c0f27245f8cfaac4ee2f963b	0	0	13	0	0	3	0	0	0	0	0	0	0	0
55017e3432cc61f97daac07afb451f5a	0	0	13	0	0	3	0	0	0	0	0	0	0	0
733869efbf072adf78ac00ff3bf01372	0	0	10	0	0	0	6	0	0	0	0	0	0	0
a86536934a5b7449429e90a91be65c10	0	0	10	0	0	6	0	0	0	0	0	0	0	0
0510bbcf2edb98432785732d54665b7a	0	0	9	0	0	0	7	0	0	0	0	0	0	0
38bb6d241661543ffbcfc604a82580d6	0	0	3	0	0	6	7	0	0	0	0	0	0	0
45871ad1db94ea27cb298bf13f5a7f72	0	0	0	16	0	0	0	0	0	0	0	0	0	0
e5e7bba968858caae41d43296738135c	0	0	0	16	0	0	0	0	0	0	0	0	0	0
9adefe56cadcb044455ae9810c355d52	0	0	0	16	0	0	0	0	0	0	0	0	0	0
9edca33d9734bba3e32e0a9ed8325713	0	0	0	16	0	0	0	0	0	0	0	0	0	0
076bc898df1587cc3b9c30811ea2c234	0	0	0	16	0	0	0	0	0	0	0	0	0	0
5cfddef6302826f6bc5513a3b5e245ec	0	0	0	0	16	0	0	0	0	0	0	0	0	0
d9c7536e950eeb6bd3cb1a36013a2b02	0	0	0	0	16	0	0	0	0	0	0	0	0	0
faf5a15701100b774bb695327995a68e	0	0	0	0	16	0	0	0	0	0	0	0	0	0
f2cc49dc82dc456a4b57da8afbaddbf6	0	0	0	0	16	0	0	0	0	0	0	0	0	0
e4992d18cd5e06dc5c78311e0e521718	0	0	0	0	0	16	0	0	0	0	0	0	0	0
1f2b34249b65fd9196ca0cddb834f33f	0	0	0	0	0	16	0	0	0	0	0	0	0	0
0e596dce3e6639fa6c4af037d9da6ebd	0	0	0	0	0	16	0	0	0	0	0	0	0	0
7835db00e9bf9fa2e72f0f5292fa9204	0	0	0	0	0	16	0	0	0	0	0	0	0	0
59497263e581db3ed99f2701cec5e959	0	0	0	0	0	16	0	0	0	0	0	0	0	0
8394099057983a9af35b9a600ca6d864	0	0	0	0	0	16	0	0	0	0	0	0	0	0
fd80ef36dce04c47c37add64a7da3254	0	0	0	0	0	16	0	0	0	0	0	0	0	0
4d60b2718ebe535b90c2620ed58cad48	0	0	0	0	0	16	0	0	0	0	0	0	0	0
dd8f6fd35fb5056d9f6fe82c5d778ad0	0	0	0	0	0	16	0	0	0	0	0	0	0	0
132e83dadb8ad9b0638cbe355370a9c0	0	0	0	0	0	16	0	0	0	0	0	0	0	0
0848fc832d18683038fa7371b2127359	0	0	0	0	0	16	0	0	0	0	0	0	0	0
7b3e0ea384b867ef67b6b49b545ffd15	0	0	0	0	0	16	0	0	0	0	0	0	0	0
1027881cd22ff0bf8ddb172d1c4bb5c1	0	0	0	0	0	16	0	0	0	0	0	0	0	0
fedc797c614542eccbff7a2904909dba	0	0	0	0	0	16	0	0	0	0	0	0	0	0
049bcba726787cb3cb641a51a7b230d9	0	0	0	0	0	16	0	0	0	0	0	0	0	0
e63f5bae39fcefd9be47f35b53fab92e	0	0	0	0	0	0	16	0	0	0	0	0	0	0
f48d3dc3472c021290b661fecddaab38	0	0	0	0	0	0	16	0	0	0	0	0	0	0
816a7602514cee2a5aec45b637985d09	0	0	0	0	0	0	16	0	0	0	0	0	0	0
c965ea4379e96de0652f8729b6ff1c39	0	0	0	0	0	0	16	0	0	0	0	0	0	0
8549cdf97c4993e5be10d61e280f2baa	0	0	0	0	0	0	16	0	0	0	0	0	0	0
476a7098be0ce25284915aebc031f731	0	0	0	0	0	0	16	0	0	0	0	0	0	0
41ca1e4004111ed88531115598225479	0	0	0	0	0	0	16	0	0	0	0	0	0	0
dd992629a7fbd568f64f1759f54c74f2	0	0	0	0	0	0	16	0	0	0	0	0	0	0
9d80cd2c7a813f4b307dfb7642f0e141	0	0	0	0	0	0	16	0	0	0	0	0	0	0
27e7cb2968fa4b33b26b43811e01a05f	0	0	0	0	0	0	16	0	0	0	0	0	0	0
6ac5a761557b279752c59fbe8f52e0bd	0	0	0	0	0	0	16	0	0	0	0	0	0	0
9b02d1f7e6d9c0f234167c86e9dea0be	0	0	0	0	0	0	16	0	0	0	0	0	0	0
829c3b4ed43e967910b2b5839a233274	0	0	0	0	0	0	16	0	0	0	0	0	0	0
59138414201699439ed0dd2b50dbf6e5	0	0	0	0	0	0	16	0	0	0	0	0	0	0
4f7ae43519f10173fb611e3bf0bbb2bf	0	0	0	0	0	0	16	0	0	0	0	0	0	0
0ad45972bb9d50ba1779facead235fc8	0	0	0	0	0	0	0	16	0	0	0	0	0	0
e4c5f7c7e4d0558f68fe2c69bb28e250	0	0	0	0	0	0	0	16	0	0	0	0	0	0
2db31765609026e4a129dda7bcfe7ba6	0	0	0	0	0	0	0	16	0	0	0	0	0	0
bda49f5035fe2ebea0dd6d0e6bc8875c	0	0	0	0	0	0	0	16	0	0	0	0	0	0
09ddd5581b0cfd7bae64b0aeaaef50a7	0	0	0	0	0	0	0	16	0	0	0	0	0	0
979c6a602ae67ad8f6d52ff1e3abef9d	0	0	0	0	0	0	0	16	0	0	0	0	0	0
6bbd6c2f47110f013ee8f404a263daaf	0	0	0	0	0	0	0	16	0	0	0	0	0	0
ddf79f8c1bd829487a4a2894d0447b25	0	0	0	0	0	0	0	16	0	0	0	0	0	0
cffd07c789e1210c060c5aa2b9b4d048	0	0	0	0	0	0	0	16	0	0	0	0	0	0
d3534d5fd2be06650f8f104b35e09352	0	0	0	0	0	0	0	16	0	0	0	0	0	0
4af9cbd795a8588468bfd87fbb010b51	0	0	0	0	0	0	0	16	0	0	0	0	0	0
65a9c72f38f11659ea76369a4b1a04de	0	0	0	0	0	0	0	16	0	0	0	0	0	0
0aa0d9a223ca93cd60ef6d4945040633	0	0	0	0	0	0	0	16	0	0	0	0	0	0
3ed423ecf1bcd3f831f1c0350ffe8a72	0	0	0	0	0	0	0	16	0	0	0	0	0	0
9765ffc116d40fc48527aff29920ee77	0	0	0	0	0	0	0	16	0	0	0	0	0	0
389b5ad13211ba9b06224a1e9329c499	0	0	0	0	0	0	0	16	0	0	0	0	0	0
c8ac703963182a1042e99af7954c9276	0	0	0	0	0	0	0	16	0	0	0	0	0	0
2d331ddb0fa3c9b7e43b561963308f92	0	0	0	0	0	0	0	16	0	0	0	0	0	0
8b2eacd6681a2c9f29b693647db50514	0	0	0	0	0	0	0	16	0	0	0	0	0	0
add13b792c8caf1d49bfe3623cea6de1	0	0	0	0	0	0	0	16	0	0	0	0	0	0
3b39cd93ba3282054326ffb4885d5e87	0	0	0	0	0	0	0	16	0	0	0	0	0	0
c2f3989de6794ff297eb242cd27073f2	0	0	0	0	0	0	0	16	0	0	0	0	0	0
4acdb85180666efdae08158d78429ff0	0	0	0	0	0	0	0	16	0	0	0	0	0	0
71478d9c4fb98fb84fb909cb5144ce12	0	0	0	0	0	0	0	16	0	0	0	0	0	0
0ca011ca59413796c48ad66dfee62d66	0	0	0	0	0	0	0	16	0	0	0	0	0	0
63dba95de3329c1634494f4dedc85427	0	0	0	0	0	0	0	16	0	0	0	0	0	0
8ec8e2bb57cb838f239a352ce168f84d	0	0	0	0	0	0	0	16	0	0	0	0	0	0
01ad744cfc4478fe34aa2302764c95fe	0	0	0	0	0	0	0	16	0	0	0	0	0	0
e8e350f50f7e1475d2160a91e070d21b	0	0	0	0	0	0	0	16	0	0	0	0	0	0
f643266272268d9a17d1a5962428aaef	0	0	0	0	0	0	0	16	0	0	0	0	0	0
0e1bc0e3373e41b055684eec9398027a	0	0	0	0	0	0	0	16	0	0	0	0	0	0
514c4ceceb212e28f33e9c7b7f2ebdf0	0	0	0	0	0	0	0	16	0	0	0	0	0	0
8cf164280d4ca83679bf73c8d18e1c69	0	0	0	0	0	0	0	16	0	0	0	0	0	0
e108be2187b80ee139f63bbd1943b3e5	0	0	0	0	0	0	0	16	0	0	0	0	0	0
e5835358bc4179398e68b437b24b03f9	0	0	0	0	0	0	0	16	0	0	0	0	0	0
6b5648cff4ef6835c78fbdf9bf18c2b9	0	0	0	0	0	0	0	16	0	0	0	0	0	0
5dd4a93377e989ceca1db721777feb2e	0	0	0	0	0	0	0	16	0	0	0	0	0	0
2d31c02e6ed10b1f36cb98bbd6ee936d	0	0	0	0	0	0	0	16	0	0	0	0	0	0
4bbefe6f0230af857ad868f2e342e5de	0	0	0	0	0	0	0	16	0	0	0	0	0	0
9e3cf91ffd3ffd3014d101416c97c827	0	0	0	0	0	0	0	16	0	0	0	0	0	0
595ba8a3d79830c6a3a8c8490b97bb80	0	0	0	0	0	0	0	16	0	0	0	0	0	0
8c94b85f72614b853c9b17a462dbfa91	0	0	0	0	0	0	0	16	0	0	0	0	0	0
4e5ff35b0d185e4af5731d295f96e3cc	0	0	0	0	0	0	0	16	0	0	0	0	0	0
77bfc38cd5576800390619a6898df1b8	0	0	0	0	0	0	0	16	0	0	0	0	0	0
8c01bee2008e7a4ea19ebb2fc2b2fbde	0	0	0	0	0	0	0	16	0	0	0	0	0	0
191c7158145254f1b752bd3e1b016f1e	0	0	0	0	0	0	0	16	0	0	0	0	0	0
fec873035ae25b620f96655035b827b3	0	0	0	0	0	0	0	16	0	0	0	0	0	0
1d297ecc2ae2041fcbf2a7446b34b03c	0	0	0	0	0	0	0	16	0	0	0	0	0	0
f89fa1c7e4d8175ca3d824ca2e2c56e0	0	0	0	0	0	0	0	16	0	0	0	0	0	0
33e94920b7a8cd12188451e1aa2d90df	0	0	0	0	0	0	0	16	0	0	0	0	0	0
f0c721d7c8275c99ee4c914b9ee1afa6	0	0	0	0	0	0	0	16	0	0	0	0	0	0
2bb7c9c46c7ea92313af26cb3e70946c	0	0	0	0	0	0	0	16	0	0	0	0	0	0
fe8493530e4acfa78a6a67b63a43aa6e	0	0	0	0	0	0	0	0	0	16	0	0	0	0
568967d95ce3ad09679cd51168944e2d	0	0	0	0	0	0	0	0	0	0	16	0	0	0
f956f8b60358be4c54f5ab22ba098ca7	0	0	0	0	0	0	0	0	0	0	16	0	0	0
661146bb0cb683166627a8398bb9fb8c	0	0	0	0	0	0	0	0	0	0	0	16	0	0
e4cdbbbb1f4038e059d5551c3c26fae2	0	0	0	0	0	0	0	0	0	0	0	16	0	0
0614f96128ff8c0c619b7d5fd6e8d1be	0	0	0	0	0	0	0	0	0	0	0	0	0	16
a7e5a44e036d206feb917110f78511e7	0	0	0	0	0	0	0	0	0	0	0	0	0	16
5d8d695fbccfb9d5391b697e2ad86bf1	0	0	0	0	0	0	0	0	0	0	0	0	0	16
fad9ef978c416a3ea358b120acf601b3	0	0	0	0	0	0	0	0	0	0	0	0	0	16
fd74e2b4227b86a4a6bea61a82e30341	0	0	0	0	0	0	0	0	0	0	0	0	0	16
e9300a0b6a73dc1fdd5c5cfaeab49eb5	0	0	0	0	0	0	0	0	0	0	0	0	0	16
b0dea5f5e88b2b4e35113f508a8531d5	0	0	0	0	0	0	0	0	0	0	0	0	0	16
01b3ea9ccd45b520fbe0234c4c0269fa	0	0	0	0	0	0	0	0	0	0	0	0	0	16
1b67a6e53f7974f09779f07ab6b9a20a	0	0	0	0	0	0	0	0	0	0	0	0	0	16
82eb1b56de39654a91f6040ba334718b	0	0	0	0	0	0	0	0	0	0	0	0	0	16
82fe682f8f9d221fff768c08eb423afd	0	0	0	0	0	0	0	0	0	0	0	0	0	16
872e43d10f051492642dfe7f6b29dac3	0	0	0	0	0	0	0	0	0	0	0	0	0	16
0c67c746ef0d48d75be457b845e44d5b	0	0	0	0	0	0	0	0	0	0	0	0	0	16
4e7ddbe3231538675177ca12607c9869	0	0	0	0	0	0	0	0	0	0	0	0	0	16
b63bf859d35e73a4b268003d728ef5ff	0	0	0	0	0	0	0	0	0	0	0	0	0	16
53c4cc17ae3d58d3cbee1f94c8989f44	0	15	0	0	0	0	0	0	0	0	0	0	0	0
56a79faf36c004015be563b4f1441990	0	15	0	0	0	0	0	0	0	0	0	0	0	0
ef7231585567d53714d720c9d9a4ca52	0	15	0	0	0	0	0	0	0	0	0	0	0	0
90f436a006c3835b7a0cbe98c35b0261	0	15	0	0	0	0	0	0	0	0	0	0	0	0
bc4d3f350d51102c7475d0d25e1fc0fa	0	15	0	0	0	0	0	0	0	0	0	0	0	0
88e8162039b88074da97d675b04cdf10	0	15	0	0	0	0	0	0	0	0	0	0	0	0
8ee7207b77d7e4886d27d0eaeb617917	0	15	0	0	0	0	0	0	0	0	0	0	0	0
068ddb57bbc6bf40644cbe3285f615ac	0	15	0	0	0	0	0	0	0	0	0	0	0	0
e915e67d089da972b01bde344b006ed4	0	15	0	0	0	0	0	0	0	0	0	0	0	0
b13ab684a69ddc1c14a3d7a7e69c3506	0	15	0	0	0	0	0	0	0	0	0	0	0	0
dfc15803a0a2d579c2588d55d61ed579	0	15	0	0	0	0	0	0	0	0	0	0	0	0
f9d69cf12c807f28a2a3ae8d96c1d023	0	15	0	0	0	0	0	0	0	0	0	0	0	0
bdd8cc833d7f6c8e1f05a717f33eacc6	0	15	0	0	0	0	0	0	0	0	0	0	0	0
6e9a7700a8de039f06f3f5087a7dae0f	0	15	0	0	0	0	0	0	0	0	0	0	0	0
cd2116c9c07a120669d54d3e3661f00b	0	15	0	0	0	0	0	0	0	0	0	0	0	0
2ead0878a1edff1944ae2527e40f965b	0	15	0	0	0	0	0	0	0	0	0	0	0	0
60aac9d417c6886ac1b79f1ac4bc6214	0	15	0	0	0	0	0	0	0	0	0	0	0	0
0f3058a6d07cb67cb62b0dbb7be2f5ca	0	15	0	0	0	0	0	0	0	0	0	0	0	0
db9776977583317229dfea87302fb978	0	15	0	0	0	0	0	0	0	0	0	0	0	0
d1ef0d3afe78d041385b8eef7418396a	0	15	0	0	0	0	0	0	0	0	0	0	0	0
7e9e75b727f9c403db3755831eea7f80	0	15	0	0	0	0	0	0	0	0	0	0	0	0
d39896d2a592a1542f775b33e9ab4735	0	15	0	0	0	0	0	0	0	0	0	0	0	0
e69e0e10fcd7c60ad028ea6db77e8a6d	0	15	0	0	0	0	0	0	0	0	0	0	0	0
261c34031403f423905fbc2508de67f5	0	15	0	0	0	0	0	0	0	0	0	0	0	0
daa4896610b809cecab3d86e083d5388	0	15	0	0	0	0	0	0	0	0	0	0	0	0
3c1401aa35e553b97b6172cc50535087	0	15	0	0	0	0	0	0	0	0	0	0	0	0
df738dd63a975c247da59d6c4b8e0064	0	15	0	0	0	0	0	0	0	0	0	0	0	0
ce2215377cddd58e3f2b1a5526ceae11	0	15	0	0	0	0	0	0	0	0	0	0	0	0
57aa127b2298a975ceb85ee75217fb86	0	15	0	0	0	0	0	0	0	0	0	0	0	0
496aa8376de7110d76b0926b3ccf2c53	0	15	0	0	0	0	0	0	0	0	0	0	0	0
2e9f480688332025be8315a6cda79dba	0	15	0	0	0	0	0	0	0	0	0	0	0	0
8e4d2fd817d0403589e63bb60faa8b0c	0	15	0	0	0	0	0	0	0	0	0	0	0	0
2185e05f352da3ad9520baf344cad53a	0	15	0	0	0	0	0	0	0	0	0	0	0	0
f355a649af0355190fd36fb9a16cb8bd	0	15	0	0	0	0	0	0	0	0	0	0	0	0
5fd28b77728386263c46655e75f0bfa2	0	15	0	0	0	0	0	0	0	0	0	0	0	0
717e65e50eb51488c55908c386f22d7b	0	15	0	0	0	0	0	0	0	0	0	0	0	0
01862aa9f6aa3ff2b40b2c6950e7ecb3	0	15	0	0	0	0	0	0	0	0	0	0	0	0
404c7d1ef8729461135ea408829202c6	0	15	0	0	0	0	0	0	0	0	0	0	0	0
c0b4d9294c1b6b0e2c9c87f77a830ee5	0	15	0	0	0	0	0	0	0	0	0	0	0	0
047cfb7868ccf7246bada8ec8dc7f47a	0	15	0	0	0	0	0	0	0	0	0	0	0	0
009ba879b8d5813b414d70dd8dba5c4c	0	15	0	0	0	0	0	0	0	0	0	0	0	0
0916e616b9171d8ed55acdd2c1079204	0	15	0	0	0	0	0	0	0	0	0	0	0	0
b063730897eb537f1bfad1836bcf1976	0	15	0	0	0	0	0	0	0	0	0	0	0	0
6ab746c3cd961ca9483152ffdbdcead1	0	15	0	0	0	0	0	0	0	0	0	0	0	0
20e595b109655df7ae5b2689830117a9	0	15	0	0	0	0	0	0	0	0	0	0	0	0
decc32aedd57780d097ea2104f072502	0	15	0	0	0	0	0	0	0	0	0	0	0	0
3ec48877f702719dab5a8ef8ef602314	0	15	0	0	0	0	0	0	0	0	0	0	0	0
81d867465722206f672f43502f9699bc	0	15	0	0	0	0	0	0	0	0	0	0	0	0
05353caac859a8485304c4e6e38e7b1b	0	15	0	0	0	0	0	0	0	0	0	0	0	0
1f50486274988702f912f18ecc87f01d	0	15	0	0	0	0	0	0	0	0	0	0	0	0
1ab16d8bd17c3fca64a1435c19aeceb1	0	15	0	0	0	0	0	0	0	0	0	0	0	0
f2763515fed3da7c7324ca0249b0beea	0	15	0	0	0	0	0	0	0	0	0	0	0	0
07f86f5bd9a58287099f3c4ac83f0533	0	15	0	0	0	0	0	0	0	0	0	0	0	0
deea0ca2b62e27784ff855275d987963	0	15	0	0	0	0	0	0	0	0	0	0	0	0
b08455a9698ccb029c273a11e931ebcb	0	15	0	0	0	0	0	0	0	0	0	0	0	0
2cb628c5e925b5c4d808dbe955653e2f	0	15	0	0	0	0	0	0	0	0	0	0	0	0
4891349263f8ddcf9b93c75f38e825cf	0	15	0	0	0	0	0	0	0	0	0	0	0	0
832130821b019b2d56216e9b830b6f70	0	15	0	0	0	0	0	0	0	0	0	0	0	0
03dfe44c829770be960cb06dd80f3848	0	15	0	0	0	0	0	0	0	0	0	0	0	0
fc41bc6ed598a4d94108d5478741bc4a	0	15	0	0	0	0	0	0	0	0	0	0	0	0
db5a2618e6897c63a1b228aa584e89f9	0	15	0	0	0	0	0	0	0	0	0	0	0	0
7be7cf0474dd1e6a8dd08bbfcb4e5bb9	0	15	0	0	0	0	0	0	0	0	0	0	0	0
cdc451b6f6d7bd6f9d14575d26abafdc	0	15	0	0	0	0	0	0	0	0	0	0	0	0
1cbc8149d42b7e3ef15977daac3f54e3	0	9	6	0	0	0	0	0	0	0	0	0	0	0
6b8bf721eebf012498fd75e7844f5500	0	0	15	0	0	0	0	0	0	0	0	0	0	0
eee0fb89e707da6aabbd1bb4f9200f2c	0	0	15	0	0	0	0	0	0	0	0	0	0	0
8c2d0e6b8c4a10a5657400be2b3c3957	0	0	15	0	0	0	0	0	0	0	0	0	0	0
1950a1d4ee27cff76e2b885e4a42a742	0	0	15	0	0	0	0	0	0	0	0	0	0	0
ed00be3eb84d2b959fb03bcec2cbc3bc	0	0	15	0	0	0	0	0	0	0	0	0	0	0
60195290ac9ccdb2ef9d77de8a01843e	0	0	15	0	0	0	0	0	0	0	0	0	0	0
f7233c050af8f267d1862debb3b09514	0	0	15	0	0	0	0	0	0	0	0	0	0	0
dc2edf5af1f87fde8f67c0b9fa47f12f	0	0	15	0	0	0	0	0	0	0	0	0	0	0
d4b763af34e01996cab426f0ab6c9f34	0	0	15	0	0	0	0	0	0	0	0	0	0	0
c7ab91084a12b2cf08be3f2a1e6feadd	0	0	15	0	0	0	0	0	0	0	0	0	0	0
1f14157b9498464495f7a8578e015cda	0	0	15	0	0	0	0	0	0	0	0	0	0	0
3f248da79f5b7f76346514207490ad8c	0	0	15	0	0	0	0	0	0	0	0	0	0	0
87625814fa41281523fc389066e7b80b	0	0	15	0	0	0	0	0	0	0	0	0	0	0
5a1957addc9ddeebf569968fe883cba2	0	0	15	0	0	0	0	0	0	0	0	0	0	0
191c30119b9aba98f3808222d77cc040	0	0	15	0	0	0	0	0	0	0	0	0	0	0
316fb3fb0757d274263764cbb46e7731	0	0	15	0	0	0	0	0	0	0	0	0	0	0
853c80f70efe5e78ae0d03cb660a92f4	0	0	15	0	0	0	0	0	0	0	0	0	0	0
47aa6784a7f68d9c2af6c9d3ff501465	0	0	15	0	0	0	0	0	0	0	0	0	0	0
e8c911eb110f1d4907fda542eaedad16	0	0	15	0	0	0	0	0	0	0	0	0	0	0
41eff7c3affbc63e35606fc798660928	0	0	15	0	0	0	0	0	0	0	0	0	0	0
275626eb30ce50482aea49e6d969ebf3	0	0	15	0	0	0	0	0	0	0	0	0	0	0
ae938476676a236d99b52fcda3e0594c	0	0	15	0	0	0	0	0	0	0	0	0	0	0
837e7f9d07e0c545e453bc52c7b4ffb0	0	0	15	0	0	0	0	0	0	0	0	0	0	0
f0478211c760661a0c62876987806bfa	0	0	15	0	0	0	0	0	0	0	0	0	0	0
b709ab6d0d6e7d3d6bba94552577b483	0	0	15	0	0	0	0	0	0	0	0	0	0	0
69551d1460073105efd9ce52ceacc285	0	0	15	0	0	0	0	0	0	0	0	0	0	0
a8ca2fbd9088193c899282bb1c28bd16	0	0	15	0	0	0	0	0	0	0	0	0	0	0
1a9f5471b4f1a6ed717207c4699de35f	0	0	15	0	0	0	0	0	0	0	0	0	0	0
ea0cc15fd28884351ee4bc76c788908e	0	0	15	0	0	0	0	0	0	0	0	0	0	0
eb2dce8ee7fc02bb55676f3ade4b2a31	0	0	15	0	0	0	0	0	0	0	0	0	0	0
6451a02c018c3e6a70cf94f342f57246	0	0	15	0	0	0	0	0	0	0	0	0	0	0
3c23cb8d0b6756607115f9332158b6bb	0	0	7	0	0	8	0	0	0	0	0	0	0	0
77e17c97524b9f3e17b9c720ba462517	0	0	0	15	0	0	0	0	0	0	0	0	0	0
a73c2f284059ea859d089508c030125e	0	0	0	15	0	0	0	0	0	0	0	0	0	0
be501b849893d8bfa92847036b35844c	0	0	0	15	0	0	0	0	0	0	0	0	0	0
aaf4cfdec29fe66fc6ccd643f49d315f	0	0	0	15	0	0	0	0	0	0	0	0	0	0
a6b54c7199bde4bcd97714142c427a46	0	0	0	15	0	0	0	0	0	0	0	0	0	0
0af6ae61f8a76f67ed72c8763ada5303	0	0	0	15	0	0	0	0	0	0	0	0	0	0
233f1cb7e7802a5e2cfd077f6b11ed0d	0	0	0	15	0	0	0	0	0	0	0	0	0	0
0b505fcdd989e43dfce29fd4cc8f64eb	0	0	0	15	0	0	0	0	0	0	0	0	0	0
170771b2cf3f9ce33b91e8f579c30d9e	0	0	0	15	0	0	0	0	0	0	0	0	0	0
4471363be459e43b4bf302bde7c17284	0	0	0	0	15	0	0	0	0	0	0	0	0	0
771450542e5c21b553bc1791a57cec85	0	0	0	0	15	0	0	0	0	0	0	0	0	0
e854698ac15b695739c5666f5857a9f0	0	0	0	0	15	0	0	0	0	0	0	0	0	0
e600db5434027c59d73304ca346bff17	0	0	0	0	15	0	0	0	0	0	0	0	0	0
6338b6431f8bd09cd67902b70a359366	0	0	0	0	15	0	0	0	0	0	0	0	0	0
54703d328ec9c3c0eb9a35928580fd0d	0	0	0	0	0	15	0	0	0	0	0	0	0	0
3758e01ecc3db96ce90c45ce2d9ba78d	0	0	0	0	0	15	0	0	0	0	0	0	0	0
4276bccf0eaf5c24d5649e48ec7cdfc6	0	0	0	0	0	15	0	0	0	0	0	0	0	0
bce70bc8d6b77166b65e72c8174c03e1	0	0	0	0	0	15	0	0	0	0	0	0	0	0
c7b499ac4104286fe3ecd6c6cb55d842	0	0	0	0	0	15	0	0	0	0	0	0	0	0
628be10eb909527d127b32e534522f8a	0	0	0	0	0	15	0	0	0	0	0	0	0	0
6f033c626bccf19ae13a382f67e1bfc8	0	0	0	0	0	15	0	0	0	0	0	0	0	0
dc2a5193586f83bb0278691662dc99fe	0	0	0	0	0	15	0	0	0	0	0	0	0	0
2de840a876c95ec83ab46f7360820b68	0	0	0	0	0	15	0	0	0	0	0	0	0	0
d935a673971aba0c3c21b3b6b4b0921c	0	0	0	0	0	15	0	0	0	0	0	0	0	0
b7b1ac2e14c65750019beee5fe7cd707	0	0	0	0	0	15	0	0	0	0	0	0	0	0
56c99273375854db74c6137a33488c28	0	0	0	0	0	10	5	0	0	0	0	0	0	0
75d991cbfee7b7fd7a30b50f9891a0f5	0	0	0	0	0	0	15	0	0	0	0	0	0	0
5e4f890f61f5458f00bbd5f56e6cc52a	0	0	0	0	0	0	15	0	0	0	0	0	0	0
ccbce548493a7b312b340782774e9007	0	0	0	0	0	0	15	0	0	0	0	0	0	0
d28c3a6983ad52a104f68b29152b8b0e	0	0	0	0	0	0	15	0	0	0	0	0	0	0
29e3242aa6cb7ba9a6926a255450d456	0	0	0	0	0	0	15	0	0	0	0	0	0	0
f04a077857015da4b4e87fc4e30f19f6	0	0	0	0	0	0	15	0	0	0	0	0	0	0
e9790ee31e4bdba6afa1ca1be0595b53	0	0	0	0	0	0	15	0	0	0	0	0	0	0
3d027cf59e6603501bc8e48d4aa4f366	0	0	0	0	0	0	15	0	0	0	0	0	0	0
3ac3073b62c85388030d199e626b97ca	0	0	0	0	0	0	15	0	0	0	0	0	0	0
c11cbc9042dd78cbb14ac89cfb705b71	0	0	0	0	0	0	15	0	0	0	0	0	0	0
87bab2288908c8e830a649618153dbc5	0	0	0	0	0	0	15	0	0	0	0	0	0	0
f284d03c5df672ff205579c7817ec519	0	0	0	0	0	0	15	0	0	0	0	0	0	0
0df55fa250b103cf4cf16d99b14d6d37	0	0	0	0	0	0	15	0	0	0	0	0	0	0
58a50e252834d84e4b8ca850a8e8d526	0	0	0	0	0	0	15	0	0	0	0	0	0	0
f588bad1f1c9a5d6356a2baf71abb9a2	0	0	0	0	0	0	15	0	0	0	0	0	0	0
9498b904456f0f2479ce3fb7d6392f43	0	0	0	0	0	0	15	0	0	0	0	0	0	0
b0a03fa3b1c84c4b9c589ff66e28cfa7	0	0	0	0	0	0	15	0	0	0	0	0	0	0
6b05cdea86b7962dfb2e3c7df86e7ed4	0	0	0	0	0	0	15	0	0	0	0	0	0	0
92fb7faa9ac89f6e2c79e384c777cdf2	0	0	0	0	0	0	0	15	0	0	0	0	0	0
9336e7b4d7f6f960a81c449b2312eb39	0	0	0	0	0	0	0	15	0	0	0	0	0	0
c82959c9248d8e22df6dccc8a242a2cf	0	0	0	0	0	0	0	15	0	0	0	0	0	0
a9b645cecaf18931bbfc852fd9d3f40a	0	0	0	0	0	0	0	15	0	0	0	0	0	0
909c1d88163ad9bcadff5171f9b2bb1f	0	0	0	0	0	0	0	15	0	0	0	0	0	0
8922420ffb64b0e4d51621b6fda25e3d	0	0	0	0	0	0	0	15	0	0	0	0	0	0
c4e8e1c83f20fe077e92fc86e55c6630	0	0	0	0	0	0	0	15	0	0	0	0	0	0
fbd12121a0c0e99b079060e10b498b0e	0	0	0	0	0	0	0	15	0	0	0	0	0	0
fac12c7a495524ceb526ab10780138be	0	0	0	0	0	0	0	15	0	0	0	0	0	0
2568ba6e13a4d7dc9fcb6cd2e402d434	0	0	0	0	0	0	0	15	0	0	0	0	0	0
f71cc1b24f40d1d15d9f032092b81a90	0	0	0	0	0	0	0	15	0	0	0	0	0	0
39c5c47e4a25dafa712605900aaade98	0	0	0	0	0	0	0	15	0	0	0	0	0	0
dd698b5c62bb8b4bb40cd7e2372f2c88	0	0	0	0	0	0	0	15	0	0	0	0	0	0
e1b24cb64d05c0c9e7504b3f1da46c27	0	0	0	0	0	0	0	15	0	0	0	0	0	0
dc6a2433d62063495dfd7637939fb85f	0	0	0	0	0	0	0	15	0	0	0	0	0	0
d575c4b0353486757f581d6a242d3f8a	0	0	0	0	0	0	0	15	0	0	0	0	0	0
43c090541103d448b8c7042b078d7e68	0	0	0	0	0	0	0	15	0	0	0	0	0	0
1ed80b522cb87dd4258036e3a21bc902	0	0	0	0	0	0	0	15	0	0	0	0	0	0
53c87b864e08bd7e45a19bbccafdd1a2	0	0	0	0	0	0	0	15	0	0	0	0	0	0
f6cc8817ba46a8f66c3ae02b2b6bc5a0	0	0	0	0	0	0	0	15	0	0	0	0	0	0
d1e61f9125f4e57469ffd195aa33cb48	0	0	0	0	0	0	0	15	0	0	0	0	0	0
16ab8d6cae9b48a000d38780cfb038e7	0	0	0	0	0	0	0	15	0	0	0	0	0	0
b7db9a4cfed0f4e566b04a0af0abb1df	0	0	0	0	0	0	0	15	0	0	0	0	0	0
d4f049fa3e795bf024e67a9606ff8332	0	0	0	0	0	0	0	15	0	0	0	0	0	0
83172c67fb8aef50834f013df47b2a24	0	0	0	0	0	0	0	15	0	0	0	0	0	0
0c00633c818dfa5b9569d4939a223324	0	0	0	0	0	0	0	15	0	0	0	0	0	0
0b983840210dfd68dfeab262c58e60ee	0	0	0	0	0	0	0	15	0	0	0	0	0	0
1ab8f6c9b5340bfe935170aa898a6772	0	0	0	0	0	0	0	15	0	0	0	0	0	0
5f52adabebd0f77bffd8db03e346f9bd	0	0	0	0	0	0	0	15	0	0	0	0	0	0
5222c67f9fad8453442c814f945cac6b	0	0	0	0	0	0	0	15	0	0	0	0	0	0
558e63ee8a8c3b08a5d100433aa94b0a	0	0	0	0	0	0	0	15	0	0	0	0	0	0
2fa22807a8cf7121d0296a676f9004b6	0	0	0	0	0	0	0	15	0	0	0	0	0	0
3bdebb7f704d76effe55881fcc208a1a	0	0	0	0	0	0	0	15	0	0	0	0	0	0
ccba4e4906eaf8bad06972ab902f351d	0	0	0	0	0	0	0	15	0	0	0	0	0	0
b41cde36d961061bb091be1270b6bb6c	0	0	0	0	0	0	0	15	0	0	0	0	0	0
9d6d38e37ad09bbd565d053e48e21058	0	0	0	0	0	0	0	15	0	0	0	0	0	0
6c3343940f6783efd669f1081e3d71f7	0	0	0	0	0	0	0	15	0	0	0	0	0	0
a15566cfbd7ab772f47e9a6cb4f22091	0	0	0	0	0	0	0	15	0	0	0	0	0	0
fef269fae278331bb80557b53e06ab2b	0	0	0	0	0	0	0	15	0	0	0	0	0	0
8bd42f5bbe02cd3fd6d5a96511aa7848	0	0	0	0	0	0	0	15	0	0	0	0	0	0
e8fc2c5dec4a9ef68762f740f39ea59e	0	0	0	0	0	0	0	15	0	0	0	0	0	0
4da7179f7c33b7283a8a71f705615a65	0	0	0	0	0	0	0	15	0	0	0	0	0	0
6d8203ce727e92c40a37b6c381cdce2f	0	0	0	0	0	0	0	15	0	0	0	0	0	0
fc4d1189d8bd44ece8a51331922a8b15	0	0	0	0	0	0	0	15	0	0	0	0	0	0
127cd8df5171fa2d49bc1a5388bc9857	0	0	0	0	0	0	0	0	0	0	0	15	0	0
5aff266bb80d8f0f4b2f554ce16112d5	0	0	0	0	0	0	0	0	0	0	0	15	0	0
e2c37e4586a44f50ac1e1b0461b1e11d	0	0	0	0	0	0	0	0	0	0	0	15	0	0
07cfc45079f02ac2d0e17f4cb48a6e42	0	0	0	0	0	0	0	0	0	0	0	0	0	15
cdbdec2f0a32dbb3870ce5edaac9e797	0	0	0	0	0	0	0	0	0	0	0	0	0	15
59f1efa1cf634f32d9c88fd40cdd00f3	0	0	0	0	0	0	0	0	0	0	0	0	0	15
7ed33c2151cfc7adb30abe8f6094efed	0	0	0	0	0	0	0	0	0	0	0	0	0	15
e802f757a98341f6740dbfc98a461603	0	0	0	0	0	0	0	0	0	0	0	0	0	15
3f091443a33114520a0d6d62c2df26d7	0	14	0	0	0	0	0	0	0	0	0	0	0	0
d5b93fff2f39aa01fac141d3cb3b13e8	0	14	0	0	0	0	0	0	0	0	0	0	0	0
dd9e69b5b6899e140200a61ebe0ae000	0	14	0	0	0	0	0	0	0	0	0	0	0	0
9926c949bf899d78cc18d1ccc216013d	0	14	0	0	0	0	0	0	0	0	0	0	0	0
635729035bdcb4ec231a7439e038d76c	0	14	0	0	0	0	0	0	0	0	0	0	0	0
b005252eca9d1207a3c97b89d9535eba	0	14	0	0	0	0	0	0	0	0	0	0	0	0
33cad0859b44b54a78eca12eb5bd3008	0	14	0	0	0	0	0	0	0	0	0	0	0	0
5879bbffdb89fc0bc18a44fcee8f6d43	0	14	0	0	0	0	0	0	0	0	0	0	0	0
f74cde5b3ce63cb0a30cd6ee851de96b	0	14	0	0	0	0	0	0	0	0	0	0	0	0
e5d66b837fbcf27fe1c36fba59b0f7e7	0	14	0	0	0	0	0	0	0	0	0	0	0	0
6db758f632e0193ae034d14a279e00f4	0	14	0	0	0	0	0	0	0	0	0	0	0	0
d9ac5f97eddec2859cc1e9b319f6f7b7	0	14	0	0	0	0	0	0	0	0	0	0	0	0
9e1c5ad9eac8c3f9bed5fe9514861cc8	0	14	0	0	0	0	0	0	0	0	0	0	0	0
f5e9695ef7144a93b4c09f51d760f1e6	0	14	0	0	0	0	0	0	0	0	0	0	0	0
d3953e61f1c3a37694432f01f0b069e4	0	14	0	0	0	0	0	0	0	0	0	0	0	0
c34a7fad88ef3c77eed1c29ba90dd7c5	0	14	0	0	0	0	0	0	0	0	0	0	0	0
94e6abefdf860556558c5a096d34485e	0	14	0	0	0	0	0	0	0	0	0	0	0	0
5a286c5f2f4968d4bd986c508576d3ba	0	14	0	0	0	0	0	0	0	0	0	0	0	0
932879b8f3488cb7177310479a486961	0	14	0	0	0	0	0	0	0	0	0	0	0	0
62c992de3e50afa2235f20fd061b6652	0	14	0	0	0	0	0	0	0	0	0	0	0	0
c30d8e236b3b5a683ca79f97ba4232b1	0	14	0	0	0	0	0	0	0	0	0	0	0	0
6f08f7493057c9a4bbe15c5db308735a	0	14	0	0	0	0	0	0	0	0	0	0	0	0
a6d708b47a3e3f663846e454009fe970	0	14	0	0	0	0	0	0	0	0	0	0	0	0
2ecaca158be78f15d759be57345d1440	0	14	0	0	0	0	0	0	0	0	0	0	0	0
3bed9c7fbaeadb1ed164e2110f30dc56	0	14	0	0	0	0	0	0	0	0	0	0	0	0
5eeed0148012aef6e8dd683f1694b15e	0	14	0	0	0	0	0	0	0	0	0	0	0	0
2676e774280630d614040d81d6e146a8	0	14	0	0	0	0	0	0	0	0	0	0	0	0
40aa1d8048583f772e1599e91746526e	0	14	0	0	0	0	0	0	0	0	0	0	0	0
631f4deb3ae603f88c909bbaaa1bbe9c	0	14	0	0	0	0	0	0	0	0	0	0	0	0
74d76ff5f0903c4fd379122ab7b6c2e0	0	14	0	0	0	0	0	0	0	0	0	0	0	0
78e52971d40d971d48584649dac50721	0	14	0	0	0	0	0	0	0	0	0	0	0	0
9d69bbdc4a31bfedc3c10f38c7c23701	0	14	0	0	0	0	0	0	0	0	0	0	0	0
cfefaa60737bff7b16aa163d5211a62a	0	14	0	0	0	0	0	0	0	0	0	0	0	0
eb621aa69ed83ac8525e9754857d6371	0	14	0	0	0	0	0	0	0	0	0	0	0	0
b9a1ad699456f5b64c82906bf7a4f07e	0	14	0	0	0	0	0	0	0	0	0	0	0	0
717de58005c35e925dbd5cd63c08cb94	0	14	0	0	0	0	0	0	0	0	0	0	0	0
7fd8dd9312cdd55c1bfc47b1cc2cebac	0	14	0	0	0	0	0	0	0	0	0	0	0	0
d380be5cc6dce29ab2c115a1f43d95f7	0	14	0	0	0	0	0	0	0	0	0	0	0	0
3fa469c9d86f612a8be9bbedcc0203b0	0	14	0	0	0	0	0	0	0	0	0	0	0	0
22c6da23c9620dba7b1db57c541d3ff0	0	14	0	0	0	0	0	0	0	0	0	0	0	0
b0abe7b25136f7cdb876116a4d0e1480	0	14	0	0	0	0	0	0	0	0	0	0	0	0
f6d31fb225f460347962247606e450d1	0	14	0	0	0	0	0	0	0	0	0	0	0	0
8c6c06ebf4066dfede85f7d668422c78	0	14	0	0	0	0	0	0	0	0	0	0	0	0
c3257efb941afa6c6d11faaafd386638	0	14	0	0	0	0	0	0	0	0	0	0	0	0
471f6eda97bacd6b93ef4dfc1e0856b2	0	14	0	0	0	0	0	0	0	0	0	0	0	0
95c54f2ed3fc12ce2ebe816a37d8dc53	0	14	0	0	0	0	0	0	0	0	0	0	0	0
e5159bca54f043491bfab1a76fe21b31	0	14	0	0	0	0	0	0	0	0	0	0	0	0
46949bb311bdd0a824cbfcc83252dcc4	0	14	0	0	0	0	0	0	0	0	0	0	0	0
2ae7a478168e74456b7d9061cffa3c19	0	14	0	0	0	0	0	0	0	0	0	0	0	0
3eafb026b5d7e38657680643aefa5a20	0	14	0	0	0	0	0	0	0	0	0	0	0	0
e8b9f75c31fc3d2db80eaa1747c51fd4	0	14	0	0	0	0	0	0	0	0	0	0	0	0
6e5094c3ff2f49c3a6a57cc252f79c7c	0	14	0	0	0	0	0	0	0	0	0	0	0	0
6cee99f4d9cf0773e7418011cfcfaa0d	0	14	0	0	0	0	0	0	0	0	0	0	0	0
65c5bd7b2889d89bafcb564e92792a2e	0	14	0	0	0	0	0	0	0	0	0	0	0	0
226f94fa2145e91d4caf38403d2d55fb	0	14	0	0	0	0	0	0	0	0	0	0	0	0
64146d8e5b87e2b363df7fd6038f8c1e	0	14	0	0	0	0	0	0	0	0	0	0	0	0
7bcc93e7d95754fc91fdf41e8aa69893	0	14	0	0	0	0	0	0	0	0	0	0	0	0
711626869582060d2b72ffcea34e0066	0	14	0	0	0	0	0	0	0	0	0	0	0	0
c78e3d89f652dc029e5b244b16a3cca2	0	14	0	0	0	0	0	0	0	0	0	0	0	0
c000c58ae340610ffdac8090220154cf	0	14	0	0	0	0	0	0	0	0	0	0	0	0
9179b5286048e853a06d64828730b4b8	0	12	0	0	0	2	0	0	0	0	0	0	0	0
862efb0fe095a1519eb2b121801d23b7	0	9	5	0	0	0	0	0	0	0	0	0	0	0
2859bc4ce92032c04d5bc38433db70e8	0	6	2	0	0	0	6	0	0	0	0	0	0	0
629d4b2e651b4ef92a14c607adb880ca	0	0	14	0	0	0	0	0	0	0	0	0	0	0
ec11ad71539b5e5cbdc8772968f06b32	0	0	14	0	0	0	0	0	0	0	0	0	0	0
4a5820b0d18de88ef1a5c7d006a9d36d	0	0	14	0	0	0	0	0	0	0	0	0	0	0
4205b3c0e77c2176985fd85c6531973b	0	0	14	0	0	0	0	0	0	0	0	0	0	0
d9d7b887640d8f78f5224f693743ae93	0	0	14	0	0	0	0	0	0	0	0	0	0	0
c8128fb7e46f5651b9855ee60da8ddca	0	0	14	0	0	0	0	0	0	0	0	0	0	0
56a6a4ad109e55754fd6e418f435e44b	0	0	14	0	0	0	0	0	0	0	0	0	0	0
31d764ae4d725ae662e286b9268969b6	0	0	14	0	0	0	0	0	0	0	0	0	0	0
8ad34d884f34739e33d6befb0cef99bf	0	0	14	0	0	0	0	0	0	0	0	0	0	0
0fbedf03df0f94e67adcd9685f8d9bce	0	0	14	0	0	0	0	0	0	0	0	0	0	0
4b3adff4025694134a545d13fe17454b	0	0	14	0	0	0	0	0	0	0	0	0	0	0
ae3f8e80a95f5da0b8f6cea30f7de585	0	0	14	0	0	0	0	0	0	0	0	0	0	0
2f895c9ee199e5502bf13a0ba569f858	0	0	14	0	0	0	0	0	0	0	0	0	0	0
e23d21764b0fe668d480d71e23b80fbf	0	0	14	0	0	0	0	0	0	0	0	0	0	0
b40badec79de6aa7be41b15469886c75	0	0	14	0	0	0	0	0	0	0	0	0	0	0
85f157a29b4c883b7860f811b5dadef5	0	0	14	0	0	0	0	0	0	0	0	0	0	0
bc876374cf100a7e8a4cc1ee978fb834	0	0	14	0	0	0	0	0	0	0	0	0	0	0
dd652ee812b236ae73a1f1fb1ebc091d	0	0	14	0	0	0	0	0	0	0	0	0	0	0
69d960daae4447235e5090f070c56ca7	0	0	14	0	0	0	0	0	0	0	0	0	0	0
fc98b3a1825675c12602e3ffeb8c5072	0	0	14	0	0	0	0	0	0	0	0	0	0	0
1f7eddf73cba5091de1a87eb1cf36771	0	0	14	0	0	0	0	0	0	0	0	0	0	0
038946ef6a2359def268ccf0f55fc02a	0	0	14	0	0	0	0	0	0	0	0	0	0	0
318ee1fbc0420ff8b95852e23b0e9612	0	0	14	0	0	0	0	0	0	0	0	0	0	0
1d7e087f621810da419267c75d7334c2	0	0	14	0	0	0	0	0	0	0	0	0	0	0
488bc91f79b6a4be84d702702961b617	0	0	14	0	0	0	0	0	0	0	0	0	0	0
b29707cae69319f2055786fe39f19088	0	0	14	0	0	0	0	0	0	0	0	0	0	0
209516d0d1a53a0976122d5cac4fe8e7	0	0	14	0	0	0	0	0	0	0	0	0	0	0
43f7c93af8d65f4c2272d102a7e1df30	0	0	14	0	0	0	0	0	0	0	0	0	0	0
fc3719985c78963f815f8a752babd04b	0	0	14	0	0	0	0	0	0	0	0	0	0	0
53563fb1585e6b835a9e6bec210b2e21	0	0	14	0	0	0	0	0	0	0	0	0	0	0
3f82e47dd5be85e75c5c624741b371d9	0	0	14	0	0	0	0	0	0	0	0	0	0	0
7b7f98a496c6ed7086d00d3565321ccb	0	0	14	0	0	0	0	0	0	0	0	0	0	0
da8173833bf0c0262b02d5d87db8ec35	0	0	14	0	0	0	0	0	0	0	0	0	0	0
436fe5d296b75a38f0b178269a1111dc	0	0	14	0	0	0	0	0	0	0	0	0	0	0
2ae255f2511211ebc0a6bb2155588909	0	0	14	0	0	0	0	0	0	0	0	0	0	0
b6ce358ddeae823ebfef6f14f010132e	0	0	14	0	0	0	0	0	0	0	0	0	0	0
136d40ede6a16b6cc842404aa3602efb	0	0	14	0	0	0	0	0	0	0	0	0	0	0
b7d58f0c519ccbc78f490de40251d2ee	0	0	14	0	0	0	0	0	0	0	0	0	0	0
a4b04b2c292719e5e1d700bfb7ad307a	0	0	14	0	0	0	0	0	0	0	0	0	0	0
3b51a08e4c425867f6127195b3c6fa5e	0	0	14	0	0	0	0	0	0	0	0	0	0	0
7caed603523a6143ae006c558499a996	0	0	13	0	0	1	0	0	0	0	0	0	0	0
f28a7441124dec67c957343a75e11187	0	0	11	0	0	0	3	0	0	0	0	0	0	0
e2d368353b4e80f438343eec7649539c	0	0	10	0	0	4	0	0	0	0	0	0	0	0
d78cc21853958bf73d651d19d83d3fc4	0	0	10	0	0	4	0	0	0	0	0	0	0	0
50d68958ed97bf80678d3fafd0d91f2c	0	0	9	0	0	5	0	0	0	0	0	0	0	0
4e41053996447d91f6b6d1adb3e443e1	0	0	8	0	0	6	0	0	0	0	0	0	0	0
faceae4d80bc587f318dce88ff739cbc	0	0	7	0	0	0	0	0	0	0	0	0	0	7
edf7bfb55e39ce424b57bc664c23f48f	0	0	7	0	0	7	0	0	0	0	0	0	0	0
5dbaade6ee08a26fb70f9df67167253e	0	0	0	14	0	0	0	0	0	0	0	0	0	0
b0458af9babeda620d80745576a680a4	0	0	0	14	0	0	0	0	0	0	0	0	0	0
eadff28e87d680940a43632a0f781ae5	0	0	0	14	0	0	0	0	0	0	0	0	0	0
1e51589fa98fd5f40152f4633da64438	0	0	0	14	0	0	0	0	0	0	0	0	0	0
1df943e5c9ec5c41096a1629563e1458	0	0	0	14	0	0	0	0	0	0	0	0	0	0
b6faae4182d1a2f8c9ee7359e8536ac4	0	0	0	14	0	0	0	0	0	0	0	0	0	0
06a3ebd8d753eb7fe51bffca2a3ec2d0	0	0	0	14	0	0	0	0	0	0	0	0	0	0
3f13833dbee7fffb656381972b8e529a	0	0	0	14	0	0	0	0	0	0	0	0	0	0
fe70b8cbd1ca984a29dedd7fcc9ec693	0	0	0	14	0	0	0	0	0	0	0	0	0	0
cfc5bb5a65a3c7a964f30550133c4caf	0	0	0	0	14	0	0	0	0	0	0	0	0	0
cf130154a7b7601588f57d859934927f	0	0	0	0	14	0	0	0	0	0	0	0	0	0
38987d9d3e10e1c35235e02ae7d60704	0	0	0	0	14	0	0	0	0	0	0	0	0	0
565ea988788714bf5b8a3f8a29e78b13	0	0	0	0	14	0	0	0	0	0	0	0	0	0
f4bc1f5044ac44578b1dfb9a34642b4d	0	0	0	0	14	0	0	0	0	0	0	0	0	0
7eaefb7857de7845a52b579505aea9b2	0	0	0	0	14	0	0	0	0	0	0	0	0	0
d5aed7332c622269ec09db44fb556ff3	0	0	0	0	0	14	0	0	0	0	0	0	0	0
f9702ae5359f6b3a6b1cb501fbedf706	0	0	0	0	0	14	0	0	0	0	0	0	0	0
866f988ffe3ca244194ae56de4814440	0	0	0	0	0	14	0	0	0	0	0	0	0	0
94e275196661b8021fe6b9e30cacaf5d	0	0	0	0	0	14	0	0	0	0	0	0	0	0
1d7fb7a1f4804bdac412e788240b69aa	0	0	0	0	0	14	0	0	0	0	0	0	0	0
0f7394addb603ecff339f754e0b44ea8	0	0	0	0	0	14	0	0	0	0	0	0	0	0
f3dce71624b3274ae074c4c45130768f	0	0	0	0	0	14	0	0	0	0	0	0	0	0
7f383fe5834fb117aceb7db26de60d16	0	0	0	0	0	14	0	0	0	0	0	0	0	0
fe5988b7e98eb700a9a85a6d1780e8ce	0	0	0	0	0	14	0	0	0	0	0	0	0	0
8897d595124d221e10a3daf46a78b589	0	0	0	0	0	14	0	0	0	0	0	0	0	0
22d8486c9feb06636188b46a880d7a0a	0	0	0	0	0	14	0	0	0	0	0	0	0	0
88efdadaae4e47d06d51621ba939107e	0	0	0	0	0	14	0	0	0	0	0	0	0	0
31e280196d22bcc3e4f4341e475151d1	0	0	0	0	0	14	0	0	0	0	0	0	0	0
3a1787dd8c3f4ef776b22727a3b30d1b	0	0	0	0	0	14	0	0	0	0	0	0	0	0
cecb8fcc347334ce297b7136fde84c56	0	0	0	0	0	14	0	0	0	0	0	0	0	0
f156f0e641d6174ad2136d6437c34182	0	0	0	0	0	14	0	0	0	0	0	0	0	0
45285d1a6bcfd84c0a5943e7a46e9646	0	0	0	0	0	14	0	0	0	0	0	0	0	0
fcbdc6b64c6e423318d6b7608b74a933	0	0	0	0	0	4	10	0	0	0	0	0	0	0
270df36af324a519d3a52fe16d00cd86	0	0	0	0	0	0	14	0	0	0	0	0	0	0
80cf844b0520971e34192ffdeed12b99	0	0	0	0	0	0	14	0	0	0	0	0	0	0
754ef9aa1099dae4d21275b65d8b1556	0	0	0	0	0	0	14	0	0	0	0	0	0	0
f3c72f6ffa8d23c17f807c4acf99fbe2	0	0	0	0	0	0	14	0	0	0	0	0	0	0
623d4bb6729fd7ed5587bf68729d9c53	0	0	0	0	0	0	14	0	0	0	0	0	0	0
28b3d310ad794c79ac1545610e45b104	0	0	0	0	0	0	14	0	0	0	0	0	0	0
c61476a6a4c7506df349c98a6a622f6b	0	0	0	0	0	0	14	0	0	0	0	0	0	0
1e29d96c999fc274c9e8b44d447b96c5	0	0	0	0	0	0	14	0	0	0	0	0	0	0
63fd47a1c0f90b2e30d87f9adb356ed7	0	0	0	0	0	0	14	0	0	0	0	0	0	0
6c12cc1be7c1f3ce304ba2d674830bd7	0	0	0	0	0	0	14	0	0	0	0	0	0	0
ee39db761030cf5b3a747f80abefc1ee	0	0	0	0	0	0	14	0	0	0	0	0	0	0
5a99c191730bbecf952bcd2dda09c935	0	0	0	0	0	0	14	0	0	0	0	0	0	0
27618d1d002480a4612c10bb73f125a4	0	0	0	0	0	0	14	0	0	0	0	0	0	0
9ab19ee91a8ce3339c47d15776db7b2a	0	0	0	0	0	0	14	0	0	0	0	0	0	0
02f1d811dd503011fbeb47fca3f899e6	0	0	0	0	0	0	14	0	0	0	0	0	0	0
8eaa42198a3439b536d85b48736dda0f	0	0	0	0	0	0	14	0	0	0	0	0	0	0
3cf2cd8f51e210ad9ad38d7902c29b5b	0	0	0	0	0	0	14	0	0	0	0	0	0	0
92fade023e6c4dff39e6bbf9e117fbc2	0	0	0	0	0	0	14	0	0	0	0	0	0	0
446131f8bd53973e47b6ad9a90fa63c1	0	0	0	0	0	0	14	0	0	0	0	0	0	0
041c41cdd46b76060ee143c5ee9f9db8	0	0	0	0	0	0	14	0	0	0	0	0	0	0
470e0cd8eebfb9eeae48e9f291587336	0	0	0	0	0	0	14	0	0	0	0	0	0	0
ef319fe9f088b4d484dcc5c666407e22	0	0	0	0	0	0	14	0	0	0	0	0	0	0
2b1d09ac5eee413a37c7d155a2788b98	0	0	0	0	0	0	0	14	0	0	0	0	0	0
3c82f048f621881657eddcec022c6da5	0	0	0	0	0	0	0	14	0	0	0	0	0	0
2781b570b15bf3ba8fc64028ae29a5cd	0	0	0	0	0	0	0	14	0	0	0	0	0	0
c006ca9904e99b411a4b6e725da4fdc5	0	0	0	0	0	0	0	14	0	0	0	0	0	0
dcb26efaebea1db85aded3bce9ccea7f	0	0	0	0	0	0	0	14	0	0	0	0	0	0
766810618f26b9d7976f4678f1a8e202	0	0	0	0	0	0	0	14	0	0	0	0	0	0
779f2111fe4d2ef881552cf5cbd0f6fa	0	0	0	0	0	0	0	14	0	0	0	0	0	0
ba517357e6811c319be7c7fe79415cfc	0	0	0	0	0	0	0	14	0	0	0	0	0	0
e1973f7d2ef8b5c99b2a11268d33f8a2	0	0	0	0	0	0	0	14	0	0	0	0	0	0
3e3dfc04507cf51efcbec235a4da33a2	0	0	0	0	0	0	0	14	0	0	0	0	0	0
9e9d62991e34c1e7818740bddb816251	0	0	0	0	0	0	0	14	0	0	0	0	0	0
5cd066c07e57797e7214891025d8d705	0	0	0	0	0	0	0	14	0	0	0	0	0	0
52dbd0bacb51f48ffcfac1e7a9c94b3f	0	0	0	0	0	0	0	14	0	0	0	0	0	0
6f2fc0c6622d3c76b5baccb541e0535b	0	0	0	0	0	0	0	14	0	0	0	0	0	0
fe20026eb20cff93b85f7e1daf648308	0	0	0	0	0	0	0	14	0	0	0	0	0	0
0051720b7695ad403b8d490f73ab011d	0	0	0	0	0	0	0	14	0	0	0	0	0	0
b8d45cbb3859abcd2d0964166672ee61	0	0	0	0	0	0	0	14	0	0	0	0	0	0
7b21ffdf04a330cd8e77f8acc09f682c	0	0	0	0	0	0	0	14	0	0	0	0	0	0
89ef6d4e9121e0fa1b7d96dfd66d193d	0	0	0	0	0	0	0	14	0	0	0	0	0	0
59c3b324db92efd2456f7e3dd0380a16	0	0	0	0	0	0	0	14	0	0	0	0	0	0
2ca5509c97038949f522d8b6051c7606	0	0	0	0	0	0	0	14	0	0	0	0	0	0
799a6866e616c057e46764e341df8f85	0	0	0	0	0	0	0	14	0	0	0	0	0	0
af67e33c804f359bd71aa8d09fdfc144	0	0	0	0	0	0	0	14	0	0	0	0	0	0
d8328b1591ce91ff415c4dfee72de3b7	0	0	0	0	0	0	0	14	0	0	0	0	0	0
bed310181262b9cdd9e9d1afce90ace5	0	0	0	0	0	0	0	14	0	0	0	0	0	0
e7e22db7e5423af01d12bd3406528112	0	0	0	0	0	0	0	14	0	0	0	0	0	0
6a07ed31d95734b5a1784a15678b0bf4	0	0	0	0	0	0	0	14	0	0	0	0	0	0
6d3f0e215b7a55af59fea82470795091	0	0	0	0	0	0	0	14	0	0	0	0	0	0
e95999a76ec336090b936b604ad1c85c	0	0	0	0	0	0	0	14	0	0	0	0	0	0
11ef65a301c474e66ee16a8bf6ffdefa	0	0	0	0	0	0	0	14	0	0	0	0	0	0
ef46b5b99b17ac356af534d8a01633f8	0	0	0	0	0	0	0	14	0	0	0	0	0	0
55bafca70c61d8037560f8ad3b6af441	0	0	0	0	0	0	0	14	0	0	0	0	0	0
258a926df5669453fbfdd322cab5be14	0	0	0	0	0	0	0	14	0	0	0	0	0	0
6af28dd26f8032ed75da221a1921d710	0	0	0	0	0	0	0	14	0	0	0	0	0	0
7be86ae64bda2f51b19f1ccfb950d553	0	0	0	0	0	0	0	14	0	0	0	0	0	0
ce1819d68e573a4e0608211570254560	0	0	0	0	0	0	0	14	0	0	0	0	0	0
feaca80eb1f3bcbaf96fefb972afaabe	0	0	0	0	0	0	0	14	0	0	0	0	0	0
f3f67292251ade91ba71a54b4deae409	0	0	0	0	0	0	0	14	0	0	0	0	0	0
9fb8e03960bfd277d449bc813d007974	0	0	0	0	0	0	0	14	0	0	0	0	0	0
bbd88e9ea86fffbc638776fd20ec619d	0	0	0	0	0	0	0	14	0	0	0	0	0	0
ff554abfc99a2e60aefb2102630690ba	0	0	0	0	0	0	0	14	0	0	0	0	0	0
6c5d3420e619bf43ea4cecc3c274d13a	0	0	0	0	0	0	0	14	0	0	0	0	0	0
16c63882a15afbd51804495ecde384ad	0	0	0	0	0	0	0	14	0	0	0	0	0	0
0e4d61267cae3585568be6a90d498dc9	0	0	0	0	0	0	0	14	0	0	0	0	0	0
4e0ce339cba1391e17088f2330e16741	0	0	0	0	0	0	0	14	0	0	0	0	0	0
59bb5fc867a74fc4ed6b55033b9d4911	0	0	0	0	0	0	0	14	0	0	0	0	0	0
8e30c9387de68cadbf058bf7255dba43	0	0	0	0	0	0	0	14	0	0	0	0	0	0
cf7454064fb50f88a11ff4a67787a0d3	0	0	0	0	0	0	0	14	0	0	0	0	0	0
3b1aba0c8cf2f8094dca722b9a737460	0	0	0	0	0	0	0	14	0	0	0	0	0	0
29a52d3f868eb436bb5c059259e92de8	0	0	0	0	0	0	0	14	0	0	0	0	0	0
0f25d603dbe5238ec10ba0491d8ff24c	0	0	0	0	0	0	0	14	0	0	0	0	0	0
57557c1d03632e6f26417f16a7ca4327	0	0	0	0	0	0	0	14	0	0	0	0	0	0
89d4c06c8bc14ab0ccad0f1d9c39f6de	0	0	0	0	0	0	0	14	0	0	0	0	0	0
689b523dca3f01e5703cdcebfd568d9b	0	0	0	0	0	0	0	14	0	0	0	0	0	0
91b0907e5252cc308cd452e1b952e165	0	0	0	0	0	0	0	14	0	0	0	0	0	0
146c602d409a14c11b02e3ab8a5e5723	0	0	0	0	0	0	0	14	0	0	0	0	0	0
0d04d7e29d91ba7178dffbfa074f4adb	0	0	0	0	0	0	0	14	0	0	0	0	0	0
2a3c5968183a6d1a0432229473b68458	0	0	0	0	0	0	0	14	0	0	0	0	0	0
e2229729bd835bf758ed32c2d1ffd99c	0	0	0	0	0	0	0	14	0	0	0	0	0	0
e5695cd08bc9d1758df1db3a8e750605	0	0	0	0	0	0	0	14	0	0	0	0	0	0
e94a995d9c0d9ec9bc8880efc396beda	0	0	0	0	0	0	0	14	0	0	0	0	0	0
4e7801fb130c59229374eb63600fa83d	0	0	0	0	0	0	0	14	0	0	0	0	0	0
66f2222caa2934e4e460549c5c298f0d	0	0	0	0	0	0	0	14	0	0	0	0	0	0
9e472f471f045d22b4ffa2ec0a7cd179	0	0	0	0	0	0	0	14	0	0	0	0	0	0
d40689c6081cf85ef309d3328d2b876e	0	0	0	0	0	0	0	14	0	0	0	0	0	0
164dc8d9fdf5dedc605ecea660b9d9bb	0	0	0	0	0	0	0	14	0	0	0	0	0	0
4136d8ca70693e658273265d5f78790e	0	0	0	0	0	0	0	14	0	0	0	0	0	0
06d33fb196ccb07d7cae21b34c3c737a	0	0	0	0	0	0	0	14	0	0	0	0	0	0
d0174f640bdb07b20a1e8dbfa7df185b	0	0	0	0	0	0	0	14	0	0	0	0	0	0
06fe30bc81f795099df2fdf0566bc92b	0	0	0	0	0	0	0	14	0	0	0	0	0	0
5b3b1a9324ec153587e5e269551727dc	0	0	0	0	0	0	0	14	0	0	0	0	0	0
5bd6bd43f8f36eadbcdd1ba326dc07b7	0	0	0	0	0	0	0	14	0	0	0	0	0	0
de461c62801fabc0da8b11280fb3da5c	0	0	0	0	0	0	0	14	0	0	0	0	0	0
afe58746012bcdb95d0d5320fe1e754b	0	0	0	0	0	0	0	14	0	0	0	0	0	0
dbdc92c590720b7cf483bc272ad21783	0	0	0	0	0	0	0	14	0	0	0	0	0	0
3336b0b7a76aa17da47823f6b744ffe8	0	0	0	0	0	0	0	12	0	0	0	0	0	2
c7a14cfab250801ed4b85bd468632110	0	0	0	0	0	0	0	0	0	14	0	0	0	0
90da78bd1487c3636a847563318ebc4b	0	0	0	0	0	0	0	0	0	14	0	0	0	0
0c9df0db2ecfef0064044d7aa4e4046f	0	0	0	0	0	0	0	0	0	14	0	0	0	0
dbae8d465a8fd9d02cb14bdab061b541	0	0	0	0	0	0	0	0	0	14	0	0	0	0
3eecda521e4c4fe9bcef5fe48af409cd	0	0	0	0	0	0	0	0	0	0	14	0	0	0
68e3e604c27ec9ee0a994442d188d30a	0	0	0	0	0	0	0	0	0	0	14	0	0	0
4a78b2251a5cf22bb352bcc535e9ea7e	0	0	0	0	0	0	0	0	0	0	14	0	0	0
8cb2c6ab694f7c0cfd8069ad9fe90e06	0	0	0	0	0	0	0	0	0	0	0	14	0	0
adec14301757da806d3849fa9524cb40	0	0	0	0	0	0	0	0	0	0	0	14	0	0
a87397f23a0c5628e82bfc0658c31e14	0	0	0	0	0	0	0	0	0	0	0	0	14	0
7316050ce47081e53281990aa167c09d	0	0	0	0	0	0	0	0	0	0	0	0	0	14
1f675322a2fde27fc6695adf4f62e9b2	0	0	0	0	0	0	0	0	0	0	0	0	0	14
d07fdc3871d8a10d33178e4eb40b645b	0	0	0	0	0	0	0	0	0	0	0	0	0	14
65bb286092375ff026d99de5e1e3a283	0	0	0	0	0	0	0	0	0	0	0	0	0	14
8592501ee65a7ae72bb926707b4e6654	0	0	0	0	0	0	0	0	0	0	0	0	0	14
cfaa260161653e4cea03c701d6a46064	0	0	0	0	0	0	0	0	0	0	0	0	0	14
c2d2092c5b3962488401c4b30939c543	0	0	0	0	0	0	0	0	0	0	0	0	0	14
546cf11214334e03ff69672a2c939163	0	0	0	0	0	0	0	0	0	0	0	0	0	14
36346df4d457376f8b6b9586330b5095	0	0	0	0	0	0	0	0	0	0	0	0	0	14
d4ffe4338626d5db9aa21c2d8515aad9	0	0	0	0	0	0	0	0	0	0	0	0	0	14
b28fbefec5466512c6eca228ddb1da7e	0	0	0	0	0	0	0	0	0	0	0	0	0	14
d3bcf4328e7d1503a969f58a4a514aca	0	0	0	0	0	0	0	0	0	0	0	0	0	14
6be37cd32319218c5bdd3d578cc3eacb	0	13	0	0	0	0	0	0	0	0	0	0	0	0
2f891660a02404c088f5b889ff013516	0	13	0	0	0	0	0	0	0	0	0	0	0	0
b6394bb3a71145166b53cedcec78bdfb	0	13	0	0	0	0	0	0	0	0	0	0	0	0
bb2e18b18ab22d9f9f23e3f3c9e1be09	0	13	0	0	0	0	0	0	0	0	0	0	0	0
e00693f4edfce27ea8d2a444b172a013	0	13	0	0	0	0	0	0	0	0	0	0	0	0
73b0e1a9bbd5ae31c60b8b7eec6dcda3	0	13	0	0	0	0	0	0	0	0	0	0	0	0
497dc22bc066b50300358f0123dda34c	0	13	0	0	0	0	0	0	0	0	0	0	0	0
8a3e0991dc14976c94faa1bb9d62b6c9	0	13	0	0	0	0	0	0	0	0	0	0	0	0
0217cc5ee6dc7a788d5ac442e65aa5cc	0	13	0	0	0	0	0	0	0	0	0	0	0	0
3a01902b10da36b5baa42a6c44bd6bc3	0	13	0	0	0	0	0	0	0	0	0	0	0	0
d112d6080b7f6f6b54fd84b7cc39278f	0	13	0	0	0	0	0	0	0	0	0	0	0	0
9b0fa05fdc47aec2c6a4c2eda1fbdf52	0	13	0	0	0	0	0	0	0	0	0	0	0	0
8c2d30f1a3c147e97e63f4d288835639	0	13	0	0	0	0	0	0	0	0	0	0	0	0
02cd4796b481a651b577329a6292dd00	0	13	0	0	0	0	0	0	0	0	0	0	0	0
8b5cda8986a3148cdd864e9d67defa5b	0	13	0	0	0	0	0	0	0	0	0	0	0	0
de7dfde70133b39e29d66c163e8b6106	0	13	0	0	0	0	0	0	0	0	0	0	0	0
956afe760590927f7901ef902bf6463b	0	13	0	0	0	0	0	0	0	0	0	0	0	0
409cd7a96895c98915b507c947f9f8bc	0	13	0	0	0	0	0	0	0	0	0	0	0	0
8e42f67547589aa12fff98eee5dcfea2	0	13	0	0	0	0	0	0	0	0	0	0	0	0
69c6670eac407712dff9e575ed6b95d4	0	13	0	0	0	0	0	0	0	0	0	0	0	0
708bcae714e227b8c80d4d064a2dd7db	0	13	0	0	0	0	0	0	0	0	0	0	0	0
17982f77623538737cf854549dccc7bb	0	13	0	0	0	0	0	0	0	0	0	0	0	0
b32ea39ef93143660779bf26852cabd4	0	13	0	0	0	0	0	0	0	0	0	0	0	0
adbbc53e7d84e6d6d8dbc2f3ce1a847d	0	13	0	0	0	0	0	0	0	0	0	0	0	0
f6b22760968bb199e044feac4571841c	0	13	0	0	0	0	0	0	0	0	0	0	0	0
9e01b588442ff3ddae3854361492d04e	0	13	0	0	0	0	0	0	0	0	0	0	0	0
9b74b8dc54e049438c987995ee5609d4	0	13	0	0	0	0	0	0	0	0	0	0	0	0
0743caf22e17120393cd13c568bf8ef4	0	13	0	0	0	0	0	0	0	0	0	0	0	0
087ab36f5894be3882a9ed41331a4aa3	0	13	0	0	0	0	0	0	0	0	0	0	0	0
86512dfdb5fbd03f94677125d1b32c54	0	13	0	0	0	0	0	0	0	0	0	0	0	0
ac82718c7c5a23e0903c79ca785feb4f	0	13	0	0	0	0	0	0	0	0	0	0	0	0
72e8a8a09b56a3db2b342296967b7f2c	0	13	0	0	0	0	0	0	0	0	0	0	0	0
902e5f67c14b2a69f2d73a0c80ede064	0	13	0	0	0	0	0	0	0	0	0	0	0	0
ff0a63a7dfc64742bc2eddda9c38718d	0	13	0	0	0	0	0	0	0	0	0	0	0	0
e9d0aa486d509e18526754856057a9ec	0	13	0	0	0	0	0	0	0	0	0	0	0	0
64553c64fdf2a00c5d3040d9a4ec370a	0	13	0	0	0	0	0	0	0	0	0	0	0	0
222d0e1bfcb0c731b2c56c35bd8d4f33	0	13	0	0	0	0	0	0	0	0	0	0	0	0
e8a4d094e7f34f28ad83ba7188c69b88	0	13	0	0	0	0	0	0	0	0	0	0	0	0
8dbecb62e98bab9368b5085d4e886d67	0	13	0	0	0	0	0	0	0	0	0	0	0	0
762a3de169819b54cafd6587e22d27eb	0	13	0	0	0	0	0	0	0	0	0	0	0	0
da9c562768467b60d2d90319bb8e3c71	0	13	0	0	0	0	0	0	0	0	0	0	0	0
0b9285896f06fa53bf8583e459feab84	0	13	0	0	0	0	0	0	0	0	0	0	0	0
6791b4f5981d67385e04c1668f9b34e1	0	13	0	0	0	0	0	0	0	0	0	0	0	0
5b15fecd1ce88af04bed366fbc33664b	0	13	0	0	0	0	0	0	0	0	0	0	0	0
c414c2046f8fdf598a215869d43d3868	0	13	0	0	0	0	0	0	0	0	0	0	0	0
774550452488fc0b43bda84d4dabe89b	0	13	0	0	0	0	0	0	0	0	0	0	0	0
ffd2c866f6eeec4a871239f20e653e2d	0	13	0	0	0	0	0	0	0	0	0	0	0	0
4d1f1f5baa51d15cc53275e84f75233d	0	13	0	0	0	0	0	0	0	0	0	0	0	0
c52c8aaf736c4e85e0862e3f7957dffa	0	13	0	0	0	0	0	0	0	0	0	0	0	0
c03f8a90d2ab788078dc4274f41ad867	0	13	0	0	0	0	0	0	0	0	0	0	0	0
27aa84057fc712398052b358941c1696	0	13	0	0	0	0	0	0	0	0	0	0	0	0
409be53072f88f4dde7ffac5e607767d	0	13	0	0	0	0	0	0	0	0	0	0	0	0
a9880e83fb027ef9841259faeb570ce8	0	13	0	0	0	0	0	0	0	0	0	0	0	0
e5dc42d85a92ae37eb964ef94256d00e	0	13	0	0	0	0	0	0	0	0	0	0	0	0
f8cf0ec30a8ebe5be5ba8597db26d661	0	13	0	0	0	0	0	0	0	0	0	0	0	0
af3bfe49a7323d67cda456f8d98918f3	0	13	0	0	0	0	0	0	0	0	0	0	0	0
3b0927ac6a4b8ad75095ecf2b11723fe	0	13	0	0	0	0	0	0	0	0	0	0	0	0
f4e476515ef0e5f9b59cb8f78e6fafe1	0	13	0	0	0	0	0	0	0	0	0	0	0	0
6215cac7db369f89e5d5fae369f19780	0	13	0	0	0	0	0	0	0	0	0	0	0	0
079c4394aa75b505ce5644a4fd8c276e	0	13	0	0	0	0	0	0	0	0	0	0	0	0
6f2d4f5e94962cb768c0210ad4935525	0	13	0	0	0	0	0	0	0	0	0	0	0	0
e749d2d31a25a0e77d9745a3d83c008a	0	13	0	0	0	0	0	0	0	0	0	0	0	0
7bda9aee98a39182a10809415ce5451f	0	13	0	0	0	0	0	0	0	0	0	0	0	0
34214fcf8d35d554d3c166a071d37beb	0	13	0	0	0	0	0	0	0	0	0	0	0	0
4b060356d89059981cb1d75fa84dfe0e	0	13	0	0	0	0	0	0	0	0	0	0	0	0
f685ee1e679c0cb808d5be8743a43fb6	0	13	0	0	0	0	0	0	0	0	0	0	0	0
ba240a4c513ebd75abb5d9f66f61bc86	0	13	0	0	0	0	0	0	0	0	0	0	0	0
c91785cc0ac807a7fbbda81d17d9482c	0	13	0	0	0	0	0	0	0	0	0	0	0	0
32f4626a0abeb62bb76250677f41d167	0	0	13	0	0	0	0	0	0	0	0	0	0	0
c94f706652895146e195b20bd3eb5806	0	0	13	0	0	0	0	0	0	0	0	0	0	0
6095b3852675c8bc1ffaad9e188a8311	0	0	13	0	0	0	0	0	0	0	0	0	0	0
4c5b2e0da59c2820e304412d0cd71ad4	0	0	13	0	0	0	0	0	0	0	0	0	0	0
de104de0afd05dce51ba1e12796fec7a	0	0	13	0	0	0	0	0	0	0	0	0	0	0
23faa2dba65c63c70979daa78dbff990	0	0	13	0	0	0	0	0	0	0	0	0	0	0
5c866ea42086bce50b057574072a21f7	0	0	13	0	0	0	0	0	0	0	0	0	0	0
617370037bf5446788634d03ee0b537d	0	0	13	0	0	0	0	0	0	0	0	0	0	0
b8671dd079fc7b079aa8a440efed2c90	0	0	13	0	0	0	0	0	0	0	0	0	0	0
0d4c2c3a7073d9293b64038b28fd9f50	0	0	13	0	0	0	0	0	0	0	0	0	0	0
85d689b0d0dda34c1f0b0e32f508adfb	0	0	13	0	0	0	0	0	0	0	0	0	0	0
769abc8058f588b90daf6f7c2315fbc7	0	0	13	0	0	0	0	0	0	0	0	0	0	0
c4e4dbcf8b65584ba65fd262e30256de	0	0	13	0	0	0	0	0	0	0	0	0	0	0
36fa98c4800145e5cd3451663ba37730	0	0	13	0	0	0	0	0	0	0	0	0	0	0
0413c4be3146e09c7ef175ed9c38c3d7	0	0	13	0	0	0	0	0	0	0	0	0	0	0
a10bed7d2d8e7644290a8a3693a60fe3	0	0	13	0	0	0	0	0	0	0	0	0	0	0
c1e7aff6be8bda221d7d790a35c2a565	0	0	13	0	0	0	0	0	0	0	0	0	0	0
aa0908e1decd6955c235591953226954	0	0	13	0	0	0	0	0	0	0	0	0	0	0
2fd792db5ad0e5b54f5354a2f2e5e715	0	0	13	0	0	0	0	0	0	0	0	0	0	0
b85ff3763c73c4d471edc2a8b8d81076	0	0	13	0	0	0	0	0	0	0	0	0	0	0
f1d4a5395050c3c13d57a0d87647ee57	0	0	13	0	0	0	0	0	0	0	0	0	0	0
a20620cb1d49a0406f500e6ac48c26f6	0	0	13	0	0	0	0	0	0	0	0	0	0	0
5a59bb7b9a69aaef0728c4f0116f1b6a	0	0	13	0	0	0	0	0	0	0	0	0	0	0
e939b75fd73ef3d984d68ccf21fec18d	0	0	13	0	0	0	0	0	0	0	0	0	0	0
8c018d70b2bbf2de13552dad03696e7f	0	0	13	0	0	0	0	0	0	0	0	0	0	0
c9e7fdcee206d7033661d9275e370cf2	0	0	13	0	0	0	0	0	0	0	0	0	0	0
2e3b3f927a22d3393fe852d7e3cd9d67	0	0	13	0	0	0	0	0	0	0	0	0	0	0
b6ade0b47d24309937caa0529e3a2a37	0	0	13	0	0	0	0	0	0	0	0	0	0	0
7c7809fb97f589ae50cff2b54ba93686	0	0	13	0	0	0	0	0	0	0	0	0	0	0
6546dfbf2424cf1de24d732dcc86ee49	0	0	13	0	0	0	0	0	0	0	0	0	0	0
1c4652884209171b1bf4e5d62893db26	0	0	13	0	0	0	0	0	0	0	0	0	0	0
bbc94f31460780b37cdf16496748d3f0	0	0	13	0	0	0	0	0	0	0	0	0	0	0
da6dc0f486cf4bad736f2ae0c032fd32	0	0	13	0	0	0	0	0	0	0	0	0	0	0
044ae84baee00dead57b39c7dacb7bff	0	0	13	0	0	0	0	0	0	0	0	0	0	0
88a98f291462448385a167064155253e	0	0	13	0	0	0	0	0	0	0	0	0	0	0
843f9c82550071659c5f2b9b2423cd67	0	0	13	0	0	0	0	0	0	0	0	0	0	0
f09c2506e1894ca472a3d37254d177de	0	0	13	0	0	0	0	0	0	0	0	0	0	0
f28383c2e0f6887c7ec54541cdbb23b2	0	0	13	0	0	0	0	0	0	0	0	0	0	0
fe01b17f2258253f48dd167cbd9d4abe	0	0	13	0	0	0	0	0	0	0	0	0	0	0
168ee6caf425cf3f638affba38b53ff1	0	0	13	0	0	0	0	0	0	0	0	0	0	0
baf58c272f0c77488921798822c4f356	0	0	13	0	0	0	0	0	0	0	0	0	0	0
e10afc3838775d7ee6c41aa43b024624	0	0	13	0	0	0	0	0	0	0	0	0	0	0
909c77de03ad3e27ccc82e62ca68b804	0	0	13	0	0	0	0	0	0	0	0	0	0	0
16b00a0465f956ecf239bc35a15d274a	0	0	13	0	0	0	0	0	0	0	0	0	0	0
44fd2865ee550a1c9dadcd7b2237312c	0	0	13	0	0	0	0	0	0	0	0	0	0	0
c57a5a7ae4a6a4220adc5e391ce9e3bc	0	0	13	0	0	0	0	0	0	0	0	0	0	0
df63adbe9182bc85de11179901867efa	0	0	9	0	0	4	0	0	0	0	0	0	0	0
336a0435494d9177e3fed2e3f9ccaab9	0	0	7	0	0	6	0	0	0	0	0	0	0	0
837e82e0a98afe3ef35e920da05053c7	0	0	6	0	0	0	7	0	0	0	0	0	0	0
6321328f400ece76323feb645a967b86	0	0	4	0	0	9	0	0	0	0	0	0	0	0
ccd7f239831fe4ebdea4a87e49a48e82	0	0	0	13	0	0	0	0	0	0	0	0	0	0
36ada39b2ff1d372c51a565d76e506a6	0	0	0	13	0	0	0	0	0	0	0	0	0	0
d6ff2b24d70187cda3b59afe85b1a3ec	0	0	0	13	0	0	0	0	0	0	0	0	0	0
1953a0cc04873c38a4efc800e25ed9c9	0	0	0	13	0	0	0	0	0	0	0	0	0	0
4e4a206a3ac36fae7bd53cf8ac8c3707	0	0	0	0	13	0	0	0	0	0	0	0	0	0
ab068826aaaad5f6692a5d23487c2b7a	0	0	0	0	13	0	0	0	0	0	0	0	0	0
70b1d822f87b338371dcc6409bc72275	0	0	0	0	0	13	0	0	0	0	0	0	0	0
433c6e34b5d8a68dbe22969a9806c81c	0	0	0	0	0	13	0	0	0	0	0	0	0	0
70b3c1ef3a2f2f7b0c141df2ea60d37d	0	0	0	0	0	13	0	0	0	0	0	0	0	0
83620f5022068d437730e09694d480c8	0	0	0	0	0	13	0	0	0	0	0	0	0	0
27ea7fdde37e20e990219b5950bfe813	0	0	0	0	0	13	0	0	0	0	0	0	0	0
4b56d4776875f9c3370bf6652e3d556e	0	0	0	0	0	13	0	0	0	0	0	0	0	0
fe5ef0e6b34015d20ad5c2a924e48c83	0	0	0	0	0	13	0	0	0	0	0	0	0	0
1356330a3e1e8929758f155a492b4063	0	0	0	0	0	13	0	0	0	0	0	0	0	0
23fcb225a5411b6aee7c5351170c4c1a	0	0	0	0	0	13	0	0	0	0	0	0	0	0
0bf8119544b62791ce87a42ebf83f939	0	0	0	0	0	13	0	0	0	0	0	0	0	0
5139634c4afe84cca79fe28a272b122b	0	0	0	0	0	13	0	0	0	0	0	0	0	0
d157c793637b2cfc295fb851360a9715	0	0	0	0	0	13	0	0	0	0	0	0	0	0
ee121e2f8923f9da32159423c738ec03	0	0	0	0	0	13	0	0	0	0	0	0	0	0
5b2f6a1bf8391032c93060d3a933e3bf	0	0	0	0	0	13	0	0	0	0	0	0	0	0
d61ff1a527ec184d35f15e69c600cfff	0	0	0	0	0	13	0	0	0	0	0	0	0	0
299133f5c0019b0e7db87c32e5c67776	0	0	0	0	0	13	0	0	0	0	0	0	0	0
582d08439cf94f125f02bd812b94cf30	0	0	0	0	0	13	0	0	0	0	0	0	0	0
2e29c0520e4f615d73cf369a4ec1631b	0	0	0	0	0	11	2	0	0	0	0	0	0	0
ea7e508bce0df0a8bb6f2a9367d9eaa3	0	0	0	0	0	5	8	0	0	0	0	0	0	0
cf6a1ef3178ae0c69b9bbf1bceb1a073	0	0	0	0	0	5	8	0	0	0	0	0	0	0
36445ab56dbfab7239f20d00fa3e8a68	0	0	0	0	0	0	13	0	0	0	0	0	0	0
ae3f751cce101834baf99e756894acb0	0	0	0	0	0	0	13	0	0	0	0	0	0	0
83fcb27970c1226142fac90446807c86	0	0	0	0	0	0	13	0	0	0	0	0	0	0
6ab710812810c74e392009def1e71654	0	0	0	0	0	0	13	0	0	0	0	0	0	0
d99b2fdf984cfd8bf2f3f6c29586ed61	0	0	0	0	0	0	13	0	0	0	0	0	0	0
7d126b36e62c2d47735fce711bfa8356	0	0	0	0	0	0	13	0	0	0	0	0	0	0
fa16bc05f258df23d674c67968da1096	0	0	0	0	0	0	13	0	0	0	0	0	0	0
88291228115a43c3f7ed5c0b9f54a9cf	0	0	0	0	0	0	13	0	0	0	0	0	0	0
67644d3d4260042cfcf3aa5b0c517bca	0	0	0	0	0	0	13	0	0	0	0	0	0	0
b667fe7ce7a4141e5561847a7dbfca39	0	0	0	0	0	0	13	0	0	0	0	0	0	0
89381f752c2d9a029db74d96f3d4abb3	0	0	0	0	0	0	13	0	0	0	0	0	0	0
7cef6240a88622f3138451521a0e81fc	0	0	0	0	0	0	13	0	0	0	0	0	0	0
3689572e237321dad0c28a06a59a2f44	0	0	0	0	0	0	13	0	0	0	0	0	0	0
6c563d14b80e267a0d53bc9d428b0c11	0	0	0	0	0	0	13	0	0	0	0	0	0	0
be9eeba074b0eea6e792d416d067da3f	0	0	0	0	0	0	13	0	0	0	0	0	0	0
dc1378cb5e4b88b8f6cfbc3e65da88c2	0	0	0	0	0	0	13	0	0	0	0	0	0	0
a59ae611a47d83f08c320d3f32711253	0	0	0	0	0	0	13	0	0	0	0	0	0	0
09b7940fbe2a7f03749d426b37ea999d	0	0	0	0	0	0	13	0	0	0	0	0	0	0
a2b45f1bf9bdd89e2c230ac14d2e79a5	0	0	0	0	0	0	0	13	0	0	0	0	0	0
82c75725868899aaf319f6410e865ce5	0	0	0	0	0	0	0	13	0	0	0	0	0	0
92bf62f42e940b4fab1d6c1cab5ff305	0	0	0	0	0	0	0	13	0	0	0	0	0	0
fe4ae8f664d78303bba39f725d41f5aa	0	0	0	0	0	0	0	13	0	0	0	0	0	0
cb6eaf56483e7b915e6854322771bb91	0	0	0	0	0	0	0	13	0	0	0	0	0	0
52bc5899096d0e657635d7f42f590ab4	0	0	0	0	0	0	0	13	0	0	0	0	0	0
ead39632ff386a1fc2b6ab0c835d5d38	0	0	0	0	0	0	0	13	0	0	0	0	0	0
01afe580fe4a586a07b2838618a8cece	0	0	0	0	0	0	0	13	0	0	0	0	0	0
469e4c702fd856227c35f206b0a57d19	0	0	0	0	0	0	0	13	0	0	0	0	0	0
1bc5a0c9e4e02bbc4702200f52a70e4e	0	0	0	0	0	0	0	13	0	0	0	0	0	0
527347a552ede5d7b1dbdb619866573a	0	0	0	0	0	0	0	13	0	0	0	0	0	0
dc76976c0d451f427b1a8e7e96af5362	0	0	0	0	0	0	0	13	0	0	0	0	0	0
f2006e9e45695a9999626625daeca77d	0	0	0	0	0	0	0	13	0	0	0	0	0	0
1aba584a5d774635bd2945e27bc474f9	0	0	0	0	0	0	0	13	0	0	0	0	0	0
0742a309c081c35b7f5b68056579777b	0	0	0	0	0	0	0	13	0	0	0	0	0	0
2c94166e11af6916c0d43256c77ac027	0	0	0	0	0	0	0	13	0	0	0	0	0	0
5f7171fadd6350da49484513e3a055fa	0	0	0	0	0	0	0	13	0	0	0	0	0	0
824f9f7e9b2cff398c314cc6012a0ca5	0	0	0	0	0	0	0	13	0	0	0	0	0	0
810fff2f2a49029af426a9978178da00	0	0	0	0	0	0	0	13	0	0	0	0	0	0
7ba7d0576a06ceba62be2cafebe9a569	0	0	0	0	0	0	0	13	0	0	0	0	0	0
9362fa4a27d7f4370562978a227c161b	0	0	0	0	0	0	0	13	0	0	0	0	0	0
f44fc50ed71738fbab208d3baf9f4221	0	0	0	0	0	0	0	13	0	0	0	0	0	0
4f2d55c5d9129e5bd3ef90dffc8f6526	0	0	0	0	0	0	0	13	0	0	0	0	0	0
8d0723c8b8fffefdf82e2d03b42581b3	0	0	0	0	0	0	0	13	0	0	0	0	0	0
2982f7943db9c9dce7eb9d0fcc42e5db	0	0	0	0	0	0	0	13	0	0	0	0	0	0
50c47def88e1576299a1b5aa41f8bbb1	0	0	0	0	0	0	0	13	0	0	0	0	0	0
38c0e3cfc901dc4c9656fda2340c6811	0	0	0	0	0	0	0	13	0	0	0	0	0	0
779c06a6171a5c947e7ff70d162bea8a	0	0	0	0	0	0	0	13	0	0	0	0	0	0
e70030c8a2e8e0f447591e6b68964cb0	0	0	0	0	0	0	0	13	0	0	0	0	0	0
dc53d96330b1a76e2cc50e626b69b011	0	0	0	0	0	0	0	13	0	0	0	0	0	0
a799fc754f1b1281cd2a7b908031e2f2	0	0	0	0	0	0	0	13	0	0	0	0	0	0
592c36b1a5ca505552400e808e03d848	0	0	0	0	0	0	0	13	0	0	0	0	0	0
06e3c1e785a851de4ce76dcb0424a529	0	0	0	0	0	0	0	13	0	0	0	0	0	0
24db0ab1d6787b354fb225d01b3d9180	0	0	0	0	0	0	0	13	0	0	0	0	0	0
4e1a35c127cc99e50cc3191269b0f6e1	0	0	0	0	0	0	0	13	0	0	0	0	0	0
d066dfff3b96bbc64f5890eb2577a896	0	0	0	0	0	0	0	13	0	0	0	0	0	0
672cf0ea6ca177af267a7e12cbcf50c9	0	0	0	0	0	0	0	13	0	0	0	0	0	0
3b935e7256284b02ba037e1123a6b4db	0	0	0	0	0	0	0	13	0	0	0	0	0	0
0cd84df23d0874643415a16b16afc249	0	0	0	0	0	0	0	13	0	0	0	0	0	0
a602e47af03b3a0c2c19897491f6e4c0	0	0	0	0	0	0	0	13	0	0	0	0	0	0
5739004f1acf44fd8373052a42116fdc	0	0	0	0	0	0	0	13	0	0	0	0	0	0
f6bcb95d33541621b3e4c0ece3e4735c	0	0	0	0	0	0	0	13	0	0	0	0	0	0
83c1e4f17975999b5e161f511695dead	0	0	0	0	0	0	0	13	0	0	0	0	0	0
b52d88762caaa184b3cd00a608b2bca0	0	0	0	0	0	0	0	13	0	0	0	0	0	0
c4e2ab4409c88dd63d38d52ed9c2f4f7	0	0	0	0	0	0	0	13	0	0	0	0	0	0
dfb18a0b2903b624aa81fefa95b6701f	0	0	0	0	0	0	0	13	0	0	0	0	0	0
552d125edd4779f2ec1fe6ed12894f76	0	0	0	0	0	0	0	13	0	0	0	0	0	0
cf5692db37e7fa888f4147f9d8ddf85c	0	0	0	0	0	0	0	13	0	0	0	0	0	0
42323b83a2845cad26280adf59a40307	0	0	0	0	0	0	0	13	0	0	0	0	0	0
439f2ff5c0daa9b0f05a0b931f1dcf0c	0	0	0	0	0	0	0	13	0	0	0	0	0	0
d3c34da804ec4759419b472f763f977e	0	0	0	0	0	0	0	13	0	0	0	0	0	0
14d8922e13a2ade2c5f2d6db0047445a	0	0	0	0	0	0	0	13	0	0	0	0	0	0
cee794720d03fe6ee02ca39d7d094ea8	0	0	0	0	0	0	0	13	0	0	0	0	0	0
f043ee839fdf6ba2ff40bd3f36973e7a	0	0	0	0	0	0	0	13	0	0	0	0	0	0
fb579f2569e43aa9d4142b3ea26e192f	0	0	0	0	0	0	0	13	0	0	0	0	0	0
57f48557096c55f3284ef6ab95f13fdf	0	0	0	0	0	0	0	13	0	0	0	0	0	0
3053c894644e6f089100d7668be9029e	0	0	0	0	0	0	0	13	0	0	0	0	0	0
03c3e54d060d9a79efa28187945f72de	0	0	0	0	0	0	0	13	0	0	0	0	0	0
f5157779def7086b52d1a34161bc6139	0	0	0	0	0	0	0	13	0	0	0	0	0	0
95560924d92e946262e973ec2663fae6	0	0	0	0	0	0	0	13	0	0	0	0	0	0
75fd9d99a66113c5e3a36fe40b6b66e5	0	0	0	0	0	0	0	13	0	0	0	0	0	0
86250ed8670b94a80cb31f1cf4783f0a	0	0	0	0	0	0	0	13	0	0	0	0	0	0
bb66e0fd6a34599a3fd8a81a7a74df16	0	0	0	0	0	0	0	13	0	0	0	0	0	0
3e3b5f3483c7d930f7688d5f6bbb3b84	0	0	0	0	0	0	0	13	0	0	0	0	0	0
9dbff2338321d6d302f06a1bf99c45ee	0	0	0	0	0	0	0	13	0	0	0	0	0	0
a8290546562927a932439a28f6f4eaba	0	0	0	0	0	0	0	13	0	0	0	0	0	0
349b06c28ea1288852d667065bfdd527	0	0	0	0	0	0	0	13	0	0	0	0	0	0
06c2a0aad51c448a66cad95452fc3e05	0	0	0	0	0	0	0	13	0	0	0	0	0	0
caff2e975bd44fb46de411c411a21bea	0	0	0	0	0	0	0	13	0	0	0	0	0	0
de46ffe305471cc094f3ef364cfcf240	0	0	0	0	0	0	0	0	0	0	0	13	0	0
e73001a969e8ae6cd92a8ab1ef7e80e5	0	0	0	0	0	0	0	0	0	0	0	0	0	13
8f8e8e5a054d1d5b82796a18ca0a8624	0	0	0	0	0	0	0	0	0	0	0	0	0	13
2b30cdcffb8f1ef33782c9485e52d01d	0	0	0	0	0	0	0	0	0	0	0	0	0	13
51df3c3acf8ce037de735995dd96ad1d	0	0	0	0	0	0	0	0	0	0	0	0	0	13
b5a848830a5fdaea785fada7f318267c	0	0	0	0	0	0	0	0	0	0	0	0	0	13
9236d483816380a0423f129099d4e3e9	0	0	0	0	0	0	0	0	0	0	0	0	0	13
be40720169214537b96e4a3dfa0dd5ea	0	0	0	0	0	0	0	0	0	0	0	0	0	13
dbcb3ee8f299301874bbdb19425ac68d	0	0	0	0	0	0	0	0	0	0	0	0	0	13
16806becde8cd904848358ee5e195c58	0	0	0	0	0	0	0	0	0	0	0	0	0	13
f11cb3989bab462657c221eca8e27b02	0	0	0	0	0	0	0	0	0	0	0	0	0	13
4e403e8a1b792a458cd7f55142388d8b	0	12	0	0	0	0	0	0	0	0	0	0	0	0
d1df1809c35bb31d90aae2e251967737	0	12	0	0	0	0	0	0	0	0	0	0	0	0
a4f8f968c5a1257cbf2cd5e01ceef022	0	12	0	0	0	0	0	0	0	0	0	0	0	0
23a5cae4b7ab798e07c1be5b607c69ad	0	12	0	0	0	0	0	0	0	0	0	0	0	0
a22431093c18af1d70a18828b026b745	0	12	0	0	0	0	0	0	0	0	0	0	0	0
d920c78f2e457393d887daa10ce877ba	0	12	0	0	0	0	0	0	0	0	0	0	0	0
7bcc0cf6217d34f33f1722baf83a5638	0	12	0	0	0	0	0	0	0	0	0	0	0	0
d6ce138fb53095c98f5f9e35b8770a8f	0	12	0	0	0	0	0	0	0	0	0	0	0	0
8713d946250266c455afefad59c2bc83	0	12	0	0	0	0	0	0	0	0	0	0	0	0
2aa658108a837eca5c88e460f4257613	0	12	0	0	0	0	0	0	0	0	0	0	0	0
a59a8f35859ee490794d31aef112b57c	0	12	0	0	0	0	0	0	0	0	0	0	0	0
17534b2a236782ddc9a744a80de886fe	0	12	0	0	0	0	0	0	0	0	0	0	0	0
cae0297e1b237db5a0cd9be7941f59b0	0	12	0	0	0	0	0	0	0	0	0	0	0	0
cd1ed7e2dac8a321da4c5b381892263c	0	12	0	0	0	0	0	0	0	0	0	0	0	0
4a0fdeeb35db2130c568c1280b7e594b	0	12	0	0	0	0	0	0	0	0	0	0	0	0
bb7ecac67249fdf82868aea154cd8d82	0	12	0	0	0	0	0	0	0	0	0	0	0	0
e25f237763ed3c0d15147502020d0b8a	0	12	0	0	0	0	0	0	0	0	0	0	0	0
9283df2e88c56290bf0c1bd578d65aaf	0	12	0	0	0	0	0	0	0	0	0	0	0	0
9997a887a7b8f0a8df9cce86f7a0b279	0	12	0	0	0	0	0	0	0	0	0	0	0	0
d4c89322082051826f5b7b2b818824b0	0	12	0	0	0	0	0	0	0	0	0	0	0	0
f2e9bbada7b0c2c9e1b83db1f62953a9	0	12	0	0	0	0	0	0	0	0	0	0	0	0
5a99a13e878407441142b2f36430a79b	0	12	0	0	0	0	0	0	0	0	0	0	0	0
711a9e7bc9e611c6c7d86b0c9cd660f9	0	12	0	0	0	0	0	0	0	0	0	0	0	0
da5958dea5aecd9c266066697b88e8fa	0	12	0	0	0	0	0	0	0	0	0	0	0	0
bcab0a6bac570adcf074695b498157af	0	12	0	0	0	0	0	0	0	0	0	0	0	0
e217c8f8d36c4b9a353475016c6ac36a	0	12	0	0	0	0	0	0	0	0	0	0	0	0
6bb3356a7a33813a2e0aa9204734e7aa	0	12	0	0	0	0	0	0	0	0	0	0	0	0
fbb36895b165344bdf07f92064ba953e	0	12	0	0	0	0	0	0	0	0	0	0	0	0
50fd77cadde7d57744ada58a965d424e	0	12	0	0	0	0	0	0	0	0	0	0	0	0
3b7aec89a5d4cfd33ec6da5818780aa0	0	12	0	0	0	0	0	0	0	0	0	0	0	0
06fd728107d598e62a9bfaf31e296864	0	12	0	0	0	0	0	0	0	0	0	0	0	0
6433c58023fbc69b1ab8aac8640b2b7c	0	12	0	0	0	0	0	0	0	0	0	0	0	0
c0c51f749be9d4f5520f70c282bb6244	0	12	0	0	0	0	0	0	0	0	0	0	0	0
b94517ed66491aefb70fba94c28c8e0c	0	12	0	0	0	0	0	0	0	0	0	0	0	0
41657734b7342c131515c43253a919de	0	12	0	0	0	0	0	0	0	0	0	0	0	0
ac5ef93b2299b816de76ca505358bb34	0	12	0	0	0	0	0	0	0	0	0	0	0	0
d61e19de45cce6c3ca254acd21038bc0	0	12	0	0	0	0	0	0	0	0	0	0	0	0
db53a1a09de01335c190c03999ae3f70	0	12	0	0	0	0	0	0	0	0	0	0	0	0
8e6fb108324388542f3f35738b4f6067	0	12	0	0	0	0	0	0	0	0	0	0	0	0
3c416ace492715b1f4f47a356b407642	0	12	0	0	0	0	0	0	0	0	0	0	0	0
e814fc59bd877fd30ac91445e034e672	0	12	0	0	0	0	0	0	0	0	0	0	0	0
40570a189e09c585c8d952f2f76ba442	0	12	0	0	0	0	0	0	0	0	0	0	0	0
b8c2e5e6b2a6dd60d642125b50e705cf	0	12	0	0	0	0	0	0	0	0	0	0	0	0
2af8f47454e3c60aa288211cf86f0bdf	0	12	0	0	0	0	0	0	0	0	0	0	0	0
2322329df7d6f1b38ab8529076d36525	0	12	0	0	0	0	0	0	0	0	0	0	0	0
37e3de026e3204266970ca9c0ca0a32f	0	12	0	0	0	0	0	0	0	0	0	0	0	0
393cab2aa1490591e5777e4f725b21fb	0	12	0	0	0	0	0	0	0	0	0	0	0	0
9510f3cdf576b72c3164c9f74b5088a9	0	12	0	0	0	0	0	0	0	0	0	0	0	0
d8bc75ba3bdadfbc16401c3fac384ac2	0	12	0	0	0	0	0	0	0	0	0	0	0	0
1a70f98a604882bd50817b844499d703	0	12	0	0	0	0	0	0	0	0	0	0	0	0
bcc8e33180b8634a80fbdb8c26daa5ee	0	12	0	0	0	0	0	0	0	0	0	0	0	0
10a689ce047db994bfffa7161e812e1f	0	12	0	0	0	0	0	0	0	0	0	0	0	0
79f9a57d5b4a1e9aeec999637b57d9e5	0	12	0	0	0	0	0	0	0	0	0	0	0	0
ad8eaff3db4ba044f0718e81c234c82e	0	12	0	0	0	0	0	0	0	0	0	0	0	0
8908a2380b752f045eecce2926e1d139	0	12	0	0	0	0	0	0	0	0	0	0	0	0
7a4e58bfb8e5b680c7ce7aee94e79fca	0	12	0	0	0	0	0	0	0	0	0	0	0	0
1b5426f85d48924d5f7e006b7f6bc151	0	12	0	0	0	0	0	0	0	0	0	0	0	0
2542f6cefa879bb195bca6d23ac7c8c7	0	12	0	0	0	0	0	0	0	0	0	0	0	0
8902d9e1c09b48d692e56850f8aa9bbc	0	0	12	0	0	0	0	0	0	0	0	0	0	0
05bfca6faadf61a60bfc6e27a7f2ea95	0	0	12	0	0	0	0	0	0	0	0	0	0	0
f009992e5fd39bee1dd6b5aa77cfdd0f	0	0	12	0	0	0	0	0	0	0	0	0	0	0
495916e71cc0e2e6b667eba955377909	0	0	12	0	0	0	0	0	0	0	0	0	0	0
583f6ac140d18cabd6166c4a21c15f67	0	0	12	0	0	0	0	0	0	0	0	0	0	0
3360e30f880d2740a258025b3e858d15	0	0	12	0	0	0	0	0	0	0	0	0	0	0
ff9f36c74ebe47a64269d84e257f94ad	0	0	12	0	0	0	0	0	0	0	0	0	0	0
2081e4e93f972fede7e2ef1f4ca4c87d	0	0	12	0	0	0	0	0	0	0	0	0	0	0
1d5de00b432301cba081889e49ac1293	0	0	12	0	0	0	0	0	0	0	0	0	0	0
0b18b5ae0c74a8c597a24665126495fe	0	0	12	0	0	0	0	0	0	0	0	0	0	0
2b68a4bbdf102b2bb06b68931f1ce120	0	0	12	0	0	0	0	0	0	0	0	0	0	0
743a16da34b190ce53b7755d6ff6317f	0	0	12	0	0	0	0	0	0	0	0	0	0	0
10b2571a4d61eed7b556c0f899f5675a	0	0	12	0	0	0	0	0	0	0	0	0	0	0
dcad0ae8b036a6ba88f41c0a50f2e9e1	0	0	12	0	0	0	0	0	0	0	0	0	0	0
0db07154830c1fb0d17cfd20b977ded4	0	0	12	0	0	0	0	0	0	0	0	0	0	0
9a44edad3b4e44dd74f8ed6a9de987bf	0	0	12	0	0	0	0	0	0	0	0	0	0	0
a6b5acd722895c68a1fa18c0b2b6e0ae	0	0	12	0	0	0	0	0	0	0	0	0	0	0
28b7c219409000348b1ec7cbc89c921e	0	0	12	0	0	0	0	0	0	0	0	0	0	0
abc39b58e32da4caefa3bc7041037ab9	0	0	12	0	0	0	0	0	0	0	0	0	0	0
45411a15a411c2255d6d5d8c1e7398f4	0	0	12	0	0	0	0	0	0	0	0	0	0	0
1c7633d0db92013a2d621d9daa4219b9	0	0	12	0	0	0	0	0	0	0	0	0	0	0
b3a448b808d0e46330c9ef194cbcace2	0	0	12	0	0	0	0	0	0	0	0	0	0	0
85664db3c9d6b05c088c980108dbc97d	0	0	12	0	0	0	0	0	0	0	0	0	0	0
1a6794f751e235a2f0033bdd8721dbd9	0	0	12	0	0	0	0	0	0	0	0	0	0	0
ed0a89030580d7785e41d83dd4e8bb2f	0	0	12	0	0	0	0	0	0	0	0	0	0	0
afed96105e04cb5915d617cc466dee0d	0	0	12	0	0	0	0	0	0	0	0	0	0	0
aaa454ce87ad4302c1cbc1a5a046dfe0	0	0	12	0	0	0	0	0	0	0	0	0	0	0
fe03d9bdac6e2690c6783979b714ffdd	0	0	12	0	0	0	0	0	0	0	0	0	0	0
01e6380c5f06c8082d93aeadca1e1de1	0	0	12	0	0	0	0	0	0	0	0	0	0	0
642a347c6e33bf6296bb3d3ae4ece6fd	0	0	12	0	0	0	0	0	0	0	0	0	0	0
476ca3878f036ac537929f3312ab023b	0	0	12	0	0	0	0	0	0	0	0	0	0	0
842525da57fb7016f7858bba956bf111	0	0	12	0	0	0	0	0	0	0	0	0	0	0
75d826b25bd8e681ac69c001258f3f50	0	0	12	0	0	0	0	0	0	0	0	0	0	0
250080f5a205e592b577800770dcf969	0	0	12	0	0	0	0	0	0	0	0	0	0	0
f6b81f335241ba88300901f1dd7689da	0	0	12	0	0	0	0	0	0	0	0	0	0	0
d64607f221d7a76623c76255a6a42923	0	0	12	0	0	0	0	0	0	0	0	0	0	0
18f2f4aef03191d889328cce0a66ccc7	0	0	12	0	0	0	0	0	0	0	0	0	0	0
3b6f5be1de33a832925b435f780d4b7f	0	0	12	0	0	0	0	0	0	0	0	0	0	0
3f7b59d7e26bc5a8c23d53737b08c00e	0	0	12	0	0	0	0	0	0	0	0	0	0	0
734eb2a2caef5761e3634bdd4917f799	0	0	12	0	0	0	0	0	0	0	0	0	0	0
c48e064db1ac7478d945c3ced8414adb	0	0	12	0	0	0	0	0	0	0	0	0	0	0
b20610bb86e5be0f9e138a1fdd7402ed	0	0	12	0	0	0	0	0	0	0	0	0	0	0
d684cccaad46913c759ad764448560a9	0	0	12	0	0	0	0	0	0	0	0	0	0	0
3ffe0a77eeb4a901ba698310946d633d	0	0	12	0	0	0	0	0	0	0	0	0	0	0
f9c2a4d55870ac82a1a5debc90b5da1a	0	0	12	0	0	0	0	0	0	0	0	0	0	0
2cbdd827546a65d2eebc52562c0b11c8	0	0	12	0	0	0	0	0	0	0	0	0	0	0
23e46e011fd32ba28ad90c1f68c63e88	0	0	12	0	0	0	0	0	0	0	0	0	0	0
aa307a9a720b64be1d2ffa751387e34e	0	0	12	0	0	0	0	0	0	0	0	0	0	0
0301cea48f0dab9345e6b9817e77a887	0	0	12	0	0	0	0	0	0	0	0	0	0	0
acceb239d7615d31341f49976c030f73	0	0	10	0	0	0	2	0	0	0	0	0	0	0
3aaa8f97edcb6fabbcc042445e22813e	0	0	9	0	0	0	3	0	0	0	0	0	0	0
e6f9ea816bd5f8afdfff126abcfe27ef	0	0	8	0	0	4	0	0	0	0	0	0	0	0
49da2942727a54692ee64cc7194c621d	0	0	7	0	0	5	0	0	0	0	0	0	0	0
68c7b74741d74df1048769b88a0b9d86	0	0	3	0	0	8	1	0	0	0	0	0	0	0
f163866dc0bff83393cee90595c660ab	0	0	0	12	0	0	0	0	0	0	0	0	0	0
16ae8ce931075649f188ebf6fb5c6230	0	0	0	12	0	0	0	0	0	0	0	0	0	0
70794fe05ebd714c71333a4623362a7c	0	0	0	0	12	0	0	0	0	0	0	0	0	0
b597b106c2702610c85b6860fbcb2af4	0	0	0	0	12	0	0	0	0	0	0	0	0	0
3d89dd5fe7d21cd8dbe09af19411294b	0	0	0	0	0	12	0	0	0	0	0	0	0	0
d3f87356a8b329e015e71bb946c003f1	0	0	0	0	0	12	0	0	0	0	0	0	0	0
c430bc18545ba0141a1189ddfbc267ac	0	0	0	0	0	12	0	0	0	0	0	0	0	0
28fc13b5cd9b7c239603cb6e2fe617a2	0	0	0	0	0	12	0	0	0	0	0	0	0	0
7590c8d72c3d632bff659234abebfb2c	0	0	0	0	0	12	0	0	0	0	0	0	0	0
cdb4af17fd786b5c86eca97e6f4d19c4	0	0	0	0	0	12	0	0	0	0	0	0	0	0
bcd7721c865882b14de8cbbf5bf33669	0	0	0	0	0	12	0	0	0	0	0	0	0	0
d603b64f2a30659f4d20622dad05df56	0	0	0	0	0	12	0	0	0	0	0	0	0	0
351787843264a894eddbcc197adeccce	0	0	0	0	0	12	0	0	0	0	0	0	0	0
1800173ecdd8383c4534b2e6ef377263	0	0	0	0	0	12	0	0	0	0	0	0	0	0
de773b1a8c40dc9036496a7793489a33	0	0	0	0	0	12	0	0	0	0	0	0	0	0
719a769080f5d513a3a0188be527a4ee	0	0	0	0	0	12	0	0	0	0	0	0	0	0
a5f43e57dc10dd495f487cedd04115bc	0	0	0	0	0	12	0	0	0	0	0	0	0	0
feb6c45e796a37c9a6e57468434ee87d	0	0	0	0	0	12	0	0	0	0	0	0	0	0
8f2d1559a1b3336ea75ae87d7ca28536	0	0	0	0	0	12	0	0	0	0	0	0	0	0
8cbef229eec15aa9a5f8a0cd3dec7025	0	0	0	0	0	12	0	0	0	0	0	0	0	0
66734f9e3fd6667b2edeff12787ba94d	0	0	0	0	0	12	0	0	0	0	0	0	0	0
5877e5f6b72109c579d79acf1842eddb	0	0	0	0	0	12	0	0	0	0	0	0	0	0
dcf6d03205b3a86e18f16cddc972e7c4	0	0	0	0	0	12	0	0	0	0	0	0	0	0
a46dde3af3730360dfacb4abd3f417e8	0	0	0	0	0	12	0	0	0	0	0	0	0	0
ee08ee3dfa054466957c05c9bebd7462	0	0	0	0	0	12	0	0	0	0	0	0	0	0
2c5597bd30c9a64501c9ae549043cfc2	0	0	0	0	0	12	0	0	0	0	0	0	0	0
d8e566cebde7a4be6b85e199fe438f21	0	0	0	0	0	12	0	0	0	0	0	0	0	0
edd00dbe2467396404e4d1d5073ff995	0	0	0	0	0	0	12	0	0	0	0	0	0	0
215e5035899b9908548dd9fb5bf6c28a	0	0	0	0	0	0	12	0	0	0	0	0	0	0
c341dfa81c59d8e66335a4dba7a53116	0	0	0	0	0	0	12	0	0	0	0	0	0	0
1129d5a572f4a46095e3bc36920ec621	0	0	0	0	0	0	12	0	0	0	0	0	0	0
5451213f9d6e4fc9f076112f45814ad9	0	0	0	0	0	0	12	0	0	0	0	0	0	0
6726e1718537a8568c13dc53ed69898c	0	0	0	0	0	0	12	0	0	0	0	0	0	0
2089d6833b0245f7b0d75c0b89a15854	0	0	0	0	0	0	12	0	0	0	0	0	0	0
03e0f5bef768cb30f141ce48a21bfa02	0	0	0	0	0	0	12	0	0	0	0	0	0	0
b1226261058c820909a0d51b28934341	0	0	0	0	0	0	12	0	0	0	0	0	0	0
a465ba5b78d709f9f055dd14b82cc85a	0	0	0	0	0	0	12	0	0	0	0	0	0	0
cb22eb2d11db329db3ff1df8e8ef1e36	0	0	0	0	0	0	12	0	0	0	0	0	0	0
dcf0820b8af7e32174244157e9c877ff	0	0	0	0	0	0	12	0	0	0	0	0	0	0
8ca03a5051115166dab44ebe435cc26b	0	0	0	0	0	0	12	0	0	0	0	0	0	0
7299fe7c354b3b36c2952d7e17b07810	0	0	0	0	0	0	12	0	0	0	0	0	0	0
24c275175971c08166b8415f61661e1e	0	0	0	0	0	0	12	0	0	0	0	0	0	0
e122051fef157fe93c1f84177dcbf6d9	0	0	0	0	0	0	12	0	0	0	0	0	0	0
164bfd81f1a45c2dda8b43b87a394d14	0	0	0	0	0	0	12	0	0	0	0	0	0	0
bd2fa3a819607babd1e97ddd7d8b0384	0	0	0	0	0	0	12	0	0	0	0	0	0	0
6d073248f9604bf44355a5341885b030	0	0	0	0	0	0	12	0	0	0	0	0	0	0
8063a958b5dad54397cf6fcc54afe53f	0	0	0	0	0	0	12	0	0	0	0	0	0	0
027f665a2e6ae71f60518cba5857e6c3	0	0	0	0	0	0	12	0	0	0	0	0	0	0
2e0f07c00300111c77298c41418df532	0	0	0	0	0	0	12	0	0	0	0	0	0	0
0e298b3bf11457fcc20db9f76c003fd7	0	0	0	0	0	0	12	0	0	0	0	0	0	0
f58b2c5664c5d64df452145c3abd60cd	0	0	0	0	0	0	12	0	0	0	0	0	0	0
2cb6eff1759f9ebdaba6c0f1dd36d86e	0	0	0	0	0	0	12	0	0	0	0	0	0	0
6362189a58f0154832c356082861da30	0	0	0	0	0	0	12	0	0	0	0	0	0	0
49d34c2323c7ff71536261cc410518c3	0	0	0	0	0	0	12	0	0	0	0	0	0	0
c2060696ab201f92e24acdc04a104689	0	0	0	0	0	0	12	0	0	0	0	0	0	0
384ae8f2c9a59697485a05ab05c73a4a	0	0	0	0	0	0	0	12	0	0	0	0	0	0
151d345ea6de13228f949edf910e8cb3	0	0	0	0	0	0	0	12	0	0	0	0	0	0
dbdc652431357b2e08d666af287f6ea5	0	0	0	0	0	0	0	12	0	0	0	0	0	0
e7da48e497357fc1b84eb42c9627484d	0	0	0	0	0	0	0	12	0	0	0	0	0	0
bb742a40b4267acb29b612aa3370de10	0	0	0	0	0	0	0	12	0	0	0	0	0	0
6fd7ab3a91cf7ac59de07f8d1e5fefc7	0	0	0	0	0	0	0	12	0	0	0	0	0	0
784336571c1804b0ead329e0d24b6bdb	0	0	0	0	0	0	0	12	0	0	0	0	0	0
3a608dc60c824720820241cbb0cb621d	0	0	0	0	0	0	0	12	0	0	0	0	0	0
7c4234125a9ab494dab9d2bc6c30d858	0	0	0	0	0	0	0	12	0	0	0	0	0	0
b9e84fba74a3c629dd64d26797ec7bc2	0	0	0	0	0	0	0	12	0	0	0	0	0	0
6c938798a6c96cc4cfeb5e93a8cb774f	0	0	0	0	0	0	0	12	0	0	0	0	0	0
965086f214466b529c97241ebbf950fa	0	0	0	0	0	0	0	12	0	0	0	0	0	0
b05b735662ff75d402c9d23c6a02d1c5	0	0	0	0	0	0	0	12	0	0	0	0	0	0
483748b8dd555bdaede71a53c59ee9a5	0	0	0	0	0	0	0	12	0	0	0	0	0	0
a9d279e6ff4ca57596f68799c55e4c92	0	0	0	0	0	0	0	12	0	0	0	0	0	0
c04e2de5d83cd4d361d0f9847cacc3b7	0	0	0	0	0	0	0	12	0	0	0	0	0	0
67125532c62f685355aee76e0c30407f	0	0	0	0	0	0	0	12	0	0	0	0	0	0
e366b153ace42aca5a0891438abdf560	0	0	0	0	0	0	0	12	0	0	0	0	0	0
67f072734089d766d0b7d629292d01bf	0	0	0	0	0	0	0	12	0	0	0	0	0	0
66fb5dce34f753c13435d6e3bd1efb45	0	0	0	0	0	0	0	12	0	0	0	0	0	0
8c56bae3ba74dfbfe8db6da1f9cd7e7a	0	0	0	0	0	0	0	12	0	0	0	0	0	0
5e2684b9b632708646e966844987d7b8	0	0	0	0	0	0	0	12	0	0	0	0	0	0
d07ed1fa8ad55fc4bd8f988a91442700	0	0	0	0	0	0	0	12	0	0	0	0	0	0
75a1511d795e604c2e51e71c915ba442	0	0	0	0	0	0	0	12	0	0	0	0	0	0
53332d4c427261b2dd1e112fb19f20ec	0	0	0	0	0	0	0	12	0	0	0	0	0	0
6489ebf4c9c94f1af2caf2eb7aa49bd1	0	0	0	0	0	0	0	12	0	0	0	0	0	0
3cff84c4a587d3d58c37aa7cba383dd0	0	0	0	0	0	0	0	12	0	0	0	0	0	0
67e0c0c9af9008d4cc458357edca8d76	0	0	0	0	0	0	0	12	0	0	0	0	0	0
5b6b76250b2bf6c7f4ed99367818b6d4	0	0	0	0	0	0	0	12	0	0	0	0	0	0
f47d259cce6cbfef28a75f938eadb399	0	0	0	0	0	0	0	12	0	0	0	0	0	0
4f1f6d7711c53f51152227e867eb129f	0	0	0	0	0	0	0	12	0	0	0	0	0	0
0b0f184b6e4740b6e8bbbb3e4280f027	0	0	0	0	0	0	0	12	0	0	0	0	0	0
dc5deeadee2b65951f2b211e8a555e26	0	0	0	0	0	0	0	12	0	0	0	0	0	0
f5949b84960490fb976d4f49381fcf11	0	0	0	0	0	0	0	12	0	0	0	0	0	0
20a7d2b04eec797e2a993e27f239f7bb	0	0	0	0	0	0	0	12	0	0	0	0	0	0
e3d2be3103f67d9a88d66e4494d5c568	0	0	0	0	0	0	0	12	0	0	0	0	0	0
84043eaa412e29cb0dc54ba2ce5e9504	0	0	0	0	0	0	0	12	0	0	0	0	0	0
94f6d14d69620652f70732959355723d	0	0	0	0	0	0	0	12	0	0	0	0	0	0
8ef498a7b9c06a6aad693f7ee9441370	0	0	0	0	0	0	0	12	0	0	0	0	0	0
9b7956e71f8cc59264e93dc315fcd6e7	0	0	0	0	0	0	0	12	0	0	0	0	0	0
953ac9954c01a17c9364fec7485bd375	0	0	0	0	0	0	0	12	0	0	0	0	0	0
ce1fff47dddc8fe78886a38427399a64	0	0	0	0	0	0	0	12	0	0	0	0	0	0
eb33e97c42d5c5d85b16fc8b3923f198	0	0	0	0	0	0	0	12	0	0	0	0	0	0
ea988fb563cf2b7b83b73fdb4d5a5c13	0	0	0	0	0	0	0	12	0	0	0	0	0	0
6ae95837094a66c0bdd50182f6f98a4b	0	0	0	0	0	0	0	12	0	0	0	0	0	0
dad8649b01d1e7a8a135ff27fff437fa	0	0	0	0	0	0	0	12	0	0	0	0	0	0
7a95fda5eec4c1854e608f80a64a28d9	0	0	0	0	0	0	0	12	0	0	0	0	0	0
3b466f8b07fc9e1101a41e65c7d85de0	0	0	0	0	0	0	0	12	0	0	0	0	0	0
9325df9cc0223c799b76cfe4d747dc77	0	0	0	0	0	0	0	12	0	0	0	0	0	0
e6d6b4051d04ac61fd8f7dbd6ab5a504	0	0	0	0	0	0	0	12	0	0	0	0	0	0
7c4bc43f71c760df2a397385851319e7	0	0	0	0	0	0	0	12	0	0	0	0	0	0
e26463de46c215ed84d1d27882bb564e	0	0	0	0	0	0	0	12	0	0	0	0	0	0
23c4ebc705cc03db1a8ad9a9fce49042	0	0	0	0	0	0	0	12	0	0	0	0	0	0
e8689d2bb5fb120622ff61e61f42accc	0	0	0	0	0	0	0	12	0	0	0	0	0	0
ed9475c25af37b8478ac221a6790e2c4	0	0	0	0	0	0	0	12	0	0	0	0	0	0
efbab0f3f76b9a869de0fdc3acf05d92	0	0	0	0	0	0	0	12	0	0	0	0	0	0
ed97d267dcd84413596e662b22fee179	0	0	0	0	0	0	0	12	0	0	0	0	0	0
1d9d6235f40dd9e675b7a84c94e46df7	0	0	0	0	0	0	0	12	0	0	0	0	0	0
01258c0e539ffbfa50e626a65253fe6e	0	0	0	0	0	0	0	12	0	0	0	0	0	0
05b8ab5bfefbedc80648cac0db9d4ff1	0	0	0	0	0	0	0	12	0	0	0	0	0	0
3cb38e17a6b6a97f9b5887d6d5d7f859	0	0	0	0	0	0	0	12	0	0	0	0	0	0
7c177dd510264c6b099f83c5910682ec	0	0	0	0	0	0	0	12	0	0	0	0	0	0
9cf56e71ccbe104a99891598863e196c	0	0	0	0	0	0	0	12	0	0	0	0	0	0
1fac32951f32e63281c86eb9137432ca	0	0	0	0	0	0	0	12	0	0	0	0	0	0
784a869e35f640ba70c9fcd13732113d	0	0	0	0	0	0	0	12	0	0	0	0	0	0
229b8e84a96cd59a0ad3ee9817ee62b4	0	0	0	0	0	0	0	12	0	0	0	0	0	0
3448291f3e36ae3f4766108a36586ea2	0	0	0	0	0	0	0	12	0	0	0	0	0	0
4f98bdb1bb7eb1e7f93d16ff70415291	0	0	0	0	0	0	0	12	0	0	0	0	0	0
2f3c08a576b1d72305883130ed520ee9	0	0	0	0	0	0	0	12	0	0	0	0	0	0
c0eaaecc23df5ea72a0bfbbf443f525c	0	0	0	0	0	0	0	12	0	0	0	0	0	0
5f3e6d335ac0d377ffeaf625bfde8f76	0	0	0	0	0	0	0	12	0	0	0	0	0	0
386dd1d8a287f0f54400cc7dc0dd67c9	0	0	0	0	0	0	0	12	0	0	0	0	0	0
a322907c1949df8577175cfa190314f4	0	0	0	0	0	0	0	12	0	0	0	0	0	0
0bbe055f3e2c80b88635eee94b515b2c	0	0	0	0	0	0	0	12	0	0	0	0	0	0
babb684785bf22d131833775363d7730	0	0	0	0	0	0	0	12	0	0	0	0	0	0
9b663095ebdd5c57a3752757fd5c47d4	0	0	0	0	0	0	0	12	0	0	0	0	0	0
8b6c9eacbaa4ebe938606b27cb1577a5	0	0	0	0	0	0	0	12	0	0	0	0	0	0
88e89ac78030d81635e25264cc4c6b94	0	0	0	0	0	0	0	12	0	0	0	0	0	0
17c5156fd81c608ac0a579a49f898cc4	0	0	0	0	0	0	0	12	0	0	0	0	0	0
ed53173e5e7e75d2eb1d58218cf01651	0	0	0	0	0	0	0	12	0	0	0	0	0	0
abc087d13c0a0ada9b5c905dd9d82dac	0	0	0	0	0	0	0	12	0	0	0	0	0	0
54527c183d7eca7f6f3a9c0c6ea91c3a	0	0	0	0	0	0	0	12	0	0	0	0	0	0
f0a807dbe5701c3a3d8cfbf3453fbb63	0	0	0	0	0	0	0	12	0	0	0	0	0	0
ecb4b42abbe637815a87a7d766e141fc	0	0	0	0	0	0	0	12	0	0	0	0	0	0
91e38e96ae9cdaa2d3ea1c3e48c3b817	0	0	0	0	0	0	0	12	0	0	0	0	0	0
4f29a8abcdf8db13a5bae5a226e34f76	0	0	0	0	0	0	0	12	0	0	0	0	0	0
ee877629c945e9b20709d93ae6c6e8ed	0	0	0	0	0	0	0	12	0	0	0	0	0	0
d10d56bf62aecc51aa2b90880bda468a	0	0	0	0	0	0	0	12	0	0	0	0	0	0
715e09bba312b16990ce19dc2d77fdec	0	0	0	0	0	0	0	12	0	0	0	0	0	0
642695623ee29da59ca09e67f4b7b615	0	0	0	0	0	0	0	12	0	0	0	0	0	0
7078e8540f3c2e3caefa8e27f0f711b8	0	0	0	0	0	0	0	12	0	0	0	0	0	0
d096abfcd6aecbf47b1bc833d17ae9ec	0	0	0	0	0	0	0	12	0	0	0	0	0	0
acbedb32e47c3ef18a730a246f0bbece	0	0	0	0	0	0	0	12	0	0	0	0	0	0
05e0ed15eb29b6afbaf11ab40653e3b1	0	0	0	0	0	0	0	12	0	0	0	0	0	0
725ca2ea19fab5e001d12858a0a83710	0	0	0	0	0	0	0	12	0	0	0	0	0	0
bf377d12892248b889bff2cc76f12925	0	0	0	0	0	0	0	12	0	0	0	0	0	0
f22d3b3b8833041bd16b9f33c6806bf6	0	0	0	0	0	0	0	12	0	0	0	0	0	0
eca3fcff0aa5241c16bdd5e0b3e1017b	0	0	0	0	0	0	0	0	12	0	0	0	0	0
e1132345643446592ed234f401e86510	0	0	0	0	0	0	0	0	0	0	12	0	0	0
3783484504ecd97507d1b599547ff225	0	0	0	0	0	0	0	0	0	0	12	0	0	0
6b8c37efd1d39edb972b3074f21cdfcb	0	0	0	0	0	0	0	0	0	0	0	12	0	0
7e584d26034e12d0fadf731e2ae0282b	0	0	0	0	0	0	0	0	0	0	0	0	12	0
26474fd0963047779c050749ca6a51af	0	0	0	0	0	0	0	0	0	0	0	0	0	12
5098f579b5af45d181a569a65de40074	0	0	0	0	0	0	0	0	0	0	0	0	0	12
e7f9a38cd7699c2f78dcf403a0f36d81	0	0	0	0	0	0	0	0	0	0	0	0	0	12
ca62ea2e0d5baf4dd0ba42c42dc677bf	0	0	0	0	0	0	0	0	0	0	0	0	0	12
f85b1b44c55556ac7687858bfe4e4d8c	0	0	0	0	0	0	0	0	0	0	0	0	0	12
bb4eff441ece9192fbb4388ec0dbb190	0	0	0	0	0	0	0	0	0	0	0	0	0	12
cc31e9eba70b8e0723ad720449faba7e	0	0	0	0	0	0	0	0	0	0	0	0	0	12
267e9bb9f559764df62b10eb3fbc82d2	0	0	0	0	0	0	0	0	0	0	0	0	0	12
5701e257b8a9267c8b3c1e8daa4ed8d5	0	0	0	0	0	0	0	0	0	0	0	0	0	12
042589d9b3dc9b3b492266d224f891bf	0	0	0	0	0	0	0	0	0	0	0	0	0	12
eab0ea9b95cdf2f39d85393e43208055	0	0	0	0	0	0	0	0	0	0	0	0	0	12
dd0a28e1c23d67a10d1c538437049fde	0	11	0	0	0	0	0	0	0	0	0	0	0	0
290b8db1b57ff339bf6183b80433eb11	0	11	0	0	0	0	0	0	0	0	0	0	0	0
af9d4a406ca19422c375ff81d0a6a8ed	0	11	0	0	0	0	0	0	0	0	0	0	0	0
409f253a6d3972d3fa522a692a3b1df5	0	11	0	0	0	0	0	0	0	0	0	0	0	0
22740c6f78551552c8e7f0e0bb1086d9	0	11	0	0	0	0	0	0	0	0	0	0	0	0
4e70000f6fc1802198af7b4f7b1aff99	0	11	0	0	0	0	0	0	0	0	0	0	0	0
0441903c6d2ec042635206f618954812	0	11	0	0	0	0	0	0	0	0	0	0	0	0
0f1e4b140bdb7a482ebe4efcf251ad36	0	11	0	0	0	0	0	0	0	0	0	0	0	0
1459cef6b86f886f387568e67c95e4d8	0	11	0	0	0	0	0	0	0	0	0	0	0	0
3d3662547cc6cda7cc1004a4217c4284	0	11	0	0	0	0	0	0	0	0	0	0	0	0
ac7b6cf8e09a08ef36839b2467e00123	0	11	0	0	0	0	0	0	0	0	0	0	0	0
b818ef7520a1df494c2c4010d6542f39	0	11	0	0	0	0	0	0	0	0	0	0	0	0
d2bda821e6180cb2da5da06957ffb1bc	0	11	0	0	0	0	0	0	0	0	0	0	0	0
056958343d8c45b1dd099a0fe3b8ac63	0	11	0	0	0	0	0	0	0	0	0	0	0	0
488bf11b7ab0a7bbcceb0864c007351e	0	11	0	0	0	0	0	0	0	0	0	0	0	0
c137aac94283b43dff3a940c5643968f	0	11	0	0	0	0	0	0	0	0	0	0	0	0
42e0873432c1529a49fbe28cd3e3df57	0	11	0	0	0	0	0	0	0	0	0	0	0	0
93abf6d16d3b01755c9e3e9d59345545	0	11	0	0	0	0	0	0	0	0	0	0	0	0
2bcbcf5279730aa7735d292f73d8d3c9	0	11	0	0	0	0	0	0	0	0	0	0	0	0
a97a7a27556a7a16ba3b525bfc3291b2	0	11	0	0	0	0	0	0	0	0	0	0	0	0
cbfff594929c85ed9b0d406c01c47fc4	0	11	0	0	0	0	0	0	0	0	0	0	0	0
05b4fef1da8b79dcd94cf0714f1a9ccc	0	11	0	0	0	0	0	0	0	0	0	0	0	0
b5a4498aad23cd71e5a6cfc49bdfdf0b	0	11	0	0	0	0	0	0	0	0	0	0	0	0
436a5ad2472e8b4f978ad3534bcc7214	0	11	0	0	0	0	0	0	0	0	0	0	0	0
33d09d1599934fcc1f5f676837f01dd0	0	11	0	0	0	0	0	0	0	0	0	0	0	0
d73e4f2137cb1ba47fbae576d50168ce	0	11	0	0	0	0	0	0	0	0	0	0	0	0
144e3058f467947c8a4bd432fd8ce38d	0	11	0	0	0	0	0	0	0	0	0	0	0	0
4791e1b0751ff2ee4e0ea90f1ba945d7	0	11	0	0	0	0	0	0	0	0	0	0	0	0
a2026a2d6d8046a1ec9c736ea173789f	0	11	0	0	0	0	0	0	0	0	0	0	0	0
e85404e301928f98fe60d739e89f57d8	0	11	0	0	0	0	0	0	0	0	0	0	0	0
3eea8a8a213d2113395c184765bdc8ba	0	11	0	0	0	0	0	0	0	0	0	0	0	0
63241b838d1d1ee94c59f3996da011b9	0	11	0	0	0	0	0	0	0	0	0	0	0	0
8f47bea9cbfb1a6120def5bf66ecd386	0	11	0	0	0	0	0	0	0	0	0	0	0	0
70324d0daab74ff5216283c4c3f1882b	0	11	0	0	0	0	0	0	0	0	0	0	0	0
64256568e7c729c707ef6d81064567d5	0	11	0	0	0	0	0	0	0	0	0	0	0	0
8c4b55b7c581095721b3c068e9d95b12	0	11	0	0	0	0	0	0	0	0	0	0	0	0
f369fd70b0ef95bc4f7144231c82c861	0	11	0	0	0	0	0	0	0	0	0	0	0	0
7c31d91d898d134c3d42702030b6274d	0	11	0	0	0	0	0	0	0	0	0	0	0	0
5bbc68f551cfd698c10a3322159690bf	0	11	0	0	0	0	0	0	0	0	0	0	0	0
041d54016ad8a25d502dd9ae8e5da1ab	0	11	0	0	0	0	0	0	0	0	0	0	0	0
841d6f5e11396dcb597899619b5c00b5	0	11	0	0	0	0	0	0	0	0	0	0	0	0
24392042dfaaf68f8d4c729581be3786	0	11	0	0	0	0	0	0	0	0	0	0	0	0
f19c32a2c9bf741d7896ebaac3a5605c	0	11	0	0	0	0	0	0	0	0	0	0	0	0
5dcae5995490db1d25abb7c1935aa6ad	0	11	0	0	0	0	0	0	0	0	0	0	0	0
33168bb7d2b9c7f77e2c5513346b7e6c	0	11	0	0	0	0	0	0	0	0	0	0	0	0
bbb30fa12d527727b34dc36919f79c98	0	11	0	0	0	0	0	0	0	0	0	0	0	0
4af66829352328729042b3af0b65076f	0	11	0	0	0	0	0	0	0	0	0	0	0	0
8ecec720c1e77fedae50edf6d4634011	0	11	0	0	0	0	0	0	0	0	0	0	0	0
810c485bde7aa1f8db0aa199d529d768	0	11	0	0	0	0	0	0	0	0	0	0	0	0
c25e97511fcbe8a7ee7ce7e5ef4b7924	0	11	0	0	0	0	0	0	0	0	0	0	0	0
063d196c4456af1db9b1b2920e549c4c	0	11	0	0	0	0	0	0	0	0	0	0	0	0
f053f1b3bd2cd3f5a62f056032e8b8d3	0	11	0	0	0	0	0	0	0	0	0	0	0	0
9fe110820d8b133b1935bb874f5d42e2	0	11	0	0	0	0	0	0	0	0	0	0	0	0
540d213861fb3b7006d7ade261748b72	0	11	0	0	0	0	0	0	0	0	0	0	0	0
578577b2cb0ba8cba814c8516c9e6a0c	0	11	0	0	0	0	0	0	0	0	0	0	0	0
f36061014d8114175aa1370816aec7e7	0	11	0	0	0	0	0	0	0	0	0	0	0	0
a144247e091b174e20e7c7da539cd8b3	0	11	0	0	0	0	0	0	0	0	0	0	0	0
5cd8dcebef6277d54dc66e1e6ef98921	0	11	0	0	0	0	0	0	0	0	0	0	0	0
ea8259255be82fc5e89f26c820ce02ce	0	11	0	0	0	0	0	0	0	0	0	0	0	0
f386b063f65104fb3488d50dab357b49	0	11	0	0	0	0	0	0	0	0	0	0	0	0
31dba558e28b5183c6e7e3d0a32e2940	0	11	0	0	0	0	0	0	0	0	0	0	0	0
068dffd8d7c7e51a889f662ebdb813c4	0	0	11	0	0	0	0	0	0	0	0	0	0	0
22d6033278c7ad4bd20dc034a8f346f6	0	0	11	0	0	0	0	0	0	0	0	0	0	0
2f0a946cdd710de2f1aad877a4d3d79f	0	0	11	0	0	0	0	0	0	0	0	0	0	0
c65af5baeb113594d22a071d47e6f4ec	0	0	11	0	0	0	0	0	0	0	0	0	0	0
33ebd01a7e1a75047fcce929e916cf14	0	0	11	0	0	0	0	0	0	0	0	0	0	0
c3e684f74289a37321baa49878718d72	0	0	11	0	0	0	0	0	0	0	0	0	0	0
4977f8cce813f99a1ace461123f9d813	0	0	11	0	0	0	0	0	0	0	0	0	0	0
a901fe8ed5136a15fb712300deab5c09	0	0	11	0	0	0	0	0	0	0	0	0	0	0
eb48e98e624877a3379973a4de5d3c8d	0	0	11	0	0	0	0	0	0	0	0	0	0	0
a57508472cc5501d9831b68fe6f1eb84	0	0	11	0	0	0	0	0	0	0	0	0	0	0
dc2da0fdb985720250ca63fe82365a54	0	0	11	0	0	0	0	0	0	0	0	0	0	0
c3d351e0fe2d5a2c5928af107b73e149	0	0	11	0	0	0	0	0	0	0	0	0	0	0
70eef2ea8c75b1a48d750dc3318fad97	0	0	11	0	0	0	0	0	0	0	0	0	0	0
3c19617d8b76fc32300f082d68af00c3	0	0	11	0	0	0	0	0	0	0	0	0	0	0
bd614f4ec1cb5e22748a8d1b6854ff51	0	0	11	0	0	0	0	0	0	0	0	0	0	0
89618aee717d323308a613731375fc07	0	0	11	0	0	0	0	0	0	0	0	0	0	0
c34cd71402c41e7fca505b8b9a2741c0	0	0	11	0	0	0	0	0	0	0	0	0	0	0
b2447886ccce7e7d68584bcb8bed8738	0	0	11	0	0	0	0	0	0	0	0	0	0	0
1025ad11231d20c498c0eb5088542a92	0	0	11	0	0	0	0	0	0	0	0	0	0	0
2c20b8753b332b2d746f4e05598cf070	0	0	11	0	0	0	0	0	0	0	0	0	0	0
449d683617b4d68532c19d37c72003bd	0	0	11	0	0	0	0	0	0	0	0	0	0	0
f104c387809e97514f13f156c7d3a2e8	0	0	11	0	0	0	0	0	0	0	0	0	0	0
a9bb79d2da4d48292482a82d9ce6a654	0	0	11	0	0	0	0	0	0	0	0	0	0	0
bff851cac689a643b6c72022c6ff0384	0	0	11	0	0	0	0	0	0	0	0	0	0	0
99216696d00598cfb2bec8d838408850	0	0	11	0	0	0	0	0	0	0	0	0	0	0
324b19e1fe89a68e45208ee1e61887f4	0	0	11	0	0	0	0	0	0	0	0	0	0	0
97411029bf1c17a1f37ef27e104b671d	0	0	11	0	0	0	0	0	0	0	0	0	0	0
e76b57b0b36b9a446b1b0c7f19296076	0	0	11	0	0	0	0	0	0	0	0	0	0	0
59928627252b3d7d63d4046903a69738	0	0	11	0	0	0	0	0	0	0	0	0	0	0
e89b04d8df2a9425ce09f29c70449575	0	0	11	0	0	0	0	0	0	0	0	0	0	0
0e8eac327a51d7ccd74617139a807e62	0	0	11	0	0	0	0	0	0	0	0	0	0	0
dc22b300d7709ea0dff533bf2e5682f0	0	0	11	0	0	0	0	0	0	0	0	0	0	0
a240c286515854280eec8423235ebfaa	0	0	11	0	0	0	0	0	0	0	0	0	0	0
63ca48dd19557d1266d0e4dcd5bfa4d9	0	0	11	0	0	0	0	0	0	0	0	0	0	0
308c4db1905a25d83e9149c7f980efa3	0	0	11	0	0	0	0	0	0	0	0	0	0	0
7779b4c460a76ab57a78152774c1ba46	0	0	11	0	0	0	0	0	0	0	0	0	0	0
dfbebb3be8d2c7c32943118194cf5ad5	0	0	11	0	0	0	0	0	0	0	0	0	0	0
15582e27595c18b133a86d296fbebf17	0	0	11	0	0	0	0	0	0	0	0	0	0	0
dba11856b86bd418086c90db6fc87d42	0	0	11	0	0	0	0	0	0	0	0	0	0	0
c08c3971f43d7a747cb2f18e5940817b	0	0	11	0	0	0	0	0	0	0	0	0	0	0
da78b5155541b104dea852787fbe1ff2	0	0	11	0	0	0	0	0	0	0	0	0	0	0
b2dfc95201920cbb961eceb592c8d357	0	0	11	0	0	0	0	0	0	0	0	0	0	0
e952e3d9df5fcefcb2f079a3641cd24a	0	0	11	0	0	0	0	0	0	0	0	0	0	0
3752c0571c24012b4ae5920fb82c4345	0	0	11	0	0	0	0	0	0	0	0	0	0	0
4b8bbfd76acfd447306303c0da33b9fb	0	0	11	0	0	0	0	0	0	0	0	0	0	0
cf5c9b8fd5d0257b251188dda9f0e973	0	0	11	0	0	0	0	0	0	0	0	0	0	0
98f12c454be81f515bf90ba380438206	0	0	11	0	0	0	0	0	0	0	0	0	0	0
65dcd7bd42bdd2f034d564d6f560980d	0	0	11	0	0	0	0	0	0	0	0	0	0	0
d5f1fc69b94121001282d1385195d10b	0	0	11	0	0	0	0	0	0	0	0	0	0	0
001f6371e1650c2113e3982099f80bb9	0	0	9	0	0	2	0	0	0	0	0	0	0	0
52ac9b447d06b489aded5c11846352de	0	0	5	0	0	6	0	0	0	0	0	0	0	0
6899edd7de83e89af790be450366cfcb	0	0	3	0	0	0	8	0	0	0	0	0	0	0
a2e9036fe4adb497eee4221c1c45b95d	0	0	0	11	0	0	0	0	0	0	0	0	0	0
cce272907428dc432c2263e4e670c3f1	0	0	0	11	0	0	0	0	0	0	0	0	0	0
cff3aafd95d799629e64f0fa2758ca86	0	0	0	0	11	0	0	0	0	0	0	0	0	0
de52c0202ae587d04c293459973dee5f	0	0	0	0	11	0	0	0	0	0	0	0	0	0
88dc65f294283e80758b405a1dd42eda	0	0	0	0	11	0	0	0	0	0	0	0	0	0
b11b2aa0eaf644c4ed3bfeebf346d866	0	0	0	0	11	0	0	0	0	0	0	0	0	0
4575ff31eaf7e78115fe7cf03cdd6e66	0	0	0	0	11	0	0	0	0	0	0	0	0	0
c8221f2d64132d452cf9194edf157d1e	0	0	0	0	11	0	0	0	0	0	0	0	0	0
772e7279c17438c07bbf2784cf093545	0	0	0	0	11	0	0	0	0	0	0	0	0	0
5292f539d761907e93bf956db3a56a49	0	0	0	0	11	0	0	0	0	0	0	0	0	0
3515dc8b292a562a018f3ff26a1355c7	0	0	0	0	0	11	0	0	0	0	0	0	0	0
6636324546d5b2643cbebafb95031c78	0	0	0	0	0	11	0	0	0	0	0	0	0	0
673b20a3a605f4fdc7e91d555799a3aa	0	0	0	0	0	11	0	0	0	0	0	0	0	0
65d6b0f0be1385c05212687046f5c101	0	0	0	0	0	11	0	0	0	0	0	0	0	0
9f1bd8c7659deff7d6a151cf3d6353a8	0	0	0	0	0	11	0	0	0	0	0	0	0	0
b96aae96cb36362594b2196f18776717	0	0	0	0	0	11	0	0	0	0	0	0	0	0
4b986156c0736047d993f0aebf3d6d6c	0	0	0	0	0	11	0	0	0	0	0	0	0	0
0ef1fe613f5614b98fb9a293b94c4cea	0	0	0	0	0	11	0	0	0	0	0	0	0	0
130f87166ebfd3ce3b135c8d1531b311	0	0	0	0	0	11	0	0	0	0	0	0	0	0
647b641e91fc1ee3568ce6edb90f5df2	0	0	0	0	0	11	0	0	0	0	0	0	0	0
86306e55ff112b84afe99a504cb310df	0	0	0	0	0	11	0	0	0	0	0	0	0	0
0875c1cac9ac44923a9244af34904a8f	0	0	0	0	0	11	0	0	0	0	0	0	0	0
dc21f0ad62326ef8a65da254cded6838	0	0	0	0	0	11	0	0	0	0	0	0	0	0
a9862dad72a95002fb328c85183d3212	0	0	0	0	0	11	0	0	0	0	0	0	0	0
4ad113275d3a13d2e2d4ac65007f349f	0	0	0	0	0	11	0	0	0	0	0	0	0	0
c1012e492985a440466777cd2ba191c7	0	0	0	0	0	11	0	0	0	0	0	0	0	0
24875531956ba0d694fca145e9b5439b	0	0	0	0	0	11	0	0	0	0	0	0	0	0
502c5ca47491b76184c467785488837d	0	0	0	0	0	11	0	0	0	0	0	0	0	0
ee638ae7ea06ac7a031fd3b423fd4ffe	0	0	0	0	0	11	0	0	0	0	0	0	0	0
51aeb707bc48684590045e71294b0dc6	0	0	0	0	0	11	0	0	0	0	0	0	0	0
6d36934815fd5fe633acd591c5340046	0	0	0	0	0	11	0	0	0	0	0	0	0	0
dd0487b3f982a40baf0bcf785621e40e	0	0	0	0	0	11	0	0	0	0	0	0	0	0
8606a771bf0b22aa8867b04dd97c69f6	0	0	0	0	0	11	0	0	0	0	0	0	0	0
bbebf9983701de407d9b488240d0f332	0	0	0	0	0	6	5	0	0	0	0	0	0	0
146e12e6534f905d66d5f5ab06c04f56	0	0	0	0	0	5	6	0	0	0	0	0	0	0
52b2e2f3686d376b6b3272e5c236a811	0	0	0	0	0	0	11	0	0	0	0	0	0	0
c09c435cb6c46d24171afc7f89227b4a	0	0	0	0	0	0	11	0	0	0	0	0	0	0
fb017861ed6c97b1b101cf37907aa612	0	0	0	0	0	0	11	0	0	0	0	0	0	0
ac1cdbbff8c869ef52af837acd9790c3	0	0	0	0	0	0	11	0	0	0	0	0	0	0
68a798d03a32a9fafdf61aa774b5eb6a	0	0	0	0	0	0	11	0	0	0	0	0	0	0
d24f77b47a2c21f2e6934e664b38e2ec	0	0	0	0	0	0	11	0	0	0	0	0	0	0
75f1627420b0067311772c92c8484685	0	0	0	0	0	0	11	0	0	0	0	0	0	0
14172b121f664248989e92d4b1a30212	0	0	0	0	0	0	11	0	0	0	0	0	0	0
185551fafa1c4e821cd6176c96152574	0	0	0	0	0	0	11	0	0	0	0	0	0	0
ebad17c5676e0fe334ce1eb61bf7f93f	0	0	0	0	0	0	11	0	0	0	0	0	0	0
8a6363d2d8a5c164e140a8073ffc3c63	0	0	0	0	0	0	11	0	0	0	0	0	0	0
c2d9a53b1ebf77ddb880da209c517446	0	0	0	0	0	0	11	0	0	0	0	0	0	0
c4d452915e12a8d99e2d9a5ca61d2e21	0	0	0	0	0	0	11	0	0	0	0	0	0	0
cd89fe8e4ae664d21ae368c92f64e8f6	0	0	0	0	0	0	11	0	0	0	0	0	0	0
90b9e9308204132acee8dc4080015a80	0	0	0	0	0	0	11	0	0	0	0	0	0	0
13e1275a249d2e29d998bf8a0d19953e	0	0	0	0	0	0	11	0	0	0	0	0	0	0
5e3550377ebd4303f4f2e538db2c3ee7	0	0	0	0	0	0	11	0	0	0	0	0	0	0
a1d539dbffae9efa795ec890c4c699b1	0	0	0	0	0	0	11	0	0	0	0	0	0	0
c9ed34d38bfeb3a8545968d7a28d371b	0	0	0	0	0	0	11	0	0	0	0	0	0	0
30865f2a224640f72a3cb97d0b974a0a	0	0	0	0	0	0	11	0	0	0	0	0	0	0
f23c087bb4421663c087427939573f1e	0	0	0	0	0	0	11	0	0	0	0	0	0	0
bb4e9fb96bfc82d8a0a536ebcc4db84d	0	0	0	0	0	0	11	0	0	0	0	0	0	0
752fa9461cc32b0f7c290f1506694ba2	0	0	0	0	0	0	11	0	0	0	0	0	0	0
03215de4d4441d991a479198d7db1aca	0	0	0	0	0	0	11	0	0	0	0	0	0	0
f6ca39523dd3ead8f129b364076a85be	0	0	0	0	0	0	11	0	0	0	0	0	0	0
99386060281ee0fac39c15ad682e08a4	0	0	0	0	0	0	11	0	0	0	0	0	0	0
2e5e28d07c5075a9b6676bb77df20ce9	0	0	0	0	0	0	11	0	0	0	0	0	0	0
03135ed2ad8b9f38cbdf42c4daf1d415	0	0	0	0	0	0	11	0	0	0	0	0	0	0
1c5bf61833eb58af20af7ee7db8e0462	0	0	0	0	0	0	11	0	0	0	0	0	0	0
197ffb5520afc72d67899f7eb4de01b4	0	0	0	0	0	0	11	0	0	0	0	0	0	0
f9884d1fba0072c5ba8677ee237cfd3c	0	0	0	0	0	0	0	11	0	0	0	0	0	0
0e3c37b4db40096e384ac65e8fd5da03	0	0	0	0	0	0	0	11	0	0	0	0	0	0
1926b32d005c493c1385a4fe8eb9c4fe	0	0	0	0	0	0	0	11	0	0	0	0	0	0
e64d8affeb5082130b6fad83e68b55d1	0	0	0	0	0	0	0	11	0	0	0	0	0	0
a04799e280d53ea16c586a42f2fbd177	0	0	0	0	0	0	0	11	0	0	0	0	0	0
c65d89501a17129e7ba5dbe7d8787ebf	0	0	0	0	0	0	0	11	0	0	0	0	0	0
371eaefaf140c75c1bac0706b6e263ca	0	0	0	0	0	0	0	11	0	0	0	0	0	0
cbb8319fb0b662c0386173b085d98aef	0	0	0	0	0	0	0	11	0	0	0	0	0	0
b8afb7bd8480b19a86ab284a8731b63c	0	0	0	0	0	0	0	11	0	0	0	0	0	0
c1cf555e71ea9aaa879de91ce54e2121	0	0	0	0	0	0	0	11	0	0	0	0	0	0
55862ac224f4bf89e134183a20a68318	0	0	0	0	0	0	0	11	0	0	0	0	0	0
6d45f6f3d788778d1f6835c1bce30c1e	0	0	0	0	0	0	0	11	0	0	0	0	0	0
d1421c2cba968e5deede499c8fa0e835	0	0	0	0	0	0	0	11	0	0	0	0	0	0
2747a9af3984b26e8394163931eec69a	0	0	0	0	0	0	0	11	0	0	0	0	0	0
82d56661174664813c4c4628cd4a95ae	0	0	0	0	0	0	0	11	0	0	0	0	0	0
ec96a082899fff790ffd56c2bfe647a6	0	0	0	0	0	0	0	11	0	0	0	0	0	0
0e3745fb046bb6c066638e4ee43fca47	0	0	0	0	0	0	0	11	0	0	0	0	0	0
9dad066de9d92282d5ffa077cab10334	0	0	0	0	0	0	0	11	0	0	0	0	0	0
b3a2615b8c61bf43fdc87dabd0f1840c	0	0	0	0	0	0	0	11	0	0	0	0	0	0
aedab2b9b453f2799241919d15087e3b	0	0	0	0	0	0	0	11	0	0	0	0	0	0
20aad53f6b9cea3692dc612ea3e3f671	0	0	0	0	0	0	0	11	0	0	0	0	0	0
0ffc359d43e4dc9d3575f457b0b5d883	0	0	0	0	0	0	0	11	0	0	0	0	0	0
618221008e2bd11b755d579dc59b2496	0	0	0	0	0	0	0	11	0	0	0	0	0	0
8a7a99e096fa7e0ee9837d4239ce3884	0	0	0	0	0	0	0	11	0	0	0	0	0	0
c02b1f5b9a150bacac7f480de34c1a86	0	0	0	0	0	0	0	11	0	0	0	0	0	0
5a66910cd038a593c9b98808c1063ce4	0	0	0	0	0	0	0	11	0	0	0	0	0	0
6ffaf905ab8a4dc09f7d6a1f384e5be4	0	0	0	0	0	0	0	11	0	0	0	0	0	0
616596615a99b33af5bd383ce9e14f97	0	0	0	0	0	0	0	11	0	0	0	0	0	0
6431674e6135b2db15f346595edca674	0	0	0	0	0	0	0	11	0	0	0	0	0	0
13f69393a353e0793e63ecc422f42ce8	0	0	0	0	0	0	0	11	0	0	0	0	0	0
27baca23feffaed718041829b7b72c51	0	0	0	0	0	0	0	11	0	0	0	0	0	0
0f43f14292a45343338fc2556b716c96	0	0	0	0	0	0	0	11	0	0	0	0	0	0
2777ab7f4f6ec1c7d4b0a11b28a0c84d	0	0	0	0	0	0	0	11	0	0	0	0	0	0
65960af9b98d72aad4dc17c7c9ed4d24	0	0	0	0	0	0	0	11	0	0	0	0	0	0
480f845690c24eea36b79d4227c6f49c	0	0	0	0	0	0	0	11	0	0	0	0	0	0
13ba08fd03ee4410a8eec51a47b6609f	0	0	0	0	0	0	0	11	0	0	0	0	0	0
2b76ef4ae835c50ea0b7adc898f83723	0	0	0	0	0	0	0	11	0	0	0	0	0	0
c8a54b905eccacca0ee8ed7fc5989c82	0	0	0	0	0	0	0	11	0	0	0	0	0	0
45cb6063cf9b131e12ac6858e49a132a	0	0	0	0	0	0	0	11	0	0	0	0	0	0
facbaf5738cc4b1615144a951f5d5473	0	0	0	0	0	0	0	11	0	0	0	0	0	0
39f5dc2002014c5ba582ffeaeca78649	0	0	0	0	0	0	0	11	0	0	0	0	0	0
4249c8041be5324682fe87f7e2c7dc28	0	0	0	0	0	0	0	11	0	0	0	0	0	0
d398862fb98ed1176c6e9490f5f43dbe	0	0	0	0	0	0	0	11	0	0	0	0	0	0
7143a2980309f186cb222f6bf543d88f	0	0	0	0	0	0	0	11	0	0	0	0	0	0
d2c69d0bf2829cd948d045d2748adc3e	0	0	0	0	0	0	0	11	0	0	0	0	0	0
ab46c7d667da78ffefa66226bac50b79	0	0	0	0	0	0	0	11	0	0	0	0	0	0
1946b2e4a839586bf1420ce02239f244	0	0	0	0	0	0	0	11	0	0	0	0	0	0
c82ffd7adf998417dabf8dc94f091445	0	0	0	0	0	0	0	11	0	0	0	0	0	0
e4e682734aafd1581c399063a7585158	0	0	0	0	0	0	0	11	0	0	0	0	0	0
f77f442022c43d5dc27bb4f3a7919ba8	0	0	0	0	0	0	0	11	0	0	0	0	0	0
bfb188246c350edaed46e30a4e8fd953	0	0	0	0	0	0	0	11	0	0	0	0	0	0
a89292f6c9c10201aa03bb5ed90d0831	0	0	0	0	0	0	0	11	0	0	0	0	0	0
24921acc5459d60cf50ea2c53353a6d7	0	0	0	0	0	0	0	11	0	0	0	0	0	0
d1b9040a9b232c20366ede2113adb57e	0	0	0	0	0	0	0	11	0	0	0	0	0	0
c529cf37ae7d2f7dfab920b8708c3f73	0	0	0	0	0	0	0	11	0	0	0	0	0	0
d62eff344ae9817af827d2683fd67e71	0	0	0	0	0	0	0	11	0	0	0	0	0	0
aa00d09cecd0f0e9a9429aa45100c0e3	0	0	0	0	0	0	0	11	0	0	0	0	0	0
ebac072946b949b926d743ea3fb822ad	0	0	0	0	0	0	0	11	0	0	0	0	0	0
c817007957e2664fb72a64d89b1edefe	0	0	0	0	0	0	0	11	0	0	0	0	0	0
d25a8fdfd5f71a3d8f6eec7f0c250cba	0	0	0	0	0	0	0	11	0	0	0	0	0	0
4374530fee05ea57375ba4a8bf34e7cb	0	0	0	0	0	0	0	11	0	0	0	0	0	0
ed20c959d31a13e8fb4787ca503a692a	0	0	0	0	0	0	0	11	0	0	0	0	0	0
9dce09d65b308e688417bf47b1e90cec	0	0	0	0	0	0	0	11	0	0	0	0	0	0
584e3d0c8955353536eb1af97f508345	0	0	0	0	0	0	0	11	0	0	0	0	0	0
bd0effde313e0ecd02d2ad8ebd06d666	0	0	0	0	0	0	0	11	0	0	0	0	0	0
f0718532bc4056bfc2e3c588b74e20ee	0	0	0	0	0	0	0	11	0	0	0	0	0	0
9bd8b2e16d38d3fa6706ea7a96988a1a	0	0	0	0	0	0	0	11	0	0	0	0	0	0
01483b77681b299c19b249ffe1fcb468	0	0	0	0	0	0	0	11	0	0	0	0	0	0
815a3075ed206a91f6eac593de9d6e12	0	0	0	0	0	0	0	11	0	0	0	0	0	0
4ccfc70742c637e84c834ce12e8d408a	0	0	0	0	0	0	0	11	0	0	0	0	0	0
e223a09e2e4471e9de8bf339c60d1e31	0	0	0	0	0	0	0	11	0	0	0	0	0	0
4eca3160c3ffef1d5b39e629000f0d70	0	0	0	0	0	0	0	11	0	0	0	0	0	0
7a73c11245afb07cb6418f5dfb6ba74a	0	0	0	0	0	0	0	11	0	0	0	0	0	0
9bbceee38ca5a978e08eaf225c5ab03a	0	0	0	0	0	0	0	11	0	0	0	0	0	0
245fdc1868d4d27d9b92d77d6924c841	0	0	0	0	0	0	0	11	0	0	0	0	0	0
06981e7004884e2658acb1dce2272968	0	0	0	0	0	0	0	11	0	0	0	0	0	0
8df9dcc5233415e76cb362b9f4826c06	0	0	0	0	0	0	0	11	0	0	0	0	0	0
285cd4e18552cb49696ade4c5a5ede58	0	0	0	0	0	0	0	11	0	0	0	0	0	0
5078cabd74ef5e4ff30751a825764a3c	0	0	0	0	0	0	0	11	0	0	0	0	0	0
34809ccc2667a693adecfd0065ef3a43	0	0	0	0	0	0	0	0	0	0	0	11	0	0
6f92573e0890b76afc5247e86d629359	0	0	0	0	0	0	0	0	0	0	0	11	0	0
38bcade2b35f4d58bf678f1604b488ec	0	0	0	0	0	0	0	0	0	0	0	0	0	11
37270c3f338140f8ec7bdbfb95e9ba1a	0	0	0	0	0	0	0	0	0	0	0	0	0	11
2d93962d03fe972a4baab68926242856	0	0	0	0	0	0	0	0	0	0	0	0	0	11
68568943b9b2f40af55c677ec5ebf009	0	0	0	0	0	0	0	0	0	0	0	0	0	11
70bc5d1b39a854399901f858d6740f71	0	0	0	0	0	0	0	0	0	0	0	0	0	11
955d28f1d536aa8dad9799441039764b	0	0	0	0	0	0	0	0	0	0	0	0	0	11
618815fab7e2db20438221b089ac4161	0	0	0	0	0	0	0	0	0	0	0	0	0	11
85c3fa887125163363aa99035fbcef70	0	0	0	0	0	0	0	0	0	0	0	0	0	11
cfe75e9448b0faf40d011f8e6e00fd0a	0	0	0	0	0	0	0	0	0	0	0	0	0	11
9d4ea80b99bbd75e75fd181f32406543	0	0	0	0	0	0	0	0	0	0	0	0	0	11
161dcff7d5d2610cf2085b8a7792fa97	0	0	0	0	0	0	0	0	0	0	0	0	0	11
e7720adefbebe9b3fb42c7fcfa80c2e5	0	0	0	0	0	0	0	0	0	0	0	0	0	11
025abb195e4f820d45438e6270f4ecb4	0	10	0	0	0	0	0	0	0	0	0	0	0	0
b60141f2f20076d61c25859d7c2a72d2	0	10	0	0	0	0	0	0	0	0	0	0	0	0
7ce8ecbe3b0e663016157fd030c93ea6	0	10	0	0	0	0	0	0	0	0	0	0	0	0
aabd98ebf75cf3151cf6271220335159	0	10	0	0	0	0	0	0	0	0	0	0	0	0
583ba14df2b315e85e562060f0bc4418	0	10	0	0	0	0	0	0	0	0	0	0	0	0
f9a64ffd197370be4cf9b5b088bc4158	0	10	0	0	0	0	0	0	0	0	0	0	0	0
6db298ea81416129fc3439b185a8e0ad	0	10	0	0	0	0	0	0	0	0	0	0	0	0
7b7f537c045b0a53d11337aefc9db027	0	10	0	0	0	0	0	0	0	0	0	0	0	0
fa579e649a43fc49d27de303786ef1d2	0	10	0	0	0	0	0	0	0	0	0	0	0	0
b499d3d2908a057d5993e8f0d1838ee6	0	10	0	0	0	0	0	0	0	0	0	0	0	0
fa293cf655d041884c6b4ae5e5548392	0	10	0	0	0	0	0	0	0	0	0	0	0	0
71ebdfb59d5feaeaa1d6f6fabdd64fea	0	10	0	0	0	0	0	0	0	0	0	0	0	0
17cd1f6fbad2c35935140c32e15eaba3	0	10	0	0	0	0	0	0	0	0	0	0	0	0
68139efc46fda2db826e65d844b45751	0	10	0	0	0	0	0	0	0	0	0	0	0	0
0f3cb6f501c11041e75c1e81af052744	0	10	0	0	0	0	0	0	0	0	0	0	0	0
c007378321377878847e1e0560cf2635	0	10	0	0	0	0	0	0	0	0	0	0	0	0
0b3b1d1af296ef29b6a11f424350d959	0	10	0	0	0	0	0	0	0	0	0	0	0	0
999bafcc4aef5b2eb4bb82482522e63c	0	10	0	0	0	0	0	0	0	0	0	0	0	0
414cb8f091040745ddc0ca06d8f4057a	0	10	0	0	0	0	0	0	0	0	0	0	0	0
82239c0cbf48beb5402d94c4e9cde259	0	10	0	0	0	0	0	0	0	0	0	0	0	0
39ecc37d22bd73300e4a183c522f7d57	0	10	0	0	0	0	0	0	0	0	0	0	0	0
2989b18148cf91c4ea6ea8867d624724	0	10	0	0	0	0	0	0	0	0	0	0	0	0
76ab0049e6b56d14aec2c4b3a140c967	0	10	0	0	0	0	0	0	0	0	0	0	0	0
1bc32dc0f472f03ff2319804e16435d0	0	10	0	0	0	0	0	0	0	0	0	0	0	0
0b374b8aacdea958edb8fd523be3521e	0	10	0	0	0	0	0	0	0	0	0	0	0	0
5df063976a1130ecfd1949fa4f3a5b53	0	10	0	0	0	0	0	0	0	0	0	0	0	0
71efe3042703cb2a90125e8bf2fc7a0a	0	10	0	0	0	0	0	0	0	0	0	0	0	0
36867f69b4223a21bd904c35bade576c	0	10	0	0	0	0	0	0	0	0	0	0	0	0
22a84bde51869b56c90a4259cbd5df18	0	10	0	0	0	0	0	0	0	0	0	0	0	0
c1a2a1b96d3911b12b77459e44a505ba	0	10	0	0	0	0	0	0	0	0	0	0	0	0
e803828fa456cabb458aaec34054dad6	0	10	0	0	0	0	0	0	0	0	0	0	0	0
4dcc4bdedb4d745a52ac0a1898891859	0	10	0	0	0	0	0	0	0	0	0	0	0	0
d6a4cd15358ddf404d6244e782c38964	0	10	0	0	0	0	0	0	0	0	0	0	0	0
3593aa718c106a39b9b3e4bd31af0293	0	10	0	0	0	0	0	0	0	0	0	0	0	0
79f0ecc3612a8fd5eb29fa2966d89eaa	0	10	0	0	0	0	0	0	0	0	0	0	0	0
38109a2e04ef478e30f57d971b4faa95	0	10	0	0	0	0	0	0	0	0	0	0	0	0
c06b4e22b8e949faa5974778bf1eec27	0	10	0	0	0	0	0	0	0	0	0	0	0	0
ef640e12d0fe3139bae8941637461fa7	0	10	0	0	0	0	0	0	0	0	0	0	0	0
3d2fdf130fd54ec3e0b4820e15699ff1	0	10	0	0	0	0	0	0	0	0	0	0	0	0
7cf06e7b544ef0adcaafe45b6432950d	0	10	0	0	0	0	0	0	0	0	0	0	0	0
8b4db82bd5f8154147e7548214e295df	0	10	0	0	0	0	0	0	0	0	0	0	0	0
edc9215253cb79f9fed19b7237e5e9fc	0	10	0	0	0	0	0	0	0	0	0	0	0	0
f292065e62320ed474f2931fdbed9bd0	0	10	0	0	0	0	0	0	0	0	0	0	0	0
88d9d56fa63365d8c39208ae83cb1c4f	0	10	0	0	0	0	0	0	0	0	0	0	0	0
af6aa29d52f6e5c5f024f72dbb877e3f	0	10	0	0	0	0	0	0	0	0	0	0	0	0
8fba726a2e0fc79524a4d8b50462496f	0	10	0	0	0	0	0	0	0	0	0	0	0	0
7a6409ef8d92cd9dbb9daa69b47910c7	0	10	0	0	0	0	0	0	0	0	0	0	0	0
ba3d9bcaa7d24fc716e35941ed555268	0	10	0	0	0	0	0	0	0	0	0	0	0	0
e678fccd3d999bf9cd4b4b1e5c0515d9	0	10	0	0	0	0	0	0	0	0	0	0	0	0
fd03fd67c0891d3f3b50e15c432cb305	0	10	0	0	0	0	0	0	0	0	0	0	0	0
3eaf287852e8ee6eb781a4a3009db5d5	0	10	0	0	0	0	0	0	0	0	0	0	0	0
e97778deeca9ac605c67752c32258170	0	10	0	0	0	0	0	0	0	0	0	0	0	0
cd7a1c49b2525f8d5057b77fd76db26c	0	0	10	0	0	0	0	0	0	0	0	0	0	0
83e14be6b3152f063e4dab478edd0eb4	0	0	10	0	0	0	0	0	0	0	0	0	0	0
72c9398ae3f459b3529ab2457163a3aa	0	0	10	0	0	0	0	0	0	0	0	0	0	0
a8e91616f27c6f7cadb1677cc642eefb	0	0	10	0	0	0	0	0	0	0	0	0	0	0
73df0997fb52bc0b9a52abedd7bb1f2f	0	0	10	0	0	0	0	0	0	0	0	0	0	0
e08876c4d6a8faafb0684e7de7a81581	0	0	10	0	0	0	0	0	0	0	0	0	0	0
3def94649d31d73103bb44f6a7b2858d	0	0	10	0	0	0	0	0	0	0	0	0	0	0
793388e400c3e100181d25b102345787	0	0	10	0	0	0	0	0	0	0	0	0	0	0
ea51c484ed5929a9ffad7d9b76f8da31	0	0	10	0	0	0	0	0	0	0	0	0	0	0
08aac936d3d0594361060e29e163ef5d	0	0	10	0	0	0	0	0	0	0	0	0	0	0
3e483896f3da2df9bae30f8af91a34ac	0	0	10	0	0	0	0	0	0	0	0	0	0	0
520ead71d8a8e4f14425fc2b52e04e6a	0	0	10	0	0	0	0	0	0	0	0	0	0	0
109ada04a5ba1066dae284d945a7f732	0	0	10	0	0	0	0	0	0	0	0	0	0	0
90db8a98922f0a48e47df0f365059901	0	0	10	0	0	0	0	0	0	0	0	0	0	0
aa7f9e169402cc7f9264ca05abd0fb80	0	0	10	0	0	0	0	0	0	0	0	0	0	0
f849e71d5e5d6055c40f251fc9699e10	0	0	10	0	0	0	0	0	0	0	0	0	0	0
d7d3556cdcea0c74e5c063cf24dce74b	0	0	10	0	0	0	0	0	0	0	0	0	0	0
ec5c691522715d9fa36838b7502eff9c	0	0	10	0	0	0	0	0	0	0	0	0	0	0
c963370e6bdbd08f769c4694173dea7b	0	0	10	0	0	0	0	0	0	0	0	0	0	0
635249ea4f10a40863c6e911f2c3e733	0	0	10	0	0	0	0	0	0	0	0	0	0	0
80d4ebc34d6f366912c9dc21bae04d61	0	0	10	0	0	0	0	0	0	0	0	0	0	0
cd59892911f0f5b2f40a5a409f87f0cc	0	0	10	0	0	0	0	0	0	0	0	0	0	0
77d22df6d8e017205e328e99620a2423	0	0	10	0	0	0	0	0	0	0	0	0	0	0
2bbd7c0d4e486b1c1763bd669bf969ae	0	0	10	0	0	0	0	0	0	0	0	0	0	0
c0001b1ccaaca5c5848a35b13651aed9	0	0	10	0	0	0	0	0	0	0	0	0	0	0
671ebd5b0ad1e04eb5133d495355f3a4	0	0	10	0	0	0	0	0	0	0	0	0	0	0
606b13f1ae3816eefe529f2fcd2cd3ab	0	0	10	0	0	0	0	0	0	0	0	0	0	0
87404ce1f7fc702ef03c2b1b043ff755	0	0	10	0	0	0	0	0	0	0	0	0	0	0
0ad87cd9b0c46fce83bb7266da7ec810	0	0	10	0	0	0	0	0	0	0	0	0	0	0
7ce4461c847ad6bc65565c9d3bb13324	0	0	10	0	0	0	0	0	0	0	0	0	0	0
d433acbe84ef13c6afdc5fd8449bd9c4	0	0	10	0	0	0	0	0	0	0	0	0	0	0
7f7dfa426e3767abc9e86f3600fe208f	0	0	10	0	0	0	0	0	0	0	0	0	0	0
83c5142899f645ef87c768ec20c64eda	0	0	10	0	0	0	0	0	0	0	0	0	0	0
f681d2a27a9e80488b506bc722e0ff9e	0	0	10	0	0	0	0	0	0	0	0	0	0	0
8d2d152c18f1dbf4ee28d15bc28325c6	0	0	10	0	0	0	0	0	0	0	0	0	0	0
00523c9dc40a47e357061196a49a94e9	0	0	10	0	0	0	0	0	0	0	0	0	0	0
02943dd74e479e5cb2f3cef8ce5d538f	0	0	10	0	0	0	0	0	0	0	0	0	0	0
49d1d06183bd6d5e191505b039f5c03d	0	0	10	0	0	0	0	0	0	0	0	0	0	0
8090e7089408ecef4e6db35a745102e0	0	0	10	0	0	0	0	0	0	0	0	0	0	0
7c3ad27dbf336061c125351fc08c0a05	0	0	10	0	0	0	0	0	0	0	0	0	0	0
511627d29576916187028c95131017d5	0	0	10	0	0	0	0	0	0	0	0	0	0	0
da7219f9469a72885a0d57ae481009be	0	0	10	0	0	0	0	0	0	0	0	0	0	0
5ee1ef14215a40603c3d2542892641a9	0	0	10	0	0	0	0	0	0	0	0	0	0	0
562f0b681e93cc421aa434eeb134ae7f	0	0	10	0	0	0	0	0	0	0	0	0	0	0
a83e1d734b410035ff3955f386f6ec58	0	0	10	0	0	0	0	0	0	0	0	0	0	0
53e6452efe98c16d7ada138b21bac54f	0	0	10	0	0	0	0	0	0	0	0	0	0	0
2c65e4e874fdc3a5068786b472527a7f	0	0	10	0	0	0	0	0	0	0	0	0	0	0
3dbbc3561f2ab9be8e37b608df0f76ce	0	0	10	0	0	0	0	0	0	0	0	0	0	0
0954b0835973fa78d49493073c3fe336	0	0	10	0	0	0	0	0	0	0	0	0	0	0
2b07e35d57da83798544a07e6714e563	0	0	10	0	0	0	0	0	0	0	0	0	0	0
4265257c267a98588a7c89749ee14a03	0	0	10	0	0	0	0	0	0	0	0	0	0	0
8ed038857def292c6a9a20319bfa65bd	0	0	10	0	0	0	0	0	0	0	0	0	0	0
6c6e99101749608841560cd0ea272b92	0	0	10	0	0	0	0	0	0	0	0	0	0	0
4f0542c4f91ec7f321b92b25744a31d0	0	0	10	0	0	0	0	0	0	0	0	0	0	0
695568792122a9985c3efdc76aeed061	0	0	10	0	0	0	0	0	0	0	0	0	0	0
e4fbb55f0eedd003a55c8ad390eeaddc	0	0	10	0	0	0	0	0	0	0	0	0	0	0
71c4cb8a372a38517c4a9081899e6c13	0	0	8	0	0	0	0	0	0	0	0	0	0	2
4a762ff4e86ab41bb57829d574edbc37	0	0	4	0	0	3	3	0	0	0	0	0	0	0
4bbc84c35848b7b596a045593abf94f8	0	0	0	10	0	0	0	0	0	0	0	0	0	0
72cc57df529f45a851da8c8bc4da1e87	0	0	0	10	0	0	0	0	0	0	0	0	0	0
2a5a11c94accfef236e5605fe7c25b15	0	0	0	10	0	0	0	0	0	0	0	0	0	0
a3dc4bcd1870c5967e682086dddbfd78	0	0	0	10	0	0	0	0	0	0	0	0	0	0
88735c962d8a84380b9a5b3e43734702	0	0	0	10	0	0	0	0	0	0	0	0	0	0
3b457e0015742f7ad6a24eae3388912e	0	0	0	0	0	10	0	0	0	0	0	0	0	0
4faa3f3786485d0cf4a2f54d48be4dea	0	0	0	0	0	10	0	0	0	0	0	0	0	0
2928f68d1a0a51ea7ebca4e46c27422d	0	0	0	0	0	10	0	0	0	0	0	0	0	0
f5aec345c06de5a9ef7712b883d79cd4	0	0	0	0	0	10	0	0	0	0	0	0	0	0
110ddaf4be10852db8d94648668a0c9f	0	0	0	0	0	10	0	0	0	0	0	0	0	0
3f4c8261e1c3e608c4a6755516c58d70	0	0	0	0	0	10	0	0	0	0	0	0	0	0
cd4f7e953e13852d698b6f2fa33072a4	0	0	0	0	0	10	0	0	0	0	0	0	0	0
5f0aa49ad98cda2e41287cfe3a443bb5	0	0	0	0	0	10	0	0	0	0	0	0	0	0
efc0a51f2552ce8af20fc8085adffd0d	0	0	0	0	0	10	0	0	0	0	0	0	0	0
27404506b9686679a7d2d8571fe6b7fc	0	0	0	0	0	10	0	0	0	0	0	0	0	0
82bac8fc1986d741726900e71cabedfd	0	0	0	0	0	10	0	0	0	0	0	0	0	0
0c9ee655ce35eaf7b8dc2776b90ff3ac	0	0	0	0	0	10	0	0	0	0	0	0	0	0
07b0f10af37503618b0909a3b8f23afd	0	0	0	0	0	10	0	0	0	0	0	0	0	0
4a6c4d35c530d33be643af6e0a021ede	0	0	0	0	0	10	0	0	0	0	0	0	0	0
8480b45413d83dcfcb4843b93f17f063	0	0	0	0	0	10	0	0	0	0	0	0	0	0
07191205eff719e5c113d154461bbb12	0	0	0	0	0	10	0	0	0	0	0	0	0	0
3fb20d5c8f70efa6d7b6eed27c31bdb1	0	0	0	0	0	10	0	0	0	0	0	0	0	0
f9741c16dce8f15aa9a0c763daa9d7a1	0	0	0	0	0	10	0	0	0	0	0	0	0	0
861826ad19a64050d559fc80677efa40	0	0	0	0	0	10	0	0	0	0	0	0	0	0
2ce175ba8f21bb4a7051b9d795e5a2cb	0	0	0	0	0	10	0	0	0	0	0	0	0	0
238563bf9c02007c77d229b3239d5d4d	0	0	0	0	0	10	0	0	0	0	0	0	0	0
cee382149b27969350b8c8e9bc68bdef	0	0	0	0	0	10	0	0	0	0	0	0	0	0
cd319aab3e1d29c71ae98ee3093eb37d	0	0	0	0	0	10	0	0	0	0	0	0	0	0
33ba3c4b18957e166074dc35af8cece5	0	0	0	0	0	10	0	0	0	0	0	0	0	0
e3f3715a4925e7192f15765ce8dd39b0	0	0	0	0	0	10	0	0	0	0	0	0	0	0
cfd1d04be4f5c66e40b0584fb1a37799	0	0	0	0	0	10	0	0	0	0	0	0	0	0
113af753dbbc11596c0b3d0b145f6ce5	0	0	0	0	0	10	0	0	0	0	0	0	0	0
39be3d281aa458c88335fa4c0d9cab49	0	0	0	0	0	10	0	0	0	0	0	0	0	0
ad3a3863a3134ecc4ee26f967b60890b	0	0	0	0	0	10	0	0	0	0	0	0	0	0
830ce95f4eb0f607c25e2cb15eac09c2	0	0	0	0	0	10	0	0	0	0	0	0	0	0
ece63694350a081202cb0bf8a99ac71d	0	0	0	0	0	10	0	0	0	0	0	0	0	0
6f47e7df2f78ecf8cfb477a3634299fc	0	0	0	0	0	10	0	0	0	0	0	0	0	0
f6d71d4e56c323f98b7668eb31274b31	0	0	0	0	0	10	0	0	0	0	0	0	0	0
376b2d909ddb5b136055f31101086332	0	0	0	0	0	10	0	0	0	0	0	0	0	0
4a99e69a4401e0cf8135993a4aecc564	0	0	0	0	0	3	7	0	0	0	0	0	0	0
b641724accaab170015153d3a5962798	0	0	0	0	0	0	10	0	0	0	0	0	0	0
e40e391fd336febd9c5dc99df25d9622	0	0	0	0	0	0	10	0	0	0	0	0	0	0
c0bfa96961041fde890ad7cf9152a2c9	0	0	0	0	0	0	10	0	0	0	0	0	0	0
a4848027309f5cccfda65d54d335cdc0	0	0	0	0	0	0	10	0	0	0	0	0	0	0
3aedf8f764186ac9e592769945694d0e	0	0	0	0	0	0	10	0	0	0	0	0	0	0
5da894d021cbb1b8186f9c1369f1e17c	0	0	0	0	0	0	10	0	0	0	0	0	0	0
4a6565c53c8604d091d54dc76f584c64	0	0	0	0	0	0	10	0	0	0	0	0	0	0
62a06fc6015a07bc819fefd97854fc12	0	0	0	0	0	0	10	0	0	0	0	0	0	0
f09e566de3fc48bfb99bc4dabd6df4e2	0	0	0	0	0	0	10	0	0	0	0	0	0	0
3ae587c9884b6103ee5da9c6460cd27b	0	0	0	0	0	0	10	0	0	0	0	0	0	0
a6051f5e1b7feb425ed9e499e69c0ed5	0	0	0	0	0	0	10	0	0	0	0	0	0	0
02ee69dcc4b9e49f6eff6e2e91efef56	0	0	0	0	0	0	10	0	0	0	0	0	0	0
d4624595c73390a45f128069a3378c4d	0	0	0	0	0	0	10	0	0	0	0	0	0	0
bf6f508732005d1b22a574a37b63610e	0	0	0	0	0	0	10	0	0	0	0	0	0	0
6f34474279abdf75d93e5991029e1aca	0	0	0	0	0	0	10	0	0	0	0	0	0	0
84b4b06ec10eb5328251b4d300104c74	0	0	0	0	0	0	10	0	0	0	0	0	0	0
9c02fe4715bafbff52a4b5aa06512e07	0	0	0	0	0	0	10	0	0	0	0	0	0	0
5ccf8817ff6585cf8fdf411804db4d2b	0	0	0	0	0	0	10	0	0	0	0	0	0	0
24168fc4cf5da5847ab7f87b3af97d6c	0	0	0	0	0	0	10	0	0	0	0	0	0	0
7ef72d0458462150e96b5ba09d869d93	0	0	0	0	0	0	10	0	0	0	0	0	0	0
ffa95a73d4c4e415bd2f0774500de460	0	0	0	0	0	0	10	0	0	0	0	0	0	0
2df0f685983fd1e05c2cfb778f3012c4	0	0	0	0	0	0	10	0	0	0	0	0	0	0
aa7b10e67ce206e82f0fe575407f7f90	0	0	0	0	0	0	10	0	0	0	0	0	0	0
0c4c239c8d1d42fd3d19397749d1daee	0	0	0	0	0	0	10	0	0	0	0	0	0	0
c03d3edf64b125595d807a3cf51188d0	0	0	0	0	0	0	10	0	0	0	0	0	0	0
246a6a7b41397e4567a4f51f4cdff90c	0	0	0	0	0	0	10	0	0	0	0	0	0	0
33e93bb9ff8541971361839fe0355625	0	0	0	0	0	0	10	0	0	0	0	0	0	0
2a25225309c4961c3d47a22ccf420a42	0	0	0	0	0	0	10	0	0	0	0	0	0	0
faaf0a06e09e6b2951684737c3b5f68f	0	0	0	0	0	0	10	0	0	0	0	0	0	0
1e8e37fb809c0b9afab34c794e6b898d	0	0	0	0	0	0	10	0	0	0	0	0	0	0
82aeeb29443808d1ba763bcbe0ddf7c8	0	0	0	0	0	0	10	0	0	0	0	0	0	0
b1d036d746ac6f76751a2d2abdb0032a	0	0	0	0	0	0	0	10	0	0	0	0	0	0
bc302e871b63a008f497b05cbdf84f5b	0	0	0	0	0	0	0	10	0	0	0	0	0	0
e5af0655fe826dee9a58c3d231432607	0	0	0	0	0	0	0	10	0	0	0	0	0	0
549bd188e10625378d7c6a75d3a75bda	0	0	0	0	0	0	0	10	0	0	0	0	0	0
6164c48fca3ebfa488ceff8d3c191763	0	0	0	0	0	0	0	10	0	0	0	0	0	0
b0385acd1d23cad3630735e582187e20	0	0	0	0	0	0	0	10	0	0	0	0	0	0
5e8f920323f3cbf9127f60b14c168732	0	0	0	0	0	0	0	10	0	0	0	0	0	0
4dd8147e44a4e85e16bfb0ea660c10cb	0	0	0	0	0	0	0	10	0	0	0	0	0	0
2bd062a570f2e89bd922b8bf2de20f69	0	0	0	0	0	0	0	10	0	0	0	0	0	0
6a21ce434173ba2eccd80bbf306fa8e5	0	0	0	0	0	0	0	10	0	0	0	0	0	0
b975dab0b27e8a3f0afc3ec5d4602bb6	0	0	0	0	0	0	0	10	0	0	0	0	0	0
a3283b874df8f267e99cc69323d96e59	0	0	0	0	0	0	0	10	0	0	0	0	0	0
194a5a6840464593eed73335f1f62014	0	0	0	0	0	0	0	10	0	0	0	0	0	0
b8a70b2ef1c79df65343b0837821e63d	0	0	0	0	0	0	0	10	0	0	0	0	0	0
42c598d2aaddd242a6fd79ff89a6e3ce	0	0	0	0	0	0	0	10	0	0	0	0	0	0
5db357018152fca63333b7c2751cfa82	0	0	0	0	0	0	0	10	0	0	0	0	0	0
f37a8272a51765353f61c238aec8ad0f	0	0	0	0	0	0	0	10	0	0	0	0	0	0
78ac4bd61b04ad41b6eb8274798e234c	0	0	0	0	0	0	0	10	0	0	0	0	0	0
579a47977ba5c41607778f5c85dd59aa	0	0	0	0	0	0	0	10	0	0	0	0	0	0
f0c4a2e684e35d581406b5e8ae5d998f	0	0	0	0	0	0	0	10	0	0	0	0	0	0
7fbc7bc495462659c4900e2f0e7b1e59	0	0	0	0	0	0	0	10	0	0	0	0	0	0
2964b34f1c7ed8cf694cc4bde484458d	0	0	0	0	0	0	0	10	0	0	0	0	0	0
550cf12c08ad0c8bbe7379046ef709db	0	0	0	0	0	0	0	10	0	0	0	0	0	0
6ef476ebc7e50c952ab65a0de5ccf487	0	0	0	0	0	0	0	10	0	0	0	0	0	0
b06900a15f3050a77a95ca28f132fe7e	0	0	0	0	0	0	0	10	0	0	0	0	0	0
00028299810ce9ed94d065a12e1b6faf	0	0	0	0	0	0	0	10	0	0	0	0	0	0
a7aa88151e2e82020b05d87501174213	0	0	0	0	0	0	0	10	0	0	0	0	0	0
f97cd9090551b78d520eb619d3d5a287	0	0	0	0	0	0	0	10	0	0	0	0	0	0
a3616289d255be8d8a92e321969a370e	0	0	0	0	0	0	0	10	0	0	0	0	0	0
2bff758e4f5ebfdb1e0cfe46b1d003f4	0	0	0	0	0	0	0	10	0	0	0	0	0	0
8c1c1d4d7d6cb32c0f8f53a4869c2383	0	0	0	0	0	0	0	10	0	0	0	0	0	0
8c3adb090240efdcb1ab5dd860a2e778	0	0	0	0	0	0	0	10	0	0	0	0	0	0
bf31e0805e0097afa2dbba517fbd0db1	0	0	0	0	0	0	0	10	0	0	0	0	0	0
a1e0be9ce2da1b1322a9482553340c25	0	0	0	0	0	0	0	10	0	0	0	0	0	0
29cfc01479e05edef47cf23eff780a47	0	0	0	0	0	0	0	10	0	0	0	0	0	0
5f98dd6142d0667c6ffb8ac383d9f68a	0	0	0	0	0	0	0	10	0	0	0	0	0	0
cff4fe6fb25e94f99c107d1890420f95	0	0	0	0	0	0	0	10	0	0	0	0	0	0
1a873a533f600873e206316ee49bc1fd	0	0	0	0	0	0	0	10	0	0	0	0	0	0
a0f2d2e53c50a1d4cb3805edf740d64d	0	0	0	0	0	0	0	10	0	0	0	0	0	0
5ca7e9cf27ae1af757373a564a202e39	0	0	0	0	0	0	0	10	0	0	0	0	0	0
8024a4a7ca4627e4de146d90bb4b45c3	0	0	0	0	0	0	0	10	0	0	0	0	0	0
2330b4912e747ad1b4e72b2e5cb6d04d	0	0	0	0	0	0	0	10	0	0	0	0	0	0
4c4cf8ee4528c9700a6f0fa9523013bc	0	0	0	0	0	0	0	10	0	0	0	0	0	0
f9779d48ea92308edc17e0e3d6f564ab	0	0	0	0	0	0	0	10	0	0	0	0	0	0
53a8c86711b8c4b3a619644ca373d198	0	0	0	0	0	0	0	10	0	0	0	0	0	0
e602872296129676236e3a324ce9d687	0	0	0	0	0	0	0	10	0	0	0	0	0	0
72f4f7fecca48e77e3420969d42fa7d6	0	0	0	0	0	0	0	10	0	0	0	0	0	0
32943a7a1396d2c05095530fca63de4a	0	0	0	0	0	0	0	10	0	0	0	0	0	0
1b018f22a78650302b604664f3adb74e	0	0	0	0	0	0	0	10	0	0	0	0	0	0
b9aac308b3e446ca42e1b11ab1bd6622	0	0	0	0	0	0	0	10	0	0	0	0	0	0
3118d3473e37f5fd97d2ca291bf52a09	0	0	0	0	0	0	0	10	0	0	0	0	0	0
31ad579b57e78263d5680c1485875ced	0	0	0	0	0	0	0	10	0	0	0	0	0	0
b0432772349efdfd324e380d088510b9	0	0	0	0	0	0	0	10	0	0	0	0	0	0
108843d6cb333505ced53ac31bb266c8	0	0	0	0	0	0	0	10	0	0	0	0	0	0
8ff989d25ed90c7a4e8a0018d42fcf92	0	0	0	0	0	0	0	10	0	0	0	0	0	0
6394273d3f28611dfa9d3aa88452d1d2	0	0	0	0	0	0	0	10	0	0	0	0	0	0
546ffc49f22e01107d0cd93898707228	0	0	0	0	0	0	0	10	0	0	0	0	0	0
da761acaeeeba983ebd89226651a16ad	0	0	0	0	0	0	0	10	0	0	0	0	0	0
bd6fbf00cbc5ae73fb0028b7193edf73	0	0	0	0	0	0	0	10	0	0	0	0	0	0
9981155cf37d62076db0f7725f27bfe9	0	0	0	0	0	0	0	10	0	0	0	0	0	0
092a1777653a64ed5e19657b3480835f	0	0	0	0	0	0	0	10	0	0	0	0	0	0
5f62f546507c14092e198c926276b203	0	0	0	0	0	0	0	10	0	0	0	0	0	0
39a08eab0582296d02be9d27073e149f	0	0	0	0	0	0	0	10	0	0	0	0	0	0
d3d09a78217ecc61941ac8727122d424	0	0	0	0	0	0	0	10	0	0	0	0	0	0
727284dae06796bdba8dae0594059ee8	0	0	0	0	0	0	0	10	0	0	0	0	0	0
c8f1618dc639c370340c0166be90d90a	0	0	0	0	0	0	0	10	0	0	0	0	0	0
c05d2fdfc4efa42863c86ddca7e4cabb	0	0	0	0	0	0	0	10	0	0	0	0	0	0
13ba2a6b6c3394b207151734c1bb575d	0	0	0	0	0	0	0	10	0	0	0	0	0	0
2f51c1f1c857842e5a2687e563b835e5	0	0	0	0	0	0	0	10	0	0	0	0	0	0
d3dc5468b88e4d87450649157437188c	0	0	0	0	0	0	0	10	0	0	0	0	0	0
73b7b1251bec9243660abae4216a7f40	0	0	0	0	0	0	0	10	0	0	0	0	0	0
ab3979d3c52ed0de22895391e3620de5	0	0	0	0	0	0	0	10	0	0	0	0	0	0
3ccb9ae04b73924b09f1b71ac344662b	0	0	0	0	0	0	0	10	0	0	0	0	0	0
e3423de99198a07b13718aee99731cd9	0	0	0	0	0	0	0	10	0	0	0	0	0	0
96125c53c67ffda22113cf619efce126	0	0	0	0	0	0	0	10	0	0	0	0	0	0
515d6ea87960558d0fec4ee2b70cdb41	0	0	0	0	0	0	0	10	0	0	0	0	0	0
57aa0131d55173ddde2df5b1434105d7	0	0	0	0	0	0	0	10	0	0	0	0	0	0
864440a4fb68cde028c511523ec96270	0	0	0	0	0	0	0	10	0	0	0	0	0	0
6140e7739a807b1ef4b52dfd8e865b9e	0	0	0	0	0	0	0	10	0	0	0	0	0	0
a8225283ba0163ea50c0abf37a21a67d	0	0	0	0	0	0	0	10	0	0	0	0	0	0
0b2c131aacf386237296e6cd1cfb5215	0	0	0	0	0	0	0	10	0	0	0	0	0	0
364ee1382b44e38b838eaa14c61b4fc8	0	0	0	0	0	0	0	10	0	0	0	0	0	0
8700caa3901c6d489ad199ce791d390a	0	0	0	0	0	0	0	10	0	0	0	0	0	0
9ce45189538b867dfa2c7c1152c78b9d	0	0	0	0	0	0	0	10	0	0	0	0	0	0
8a7442c15ad02c24c1c6420a736702b0	0	0	0	0	0	0	0	10	0	0	0	0	0	0
f260485687b6a2023806ea7337412647	0	0	0	0	0	0	0	10	0	0	0	0	0	0
aacfd7ea16f93a88a21c16440f78350f	0	0	0	0	0	0	0	10	0	0	0	0	0	0
264a01fb45fe7706d7b80a2640c3d2bb	0	0	0	0	0	0	0	10	0	0	0	0	0	0
ba230ff108f2a0af972907e0b0ab398b	0	0	0	0	0	0	0	10	0	0	0	0	0	0
5c4453a51b5f512b324dc27f234af5dd	0	0	0	0	0	0	0	10	0	0	0	0	0	0
8b6cf2cc6f09163d97d6777b726fd143	0	0	0	0	0	0	0	10	0	0	0	0	0	0
ba7534fb29df85d2fd40f371b8911a02	0	0	0	0	0	0	0	10	0	0	0	0	0	0
599a1eebafe6b7bef6dacf61bdcac9de	0	0	0	0	0	0	0	10	0	0	0	0	0	0
94007ea58794ef22ae3175b28e343b3a	0	0	0	0	0	0	0	10	0	0	0	0	0	0
7e1642bec15cf62aa49d8f62541a3316	0	0	0	0	0	0	0	10	0	0	0	0	0	0
0e19de3afd8e2a14080154b18b538e53	0	0	0	0	0	0	0	10	0	0	0	0	0	0
2bc5f169e56c3c6c7ab373c5104b0381	0	0	0	0	0	0	0	10	0	0	0	0	0	0
b42e53f3a792c8fe92f14b746f537e07	0	0	0	0	0	0	0	10	0	0	0	0	0	0
63174b17e99390cd15ce789f7e9547bb	0	0	0	0	0	0	0	10	0	0	0	0	0	0
0cc72aab4ad50147948e6b9f6f29a595	0	0	0	0	0	0	0	10	0	0	0	0	0	0
746765b98574990f74356f3dad12c93c	0	0	0	0	0	0	0	10	0	0	0	0	0	0
4b0701a0fa15569bbe7be9b25f246fed	0	0	0	0	0	0	0	10	0	0	0	0	0	0
5fbe485c134dfecbb6ce13351d8d75e8	0	0	0	0	0	0	0	10	0	0	0	0	0	0
9b1555a8dcdc270da0defa8ec32e0d5f	0	0	0	0	0	0	0	0	0	0	0	0	10	0
b5b6de08c2595edaa5041529a6712844	0	0	0	0	0	0	0	0	0	0	0	0	0	10
d152e15cc40d331a90692676104a24f2	0	0	0	0	0	0	0	0	0	0	0	0	0	10
3c238cd8cb37d9a61a510c6b02df611c	0	0	0	0	0	0	0	0	0	0	0	0	0	10
fcdc4331969dd5b8845dccc4650ead5f	0	0	0	0	0	0	0	0	0	0	0	0	0	10
88d99b3cdbd8a98e208344eab040cf90	0	0	0	0	0	0	0	0	0	0	0	0	0	10
26aeaba78e30da728e2969d875086572	0	0	0	0	0	0	0	0	0	0	0	0	0	10
564e28679bdeb0265010597cafeedfc0	0	0	0	0	0	0	0	0	0	0	0	0	0	10
3278a8c37b212e4602934f40712243c4	0	0	0	0	0	0	0	0	0	0	0	0	0	10
a0fe15c030e364621953809297feb841	0	0	0	0	0	0	0	0	0	0	0	0	0	10
2cb2220df4abef1de019f41fd33d8630	0	0	0	0	0	0	0	0	0	0	0	0	0	10
6a3e39aed226f0c3255f803aae555f7f	0	0	0	0	0	0	0	0	0	0	0	0	0	10
7af80017428849ce5faffbba3f4e0b13	0	0	0	0	0	0	0	0	0	0	0	0	0	10
2e3a2e6ad3b3a40db2740b41a7f6c4fd	0	0	0	0	0	0	0	0	0	0	0	0	0	10
6a2610998f540240437834d9a904cd38	0	9	0	0	0	0	0	0	0	0	0	0	0	0
c24b6fea2293c18f4ffbabb42021ac26	0	9	0	0	0	0	0	0	0	0	0	0	0	0
2f64e1763cae09d2d658e69657c1aba1	0	9	0	0	0	0	0	0	0	0	0	0	0	0
401b95088c997bd909677d8ad2363128	0	9	0	0	0	0	0	0	0	0	0	0	0	0
603bc97a2bf773c12a7fba2b5ef53957	0	9	0	0	0	0	0	0	0	0	0	0	0	0
7b9c2ed3de6046b2bfdaf647742aa3a1	0	9	0	0	0	0	0	0	0	0	0	0	0	0
14365cf8b90b3ec5b3b81828d402b3e6	0	9	0	0	0	0	0	0	0	0	0	0	0	0
3a989d3c80b7631ecc7fc34f14d12521	0	9	0	0	0	0	0	0	0	0	0	0	0	0
162e22368570416e232e5729509cabb2	0	9	0	0	0	0	0	0	0	0	0	0	0	0
37cac1f89d9c4987499097a262df3425	0	9	0	0	0	0	0	0	0	0	0	0	0	0
a98b5ae642104fc33ea610ad144c5760	0	9	0	0	0	0	0	0	0	0	0	0	0	0
cb42206aff976f468b916c9683dc8500	0	9	0	0	0	0	0	0	0	0	0	0	0	0
564eb6882ab02408893338e2bc2fe4b3	0	9	0	0	0	0	0	0	0	0	0	0	0	0
993232136c144df8f5614ebc627b6b3f	0	9	0	0	0	0	0	0	0	0	0	0	0	0
db46b96a4aae96bc533d21948cbcd12c	0	9	0	0	0	0	0	0	0	0	0	0	0	0
487bc95fab1f4992e7221f89fadeb5ce	0	9	0	0	0	0	0	0	0	0	0	0	0	0
a2d8e906c4d473e2415c1fff5ad8c24e	0	9	0	0	0	0	0	0	0	0	0	0	0	0
fe008b1c0a43dbaf49a4b022d3090e0e	0	9	0	0	0	0	0	0	0	0	0	0	0	0
ea734f2d50cabec7de1a701e6a4e6ef5	0	9	0	0	0	0	0	0	0	0	0	0	0	0
60d07d03e1adadee270265d4f89a50d3	0	9	0	0	0	0	0	0	0	0	0	0	0	0
dd5b9dd1343e002f1b0fd28054dd5e9e	0	9	0	0	0	0	0	0	0	0	0	0	0	0
cd362e73b892aed31db01bdfc53aa458	0	9	0	0	0	0	0	0	0	0	0	0	0	0
7ca6e2d07cb45b224f0c028fc973dfec	0	9	0	0	0	0	0	0	0	0	0	0	0	0
a16d8ecd8daa3ac4bb6b6cc508d24fb9	0	9	0	0	0	0	0	0	0	0	0	0	0	0
33434128fee227c04ae7bc391347508e	0	9	0	0	0	0	0	0	0	0	0	0	0	0
2295d132b2944dfc71f1b0cfb1b07c8a	0	9	0	0	0	0	0	0	0	0	0	0	0	0
51a822c02d48747d93f48e71d6f3f1f1	0	9	0	0	0	0	0	0	0	0	0	0	0	0
f670f71d27bb23e494ddc8b8275ac6db	0	9	0	0	0	0	0	0	0	0	0	0	0	0
bd77cf58fd190b33e0ade2360517d665	0	9	0	0	0	0	0	0	0	0	0	0	0	0
494688b74f53f7fed56f6aa36fec6c92	0	9	0	0	0	0	0	0	0	0	0	0	0	0
74cda1ea9d4236606f11438b561c6f5d	0	9	0	0	0	0	0	0	0	0	0	0	0	0
2c204ef6b00c07f5e0b8ee28299bbada	0	9	0	0	0	0	0	0	0	0	0	0	0	0
26918a33d2e33461df9be2a2b1012834	0	9	0	0	0	0	0	0	0	0	0	0	0	0
7b9ff00bb5b0cd0cb05d631124c0a790	0	9	0	0	0	0	0	0	0	0	0	0	0	0
451709eb5c0b77c2b47a0be222e6ea23	0	9	0	0	0	0	0	0	0	0	0	0	0	0
7f45e099671c6e407c64aa2a505b96c7	0	9	0	0	0	0	0	0	0	0	0	0	0	0
dd84bbc84b4eab83e9d07184e5c10e28	0	9	0	0	0	0	0	0	0	0	0	0	0	0
0ade4eedc45e6c3283434d3e93a1a3ec	0	9	0	0	0	0	0	0	0	0	0	0	0	0
f811a0264eaeb657525d6a3d354014d6	0	9	0	0	0	0	0	0	0	0	0	0	0	0
686da49bedf58b747249055dd987ad16	0	9	0	0	0	0	0	0	0	0	0	0	0	0
645fa6bd5d15e97fa6c93c994b7d9dbe	0	9	0	0	0	0	0	0	0	0	0	0	0	0
6abc84122313597c90f4f82ec9151b99	0	9	0	0	0	0	0	0	0	0	0	0	0	0
b3a7eff582c05585f3dae42a60cf50d8	0	9	0	0	0	0	0	0	0	0	0	0	0	0
808d41dfc21ee56065183ae5c27cc7c8	0	9	0	0	0	0	0	0	0	0	0	0	0	0
617f61160d393db18c08fbc36c09283c	0	9	0	0	0	0	0	0	0	0	0	0	0	0
682cd151836af6e2b693976fd2d029bd	0	9	0	0	0	0	0	0	0	0	0	0	0	0
0a022212377f72c5fc5c68fb8c0821cd	0	9	0	0	0	0	0	0	0	0	0	0	0	0
130b9e57262851550e98770daada57cc	0	9	0	0	0	0	0	0	0	0	0	0	0	0
a480631c32839d2a47d44e2082feaee2	0	9	0	0	0	0	0	0	0	0	0	0	0	0
a5649208086b2d00a239b1d7654c937a	0	9	0	0	0	0	0	0	0	0	0	0	0	0
4720b5ee639e1779250478a62ac78d58	0	9	0	0	0	0	0	0	0	0	0	0	0	0
d99c4e31aa7b8c5a620c370cd56ee1da	0	9	0	0	0	0	0	0	0	0	0	0	0	0
605a73fe88d1b975e835cc9f61cec7bc	0	9	0	0	0	0	0	0	0	0	0	0	0	0
6796acadfeac0398f79d7d9906357b8b	0	9	0	0	0	0	0	0	0	0	0	0	0	0
fd95ce2957cd27a4401f54cae9a0a9d8	0	9	0	0	0	0	0	0	0	0	0	0	0	0
2148295ce0cce1e226e7c335c44984ae	0	9	0	0	0	0	0	0	0	0	0	0	0	0
516073b05f54bb9dca383e1d3aca681f	0	9	0	0	0	0	0	0	0	0	0	0	0	0
8994c15e7e0bc9d141e824dea43f76da	0	9	0	0	0	0	0	0	0	0	0	0	0	0
ec3eaaeb3713ef9fad6d5de19d0a39c9	0	9	0	0	0	0	0	0	0	0	0	0	0	0
a5f3c350e7da767e655ef616f2eafd36	0	9	0	0	0	0	0	0	0	0	0	0	0	0
9f23df3ca438b2cc2a975050fa5521f3	0	9	0	0	0	0	0	0	0	0	0	0	0	0
7956145ee600654bb1ebc524d73eda2f	0	9	0	0	0	0	0	0	0	0	0	0	0	0
75693fab0030dd413a5e1457b7958d97	0	9	0	0	0	0	0	0	0	0	0	0	0	0
dea98614ed23c9b26b7f801c946f3285	0	9	0	0	0	0	0	0	0	0	0	0	0	0
9968a6e5e7ab9d78836e29e8c53d6622	0	9	0	0	0	0	0	0	0	0	0	0	0	0
58b2ced2fc65fa96c59aad70496beac7	0	9	0	0	0	0	0	0	0	0	0	0	0	0
613dd006312122ab60ec5618de5934e4	0	0	9	0	0	0	0	0	0	0	0	0	0	0
336e0c76ec27d967e60ba8e6d53438f2	0	0	9	0	0	0	0	0	0	0	0	0	0	0
2cc3441df142374b985c6c5311eb940b	0	0	9	0	0	0	0	0	0	0	0	0	0	0
8ae1f66cb5026c85b1915cf2b06fedf9	0	0	9	0	0	0	0	0	0	0	0	0	0	0
cb4879f3ed50e0ce907d188a078406fe	0	0	9	0	0	0	0	0	0	0	0	0	0	0
d8842d09455dd75590ce5ead2954af3f	0	0	9	0	0	0	0	0	0	0	0	0	0	0
5fe8e86c9f30be2287e8d48c80f803ae	0	0	9	0	0	0	0	0	0	0	0	0	0	0
c5ee889b022782187ec01f4809f4aa55	0	0	9	0	0	0	0	0	0	0	0	0	0	0
e37fd876679972b77fc610ce4efac6ef	0	0	9	0	0	0	0	0	0	0	0	0	0	0
00ab3864bdf591b9fb52fb4a54d3a1f4	0	0	9	0	0	0	0	0	0	0	0	0	0	0
551b4d1d92237d8135f17f0991a38bda	0	0	9	0	0	0	0	0	0	0	0	0	0	0
14a7c293e849a6ce17fd7fe7e24b28ba	0	0	9	0	0	0	0	0	0	0	0	0	0	0
5f82a4de3385a7933b7a473af41ff136	0	0	9	0	0	0	0	0	0	0	0	0	0	0
325fd44ac701cf40c5f1795e0e5c701d	0	0	9	0	0	0	0	0	0	0	0	0	0	0
c95e6766e8498f3788c340e85dad122c	0	0	9	0	0	0	0	0	0	0	0	0	0	0
f00ec1a35dae2315b0ec12d4b32beefd	0	0	9	0	0	0	0	0	0	0	0	0	0	0
1f22f48e1d67b6e6dd2eb772126f21b7	0	0	9	0	0	0	0	0	0	0	0	0	0	0
e4c8e845aac6f3f25b405f4f082b4b41	0	0	9	0	0	0	0	0	0	0	0	0	0	0
360e057c247f0575f7f02ed749b4d275	0	0	9	0	0	0	0	0	0	0	0	0	0	0
3694245c68641316a81b7549d0276ad2	0	0	9	0	0	0	0	0	0	0	0	0	0	0
c2e4f76c40f7170dc6693214fae4392c	0	0	9	0	0	0	0	0	0	0	0	0	0	0
44dd4af1e1ea053254a651d1c193c4ab	0	0	9	0	0	0	0	0	0	0	0	0	0	0
b958fc2cde3116cd5f7fdb805e3102ed	0	0	9	0	0	0	0	0	0	0	0	0	0	0
b5f42c2a86f6c96cc022018b75fd9ce5	0	0	9	0	0	0	0	0	0	0	0	0	0	0
9e01c7312e92cf433ecc50abb4488cc4	0	0	9	0	0	0	0	0	0	0	0	0	0	0
8da88f1d28e179f8bb890ea5166ca896	0	0	9	0	0	0	0	0	0	0	0	0	0	0
46baf830adedd6952f559dd82eda806e	0	0	9	0	0	0	0	0	0	0	0	0	0	0
b92c444a77f02d05ec6e159a36bb2ac7	0	0	9	0	0	0	0	0	0	0	0	0	0	0
3cc349f32b6489edafd5c020dec173af	0	0	9	0	0	0	0	0	0	0	0	0	0	0
8be0bac266a72890911bd5c05f2f9248	0	0	9	0	0	0	0	0	0	0	0	0	0	0
127b535d928c490bc374857058bc1994	0	0	9	0	0	0	0	0	0	0	0	0	0	0
9af66661c1640021b5e65016c11e4ed6	0	0	9	0	0	0	0	0	0	0	0	0	0	0
76195e26653b281bd2886050128e823c	0	0	9	0	0	0	0	0	0	0	0	0	0	0
2dde4c8c5a5594c546ce58746d18fdee	0	0	9	0	0	0	0	0	0	0	0	0	0	0
77b604d2a2d56a8ebe2dfd34803aa8ad	0	0	9	0	0	0	0	0	0	0	0	0	0	0
dcaecd79aea7d2eb4c82dd20e821812f	0	0	9	0	0	0	0	0	0	0	0	0	0	0
0c18d839d58a6da117083daea546f7a6	0	0	9	0	0	0	0	0	0	0	0	0	0	0
08f85c5da781d288681dce1d7f150169	0	0	9	0	0	0	0	0	0	0	0	0	0	0
73b22d63ddb0f7c9757bd4cceb6b7a0a	0	0	9	0	0	0	0	0	0	0	0	0	0	0
66dcf85b849855589aeaa80f9fd998e1	0	0	9	0	0	0	0	0	0	0	0	0	0	0
5cbd03c92fcc6771d0f6cddc89b93c71	0	0	9	0	0	0	0	0	0	0	0	0	0	0
3233af240d90add5a887f7994b0f43a9	0	0	9	0	0	0	0	0	0	0	0	0	0	0
646cefca093d4f7f88472e8acc4b6248	0	0	9	0	0	0	0	0	0	0	0	0	0	0
33b2277fc9724cc77c5da0138cfcc9ed	0	0	9	0	0	0	0	0	0	0	0	0	0	0
bba8cfc884007b67a94a1b65a6affb0a	0	0	9	0	0	0	0	0	0	0	0	0	0	0
7486428521df4910a585cb28f5b46e4f	0	0	9	0	0	0	0	0	0	0	0	0	0	0
2ebb16273993b41aa1d5a0864d5f45ac	0	0	9	0	0	0	0	0	0	0	0	0	0	0
47d778ab2e5cf0e5d46fa55044c8758c	0	0	9	0	0	0	0	0	0	0	0	0	0	0
3af7dcaa8bbe8c72d64065455c7073c4	0	0	9	0	0	0	0	0	0	0	0	0	0	0
4345558b57f75379bd5de2fcc449a44c	0	0	9	0	0	0	0	0	0	0	0	0	0	0
c0463f8d1839e75e059b200ced03e6c5	0	0	9	0	0	0	0	0	0	0	0	0	0	0
5cebf80cbcdeace2bd1cd746af1d294d	0	0	9	0	0	0	0	0	0	0	0	0	0	0
2fe4cef809f31ba7d92a0edaf9316930	0	0	9	0	0	0	0	0	0	0	0	0	0	0
40ccd14d1059bd23120dcf46fa4e7544	0	0	9	0	0	0	0	0	0	0	0	0	0	0
5602602d240a445b1b0083d6fe56e9c9	0	0	6	0	0	3	0	0	0	0	0	0	0	0
722dbaf7828a4c9c481eec953e671582	0	0	1	0	0	0	8	0	0	0	0	0	0	0
c0bcb2220f46d07a262f8819237a8300	0	0	1	0	0	5	3	0	0	0	0	0	0	0
b00dead5d267dc49e336f5ac8f39ddf9	0	0	0	9	0	0	0	0	0	0	0	0	0	0
5d0ff37a0b7ba2027a2bea3001a093ab	0	0	0	9	0	0	0	0	0	0	0	0	0	0
50af55f9732c1f00f70c4f6f6eaeec0c	0	0	0	9	0	0	0	0	0	0	0	0	0	0
b2927258d9a9aa849267efce16b08923	0	0	0	9	0	0	0	0	0	0	0	0	0	0
da2dcdf4f1645b5396dc0a7d119dfeae	0	0	0	9	0	0	0	0	0	0	0	0	0	0
3c03eaaff90cff545394fc2f57fb63e5	0	0	0	9	0	0	0	0	0	0	0	0	0	0
4e3f8ed2d06d72c2200c45a476ae5360	0	0	0	9	0	0	0	0	0	0	0	0	0	0
5dd11785c2fd4f612d7944b76e3854c4	0	0	0	0	9	0	0	0	0	0	0	0	0	0
05481f7b0416296969673df409351c76	0	0	0	0	0	9	0	0	0	0	0	0	0	0
8e32fe9d756b6912ad146c940f519080	0	0	0	0	0	9	0	0	0	0	0	0	0	0
a46a27adfdc6b33c47ed397b40f107ff	0	0	0	0	0	9	0	0	0	0	0	0	0	0
799c984774286292f38aab67cfb177e0	0	0	0	0	0	9	0	0	0	0	0	0	0	0
425bf2f5fc36b2eb0cbb5bca20639ecf	0	0	0	0	0	9	0	0	0	0	0	0	0	0
3fbb1c4b9827e47985b371874297103a	0	0	0	0	0	9	0	0	0	0	0	0	0	0
f580108241b7f8f4ded971a6b6ef17be	0	0	0	0	0	9	0	0	0	0	0	0	0	0
a02ed5edcd3a13be0159a19f27cabae2	0	0	0	0	0	9	0	0	0	0	0	0	0	0
f41d9226fe9404e0b86de412b672e5cf	0	0	0	0	0	9	0	0	0	0	0	0	0	0
9c623091d55b51e635fd6dfb74a9a3d6	0	0	0	0	0	9	0	0	0	0	0	0	0	0
e9f8b41a78273c8fb4b390c9f92eb4b2	0	0	0	0	0	9	0	0	0	0	0	0	0	0
9c510327df23dc7bb7c1dadd5b581747	0	0	0	0	0	9	0	0	0	0	0	0	0	0
88d825c13acc65fa38ac244403e00968	0	0	0	0	0	9	0	0	0	0	0	0	0	0
8151da32e3170dd70f81fde9de205b65	0	0	0	0	0	9	0	0	0	0	0	0	0	0
bcd41f8d8020b41eb5b7f5b19a2e45cb	0	0	0	0	0	9	0	0	0	0	0	0	0	0
4ef4256cf42c4615b9f4a0c88a170f58	0	0	0	0	0	9	0	0	0	0	0	0	0	0
c650c72a8222875e033b1c45ff681301	0	0	0	0	0	9	0	0	0	0	0	0	0	0
e891644ab6e3bb7ce7f64c56137493fb	0	0	0	0	0	9	0	0	0	0	0	0	0	0
8d3c4f4dd299c1982dc5bb3cac855ac7	0	0	0	0	0	9	0	0	0	0	0	0	0	0
9a61058737d02277889628092aab03d5	0	0	0	0	0	9	0	0	0	0	0	0	0	0
ce05f5b6b4b0f4f26a2f7c20ca59ac1c	0	0	0	0	0	9	0	0	0	0	0	0	0	0
70b68f5f011c00740833231cf5c4b4bb	0	0	0	0	0	9	0	0	0	0	0	0	0	0
f68f0132bbb3b62bab5ea59055c78280	0	0	0	0	0	9	0	0	0	0	0	0	0	0
58782bb78551fdff1bd1f055254152ea	0	0	0	0	0	9	0	0	0	0	0	0	0	0
996c074601277518699cb86d13357286	0	0	0	0	0	9	0	0	0	0	0	0	0	0
c4c877825351ec33332561d54abea21f	0	0	0	0	0	9	0	0	0	0	0	0	0	0
4b634b58911b12825036090c34a86572	0	0	0	0	0	9	0	0	0	0	0	0	0	0
7325ef4901a05ebaca2178edbe415d96	0	0	0	0	0	9	0	0	0	0	0	0	0	0
c497104036dff6a9c4b573b97f3f0a34	0	0	0	0	0	9	0	0	0	0	0	0	0	0
4100381e9fc72ee3c2ee69f45ad326c3	0	0	0	0	0	9	0	0	0	0	0	0	0	0
f0d3dfc09a32caa762bb6e68b2cd9a46	0	0	0	0	0	9	0	0	0	0	0	0	0	0
487c043182df9e1f7a5607a01001d835	0	0	0	0	0	9	0	0	0	0	0	0	0	0
77e180ba62ce95b4a54e171c8f15d713	0	0	0	0	0	9	0	0	0	0	0	0	0	0
74277fffbd411438273e566307b75e2b	0	0	0	0	0	3	6	0	0	0	0	0	0	0
5206e2dbb051c31de37e016d84c8cc65	0	0	0	0	0	0	9	0	0	0	0	0	0	0
707b3ed29575ba2542393e477626ef53	0	0	0	0	0	0	9	0	0	0	0	0	0	0
8d99b0183024cc4e1f44b1b32aac7828	0	0	0	0	0	0	9	0	0	0	0	0	0	0
52d2bad139f8a4595dded0cd0a815f40	0	0	0	0	0	0	9	0	0	0	0	0	0	0
2cfae18b64359b43cd41078333ca910f	0	0	0	0	0	0	9	0	0	0	0	0	0	0
d7699e9e85797aeff6fc4d43daedf2ba	0	0	0	0	0	0	9	0	0	0	0	0	0	0
cc20e507b86c5318143551d598fe8b42	0	0	0	0	0	0	9	0	0	0	0	0	0	0
9c86c9a3e25a46c4b9c4d6f10c633de7	0	0	0	0	0	0	9	0	0	0	0	0	0	0
40a0674dcd0b784afaf1f1e675ec9205	0	0	0	0	0	0	9	0	0	0	0	0	0	0
e53d0ce342dfe0aee4de7405eeccaeee	0	0	0	0	0	0	9	0	0	0	0	0	0	0
19e6bbfa3685c907adeb3454013c7f11	0	0	0	0	0	0	9	0	0	0	0	0	0	0
9de641aa7fb41b85e66601f5feeac3a1	0	0	0	0	0	0	9	0	0	0	0	0	0	0
a2843d32b5fff2c9bc733f29d94fda52	0	0	0	0	0	0	9	0	0	0	0	0	0	0
a29e51af8d77cbd14af1f779b26e32c7	0	0	0	0	0	0	9	0	0	0	0	0	0	0
59546d532c361067076eb7ba625c1417	0	0	0	0	0	0	9	0	0	0	0	0	0	0
5877c69b7f43f7a4792431913ac84858	0	0	0	0	0	0	9	0	0	0	0	0	0	0
21ab4dd72ca4fe85ead748c029803857	0	0	0	0	0	0	9	0	0	0	0	0	0	0
aedf34980c58c9e9e0926b273873af90	0	0	0	0	0	0	9	0	0	0	0	0	0	0
57830de53165b3ac481008e2e22165cd	0	0	0	0	0	0	9	0	0	0	0	0	0	0
997792545d22155c43e8edc6a04ca438	0	0	0	0	0	0	9	0	0	0	0	0	0	0
fbcd58ca867ffb8f4f3188396e015673	0	0	0	0	0	0	9	0	0	0	0	0	0	0
68fa91684fc3278125ef00e7a403fa70	0	0	0	0	0	0	9	0	0	0	0	0	0	0
cd7053a1aa3e1c9fafbd704706a2f584	0	0	0	0	0	0	9	0	0	0	0	0	0	0
165dbfba97d9c6e1755ac607f61a256e	0	0	0	0	0	0	9	0	0	0	0	0	0	0
f4cb131943a8eb908ad63917a69bbb1b	0	0	0	0	0	0	9	0	0	0	0	0	0	0
e5539a5de22972abe67080fc8f3edae8	0	0	0	0	0	0	9	0	0	0	0	0	0	0
5d1f20ed40ac5f6e98f39fa2bbfd8f4e	0	0	0	0	0	0	9	0	0	0	0	0	0	0
f87fe4f627c1e258350f65636f64aa50	0	0	0	0	0	0	9	0	0	0	0	0	0	0
36a6f2ebf7a84e757f6d0047b09f6e8a	0	0	0	0	0	0	9	0	0	0	0	0	0	0
14a3ba2c986bed6ae314d2372da26bb2	0	0	0	0	0	0	9	0	0	0	0	0	0	0
3db4b8b7292fe8dc6dcc1eb3c872046b	0	0	0	0	0	0	0	9	0	0	0	0	0	0
7b15e0f803c654e13a62c89ba6635773	0	0	0	0	0	0	0	9	0	0	0	0	0	0
9d65ec66f50954e0e92f6eee048566c6	0	0	0	0	0	0	0	9	0	0	0	0	0	0
3fe08064fb7130c9560406418f03fbe5	0	0	0	0	0	0	0	9	0	0	0	0	0	0
a5c290c0a1ac329a26fe38c0725d460a	0	0	0	0	0	0	0	9	0	0	0	0	0	0
9d54f5450bc249a237018ab0dd804b34	0	0	0	0	0	0	0	9	0	0	0	0	0	0
7b1b42a7a8c782ddc9945b7d2fe74e02	0	0	0	0	0	0	0	9	0	0	0	0	0	0
7c8c968d159357ccc4fefa06924da32a	0	0	0	0	0	0	0	9	0	0	0	0	0	0
8f4f3eb886b0b0c6af7c381bec62c66a	0	0	0	0	0	0	0	9	0	0	0	0	0	0
a0af085aae20b0abc6114fc3fe875e29	0	0	0	0	0	0	0	9	0	0	0	0	0	0
fb82e0d5ddc583a44adb0f31747555aa	0	0	0	0	0	0	0	9	0	0	0	0	0	0
21ed351266dd43cfa07cbf1e08aa8cc9	0	0	0	0	0	0	0	9	0	0	0	0	0	0
bbe3da420137d266677e19d160293c70	0	0	0	0	0	0	0	9	0	0	0	0	0	0
b317ac20c1bc110a27a4df4876869611	0	0	0	0	0	0	0	9	0	0	0	0	0	0
7116655d55519c6a191061359f399875	0	0	0	0	0	0	0	9	0	0	0	0	0	0
cad834c3ad714919f488ea4cc52eaa67	0	0	0	0	0	0	0	9	0	0	0	0	0	0
141fa2ed6c14b1d24b901adbcc6b4a4e	0	0	0	0	0	0	0	9	0	0	0	0	0	0
f854f484911afab9c15c2b2912ca5b5f	0	0	0	0	0	0	0	9	0	0	0	0	0	0
2bebeb3fe4a28bb5720586a6994488e6	0	0	0	0	0	0	0	9	0	0	0	0	0	0
5fdff36a789d4dab424ce3cd184d66d2	0	0	0	0	0	0	0	9	0	0	0	0	0	0
0d9e4a8b6428d0eb5cd7ee57922b8865	0	0	0	0	0	0	0	9	0	0	0	0	0	0
59738f250bdb91ceb36822c2d4b22e22	0	0	0	0	0	0	0	9	0	0	0	0	0	0
4408d2ad05949a3cd0d0c8e3c0e322e5	0	0	0	0	0	0	0	9	0	0	0	0	0	0
d3b2f9c674203d4621857cc8261f6c41	0	0	0	0	0	0	0	9	0	0	0	0	0	0
0c0d3366714c941d24dce1f7fe30a91d	0	0	0	0	0	0	0	9	0	0	0	0	0	0
25204206b206fe062c81a97643280218	0	0	0	0	0	0	0	9	0	0	0	0	0	0
0b9c9e930a52fb199ff48681cf4c7bd5	0	0	0	0	0	0	0	9	0	0	0	0	0	0
b59475e10486a45cad022e4469d62ce6	0	0	0	0	0	0	0	9	0	0	0	0	0	0
c46966342929922aeb1c427b5668856d	0	0	0	0	0	0	0	9	0	0	0	0	0	0
c7660f7d4d40c664c80eb72932443b09	0	0	0	0	0	0	0	9	0	0	0	0	0	0
e9bfead9f3fb23984a79352d1823e619	0	0	0	0	0	0	0	9	0	0	0	0	0	0
601bdd13eaaef9d88da190057151e8c5	0	0	0	0	0	0	0	9	0	0	0	0	0	0
6285b6cf19f54e9a6fd46b7c10f76d58	0	0	0	0	0	0	0	9	0	0	0	0	0	0
87175da1403bf75b8a1ebc6c2cec2de5	0	0	0	0	0	0	0	9	0	0	0	0	0	0
1309d5003c5aa2f92480ba1dc5b85a05	0	0	0	0	0	0	0	9	0	0	0	0	0	0
df49fb90d39708117327a67462b2a025	0	0	0	0	0	0	0	9	0	0	0	0	0	0
8a12e1a9c725e8375595db9445965fd4	0	0	0	0	0	0	0	9	0	0	0	0	0	0
f387636913640bd75dbe62689a74241c	0	0	0	0	0	0	0	9	0	0	0	0	0	0
06a896e0da2ff0ce7b993046d6eafb02	0	0	0	0	0	0	0	9	0	0	0	0	0	0
ffc243cbec78c47802731f861fce72df	0	0	0	0	0	0	0	9	0	0	0	0	0	0
7110d13001ea169c081ba394501008ea	0	0	0	0	0	0	0	9	0	0	0	0	0	0
7c29f28ab2d092c5d8ac97ff7b832849	0	0	0	0	0	0	0	9	0	0	0	0	0	0
6b141d3c7ab0412c71c3e5a418a63a64	0	0	0	0	0	0	0	9	0	0	0	0	0	0
3fafa5d246856eeba4c06402fd8e9bd4	0	0	0	0	0	0	0	9	0	0	0	0	0	0
a0faa46d3078395573a131fb23c364c3	0	0	0	0	0	0	0	9	0	0	0	0	0	0
0b8de1d51ec7f6c8cfc42f6a4c81b3a7	0	0	0	0	0	0	0	9	0	0	0	0	0	0
409bdf09f52b345f621d77b570b5b4d6	0	0	0	0	0	0	0	9	0	0	0	0	0	0
2145a4fa1ef4c118d4125a0f5f22b2ac	0	0	0	0	0	0	0	9	0	0	0	0	0	0
73a12b1b4b4fa9630df4717d48adc4b1	0	0	0	0	0	0	0	9	0	0	0	0	0	0
7f22facc1f0d10324e00dee1aa76dfa7	0	0	0	0	0	0	0	9	0	0	0	0	0	0
3d16cc2231beb48d537bb9c6b6e67be2	0	0	0	0	0	0	0	9	0	0	0	0	0	0
5ea93d75f430a0bdbc0ebd6835abca29	0	0	0	0	0	0	0	9	0	0	0	0	0	0
e791543b3f185e2a1345d1fa7ea9fdaf	0	0	0	0	0	0	0	9	0	0	0	0	0	0
78995fdfcb4d780a3d4909f10964cb49	0	0	0	0	0	0	0	9	0	0	0	0	0	0
8d7a10207f4bd642970fdafef0a18356	0	0	0	0	0	0	0	9	0	0	0	0	0	0
b63c8279f4d2eac90067d174550dc74d	0	0	0	0	0	0	0	9	0	0	0	0	0	0
48a7d8ff8f1548690a3df5964277c10e	0	0	0	0	0	0	0	9	0	0	0	0	0	0
fbc834b2de937fe650882638ff27fd96	0	0	0	0	0	0	0	9	0	0	0	0	0	0
da322b6e50a92940af72237ee8fa1132	0	0	0	0	0	0	0	9	0	0	0	0	0	0
1ec307b2231c9cc65bb94e52ac2be08a	0	0	0	0	0	0	0	9	0	0	0	0	0	0
5aa041316830f2fec03821129a53fb5e	0	0	0	0	0	0	0	9	0	0	0	0	0	0
b30fe5c7e876181210be9697bccf7b84	0	0	0	0	0	0	0	9	0	0	0	0	0	0
6ad1c61f2e45663c5f2c5a74a8e62290	0	0	0	0	0	0	0	9	0	0	0	0	0	0
d0b5f4aa99c81271a1c076a7160b9123	0	0	0	0	0	0	0	9	0	0	0	0	0	0
6e51e7e30b747ee5ca39b542e2043a1f	0	0	0	0	0	0	0	9	0	0	0	0	0	0
e3cab0c3cb1cab809e27c2ba48d09b8f	0	0	0	0	0	0	0	9	0	0	0	0	0	0
7856b866d1769283f85ff0ed81bd6084	0	0	0	0	0	0	0	9	0	0	0	0	0	0
bea100a33f53517e8b4c9067939a145c	0	0	0	0	0	0	0	9	0	0	0	0	0	0
248127e43229c94c2e8d1df75915f652	0	0	0	0	0	0	0	9	0	0	0	0	0	0
42876c425e16588f8682a8742da84c13	0	0	0	0	0	0	0	9	0	0	0	0	0	0
bc95dffd69adaaade102c556fe8f7cdb	0	0	0	0	0	0	0	9	0	0	0	0	0	0
0ae4cd9de69d26a23cadd562f3d40066	0	0	0	0	0	0	0	9	0	0	0	0	0	0
6eafd4f6ab20469ad570f91a6bc51af0	0	0	0	0	0	0	0	9	0	0	0	0	0	0
dd7851c293278da7ee84d64080234694	0	0	0	0	0	0	0	9	0	0	0	0	0	0
d2e51fbf9f620e0135b4e637be35689b	0	0	0	0	0	0	0	9	0	0	0	0	0	0
92c48d2aadfd0c22fd7c8149eccbb88b	0	0	0	0	0	0	0	9	0	0	0	0	0	0
7514e25a67d9a2c26aa1709077618685	0	0	0	0	0	0	0	9	0	0	0	0	0	0
b9da19c87a286febe448dd396eab3bb0	0	0	0	0	0	0	0	9	0	0	0	0	0	0
bbc7e476695abe60f7f7a2616a370f41	0	0	0	0	0	0	0	9	0	0	0	0	0	0
feb6bbb3fe598b883a7aeefee5d4a220	0	0	0	0	0	0	0	9	0	0	0	0	0	0
e659381c65389eb6283b25f820d2249f	0	0	0	0	0	0	0	9	0	0	0	0	0	0
18b10f3dad00fbaca4baa09f12570dc0	0	0	0	0	0	0	0	9	0	0	0	0	0	0
9a882c3f29f816a69e2d192165743d93	0	0	0	0	0	0	0	9	0	0	0	0	0	0
d52a077ab11b77080af6c8438df26bb6	0	0	0	0	0	0	0	9	0	0	0	0	0	0
80c22d092549888986e565d6388b35d2	0	0	0	0	0	0	0	9	0	0	0	0	0	0
608e9aa281b8423d2a0d866b1d85fc39	0	0	0	0	0	0	0	9	0	0	0	0	0	0
57e3c52f4ffe56979732b4c8b84bfb64	0	0	0	0	0	0	0	9	0	0	0	0	0	0
a1f6220b927b66a19adc5a98c9711b7d	0	0	0	0	0	0	0	9	0	0	0	0	0	0
734aad453894ee5948d1e4a6d68ef8cb	0	0	0	0	0	0	0	9	0	0	0	0	0	0
e77f5affab2a005c71a98e09de0e4578	0	0	0	0	0	0	0	9	0	0	0	0	0	0
c7dc869f09e38478777c93e270d0f60c	0	0	0	0	0	0	0	9	0	0	0	0	0	0
ff4bb869e34873a6186487fd709ec123	0	0	0	0	0	0	0	9	0	0	0	0	0	0
d5a99301a309052fa0edf493c1910206	0	0	0	0	0	0	0	9	0	0	0	0	0	0
4491418792573bde0624d98612116f5e	0	0	0	0	0	0	0	9	0	0	0	0	0	0
47154604ebf5005b271e8060c9902cf8	0	0	0	0	0	0	0	9	0	0	0	0	0	0
a639e861a34af39df7777388a45a9b54	0	0	0	0	0	0	0	9	0	0	0	0	0	0
bec684ec9292f4341cb867c41e5d44bd	0	0	0	0	0	0	0	9	0	0	0	0	0	0
d0713481575e93811d5f4052f0b2a084	0	0	0	0	0	0	0	9	0	0	0	0	0	0
2a23f2953628838c78cb9c961ef8b891	0	0	0	0	0	0	0	9	0	0	0	0	0	0
0715a1b94b5b971f37299816fdc9d111	0	0	0	0	0	0	0	9	0	0	0	0	0	0
0f87f2681dd3e36c455f4253143c6a82	0	0	0	0	0	0	0	9	0	0	0	0	0	0
8dc3bf7327cc18459a6d07f9855e8d7c	0	0	0	0	0	0	0	9	0	0	0	0	0	0
89b2897d0120c53ff2caa1dcd94c9445	0	0	0	0	0	0	0	0	0	0	0	9	0	0
ea008b1831f84c6bf8fdcf6acc42ee98	0	0	0	0	0	0	0	0	0	0	0	0	0	9
c1abebb6a7747b0d0a24d2add054912b	0	0	0	0	0	0	0	0	0	0	0	0	0	9
5c0a961d22b286583010051b27752e36	0	0	0	0	0	0	0	0	0	0	0	0	0	9
e3770a5c281a51b099b7680d3e133638	0	0	0	0	0	0	0	0	0	0	0	0	0	9
de1ffedad5fa43204fe25ac256692e44	0	0	0	0	0	0	0	0	0	0	0	0	0	9
5f57425302655a76a4ed11c407dc39ed	0	0	0	0	0	0	0	0	0	0	0	0	0	9
f54e18aec083a43aa02509b6d1102d22	0	0	0	0	0	0	0	0	0	0	0	0	0	9
de37de202a285d5536d6d5b8f23e17a0	0	0	0	0	0	0	0	0	0	0	0	0	0	9
cb803ce51595ad7e2cf08d0cbcaa4664	0	0	0	0	0	0	0	0	0	0	0	0	0	9
c047bac06c375057a83b94eee320e31c	0	0	0	0	0	0	0	0	0	0	0	0	0	9
7342ad658e1f23de8f884581303ad77c	0	0	0	0	0	0	0	0	0	0	0	0	0	9
c44bd3d3deee9e71661ea9e37d5a0bf7	0	0	0	0	0	0	0	0	0	0	0	0	0	9
a2f0549df43076d382bb31d14d1aa3bf	0	0	0	0	0	0	0	0	0	0	0	0	0	9
ba859dd6b0337d3c868a52eaeb4b5d23	0	8	0	0	0	0	0	0	0	0	0	0	0	0
05c9fd66d8e6395f47eb44e30f4ac680	0	8	0	0	0	0	0	0	0	0	0	0	0	0
0f956ba6005969161dd754a652e2c410	0	8	0	0	0	0	0	0	0	0	0	0	0	0
e05f8ac53ad98e41d25109304c59568e	0	8	0	0	0	0	0	0	0	0	0	0	0	0
557836ad1fccdcbc3c6996d211361294	0	8	0	0	0	0	0	0	0	0	0	0	0	0
ffd185b6ed6d663dc5528b04fc740d49	0	8	0	0	0	0	0	0	0	0	0	0	0	0
74bf5d67ecb55f026a56b97173786beb	0	8	0	0	0	0	0	0	0	0	0	0	0	0
8a590e27179a6c231f414579d3859948	0	8	0	0	0	0	0	0	0	0	0	0	0	0
24047ec7bc8a571da2a85b625a9ee77c	0	8	0	0	0	0	0	0	0	0	0	0	0	0
a2b4643a8d5110fc8e55887e410c70ff	0	8	0	0	0	0	0	0	0	0	0	0	0	0
37e975c63259bb7022828677cd895e92	0	8	0	0	0	0	0	0	0	0	0	0	0	0
dea4926fac9b8db872e9ab17e3540957	0	8	0	0	0	0	0	0	0	0	0	0	0	0
f9f061fa4aabcaa00846c8cc1c9c2585	0	8	0	0	0	0	0	0	0	0	0	0	0	0
8bb395d507dfb49907375d5abd41296b	0	8	0	0	0	0	0	0	0	0	0	0	0	0
e653af7a51ce508b288975a843db4838	0	8	0	0	0	0	0	0	0	0	0	0	0	0
04c5e2c1eb1bbb58a32da2f39075f59e	0	8	0	0	0	0	0	0	0	0	0	0	0	0
bd82f0b25a7c1c39f34b559cebdc2607	0	8	0	0	0	0	0	0	0	0	0	0	0	0
54d94a8744e9d858e97fda5f956c5481	0	8	0	0	0	0	0	0	0	0	0	0	0	0
c5beeea4d25e28528d3884f5513daf6f	0	8	0	0	0	0	0	0	0	0	0	0	0	0
7eeb443081010e5497d7928dd6cc7be9	0	8	0	0	0	0	0	0	0	0	0	0	0	0
27d19ca3386fcfdfcb4f0492f0f1cb17	0	8	0	0	0	0	0	0	0	0	0	0	0	0
24dd174b34b7184ea91bb715ef0524c2	0	8	0	0	0	0	0	0	0	0	0	0	0	0
21b07d7356ee6cfe201fb6b5208fa656	0	8	0	0	0	0	0	0	0	0	0	0	0	0
1d499e7616abbdae5b3beefbb8ad59bf	0	8	0	0	0	0	0	0	0	0	0	0	0	0
e4e1744cb3a4684ac26ea76fdc35f949	0	8	0	0	0	0	0	0	0	0	0	0	0	0
f79238aeb0eb9523b32041c5d54d298e	0	8	0	0	0	0	0	0	0	0	0	0	0	0
372a71524ba83134779dd6886491a030	0	8	0	0	0	0	0	0	0	0	0	0	0	0
da1a313db5e91e33d146943e968d4fac	0	8	0	0	0	0	0	0	0	0	0	0	0	0
ad7725367f5afb5a4916a3532ed06ce8	0	8	0	0	0	0	0	0	0	0	0	0	0	0
02369c60adb04ceef8a666d59b51a643	0	8	0	0	0	0	0	0	0	0	0	0	0	0
6e860c8b9893391e07cb4385c8dbbb94	0	8	0	0	0	0	0	0	0	0	0	0	0	0
ae7915c335468ad2626abb1664a3929d	0	8	0	0	0	0	0	0	0	0	0	0	0	0
6a8d740daadb854c83d516714fb7e060	0	8	0	0	0	0	0	0	0	0	0	0	0	0
c0e91ac275f22e2aacfe5c25fc42c374	0	8	0	0	0	0	0	0	0	0	0	0	0	0
2f7260cb560e481e885dcdbba4c7b846	0	8	0	0	0	0	0	0	0	0	0	0	0	0
e38aba649beb7f2c172af6a60c7e4661	0	8	0	0	0	0	0	0	0	0	0	0	0	0
daac0924ad51dc7267a00d4f0cdc341b	0	8	0	0	0	0	0	0	0	0	0	0	0	0
e84c620badc6df0038041f20eeb9e0e5	0	8	0	0	0	0	0	0	0	0	0	0	0	0
b0c4ee50f578354c2ec866ece5118930	0	8	0	0	0	0	0	0	0	0	0	0	0	0
c2fe835d88aa90558bad046104dcafe0	0	8	0	0	0	0	0	0	0	0	0	0	0	0
40156de142a933c448f9d1937b128218	0	8	0	0	0	0	0	0	0	0	0	0	0	0
007acd55fc7ff18d6f5d7a3e837ebea6	0	8	0	0	0	0	0	0	0	0	0	0	0	0
a32c91d8ecc690df11db464a4c1adfc5	0	8	0	0	0	0	0	0	0	0	0	0	0	0
c9e39a690622e644f81e8847a7dbdfd8	0	8	0	0	0	0	0	0	0	0	0	0	0	0
a4db2e9d37d2776572418c224639e634	0	8	0	0	0	0	0	0	0	0	0	0	0	0
07f9389a59750cc04055483519038df2	0	8	0	0	0	0	0	0	0	0	0	0	0	0
33a37411c7162d1460cec8f3a20a7396	0	8	0	0	0	0	0	0	0	0	0	0	0	0
e9978149f33026d7554b62892eef09b6	0	8	0	0	0	0	0	0	0	0	0	0	0	0
662c30326f8197bf86a7d6dd3af72afc	0	8	0	0	0	0	0	0	0	0	0	0	0	0
c505fa878442ffee660830d417db79e4	0	8	0	0	0	0	0	0	0	0	0	0	0	0
02906257c7a8a5291030b330048884df	0	8	0	0	0	0	0	0	0	0	0	0	0	0
b133907377a142a2c87accb09e59a2b1	0	8	0	0	0	0	0	0	0	0	0	0	0	0
5b5552103b961d50799933ad8fd0215c	0	8	0	0	0	0	0	0	0	0	0	0	0	0
ec8dcb237a2d260e4013b313f3be70ac	0	8	0	0	0	0	0	0	0	0	0	0	0	0
704d11607ecaef6396b5b7c5ed0750ad	0	8	0	0	0	0	0	0	0	0	0	0	0	0
6572d2479142078c0552eeaee7d75474	0	8	0	0	0	0	0	0	0	0	0	0	0	0
b6e8abd3a4fb99d58100a78218533613	0	8	0	0	0	0	0	0	0	0	0	0	0	0
0a8c67570752bcc348289aa897804f6c	0	8	0	0	0	0	0	0	0	0	0	0	0	0
093118a44aeb841991c810a792a36293	0	8	0	0	0	0	0	0	0	0	0	0	0	0
d6a89e85a5159a21e11db69ef564f4f2	0	8	0	0	0	0	0	0	0	0	0	0	0	0
11b37eb5010569016157b7fb532f651d	0	8	0	0	0	0	0	0	0	0	0	0	0	0
f4ae9c2cfb73e624d2bd538c0e998082	0	8	0	0	0	0	0	0	0	0	0	0	0	0
2f2ca343107e4ef29f945918405a7ae7	0	8	0	0	0	0	0	0	0	0	0	0	0	0
60395c78fbde14d55974e6341c8b4792	0	8	0	0	0	0	0	0	0	0	0	0	0	0
312a2799cb40dae7e1e442555992c7c5	0	8	0	0	0	0	0	0	0	0	0	0	0	0
3c9e5ff9656aeb34057f2707ddbc8880	0	8	0	0	0	0	0	0	0	0	0	0	0	0
bdf0708ceb1f3699fc04234fd65c0d7d	0	8	0	0	0	0	0	0	0	0	0	0	0	0
0ebc194e55fb0ed528a7443eebe6421b	0	8	0	0	0	0	0	0	0	0	0	0	0	0
2b0223499d6b0ddea915358f0b1816d7	0	8	0	0	0	0	0	0	0	0	0	0	0	0
7282343f437aa405c3aa5a0515e659a8	0	8	0	0	0	0	0	0	0	0	0	0	0	0
a3d5ad510dfafe782d238b5caa8481a0	0	8	0	0	0	0	0	0	0	0	0	0	0	0
95cc027b83512b493291bc7dbc53b78e	0	8	0	0	0	0	0	0	0	0	0	0	0	0
c7c3e3d0875e1edc5b4157e25745f7c2	0	8	0	0	0	0	0	0	0	0	0	0	0	0
7d1432b4e74b7780b783bea05d2d7416	0	8	0	0	0	0	0	0	0	0	0	0	0	0
63ca706be4d748922a4869fd82381c34	0	8	0	0	0	0	0	0	0	0	0	0	0	0
a6491acd01f24a39fe9dd02a8540a2a4	0	8	0	0	0	0	0	0	0	0	0	0	0	0
a5fcd0c175f00ca00a5a7bae7b31e4f5	0	8	0	0	0	0	0	0	0	0	0	0	0	0
387f9e09f82bc528d26ea015907853ab	0	8	0	0	0	0	0	0	0	0	0	0	0	0
33861d68df4852c9628543d1c8f8d7eb	0	8	0	0	0	0	0	0	0	0	0	0	0	0
f09f44963707a053e1e19a09e9a83436	0	8	0	0	0	0	0	0	0	0	0	0	0	0
1860011b515168ed25471af20a4d97ae	0	8	0	0	0	0	0	0	0	0	0	0	0	0
2ed8f9da47c3fd239f127cc11bd30f69	0	0	8	0	0	0	0	0	0	0	0	0	0	0
a294b2410cb857dacea69ffef3465c66	0	0	8	0	0	0	0	0	0	0	0	0	0	0
93625d61ea9e1795513a7f0c244fe47b	0	0	8	0	0	0	0	0	0	0	0	0	0	0
f59ff72b33fc59daa94ede051557fb34	0	0	8	0	0	0	0	0	0	0	0	0	0	0
c8f7551d556ae73275fc3bf6172d26cd	0	0	8	0	0	0	0	0	0	0	0	0	0	0
0c145e2851210c5c69699c3143397a20	0	0	8	0	0	0	0	0	0	0	0	0	0	0
86fe47e3c919d470ee8d7bfd6d3ac5b8	0	0	8	0	0	0	0	0	0	0	0	0	0	0
85f6b39d4398bb5e775d19f36e1051db	0	0	8	0	0	0	0	0	0	0	0	0	0	0
4a5ec65e6967916bba109072d3b2933e	0	0	8	0	0	0	0	0	0	0	0	0	0	0
a9419d9368eca7db33fdc058756e2ea0	0	0	8	0	0	0	0	0	0	0	0	0	0	0
997b6ffae8c0c570006d3e3751fa7f79	0	0	8	0	0	0	0	0	0	0	0	0	0	0
a91e1ba3aa8ef87695357d1588e822d2	0	0	8	0	0	0	0	0	0	0	0	0	0	0
cc1ccc365736b3a32a79455987e52a6c	0	0	8	0	0	0	0	0	0	0	0	0	0	0
fc8d19780c9e8dfeb6f8f48337854bca	0	0	8	0	0	0	0	0	0	0	0	0	0	0
6636c13de8ca403280c4a47f7909d465	0	0	8	0	0	0	0	0	0	0	0	0	0	0
b751b688708a4d129b1ef1c4382bb836	0	0	8	0	0	0	0	0	0	0	0	0	0	0
98e4105e92bb92e6529930af2124682b	0	0	8	0	0	0	0	0	0	0	0	0	0	0
67233d7553f06f15218bf6ec90b81632	0	0	8	0	0	0	0	0	0	0	0	0	0	0
715a1dc3c30b51f839d90282868cfb50	0	0	8	0	0	0	0	0	0	0	0	0	0	0
c79da76243d9c58275f7cd4e9b0d6cc9	0	0	8	0	0	0	0	0	0	0	0	0	0	0
dd7d5d9998abe59ab33e68e1bd5e8b7b	0	0	8	0	0	0	0	0	0	0	0	0	0	0
3ab47bd26a78f04a778c64d50b2b8feb	0	0	8	0	0	0	0	0	0	0	0	0	0	0
c1c1aeb44acde8df6638bec736609ef0	0	0	8	0	0	0	0	0	0	0	0	0	0	0
79c958dbb5c37c935d3ff2bedd489198	0	0	8	0	0	0	0	0	0	0	0	0	0	0
44b273b520348a7c71f979ec3d4831e8	0	0	8	0	0	0	0	0	0	0	0	0	0	0
3d90b553dcfcde2f60b40c502b847bac	0	0	8	0	0	0	0	0	0	0	0	0	0	0
782e26f84dd91be0753e5bd9fceab89c	0	0	8	0	0	0	0	0	0	0	0	0	0	0
86ca6a7eb9da73d0c51d4425df303a89	0	0	8	0	0	0	0	0	0	0	0	0	0	0
ad03076c4eee67cfd8c46778a30420ff	0	0	8	0	0	0	0	0	0	0	0	0	0	0
de87490bd0c7c82fe6da13f3215a1e25	0	0	8	0	0	0	0	0	0	0	0	0	0	0
203c1b3f3e9c6cdfcfd65c146559f1bd	0	0	8	0	0	0	0	0	0	0	0	0	0	0
9e53a9db047eaab89e7272b5561d86f1	0	0	8	0	0	0	0	0	0	0	0	0	0	0
21ee48b04e2272ca3d5c49eb155ce288	0	0	8	0	0	0	0	0	0	0	0	0	0	0
75a6503d953d5385c692416b9466e3d6	0	0	8	0	0	0	0	0	0	0	0	0	0	0
837ef3fb51cc27e8995ce5eb17143470	0	0	8	0	0	0	0	0	0	0	0	0	0	0
f2e35f6e2fd00fc5afbc2542204e3c56	0	0	8	0	0	0	0	0	0	0	0	0	0	0
ef95f3d4e371fab45860082ccff06905	0	0	8	0	0	0	0	0	0	0	0	0	0	0
bc3c11c5b6641cf7e147036248c1e111	0	0	8	0	0	0	0	0	0	0	0	0	0	0
4f193d710986193c87237fab83b22775	0	0	8	0	0	0	0	0	0	0	0	0	0	0
bece3212a02923feb0b81659e6b49ddd	0	0	8	0	0	0	0	0	0	0	0	0	0	0
4c57822590d3d4709ff5ca467c706cce	0	0	8	0	0	0	0	0	0	0	0	0	0	0
cd0642c53b9f4f1dc893c5dd8fa829d6	0	0	8	0	0	0	0	0	0	0	0	0	0	0
4b48ae8b92ca7680db91be3f9fb2554d	0	0	8	0	0	0	0	0	0	0	0	0	0	0
1cc2705043b3257e3a60ab36b412819e	0	0	8	0	0	0	0	0	0	0	0	0	0	0
119d3e1ca0bef151adbedf922ed1f504	0	0	8	0	0	0	0	0	0	0	0	0	0	0
7a8110f0e72c96d20b9926a5755a9bb3	0	0	8	0	0	0	0	0	0	0	0	0	0	0
00ba5c6dfb4300db5257e68d70f68feb	0	0	8	0	0	0	0	0	0	0	0	0	0	0
321c02bb830c9cd091e011e06d54aa85	0	0	8	0	0	0	0	0	0	0	0	0	0	0
1e4fd2058be8357cf93a5c0327b25a3c	0	0	8	0	0	0	0	0	0	0	0	0	0	0
c7d948163efa99fff3892e568d75c6d8	0	0	8	0	0	0	0	0	0	0	0	0	0	0
48234d3a3e3617cc89464430f4932167	0	0	8	0	0	0	0	0	0	0	0	0	0	0
d97b0615841728426eb883a1dbabf28d	0	0	8	0	0	0	0	0	0	0	0	0	0	0
808dcfad51e0f984cafb4ccc966b94fc	0	0	8	0	0	0	0	0	0	0	0	0	0	0
2a701fbe13f963f7e75b9ac93cef87ae	0	0	6	0	0	0	2	0	0	0	0	0	0	0
128bce596e5c4f3d94adfe86d8ed26f6	0	0	6	0	0	2	0	0	0	0	0	0	0	0
521338bb480a3521c34b07732cd7a513	0	0	2	0	0	0	6	0	0	0	0	0	0	0
eccd95cb2ee599c9f5a9ad22427a3cbd	0	0	1	0	0	2	5	0	0	0	0	0	0	0
218394d0139b012206af655768108450	0	0	0	8	0	0	0	0	0	0	0	0	0	0
62315049ce3ac374c904fc7acaaca47d	0	0	0	8	0	0	0	0	0	0	0	0	0	0
f8b3ca0f4d03769912941d63dd705a92	0	0	0	8	0	0	0	0	0	0	0	0	0	0
a45558925953288e0cfa696de3e50ffa	0	0	0	8	0	0	0	0	0	0	0	0	0	0
0f90b4313f7b80975e6a68d2724e3638	0	0	0	8	0	0	0	0	0	0	0	0	0	0
1a9b1f53ed7b0db74e44882de0ee9c81	0	0	0	8	0	0	0	0	0	0	0	0	0	0
9578271945d2517279420768c18b04ff	0	0	0	8	0	0	0	0	0	0	0	0	0	0
4d2a4414ca0c1c874a0f3a3b394f25e9	0	0	0	8	0	0	0	0	0	0	0	0	0	0
c3ffce8115e5e49f8f2067c2f3f82f8d	0	0	0	8	0	0	0	0	0	0	0	0	0	0
9daba2536177be32ec17c7f798e60de1	0	0	0	0	8	0	0	0	0	0	0	0	0	0
989fcc2d0c3e833bd1c06288c147b933	0	0	0	0	0	8	0	0	0	0	0	0	0	0
ed5c0ffba39a5ca06537f4c1c2286698	0	0	0	0	0	8	0	0	0	0	0	0	0	0
e71eadaf92809f172f8d362bb72ab7a1	0	0	0	0	0	8	0	0	0	0	0	0	0	0
150548feb72c9424f52279addb379ce8	0	0	0	0	0	8	0	0	0	0	0	0	0	0
4dbf80fbec1af955e7884121fa265e3a	0	0	0	0	0	8	0	0	0	0	0	0	0	0
e8ad2ac127b4891e5fb069d73fcf60c8	0	0	0	0	0	8	0	0	0	0	0	0	0	0
13fdd278f07c6b07ff7c35029b2e59c8	0	0	0	0	0	8	0	0	0	0	0	0	0	0
73351832c6337f7320966e387d91d9f5	0	0	0	0	0	8	0	0	0	0	0	0	0	0
7b70c2266a691092be4cfb0971f7e784	0	0	0	0	0	8	0	0	0	0	0	0	0	0
6187b9991fd754f3a7aa99c3b4b8d6be	0	0	0	0	0	8	0	0	0	0	0	0	0	0
a50464c429e63f620f2cca4c14230585	0	0	0	0	0	8	0	0	0	0	0	0	0	0
9a0e7fd978b216c759ccc3e25b854c3e	0	0	0	0	0	8	0	0	0	0	0	0	0	0
540a4860dd900eb4bd0f5377fa8df5b2	0	0	0	0	0	8	0	0	0	0	0	0	0	0
a5ec10e0987f2b3a908b12d39b8f77e4	0	0	0	0	0	8	0	0	0	0	0	0	0	0
b7aca4d804655179b599c1f06cf79b63	0	0	0	0	0	8	0	0	0	0	0	0	0	0
04572c5ccba7aab79b8ed905a29fe695	0	0	0	0	0	8	0	0	0	0	0	0	0	0
493cc36e6330cc39480489ec460cdc40	0	0	0	0	0	8	0	0	0	0	0	0	0	0
cfa90a61178d5415d866497fab8d30d3	0	0	0	0	0	8	0	0	0	0	0	0	0	0
d92b6ee6ff4b4618a2222dfeae2b9723	0	0	0	0	0	8	0	0	0	0	0	0	0	0
c0170c8ec3a921100e56834527d46fb1	0	0	0	0	0	8	0	0	0	0	0	0	0	0
8e97be644d46435237a586edf5bd1a6a	0	0	0	0	0	8	0	0	0	0	0	0	0	0
d0de72283b8089a913df644c34e6788d	0	0	0	0	0	8	0	0	0	0	0	0	0	0
d20c3d04d497ffb5c3b3aab003bdbb44	0	0	0	0	0	8	0	0	0	0	0	0	0	0
bbf56702c2b5072fd89058b1ed75355d	0	0	0	0	0	8	0	0	0	0	0	0	0	0
5250665cd6a7ba41cbca039dd3b32867	0	0	0	0	0	8	0	0	0	0	0	0	0	0
a19450929f5e7bbc333b975f6ce440b5	0	0	0	0	0	8	0	0	0	0	0	0	0	0
f54a8cf5346d6a259a494c82637f1ea9	0	0	0	0	0	8	0	0	0	0	0	0	0	0
165fda7d3296c41b0abcd7def01a3593	0	0	0	0	0	8	0	0	0	0	0	0	0	0
56f1ca4f8045fd7d9a3f42eb28f56adf	0	0	0	0	0	8	0	0	0	0	0	0	0	0
24b36dc3afe546db076b2a309ff6d718	0	0	0	0	0	8	0	0	0	0	0	0	0	0
4bf1b4105711b45bf3eb5fd7acb61f22	0	0	0	0	0	8	0	0	0	0	0	0	0	0
85ae90fe899a839ebb26e78ff39f536b	0	0	0	0	0	8	0	0	0	0	0	0	0	0
2dbb70de1b396a8b52dd8c3c362385c3	0	0	0	0	0	8	0	0	0	0	0	0	0	0
c5496724346d3a4a68778b1132524f01	0	0	0	0	0	8	0	0	0	0	0	0	0	0
9254e9d71a16a38c2e452729699914c4	0	0	0	0	0	8	0	0	0	0	0	0	0	0
e33d6b105b87a36c92768b8a8b3472ac	0	0	0	0	0	8	0	0	0	0	0	0	0	0
a5c9ff526faeeb33c547f1701d632f1a	0	0	0	0	0	8	0	0	0	0	0	0	0	0
1410acd0131d49dd9539f0f93c12659b	0	0	0	0	0	8	0	0	0	0	0	0	0	0
77feb797d9499ccb7868758cb2bc7206	0	0	0	0	0	8	0	0	0	0	0	0	0	0
9361ff9667bbe9d5736985e0832250b0	0	0	0	0	0	8	0	0	0	0	0	0	0	0
188d90299bf78ad11f01827324ddc2f4	0	0	0	0	0	8	0	0	0	0	0	0	0	0
3a88b49a3d64fdb36f564e75f523939b	0	0	0	0	0	8	0	0	0	0	0	0	0	0
7bab222b800e83403338cbb1a6670d8a	0	0	0	0	0	8	0	0	0	0	0	0	0	0
a21a1692f2900f5b6cf9b6f53e1319af	0	0	0	0	0	8	0	0	0	0	0	0	0	0
51da0df964fb73090f3a4bbdbcecf14f	0	0	0	0	0	8	0	0	0	0	0	0	0	0
0663f08db9ebd16fcbbfb5b086abe713	0	0	0	0	0	8	0	0	0	0	0	0	0	0
4bd837935a83f6da30e7870b7eb95453	0	0	0	0	0	8	0	0	0	0	0	0	0	0
37340cbefedcccb4f6ff3c97d32883d2	0	0	0	0	0	8	0	0	0	0	0	0	0	0
e9947d09c8d62f6691010f690ed4afe1	0	0	0	0	0	8	0	0	0	0	0	0	0	0
4eb5cd0c24f313cd984c4161f5a3bccf	0	0	0	0	0	8	0	0	0	0	0	0	0	0
45b8dbbc6a6f0a04d70bb3cd0c8ae905	0	0	0	0	0	8	0	0	0	0	0	0	0	0
5e31e4de7a5824822772dd0f3419699f	0	0	0	0	0	8	0	0	0	0	0	0	0	0
30653e2a3aeded89fa6cf2b14e3a36d6	0	0	0	0	0	6	2	0	0	0	0	0	0	0
f240ef7f5cbc1092c244219e9a04e7ed	0	0	0	0	0	0	8	0	0	0	0	0	0	0
72f4881843d50567c506fa3b8d7a6866	0	0	0	0	0	0	8	0	0	0	0	0	0	0
0660a12fd9a14f0cf3a7e4cc663a0eed	0	0	0	0	0	0	8	0	0	0	0	0	0	0
246cab504377ae781162b5edcb9967fb	0	0	0	0	0	0	8	0	0	0	0	0	0	0
4d8724854c7ee571fac8a86d8c993f02	0	0	0	0	0	0	8	0	0	0	0	0	0	0
def60b7aa6d131fd8516890dbeebfc55	0	0	0	0	0	0	8	0	0	0	0	0	0	0
4b87b5d2c34900d9a6b65a6aec0b693e	0	0	0	0	0	0	8	0	0	0	0	0	0	0
d312aacb8f4f5fb9a9598a23ef107ea3	0	0	0	0	0	0	8	0	0	0	0	0	0	0
dd7ed89c069f3b2b84b9de2d7d30ab23	0	0	0	0	0	0	8	0	0	0	0	0	0	0
6f884e197a635a7c30b2d0288c8b6d48	0	0	0	0	0	0	8	0	0	0	0	0	0	0
ee04fb826ff7c6fd31aa8ad2c102ffbe	0	0	0	0	0	0	8	0	0	0	0	0	0	0
23c2bc2302a47f7667c0c6a7f196fa8c	0	0	0	0	0	0	8	0	0	0	0	0	0	0
4baba1fc12599d15d92604766ef38a5b	0	0	0	0	0	0	8	0	0	0	0	0	0	0
903a9e9c27b7d1b8188a31b1143176d3	0	0	0	0	0	0	8	0	0	0	0	0	0	0
ae9f53c5a8a5e325c1cba901f1227b8a	0	0	0	0	0	0	8	0	0	0	0	0	0	0
7cccd8c0ae57bd4e9961db19fd7275b4	0	0	0	0	0	0	8	0	0	0	0	0	0	0
56464aa3b78ae5e3238b3718e69acf9c	0	0	0	0	0	0	8	0	0	0	0	0	0	0
95933782fb35e5f1e7a4ee99ddf20473	0	0	0	0	0	0	8	0	0	0	0	0	0	0
832e0560edaf379a4291ddcd208bae7f	0	0	0	0	0	0	8	0	0	0	0	0	0	0
abc21e8dbbca10764d88617aaf34e682	0	0	0	0	0	0	8	0	0	0	0	0	0	0
1cabed32b60903b4174ad2ff2b0ee540	0	0	0	0	0	0	8	0	0	0	0	0	0	0
2f379900c35ff3783ce8cf7448140be0	0	0	0	0	0	0	8	0	0	0	0	0	0	0
685f51028d824725c14f5508c9edf07e	0	0	0	0	0	0	8	0	0	0	0	0	0	0
bcc8ead77720d99ec99f9f22836eb816	0	0	0	0	0	0	8	0	0	0	0	0	0	0
47481aaa6bbc02b5f226c2687cbd0823	0	0	0	0	0	0	8	0	0	0	0	0	0	0
6e7477b71a45229caf27f025c8beec78	0	0	0	0	0	0	8	0	0	0	0	0	0	0
0c746d8b4e4665d74c650f58666ae5a0	0	0	0	0	0	0	8	0	0	0	0	0	0	0
a99dfc3b24dcc5d82500e3dc5766a7cb	0	0	0	0	0	0	8	0	0	0	0	0	0	0
d427c13421b581da05572e886d31c433	0	0	0	0	0	0	8	0	0	0	0	0	0	0
e66b6ef43399050ae8430061e695e498	0	0	0	0	0	0	8	0	0	0	0	0	0	0
b1226ac4def6b99d78980a999ab329d7	0	0	0	0	0	0	8	0	0	0	0	0	0	0
83bfe6db1d6c2547f7209a4dfd1cf1b2	0	0	0	0	0	0	8	0	0	0	0	0	0	0
1bec108cb57f5f50ccf7ffb8f2e26b03	0	0	0	0	0	0	8	0	0	0	0	0	0	0
fb47e4c27c4b407ad23b3d48c25a2b17	0	0	0	0	0	0	8	0	0	0	0	0	0	0
c55c5051a03429d911f561392b840f56	0	0	0	0	0	0	8	0	0	0	0	0	0	0
679ef695bcfae3502a0ccc8307883857	0	0	0	0	0	0	8	0	0	0	0	0	0	0
cfa988cf832445195d6f1d65f3e00f32	0	0	0	0	0	0	8	0	0	0	0	0	0	0
b1a89785aecbdfc7e3cb3b72a5c8f630	0	0	0	0	0	0	0	8	0	0	0	0	0	0
108836b9071c5de6108c94d19a059ab0	0	0	0	0	0	0	0	8	0	0	0	0	0	0
a350c46de2f7f961cec2dcb8eda54e3d	0	0	0	0	0	0	0	8	0	0	0	0	0	0
bce86b0a6e6208e27b1d3473e4f64663	0	0	0	0	0	0	0	8	0	0	0	0	0	0
a0cdbb52c933f675b22f69d39ef0c510	0	0	0	0	0	0	0	8	0	0	0	0	0	0
2d92ce60692a711d2e1737523736e200	0	0	0	0	0	0	0	8	0	0	0	0	0	0
01e39e4b6a659f15eab0a09151816e1c	0	0	0	0	0	0	0	8	0	0	0	0	0	0
3ea8c982d688992b28d797eb561c2374	0	0	0	0	0	0	0	8	0	0	0	0	0	0
04ab2096232e5cce62dc15fa23a5aaf6	0	0	0	0	0	0	0	8	0	0	0	0	0	0
24002ac147d9fc1fb1ad643452d827bb	0	0	0	0	0	0	0	8	0	0	0	0	0	0
6a3c24b10c9d0711ab06566ca03831a9	0	0	0	0	0	0	0	8	0	0	0	0	0	0
7792b541a18d91adc1ee4000f79f343f	0	0	0	0	0	0	0	8	0	0	0	0	0	0
632f6403414454d80e83dc39781cf7c2	0	0	0	0	0	0	0	8	0	0	0	0	0	0
86380247bd3d3c4f0d39285e0d18cfea	0	0	0	0	0	0	0	8	0	0	0	0	0	0
32220741bdb83309055333498e3f509e	0	0	0	0	0	0	0	8	0	0	0	0	0	0
d05a80593f38d3c208ec8e7bfe01cae5	0	0	0	0	0	0	0	8	0	0	0	0	0	0
ab0d92c03e522a38c5a1e41c8d25a2f6	0	0	0	0	0	0	0	8	0	0	0	0	0	0
de83e93fb2c00f2c63d00a65f022cb0c	0	0	0	0	0	0	0	8	0	0	0	0	0	0
d194f4f2919510f54fdd7a0f69fac8c3	0	0	0	0	0	0	0	8	0	0	0	0	0	0
97d1af7d388b2696c7f86d1216b4d4f4	0	0	0	0	0	0	0	8	0	0	0	0	0	0
9857f4ad16f63edcb3c2f1e45d9b2af8	0	0	0	0	0	0	0	8	0	0	0	0	0	0
a2db2b0bac8516f11af83d9c7b5c4ff1	0	0	0	0	0	0	0	8	0	0	0	0	0	0
34bed221653cf5fbaa24280bba35dbfd	0	0	0	0	0	0	0	8	0	0	0	0	0	0
4d69882499ba2ce5e8b0a6a9c8927fdc	0	0	0	0	0	0	0	8	0	0	0	0	0	0
c8b9dfb957a375cef57291fcfd398e89	0	0	0	0	0	0	0	8	0	0	0	0	0	0
3cc48b14e9f54c5937ac6487fd20f688	0	0	0	0	0	0	0	8	0	0	0	0	0	0
fb9361a4e0c951f04d780dae0f2829d8	0	0	0	0	0	0	0	8	0	0	0	0	0	0
066599e8ba293fafc5672692fe611529	0	0	0	0	0	0	0	8	0	0	0	0	0	0
e3f6c1c4cc91ebc067713e222212b901	0	0	0	0	0	0	0	8	0	0	0	0	0	0
9543b7e1557ca6ea11589dd21f2d9056	0	0	0	0	0	0	0	8	0	0	0	0	0	0
9f9fb2db14a20bdb5a9694e8c12f6082	0	0	0	0	0	0	0	8	0	0	0	0	0	0
bfa965d133f51cb113323bac2c613bc7	0	0	0	0	0	0	0	8	0	0	0	0	0	0
b0b612eb95f6aee07c20394214ab0c51	0	0	0	0	0	0	0	8	0	0	0	0	0	0
278ed1e0b722298911279b70b3272b48	0	0	0	0	0	0	0	8	0	0	0	0	0	0
47d254c0e11b7d784cb3799bc17b8a83	0	0	0	0	0	0	0	8	0	0	0	0	0	0
b48f168d3b4fcb280b0782e596787d85	0	0	0	0	0	0	0	8	0	0	0	0	0	0
4a9f92a065b0dc563bc5af8fab47f6ef	0	0	0	0	0	0	0	8	0	0	0	0	0	0
e1abe385e654e026acd78f96c2fe8d0f	0	0	0	0	0	0	0	8	0	0	0	0	0	0
a30e46e1322586f6fb13178fa38440cc	0	0	0	0	0	0	0	8	0	0	0	0	0	0
f0e0cdbc747c8f535faf0a42a491cbe7	0	0	0	0	0	0	0	8	0	0	0	0	0	0
2f54a5b27863c81e5e727aefcbd9caed	0	0	0	0	0	0	0	8	0	0	0	0	0	0
489caba1e3159d641ede516c2b7cc52f	0	0	0	0	0	0	0	8	0	0	0	0	0	0
4541b4565e490ff231b419cafbd79954	0	0	0	0	0	0	0	8	0	0	0	0	0	0
a66e9e9c1191d67cb8b29c92869df4d1	0	0	0	0	0	0	0	8	0	0	0	0	0	0
7b2aa03c5afe59e2a3e60666f609457d	0	0	0	0	0	0	0	8	0	0	0	0	0	0
b5a717440efeebbeb32fb048b587892a	0	0	0	0	0	0	0	8	0	0	0	0	0	0
b98b8d1013d7d7234f7669b54f55bfb0	0	0	0	0	0	0	0	8	0	0	0	0	0	0
97625fc4a9fdb9e3e5684c4bbdf4ef78	0	0	0	0	0	0	0	8	0	0	0	0	0	0
4f0e6033651af62a9edc8dbcc6809e3a	0	0	0	0	0	0	0	8	0	0	0	0	0	0
4461b9df2bb7058b932691685cd529ed	0	0	0	0	0	0	0	8	0	0	0	0	0	0
a2c47a3eb4706c57ca3ac1f409cb2b72	0	0	0	0	0	0	0	8	0	0	0	0	0	0
ac33747d1373b92d6205fcee60d435e6	0	0	0	0	0	0	0	8	0	0	0	0	0	0
20b009f222c474d1bd54fd93bb5b278c	0	0	0	0	0	0	0	8	0	0	0	0	0	0
e600b775201a6d8bba1184a33076b68d	0	0	0	0	0	0	0	8	0	0	0	0	0	0
825d0882bde35a86a7000e06998e4d60	0	0	0	0	0	0	0	8	0	0	0	0	0	0
640aa0b36efbe613f89facb46f9473a3	0	0	0	0	0	0	0	8	0	0	0	0	0	0
7e82016ed3b8eddf97a44f8784e49a00	0	0	0	0	0	0	0	8	0	0	0	0	0	0
a2ea8e718f1911d8602e0d0efa0bab2a	0	0	0	0	0	0	0	8	0	0	0	0	0	0
8650ceaa8df6464594a54d11ea0c4aac	0	0	0	0	0	0	0	8	0	0	0	0	0	0
c7113c43466b17d6d429658d07b1f543	0	0	0	0	0	0	0	8	0	0	0	0	0	0
497d84cbe7f9bebe71b1179710c28d48	0	0	0	0	0	0	0	8	0	0	0	0	0	0
4a4161f7dafd424fcbd5c5438a0bb649	0	0	0	0	0	0	0	8	0	0	0	0	0	0
a7d6f0b8189e4aa3307c383b487cd2f3	0	0	0	0	0	0	0	8	0	0	0	0	0	0
e2f60a88b6dbf83294bd262e2e2521ce	0	0	0	0	0	0	0	8	0	0	0	0	0	0
c20e6791aaeae0e95f98dac08007eb43	0	0	0	0	0	0	0	8	0	0	0	0	0	0
1dedb2cb021b647535cb77581b62d453	0	0	0	0	0	0	0	8	0	0	0	0	0	0
40b08e73ef18e5039578b3bd1357765f	0	0	0	0	0	0	0	8	0	0	0	0	0	0
952ffe1db258f986d25fd3901323c450	0	0	0	0	0	0	0	8	0	0	0	0	0	0
907900158416aff46210a3a05539e798	0	0	0	0	0	0	0	8	0	0	0	0	0	0
2232189b350d35e69e88457186208c3d	0	0	0	0	0	0	0	8	0	0	0	0	0	0
8f3906446675b46de891e22e8cd920a9	0	0	0	0	0	0	0	8	0	0	0	0	0	0
9eb0a5fc7da0823cda6368c26ed7beba	0	0	0	0	0	0	0	8	0	0	0	0	0	0
ea0af84ebd60bbdd603a88bc29f57fd5	0	0	0	0	0	0	0	8	0	0	0	0	0	0
8426c6892ff54eb14e86a8a5fe8a49be	0	0	0	0	0	0	0	8	0	0	0	0	0	0
173a43ceb1addcd999e47ce36451554b	0	0	0	0	0	0	0	8	0	0	0	0	0	0
afe0fd94c35f92c7595712dfff8c3c8a	0	0	0	0	0	0	0	8	0	0	0	0	0	0
81974effc2aaa4f60048d78769b1a0a5	0	0	0	0	0	0	0	8	0	0	0	0	0	0
13fc119e77d471f9777863a8201807c8	0	0	0	0	0	0	0	8	0	0	0	0	0	0
c16528b05109fb6df95f1cdadcb42af8	0	0	0	0	0	0	0	8	0	0	0	0	0	0
123347c4890c2d05cadbbf71330a2516	0	0	0	0	0	0	0	8	0	0	0	0	0	0
af63327adc50c1e643925f9ad4ae5a59	0	0	0	0	0	0	0	8	0	0	0	0	0	0
56b566f4f6aff04e95449c8b0826fc52	0	0	0	0	0	0	0	8	0	0	0	0	0	0
c7629961809d78dce89ada76722fd5c0	0	0	0	0	0	0	0	8	0	0	0	0	0	0
ca7cf1e417949fa75b091fc3572ce33c	0	0	0	0	0	0	0	8	0	0	0	0	0	0
8b69dc99872b51e49e09c14accf85920	0	0	0	0	0	0	0	8	0	0	0	0	0	0
df6859cf44927377b92794b9e23ca4c2	0	0	0	0	0	0	0	8	0	0	0	0	0	0
67e4185608c562985b3674ee39257015	0	0	0	0	0	0	0	8	0	0	0	0	0	0
8b74e0405ec74e7f2c297888aad0300f	0	0	0	0	0	0	0	8	0	0	0	0	0	0
b9db19fe1e730b43831bd45ec6ad70b1	0	0	0	0	0	0	0	8	0	0	0	0	0	0
4044c3472ada8f67b4948947f3fcd750	0	0	0	0	0	0	0	8	0	0	0	0	0	0
b9f639e49e0a951714746359e0893de6	0	0	0	0	0	0	0	8	0	0	0	0	0	0
c9754cc06322f13583bff2a0c9c3c193	0	0	0	0	0	0	0	8	0	0	0	0	0	0
971aaa505ba6c77a8c63d2c32e725a93	0	0	0	0	0	0	0	8	0	0	0	0	0	0
125de3ec962081f8bbf5886b56da4038	0	0	0	0	0	0	0	8	0	0	0	0	0	0
e6897c97d3dee8611e77de049a3f8455	0	0	0	0	0	0	0	8	0	0	0	0	0	0
c725ad62a41ebf7d9a516832123f0146	0	0	0	0	0	0	0	8	0	0	0	0	0	0
f2f5a8de0537300d670539400a361818	0	0	0	0	0	0	0	8	0	0	0	0	0	0
84acb5407e7b33a9a86f20094e706f16	0	0	0	0	0	0	0	8	0	0	0	0	0	0
4d279766abeb4ab976ac32b65009edb3	0	0	0	0	0	0	0	8	0	0	0	0	0	0
4af936ab83d4545b99b7171abd451c0c	0	0	0	0	0	0	0	8	0	0	0	0	0	0
47fe8191fa7ae7e42b21fe2f9729a434	0	0	0	0	0	0	0	8	0	0	0	0	0	0
0ef4807853e072c09693bf88629d536b	0	0	0	0	0	0	0	8	0	0	0	0	0	0
6e2ee9b93e5ee5a6691c6704ea900ce7	0	0	0	0	0	0	0	8	0	0	0	0	0	0
119890a77acc300dad266689b1f94541	0	0	0	0	0	0	0	8	0	0	0	0	0	0
f9ce675febc468b5414cca83adaa3653	0	0	0	0	0	0	0	8	0	0	0	0	0	0
d8a0dd37d2fa65823f8420b4b8246444	0	0	0	0	0	0	0	8	0	0	0	0	0	0
f33843fc1e46757c606a5369b76ae4b1	0	0	0	0	0	0	0	8	0	0	0	0	0	0
135a6ef2c01bee0f4a456fa29ef15f77	0	0	0	0	0	0	0	8	0	0	0	0	0	0
627da86622f076d5fbe5396c13dcce22	0	0	0	0	0	0	0	0	0	0	0	0	0	8
9d9c828967b0f712c7cdc239ceeeef02	0	0	0	0	0	0	0	0	0	0	0	0	0	8
0ccd36e66a348a964a10d5ab5a966605	0	0	0	0	0	0	0	0	0	0	0	0	0	8
e3a65aa60650f4b0cd3579e1e190b0d9	0	0	0	0	0	0	0	0	0	0	0	0	0	8
cb5b53003e3852953b151b7d69460f1c	0	0	0	0	0	0	0	0	0	0	0	0	0	8
4b5b75133241f6da979b8622263989a7	0	0	0	0	0	0	0	0	0	0	0	0	0	8
224625d9d81009c96293c7c3bcb88b28	0	0	0	0	0	0	0	0	0	0	0	0	0	8
54031ed6425bc2e22850909c6cf33123	0	0	0	0	0	0	0	0	0	0	0	0	0	8
73fa750e91e7176dd08332644fbf79db	0	0	0	0	0	0	0	0	0	0	0	0	0	8
e8b0a77bfae9157791dc09cd97525254	0	0	0	0	0	0	0	0	0	0	0	0	0	8
a0b30fa3d4f5b7d93671f0aaa6a15327	0	0	0	0	0	0	0	0	0	0	0	0	0	8
c56e7e084dd8a10c70bce7d71556ed61	0	0	0	0	0	0	0	0	0	0	0	0	0	8
0ae29dca3338016170676ead74b98ff9	0	7	0	0	0	0	0	0	0	0	0	0	0	0
a510768a5b7119d7f9c1b7f3f98f5f32	0	7	0	0	0	0	0	0	0	0	0	0	0	0
4b48ad33247ce68901ce5d8f16014964	0	7	0	0	0	0	0	0	0	0	0	0	0	0
eaf39e10059c7caad5ac1562bd592b37	0	7	0	0	0	0	0	0	0	0	0	0	0	0
daa4a42128e621fedf53f8b4b737925e	0	7	0	0	0	0	0	0	0	0	0	0	0	0
29df41be86e6d2c8594d2591c458846b	0	7	0	0	0	0	0	0	0	0	0	0	0	0
da33b7eefbbf2afc2c201142d6fb6ba3	0	7	0	0	0	0	0	0	0	0	0	0	0	0
b80b7850f034d1f91ac6308a386db735	0	7	0	0	0	0	0	0	0	0	0	0	0	0
5bed8c7036943edea6cc0f518ccc0932	0	7	0	0	0	0	0	0	0	0	0	0	0	0
ffba6afc118aac728033e6e793ad2fd9	0	7	0	0	0	0	0	0	0	0	0	0	0	0
f652481b2875c9a0acde174315a19520	0	7	0	0	0	0	0	0	0	0	0	0	0	0
15837ce10c67fb16ad8aeb97ce68f24b	0	7	0	0	0	0	0	0	0	0	0	0	0	0
79529f54ff790699b3268e279a150035	0	7	0	0	0	0	0	0	0	0	0	0	0	0
00a8e7d856dd5874070a851b86252467	0	7	0	0	0	0	0	0	0	0	0	0	0	0
ee192a66a5685a4e0b27c2250a9c7fa4	0	7	0	0	0	0	0	0	0	0	0	0	0	0
80feed6da56592c900a06af136a19a4e	0	7	0	0	0	0	0	0	0	0	0	0	0	0
5d2bc9cbeafb15f3f11afdeceba899d9	0	7	0	0	0	0	0	0	0	0	0	0	0	0
304f559fefd500660d009351a4e6e21b	0	7	0	0	0	0	0	0	0	0	0	0	0	0
f9f3e31721c18827a911c7dfb4f219ea	0	7	0	0	0	0	0	0	0	0	0	0	0	0
ef333996a3d9175269e2645a1f82fea9	0	7	0	0	0	0	0	0	0	0	0	0	0	0
7167261a3b484a254ad34dda53e1b9e5	0	7	0	0	0	0	0	0	0	0	0	0	0	0
4f2b2622b0a34be6f7465bc93d77528e	0	7	0	0	0	0	0	0	0	0	0	0	0	0
9f309b4ef6e68b4016234c634b268eea	0	7	0	0	0	0	0	0	0	0	0	0	0	0
20969d3781bb8511ebbda758a2c8a159	0	7	0	0	0	0	0	0	0	0	0	0	0	0
a721fcde4a7047e0ce8fc5658a8e30d5	0	7	0	0	0	0	0	0	0	0	0	0	0	0
f88e65d0be3b382486c9cb805846f370	0	7	0	0	0	0	0	0	0	0	0	0	0	0
25584bc062f4b90157d246c6d0d10e9c	0	7	0	0	0	0	0	0	0	0	0	0	0	0
58889d865108d5b837f6c400a114865e	0	7	0	0	0	0	0	0	0	0	0	0	0	0
bf700bfced53cb37a4d94738aa0cdda2	0	7	0	0	0	0	0	0	0	0	0	0	0	0
35fb1eb24ffbc767877443a16183bd4f	0	7	0	0	0	0	0	0	0	0	0	0	0	0
826cda9c3310354b587855734c377d77	0	7	0	0	0	0	0	0	0	0	0	0	0	0
48b780e59935550759c0c0cd76dc44a5	0	7	0	0	0	0	0	0	0	0	0	0	0	0
4c4ddd970698b9da7827b87b8551f996	0	7	0	0	0	0	0	0	0	0	0	0	0	0
aad6a31c6c2c613d061588ef84b18a38	0	7	0	0	0	0	0	0	0	0	0	0	0	0
f86bd691f3b73ee934d4de45bec77a45	0	7	0	0	0	0	0	0	0	0	0	0	0	0
432c70a57b862819a51f303177bb4625	0	7	0	0	0	0	0	0	0	0	0	0	0	0
5b26700bdc606df0fe7654fa8beeed39	0	7	0	0	0	0	0	0	0	0	0	0	0	0
036fc58b45b34f288545ef8abf150a34	0	7	0	0	0	0	0	0	0	0	0	0	0	0
fd085dbb0260ee171ed5582d5bdbdf17	0	7	0	0	0	0	0	0	0	0	0	0	0	0
1ceaec52c3dbf4a8789587b7eb0e748e	0	7	0	0	0	0	0	0	0	0	0	0	0	0
57b786deae511fcd40f7e205639ccee9	0	7	0	0	0	0	0	0	0	0	0	0	0	0
b6a196c2e9435aa262d765de6c49cf6e	0	7	0	0	0	0	0	0	0	0	0	0	0	0
a751739e38e0df733803de416e18a7de	0	7	0	0	0	0	0	0	0	0	0	0	0	0
a5c8f9db9a2178be496f0ff7b062ac5a	0	7	0	0	0	0	0	0	0	0	0	0	0	0
da2d32c271299c89bf133707d85f369c	0	7	0	0	0	0	0	0	0	0	0	0	0	0
48d67ba03cae32e83d1655e2c276dcec	0	7	0	0	0	0	0	0	0	0	0	0	0	0
dc76ec0b2ad3a6eb596b323cde7c808f	0	7	0	0	0	0	0	0	0	0	0	0	0	0
636dfb98f06452a3e4e32e0292660428	0	7	0	0	0	0	0	0	0	0	0	0	0	0
0a66afe487af853e97d8d8a20feba7a0	0	7	0	0	0	0	0	0	0	0	0	0	0	0
49d99c6efabbef1025bab1b311ce7045	0	7	0	0	0	0	0	0	0	0	0	0	0	0
21d6ea2db6bb8ce617c39a9b790f9845	0	7	0	0	0	0	0	0	0	0	0	0	0	0
ab7489cedb0c9227c308de3e9a5a8cdf	0	7	0	0	0	0	0	0	0	0	0	0	0	0
aa21357ca508e15c502dd781eee0ff8a	0	7	0	0	0	0	0	0	0	0	0	0	0	0
7ac54fed88f75aa2d320847c0d6dbee0	0	7	0	0	0	0	0	0	0	0	0	0	0	0
79d684739ef97e16779d47204c4e524f	0	7	0	0	0	0	0	0	0	0	0	0	0	0
77a5e7490e1c25cf6864758d54ec149c	0	7	0	0	0	0	0	0	0	0	0	0	0	0
0e7bad56a8be835d76a2cf6bd830df69	0	7	0	0	0	0	0	0	0	0	0	0	0	0
1321cd9c7a3e73efb7ae08ac255ae147	0	7	0	0	0	0	0	0	0	0	0	0	0	0
c711c0d2f0ffc29d58758d9f769f2249	0	7	0	0	0	0	0	0	0	0	0	0	0	0
9188c22620c37d46331bff6a304087dc	0	1	1	0	0	0	5	0	0	0	0	0	0	0
311c85768d919be57193851baf336ac9	0	1	6	0	0	0	0	0	0	0	0	0	0	0
06812bcf9441579d28938b483b562a83	0	0	7	0	0	0	0	0	0	0	0	0	0	0
8687e8e1aad01be385fc431c070f87e9	0	0	7	0	0	0	0	0	0	0	0	0	0	0
ddfac93710b5b968aa8c959c78084166	0	0	7	0	0	0	0	0	0	0	0	0	0	0
f95404e2a25cca4051b7ca9f7355ff30	0	0	7	0	0	0	0	0	0	0	0	0	0	0
8d9af73614af8b9e93a523e2091aa049	0	0	7	0	0	0	0	0	0	0	0	0	0	0
bdfdf8ab58ae9b3fcdaba9ffb7fd7169	0	0	7	0	0	0	0	0	0	0	0	0	0	0
3e75c8dc9496e51a02dc2ca3a21387f3	0	0	7	0	0	0	0	0	0	0	0	0	0	0
29e2e9acdbe9be6822b68f3d49d61a0d	0	0	7	0	0	0	0	0	0	0	0	0	0	0
c1f73841c5cc0168b31827f35b512738	0	0	7	0	0	0	0	0	0	0	0	0	0	0
2d3c881f1da146d33b0a2bc8ca93585e	0	0	7	0	0	0	0	0	0	0	0	0	0	0
da99830cf13b5ed65bd61632a9730099	0	0	7	0	0	0	0	0	0	0	0	0	0	0
7037f0eab207a651b27f9d2398c8f474	0	0	7	0	0	0	0	0	0	0	0	0	0	0
676a2959581369aa540b775a70dcbb69	0	0	7	0	0	0	0	0	0	0	0	0	0	0
d2aa896f6c8be18b5876bd114903d13a	0	0	7	0	0	0	0	0	0	0	0	0	0	0
00b2fc30ef2065dd5151b523e022fa22	0	0	7	0	0	0	0	0	0	0	0	0	0	0
c0e6f0cd127086b8e5ff8fe97d88b2e2	0	0	7	0	0	0	0	0	0	0	0	0	0	0
30ff71438b729a42ba1446dc1efb94b9	0	0	7	0	0	0	0	0	0	0	0	0	0	0
18a80f412a2e14da05f7567a41c1615b	0	0	7	0	0	0	0	0	0	0	0	0	0	0
fe26ad952ba15ae6ea4330ae6030c07b	0	0	7	0	0	0	0	0	0	0	0	0	0	0
64f9470496e0dc3a415a96fabed3f7e3	0	0	7	0	0	0	0	0	0	0	0	0	0	0
735cc46f6878347a9e1713b431832281	0	0	7	0	0	0	0	0	0	0	0	0	0	0
cb465df4c4b85b475dd1e7dfd7292f02	0	0	7	0	0	0	0	0	0	0	0	0	0	0
f44114745c9961cdebb5eb5c65c50a8f	0	0	7	0	0	0	0	0	0	0	0	0	0	0
242867263dea504708e0e712b674ae76	0	0	7	0	0	0	0	0	0	0	0	0	0	0
aa095305d3a9027e016dc3269ceb3195	0	0	7	0	0	0	0	0	0	0	0	0	0	0
ebcc7d1ab3a8a3425b995282b0a5d0fe	0	0	7	0	0	0	0	0	0	0	0	0	0	0
6a470e97355eef15658e335f53b09ea3	0	0	7	0	0	0	0	0	0	0	0	0	0	0
fb5ed83fc56a51bc39b22a0e48048d21	0	0	7	0	0	0	0	0	0	0	0	0	0	0
fb97934582af8c70d043cfa461910655	0	0	7	0	0	0	0	0	0	0	0	0	0	0
beb1d4b21bf2c5d8817f11ab05b0843c	0	0	7	0	0	0	0	0	0	0	0	0	0	0
db623677f74a1f15455e88140e035f70	0	0	7	0	0	0	0	0	0	0	0	0	0	0
37abb0f9a645137f6dce0162ab33744f	0	0	7	0	0	0	0	0	0	0	0	0	0	0
71af0ad916aef916abbbc99a57e85301	0	0	7	0	0	0	0	0	0	0	0	0	0	0
1c82a84707f93f7be01700fa2a9f9b27	0	0	7	0	0	0	0	0	0	0	0	0	0	0
c9b77b651d89e8dfb3bb197d64b709ee	0	0	7	0	0	0	0	0	0	0	0	0	0	0
33214d4256bcaf1e93ebe7c0d4de8899	0	0	7	0	0	0	0	0	0	0	0	0	0	0
e816152f364344b790f842da8465ca40	0	0	7	0	0	0	0	0	0	0	0	0	0	0
9eefe23625a53a7798486d124ac16882	0	0	7	0	0	0	0	0	0	0	0	0	0	0
3bbbbc0c0e825cdf9f02d2a5802e9ec2	0	0	7	0	0	0	0	0	0	0	0	0	0	0
be613d83ed9438c121d24d7cdab6df80	0	0	7	0	0	0	0	0	0	0	0	0	0	0
3de1af3d46ad5a6f002ccb7fd84adfb2	0	0	7	0	0	0	0	0	0	0	0	0	0	0
fa8cda94a84cf28e2c6ea1947554a5c0	0	0	7	0	0	0	0	0	0	0	0	0	0	0
93e6e224558cb450ce8a7728aee89b57	0	0	7	0	0	0	0	0	0	0	0	0	0	0
718c2d9a665bbc880103bc2017da165c	0	0	7	0	0	0	0	0	0	0	0	0	0	0
cfaed2238b69ed53effff157f54646ab	0	0	7	0	0	0	0	0	0	0	0	0	0	0
b54b8aad207799a5bf6788ba8e095715	0	0	7	0	0	0	0	0	0	0	0	0	0	0
7772220db305ff7ebd91f0984d06ff73	0	0	7	0	0	0	0	0	0	0	0	0	0	0
f2229c34b30cba254fdb761ae0ea0a05	0	0	7	0	0	0	0	0	0	0	0	0	0	0
81e2a9107b3a43ff57622eddd430b7bd	0	0	7	0	0	0	0	0	0	0	0	0	0	0
e59cd8801f8dea8dd927b1dfb539ecca	0	0	7	0	0	0	0	0	0	0	0	0	0	0
ee302e677b5c3473df4098607a8f0405	0	0	7	0	0	0	0	0	0	0	0	0	0	0
697909e4558e05a6a94f48db377846d9	0	0	7	0	0	0	0	0	0	0	0	0	0	0
5182bc80cace688e329ebd64517ad660	0	0	7	0	0	0	0	0	0	0	0	0	0	0
5f7eef16635b73e451d824267dd804e3	0	0	7	0	0	0	0	0	0	0	0	0	0	0
f9c7fc675f9840f1b08ecab676e2d002	0	0	7	0	0	0	0	0	0	0	0	0	0	0
f9b1ef3ecb8b4be345961e33842fab26	0	0	7	0	0	0	0	0	0	0	0	0	0	0
c4a39220bb6149cc937390a6eeca8a35	0	0	7	0	0	0	0	0	0	0	0	0	0	0
2bfb658f13af8aa26bae3a5cc84feb7f	0	0	7	0	0	0	0	0	0	0	0	0	0	0
127a56dac9a2ae1d8d37bb0fa65a44a1	0	0	7	0	0	0	0	0	0	0	0	0	0	0
c3c1d708447f6af66eddcdd30042648f	0	0	7	0	0	0	0	0	0	0	0	0	0	0
b3fd1073890d14bc7a1a264b4e5b6a5f	0	0	7	0	0	0	0	0	0	0	0	0	0	0
6efe6d98563024fc5d52e0229992c258	0	0	5	0	0	0	2	0	0	0	0	0	0	0
8bed3947d505cd5446c724b760cd0655	0	0	5	0	0	2	0	0	0	0	0	0	0	0
76e44c6a48edb64b6f9d2df0d97778f6	0	0	5	0	0	0	2	0	0	0	0	0	0	0
c54b102287d56dc406757f145f3c68bf	0	0	1	0	0	0	6	0	0	0	0	0	0	0
28d9344edfb26013daca003246a403af	0	0	1	0	0	0	6	0	0	0	0	0	0	0
6d2f00e609ddcf4e9d7163b54f367914	0	0	0	7	0	0	0	0	0	0	0	0	0	0
4276a14f81c3ad1c52bf94b67ddaf4c1	0	0	0	7	0	0	0	0	0	0	0	0	0	0
800f58e30f8eaca4a1d8c26a658d1096	0	0	0	7	0	0	0	0	0	0	0	0	0	0
7e4f6173fc0bf8f2ea84ecbfa7f6d56e	0	0	0	7	0	0	0	0	0	0	0	0	0	0
2b30a9d6be4693ad17d9a565190afe62	0	0	0	7	0	0	0	0	0	0	0	0	0	0
2b874fef27704acc9d665c8811bd5336	0	0	0	7	0	0	0	0	0	0	0	0	0	0
4c340c5bd53d41fda255a0ab42f44dcc	0	0	0	7	0	0	0	0	0	0	0	0	0	0
a41410444f1279c19e5ce6a93d021f2a	0	0	0	0	7	0	0	0	0	0	0	0	0	0
62435d903acf8987963e12d13c82c3c8	0	0	0	0	7	0	0	0	0	0	0	0	0	0
48ad8a5000f87b2f01b148a84b742bb3	0	0	0	0	7	0	0	0	0	0	0	0	0	0
8190f9a4bea085eb45ff0042ee609ad9	0	0	0	0	0	7	0	0	0	0	0	0	0	0
725b5b58d80f9d5d33e98b947d06c2a1	0	0	0	0	0	7	0	0	0	0	0	0	0	0
e8957a2d53b0757f858ed83a86ecfb98	0	0	0	0	0	7	0	0	0	0	0	0	0	0
f4f036c8b387b3e724488c0e10efce5c	0	0	0	0	0	7	0	0	0	0	0	0	0	0
0b6e2927e541f8a299af83daee1460ed	0	0	0	0	0	7	0	0	0	0	0	0	0	0
924dfb1498f921dd399f7066cf6e0158	0	0	0	0	0	7	0	0	0	0	0	0	0	0
57941284246dfc359867b64deb9cfc24	0	0	0	0	0	7	0	0	0	0	0	0	0	0
7424bd8ebf2c2d73c2a8c850e7548922	0	0	0	0	0	7	0	0	0	0	0	0	0	0
4152aa8e4e52586447bf5f3636da925e	0	0	0	0	0	7	0	0	0	0	0	0	0	0
da8ec6057ff0ebc7708179f15832fc3b	0	0	0	0	0	7	0	0	0	0	0	0	0	0
0d782db49f9ec153893fcffc382b9d54	0	0	0	0	0	7	0	0	0	0	0	0	0	0
293785b1de46fde5b7b188094e858b77	0	0	0	0	0	7	0	0	0	0	0	0	0	0
bc70edcd6e05b8592c5de1b654a45955	0	0	0	0	0	7	0	0	0	0	0	0	0	0
a537af16c9447a4de15523bc8cd20436	0	0	0	0	0	7	0	0	0	0	0	0	0	0
512d2ea4eaa00bd39fc1eea9fff54a81	0	0	0	0	0	7	0	0	0	0	0	0	0	0
e442782edacca68387cb0d1853a90855	0	0	0	0	0	7	0	0	0	0	0	0	0	0
934f901d52e4e2302d3ee28b8400ec9b	0	0	0	0	0	7	0	0	0	0	0	0	0	0
cf94305f95c192c7b5277ddc645fc31d	0	0	0	0	0	7	0	0	0	0	0	0	0	0
268fb0e30124045551b8938afafe8644	0	0	0	0	0	7	0	0	0	0	0	0	0	0
9f02d7222a2e9b911e104f84b8e01ef5	0	0	0	0	0	7	0	0	0	0	0	0	0	0
eafe60779743bbd1bfaa4560472d6a54	0	0	0	0	0	7	0	0	0	0	0	0	0	0
0a2f29d65b3ae3d8a08c08ccfd1be71e	0	0	0	0	0	7	0	0	0	0	0	0	0	0
134021e362741cc370cbd1b9aa0e704b	0	0	0	0	0	7	0	0	0	0	0	0	0	0
23b8f863d809b80d20a4824a6269b096	0	0	0	0	0	7	0	0	0	0	0	0	0	0
19dcefd910acf58ceb0f2fb4c14e4164	0	0	0	0	0	7	0	0	0	0	0	0	0	0
869d4968c5a320d80bd280edb2f0a0ce	0	0	0	0	0	7	0	0	0	0	0	0	0	0
86618356747add2f4a922fbac91b974b	0	0	0	0	0	7	0	0	0	0	0	0	0	0
dc73f49a26fd58144789fa6f74627eec	0	0	0	0	0	7	0	0	0	0	0	0	0	0
21d398980a0f332ee806f39eba0dc1fc	0	0	0	0	0	7	0	0	0	0	0	0	0	0
78bcfb4edc3805fe5be18de01ca468d0	0	0	0	0	0	7	0	0	0	0	0	0	0	0
3bbe1e0375a6fcf1d02c1f4a847b6fc2	0	0	0	0	0	7	0	0	0	0	0	0	0	0
3aea926067e98a9051e59efec4b8f4ee	0	0	0	0	0	7	0	0	0	0	0	0	0	0
0d7f1412b6379fc29229d13660230d9d	0	0	0	0	0	7	0	0	0	0	0	0	0	0
5fb77d451c00c959f4f126f34c9d7b96	0	0	0	0	0	7	0	0	0	0	0	0	0	0
34c9285fc80e9bc2f4e740a27f496f62	0	0	0	0	0	7	0	0	0	0	0	0	0	0
83208d1404c9d6e97c78ce9c7b432c86	0	0	0	0	0	7	0	0	0	0	0	0	0	0
7946b9c92e7b6cebc0ce925b4e49395e	0	0	0	0	0	7	0	0	0	0	0	0	0	0
03e91f342ea879484d591cd56b05c571	0	0	0	0	0	7	0	0	0	0	0	0	0	0
b2e9b5d6cee0678822665eb95f5a0934	0	0	0	0	0	7	0	0	0	0	0	0	0	0
25d5168e47f45d13852faee914239ffa	0	0	0	0	0	7	0	0	0	0	0	0	0	0
ad5e7c8e2175106e1f1b67566d84a2ac	0	0	0	0	0	7	0	0	0	0	0	0	0	0
5ebb27e0d4233689825eb7ec2645f82c	0	0	0	0	0	7	0	0	0	0	0	0	0	0
e8ef258dc928e4fa80c6e11cb6c3cdc6	0	0	0	0	0	7	0	0	0	0	0	0	0	0
742d90ab47c9a7c57882f9eb2596dfc2	0	0	0	0	0	7	0	0	0	0	0	0	0	0
afe54dff9231ea2440b2eb1cb75048e6	0	0	0	0	0	7	0	0	0	0	0	0	0	0
e041deed98d4db64b88d971b5bb44f73	0	0	0	0	0	7	0	0	0	0	0	0	0	0
679ca49a5f7981978b3d77f547e028b1	0	0	0	0	0	7	0	0	0	0	0	0	0	0
791ee24b806529446858f534e4f1c9ae	0	0	0	0	0	7	0	0	0	0	0	0	0	0
9adb7ddc09b7acd1802bea421d21949c	0	0	0	0	0	7	0	0	0	0	0	0	0	0
4daaa95b96e5b5c13daa0cd9926ccacf	0	0	0	0	0	4	3	0	0	0	0	0	0	0
83c06c6c1879da002b9e34ffe71f4289	0	0	0	0	0	0	7	0	0	0	0	0	0	0
05dd3701b7796ca7549fbab49a0acb99	0	0	0	0	0	0	7	0	0	0	0	0	0	0
682edf6096569431f20a547116b3f406	0	0	0	0	0	0	7	0	0	0	0	0	0	0
9a54bb67aaf2c201e345580245180794	0	0	0	0	0	0	7	0	0	0	0	0	0	0
aec35e2e1c3040dfa4da64637d1983df	0	0	0	0	0	0	7	0	0	0	0	0	0	0
2f0cfbd44ac3f408a2410402dd30a2b0	0	0	0	0	0	0	7	0	0	0	0	0	0	0
601158fc63006672882245539291eb05	0	0	0	0	0	0	7	0	0	0	0	0	0	0
bc7a367dd66957effcb2f57038304f78	0	0	0	0	0	0	7	0	0	0	0	0	0	0
b612d1c7b2ac5fa642cf7b3c9b0240bc	0	0	0	0	0	0	7	0	0	0	0	0	0	0
7c348c1ba0cfde04d4af82dc76e3720f	0	0	0	0	0	0	7	0	0	0	0	0	0	0
eb56589910302ea28be0b91028880665	0	0	0	0	0	0	7	0	0	0	0	0	0	0
8c220d9545ccb8313b539a266998b708	0	0	0	0	0	0	7	0	0	0	0	0	0	0
27bf3afe491fbc77206f313d6dcdb38f	0	0	0	0	0	0	7	0	0	0	0	0	0	0
3b741be7fe0c4fd25d01815d9dbb9891	0	0	0	0	0	0	7	0	0	0	0	0	0	0
a3551ef0a5cdf6f9daa3ffaf86b5c31c	0	0	0	0	0	0	7	0	0	0	0	0	0	0
970d3c1eff66817cf6515de2e9b9c4e5	0	0	0	0	0	0	7	0	0	0	0	0	0	0
41b274b596af712d7874f23f03442daf	0	0	0	0	0	0	7	0	0	0	0	0	0	0
b8c8e77d23f63eecf99c5deb9934d3e7	0	0	0	0	0	0	7	0	0	0	0	0	0	0
dbe4c89f4f7a182543fa3bee35850a7b	0	0	0	0	0	0	7	0	0	0	0	0	0	0
5a98b6e6ccc51d6c88d00e1e22b79c19	0	0	0	0	0	0	7	0	0	0	0	0	0	0
09d10035a5af022f4547fa01c6ba7894	0	0	0	0	0	0	7	0	0	0	0	0	0	0
3af806b44430f8573ae3e95a8885d972	0	0	0	0	0	0	7	0	0	0	0	0	0	0
7fcb3e1b01a837a3eb6d5a8da0d5fe3b	0	0	0	0	0	0	7	0	0	0	0	0	0	0
73306ff7e58e9c3fc16e452cfcf4ed97	0	0	0	0	0	0	7	0	0	0	0	0	0	0
1b35d48d8031516b854f74372b5d5a66	0	0	0	0	0	0	7	0	0	0	0	0	0	0
558844f80930abf6813cce59cc9fa500	0	0	0	0	0	0	7	0	0	0	0	0	0	0
260071c9f113aebebab819f5cb6e5767	0	0	0	0	0	0	7	0	0	0	0	0	0	0
383b959f4efb3e634afc6bcedc33d385	0	0	0	0	0	0	7	0	0	0	0	0	0	0
6d8424cbcf9873ba8c70de22cca83eca	0	0	0	0	0	0	7	0	0	0	0	0	0	0
e77b26b8fefc5d93d12b4180038d9cf2	0	0	0	0	0	0	7	0	0	0	0	0	0	0
bb2b3fc7be6ee7261e595f51cd8275ed	0	0	0	0	0	0	7	0	0	0	0	0	0	0
885fb574c6b8c2619e1bb2fafce9609c	0	0	0	0	0	0	7	0	0	0	0	0	0	0
ef702e21d0a05490476f1d681bdf318d	0	0	0	0	0	0	7	0	0	0	0	0	0	0
bd304c6e391b31f6547b2d7f6b49206e	0	0	0	0	0	0	7	0	0	0	0	0	0	0
96d100cfe38d86b5ed15d793fa332c82	0	0	0	0	0	0	7	0	0	0	0	0	0	0
49c7aec6725d0ff249b1b037ef416fac	0	0	0	0	0	0	7	0	0	0	0	0	0	0
7c253639e5a9077ee0553e48b559bf5a	0	0	0	0	0	0	7	0	0	0	0	0	0	0
9680f33559fdec2d77a6aa83d9b0f07e	0	0	0	0	0	0	7	0	0	0	0	0	0	0
f789975be6eeda93e197ec28b1a3d5a7	0	0	0	0	0	0	0	7	0	0	0	0	0	0
431f86707cfaa76f42b94c903a61fd82	0	0	0	0	0	0	0	7	0	0	0	0	0	0
501c18ac69918b07e91c711ca7e61b62	0	0	0	0	0	0	0	7	0	0	0	0	0	0
a2005a61ad1c8397589747186a00df36	0	0	0	0	0	0	0	7	0	0	0	0	0	0
f580181c4e2e4bcfc7a1ef5c3ba8805b	0	0	0	0	0	0	0	7	0	0	0	0	0	0
5c18361926f70f43fc8a3112586f250f	0	0	0	0	0	0	0	7	0	0	0	0	0	0
13ebf3ca4fca934e4ce48788029b7cc5	0	0	0	0	0	0	0	7	0	0	0	0	0	0
b83021c620a42f17772b4c6fcb9cc46c	0	0	0	0	0	0	0	7	0	0	0	0	0	0
869a0acdb1a7546cd1ccd04e5dd97c75	0	0	0	0	0	0	0	7	0	0	0	0	0	0
aff6f882677dc6caa6312dc8a2daaff4	0	0	0	0	0	0	0	7	0	0	0	0	0	0
dabdb7f4d8b460e8aae8bfd29ee75648	0	0	0	0	0	0	0	7	0	0	0	0	0	0
21ba7d1d673528e6dd9c10919a1ef067	0	0	0	0	0	0	0	7	0	0	0	0	0	0
41148023617448fc484335903de06031	0	0	0	0	0	0	0	7	0	0	0	0	0	0
a9c16d12b23142a4608c661f0c96302b	0	0	0	0	0	0	0	7	0	0	0	0	0	0
15a6211f30fc0a5a553897abd434b63b	0	0	0	0	0	0	0	7	0	0	0	0	0	0
abcae6c6bf5049c867c34daba4ab24ab	0	0	0	0	0	0	0	7	0	0	0	0	0	0
190959a376e60bd08685a82b3a04a8a4	0	0	0	0	0	0	0	7	0	0	0	0	0	0
a9090fddaa2bd775baff64d772bd1026	0	0	0	0	0	0	0	7	0	0	0	0	0	0
e9e43ca2cf500b1a4de7111603b7bcdf	0	0	0	0	0	0	0	7	0	0	0	0	0	0
3b54e473680bb299fe5f5235f8190e7f	0	0	0	0	0	0	0	7	0	0	0	0	0	0
cdacea39d87490a3e3cfbe08f47e21d4	0	0	0	0	0	0	0	7	0	0	0	0	0	0
29e36ec411da5a0cc1f10aebb266c63a	0	0	0	0	0	0	0	7	0	0	0	0	0	0
36d8851acabc2681999238d7b65f3b7d	0	0	0	0	0	0	0	7	0	0	0	0	0	0
4d008297a8f6d36372639a837082f2b2	0	0	0	0	0	0	0	7	0	0	0	0	0	0
0679b1e2d74723e86793eaabc68e5060	0	0	0	0	0	0	0	7	0	0	0	0	0	0
68fb39fbcd1213e963ea1910d76db6ee	0	0	0	0	0	0	0	7	0	0	0	0	0	0
dc0afad43a5ae301b12eccce14dd0dc5	0	0	0	0	0	0	0	7	0	0	0	0	0	0
2b38207b4f2c60da75b492b13e2b3c66	0	0	0	0	0	0	0	7	0	0	0	0	0	0
916b62a6656be4f15fba71f5f8d15b83	0	0	0	0	0	0	0	7	0	0	0	0	0	0
4640ddc3868c3c47b547c6a37ac4cd2d	0	0	0	0	0	0	0	7	0	0	0	0	0	0
5513d80db843e460a852e9644fe75488	0	0	0	0	0	0	0	7	0	0	0	0	0	0
9379f3ef0249de5a40dba11a02fb227e	0	0	0	0	0	0	0	7	0	0	0	0	0	0
2757121adbd683e7a200e0fcf42819cb	0	0	0	0	0	0	0	7	0	0	0	0	0	0
eaf000a74184f55ba72e9aebc940eabd	0	0	0	0	0	0	0	7	0	0	0	0	0	0
5669e24db0b79d4c83e6d70797ade251	0	0	0	0	0	0	0	7	0	0	0	0	0	0
a1a5b332b2aab124e37e2e482337efbc	0	0	0	0	0	0	0	7	0	0	0	0	0	0
7d66e202b5b80de783a461867b489c48	0	0	0	0	0	0	0	7	0	0	0	0	0	0
2d14e04743055ca490496ee69b7a3271	0	0	0	0	0	0	0	7	0	0	0	0	0	0
9fa51bddfab78cc7570c36797dc85259	0	0	0	0	0	0	0	7	0	0	0	0	0	0
4089827445b16cdb9f096f1d9bb7771b	0	0	0	0	0	0	0	7	0	0	0	0	0	0
56dd732c6274690c9b6ee6074b8cd481	0	0	0	0	0	0	0	7	0	0	0	0	0	0
7b0f2d4904c31ed85d4064cc16631f10	0	0	0	0	0	0	0	7	0	0	0	0	0	0
3cd40aec59ac8ca5451cba3bfa627d20	0	0	0	0	0	0	0	7	0	0	0	0	0	0
88cced75a4fae6ada7e0cd5ce8fe6029	0	0	0	0	0	0	0	7	0	0	0	0	0	0
d95077f33503c9d9fb7d42715390f904	0	0	0	0	0	0	0	7	0	0	0	0	0	0
44d46990f69db676354c311fc94003c2	0	0	0	0	0	0	0	7	0	0	0	0	0	0
d0d48af5410d700d3fd6d498b38c76f2	0	0	0	0	0	0	0	7	0	0	0	0	0	0
952379e7bb4f9661a428dd0ac368278a	0	0	0	0	0	0	0	7	0	0	0	0	0	0
d08afb8eea6851051b6fba436c10b2b2	0	0	0	0	0	0	0	7	0	0	0	0	0	0
afe6d20b81bfcf0adde40660386fc635	0	0	0	0	0	0	0	7	0	0	0	0	0	0
36a6c41551f7de97de6964be9aafa196	0	0	0	0	0	0	0	7	0	0	0	0	0	0
f297fb24406ec07f542252ccb93a5565	0	0	0	0	0	0	0	7	0	0	0	0	0	0
823ead3bb1e5f2a35b2ec438ffdfee9d	0	0	0	0	0	0	0	7	0	0	0	0	0	0
948938a0387015cd76da0310e188bd2c	0	0	0	0	0	0	0	7	0	0	0	0	0	0
0e68fc927e6421fc2ba0bd5ccafe17d8	0	0	0	0	0	0	0	7	0	0	0	0	0	0
05e058aafa0a988f1891e1fedb24c43f	0	0	0	0	0	0	0	7	0	0	0	0	0	0
2fb12dfe3b06d75fbc0c8494827cc6ce	0	0	0	0	0	0	0	7	0	0	0	0	0	0
5bf9d13db8c1420f5f244a424b0a40f7	0	0	0	0	0	0	0	7	0	0	0	0	0	0
4f966fff34f0a1e14dce02e2a7ef3d55	0	0	0	0	0	0	0	7	0	0	0	0	0	0
1f8ffaa1239b57ba39880194e22c3bb4	0	0	0	0	0	0	0	7	0	0	0	0	0	0
4132ebf151e50e0638e8e71537f4b76b	0	0	0	0	0	0	0	7	0	0	0	0	0	0
dd7d6d6b92aa3ef5ac77aa5a7452a497	0	0	0	0	0	0	0	7	0	0	0	0	0	0
db106708fa004fd7d5dc0f80ce3c8f6e	0	0	0	0	0	0	0	7	0	0	0	0	0	0
fe9590bca3b6d2bdd22bf00e089fa98b	0	0	0	0	0	0	0	7	0	0	0	0	0	0
f8513d07dea931e49da3b99aed1247d0	0	0	0	0	0	0	0	7	0	0	0	0	0	0
1c5646ff5ed1fed08deeb2a3acc905ce	0	0	0	0	0	0	0	7	0	0	0	0	0	0
a3b09a267b08aa0ab0209f6fe8a3cde9	0	0	0	0	0	0	0	7	0	0	0	0	0	0
bd75448fd9def916f33d8a69523eaff8	0	0	0	0	0	0	0	7	0	0	0	0	0	0
24bb46a7a166ebdb9ff84e827bcce7dc	0	0	0	0	0	0	0	7	0	0	0	0	0	0
729d808f183c1af65809e8159b0d2fdf	0	0	0	0	0	0	0	7	0	0	0	0	0	0
d53c0cff3ed79c6b85d29cd07d71c17d	0	0	0	0	0	0	0	7	0	0	0	0	0	0
8841bff1e300806216652f6298408a3c	0	0	0	0	0	0	0	7	0	0	0	0	0	0
290a87e4d51018cdd5a86b7432d6c6d6	0	0	0	0	0	0	0	7	0	0	0	0	0	0
6b6d50ed41f9956c714c4d6168165b2a	0	0	0	0	0	0	0	7	0	0	0	0	0	0
93b46178a4e8eb351ed645d9632ac9ee	0	0	0	0	0	0	0	7	0	0	0	0	0	0
f656c750fb3d956084f16db5f01205ff	0	0	0	0	0	0	0	7	0	0	0	0	0	0
f4b664483a51f0247cef2f505fcbecb8	0	0	0	0	0	0	0	7	0	0	0	0	0	0
df70c4bfc7f37241408d00784a4af30c	0	0	0	0	0	0	0	7	0	0	0	0	0	0
8250aa9bc05f89ccb9a6071198bd2de9	0	0	0	0	0	0	0	7	0	0	0	0	0	0
a1b8c54d564c96bc9daacf832e7da75e	0	0	0	0	0	0	0	7	0	0	0	0	0	0
3bd38c87c2d5882e97543bc61d69c001	0	0	0	0	0	0	0	7	0	0	0	0	0	0
2e0a4e8d1650bc0398b07a31172125ae	0	0	0	0	0	0	0	7	0	0	0	0	0	0
839ba1c9d02d0c794b1084c1bffd2381	0	0	0	0	0	0	0	7	0	0	0	0	0	0
42625d415bbc5cf5a484767105c20ce9	0	0	0	0	0	0	0	7	0	0	0	0	0	0
32648a2aaac2b6db3e72154ba349acea	0	0	0	0	0	0	0	7	0	0	0	0	0	0
39c78aea41d73ca2d7f1f860e0b2b3ee	0	0	0	0	0	0	0	7	0	0	0	0	0	0
e53d5ae1ca809a575bb78c704b15d9c6	0	0	0	0	0	0	0	7	0	0	0	0	0	0
cc606f5da741ac4685fbe0da185b7994	0	0	0	0	0	0	0	7	0	0	0	0	0	0
5d5ea7f77c9e302293fce1b562cd66b3	0	0	0	0	0	0	0	7	0	0	0	0	0	0
212e0e8fab9087a11e26b8e99f72c20b	0	0	0	0	0	0	0	7	0	0	0	0	0	0
706fea68e14417ed4e890ba263af2e0c	0	0	0	0	0	0	0	7	0	0	0	0	0	0
2c171353a063c8f0d6e0cde3db6ed8a6	0	0	0	0	0	0	0	7	0	0	0	0	0	0
6e2da92d272c0862442024aa3d88519d	0	0	0	0	0	0	0	7	0	0	0	0	0	0
fa556efe23c5f3e0dbbf589a660642cd	0	0	0	0	0	0	0	7	0	0	0	0	0	0
7ae7422c7014fa02f5d2f5b193861adb	0	0	0	0	0	0	0	7	0	0	0	0	0	0
7c290944ffca256073438391f5c6cccc	0	0	0	0	0	0	0	7	0	0	0	0	0	0
e100f37f2993ab6f73915b86f3084f5f	0	0	0	0	0	0	0	7	0	0	0	0	0	0
e106678c29ea6353cb1a5685adb0a56d	0	0	0	0	0	0	0	7	0	0	0	0	0	0
807305c68c44818eb19e882ab5e64433	0	0	0	0	0	0	0	7	0	0	0	0	0	0
2dc92eb4c7b6c60b89837417c98740e2	0	0	0	0	0	0	0	7	0	0	0	0	0	0
abc008f3f7c3a459c8054cf3653ba145	0	0	0	0	0	0	0	7	0	0	0	0	0	0
a8d846f085b6a3cdc7fd64e6e0a47e3e	0	0	0	0	0	0	0	7	0	0	0	0	0	0
944e434cae257df0aead497dd196893d	0	0	0	0	0	0	0	7	0	0	0	0	0	0
fd688bc67d68732410ba2092e5fe9912	0	0	0	0	0	0	0	7	0	0	0	0	0	0
5351aa1b3449f1156ea714a7f0b0b3a6	0	0	0	0	0	0	0	7	0	0	0	0	0	0
3ea9ca60a1d41929c34825f1b7d2d657	0	0	0	0	0	0	0	7	0	0	0	0	0	0
2a7c5043a7ab2a3c124a6b35e12c751c	0	0	0	0	0	0	0	0	0	0	7	0	0	0
d1a96ec1188719a42707180c4b36d5ca	0	0	0	0	0	0	0	0	0	0	0	7	0	0
128e19845e828039350e30ad93bfcb2e	0	0	0	0	0	0	0	0	0	0	0	0	0	7
0f92ac3fe05cfe9075d19e14f2afe6d9	0	0	0	0	0	0	0	0	0	0	0	0	0	7
effa1ca64f8103b8afd3e7b6c143917c	0	0	0	0	0	0	0	0	0	0	0	0	0	7
4a74e1de5f2e20ab13b50fb310de46cc	0	0	0	0	0	0	0	0	0	0	0	0	0	7
a3039f2d15c9fe7125499e08feb143c3	0	0	0	0	0	0	0	0	0	0	0	0	0	7
f36421133e8b30871a684096bfcf4d57	0	0	0	0	0	0	0	0	0	0	0	0	0	7
cae25189fdd5fb9f6a647ec6c59a4827	0	0	0	0	0	0	0	0	0	0	0	0	0	7
eb36b1353bf432a9264f9ff4330ba467	0	0	0	0	0	0	0	0	0	0	0	0	0	7
805b1cd60fc0dd18830b933627e45baf	0	0	0	0	0	0	0	0	0	0	0	0	0	7
436ffc599f4e83ad694a5adb18a900d5	0	0	0	0	0	0	0	0	0	0	0	0	0	7
8cfb107ddae1ed69aaeadd7100d9a42d	0	0	0	0	0	0	0	0	0	0	0	0	0	7
7f0e89d203a45651dec6cd74eab3811c	0	0	0	0	0	0	0	0	0	0	0	0	0	7
8a338e066ca4bb6050cb9b9b3bb25a56	0	0	0	0	0	0	0	0	0	0	0	0	0	7
d407947d60a13a54d22e6a38dc7cbf55	0	0	0	0	0	0	0	0	0	0	0	0	0	7
2dcd8b067aba40bc22e4f2a42c58d8cc	0	0	0	0	0	0	0	0	0	0	0	0	0	7
2563b227182d12ec0e13d6407132d16b	0	6	0	0	0	0	0	0	0	0	0	0	0	0
2c7f97e0b954c2b9e6c32e66706970d5	0	6	0	0	0	0	0	0	0	0	0	0	0	0
6da8ee2e277ce2184a4ebd17f5170e5f	0	6	0	0	0	0	0	0	0	0	0	0	0	0
f70036404211386f4b233ae0227b4b06	0	6	0	0	0	0	0	0	0	0	0	0	0	0
1b9f72d89fb133cd6c3509ff90686447	0	6	0	0	0	0	0	0	0	0	0	0	0	0
8ef7a54830a50f7bdf11e2b1b48e5e97	0	6	0	0	0	0	0	0	0	0	0	0	0	0
8a441579ee79d294d35fa2e6e92f2f57	0	6	0	0	0	0	0	0	0	0	0	0	0	0
5951e06dd4f765836ed016d87340f7da	0	6	0	0	0	0	0	0	0	0	0	0	0	0
af86ba6d39e78791a4fee0a88f05bbba	0	6	0	0	0	0	0	0	0	0	0	0	0	0
114c37040781887f549acdd9a2e76852	0	6	0	0	0	0	0	0	0	0	0	0	0	0
d4fcb33ccd93225cffd68e9f00ab878a	0	6	0	0	0	0	0	0	0	0	0	0	0	0
94953641813ce626f137fec9d312a547	0	6	0	0	0	0	0	0	0	0	0	0	0	0
e2fac463b075012588c3201030014901	0	6	0	0	0	0	0	0	0	0	0	0	0	0
528b740d8e194be8a4d827a27bb6506a	0	6	0	0	0	0	0	0	0	0	0	0	0	0
b9961cd81758702cfd56a80bea016856	0	6	0	0	0	0	0	0	0	0	0	0	0	0
9134d3ccc597f5319e705c96635e795e	0	6	0	0	0	0	0	0	0	0	0	0	0	0
9e16ea97b3884039d2088f0c6e8502aa	0	6	0	0	0	0	0	0	0	0	0	0	0	0
aa16609f4b96a3f5ee94ab384ede4276	0	6	0	0	0	0	0	0	0	0	0	0	0	0
d1340edad97a1cc4d6e40e7c6c678730	0	6	0	0	0	0	0	0	0	0	0	0	0	0
45eaee249bcadaecac743a4e2833f8dd	0	6	0	0	0	0	0	0	0	0	0	0	0	0
3fb6bba69e9c6bd2fad49ced91a6afb9	0	6	0	0	0	0	0	0	0	0	0	0	0	0
f315c347d7fedc7617356323b12de91f	0	6	0	0	0	0	0	0	0	0	0	0	0	0
f79bdab08baca9a6970fc2c94e16fce5	0	6	0	0	0	0	0	0	0	0	0	0	0	0
79c706ef07915ad17d8b3bb884cc9979	0	6	0	0	0	0	0	0	0	0	0	0	0	0
00c1ea0ef9d1f9c5ffe5afeb317628f4	0	6	0	0	0	0	0	0	0	0	0	0	0	0
45c14df64d4b7d6dbbc8ce16857b98d7	0	6	0	0	0	0	0	0	0	0	0	0	0	0
fa5331ce836f409001c54dc129c727dc	0	6	0	0	0	0	0	0	0	0	0	0	0	0
bd5e88398f4fe60c05de4d740099656c	0	6	0	0	0	0	0	0	0	0	0	0	0	0
4c095d48203f07afbfdc018f644fe50e	0	6	0	0	0	0	0	0	0	0	0	0	0	0
803c05ec93cf0ca01c1b9881e4aed25e	0	6	0	0	0	0	0	0	0	0	0	0	0	0
f2995b63b178619af2c4dcf7b49f0df0	0	6	0	0	0	0	0	0	0	0	0	0	0	0
291a3a7ab86a48d20e9d4aa69371679a	0	6	0	0	0	0	0	0	0	0	0	0	0	0
23e47dad3afb4b554c73f72910bed5e7	0	6	0	0	0	0	0	0	0	0	0	0	0	0
4cf2b9b51e26a5b82532c3b55db46c87	0	6	0	0	0	0	0	0	0	0	0	0	0	0
8b7ae26973ec7d7829f9895b3c83cbe0	0	6	0	0	0	0	0	0	0	0	0	0	0	0
5ee8d2bce7133266cedca033137a73d6	0	6	0	0	0	0	0	0	0	0	0	0	0	0
0acde58eea6a5dceb4b63435c63f587a	0	6	0	0	0	0	0	0	0	0	0	0	0	0
8b3553ef6eb680bdff90e36dc9cb132f	0	6	0	0	0	0	0	0	0	0	0	0	0	0
14e45cbfa15ce65d954e85b42e71b114	0	6	0	0	0	0	0	0	0	0	0	0	0	0
c546a9a3a06ce213908d8dd13593c294	0	6	0	0	0	0	0	0	0	0	0	0	0	0
f901a41f08f5916a47a9e3fcc84d291b	0	6	0	0	0	0	0	0	0	0	0	0	0	0
98d2a83a287bc7a13ee8270090f4446a	0	6	0	0	0	0	0	0	0	0	0	0	0	0
7344691c22fa59a743fdcfb80f6f7779	0	6	0	0	0	0	0	0	0	0	0	0	0	0
51f65f138c3418caa8f091e73dcb4ad7	0	6	0	0	0	0	0	0	0	0	0	0	0	0
0cf58a9dc1f8ef32a0184c07b8d9eef6	0	6	0	0	0	0	0	0	0	0	0	0	0	0
c7d65855abb4223511f5e19737e07dd4	0	6	0	0	0	0	0	0	0	0	0	0	0	0
53f6680b0e8a02a7e80c736f474e0441	0	6	0	0	0	0	0	0	0	0	0	0	0	0
e8cca41ed08566e6a9b4095e0ff2cc8a	0	6	0	0	0	0	0	0	0	0	0	0	0	0
447a44504e59a83a31fd58b4c24b0ab2	0	6	0	0	0	0	0	0	0	0	0	0	0	0
3e0107184a56c26e74e0a56ff1c57da1	0	6	0	0	0	0	0	0	0	0	0	0	0	0
553964866e697a1591f75b74871b3dc9	0	6	0	0	0	0	0	0	0	0	0	0	0	0
72c4a6949177669cd92acd6374e94f09	0	6	0	0	0	0	0	0	0	0	0	0	0	0
23db6ca3777cd12ab12df1dba0d7e9dd	0	6	0	0	0	0	0	0	0	0	0	0	0	0
5197f8e5e6a1638cdcc933183aab5b9e	0	6	0	0	0	0	0	0	0	0	0	0	0	0
11214f5a49768dcdb28d07e393a53e37	0	6	0	0	0	0	0	0	0	0	0	0	0	0
e28b58211c199ca4d7b2cccfa186af43	0	6	0	0	0	0	0	0	0	0	0	0	0	0
54e126f1250e9411447daab4f24777f1	0	6	0	0	0	0	0	0	0	0	0	0	0	0
2b9db3fb4ad6190b0e368260a6426b6b	0	6	0	0	0	0	0	0	0	0	0	0	0	0
8cf39ecfa7bb8bf0cc93f7022ac15e45	0	6	0	0	0	0	0	0	0	0	0	0	0	0
609e106a01917dc5e4846de51292b2d7	0	6	0	0	0	0	0	0	0	0	0	0	0	0
6154398ecfd9602571b83c4e250bcc11	0	0	6	0	0	0	0	0	0	0	0	0	0	0
4a3db0167c4c7eac35af3a1154ef8371	0	0	6	0	0	0	0	0	0	0	0	0	0	0
8446dc76893c3c7cbf860284fa478f8a	0	0	6	0	0	0	0	0	0	0	0	0	0	0
6a88bbaaa7b62f5d570d38a35bb9cfd9	0	0	6	0	0	0	0	0	0	0	0	0	0	0
439a8af4aedc6fed4a00121416f75269	0	0	6	0	0	0	0	0	0	0	0	0	0	0
14934e458ab94d3c19f9c8e958179f04	0	0	6	0	0	0	0	0	0	0	0	0	0	0
6df8a79a78306707a39a08d04236b78f	0	0	6	0	0	0	0	0	0	0	0	0	0	0
7ad4ada6e13271f233bba65bdbf2666a	0	0	6	0	0	0	0	0	0	0	0	0	0	0
2207349182a8ea13488862db493ad420	0	0	6	0	0	0	0	0	0	0	0	0	0	0
3b7271796630ccb3e5627a1c30fa21dd	0	0	6	0	0	0	0	0	0	0	0	0	0	0
ee1a7ad8627e4308eeed7d25566e0fff	0	0	6	0	0	0	0	0	0	0	0	0	0	0
c3413ddc30f6ed56899fa7bc77eeb89f	0	0	6	0	0	0	0	0	0	0	0	0	0	0
e6125ccb16aa14969cc9ac1dc1dcce3f	0	0	6	0	0	0	0	0	0	0	0	0	0	0
887f95d6a685df263ae9be37994cff3c	0	0	6	0	0	0	0	0	0	0	0	0	0	0
2f213df813e905ee959af336fa9ffb10	0	0	6	0	0	0	0	0	0	0	0	0	0	0
c1bf8ebd6660c445fbb59119164f1879	0	0	6	0	0	0	0	0	0	0	0	0	0	0
e63ced4e973718e4e095ef64dce34490	0	0	6	0	0	0	0	0	0	0	0	0	0	0
e7478eb47e8367d33d4c5a511e7904a4	0	0	6	0	0	0	0	0	0	0	0	0	0	0
a64726ceeef2dfa20d456cf1b29bb9cd	0	0	6	0	0	0	0	0	0	0	0	0	0	0
6a43fada95d23abfc7ab72187e8176a9	0	0	6	0	0	0	0	0	0	0	0	0	0	0
7e0f39f449b5b3b8396d2e5f038ae570	0	0	6	0	0	0	0	0	0	0	0	0	0	0
43db225d8be4dcef80da86a27ba733dd	0	0	6	0	0	0	0	0	0	0	0	0	0	0
37d2a40170b545dc5068bc5e5ecbeef2	0	0	6	0	0	0	0	0	0	0	0	0	0	0
0b9e805bb551cc6e74618ba2eb4b0c6e	0	0	6	0	0	0	0	0	0	0	0	0	0	0
3bde35cf2ab7b3d9810e5e0884116083	0	0	6	0	0	0	0	0	0	0	0	0	0	0
6214570a2ac22b3ec9533abc0a5822d3	0	0	6	0	0	0	0	0	0	0	0	0	0	0
a0df49cb336ae6836d1db10933843159	0	0	6	0	0	0	0	0	0	0	0	0	0	0
3bf5c7aea10fe8510f327984e01738f1	0	0	6	0	0	0	0	0	0	0	0	0	0	0
aea3578c2e75d3b578d92c2173e8923a	0	0	6	0	0	0	0	0	0	0	0	0	0	0
f7fde6d9a0e2ea1062428b766935f606	0	0	6	0	0	0	0	0	0	0	0	0	0	0
975ebdbba705f7ce6e2a4224718dcfef	0	0	6	0	0	0	0	0	0	0	0	0	0	0
69531ffd576e7f7d5cb7d85781274c98	0	0	6	0	0	0	0	0	0	0	0	0	0	0
740be16b64be9351e2f8b11a8a78b56e	0	0	6	0	0	0	0	0	0	0	0	0	0	0
e98796d9ffe0d975b17dcab655a14a61	0	0	6	0	0	0	0	0	0	0	0	0	0	0
4d35c94d5f74726aa16ee45ccdd6bc16	0	0	6	0	0	0	0	0	0	0	0	0	0	0
768abf62d87c3c362c04b54f61eeb608	0	0	6	0	0	0	0	0	0	0	0	0	0	0
5bcae8d2b9e5de7253de7f5b35050c23	0	0	6	0	0	0	0	0	0	0	0	0	0	0
3a4d6637bdfa6d509d44f2495e5be9a7	0	0	6	0	0	0	0	0	0	0	0	0	0	0
e1bd475ceb7de8f33827890fae1f628f	0	0	6	0	0	0	0	0	0	0	0	0	0	0
7ef35620f6ccb3ebd6c11dd6843a5dd7	0	0	6	0	0	0	0	0	0	0	0	0	0	0
e72e9570b9abae27b6bdd9aced17b414	0	0	6	0	0	0	0	0	0	0	0	0	0	0
4b66c7203f335d9cae1aad4425d729d8	0	0	6	0	0	0	0	0	0	0	0	0	0	0
07441ec79722db4885de0850eefa8c7f	0	0	6	0	0	0	0	0	0	0	0	0	0	0
b302d956b5df17a9265ec6552f59bd55	0	0	6	0	0	0	0	0	0	0	0	0	0	0
80d1d3d4b38fb1084cc33db03ad9f6e7	0	0	6	0	0	0	0	0	0	0	0	0	0	0
b7e84c2fc45481f31d06804dc142c113	0	0	6	0	0	0	0	0	0	0	0	0	0	0
d482e7a4d0be85e68d8d5681cb6ed868	0	0	6	0	0	0	0	0	0	0	0	0	0	0
23af3371709860b178a5a83ef9e74a8e	0	0	6	0	0	0	0	0	0	0	0	0	0	0
768fb89fa87926b35b969cce00bc919b	0	0	6	0	0	0	0	0	0	0	0	0	0	0
2a3be4264d14d566923f87da662d5a62	0	0	6	0	0	0	0	0	0	0	0	0	0	0
cc97a6184f34b6373a759ee835374860	0	0	6	0	0	0	0	0	0	0	0	0	0	0
aadbbfadeef700932a9b98b6023617cc	0	0	6	0	0	0	0	0	0	0	0	0	0	0
4c2849b2849e078b563db40e26081690	0	0	6	0	0	0	0	0	0	0	0	0	0	0
ddb0ca1327222810dcd63edff5a9e1fd	0	0	6	0	0	0	0	0	0	0	0	0	0	0
a2f026de01d2e24ece2418a7b6148f32	0	0	6	0	0	0	0	0	0	0	0	0	0	0
e42d543c83d4b83eb8fb7a1b9ad6e53c	0	0	6	0	0	0	0	0	0	0	0	0	0	0
a0c3be0e6ef237e5cc8f050e3c2f90d6	0	0	6	0	0	0	0	0	0	0	0	0	0	0
06fdf54c4901b928c888d7b138e81e09	0	0	6	0	0	0	0	0	0	0	0	0	0	0
55c2b7532897d1de990a56746516bbde	0	0	6	0	0	0	0	0	0	0	0	0	0	0
0cae9b874b30a84063aa9f178e5a8b9e	0	0	6	0	0	0	0	0	0	0	0	0	0	0
a2957c3d5c47c1d252d9bbdff7715c36	0	0	6	0	0	0	0	0	0	0	0	0	0	0
f85f3f83ed2bbd767820a92aa1f4324c	0	0	6	0	0	0	0	0	0	0	0	0	0	0
754af3e552a285a091da609f1d410bd1	0	0	6	0	0	0	0	0	0	0	0	0	0	0
928558608fe4a4a9cc4dea7974e06dd6	0	0	5	0	0	0	1	0	0	0	0	0	0	0
5e19086e933a756294393755f5d35136	0	0	4	0	0	0	2	0	0	0	0	0	0	0
ba76baa28f1c5610c161a6bb278689d6	0	0	2	0	0	1	3	0	0	0	0	0	0	0
4f9eec2a099788b4f0c61b3d56d5b1c2	0	0	0	6	0	0	0	0	0	0	0	0	0	0
5eb3395a4db53f9849cef5d1ba04b5e1	0	0	0	6	0	0	0	0	0	0	0	0	0	0
466d3296065c948c441ba8c446245473	0	0	0	6	0	0	0	0	0	0	0	0	0	0
03b3eaa3a7c50dde65904682ec025d85	0	0	0	0	0	6	0	0	0	0	0	0	0	0
aab2a90cf0ccb474b5269b038a6805c7	0	0	0	0	0	6	0	0	0	0	0	0	0	0
9947802bf06428e17b5328e78e89d4d8	0	0	0	0	0	6	0	0	0	0	0	0	0	0
47707ac972cd6e0944fd1227e89ac92b	0	0	0	0	0	6	0	0	0	0	0	0	0	0
aeae7e6b2df4bbf1a8a0b64b21bcb488	0	0	0	0	0	6	0	0	0	0	0	0	0	0
aeb9be7c605d57a7e98e5e4114b3239e	0	0	0	0	0	6	0	0	0	0	0	0	0	0
464cb2c78a03bf7f0a2828ac43d8bd05	0	0	0	0	0	6	0	0	0	0	0	0	0	0
c75d2d596c596a98cfc4de4e9d2b8709	0	0	0	0	0	6	0	0	0	0	0	0	0	0
3e7567b229ef6769139df4fb599a84a4	0	0	0	0	0	6	0	0	0	0	0	0	0	0
02227e44ab2729c7dad34d54c8329199	0	0	0	0	0	6	0	0	0	0	0	0	0	0
96841a436d1bb3fcf6bccdb7d637282b	0	0	0	0	0	6	0	0	0	0	0	0	0	0
f9ab048bc82cf7a16a1643b45df516e5	0	0	0	0	0	6	0	0	0	0	0	0	0	0
3ad75aab5d04818266f44ac2436ab474	0	0	0	0	0	6	0	0	0	0	0	0	0	0
90eb66178f4895e13ca5077418d627f8	0	0	0	0	0	6	0	0	0	0	0	0	0	0
2c4b0796436cd6bf697caa2934ea2e81	0	0	0	0	0	6	0	0	0	0	0	0	0	0
0f36f642ab543535b90f21c927b96c96	0	0	0	0	0	6	0	0	0	0	0	0	0	0
6836945ebe3eb303e181054bdf0d0a0f	0	0	0	0	0	6	0	0	0	0	0	0	0	0
d48cf3e8d08255fcc6d9a707bd81cdba	0	0	0	0	0	6	0	0	0	0	0	0	0	0
9cc0003bfc20763d55dbf84ac447f5e5	0	0	0	0	0	6	0	0	0	0	0	0	0	0
5d6b820dd03ae9dadecf15158ddd5b79	0	0	0	0	0	6	0	0	0	0	0	0	0	0
91a5de12dee197de0784ad03797342c1	0	0	0	0	0	6	0	0	0	0	0	0	0	0
75ab70bfaf017ba9555915727b22c570	0	0	0	0	0	6	0	0	0	0	0	0	0	0
81e38f5e2be798f865ec24389a21adcc	0	0	0	0	0	6	0	0	0	0	0	0	0	0
81b9b06c8eb602d4b798a4b0d2dc43f4	0	0	0	0	0	6	0	0	0	0	0	0	0	0
32f6ee7f111b4d50f7ddd814af3bbe3c	0	0	0	0	0	6	0	0	0	0	0	0	0	0
e7a5958ebf856408a957110fdc4efb3f	0	0	0	0	0	6	0	0	0	0	0	0	0	0
40f867c5b067398845791c950b7beae4	0	0	0	0	0	6	0	0	0	0	0	0	0	0
7260d6c85a3806a18355ef68168840ff	0	0	0	0	0	6	0	0	0	0	0	0	0	0
25dac70f4eb66259832a4e1ddc38342b	0	0	0	0	0	6	0	0	0	0	0	0	0	0
be01965262a99a5860560ffc12773d82	0	0	0	0	0	6	0	0	0	0	0	0	0	0
a956c70af901c60b9b89fc05f19f84bd	0	0	0	0	0	6	0	0	0	0	0	0	0	0
9dc352636d6d16b796b3469abb7be2f3	0	0	0	0	0	6	0	0	0	0	0	0	0	0
ff9a9c1e49040b6e6f0bdd00b8da7f91	0	0	0	0	0	6	0	0	0	0	0	0	0	0
d88e237ababd7e36867028ec3aa0ffe6	0	0	0	0	0	6	0	0	0	0	0	0	0	0
4074671b2c38dbeef368b3284a4fa7da	0	0	0	0	0	6	0	0	0	0	0	0	0	0
045c703c2a169882fdb767e544ba2edf	0	0	0	0	0	6	0	0	0	0	0	0	0	0
fa463a6a326c959e2bb6ae55308a2690	0	0	0	0	0	6	0	0	0	0	0	0	0	0
0dccec51cf7fa5de14b90605f0c15033	0	0	0	0	0	6	0	0	0	0	0	0	0	0
8619e1c037ddc0e6ca004a98c2f1f50a	0	0	0	0	0	6	0	0	0	0	0	0	0	0
0698a96ae75a2d2e6fc4082fa6f6e2db	0	0	0	0	0	6	0	0	0	0	0	0	0	0
0b6d5c502d7c370b472a0497c517cef3	0	0	0	0	0	6	0	0	0	0	0	0	0	0
53bb0123447844325e55318d8759370e	0	0	0	0	0	6	0	0	0	0	0	0	0	0
af1950f2921d8a8728c4ddb18f15b64e	0	0	0	0	0	6	0	0	0	0	0	0	0	0
1bdb708f4ead3046924421cc7611d67a	0	0	0	0	0	6	0	0	0	0	0	0	0	0
d9f52e10a0a1210ef4523f30405e93c9	0	0	0	0	0	6	0	0	0	0	0	0	0	0
f064591b23e3b2a7d07deefaf27652de	0	0	0	0	0	6	0	0	0	0	0	0	0	0
b9eade451ebbb339088fb895a3a34d5c	0	0	0	0	0	2	4	0	0	0	0	0	0	0
6ecb62cb40a089bccf9ed99490c8e2ca	0	0	0	0	0	0	6	0	0	0	0	0	0	0
edcb55cac4de1ebc4e54498de6021e5d	0	0	0	0	0	0	6	0	0	0	0	0	0	0
2f0998d703cffe1ce2146928e8fff397	0	0	0	0	0	0	6	0	0	0	0	0	0	0
65da1bcc9e770ddc63a862b733342639	0	0	0	0	0	0	6	0	0	0	0	0	0	0
7b71cf3d8fad34a666e9abacaa568b68	0	0	0	0	0	0	6	0	0	0	0	0	0	0
6f19ac596b17af6cfbb1d9de34b6f221	0	0	0	0	0	0	6	0	0	0	0	0	0	0
f7ca04ae8fe45454809eb0e20d92940b	0	0	0	0	0	0	6	0	0	0	0	0	0	0
bec78dfb96fb754e0bbed91210811185	0	0	0	0	0	0	6	0	0	0	0	0	0	0
c30125e93446bd2826ef1922fdf83154	0	0	0	0	0	0	6	0	0	0	0	0	0	0
6fda5762ca9176835140d4f7d09c99af	0	0	0	0	0	0	6	0	0	0	0	0	0	0
9d7a231ffbb8ffd52a495a48e01036ff	0	0	0	0	0	0	6	0	0	0	0	0	0	0
e4c1d4629f78d2c2548d28e32c49ea94	0	0	0	0	0	0	6	0	0	0	0	0	0	0
0c145327b2af0464d652477b17477de7	0	0	0	0	0	0	6	0	0	0	0	0	0	0
4d187f075ca51752a80c346a859a2671	0	0	0	0	0	0	6	0	0	0	0	0	0	0
14ff0741104106ae9adf96ad1849253f	0	0	0	0	0	0	6	0	0	0	0	0	0	0
eb728dbe81694dc600622199503fe168	0	0	0	0	0	0	6	0	0	0	0	0	0	0
5e4adc479e04bd01f9fabd69e1fd2ea2	0	0	0	0	0	0	6	0	0	0	0	0	0	0
f8bf9feb31326bc8150000aa8a54e236	0	0	0	0	0	0	6	0	0	0	0	0	0	0
c9279368f9dff3f8271a9a962d185c8b	0	0	0	0	0	0	6	0	0	0	0	0	0	0
85225dc68062d23f3cb2486d45719926	0	0	0	0	0	0	6	0	0	0	0	0	0	0
03a9735e2ac73e8d0ae22c3b7e28e8eb	0	0	0	0	0	0	6	0	0	0	0	0	0	0
7cda7ada1d14b8fac4ee51dd2bf3a20c	0	0	0	0	0	0	6	0	0	0	0	0	0	0
7891862c7ce57ea7af475e0bba4028e4	0	0	0	0	0	0	6	0	0	0	0	0	0	0
72ecdd442566811f0ac17290a8daf9d9	0	0	0	0	0	0	6	0	0	0	0	0	0	0
c1eb932941441324698db6483ebd10bd	0	0	0	0	0	0	6	0	0	0	0	0	0	0
0abd3716eaf362885f9ce5beb579ba36	0	0	0	0	0	0	6	0	0	0	0	0	0	0
e1fdd5600298e03928a06ea1783fedfb	0	0	0	0	0	0	6	0	0	0	0	0	0	0
aa43a56db8b15e03eba1f9c6ff803044	0	0	0	0	0	0	6	0	0	0	0	0	0	0
dee7be1353b78be67c27ace809d8af1e	0	0	0	0	0	0	6	0	0	0	0	0	0	0
b22b9fd3d5bc5b7c78aa142be663897d	0	0	0	0	0	0	6	0	0	0	0	0	0	0
d3722e050bebc8bc4b20c4a74677bc6a	0	0	0	0	0	0	6	0	0	0	0	0	0	0
6be724b26f8f90bb73d32a5601bcbc39	0	0	0	0	0	0	6	0	0	0	0	0	0	0
7064c9891f4547600e77bceac43259a1	0	0	0	0	0	0	6	0	0	0	0	0	0	0
d4dfdf81b3bc81bf8554796f3b7b99df	0	0	0	0	0	0	6	0	0	0	0	0	0	0
54516a37d387e0c59593c58be1f9b448	0	0	0	0	0	0	6	0	0	0	0	0	0	0
16b7e5badeaee64bf5bd043132f36425	0	0	0	0	0	0	6	0	0	0	0	0	0	0
fd896822dc4157a3cbeb1391b3f1ffe5	0	0	0	0	0	0	6	0	0	0	0	0	0	0
2aa46921bccd519cc13481ed6e27a6af	0	0	0	0	0	0	6	0	0	0	0	0	0	0
62f4d953a4cc24a6cbd7f9c85aa63cb1	0	0	0	0	0	0	6	0	0	0	0	0	0	0
cf9157252572738c6363a3c3b06c3dea	0	0	0	0	0	0	6	0	0	0	0	0	0	0
31a927adac3acdb2aba620a0f0715ee1	0	0	0	0	0	0	6	0	0	0	0	0	0	0
c5dded6f4da9e6c7a8e6fff3e865055c	0	0	0	0	0	0	6	0	0	0	0	0	0	0
fc0ca7cf2339e4d88fdffb21edb2be3c	0	0	0	0	0	0	6	0	0	0	0	0	0	0
f0c7903d85a90219a52e92a8ad0bde56	0	0	0	0	0	0	6	0	0	0	0	0	0	0
1ee487251d7877a10c51133c058f672f	0	0	0	0	0	0	6	0	0	0	0	0	0	0
2c9845f1f8d0ff1e29f5a850e96f988f	0	0	0	0	0	0	6	0	0	0	0	0	0	0
fb21a79b571dd4712418d7e77b8e9183	0	0	0	0	0	0	6	0	0	0	0	0	0	0
52eb0b693daad183f5fae8da8a4e28a5	0	0	0	0	0	0	6	0	0	0	0	0	0	0
aa4ec231f4279f2c5fd328ef0bedf399	0	0	0	0	0	0	0	6	0	0	0	0	0	0
ba18252acd309588d7c9302f0278963f	0	0	0	0	0	0	0	6	0	0	0	0	0	0
84a5f164d19df4ec3e3cfc657306c4d1	0	0	0	0	0	0	0	6	0	0	0	0	0	0
24afd45bfd883dcf7272fd9ad2b90a92	0	0	0	0	0	0	0	6	0	0	0	0	0	0
a124e0551c79b90cbb45e6a60c57b3f8	0	0	0	0	0	0	0	6	0	0	0	0	0	0
1e7313fcb11a666f4221bcb972616c8f	0	0	0	0	0	0	0	6	0	0	0	0	0	0
bc12de412874451032e4ece168bff44c	0	0	0	0	0	0	0	6	0	0	0	0	0	0
7aa807179e12f424ef79cf4c77df7b5a	0	0	0	0	0	0	0	6	0	0	0	0	0	0
e2541f27b7c8a1c44ba46c0713a1333d	0	0	0	0	0	0	0	6	0	0	0	0	0	0
2259ef73e5bc2b5d8dbb51aa7d14485c	0	0	0	0	0	0	0	6	0	0	0	0	0	0
025c4bc39918878ff7ed3b8b89ae05eb	0	0	0	0	0	0	0	6	0	0	0	0	0	0
f0cfd392bc29645f190e87a38fc2e783	0	0	0	0	0	0	0	6	0	0	0	0	0	0
eac978cb37b6490224a09f1dfc04b237	0	0	0	0	0	0	0	6	0	0	0	0	0	0
31ad5bc2d1ef559cd21fe7e85b9e129e	0	0	0	0	0	0	0	6	0	0	0	0	0	0
35af4ac7352ad3a68a36d45863101f04	0	0	0	0	0	0	0	6	0	0	0	0	0	0
f1a55d847623646d1209af663f6badf2	0	0	0	0	0	0	0	6	0	0	0	0	0	0
b3ae3ce95a7f30fb0dfa95c6950b156a	0	0	0	0	0	0	0	6	0	0	0	0	0	0
b6d92a0ec14df2f88b5a358f9bcea870	0	0	0	0	0	0	0	6	0	0	0	0	0	0
4a601660fde37d4a07826b5e8e932428	0	0	0	0	0	0	0	6	0	0	0	0	0	0
e771bd32cd2a407aaffc266f4d2cd0f9	0	0	0	0	0	0	0	6	0	0	0	0	0	0
0b5e2693775bc1ac9c0d9761ae3a3e96	0	0	0	0	0	0	0	6	0	0	0	0	0	0
14518f23a12ff531fd25685e31015982	0	0	0	0	0	0	0	6	0	0	0	0	0	0
aceb481e5dfeb5f413f33a5d7f570018	0	0	0	0	0	0	0	6	0	0	0	0	0	0
88299833a874f485edb7a1a01c17fd01	0	0	0	0	0	0	0	6	0	0	0	0	0	0
e1ec0a24d6bc393f9c63b78f9554ab45	0	0	0	0	0	0	0	6	0	0	0	0	0	0
56a9c22ce7369b3bce081bc66b9792fb	0	0	0	0	0	0	0	6	0	0	0	0	0	0
56721ba58f05101b2823d4e9f7ba3e1c	0	0	0	0	0	0	0	6	0	0	0	0	0	0
10b79f6e5338476eecb7fca684b51896	0	0	0	0	0	0	0	6	0	0	0	0	0	0
063e649b2d01eb8575b6472122524116	0	0	0	0	0	0	0	6	0	0	0	0	0	0
f8aa97b75af4aa41d93a51fda733b5b9	0	0	0	0	0	0	0	6	0	0	0	0	0	0
335758551bacf961c810b2fca8ba32be	0	0	0	0	0	0	0	6	0	0	0	0	0	0
7442501f5699a6b49f3b87af73513503	0	0	0	0	0	0	0	6	0	0	0	0	0	0
84139f5554e8b729582b607b89a77f05	0	0	0	0	0	0	0	6	0	0	0	0	0	0
05a2cf0a502667f41a6d30d66bc4d9ec	0	0	0	0	0	0	0	6	0	0	0	0	0	0
9b5c848255a189915e7a318417c82c6e	0	0	0	0	0	0	0	6	0	0	0	0	0	0
fa3bcc65699cbe7f468db7e043f6aca9	0	0	0	0	0	0	0	6	0	0	0	0	0	0
b607a756d3529de0fbde1b5374e0fb1b	0	0	0	0	0	0	0	6	0	0	0	0	0	0
0da6dff59026c8a03258ec4909776bf7	0	0	0	0	0	0	0	6	0	0	0	0	0	0
5524d12e9a2921ef5b39209d8366c5fb	0	0	0	0	0	0	0	6	0	0	0	0	0	0
352f41082afbc7795fd6eba4fd0dd4d1	0	0	0	0	0	0	0	6	0	0	0	0	0	0
be9194d1046f506eb307c697a5c55cba	0	0	0	0	0	0	0	6	0	0	0	0	0	0
4184b6356786196da020d3fa799d26b0	0	0	0	0	0	0	0	6	0	0	0	0	0	0
5d62b1c027296ceee42a9cd7a0e0b666	0	0	0	0	0	0	0	6	0	0	0	0	0	0
97183d80ed636ab615bce19a37be1e3a	0	0	0	0	0	0	0	6	0	0	0	0	0	0
0fabb7ba0d289f434ef6f74e12b4904f	0	0	0	0	0	0	0	6	0	0	0	0	0	0
eba319b174c3250e7cbb7501b933a02c	0	0	0	0	0	0	0	6	0	0	0	0	0	0
a132a231d0e1a47e16d38f299ef120d0	0	0	0	0	0	0	0	6	0	0	0	0	0	0
096c90a03e3ef7db367f12c9447595af	0	0	0	0	0	0	0	6	0	0	0	0	0	0
68eadc1495d4eabafe7ad5b25f794351	0	0	0	0	0	0	0	6	0	0	0	0	0	0
47a2615887b55e26c2a02d7d2e57c1ad	0	0	0	0	0	0	0	6	0	0	0	0	0	0
1ee60220b812685229a028adae2716bd	0	0	0	0	0	0	0	6	0	0	0	0	0	0
361c6e49d322743258e6aa38d4ff7d4e	0	0	0	0	0	0	0	6	0	0	0	0	0	0
400eb9fbf36342b45db9b42b97f8e394	0	0	0	0	0	0	0	6	0	0	0	0	0	0
e14e2f5debd486338385839ba7297cfa	0	0	0	0	0	0	0	6	0	0	0	0	0	0
734feb1d8d61705ab75f88497ec1dc68	0	0	0	0	0	0	0	6	0	0	0	0	0	0
4c70f2bcea9eda47c6d59013937b5762	0	0	0	0	0	0	0	6	0	0	0	0	0	0
9e5f2bf74122aa5fa7dfd7e7c71efed9	0	0	0	0	0	0	0	6	0	0	0	0	0	0
1f7279b8a578dbb0a2043735fb87d7a1	0	0	0	0	0	0	0	6	0	0	0	0	0	0
087074ce276b0cf9cf7b8449c51c8e63	0	0	0	0	0	0	0	6	0	0	0	0	0	0
bbfa58a24d04edf410fadf40c0c56dbe	0	0	0	0	0	0	0	6	0	0	0	0	0	0
fe9334ceae3a3f69f3887296892ee25e	0	0	0	0	0	0	0	6	0	0	0	0	0	0
9975699b5f1b48d8f6bd6e03919d9110	0	0	0	0	0	0	0	6	0	0	0	0	0	0
3531558e7e7ea961b67306a1bc911693	0	0	0	0	0	0	0	6	0	0	0	0	0	0
d4f1fea43b7d91203df8c7264a6b6610	0	0	0	0	0	0	0	6	0	0	0	0	0	0
807eb06c90c914196ec401b113dcabe5	0	0	0	0	0	0	0	6	0	0	0	0	0	0
cff010aa1edc0fc61868ccf2036b32ed	0	0	0	0	0	0	0	6	0	0	0	0	0	0
1d23d88793cb676e3374985f377103cd	0	0	0	0	0	0	0	6	0	0	0	0	0	0
32c14d5e33182261a1114af075e2f0eb	0	0	0	0	0	0	0	6	0	0	0	0	0	0
aa9af86d319f8b867a502ec9cda5fdd1	0	0	0	0	0	0	0	6	0	0	0	0	0	0
e7a784289dfac088a5494d64e755dcaf	0	0	0	0	0	0	0	6	0	0	0	0	0	0
cbffc3a164cbe3bc555fec92cede7c40	0	0	0	0	0	0	0	6	0	0	0	0	0	0
cc9253663b778289228c6bd0eaa91006	0	0	0	0	0	0	0	6	0	0	0	0	0	0
4c3ee65c17de4141dda59e2f0d08f017	0	0	0	0	0	0	0	6	0	0	0	0	0	0
d60d381541a7130200d6ae25f332f0b0	0	0	0	0	0	0	0	6	0	0	0	0	0	0
8cc3699efe57908981d8be41c85e66fd	0	0	0	0	0	0	0	6	0	0	0	0	0	0
39cacbbaca997c8c2189e24f8fcf63da	0	0	0	0	0	0	0	6	0	0	0	0	0	0
c7ebc6337c4992961efcd291b4f56666	0	0	0	0	0	0	0	6	0	0	0	0	0	0
9a463684bdd93b90c703a96065297494	0	0	0	0	0	0	0	6	0	0	0	0	0	0
2a7393faa47e3596af1239c6a8097da0	0	0	0	0	0	0	0	6	0	0	0	0	0	0
881885e79f5e292f7ddaee15b88c19f3	0	0	0	0	0	0	0	6	0	0	0	0	0	0
09d8b51e38ad66b19b103a23162034a0	0	0	0	0	0	0	0	6	0	0	0	0	0	0
e1446cc872a8bda6508353f7b5601128	0	0	0	0	0	0	0	6	0	0	0	0	0	0
4abe6de123c0363c2be135dff94328d5	0	0	0	0	0	0	0	6	0	0	0	0	0	0
2e5be6bf858c5bae86f388a7244b1819	0	0	0	0	0	0	0	6	0	0	0	0	0	0
a6082a193481c26661dacf4444e7df71	0	0	0	0	0	0	0	6	0	0	0	0	0	0
675923394b470c8248d07b4cc89e597a	0	0	0	0	0	0	0	6	0	0	0	0	0	0
2c8625749f93ed339b01ecf19b589a47	0	0	0	0	0	0	0	6	0	0	0	0	0	0
9dda463b024cf73883da804378295352	0	0	0	0	0	0	0	6	0	0	0	0	0	0
525f1e658ef2474ffb4104a929a7814a	0	0	0	0	0	0	0	6	0	0	0	0	0	0
d1e6dbf04a62ef3f04f22a09200b2ee4	0	0	0	0	0	0	0	6	0	0	0	0	0	0
42daa6dbe19159c88fedada170eab1c5	0	0	0	0	0	0	0	6	0	0	0	0	0	0
1308ce0df339ee0b7296e4df24e3311e	0	0	0	0	0	0	0	6	0	0	0	0	0	0
bde7e44d1b3785179ba5f005b6c0511d	0	0	0	0	0	0	0	6	0	0	0	0	0	0
7de4b7c6532979b9d6ea6cd0a08de348	0	0	0	0	0	0	0	6	0	0	0	0	0	0
74e354e8f821cb5c2578a3ef75556c28	0	0	0	0	0	0	0	6	0	0	0	0	0	0
21689dac15abe52fa62f15c7db298063	0	0	0	0	0	0	0	6	0	0	0	0	0	0
eb1be69bcaf93c649589b9de81c68a88	0	0	0	0	0	0	0	6	0	0	0	0	0	0
f543919300ecc67d5ac2ed3959012a54	0	0	0	0	0	0	0	6	0	0	0	0	0	0
a56aa80ae53db76412fb9b26ccd40304	0	0	0	0	0	0	0	6	0	0	0	0	0	0
1b30904f0fb87d8be2f1a9042182b622	0	0	0	0	0	0	0	6	0	0	0	0	0	0
b56031803609e2abe32025ea5cc4a631	0	0	0	0	0	0	0	6	0	0	0	0	0	0
3a6923692ec76b748a840003d7f2193b	0	0	0	0	0	0	0	6	0	0	0	0	0	0
586f9302bddf1ed78119b037b31529ae	0	0	0	0	0	0	0	6	0	0	0	0	0	0
2cc1225e85e1f78be450729d794da2b4	0	0	0	0	0	0	0	6	0	0	0	0	0	0
603a5bc986063ddcb447d115022ac7ef	0	0	0	0	0	0	0	6	0	0	0	0	0	0
1c42b6d8831c6439d3fc4713a6ba685c	0	0	0	0	0	0	0	6	0	0	0	0	0	0
523584c075737164df8db636ab1bf8e4	0	0	0	0	0	0	0	6	0	0	0	0	0	0
0107a88f4d398fa4d12c046f5283b934	0	0	0	0	0	0	0	0	0	0	0	0	0	6
1c422153e629d60c54c6ff280a47b2fe	0	0	0	0	0	0	0	0	0	0	0	0	0	6
11881aca968d1d8dbe4f6bc8ba12f669	0	0	0	0	0	0	0	0	0	0	0	0	0	6
7c93566afb10df88a6384050e74f2e41	0	0	0	0	0	0	0	0	0	0	0	0	0	6
8fc11a4260c73293629cb1118ac2e4a2	0	0	0	0	0	0	0	0	0	0	0	0	0	6
b545adaa744803c4acb303c858d2572e	0	0	0	0	0	0	0	0	0	0	0	0	0	6
23da01846fdd0b64db8f45f7e24c4710	0	0	0	0	0	0	0	0	0	0	0	0	0	6
68055d1c8c2a56cb8dad1b8e8a225304	0	0	0	0	0	0	0	0	0	0	0	0	0	6
2e2647f553d04dd288784d0997a7c0e4	0	0	0	0	0	0	0	0	0	0	0	0	0	6
350122976072742e2022892148ee2689	0	0	0	0	0	0	0	0	0	0	0	0	0	6
333bf343f3aea99276950be85199930a	0	0	0	0	0	0	0	0	0	0	0	0	0	6
952785fce5aac12ceeb6205c7f540012	0	0	0	0	0	0	0	0	0	0	0	0	0	6
99164ae19683891d5ebbffd8f14a93b1	0	0	0	0	0	0	0	0	0	0	0	0	0	6
8b436b90008e61c9a9ebe7498d6345ca	0	0	0	0	0	0	0	0	0	0	0	0	0	6
532f33488c0b57f022c949990b37fd55	0	0	0	0	0	0	0	0	0	0	0	0	0	6
cda98335ffb7a03a6fa029e86c58f6ce	0	0	0	0	0	0	0	0	0	0	0	0	0	6
eab81f041c684cbfd521b5345d09263e	0	0	0	0	0	0	0	0	0	0	0	0	0	6
e550800cf5f757deb63de284ae26efd7	5	0	0	0	0	0	0	0	0	0	0	0	0	0
acc3580a574af39fb568d31fd7d2a861	0	5	0	0	0	0	0	0	0	0	0	0	0	0
b36bd1ad99608d33c62a04fa9fff799b	0	5	0	0	0	0	0	0	0	0	0	0	0	0
e75e81137cd1cf442f2169a8af133ef3	0	5	0	0	0	0	0	0	0	0	0	0	0	0
0e1dff14c0413e2df420b539e6af249f	0	5	0	0	0	0	0	0	0	0	0	0	0	0
6c3e1d58a220efcadf494afc29379403	0	5	0	0	0	0	0	0	0	0	0	0	0	0
e411a1adaf4c93642db61044eb21767b	0	5	0	0	0	0	0	0	0	0	0	0	0	0
c2bc764e5347829d7fb00b3d16d8551e	0	5	0	0	0	0	0	0	0	0	0	0	0	0
8ed2720ffb7e78dedff2055fc15fa1f1	0	5	0	0	0	0	0	0	0	0	0	0	0	0
dd28fc5ef0520f427c2c91a5b0b080ac	0	5	0	0	0	0	0	0	0	0	0	0	0	0
bd6c57d2cd1054639aeaf3e4e4e1f2f1	0	5	0	0	0	0	0	0	0	0	0	0	0	0
a7342d42d0857ca2a022becd80a77c66	0	5	0	0	0	0	0	0	0	0	0	0	0	0
4ddc452ffb0aae549be786627a231af5	0	5	0	0	0	0	0	0	0	0	0	0	0	0
619938cc8880db044e3c04a3b227a7bc	0	5	0	0	0	0	0	0	0	0	0	0	0	0
66684cc204abe0ad11f091f75c4ccfe4	0	5	0	0	0	0	0	0	0	0	0	0	0	0
31eaa03b59c6e4b9d9b09d53548e31e4	0	5	0	0	0	0	0	0	0	0	0	0	0	0
b30f4520a39debdc02e74dc315788069	0	5	0	0	0	0	0	0	0	0	0	0	0	0
f623c1a6bebae39a0a0bd02b916215dd	0	5	0	0	0	0	0	0	0	0	0	0	0	0
c912e7aec116ef1dca8fd1ef428dcb14	0	5	0	0	0	0	0	0	0	0	0	0	0	0
8d9e430a9187424396edbca977cc87c5	0	5	0	0	0	0	0	0	0	0	0	0	0	0
aa768d3d321a6e5751fb2a55598316c9	0	5	0	0	0	0	0	0	0	0	0	0	0	0
8958024152415bc9ea7353ee5fa1a7ba	0	5	0	0	0	0	0	0	0	0	0	0	0	0
7291336606d29889a1725d77400550bd	0	5	0	0	0	0	0	0	0	0	0	0	0	0
acd38dfa7fb5fb2b22764af7ab1c1b4e	0	5	0	0	0	0	0	0	0	0	0	0	0	0
dfe44f10cb5ff21d5402bb535a2ccad1	0	5	0	0	0	0	0	0	0	0	0	0	0	0
23c8b3346e57dc28c686d670dfed8df2	0	5	0	0	0	0	0	0	0	0	0	0	0	0
c4f6e4af6a26c3b1955c631328e1043f	0	5	0	0	0	0	0	0	0	0	0	0	0	0
4fc09bbf3e08f04f92856b7c6a8b3834	0	5	0	0	0	0	0	0	0	0	0	0	0	0
aef77fe4a0499410d1ad64f827eb2c05	0	5	0	0	0	0	0	0	0	0	0	0	0	0
72338492678722296d24cf8053a01f63	0	5	0	0	0	0	0	0	0	0	0	0	0	0
d1447c8af9822959a18169662bc5f961	0	5	0	0	0	0	0	0	0	0	0	0	0	0
3ecd58ea124e78a4d3c84bbc10e0a427	0	5	0	0	0	0	0	0	0	0	0	0	0	0
5ae186823d1f099c299ef80c9ff440ea	0	5	0	0	0	0	0	0	0	0	0	0	0	0
acc095b8550ed7d41125eb40c4fe40f8	0	5	0	0	0	0	0	0	0	0	0	0	0	0
1adb20aba70c63983fc06419464418f2	0	5	0	0	0	0	0	0	0	0	0	0	0	0
650ccc12585a24e4f61404a5a00a70b0	0	5	0	0	0	0	0	0	0	0	0	0	0	0
d04be5eef89fcb45f579c782b9da49de	0	5	0	0	0	0	0	0	0	0	0	0	0	0
a57470ac69cfec51a8fa0fb1bc4ed669	0	5	0	0	0	0	0	0	0	0	0	0	0	0
b1f54b90f3c2c4b80f573c4364a13434	0	5	0	0	0	0	0	0	0	0	0	0	0	0
98c58e54c0903a335184bb3d0c5654eb	0	5	0	0	0	0	0	0	0	0	0	0	0	0
8c03fc01fe166b397ea20ce9b2cc18e2	0	5	0	0	0	0	0	0	0	0	0	0	0	0
55355672c181d729daadddc501da39ea	0	5	0	0	0	0	0	0	0	0	0	0	0	0
c33083de52f5e6bf534c06487bac765b	0	5	0	0	0	0	0	0	0	0	0	0	0	0
b0ba56da882a3a1900e12799e2bc4682	0	5	0	0	0	0	0	0	0	0	0	0	0	0
9d12b4e05006bf093157bcbf07cf797f	0	0	5	0	0	0	0	0	0	0	0	0	0	0
1f54f32a9e5e68535168183cfbade3db	0	0	5	0	0	0	0	0	0	0	0	0	0	0
4401d570602b7271082942543766aa55	0	0	5	0	0	0	0	0	0	0	0	0	0	0
b6fca9bb15e934c4b254495e240b6dc4	0	0	5	0	0	0	0	0	0	0	0	0	0	0
2d29af403b3602bcff6b6329c175d5f0	0	0	5	0	0	0	0	0	0	0	0	0	0	0
874668d193be68f2683588050a3e381c	0	0	5	0	0	0	0	0	0	0	0	0	0	0
624c762056ab05ccd76ffcd333454687	0	0	5	0	0	0	0	0	0	0	0	0	0	0
e818d27eeb995277d8a45671ae9a4aed	0	0	5	0	0	0	0	0	0	0	0	0	0	0
226a5edc1872b9364e21ee19b3026f61	0	0	5	0	0	0	0	0	0	0	0	0	0	0
256f633764226439a209f383dd164aaf	0	0	5	0	0	0	0	0	0	0	0	0	0	0
49474bd1c54e6d2d317efcd4f295ad02	0	0	5	0	0	0	0	0	0	0	0	0	0	0
310e7ea4f807254efa6e125fe13682a8	0	0	5	0	0	0	0	0	0	0	0	0	0	0
bb8e30372c9220d1be91e8a4975ab6e7	0	0	5	0	0	0	0	0	0	0	0	0	0	0
ba051213ba5089f11d96deccd17798bd	0	0	5	0	0	0	0	0	0	0	0	0	0	0
50da35a0a8d64a414d83db66c46339b7	0	0	5	0	0	0	0	0	0	0	0	0	0	0
d0939e9ec94b3d90c79188348c7dce3d	0	0	5	0	0	0	0	0	0	0	0	0	0	0
cf6f2ca4e9497f0c56ecd6aa78e59974	0	0	5	0	0	0	0	0	0	0	0	0	0	0
f71e7c806b05beb1589e2184ac316164	0	0	5	0	0	0	0	0	0	0	0	0	0	0
c8526db8c340562ad6ba4dde4fc74ac9	0	0	5	0	0	0	0	0	0	0	0	0	0	0
0980141aef5e4212dd476bf4414ef7ec	0	0	5	0	0	0	0	0	0	0	0	0	0	0
74f5971fdb919a98d77b46cefa4e1ff7	0	0	5	0	0	0	0	0	0	0	0	0	0	0
b18dbdf1c47c33609ba11ad5a8a9bb7f	0	0	5	0	0	0	0	0	0	0	0	0	0	0
cdbc31a1fe58a01d29ef181fa866074e	0	0	5	0	0	0	0	0	0	0	0	0	0	0
575741f190b9f277267683b4cbc39ed5	0	0	5	0	0	0	0	0	0	0	0	0	0	0
26d729580f92e586b76064c901adf0d8	0	0	5	0	0	0	0	0	0	0	0	0	0	0
9e7a24e21eff9960f0943d41535d8529	0	0	5	0	0	0	0	0	0	0	0	0	0	0
b99992a7152845fd2b81f02cc0ee73ba	0	0	5	0	0	0	0	0	0	0	0	0	0	0
0da71ec9a3358287ba9a659bfc9d3d6e	0	0	5	0	0	0	0	0	0	0	0	0	0	0
53f29fa52652e2c7df7b39a9c0b02abd	0	0	5	0	0	0	0	0	0	0	0	0	0	0
2e95a36440e720a556b5c1fdf8bacb8a	0	0	5	0	0	0	0	0	0	0	0	0	0	0
b1ee998212771c5581deaa147ab2f9a1	0	0	5	0	0	0	0	0	0	0	0	0	0	0
3a150ba033abcd9fa0d4937c27fb46d5	0	0	5	0	0	0	0	0	0	0	0	0	0	0
b2e8160a45c096d9235477366df4df39	0	0	5	0	0	0	0	0	0	0	0	0	0	0
ab94d3278484ac59d5deccb4eff3aefc	0	0	5	0	0	0	0	0	0	0	0	0	0	0
e152a7e5199e9e5fad152405e0a31a76	0	0	5	0	0	0	0	0	0	0	0	0	0	0
37dc1c16fda4f215ccda9eb0b3fd3893	0	0	5	0	0	0	0	0	0	0	0	0	0	0
1025c6441e10234f1ea2e3160c8b3dd6	0	0	5	0	0	0	0	0	0	0	0	0	0	0
df1f117c8e43dd9f76dc3eafad0e310c	0	0	5	0	0	0	0	0	0	0	0	0	0	0
150dba726c1a09c0c2d9c527284b4fda	0	0	5	0	0	0	0	0	0	0	0	0	0	0
1c5274b17cdfee11a4efd90901170ffd	0	0	5	0	0	0	0	0	0	0	0	0	0	0
530a6333fd75c15eaa850bca82a81955	0	0	5	0	0	0	0	0	0	0	0	0	0	0
8422fee9120a4b49804e4e0f09ae53de	0	0	5	0	0	0	0	0	0	0	0	0	0	0
4c376de988bc4f2a2fc94301e99267a9	0	0	5	0	0	0	0	0	0	0	0	0	0	0
4316d1860f1e8881f64358aac1f746e4	0	0	5	0	0	0	0	0	0	0	0	0	0	0
62e00302aebf8767e239e21ac2ad6169	0	0	5	0	0	0	0	0	0	0	0	0	0	0
d5e41aa6098d35633ac2df39aabf9e50	0	0	5	0	0	0	0	0	0	0	0	0	0	0
b84aa5d1fde4c2be82ac5943f87e8a71	0	0	5	0	0	0	0	0	0	0	0	0	0	0
b97f73e46ac50df77d67a67e33051b56	0	0	5	0	0	0	0	0	0	0	0	0	0	0
75815bee1d6bf779c45b03e4412d9a0e	0	0	5	0	0	0	0	0	0	0	0	0	0	0
2e309b3c70cbc14bac0507066654f26a	0	0	5	0	0	0	0	0	0	0	0	0	0	0
b673f0bcf2418509f7ad62d73d9ccd48	0	0	5	0	0	0	0	0	0	0	0	0	0	0
adc14cd2889ac010ed0efcc804ad743c	0	0	5	0	0	0	0	0	0	0	0	0	0	0
4e048ddb207cb13a265affba89580301	0	0	1	0	0	0	4	0	0	0	0	0	0	0
ee83c7b1ca5ae7a4707ca220236a01f4	0	0	1	0	0	0	4	0	0	0	0	0	0	0
bbe854f8834023f5db773e3a3b7e7b8e	0	0	0	5	0	0	0	0	0	0	0	0	0	0
66cc88fdf0d5a029ff54b88aae77e48f	0	0	0	5	0	0	0	0	0	0	0	0	0	0
32b4b7d1c677532de349835a6bd01210	0	0	0	5	0	0	0	0	0	0	0	0	0	0
b71a9f3fc2d11bab3cf89c7df7db7d5a	0	0	0	5	0	0	0	0	0	0	0	0	0	0
92554960a638e33f986a099d6d5994a4	0	0	0	5	0	0	0	0	0	0	0	0	0	0
8a6d65300855e2ba325dc2b2e7c64430	0	0	0	0	5	0	0	0	0	0	0	0	0	0
ccaec569bf2912b974096d67aef6690b	0	0	0	0	0	5	0	0	0	0	0	0	0	0
48b9a7b1860b752e756e8ed0e168fb1c	0	0	0	0	0	5	0	0	0	0	0	0	0	0
512fc9c76f0653a1522ef4793d39fc24	0	0	0	0	0	5	0	0	0	0	0	0	0	0
86443a0cb179f30ba680ae300ad4ad40	0	0	0	0	0	5	0	0	0	0	0	0	0	0
4cf81e859107fb48d99268ffbd540bf7	0	0	0	0	0	5	0	0	0	0	0	0	0	0
998db259cfd9650968a3c07fe539604a	0	0	0	0	0	5	0	0	0	0	0	0	0	0
2984ce17c05ce20ebef639257efd4822	0	0	0	0	0	5	0	0	0	0	0	0	0	0
0812ee7387af36318b6db1b445db8a3c	0	0	0	0	0	5	0	0	0	0	0	0	0	0
e97fbf9b1e95e15b52fdf9065d6148f2	0	0	0	0	0	5	0	0	0	0	0	0	0	0
e1f4115bd804a4f5c3eb131282108a62	0	0	0	0	0	5	0	0	0	0	0	0	0	0
c07b373e375fab93d7fa48d4343fe9f6	0	0	0	0	0	5	0	0	0	0	0	0	0	0
5859e0f58c4021cddf2e77c5aeb8125a	0	0	0	0	0	5	0	0	0	0	0	0	0	0
3a4cfc987855956025843eac6619cd44	0	0	0	0	0	5	0	0	0	0	0	0	0	0
e9c11c10577a2dc9ad10e7c192e9849a	0	0	0	0	0	5	0	0	0	0	0	0	0	0
135c0442b59f85c5a112baccdc7c7d9f	0	0	0	0	0	5	0	0	0	0	0	0	0	0
5c53683bbb572e95dc879c7d18db0353	0	0	0	0	0	5	0	0	0	0	0	0	0	0
4bc0573faa022c6b278ddf03f23addf3	0	0	0	0	0	5	0	0	0	0	0	0	0	0
608a4c5a677c0791d1ec8e5618ce05fa	0	0	0	0	0	5	0	0	0	0	0	0	0	0
fbeaf3ba7550f08b7791bb572322bef3	0	0	0	0	0	5	0	0	0	0	0	0	0	0
7624eb50b2cf759b56c45ea0ac0a34e3	0	0	0	0	0	5	0	0	0	0	0	0	0	0
624172b7de437c099b20803df2757fd6	0	0	0	0	0	5	0	0	0	0	0	0	0	0
1987d47534f6812b8d0644345e012ca0	0	0	0	0	0	5	0	0	0	0	0	0	0	0
ca633698e9bb9ecf98d1770d17847628	0	0	0	0	0	5	0	0	0	0	0	0	0	0
4bea3309d3fe026c23616afb9127a2d6	0	0	0	0	0	5	0	0	0	0	0	0	0	0
0adf418f509386951095d5ea71f4c77d	0	0	0	0	0	5	0	0	0	0	0	0	0	0
d5d7bb4bd5de326e56678b609da78ed0	0	0	0	0	0	5	0	0	0	0	0	0	0	0
d0e95f28baf1ed53706d1818e1793ad3	0	0	0	0	0	5	0	0	0	0	0	0	0	0
f4996dd0d6f0459ae035eaa97f2665df	0	0	0	0	0	5	0	0	0	0	0	0	0	0
395f6ee7a672f90ceeeb388c2ad17e59	0	0	0	0	0	5	0	0	0	0	0	0	0	0
f1a1a1ea1188429f2d3f84e8314493f2	0	0	0	0	0	5	0	0	0	0	0	0	0	0
c26387b66f2da0d15b31a7793cc10088	0	0	0	0	0	5	0	0	0	0	0	0	0	0
e1b430556d8e2695167b2d179ba3c80d	0	0	0	0	0	5	0	0	0	0	0	0	0	0
7d7dfd76e8f0735ec4126933458d1f26	0	0	0	0	0	5	0	0	0	0	0	0	0	0
95155bdacd7ad6e82955769e012da9b3	0	0	0	0	0	5	0	0	0	0	0	0	0	0
290af2b37828b47c70df5886623139a3	0	0	0	0	0	5	0	0	0	0	0	0	0	0
00f6774ff4a064f3067b03af635bda61	0	0	0	0	0	5	0	0	0	0	0	0	0	0
dd3ec8ee88468c15eb00d349eedc8256	0	0	0	0	0	5	0	0	0	0	0	0	0	0
d081a67eb414168890009a2ec2d06b44	0	0	0	0	0	5	0	0	0	0	0	0	0	0
c7e03f80db17c738e2eca3fc90fc5109	0	0	0	0	0	5	0	0	0	0	0	0	0	0
dea4ce800bca1bd28960346c3db83a1d	0	0	0	0	0	5	0	0	0	0	0	0	0	0
e8186975250e3a370ac408dbeeb479fd	0	0	0	0	0	5	0	0	0	0	0	0	0	0
162fbc2163c91c078505ff9f1645bfda	0	0	0	0	0	5	0	0	0	0	0	0	0	0
29ae6afd6d27a8362627d0e4f4e93fb9	0	0	0	0	0	5	0	0	0	0	0	0	0	0
e2a0fa2e71c2113990b38d9a968858d1	0	0	0	0	0	5	0	0	0	0	0	0	0	0
acb1e7fa8f0b94ca9c76af460d62d620	0	0	0	0	0	5	0	0	0	0	0	0	0	0
3310138e944fc0af55d3081a662085a2	0	0	0	0	0	5	0	0	0	0	0	0	0	0
d9b762e86556385c7d617dec6c742699	0	0	0	0	0	5	0	0	0	0	0	0	0	0
03f006e54ca2152b1edc64fd946cd68b	0	0	0	0	0	5	0	0	0	0	0	0	0	0
39fcb475d85c52df1253a108e2bb57e5	0	0	0	0	0	5	0	0	0	0	0	0	0	0
e2507898608f562763de069be2e23817	0	0	0	0	0	5	0	0	0	0	0	0	0	0
ecc8ad2c57a890c2f424be97f15fbb58	0	0	0	0	0	5	0	0	0	0	0	0	0	0
cf983095844bce33240bf6ad3e330fed	0	0	0	0	0	5	0	0	0	0	0	0	0	0
587757ecbbb2cf57b3f534f2fabc18e7	0	0	0	0	0	5	0	0	0	0	0	0	0	0
d910962b72e2dac484ab17fc2ba650d2	0	0	0	0	0	5	0	0	0	0	0	0	0	0
4acb389256815b0317c9fb9a04611b91	0	0	0	0	0	5	0	0	0	0	0	0	0	0
422fd61ebb8e477fd0f982bd91b56d98	0	0	0	0	0	5	0	0	0	0	0	0	0	0
2fa022d7655bca39edaac123a3c13ce0	0	0	0	0	0	5	0	0	0	0	0	0	0	0
612f61cdd803afe27eeff6810ba93b59	0	0	0	0	0	5	0	0	0	0	0	0	0	0
d9836246e65857d10eb9e590387337fe	0	0	0	0	0	4	1	0	0	0	0	0	0	0
cf369c518ad10e474769390b34e8bb22	0	0	0	0	0	3	2	0	0	0	0	0	0	0
e770a417cf7f8dee7a4fdeecb82c8804	0	0	0	0	0	2	3	0	0	0	0	0	0	0
3e949299edebd6abf51fa1d6c72f1cf9	0	0	0	0	0	2	3	0	0	0	0	0	0	0
b4f1913b864d15d97afdd263f0aa148d	0	0	0	0	0	0	5	0	0	0	0	0	0	0
e4aa4097e34dab129b61c50be9e29702	0	0	0	0	0	0	5	0	0	0	0	0	0	0
e2d4b5c74aa3535bc644ba076e6e14ae	0	0	0	0	0	0	5	0	0	0	0	0	0	0
52ebd690a3b4093d21bc028360ae97df	0	0	0	0	0	0	5	0	0	0	0	0	0	0
10107358fee8435ed51812c897ab0ef2	0	0	0	0	0	0	5	0	0	0	0	0	0	0
4575e54095dbc7635e86ec02c039832a	0	0	0	0	0	0	5	0	0	0	0	0	0	0
3df82c99fb5f6663a6b1dda774f4c1ee	0	0	0	0	0	0	5	0	0	0	0	0	0	0
ec4f6760004ffd468478fcca24ea105e	0	0	0	0	0	0	5	0	0	0	0	0	0	0
e2c1c85a658c70ecda7f7fb3a8507ace	0	0	0	0	0	0	5	0	0	0	0	0	0	0
7ffbace99ebc058e338263528c5c7ea6	0	0	0	0	0	0	5	0	0	0	0	0	0	0
c6bc8420832b5cb43babcdf0f05e3d18	0	0	0	0	0	0	5	0	0	0	0	0	0	0
4b6d6450509e20ca8b25c5c3f6f19afd	0	0	0	0	0	0	5	0	0	0	0	0	0	0
df05db6141bf817e8dee383ae4cf1f2a	0	0	0	0	0	0	5	0	0	0	0	0	0	0
b5e172e8d9b9a65ee03c95fa1396ab68	0	0	0	0	0	0	5	0	0	0	0	0	0	0
09ab6dffa89f2c93a0cf7f29004d0861	0	0	0	0	0	0	5	0	0	0	0	0	0	0
5510ae158ca2f3b6cdff00bc806c7c8e	0	0	0	0	0	0	5	0	0	0	0	0	0	0
13fada1c3dddacca627af9eed5fa1bd0	0	0	0	0	0	0	5	0	0	0	0	0	0	0
bd8efdb7bb8485f5b56e9c3aae505dea	0	0	0	0	0	0	5	0	0	0	0	0	0	0
1dcc210763405832712d667a5be58c64	0	0	0	0	0	0	5	0	0	0	0	0	0	0
be75ac0bf469061a4470b10bc10bca0d	0	0	0	0	0	0	5	0	0	0	0	0	0	0
77358c1eff062d640125eb7ae5817b97	0	0	0	0	0	0	5	0	0	0	0	0	0	0
1c25cd6a1ab44945d9eb6c11865fdebe	0	0	0	0	0	0	5	0	0	0	0	0	0	0
f2c54d1c3dfd341428966df0e258f3a3	0	0	0	0	0	0	5	0	0	0	0	0	0	0
d2d23e0f7dc0e3c20360ba961c66838b	0	0	0	0	0	0	5	0	0	0	0	0	0	0
9d198fae1353b00eaaf60f5de96a5c29	0	0	0	0	0	0	5	0	0	0	0	0	0	0
ba221c8cc6fe22e48dc8b7233d08574a	0	0	0	0	0	0	5	0	0	0	0	0	0	0
bd281b3e826608504c9deb14245233cf	0	0	0	0	0	0	5	0	0	0	0	0	0	0
b514f09e170314219bc70f494281b506	0	0	0	0	0	0	5	0	0	0	0	0	0	0
107e19d843474d9d9aafde59181b5bcf	0	0	0	0	0	0	5	0	0	0	0	0	0	0
1c02ca69271140d9e0336f11543e763e	0	0	0	0	0	0	5	0	0	0	0	0	0	0
494019ed198a3cda560601340b73b4d3	0	0	0	0	0	0	5	0	0	0	0	0	0	0
7c3e1628b7327761b6a3cc5eb434f24b	0	0	0	0	0	0	5	0	0	0	0	0	0	0
2679b948fdb37b3cc56745a98ab96bcc	0	0	0	0	0	0	5	0	0	0	0	0	0	0
3ece5e4677ac0b48ce2cc4e8ff54a371	0	0	0	0	0	0	5	0	0	0	0	0	0	0
6751911a7f852195fc4bea0d4041de4e	0	0	0	0	0	0	5	0	0	0	0	0	0	0
25d47cecc46fb66b923da4eb568ccb4c	0	0	0	0	0	0	5	0	0	0	0	0	0	0
59509f63c431d6906544dc8484ef9b67	0	0	0	0	0	0	5	0	0	0	0	0	0	0
0f556aaf689849c39b733a717b81ba85	0	0	0	0	0	0	5	0	0	0	0	0	0	0
125de06dfdb4cf2509678f04e845f226	0	0	0	0	0	0	5	0	0	0	0	0	0	0
50f7c6d18a5213522fb82f67e81fca28	0	0	0	0	0	0	5	0	0	0	0	0	0	0
fa3e264df1b7110d43b71eef3eb08c82	0	0	0	0	0	0	5	0	0	0	0	0	0	0
5e6f5ffe550e93a6eb5428069bcd3a10	0	0	0	0	0	0	5	0	0	0	0	0	0	0
49c93156df90049815c446dec71a8cdd	0	0	0	0	0	0	5	0	0	0	0	0	0	0
3cf89b009264261ae3464b70c78d42f0	0	0	0	0	0	0	5	0	0	0	0	0	0	0
880fb90e26627cd74ff0e0ea4c342efc	0	0	0	0	0	0	5	0	0	0	0	0	0	0
1ec15ac49a9eb7beaec3b88113d33aa0	0	0	0	0	0	0	5	0	0	0	0	0	0	0
6a807b6b12a09c8ad5d82b84a49d15f0	0	0	0	0	0	0	5	0	0	0	0	0	0	0
dbf0cf36e3a5449b91986745ceb75b06	0	0	0	0	0	0	5	0	0	0	0	0	0	0
a7c1e23c094e971fc9e41cc5a96ae486	0	0	0	0	0	0	5	0	0	0	0	0	0	0
d622dbd418428746a48167bfff796655	0	0	0	0	0	0	5	0	0	0	0	0	0	0
a4ad5dde7da9bfc0c774c3becaf4ffdc	0	0	0	0	0	0	5	0	0	0	0	0	0	0
4bc1758e4249552e7445af4e5bdaec92	0	0	0	0	0	0	5	0	0	0	0	0	0	0
007046f4243fec3183d06cf65912477c	0	0	0	0	0	0	5	0	0	0	0	0	0	0
7d816982e93cf0cbfeb605e899415740	0	0	0	0	0	0	5	0	0	0	0	0	0	0
dc476b4dee31762201282d89b57faac3	0	0	0	0	0	0	5	0	0	0	0	0	0	0
03959ff53f5bbe6cd3d7a0d2a8c46226	0	0	0	0	0	0	5	0	0	0	0	0	0	0
9330d6919cbf1c3d65a008331673f886	0	0	0	0	0	0	5	0	0	0	0	0	0	0
1b81eb396c18ba1aa541cfaa0fd6941c	0	0	0	0	0	0	5	0	0	0	0	0	0	0
3bd341f3f739f593104c1f37f19b6859	0	0	0	0	0	0	0	5	0	0	0	0	0	0
01ce76aad65e7eef0227b26e821d3b4b	0	0	0	0	0	0	0	5	0	0	0	0	0	0
10c607c0a30e1c59134ba64941d873c4	0	0	0	0	0	0	0	5	0	0	0	0	0	0
53c358ecbdfec498dc4889d85b25775b	0	0	0	0	0	0	0	5	0	0	0	0	0	0
3924b1bd45bfa8ecd45266d72ee26ea7	0	0	0	0	0	0	0	5	0	0	0	0	0	0
9cb6e20b9c779d2d99c15df0ab97626d	0	0	0	0	0	0	0	5	0	0	0	0	0	0
3a4880c145b229a2d876c11225c232b3	0	0	0	0	0	0	0	5	0	0	0	0	0	0
1eb7411dabe0df8b65475e0e832389a8	0	0	0	0	0	0	0	5	0	0	0	0	0	0
eab30254ebc8ea6f4d4114545c021e68	0	0	0	0	0	0	0	5	0	0	0	0	0	0
abeb477e8c1c5a4be09dcca1f0859d90	0	0	0	0	0	0	0	5	0	0	0	0	0	0
00f183028eea59b31105dd5c51b85709	0	0	0	0	0	0	0	5	0	0	0	0	0	0
0ae0193111abe5d0f3a605d346290039	0	0	0	0	0	0	0	5	0	0	0	0	0	0
792b6c17e5e74c1a9060885a0e0fc33e	0	0	0	0	0	0	0	5	0	0	0	0	0	0
1103025a5047e8f968a298ad7aef6b9a	0	0	0	0	0	0	0	5	0	0	0	0	0	0
83c11051665e597649c7ba360184375d	0	0	0	0	0	0	0	5	0	0	0	0	0	0
bbc867335792276142cd87acf3d92088	0	0	0	0	0	0	0	5	0	0	0	0	0	0
96de7bc2f1112da3bc7d7634dc0475ba	0	0	0	0	0	0	0	5	0	0	0	0	0	0
6d319729ed39d116637f6def2cf09679	0	0	0	0	0	0	0	5	0	0	0	0	0	0
703477e6bbf411040b92cdf21b3470a2	0	0	0	0	0	0	0	5	0	0	0	0	0	0
4d8a0a5250633eb4ff13fe5b97bbeb71	0	0	0	0	0	0	0	5	0	0	0	0	0	0
1d9fa9d770c51f5ab351665a96875487	0	0	0	0	0	0	0	5	0	0	0	0	0	0
9adcfb8ea3f3ebbfedd073f4b2d3ad9a	0	0	0	0	0	0	0	5	0	0	0	0	0	0
cf5bac440007282d165e6b03901b2ea5	0	0	0	0	0	0	0	5	0	0	0	0	0	0
40bc7fdd2a63a52a2644e286a6b59847	0	0	0	0	0	0	0	5	0	0	0	0	0	0
d7682cb7a2965684902f10724e6b6817	0	0	0	0	0	0	0	5	0	0	0	0	0	0
2dac855f3662fd2a651611c6764e0a15	0	0	0	0	0	0	0	5	0	0	0	0	0	0
8598ce3bded0105af286340615b19ac4	0	0	0	0	0	0	0	5	0	0	0	0	0	0
879989531919fd2e0952e751d45e57dc	0	0	0	0	0	0	0	5	0	0	0	0	0	0
6ea9b8abc28e9dd5c130a80bac69e41f	0	0	0	0	0	0	0	5	0	0	0	0	0	0
208764c6e6c165ebbcae01d23abcdd74	0	0	0	0	0	0	0	5	0	0	0	0	0	0
fde725ac4d500082219cd2175920d9aa	0	0	0	0	0	0	0	5	0	0	0	0	0	0
bc7abe1b99dfaa04c11ca67db471ffc7	0	0	0	0	0	0	0	5	0	0	0	0	0	0
24c2c0cf4580135b5d135373156f8919	0	0	0	0	0	0	0	5	0	0	0	0	0	0
ffbb8bc3c9a1202968abd72e97850e87	0	0	0	0	0	0	0	5	0	0	0	0	0	0
79fdcb8ffd5d76913310a80d391be845	0	0	0	0	0	0	0	5	0	0	0	0	0	0
fe24b8229f2b592b8d9ca247075b8ad3	0	0	0	0	0	0	0	5	0	0	0	0	0	0
30fd80a97842ab5a1ce3891cc3c49395	0	0	0	0	0	0	0	5	0	0	0	0	0	0
dd6705bdf7c7938c3f2c386171c2afc1	0	0	0	0	0	0	0	5	0	0	0	0	0	0
3dee61d9a929ef6cd3cdef6a4b6ac184	0	0	0	0	0	0	0	5	0	0	0	0	0	0
68e21748013b2cc85eb281840180580e	0	0	0	0	0	0	0	5	0	0	0	0	0	0
81083e48df0d5573b89d6b9fe4b1c7aa	0	0	0	0	0	0	0	5	0	0	0	0	0	0
a4cafce48c6dc915d71ee3e1e17f9ac7	0	0	0	0	0	0	0	5	0	0	0	0	0	0
459e7e80903904001313e34d1977bb14	0	0	0	0	0	0	0	5	0	0	0	0	0	0
9a3a9d57f1520877dc0ea4311c95433f	0	0	0	0	0	0	0	5	0	0	0	0	0	0
2fbda26498b7855ac0fecef8fefe07a6	0	0	0	0	0	0	0	5	0	0	0	0	0	0
dc566a5d41e62ac8f97bf70205da8fe7	0	0	0	0	0	0	0	5	0	0	0	0	0	0
f0935ce7d228e58fdfadaedbf01a861f	0	0	0	0	0	0	0	5	0	0	0	0	0	0
23418c71488c5dcbb63a1fb6f4c0202e	0	0	0	0	0	0	0	5	0	0	0	0	0	0
520163342d1e51c2d2b8186b598ed1c0	0	0	0	0	0	0	0	5	0	0	0	0	0	0
614937dcd239194869e67e617c14bd80	0	0	0	0	0	0	0	5	0	0	0	0	0	0
7f1b3314421bb8cc017157248c341a15	0	0	0	0	0	0	0	5	0	0	0	0	0	0
6cbb57125cc2297acbf9d002e76aa471	0	0	0	0	0	0	0	5	0	0	0	0	0	0
b2c215a0783e93d7f2bb3fae94eabb61	0	0	0	0	0	0	0	5	0	0	0	0	0	0
5a56d61e0dfd3b2b4051b9c1ccbe8796	0	0	0	0	0	0	0	5	0	0	0	0	0	0
29650b39ad7cef6ee261e260d2b6704c	0	0	0	0	0	0	0	5	0	0	0	0	0	0
d388f5e55943141b39dc84142393ffbd	0	0	0	0	0	0	0	5	0	0	0	0	0	0
7d12fe66ab73dfeb36befe3042199e72	0	0	0	0	0	0	0	5	0	0	0	0	0	0
a9dccb98d32acb09869eaf6658529232	0	0	0	0	0	0	0	5	0	0	0	0	0	0
bbc14dc5936d2047dd0d764ba8683979	0	0	0	0	0	0	0	5	0	0	0	0	0	0
901363cf6706f712ea7734073f9dd95f	0	0	0	0	0	0	0	5	0	0	0	0	0	0
92f8af65d101a42e5ac6fb247b685978	0	0	0	0	0	0	0	5	0	0	0	0	0	0
779d31b992c7cb0d48ed848987d87c26	0	0	0	0	0	0	0	5	0	0	0	0	0	0
d5cd297ce38dd5bfef10d51bd65f6bb4	0	0	0	0	0	0	0	5	0	0	0	0	0	0
0c3b8091b810c750ef3482d921f595a7	0	0	0	0	0	0	0	5	0	0	0	0	0	0
8da1573b55e5d3bf7f12baa21776cbde	0	0	0	0	0	0	0	5	0	0	0	0	0	0
168f84fcdd0f1878d49cbefb112eaa0c	0	0	0	0	0	0	0	5	0	0	0	0	0	0
b72c17e276ff482208d6468d69439a7b	0	0	0	0	0	0	0	5	0	0	0	0	0	0
a9ff9bb635ea9764431a355c468370bd	0	0	0	0	0	0	0	5	0	0	0	0	0	0
c2c1d66434239e0c7a95ea126f2e7cb2	0	0	0	0	0	0	0	5	0	0	0	0	0	0
1344dc0dec5d64e19dd6a0a87ca87d4c	0	0	0	0	0	0	0	5	0	0	0	0	0	0
707698b543b5c15676ab227bfd4d7abd	0	0	0	0	0	0	0	5	0	0	0	0	0	0
8fa22b4ad7ccb9f7ab7e5aa03fa78e3b	0	0	0	0	0	0	0	5	0	0	0	0	0	0
1f42069d83937d732f41027e495e680c	0	0	0	0	0	0	0	5	0	0	0	0	0	0
320acc7ca3d4c376feba48f96b5565bb	0	0	0	0	0	0	0	5	0	0	0	0	0	0
6e3a61ff8721e388fe0237c72e68f11e	0	0	0	0	0	0	0	5	0	0	0	0	0	0
e06d15046a03fb626564167ff7e39618	0	0	0	0	0	0	0	5	0	0	0	0	0	0
5e4ba153d0f1f9275217037740225f1c	0	0	0	0	0	0	0	5	0	0	0	0	0	0
a7328e7b1c75c817dffee98ac9f84812	0	0	0	0	0	0	0	5	0	0	0	0	0	0
ab1af95021d26ee3c976e5ffca2d8c1b	0	0	0	0	0	0	0	5	0	0	0	0	0	0
9ccc7da1f142cdbbc3c9be128fa1b93d	0	0	0	0	0	0	0	5	0	0	0	0	0	0
a41e4c695a1b70134c767e1323bfb29a	0	0	0	0	0	0	0	5	0	0	0	0	0	0
6d3fdbc8e11a41f3ce6c8bc0648a240e	0	0	0	0	0	0	0	5	0	0	0	0	0	0
00630cf68c9b88e94995749de3321978	0	0	0	0	0	0	0	5	0	0	0	0	0	0
856df6058af338bd76e26af841cc1c5b	0	0	0	0	0	0	0	5	0	0	0	0	0	0
e5cf479009f808f3ec37730b43ca0d6d	0	0	0	0	0	0	0	5	0	0	0	0	0	0
1951d596252aba9c4726b5dad8fea435	0	0	0	0	0	0	0	5	0	0	0	0	0	0
cf1ccb01a470ef1b95e046500b4b1c59	0	0	0	0	0	0	0	5	0	0	0	0	0	0
8d6b4bb1fa4eabd3daacab2ae33fef01	0	0	0	0	0	0	0	5	0	0	0	0	0	0
2b596864f8ebd09d94a131c491edf89c	0	0	0	0	0	0	0	5	0	0	0	0	0	0
d0cec9c668289f7add27242c43c31534	0	0	0	0	0	0	0	5	0	0	0	0	0	0
817acaf1711f5d9ce0964b99a6a7a8e0	0	0	0	0	0	0	0	5	0	0	0	0	0	0
20de8763f640cafa09b62ed9ed0dd52a	0	0	0	0	0	0	0	5	0	0	0	0	0	0
3de8974e70cd366e89a4d54a3c767f89	0	0	0	0	0	0	0	5	0	0	0	0	0	0
c17a65c5ff73e68251e4388de909dc9f	0	0	0	0	0	0	0	5	0	0	0	0	0	0
fd12ac22d33f4db69f05be48a0a162c2	0	0	0	0	0	0	0	5	0	0	0	0	0	0
d7b67aec3548e474d351da4c95186c47	0	0	0	0	0	0	0	5	0	0	0	0	0	0
090c604d04263c6fca4d12cd5e8122fd	0	0	0	0	0	0	0	5	0	0	0	0	0	0
8c78427ddb217cc2c836a852a9e657d5	0	0	0	0	0	0	0	5	0	0	0	0	0	0
e565965b02ba6d76c9e8ca19e81e52c5	0	0	0	0	0	0	0	5	0	0	0	0	0	0
aa764b62b0e82fa8ca766957b34237ce	0	0	0	0	0	0	0	5	0	0	0	0	0	0
4694f731b0d5d6893f94c62eb36bc1e3	0	0	0	0	0	0	0	5	0	0	0	0	0	0
394ea7e75f185fe873dbbc2eb3fe35f7	0	0	0	0	0	0	0	5	0	0	0	0	0	0
b157e3dca979e4cba0c4854b7cb46b19	0	0	0	0	0	0	0	5	0	0	0	0	0	0
a8977abd2478f484bcadc409dc9b4829	0	0	0	0	0	0	0	5	0	0	0	0	0	0
76db5ba2778260b14a62de04a3504fb4	0	0	0	0	0	0	0	5	0	0	0	0	0	0
b6ef637d7ab14b6189e3d465563fe451	0	0	0	0	0	0	0	5	0	0	0	0	0	0
389707f38d72727ddf783381dde6178b	0	0	0	0	0	0	0	0	0	0	0	0	0	5
24cf38fc77cd157a72e2efab2906cba3	0	0	0	0	0	0	0	0	0	0	0	0	0	5
f5cff161f74d3dff23852fcba48120c7	0	0	0	0	0	0	0	0	0	0	0	0	0	5
06ecf9d1d07acd874db1cf3142ad8622	0	0	0	0	0	0	0	0	0	0	0	0	0	5
6a8d2ac70666252a5cc2d42cdbcdb765	0	0	0	0	0	0	0	0	0	0	0	0	0	5
4050be3fb982211bbedbbb32b99a9343	0	0	0	0	0	0	0	0	0	0	0	0	0	5
8d92fd7a577412ab640a82e0bcb459b0	0	0	0	0	0	0	0	0	0	0	0	0	0	5
d3639312d08f406ddf3908bd0ed663fe	0	0	0	0	0	0	0	0	0	0	0	0	0	5
8bd6e53e9a3c891e8ea6a5ba9777887c	0	0	0	0	0	0	0	0	0	0	0	0	0	5
3a9d8c6e78faf3d51d3aa25407ef1d4e	0	0	0	0	0	0	0	0	0	0	0	0	0	5
54bf3c8041f90fd3a70a5028de065170	0	0	0	0	0	0	0	0	0	0	0	0	0	5
260611a4046b116161380464af5cfc67	0	0	0	0	0	0	0	0	0	0	0	0	0	5
019f5349929843599037603cb258e229	4	0	0	0	0	0	0	0	0	0	0	0	0	0
0eaedccf2b10e462aaad1b7cf0a3cb76	4	0	0	0	0	0	0	0	0	0	0	0	0	0
68b60ac404e937bc5d6c59de18461b56	0	4	0	0	0	0	0	0	0	0	0	0	0	0
a22de7a00e69d7e616294f81be01ce23	0	4	0	0	0	0	0	0	0	0	0	0	0	0
4db8492207cd6c2b01ab56bdd58bf7cf	0	4	0	0	0	0	0	0	0	0	0	0	0	0
3ac001736aa3ef20ec60a6e49f9264df	0	4	0	0	0	0	0	0	0	0	0	0	0	0
59d2e50602ef05e9fb812eedeb8e0155	0	4	0	0	0	0	0	0	0	0	0	0	0	0
e26d3637a52ef3b7bdc1c8bc49c1302b	0	4	0	0	0	0	0	0	0	0	0	0	0	0
400dc42d3fc85a12f314ed4f85443454	0	4	0	0	0	0	0	0	0	0	0	0	0	0
fb6af4a3201a890715f1910751a42032	0	4	0	0	0	0	0	0	0	0	0	0	0	0
27796451514dcc94a148877b2588baba	0	4	0	0	0	0	0	0	0	0	0	0	0	0
899a96af859c918b004e4c643324a351	0	4	0	0	0	0	0	0	0	0	0	0	0	0
6ea330a070b4fd784be82030c42e2fe6	0	4	0	0	0	0	0	0	0	0	0	0	0	0
f3babea847b7f9d02fba82c844ea6441	0	4	0	0	0	0	0	0	0	0	0	0	0	0
d3283ad4439a6c257a0f1752ae18b505	0	4	0	0	0	0	0	0	0	0	0	0	0	0
d4c62f775aa2ca9af164320adbc238bb	0	4	0	0	0	0	0	0	0	0	0	0	0	0
7ed39cd9a6afd8bcd7455d308365e558	0	4	0	0	0	0	0	0	0	0	0	0	0	0
399d4ab330bc9960c2ac1cc67f9d85f6	0	4	0	0	0	0	0	0	0	0	0	0	0	0
314877ccd3282fda3f0c6542b03f70b5	0	4	0	0	0	0	0	0	0	0	0	0	0	0
3404e3964b814e468411604435f6e16f	0	4	0	0	0	0	0	0	0	0	0	0	0	0
69abd4c3fd79199ba77aa9fde301e997	0	4	0	0	0	0	0	0	0	0	0	0	0	0
602ba58dee28107826759846844194b3	0	4	0	0	0	0	0	0	0	0	0	0	0	0
5446e0fcfdb3807df1e390f6482a600a	0	4	0	0	0	0	0	0	0	0	0	0	0	0
8f8fa30f705a3f880ae6ec01c42774ce	0	4	0	0	0	0	0	0	0	0	0	0	0	0
738d3e451f5a4f566383b4d8aedbb7cd	0	4	0	0	0	0	0	0	0	0	0	0	0	0
1d956d0d902b8cb5307861d8a135daab	0	4	0	0	0	0	0	0	0	0	0	0	0	0
02c2ac510211d91d07981791123c878a	0	4	0	0	0	0	0	0	0	0	0	0	0	0
401b3855c2e1265e17d8ded7078eef0f	0	4	0	0	0	0	0	0	0	0	0	0	0	0
173ae8f4ac1b4e6ef33283387e6ef5ac	0	4	0	0	0	0	0	0	0	0	0	0	0	0
6f5000de7b984e3bee52f9aa26cde311	0	4	0	0	0	0	0	0	0	0	0	0	0	0
d69ee0d4cbba8f85797f6aef43d3d907	0	4	0	0	0	0	0	0	0	0	0	0	0	0
8d531e756abbc31c41d859367e468913	0	4	0	0	0	0	0	0	0	0	0	0	0	0
d3d296342e36591109e160496c383c8b	0	4	0	0	0	0	0	0	0	0	0	0	0	0
7f1e21952e2816a29d62ed08b009bfa3	0	4	0	0	0	0	0	0	0	0	0	0	0	0
dbd6a5cce3491eed14ceaca7a062c7d9	0	4	0	0	0	0	0	0	0	0	0	0	0	0
3ea9acd34670971aae71ded6deadc3f4	0	4	0	0	0	0	0	0	0	0	0	0	0	0
9826b835bce8b5ba658c7f463d09d2a8	0	4	0	0	0	0	0	0	0	0	0	0	0	0
dce0160fcf08448b25a9581db6dbc798	0	4	0	0	0	0	0	0	0	0	0	0	0	0
5178ba8256795d3bf90f9becc43ec269	0	0	4	0	0	0	0	0	0	0	0	0	0	0
73b0609515b95ebc9d70e10412c83176	0	0	4	0	0	0	0	0	0	0	0	0	0	0
4652950edbe77f82b6d825533a65515a	0	0	4	0	0	0	0	0	0	0	0	0	0	0
5ecfa46d10029998516fe6e131664059	0	0	4	0	0	0	0	0	0	0	0	0	0	0
3e9802f603c2e3d0352c6ad318cc71d8	0	0	4	0	0	0	0	0	0	0	0	0	0	0
4e8a4a680488dfadd0ac4aa70aab1ef3	0	0	4	0	0	0	0	0	0	0	0	0	0	0
615f9ea844db9ea2568b41651153eab0	0	0	4	0	0	0	0	0	0	0	0	0	0	0
bcb75b4dcd4cf700f8de8b3ccb375a92	0	0	4	0	0	0	0	0	0	0	0	0	0	0
9f9f3f1c6228bcb5adc5344863e5b323	0	0	4	0	0	0	0	0	0	0	0	0	0	0
3846de742e5c6272fa9238dc0c434fd3	0	0	4	0	0	0	0	0	0	0	0	0	0	0
46357c4ec940edcde5d834794570168d	0	0	4	0	0	0	0	0	0	0	0	0	0	0
2e3a4d6463bc0e20f9af96d5308e6cf3	0	0	4	0	0	0	0	0	0	0	0	0	0	0
eaedfcccb18802d53b409563ee90067a	0	0	4	0	0	0	0	0	0	0	0	0	0	0
6e0d022ef13a8466f4e97aa6f2ad5484	0	0	4	0	0	0	0	0	0	0	0	0	0	0
0b0dc4f0ba79148b6f25ad834ff83852	0	0	4	0	0	0	0	0	0	0	0	0	0	0
82588cce8fe500019432690edf45b9c9	0	0	4	0	0	0	0	0	0	0	0	0	0	0
b230708a47b8cd8ce508ee73c97d49c4	0	0	4	0	0	0	0	0	0	0	0	0	0	0
e9c5aa84c17e090b93c87ce96e65c195	0	0	4	0	0	0	0	0	0	0	0	0	0	0
56ce92450056062d6570aae89e9c2e7b	0	0	4	0	0	0	0	0	0	0	0	0	0	0
3753dd4112b629e4b1afdc071ad678bd	0	0	4	0	0	0	0	0	0	0	0	0	0	0
c0e5d52dcca8706e870ea139613b8211	0	0	4	0	0	0	0	0	0	0	0	0	0	0
e307c3c00fd9afb48d5eab155110e417	0	0	4	0	0	0	0	0	0	0	0	0	0	0
b31cdc8ca2f03b866a6aac6c5c60d93a	0	0	4	0	0	0	0	0	0	0	0	0	0	0
23d3340534a61ceb6d8265dc7583371b	0	0	4	0	0	0	0	0	0	0	0	0	0	0
2e26bf335409e034be6d13a1461066dd	0	0	4	0	0	0	0	0	0	0	0	0	0	0
3a3f3c372fdb7bbcee48131559f89522	0	0	4	0	0	0	0	0	0	0	0	0	0	0
505aa388bb7a9bb5ce423c2631ffd83b	0	0	4	0	0	0	0	0	0	0	0	0	0	0
94c6c668be6f5457e95eb89c69b80f06	0	0	4	0	0	0	0	0	0	0	0	0	0	0
ccc3a67d775ec280fc5361ce6093766e	0	0	4	0	0	0	0	0	0	0	0	0	0	0
e644e507f7c886718166a7ab31bf08ac	0	0	4	0	0	0	0	0	0	0	0	0	0	0
87d30d3711fa8a5898d6930d280c5fa0	0	0	4	0	0	0	0	0	0	0	0	0	0	0
d6cbe1dcba245d442e7a7c9a0d46f218	0	0	4	0	0	0	0	0	0	0	0	0	0	0
080da187d1e725120b8700fff6eb5ebc	0	0	4	0	0	0	0	0	0	0	0	0	0	0
311525be15e2d13aadd86df8978154f9	0	0	4	0	0	0	0	0	0	0	0	0	0	0
7cca2f183875d3b3d3fbc7a65a401533	0	0	4	0	0	0	0	0	0	0	0	0	0	0
d485d8b8e7b7eb29d918e4101bb2191d	0	0	4	0	0	0	0	0	0	0	0	0	0	0
4fb9e2ae8123cf86dafa6db374ee3afc	0	0	4	0	0	0	0	0	0	0	0	0	0	0
8fe42902536ba78113da928cb682d89b	0	0	4	0	0	0	0	0	0	0	0	0	0	0
b0b3d4769dbeea1c5c7bf179771d4120	0	0	4	0	0	0	0	0	0	0	0	0	0	0
9fc139cd950669c86b93932198750817	0	0	4	0	0	0	0	0	0	0	0	0	0	0
52ae41860a79b34dd1574bf78e555c1f	0	0	4	0	0	0	0	0	0	0	0	0	0	0
a005898d49106e17680387dd3cad77f9	0	0	4	0	0	0	0	0	0	0	0	0	0	0
526eff215514f32a6e9b36dc9d667976	0	0	4	0	0	0	0	0	0	0	0	0	0	0
d5c4e3918bff44acc3c33bf11d57f74b	0	0	4	0	0	0	0	0	0	0	0	0	0	0
4d7f742ec18f8735d8e32afaa737a090	0	0	4	0	0	0	0	0	0	0	0	0	0	0
b762aa18600becd1c7c76dffd49d07a3	0	0	4	0	0	0	0	0	0	0	0	0	0	0
593ada3a52243cdcb1b4182eab1cf289	0	0	4	0	0	0	0	0	0	0	0	0	0	0
917dd176ab17311921e6279e7784693d	0	0	4	0	0	0	0	0	0	0	0	0	0	0
53299e5021171e29eac20b04faa3d48e	0	0	4	0	0	0	0	0	0	0	0	0	0	0
4f8d6fe3042549be76483b2340cf6a50	0	0	4	0	0	0	0	0	0	0	0	0	0	0
823ded4148b8b1202e54e45d5bdf78ed	0	0	4	0	0	0	0	0	0	0	0	0	0	0
419e6bfbef10f3854b43d29b70ec6c48	0	0	4	0	0	0	0	0	0	0	0	0	0	0
a82f0c30446689161632d881f2be09c4	0	0	4	0	0	0	0	0	0	0	0	0	0	0
16a3760ec1f8122c95954fb7534d291d	0	0	4	0	0	0	0	0	0	0	0	0	0	0
2d1a6066175cd4952cd32ab1f1d225dd	0	0	4	0	0	0	0	0	0	0	0	0	0	0
dc2f412ce2e8af6326d2bdeab7eab3e5	0	0	4	0	0	0	0	0	0	0	0	0	0	0
dac367b33b275e2ef039515ea41b00cf	0	0	4	0	0	0	0	0	0	0	0	0	0	0
82a1722faaabe2add6612821475fea1b	0	0	2	0	0	0	2	0	0	0	0	0	0	0
ee0ed0980716e141054c6fa3f5cec028	0	0	1	0	0	0	3	0	0	0	0	0	0	0
45c6363b254c463818564a7d3679fd4c	0	0	1	0	0	1	2	0	0	0	0	0	0	0
fdeeb448f624e8c34689d8b8a3b04671	0	0	0	4	0	0	0	0	0	0	0	0	0	0
858b461e1a1645ef0c07c28f69f4e846	0	0	0	4	0	0	0	0	0	0	0	0	0	0
fbdf4fa1bba5bfb399ae5c7dac056a76	0	0	0	4	0	0	0	0	0	0	0	0	0	0
6beef7959b07004b41d6d1836344590d	0	0	0	4	0	0	0	0	0	0	0	0	0	0
bb61168d67d2f0893c21ee91451811b7	0	0	0	4	0	0	0	0	0	0	0	0	0	0
078a762db460d7c1719bd97e3ee755d4	0	0	0	0	4	0	0	0	0	0	0	0	0	0
cbc0a224322977d47aae67bf828493aa	0	0	0	0	4	0	0	0	0	0	0	0	0	0
72e0d4fc89abe29b262987618a0dff99	0	0	0	0	4	0	0	0	0	0	0	0	0	0
24dabf8b7b873f994507f8da33a01124	0	0	0	0	4	0	0	0	0	0	0	0	0	0
eac6f0d9b88a4a14ffe928e450a48812	0	0	0	0	4	0	0	0	0	0	0	0	0	0
4985a47fd914321d934c39e0c661a59b	0	0	0	0	0	4	0	0	0	0	0	0	0	0
f977b7e1aff90513bb0e5dd3ef0eae11	0	0	0	0	0	4	0	0	0	0	0	0	0	0
0b078600d0cc4504bf522b56383d4f4d	0	0	0	0	0	4	0	0	0	0	0	0	0	0
39e6c219dfec25c14099a39b5f0ecf68	0	0	0	0	0	4	0	0	0	0	0	0	0	0
67f84e0c29b080d83276b3a19a959cf8	0	0	0	0	0	4	0	0	0	0	0	0	0	0
a1fb31f0adf2b056c917b2e17902afd2	0	0	0	0	0	4	0	0	0	0	0	0	0	0
b4f9dadc0563e4438fff8948d7d9767f	0	0	0	0	0	4	0	0	0	0	0	0	0	0
8d3a1776b139ae568a14430429322d4f	0	0	0	0	0	4	0	0	0	0	0	0	0	0
37397c6580044abaef087a69a864d5da	0	0	0	0	0	4	0	0	0	0	0	0	0	0
b92a456b9275b54f34febbd1f2eb20b6	0	0	0	0	0	4	0	0	0	0	0	0	0	0
6e032dd8e633afb6b36a9f12d849aa9e	0	0	0	0	0	4	0	0	0	0	0	0	0	0
e952a54314ec43c19685b4d7999263e2	0	0	0	0	0	4	0	0	0	0	0	0	0	0
e593ccc299e1596ba3fd5d08115b1da4	0	0	0	0	0	4	0	0	0	0	0	0	0	0
ff98f50f6b904b4311f94c944e48a52a	0	0	0	0	0	4	0	0	0	0	0	0	0	0
a606f69c6cd55b71504a12e5d1e0447d	0	0	0	0	0	4	0	0	0	0	0	0	0	0
37acfc0489090bbe9ebeac870885f887	0	0	0	0	0	4	0	0	0	0	0	0	0	0
c6d211ebf2a818fa76dedb6057cce2d5	0	0	0	0	0	4	0	0	0	0	0	0	0	0
ad2d1f6ad4f103123907054298a8c407	0	0	0	0	0	4	0	0	0	0	0	0	0	0
f5efe9577fffc051440fdb2afdb90713	0	0	0	0	0	4	0	0	0	0	0	0	0	0
7a2339e2ab42011d200923f5c5e281b4	0	0	0	0	0	4	0	0	0	0	0	0	0	0
2b3eac08f5a6e8ead7d8f6bf628adbaa	0	0	0	0	0	4	0	0	0	0	0	0	0	0
b59b051a69850ed34f812618b515255f	0	0	0	0	0	4	0	0	0	0	0	0	0	0
3a31cfa4c0e03250a72fa18720650d9b	0	0	0	0	0	4	0	0	0	0	0	0	0	0
a96058aa725175cffcc350039ee2d979	0	0	0	0	0	4	0	0	0	0	0	0	0	0
75eaa53dda825c69005ac371da1c46ac	0	0	0	0	0	4	0	0	0	0	0	0	0	0
5470da96473e09a2f14360e70bf24f6b	0	0	0	0	0	4	0	0	0	0	0	0	0	0
3c933b6573f28d044e11460e137dda30	0	0	0	0	0	4	0	0	0	0	0	0	0	0
90cf64fdc8dcc8b1b72f8cd8d2ddde68	0	0	0	0	0	4	0	0	0	0	0	0	0	0
7e5c163ae9388cc50c470984ee6e88eb	0	0	0	0	0	4	0	0	0	0	0	0	0	0
215876be5039e3609d6c500c7b7074d9	0	0	0	0	0	4	0	0	0	0	0	0	0	0
b464d41acedd9799ab99ed0e8b7990ab	0	0	0	0	0	4	0	0	0	0	0	0	0	0
2dca0c5dc529fa73810b4078e6836097	0	0	0	0	0	4	0	0	0	0	0	0	0	0
195e53d6d02a4583bbff0a510e40f528	0	0	0	0	0	4	0	0	0	0	0	0	0	0
67925ebdacbe75a116bcd9b10cd10c6b	0	0	0	0	0	4	0	0	0	0	0	0	0	0
8456710fb92d441f2b7773324d7d59fb	0	0	0	0	0	4	0	0	0	0	0	0	0	0
753d1e240f30bb0438176d9224973b75	0	0	0	0	0	4	0	0	0	0	0	0	0	0
2cd53e33b28f5383ce1d5eb27d4ad002	0	0	0	0	0	4	0	0	0	0	0	0	0	0
b6d0a1dadd02e784a9fe11256ac12470	0	0	0	0	0	4	0	0	0	0	0	0	0	0
c53b5b09ce73154cdd406347465ca429	0	0	0	0	0	4	0	0	0	0	0	0	0	0
956d6747b0d98fa15a4e28e9a03d7748	0	0	0	0	0	4	0	0	0	0	0	0	0	0
90489b8c3dbd67ca96a1fc68cc6cefb8	0	0	0	0	0	4	0	0	0	0	0	0	0	0
8a930426f70e50eec4686d44cd9c6f37	0	0	0	0	0	4	0	0	0	0	0	0	0	0
01ae082732226f367402f8f80a59dfce	0	0	0	0	0	4	0	0	0	0	0	0	0	0
e8d9b822a74a15ef135f82546e1dad64	0	0	0	0	0	4	0	0	0	0	0	0	0	0
ac33289a936600b0d7c1be83a518dad3	0	0	0	0	0	4	0	0	0	0	0	0	0	0
31a24cbdbf80106c7479cb76d1c933e2	0	0	0	0	0	4	0	0	0	0	0	0	0	0
734923be8319e625da4033a2301026a9	0	0	0	0	0	4	0	0	0	0	0	0	0	0
e18e5be435598102cd369d6d8a667f87	0	0	0	0	0	4	0	0	0	0	0	0	0	0
c3acf7aa6afd9098ffb97933b8b0fa95	0	0	0	0	0	4	0	0	0	0	0	0	0	0
a3c7ef6c7cfce280fb19c165b82bc99a	0	0	0	0	0	4	0	0	0	0	0	0	0	0
9a9a5a85b17464e6bee2f1d140e68a9b	0	0	0	0	0	4	0	0	0	0	0	0	0	0
5ba1077cc15a586552e93a10c8539ec4	0	0	0	0	0	4	0	0	0	0	0	0	0	0
58a3f551ca60779f5dfe024882adf1c3	0	0	0	0	0	4	0	0	0	0	0	0	0	0
776593a1ee445f24a86e08248e510b75	0	0	0	0	0	4	0	0	0	0	0	0	0	0
b1b409f63c7daa406a2e62644922c0f1	0	0	0	0	0	4	0	0	0	0	0	0	0	0
c4f90d735c150c1f1441fa9218a67dce	0	0	0	0	0	4	0	0	0	0	0	0	0	0
a1e530f9e36dad7f3528ce826271385a	0	0	0	0	0	4	0	0	0	0	0	0	0	0
f97d88d7e328f57e1ee9831768ee5b7c	0	0	0	0	0	4	0	0	0	0	0	0	0	0
30bec27558de52c006acefaea8d2f092	0	0	0	0	0	4	0	0	0	0	0	0	0	0
bff1ad55df4b0ff719e2ca5be941d1a6	0	0	0	0	0	4	0	0	0	0	0	0	0	0
95ea485498abc1e7a758ce3ad55bd8e9	0	0	0	0	0	4	0	0	0	0	0	0	0	0
afbe8ec769491dae9ef660290bcd7956	0	0	0	0	0	4	0	0	0	0	0	0	0	0
7f349bd0244794e0ca584463cc1b9666	0	0	0	0	0	4	0	0	0	0	0	0	0	0
ce0c9bab9722aef1350219a2b4aa86b5	0	0	0	0	0	4	0	0	0	0	0	0	0	0
c23288fdcb5ade7f79ae5d25283ab59e	0	0	0	0	0	4	0	0	0	0	0	0	0	0
1f3fa9762b0d55a08c78e742e7cf44b3	0	0	0	0	0	4	0	0	0	0	0	0	0	0
bb87a764b79e698c37e437faec4ead80	0	0	0	0	0	4	0	0	0	0	0	0	0	0
2cb4c3f4b9a21a702d1d6a60c6c9eb17	0	0	0	0	0	4	0	0	0	0	0	0	0	0
8585bca13d236d87f2198bd3fbc0585a	0	0	0	0	0	4	0	0	0	0	0	0	0	0
66eda4b9fe69b8cd3c9d9d0ddf0c4b50	0	0	0	0	0	4	0	0	0	0	0	0	0	0
0474810bffcd2a084895e451eee64b64	0	0	0	0	0	4	0	0	0	0	0	0	0	0
4a87ea7170534755422b9dda024a1628	0	0	0	0	0	4	0	0	0	0	0	0	0	0
2f97aa3cc310095dc385117e3d97d6af	0	0	0	0	0	4	0	0	0	0	0	0	0	0
f215897973efd0c210244e6ab910c503	0	0	0	0	0	4	0	0	0	0	0	0	0	0
1d95125c7c6a4527ddcbe32d64b0a0e3	0	0	0	0	0	4	0	0	0	0	0	0	0	0
33de7713647df0aeabcfa92a451a2582	0	0	0	0	0	4	0	0	0	0	0	0	0	0
30ccb00fb016cbc59e6fecd757787062	0	0	0	0	0	4	0	0	0	0	0	0	0	0
302d297056e99a6995e58dd53629bd4d	0	0	0	0	0	4	0	0	0	0	0	0	0	0
bba9c8845f246dd4c5a902395d76c3e3	0	0	0	0	0	4	0	0	0	0	0	0	0	0
a647f6f6dd769dc8cb70c1fd4e320f27	0	0	0	0	0	4	0	0	0	0	0	0	0	0
b1883d47c92a420e977e2fd401a4e6c4	0	0	0	0	0	4	0	0	0	0	0	0	0	0
15c126d01f03ac473110ace09bbce6fa	0	0	0	0	0	4	0	0	0	0	0	0	0	0
6a1722965b0bf1d70197c8b57029f261	0	0	0	0	0	4	0	0	0	0	0	0	0	0
50ba6b0a155bbce05aa6e06bc2cb7e44	0	0	0	0	0	4	0	0	0	0	0	0	0	0
5ee3715361456f32b24d9949fd11f0bf	0	0	0	0	0	4	0	0	0	0	0	0	0	0
b12b295e9716733de88f9f53828f34eb	0	0	0	0	0	4	0	0	0	0	0	0	0	0
a37fbaaabdac2d09644345ce49da744e	0	0	0	0	0	4	0	0	0	0	0	0	0	0
20f401247ce14e202f826aa64681a6c3	0	0	0	0	0	4	0	0	0	0	0	0	0	0
d112c5da3c1a2ba054a271e08b47013d	0	0	0	0	0	4	0	0	0	0	0	0	0	0
12bb25b2d04e3aee34673c3f4ed4414e	0	0	0	0	0	4	0	0	0	0	0	0	0	0
0befe2592062c85fee745a21e4e2c3c1	0	0	0	0	0	4	0	0	0	0	0	0	0	0
c715ca051bdb6609a4ba2545f6613485	0	0	0	0	0	4	0	0	0	0	0	0	0	0
601fcd581165a8336742705315045949	0	0	0	0	0	4	0	0	0	0	0	0	0	0
0e73f1dc4244714ae68c934029da8b93	0	0	0	0	0	4	0	0	0	0	0	0	0	0
0349f2ad9fd848c946336c32a9daabed	0	0	0	0	0	4	0	0	0	0	0	0	0	0
fb06403800d359d3dc2fb80acb952396	0	0	0	0	0	4	0	0	0	0	0	0	0	0
f67902dcf59fdad94d0eacf5a402101c	0	0	0	0	0	4	0	0	0	0	0	0	0	0
cb93176f1fa09e256e31c2c879d5b16b	0	0	0	0	0	4	0	0	0	0	0	0	0	0
505a2af5277882f541d5f3a441528c17	0	0	0	0	0	4	0	0	0	0	0	0	0	0
bf880768674ae8e432766222528dd184	0	0	0	0	0	4	0	0	0	0	0	0	0	0
fa681ba808e8080a2f535a1436c137d5	0	0	0	0	0	4	0	0	0	0	0	0	0	0
9bc0afeff973295d7aa055b78296d5bc	0	0	0	0	0	4	0	0	0	0	0	0	0	0
949ade16bafe85211b9e33ccbdb077b5	0	0	0	0	0	4	0	0	0	0	0	0	0	0
e8e1c92b85c81200dbe9dcadfb774333	0	0	0	0	0	4	0	0	0	0	0	0	0	0
024719c3ef76f5f1695df41418fa0038	0	0	0	0	0	2	2	0	0	0	0	0	0	0
fecb5eeff27549b0b80db9d3ac233aa9	0	0	0	0	0	2	2	0	0	0	0	0	0	0
1a52b17f26c75ee08f207252891b48e7	0	0	0	0	0	1	3	0	0	0	0	0	0	0
8021537907f3f31e3c2f901a7e18e389	0	0	0	0	0	1	3	0	0	0	0	0	0	0
fafcad4c97a7b92f0a7f0d8aad2df906	0	0	0	0	0	0	4	0	0	0	0	0	0	0
09a0f1061c1399bcf2dcd05550b6ea50	0	0	0	0	0	0	4	0	0	0	0	0	0	0
ef62690ea544a2a9dd591cd8cb32ddf3	0	0	0	0	0	0	4	0	0	0	0	0	0	0
c7ab9cbd15bc5c9902c508910b88ff48	0	0	0	0	0	0	4	0	0	0	0	0	0	0
9856b26d13dfad883a1806fe96fc367a	0	0	0	0	0	0	4	0	0	0	0	0	0	0
6fd3bbd58ef2645999bc041fcf94a6d3	0	0	0	0	0	0	4	0	0	0	0	0	0	0
7a012fef673d2b173a853be8b4ad016d	0	0	0	0	0	0	4	0	0	0	0	0	0	0
2a8cc407dd3076e36e5953314d296a33	0	0	0	0	0	0	4	0	0	0	0	0	0	0
c4568fc0705c167996d2a1122dff7712	0	0	0	0	0	0	4	0	0	0	0	0	0	0
257bd8c815206187d354340a14396364	0	0	0	0	0	0	4	0	0	0	0	0	0	0
af37ff8603c901e426185e4c2a51217d	0	0	0	0	0	0	4	0	0	0	0	0	0	0
15163c5229843e2255b3ed13a10db999	0	0	0	0	0	0	4	0	0	0	0	0	0	0
e64a9a25521b02d4200bc4b866fe7a98	0	0	0	0	0	0	4	0	0	0	0	0	0	0
382b4d54515dfb8b29a0db3080a74685	0	0	0	0	0	0	4	0	0	0	0	0	0	0
8cd52300b985b6db3316d7e91ab1b67e	0	0	0	0	0	0	4	0	0	0	0	0	0	0
af21cd6bd243e82afe4378c0ed426869	0	0	0	0	0	0	4	0	0	0	0	0	0	0
9e831492f2fef2f774005d02ebb68f42	0	0	0	0	0	0	4	0	0	0	0	0	0	0
cc9a3f81027f75af601ac820200929f8	0	0	0	0	0	0	4	0	0	0	0	0	0	0
f2d5ff803cb6ec43860be065364e7241	0	0	0	0	0	0	4	0	0	0	0	0	0	0
fd9c1e289e3c2736cebc1b56e37da1c1	0	0	0	0	0	0	4	0	0	0	0	0	0	0
82a257efc537e5f6f08f6ae6e4d1f9cc	0	0	0	0	0	0	4	0	0	0	0	0	0	0
0820be2ad0a5bc41f1e84b0286f5812d	0	0	0	0	0	0	4	0	0	0	0	0	0	0
d96058b9fbef4545f36fc2ab813b56cd	0	0	0	0	0	0	4	0	0	0	0	0	0	0
d17da1ec327616a53b2a05c2c1a5d159	0	0	0	0	0	0	4	0	0	0	0	0	0	0
b378b489a40218f2661a13be489d6926	0	0	0	0	0	0	4	0	0	0	0	0	0	0
8e95493e7b7de5222b4dbd0fa353643f	0	0	0	0	0	0	4	0	0	0	0	0	0	0
6b3b301824926d2a37d8fc36f99e9fde	0	0	0	0	0	0	4	0	0	0	0	0	0	0
31bd6de861597bd9b129797e00cfcc38	0	0	0	0	0	0	4	0	0	0	0	0	0	0
e0e09fa8fb425ca71f0076fb1473cb3e	0	0	0	0	0	0	4	0	0	0	0	0	0	0
0bf9fd0b59b503e3163a4b085f86ac10	0	0	0	0	0	0	4	0	0	0	0	0	0	0
92607564a8a6d0a2179128ba67f427fc	0	0	0	0	0	0	4	0	0	0	0	0	0	0
a956d3782f8aaa073ccbeaefead2abef	0	0	0	0	0	0	4	0	0	0	0	0	0	0
ecda1d2a5f6ed8fe2742b5238bcb5be3	0	0	0	0	0	0	4	0	0	0	0	0	0	0
6f0ffbee2dda57f85ee99542697f9379	0	0	0	0	0	0	4	0	0	0	0	0	0	0
1d16a397d11d9c58f17bdf5abe2bbb50	0	0	0	0	0	0	4	0	0	0	0	0	0	0
54ea7756000cb49255c78eb893b29f22	0	0	0	0	0	0	4	0	0	0	0	0	0	0
072fe8eaab951075694b16d14c0cf04b	0	0	0	0	0	0	4	0	0	0	0	0	0	0
cc0810b9e8f75978ffe47926ac5939a4	0	0	0	0	0	0	4	0	0	0	0	0	0	0
b0411eeb8ff77906818923d86d04dbb9	0	0	0	0	0	0	4	0	0	0	0	0	0	0
7e6730ff2656f1dfb73f9dc26a043b74	0	0	0	0	0	0	4	0	0	0	0	0	0	0
c0365400a3294a5f5113b7a6770846ee	0	0	0	0	0	0	4	0	0	0	0	0	0	0
1c3f61d4e5e8d8f882424ae1cd08eef3	0	0	0	0	0	0	4	0	0	0	0	0	0	0
7cac630d5cf788c49ba3409280450e98	0	0	0	0	0	0	4	0	0	0	0	0	0	0
27369b3006eed2d8777b3c7af07eb226	0	0	0	0	0	0	4	0	0	0	0	0	0	0
6a70b7789c18cefc2a823f0652e95c8a	0	0	0	0	0	0	4	0	0	0	0	0	0	0
a65e82013ef958d6297908df8d6c69b2	0	0	0	0	0	0	4	0	0	0	0	0	0	0
fa6112359a417d3c8185ba2e979b3e71	0	0	0	0	0	0	4	0	0	0	0	0	0	0
7bfa67535579449a4e1a1766ce49d094	0	0	0	0	0	0	4	0	0	0	0	0	0	0
417a47be7bd9d278ccdf8448c6d1dbc2	0	0	0	0	0	0	4	0	0	0	0	0	0	0
e0189a03c345b6d2c53d043564d0e106	0	0	0	0	0	0	4	0	0	0	0	0	0	0
158edb5f4e34ee765002655032a9deda	0	0	0	0	0	0	4	0	0	0	0	0	0	0
637e1343f13d40372d28947df7038471	0	0	0	0	0	0	4	0	0	0	0	0	0	0
475079769b9da75af5b4a774b831037d	0	0	0	0	0	0	4	0	0	0	0	0	0	0
de004eab69707bde20799b9d79374bd1	0	0	0	0	0	0	4	0	0	0	0	0	0	0
8a977cfebd628664784bc49f513d9ac0	0	0	0	0	0	0	4	0	0	0	0	0	0	0
60a5d631293aedfe2db5d4ebb0b31fd5	0	0	0	0	0	0	4	0	0	0	0	0	0	0
29453649d22d89bbc5118ed4a38516e3	0	0	0	0	0	0	4	0	0	0	0	0	0	0
bac2c2af98ef492e78a32fb5e7bf7330	0	0	0	0	0	0	4	0	0	0	0	0	0	0
ba982169ca796f25b375eb5583508129	0	0	0	0	0	0	4	0	0	0	0	0	0	0
bf1991b6292bad3f13bd60e215ce84b4	0	0	0	0	0	0	4	0	0	0	0	0	0	0
a41831c2303e679d3d9c43f5cea0e16e	0	0	0	0	0	0	4	0	0	0	0	0	0	0
c0e4416d218361967b21b37e42b4d786	0	0	0	0	0	0	4	0	0	0	0	0	0	0
242a5099fa4e9ef91bdacd9f65fd1bcb	0	0	0	0	0	0	4	0	0	0	0	0	0	0
51696d7a77ab4ff69cf4ba91ba679c44	0	0	0	0	0	0	4	0	0	0	0	0	0	0
faaa981c8d66036f385728bb8385b3e8	0	0	0	0	0	0	4	0	0	0	0	0	0	0
3670fe8c2c7970927c9defcb5991c704	0	0	0	0	0	0	4	0	0	0	0	0	0	0
62aee454aef0662147f774477b79504e	0	0	0	0	0	0	4	0	0	0	0	0	0	0
7bd81d361e85b539b073a2cb4cdf0cd5	0	0	0	0	0	0	4	0	0	0	0	0	0	0
73fc30f9c3affea706c7a20b64574596	0	0	0	0	0	0	4	0	0	0	0	0	0	0
8913dd48a963b0d62e3c7b1fc76cdd43	0	0	0	0	0	0	4	0	0	0	0	0	0	0
8c2d878a7f8892ae2d73c3fed605f1ba	0	0	0	0	0	0	4	0	0	0	0	0	0	0
0903659598509eb26f700e9a16baae85	0	0	0	0	0	0	4	0	0	0	0	0	0	0
679cc8a3334e1bfc2d0d60ac62fcf78d	0	0	0	0	0	0	4	0	0	0	0	0	0	0
db02a31bdcc08b9e32a582433e7cef45	0	0	0	0	0	0	4	0	0	0	0	0	0	0
bd204a67cfcd407cca8844778c606d17	0	0	0	0	0	0	4	0	0	0	0	0	0	0
4c82fc97833b1537c3aae4367e5d9a12	0	0	0	0	0	0	4	0	0	0	0	0	0	0
f52b813c3c8ae74233437503aa488cee	0	0	0	0	0	0	4	0	0	0	0	0	0	0
01974157f190a6246336da403a2e5043	0	0	0	0	0	0	4	0	0	0	0	0	0	0
f6788f14ae60776898002f1cbb3e8e35	0	0	0	0	0	0	4	0	0	0	0	0	0	0
6f008d406bec788f2e4d5cba593a8ea2	0	0	0	0	0	0	4	0	0	0	0	0	0	0
bb301939294b8a73cb9b7d26109d56bc	0	0	0	0	0	0	4	0	0	0	0	0	0	0
e623ee1a78fd764a0cce78b46821baa4	0	0	0	0	0	0	4	0	0	0	0	0	0	0
c61425b9c23e2720ea77bebdd6751e55	0	0	0	0	0	0	4	0	0	0	0	0	0	0
d7ae1828f84415910bf7acdfcc63c7df	0	0	0	0	0	0	4	0	0	0	0	0	0	0
7a3f705613c9f06625a2a40c69a731a3	0	0	0	0	0	0	4	0	0	0	0	0	0	0
6b7a901fe9748518e218670352f1a997	0	0	0	0	0	0	4	0	0	0	0	0	0	0
f5477d5e30827cf589af47b938aa56f6	0	0	0	0	0	0	4	0	0	0	0	0	0	0
01812e8e6ae89f9ebe8c4c4e0f49842a	0	0	0	0	0	0	4	0	0	0	0	0	0	0
61392637f113bc888c6aeba17a51a001	0	0	0	0	0	0	4	0	0	0	0	0	0	0
9c42ba6ed05bccafedb2bb3280e07189	0	0	0	0	0	0	4	0	0	0	0	0	0	0
7dff0d0a680f78239c0a56f8736f6bc2	0	0	0	0	0	0	4	0	0	0	0	0	0	0
c7f962f2909b091aac411a7032a6e6ff	0	0	0	0	0	0	4	0	0	0	0	0	0	0
bd0d379f528d39c352c482d32a64668a	0	0	0	0	0	0	0	4	0	0	0	0	0	0
0dfa2e0f49ec8afdda496983fa5e3601	0	0	0	0	0	0	0	4	0	0	0	0	0	0
967406fafe2ea79f6e3b00741cea8ac7	0	0	0	0	0	0	0	4	0	0	0	0	0	0
9dc5a82b411d61014e21cf025549d65c	0	0	0	0	0	0	0	4	0	0	0	0	0	0
59dc7cfa9f8d7647432967fa82ae6339	0	0	0	0	0	0	0	4	0	0	0	0	0	0
e6482a97070d4eb9ad8162027b2b3de6	0	0	0	0	0	0	0	4	0	0	0	0	0	0
e1a170632cc08dcb4aa1c803765accf1	0	0	0	0	0	0	0	4	0	0	0	0	0	0
bc0dcfd56bf986bba80c37aa17302085	0	0	0	0	0	0	0	4	0	0	0	0	0	0
21502aeb1b70adaeb590b53cf6d6c711	0	0	0	0	0	0	0	4	0	0	0	0	0	0
833a5bceff423e3db64c84ff62792c90	0	0	0	0	0	0	0	4	0	0	0	0	0	0
83923942ba93344093d65772a6471a84	0	0	0	0	0	0	0	4	0	0	0	0	0	0
a63e3bcde60dafcfbd868bd212dbc0e7	0	0	0	0	0	0	0	4	0	0	0	0	0	0
0ba9633912af150abf8796dc4a4bb4e3	0	0	0	0	0	0	0	4	0	0	0	0	0	0
cfc72028371a84c95863d987326c4327	0	0	0	0	0	0	0	4	0	0	0	0	0	0
ce4bc8e6d9c3d14c0deb3d2b2140cbcc	0	0	0	0	0	0	0	4	0	0	0	0	0	0
ae38d12d2f0c2ec642a2fb5386dc21cb	0	0	0	0	0	0	0	4	0	0	0	0	0	0
1e60c0456141050c5fa1a9e22da2ed97	0	0	0	0	0	0	0	4	0	0	0	0	0	0
0a26a6164e7211e64e06bfc642525a02	0	0	0	0	0	0	0	4	0	0	0	0	0	0
b3c8662214e44454149ebd0a6316fb24	0	0	0	0	0	0	0	4	0	0	0	0	0	0
fafa1cc1f73fe490e05ef9d3ca192d1a	0	0	0	0	0	0	0	4	0	0	0	0	0	0
ba2eba99d201f87e7cadf437dc50e565	0	0	0	0	0	0	0	4	0	0	0	0	0	0
165c15e56d9ce335134b7799a7e63ca9	0	0	0	0	0	0	0	4	0	0	0	0	0	0
12a1c4e9ee03cdbf70fb92ec885ae84c	0	0	0	0	0	0	0	4	0	0	0	0	0	0
702334f43ad91f5b235cc22bb2cd7f1a	0	0	0	0	0	0	0	4	0	0	0	0	0	0
9ce34097241141f9dc15776958210ebf	0	0	0	0	0	0	0	4	0	0	0	0	0	0
a0fbf5868a5d9d27a593cf83736ff3c0	0	0	0	0	0	0	0	4	0	0	0	0	0	0
64525f4708b16a9ebc394acd828898c9	0	0	0	0	0	0	0	4	0	0	0	0	0	0
0d080f67414d15cc2249b59b16a2f0de	0	0	0	0	0	0	0	4	0	0	0	0	0	0
eee4a0385b89a751112fda68f2dd72be	0	0	0	0	0	0	0	4	0	0	0	0	0	0
29c22c27b5ed6321c6abbb89b8cce433	0	0	0	0	0	0	0	4	0	0	0	0	0	0
da5cade8edae931bb849981a79e2e584	0	0	0	0	0	0	0	4	0	0	0	0	0	0
8dcbc20204e2c928555b13dfa7cd8700	0	0	0	0	0	0	0	4	0	0	0	0	0	0
00d109ec55558bc515343e82383a5c29	0	0	0	0	0	0	0	4	0	0	0	0	0	0
82f122987f2d282c32d1b1f524b40679	0	0	0	0	0	0	0	4	0	0	0	0	0	0
23c2db08aa5403533b5655ed51eb2ca4	0	0	0	0	0	0	0	4	0	0	0	0	0	0
0403dcf68e158eae2dfa0a1d61bc1cae	0	0	0	0	0	0	0	4	0	0	0	0	0	0
29f7462fcd52332cdfbb86be559f4c2e	0	0	0	0	0	0	0	4	0	0	0	0	0	0
8bbb0d33b75170169e8466cab195adf3	0	0	0	0	0	0	0	4	0	0	0	0	0	0
b80cb0a279cf4dfddd0f627a4c996595	0	0	0	0	0	0	0	4	0	0	0	0	0	0
b7a5a9ff525d6768ef98460ae7d15177	0	0	0	0	0	0	0	4	0	0	0	0	0	0
1935bc4c9982d58f98abe16725cc9595	0	0	0	0	0	0	0	4	0	0	0	0	0	0
2081a87899a0b361a32bbf904517052d	0	0	0	0	0	0	0	4	0	0	0	0	0	0
80428af8f0c2cb23f47fd6a0c9a4a49b	0	0	0	0	0	0	0	4	0	0	0	0	0	0
17845e2e79121c4a054091265380e2b5	0	0	0	0	0	0	0	4	0	0	0	0	0	0
e75e3481b072a471355d3364f85089b7	0	0	0	0	0	0	0	4	0	0	0	0	0	0
47637962c79aabc858c3803058c272de	0	0	0	0	0	0	0	4	0	0	0	0	0	0
d7df22c9becfb583c2e7ddce419bca40	0	0	0	0	0	0	0	4	0	0	0	0	0	0
f49ef86a35e4c07fa71ac0826d748a47	0	0	0	0	0	0	0	4	0	0	0	0	0	0
5aa4d16af4701d6d7cf44a0e362e4770	0	0	0	0	0	0	0	4	0	0	0	0	0	0
5b249d35d6c24a381e5e55323277e486	0	0	0	0	0	0	0	4	0	0	0	0	0	0
107d9d4e55cdc547abb182a54419cc73	0	0	0	0	0	0	0	4	0	0	0	0	0	0
4629f8b0598557dcd3e632a29a5e65c3	0	0	0	0	0	0	0	4	0	0	0	0	0	0
7dd976692b7a296100b8a9e084b87bf3	0	0	0	0	0	0	0	4	0	0	0	0	0	0
8873b4ce5db956b1d5b03ea803e88776	0	0	0	0	0	0	0	4	0	0	0	0	0	0
30a9824244893704eb43b059ea3c939d	0	0	0	0	0	0	0	4	0	0	0	0	0	0
90a9864b5a50f5d301bba95e6d89c3c5	0	0	0	0	0	0	0	4	0	0	0	0	0	0
61e3e62dbbf3368c475022a924621b29	0	0	0	0	0	0	0	4	0	0	0	0	0	0
3648700197013644c7b831d55fa3ea09	0	0	0	0	0	0	0	4	0	0	0	0	0	0
92d383f302c207951e88eb649f487802	0	0	0	0	0	0	0	4	0	0	0	0	0	0
af1f151bf371898948b59b2029e44201	0	0	0	0	0	0	0	4	0	0	0	0	0	0
a12e780dd09f86872859963d6a0ffc85	0	0	0	0	0	0	0	4	0	0	0	0	0	0
e3a118783ff0debfb3477eb9a8027293	0	0	0	0	0	0	0	4	0	0	0	0	0	0
bb40eb7d8a18de637c8deb64ef9b9ce3	0	0	0	0	0	0	0	4	0	0	0	0	0	0
01c24731dd7bda4b2a558796f1798552	0	0	0	0	0	0	0	4	0	0	0	0	0	0
33fea40a6e081de027392e89ace7cd9a	0	0	0	0	0	0	0	0	0	4	0	0	0	0
7b7fd0b975c1ceedb04edd10ff36e3d7	0	0	0	0	0	0	0	0	0	0	0	0	0	4
aeb9f5b6c92e80b955d710e3f2079b9f	0	0	0	0	0	0	0	0	0	0	0	0	0	4
de04ce6e68eb59fe4ebff0ad1fd9e2bb	0	0	0	0	0	0	0	0	0	0	0	0	0	4
851c137d89117d5bd8cd3b971518448d	0	0	0	0	0	0	0	0	0	0	0	0	0	4
1501756c7a31b53c6ac2817a24c922d7	0	0	0	0	0	0	0	0	0	0	0	0	0	4
662d262726cd24e33bdbdd023584cb92	0	0	0	0	0	0	0	0	0	0	0	0	0	4
59b529c16cebe69fc54fc9eb483ebcf2	0	0	0	0	0	0	0	0	0	0	0	0	0	4
76d60a19daa49d8225790b78eb16d40c	0	0	0	0	0	0	0	0	0	0	0	0	0	4
7afcefbac3b69d09fc0c281c2a40f838	0	0	0	0	0	0	0	0	0	0	0	0	0	4
929be7a2095fc8de7ea45619a45ee27c	0	0	0	0	0	0	0	0	0	0	0	0	0	4
a7d697bb7fb08da8e63b9526b045c8cf	0	0	0	0	0	0	0	0	0	0	0	0	0	4
bdaad5a16ed69295dbe2e8c833628080	0	0	0	0	0	0	0	0	0	0	0	0	0	4
ff0524d8e815d15e8b4132856039ea06	0	0	0	0	0	0	0	0	0	0	0	0	0	4
8442748e140e35c2b7633d58643ed5c9	0	0	0	0	0	0	0	0	0	0	0	0	0	4
fe659966344ced0c9b50f193f0b567b3	0	0	0	0	0	0	0	0	0	0	0	0	0	4
2ba8faaac1d3f33bc402a7a22c1d922e	0	0	0	0	0	0	0	0	0	0	0	0	0	4
32b42d8495edda57c7360ff3e5f10dda	0	0	0	0	0	0	0	0	0	0	0	0	0	4
64dfc6757dbcd190251b08765a92e6c4	0	0	0	0	0	0	0	0	0	0	0	0	0	4
62118246597b4fdea52ee118b1575670	0	0	0	0	0	0	0	0	0	0	0	0	0	4
e02f467217cc6ca865dd1992a5e05075	0	0	0	0	0	0	0	0	0	0	0	0	0	4
b2bf06bd666f59b138d0e25af48f11fd	0	0	0	0	0	0	0	0	0	0	0	0	0	4
40067ee4442519bdbc94cd1844c78858	0	0	0	0	0	0	0	0	0	0	0	0	0	4
893770ca4f08216d5918b3d61ac525f4	0	0	0	0	0	0	0	0	0	0	0	0	0	4
88004876cfed8f22f962146e8ffc962b	0	0	0	0	0	0	0	0	0	0	0	0	0	4
4c4d721422c931d9d8da0fead025fd09	0	0	0	0	0	0	0	0	0	0	0	0	0	4
9128b036fd1a1ff9379c63a589a28522	3	0	0	0	0	0	0	0	0	0	0	0	0	0
4b9005b7021d9d1cbaca1e4041965649	3	0	0	0	0	0	0	0	0	0	0	0	0	0
fa52744aa83a4f2534501ff7f84ce40b	0	3	0	0	0	0	0	0	0	0	0	0	0	0
4d25181762986b140365217336b196d1	0	3	0	0	0	0	0	0	0	0	0	0	0	0
b601c60d3a740c45d16d0bf5b2bdba02	0	3	0	0	0	0	0	0	0	0	0	0	0	0
0e69f6eb3f567464a70842cb3382f225	0	3	0	0	0	0	0	0	0	0	0	0	0	0
1a857e51340eafe84dde9d4df75be293	0	3	0	0	0	0	0	0	0	0	0	0	0	0
2db7100d7633e9804d9858a2e43a837b	0	3	0	0	0	0	0	0	0	0	0	0	0	0
fbfcda39d12003ffe835d4e34e85eea8	0	3	0	0	0	0	0	0	0	0	0	0	0	0
9e2de7140d9e903e0e63300eac0036e0	0	3	0	0	0	0	0	0	0	0	0	0	0	0
3bdec8ea2cc82954379e60b371044eb5	0	3	0	0	0	0	0	0	0	0	0	0	0	0
da5ce32f744e82d96dbbbdd715aea48c	0	3	0	0	0	0	0	0	0	0	0	0	0	0
1f4e747eb8e3b00cc39c82a20323830d	0	3	0	0	0	0	0	0	0	0	0	0	0	0
b2c417c95d92dc76be6f339ce9898fbb	0	3	0	0	0	0	0	0	0	0	0	0	0	0
91acc6a4e6c3276de64c3197c90cdd1e	0	3	0	0	0	0	0	0	0	0	0	0	0	0
55340dd1d93638462191e37b24202114	0	3	0	0	0	0	0	0	0	0	0	0	0	0
b0376230ee9feb507bddbc71c8c62863	0	3	0	0	0	0	0	0	0	0	0	0	0	0
bc44a3b8dfc8b0f23bc0096c959752c1	0	3	0	0	0	0	0	0	0	0	0	0	0	0
2d4f13118e89eb3cd48168b0b3711c22	0	3	0	0	0	0	0	0	0	0	0	0	0	0
0bee7533998e4d61354f2443ce6323c5	0	3	0	0	0	0	0	0	0	0	0	0	0	0
65ecfacd79cdf6b6814201e939aa2899	0	3	0	0	0	0	0	0	0	0	0	0	0	0
c8cb2eeb91eff9c577e85b7edea0b5ab	0	3	0	0	0	0	0	0	0	0	0	0	0	0
7ad224c0907e20a7981ca44bd9804323	0	3	0	0	0	0	0	0	0	0	0	0	0	0
933bb0de4d24a6ce48aa9d18754c5024	0	3	0	0	0	0	0	0	0	0	0	0	0	0
fbf562539b725a88cdc7568325fd28a3	0	3	0	0	0	0	0	0	0	0	0	0	0	0
fc18b1487ab621e3cc3cae187abcbce0	0	3	0	0	0	0	0	0	0	0	0	0	0	0
3fb1f6f297184c8621007c5362938889	0	3	0	0	0	0	0	0	0	0	0	0	0	0
861c26565f2335f68076a4d9264815b1	0	3	0	0	0	0	0	0	0	0	0	0	0	0
45287687f96800b374754344db8c0417	0	3	0	0	0	0	0	0	0	0	0	0	0	0
fece5f53a70518acc38c2ec778a0d243	0	3	0	0	0	0	0	0	0	0	0	0	0	0
ba4200a97c5be125560dd4e93381f9f4	0	3	0	0	0	0	0	0	0	0	0	0	0	0
46f1daf2d4d42193d6f718f3a6fbff64	0	3	0	0	0	0	0	0	0	0	0	0	0	0
bb198b6800c4a24c1b2bf7d70fc1644f	0	3	0	0	0	0	0	0	0	0	0	0	0	0
70a22a4af7873615fa50155e72258cc3	0	0	3	0	0	0	0	0	0	0	0	0	0	0
4b2120cf3a1278ef0519d143609550a5	0	0	3	0	0	0	0	0	0	0	0	0	0	0
47e5fc3ec8d2836104e2b581ed810527	0	0	3	0	0	0	0	0	0	0	0	0	0	0
e714f34094e178acc2224e2f34a0540b	0	0	3	0	0	0	0	0	0	0	0	0	0	0
82345dd6710a3a13e3a31f27b834ac5d	0	0	3	0	0	0	0	0	0	0	0	0	0	0
51b32116fe30fa875d280e1f85c64a2e	0	0	3	0	0	0	0	0	0	0	0	0	0	0
a69138c7488394698ee605d9d44f76da	0	0	3	0	0	0	0	0	0	0	0	0	0	0
8ecb6af7df577235140839e918039bef	0	0	3	0	0	0	0	0	0	0	0	0	0	0
b73bec9bc67436dbe652e7df3a2342a4	0	0	3	0	0	0	0	0	0	0	0	0	0	0
e30490ffc048b085b0639475f134bdf6	0	0	3	0	0	0	0	0	0	0	0	0	0	0
64d5518d0c0319555e91fdd05501c093	0	0	3	0	0	0	0	0	0	0	0	0	0	0
3063ad437f653e094ae543dce5949bfc	0	0	3	0	0	0	0	0	0	0	0	0	0	0
1c4295bae0ab08e86bfd8bd0b1d4b874	0	0	3	0	0	0	0	0	0	0	0	0	0	0
b8fe28731dfafa9e975b8d0d07f11f7b	0	0	3	0	0	0	0	0	0	0	0	0	0	0
f76035aa5242e6840329b445ef1cfc06	0	0	3	0	0	0	0	0	0	0	0	0	0	0
fd274606d1d4ea7512a60c11b547066b	0	0	3	0	0	0	0	0	0	0	0	0	0	0
8bf90e574750e9245b253900b638a460	0	0	3	0	0	0	0	0	0	0	0	0	0	0
4d19555ca134be430097a48f9e4003d0	0	0	3	0	0	0	0	0	0	0	0	0	0	0
a0b4f066c80b0b50dbdfd81d6fd40d0a	0	0	3	0	0	0	0	0	0	0	0	0	0	0
e03961ef862c5f95469b91f516eb87fc	0	0	3	0	0	0	0	0	0	0	0	0	0	0
c069e0ce8a8df8e004027c0bfddb51c0	0	0	3	0	0	0	0	0	0	0	0	0	0	0
ce72ef6bb129c381f1c3576d3a5c2bcd	0	0	3	0	0	0	0	0	0	0	0	0	0	0
2b78a4599de92b755fe12b8af583c416	0	0	3	0	0	0	0	0	0	0	0	0	0	0
e3b90e3f4ae075d0d701bbfc48cbddc2	0	0	3	0	0	0	0	0	0	0	0	0	0	0
07458a43253353bd4bd74c06777c189e	0	0	3	0	0	0	0	0	0	0	0	0	0	0
460b9eec74cdb9663d605e531624c035	0	0	3	0	0	0	0	0	0	0	0	0	0	0
27d982f677a65561026564f9a6b9dc92	0	0	3	0	0	0	0	0	0	0	0	0	0	0
7b20dd2a8c6d1350fa3dfdd1c61e5a61	0	0	3	0	0	0	0	0	0	0	0	0	0	0
6cc3aad419e32b9de94d7c90da4dd71c	0	0	3	0	0	0	0	0	0	0	0	0	0	0
4f3fd284486a114c58719350c9d96786	0	0	3	0	0	0	0	0	0	0	0	0	0	0
2683cda685cf418be0ff87ffbcd89c09	0	0	3	0	0	0	0	0	0	0	0	0	0	0
12f09e62382871e33aaef92779b2ad60	0	0	3	0	0	0	0	0	0	0	0	0	0	0
78b6068bfb07b88a3f643edcb5e06c73	0	0	3	0	0	0	0	0	0	0	0	0	0	0
2a6acfe35dd41d2b3c1d80e29ebc5af5	0	0	3	0	0	0	0	0	0	0	0	0	0	0
ff18dbc0a9497d58791e6b1825efb24f	0	0	3	0	0	0	0	0	0	0	0	0	0	0
b7c304ad27ba05e4be7b23010dcb3847	0	0	3	0	0	0	0	0	0	0	0	0	0	0
9ff7346faf58989b5291cf81a245e38b	0	0	3	0	0	0	0	0	0	0	0	0	0	0
44135c4ac67fe3b955a2a5a2b9e670f0	0	0	3	0	0	0	0	0	0	0	0	0	0	0
f5ba62884858629ed2078dcfd12033bc	0	0	3	0	0	0	0	0	0	0	0	0	0	0
9dfa2b79091d4c3fae3f360fa1333417	0	0	3	0	0	0	0	0	0	0	0	0	0	0
62cd792f4b70f329eccf5b052e144e6a	0	0	3	0	0	0	0	0	0	0	0	0	0	0
baba2475bcb072eca046e96755ee911e	0	0	3	0	0	0	0	0	0	0	0	0	0	0
2c4ef7b483a28102bcd5f3671a4ffa8b	0	0	3	0	0	0	0	0	0	0	0	0	0	0
ca3ddad62a0f91504a4cbf0636e2e2f0	0	0	3	0	0	0	0	0	0	0	0	0	0	0
4799327d844e12de33d61b147abcf82a	0	0	3	0	0	0	0	0	0	0	0	0	0	0
b0f646be65a5c8f79a2ccdea197139ef	0	0	3	0	0	0	0	0	0	0	0	0	0	0
d38ddcb160a07613dbb668669d7d1b46	0	0	3	0	0	0	0	0	0	0	0	0	0	0
c3d2863fe203ad044936a3dba35dca7f	0	0	3	0	0	0	0	0	0	0	0	0	0	0
5e05dd3b607bd7679de89d99f591d987	0	0	3	0	0	0	0	0	0	0	0	0	0	0
e1c951273ea537f1a1caf49bac024c18	0	0	3	0	0	0	0	0	0	0	0	0	0	0
1eac0eb4069dc7b8cfef87b84947e870	0	0	3	0	0	0	0	0	0	0	0	0	0	0
ef742c75bc9babd9f642d413bc447c09	0	0	3	0	0	0	0	0	0	0	0	0	0	0
9042fa189562311894f6c3d2e6f1882a	0	0	3	0	0	0	0	0	0	0	0	0	0	0
07d6108cc043c64e378de52538ded9a4	0	0	3	0	0	0	0	0	0	0	0	0	0	0
c0b1d64dcb996f91acadde9daa8bf818	0	0	3	0	0	0	0	0	0	0	0	0	0	0
de545293382d504e58783ce0d8e9ac9c	0	0	3	0	0	0	0	0	0	0	0	0	0	0
c778c1bd8ef919abc1fa80a6b4092566	0	0	3	0	0	0	0	0	0	0	0	0	0	0
c1faa114fec7b54491ea567c2f61db93	0	0	3	0	0	0	0	0	0	0	0	0	0	0
f1d5fafc78bff490d3543a445c7fdd21	0	0	3	0	0	0	0	0	0	0	0	0	0	0
1682a6347dc82e5a7f3dda75684a86fe	0	0	3	0	0	0	0	0	0	0	0	0	0	0
9760f86980d76d89a570d9e1e0800e20	0	0	3	0	0	0	0	0	0	0	0	0	0	0
9c053b4fb554f333eb48e4101ccb7079	0	0	3	0	0	0	0	0	0	0	0	0	0	0
8c4d3b5bf47d2d3f9bdf6f1e45d081c6	0	0	3	0	0	0	0	0	0	0	0	0	0	0
7dd3fb7c7d8faeb5ea867252fc738521	0	0	3	0	0	0	0	0	0	0	0	0	0	0
fdab556358d409b8a8c3175ce6e19014	0	0	3	0	0	0	0	0	0	0	0	0	0	0
9a523b424fd3af96465c34414d431f5f	0	0	3	0	0	0	0	0	0	0	0	0	0	0
cfe3a0e569306e1287c207fcc8ec8ccb	0	0	3	0	0	0	0	0	0	0	0	0	0	0
33d4c8d2b579343857c62c9ca34c9cf3	0	0	3	0	0	0	0	0	0	0	0	0	0	0
0da8e9e5e292e4f6e60a2df4831722cb	0	0	3	0	0	0	0	0	0	0	0	0	0	0
56d9fceed6ffdc9cd8141f37f89dc133	0	0	3	0	0	0	0	0	0	0	0	0	0	0
4d5f465e006874bd16d2edf8530b10e1	0	0	3	0	0	0	0	0	0	0	0	0	0	0
89d15a277eb56cf0613a41eb40a3deae	0	0	3	0	0	0	0	0	0	0	0	0	0	0
cb9aef283321d58c282786900649a305	0	0	3	0	0	0	0	0	0	0	0	0	0	0
02a23633b74e22aebd4c5f182b497ae0	0	0	3	0	0	0	0	0	0	0	0	0	0	0
4d4c16ebbf59cc63b0fe8386b2acfa9e	0	0	3	0	0	0	0	0	0	0	0	0	0	0
60cfb0e6c5eeb7b20e662365c37a0c45	0	0	3	0	0	0	0	0	0	0	0	0	0	0
179baa2f5c70b4d1c6676910c56d9f7c	0	0	3	0	0	0	0	0	0	0	0	0	0	0
607c75ec46b805425ed088c6535679bb	0	0	3	0	0	0	0	0	0	0	0	0	0	0
5ac6d05f25a083066ea188082f3be447	0	0	3	0	0	0	0	0	0	0	0	0	0	0
db8224d3392691fc46ea7b2d97c6e797	0	0	3	0	0	0	0	0	0	0	0	0	0	0
d668184dbb1a6b7431decef8ffe05bc8	0	0	3	0	0	0	0	0	0	0	0	0	0	0
020b7493794e102c2bfc1162234fadc0	0	0	3	0	0	0	0	0	0	0	0	0	0	0
7f9cbaab9fafebc8a2194cac06378477	0	0	3	0	0	0	0	0	0	0	0	0	0	0
8310bff4a42f237fae9ac2db7e452f24	0	0	3	0	0	0	0	0	0	0	0	0	0	0
9ef8c35bea1869f18c5d596bfb673165	0	0	3	0	0	0	0	0	0	0	0	0	0	0
54f6273215b0ca981d2beb3e47095954	0	0	3	0	0	0	0	0	0	0	0	0	0	0
e7abd83781ea90545c9f45efde49ca3a	0	0	3	0	0	0	0	0	0	0	0	0	0	0
a028a0a3dde174104674560cbe1de6d5	0	0	3	0	0	0	0	0	0	0	0	0	0	0
606e018d11b206a95ac5155939adbcab	0	0	2	0	0	1	0	0	0	0	0	0	0	0
66dedac5e0f9d998525645268eaee30c	0	0	2	0	0	1	0	0	0	0	0	0	0	0
6fa132dc1815c5065c88213161e776b4	0	0	1	0	0	0	2	0	0	0	0	0	0	0
5f61ba01d8ea5a26c39d97c4fc36c2e4	0	0	1	0	0	2	0	0	0	0	0	0	0	0
72b19d527feae605d41b12393239f737	0	0	0	3	0	0	0	0	0	0	0	0	0	0
120c5ecb74413e5ad2f35dfd959ff2f9	0	0	0	3	0	0	0	0	0	0	0	0	0	0
3e3d57d0c0b6b33fd5453e6b76d726e5	0	0	0	3	0	0	0	0	0	0	0	0	0	0
f87a98afb4e5f29538441e354b0c52f2	0	0	0	3	0	0	0	0	0	0	0	0	0	0
900a5814ba0a09ee852617895bc407f2	0	0	0	0	3	0	0	0	0	0	0	0	0	0
89ad62a178889518dee4adedd85d91e7	0	0	0	0	3	0	0	0	0	0	0	0	0	0
4d1d10cf9329b7b2805367f280ba5cfb	0	0	0	0	3	0	0	0	0	0	0	0	0	0
198972af7db44f903981d75987f63dfe	0	0	0	0	3	0	0	0	0	0	0	0	0	0
b3443944100a0690ebfaca98e7359e55	0	0	0	0	0	3	0	0	0	0	0	0	0	0
abdd3c4b9dbd1d97328747bf78bf0511	0	0	0	0	0	3	0	0	0	0	0	0	0	0
9393943b5011075e067b8d377511bd02	0	0	0	0	0	3	0	0	0	0	0	0	0	0
5e5b91d7e7d0829f85d42f240d9327fc	0	0	0	0	0	3	0	0	0	0	0	0	0	0
57eefea29400c6e2ebbb8ede00871a51	0	0	0	0	0	3	0	0	0	0	0	0	0	0
01caac3cf0f83142226b1916dde1c131	0	0	0	0	0	3	0	0	0	0	0	0	0	0
b962c019d81fb9982dca52d7da36c888	0	0	0	0	0	3	0	0	0	0	0	0	0	0
eac03a0e53159c42a221d928a60ff146	0	0	0	0	0	3	0	0	0	0	0	0	0	0
849cd18fda1da8c46e1627a4b8cbabfb	0	0	0	0	0	3	0	0	0	0	0	0	0	0
f814460d2bfc6ca745661cbcc0a19406	0	0	0	0	0	3	0	0	0	0	0	0	0	0
43e03e277cf3a74c8474cd5d2ea949f1	0	0	0	0	0	3	0	0	0	0	0	0	0	0
1e6ac480227d8cf321bc088392862322	0	0	0	0	0	3	0	0	0	0	0	0	0	0
dc746e6e7b23ab373e6df325ce50bca1	0	0	0	0	0	3	0	0	0	0	0	0	0	0
3783e68c2e52e6e9656d0ad1f4fca992	0	0	0	0	0	3	0	0	0	0	0	0	0	0
211add36003d202fb0dc4c1ace80c4d3	0	0	0	0	0	3	0	0	0	0	0	0	0	0
f3956b83d9daff0d9f3b3a7f269888f7	0	0	0	0	0	3	0	0	0	0	0	0	0	0
4b6b561f0e91767ead61ea8da75adcad	0	0	0	0	0	3	0	0	0	0	0	0	0	0
a6dba54ccbf793ae43c9888c8ecaafaa	0	0	0	0	0	3	0	0	0	0	0	0	0	0
c04608de92a47fe9edea538015c8b40b	0	0	0	0	0	3	0	0	0	0	0	0	0	0
9197eae6c4b388e08b1a6453589656ac	0	0	0	0	0	3	0	0	0	0	0	0	0	0
e5da4b412e66f56d1f469dd2ba0d9536	0	0	0	0	0	3	0	0	0	0	0	0	0	0
a51b69bf809eefd0c3872aec3f2e05ba	0	0	0	0	0	3	0	0	0	0	0	0	0	0
03ee8a4af67b7d7ca062b3856cfade86	0	0	0	0	0	3	0	0	0	0	0	0	0	0
1c896d150b4dff541e5aab27bd1b0899	0	0	0	0	0	3	0	0	0	0	0	0	0	0
6cd5dd2575eacdb2e415a65c140c5783	0	0	0	0	0	3	0	0	0	0	0	0	0	0
18d84cea11f11ca39325b8bf09b9e247	0	0	0	0	0	3	0	0	0	0	0	0	0	0
3abf1c5da9af1f30d259965ff47a2545	0	0	0	0	0	3	0	0	0	0	0	0	0	0
3e7e152c80291114cb2269ff2be11d0c	0	0	0	0	0	3	0	0	0	0	0	0	0	0
b3d037137ff1f2467304b2677ad14614	0	0	0	0	0	3	0	0	0	0	0	0	0	0
ca6fdc8221171a216cd9193a40a10811	0	0	0	0	0	3	0	0	0	0	0	0	0	0
7dbc96b64f71710ab12331a06b918088	0	0	0	0	0	3	0	0	0	0	0	0	0	0
abac5a98e396d3c10cb84c36df169ab2	0	0	0	0	0	3	0	0	0	0	0	0	0	0
42fbdc5331862651d01fd48ea6e81d2e	0	0	0	0	0	3	0	0	0	0	0	0	0	0
22e2b7be2953d30aa6ac1ae032cd5837	0	0	0	0	0	3	0	0	0	0	0	0	0	0
76dca28edcd82dfc705077af7d6d3db0	0	0	0	0	0	3	0	0	0	0	0	0	0	0
5df54ce9e66d66f4458f6c9f6609c7b6	0	0	0	0	0	3	0	0	0	0	0	0	0	0
f7b84828ec424d124947dc8dd97d556b	0	0	0	0	0	3	0	0	0	0	0	0	0	0
13f130d2337d3d911c458a0c6cd54ea4	0	0	0	0	0	3	0	0	0	0	0	0	0	0
3525ed4ec9774bac306333df035b000f	0	0	0	0	0	3	0	0	0	0	0	0	0	0
a0e57ffa19c4b93522ceeb029bb57ba1	0	0	0	0	0	3	0	0	0	0	0	0	0	0
3f5d6741ac8554dbec8f0aed040e3200	0	0	0	0	0	3	0	0	0	0	0	0	0	0
f559e3ba1db935506f9782029ebe5fa3	0	0	0	0	0	3	0	0	0	0	0	0	0	0
4a09cd45beee5657987ec6834728e930	0	0	0	0	0	3	0	0	0	0	0	0	0	0
a91cbee76ff3f9b5ac3e832b8cecc50c	0	0	0	0	0	3	0	0	0	0	0	0	0	0
56ce864ee25dc24530c3a2b7b633b1ff	0	0	0	0	0	3	0	0	0	0	0	0	0	0
3e617d0696a8ba8a260c81de0fbb2a6a	0	0	0	0	0	3	0	0	0	0	0	0	0	0
b160559d32791bf0ed1a1f14c2c66ab4	0	0	0	0	0	3	0	0	0	0	0	0	0	0
127ac37b41c5ec2da3806220eede4191	0	0	0	0	0	3	0	0	0	0	0	0	0	0
b384f60188b00863255c6fa9f5d97880	0	0	0	0	0	3	0	0	0	0	0	0	0	0
1956318091ed6f73090eb17af7bef4b3	0	0	0	0	0	3	0	0	0	0	0	0	0	0
c31d52e2b7b858a6e8dda5fa48fc65a3	0	0	0	0	0	3	0	0	0	0	0	0	0	0
2b794a7eb3e32c1e8cdf940701b2fd4d	0	0	0	0	0	3	0	0	0	0	0	0	0	0
6e7f58a67dc8c3bed30b268657a486e1	0	0	0	0	0	3	0	0	0	0	0	0	0	0
37523def5f3953890b462b412047ae93	0	0	0	0	0	3	0	0	0	0	0	0	0	0
f3360f762a069f1912b42400921d1ddb	0	0	0	0	0	3	0	0	0	0	0	0	0	0
fbe7d48aa04c3373f6d49a5013bd2003	0	0	0	0	0	3	0	0	0	0	0	0	0	0
c8136b355b00b7670201623a0811f9b7	0	0	0	0	0	3	0	0	0	0	0	0	0	0
652db7cec9d365a2f206b9f167ed24ef	0	0	0	0	0	3	0	0	0	0	0	0	0	0
1c6a8ec2cfcb64b4bb9859ff84eacde7	0	0	0	0	0	3	0	0	0	0	0	0	0	0
030fc7c6ef747782eea74a865f477578	0	0	0	0	0	3	0	0	0	0	0	0	0	0
3d88e3e9bc245cd7909589276b5db512	0	0	0	0	0	3	0	0	0	0	0	0	0	0
e1214a484134f5f244480c34dfe3f30e	0	0	0	0	0	3	0	0	0	0	0	0	0	0
b81def3a244c5c084119ca0a6f3fbe01	0	0	0	0	0	3	0	0	0	0	0	0	0	0
7137a018138dd4af7d1caf5edacea0be	0	0	0	0	0	3	0	0	0	0	0	0	0	0
4a9ba4c8c73664612db95a1bb01947b2	0	0	0	0	0	3	0	0	0	0	0	0	0	0
7b92d652a31ff6455ccdc49d0f2c6c73	0	0	0	0	0	3	0	0	0	0	0	0	0	0
3b3536f5038871a7f580c3183ac29847	0	0	0	0	0	3	0	0	0	0	0	0	0	0
0659168019f81d266d00e835461407a7	0	0	0	0	0	3	0	0	0	0	0	0	0	0
e31cd0aeae9c3b40eea6d634594ff9a9	0	0	0	0	0	3	0	0	0	0	0	0	0	0
852f53daa5f2d4baac2704af42033ade	0	0	0	0	0	3	0	0	0	0	0	0	0	0
8e8d89829e0baedc051eda7911088814	0	0	0	0	0	3	0	0	0	0	0	0	0	0
f27da5402ceb31e28ff0c7031bc45eba	0	0	0	0	0	3	0	0	0	0	0	0	0	0
68fbae4639e6f4ed93ec40572707d8e2	0	0	0	0	0	3	0	0	0	0	0	0	0	0
f1ecc1216c0e61902a122d5c115b5445	0	0	0	0	0	3	0	0	0	0	0	0	0	0
cc12a3e85a81acf809de00ff287f7108	0	0	0	0	0	3	0	0	0	0	0	0	0	0
53d4b97d06488a0e638956487cf7f3cd	0	0	0	0	0	3	0	0	0	0	0	0	0	0
44233cdf38e0289308e680fe8f5b3ade	0	0	0	0	0	3	0	0	0	0	0	0	0	0
365734d9b39b17254ed505a67352eb4d	0	0	0	0	0	3	0	0	0	0	0	0	0	0
8c9705ffb11dac0e65d195fdcf76a828	0	0	0	0	0	3	0	0	0	0	0	0	0	0
a9931ed599e49f905dc047399d7137f6	0	0	0	0	0	3	0	0	0	0	0	0	0	0
5b36321896ab71fc2ac90774dd903319	0	0	0	0	0	3	0	0	0	0	0	0	0	0
4d10c3539efefc45d13ad9b5b76b5300	0	0	0	0	0	3	0	0	0	0	0	0	0	0
e35b4806e901fa80a9e2e324214a88b9	0	0	0	0	0	3	0	0	0	0	0	0	0	0
093f0db4e6ce30e69ad558502ec990d8	0	0	0	0	0	3	0	0	0	0	0	0	0	0
bb262409ffaa71d69c22ee7f372c0ce6	0	0	0	0	0	3	0	0	0	0	0	0	0	0
425e7fd294c2259c9ca53d7c0ff08490	0	0	0	0	0	3	0	0	0	0	0	0	0	0
309637cb18e22b5ea53ffbf09dee2c10	0	0	0	0	0	3	0	0	0	0	0	0	0	0
c72d317d2aca222383e096b8167bd01d	0	0	0	0	0	3	0	0	0	0	0	0	0	0
995f1a12f4e91ae03d61f470e4ffa70a	0	0	0	0	0	3	0	0	0	0	0	0	0	0
71114de3d586bdb0808c1577faab1611	0	0	0	0	0	3	0	0	0	0	0	0	0	0
12871fc6597ae6e4f046942f431f5c24	0	0	0	0	0	3	0	0	0	0	0	0	0	0
9657c65fcf565aa51475ebefb2d5e7ac	0	0	0	0	0	3	0	0	0	0	0	0	0	0
82d08a6aa2ee16a48c45e0934dec9646	0	0	0	0	0	3	0	0	0	0	0	0	0	0
23b08675862bb4557ea316b5a23022be	0	0	0	0	0	3	0	0	0	0	0	0	0	0
97b4b8bb66d8ccdf849eb4e286fc5b64	0	0	0	0	0	3	0	0	0	0	0	0	0	0
99dff449bac0193199881d69efb3c39e	0	0	0	0	0	3	0	0	0	0	0	0	0	0
9b35dcefb5493eea827c5a3b0e8bf82e	0	0	0	0	0	3	0	0	0	0	0	0	0	0
d497279fd0ff10bdeeee506f6cd833af	0	0	0	0	0	3	0	0	0	0	0	0	0	0
5a922a446a86faebd070a1c65a65cdeb	0	0	0	0	0	3	0	0	0	0	0	0	0	0
b6e6dd8f85363ba47e608f130f2b5081	0	0	0	0	0	3	0	0	0	0	0	0	0	0
a62cb5e38e647731febaed4e428b4d8f	0	0	0	0	0	3	0	0	0	0	0	0	0	0
97a72511476ee49ccea3f2ffb8670c13	0	0	0	0	0	3	0	0	0	0	0	0	0	0
f2f110b70652d705933fff052b02d725	0	0	0	0	0	3	0	0	0	0	0	0	0	0
83f074da5d1b5132449be13fb7c18c75	0	0	0	0	0	3	0	0	0	0	0	0	0	0
39d9ca9f52b9013caccd960c65f0bad2	0	0	0	0	0	3	0	0	0	0	0	0	0	0
4e49d69137b5d4a87163f5de61b1853e	0	0	0	0	0	3	0	0	0	0	0	0	0	0
fdd05b8d06adeb0f9d7b2ffd74b6a224	0	0	0	0	0	3	0	0	0	0	0	0	0	0
85295e3b49f3c42f2abd782ffeeb43a8	0	0	0	0	0	3	0	0	0	0	0	0	0	0
7c7a00696e9a3366d7f121295b3264ef	0	0	0	0	0	3	0	0	0	0	0	0	0	0
f0be100ee60b586bb036608c19311724	0	0	0	0	0	3	0	0	0	0	0	0	0	0
f4a3feaaf8305171cb444befc94b39b1	0	0	0	0	0	3	0	0	0	0	0	0	0	0
5bbc499d41467aa070362926d12849f9	0	0	0	0	0	3	0	0	0	0	0	0	0	0
67cd19948f4e69b469e852811f64ad6c	0	0	0	0	0	3	0	0	0	0	0	0	0	0
dc40dc0db1d6abd05cfa3951e8673862	0	0	0	0	0	3	0	0	0	0	0	0	0	0
fb051bdf1c6fc28a51315639a081eda2	0	0	0	0	0	3	0	0	0	0	0	0	0	0
986bd694187ad50122b4f1e9076a2c4a	0	0	0	0	0	3	0	0	0	0	0	0	0	0
0e40dffd31344bbeda0c49d79de6fd75	0	0	0	0	0	3	0	0	0	0	0	0	0	0
e1fbfb20fb50f53286b57a60d4b267f3	0	0	0	0	0	3	0	0	0	0	0	0	0	0
95bd2839bd998cfc0e10da93e8c8a89c	0	0	0	0	0	3	0	0	0	0	0	0	0	0
66fc5457a545ed2c6ec52020673ae624	0	0	0	0	0	3	0	0	0	0	0	0	0	0
556037bfb1015efd4621cd1d910b2803	0	0	0	0	0	3	0	0	0	0	0	0	0	0
da78fde363d223ddd074f1de2fb2db8f	0	0	0	0	0	3	0	0	0	0	0	0	0	0
156cafea0814347c1134bccbc3da9a3f	0	0	0	0	0	3	0	0	0	0	0	0	0	0
26ed3427cbbd371e8145ca40eec446fb	0	0	0	0	0	3	0	0	0	0	0	0	0	0
d06f2d8ad63f7772f4a06eacf301e2f5	0	0	0	0	0	3	0	0	0	0	0	0	0	0
a29cde0b1e9a01da73a621fe71d7970d	0	0	0	0	0	3	0	0	0	0	0	0	0	0
53c2507b5c8ed3fdb5b5ff418d5a20b4	0	0	0	0	0	3	0	0	0	0	0	0	0	0
daf1b578946d62170f410766bf257278	0	0	0	0	0	3	0	0	0	0	0	0	0	0
016df30e2b34eb2f75230060fc7b986f	0	0	0	0	0	3	0	0	0	0	0	0	0	0
71e368e4bc78fa1c5e6cbc48f37d76de	0	0	0	0	0	3	0	0	0	0	0	0	0	0
b14d092459fc39020263378fec21beb9	0	0	0	0	0	3	0	0	0	0	0	0	0	0
b85654678c2368cfe5b2c28387808875	0	0	0	0	0	3	0	0	0	0	0	0	0	0
fffc316bf184ed9e58624806e3a56c8e	0	0	0	0	0	3	0	0	0	0	0	0	0	0
0147d9bdf68d9dab6d8f1fdd112227a6	0	0	0	0	0	3	0	0	0	0	0	0	0	0
e8cf016bcb4df373901d7d532ae4b1a3	0	0	0	0	0	3	0	0	0	0	0	0	0	0
3d419dd3d307d51851ab7e0ee23bc667	0	0	0	0	0	3	0	0	0	0	0	0	0	0
3605a046148d8c0e5855075298707569	0	0	0	0	0	3	0	0	0	0	0	0	0	0
414913eb095ec2b17d1ef346f02a298b	0	0	0	0	0	3	0	0	0	0	0	0	0	0
2bbdbc7ed43db1ad51c84147f6ec0b2b	0	0	0	0	0	3	0	0	0	0	0	0	0	0
4c02192f07bb3176c5f9a8284d39b654	0	0	0	0	0	3	0	0	0	0	0	0	0	0
5c6d03ce520b92de986cbc4705214ba7	0	0	0	0	0	3	0	0	0	0	0	0	0	0
d79035b2539da632e58fe9affe0c6477	0	0	0	0	0	3	0	0	0	0	0	0	0	0
09b6d786f2310e129b690286b504b60c	0	0	0	0	0	3	0	0	0	0	0	0	0	0
04a0144993c96c74e9dccff04bc749d1	0	0	0	0	0	3	0	0	0	0	0	0	0	0
64e39f7709addf4a9bede3bf47a7f827	0	0	0	0	0	3	0	0	0	0	0	0	0	0
d25f20357426df82c950db6308c6156c	0	0	0	0	0	3	0	0	0	0	0	0	0	0
828e37fe7e939f40808048ca97651d40	0	0	0	0	0	3	0	0	0	0	0	0	0	0
a50d994db4904c315cd48d7197abc0d4	0	0	0	0	0	3	0	0	0	0	0	0	0	0
3d562804bbc429049c7116bda50e3f1f	0	0	0	0	0	3	0	0	0	0	0	0	0	0
c6443eaf53094b944c3a0fcb1e9f2061	0	0	0	0	0	3	0	0	0	0	0	0	0	0
83509eb0cbc1de881febdab86c439663	0	0	0	0	0	3	0	0	0	0	0	0	0	0
c3c5e6f51a477d6422d37d5cc3ae7f82	0	0	0	0	0	3	0	0	0	0	0	0	0	0
c96bfbd5f892f5b05ee61c5ba0331eca	0	0	0	0	0	3	0	0	0	0	0	0	0	0
1448729ef0ece06ea74700b2a1ec19df	0	0	0	0	0	3	0	0	0	0	0	0	0	0
1bea401500548cb75554b130716a27a1	0	0	0	0	0	3	0	0	0	0	0	0	0	0
d24a603422c7d5ede9af05c82e3b4088	0	0	0	0	0	3	0	0	0	0	0	0	0	0
25c6a5638439d1a4dbe822480c734b8e	0	0	0	0	0	3	0	0	0	0	0	0	0	0
f46e2ec561e22a51181b97c04910859b	0	0	0	0	0	2	1	0	0	0	0	0	0	0
d9307de5801f7fb8b7687ecc5c54ce3c	0	0	0	0	0	2	1	0	0	0	0	0	0	0
3f82416a1738b6f14145ee97eb5a6982	0	0	0	0	0	1	2	0	0	0	0	0	0	0
d740f03c80565d7659f48d57787983b9	0	0	0	0	0	0	3	0	0	0	0	0	0	0
8c58677e4dc64a7f57f3e99a3b5967f7	0	0	0	0	0	0	3	0	0	0	0	0	0	0
771513dd237bfa2318b08d4a6ad18c2a	0	0	0	0	0	0	3	0	0	0	0	0	0	0
f7713acac36366a234988861333a59bd	0	0	0	0	0	0	3	0	0	0	0	0	0	0
db961f3b12059f65b6b192d725414b57	0	0	0	0	0	0	3	0	0	0	0	0	0	0
1d96cbee14b8e0d625a74f5002cc0525	0	0	0	0	0	0	3	0	0	0	0	0	0	0
78559b62316eb8db90c2a06ce39cc07a	0	0	0	0	0	0	3	0	0	0	0	0	0	0
02ad7dad7fd2a3a166ec1dd1ef062921	0	0	0	0	0	0	3	0	0	0	0	0	0	0
454364727898361a716468a29cc8ffd7	0	0	0	0	0	0	3	0	0	0	0	0	0	0
6774f6804891a7f4ebec0c40a45dfdb2	0	0	0	0	0	0	3	0	0	0	0	0	0	0
5d96f1a6b1466c97173c801e97f5091d	0	0	0	0	0	0	3	0	0	0	0	0	0	0
781e2c714bd13470b1f69c9c5de2ca43	0	0	0	0	0	0	3	0	0	0	0	0	0	0
7eef5e5bd39f6156a23a0881dad63a40	0	0	0	0	0	0	3	0	0	0	0	0	0	0
a99152583681791f8f464202d7f40424	0	0	0	0	0	0	3	0	0	0	0	0	0	0
e1a482dfb44917dfc7df17c07f24493a	0	0	0	0	0	0	3	0	0	0	0	0	0	0
354873c49a3454dada7aaaca807f453d	0	0	0	0	0	0	3	0	0	0	0	0	0	0
0fa7488dad3ed47d9f6091327fd7504a	0	0	0	0	0	0	3	0	0	0	0	0	0	0
b56ae0145ccc5a5d881c2bad74d969a8	0	0	0	0	0	0	3	0	0	0	0	0	0	0
2cbe8dc5d353dd8d7a0e0a519069f45c	0	0	0	0	0	0	3	0	0	0	0	0	0	0
2a13e8ba595d69a8d581e88587db4c3d	0	0	0	0	0	0	3	0	0	0	0	0	0	0
b4b00a9cdc88ee91c4d404547c5c5978	0	0	0	0	0	0	3	0	0	0	0	0	0	0
054d344316b60511aa669a5f3fed575a	0	0	0	0	0	0	3	0	0	0	0	0	0	0
761c8aa6653ad1cb52afc2698925f98c	0	0	0	0	0	0	3	0	0	0	0	0	0	0
bbbc47158184fc83b92182c643aec228	0	0	0	0	0	0	3	0	0	0	0	0	0	0
09200d7dbafc3081748f72a9a10820dc	0	0	0	0	0	0	3	0	0	0	0	0	0	0
6f989d067bd10345515c4376a33935ed	0	0	0	0	0	0	3	0	0	0	0	0	0	0
b6e6194fc5dd6b6b5317bb3e5aa00527	0	0	0	0	0	0	3	0	0	0	0	0	0	0
499f0c6e1b72ebd4aa9d7db1f204450b	0	0	0	0	0	0	3	0	0	0	0	0	0	0
ec69d72d9c87b31d182dbd6a9112ae72	0	0	0	0	0	0	3	0	0	0	0	0	0	0
cfe6a360dcbc2b509c0e9afe1fb3b492	0	0	0	0	0	0	3	0	0	0	0	0	0	0
b3c867995788de776363c99964bac968	0	0	0	0	0	0	3	0	0	0	0	0	0	0
6061330bdea9bff7d108ffe19cd98c76	0	0	0	0	0	0	3	0	0	0	0	0	0	0
8c6a390895e0853f54462c3b39c9ac9c	0	0	0	0	0	0	3	0	0	0	0	0	0	0
39404e7bb6c6e2293c87f0a64e720ebe	0	0	0	0	0	0	3	0	0	0	0	0	0	0
c0e3ee7bdf0baac54c8fbd14bc951074	0	0	0	0	0	0	3	0	0	0	0	0	0	0
ab7f17ce263f43408d8dc4f062ada3df	0	0	0	0	0	0	3	0	0	0	0	0	0	0
8aa78cc6057d02bcafdb433d70503c42	0	0	0	0	0	0	3	0	0	0	0	0	0	0
c6ab125b0204fb125546153db5240cf5	0	0	0	0	0	0	3	0	0	0	0	0	0	0
f7871f009074a88a27bd3b1ed9f819a6	0	0	0	0	0	0	3	0	0	0	0	0	0	0
50bf73cbbe075e527524412d3615a82d	0	0	0	0	0	0	3	0	0	0	0	0	0	0
a221769fec565ba23a75dead3762c30c	0	0	0	0	0	0	3	0	0	0	0	0	0	0
07f75df285f5381b3e214be48c3f4792	0	0	0	0	0	0	3	0	0	0	0	0	0	0
ca32b8286ff7a055f074462d926094a1	0	0	0	0	0	0	3	0	0	0	0	0	0	0
2404e32ed44ea578291fd51027e05128	0	0	0	0	0	0	3	0	0	0	0	0	0	0
090f8f2f016e6e213add12383002c4b9	0	0	0	0	0	0	3	0	0	0	0	0	0	0
4c61d8644ec2b909bb65258d2281fdc8	0	0	0	0	0	0	3	0	0	0	0	0	0	0
c0b5a30e06d8c618c6264033651e133a	0	0	0	0	0	0	3	0	0	0	0	0	0	0
26c75086313c5203cc5329bb1d1f1546	0	0	0	0	0	0	3	0	0	0	0	0	0	0
6c5cea7b5b0a2b886b8f178f1ddc1537	0	0	0	0	0	0	3	0	0	0	0	0	0	0
6b2946c98856ad3182227b1acd9a6d2e	0	0	0	0	0	0	3	0	0	0	0	0	0	0
accd7fa2162dbf43eb00631019cf01d7	0	0	0	0	0	0	3	0	0	0	0	0	0	0
61a98e9a5de37eddacb4755059296f69	0	0	0	0	0	0	3	0	0	0	0	0	0	0
694567c8c1162762b7f08f6980c960a8	0	0	0	0	0	0	3	0	0	0	0	0	0	0
d48f2556ecad73de375ddd74c792b8d6	0	0	0	0	0	0	3	0	0	0	0	0	0	0
16065661d6ba0880da12496f927e6a01	0	0	0	0	0	0	3	0	0	0	0	0	0	0
f166d05a861eab63dece13b3aa737d4b	0	0	0	0	0	0	3	0	0	0	0	0	0	0
5c7a41f771717d56c4e0bc3d1ce2889d	0	0	0	0	0	0	3	0	0	0	0	0	0	0
4cb8ebb00f29e9a98d39147503e0cbfb	0	0	0	0	0	0	3	0	0	0	0	0	0	0
91c44a32d94b94781e3bcad172a0d5f5	0	0	0	0	0	0	3	0	0	0	0	0	0	0
f52d7294b1097328158686553c06c52a	0	0	0	0	0	0	3	0	0	0	0	0	0	0
76f002e8f9e0627102b1a266b2318a65	0	0	0	0	0	0	3	0	0	0	0	0	0	0
673e906941c4ab577934763592c5a167	0	0	0	0	0	0	3	0	0	0	0	0	0	0
f2a8c2d8cd4d2596ae09fc3d7ef45bb8	0	0	0	0	0	0	3	0	0	0	0	0	0	0
064962dffdf42349ecb4c31197c6da02	0	0	0	0	0	0	3	0	0	0	0	0	0	0
334c733ca7589376e55556cde0f79eca	0	0	0	0	0	0	3	0	0	0	0	0	0	0
07f41140e7cebc91425bb3df1e9034c0	0	0	0	0	0	0	3	0	0	0	0	0	0	0
4f7f12ab83800538579c77cbc0819a25	0	0	0	0	0	0	3	0	0	0	0	0	0	0
c0c6911d366c2af9adcc8453946d8a50	0	0	0	0	0	0	3	0	0	0	0	0	0	0
2df54cda4034fac9e200f36bdb6c0919	0	0	0	0	0	0	3	0	0	0	0	0	0	0
4d16634ad9c11ce647a836a079662a78	0	0	0	0	0	0	3	0	0	0	0	0	0	0
d355728d73a4132b36d08209724b2b13	0	0	0	0	0	0	3	0	0	0	0	0	0	0
33141d0e1ac393012ecdb618dea678ee	0	0	0	0	0	0	3	0	0	0	0	0	0	0
701769a5b5a28b567489e9667f4db3dd	0	0	0	0	0	0	3	0	0	0	0	0	0	0
84a87661da0d4143deb9ff66c66a12db	0	0	0	0	0	0	3	0	0	0	0	0	0	0
d97ae0b4fc8dfc144277b67cabbc8171	0	0	0	0	0	0	3	0	0	0	0	0	0	0
77ca6d396c251a78e1674f6782d95e79	0	0	0	0	0	0	3	0	0	0	0	0	0	0
11784b06fbc9fd06f560cd85508381d2	0	0	0	0	0	0	3	0	0	0	0	0	0	0
d6abb3398b3423c7173f0c4889a8542c	0	0	0	0	0	0	3	0	0	0	0	0	0	0
f924240e4e6060ad07c7516cd2616730	0	0	0	0	0	0	3	0	0	0	0	0	0	0
19bad5dd4efc679da4abb4c86546a19b	0	0	0	0	0	0	3	0	0	0	0	0	0	0
ae09d945d508b37ccd90650ddbdd4a51	0	0	0	0	0	0	3	0	0	0	0	0	0	0
d0d7e30930bf62dd452e1f51b0f3f3b0	0	0	0	0	0	0	3	0	0	0	0	0	0	0
b4db152f9e67b117b1871fee5021a6ad	0	0	0	0	0	0	3	0	0	0	0	0	0	0
6ff0f05196bbccd2a524e89b35143c63	0	0	0	0	0	0	3	0	0	0	0	0	0	0
9a4c2409a50fd693e6ece28b7b745560	0	0	0	0	0	0	3	0	0	0	0	0	0	0
3a484c195845ed12ee0723a728261135	0	0	0	0	0	0	3	0	0	0	0	0	0	0
f1bf857e212efd50d511a31421875664	0	0	0	0	0	0	3	0	0	0	0	0	0	0
836b951f76ad672924e6384c10154570	0	0	0	0	0	0	3	0	0	0	0	0	0	0
f73ebe7166a1e6974bb7183f359c2c76	0	0	0	0	0	0	3	0	0	0	0	0	0	0
f10af4b3637407e4069b43b452f14d9f	0	0	0	0	0	0	3	0	0	0	0	0	0	0
8e17662bb5deb150a572d70d5a1144be	0	0	0	0	0	0	3	0	0	0	0	0	0	0
cb1c4b4edc836ff8fbd4ead5d928b4cc	0	0	0	0	0	0	3	0	0	0	0	0	0	0
31a9efabe0447695476221a8c9e9ca71	0	0	0	0	0	0	3	0	0	0	0	0	0	0
59185695ea597687aa70a7431930519e	0	0	0	0	0	0	3	0	0	0	0	0	0	0
5c765d1df704efcc6b5a62b6e0dfc4f5	0	0	0	0	0	0	3	0	0	0	0	0	0	0
db0f2b49f84e11e2d560fb8412ba95e3	0	0	0	0	0	0	3	0	0	0	0	0	0	0
22f4f826698dc6beb6d76ff6213283da	0	0	0	0	0	0	3	0	0	0	0	0	0	0
ef36099f07589fcec094bd18a42e3f10	0	0	0	0	0	0	3	0	0	0	0	0	0	0
8760030c420cca9594b425e4e5de2415	0	0	0	0	0	0	3	0	0	0	0	0	0	0
a9b521ac9a966e4a86e62dc7b1877339	0	0	0	0	0	0	3	0	0	0	0	0	0	0
0ff090382669e6c12258fed12154b133	0	0	0	0	0	0	3	0	0	0	0	0	0	0
8eab4c7315e7d34f0cce5b318a35cc34	0	0	0	0	0	0	3	0	0	0	0	0	0	0
1387b105aa338ca08a62dc93a577bae1	0	0	0	0	0	0	3	0	0	0	0	0	0	0
a468f53cc6f95ea7e10e6f42c76abf77	0	0	0	0	0	0	3	0	0	0	0	0	0	0
c69020deeec2e8b60dfc1e383bd4f533	0	0	0	0	0	0	3	0	0	0	0	0	0	0
e4bb4544a7080719b09b8cab0306b98e	0	0	0	0	0	0	3	0	0	0	0	0	0	0
ab4bc7945f66c9665637c321a646dc85	0	0	0	0	0	0	3	0	0	0	0	0	0	0
b2be00b8cce47f2d90111eeb64e303dd	0	0	0	0	0	0	3	0	0	0	0	0	0	0
5e0ae294e61ae50af6b5144ca9955a02	0	0	0	0	0	0	3	0	0	0	0	0	0	0
14ef03b786eab4f5403f48251b64e145	0	0	0	0	0	0	3	0	0	0	0	0	0	0
78e6cc67648021eccf99a64326c363e2	0	0	0	0	0	0	3	0	0	0	0	0	0	0
3a2a524eab152278c18cefbfb1b9121b	0	0	0	0	0	0	3	0	0	0	0	0	0	0
f37ab36a4fe62e54b2f49687c41bdfdf	0	0	0	0	0	0	3	0	0	0	0	0	0	0
fc2646ce471ff4167c5f3f4d57c41441	0	0	0	0	0	0	3	0	0	0	0	0	0	0
bd2a4e8c4c8f5567be4405a6212b87fb	0	0	0	0	0	0	3	0	0	0	0	0	0	0
dbdce6c0ef0ca162c79bcdacf1f64b1d	0	0	0	0	0	0	3	0	0	0	0	0	0	0
a8e01bd802f7882b96b80e88b53d5455	0	0	0	0	0	0	3	0	0	0	0	0	0	0
307729d83e43342e42ff06a52c670f67	0	0	0	0	0	0	3	0	0	0	0	0	0	0
bb457d4463be1ff17745f03d528e943b	0	0	0	0	0	0	3	0	0	0	0	0	0	0
d4be24a9ea564a0ca4f42f61caf160aa	0	0	0	0	0	0	3	0	0	0	0	0	0	0
c779ee1226487c7c3d242c3d7864b3f4	0	0	0	0	0	0	3	0	0	0	0	0	0	0
6828b6763fe545df756f316dfde43f9d	0	0	0	0	0	0	3	0	0	0	0	0	0	0
b5c8c4cda054d0d2405d330419c4fcb6	0	0	0	0	0	0	3	0	0	0	0	0	0	0
9e383dccd625c2603cf92e11cf6c5a0e	0	0	0	0	0	0	3	0	0	0	0	0	0	0
b823a3f248122a38b993125d9f22a243	0	0	0	0	0	0	3	0	0	0	0	0	0	0
31f642915b59837da4810ffa90e7e5b6	0	0	0	0	0	0	3	0	0	0	0	0	0	0
43bc6f79d16fbafbe70f9e17b956bab9	0	0	0	0	0	0	3	0	0	0	0	0	0	0
1cdb437de83c795513325ef62dc0f5c8	0	0	0	0	0	0	3	0	0	0	0	0	0	0
d684886cae821a1857c65d92562f0691	0	0	0	0	0	0	3	0	0	0	0	0	0	0
1fd707e572892ba82bd05f44905be0f1	0	0	0	0	0	0	3	0	0	0	0	0	0	0
e82239a17bf2ca181c52fd3c09482b78	0	0	0	0	0	0	3	0	0	0	0	0	0	0
d95120a250c9d4e2565545582fb499b2	0	0	0	0	0	0	3	0	0	0	0	0	0	0
0d96ec521353c9525cb24d82d8131d3b	0	0	0	0	0	0	3	0	0	0	0	0	0	0
12018b397433a23513797b2722a8587d	0	0	0	0	0	0	3	0	0	0	0	0	0	0
4be451765aad141211c32ff56a6c77b3	0	0	0	0	0	0	3	0	0	0	0	0	0	0
d9e009c585426c664f955dde209647f8	0	0	0	0	0	0	3	0	0	0	0	0	0	0
d416fb695e6e0e536181d1a4d224e5df	0	0	0	0	0	0	3	0	0	0	0	0	0	0
a26eb5dd705950d22df01357b07007b8	0	0	0	0	0	0	3	0	0	0	0	0	0	0
7cd9e0e64c92b6546c481be0a2ed8cd1	0	0	0	0	0	0	3	0	0	0	0	0	0	0
7dcc3bebd13fed707427493bec0dff26	0	0	0	0	0	0	3	0	0	0	0	0	0	0
a3dc99ffa7dfcd9f84f90d1961534437	0	0	0	0	0	0	3	0	0	0	0	0	0	0
0d0dd5c0564ee0b26d3bd54862ce5140	0	0	0	0	0	0	3	0	0	0	0	0	0	0
bfcc28f1999033401c67e55e7afeeea8	0	0	0	0	0	0	3	0	0	0	0	0	0	0
b7aa32b83da135aa773bf416f5549e93	0	0	0	0	0	0	3	0	0	0	0	0	0	0
a84e0f2a9f0e8edb3eaa0c83261cf31d	0	0	0	0	0	0	3	0	0	0	0	0	0	0
ce4f7aa7fdbdfe2b16caef06f959cf37	0	0	0	0	0	0	3	0	0	0	0	0	0	0
f82967dffd59ba1ea77246481a19b727	0	0	0	0	0	0	3	0	0	0	0	0	0	0
649e21107deed22b61d68d4f1c430575	0	0	0	0	0	0	3	0	0	0	0	0	0	0
752cade758a94eb34b5e9022ccae38c3	0	0	0	0	0	0	3	0	0	0	0	0	0	0
e8fce44ee4d354e89d643af5d3f7bda8	0	0	0	0	0	0	3	0	0	0	0	0	0	0
f868ddf8971df95f82eb6315ff4cd17f	0	0	0	0	0	0	3	0	0	0	0	0	0	0
78b69585edabccc17727c34456260f63	0	0	0	0	0	0	3	0	0	0	0	0	0	0
57e1dcfc8ccfa0cd8ecba5fd7c0ce2f3	0	0	0	0	0	0	3	0	0	0	0	0	0	0
1af676261ac1606dbff6a63a10d0d3b0	0	0	0	0	0	0	3	0	0	0	0	0	0	0
d1a8b64e26d1dccd594032f1b9beb54a	0	0	0	0	0	0	3	0	0	0	0	0	0	0
21fd47a0cac79a4458ca6f0981944f94	0	0	0	0	0	0	0	3	0	0	0	0	0	0
b177ab8022dce96a4c1bcbbca6876bd6	0	0	0	0	0	0	0	3	0	0	0	0	0	0
8d7b53f0744be3673386c5ba21c62198	0	0	0	0	0	0	0	3	0	0	0	0	0	0
4768a1ed9497a851c20407d76d379dd8	0	0	0	0	0	0	0	3	0	0	0	0	0	0
8f33a7d6d14120a55f188e16f2e15001	0	0	0	0	0	0	0	3	0	0	0	0	0	0
27a1352b9c42302543368018f6548280	0	0	0	0	0	0	0	3	0	0	0	0	0	0
6a55ced7919e8c341a7814c960c1fa05	0	0	0	0	0	0	0	3	0	0	0	0	0	0
e65546bd5f7c13a0defa321f345cee12	0	0	0	0	0	0	0	3	0	0	0	0	0	0
bb5d36f472fc81119ec2bec9166d33bb	0	0	0	0	0	0	0	3	0	0	0	0	0	0
1724752853c962c90af1014c050270a9	0	0	0	0	0	0	0	3	0	0	0	0	0	0
b584bc2dbed90ea0715363e5b760718a	0	0	0	0	0	0	0	3	0	0	0	0	0	0
141805df622eda51e03f5716551397aa	0	0	0	0	0	0	0	3	0	0	0	0	0	0
16b8d01298643af1d6a0ddfd79a03df3	0	0	0	0	0	0	0	3	0	0	0	0	0	0
d2bfd71753e4b466e703f6835d40b522	0	0	0	0	0	0	0	3	0	0	0	0	0	0
5cb81688c64091b319cbd734d92c24fb	0	0	0	0	0	0	0	3	0	0	0	0	0	0
e654ce4b5ac054c1986b5f1880a6a29c	0	0	0	0	0	0	0	3	0	0	0	0	0	0
4a9e4d21264b79fffad3f6b4bd404fef	0	0	0	0	0	0	0	3	0	0	0	0	0	0
2b9de3739645e920293338164f7859e0	0	0	0	0	0	0	0	3	0	0	0	0	0	0
c0caf8bcc886cc9c48eb4f9cfe873aae	0	0	0	0	0	0	0	3	0	0	0	0	0	0
98c4fa56ecd2e51ce41f67617f33bc59	0	0	0	0	0	0	0	3	0	0	0	0	0	0
bd40fe4343c2e2883ef3aa146741893f	0	0	0	0	0	0	0	3	0	0	0	0	0	0
9c08015599fc4065bce880abd8c75a4b	0	0	0	0	0	0	0	3	0	0	0	0	0	0
e3be2d99b0f06e9a67fb8c58c3cf7ad6	0	0	0	0	0	0	0	3	0	0	0	0	0	0
a50b87b92abe80bf4eefb2681c12bc59	0	0	0	0	0	0	0	3	0	0	0	0	0	0
17965c60ff0a8cd3ba9be882e02d005b	0	0	0	0	0	0	0	3	0	0	0	0	0	0
84dc5dd8d9d705d5c5463a0b890f21eb	0	0	0	0	0	0	0	3	0	0	0	0	0	0
ccdc7358a93b18b1065f98497fd98412	0	0	0	0	0	0	0	3	0	0	0	0	0	0
3dd50e36a575fd21d87b74ff65f0b8e6	0	0	0	0	0	0	0	3	0	0	0	0	0	0
b7ca9c2ae4368999617c4f9665a23fc0	0	0	0	0	0	0	0	3	0	0	0	0	0	0
e7d70c4761a74fc40d6e9eb9a6b4a096	0	0	0	0	0	0	0	3	0	0	0	0	0	0
ea23d87a781c7f455266f38266feea9c	0	0	0	0	0	0	0	3	0	0	0	0	0	0
413a7db7293d8ca17ec4d9359782c1be	0	0	0	0	0	0	0	3	0	0	0	0	0	0
821dae48ebe438094c4f8440a0f9ced3	0	0	0	0	0	0	0	3	0	0	0	0	0	0
d1bb39f100355cf4e555a995ade21026	0	0	0	0	0	0	0	3	0	0	0	0	0	0
cb29d24ceaa51f6e0f31abdc951d05a9	0	0	0	0	0	0	0	3	0	0	0	0	0	0
961f4406d9503c66d0d63f2aef06877d	0	0	0	0	0	0	0	3	0	0	0	0	0	0
6a971dfd82f1a5585ef984b3d3601246	0	0	0	0	0	0	0	3	0	0	0	0	0	0
f86c9e1d0c0f60e5bb23b743353ef2ac	0	0	0	0	0	0	0	3	0	0	0	0	0	0
462b4d94e70910315c59c19a563f48dd	0	0	0	0	0	0	0	3	0	0	0	0	0	0
71a342b2c2e046932a59d9c34a9d93eb	0	0	0	0	0	0	0	3	0	0	0	0	0	0
4e60d15e78fa23b14902831048fa3843	0	0	0	0	0	0	0	3	0	0	0	0	0	0
289bd92da005e481a348d0fbdf1be0a8	0	0	0	0	0	0	0	3	0	0	0	0	0	0
cb2211138ef3a25f90f90dc9cc366ddb	0	0	0	0	0	0	0	3	0	0	0	0	0	0
2d3e93d5ef91cdd5d5c91877e839e6aa	0	0	0	0	0	0	0	3	0	0	0	0	0	0
7cbaea287241bd3b0db1fd76a63fbd0b	0	0	0	0	0	0	0	3	0	0	0	0	0	0
69897784158f189145ff91178c887b27	0	0	0	0	0	0	0	3	0	0	0	0	0	0
668df8a956da94ac8ea152b02026cc2d	0	0	0	0	0	0	0	3	0	0	0	0	0	0
47d2a655420327370d1d701674bd166e	0	0	0	0	0	0	0	3	0	0	0	0	0	0
5d52124816f744829e3ee9f4c2cbda91	0	0	0	0	0	0	0	3	0	0	0	0	0	0
2fc6ce1a66703e8a996ae90c6ffbe568	0	0	0	0	0	0	0	3	0	0	0	0	0	0
d7e850990084744d558579e19ccb8d14	0	0	0	0	0	0	0	3	0	0	0	0	0	0
d4f9f880ff439417adbd0a51c52fc3c2	0	0	0	0	0	0	0	3	0	0	0	0	0	0
101f9d9e3ec8675624ca719a9be267c5	0	0	0	0	0	0	0	3	0	0	0	0	0	0
80e6226b69c3ca35549fd5e6dba4560a	0	0	0	0	0	0	0	0	3	0	0	0	0	0
508609d00bb6d1f190c24f76fcfcd2c6	0	0	0	0	0	0	0	0	0	3	0	0	0	0
df0ab6af7a277e9c140cc94b701d65e7	0	0	0	0	0	0	0	0	0	0	0	0	0	3
047bd6316feedf6a59d075b039e5820b	0	0	0	0	0	0	0	0	0	0	0	0	0	3
5aeec0363e3576b78aded7ab9c39089e	0	0	0	0	0	0	0	0	0	0	0	0	0	3
9bfea750cf34180b9a23d2b7ab896f28	0	0	0	0	0	0	0	0	0	0	0	0	0	3
9bf271dee00dbcdce6d6d0fd6ea27fc0	0	0	0	0	0	0	0	0	0	0	0	0	0	3
d7211e1a0111f3fd1016ba01e477274e	0	0	0	0	0	0	0	0	0	0	0	0	0	3
7db844b07b9ab68d1b8d0e894dbc7f19	0	0	0	0	0	0	0	0	0	0	0	0	0	3
a5a81ed81a275b802196aac0941d3c96	0	0	0	0	0	0	0	0	0	0	0	0	0	3
535c8c02337c8f2f0dbfe806b095d6df	0	0	0	0	0	0	0	0	0	0	0	0	0	3
a321f990b4b48280b5f05b7b6b93c0f3	0	0	0	0	0	0	0	0	0	0	0	0	0	3
bbad5503c9515a30a2e2f6e9285fb5a5	0	0	0	0	0	0	0	0	0	0	0	0	0	3
87babcb0dfbba169392b96115cb483aa	0	0	0	0	0	0	0	0	0	0	0	0	0	3
775808344d63d00a5d9b17437342a9b7	0	0	0	0	0	0	0	0	0	0	0	0	0	3
74cc12a9eb74f386f6c378adac996362	0	0	0	0	0	0	0	0	0	0	0	0	0	3
9223684380be87479c47b7fe0d3ffc24	0	0	0	0	0	0	0	0	0	0	0	0	0	3
1b2cdef6ca5e2f401b282e261aab8776	0	0	0	0	0	0	0	0	0	0	0	0	0	3
292aff145d53563f7656f1807573198f	0	0	0	0	0	0	0	0	0	0	0	0	0	3
7f6fff8615a95b6d33e270ccca7c637c	0	0	0	0	0	0	0	0	0	0	0	0	0	3
1dbc963cc973bd0f0103f0731aa5493c	0	0	0	0	0	0	0	0	0	0	0	0	0	3
a96a44b7b5ac155a87d520b192c93c6e	0	0	0	0	0	0	0	0	0	0	0	0	0	3
0df81e63541b72eb283dac0450d6b474	0	0	0	0	0	0	0	0	0	0	0	0	0	3
2ad4eb2c54341485e81fc6de76bdaca9	0	0	0	0	0	0	0	0	0	0	0	0	0	3
929efa526aabdcaf3e82970d13ea0f04	0	0	0	0	0	0	0	0	0	0	0	0	0	3
256f2c72e8b1baeef05de25b04dc78fe	0	0	0	0	0	0	0	0	0	0	0	0	0	3
dffd9669ee6f8d5f9559cec6a5be019d	0	0	0	0	0	0	0	0	0	0	0	0	0	3
c740b104eaee99c43b41ef638dd6f263	0	0	0	0	0	0	0	0	0	0	0	0	0	3
36067ac152ae6685b8d24a122351c109	0	0	0	0	0	0	0	0	0	0	0	0	0	3
8f49fd7071eb8de1ab1751f1f841601b	2	0	0	0	0	0	0	0	0	0	0	0	0	0
fe2144b67194170290d3415901cf129f	2	0	0	0	0	0	0	0	0	0	0	0	0	0
3d2b2145a89bc2353293ce7bb73b1d8e	2	0	0	0	0	0	0	0	0	0	0	0	0	0
0c6440b41f635deec7962fc66fc789af	2	0	0	0	0	0	0	0	0	0	0	0	0	0
38e11779b84da9571d1419219d056ec2	0	2	0	0	0	0	0	0	0	0	0	0	0	0
d39229645bb0ff408e697d22c003f17b	0	2	0	0	0	0	0	0	0	0	0	0	0	0
aa757885edbf9bebd9381f90299925fa	0	2	0	0	0	0	0	0	0	0	0	0	0	0
594fb033976a44ca31f348f2176fe687	0	2	0	0	0	0	0	0	0	0	0	0	0	0
555f521e8104bdc20cd08470a603f84d	0	2	0	0	0	0	0	0	0	0	0	0	0	0
14e0418ff24ef3190723dd8673afce57	0	2	0	0	0	0	0	0	0	0	0	0	0	0
da7f26eb99106f0a57e06f3b51a73c39	0	2	0	0	0	0	0	0	0	0	0	0	0	0
25b0681f15d6705ec9ca00f8e6876659	0	2	0	0	0	0	0	0	0	0	0	0	0	0
786a21b8a346ec491acf60d2b1f360f3	0	2	0	0	0	0	0	0	0	0	0	0	0	0
25d7b108165bd561c49a852106842d5e	0	2	0	0	0	0	0	0	0	0	0	0	0	0
0364d3cbb43a52021a95ba086127ff17	0	2	0	0	0	0	0	0	0	0	0	0	0	0
cf5374705875ed43f83fd36533585c0d	0	2	0	0	0	0	0	0	0	0	0	0	0	0
5ed153164d7f7bf497a2ed78d92a0727	0	2	0	0	0	0	0	0	0	0	0	0	0	0
a8eb370277e5a53574b2ccef51fb65d6	0	2	0	0	0	0	0	0	0	0	0	0	0	0
5debbc9f30f84866eb8b57fd14eec0d5	0	2	0	0	0	0	0	0	0	0	0	0	0	0
a6cb82b1cdd1680af90fc2d2612e1dfb	0	2	0	0	0	0	0	0	0	0	0	0	0	0
1f09510cf0482e4b54257631b2acb264	0	2	0	0	0	0	0	0	0	0	0	0	0	0
e74f4081d6c174880d85221fd935ede6	0	2	0	0	0	0	0	0	0	0	0	0	0	0
8eae03af04b2cc49bfc72c1ec444a757	0	2	0	0	0	0	0	0	0	0	0	0	0	0
3ed73e2669ec2fabd2f3f9a35399f43b	0	2	0	0	0	0	0	0	0	0	0	0	0	0
94a360596f9451e0c8e11145b5c97307	0	2	0	0	0	0	0	0	0	0	0	0	0	0
ae8abc83fa004a4435fd993db293b56d	0	2	0	0	0	0	0	0	0	0	0	0	0	0
9efd6953176107b505d403694fc4d7cf	0	2	0	0	0	0	0	0	0	0	0	0	0	0
f527e0ab76d27b86796af88643058b63	0	2	0	0	0	0	0	0	0	0	0	0	0	0
097d7cb5f6c3ce7ff2895dbebb32ad19	0	2	0	0	0	0	0	0	0	0	0	0	0	0
975d16939be42b502e971af587a451a7	0	2	0	0	0	0	0	0	0	0	0	0	0	0
ce26acb7628fc48e14a1a8e6be3b56b8	0	2	0	0	0	0	0	0	0	0	0	0	0	0
ca51c44b0289d1af3f03046d27c57eff	0	2	0	0	0	0	0	0	0	0	0	0	0	0
f25facfed8c3ae9574bf77f6783e4e98	0	2	0	0	0	0	0	0	0	0	0	0	0	0
595da9c0b8ad1e5edf7bee0ff19d055f	0	2	0	0	0	0	0	0	0	0	0	0	0	0
1aaeb549843db1c617e32b62f8deafc8	0	0	2	0	0	0	0	0	0	0	0	0	0	0
74835fda10c65d4344b93e3bddbd659e	0	0	2	0	0	0	0	0	0	0	0	0	0	0
c2bf260e0461d9337f006edadfbae403	0	0	2	0	0	0	0	0	0	0	0	0	0	0
41409aebb6ac453e79435f8e213f102f	0	0	2	0	0	0	0	0	0	0	0	0	0	0
2eed33cbf058b2ac33ad6829b771e008	0	0	2	0	0	0	0	0	0	0	0	0	0	0
a475b90b9e7299ca4fbe12767198b7c5	0	0	2	0	0	0	0	0	0	0	0	0	0	0
5c59039f69601c0a85814594a3aaf500	0	0	2	0	0	0	0	0	0	0	0	0	0	0
34f9686e74880a333fc49a269b3a9a97	0	0	2	0	0	0	0	0	0	0	0	0	0	0
039c7972ca0d247aec3e4ec71bb98871	0	0	2	0	0	0	0	0	0	0	0	0	0	0
fc50d67f9676764f6c3b64acaec502aa	0	0	2	0	0	0	0	0	0	0	0	0	0	0
2fd5da7eaa6d62e7658e37b386d4423e	0	0	2	0	0	0	0	0	0	0	0	0	0	0
3aed0b4b8498c9f9a5404071f66a116b	0	0	2	0	0	0	0	0	0	0	0	0	0	0
7ebd71221bc4b1102bce85e792fa0cf2	0	0	2	0	0	0	0	0	0	0	0	0	0	0
27d75b29e9cd43cca37f45a1e2b7c793	0	0	2	0	0	0	0	0	0	0	0	0	0	0
a81cafc54ca99c9e93d5af1fb5a5ca5a	0	0	2	0	0	0	0	0	0	0	0	0	0	0
d556945444718b14434f9f1427760be1	0	0	2	0	0	0	0	0	0	0	0	0	0	0
161064662786e3aa1477373a78d424ed	0	0	2	0	0	0	0	0	0	0	0	0	0	0
f5ba530b4bb2ad5f8d21d719dd355887	0	0	2	0	0	0	0	0	0	0	0	0	0	0
34407eea906c9403c8520b36ce46bd77	0	0	2	0	0	0	0	0	0	0	0	0	0	0
87d86b8f924a2776248f308f98230476	0	0	2	0	0	0	0	0	0	0	0	0	0	0
6beceb999a69fe8b6f482ae2c33d4ac1	0	0	2	0	0	0	0	0	0	0	0	0	0	0
f4b2bf6ed015b44d9f96b315618d7901	0	0	2	0	0	0	0	0	0	0	0	0	0	0
2f26a80aec3169da2ec31ffe6d871c19	0	0	2	0	0	0	0	0	0	0	0	0	0	0
83ba4e53235fef6405ed0a09e03d55a0	0	0	2	0	0	0	0	0	0	0	0	0	0	0
df1c52ab00c1689093a21f5d1614f1db	0	0	2	0	0	0	0	0	0	0	0	0	0	0
2bc9300d4b84650d36c6b0db9221a9dd	0	0	2	0	0	0	0	0	0	0	0	0	0	0
98858ecce3332b6ba7b4802618650d60	0	0	2	0	0	0	0	0	0	0	0	0	0	0
9890442a00c282bdd09fded03420760d	0	0	2	0	0	0	0	0	0	0	0	0	0	0
b34a0f1d2863ee2d35809e8b09c6d5b1	0	0	2	0	0	0	0	0	0	0	0	0	0	0
7d91a1843e73c090da9bb45c410b86a7	0	0	2	0	0	0	0	0	0	0	0	0	0	0
608c48c3bbcf89afc725d2a509217374	0	0	2	0	0	0	0	0	0	0	0	0	0	0
3583d6f26e94e580f698a62cc10c54b5	0	0	2	0	0	0	0	0	0	0	0	0	0	0
b690170e7866b7815e0987c6ea0a97fd	0	0	2	0	0	0	0	0	0	0	0	0	0	0
b8ad083e2c1e2dd5351ad8a35a3e3a2e	0	0	2	0	0	0	0	0	0	0	0	0	0	0
7f090c7147b00776b59ba744e0d40492	0	0	2	0	0	0	0	0	0	0	0	0	0	0
19702174c8dc52df199af76eb0ef323b	0	0	2	0	0	0	0	0	0	0	0	0	0	0
47c6b3a148335a5d095a12c45a491f0d	0	0	2	0	0	0	0	0	0	0	0	0	0	0
3ba0b34c51338f8176baf6f608b31908	0	0	2	0	0	0	0	0	0	0	0	0	0	0
ad202486192051df26e426e79885751b	0	0	2	0	0	0	0	0	0	0	0	0	0	0
a9cd6db0d5ade034a84b2ccb4a9942f8	0	0	2	0	0	0	0	0	0	0	0	0	0	0
6427c7e492077063eb340cf74e407042	0	0	2	0	0	0	0	0	0	0	0	0	0	0
b3ee228c723bbf8a5c9945e03260efd6	0	0	2	0	0	0	0	0	0	0	0	0	0	0
fb23532d43eaabc7e5b27a25b19b5ee1	0	0	2	0	0	0	0	0	0	0	0	0	0	0
9d7ef4590d855c4927d03f90c5c1883e	0	0	2	0	0	0	0	0	0	0	0	0	0	0
daa4f109ada96ddc4e336a5762a507fe	0	0	2	0	0	0	0	0	0	0	0	0	0	0
d9ff0d6b9f7e2c434514c1774b4220bc	0	0	2	0	0	0	0	0	0	0	0	0	0	0
eb36d83f77f2c7485740c3335c4ea4a8	0	0	2	0	0	0	0	0	0	0	0	0	0	0
63cc7129c108dfb5c093c203a662e553	0	0	2	0	0	0	0	0	0	0	0	0	0	0
6015f6bbe9350f10fd9c91d4f3dcad48	0	0	2	0	0	0	0	0	0	0	0	0	0	0
9a453dd45e255508085488c461638c1f	0	0	2	0	0	0	0	0	0	0	0	0	0	0
cf83c0fc96bc41af0d7eb25f6dc277ad	0	0	2	0	0	0	0	0	0	0	0	0	0	0
d3a11ef9aa42c53f2c9fc8173a7ded5a	0	0	2	0	0	0	0	0	0	0	0	0	0	0
b6586e1c2dd96ecae969acf190008a28	0	0	2	0	0	0	0	0	0	0	0	0	0	0
e25543404d36cb3fa0c690e03e4b9a48	0	0	2	0	0	0	0	0	0	0	0	0	0	0
22ae58066ddd47f0228b60a905592df7	0	0	2	0	0	0	0	0	0	0	0	0	0	0
7221659b3af90021f2427d81c10074dc	0	0	2	0	0	0	0	0	0	0	0	0	0	0
b9138348ed0cfb4368ddf0850607edf5	0	0	2	0	0	0	0	0	0	0	0	0	0	0
8fdfbf43ad3521a818110b047939c9f3	0	0	2	0	0	0	0	0	0	0	0	0	0	0
b035fc7d868ec3d55317142c7b78f37e	0	0	2	0	0	0	0	0	0	0	0	0	0	0
e3b60979f8b649fd3c340d4ca63fe772	0	0	2	0	0	0	0	0	0	0	0	0	0	0
6deb6788892e6b083b9d158629938e7f	0	0	2	0	0	0	0	0	0	0	0	0	0	0
9a613ac27d4704235b12c2f0fe04ca37	0	0	2	0	0	0	0	0	0	0	0	0	0	0
0f0a1b60d987318a4a32337b117a7495	0	0	2	0	0	0	0	0	0	0	0	0	0	0
5ac65033676e9293bea9e7f468fa54ec	0	0	2	0	0	0	0	0	0	0	0	0	0	0
da523ca5de61824eecd958e09c7d06c1	0	0	2	0	0	0	0	0	0	0	0	0	0	0
9376718ae502c1d17a4c54b0d97ac87e	0	0	2	0	0	0	0	0	0	0	0	0	0	0
cc9c6290565186948cb50bcac0ede367	0	0	2	0	0	0	0	0	0	0	0	0	0	0
26de58218beada3b61a21b724083d57e	0	0	2	0	0	0	0	0	0	0	0	0	0	0
9014205f78b249c446917003d58b2f80	0	0	2	0	0	0	0	0	0	0	0	0	0	0
7bae61310b12f009ce11bcf095cb3230	0	0	2	0	0	0	0	0	0	0	0	0	0	0
80ce8e9816b28fabc6fe60140d03bd3d	0	0	2	0	0	0	0	0	0	0	0	0	0	0
b271aba038c86ed824527d725a530f26	0	0	2	0	0	0	0	0	0	0	0	0	0	0
d531535d95a5d9477f808d2c5f8e0532	0	0	2	0	0	0	0	0	0	0	0	0	0	0
f546ebb3d55d7a9857ff7a253dbdc1cb	0	0	2	0	0	0	0	0	0	0	0	0	0	0
7630f10cdda7ea5c54b5ca11413a10f5	0	0	2	0	0	0	0	0	0	0	0	0	0	0
36a9eac805abe579357546d941206820	0	0	2	0	0	0	0	0	0	0	0	0	0	0
d0693eec908d141e64da4064375c8c46	0	0	2	0	0	0	0	0	0	0	0	0	0	0
079a54714c9c3d6bda503fdf921c168d	0	0	2	0	0	0	0	0	0	0	0	0	0	0
122da5c70070ccdf24b21ae6e91d8fd8	0	0	2	0	0	0	0	0	0	0	0	0	0	0
8db8d7aca64f65f8f72e407f28d103f2	0	0	2	0	0	0	0	0	0	0	0	0	0	0
87e27c826fca1f9eb751b02c5b218e88	0	0	2	0	0	0	0	0	0	0	0	0	0	0
da6fba93c372f9a76d1edbeab9f2ed53	0	0	2	0	0	0	0	0	0	0	0	0	0	0
1f826f14b95280818df22de08fd430d7	0	0	2	0	0	0	0	0	0	0	0	0	0	0
318299ae85493aca080ec1bc50185e90	0	0	2	0	0	0	0	0	0	0	0	0	0	0
d4043409b1892f692707d8fb64e349a5	0	0	2	0	0	0	0	0	0	0	0	0	0	0
503c964ef19b0046fa29fd5431eadbdf	0	0	2	0	0	0	0	0	0	0	0	0	0	0
c23487f3824c5b97bec10b90ff88a958	0	0	2	0	0	0	0	0	0	0	0	0	0	0
c406e6415443d9c56feca04eee85fc31	0	0	2	0	0	0	0	0	0	0	0	0	0	0
d2f1baf371bd6c31a0ee70b1a4312c81	0	0	2	0	0	0	0	0	0	0	0	0	0	0
2a867e50891135112736b17c3ac0dc50	0	0	2	0	0	0	0	0	0	0	0	0	0	0
b44c8c88d0dc8fe80da11c1a73c838b0	0	0	2	0	0	0	0	0	0	0	0	0	0	0
dc7436753220eb1f7f38a4e8ac8a5159	0	0	2	0	0	0	0	0	0	0	0	0	0	0
cade7f509b2f1850df7957d3bca2e0d3	0	0	2	0	0	0	0	0	0	0	0	0	0	0
91b95bfc1f3b4471116bbc23ef203bba	0	0	2	0	0	0	0	0	0	0	0	0	0	0
cdcb4d8dc0de7b81d5d19e3dbe83dfc2	0	0	2	0	0	0	0	0	0	0	0	0	0	0
5dbbfd158e15d236d8ab1b36bc1871bf	0	0	2	0	0	0	0	0	0	0	0	0	0	0
4a4bf4fb84433531e888d3020e5b96a1	0	0	2	0	0	0	0	0	0	0	0	0	0	0
94982d2e1391c4aa6f24c7758ef8c1a3	0	0	2	0	0	0	0	0	0	0	0	0	0	0
95ea1d1bac6e6ad3863b7a16c522c0de	0	0	2	0	0	0	0	0	0	0	0	0	0	0
a74fbabcd1821fea86e595ec4625438e	0	0	2	0	0	0	0	0	0	0	0	0	0	0
e8ffb99d447ec73bb13d02828932e48c	0	0	2	0	0	0	0	0	0	0	0	0	0	0
137bb03f46b5143cbcfb414b93894dc5	0	0	2	0	0	0	0	0	0	0	0	0	0	0
505f68ca4712ddb8608209aa2e4e656b	0	0	2	0	0	0	0	0	0	0	0	0	0	0
2a8262934d408289fede3426429fb3ad	0	0	2	0	0	0	0	0	0	0	0	0	0	0
e04ddb096ec9ecd0699ff2bac315d00a	0	0	2	0	0	0	0	0	0	0	0	0	0	0
77468818805d1f391962cd4cc4c9dcb4	0	0	2	0	0	0	0	0	0	0	0	0	0	0
722b78e134c497c0b1fbcb620fba229e	0	0	2	0	0	0	0	0	0	0	0	0	0	0
0eec4864651259d1583a76bab7666da3	0	0	2	0	0	0	0	0	0	0	0	0	0	0
8bc94beae0f700f995cfd445618e0d6b	0	0	2	0	0	0	0	0	0	0	0	0	0	0
d950d70cd5d46885bc479adcf5ba1ba6	0	0	2	0	0	0	0	0	0	0	0	0	0	0
ddae22ab637fc43bad1e4a12467c6de7	0	0	2	0	0	0	0	0	0	0	0	0	0	0
bc088817f67afea18de56fda7026adb0	0	0	2	0	0	0	0	0	0	0	0	0	0	0
6070e3b24784f8a425582d50110aa157	0	0	2	0	0	0	0	0	0	0	0	0	0	0
d0b5fd361ba1711512ef477be6d16170	0	0	2	0	0	0	0	0	0	0	0	0	0	0
d1b28dbb85d0ec251805c2884c4c5574	0	0	2	0	0	0	0	0	0	0	0	0	0	0
b60a4f7462133046950cec78d9482c69	0	0	2	0	0	0	0	0	0	0	0	0	0	0
f525b9fdafc9d65ef614004a020aee86	0	0	2	0	0	0	0	0	0	0	0	0	0	0
a2ecbc9f0a9145d1f971cf039c2c977b	0	0	2	0	0	0	0	0	0	0	0	0	0	0
c18f6d1890ee9437e0289b68e936d697	0	0	2	0	0	0	0	0	0	0	0	0	0	0
32dcd086b4f0799eec2a46fa12fef389	0	0	2	0	0	0	0	0	0	0	0	0	0	0
81ad0dffdc73674719d8bb1533ccd1a6	0	0	2	0	0	0	0	0	0	0	0	0	0	0
450bddc8ddddcd0316f81d6d11b190ac	0	0	2	0	0	0	0	0	0	0	0	0	0	0
c1b72c586954d9a4391d625c69772fd4	0	0	2	0	0	0	0	0	0	0	0	0	0	0
4c3d8bc18b21a35cc567bd8827b50734	0	0	2	0	0	0	0	0	0	0	0	0	0	0
c1d9ffa34f9d8456e78ec071d81a7666	0	0	2	0	0	0	0	0	0	0	0	0	0	0
670f2e2e932126c9af39e2ae0a0b31af	0	0	2	0	0	0	0	0	0	0	0	0	0	0
4fc6aad1d8b43cb34484eeefeeb0de9a	0	0	2	0	0	0	0	0	0	0	0	0	0	0
5f985b3e0ddb110fca878677572f2661	0	0	2	0	0	0	0	0	0	0	0	0	0	0
e074227903dcfdbc808d22a05e1560cd	0	0	2	0	0	0	0	0	0	0	0	0	0	0
d2077aa3ffbd16f79fffa55f13e320d2	0	0	2	0	0	0	0	0	0	0	0	0	0	0
71af35de90bc133ff71db1a6dd7a5b5f	0	0	2	0	0	0	0	0	0	0	0	0	0	0
a4d114d11693a21a16d9e8218b933874	0	0	2	0	0	0	0	0	0	0	0	0	0	0
074cc413771216ebf80d7f535b5a2fc2	0	0	2	0	0	0	0	0	0	0	0	0	0	0
0e207ad86c811110bce549dee8668fa6	0	0	2	0	0	0	0	0	0	0	0	0	0	0
1bb7180b7099a81ef4de18e6ef4bdd84	0	0	2	0	0	0	0	0	0	0	0	0	0	0
b0e9593b7680126e1844af961aa337fb	0	0	2	0	0	0	0	0	0	0	0	0	0	0
9ac482241826925b7ec27c9447b4defe	0	0	2	0	0	0	0	0	0	0	0	0	0	0
a8990ac76cf988d7bec8696575a6db60	0	0	2	0	0	0	0	0	0	0	0	0	0	0
bf2063b67bc87261c5c529d0a0dc52f2	0	0	2	0	0	0	0	0	0	0	0	0	0	0
42e0f6e046bca0c8a3935823e4580bee	0	0	2	0	0	0	0	0	0	0	0	0	0	0
632e315b234405b3733dfea884c30c96	0	0	2	0	0	0	0	0	0	0	0	0	0	0
8658b0899a07adaa8a80093c4f476f54	0	0	2	0	0	0	0	0	0	0	0	0	0	0
aa0335c7d00ea940de7cb344ea20df3d	0	0	2	0	0	0	0	0	0	0	0	0	0	0
521f422a4fbcd50fcf03c347c2bf215a	0	0	2	0	0	0	0	0	0	0	0	0	0	0
6e736298229c71889104934b23f7cfd3	0	0	2	0	0	0	0	0	0	0	0	0	0	0
0c66e9536a42e389bf106f119f25a74c	0	0	2	0	0	0	0	0	0	0	0	0	0	0
2a1dee886f38344670ddc0c68273cb3c	0	0	2	0	0	0	0	0	0	0	0	0	0	0
564f8b4e1c02a2834c4b13c2dcfd1265	0	0	2	0	0	0	0	0	0	0	0	0	0	0
76344b63f28c27ae9ea82f51d6892b4e	0	0	2	0	0	0	0	0	0	0	0	0	0	0
8c256b68f0a657f50c5295290637ca5f	0	0	2	0	0	0	0	0	0	0	0	0	0	0
96f7401aa934cb9dee9ecbd9ed8c4357	0	0	2	0	0	0	0	0	0	0	0	0	0	0
a8a4bb922da46ffd831e7a99caf5e607	0	0	2	0	0	0	0	0	0	0	0	0	0	0
2b7951c775f4d93672d9c928dc10704f	0	0	2	0	0	0	0	0	0	0	0	0	0	0
5d90849183a0c8f4bc52eef11cae7e46	0	0	2	0	0	0	0	0	0	0	0	0	0	0
eda31a414809e07f71dd5a1c226345ca	0	0	2	0	0	0	0	0	0	0	0	0	0	0
0ad0e655f1463b2105605510828eb945	0	0	1	0	0	0	1	0	0	0	0	0	0	0
d2c2dfe6cb83313f66006ede3bc39c54	0	0	0	2	0	0	0	0	0	0	0	0	0	0
e84e078e21ccc603d56043bef596cee1	0	0	0	2	0	0	0	0	0	0	0	0	0	0
b0746371d04021fd06e4cad1b98aa86a	0	0	0	2	0	0	0	0	0	0	0	0	0	0
55db8efc0802c30b2cc1a90108672651	0	0	0	0	2	0	0	0	0	0	0	0	0	0
5b0f0a6ac3df60c4c06b49e2e59d46b3	0	0	0	0	2	0	0	0	0	0	0	0	0	0
e728a1a2a9b4266c4b19c6850ccd0858	0	0	0	0	2	0	0	0	0	0	0	0	0	0
b8218e35eb8860c4578284a25340c030	0	0	0	0	2	0	0	0	0	0	0	0	0	0
7a7f88b2a46241ca38d75be3eb7d3aa7	0	0	0	0	0	2	0	0	0	0	0	0	0	0
4e90971089e685beb22cca738ab1dd34	0	0	0	0	0	2	0	0	0	0	0	0	0	0
785c30dcb9f95ad0846393ac3b819916	0	0	0	0	0	2	0	0	0	0	0	0	0	0
9fe77fb969bf84772143bca28c70f179	0	0	0	0	0	2	0	0	0	0	0	0	0	0
1285554508b24be32fdf575ab747cb48	0	0	0	0	0	2	0	0	0	0	0	0	0	0
c9e443993ecff1d1021e7d24a703192e	0	0	0	0	0	2	0	0	0	0	0	0	0	0
800e18aa998edcd67dbd846dfc67ff53	0	0	0	0	0	2	0	0	0	0	0	0	0	0
183e62e8dce9f2f0ed2476abbe35bdae	0	0	0	0	0	2	0	0	0	0	0	0	0	0
68021e576154108bf1fca845dda7b35f	0	0	0	0	0	2	0	0	0	0	0	0	0	0
1b2f335d6956a056ebf08f770e780849	0	0	0	0	0	2	0	0	0	0	0	0	0	0
ff500e1a95bf81c53855111f02230b9c	0	0	0	0	0	2	0	0	0	0	0	0	0	0
3d49221fd97742faabe9f70b76e22138	0	0	0	0	0	2	0	0	0	0	0	0	0	0
c5c279546bee11fbf73648606dd2c448	0	0	0	0	0	2	0	0	0	0	0	0	0	0
8a438fea62e912f3cf61647d3da135c5	0	0	0	0	0	2	0	0	0	0	0	0	0	0
3113b11d1c47e913e6002841905e3dae	0	0	0	0	0	2	0	0	0	0	0	0	0	0
cdb503a23b96d159d837a3238257ab24	0	0	0	0	0	2	0	0	0	0	0	0	0	0
5916551edd1651968a3a9257e0732175	0	0	0	0	0	2	0	0	0	0	0	0	0	0
8be154a9929405fee56beaf87e8144b1	0	0	0	0	0	2	0	0	0	0	0	0	0	0
8f3f47b60583cafbb19d2f9ce8fefc5e	0	0	0	0	0	2	0	0	0	0	0	0	0	0
9b9b552f0abced26842ad8b1bdbc94dc	0	0	0	0	0	2	0	0	0	0	0	0	0	0
b5c938a54eddaea4fc6089ce3d138b84	0	0	0	0	0	2	0	0	0	0	0	0	0	0
e8a4f6d294b66e4573813799efe24111	0	0	0	0	0	2	0	0	0	0	0	0	0	0
7a00bfd3df280e8659df1dca8b21db70	0	0	0	0	0	2	0	0	0	0	0	0	0	0
9f37e2b2fd16cc97f9ad61c9624e5a92	0	0	0	0	0	2	0	0	0	0	0	0	0	0
e348733f974b48b2ed13f341aef96f05	0	0	0	0	0	2	0	0	0	0	0	0	0	0
95b1bd42ddc38b332385c661abf0a3e5	0	0	0	0	0	2	0	0	0	0	0	0	0	0
9b3b47b31c0bf2b280c2127d9c455cd2	0	0	0	0	0	2	0	0	0	0	0	0	0	0
6a6591edcf7ce4d8aa369d3cb0e143ca	0	0	0	0	0	2	0	0	0	0	0	0	0	0
20b5e2624480f1d04c332fb870b08812	0	0	0	0	0	2	0	0	0	0	0	0	0	0
9223b29ff166d3b3c8edeb696e75d60d	0	0	0	0	0	2	0	0	0	0	0	0	0	0
cd58e9159a4421e3eecbc99d1ce9475f	0	0	0	0	0	2	0	0	0	0	0	0	0	0
e4ada4641b5a6e4742bcbe36fac2e4af	0	0	0	0	0	2	0	0	0	0	0	0	0	0
b994069357b71ea66a53849202ee37d5	0	0	0	0	0	2	0	0	0	0	0	0	0	0
8580b1021a3465efd37a8488b2e6a4b9	0	0	0	0	0	2	0	0	0	0	0	0	0	0
9bd941762a99631368f9bb87ed371a0d	0	0	0	0	0	2	0	0	0	0	0	0	0	0
7cdfe336e41709a9bf801a965554f2df	0	0	0	0	0	2	0	0	0	0	0	0	0	0
be894cee02e0ac7015cc5b26e2734ab4	0	0	0	0	0	2	0	0	0	0	0	0	0	0
3c51a89a1cd726552c2a03ac0606960a	0	0	0	0	0	2	0	0	0	0	0	0	0	0
5ede215619576daa03b47d50336878f4	0	0	0	0	0	2	0	0	0	0	0	0	0	0
f31876b1c1b15fddb8053f4f2894a75d	0	0	0	0	0	2	0	0	0	0	0	0	0	0
dc33a85e0d879b192f03520fdc31e3ee	0	0	0	0	0	2	0	0	0	0	0	0	0	0
6b1d638e3f76875f6473f4e58196f9af	0	0	0	0	0	2	0	0	0	0	0	0	0	0
fbf5e6b8bbb5bdae855354647826be75	0	0	0	0	0	2	0	0	0	0	0	0	0	0
7e1611f91f60e4248a58c70d37ee1caa	0	0	0	0	0	2	0	0	0	0	0	0	0	0
7b3514be7c355ce0347da0db57e281ce	0	0	0	0	0	2	0	0	0	0	0	0	0	0
e0dc489f4d9022558d183998d958912a	0	0	0	0	0	2	0	0	0	0	0	0	0	0
a88eb631aee37cb25e38c81c5fa6bc29	0	0	0	0	0	2	0	0	0	0	0	0	0	0
b60325a24eed85e1171cd9e3b23f551d	0	0	0	0	0	2	0	0	0	0	0	0	0	0
6530347dc966ee60c70a1697e182c239	0	0	0	0	0	2	0	0	0	0	0	0	0	0
1924557a160781668427712c3a8923cb	0	0	0	0	0	2	0	0	0	0	0	0	0	0
55a2825332f4260bcdeb62e9f31be5a6	0	0	0	0	0	2	0	0	0	0	0	0	0	0
f30cd7e37ca774caf3bf9c84cb708354	0	0	0	0	0	2	0	0	0	0	0	0	0	0
36f437a852908d2bf1c6ba553bf04fcd	0	0	0	0	0	2	0	0	0	0	0	0	0	0
4a2b910a6aa409a0643e1dfc4abdcc0c	0	0	0	0	0	2	0	0	0	0	0	0	0	0
22a02db0a0c35b4f028b365747104701	0	0	0	0	0	2	0	0	0	0	0	0	0	0
743bedba7b9a2534167732a786b748af	0	0	0	0	0	2	0	0	0	0	0	0	0	0
22ea3fcecc374349b0e9ca7d39e34103	0	0	0	0	0	2	0	0	0	0	0	0	0	0
4c64e7b0dd2db47f7a29654e267620c5	0	0	0	0	0	2	0	0	0	0	0	0	0	0
c420aac383bfd84defee451b85960fe8	0	0	0	0	0	2	0	0	0	0	0	0	0	0
7c5c42dd078fa3200ff23038be39358f	0	0	0	0	0	2	0	0	0	0	0	0	0	0
090f2811d3e8719511445935a79429b4	0	0	0	0	0	2	0	0	0	0	0	0	0	0
5d9e2edc578761dc5a8d47cd231ff572	0	0	0	0	0	2	0	0	0	0	0	0	0	0
d5f6fddb4a72b4d838f5d52ed1f7f6f5	0	0	0	0	0	2	0	0	0	0	0	0	0	0
ef8dac320624277a80c3b60463663269	0	0	0	0	0	2	0	0	0	0	0	0	0	0
bcc8f5aa712a2fd5257cc2f628f800d7	0	0	0	0	0	2	0	0	0	0	0	0	0	0
8c1fbc5dee945904453a4c5ca3da1188	0	0	0	0	0	2	0	0	0	0	0	0	0	0
e69815baffa1d3167e885b0899338e7d	0	0	0	0	0	2	0	0	0	0	0	0	0	0
034d08273c4eeaa9e5290478299f2b70	0	0	0	0	0	2	0	0	0	0	0	0	0	0
c4a705fa48bc58dc04b188acacd68a3c	0	0	0	0	0	2	0	0	0	0	0	0	0	0
ee8c2ba16cd4021daa9a556732bbb24a	0	0	0	0	0	2	0	0	0	0	0	0	0	0
f36dd84d73084adef30cdca5142c0090	0	0	0	0	0	2	0	0	0	0	0	0	0	0
7edd30718ccee3a388d2aed617cb059b	0	0	0	0	0	2	0	0	0	0	0	0	0	0
7d1bcebf37962361549e1d2a01b4adf1	0	0	0	0	0	2	0	0	0	0	0	0	0	0
31e3339ec69f387889f68c53151c1038	0	0	0	0	0	2	0	0	0	0	0	0	0	0
b5d05f5bda4e4a134aafb09ebd0a2afd	0	0	0	0	0	2	0	0	0	0	0	0	0	0
fce1845a2bed9b90b6f4168cef85daa3	0	0	0	0	0	2	0	0	0	0	0	0	0	0
8ff6582f3ea5658b10f4282410efb96b	0	0	0	0	0	2	0	0	0	0	0	0	0	0
a16d3e40b46729e20b9ed159c00e2f60	0	0	0	0	0	2	0	0	0	0	0	0	0	0
b3bab48b9e0e66cc9151c9244d5a431b	0	0	0	0	0	2	0	0	0	0	0	0	0	0
3662644cdc7684eedb45f105766eee80	0	0	0	0	0	2	0	0	0	0	0	0	0	0
f0bad7db388e8e7815551a6a1446a4f5	0	0	0	0	0	2	0	0	0	0	0	0	0	0
122ddc963dee4325283a7d525fb1400e	0	0	0	0	0	2	0	0	0	0	0	0	0	0
f67a617ac7d995c9dd9785d311f27915	0	0	0	0	0	2	0	0	0	0	0	0	0	0
998db0f4a67d0b674754d7682ee1cfb9	0	0	0	0	0	2	0	0	0	0	0	0	0	0
2bd3ac03ac3f8c35a56240f305a997c6	0	0	0	0	0	2	0	0	0	0	0	0	0	0
bfd6344a8fbd9378f4157359f5929949	0	0	0	0	0	2	0	0	0	0	0	0	0	0
baa340606e5ff358bf65f04fe70ae2c7	0	0	0	0	0	2	0	0	0	0	0	0	0	0
c88b72ae8c2ffb4be5707819c819cad9	0	0	0	0	0	2	0	0	0	0	0	0	0	0
8ac5822f881de2ec0050913c0252825d	0	0	0	0	0	2	0	0	0	0	0	0	0	0
6f5d4810d6e38c501b1335dab6da9cb1	0	0	0	0	0	2	0	0	0	0	0	0	0	0
b27a75678f49f7c07824c5ae72d402ab	0	0	0	0	0	2	0	0	0	0	0	0	0	0
0079fcfa64cea816f3e99032220ff3d2	0	0	0	0	0	2	0	0	0	0	0	0	0	0
23bec03bae2e31fa85584c60de5fd541	0	0	0	0	0	2	0	0	0	0	0	0	0	0
c31fe630a8adb0c0a2a95dff7e0a445f	0	0	0	0	0	2	0	0	0	0	0	0	0	0
bd64726546adadb9907babbcc3906b1d	0	0	0	0	0	2	0	0	0	0	0	0	0	0
044ad5e058c8603e299078d06c431888	0	0	0	0	0	2	0	0	0	0	0	0	0	0
f85763b6a007b832e59468d63d618266	0	0	0	0	0	2	0	0	0	0	0	0	0	0
44c11933aca5c86dbd8a68ee4e0e8175	0	0	0	0	0	2	0	0	0	0	0	0	0	0
3f80c7753d61fc703122e87dcdbdd224	0	0	0	0	0	2	0	0	0	0	0	0	0	0
2493ebb2236bac1934653e1cc3e616cc	0	0	0	0	0	2	0	0	0	0	0	0	0	0
65501132ea9c5e6d4df016a38802ec64	0	0	0	0	0	2	0	0	0	0	0	0	0	0
85355508d4c3bfc53b036df1bae68e7e	0	0	0	0	0	2	0	0	0	0	0	0	0	0
67af3791aadf9fbd4d6b7694d9e4c7dc	0	0	0	0	0	2	0	0	0	0	0	0	0	0
5ddc35e1481bf83e10604832135b8d74	0	0	0	0	0	2	0	0	0	0	0	0	0	0
86db09b16bd7034430f841990d4e5a9e	0	0	0	0	0	2	0	0	0	0	0	0	0	0
c47bab6daee55fd558a86795e7846f70	0	0	0	0	0	2	0	0	0	0	0	0	0	0
29fe176af5c5e09bf87a1e949f753415	0	0	0	0	0	2	0	0	0	0	0	0	0	0
ec635d4bc766d5a9cc0dba8c9fc0728c	0	0	0	0	0	2	0	0	0	0	0	0	0	0
7ad92fd13f46842104894a6c9f999c3c	0	0	0	0	0	2	0	0	0	0	0	0	0	0
49b4808428f38120a28b51dc31ea817e	0	0	0	0	0	2	0	0	0	0	0	0	0	0
f6ae5417591509ca618475529faa6368	0	0	0	0	0	2	0	0	0	0	0	0	0	0
8ff8f727b7ae716c44ad7c5a1cb942e9	0	0	0	0	0	2	0	0	0	0	0	0	0	0
ed1e8ed8a245711d5ac028081e7b6421	0	0	0	0	0	2	0	0	0	0	0	0	0	0
73592232d5899cfcb0dec983c28cd903	0	0	0	0	0	2	0	0	0	0	0	0	0	0
054e1888bc2241fd8cdaf24087debef3	0	0	0	0	0	2	0	0	0	0	0	0	0	0
39b5edaf8c41b24016dda6d889532ab5	0	0	0	0	0	2	0	0	0	0	0	0	0	0
2ffe5b072e2b79d6316c57abe2d37eef	0	0	0	0	0	2	0	0	0	0	0	0	0	0
b315301f33ed7223aad67c8cd87c6dd0	0	0	0	0	0	2	0	0	0	0	0	0	0	0
802a9cab2ce0064c9f03901c63133843	0	0	0	0	0	2	0	0	0	0	0	0	0	0
8bc15bba1a9664adc6d23710547a6465	0	0	0	0	0	2	0	0	0	0	0	0	0	0
0579e1850089277cdd184a0b7691cbdb	0	0	0	0	0	2	0	0	0	0	0	0	0	0
cb4093343809c47686a9a4cf1099eed4	0	0	0	0	0	2	0	0	0	0	0	0	0	0
6b42cb068b45c4170bb497d32d8ffdd3	0	0	0	0	0	2	0	0	0	0	0	0	0	0
f1e36481946e317e33d7c69f09facd90	0	0	0	0	0	2	0	0	0	0	0	0	0	0
5726346de68efe173262d8b73daef630	0	0	0	0	0	2	0	0	0	0	0	0	0	0
6a7b852952b9da094c2e48122830c79d	0	0	0	0	0	2	0	0	0	0	0	0	0	0
0a43a1f9b210011a8eb4d406d366b1ba	0	0	0	0	0	2	0	0	0	0	0	0	0	0
b71cf93d335935ff2ac32943dd4000d0	0	0	0	0	0	2	0	0	0	0	0	0	0	0
ac25f87c91c2419d73d63af3f1b716ee	0	0	0	0	0	2	0	0	0	0	0	0	0	0
5b6449e542a513a828d0a5b2b22b0b06	0	0	0	0	0	2	0	0	0	0	0	0	0	0
b39d63f444a4adf39ac942b137eec46e	0	0	0	0	0	2	0	0	0	0	0	0	0	0
ccfc945fdea77f69f5ac27b0582285b3	0	0	0	0	0	2	0	0	0	0	0	0	0	0
5b8ea83cc9c3b0b752de30ab057a9631	0	0	0	0	0	2	0	0	0	0	0	0	0	0
46ee075f614a096f43fdfcd783f4d75a	0	0	0	0	0	2	0	0	0	0	0	0	0	0
4be3d7989076dd99ae6cc153d1cf5a05	0	0	0	0	0	2	0	0	0	0	0	0	0	0
ed3d07a587b46aefcd210c1d81beec77	0	0	0	0	0	2	0	0	0	0	0	0	0	0
19a9faea4026701338f0784e8346433c	0	0	0	0	0	2	0	0	0	0	0	0	0	0
c3beadf565013705107ba287fcec8319	0	0	0	0	0	2	0	0	0	0	0	0	0	0
e70773dd76c7133a8cdd1766ffda7c37	0	0	0	0	0	2	0	0	0	0	0	0	0	0
150a7892bfd1694367f9e96278c7ea60	0	0	0	0	0	2	0	0	0	0	0	0	0	0
2add0f3a242357952526b8ddd33dfde2	0	0	0	0	0	2	0	0	0	0	0	0	0	0
ce7a195eb405fc2ef1e2170fd7055728	0	0	0	0	0	2	0	0	0	0	0	0	0	0
ba178aa230314158939474e997b52ac4	0	0	0	0	0	2	0	0	0	0	0	0	0	0
8cec6158a559d5e8b3d9ac33c6017f6f	0	0	0	0	0	2	0	0	0	0	0	0	0	0
fa0c08e5018e56f5d45afb315a65132b	0	0	0	0	0	2	0	0	0	0	0	0	0	0
9db9f9a0f9caf15705ffd6ab4c816443	0	0	0	0	0	2	0	0	0	0	0	0	0	0
90290dfcd696a0d45ed1126df18837c6	0	0	0	0	0	2	0	0	0	0	0	0	0	0
3eceb66cd7984e5c628d2dc84d8616ae	0	0	0	0	0	2	0	0	0	0	0	0	0	0
caad2e064387ae1488e992211d69be7a	0	0	0	0	0	2	0	0	0	0	0	0	0	0
e3b029663c9bd8c789e05184537f13f3	0	0	0	0	0	2	0	0	0	0	0	0	0	0
822ef81ac473ad1cebaf8a7de10e0151	0	0	0	0	0	2	0	0	0	0	0	0	0	0
6a4ae3ffeebd46a06b9fe7de56b8a3d9	0	0	0	0	0	2	0	0	0	0	0	0	0	0
925c1b441ec0db99c05d617623fdf61b	0	0	0	0	0	2	0	0	0	0	0	0	0	0
451a1189af8d66a586860f6f2f9178d9	0	0	0	0	0	2	0	0	0	0	0	0	0	0
c189ca149902dc0e62f08d22526c51b7	0	0	0	0	0	2	0	0	0	0	0	0	0	0
62b5471806178e3a355c04819e1afbd1	0	0	0	0	0	2	0	0	0	0	0	0	0	0
669964eb345737ecb56e52f2e9409ecb	0	0	0	0	0	2	0	0	0	0	0	0	0	0
df8652d511a78a3f1d908603093ee17d	0	0	0	0	0	2	0	0	0	0	0	0	0	0
dc7aa2e7afa9911ef60c5527515478d9	0	0	0	0	0	2	0	0	0	0	0	0	0	0
817541025b4b015724551cea37a3b4d1	0	0	0	0	0	2	0	0	0	0	0	0	0	0
07c5830d2e14533d45250df21677a23c	0	0	0	0	0	2	0	0	0	0	0	0	0	0
4e2c7478883021de26d5438880c2e156	0	0	0	0	0	2	0	0	0	0	0	0	0	0
b5608ed04dfda89381e52a1add049043	0	0	0	0	0	2	0	0	0	0	0	0	0	0
e5b0a3814ff68a2a3fa563ab5801be1b	0	0	0	0	0	2	0	0	0	0	0	0	0	0
83651ba5a95b3318cda4f1d90cd8e5af	0	0	0	0	0	2	0	0	0	0	0	0	0	0
1d948cae1dd9f0ef9f39e61385a129d5	0	0	0	0	0	2	0	0	0	0	0	0	0	0
f796ff3634488de73f180b7853cf216c	0	0	0	0	0	2	0	0	0	0	0	0	0	0
06e7e2e8b8d71ec5d4fe8f2f9b056efa	0	0	0	0	0	2	0	0	0	0	0	0	0	0
0700c4a104df6c5af700f9094199591a	0	0	0	0	0	2	0	0	0	0	0	0	0	0
4c160bf43967754d5b88d124383ac3d1	0	0	0	0	0	2	0	0	0	0	0	0	0	0
3d4bf03f33dd4156bf7ea3d5e35ec43c	0	0	0	0	0	2	0	0	0	0	0	0	0	0
6b9f6baa559db185d73b0ac0753beeb1	0	0	0	0	0	2	0	0	0	0	0	0	0	0
9af7973fadd6900d2da56f540dce9051	0	0	0	0	0	2	0	0	0	0	0	0	0	0
311538ffd00ef89a86d942c74db8ca4b	0	0	0	0	0	2	0	0	0	0	0	0	0	0
75370e5cc46c335d4ec805e0ef4fe8cf	0	0	0	0	0	2	0	0	0	0	0	0	0	0
2b28098aea1d9b64b48ff91737d46480	0	0	0	0	0	2	0	0	0	0	0	0	0	0
eb0972b9b698f75958aaa6042912b375	0	0	0	0	0	2	0	0	0	0	0	0	0	0
9a42ffad37fb7e2fffb4350df0c0eb7f	0	0	0	0	0	2	0	0	0	0	0	0	0	0
e59b5c8b1bedd6d72e20d843b0d81359	0	0	0	0	0	2	0	0	0	0	0	0	0	0
c5d2a9d01dd5718f83af850059a5eb26	0	0	0	0	0	2	0	0	0	0	0	0	0	0
0f4471527eeeedc8f3acf0dc9abaf0cb	0	0	0	0	0	2	0	0	0	0	0	0	0	0
3cd48fe5ef48118964688d99978343e9	0	0	0	0	0	2	0	0	0	0	0	0	0	0
57e73cb11447b74f83f6cee634ac7a51	0	0	0	0	0	2	0	0	0	0	0	0	0	0
df9fd8243d0e3f2acc9fa3735cd09e64	0	0	0	0	0	2	0	0	0	0	0	0	0	0
3cb6f31f104a3d50b73de9cfffda17ab	0	0	0	0	0	2	0	0	0	0	0	0	0	0
53b1729a2562d0197035c32597eb0e46	0	0	0	0	0	2	0	0	0	0	0	0	0	0
782079a6ff9c6c55ac594fcead7ee2fa	0	0	0	0	0	2	0	0	0	0	0	0	0	0
544aabb6c7098024e5a740eb075863a8	0	0	0	0	0	2	0	0	0	0	0	0	0	0
d2542c1f1cde08d1582c292f5aa3ce8b	0	0	0	0	0	2	0	0	0	0	0	0	0	0
1aa85f87475127aa48c461cd1f071a78	0	0	0	0	0	2	0	0	0	0	0	0	0	0
562e34928a80adf5fcd03b5544bc8421	0	0	0	0	0	2	0	0	0	0	0	0	0	0
4a9b544b04bc1f3f868d6d0ed0fb5c32	0	0	0	0	0	2	0	0	0	0	0	0	0	0
8026f6148badc47cc48fa00744408abe	0	0	0	0	0	2	0	0	0	0	0	0	0	0
8aac819285b21c2bff2cbd78a5669d5e	0	0	0	0	0	2	0	0	0	0	0	0	0	0
59801b076b09034baecb4a7f900bb5ce	0	0	0	0	0	2	0	0	0	0	0	0	0	0
a02fb19b84134ad317b8032e6cf92424	0	0	0	0	0	2	0	0	0	0	0	0	0	0
d893301d888fc8479b8afdc156f85101	0	0	0	0	0	2	0	0	0	0	0	0	0	0
cbde824def69423fb6df1b3a9070d466	0	0	0	0	0	2	0	0	0	0	0	0	0	0
efa21e50fd44cd5731aee96d31662d23	0	0	0	0	0	2	0	0	0	0	0	0	0	0
3d68ff2e30b3f04cf2b39849b1d2a1df	0	0	0	0	0	2	0	0	0	0	0	0	0	0
2c059d5dcfb60c7420e77ecef244b89a	0	0	0	0	0	2	0	0	0	0	0	0	0	0
fe3db0791e2a151ea88952837ddd2147	0	0	0	0	0	2	0	0	0	0	0	0	0	0
609fb183301b9a04ec71fa895f3820bc	0	0	0	0	0	2	0	0	0	0	0	0	0	0
9564c22926cccd7353ca3c0a5d26d968	0	0	0	0	0	2	0	0	0	0	0	0	0	0
702c064c5903f1fbe4a3a99cfcd3765e	0	0	0	0	0	2	0	0	0	0	0	0	0	0
04169bda403ffa1bec224d5f6f4bdce8	0	0	0	0	0	2	0	0	0	0	0	0	0	0
5c1c1d0d33504125fd1420cee51dc4e1	0	0	0	0	0	2	0	0	0	0	0	0	0	0
96c548007499e4f91cc5cc683f74fdad	0	0	0	0	0	2	0	0	0	0	0	0	0	0
f39bf8f682d228cbdadc1cc49bf4b99e	0	0	0	0	0	2	0	0	0	0	0	0	0	0
dc809944d5b2abac161d115287ad2150	0	0	0	0	0	2	0	0	0	0	0	0	0	0
52b9fc6fd0038c735ef182773918e5c9	0	0	0	0	0	2	0	0	0	0	0	0	0	0
53948b25c57c571be77504c5291ca579	0	0	0	0	0	2	0	0	0	0	0	0	0	0
ec82dcce7504ed11ed2f53ca20ee6b93	0	0	0	0	0	2	0	0	0	0	0	0	0	0
9bd10dbd3ab741a34d79c1160cd9eb8e	0	0	0	0	0	2	0	0	0	0	0	0	0	0
6fa2cc24d113feaa94032b910d52da61	0	0	0	0	0	2	0	0	0	0	0	0	0	0
b3b82a080b5f0651ec8367333b509437	0	0	0	0	0	2	0	0	0	0	0	0	0	0
7e6dc482f3b8ef9eecdd23831ead3f6f	0	0	0	0	0	2	0	0	0	0	0	0	0	0
c70407e3c927ac6bb86604043ae472d4	0	0	0	0	0	2	0	0	0	0	0	0	0	0
047139d2329d9620773a9134edcc9c63	0	0	0	0	0	1	1	0	0	0	0	0	0	0
5d24640a007c36412a5324c1c201471c	0	0	0	0	0	1	1	0	0	0	0	0	0	0
ca114bc7312c87170696a3ee54e31090	0	0	0	0	0	1	1	0	0	0	0	0	0	0
36baabd129d66c173c896708892543fb	0	0	0	0	0	1	1	0	0	0	0	0	0	0
51fc6acaa76d16cf7f558bd3dec1dda7	0	0	0	0	0	0	2	0	0	0	0	0	0	0
23176d4c9034ecbdc4a1fad3a39207ee	0	0	0	0	0	0	2	0	0	0	0	0	0	0
67a9763d4481d29671fe8e589f282f6c	0	0	0	0	0	0	2	0	0	0	0	0	0	0
6d6cd989da6fd77447feb3218fff615c	0	0	0	0	0	0	2	0	0	0	0	0	0	0
4ce7f0e4cb026bad3c989ffd222eec01	0	0	0	0	0	0	2	0	0	0	0	0	0	0
92b71fd4ef445452df8267ac24badbfa	0	0	0	0	0	0	2	0	0	0	0	0	0	0
1ad0e1fcdb574ccf5f2871a737895f5d	0	0	0	0	0	0	2	0	0	0	0	0	0	0
82dfad2be356242b04ef1cf55701bb74	0	0	0	0	0	0	2	0	0	0	0	0	0	0
a87c1751155673f7ff102e1f3ba7fc76	0	0	0	0	0	0	2	0	0	0	0	0	0	0
f5d990ed25b6f3ed9e714bd87204cf23	0	0	0	0	0	0	2	0	0	0	0	0	0	0
26b808defe15c4c27d323c66cca39531	0	0	0	0	0	0	2	0	0	0	0	0	0	0
9898b7fcfb73b6e23d7e07123381694e	0	0	0	0	0	0	2	0	0	0	0	0	0	0
8e7aa9e6b74d0575c297c35e7d9b1ade	0	0	0	0	0	0	2	0	0	0	0	0	0	0
f1210ce62e9b8d90ee68e1581c0c0166	0	0	0	0	0	0	2	0	0	0	0	0	0	0
e2c9591da8e1997bdd177befbb86a8c9	0	0	0	0	0	0	2	0	0	0	0	0	0	0
8adde914f537faca35b3c412a821164b	0	0	0	0	0	0	2	0	0	0	0	0	0	0
f25f36fc6c8aab665b8b063d46a71f91	0	0	0	0	0	0	2	0	0	0	0	0	0	0
2c85abbdae1484ee997b5fcb0bc29af4	0	0	0	0	0	0	2	0	0	0	0	0	0	0
82073092ac59d77888e3f5154f22b3c9	0	0	0	0	0	0	2	0	0	0	0	0	0	0
34799720f80716d1cd28c678ce9f2af1	0	0	0	0	0	0	2	0	0	0	0	0	0	0
d3e084bc2fee147d747859ee01494bcd	0	0	0	0	0	0	2	0	0	0	0	0	0	0
8159b679a954ab7f74c323696ee95804	0	0	0	0	0	0	2	0	0	0	0	0	0	0
7651d434015826f65012ee688187f89a	0	0	0	0	0	0	2	0	0	0	0	0	0	0
718706f99128c4dd4a5adc507226e33a	0	0	0	0	0	0	2	0	0	0	0	0	0	0
9aec4edd39bb5ced07d64e5cb47d4b72	0	0	0	0	0	0	2	0	0	0	0	0	0	0
f6fd048371f83da35811d63c258af52c	0	0	0	0	0	0	2	0	0	0	0	0	0	0
bfbc0564ed2044aea1ca8eeec895ea2a	0	0	0	0	0	0	2	0	0	0	0	0	0	0
2854b633ab52a14dfbb77c85bed86f9f	0	0	0	0	0	0	2	0	0	0	0	0	0	0
c5f0612b509b1249f8d943baace6d5eb	0	0	0	0	0	0	2	0	0	0	0	0	0	0
f9c9fb31ed235d338bb9a4f8b59800e5	0	0	0	0	0	0	2	0	0	0	0	0	0	0
39106e754b9692a16ee7160945d146b0	0	0	0	0	0	0	2	0	0	0	0	0	0	0
9a948718ee23ee7c1391a24a2a050895	0	0	0	0	0	0	2	0	0	0	0	0	0	0
37ee8ebd7f74b3521c2773fe78075a81	0	0	0	0	0	0	2	0	0	0	0	0	0	0
fbf8aecde72b1501ee72006d777e47f6	0	0	0	0	0	0	2	0	0	0	0	0	0	0
b4c41f92a5e14ceecad21d82ed995871	0	0	0	0	0	0	2	0	0	0	0	0	0	0
407e1b10d7187c0dc858106e389928eb	0	0	0	0	0	0	2	0	0	0	0	0	0	0
4bb059b6e12f5f5aae2718d45a861108	0	0	0	0	0	0	2	0	0	0	0	0	0	0
060ff2d20402241c9f1ce7b4a2f9cb9c	0	0	0	0	0	0	2	0	0	0	0	0	0	0
a3684f2ecee85f42eecf078ffe994279	0	0	0	0	0	0	2	0	0	0	0	0	0	0
98fe1d5f844b1cd7b376a3d11e4dcdd9	0	0	0	0	0	0	2	0	0	0	0	0	0	0
7af4ceac172b853fb754ce895c6be926	0	0	0	0	0	0	2	0	0	0	0	0	0	0
fe981f77082489bb714d659cb9fc3cd4	0	0	0	0	0	0	2	0	0	0	0	0	0	0
ed187d5323d6f47e58b5e65821b9b33c	0	0	0	0	0	0	2	0	0	0	0	0	0	0
6fccf7fcbab348a6c4d4ffd4efe61338	0	0	0	0	0	0	2	0	0	0	0	0	0	0
1b0349597be8628001fec7b893da407e	0	0	0	0	0	0	2	0	0	0	0	0	0	0
670b30bfedb6fa2c19f2b6d118537462	0	0	0	0	0	0	2	0	0	0	0	0	0	0
c8d8811fae1bba0cee56ee582e0c7758	0	0	0	0	0	0	2	0	0	0	0	0	0	0
338fbd592db0918912e74f3a1cf2cb7f	0	0	0	0	0	0	2	0	0	0	0	0	0	0
8e4e0514f79dcb78ec397da57533081d	0	0	0	0	0	0	2	0	0	0	0	0	0	0
71af8ef9fd18ffcf3c1fb14d7cc634a5	0	0	0	0	0	0	2	0	0	0	0	0	0	0
ea2ab630e76d233bc5f18c7ecc73e9f5	0	0	0	0	0	0	2	0	0	0	0	0	0	0
0f88ade150e65f9178d54147d71e7307	0	0	0	0	0	0	2	0	0	0	0	0	0	0
fb8d7ca5f47a7bf0b31bc1fe8fee36a6	0	0	0	0	0	0	2	0	0	0	0	0	0	0
56a9fbdae8ea58007a8a31fbcc29449d	0	0	0	0	0	0	2	0	0	0	0	0	0	0
90970c994d9c1af8a95171edb10d6961	0	0	0	0	0	0	2	0	0	0	0	0	0	0
438980f5421f2017e0954562a06637bc	0	0	0	0	0	0	2	0	0	0	0	0	0	0
156a98f6605e5469a408ea0f9a32fda0	0	0	0	0	0	0	2	0	0	0	0	0	0	0
ae9cf8e3153d92b78edc1e672bee1cd6	0	0	0	0	0	0	2	0	0	0	0	0	0	0
d0f331b0d40b573627548c1ad353052d	0	0	0	0	0	0	2	0	0	0	0	0	0	0
5f930c5684bcb4bac532d65a4c993366	0	0	0	0	0	0	2	0	0	0	0	0	0	0
e8038470c3b081041587794a576cfede	0	0	0	0	0	0	2	0	0	0	0	0	0	0
a843fc2324349d6207f7f2e5ba17abda	0	0	0	0	0	0	2	0	0	0	0	0	0	0
070a83ea69722c67fb6e7f12935248cd	0	0	0	0	0	0	2	0	0	0	0	0	0	0
8b36c6d017211abfa9d7cf1c8a97c396	0	0	0	0	0	0	2	0	0	0	0	0	0	0
8ef569c3fbc7476fb57541a18f7d8e61	0	0	0	0	0	0	2	0	0	0	0	0	0	0
bf823b5bb135e3a3bfa1202775b9b21e	0	0	0	0	0	0	2	0	0	0	0	0	0	0
e15ad948d60ce2d3203bfc0c8d61553f	0	0	0	0	0	0	2	0	0	0	0	0	0	0
cb198701ff86cfdff22285fa68fd618d	0	0	0	0	0	0	2	0	0	0	0	0	0	0
a6e25a0b1adfeb70ab146b5ea33398e3	0	0	0	0	0	0	2	0	0	0	0	0	0	0
33c75d58b225f37bbb74b3e39c98d9ee	0	0	0	0	0	0	2	0	0	0	0	0	0	0
dd886b7d84c3cd86c105bef85a6335ba	0	0	0	0	0	0	2	0	0	0	0	0	0	0
f4bc97972e29941d8687fecd38292958	0	0	0	0	0	0	2	0	0	0	0	0	0	0
fd094d4a398ca2eda4baaca638def9fe	0	0	0	0	0	0	2	0	0	0	0	0	0	0
78a0352f04671830851e66edbfc28d05	0	0	0	0	0	0	2	0	0	0	0	0	0	0
ca50e3d0077a3a95161769e045069f1a	0	0	0	0	0	0	2	0	0	0	0	0	0	0
aec23dd82855935bd551598aebce3f48	0	0	0	0	0	0	2	0	0	0	0	0	0	0
f6a79bfc5555013ca90fe0323c4d943a	0	0	0	0	0	0	2	0	0	0	0	0	0	0
acf315fe8c85bd370b7c42f48ef86aac	0	0	0	0	0	0	2	0	0	0	0	0	0	0
012786ef8d8a6cc132ff8dfd211da5cf	0	0	0	0	0	0	2	0	0	0	0	0	0	0
9cf97dcf76d3b2182d98de1b616dd528	0	0	0	0	0	0	2	0	0	0	0	0	0	0
2bbe4f32b453ee4eef5e5560b9139a78	0	0	0	0	0	0	2	0	0	0	0	0	0	0
c35e88749319479e0450e910a79e1444	0	0	0	0	0	0	2	0	0	0	0	0	0	0
3a40dd7e50794b55612527ce02a63203	0	0	0	0	0	0	2	0	0	0	0	0	0	0
9731473e7622ba2a6f96c211b035558d	0	0	0	0	0	0	2	0	0	0	0	0	0	0
76a3f6a148975bc3591403b35ce6628d	0	0	0	0	0	0	2	0	0	0	0	0	0	0
4b7649ce7fee1d91ba101834693e8ef1	0	0	0	0	0	0	2	0	0	0	0	0	0	0
f88dd033c4428e0317ee177c30c1ff65	0	0	0	0	0	0	2	0	0	0	0	0	0	0
95d77d7fc57c4b6e4603a69e1176bcff	0	0	0	0	0	0	2	0	0	0	0	0	0	0
ba566af5382186d02acfd77db15eca34	0	0	0	0	0	0	2	0	0	0	0	0	0	0
40574ba02ca1ceb2011763e302cccf0a	0	0	0	0	0	0	2	0	0	0	0	0	0	0
60d83c39b25ed6432c2d01a8e61fa468	0	0	0	0	0	0	2	0	0	0	0	0	0	0
641b837ab188edfd27c217fcf75d7b14	0	0	0	0	0	0	2	0	0	0	0	0	0	0
f19d397626a2a66d6ec3b71353696ea3	0	0	0	0	0	0	2	0	0	0	0	0	0	0
067d73f8c0f8b2214fe55ad69687af31	0	0	0	0	0	0	2	0	0	0	0	0	0	0
dc9ccf1ed0f1287bc9370ec04239e895	0	0	0	0	0	0	2	0	0	0	0	0	0	0
5e370386520b2e1c1ee11d2f1d037b72	0	0	0	0	0	0	2	0	0	0	0	0	0	0
0ecf283178a6a5fece68d9296aca5eb6	0	0	0	0	0	0	2	0	0	0	0	0	0	0
727d876046edbf9555aae7c757f89572	0	0	0	0	0	0	2	0	0	0	0	0	0	0
7547baaea2e02fa4f02c7b166e3e1d2f	0	0	0	0	0	0	2	0	0	0	0	0	0	0
8e58078dcff070184c35cb877458e643	0	0	0	0	0	0	2	0	0	0	0	0	0	0
69b5dfb4c3c34d080c218116cbe5ff8b	0	0	0	0	0	0	2	0	0	0	0	0	0	0
b84f24cc2e578148710da5cfb9e9e619	0	0	0	0	0	0	2	0	0	0	0	0	0	0
4abe38752dbfc48f76d30e7259788785	0	0	0	0	0	0	2	0	0	0	0	0	0	0
7c3d2493e45c1f99c92be813d9b5fe7e	0	0	0	0	0	0	2	0	0	0	0	0	0	0
a0bb394c2453f47a6b3e1ffc13fde5e4	0	0	0	0	0	0	2	0	0	0	0	0	0	0
f37c87d86025055dfeeb8ada17ab535d	0	0	0	0	0	0	2	0	0	0	0	0	0	0
27dcae8f0001d39540e40bb54d5e91fc	0	0	0	0	0	0	2	0	0	0	0	0	0	0
a3142b080de88477545560e4797b03e2	0	0	0	0	0	0	2	0	0	0	0	0	0	0
fc4403e2f0004af55e9a82f50fb12cbd	0	0	0	0	0	0	2	0	0	0	0	0	0	0
2a1e3df9149d1e0a87724234a1c16c35	0	0	0	0	0	0	2	0	0	0	0	0	0	0
efb625cd2adc692a4d869a222d45a544	0	0	0	0	0	0	2	0	0	0	0	0	0	0
1340cc3d77a58640caf20c246d30f014	0	0	0	0	0	0	2	0	0	0	0	0	0	0
f0144c65ea3d4b45bd41e5d07b0747b4	0	0	0	0	0	0	2	0	0	0	0	0	0	0
149d4d5cad5b548fa546c0794a717129	0	0	0	0	0	0	2	0	0	0	0	0	0	0
edd28f1a94d63d4a4dc56ab3f74d415d	0	0	0	0	0	0	2	0	0	0	0	0	0	0
7c7269642610de1512802bb007fa96d6	0	0	0	0	0	0	2	0	0	0	0	0	0	0
c3a5e40a75ce28ec856354827292ed58	0	0	0	0	0	0	2	0	0	0	0	0	0	0
a23ec85a3d208d80c0bab74f33024282	0	0	0	0	0	0	2	0	0	0	0	0	0	0
08b18a21dcaae07afd7046b8f25a6cc1	0	0	0	0	0	0	2	0	0	0	0	0	0	0
de76c5a26cded0d63e58ee0d57e457f1	0	0	0	0	0	0	2	0	0	0	0	0	0	0
8837f77420730482cf4a9bce24cd7632	0	0	0	0	0	0	2	0	0	0	0	0	0	0
3cf05049be4ec937184a55e32d66523b	0	0	0	0	0	0	2	0	0	0	0	0	0	0
90e0fd7d4b3b0a411b718a8941ab50a8	0	0	0	0	0	0	2	0	0	0	0	0	0	0
ba4e0343a5feda20f79fecf38b5d4e22	0	0	0	0	0	0	2	0	0	0	0	0	0	0
49df2dd4851e3a035e0c7373b5e059d7	0	0	0	0	0	0	2	0	0	0	0	0	0	0
0347f7070aaf93c20744b69acf9d4d1e	0	0	0	0	0	0	2	0	0	0	0	0	0	0
3553488a8b5ff9569811c16b26cdadf3	0	0	0	0	0	0	2	0	0	0	0	0	0	0
b34322c77e547746e2a67f38af6a8eb7	0	0	0	0	0	0	2	0	0	0	0	0	0	0
a2751c22670b6f094373428ad679d4c7	0	0	0	0	0	0	2	0	0	0	0	0	0	0
63f31f259299d63824c14dc47e4eac5e	0	0	0	0	0	0	2	0	0	0	0	0	0	0
7e4affe9eafc24697da4949fd0b41723	0	0	0	0	0	0	2	0	0	0	0	0	0	0
8a7eacf38e9abe319995ec3a6efd2e25	0	0	0	0	0	0	2	0	0	0	0	0	0	0
f623ac1d9d1240666a689efe66abdcd6	0	0	0	0	0	0	2	0	0	0	0	0	0	0
103c9cf36fa2c73cd86a7be0989870fd	0	0	0	0	0	0	2	0	0	0	0	0	0	0
f7c25d0ab0bd87bea97f08f5b4229976	0	0	0	0	0	0	2	0	0	0	0	0	0	0
5c4fde767f0eb3d4b64daaa05d41bce1	0	0	0	0	0	0	2	0	0	0	0	0	0	0
7cd8db901c83969d86aeca6d5b0a5b34	0	0	0	0	0	0	2	0	0	0	0	0	0	0
d2b12a1e33c266274c777962ce8afd77	0	0	0	0	0	0	2	0	0	0	0	0	0	0
e5677fe848e6fa35eacf441baac72337	0	0	0	0	0	0	2	0	0	0	0	0	0	0
3eeb841b104d169dadd71f33c98ab62c	0	0	0	0	0	0	2	0	0	0	0	0	0	0
b77655b43478d9b3a848775d5f3d83ad	0	0	0	0	0	0	2	0	0	0	0	0	0	0
d3ee8da6fefc1e5071b2714c12a6bfdf	0	0	0	0	0	0	2	0	0	0	0	0	0	0
d126b53dd66bc62c8e2a694bd27d5170	0	0	0	0	0	0	2	0	0	0	0	0	0	0
44c33d46520af49074b58cd07c62e23b	0	0	0	0	0	0	2	0	0	0	0	0	0	0
dc1e4b2c4519886602ad06b6a9044412	0	0	0	0	0	0	2	0	0	0	0	0	0	0
e9621aea2ed5e7a47d04a81959fc24ee	0	0	0	0	0	0	2	0	0	0	0	0	0	0
4eeb0ede07600bd5e4cfcb0994453fc7	0	0	0	0	0	0	2	0	0	0	0	0	0	0
cca502d9be00dd7585807f6b07061caa	0	0	0	0	0	0	2	0	0	0	0	0	0	0
235565055030dec0fca06304470c5660	0	0	0	0	0	0	2	0	0	0	0	0	0	0
5aae634bc4d952395ee2eb84bc030189	0	0	0	0	0	0	2	0	0	0	0	0	0	0
5b76e16ea20a229a8788f7310f9309ba	0	0	0	0	0	0	2	0	0	0	0	0	0	0
8e30e23a184273c32498540463dcd92c	0	0	0	0	0	0	2	0	0	0	0	0	0	0
1b2915c30293f38b7a0067f039927ee5	0	0	0	0	0	0	2	0	0	0	0	0	0	0
30a52f6c03e69cb2eeb4a4159e02dbfc	0	0	0	0	0	0	2	0	0	0	0	0	0	0
a763688871dfa9b5e95932fec197cc13	0	0	0	0	0	0	2	0	0	0	0	0	0	0
425536d206d78d7f7aa5cc53ff9942fa	0	0	0	0	0	0	2	0	0	0	0	0	0	0
30b1c11ab283f56d948f5d2755522558	0	0	0	0	0	0	2	0	0	0	0	0	0	0
48c1dc08ec747af1af9c62909bde392d	0	0	0	0	0	0	2	0	0	0	0	0	0	0
f9bd8599d128c00e3f457e182bd87d5e	0	0	0	0	0	0	2	0	0	0	0	0	0	0
0ebcce7290d01b609525b226af8b1be1	0	0	0	0	0	0	2	0	0	0	0	0	0	0
c9de75a620cb03d127ee9e9660514495	0	0	0	0	0	0	2	0	0	0	0	0	0	0
41579e7f960207225579ac9400aea1f2	0	0	0	0	0	0	2	0	0	0	0	0	0	0
af8d1ffb1ca99dbff20b97dfb4450e7f	0	0	0	0	0	0	2	0	0	0	0	0	0	0
cc033115ac04929eaffe7ab58fbcff30	0	0	0	0	0	0	2	0	0	0	0	0	0	0
7361ffe8eab10cf7345746d3c6af722e	0	0	0	0	0	0	2	0	0	0	0	0	0	0
482d3a40f61c573ed47de2d8453d1e45	0	0	0	0	0	0	2	0	0	0	0	0	0	0
6c82a9cc7f45f84ee2869b2a4c6d6107	0	0	0	0	0	0	2	0	0	0	0	0	0	0
4ec917d37af2011e04add9db1b052a7d	0	0	0	0	0	0	2	0	0	0	0	0	0	0
a68dbe866dd771764f849c397c7f1b09	0	0	0	0	0	0	2	0	0	0	0	0	0	0
e8edc1184eb2d688ba5487e256d14ae0	0	0	0	0	0	0	2	0	0	0	0	0	0	0
5be9f54c058742b307e0985b6dcda3a6	0	0	0	0	0	0	2	0	0	0	0	0	0	0
f4aa7e3fa5da5d1eee2ba5cea0794b9a	0	0	0	0	0	0	2	0	0	0	0	0	0	0
da94ba13825ca6d6d1ccc56e3c73d017	0	0	0	0	0	0	2	0	0	0	0	0	0	0
05a3dfdeffd0e6698847bb7eac435783	0	0	0	0	0	0	2	0	0	0	0	0	0	0
05f64fbf34dfc8f1db626b4a5a06a838	0	0	0	0	0	0	2	0	0	0	0	0	0	0
815fb3144a4adb8015849a73b936a172	0	0	0	0	0	0	2	0	0	0	0	0	0	0
04077353d28df7ac796d455c8cddf5fc	0	0	0	0	0	0	2	0	0	0	0	0	0	0
900f62f962bb79b071b88e729fe97fea	0	0	0	0	0	0	2	0	0	0	0	0	0	0
7242461b36218d27b09caa7f5fb33457	0	0	0	0	0	0	2	0	0	0	0	0	0	0
4bc8c0d443ed447dd93c0f42d303c07f	0	0	0	0	0	0	2	0	0	0	0	0	0	0
53eec6455b5794d5edda4337f5e69b38	0	0	0	0	0	0	2	0	0	0	0	0	0	0
de0864374e47e289cb0e0f882b68e1a8	0	0	0	0	0	0	2	0	0	0	0	0	0	0
3d5cd77dcb4119605f26f411f94262cb	0	0	0	0	0	0	2	0	0	0	0	0	0	0
6e86fd6c60acb3b9bd861b15d0f7ca0a	0	0	0	0	0	0	2	0	0	0	0	0	0	0
fdcd9dd00ef53c88323084d8825a69ec	0	0	0	0	0	0	2	0	0	0	0	0	0	0
c6f0fe41426e222407aeea3713847085	0	0	0	0	0	0	2	0	0	0	0	0	0	0
e982ac311eab79987626e20d6eecc04a	0	0	0	0	0	0	2	0	0	0	0	0	0	0
65beb57ae0de020b88e8031bb1e764cf	0	0	0	0	0	0	2	0	0	0	0	0	0	0
939d73d318341471241cfb3717e3e9c7	0	0	0	0	0	0	2	0	0	0	0	0	0	0
5d3fdb1fdb24ce3139df57462865440c	0	0	0	0	0	0	2	0	0	0	0	0	0	0
63ae9a154025b5b29cd8906ff2a6d1a3	0	0	0	0	0	0	2	0	0	0	0	0	0	0
cf6d8900970a1b54b69d3d30e378234b	0	0	0	0	0	0	2	0	0	0	0	0	0	0
a78e4e05c3a171477513b89c6b2cdeaf	0	0	0	0	0	0	2	0	0	0	0	0	0	0
34b7031f9653b06c41ba3152d6b94721	0	0	0	0	0	0	2	0	0	0	0	0	0	0
79573ec2dd3813c7a956d6bc705feb69	0	0	0	0	0	0	2	0	0	0	0	0	0	0
d42b62695dc9eafbcb791980808c7660	0	0	0	0	0	0	2	0	0	0	0	0	0	0
3de828468e1654dfc2b2c94cb0ca1a75	0	0	0	0	0	0	2	0	0	0	0	0	0	0
d8bfad9b5e8658761bc1f8acd3abab74	0	0	0	0	0	0	2	0	0	0	0	0	0	0
13c9680b238219c83261f12f47b6cd22	0	0	0	0	0	0	2	0	0	0	0	0	0	0
70af628dbb00370d4fff30c876c52ea7	0	0	0	0	0	0	2	0	0	0	0	0	0	0
769702dd9553933dbc74da9ff515a120	0	0	0	0	0	0	2	0	0	0	0	0	0	0
f10ebfa9dd551e39214b234bef5c7804	0	0	0	0	0	0	2	0	0	0	0	0	0	0
57587655edd69e018d9041ad31eb39c5	0	0	0	0	0	0	2	0	0	0	0	0	0	0
cf9dff565fc03e614f987c6f2089f927	0	0	0	0	0	0	2	0	0	0	0	0	0	0
09e4ac24abfddee6326a6a1c5d3da2c7	0	0	0	0	0	0	2	0	0	0	0	0	0	0
0aaffb78757c1a2e7bc6adefc0ee7079	0	0	0	0	0	0	2	0	0	0	0	0	0	0
5f0a4a7bfb131df42cf6e44af5cfe012	0	0	0	0	0	0	2	0	0	0	0	0	0	0
602319f29a2939f7d4f0aa866ba9d67d	0	0	0	0	0	0	2	0	0	0	0	0	0	0
951c9c4d03d06781afc99f5cf1a4e084	0	0	0	0	0	0	2	0	0	0	0	0	0	0
2d703ddb22f6216ffde0549c8d2a1868	0	0	0	0	0	0	2	0	0	0	0	0	0	0
d4dd12205a11fc2ae84c720f4f68881e	0	0	0	0	0	0	2	0	0	0	0	0	0	0
53ffedd00be026e899124c6223a02db3	0	0	0	0	0	0	2	0	0	0	0	0	0	0
008b818a341df71494a4ed39664b8ea1	0	0	0	0	0	0	2	0	0	0	0	0	0	0
a8733514833f0bfc131f7a8a777330e6	0	0	0	0	0	0	2	0	0	0	0	0	0	0
0227ae75a35bba28256ea4b730975c0e	0	0	0	0	0	0	2	0	0	0	0	0	0	0
8d29d9f247f7b677641fd94a2d8b7e8e	0	0	0	0	0	0	2	0	0	0	0	0	0	0
e183fdc575110923fc77c2d784593b68	0	0	0	0	0	0	2	0	0	0	0	0	0	0
a6068613b2967ce16f3d402159d83d4b	0	0	0	0	0	0	2	0	0	0	0	0	0	0
0a2c51a932a30ac5c36069607942d4a0	0	0	0	0	0	0	2	0	0	0	0	0	0	0
569a0fcdb7b22597a372d297febd94bb	0	0	0	0	0	0	2	0	0	0	0	0	0	0
badf643a2424fd6a200abbb79a400814	0	0	0	0	0	0	2	0	0	0	0	0	0	0
04e2e934ffd56b54ff3b0d51dbea3aa6	0	0	0	0	0	0	2	0	0	0	0	0	0	0
2af190f1df295d2a2284511789f67f2f	0	0	0	0	0	0	2	0	0	0	0	0	0	0
42ef02a5ba7ea4f85668735527c125f6	0	0	0	0	0	0	2	0	0	0	0	0	0	0
525e4037362ddf413f226820ead9ee46	0	0	0	0	0	0	2	0	0	0	0	0	0	0
78a02cb914c53bd890164d0ef6abc1f0	0	0	0	0	0	0	2	0	0	0	0	0	0	0
a2df01210019582d4d71835c2c1ce80f	0	0	0	0	0	0	2	0	0	0	0	0	0	0
c2f2c659205fe510cdcad936f026d3a1	0	0	0	0	0	0	2	0	0	0	0	0	0	0
82f3bc7e3e265ad82790d07781a6cdff	0	0	0	0	0	0	2	0	0	0	0	0	0	0
811aaa429886dc9408aa029424ef6dd5	0	0	0	0	0	0	2	0	0	0	0	0	0	0
873191709a245253f552ff6578bbcb36	0	0	0	0	0	0	2	0	0	0	0	0	0	0
7d5fe5cfd4bf8dd32b3c4462b8048607	0	0	0	0	0	0	2	0	0	0	0	0	0	0
293cf343bdedbc239bc140f4514d9fde	0	0	0	0	0	0	2	0	0	0	0	0	0	0
503e05581d5c5ef9a4dc498ee8fc190e	0	0	0	0	0	0	2	0	0	0	0	0	0	0
9a2ebb194be78167f0da57490d0b65dc	0	0	0	0	0	0	2	0	0	0	0	0	0	0
18efc9b15f02fc27c42ac19b7dca61b2	0	0	0	0	0	0	2	0	0	0	0	0	0	0
cd06caeebb42076616885d83068d16a9	0	0	0	0	0	0	2	0	0	0	0	0	0	0
e53e14014701867c91d6dce76fe0bd15	0	0	0	0	0	0	2	0	0	0	0	0	0	0
bbee68677750d9522ac73766ae80144f	0	0	0	0	0	0	2	0	0	0	0	0	0	0
5395727b2779c02488bed116186fa233	0	0	0	0	0	0	2	0	0	0	0	0	0	0
b8ccb237f5b43796d71abf2781768c0b	0	0	0	0	0	0	2	0	0	0	0	0	0	0
df22a57d20d7ed722e27bd05d1a074af	0	0	0	0	0	0	2	0	0	0	0	0	0	0
02fd1081f6236b44af7dab14102b8072	0	0	0	0	0	0	2	0	0	0	0	0	0	0
85e9a679724061421d3905a83abad089	0	0	0	0	0	0	2	0	0	0	0	0	0	0
84ae63baea4d91383bfbe3e24381d9b3	0	0	0	0	0	0	2	0	0	0	0	0	0	0
18648b146df3134faafcfc3941aefd07	0	0	0	0	0	0	2	0	0	0	0	0	0	0
bc2feaae57a8130dc2d50870598960ca	0	0	0	0	0	0	2	0	0	0	0	0	0	0
c22e15396207b9870245596ea3ccc56c	0	0	0	0	0	0	2	0	0	0	0	0	0	0
4257b62fc921b48ee75e1629e5bdd044	0	0	0	0	0	0	2	0	0	0	0	0	0	0
5d972c769800e5c962c16c924a76caf7	0	0	0	0	0	0	2	0	0	0	0	0	0	0
b8dcd6ce810bdba5f8a41a785f67c201	0	0	0	0	0	0	2	0	0	0	0	0	0	0
d5114116ffb668a788ea16e02a4aab77	0	0	0	0	0	0	2	0	0	0	0	0	0	0
b5e272ba300d9a8d4049f6939035e808	0	0	0	0	0	0	2	0	0	0	0	0	0	0
4d6010f3195badd52b6944ac1d7a8ae5	0	0	0	0	0	0	2	0	0	0	0	0	0	0
72408e6f0b8698f044167aa76e6891a9	0	0	0	0	0	0	2	0	0	0	0	0	0	0
90e9e3eb6d1bd5aefad65d4c4bb3883d	0	0	0	0	0	0	2	0	0	0	0	0	0	0
677dc82256a03304ed4d32f318e6909a	0	0	0	0	0	0	0	2	0	0	0	0	0	0
f894281174662a8ffbd041ddc9fcf55f	0	0	0	0	0	0	0	2	0	0	0	0	0	0
b269afdb82cac58b409875f13f1adf70	0	0	0	0	0	0	0	2	0	0	0	0	0	0
134e02b923140e4d0937164f036d7b96	0	0	0	0	0	0	0	2	0	0	0	0	0	0
daa34bdeed5cc717d28b5d119057ae77	0	0	0	0	0	0	0	2	0	0	0	0	0	0
ee4a630f647e8d0813bd675540f5f33a	0	0	0	0	0	0	0	2	0	0	0	0	0	0
730723ec679289a1adadf0d79eb71587	0	0	0	0	0	0	0	2	0	0	0	0	0	0
b4fb4fb8965e94b8bfdc753a98b06821	0	0	0	0	0	0	0	2	0	0	0	0	0	0
da22c2cac5aa1dea3e45beedae34ed62	0	0	0	0	0	0	0	2	0	0	0	0	0	0
4b45f83c17d9a141557ab4af01b035e1	0	0	0	0	0	0	0	2	0	0	0	0	0	0
10ba9b2976cc994c7dd5801681d768b0	0	0	0	0	0	0	0	2	0	0	0	0	0	0
8faad003e2dfb32dc032370a7d43bd82	0	0	0	0	0	0	0	2	0	0	0	0	0	0
b16a19fb9f0674ab05ad1c777b254cc3	0	0	0	0	0	0	0	2	0	0	0	0	0	0
d74db1946a9b872ecfc0ec9b56b70cb0	0	0	0	0	0	0	0	2	0	0	0	0	0	0
2e2d54d7186c1a18e13fbbc5f4c46cfd	0	0	0	0	0	0	0	2	0	0	0	0	0	0
0b6b8716d165e72ff938593b83c82ded	0	0	0	0	0	0	0	2	0	0	0	0	0	0
f3d812816eebdb5b46aa2fa043012a59	0	0	0	0	0	0	0	2	0	0	0	0	0	0
24f27195fe585b541a6f7156cd82dc1f	0	0	0	0	0	0	0	2	0	0	0	0	0	0
bad8a3c083c9efbc3540862c1579be5a	0	0	0	0	0	0	0	2	0	0	0	0	0	0
05e90445e62ee3f86d79a9b7e9fc410b	0	0	0	0	0	0	0	2	0	0	0	0	0	0
f0de589d685307ac18618fb10d0c4bd0	0	0	0	0	0	0	0	2	0	0	0	0	0	0
a019a8448882cbb40a9b6ac4f236815a	0	0	0	0	0	0	0	2	0	0	0	0	0	0
1f27ac6efe3c5668c8eb5b3a67380a84	0	0	0	0	0	0	0	2	0	0	0	0	0	0
93ee11caba37fa45d9de98a9d4a4b682	0	0	0	0	0	0	0	2	0	0	0	0	0	0
5d127f334a3a8d6deecae63b76c60603	0	0	0	0	0	0	0	2	0	0	0	0	0	0
53538a58899733f2fd983d17af9a9eaa	0	0	0	0	0	0	0	2	0	0	0	0	0	0
65d80b2c159f85b33c99a3fe1dc61ed3	0	0	0	0	0	0	0	2	0	0	0	0	0	0
1282305bb0abbdaacf78dce69debccc7	0	0	0	0	0	0	0	2	0	0	0	0	0	0
08e5d8cb3af10cf59b7e31183a24843f	0	0	0	0	0	0	0	2	0	0	0	0	0	0
5b45b7d8dc404cab0f4c31ec88f88d6b	0	0	0	0	0	0	0	2	0	0	0	0	0	0
2ad029cbcc90de042d81bec19098e505	0	0	0	0	0	0	0	2	0	0	0	0	0	0
7cdee752824001392233a5b2037227b5	0	0	0	0	0	0	0	2	0	0	0	0	0	0
fd700eda6a1191d1b1abe71ad8915c1c	0	0	0	0	0	0	0	2	0	0	0	0	0	0
8faa8c57f52c15f39e2a33823a7e3558	0	0	0	0	0	0	0	0	2	0	0	0	0	0
f21732bf155004ea7e64eab5354dc9cd	0	0	0	0	0	0	0	0	0	2	0	0	0	0
9dc899f21543dead4b5e65ac4827eb5b	0	0	0	0	0	0	0	0	0	0	0	0	0	2
cea679f2c45e986237558817a23bd422	0	0	0	0	0	0	0	0	0	0	0	0	0	2
1b76a54592ce6b6472d8c0f5cd135db6	0	0	0	0	0	0	0	0	0	0	0	0	0	2
710ea42403fe48e60f322282678c56c8	0	0	0	0	0	0	0	0	0	0	0	0	0	2
2fd94a65144c9db8a1d2025abcabae79	0	0	0	0	0	0	0	0	0	0	0	0	0	2
a3fafe0d595a729bdcf532819f05f14e	0	0	0	0	0	0	0	0	0	0	0	0	0	2
0c3a68af85e06502ef36aae5b7b0adb3	0	0	0	0	0	0	0	0	0	0	0	0	0	2
a0c8582b58e5b1e816961fcccf3eada7	0	0	0	0	0	0	0	0	0	0	0	0	0	2
89c9a0dae7a2f8631165871e12e9e89b	0	0	0	0	0	0	0	0	0	0	0	0	0	2
81956dec45109efffddeb0e6e34b8e1e	0	0	0	0	0	0	0	0	0	0	0	0	0	2
d015d4a4268d1c966930e477110f49a2	1	0	0	0	0	0	0	0	0	0	0	0	0	0
9f9f391b8228fd94d65c9a17102d2c52	0	1	0	0	0	0	0	0	0	0	0	0	0	0
359564d55c8677ff40d6a4d265d12642	0	1	0	0	0	0	0	0	0	0	0	0	0	0
765252f7aabbe8c17c4b6e7229338394	0	1	0	0	0	0	0	0	0	0	0	0	0	0
be47fb1b4149b50765e5941563bf6ddc	0	1	0	0	0	0	0	0	0	0	0	0	0	0
38aff2b5f9e330e5c292eb17c1f03944	0	1	0	0	0	0	0	0	0	0	0	0	0	0
74384328817637f787f97ce720ef019e	0	1	0	0	0	0	0	0	0	0	0	0	0	0
5743fa0277be4aa61de51e2e520216d3	0	1	0	0	0	0	0	0	0	0	0	0	0	0
617d1ad5fd88bf273bb559a444be1b64	0	1	0	0	0	0	0	0	0	0	0	0	0	0
f72329b57372204f2e87829dd4b856a6	0	0	1	0	0	0	0	0	0	0	0	0	0	0
f779fbe6f526124a9ce43421d4062a0e	0	0	1	0	0	0	0	0	0	0	0	0	0	0
5abfb60e41e493e0422096848ac69915	0	0	1	0	0	0	0	0	0	0	0	0	0	0
617df1530c435b824a49447acaca97be	0	0	1	0	0	0	0	0	0	0	0	0	0	0
a2b9ef0a1f733806a5a0f1fec677e495	0	0	1	0	0	0	0	0	0	0	0	0	0	0
d6ca6734aea7571907137cd8bce7ef96	0	0	1	0	0	0	0	0	0	0	0	0	0	0
be507fb31245ba85e0b0978546d390bf	0	0	1	0	0	0	0	0	0	0	0	0	0	0
9a052af69e10244daf254cb81df7daef	0	0	1	0	0	0	0	0	0	0	0	0	0	0
885fdbec97a1066f9d5745ac1ae1f0c7	0	0	1	0	0	0	0	0	0	0	0	0	0	0
f9d4b88934268e7f5bf6fe371056662c	0	0	1	0	0	0	0	0	0	0	0	0	0	0
15f41786f28adba43c1de6f1ce30ef7f	0	0	1	0	0	0	0	0	0	0	0	0	0	0
21bfd556fd6dda2f32df5a9ffd8bdc6e	0	0	1	0	0	0	0	0	0	0	0	0	0	0
de22b9a108e7a1243f7add1025280b68	0	0	1	0	0	0	0	0	0	0	0	0	0	0
58df602cdac839659873fee0f233689b	0	0	1	0	0	0	0	0	0	0	0	0	0	0
2f83718e7d7c19b8168b898f60aed212	0	0	1	0	0	0	0	0	0	0	0	0	0	0
7a1419ad29f65c1811e567dd6070cbb1	0	0	1	0	0	0	0	0	0	0	0	0	0	0
70fa4126ab4c9bb70e39dcfbc4e24eb1	0	0	1	0	0	0	0	0	0	0	0	0	0	0
c1446d85a2fa224b3e177f20bdc6c47d	0	0	1	0	0	0	0	0	0	0	0	0	0	0
f960b87c420cc95d5fe6edd3e2103712	0	0	1	0	0	0	0	0	0	0	0	0	0	0
bedbb2ea926add7f8d984abcb1a0ccb8	0	0	1	0	0	0	0	0	0	0	0	0	0	0
b9ddc13f01053a59eea31e901b76c7a2	0	0	1	0	0	0	0	0	0	0	0	0	0	0
17233f36e6901cf676be18bc2083b3f1	0	0	1	0	0	0	0	0	0	0	0	0	0	0
b892b6c89f7c8e3c919be65a1b0b69fb	0	0	1	0	0	0	0	0	0	0	0	0	0	0
0cb43a44a229005bba01f162e117d0c5	0	0	1	0	0	0	0	0	0	0	0	0	0	0
42df5714beb03e227d639727b89c99e0	0	0	1	0	0	0	0	0	0	0	0	0	0	0
fb1a702fd15eebfd6726bc9fb225a87d	0	0	1	0	0	0	0	0	0	0	0	0	0	0
e1ebc7787c602c3427c755f2b33b4a4e	0	0	1	0	0	0	0	0	0	0	0	0	0	0
a65522895b2c79b190a8f2aed22e6802	0	0	1	0	0	0	0	0	0	0	0	0	0	0
04e78ee97c7ef4b22d90163870237030	0	0	1	0	0	0	0	0	0	0	0	0	0	0
99305e0530ebd102c7324dc9628100d2	0	0	1	0	0	0	0	0	0	0	0	0	0	0
5eac434541fb60e2c16d79fb07efe1fd	0	0	1	0	0	0	0	0	0	0	0	0	0	0
bda3d86df69eeb3ad981094b2ed26861	0	0	1	0	0	0	0	0	0	0	0	0	0	0
5e13d409105c578b1d762b869ae63304	0	0	1	0	0	0	0	0	0	0	0	0	0	0
a3d855c3605aa5c3e36f21d06767ca05	0	0	1	0	0	0	0	0	0	0	0	0	0	0
ca390d10e7133587288958a899d020f5	0	0	1	0	0	0	0	0	0	0	0	0	0	0
5d62853808c2aac3eb6269cee3bbfd76	0	0	1	0	0	0	0	0	0	0	0	0	0	0
6d70b7fc84202235afda8143353966cf	0	0	1	0	0	0	0	0	0	0	0	0	0	0
871ae547d955fd294e30a1c45b15497c	0	0	1	0	0	0	0	0	0	0	0	0	0	0
279f3c3b5e41f5f856d5a132a2e6799e	0	0	1	0	0	0	0	0	0	0	0	0	0	0
3aa0982d01314afed220c5fc69b58b5f	0	0	1	0	0	0	0	0	0	0	0	0	0	0
cc06012b54a095a9374eb0dad01784e1	0	0	1	0	0	0	0	0	0	0	0	0	0	0
60aa9278d530952cfac8875f48fb6e1f	0	0	1	0	0	0	0	0	0	0	0	0	0	0
eb9205315b1a026f930f706f37776b7d	0	0	1	0	0	0	0	0	0	0	0	0	0	0
ad538504d3bfe3889da8f510db6b0913	0	0	1	0	0	0	0	0	0	0	0	0	0	0
2da0d07f418b7e27bfd4961da56c80aa	0	0	1	0	0	0	0	0	0	0	0	0	0	0
fc22f552fd1efca4347fe8fc0f5f562f	0	0	1	0	0	0	0	0	0	0	0	0	0	0
c4989d3ddb1cbd3d1b57e00b3335c1e3	0	0	1	0	0	0	0	0	0	0	0	0	0	0
65523b3cc0bb1801461313e3c862f1b5	0	0	1	0	0	0	0	0	0	0	0	0	0	0
4c18417368fdd3deddc0b67d5bff62fa	0	0	1	0	0	0	0	0	0	0	0	0	0	0
1c092f11b7a272cbb9fb1f6de214242f	0	0	1	0	0	0	0	0	0	0	0	0	0	0
d4708a6ff27633fcf5554275ce6ead5d	0	0	1	0	0	0	0	0	0	0	0	0	0	0
41de73d2af6f37fd3117c11349914049	0	0	1	0	0	0	0	0	0	0	0	0	0	0
6ff4b6b9a01a40bca974f94776a664cb	0	0	1	0	0	0	0	0	0	0	0	0	0	0
99604e17bdd456d72e83300fe8dc5262	0	0	1	0	0	0	0	0	0	0	0	0	0	0
f6530b1ca206e3d0c4a5f2d2e09a8af0	0	0	1	0	0	0	0	0	0	0	0	0	0	0
81e6dc3f22149fb74391873907c119fb	0	0	1	0	0	0	0	0	0	0	0	0	0	0
e5b54fae1597dec8d9ce5063be848408	0	0	1	0	0	0	0	0	0	0	0	0	0	0
7302d95c848e7a9234951089bc2405d0	0	0	1	0	0	0	0	0	0	0	0	0	0	0
c1d537d494d855216097190a8fc612e8	0	0	1	0	0	0	0	0	0	0	0	0	0	0
7b6d1f059b3f9b13265d03714f7f73e1	0	0	1	0	0	0	0	0	0	0	0	0	0	0
c6b65c6c6c54ef4e8e811a5e8a0c0de4	0	0	1	0	0	0	0	0	0	0	0	0	0	0
e30df91756bde40ea4fcd38afb6e7e02	0	0	1	0	0	0	0	0	0	0	0	0	0	0
5fdd487ccaa5ff775e3359993499a12e	0	0	1	0	0	0	0	0	0	0	0	0	0	0
a163ad40c191bfe21d258a781546bfa2	0	0	1	0	0	0	0	0	0	0	0	0	0	0
bbf888f91517400e3ec1b50bea747862	0	0	1	0	0	0	0	0	0	0	0	0	0	0
c02bc956aef81bb40888b0cf6d9b159b	0	0	1	0	0	0	0	0	0	0	0	0	0	0
03f17dafb47b8196001626ef85aea42e	0	0	1	0	0	0	0	0	0	0	0	0	0	0
e1e163480910f62a6e9cc44487ce3ed2	0	0	1	0	0	0	0	0	0	0	0	0	0	0
36e7881f33534946473e11260caf0a43	0	0	1	0	0	0	0	0	0	0	0	0	0	0
dd5e22f711385304a2bed5e3651343cd	0	0	1	0	0	0	0	0	0	0	0	0	0	0
5abed066a264991201e377ea87a505c8	0	0	1	0	0	0	0	0	0	0	0	0	0	0
ddf8e91474d7c13827ebba0caf222577	0	0	1	0	0	0	0	0	0	0	0	0	0	0
244443626b0ea3d478cbb486285b0412	0	0	1	0	0	0	0	0	0	0	0	0	0	0
9b941032ff03155853cbe9bb28f4845f	0	0	1	0	0	0	0	0	0	0	0	0	0	0
85c4b55e53c956cbe3f9898eb8b85a0c	0	0	1	0	0	0	0	0	0	0	0	0	0	0
4988144170633967002ff4cb9686921f	0	0	1	0	0	0	0	0	0	0	0	0	0	0
4dd94091c56d4930d5c513b30b9d1db5	0	0	1	0	0	0	0	0	0	0	0	0	0	0
17c1a66af3372dbc6661c93786bb1798	0	0	1	0	0	0	0	0	0	0	0	0	0	0
3a23d95d6aca9daa1c5da532976b3206	0	0	1	0	0	0	0	0	0	0	0	0	0	0
b525ff33e7cd593936a93c0cacdfbefd	0	0	1	0	0	0	0	0	0	0	0	0	0	0
90167f9727a52c9d12c131b377cdf1c9	0	0	1	0	0	0	0	0	0	0	0	0	0	0
bed7d579f5d73b27c987ba5916e90fc2	0	0	1	0	0	0	0	0	0	0	0	0	0	0
9db298d5f7bbde0291ffa49600d900a8	0	0	1	0	0	0	0	0	0	0	0	0	0	0
851f024f83ecaac9780de35085ee0ea1	0	0	1	0	0	0	0	0	0	0	0	0	0	0
727b2fb73db70ef9eb03b837961b76a9	0	0	1	0	0	0	0	0	0	0	0	0	0	0
886b978c1d7b443fe14bc46ef4f99f88	0	0	1	0	0	0	0	0	0	0	0	0	0	0
9e4ef5e9e49efa8204b60c55543b9d6c	0	0	1	0	0	0	0	0	0	0	0	0	0	0
aa9af8a570e41c13b6f098780ec9f01b	0	0	1	0	0	0	0	0	0	0	0	0	0	0
3b2805bc455b353193f972045bf842e5	0	0	1	0	0	0	0	0	0	0	0	0	0	0
5537ff05e440ffb9a736378936e41c54	0	0	1	0	0	0	0	0	0	0	0	0	0	0
b8893d3b9a0d81f5c834ed77692dbbdf	0	0	1	0	0	0	0	0	0	0	0	0	0	0
a078bf17d72640b78930a3fb985ddfbb	0	0	1	0	0	0	0	0	0	0	0	0	0	0
7bd2e791a7be4ed4f23351d2439af43d	0	0	1	0	0	0	0	0	0	0	0	0	0	0
ffc3557543c3eb38c18123a6e75455fa	0	0	1	0	0	0	0	0	0	0	0	0	0	0
9ac3f616315f2e578b5c41379b61b87a	0	0	1	0	0	0	0	0	0	0	0	0	0	0
72ddc6068d5a35ae5facb954fc890484	0	0	0	1	0	0	0	0	0	0	0	0	0	0
4fccc7ab03384878c52aeccfed0e6e8a	0	0	0	0	1	0	0	0	0	0	0	0	0	0
e722fbcf0b1971f2bdd41dd7b42dc480	0	0	0	0	0	1	0	0	0	0	0	0	0	0
63b32b4011d5e74c1dc96a0454ff115a	0	0	0	0	0	1	0	0	0	0	0	0	0	0
88a64d5a5f8af45f4c2fbab74fcc614d	0	0	0	0	0	1	0	0	0	0	0	0	0	0
3f04969f8580a6cf58fc74aab5167b33	0	0	0	0	0	1	0	0	0	0	0	0	0	0
982150c129292757cd19f47d092408eb	0	0	0	0	0	1	0	0	0	0	0	0	0	0
f4a925609e48b3dc0fcc04b5876d0c5e	0	0	0	0	0	1	0	0	0	0	0	0	0	0
b8a65b250be7efeb153917b892e7e48f	0	0	0	0	0	1	0	0	0	0	0	0	0	0
e44385c8badc2c5dfa36502e9b1bf1e4	0	0	0	0	0	1	0	0	0	0	0	0	0	0
bf1ce3d75d7256e86333feb6d84ea066	0	0	0	0	0	1	0	0	0	0	0	0	0	0
ee8d202669d25beaff3a0cf9f6819787	0	0	0	0	0	1	0	0	0	0	0	0	0	0
b486f224720af68388b7a194b34ba8ea	0	0	0	0	0	1	0	0	0	0	0	0	0	0
880ab44661136ae9e2de5593d3b60a72	0	0	0	0	0	1	0	0	0	0	0	0	0	0
58c0477cb3ff3f4d701261b945d6275f	0	0	0	0	0	1	0	0	0	0	0	0	0	0
ec5d0de9f63522f9f663466b4068004f	0	0	0	0	0	1	0	0	0	0	0	0	0	0
d60eef71145d292c5e8d815754530b82	0	0	0	0	0	1	0	0	0	0	0	0	0	0
6e566628a2b093bc27aef78aeac33a62	0	0	0	0	0	1	0	0	0	0	0	0	0	0
3108580c11b9309f83a6341687d08afe	0	0	0	0	0	1	0	0	0	0	0	0	0	0
588c842335d9b9ff5c15440511647e76	0	0	0	0	0	1	0	0	0	0	0	0	0	0
055ea743dd4084c547130cb9dd0ccb5b	0	0	0	0	0	1	0	0	0	0	0	0	0	0
1348395c75d3ae54d1560f26a3e4ba69	0	0	0	0	0	1	0	0	0	0	0	0	0	0
5f60bbc344fc28a6137a2679c2d55aaf	0	0	0	0	0	1	0	0	0	0	0	0	0	0
53d2056322d578ca0b2f8c4b18acb0f0	0	0	0	0	0	1	0	0	0	0	0	0	0	0
09339c3d4a79ac60cafaace9f29f6eaa	0	0	0	0	0	1	0	0	0	0	0	0	0	0
adf9a4eb7928227fe1dccdca7828b444	0	0	0	0	0	1	0	0	0	0	0	0	0	0
75cf7ccd6049cf29e2bc402db149aaee	0	0	0	0	0	1	0	0	0	0	0	0	0	0
9503ae74e210d56e2b1d10d095bbbd88	0	0	0	0	0	1	0	0	0	0	0	0	0	0
8c5c2ae90c8389c37192406662dc6c9b	0	0	0	0	0	1	0	0	0	0	0	0	0	0
5f016febea1798baefd69f1f95551336	0	0	0	0	0	1	0	0	0	0	0	0	0	0
ba2d49dc6a523895b1959378a7849bce	0	0	0	0	0	1	0	0	0	0	0	0	0	0
cfeb384469028e575edbaa99fc158c13	0	0	0	0	0	1	0	0	0	0	0	0	0	0
1ce1f33610176b32427dfd13a4e962c9	0	0	0	0	0	1	0	0	0	0	0	0	0	0
878dff7eed9caa4d821b270e2ec0aa53	0	0	0	0	0	1	0	0	0	0	0	0	0	0
e737d20e63b3ca964e4bee58dfc5d904	0	0	0	0	0	1	0	0	0	0	0	0	0	0
3b4f42d7a8bcda5c606b9ff1759d498e	0	0	0	0	0	1	0	0	0	0	0	0	0	0
53a8ed7496dae778177588726a976181	0	0	0	0	0	1	0	0	0	0	0	0	0	0
36de367e9dc85aa88604bf7fac555d8d	0	0	0	0	0	1	0	0	0	0	0	0	0	0
a47130bb5bf9bebeff306cad721ff6dd	0	0	0	0	0	1	0	0	0	0	0	0	0	0
e13395dde0aec78e6efea05d84bd9b29	0	0	0	0	0	1	0	0	0	0	0	0	0	0
819466e549c455a770c0fca355c4916a	0	0	0	0	0	1	0	0	0	0	0	0	0	0
ab551f7a75269b8eabe2745ae592f7b8	0	0	0	0	0	1	0	0	0	0	0	0	0	0
47ceaf91968100109b6187e073367f79	0	0	0	0	0	1	0	0	0	0	0	0	0	0
80ac8762f2bed1e85669fbb475d5a627	0	0	0	0	0	1	0	0	0	0	0	0	0	0
7a4407fdb04141407ffaf3477ac6a33d	0	0	0	0	0	1	0	0	0	0	0	0	0	0
370048d619f4552e366fc15eb891ca2f	0	0	0	0	0	1	0	0	0	0	0	0	0	0
c9c04c9c31b69b53d2e9571cded6fc42	0	0	0	0	0	1	0	0	0	0	0	0	0	0
fb0cdc291af4cdb483149b0dcd026929	0	0	0	0	0	1	0	0	0	0	0	0	0	0
40d8d566334559465496609aa947c7cf	0	0	0	0	0	1	0	0	0	0	0	0	0	0
7f88e23303a5f2de1b0fa37bb15c1a23	0	0	0	0	0	1	0	0	0	0	0	0	0	0
cdc1839aa5d6ffb8fd16abbed4bd6511	0	0	0	0	0	1	0	0	0	0	0	0	0	0
f88b82c103959c6f657e627daa86647c	0	0	0	0	0	1	0	0	0	0	0	0	0	0
ac2d188daa709f5df250fc27f9b1ee88	0	0	0	0	0	1	0	0	0	0	0	0	0	0
5eeb05eb79f3b8651984cb6cb286ee6c	0	0	0	0	0	1	0	0	0	0	0	0	0	0
826a22c10514d91148c91955ae2aa526	0	0	0	0	0	1	0	0	0	0	0	0	0	0
a0e4ef705d8692d252688896f0e28008	0	0	0	0	0	1	0	0	0	0	0	0	0	0
866dfd092a21bb5d8160d7a7997793ca	0	0	0	0	0	1	0	0	0	0	0	0	0	0
c002b0bad4d626732369b01c1575ea6c	0	0	0	0	0	1	0	0	0	0	0	0	0	0
5505ee1093221f84e606e3f1eb430843	0	0	0	0	0	1	0	0	0	0	0	0	0	0
9686fc23945836c8db4247241591448b	0	0	0	0	0	1	0	0	0	0	0	0	0	0
3fcf942342916255a593d9e7d7e94208	0	0	0	0	0	1	0	0	0	0	0	0	0	0
32a1d1964c78c6a23591d8067b6b6d4a	0	0	0	0	0	1	0	0	0	0	0	0	0	0
ad709707e3e105fbd1c8cc91ec38fedb	0	0	0	0	0	1	0	0	0	0	0	0	0	0
f2c7b9fc1496e9456feb3ac11cc9c2cf	0	0	0	0	0	1	0	0	0	0	0	0	0	0
e36d31362e56a230dd6fec7fd50510f9	0	0	0	0	0	1	0	0	0	0	0	0	0	0
a730a34636ee1cc989dfb065e955f794	0	0	0	0	0	1	0	0	0	0	0	0	0	0
cf838e7e1a573328b38074a5059f197b	0	0	0	0	0	1	0	0	0	0	0	0	0	0
7a82cd6227d8e6d95cb9a91e09f5f0c8	0	0	0	0	0	1	0	0	0	0	0	0	0	0
482a70ba5840c34ca4d0e34e79699930	0	0	0	0	0	1	0	0	0	0	0	0	0	0
8fdeed0e1676c239af917994d093cf99	0	0	0	0	0	1	0	0	0	0	0	0	0	0
f4848ac4a36894ac1ba8435627d9edff	0	0	0	0	0	1	0	0	0	0	0	0	0	0
d11a2cdc9b4f0f4f9981638965264e99	0	0	0	0	0	1	0	0	0	0	0	0	0	0
8eedb9dbeb14fec1eaeaf05db02447d0	0	0	0	0	0	1	0	0	0	0	0	0	0	0
260cae00694d063dc0866709ab36295f	0	0	0	0	0	1	0	0	0	0	0	0	0	0
60862fa76ee2a9a44e49d0f8bef10d9c	0	0	0	0	0	1	0	0	0	0	0	0	0	0
48f48b4789da7dff791884f8318ff8f8	0	0	0	0	0	1	0	0	0	0	0	0	0	0
2c3fa3cdce8d77f3a2e021c553cd699a	0	0	0	0	0	1	0	0	0	0	0	0	0	0
2ee17f464607728973a82921c30a6580	0	0	0	0	0	1	0	0	0	0	0	0	0	0
b57878fea7eb2ac6cc4aa7b2da528d38	0	0	0	0	0	1	0	0	0	0	0	0	0	0
6dd99c363a8820398f5a627f5343bfb2	0	0	0	0	0	1	0	0	0	0	0	0	0	0
ce4d5a150a24e69d2237651592c47586	0	0	0	0	0	1	0	0	0	0	0	0	0	0
7320b00373ec8942bd53802e12cb19c7	0	0	0	0	0	1	0	0	0	0	0	0	0	0
29c08642f77e3cf8acbde77e5ac91410	0	0	0	0	0	1	0	0	0	0	0	0	0	0
7122765502897582507224f482ec6c0a	0	0	0	0	0	1	0	0	0	0	0	0	0	0
a65c77af8a807b716eaaf435e3690d26	0	0	0	0	0	1	0	0	0	0	0	0	0	0
00208cf1afc878978c602cadec1ff2a7	0	0	0	0	0	1	0	0	0	0	0	0	0	0
b0ace81df23e72a3d8fdaf3a4e3fb558	0	0	0	0	0	1	0	0	0	0	0	0	0	0
81fa86f0b9f82b4a5a05fc4dcfdf215a	0	0	0	0	0	1	0	0	0	0	0	0	0	0
2a66dad749c95aa68366752a94426a58	0	0	0	0	0	1	0	0	0	0	0	0	0	0
c71850c498938b85147ac0cc44738975	0	0	0	0	0	1	0	0	0	0	0	0	0	0
70fe69acda146bbe3d4008f6c0940d70	0	0	0	0	0	1	0	0	0	0	0	0	0	0
4e5808fcf53336eb95863691faf8ffcd	0	0	0	0	0	1	0	0	0	0	0	0	0	0
7cda9eec5d7c344176980f8f87cd628f	0	0	0	0	0	1	0	0	0	0	0	0	0	0
81370ea674de264048ba1e5007076ba0	0	0	0	0	0	1	0	0	0	0	0	0	0	0
5e20452abc74788e40df64791f8105ff	0	0	0	0	0	1	0	0	0	0	0	0	0	0
90925f3cdb6bcf4b58f8a6af06b56846	0	0	0	0	0	1	0	0	0	0	0	0	0	0
97fae804a0628b356734dc036fee2ea6	0	0	0	0	0	1	0	0	0	0	0	0	0	0
6032ec174d43abcef070925cf5345442	0	0	0	0	0	1	0	0	0	0	0	0	0	0
0b203bd21ea71db7e22efc040be8a99f	0	0	0	0	0	1	0	0	0	0	0	0	0	0
3c80e18ce79853b3156b710cae7621b1	0	0	0	0	0	1	0	0	0	0	0	0	0	0
de3a7a780066f552560d4e2156cd662c	0	0	0	0	0	1	0	0	0	0	0	0	0	0
2cdf0d9f45899b8d1297b9d95f301dd9	0	0	0	0	0	1	0	0	0	0	0	0	0	0
1782e5dac00f7812598b748462d03bff	0	0	0	0	0	1	0	0	0	0	0	0	0	0
fe9475d7b5f2c0c228f554a9f25202d1	0	0	0	0	0	1	0	0	0	0	0	0	0	0
29085f0bd117c4ac62d480152bc4e758	0	0	0	0	0	1	0	0	0	0	0	0	0	0
ca0cc1694fbadec9c2b2316782b8109a	0	0	0	0	0	1	0	0	0	0	0	0	0	0
83b1c0d6a2d61178a86bc701b5fb50ca	0	0	0	0	0	1	0	0	0	0	0	0	0	0
d4f1e3513b90f4ab574f262294f61c0a	0	0	0	0	0	1	0	0	0	0	0	0	0	0
f5e55dd4f71b32ba1ae4f6a816662f58	0	0	0	0	0	1	0	0	0	0	0	0	0	0
4deb49a60ea1c977485f43c4ab41be24	0	0	0	0	0	1	0	0	0	0	0	0	0	0
7e0326d2590b4429e33807cb0db5e37e	0	0	0	0	0	1	0	0	0	0	0	0	0	0
588ce3c78a9d8d4ace32e67efd30188a	0	0	0	0	0	1	0	0	0	0	0	0	0	0
58934256a00a759fe38c7516ebe20f03	0	0	0	0	0	1	0	0	0	0	0	0	0	0
dcf48520b561e1a8337b4c54a42a77fc	0	0	0	0	0	1	0	0	0	0	0	0	0	0
fb8f748eb6d0ce812193d93cb83ea3f6	0	0	0	0	0	1	0	0	0	0	0	0	0	0
4a379ea97927416dc5fb93252ea8e874	0	0	0	0	0	1	0	0	0	0	0	0	0	0
45fc9607579d9fafe601b86eb09d5b44	0	0	0	0	0	1	0	0	0	0	0	0	0	0
8aab6e2632992dbb4c276443229c1bd3	0	0	0	0	0	1	0	0	0	0	0	0	0	0
e12235f3ea5fa6384e5cee2de3ccd121	0	0	0	0	0	1	0	0	0	0	0	0	0	0
143e6e2d79c84283145eda83bf974dbb	0	0	0	0	0	1	0	0	0	0	0	0	0	0
65ce116e03469e5c0f92b1ab46eae0b7	0	0	0	0	0	1	0	0	0	0	0	0	0	0
c55e90897f1db6e82226c6ccb64812e4	0	0	0	0	0	1	0	0	0	0	0	0	0	0
09c04acdb49de77abc66110babc5dfce	0	0	0	0	0	1	0	0	0	0	0	0	0	0
9223d4f43a2210ec30c3b002ff69e784	0	0	0	0	0	1	0	0	0	0	0	0	0	0
64cbeb47283b37beba323a30a87e9e9f	0	0	0	0	0	1	0	0	0	0	0	0	0	0
c526686ddead62876bf41b838f493860	0	0	0	0	0	1	0	0	0	0	0	0	0	0
8272cdc7aa509c65e86c52dd26fd04f2	0	0	0	0	0	1	0	0	0	0	0	0	0	0
d3b0c84140cf153355bb0fbe89fbb93b	0	0	0	0	0	1	0	0	0	0	0	0	0	0
91d612400e63c169eaa55b607f2ef59c	0	0	0	0	0	1	0	0	0	0	0	0	0	0
b71d3a2dd87fd378fba44d4c8498d8bf	0	0	0	0	0	1	0	0	0	0	0	0	0	0
921839fdf6f3f484554c8591b8e0d31c	0	0	0	0	0	1	0	0	0	0	0	0	0	0
610e7f2102e4e02a23c1253be5619312	0	0	0	0	0	1	0	0	0	0	0	0	0	0
3cfc6b055133eab57dcdc34c5a102a02	0	0	0	0	0	1	0	0	0	0	0	0	0	0
53b92d2c77e00f9dc346fa245e1cbc5b	0	0	0	0	0	1	0	0	0	0	0	0	0	0
b2ad4b6d117700692b1868c6994fad2c	0	0	0	0	0	1	0	0	0	0	0	0	0	0
ca2a8b44926efc04b2e15188e0b4e9f6	0	0	0	0	0	1	0	0	0	0	0	0	0	0
6897fef81fe9184e5999a9161f3539a5	0	0	0	0	0	1	0	0	0	0	0	0	0	0
a350aee1827e0d52ba6a5d6ac36ff98c	0	0	0	0	0	1	0	0	0	0	0	0	0	0
518f4c200c2486b7dedd3530156ca6e9	0	0	0	0	0	1	0	0	0	0	0	0	0	0
f7d5e6c192ec053dbb485f55a3eda253	0	0	0	0	0	1	0	0	0	0	0	0	0	0
e3a377c04eab23113758d3309e904de4	0	0	0	0	0	1	0	0	0	0	0	0	0	0
06920742acce55cf60ffd43c24110e47	0	0	0	0	0	1	0	0	0	0	0	0	0	0
04dfc1a823b7f3bce78853efeb9cf760	0	0	0	0	0	1	0	0	0	0	0	0	0	0
84281696a3b93d91ddd9124cdd592e8e	0	0	0	0	0	1	0	0	0	0	0	0	0	0
6e6e0eed6bd41191376ebbbeb2977a9c	0	0	0	0	0	1	0	0	0	0	0	0	0	0
234356a1a9b224949bb2b0c693044fd9	0	0	0	0	0	1	0	0	0	0	0	0	0	0
732ad5a4ef884828b89e38d93e508a91	0	0	0	0	0	1	0	0	0	0	0	0	0	0
1ade5c541382a692a0cb35a3f1694d03	0	0	0	0	0	1	0	0	0	0	0	0	0	0
99c50f6073ca376b9ed0b7f2b4cc6540	0	0	0	0	0	1	0	0	0	0	0	0	0	0
85e5cee0172bbae0cfc6c9ff92c97cf7	0	0	0	0	0	1	0	0	0	0	0	0	0	0
19b8d4a9a80bbd0ec6a98561322c603a	0	0	0	0	0	1	0	0	0	0	0	0	0	0
9ed6b06354acca645419b8c4de59e06c	0	0	0	0	0	1	0	0	0	0	0	0	0	0
b857876cba5a77c8de073992a8bb6145	0	0	0	0	0	1	0	0	0	0	0	0	0	0
a98448131baad76c0c2be6e161972f9d	0	0	0	0	0	1	0	0	0	0	0	0	0	0
b1ed1af9ff90394ce03290ad61e73e0b	0	0	0	0	0	1	0	0	0	0	0	0	0	0
808ce70a7be95c16ef2d7b9d57932b37	0	0	0	0	0	1	0	0	0	0	0	0	0	0
187f6e4401d567edf9858a06f3a5a800	0	0	0	0	0	1	0	0	0	0	0	0	0	0
8de513e4d7d7d125e726863acb8f1d28	0	0	0	0	0	1	0	0	0	0	0	0	0	0
6e34ff17e5b2f6163c86de7e906cbf9a	0	0	0	0	0	1	0	0	0	0	0	0	0	0
b9bf18da89cccf90b306f31573f64a86	0	0	0	0	0	1	0	0	0	0	0	0	0	0
2063a4594fbaa7a43fbf4708c8c5d76c	0	0	0	0	0	1	0	0	0	0	0	0	0	0
c02be917f4745e775db2e27c8c5a7d4c	0	0	0	0	0	1	0	0	0	0	0	0	0	0
df6e401e8f04ebc3ff140eac8ac5f1ee	0	0	0	0	0	1	0	0	0	0	0	0	0	0
6d0a128cd64d429cd6a01e9d6fad67af	0	0	0	0	0	1	0	0	0	0	0	0	0	0
32fe263945c72ca2ec653e2b8bed9c23	0	0	0	0	0	1	0	0	0	0	0	0	0	0
09176ba0eb41a025a2890981bb844807	0	0	0	0	0	1	0	0	0	0	0	0	0	0
a512a676bfa651a726bc483a60a14d54	0	0	0	0	0	1	0	0	0	0	0	0	0	0
e0997035e13eaeb8fad21cbcba92f27c	0	0	0	0	0	1	0	0	0	0	0	0	0	0
78a54abd26417e984228aa0500a6d7b6	0	0	0	0	0	1	0	0	0	0	0	0	0	0
a383ab6f9e0a082ef5141f7e3229f21c	0	0	0	0	0	1	0	0	0	0	0	0	0	0
fea29ebe60f8411df7d17c63ad8a2113	0	0	0	0	0	1	0	0	0	0	0	0	0	0
cec9abe5cf6fa9c749d60103ea1fd547	0	0	0	0	0	1	0	0	0	0	0	0	0	0
cf5d78ee4c0358676eade9f4ac00b223	0	0	0	0	0	1	0	0	0	0	0	0	0	0
f5d406fd8fc973279d51cd6bf3e02bb5	0	0	0	0	0	1	0	0	0	0	0	0	0	0
9a67fef1df827faa1a5aacbb88d0e562	0	0	0	0	0	1	0	0	0	0	0	0	0	0
0f59dd352e427cfbe79f894819e25501	0	0	0	0	0	1	0	0	0	0	0	0	0	0
3bb8498ed4f08f6dd427032cd23e1d1f	0	0	0	0	0	1	0	0	0	0	0	0	0	0
f838d715050c9d91cee74252f802ab9f	0	0	0	0	0	1	0	0	0	0	0	0	0	0
2c2c737ac1dc1db2e407b7af0f99ee4c	0	0	0	0	0	1	0	0	0	0	0	0	0	0
f7c9c8a6e2a072267b508d8a9e1b661a	0	0	0	0	0	1	0	0	0	0	0	0	0	0
76e556de3c8fcdc5cd6543d3b703e711	0	0	0	0	0	1	0	0	0	0	0	0	0	0
ffadd2722d4235f9a6d2997625b049d0	0	0	0	0	0	1	0	0	0	0	0	0	0	0
988e3bfcfee263df5c6e69869806fba3	0	0	0	0	0	1	0	0	0	0	0	0	0	0
c73536ee4302a3ee68fef0dbae0f2c04	0	0	0	0	0	1	0	0	0	0	0	0	0	0
d0e573f80f6354f7f46ac1f51a5d53db	0	0	0	0	0	1	0	0	0	0	0	0	0	0
bd0128c940261614a7fa686fd78e94ef	0	0	0	0	0	1	0	0	0	0	0	0	0	0
d39a4a741f9991798d08cf4fef9ffcd9	0	0	0	0	0	1	0	0	0	0	0	0	0	0
d930981a411077be8594fb27af15dc2c	0	0	0	0	0	1	0	0	0	0	0	0	0	0
5bad68f6805b81ccc19fc15851d092cf	0	0	0	0	0	1	0	0	0	0	0	0	0	0
9024dd2e9d3efd09285fe1549c8e809d	0	0	0	0	0	1	0	0	0	0	0	0	0	0
4b7b7f3827c0576561162ad5dcf643db	0	0	0	0	0	1	0	0	0	0	0	0	0	0
70e9db43a76b703fb589db392e67b452	0	0	0	0	0	1	0	0	0	0	0	0	0	0
df1bd4ee610f285afdb1cff639e7d480	0	0	0	0	0	1	0	0	0	0	0	0	0	0
93de3157ec840072aea6840601e0f42d	0	0	0	0	0	1	0	0	0	0	0	0	0	0
a73326c7ea12c9fdeda8066e16f27965	0	0	0	0	0	1	0	0	0	0	0	0	0	0
2198a3d217a3b1aa7276a609b3b43305	0	0	0	0	0	1	0	0	0	0	0	0	0	0
84ba0d51dde4dbd6ad300efb870a1bde	0	0	0	0	0	1	0	0	0	0	0	0	0	0
1a21a825bafd373458e23ac2ed027655	0	0	0	0	0	1	0	0	0	0	0	0	0	0
ab25d662848f2f848f3f9761ca16fdb8	0	0	0	0	0	1	0	0	0	0	0	0	0	0
efe8eee9fb1720eeaf2a56407ad79cb6	0	0	0	0	0	1	0	0	0	0	0	0	0	0
0e57e82ecb0961498357f0fc473975f5	0	0	0	0	0	1	0	0	0	0	0	0	0	0
f9cf42b31b7616da4ec7224c00c6b23f	0	0	0	0	0	1	0	0	0	0	0	0	0	0
8afcb460123a98668d594b77c385b081	0	0	0	0	0	1	0	0	0	0	0	0	0	0
55f6e797efbfb531b2d887516738b073	0	0	0	0	0	1	0	0	0	0	0	0	0	0
94e266e99860da40d5cedc8132436051	0	0	0	0	0	1	0	0	0	0	0	0	0	0
7f8465b48c661bc08a1f2ccfb136370f	0	0	0	0	0	1	0	0	0	0	0	0	0	0
b41b42382765606c45fe408c2929100e	0	0	0	0	0	1	0	0	0	0	0	0	0	0
9fb2ff4f2255f45bce6e4773b2f0b23b	0	0	0	0	0	1	0	0	0	0	0	0	0	0
46ff2379d1f9466582b0e9917746b8f5	0	0	0	0	0	1	0	0	0	0	0	0	0	0
6d36f3c48f91f97a333b71b811ff226e	0	0	0	0	0	1	0	0	0	0	0	0	0	0
b828cffed652f6d9183edf4e6f32a86c	0	0	0	0	0	1	0	0	0	0	0	0	0	0
0d7a8b1f8a69bac46255c93cc3f56511	0	0	0	0	0	1	0	0	0	0	0	0	0	0
d6b24a429e443102f0ffab8b940ca84d	0	0	0	0	0	1	0	0	0	0	0	0	0	0
8b770b75964ef65f266fc27f3a97bf92	0	0	0	0	0	1	0	0	0	0	0	0	0	0
ad548094e243d67c5da2757af4f99030	0	0	0	0	0	1	0	0	0	0	0	0	0	0
b558a2ac1e30ba12aefa09d9a36e0514	0	0	0	0	0	1	0	0	0	0	0	0	0	0
0cfa6fb2ab77281f755c0183ad36dcce	0	0	0	0	0	1	0	0	0	0	0	0	0	0
8fbfd464a5d3b21cfa677825c064ade9	0	0	0	0	0	1	0	0	0	0	0	0	0	0
de1252b3fd452f5a40fd01a5d623512e	0	0	0	0	0	1	0	0	0	0	0	0	0	0
6ad0466f964bf64a8398272f0bc00c28	0	0	0	0	0	1	0	0	0	0	0	0	0	0
9c5d9d6c80952e8533baea731e5d2e6f	0	0	0	0	0	1	0	0	0	0	0	0	0	0
f0dae5684c98f4d7d60f6c12d7007b74	0	0	0	0	0	1	0	0	0	0	0	0	0	0
07635c807bfe7cf279a118790189fba4	0	0	0	0	0	1	0	0	0	0	0	0	0	0
860429f1b987b8f97426381aab5aa69f	0	0	0	0	0	1	0	0	0	0	0	0	0	0
7b11ca0928f9fffeb166da981d79d823	0	0	0	0	0	1	0	0	0	0	0	0	0	0
abdd145de6bccc3a0d1e2029925e80e3	0	0	0	0	0	1	0	0	0	0	0	0	0	0
17e22591a4c66f1409ecff3e610dcfb2	0	0	0	0	0	1	0	0	0	0	0	0	0	0
7bbc32a691f5d1247dda10009b2ae6f5	0	0	0	0	0	1	0	0	0	0	0	0	0	0
3b176d78b464228d55dd8e2d54a31561	0	0	0	0	0	1	0	0	0	0	0	0	0	0
d2e261f2c97b2ee7253b6aec0f9da0b2	0	0	0	0	0	1	0	0	0	0	0	0	0	0
e57fb14deed4ab07b867ab496820e23c	0	0	0	0	0	1	0	0	0	0	0	0	0	0
7f71e1691d23658344b3896e8f523917	0	0	0	0	0	1	0	0	0	0	0	0	0	0
d3041861625079e79e31615df322749d	0	0	0	0	0	1	0	0	0	0	0	0	0	0
c6a04f5ca49f6c0c67f2b5829766dc29	0	0	0	0	0	1	0	0	0	0	0	0	0	0
9b095cb3822bbe4c56d9c5b6f9f7759e	0	0	0	0	0	1	0	0	0	0	0	0	0	0
639be7ba07d08dc7c38e75fd39077f17	0	0	0	0	0	1	0	0	0	0	0	0	0	0
ede903386d39dfbe0a01c4fd5d405132	0	0	0	0	0	1	0	0	0	0	0	0	0	0
3ada7c73c03f8f3be50d7297869ea6b2	0	0	0	0	0	1	0	0	0	0	0	0	0	0
48198f4b0972351e5ac47b54d0ff852b	0	0	0	0	0	1	0	0	0	0	0	0	0	0
d0ae79c31d702926b7adfcdbdf163b89	0	0	0	0	0	1	0	0	0	0	0	0	0	0
cdcbb51c8245d9e56988521a117b9b94	0	0	0	0	0	1	0	0	0	0	0	0	0	0
aaff425c8e113a796f7bfffdffb71960	0	0	0	0	0	1	0	0	0	0	0	0	0	0
5444f2404c514d72f53138047bcc1dbf	0	0	0	0	0	1	0	0	0	0	0	0	0	0
001a425563068a82bad8575e84673d19	0	0	0	0	0	1	0	0	0	0	0	0	0	0
c5b9339867e063b494169575b0cc643e	0	0	0	0	0	1	0	0	0	0	0	0	0	0
2f3cc56a3de88b5c71cc7c5c2c9c5791	0	0	0	0	0	1	0	0	0	0	0	0	0	0
bf8a70b281761d244129fdb5b33222a0	0	0	0	0	0	1	0	0	0	0	0	0	0	0
eecc90616cd1f2466f6072129d128fc6	0	0	0	0	0	1	0	0	0	0	0	0	0	0
6c29b936c4bce3a88161d1f102461252	0	0	0	0	0	1	0	0	0	0	0	0	0	0
d56f76ea8da465855227742e24b63866	0	0	0	0	0	1	0	0	0	0	0	0	0	0
838e02343ede7416a2e67b591356c074	0	0	0	0	0	1	0	0	0	0	0	0	0	0
33d22495aa10d03f78b449f0578c05f4	0	0	0	0	0	1	0	0	0	0	0	0	0	0
d8924ba09c9a6f69a76fbe9e809d818d	0	0	0	0	0	0	1	0	0	0	0	0	0	0
a7cf7a175a83c6d9349fb517bc77b671	0	0	0	0	0	0	1	0	0	0	0	0	0	0
1d625e1fcec8e642582fa173a4a1f133	0	0	0	0	0	0	1	0	0	0	0	0	0	0
54377abe047e8fce2e3bf37865d7586e	0	0	0	0	0	0	1	0	0	0	0	0	0	0
2d9534525616fe22fab459773ad40532	0	0	0	0	0	0	1	0	0	0	0	0	0	0
d1ff122838d9f8049147f38c24b880d2	0	0	0	0	0	0	1	0	0	0	0	0	0	0
e4aa915158043bd64b2a120a31564bcc	0	0	0	0	0	0	1	0	0	0	0	0	0	0
b2dc9c683f66a39494a205bcf3664ca0	0	0	0	0	0	0	1	0	0	0	0	0	0	0
931381c873af24e49eac51112006cf6d	0	0	0	0	0	0	1	0	0	0	0	0	0	0
b4d82e32eae6e9c83af2b59a86783e97	0	0	0	0	0	0	1	0	0	0	0	0	0	0
ed905cdb5d192b74dc2445f60d9629e0	0	0	0	0	0	0	1	0	0	0	0	0	0	0
c6edf523c525e78227c47853acc203c6	0	0	0	0	0	0	1	0	0	0	0	0	0	0
c5967876d1484367c6c920fb4c46db6f	0	0	0	0	0	0	1	0	0	0	0	0	0	0
bd831d1afa93d540739e22250cdfd9e2	0	0	0	0	0	0	1	0	0	0	0	0	0	0
c29c6d158b4c670eeae961769b920474	0	0	0	0	0	0	1	0	0	0	0	0	0	0
8aa3abfbb51cce105cd719736c636044	0	0	0	0	0	0	1	0	0	0	0	0	0	0
4010d651d713eec8ec4818c69b84a3dd	0	0	0	0	0	0	1	0	0	0	0	0	0	0
dda1901ebe9912eb19c43278f6a62914	0	0	0	0	0	0	1	0	0	0	0	0	0	0
823ac3f2868d453643dd2e177640e69a	0	0	0	0	0	0	1	0	0	0	0	0	0	0
65502c20df10a5f3a48d2f3052f4d16a	0	0	0	0	0	0	1	0	0	0	0	0	0	0
80cc0a37074c096a321574780581c5a2	0	0	0	0	0	0	1	0	0	0	0	0	0	0
837a2de3084b8d06127c1e70bcd033f2	0	0	0	0	0	0	1	0	0	0	0	0	0	0
30bbd939621b66b70f56c4bbb8f404ee	0	0	0	0	0	0	1	0	0	0	0	0	0	0
e8db494b03098e3a99c9384f569b3134	0	0	0	0	0	0	1	0	0	0	0	0	0	0
9c843d35795990ce0ef57a27296be421	0	0	0	0	0	0	1	0	0	0	0	0	0	0
4e365ad3fb23cc1eecf6890bf43b8b1b	0	0	0	0	0	0	1	0	0	0	0	0	0	0
88f580b49aaf2beb8d08936e7dc6711e	0	0	0	0	0	0	1	0	0	0	0	0	0	0
86f8f3e970bbcbb286210aaade46756c	0	0	0	0	0	0	1	0	0	0	0	0	0	0
ec43c0f93a5e0236943af83fa9e5eb0b	0	0	0	0	0	0	1	0	0	0	0	0	0	0
089949c17018e8d699dd2f77f6f361c3	0	0	0	0	0	0	1	0	0	0	0	0	0	0
1f7268b8d98cc70c23585043a73ddb85	0	0	0	0	0	0	1	0	0	0	0	0	0	0
408e2378cae860dfcb03c11e99e56b80	0	0	0	0	0	0	1	0	0	0	0	0	0	0
df002e9f22a7fabaf8471c0a02d11864	0	0	0	0	0	0	1	0	0	0	0	0	0	0
d952b68e58cef4108439f38c2d5b776c	0	0	0	0	0	0	1	0	0	0	0	0	0	0
5f51385bf4416b4e39f23cf3ea147c58	0	0	0	0	0	0	1	0	0	0	0	0	0	0
d0bf8742e958c06023e21d6797d7a8a7	0	0	0	0	0	0	1	0	0	0	0	0	0	0
4f477b86856ccc481595bb13b6e9dd42	0	0	0	0	0	0	1	0	0	0	0	0	0	0
1183b69b2900db0d4b1588754c9ade19	0	0	0	0	0	0	1	0	0	0	0	0	0	0
149a705f1754a6e6291ce4be516bd2c8	0	0	0	0	0	0	1	0	0	0	0	0	0	0
a175b2efd414f455bed6073075cf29e1	0	0	0	0	0	0	1	0	0	0	0	0	0	0
7c8b2a87f00ba9a9650bbac3dcdd74c3	0	0	0	0	0	0	1	0	0	0	0	0	0	0
8b2d81338a464dd2fe07b2c973bdd8ec	0	0	0	0	0	0	1	0	0	0	0	0	0	0
e9a5cc28af3c6d17235a08e33cf1c7cf	0	0	0	0	0	0	1	0	0	0	0	0	0	0
b5be3bb78cebdd93ec1b84284ce8da2e	0	0	0	0	0	0	1	0	0	0	0	0	0	0
218565f5150aa5e597b1a9f5275ab233	0	0	0	0	0	0	1	0	0	0	0	0	0	0
6a947a5a058630ac05a1d011209889f0	0	0	0	0	0	0	1	0	0	0	0	0	0	0
d68b76474a21c8cffba08003725c1811	0	0	0	0	0	0	1	0	0	0	0	0	0	0
88afbf85a64895771201c2187bce4c81	0	0	0	0	0	0	1	0	0	0	0	0	0	0
130ecab57150b954e6de4ac109790760	0	0	0	0	0	0	1	0	0	0	0	0	0	0
ac68f2592101b3f41da03049601a057a	0	0	0	0	0	0	1	0	0	0	0	0	0	0
2ee2fc12a0973744f3dde25d78514d7f	0	0	0	0	0	0	1	0	0	0	0	0	0	0
1d335ce81560b1785450bb8c3ab95a74	0	0	0	0	0	0	1	0	0	0	0	0	0	0
01dbacaf8e93cf7df61029cd7246727e	0	0	0	0	0	0	1	0	0	0	0	0	0	0
9edc77794e3fc385083a5ad875419107	0	0	0	0	0	0	1	0	0	0	0	0	0	0
f8cc5af5344992767d9ab7cff59d716e	0	0	0	0	0	0	1	0	0	0	0	0	0	0
a3647dd0c033beeadec0447c5ef4e154	0	0	0	0	0	0	1	0	0	0	0	0	0	0
1c2b071f774abc9eece51da23785409d	0	0	0	0	0	0	1	0	0	0	0	0	0	0
2b3568b2a4e234cdd775693780bea690	0	0	0	0	0	0	1	0	0	0	0	0	0	0
f4977624c1575e6e22d00b64a502ccdf	0	0	0	0	0	0	1	0	0	0	0	0	0	0
9f174121a9e950b9e9efda18bcb2fc06	0	0	0	0	0	0	1	0	0	0	0	0	0	0
d823708bafd5167082e144971bc3b56b	0	0	0	0	0	0	1	0	0	0	0	0	0	0
5a36e75c1e9cb91f9e16928703c53124	0	0	0	0	0	0	1	0	0	0	0	0	0	0
70bfb257a06126bff089c23f9eb8c670	0	0	0	0	0	0	1	0	0	0	0	0	0	0
cefec2ff3dde60ec9d904a1080c53673	0	0	0	0	0	0	1	0	0	0	0	0	0	0
8982bd9c37e6260158fd0124478d9db6	0	0	0	0	0	0	1	0	0	0	0	0	0	0
06b2bcd53ba0eef37c8fc77fe2530b85	0	0	0	0	0	0	1	0	0	0	0	0	0	0
d29a53e3a3ac38e7e2e0cec8f6c249e4	0	0	0	0	0	0	1	0	0	0	0	0	0	0
4bd429b771e3469b7d898aa64799bbb0	0	0	0	0	0	0	1	0	0	0	0	0	0	0
8ae28be50cb622c328e20eebf51fd7a7	0	0	0	0	0	0	1	0	0	0	0	0	0	0
c24e7ef2a1c55275ae870d9d3e590768	0	0	0	0	0	0	1	0	0	0	0	0	0	0
ddcf80039225a5ea2d82667c433de424	0	0	0	0	0	0	1	0	0	0	0	0	0	0
076f38206a5601af1833be1fe8a229bc	0	0	0	0	0	0	1	0	0	0	0	0	0	0
3372afe51606b4d455e45408eb01058e	0	0	0	0	0	0	1	0	0	0	0	0	0	0
6a4e5709806236e55f438c2531f48dcf	0	0	0	0	0	0	1	0	0	0	0	0	0	0
f190df5331da9ef89e737b3ae6346d1b	0	0	0	0	0	0	1	0	0	0	0	0	0	0
efdc5df24221dbf9a763d5f41b738b49	0	0	0	0	0	0	1	0	0	0	0	0	0	0
2efb4319ed39b0a70bc48d649412c0cd	0	0	0	0	0	0	1	0	0	0	0	0	0	0
050fd311a9fc56364bbf72a9e13a92db	0	0	0	0	0	0	1	0	0	0	0	0	0	0
cc3b5bd21a1c0af02a8cf1eb6ade24d4	0	0	0	0	0	0	1	0	0	0	0	0	0	0
9cf28f88347a35fd27f42f54277087b5	0	0	0	0	0	0	1	0	0	0	0	0	0	0
06b9294b2737ef9fc4a080b92c795199	0	0	0	0	0	0	1	0	0	0	0	0	0	0
37bbfe802a7151a03ef2b135b29205d0	0	0	0	0	0	0	1	0	0	0	0	0	0	0
8f3dbc2102937fb5a97b950a8000c632	0	0	0	0	0	0	1	0	0	0	0	0	0	0
6d185297b3ee68bf85f290a50dc7491d	0	0	0	0	0	0	1	0	0	0	0	0	0	0
be8be9f02745601bcb05fbae3dcaa24f	0	0	0	0	0	0	1	0	0	0	0	0	0	0
49c48fdb1a13fc0527c011c678092206	0	0	0	0	0	0	1	0	0	0	0	0	0	0
535b2b98351271c4aea17ff796b1a601	0	0	0	0	0	0	1	0	0	0	0	0	0	0
48c4ab1a36b2ec6546aeca0237a5ef48	0	0	0	0	0	0	1	0	0	0	0	0	0	0
5186919b968666af102704d85736459d	0	0	0	0	0	0	1	0	0	0	0	0	0	0
a6be808ca45abe02a8987eac4a443b4d	0	0	0	0	0	0	1	0	0	0	0	0	0	0
6898468f2cfa3177986bd671ba816708	0	0	0	0	0	0	1	0	0	0	0	0	0	0
8fec0c5f76fa3dcfb4dfe160d84025d4	0	0	0	0	0	0	1	0	0	0	0	0	0	0
e26baf0fb954c6b20ce7ca5489e66080	0	0	0	0	0	0	1	0	0	0	0	0	0	0
de0f5db40db79b2d76cf8ad015b703c1	0	0	0	0	0	0	1	0	0	0	0	0	0	0
43fa351c68d73db1bab199e5e8b9cb71	0	0	0	0	0	0	1	0	0	0	0	0	0	0
7178028bdeffd13fde3fa3d3fc8b1bcb	0	0	0	0	0	0	1	0	0	0	0	0	0	0
564380341b8449c16394369d66cd7caa	0	0	0	0	0	0	1	0	0	0	0	0	0	0
00ae2924f8951abad365671f35cfaa3a	0	0	0	0	0	0	1	0	0	0	0	0	0	0
2da53b15b08e3ce64a38461e1f3c81a1	0	0	0	0	0	0	1	0	0	0	0	0	0	0
4035eb6af91c6a1cdfa4a7bbee02afea	0	0	0	0	0	0	1	0	0	0	0	0	0	0
0ebcde9f014271aab566d393c62a0e11	0	0	0	0	0	0	1	0	0	0	0	0	0	0
3be3fac215398a4511a5b9cb05c9756d	0	0	0	0	0	0	1	0	0	0	0	0	0	0
cf715f7f5e2186ce4245caf91187bf37	0	0	0	0	0	0	1	0	0	0	0	0	0	0
8638978cc017df2ad9f9aaf5a3817e94	0	0	0	0	0	0	1	0	0	0	0	0	0	0
f386c7d69209dadfdc2158dba0f9efbd	0	0	0	0	0	0	1	0	0	0	0	0	0	0
298286f252aa2b9d7daeb7ae6256e177	0	0	0	0	0	0	1	0	0	0	0	0	0	0
ff7461aecd8f5e01343d10d523610897	0	0	0	0	0	0	1	0	0	0	0	0	0	0
be17fe76d30bc0e8ca39ebbfcd5c642b	0	0	0	0	0	0	1	0	0	0	0	0	0	0
fb62cae47f5e6f448950a82ac3bcfc52	0	0	0	0	0	0	1	0	0	0	0	0	0	0
a756094b24843cb102f636c9c11f9ee4	0	0	0	0	0	0	1	0	0	0	0	0	0	0
282e45de2bf0205dd5770c0107e7b9c6	0	0	0	0	0	0	1	0	0	0	0	0	0	0
cb2e5b165074f9c4769e358280cf3af4	0	0	0	0	0	0	1	0	0	0	0	0	0	0
9983009d16a3f8bbcf39cef5376c0f72	0	0	0	0	0	0	1	0	0	0	0	0	0	0
0581057cddefc6d5c5268ed07c51cea6	0	0	0	0	0	0	1	0	0	0	0	0	0	0
c652aa8f02c349cc49a8cbe08c6b3a06	0	0	0	0	0	0	1	0	0	0	0	0	0	0
9a9f6cdd741a8e7a0ca7c782de736061	0	0	0	0	0	0	1	0	0	0	0	0	0	0
ecc5f08bb6da50f0dc146cff8a99bd24	0	0	0	0	0	0	1	0	0	0	0	0	0	0
e4ab62b15034cffbd7a15b68b08fb7d7	0	0	0	0	0	0	1	0	0	0	0	0	0	0
186640c763ed222752be2ad802c88ee1	0	0	0	0	0	0	1	0	0	0	0	0	0	0
78a96aa1fd5e355e216f472c298f27fc	0	0	0	0	0	0	1	0	0	0	0	0	0	0
fad6256978f53e8bf30aeddcc76f34e0	0	0	0	0	0	0	1	0	0	0	0	0	0	0
7e053a94f1226f9f7201c57ade4c8376	0	0	0	0	0	0	1	0	0	0	0	0	0	0
5880bdf357ad5981c92e3f415bec4738	0	0	0	0	0	0	1	0	0	0	0	0	0	0
138eb36911af63254d2bac5ed79bd4e1	0	0	0	0	0	0	1	0	0	0	0	0	0	0
7f27b95d7ed549b1276e4e8b8af5cdc1	0	0	0	0	0	0	1	0	0	0	0	0	0	0
667f127a819b751bce29d9e0f3d86d64	0	0	0	0	0	0	1	0	0	0	0	0	0	0
57be819184a5c06086fd434ff08cb7e3	0	0	0	0	0	0	1	0	0	0	0	0	0	0
5f1e84b305a71b15bb739e07acdcf47a	0	0	0	0	0	0	1	0	0	0	0	0	0	0
49412d9b6512d9cf9b4f7499ea685152	0	0	0	0	0	0	1	0	0	0	0	0	0	0
d737d1de58164a4921b08bdab36aead9	0	0	0	0	0	0	1	0	0	0	0	0	0	0
8b6a3ffdefc8d5234e6560f0b5dec3a6	0	0	0	0	0	0	1	0	0	0	0	0	0	0
b21bda2ce8859e3cd71d353c84f514d1	0	0	0	0	0	0	1	0	0	0	0	0	0	0
ecb68cadc93560785a7c2dda206871a2	0	0	0	0	0	0	1	0	0	0	0	0	0	0
ece3a29eed9ea81c9629babd10ac01fc	0	0	0	0	0	0	1	0	0	0	0	0	0	0
db61bf8a0e01927ac34fb68667c5d884	0	0	0	0	0	0	1	0	0	0	0	0	0	0
0bd0836eac3e99b60e3faad043f7d650	0	0	0	0	0	0	1	0	0	0	0	0	0	0
829c35f44d868452bcabb5acc2cee21a	0	0	0	0	0	0	1	0	0	0	0	0	0	0
6c34deff30b251d50d3d489c43115c7a	0	0	0	0	0	0	1	0	0	0	0	0	0	0
eda2fa787e6fe6177ae9d786c214c018	0	0	0	0	0	0	1	0	0	0	0	0	0	0
d65474aca364ddc260cf5b0a036f5e92	0	0	0	0	0	0	1	0	0	0	0	0	0	0
06eb912f6a99db6e54437f6fc1c4521d	0	0	0	0	0	0	1	0	0	0	0	0	0	0
1833dd07833b66a211b497f50e890419	0	0	0	0	0	0	1	0	0	0	0	0	0	0
9b7346c094f45aef304bef3735471ced	0	0	0	0	0	0	1	0	0	0	0	0	0	0
87113c59115e9a416214963f59db3ae5	0	0	0	0	0	0	1	0	0	0	0	0	0	0
255fd9f61d0b7b2216e7fcf049e6c759	0	0	0	0	0	0	1	0	0	0	0	0	0	0
493c089c66dbb3966a28f850b6932eec	0	0	0	0	0	0	1	0	0	0	0	0	0	0
0412c60423eb33b36c47b4bee1c5017e	0	0	0	0	0	0	1	0	0	0	0	0	0	0
7f24c5b3aa0895e9f4dd184f5b820c71	0	0	0	0	0	0	1	0	0	0	0	0	0	0
aa79ccd2357ed5e564cd576bfc16d74e	0	0	0	0	0	0	1	0	0	0	0	0	0	0
579119f6fa207fc21994e2b0cee09b29	0	0	0	0	0	0	1	0	0	0	0	0	0	0
92388645645575449ae1e7391392548d	0	0	0	0	0	0	1	0	0	0	0	0	0	0
3576fe96206267252f1eddc39ad950fc	0	0	0	0	0	0	1	0	0	0	0	0	0	0
d8523457faf59392d3de1d27d64d6206	0	0	0	0	0	0	1	0	0	0	0	0	0	0
d37547fd62002f905ad5b285acf6bc69	0	0	0	0	0	0	1	0	0	0	0	0	0	0
2a3d2bbed4a839971d054eef4214fa80	0	0	0	0	0	0	1	0	0	0	0	0	0	0
b1ff2346813f3568a31495521429c9d0	0	0	0	0	0	0	1	0	0	0	0	0	0	0
b6bd408bdeb1ef222d7e6b9b72289442	0	0	0	0	0	0	1	0	0	0	0	0	0	0
05ab5a6bc3bdaa733eb6817a399bc810	0	0	0	0	0	0	1	0	0	0	0	0	0	0
70b02964eb50d2da37851438b435db7f	0	0	0	0	0	0	1	0	0	0	0	0	0	0
e223a2f17b36631c52ef03f795416d3d	0	0	0	0	0	0	1	0	0	0	0	0	0	0
d673be7effca9db125cf8b85ed7ed7d1	0	0	0	0	0	0	1	0	0	0	0	0	0	0
e80693b87839f16f5393a70b5d96ffae	0	0	0	0	0	0	1	0	0	0	0	0	0	0
8b88af1c59e5b7e9c032676908bf4a87	0	0	0	0	0	0	1	0	0	0	0	0	0	0
27e788f7f10f9c1f4eab3a41b9564b96	0	0	0	0	0	0	1	0	0	0	0	0	0	0
71c81275a7ff1c6fced04128a4648cad	0	0	0	0	0	0	1	0	0	0	0	0	0	0
25eadeb4132943c27609bdca820388c2	0	0	0	0	0	0	1	0	0	0	0	0	0	0
b40c6068ecf4818916f9616c7f42a21f	0	0	0	0	0	0	1	0	0	0	0	0	0	0
9608b152dda39f4cceb01b219a3f901e	0	0	0	0	0	0	1	0	0	0	0	0	0	0
673ad4a889b4cae0e246f615a4f97fb7	0	0	0	0	0	0	1	0	0	0	0	0	0	0
16e0c78a7fa2ec56e14c94d0c9bbc130	0	0	0	0	0	0	1	0	0	0	0	0	0	0
7977068b5b47ef03ee9d7960372a76f9	0	0	0	0	0	0	1	0	0	0	0	0	0	0
66ed09e3a1723c913441a0d7b279906b	0	0	0	0	0	0	1	0	0	0	0	0	0	0
acddc9345e2227ed0875f9eabeb9211a	0	0	0	0	0	0	1	0	0	0	0	0	0	0
17fd1e5a7217748d3ac3fbebcd7733d4	0	0	0	0	0	0	1	0	0	0	0	0	0	0
6f670bedb7c1bde29f5d1c64c20d55b6	0	0	0	0	0	0	1	0	0	0	0	0	0	0
f045aa145f80de28461e8a12ccbcea2c	0	0	0	0	0	0	1	0	0	0	0	0	0	0
aa4f401c1b6b139e605eca979d2f0477	0	0	0	0	0	0	1	0	0	0	0	0	0	0
c476c367d5bdc0294a36104ffa470b5c	0	0	0	0	0	0	1	0	0	0	0	0	0	0
6a3c8fd693c294787854bca90ac70a8e	0	0	0	0	0	0	1	0	0	0	0	0	0	0
45676c51955b9e2172ebdc4dae2cd494	0	0	0	0	0	0	1	0	0	0	0	0	0	0
157234aa866f396445be97fa5ffd2d94	0	0	0	0	0	0	1	0	0	0	0	0	0	0
6b0ceb1ce110b5777ca232afd1b7850e	0	0	0	0	0	0	1	0	0	0	0	0	0	0
4da3741b02ac34589241f2e6c3fc1a44	0	0	0	0	0	0	1	0	0	0	0	0	0	0
9300a16648a071bfcb6808ce979fa8f0	0	0	0	0	0	0	1	0	0	0	0	0	0	0
e568e3d6f31177e8b1ccba249f04a425	0	0	0	0	0	0	1	0	0	0	0	0	0	0
afa1f42c692abdaac499abf575ed3c14	0	0	0	0	0	0	1	0	0	0	0	0	0	0
fe2f41b90524b11149b481f00729ca97	0	0	0	0	0	0	1	0	0	0	0	0	0	0
d9e32c83d6cba37931cf8e454eeda6f8	0	0	0	0	0	0	1	0	0	0	0	0	0	0
04e4998516f812a863b4adf2cc829733	0	0	0	0	0	0	1	0	0	0	0	0	0	0
88bb816ba3f6b0b5388eab8e22469bb8	0	0	0	0	0	0	1	0	0	0	0	0	0	0
6d3fad75575470402be137fee282b2b8	0	0	0	0	0	0	1	0	0	0	0	0	0	0
0adc127d3909b51b2f78919d5c0aa373	0	0	0	0	0	0	1	0	0	0	0	0	0	0
0636873c5a8a22bdc0b436f1a05e52d7	0	0	0	0	0	0	1	0	0	0	0	0	0	0
ed3fcc61740b53f65cf3156b79ff5f99	0	0	0	0	0	0	1	0	0	0	0	0	0	0
e8ffd16790e47404def2003e3b11f8dc	0	0	0	0	0	0	1	0	0	0	0	0	0	0
6a98a80cef4e7b1b241ca72e0dd6235c	0	0	0	0	0	0	1	0	0	0	0	0	0	0
9bef70eeed0fdedca9299536dd04bb00	0	0	0	0	0	0	1	0	0	0	0	0	0	0
fb22e5103d7e52858febe31146069047	0	0	0	0	0	0	1	0	0	0	0	0	0	0
90dc54d4cdad3a4064627d85d392568f	0	0	0	0	0	0	1	0	0	0	0	0	0	0
a96d31dcf46ebc9a12b5807be6567829	0	0	0	0	0	0	1	0	0	0	0	0	0	0
a489602d7054bbcfecd242550d896860	0	0	0	0	0	0	1	0	0	0	0	0	0	0
c649788ee6921e0b4e620fdfa3a1fab0	0	0	0	0	0	0	1	0	0	0	0	0	0	0
b29da6a5b79e3e6a7baa15f39bf604d3	0	0	0	0	0	0	1	0	0	0	0	0	0	0
f28db3076290442331fe534319f729d7	0	0	0	0	0	0	1	0	0	0	0	0	0	0
fee9a19f7256f620e10d37fcef592965	0	0	0	0	0	0	1	0	0	0	0	0	0	0
44a638b37cb5a1dfcf96161de3c4e2ad	0	0	0	0	0	0	1	0	0	0	0	0	0	0
c32e4dbda83b50192000a54bc5180864	0	0	0	0	0	0	1	0	0	0	0	0	0	0
d129bcfa892fe8fc68f116dfd5c3fc03	0	0	0	0	0	0	1	0	0	0	0	0	0	0
0fc8919969e2f7b0f7ca92568f863f48	0	0	0	0	0	0	1	0	0	0	0	0	0	0
4b8fbf827dcd191572c47eed8abd2fcb	0	0	0	0	0	0	1	0	0	0	0	0	0	0
5f9818bfd832643caa51e1f181f1fdfa	0	0	0	0	0	0	1	0	0	0	0	0	0	0
7f97a41a55950990e526abd15b20ab33	0	0	0	0	0	0	1	0	0	0	0	0	0	0
9445a29435ae19ec60744df99fb91ab9	0	0	0	0	0	0	1	0	0	0	0	0	0	0
51550492b671c02699b23c972c338b7e	0	0	0	0	0	0	1	0	0	0	0	0	0	0
4d0c830b30934a97a5cdccaf5f332888	0	0	0	0	0	0	1	0	0	0	0	0	0	0
26e921b3345095132dd38e6a9578bffe	0	0	0	0	0	0	1	0	0	0	0	0	0	0
42edd09548ffb4d1048c399251f16d9c	0	0	0	0	0	0	1	0	0	0	0	0	0	0
6584830b476f41fc92012371ece18029	0	0	0	0	0	0	1	0	0	0	0	0	0	0
217202b428604c4fc9d465cb7e5f767b	0	0	0	0	0	0	1	0	0	0	0	0	0	0
7761d86e9897e9c0e6b34d488a185066	0	0	0	0	0	0	1	0	0	0	0	0	0	0
64024c1568cb010546d45cce7e216cd6	0	0	0	0	0	0	1	0	0	0	0	0	0	0
fb888ad0ce7639483d8d5d9caedc42e5	0	0	0	0	0	0	1	0	0	0	0	0	0	0
718bcebb4e5f813ed8fe023acf4454b8	0	0	0	0	0	0	1	0	0	0	0	0	0	0
e5767ee5c4e18a170a53abd05e3f04b6	0	0	0	0	0	0	1	0	0	0	0	0	0	0
fbacc8e04fdcd10b3ffd5a50b1e31c2c	0	0	0	0	0	0	1	0	0	0	0	0	0	0
6805797db6a67de369e4364121f09dd7	0	0	0	0	0	0	1	0	0	0	0	0	0	0
c561658195eb84b44d9185239e4d3a69	0	0	0	0	0	0	1	0	0	0	0	0	0	0
cc5dbfc2ab31bfa1811b5fc69a5cea1e	0	0	0	0	0	0	1	0	0	0	0	0	0	0
8bae28dc26b054602e1aebe98061fc36	0	0	0	0	0	0	1	0	0	0	0	0	0	0
91e08ffadc21316f04ed68fe27fe6909	0	0	0	0	0	0	1	0	0	0	0	0	0	0
f6038324ba022b2597addf1885bad1c2	0	0	0	0	0	0	1	0	0	0	0	0	0	0
8e0fd027553fbb81c23ba8361ec0ba80	0	0	0	0	0	0	1	0	0	0	0	0	0	0
23dbfb30b9633b971498fc8304989343	0	0	0	0	0	0	1	0	0	0	0	0	0	0
8071a958510338cc96e646b2b0bdae20	0	0	0	0	0	0	1	0	0	0	0	0	0	0
89b43d39bfffe9ffcd93dec9f4018256	0	0	0	0	0	0	1	0	0	0	0	0	0	0
406e99b9fcc49ac1d2ec62e42f803b15	0	0	0	0	0	0	1	0	0	0	0	0	0	0
3fdb7793d8618a159fbcaaa147b8ef11	0	0	0	0	0	0	1	0	0	0	0	0	0	0
34406e2d4ca4fbdf00f6697eaf8a1235	0	0	0	0	0	0	1	0	0	0	0	0	0	0
497e5052d079e5564d55e116f16e3b5b	0	0	0	0	0	0	1	0	0	0	0	0	0	0
c781ca618ce48cc953de160731aafa3c	0	0	0	0	0	0	1	0	0	0	0	0	0	0
97783c4f49b146f85209b319200b0924	0	0	0	0	0	0	1	0	0	0	0	0	0	0
e6b1e968611fb359f09593e54b2ac7d6	0	0	0	0	0	0	1	0	0	0	0	0	0	0
5c55b805f9629551e4c4ecadd50150ee	0	0	0	0	0	0	1	0	0	0	0	0	0	0
a3851139981fe00348a97dd59b73b0aa	0	0	0	0	0	0	1	0	0	0	0	0	0	0
5cd42d8e71e11287d1c16554687cede5	0	0	0	0	0	0	1	0	0	0	0	0	0	0
b5caaf504e12cb780007c000da9284b7	0	0	0	0	0	0	1	0	0	0	0	0	0	0
3088e143903d883acda30ba120af5b1e	0	0	0	0	0	0	1	0	0	0	0	0	0	0
f0a9ccf94d658fe8e7006e2b6a2e542e	0	0	0	0	0	0	1	0	0	0	0	0	0	0
2d7390d392e2267539f897b90b6a0576	0	0	0	0	0	0	1	0	0	0	0	0	0	0
445b8ffb8b64e9234eefeef1357dbb20	0	0	0	0	0	0	1	0	0	0	0	0	0	0
e3a8a1a213974bfe9727c5c8093b477c	0	0	0	0	0	0	1	0	0	0	0	0	0	0
c40963e2195d77da6638960ba86bcec3	0	0	0	0	0	0	1	0	0	0	0	0	0	0
eaede1968398f9e22c9a146e2dde5b34	0	0	0	0	0	0	1	0	0	0	0	0	0	0
1ba66260da5ef423e1d022faca96cdd7	0	0	0	0	0	0	1	0	0	0	0	0	0	0
8b044e4ed0d51eba59ed17da5b6501db	0	0	0	0	0	0	1	0	0	0	0	0	0	0
7bc3386e2fae4f11090d2fef97fee8f7	0	0	0	0	0	0	1	0	0	0	0	0	0	0
c82fe07a80d37edd7142a5e44ad1d9d9	0	0	0	0	0	0	1	0	0	0	0	0	0	0
c4e52dcf424e0fb4792300590d8e742d	0	0	0	0	0	0	1	0	0	0	0	0	0	0
dabdffa6a8dded24522d2464218562ad	0	0	0	0	0	0	1	0	0	0	0	0	0	0
d8af8acb51da64eb06f52c81d1de5ea9	0	0	0	0	0	0	1	0	0	0	0	0	0	0
b72f74ce2d8516172072936eb225ad6a	0	0	0	0	0	0	1	0	0	0	0	0	0	0
415603f9e4ffa6a579df3a09d851079e	0	0	0	0	0	0	1	0	0	0	0	0	0	0
329fd281b19670053660b0343e1d4f43	0	0	0	0	0	0	1	0	0	0	0	0	0	0
e59b680a13c7f8e310bb71b3f8fc3b42	0	0	0	0	0	0	1	0	0	0	0	0	0	0
81c641ea6cce459f8205fa38dfd8f13b	0	0	0	0	0	0	1	0	0	0	0	0	0	0
9292d08a653d44cca08093f450641d2a	0	0	0	0	0	0	1	0	0	0	0	0	0	0
7c2fac18f99e50ba081802f768dd8bfe	0	0	0	0	0	0	1	0	0	0	0	0	0	0
3e3243dc9beaac139d0bf6f7914e09be	0	0	0	0	0	0	1	0	0	0	0	0	0	0
56aaf90e903ed2d20f87f31dc98e0e62	0	0	0	0	0	0	1	0	0	0	0	0	0	0
59122ea17c226ed80cd70ef5667989e2	0	0	0	0	0	0	1	0	0	0	0	0	0	0
9bb413f1ca95d060846b6933c0ab8505	0	0	0	0	0	0	1	0	0	0	0	0	0	0
008add25278456984582d40fa5397c74	0	0	0	0	0	0	1	0	0	0	0	0	0	0
9da239e495dffc99e880f4f172690ef8	0	0	0	0	0	0	1	0	0	0	0	0	0	0
1953d99bdc18c628503163e21a426bae	0	0	0	0	0	0	1	0	0	0	0	0	0	0
0d85237b481161d0b5a558a7e6c7863b	0	0	0	0	0	0	1	0	0	0	0	0	0	0
81a14f450f79447214f703b26f3c044d	0	0	0	0	0	0	1	0	0	0	0	0	0	0
b85497323784a3c2d1616f7cb2c48a84	0	0	0	0	0	0	1	0	0	0	0	0	0	0
cdc14a42efbb78aafa51bffeeea94a2c	0	0	0	0	0	0	1	0	0	0	0	0	0	0
70d4507982ce4d7a72e47e06046a69a8	0	0	0	0	0	0	1	0	0	0	0	0	0	0
03643b12ac7624010388060c4f7580a5	0	0	0	0	0	0	1	0	0	0	0	0	0	0
0b257c32e70d8ac1c7332d8fdf98605b	0	0	0	0	0	0	1	0	0	0	0	0	0	0
8b72952582897169fb244e10d11dcc11	0	0	0	0	0	0	1	0	0	0	0	0	0	0
0f75a4f5cfba044fe4a1b527e3c42382	0	0	0	0	0	0	1	0	0	0	0	0	0	0
2e60e2d571ea5a600ace8bf078c69cea	0	0	0	0	0	0	1	0	0	0	0	0	0	0
5a3a5b978e59ae7528d47db67ba444de	0	0	0	0	0	0	1	0	0	0	0	0	0	0
1dec1d9b2719007d8509a1577c30cdd5	0	0	0	0	0	0	1	0	0	0	0	0	0	0
3db924edda0721046912b8001d4311cb	0	0	0	0	0	0	1	0	0	0	0	0	0	0
fd284fe2df5f3fe1837e3b35c8421840	0	0	0	0	0	0	1	0	0	0	0	0	0	0
cf0c2dabbfe7da346122e3e3fd7ecc2c	0	0	0	0	0	0	1	0	0	0	0	0	0	0
ab24a34029d171171c9489788806ccae	0	0	0	0	0	0	1	0	0	0	0	0	0	0
5ba53c41f87e26dbd9664a3af94bb121	0	0	0	0	0	0	1	0	0	0	0	0	0	0
323f29e0c9277307e3df470a9c866fee	0	0	0	0	0	0	1	0	0	0	0	0	0	0
4a2fe308198dba84635b361264713615	0	0	0	0	0	0	1	0	0	0	0	0	0	0
c5101100a3fd8da770ba76f9be752492	0	0	0	0	0	0	1	0	0	0	0	0	0	0
62ba986a843bdc5a9932c9c48362262d	0	0	0	0	0	0	1	0	0	0	0	0	0	0
23f9be69bea47bfa8c6e1124654e613a	0	0	0	0	0	0	1	0	0	0	0	0	0	0
9cf805bd2566d83ec85a922407e2afb8	0	0	0	0	0	0	1	0	0	0	0	0	0	0
49ec94d63d3fe415892da502e786be71	0	0	0	0	0	0	1	0	0	0	0	0	0	0
879d69502578b3da8a1302d9c0afbf71	0	0	0	0	0	0	1	0	0	0	0	0	0	0
66934c240d320ed0498afdcb6198e11d	0	0	0	0	0	0	1	0	0	0	0	0	0	0
c5a519834ab245cce52db97fb38e3eb5	0	0	0	0	0	0	1	0	0	0	0	0	0	0
42260b700632ce18197906b09c5f3f5d	0	0	0	0	0	0	1	0	0	0	0	0	0	0
cba9301ef6bf762246bf93e206d076ac	0	0	0	0	0	0	1	0	0	0	0	0	0	0
bd082dffe681bdb3e0da0b9bdc9b19b5	0	0	0	0	0	0	1	0	0	0	0	0	0	0
5031b6907890b51e479f090e0399a493	0	0	0	0	0	0	1	0	0	0	0	0	0	0
9c1cb0001022dacf294ad7dc0b3e2837	0	0	0	0	0	0	1	0	0	0	0	0	0	0
4358594f11b49978308801c0c4e207b1	0	0	0	0	0	0	1	0	0	0	0	0	0	0
b170b86d5fb57591737ab5b8a6e3703d	0	0	0	0	0	0	1	0	0	0	0	0	0	0
bdcd20c35f1d9312e7840133d58b7aa2	0	0	0	0	0	0	1	0	0	0	0	0	0	0
1ab466137e5aded4c72b00140bc0d2c3	0	0	0	0	0	0	1	0	0	0	0	0	0	0
566f073a120cd0ad6c271b26fbc7bde6	0	0	0	0	0	0	1	0	0	0	0	0	0	0
d8f9fb4107be1ac4bef0f79e1373be22	0	0	0	0	0	0	1	0	0	0	0	0	0	0
a9c64d0e31c3d62ae90268597a3395af	0	0	0	0	0	0	1	0	0	0	0	0	0	0
d6489ff3ca6d666831d81e908d5b8db1	0	0	0	0	0	0	1	0	0	0	0	0	0	0
370d875b09db7242a96fd9eaa2e65d2b	0	0	0	0	0	0	1	0	0	0	0	0	0	0
c123f0450169d9f088b3ecdae6fa20ff	0	0	0	0	0	0	1	0	0	0	0	0	0	0
470ac7e836596fb8faa179fbd8cf4d64	0	0	0	0	0	0	1	0	0	0	0	0	0	0
104b7fd0d73ab3d5c392a8e473e5bb39	0	0	0	0	0	0	1	0	0	0	0	0	0	0
aaf1da2f7d8f1fc55cefc7e0c0beceb6	0	0	0	0	0	0	1	0	0	0	0	0	0	0
84cee03e2d9d1e0f6790aa3626824c7d	0	0	0	0	0	0	1	0	0	0	0	0	0	0
e8f41d535fd6b2e02f43d1b2e92cbbe2	0	0	0	0	0	0	1	0	0	0	0	0	0	0
74e0a0648f7be701d90ba366284129a6	0	0	0	0	0	0	1	0	0	0	0	0	0	0
baa9679863caafc760c9348ac96c07f1	0	0	0	0	0	0	1	0	0	0	0	0	0	0
0b8d368aa782f1191c9798d7921c9e96	0	0	0	0	0	0	1	0	0	0	0	0	0	0
42a6f2b117c3376370d6111cdcee7d98	0	0	0	0	0	0	1	0	0	0	0	0	0	0
f257faf0cbc6703dd8a40e683ac0448c	0	0	0	0	0	0	1	0	0	0	0	0	0	0
1c5e6a8ba21039925cc97821c8265f47	0	0	0	0	0	0	1	0	0	0	0	0	0	0
00b7dce2b8916f5664609e7279369bab	0	0	0	0	0	0	1	0	0	0	0	0	0	0
bb335644c072dc0164704cae3b3645a5	0	0	0	0	0	0	1	0	0	0	0	0	0	0
e2426fb96995899c2c726c5dd31aac19	0	0	0	0	0	0	1	0	0	0	0	0	0	0
03a01dbd931166de394a348edb3622bd	0	0	0	0	0	0	1	0	0	0	0	0	0	0
1efec3c03ee0d38b5720327bf2004881	0	0	0	0	0	0	1	0	0	0	0	0	0	0
1c98bce5b1846ae26bc2d9fd919526b2	0	0	0	0	0	0	1	0	0	0	0	0	0	0
1597b914a621143f631a3843c0ac1e0d	0	0	0	0	0	0	1	0	0	0	0	0	0	0
024d50ad7d32f487356667344b9f0aad	0	0	0	0	0	0	1	0	0	0	0	0	0	0
ead4a997a3eb74e1d1d0c9b6368adc62	0	0	0	0	0	0	1	0	0	0	0	0	0	0
d5933da18756273961e71e80772209ee	0	0	0	0	0	0	1	0	0	0	0	0	0	0
ecb9bad1ef388a5fab41e57b446b4ead	0	0	0	0	0	0	1	0	0	0	0	0	0	0
d833714502fc1c9d34f92813b1b94ad9	0	0	0	0	0	0	1	0	0	0	0	0	0	0
94992d188e7490f5533f5fdba1c05f5e	0	0	0	0	0	0	1	0	0	0	0	0	0	0
6815acad2c32ef9b3b87d90025407679	0	0	0	0	0	0	1	0	0	0	0	0	0	0
cf1d61029dc67fe0683acc4e737b6e9f	0	0	0	0	0	0	1	0	0	0	0	0	0	0
47c788ab6ebc37e55b087e9c73ebde80	0	0	0	0	0	0	1	0	0	0	0	0	0	0
c60406179d21190511150f5fd96d1584	0	0	0	0	0	0	1	0	0	0	0	0	0	0
e2c976f6f99f3cadcbb2b7a807de356a	0	0	0	0	0	0	1	0	0	0	0	0	0	0
b12a4f18106fee28cb8b2389678ef9b0	0	0	0	0	0	0	1	0	0	0	0	0	0	0
9e4f6b0d45ccc1c2cd6579f4bf0bd992	0	0	0	0	0	0	1	0	0	0	0	0	0	0
6fafe324e3a8b8b9a4992bf91bb637b9	0	0	0	0	0	0	1	0	0	0	0	0	0	0
dd0ec107434bdd0892e2fd71fb439c9b	0	0	0	0	0	0	1	0	0	0	0	0	0	0
639efc089f216aeecd9dff60bb39b770	0	0	0	0	0	0	1	0	0	0	0	0	0	0
6e670d062787c6ffd83b4d8c222f85ca	0	0	0	0	0	0	1	0	0	0	0	0	0	0
d37d46a41919c9bc2bf30eac2a58bdb5	0	0	0	0	0	0	1	0	0	0	0	0	0	0
6469a0eb1c6128fcf511149536e7b949	0	0	0	0	0	0	1	0	0	0	0	0	0	0
c92a799acfbbf1e576cf98dc802a1d66	0	0	0	0	0	0	1	0	0	0	0	0	0	0
c26eb052eed84e0a00bf09c361df8670	0	0	0	0	0	0	1	0	0	0	0	0	0	0
9a4ffaae02e8d8728baed9cc4595e19f	0	0	0	0	0	0	1	0	0	0	0	0	0	0
60199857b7a4f3c7325d93957081a986	0	0	0	0	0	0	1	0	0	0	0	0	0	0
9cde0bb1f05d00c359078139c161305f	0	0	0	0	0	0	1	0	0	0	0	0	0	0
070479f4b5ca7c53814a9f62385b3aed	0	0	0	0	0	0	1	0	0	0	0	0	0	0
bc5126b668e533a59f2c32acf6c03894	0	0	0	0	0	0	1	0	0	0	0	0	0	0
efc0fcc0e0cc19f2ceaa00c80845d7b0	0	0	0	0	0	0	0	1	0	0	0	0	0	0
d7369c128a1b9f35c42ad0d52d7fbc9a	0	0	0	0	0	0	0	1	0	0	0	0	0	0
f8a5bf975b7cdd806d978029858d42e1	0	0	0	0	0	0	0	1	0	0	0	0	0	0
5e2579185e6b60fad7abd83bcc608f60	0	0	0	0	0	0	0	1	0	0	0	0	0	0
4d943b8de96b573ad1a8c9a8a6288766	0	0	0	0	0	0	0	1	0	0	0	0	0	0
f9531758fef875ce547598d2893a2858	0	0	0	0	0	0	0	1	0	0	0	0	0	0
7bfcc7fdb28141e83fb35247df93d44f	0	0	0	0	0	0	0	1	0	0	0	0	0	0
b572c1dba6554e013bbdbc7ad0f81f50	0	0	0	0	0	0	0	1	0	0	0	0	0	0
737011961300d2b0351cdb276df95bbf	0	0	0	0	0	0	0	1	0	0	0	0	0	0
4c81d746b8b9c3d153a2e60055cfbe19	0	0	0	0	0	0	0	1	0	0	0	0	0	0
30fee2727dc931acbcb660c7ce91f236	0	0	0	0	0	0	0	1	0	0	0	0	0	0
7c8a755136ad4fcc2ed80493c4d443b1	0	0	0	0	0	0	0	1	0	0	0	0	0	0
70795e2731224751db7baabc8955eccb	0	0	0	0	0	0	0	1	0	0	0	0	0	0
5c4d507a06ee65d24feb3cc70aa04176	0	0	0	0	0	0	0	1	0	0	0	0	0	0
3dc855364fa61f1642758ffecfc51798	0	0	0	0	0	0	0	1	0	0	0	0	0	0
454653229940b5856c6a22a5da689d81	0	0	0	0	0	0	0	1	0	0	0	0	0	0
fcf0e36f292021706a531331f38c3a45	0	0	0	0	0	0	0	1	0	0	0	0	0	0
d16b8188761763f266e9ca92c71b4146	0	0	0	0	0	0	0	1	0	0	0	0	0	0
63eb4d771571a3d791162b2f1ffbbd41	0	0	0	0	0	0	0	1	0	0	0	0	0	0
d65b5710ced192d3a4e917323c904a6a	0	0	0	0	0	0	0	1	0	0	0	0	0	0
5286f6df340a3dd3b53acf80b574e771	0	0	0	0	0	0	0	1	0	0	0	0	0	0
06ccfff86fb96220c0b87435a34074a2	0	0	0	0	0	0	0	0	0	0	0	0	0	1
b191c712a3ec10777142abfee24191f5	0	0	0	0	0	0	0	0	0	0	0	0	0	1
e614c0dea57757c49223fb4f8d5ac459	0	0	0	0	0	0	0	0	0	0	0	0	0	1
2ea1ba5f19d54a04873abdca5a4de57e	0	0	0	0	0	0	0	0	0	0	0	0	0	1
