site	Domibacillus	Massilia	Bacillus	Microvirga	Flavisolibacter	Herpetosiphon	Noviherbaspirillum	Streptomyces	Paenibacillus	Nocardioides	Rubrobacter	Ammoniphilus	Lysinibacillus	Deinococcus	Rubellimicrobium	Geodermatophilus	Ramlibacter	Ectobacillus	Acidiferrimicrobium	Neobacillus	Planococcus	Nibribacter	Bradyrhizobium	Adhaeribacter	Metabacillus	Solirubrobacter	Ellin6055	Halomonas	Symbiobacterium	Arthrobacter	Sphingoaurantiacus	Blastococcus	Nitrolancea	Pontibacter	Tumebacillus	Roseomonas	CSP1-2	Chthoniobacter	Pseudomonas	Aeromonas	Pseudonocardia	Lysobacter	Cytophaga	Saccharopolyspora	Archangium	Actinomadura	Cellulomonas	Pirellula	Segetibacter	Halalkalibacter	Chelativorans	Oxalophagus	Steroidobacter	Devosia	Gemmatimonas	Gaiella	Phenylobacterium	Cnuella	Aquibacillus	Prauserella	Roseisolibacter	Vallicoccus	Verrucosispora	Azospirillum	Sphingomonas	Telluribacter	Mycobacterium	Acidibacter	Brucella	Pir4 lineage	MND1	Croceibacterium	Marmoricola	Daejeonella	Bryobacter	Pedomicrobium	Opitutus	Escherichia-Shigella	Sediminibacillus	DSSF69	Terribacillus	Peredibacter	Subgroup 10	Limnobacter	Nitrospira	Truepera	Kallotenue	Litchfieldia	Novosphingobium	Sporocytophaga	OM27 clade	Arenimicrobium	Kocuria	Parviterribacter	Arcticibacter	Roseicella	Nitrosomonas	Actinophytocola	Mesobacillus	Dongia	Lautropia	Saccharibacillus	Brevibacillus	Rhodocista	Pelagibacterium	Caulobacter	Baekduia	Isoptericola	Saccharomonospora	Gemmata	Pantoea	Georgenia	Kineococcus	Streptococcus	Glycomyces	Conexibacter	TM7a	Blastocatella	Cystobacter	Niallia	[Polyangium] brachysporum group	Saccharothrix	Amycolatopsis	Falsirhodobacter	Gracilibacillus	Rubritepida	Methylobacillus	Caenimonas	Aridibacter	Oceanobacillus	SH-PL14	Brevundimonas	Neorhizobium	Turicibacter	Sumerlaea	Polycyclovorans	Thermosipho	Limibaculum	Corynebacterium	YC-ZSS-LKJ147	Pajaroellobacter	Phaselicystis	Luteitalea	Myxococcus	Aeromicrobium	Azohydromonas	Herbaspirillum	Staphylococcus	Polygonibacillus	Arsenicitalea	Aureibacillus	Nesterenkonia	Paracoccus	Hydrocarboniphaga	Rufibacter	Abditibacterium	Caldilinea	Bauldia	Anaeromyxobacter	Plastorhodobacter	Tepidisphaera	Ohtaekwangia	Candidatus Alysiosphaera	Fimbriiglobus	Enterococcus	SM1A02	Rhizorhabdus	Actinoplanes	Longispora	Acinetobacter	JCM 18997	Allorhizocola	Rhodoplanes	Litorilinea	Crossiella	Ornithinibacillus	Nonomuraea	Modestobacter	Nordella	Paraconexibacter	Pelagibius	Fictibacillus	Rhodococcus	Mangrovihabitans	Peribacillus	PMMR1	Cupriavidus	Sandaracinobacter	I-8	Luedemannella	Rhodocytophaga	Niastella	Thermobaculum	Pseudalkalibacillus	Sandaracinus	Kineosporia	Plantactinospora	Tautonia	SZB85	MM2
1	1.0681427716485425	1.205283311317295	-0.6918704330107035	0.7265805557506057	0.3460678468562694	-0.36225697607338603	0.4510610930295192	-0.011208694854351609	-0.7909036740735335	0.20617786285541825	1.4499475968793314	-2.68648757289218	-0.5211925852772353	1.4416488340434992	0.9734290043216088	1.5095670643586219	-0.364028003103825	-0.9152558436072239	-0.7413725238030916	-0.7407237517005191	2.020685739277971	1.5128095495491072	-1.5823923789828889	0.9974520301738362	-0.2876635933720718	0.6526280834668111	1.3932471609830586	-2.1064699372551714	-0.6551005789368372	2.7710240617992246	0.7494110980022589	2.3896230306049064	-0.7801302597738288	-1.1942691709300959	0.05231499135083695	0.08906484245818296	-4.1352738649345	0.3276732760717644	-0.31079451919860307	-0.29708142268904303	0.2838465747915678	0.390750457805374	-1.0869028688254483	-0.22043727321884324	0.5715665265318467	0.4698965905889807	2.282351225233256	-0.07170577341764967	1.4291415302882244	-3.5757914362737804	-2.197931758038831	-1.848845928589203	0.16470212384850802	0.3940380016095557	0.1627336726702678	0.15098604567572368	-0.15363956318670616	0.8054976495849834	-1.6346224701912002	-2.117003724323503	0.6492004879139758	2.4130187427910004	-1.0268990455159084	0.6740842916901282	1.1041311049537499	0.038186660638160896	0.7818402334041	-0.9640318943020642	-2.1890587756786624	0.06504351841996854	-0.3649696123279045	0.3825514414178697	1.2506256253477355	-0.12194000511757468	0.6265203531788887	-0.5816090913804279	-1.7548397851344484	-1.4042763735364314	-1.5244176236028915	-0.9457697730038972	0.9567785097164164	-1.526033528916133	-0.5663058499794192	3.2615361889678494	0.8095339118427906	1.3486365470982145	4.127513692997564	-1.0050387936381762	1.6705609992776782	0.40524387570483694	-0.9228326740406189	2.5230507794060246	2.4286237947679443	0.6699864543731474	1.2069849209409766	0.17504341969531353	1.7709740915131622	-0.34351448830034953	-0.46221056551138	-0.3779054620142439	0.0801648651388505	1.4772138761460492	-2.24510915142937	-2.7383406831483526	-2.509375732546791	0.1552657000511579	-0.1350166032543136	1.9060915030782157	-1.1184412199082066	0.7395559067008101	1.0215095598229322	0.23150282988805704	1.4973785693728916	-1.6189477536727788	-2.1995303163898825	0.5629186468701787	0.6913744170123247	1.4317538186497538	-0.14118382095725301	0.9374645024685849	-1.6934988862844162	0.3222862493557905	-1.5232453641881742	-2.2319888998184285	-0.7248170366210663	0.9847548404025943	-0.644674516356453	0.16681350469410786	1.6015860983040973	-1.9230660530664851	-0.5746340872263819	-0.0805892239289712	-0.16415087182093027	0.7201537160211601	0.5260607530393874	-0.9167394379757728	-1.9694477423257135	-0.9885879159907064	0.4130790184956317	1.3314244800044184	0.27165312079067827	-0.16409951180655205	0.0992855985826201	-0.07978700289580637	0.2969175756859232	-2.2720823787059645	-0.03316888938149287	-0.8192783365520913	-1.454552735887969	-1.2746273759593365	-2.7746253911969023	-1.270780391052886	0.3407843342444765	1.9394138583973888	2.9845022045075833	1.2601136530553307	-1.5154132541370433	-1.2423263547463972	-0.6618034793212465	-2.4105562787601276	-0.2798975835396966	-2.498155088292449	-0.013958381165933694	0.3687423845497138	-0.6978287370687609	-1.3564324349803203	2.96829205800053	2.243189234102062	-1.5141916222624356	-0.7384238063938883	-0.41435387594728107	-0.9412990400262268	0.2249821661361191	0.2416283229220305	-0.0832085103242723	-1.3278579969792244	0.9927775699881556	2.138293084289734	-0.03797149535611307	1.2199041296619852	-0.9159955353279852	-1.2637643665176768	-0.1953451063623642	1.9538338305039318	0.9159078063363536	3.488365170108866	0.5190663366096753	0.21009089163703143	-1.483590976701694	-0.785896502198272	2.970497789770404	-0.7054972385407078	4.577889168973756	-1.8663040307213397	-0.9943368155767859	3.258273094328963	-1.0880603574493215	-0.14620746500605583	1.435777772372582	-2.8714802739695067
2	-0.04078767774770658	0.2833258864066105	-1.9150750983551654	0.6754496168542605	0.11798210678144246	-0.7794335242248529	-0.07037143236716953	-0.5634263905316723	-1.2142066159185982	-0.26476831719135674	0.25586111730109706	-1.5790763816020599	-0.4262480175793853	-0.16360532502442748	0.31244078967765027	0.9421733840265697	-0.0023958135055897225	-2.133946220233764	-1.4985797065261732	-0.576219250607715	1.902791909849279	0.9579624129612635	-2.881028375430245	0.7119370608950019	-0.9573137479953202	-0.09524983463281884	0.6303971158629212	-1.5622399372064018	-3.2761339785141224	1.878634284798248	0.07261403486226985	1.6155376771749748	-0.621961495669122	-0.9495719778817998	0.47143708769621145	0.6272855091509424	-3.2697650932321856	0.9982992485928229	-0.3163823483756098	-0.5684971498453473	0.6109071805342569	-0.8606379011361034	-2.018397986022818	-2.832397213383563	0.23188297142998826	-1.5513588638812155	1.7291228659988565	0.5661789305377704	0.8858295119757315	-1.7670421796058025	-0.7535248679017343	-3.4149431999706463	-0.7590390441022717	0.6476774632689959	0.5145930427822603	-0.5028344150824797	-0.24117259143794972	0.27969466558415096	-0.9381339071435797	-2.3890617332370443	-0.26454600983171095	0.2857719160021247	-1.8392212395044778	0.7705360333628793	1.32285291464736	0.8632111824588795	1.0556134902730436	-2.7387161572833842	-2.0909563189092983	0.5123776265303095	-0.3672994480242557	1.184099685799364	0.7595347745092682	-0.5623161594522937	1.5282391517479033	-1.2356340440257003	-1.1696933391324147	-0.3701323859179587	-0.6553393037398436	-0.7781002216859721	-0.13299703551628297	-1.5295263552720149	1.5521420479048578	2.396362042181982	0.03674260952549179	1.4107939594674155	1.7097051147690956	-0.6859978143555795	1.2869047551653023	-0.7664313420687119	-1.162713449721296	3.194276400513549	2.8305198684658994	0.15084933395050312	1.471903335638102	0.33562175768948804	-0.4840202088437937	-0.3180832319305055	0.3358754073524536	-2.782884368824633	-0.28824193755519056	0.9777515188384277	-0.22936480198235773	-1.4626203703634935	-0.6750381083631675	0.8770976356378574	-0.3884251219347489	0.6701575946879951	-1.211543048749315	0.8857789935091245	1.62163786171986	1.124820384153782	1.265640444310703	-1.3699095574406246	-2.7245448727892994	-0.36520003737612206	1.7501180988600566	1.4085908318299007	-1.7256594780029126	2.9350321826296164	-0.8807131171224251	0.6483632005396314	-0.9536503645653606	0.8540440465057445	-0.6046889613107616	0.31392897564541755	-1.0152849080005717	-0.21125899962978847	0.48655790683087174	2.359815206995384	0.14230610034407015	0.4105597114032308	1.4712715298423664	0.3620212189354559	0.04417222352655001	-2.4143255305277886	-3.085873381150317	0.7796621881818039	0.9889518252023005	3.031706016758976	-0.19538749023627988	-0.6167388001423132	0.4747848875743789	1.1307440723526492	1.0785000941419178	1.4418716647977	1.359885941361773	-1.4294726860545615	-0.2976314604206871	-0.364851392175276	-2.073884970387035	-0.9056001735185263	3.084562584343625	0.019177525316631767	2.1774824771496686	2.333905874112455	-0.9488361243497673	-1.3886360921493761	-1.144555716296049	-1.8747399350357103	2.40829035867817	-1.529297337294416	1.229957071042693	-0.19412855555932237	-0.0071137023291684915	-1.6850287041991079	2.708583652628559	1.2535171598556214	0.5697733310682278	-0.5187226162819919	-1.767119257614433	-1.8848268722075667	0.4618964831867609	0.9751222770271359	0.1152486068922615	-0.3902594577400457	1.8099461889820445	2.06292729746575	-1.316136990493907	0.15186926187403924	-1.3166064714432166	-2.1499731020734165	1.5345445438868741	2.2908865352110266	2.2983875687423736	2.057048553640523	0.7892369971337463	-0.019595873263179762	-0.5471199622496147	-1.5726752810091287	2.7122774703897665	-1.3429329813435158	1.1259467960368317	-0.5334751530227513	-1.2259277294844053	1.674922958641901	-0.3152425502601632	1.7196076674276286	2.907015455614786	-1.4295602537823842
3	0.10272385474353006	-0.22896832282952745	-1.0520343482762455	0.5205600779229786	0.014917082790774104	-0.09528696839803684	0.28376253123658923	0.25306385106876933	-0.6669302978160729	-0.05767379281972125	0.24489303372035479	-1.651779627254407	-0.29220717909327676	0.2024131696588068	0.662965304473022	0.8767375497048657	0.16723656114451782	-0.860831372325752	-0.17832958782807076	0.08491125408396867	0.3350197203740578	-0.5994020282356959	-0.9323647985268289	0.6104638490544236	-1.3164195663867413	0.42533589788380033	1.074111836047588	-0.6629319481015913	0.060853997220970873	1.2699792511845627	0.05058507443032243	1.6792946798987736	-1.7955710797187157	-1.713155411567091	-0.8237985176577591	-0.44912108134612355	-4.158241903086207	-0.29195590056870296	-0.6345530074242295	-0.6091422344803733	0.6182180920009926	0.1685517223753385	-0.6024478957568682	-1.7707600208975591	0.3744263028176034	-1.2829374107250104	1.6654640946357835	0.9431792327716351	-0.00974916685822912	-1.4074719958460256	-0.20533303502385214	-2.322124582993276	1.0543713606276388	-0.16314305389576064	0.9889495219909071	0.8419652601475125	0.09035400055350352	-0.23850927930351207	-1.6849377557066383	-2.4897649139053004	0.6919687267287351	1.553536068411599	1.3444116317623072	-0.16605730373776992	0.966641733100091	-0.8222724468491802	-0.3281850756616102	-1.2630512474707432	0.8776357491502701	0.05300648634231881	0.9482718600417368	0.11725447737782001	0.9195928569506843	0.28836618735682923	0.8778122185891152	-0.0672960546043893	0.4342785198975726	-0.6446459802877851	-1.4851326424704923	-0.09173383667425766	-0.545317582900265	-0.7258388484357741	1.5694056996456005	2.929960322234065	1.8898160634217982	0.6730604996499373	4.224884050226883	1.177086019120136	0.4716139388086139	-0.032595818768489854	0.2157964662174967	1.6226870628903038	0.7363406057739131	0.05808591125848455	-1.0745319838393141	-0.38157108347992624	4.028221784816875	-0.599518071008617	-0.9507685437740754	-0.12347681949086325	-0.16890507334294338	-0.800202611958311	-1.4967745559230836	-1.5537780520748845	-0.5912315873103573	1.6984712288510897	0.4546951220754492	0.6013421651859664	-1.9694097697413329	0.8621014100834167	-1.0770383251447788	-0.8797485507764194	0.8803501883928259	-2.2521151652929436	-0.18317358377081455	0.6717940733988873	0.09508683151897301	1.7371520823718078	-0.04508069910456707	0.1858007672192178	-1.2806889861868767	-0.1675620793522579	-0.4425999785098433	-0.707779294342161	-1.8935281276948979	0.3525083070276566	0.2731394030084437	1.0297738163491335	2.3917642827662258	-1.2633832530960014	-1.2135256208597942	-0.620224879457177	-0.6534671008861257	0.034167440079159235	1.2637323009283283	2.3075343027078237	-0.40944147699371974	0.36296433071236356	0.1843433379781766	1.6526122826250302	-0.3068989941042559	0.05727321696124235	1.950022882171713	-0.19204937332553387	-0.33313380162482625	-1.041256545545217	0.7802561801313845	0.7292637102520202	-1.7676831908232031	-0.3083044219594784	-0.7141018510841556	-1.9352568088603996	0.8409301801534894	-0.8460037663922994	0.3161039841209126	0.9850668355389643	-0.15497529906636734	-1.1209059876603573	0.619264389593179	-2.1556491720932085	-0.30491691094503587	-0.6983685148733537	-0.5709224771560515	0.06879174809189349	0.16514147195836568	0.6986619809796054	1.2582514167064163	1.1808128501086126	-0.7511120196166402	-0.6397591098798299	-1.5412047816639178	-0.08071802201532746	0.43942897552927074	0.2830572681485776	1.1285904054180678	-1.3454614119867445	1.3098239450605516	1.4610837696732255	0.540416985274052	-0.5121890827825754	-0.7351485066726567	0.47438500919358567	-0.4986230407701527	0.4754970277566411	0.7678182273198334	2.358809438031786	-1.3480875758591233	-0.7866540097409466	0.1947115983777186	-0.9110829532021739	2.4915731663935636	-0.621361347396746	-0.15095971348570514	-0.16718749721621562	0.07182163514582872	0.8113447750756507	0.17359355750595706	0.37953939171486	-0.15190593638474575	-1.474300479890436
4	-0.7252376263583606	-0.25197451615177335	-0.903298721383165	0.4740984735813993	-0.1579038972619897	-1.3231195750352487	-0.10813114072099388	0.13711805240447753	-0.4177693277039046	0.18089447278790224	0.027363148677034772	-0.5569397918343851	0.012015144753335491	0.2922763682482826	-0.09339091085678694	0.4035370662221912	-0.25917412288488645	-0.4175056026404929	-0.4805402307032747	0.1442390633839359	0.4301316544656539	0.43346550742791795	-2.0017934292791195	0.5746811629744526	-0.6088961730635704	0.12217799146445264	0.6633001684810261	-2.11114721297484	-0.7499722240410182	1.5199571520634916	0.5787742200587661	0.9973467783367594	-0.9212758333539747	-0.9160294284893116	1.1317616456516593	0.3898977124376458	-2.3945790586149647	0.6300997913894494	-1.6310559867860668	-0.742888163709121	0.7548251593044439	-0.08197607263074481	-1.3836062443417583	-0.5112383677954742	0.1280855585186188	-0.4762792417712463	1.131681436937357	-0.07097340550658507	0.41561589697414775	-3.617467357532115	-0.20175734782630345	-1.0623975680669675	0.4495759400491673	0.35862067938513265	0.15910976153634263	-0.19298916041373104	0.059155873073536376	0.19107536280031864	-1.8123998778584833	-1.0829187715417834	0.3182323395585846	0.3176680564201809	0.4011249507493491	0.20729605904032994	1.2333093424405488	-0.12355992825392834	1.246345770916468	-0.7172212443577852	-0.547848490158472	-0.24614733079508655	-0.1545445057718199	0.1784591188355468	1.076451259595514	0.16891433603549336	1.0331480314601817	0.05019115683418634	-0.9612623966020221	-0.801334490394785	-1.7521419812908436	-0.24978454938711073	1.2608436419000202	-0.7853390570986798	0.47246397898964526	1.9744431201422412	0.4042143745094262	0.5189145053467198	2.405947465613636	-0.9404295817797532	0.4809754108228902	0.07005839549224614	-0.534401348077585	2.4731856653490243	0.966955190122042	0.11097736722779931	-0.36790026539502957	0.5483654614153072	0.27214212312320435	1.049447294435549	0.4252948932611091	0.6696060758188489	-0.6933897240560645	-0.37182900669351376	0.9282783348050893	-1.829282366293246	-1.0663392497933235	1.97153761011625	0.1935376659919596	1.1788937121838536	0.32266937256562683	0.8365957605747009	-0.05751777377223443	-0.6655077608677079	0.46401865429183264	-2.3254019933759875	-1.5166795591947027	-0.15356326007720403	0.4210596707785768	1.9562130723354063	-0.12576156299790903	1.2118340729241495	-0.20077113671501698	1.3959817135954296	-0.7030529654245351	-1.4891416924617913	-1.994838126501114	0.5593512910400519	-0.32446806249205296	0.26187414233212586	1.3747623349714206	-0.30979619259541946	1.1544465931005665	-0.3925703577471803	0.5300286333100419	-1.212737399556577	0.026365767091190786	-0.932788285372094	-2.401385067857072	-0.9211490200092797	-1.5132219128124584	1.3785381689904805	0.07089596964315002	-0.4556206827416288	0.4972108335429963	0.9249722105780676	1.4138273361288702	-0.6545977085084964	-0.38398349622398625	-1.240715376650537	-1.833512820677924	0.6610686081726629	-0.7886486201565474	-1.5356457355549402	0.5605439981385593	-0.21921276861619288	1.6489229687219662	1.2369455198575057	-0.05465402386729875	0.06212101258037269	-0.3120152344219032	-3.0135047418740406	0.6101916382238003	-1.1306506498027267	-0.30023949666896826	-0.24574373102948358	0.7239413539892866	-0.31699718275642674	1.8177463472281314	2.2964129365219272	-0.09387216998122547	-0.7512642750370573	-2.303504317889483	0.5521992541117519	0.05297825279314694	0.45566130053340453	0.16972753992426232	-1.2948671009505992	2.737056213983564	0.7779737107727275	-0.11100667678288552	0.6115506183672288	-1.1377228781742996	0.122652051347076	0.945329686693438	1.6513316496721573	0.9846078033864833	1.6753404851565918	1.5047400604515377	1.1792973987208621	-1.01048038337123	-0.0749227441859657	2.0493500923195604	0.17886385713968903	1.3474413285212545	-0.8099019328141074	0.05662072808929153	0.5072243450738855	-1.5505959654195658	0.5413375538680202	1.0141136555524024	-1.6584267703300049
5	-0.8455520333244864	0.009915252110316485	-1.2439977577597001	1.1391608273156213	0.2726222091580085	-0.41384581633790474	-0.0051831185400234275	-0.25132521605255764	-0.8351184604553469	0.21337190443941664	2.0877050797930012	-1.1659316117249625	-1.349498671665628	0.7258410908134754	0.7255499478188094	1.6235070335921338	0.017708307038960792	-0.9454011882101868	0.5009686791277571	-0.8311654111727609	-0.08229512143835448	-0.934307116712011	0.07417117944136101	0.5072682870801558	-0.8911426637009067	1.2813932404720387	1.8447339144621895	-1.2183136931242398	-2.639638447574625	1.3024336423991252	0.6618674828285124	2.2640881344449975	-2.2584471939642357	-2.6001006567930207	0.24350733662849275	0.11789291612312763	-2.822313625603721	0.7032350435090817	-1.0890688585102117	-0.001374060324059324	1.1813818706020276	-0.05940326004002271	-1.2964686547912443	-1.216101051248881	-0.37320305194530967	0.042561306176491516	1.4568050702423012	0.37449526392568155	1.7934970497973903	-2.6196968555476636	-0.7027830342561737	-1.4380670479327704	0.16358566459783644	-0.3210906972996854	0.6081005191212726	1.4456148416511212	-0.30499581326051356	0.053170301878809924	-0.14117132257117398	-1.4536456365251988	1.1182817313761038	2.342195732824542	0.06015799410013751	-0.33077970309288063	1.7786439899367676	-1.0651682921972494	-0.02732574210088156	-1.0004434631115786	-1.2092997826929959	-1.1562940469944512	-0.5842085311495377	-0.28788155384073166	1.8708122474606184	-1.2876073554325087	1.7772780990902486	-1.4528764735970583	-1.4394337795478784	0.23476975978556794	-0.6249126745777054	-2.544988926172079	-0.03747247406143135	-0.9456384137898581	-0.8963540170158896	3.155950149364005	0.6664832656816263	1.8257098925778381	4.163043489552624	-0.9130139573769548	0.10327383384916705	1.339703941783751	-0.6205452156368445	5.19709512163747	1.1396138668382274	1.2219985052358295	0.3180367125006259	0.39313315162754553	0.7498497177135063	-0.18014562370343612	-0.716123906443983	-1.275890030590251	0.8403472188075517	0.06121879565283363	-1.4220538387605615	-1.4330012721532144	-1.244429139180533	0.6485309721200205	1.594609895662845	-0.5495352700834134	-1.1174570215643966	0.5070404751577894	-0.4028025374463478	-0.11805931818875491	0.09243123408030988	0.35714639724307556	-1.502258453367303	0.8127595351396188	-0.9221560975173044	3.3185749150895707	-1.4677239353147717	-0.5469995411920061	-1.9372326884878628	1.07199603920966	0.12101942355846057	-1.4077440023897092	-0.3274110275453459	0.2847175490981283	-1.757161505667001	-0.0750297071125185	2.190314868332832	-1.5213724721521724	-0.05510122188697531	-2.2942285524465342	-1.0196608545251231	-0.19902756918128903	1.0003131726771826	-0.8423620044191172	-1.7519532563918905	-1.2543988001680348	0.819497129931509	2.7400171696161246	-0.4777052248900875	-0.9103597031878459	0.8754380953515261	1.5205582204651418	-1.7712749214994343	-0.8895758934941578	-0.23458941553691645	-0.8509547862058651	-0.8292688749804799	-0.6694523695087855	-0.8322777158589443	-0.8107191396260683	-0.24822455636807023	-0.17662772423505807	1.0384534183174172	2.9202779205858342	-1.8681784236853645	-1.018526617623494	-0.07547794314877863	-1.46560364503787	-0.921646629170389	-1.29438423735355	1.4166742057884865	8.385158294240605e-06	-0.4211532169231165	-1.5469285505603234	0.7950799764585726	1.8579292824903437	-0.5440055586753245	0.19984820839478112	-1.4295839143759845	-0.4463993748578601	1.4709302215841622	0.21250766433864546	0.841717680808823	-1.4159340591237386	0.6230842821193833	1.902407631544413	-0.6941735293783023	1.2168422676635136	-0.23220684221515173	-1.045546887806553	-1.2369324947472125	3.832234045538946	0.8324987240976688	4.045566501739959	-0.31228223620801204	-1.1566292773209124	-0.5661444919997002	-1.2279106973855392	3.205341785100658	-0.2349328696636901	4.572026837221105	-1.2590165855949316	-1.1750124467508478	1.7567211215478074	-0.27370080706398814	0.1263558675135872	2.9504418505462118	-0.886110724540224
6	0.0837950454532893	-0.5105402710935201	-0.47669747466770845	0.8414039375737427	0.22522082629068985	-0.055687882945647464	0.005172943011923466	0.019368275038770092	-0.496246553326758	0.004378169651885629	-0.3293059572285998	-1.6189885416218541	-0.17198861956342468	-0.6223329346457496	0.4951093965037827	0.9739000601285418	-0.04756691467810382	-1.1760308795154237	-0.4376824137237681	-0.8702217280677689	-1.021333636269104	-1.147025173895528	-1.1777793471551588	0.4158862505400175	-0.5255866238732475	0.25401410407990654	1.1402682481265256	-1.2030091680773147	-1.0755629268631755	0.8028669593738169	-0.03184503818205885	1.4218264301357202	-2.21268144828261	-0.7369491592588417	-0.16505688692356593	0.37518860887754063	-4.678128982330989	0.7812446128979739	-1.6948065913810686	-0.5693958161589374	0.1638283235622296	-0.7617802691077435	-1.3734520458882724	-1.4660088116991636	1.1026573256742693	-1.4270633162215705	1.2091884175923018	0.9196222485203058	0.3055807231779642	-1.2113554811392875	-0.2143993971486273	-2.0344489075627674	0.5879568833790305	0.1292765632828217	0.5503733777869204	-0.1758945762842724	0.040728413875703244	-0.168192796213854	-0.9275873246272416	-2.4132172863876447	0.7526849539137748	1.4661512860653332	0.25911079681435506	0.5685137413929712	0.6545082492061219	-1.8749086904224974	0.7882516247869802	0.008967228519097415	-0.6644784344960541	0.6510316649865294	0.40617395476013846	0.7686276727483172	1.0105268172162034	-1.3309539913871633	1.5463845137016778	0.2918309546995204	0.11053938577664049	-1.3452577307745588	-1.4698780765572856	-0.45774844803612924	1.2319121337556	-0.4957311195523755	2.1903573050867635	2.5641582137697694	0.7279242638977318	-1.1136344775100688	3.404330844676612	-0.05120898611364586	-0.10522910521634629	0.0966773136375856	0.432085927162456	1.8158938406477245	0.9296315355299237	0.5609506665013531	-0.2973123733611436	1.1437136357626037	1.023693327014283	-0.6141359628861193	0.8866050701852285	-0.442049771438251	0.373236963444521	-1.7878180084962922	-0.012401163032887519	-0.11940534315809105	-0.44959676247363956	0.07875530815937096	0.6580542425394089	0.8522862880553729	-0.9828756383193268	0.9317156480769864	-1.3037974782301989	0.8472832928852286	0.8204218496627426	-0.1668489225697819	-1.2744630371411445	0.20876398327001935	-0.6523971113213826	2.0085435632932582	0.9054758978277845	1.338932299593953	-1.0932970964506177	0.5697521088986369	-0.4418050695201289	-1.7407473490187981	-0.30893655566218825	0.7198162795461946	-0.9051025488842893	-0.675535538571327	2.2952236299769098	-0.6267972231532579	0.6459942402582901	-0.667227671302817	-0.6347141991392565	1.0548206604426205	0.6382959334540099	-0.37322015732341557	-2.0235798722813993	-0.30421651655892495	-0.4045221392223411	2.0197246507843514	0.5199989433004211	0.6892999025580714	1.376323237186424	0.9460831790701338	0.8595283660082755	-1.4606106464116901	0.37604257954257503	-1.9715630644496176	-1.1922538117712527	0.025129006003683264	-2.7698850692482364	-0.06910972132793075	1.0655605727152238	-2.0596604114935393	0.18887297502988562	1.866173311262289	-0.4517870044381875	-0.013106446245039708	0.47026806770856333	-1.9497551385116874	0.10601933322830573	-0.8634035030355299	-0.34613848014028403	0.2983210838882464	-0.561729270766451	0.47836924494837313	0.4354053626538067	1.5273763590349638	-0.513070112944829	-0.23184004484864204	-0.6003694861027583	-1.9886881393805933	1.1163455105049953	1.821830344628792	-1.1141976099482105	0.4097772613516403	0.9404670930612259	1.5899462555480397	-1.1422971270354725	1.3846195605221405	-0.7241403144203317	-1.0450844649163815	2.058480583215625	2.778676427475541	0.4882352686843928	2.706808968256504	-0.12987825533304712	-0.9410024045330905	0.4282518585936947	-0.0997866917344757	2.4293637594019755	-0.840715234707792	0.3124798281832954	-0.5269386946709795	-0.40308804455167824	1.2604915489526458	-1.2179690680555453	0.6854567351124273	1.1919970759977399	-1.273437497933721
7	-0.13447730658490384	0.050384793435809636	-0.5255670206279178	-0.10676095672709805	0.2831146179155868	1.2016139908585861	0.15179214957452475	1.6665878192373773	-0.20898721741544912	0.44499701585695106	0.6999187897313767	-0.46315427272782517	-0.4211715870245206	0.02618830679671186	0.10989921599372127	1.050775874633273	0.5601116384105035	-0.47964999137110376	0.24596826185417286	-0.42260177311010294	-1.3539956118561611	-1.116469625260536	0.6017128004262677	0.35866760669439685	-1.111621980409984	1.013179789804417	0.924623003123232	-1.2767571159412179	0.36908279583002773	0.3202186539626822	-0.24552924558943598	0.7156383484781698	0.7413264624986114	-1.542029154418541	-1.2569675755903456	-0.28391310349378895	0.9940453717820019	0.32093185314471656	-2.128269347766129	-0.5888589059546563	0.9802884897497379	-0.654441965073419	-0.06426512633583284	1.2543411447959645	1.101137899980176	1.0307301776105453	1.1780847814238202	0.9903225844423583	-0.1614977737943209	-2.0382524640376753	0.31999100049080087	0.10724602310031964	1.0920027597195634	-0.24518498869560412	0.785720948020043	0.9807669816021467	0.22038797670581947	-0.1895546209518534	-1.178251170105729	-0.8538801503899077	0.6014902454726099	0.14193434337844427	0.2730781142511662	-0.21101207388010387	0.02340799546381074	-1.1374140860950088	1.1255547119986473	0.8682176039990952	-0.623633718561109	0.5488182547022512	1.2106854011517483	0.24547902303274197	1.2381489654700295	0.32509046435445477	-0.22107575992241338	1.4480744281861122	0.4779771588689442	-0.27226290941716075	-1.0804978025943455	-0.8741530906973155	1.2252952795526417	0.06035400289886706	0.5286940904072511	0.8030292090829436	0.908472028174131	-0.19827175715497886	1.6998889634873298	0.20651279426956975	-0.5390452479171066	0.06325052793960467	0.32410568113739946	-0.08081949992477809	0.6465014052461479	0.9650546741453253	-0.332624683012148	-0.24378288407380538	0.8529307805368354	0.8667735113220811	0.20573660683948733	1.5353912084566887	-0.26424999375735625	-2.0847619406163957	-0.50375477440815	-1.6857239486837465	-1.1184660733671261	-0.3884823501765598	0.9018048341476713	-0.7561487768236753	-0.9073012862456975	0.6695431908911176	-1.4327354784213957	-0.025557134370078432	-1.6120856506614492	0.08263447789545794	-0.5595460030640341	0.8021492968638548	-1.3231182858763844	0.5684328120593692	1.4524002895573274	0.8587277416373642	-0.5326200343005991	1.0784760341860504	-0.05587465252271951	-1.965964884364267	-0.826425802256865	0.16815087877460755	-0.14187516678436557	-0.9306001306890523	0.9745051601402654	0.08682081843670446	0.04454821784864857	-0.5730636311052112	0.5960388636522043	0.08352813986713872	0.5318229265218252	-1.04453829033715	0.6418591578751229	-1.8136596644149945	-1.4752574439328907	0.008408192267221004	0.5084084929157492	0.5748037478122022	0.16917236580291165	-0.3705112967192115	1.7218655780164767	-1.6589229688259617	0.7387917176977079	-1.3587674007564223	-1.4311466719130146	-0.03842890310411506	-1.3022952952945173	-0.2622103279571431	-0.36891001674717094	-1.6614648545496271	-0.9697024392628628	-0.5192733540825405	0.3236796283572793	-0.16799910383055885	-0.002580242548298908	-1.791235794883155	-2.0831491102204853	-1.2990203822686122	-0.01968532372506853	-1.2691271347949813	-1.0084916247921156	0.7605798511161193	-0.9040525114777453	0.7657469668473068	0.47437615230333247	-1.3284114697716234	0.7470170955903502	-1.2098284071475933	0.5602214404993	1.1553266165749054	-0.11746741880148347	-0.7323344100500097	1.4784912507939496	0.08081822788643477	0.4144812216005774	1.4360885211015952	0.681115791145231	1.373231016968029	0.0739881310463972	2.1504470108294806	0.8204924028818125	0.2658176544832297	-0.45171883477446656	-0.6746036906444904	0.26338786467059	1.362907320746518	1.4258386170814181	0.2777362084767627	-0.32602249270239003	-1.2044267591795532	0.1385278705739666	-0.10005389434396461	-0.6430932880862201	1.5127669560301227	-0.9852918584292778	-0.9689819106132755
8	-0.2722232560341149	-0.26175275715380486	-0.3401826115860297	-0.15037598655756834	0.43787152278656055	1.242964752719133	0.3550952341578999	0.9200782608417385	0.07692460983648489	0.28806287067285186	0.8465832529500332	-0.2364315176576641	-0.8033417359911065	1.0564783883448592	0.33001724390022286	0.9797613324861086	0.4344179815293565	0.3236503839849733	0.9009515994998919	0.11612009513933473	-1.3454832876013343	-1.3732691511866943	0.05659873294558482	0.6593405979732001	-0.9578395562186558	1.4206888041544434	1.3047572486101673	-0.754071610273341	1.1716530053551057	-1.3959627157833983	0.3832961347641728	1.2374382582860126	1.0974206567868925	-0.9741384813329614	-1.5827074101434206	-0.39079087228048875	1.5133830829111887	0.04484235896521822	-2.846076541225811	-0.7272465812766158	0.7032355052143395	0.8395728978210547	0.5921258834533346	1.273162210086055	0.3486165631488518	0.8075162905331722	0.6388266161168388	0.5851829257014209	-0.030148229359320045	-1.9285956746847175	0.04757780450202414	1.6348191670016303	1.300731122469814	-0.6764078526122567	0.897998243211087	1.3816471527806178	0.727138058799662	-0.12363219347252041	-1.0659256895415241	0.46900978625897444	1.3926186807676082	1.2395129576792245	0.5518973201229047	-1.4887395087425652	0.9492162248308996	-1.1289034802950395	0.9060658960057173	1.2803845366131426	0.26768329862670026	0.2882130885211799	1.3009256989777465	0.25619290746037593	0.7966619936699515	-0.26106882935982917	0.054091251729923635	1.584171215672502	0.9685888536876698	-1.087082803476684	-0.8234605257846028	-1.0906014647984237	0.32698473622795043	0.5143510756980436	0.3314066797065908	1.3713172875057775	0.8427996814810569	-0.5492281614679249	0.5547081505630441	-1.8707029921212688	-0.7426340012258292	0.5572483020234575	0.8034211929334437	-0.4098993291645127	0.06901583070160539	0.894709618392726	-0.4251268575225427	-0.3159264311819673	0.3320293811686318	0.9737685533803865	0.3631395642334268	1.71730036659449	1.1517001741271833	-2.7909599224192094	0.06425013398285132	-2.1669144915221255	-1.1171752932989913	-1.6722674986748194	0.6839277972833451	-2.4029418736634036	-1.9613077981921507	-0.41918143573659755	-2.624241824674087	-0.6393079274097878	-0.3905551767127849	0.5308341458630248	1.2815173823739114	1.062163579714644	-2.9428897764931126	1.1882623439588182	-0.22079291008370827	-0.5200565150878451	0.08673380560121716	0.4108185185915424	-0.4880976987344958	-3.349617109487053	-1.52852376608778	0.8819684146727766	-0.9226444027234042	1.291673390418939	1.3593987707322286	0.8686698354980832	-0.5827230476681149	-1.0411027480899002	-3.1028447960523136	1.3323084903705888	0.7170138988809257	-0.46034514646085517	0.124622882483306	-1.23557891903692	-0.2979952799709877	-0.7068379267996008	-0.05021603265007067	0.1098098831521834	0.41035961983999153	-0.12274476970905043	0.6056942517676004	-0.3266130155173185	0.3327144298049012	0.02621662939165107	-1.5176094112454206	0.3305135767678482	-1.1837651610241644	-0.6464683452947126	-1.4204757924051359	-1.4250363915485866	-0.45529493975090624	-1.3663643263983922	1.9423856883676658	1.0339642998813512	0.8921954840509277	-2.4550278442543596	-2.0302681857512694	-1.0697397999473297	-0.9071037576051728	0.8157429381650858	-1.4200276962054244	-0.38253402761359057	-0.22505869298985337	1.5146451040162328	1.4083027390059182	0.2399538607905511	1.6167625955739426	-0.9275831538769137	-0.28796447374817685	1.4255955148928097	-1.1965209131136896	-0.6590743975404936	0.12056196571213428	1.232808234213418	1.9899259704205146	1.565355454974032	0.19622024579422975	2.01528711452992	-0.9294720642514083	1.8086018883063455	-0.5453570012669732	0.7925459650020449	-1.3980523176145518	-2.046077861851216	-0.057885002064420016	0.5844308145941954	0.6966807354293783	-0.2616183497850255	0.3942272074315891	-0.8435872524131697	0.5548626921170856	0.7463872913854799	-0.30910097943608544	0.516818007287738	0.13917537780390418	-1.5470667876330397
9	1.0110136044021742	1.3169859452522452	0.2948122762567804	0.0003530799933506135	0.897835705734033	0.4778088840998943	0.7312402435038192	0.6574812298087422	0.5193585563011568	0.021838843755910053	0.48103500794821785	0.10814259865563418	0.6823176035779636	1.4908306330955614	0.6990683960921323	0.8871912219695931	0.6752242744787257	1.4369060233018829	-0.27664985637967787	0.4681351475051951	-2.143758025000208	0.19701834600187013	1.349573514917064	0.7797689535977397	-0.216743768022581	0.6633257706237776	1.0445562571373057	-1.1918590929920403	0.7872196543913443	-0.5273017206005732	0.8220654297670501	0.3641088363078286	0.40847878419063466	-0.6039839820093439	1.4461276349991126	-0.8724709849330953	0.8153338855714841	-0.40027294418268455	-0.003481303644318512	0.4538011476653721	-0.24343820219172638	1.1790990103736307	0.29870756412583804	0.04299162498502347	0.16349307665710888	0.00733415013826384	0.7233721614234505	0.6656165636685684	0.6616056993306458	-1.661587903341155	0.5963107107270568	1.6407909053728633	0.798152591626857	-1.5061020506189329	0.5188953936708737	0.5299778398422755	0.21312569907091183	0.8062169020431842	-1.5359167492526604	-1.2286097406853422	0.9216897259564665	0.4890412788763638	-0.3820434226935541	-0.7922967346703983	0.1098336010972735	-0.08173459397819607	0.5012295132968797	0.38990704379527247	-0.6530160542739321	-0.282082161512175	0.21299420121562954	-0.4792000187876623	0.5990811818697683	0.10603112167839808	-0.6490296840140719	-0.5793263571587962	0.2301314480543323	-1.6241824953399813	-1.7923485181726762	0.9921437649233769	0.7323841822575747	0.17488856786930523	1.2302811672310354	1.8229084990202775	0.3897389342670473	-1.8608064645322557	1.4023858916220144	-1.9458145490688394	-0.0471663926799182	1.3816690237711393	-0.4274416695593846	0.06959765123123848	-0.23554454662236876	0.2658174763766736	-0.5627976037336682	-0.19342772031258312	-0.12728573379946218	1.2459445144572912	-0.801587207953563	0.4336522541045931	0.758697093046133	0.7378515362136937	0.24975618567708127	-3.1073846198806856	-2.3873861118349	0.722886104162227	-0.15753915015265635	-1.3818229815387102	-1.812781804697402	-0.3158641087900604	-0.5395275132468301	-2.8156183099174585	-1.537540679248171	0.8028738568203094	2.154314709830843	0.5091351316533993	-1.001363959636019	0.5221041838874575	-0.5715138564927993	0.5955234711442287	0.8241318569013336	1.475119186458589	0.0711218326311748	-3.006073956592224	-2.2926661142961207	1.6155413439644843	0.1346196649399547	1.5971804727582575	1.743665207769472	-1.0852693928397998	-0.4868441545862677	-0.10194271895344369	-1.1759149621101117	2.337625406654132	-0.5042367057658483	0.3746345162088299	-0.054447694569342384	-0.4112619274555902	0.17323495155267832	-1.1618800617997056	-0.6872688649082553	-0.36558131326515164	0.14806544898243287	-1.237068371497699	0.6803681996408961	0.29383341548194486	0.11455591792218464	0.3080060022031558	-1.5170754990140716	-0.2658640034650828	1.210015087471098	0.030026048217416345	-0.823553459708657	-0.891720684392723	0.9462806397056707	-0.21822712370814915	1.2130618508529512	0.5383116669913427	-0.04010098109522585	-2.589240214327623	-1.6669051044229994	-0.8110235768676837	-1.275992886826342	-0.35794579670992943	-1.3923512965797826	-0.6518523334881446	-0.8156939832275729	1.0744554501974704	0.07270382263857385	0.42067099211693576	0.9273646252237444	-0.40062866444680995	-1.448045856667665	0.5817702801534125	-1.0875526713230226	-0.0006016525497350323	-0.4899353380856473	-0.10517377923079749	1.049131065681204	1.6715603912863597	-0.4706666528237166	1.2233290217887176	0.10860126518073007	0.1482736271132497	1.170030812349698	0.1068680103433575	-1.226233749519057	-2.115016574841465	-0.8238142567246944	0.6081957489100439	-0.11094008693708543	-0.1927009031448616	-0.5860556372974883	-1.7849108585143565	-0.17535742417479955	0.5034425741848635	2.7188288942457945	-0.4740486402276919	-0.14280555238341544	-0.7236231685702667
10	1.0347789187682546	1.0127648247618335	0.2886644560912378	-0.026438345109434467	0.4961393835302669	0.5192476154049415	0.4637657415309228	0.4674946907729831	0.27420959092544533	-0.15813220532614886	0.6633550926276656	-0.1334641638395628	0.6134786656097706	1.3309525645782352	0.5312938570792176	0.7885816204353202	0.3628733177600149	1.395904047032853	-0.062285608639291314	0.8209207373152471	-0.26357026337658557	0.6267495101934529	0.35096414656000924	0.6701129897254726	-0.027178856007804866	0.15259674218709407	0.5153951782155235	-1.1429520389816936	0.817076875303108	0.49951789057276824	0.3467204374320846	1.0099222707034199	0.6619496137069437	-0.9959679339814419	0.36438571869774666	-0.25967303705264033	-0.22090217254344768	-0.18808236879414644	-1.559817005227593	-0.9319005213511108	-0.5803201863176269	0.7210854339176606	0.6089009088460856	0.8843826424252472	0.5287372159533873	0.5763438020766158	1.7096653064084166	0.16905382531720556	0.12897293369554852	-1.3612642877539542	0.3112059106527924	1.5403897154669919	0.9805870058226187	-0.7136804189157391	0.09476572969557867	0.6934597857146497	-0.228392308715518	0.6076496296779413	-1.7136417169866964	-0.7544621716524481	0.8481240527288881	0.825020030726145	1.019427744798799	-1.0199793510108803	-0.025266428562197338	0.5656473647822344	0.4943986695066922	0.0917409714932227	-1.1588845686383185	-0.5958841759777251	0.3181601422006804	-0.28668103830494157	0.1957798516025768	-0.022934150884688774	-0.653087466421363	0.020933301275755697	-0.019082572526037914	-1.3813811762077033	-1.3047790734138245	0.9999165127658585	1.2568841801404376	-0.6761282499071732	-0.2433619717772464	2.827021377048226	0.5765924055338196	-1.251154686324656	1.8105011485070859	0.21474944904220933	-0.10659849407611764	1.3762224503545	-0.08528403561466878	1.2255993395940712	-0.8611769432138935	0.22465740146817054	0.21684784913687416	-0.12528896325702235	0.32254824028130036	0.5041793931673958	-0.286994878827965	0.30249835251047036	0.47250390719469626	0.05662595523821068	0.896508683370245	-2.2527773190229627	-1.2396609398115799	-0.17094797692401864	-0.06519644574457871	0.09181831090767258	-0.7149325068901877	-0.0004404160407117966	-0.6333947720779673	0.200469180061877	0.6879187601493422	1.344153047464931	-0.061009862312300836	0.16051783018778	-2.931029665574644	0.37582000378379965	1.035048927890166	0.08785136609445122	0.5586260509497042	-0.9363664369771655	-2.1750109685844405	-2.6607619565163323	-0.7079200769847709	1.3029513947914997	0.5025184934650254	1.0881893333693717	1.5159638473666392	-0.9103294688785318	-0.9865925425573724	-1.6328398121453434	-0.23416014523992132	0.5681513577758689	0.4534664348592561	-0.9912437639489329	-0.03978691209100547	-1.7318646884012325	0.13202523674921632	-0.8462776461707135	0.3312867397224785	-0.1378670819079675	0.6729684010238043	-0.9524875037054673	0.7884401310471536	-0.8010699740287929	0.5819294247846508	-0.1369893207343455	-1.9575025979343694	0.09776303265775081	2.019198345729684	0.06587707648971376	-0.919147591257957	-0.8497088016171159	0.652557739359497	-0.895178779511535	1.0358382044961172	-0.6283135047730982	0.4533934803039234	-2.1858042355830096	-1.3169903451007121	-0.09956694775602762	-0.5326703558670055	0.08370784940453745	-1.5523110050387208	-0.03692081852548204	-1.6374137612242101	0.9676827182471389	1.1270043023519294	-0.39259278485233745	0.01869824442981082	0.327411946330628	-1.284299218381817	-0.29158487042085307	-0.4766604626798433	-0.6470706539912361	0.8628715705662938	0.6625985511030105	0.5194294404419768	1.1482017180827648	-0.5011474877918694	-1.0630351945526764	1.1175367681809396	0.2087031756693569	-0.2298595292716251	0.8824429438566231	-0.20818685248364902	-0.7261413350301305	-2.1879870793060503	1.972738485306308	1.7962850624541395	-1.8909756776769546	-1.6463499315702956	-1.6988226581361345	-0.9020088843846582	-0.5724495279234929	0.7737648321610897	0.2833774374176344	-0.08082864271797155	-1.0667407409952991
11	-0.14293884029102474	-0.25841993536583985	-0.2767457072097829	0.19246364520693446	0.6600140869838369	0.20569464734187445	0.24230733579403832	0.24169773973472677	0.0650955298380919	0.12673867981615136	0.8490089699454128	-0.6517254796363684	0.03861359172854362	0.848267806829357	0.5085648092364737	1.1121621175844034	0.44553881005007523	0.490755779849692	0.2978630312419744	0.4160021608981639	-1.2703280135555621	-1.7888755574540802	0.44868186512512026	0.1448815136022044	-0.7935249331265225	1.1622399506294618	0.9384471948000467	-0.15151292351999626	0.7723540898316786	-0.3557102684604285	0.43573789149697034	1.4862223502032146	-0.9509436167180322	-2.504627358933113	0.609565602047024	-0.1229101070456717	0.18244194952666404	-0.5775770392619104	-1.4183319269787853	-0.3729479235668349	0.4712264505637401	0.07757825108758726	-1.4847176700257922	-1.4960493974107514	1.1243854294975937	0.10514172677742946	1.585689904412835	0.8080695282237901	0.4696595501488223	-2.862923968976719	0.7298564864329307	0.3984228821805622	1.3183831793030252	-0.9351756498319438	0.7684832807004335	0.9697914140792432	0.23297545985706647	0.8292673029674242	-2.2920789103470605	-2.627903340743523	1.2666261142510111	0.8437243087673404	2.043274643777883	-0.8906747486002563	0.6161163563440104	-1.402927521157146	2.1929194158906196	0.651903024601824	0.04480338190898614	-0.24827699430164493	0.4912255556299337	0.18809044743051004	1.245175454379948	-1.8043824417033492	1.1897520051283923	0.2782637616153627	-0.04874165789113106	-1.9036344934020224	-1.8321109894552698	-0.4212712517642416	-0.04941129684402259	-0.050648404061473896	0.3055261701395838	2.846766844610288	0.7275912030965436	-0.8936038618624927	1.9077078402180359	-1.6450935883881754	-0.39737460080179093	0.27005948874448865	-0.01486832927904221	2.4095220414932994	-0.04527584104921362	1.2263801843833522	-0.7155418137973332	0.3252214330929272	-0.13240338164841203	0.17345700762971852	-0.35345361233590494	0.7850371830985251	0.2063387620853787	-1.1623808882201436	0.28859655310857346	-1.395353264916845	-0.9123610482393302	0.5956674034494195	1.1510561948485507	-0.20580127047948682	0.5365759044893965	0.40360980826830906	-1.4096610085344954	0.2677653793296611	-0.6387569752783624	-0.4324891464482575	-0.26624035747874997	0.8942799596008726	-0.7259726344384818	1.2749995498183015	0.6431496648651069	0.9672783085712645	1.1484129624191561	0.5217471732981708	-0.5342742879669418	-2.8945763619228573	-0.03176787726409547	1.3492840530189385	-0.9001736484128551	0.9936871503042443	0.3608230126068086	0.02251862837040026	-0.2733923469205474	-0.9867617225039481	-0.3878416534415923	0.84990509414582	0.7913897011899578	-1.0178619793711592	-1.0694861359780006	-1.4953760708113386	-0.21060920194203328	0.4267873567109553	0.5523931463501413	0.5833834681241493	0.5688153542959812	-0.05252852777868008	1.739489250997682	-1.786593110731291	0.26506415437687625	-1.2276369126100464	-1.991116264576874	-0.17923850997034904	1.4998368713105605	-1.0924388188065104	-0.4014678500504691	-1.7153989242679184	-0.5728078678335133	0.953063096859618	1.0630076438618734	-0.25322952379736513	-0.28055845449057565	-3.075254681444696	-0.5754240255326102	0.10100148656360348	-1.0770024330141947	-2.2782858327328825	-1.230948574980422	-0.27149124991288104	-0.3082023354806551	0.5185861234107533	-0.3178011494225933	-0.6978523055317553	-0.40374809510877885	1.19188497204537	-0.6578202631098574	1.797692300769082	-1.4018564519060883	-0.541265370021628	0.8761948711240254	0.14421202823913834	0.6711140830452934	1.3627649585074382	-0.14886044344679314	-1.6265867657800437	1.8837946632941083	0.6861804861334782	0.9576205502534668	1.5167422812725997	-0.3520407702913641	-0.9470028861049608	-1.307077372431569	1.2343275966944	2.0305946958186314	1.4024210773386505	-0.12291144189091201	-1.712446394629114	-0.3575998727376826	0.8373747200686665	0.8786257721860133	-0.0015582417343235806	0.4773472399203247	-2.2239883756368077
12	0.04058828887370458	0.18973625176955286	-0.3536044205229875	0.40182719065830325	0.5480410474156447	0.283742460167496	0.24641148399558796	0.9376745240303112	-0.03270058931046153	-0.07114052854343378	0.7368532219607887	-0.48620436102608267	-0.5094623276545435	0.7374509000368006	0.3601652182724462	0.8566144015239813	0.33999397493152655	0.41309015820153605	0.769433936469195	-0.11179772912979387	-2.393934490305105	-1.074867582580803	-0.40115550016920426	0.4024819112741138	-0.7535530070342741	0.8383228086583504	0.9730125564155546	-2.767684750183401	0.3184417532018136	-0.03521927479761642	0.4581294551256206	1.1802835719147304	-0.782451445924849	-1.8924379918993575	0.7497490046175024	0.08461167682543376	-0.2600641110830879	0.6446845037069827	-1.7703845657149302	-0.837252755080792	0.045568265892493576	0.42309858776789944	0.14579837891778005	-1.499101189599802	1.4490925178882808	-0.5202048695109543	1.4388741385624202	1.1948971889493103	0.5634149093663635	-3.8129294608549618	1.3706947712119366	0.6762368375261413	1.4259136029967487	-0.2172834766522532	0.6987872845881345	1.2676352339474344	0.13185855199091281	0.41034119333705704	-2.355748104134999	-2.338236450036238	0.9967983882934037	1.0207514409360483	1.011664270207653	-0.388950166600784	0.8678853705615008	-0.3834092667646205	0.9805178777109567	0.7245783263728997	-0.13007457042127105	0.41776718378004335	1.039832918658935	0.1757660895498553	0.977223529984293	-0.10796617493604266	1.37112373140821	0.25609611883798555	0.7205040331396725	-1.6710246820658432	-1.949665780320296	-1.0911601900666976	0.6345115712430648	-0.4702367891785057	1.792795283085901	2.8067206565759157	1.2373015504011649	-2.087686828633852	1.843565566128122	-2.3067220122298653	-1.2118297114867147	0.6993569007945631	0.42238271942446753	4.441157882502536	-1.9807727258839927	0.7721520695850984	-0.5215027952079835	1.123653310827219	0.4080962313067003	1.4425810751820205	-0.6979123549764618	1.1519988999299515	0.8139589986492397	-0.43329154581750523	-0.17494563995668622	-2.7819037290853768	-2.094006850539405	0.20740937526394274	1.2545424262088851	-0.6204664371481831	0.9417753146635127	1.614439534381381	-1.4825685928877634	-1.2962385826062706	-0.9467581782642439	-1.5985170780071707	-0.9725752159653229	0.6106800589852895	-0.48433537262032583	2.8572788966290976	1.5442109037660696	0.10157288325414739	1.001580578086929	0.9832296999009144	-0.1456557285750828	-3.0447305634183093	-2.5859183365463996	1.3027350783990068	-1.4798439533751617	1.4546748879434699	2.2285605367817403	-0.29592321909798697	0.021203065408370136	-1.4905634147935425	-1.2195699772706001	-1.282319284143756	-0.03228715738905157	0.5077121464324478	-1.568797684004175	-1.539161306320132	-1.9014565248939002	2.25460830370503	0.3119625536746651	1.1254334577748362	1.6329278761411656	-1.14093956608644	0.48109546892478533	-0.9314923815260822	0.7452376415192928	-1.3684860464010942	-1.9465118763539577	-0.02641205734476838	0.6831390007835304	-1.9159036466821677	-1.9187328945064552	0.3179720264007823	-0.7088191163355281	1.0612082188477945	1.6485313455321176	-0.9867241882941878	-0.2760551819006011	-2.5630279762358072	-0.8803442172029191	0.038301195807083875	0.23351162891210256	0.5882830324880484	-1.1657606111962078	-0.1539885535076547	-0.15934300187073783	1.783936583699586	0.097517649637388	-1.4367569942512732	-0.7836504719114984	0.7702385501442386	0.3627538042309795	1.6747665731258496	-2.0245326526817826	-1.5277753462403003	1.1290782103888273	-0.6589171745143353	1.4864506657291898	1.929347801348835	-2.1343802135366716	-1.1503671283455608	-0.5830554833223359	1.3074564283617358	0.04120799530406707	0.9056522001521525	0.12350847347581263	-0.4837156439530466	0.38313206583703874	2.619184929495013	2.3725702561457402	0.6448848265787231	-0.9490254750658954	-2.426892485859003	0.6403064125387894	-1.068146262458016	0.9062651725367091	0.9471350713429926	1.4911079881837344	-2.1566885021076323
13	-0.09642278095574888	0.4990396300795119	-0.9041186377205431	0.2758294053123005	0.5208870060839129	0.5957483259616551	0.576341656884641	0.6502354374615387	-0.3056701631463378	-5.7253344673791064e-05	0.3962254942617601	-1.1501698229014208	-0.7033771947799277	1.4004558696408425	0.7951097837115182	1.184772448986169	0.22109124203928018	-0.3013274700222529	0.23706893238469343	-0.33685575108129684	-0.1096870877197682	-1.4495719448670812	-1.5600388451196268	0.21348732946987337	-0.4581272445829441	0.6922979225283086	1.286565484687344	-1.3741181812757328	0.10547448199742941	-0.18097915486928634	0.3890426732955697	1.486813093824347	-0.3771420731773495	-0.7474539156288162	-1.8658954934393102	-0.061463209476594824	0.38170166990149584	0.1991558815061017	-1.3109348499476188	-0.8160713785281126	0.8389915313856628	0.935160860624675	1.112041516622866	0.5190446702271798	0.7868115931093909	0.24710319005668596	1.3440057386410307	0.6221652871125055	0.44502100542178685	-0.7179329817241457	1.1006347200102087	0.05723229473372367	0.5088850368666419	-0.505673304220958	0.9056552270436875	0.22152232306490602	0.48549920100735944	0.6236256371387627	-1.2431087214029062	0.5726871265849581	1.5569246300669122	0.6702148189191345	0.18165290308813126	0.22025354720824905	0.912039217643921	-1.2754335958874177	0.9023371912770279	0.8236468628229214	0.49379410613223573	0.19955558721802144	-0.3853387171418519	-0.01934553522443925	0.6621355098707038	-0.5359430633513604	0.6520395628856014	-0.7512433039331216	0.35527619056494225	-1.0890005227829977	-1.1954043817526618	0.03853164837634404	2.126715187376214	-0.07897145991279271	-0.5817440631120877	2.9954501757794247	-1.2324778551839086	-0.3892779035207662	2.679360260764389	-1.5269236077959338	-0.40427727173523753	1.3380119624000895	0.1604022633827516	3.3843225600021114	0.05974753279271501	0.5712830014389884	0.7112420521510818	0.13389978894342272	-0.25638153999578384	0.6668645227693062	-0.6785967033983047	-0.6418819048039457	1.2593031207028211	-2.5930952938703618	-1.494104682048053	-0.7549351004405553	0.7981925050580647	1.0483860784366361	0.1366008550453147	-0.30584521874125414	2.4543382109902185	0.27189164694493645	-1.053945742684376	1.180418904898597	-0.6412394916175242	-0.3408581060149096	-0.09061072318628045	0.4335415366458394	-0.4476385528195654	2.638952969237695	0.3704213554853601	0.2832785485983684	0.13553287879614712	-1.060041233121026	-1.1443464753220138	-3.659574442751361	-1.3507385108622745	0.9678354670939175	-1.95950805826855	1.1023176001763098	2.9226179978869107	0.010314471920653046	-0.7491102261948328	-0.5641315840456042	0.23912525932785514	0.8236945602387431	0.6848415814120615	-1.5468997813004008	-1.0734789445705126	-1.2103760080111274	-0.4318929686837807	1.6881509986540446	-0.3004685233673902	0.7134814827888292	0.8779030889831834	-0.8230018855327252	1.0673901356932043	-1.82995484162205	0.3976372433828733	-1.0446175126697592	-1.884306990649932	-0.1198093960442765	-1.5984472212460141	-0.7927195978067181	-1.2300487805559726	-0.02419698920244682	-0.15760714288312405	-0.30304016452841565	1.3466386286688758	-0.8990187618987384	0.3957599535381739	-2.8589784396377285	-2.112565105835142	-1.622186952215984	0.1870002003910765	-0.7641858246154755	-0.8734144149838429	-1.1267596972216671	0.276847539082747	1.5114951969055324	-0.6437567457478863	-1.5725866458833857	0.1864901558676762	-0.7358969132866626	0.24032014335573013	-0.19331974880582706	-1.6292711724047173	-0.8947779026645026	-0.9123853703756465	-0.8603087076008912	-1.1164317123137386	1.9892821582682085	0.14988733744392851	0.18383121295399163	0.1405000991073997	2.2786250382042676	0.2948688690972885	1.5612663289959177	-0.41832402297371873	-1.210722778863293	-0.15351903958510765	1.3429029288755232	2.338138688963373	-0.5950943526105841	-0.22292751653298618	-1.098743145548061	-0.20658658329490348	0.7232437685219609	-1.685579623574982	1.3374151726005208	1.4078854482871261	-1.7213289224691166
14	0.09653538645907649	-0.19050342779486207	-0.49957836028893504	-0.8489492136675336	-0.9953091376848556	1.33501973818652	-0.38008862305886315	2.0940823184560156	0.20735160490268567	0.5320771172371237	1.251871765481643	-0.5785288875753042	0.6325235451285872	-0.9203113378928749	-0.7191807059929184	-0.009833579920944599	-0.5432776797925084	0.07208350033672473	-0.8997857686433802	0.020578889379700576	0.4584640379604929	0.3977017326599157	-1.9482072506556347	-0.45408000404110577	0.136560391133811	0.12377947741334623	-0.6038557473147385	1.1839624670326316	-0.320438138572189	-0.5945223350024671	0.32736495809052585	-0.3004787245305	1.823154119024833	-0.9897463084069867	-0.424541664633689	-0.638390793895053	0.17738527232801227	-0.675214048277808	0.8180546058300796	0.0031129755257838974	1.4068564996486719	-0.011382954122889402	-0.7202735603500497	3.537616326581628	-0.09256453942627797	2.536333510978546	-0.22760258533069885	-0.4048905877050468	-1.1912868155319116	-1.4737646140826328	1.4917692684826636	0.3683118924352307	0.5394779062063908	0.2589995683374322	-0.5610091718509463	-0.31137170850839807	0.38650346756797765	-1.5968158959044103	-1.7948709124024436	4.538391757771516	-0.5881575492374249	-0.35593576999226517	-1.0440701445525777	-0.8254606683008091	-1.4870282915162247	-0.5088612744649134	0.42287306707682776	-0.2384459923284341	0.5690956294558669	-0.5914491652087452	-0.30970648753489266	0.2436892204496485	-0.5956700853345374	1.3103928979509476	-1.3476234734451145	-0.7359054106708646	-0.7728186407136609	-0.5901245032357233	-0.9528088719185988	2.5102136389231875	2.1686541587894776	-0.14178984405969539	-1.102831374436828	-0.12069980711126826	-0.5170473749010178	-0.9055347112708979	-0.2590174472615615	-1.354435677724256	3.032800504522726	-1.7604046624547844	-0.4265188143161552	-1.5180167318772897	-0.5935687313709618	-0.36022311497773235	0.4378837637646889	-0.30296455725201415	-0.028112168230543338	2.3315128561628664	-1.165206852036686	0.31028824011489625	-0.4568125189550771	-0.08808571149409972	0.19372365990119764	0.7268279088988158	3.7795880789359617	0.40953309337269617	-0.6350068642437733	-0.780247726415244	1.472167990264569	-0.7128340371734302	1.2903109238792252	2.97606080805703	-1.7616985539467205	1.5472859414325841	1.7933081073645056	0.09581090756732165	1.2415922781717486	-0.7415931358778155	0.7591552973043064	0.23688914611555933	0.1368108513911614	-0.11631456655328028	-0.9274918908681361	2.596311408645404	1.018589517709894	-1.0648655763727386	0.982147175735002	-0.8035550826276627	-1.7472676895222656	2.0527866893266347	-1.1056844699859731	1.6124659198887947	1.27804022710314	-0.6078352251588408	-0.00022340783867264014	0.9329114429437609	0.136576268588411	-0.13371281018540657	-1.7287804314712973	-1.58214792182468	-0.39715490121356706	-0.5318800665764948	-1.5851707223621274	0.6617502599230356	1.3384996185296225	0.25084648220217454	-1.6021026036826553	0.5603256605232474	-0.8282529252917831	-1.3906828785559326	-2.166813827608502	4.040660701939093	1.6119236017357874	4.42119509238379	0.46133890031676256	-0.2464279257439245	0.4952024897461136	-1.5145006693586132	-0.2667409346434011	2.7243654079735866	0.0839448186415042	0.5442103818016726	0.3742017488274998	1.3649994309041495	-1.1066102435345242	-0.5426534188747177	0.7403500185333761	-1.4645466736487631	-0.7000367255980064	0.2824158993387723	1.5888950337080814	-1.2865860746679312	-2.678564116630571	-1.8482081783232964	0.8500362264477622	0.5217787049568229	-0.1042326952967343	-0.7255801804450251	-0.9087799527284558	-0.563306474012951	-1.3539772356786202	-1.2818053403617895	1.9844924213688708	-0.641152030093432	-1.0319924841339148	-1.118436730812925	0.07209310592211841	1.3831356691445287	0.04410423443751388	-0.9500136272327283	-0.2706719315472181	-1.051204400483969	-0.4855596200574815	-1.3910212186814295	-0.05259836263157922	-1.1818342557850994	0.3082588412256316	-1.8818588360380204	-2.131711588631188	1.6266742811599244
15	-0.7883887929637887	-0.452757102232604	-0.9111766552211783	-0.44864867097109923	-0.5056979726679368	-0.5874142253864616	-0.4416085020853866	0.7508703859041105	-0.6419547239515505	0.20120133589958547	-0.21286681836784427	-0.5616614429731297	-0.045695063580523776	-1.0464665813793739	-1.1310676629305882	-0.47589175858714466	-0.3118266478659931	0.20915593860458725	-0.285837016594975	-0.3808605031316869	-0.7865394239943178	-0.06866027341142707	-2.0645740874246123	-0.014288414699930252	-0.3324487714130681	0.3501527637598456	0.14203523873648813	0.2719497765033738	-0.3562797417330971	-0.44911083742407615	-0.1680182241662278	0.23315006006780248	-0.47207649664862367	0.008809450594146654	0.39559044502544977	-0.13778993902389744	-1.1468690538013833	0.2884773531440756	-0.7687177177708765	-0.4983981856926783	1.20173330999593	-0.2631193903535944	-0.6700857359168316	1.4620606900809447	-0.8542361361921259	0.3731542460837196	0.325971136223244	0.3500868070021676	-0.7128399707925248	-0.28511311110202037	0.9469517731214303	-0.30513125752288023	0.660827651792661	0.2393324381721118	0.029981402244528804	0.17093121333791206	-0.01657972790718104	-1.008015152426472	0.16408086596084817	2.121278928870328	-0.7799737655755236	-0.6152473912813483	-0.6970321104762293	-0.2958835596552924	-0.5924574492031858	-0.19983208350859574	1.2315469913986177	-0.30383759838482916	-0.22670404341990555	0.3883460307615943	-0.20958558993643972	0.6944374053949276	0.017689831859920003	0.975204570127214	-0.14125741786619006	0.6700246010910226	0.19728327858209446	-1.086514374218687	-0.1999565069248658	1.7571363014206691	2.1558703905410774	-0.005803910168026495	-0.6301296645942113	0.2429360203592461	-0.6401070133308092	-0.586062656259218	0.9978593784251196	-0.4221535541538706	1.5954548371573016	-0.5526446609598042	-0.12028669696438517	0.45427755785950746	-1.9192105075368657	0.19285980180951404	-0.3282059358557364	0.022501776125215634	-0.44068328337596663	1.3403482382251166	0.3132267097755908	0.14013741588503006	-0.8969782120995048	-1.468240260174773	0.5685952292456361	0.23316279677280707	1.743768633781433	1.7365689165609295	-0.020428600749145192	1.0959378448594632	0.8541137548879584	0.2836225301329421	0.16298566958903515	2.50933277219677	-1.4150534373068833	-1.3123271833557784	-0.9833452645733143	-0.10843753969887711	0.9399844287019784	0.41146214404414105	-1.666880680705365	-0.13561094199892262	0.3496281258225425	0.08748596348685884	-0.22258058767563058	0.28087430012311876	0.5906955354395856	-0.3927170738946551	0.7159445955933902	-0.24318653553873407	-0.018673563867900683	1.683602976208129	-0.581257744611849	0.774353718733137	1.4446126953272238	-0.7736098152876772	0.3580713031805583	-0.3120712253989559	-0.5668791077205254	0.7284477015089146	-1.9073334234616757	0.08410734609761295	-0.27469734557026204	-0.3876717957000695	0.321704201291332	-0.08028490839156555	2.0727844186026516	-0.556558015317852	-0.7875878331393776	-1.828298574549315	-1.185271798659442	0.05986371925330203	-2.6367337783319993	2.6068410456794666	-0.19805622196460912	1.5564080489520347	-0.20187095883790981	0.37480818515356984	0.6568683402117726	-0.22225611162856604	-0.06796500453594968	0.10350079839814923	0.1474860375362544	-0.8921247485348581	-0.35891947244305933	0.21260260641217119	-1.0272460402619512	0.46497019936216827	2.3371566034690465	-0.26725948088876256	0.6078634464256135	-1.3392785179116427	0.6744982533198911	-0.44454783564274597	-0.07357373781844566	0.42543364271792766	-0.9647236586141482	0.7722544128564368	0.4958941496957028	-0.2546529186783995	0.5648046017168634	0.8330834770977047	0.5204287623702999	1.1896636203084892	3.307640009586032	0.10173725404761963	-0.41361086347425086	-0.04169525354140937	0.5060956045482955	1.1703289155914514	0.7667966808241063	-1.3696350825165207	0.523011906297005	-0.10264657133028592	-1.1616060256158267	-0.8269454231039234	-0.2258906209339734	-1.9363655288876072	-1.167087918406301	-0.041281867455190614	0.08915164584997241	0.5782727569719872
16	-0.5772286851608336	-0.18353038445848233	-0.5573790476373878	-0.19561114004912475	0.007235592109431995	0.27032167742658764	-0.23565890711904106	1.072028014790969	-0.3004303659855802	0.25215732844942845	-0.19438428077691183	-0.897962124193476	0.45741794734976154	0.3323059218513565	-0.4502171210088675	0.1174221322513073	-0.35199735580028085	0.09737778535113768	-0.42304006944430333	-0.36728131004058867	0.31955620320158873	-0.01518433057278612	-1.303397428680636	-0.15324246675457195	-0.35412012323736636	0.4395130693115328	0.38234350668369516	0.17370535569818354	-0.31937685795454823	0.04261595983696779	0.14277592767819625	0.25561383875450483	-0.19925725388973659	-0.3540343078317901	-0.28890248134468766	0.0667708972612463	-0.5451392893614967	0.517871882248342	0.15449780378320319	-1.1746235048415201	0.5071361468068097	-0.08184854077059163	0.22794972011065684	1.1773064318267905	-0.76677665209001	0.651680777249832	0.7031321294532109	0.3081498910261511	-0.40171702221128	0.28821360871558227	-0.11518757041688316	-0.2007482285619421	0.3577177600910148	0.4073020579380559	0.5263715864445694	-0.003214858368383986	0.4093427341835019	-0.10937586296608696	-1.6891703454649765	1.8329308510553162	0.6820313667565959	-0.47034687545410936	-0.2647779851809003	-0.36278215637224237	-0.022065521248733705	-0.25356234176292486	1.5776174485468133	0.018900908310865994	-0.9185060546551544	-0.35172875322750663	-0.5432546935337866	0.5529039527977208	0.35755029625106166	1.0264027640827822	0.1650528617025905	0.34864125523318656	0.13741309584593273	-0.5002750496578615	-1.9132980439811675	1.3518610800764377	2.0483941915482955	-0.14606087062848963	-1.142033748219037	0.06959075079621917	-0.6967420827013702	-1.3387943756379288	0.9060303915376277	-0.03603559184585681	-0.5525268850881216	0.8667657169829396	-0.10936833247207035	-1.4435805567216118	-0.7512031209753472	0.2891812918594987	0.20053762828417007	0.36020277880049173	-0.658182435132075	-0.2049041360840386	1.757831664078471	0.26599209855181627	-0.24510764319084535	-0.27031743418589743	0.2636381558116406	0.023802354324116592	0.9441441620902546	2.445054482083711	-0.0662251647802601	1.3401756020287763	1.0929070969987216	0.15410708088261008	0.9833666708034595	1.405164395112643	-0.36863500928119985	-0.05686026941392849	0.06202233810228597	1.14260025596244	0.30900310032465517	0.29135918307749403	-0.11438046731646985	0.991942552827714	-1.1453607702439637	0.6566670934391642	-1.8950414837089677	-1.4609182554750912	0.07313721447716477	0.004227537645527006	0.6677320601368221	0.018242792727926487	0.4454300242671197	0.1657786012411668	-0.0655660661108568	-0.3378602445477396	-0.24299260361378275	-0.21184009877864884	0.7800804163299583	0.09055485757970501	-1.5325261393012577	-2.5589543726769914	-1.039918595925949	-0.7090372264368505	-0.035525360940689886	0.15193838250192082	0.9748595306785274	0.8443835363592752	2.114377529880335	-1.262833012715455	-0.35198935287560545	-1.1537145729075784	-1.5788183145268004	0.9776998695294908	-1.9670758942646536	2.712484638042994	-0.25020864198687964	-0.15320342600677994	-0.12387892270021743	-0.03332071831600245	0.25996128308377214	0.1620227264110564	0.4153953890823021	-2.134687467010965	-1.4761219634643483	-0.04746628887869516	-1.4125827161073585	-0.02401753670251644	-0.3174991411198283	0.171532627081465	2.008352220871491	0.3238860376135374	-0.7063454211578577	-0.6376582598376374	1.3177246811730814	-0.9960569099568831	-0.596329369718207	-0.20226074865915153	0.25456842663533436	1.7736499424170944	1.2502356890675226	-0.30755331304311184	-0.696958014166925	1.1740988128781868	-0.11289304719954722	-0.6212479162511464	2.5585499408201455	0.008477709265342748	0.4983411444859829	-0.3090459751102736	0.5677305537255614	1.6211343883326437	0.034955309356122545	0.1191881185802816	-0.1072692719297939	-0.7993703223281488	-0.9987326619198327	-2.276260147546337	0.08688786047513324	-0.36097673544009945	-0.46543673121275564	0.3046567210746371	-1.3664600256237842	-0.8244896044916521
17	-0.39974864262705107	0.14968584165245008	-0.852569561287186	0.1734939046011437	0.3410531521107543	0.5368309447940645	0.3035275100134307	1.333872112016289	-0.033964940127096235	0.31960087417197264	-0.31475239340928	-0.9746261219513492	-0.08814464224477435	-0.2700281696101748	-0.08455913618573256	0.11775662885063241	0.24281667054406986	0.29036434535800165	0.06711503502378308	-0.776124510248052	0.23285615675888513	0.6897718934342714	-0.9833153634214977	0.37186760936153734	-0.7293468962017529	0.17494944450911223	-0.005948662084576884	-1.8789116484194592	0.026505579763580093	-0.29964068591661414	0.4242768559664174	-0.060302696291876116	-0.5350687906194637	-0.17682590649484708	-0.12265784687638984	1.2315013888713062	0.5189242412754207	0.9973515001992059	0.2807526022178204	-1.2603167403427802	0.3504490708382853	-0.4153833891907906	0.0059991145795727455	0.6426675687410527	0.7263678500282637	-0.3745308419897761	0.7768488628937099	0.7203012165914231	0.2869722353974779	-1.8299792186667951	-0.15035470266394838	0.03970382320827044	0.7597133918023061	0.5462558225599309	0.447517713896384	0.43126475373757245	0.36614399394302505	0.37980182240452665	-1.165410772347788	0.9245427941240727	0.3167310247317832	-0.7034877526442783	-0.8930073934200702	0.7378787280313678	0.3099784348194753	0.612042794551635	-0.1419435167153376	0.18417041101291318	0.12222763959138451	-0.39598911420735683	0.3668017820710613	-0.2520458766430859	0.34643145448685214	1.329967865585605	0.9186735651876154	0.06313959500424157	1.09715238335343	-1.1614419503433995	-1.4143132762587174	-0.3103999769338008	-1.9553802282123733	0.1681705553796014	-0.023714022595151943	-0.1530768398730978	-0.12961232200023592	-2.6292981947239062	-0.37466987272936836	-1.2358173807035486	0.02265676378953603	0.31463807163774554	0.25400499438382645	-2.482386758255897	0.41274181814503685	0.2353622879457766	1.1359003485720145	1.0308990771288205	0.2529676250232829	1.820227914819452	-1.290801785171495	0.9764114172869532	-0.46498026898302675	0.9658529545345064	-1.2764831932703524	-0.0574297387215801	-0.4479268972811164	-0.9713607745783619	0.7427756334693694	0.1952850613412033	-1.8200624573274633	1.372400901594496	1.5983829644280574	-3.6073942590623465	1.5089392910782777	-0.5521288290246431	0.5310109778922282	0.03637275026341705	0.2889698501776669	0.27293041286924413	-1.6550761840493988	-0.1380538848950905	1.071082700431271	0.8725287220314741	2.45438195393424	1.9928570545674928	-2.1461483840494546	0.2902691936422474	0.7567477592839086	1.114142348444146	0.5693002472492839	-1.0889128283071374	0.2456591610913512	1.3369260939292607	1.7788443432440184	-1.3118791976696285	-0.3423655318165298	2.20237085597328	0.04733030081777834	-1.5728885669637194	-1.0495182884520367	-2.0148024004521954	1.0849650603656684	0.7597421126313169	1.3753981245765476	1.3916124466777873	0.034497247363509766	1.026546341038107	-0.15013634459724906	-1.469224751953427	-1.7411630037198216	1.4570701329817295	0.18169380929170023	-1.574157586192326	-0.06749187864092464	-2.2390653368182223	-0.239810501259557	0.9770099290949534	0.7171302186133283	0.3253678901324921	0.44490013672476186	-1.1086746983245668	1.7057078821133702	1.3211204799836793	0.3369907248267715	1.2704904373036756	-1.8049353133553567	1.0410080564298998	-0.40225337449942294	0.4161329220211046	-1.5366296899233243	-0.8437976737069399	1.0062567185472477	0.17369485933656678	0.9529752842002065	-1.7470213991282861	-1.836238907391387	-1.8813505384681186	0.4704413252404752	1.109956991419546	1.253330666571867	0.8606494177581809	-1.0045867628543454	-0.8572952100070412	-2.146530814347433	-0.15277916541772996	-1.4669051713222054	0.19645852161464905	1.1618925368544517	0.9597501588378656	0.9323632803139243	0.08203699019571148	-0.1547150815617501	1.91983767732115	-0.5028951504326694	-2.3539330155612386	0.6721437904149108	-2.080721730969833	1.6402614300824403	-0.5695781099303452	-2.4515562752982802	1.467361699288793
18	0.8409098278964819	1.2104829017035006	-0.22024222429459553	0.7012444433485303	1.3738937368416864	0.5248191693318764	1.054258862378966	1.3836134061562686	0.13428044719854682	0.7786497373379808	0.5697058788138347	-0.2999937509097145	0.482860158925671	1.267913246646491	1.198819910065986	0.9475759168913637	0.7785972764882926	0.44576835786030716	-0.08875179448924006	-0.05317824457017641	1.2983255269938854	-0.14464758065290734	-0.042488389160144815	0.11043256972792222	-0.6377167653999041	0.2945396895557209	0.6825287159314766	-1.4980173176649831	0.7258368823388753	0.537332967389232	0.737357716230233	0.7285010251715347	0.5989971087261818	-0.31793755738410034	0.5897209824897901	0.4593120719851319	1.437959856256769	-0.5111776141464147	0.3907343589771429	-0.16456989362753638	-1.0304693681607684	1.2894117093527622	0.8021132410317448	0.681195945909901	0.5460597869520079	-0.3657661782279108	0.9466466085215769	0.16527770571476588	0.8960088101221609	-1.705676165857367	-0.4009830392708027	0.9541834294076603	-0.0009507586758844333	-1.2222467434268096	0.6094803092881577	0.7024730899035403	1.0013496410193767	1.2720996994239597	-1.3661868517018978	-0.664870883895347	1.2282974546058625	1.3939965484609287	0.8784389816316885	-1.0560684803618832	0.8674307047168675	-0.17046393715303862	-2.181712892802783	-0.9509018339834345	-0.6224677730525563	-2.16713331675619	-0.1271293924410772	-1.7852095645079575	1.1834006814014244	-1.1734285292405147	-0.6154230851693917	-0.7178674425208457	0.4500329857652031	0.7285768327119204	-0.47529895834778974	0.9575883052217466	-0.46955717403738334	-0.29970600731487573	-1.9069140789698618	1.855941208027047	0.11892608374290858	-1.7029325404539484	-0.6363743843345645	-0.3022743248206576	-0.21987608178390441	0.21826214778536004	0.4902278867000852	0.558237456535893	0.9953270758785919	0.2402825649423682	1.3146684417050778	-0.55057228447529	0.9091131101954015	-1.0443297350844256	-0.626080662321176	-0.396022255251435	1.5496596680438386	0.28344886626412624	1.1201699469777977	-2.4805572015217816	-2.2142719134033717	0.7124699727011655	-0.5574530871125237	-0.4177970906509841	-0.1914574541743268	-0.16155304025784237	0.49479368118628064	-0.8903385061708813	-1.1234054016370583	-0.12469361786089342	1.997715266331324	0.7878614165407136	-1.2236000802019456	0.42329891036678846	0.5759682735106191	0.5158014111762415	1.505398357170682	0.5419946070892824	-0.5992940081187312	-1.5571327804268331	-1.1728967538880561	1.697712482214019	0.5654862415637852	1.9893259595384098	0.5056750439897679	0.3688899889448295	-1.4350434960010603	-1.2308580406794267	-1.3519915389931505	-0.5386980084162769	-0.2409581643002286	0.7554136865511761	-0.09107175170317813	-0.3854323759108814	-0.7949783823734247	-1.5548572880694043	-0.5006042355382582	0.1643121750341144	-0.10301153090208226	0.6368747094445417	-1.884401905077938	1.1633536420503148	1.437227726818189	0.8803034866474979	-0.9918107953143676	-1.2534258894415362	0.7659031553473791	-0.9829206446855683	0.09081633376656777	-1.6815992823959696	0.16386306211511809	-0.44514920243502587	1.4704851348947392	-0.16867006358899275	0.08559227173790637	-2.0065667285735223	-0.7277788017157062	-0.3298200266455757	-0.5591156555950642	0.1359248444866071	0.47846931467598725	-0.16880421665219666	-0.2944446196974827	1.5182344815883515	-0.9555497135633246	-0.42350792402108384	1.0495653425312514	0.6113167880074349	-1.3670677308654235	-0.16275141042859648	-1.0581051400793695	-1.1902560899266328	-0.5520324258589883	0.28649661867357795	-0.3257584343360557	0.6447336991928703	-1.381577443709695	0.8012628056488562	-1.5610826740994317	1.4815295174344922	0.8072764958267395	0.4251964894324912	-0.15080579118971543	-1.288647534413575	-0.6732179339306289	-0.6007786149585348	0.7592793550688774	-0.9108573796416358	-0.1479194390939084	-1.3097483171815893	-1.3875658353676608	1.704657197351938	0.548655085042544	-1.393249237606366	-0.18132963111222006	-0.6505465710974061
19	0.7872740691134376	1.0145953906674026	-0.6619348545771123	-0.07845919917902493	0.5555209177624519	0.45230809637639297	0.3208945458030723	0.4257167951995531	-0.11664889399036603	-0.07461723628149625	0.09860203841118827	-0.6789588250444212	0.30548835031008276	0.3774884113538629	0.26579906901818445	-0.3301729198263446	0.1371090029823428	0.3993219916004413	-0.09267356515514269	-0.1493640134351261	1.142987550013346	1.6322242624317638	-0.4613098691278901	0.2671744121831519	-0.5537607206485667	-0.17818355213427298	-0.23513023235292538	-2.6779557486935417	-0.18268908700381442	0.3817873371558215	0.2874738898589294	-0.7334037644042776	0.6869439249792483	-0.5935430994792644	-1.0394647944992954	0.5993674229080797	1.3963935230996152	0.7323320011617405	1.223075980435817	-1.0563548189260032	-0.07896779304560891	0.428189200689588	1.0369320366739425	0.6182631743491881	-1.039914464426023	0.643957148367499	-0.28219046983082063	0.45052112687143314	0.8543465609868511	-1.8118821259084072	0.38538153422978333	0.2251510145102885	0.2606714543442667	0.5345406173999071	0.004610391184833801	-0.42628822502181374	0.4047316306612588	0.9489132669912856	-2.3468510410792054	0.7841919144615619	0.4615491576415815	-0.5201957331998802	0.07949461361882203	0.4152307452935453	0.36042312637995744	1.637928264122555	-0.6291319202986927	0.03097242351244576	0.16857691420050447	-0.820175592749647	-0.5732712571243169	-0.2747584617638571	-0.4151889963402734	1.4879349190965911	-0.17135203398775448	-0.6552747537929376	0.5726079652041777	-1.9466054218989262	-1.8050926415882613	0.6140033857881255	-1.3200441616349436	0.16619946936851998	-1.181733727573763	0.6306422762001517	-0.7925780414457357	-2.2216266232866797	0.4220978691390416	-1.2235458724966835	0.22149133453034667	0.4968142255153945	0.24480352346731896	-1.9943667989720149	-0.5014125479533983	-0.3053751208224125	1.1108977956946786	0.0959284309529207	1.4263845654074219	0.4385871113823351	-1.5990012204179878	0.9961319016328158	0.6658898530720667	2.0154385114885653	-0.9988240405169908	0.3920248620903758	0.09379126299151058	0.05909852758182463	-0.3994844582526348	0.3227657944772491	-0.47548768113995976	-0.3032417096054265	1.9446368213482428	-1.7599593267259437	0.010939023717749392	-1.1539140841461288	1.6423179313032863	-0.0857565745833375	0.18228570204228414	0.812892802296913	-1.5207305007873246	-0.27780422911624625	0.3804519235426253	1.2197156157179276	-0.4938415304501234	1.5258668145562313	-2.639793375702827	0.6429630937877523	1.2981166282958971	1.308712342585428	0.33400246329964123	-0.8894315276013661	0.853550931919893	1.1095478136271482	2.076786235996691	-0.06641862886050219	0.46814890996891784	0.28007865795550757	0.5219435123966543	-0.625950856840765	-1.6910904993788152	-1.0655186755763695	0.4742067809879376	0.005560681766152805	0.1316121233081011	1.8239739571580083	-1.5006997363762347	-0.002612309725793112	0.13609453677914687	-2.4829824385123844	-1.861593485799749	0.7961332174993434	-0.33295603054171763	-0.9718321591326393	-0.16722205693212844	-2.291631685144172	1.8695903416319788	0.7653617052052454	1.0979385862074886	0.4130058301081219	-0.19793213999572298	-0.48698747618647276	1.457218320521843	0.632818797662555	0.0761750823991723	1.4546012526677154	-2.487765449996305	-0.8789205230853386	-0.342055802343702	1.2087248642689539	-0.3535030204695914	-2.1504999608080833	0.5690397728013638	1.6008688641127335	-0.06848049541814921	-0.9546551389498897	-0.0558530506170221	-1.3005780892115897	0.8900644648519911	0.009056661480431412	0.2526010382732297	0.717162250901043	-2.271527355499668	-0.4986665517428106	-2.4806696842057008	0.5896679592163182	-0.9490839742061543	0.39892524039598426	1.5387380618407847	-0.29250519484012366	-1.0981419499289702	2.1305755004478257	-0.2483586576005049	1.4749011737435709	0.26832324997380563	-1.4135215623679607	0.15283354728461418	1.118567196898473	0.8492618387267407	-1.0233651855837254	-0.7281467124327056	0.9568968104807609
20	0.8343569769671654	0.665806426312833	-0.07187018884521144	0.15889636513607447	1.170091957134764	0.3785618479911776	0.5316976792830868	0.11756850742064193	0.023402141354378347	0.5871472212865388	0.612085913544616	-0.160733781621348	-0.2653457709802675	1.5942899720048274	0.9354241877991009	0.8094176606444801	0.6298935283587279	1.3797570626691515	0.35389821334941013	0.512919858357865	0.3339901974155496	0.7652637218752374	-0.07313807660439336	0.2984321572043392	-0.19139392262989807	0.5352028413131388	0.6232356893766091	-2.1658723026019895	0.5107166217904475	-0.12159190786062858	0.46765294518194817	1.020554842092391	0.57939660555821	-0.3790455544507576	-0.40379003433002103	0.3174310850259992	1.037205231479129	0.2573509181702139	-0.10145978804536968	-1.0816623196245863	-0.32767617332343996	1.012498789896355	1.424427374958026	0.5897964995075784	0.08093930947907733	0.49794941213667343	1.1625417265624605	0.3611953777959367	0.762797436626795	-2.3978822237417856	0.00521116494425413	1.4352168472312412	0.6126679619674874	-1.3212772516347202	0.6338212585928054	0.7057691464052095	0.6043267791193053	1.3456342394140697	-1.9158394147900837	0.6731596597881758	1.244310092938739	1.0896184723890872	-0.5454815228378603	-0.2818971944978529	0.8085931461231696	0.6504888904459744	-0.4888552379131662	-0.17119556255952015	-0.6871382402015382	-0.30532536562409	0.5100154216161192	-0.7122732087649404	0.6802795597765052	-0.3973607371527202	0.36316277633167454	-0.056552835763634034	0.6622974435594623	-0.4048745158293332	-1.7670493260891602	-1.2056863372261086	-1.8009558338840015	0.649401358757565	0.16220052160286522	1.7696349754837835	0.5768799268159202	-1.9609008691251761	-0.19106426335312576	-0.35757021479214096	-0.5185833808854002	0.6064325116759172	0.2073422802146171	0.027093087121678773	0.5625746068257452	0.5114631437961151	0.7191225289251345	0.13815581471568847	-0.14555332523420447	-0.5089177033203797	0.10375944686452146	0.6510660801486189	0.8767693477856698	1.2846320855718496	0.9953179196114554	-3.6867380491538926	-1.6340907158724527	-0.4148406384194279	0.34761046440764604	-1.6798118749148072	-2.1724355167299363	0.0222649986370552	-0.8721289075577581	-0.8709209918542946	0.8026524798679897	-0.9068240081893151	1.2551997073483643	0.9207969710739369	-2.1385096375155834	1.252940941170603	0.3729824402070144	-0.25308323883670575	1.0166866881466268	0.41610802596104013	0.3722365648352452	-1.2623839488946593	-0.16005696091707075	1.2978587732107514	0.6594808881768081	1.3745901039148212	1.1566535890391973	-0.13870278641223843	-0.5167281738375135	-0.5747173615026363	-0.5117926895821782	-0.7334264715738524	0.03267022214936487	-0.15566557957657443	-1.0163220599929723	-2.0217413923477623	0.8595846466112715	-0.895341258303715	-0.32824298215063286	0.5780277114827391	0.6549978363568392	0.6915020056272697	0.7963801291327396	-0.053889171540792306	0.7634154421798531	-0.11819327688669898	-1.0330264375621354	0.365609450146314	1.2076996490942689	-0.6287500652638727	-0.1798940788006255	-1.6415407734439098	0.9973766383590698	-0.028992569578646335	0.9260482976774448	-0.2667854085843015	0.35879261329859885	-2.9275579069351023	-0.7327882130043228	-0.24321112172511902	-1.3093161315029738	-0.4105334875486213	-1.2803147843004135	-1.9221913587241586	-0.6212262801777171	1.0118586800051548	0.23717087590776928	-1.1541525564054829	0.38202072691482925	0.45725054668925064	-0.3825007658539617	-1.0501285242414964	-0.7639869405514195	-0.7421831372622637	0.8266601023754109	1.760559308690899	0.41908986786586966	0.281741149242455	-1.071217915794383	0.497258914223446	-2.418802910746085	1.54385998011074	0.27706548305712425	1.0201824029853361	-0.4074516068485916	-2.8296651348877506	-1.1451772903765887	-0.34205480725436066	0.7503742279296918	-0.8921375058359691	-0.2612906260892658	-1.175156918499415	-0.07464488426898006	1.7143366551034176	0.45642795040635437	-1.0324996691968025	0.395807564294881	-1.7604626235698342
21	-0.764163653039928	0.6126533186528403	-1.0580570705897372	-0.017788236267774392	0.30388408574909165	0.4771308734625537	0.939040598654216	0.8600270206030427	-0.8230264483470408	0.7106300100015546	0.3155080222403979	-0.5714753341350902	-0.7659524389732367	-0.2665166571048138	0.17196319662332255	0.7835152220420817	0.9688150693595122	-0.1748389117322608	0.98390648544056	-0.808910965269723	-2.8402838562031607	-0.2777194734541337	-1.306662203255865	-0.2513870949922856	-1.6412141161796028	0.5377696322717029	0.15368258548572156	-2.534722600126797	-0.43695584928293857	-0.7776820114715952	-0.09355254015357439	0.2102598068214779	0.47967427169602933	-1.3518622521937127	-1.6246607022098898	1.039656856109337	1.348585680801195	0.47499326415356413	1.82920528612624	-0.7233827521243845	1.2452351492762506	0.142139936901468	-0.6062641082446414	1.3330077129575773	-0.0013716075494321482	0.13663022330678035	-0.3970708618497344	0.7495393360978334	-0.28554151621631313	-1.879719620353133	-0.4165085632147998	-0.5523767938795084	0.18700981091279864	0.47603893383406926	0.8309160587820158	1.2243962283951335	1.6626753542572847	-0.29900930023018585	-1.1859906611335054	1.4669173760365224	0.5745321346505288	0.2654260567708835	0.9680139976991526	0.9133312311257448	0.8568738447920573	0.11873240547406044	-1.2714721721416504	-0.05658257914386544	-0.3094130452270005	0.3754780507385553	0.6143539151293985	-1.264680750765243	0.20562767130454018	0.6432700446201558	0.7268605214762132	0.36037546823178074	0.986118201204532	-0.986398850845577	-2.0155555724127563	-0.8862317608603281	-1.4238940761557026	0.6855416991985449	0.7389593924320482	-0.049543072282954535	0.19534258954496087	-1.1981177857233591	-1.3112047657064745	-1.3389316793973456	-0.555723957333728	-0.16957670576348824	0.6898586959009317	-0.8855407562087241	-1.4073323181292368	0.43451874568071214	-1.0393731372299835	1.1444882934907659	-0.025181056816752735	1.6473693591566632	-1.1689298673767288	1.1022331429753147	0.9267353408224199	-0.3482736680672869	-0.7233430425068008	-0.8594695154615476	-1.5015614072654628	0.3416831080289185	1.3509900618650876	-0.3767029968599572	-2.676761189364088	1.4219795059687173	0.05443521890652958	-1.2069799407787891	-1.7182439341233282	-0.2688999732245637	0.1300423279626485	0.44382124115607513	0.7701364058789711	1.0746483258231814	0.7161913445897169	-0.7989168325895001	0.4930422483392979	0.053409434768993916	1.3326785128121508	-0.8016844757668458	-1.2143699009001496	-0.15418874867129062	-0.42111410738357713	1.6312526487419483	-0.414964903098382	-2.2889770199691863	0.7132618475967231	1.523588028368927	0.0925854916405095	-1.0934640184419482	0.3317075823696242	2.3867692462289285	-0.1069314798363053	0.3863338622014718	-0.9772858961402157	-0.470405156001191	1.1017815612374753	1.3629085431703627	1.0824625604412603	0.6520672004851229	1.559463933483398	1.538321546996161	-0.16719811208058513	-0.9922826340442473	-0.5852788069021388	0.963060149164594	-0.3393877657027589	-0.40557553592312895	-0.5321511381434768	-0.7857449916439031	0.6304157562571236	-0.3121506471786259	1.451065678310505	1.5170137363593348	0.5241896913587646	-2.494629715342636	-0.4496800573924949	0.17313223660738766	-0.08991070671133163	1.4548267127285393	-1.1422625284691845	-0.4668325653322702	1.2160113086419686	0.28747963650575764	-0.5664411275579057	-0.4272012947036231	1.5070629576117434	0.6604002191249897	0.8593318430678742	0.2752948362306473	-1.331435223022767	-1.7037466679703612	0.30075226208553135	-0.66276335146736	1.0032197055371226	1.3751525611970268	-0.7325472195421884	0.1974606109845812	0.08744880399024758	0.42427550828464466	-0.43651792164129544	-0.49385048840986645	2.2982322387651006	-0.6668178227600716	0.57007231180389	-0.33925524805105894	-0.02016953882527832	-0.8201600668290765	-0.702493532995678	-1.3995479116696643	0.6576584831951707	0.165424864617911	1.282505180109155	0.48181933543538213	-1.1192900695274086	-0.03210362091882351
22	-0.8820865504286676	-0.243307655396523	-0.36433280769066323	0.6863144951820449	1.013596211770024	0.21998455440442571	0.7575790265775633	1.372707135925501	-0.7903084188547533	1.2110765138299	2.0756279437264817	-1.2128036680239764	-0.8397489506797291	0.7001157226118325	1.1098701746822868	2.1639374607626425	0.9726801798309154	-0.8934147748871155	1.0449903658392952	-1.4155611604356915	-1.1813869884052572	-1.2720022444871966	-0.5895953715634275	0.18256801931507063	-1.1631237797283014	1.9959783065707053	1.740844320419939	-1.836191865634508	0.3736263860564745	0.9883345049401051	0.590387336549615	2.638626409495873	-0.0223579712378988	-1.427402159631924	-0.015522657078558866	0.5310267526614252	-1.1523331569141677	0.9761421623134211	-0.8712298749545537	-0.528324793144017	1.4643042190210296	1.011540553149172	-0.21932546872968756	0.9722303557977405	1.0759340420939285	1.2308420814819119	1.5735131894483878	0.009385381395906767	0.46477324514026164	-2.0423639521255668	-2.5898672370861835	-1.7131735287566763	0.6131666538938235	0.11807521680549424	1.559993361652768	1.74656010247977	1.462960318244541	0.19272673828236056	-0.6953127649828656	-1.7391052787283257	1.959634566768759	3.0063302913608463	-0.013917730418123275	0.2755888486039552	1.5431197979176372	-1.7154994796927618	-0.1736555630746879	-0.3520238110041357	-1.4949321134391116	-1.7376528617371192	0.49008062526117396	-0.5954864146944061	1.456746642550176	-1.2164054862506728	0.6574223798099728	-0.4310365670034961	-0.1688596643856663	0.20195643385112852	-0.9642164432241946	-1.4414775197706937	0.24618974567006274	0.30061812424510465	-0.5158710962909225	3.4496609646855907	1.1056567588802897	1.5691086908598755	1.6216534952806967	-1.6182500420137576	-0.9776778470402447	2.0451327994114026	0.602315687934974	-0.5730695548415033	0.4290522645574632	2.2380478175142438	0.2563691409911649	1.4313456563451077	-1.025076507929208	0.5283362728287386	-1.605131797205095	-0.07774772627270617	1.6933670091018391	-0.2992707654735631	-0.3496701826700702	-1.6857887939108718	-2.46306879770254	-1.940110255469881	1.9259978754720481	0.01827108762494036	-2.6512460102700137	0.07808551552795814	-0.6389365165320795	-0.676668109088151	-0.08122250433467917	-0.9618784812372427	-1.5165551931060224	2.1211165120034345	-0.616023294284013	1.4526833083249748	1.796402016393768	0.4277154360047534	0.034331418389184534	1.6847075814039691	-0.28215950379582144	-2.300569296473781	-1.7517020018360412	1.160218721461694	-1.4714255260261508	0.8478268501321949	0.18747718439224925	-0.1836252594912386	-1.5275067892301588	-0.42577098575385774	-2.132373309337621	-1.128620569148588	0.9131214759017136	-1.5776548849033993	-0.9897383373777551	-1.5101440763955176	1.117627616228102	2.694384420801586	0.16301202116004987	1.2160578370719015	0.3850814061462267	0.32744394655020387	0.5480251051955412	-0.8541595291578263	0.8626400414797664	-0.3987811195860907	-1.576500093264646	-0.6019791877506886	-1.0579003620361191	-1.3847110615362053	-1.802113523451763	-1.5055078664746868	-0.5555756194626538	1.4929921699376343	0.13595202663046307	-0.21954155934875672	1.2337920394290012	-2.49360506733708	-2.210895674825306	-1.5780258367028561	0.41128087191254376	-1.312628499610001	-0.19980559101707934	-1.1541128839983028	-1.4017174830655748	3.4013392578753723	-0.4213612545747473	-0.11486414043034912	-0.8294220599117788	-0.8577906390150263	0.08413314020072044	-0.5472940974284805	-0.03625089575542173	-0.6562901233654596	0.10677634921530829	1.63454076536225	-1.988237804922587	2.805862448646678	-1.5063515302937205	-0.23147355291500996	-1.6667957829180513	2.160141412235232	-0.1529032005679177	2.9274074641342946	0.10128626091618935	-1.1987425163122438	-1.839856823581183	0.25812981324762835	2.8749839507975716	-1.7805220214128128	3.356052359775327	-1.1252418672072653	-1.0573340582116924	1.1195392046254578	1.173813749718884	0.029415166238572144	0.419901658175651	-1.7611268663506934
23	-0.7540470101835439	-0.445303643344516	-1.0478120712969334	0.39594826348495427	0.6721702866247365	-0.13616370165070243	-0.5799689217089061	0.24893816386009637	-0.6378360405974083	0.30177282190508864	1.5146590434150864	-1.0525760664870618	-0.5549284965334813	0.15761806833928216	0.553243997880892	0.9004311140835135	0.6586057260938591	0.8721602516951925	0.48614240545258397	-1.5145046093677548	-0.6336557800789898	-0.010984400915155927	0.9721521838640732	-0.2642566644560178	-0.16064349699438674	1.0783118275676395	0.6520814239114849	-2.1560220921222464	-0.5924936229559232	-0.1752930031749165	-0.15190933634670511	0.7364848022470073	-0.4062785134768498	-0.6475529813086038	-0.2651267950289068	0.21218655773754963	-0.24291719859168454	0.4764950264876713	0.09227601651002182	-0.6240102088530183	-0.6252216498131887	0.13588522041153286	-0.4831712479970209	0.3845083494785104	0.4554530146259727	0.5518309986708941	0.4963983657572381	0.8553335654179048	1.3939460706538898	-0.8347564177345553	-1.2497237907633683	-1.0058644042313385	-0.48135435164122325	-0.5024331616239326	0.24769525501261372	1.4326806680228628	-0.6364463836177653	0.7260548112946273	-0.9609416909979881	0.2655036443645037	0.4817479324921795	1.208788677226089	0.9252797456369192	-0.5219804070501964	0.23388429357765003	0.7713253583982351	-0.4405080151283194	-0.5360938026990039	-0.0437224160731916	-1.6056963198097898	0.9816909401230082	-1.0252761004284616	0.3740552365920506	-0.1010762461878123	1.6139591331433005	-0.39416640416502186	0.03969554442901728	-0.45151101841626956	-1.4048142973837192	-0.19502483349135494	-0.26528767915381385	0.20377970103481172	-0.10871691224162747	0.8202711396115906	0.4318364412257401	-0.9916624063863271	-0.31703001704500444	-1.5675034494202165	0.24258341778544065	0.5453328289459399	-0.10030152523524491	-0.14846869490718048	-0.5116447476508029	-0.09804975319660868	0.6718416427705158	0.4275246841778847	0.6630797134101413	0.5564555839553335	-2.4112862992207487	0.8499025533963125	0.3144153838174286	0.941728954827708	0.4755593189166962	-0.8616949404330115	-1.3645593455333591	-1.8126321060181603	1.0847390999806796	-0.18480731073092285	-1.303975672267178	-0.08530839399289962	0.9320591447874661	-1.370372790017543	0.40164033590900844	1.0892316315641124	0.2649609451908074	0.4733550290202284	-0.05291547262876201	0.8976897117637219	0.4856305361049733	-1.3263158213264674	0.6159331727672727	0.3223502152248925	0.17717859559253019	0.837525531920441	-1.7431590826192518	1.1281689800198735	0.34273842770058105	0.06724894573783179	0.85346835803821	-0.2903722586137509	-0.446519135819851	-0.47756882172831716	-0.2346040973122094	-0.3145528554313936	-0.43813161791829297	-0.23898011128246474	0.2852006713773702	-1.2355319119142485	-0.1971207676997598	-0.2656508484145313	0.5599253617148452	0.528651781745658	-0.354527831121578	1.198757471811386	0.05162343947966692	0.4805646221865312	-0.8164429932793017	-0.13126279765607848	-1.1175761078873505	-0.3530723634286908	0.23202997541047624	-0.6896551236792494	-1.119511774070071	-1.0262666472481377	0.23504447530022052	0.9430147468466266	0.5861292896397945	-0.07556510676199749	0.09851539614324106	-1.2942791161534843	0.6193863526518522	0.9902742815098765	0.5945797192960036	1.155952813552823	-1.1433823996497012	0.32308807910687953	0.22954318772602803	1.0132874247216128	-0.6402118130486603	0.5151164822586178	0.25037969902857893	0.5444895493171225	-0.30474066910605047	-0.43912236583137526	-0.04392307359453287	-0.12383882132489443	0.6145465545976184	0.6050959456793191	-0.20484360936869878	0.4815043290407299	0.0711233904244903	-0.32652604814195624	-0.8809855348429129	0.8660008194179082	-1.2294569192362659	1.2267308695029184	0.25467254944458656	1.2615938379259983	-0.10090146327007082	0.10475409428707834	0.4679892769553872	0.06515654388959063	0.5495823476526658	-1.549921509491716	-0.008561412062994676	-0.6424368466704486	1.1584883652545463	-0.2248029514735892	-0.20144381996929225	1.5236330026703597
24	0.6817606683225417	0.975496593873963	-0.07571974025050406	-0.12014162995063607	0.6041913072921808	0.8750259604561265	0.058313083568331384	0.8993342478060237	0.11529275813474818	0.38203188716512776	0.9138428606026545	0.1266031208067085	0.37974241339044085	-0.5230505567824096	-0.1772299607773117	0.26408127738245957	0.8275269855724943	1.4061850788882777	0.9422290305362022	0.14127213626773888	-0.8419251752351042	0.9914487773913516	1.2281618946785258	0.7998030995879645	0.40838817265525484	1.0214949007937126	0.4574890700383515	-2.3535665035490374	0.8387646524947975	0.39835181572706785	0.10568101789096909	0.037454992395350974	0.9282712274132704	0.09579263479189451	-1.1243156574505486	0.6597712659831549	1.9101607886637293	0.7598250222224282	-0.245369014607801	-0.28536705616915875	0.9818153993456089	-0.02444030235014314	-0.38585654237331984	1.463873874152544	0.24667607485681745	1.3808519348648576	-1.2460927994784377	0.7408190516168194	0.7098933212113432	0.012616136902307718	0.2920364795051781	1.0249763209857559	0.028469366526178708	0.7921197708279012	0.62668178717357	1.4940310771006189	0.2942752750297474	0.6033832496353891	-0.6509719710740931	0.9776228410196272	0.9690227734535929	-0.7735105762596864	1.4334630410307063	-0.20473975224472155	-0.866646867320503	0.5204594466904102	-0.052452744160825925	1.3038170910991087	1.1301457622390978	0.6502923116050371	1.113100503909265	-0.04760614324448294	0.6210455066426831	1.3319943436811905	0.651715020090885	1.3304002417189889	0.9944281316809356	-0.675366701030411	-1.3228412850992408	-0.6399250386845855	-1.8324209041235697	0.45199290182081964	-0.4417072549329191	-0.10722921083397803	1.4183368508754766	-1.58029256376892	-1.7577288255216459	-2.06173294169228	0.028831235461726435	-1.0503030382342287	0.9664710694264074	-1.7604519716452967	-0.9547630081537738	0.7674326766600247	0.23859998809446092	-0.5817458096907784	0.4735149665788307	2.2546374055793357	-0.4391790950466016	2.1933935244961003	-0.910948157966262	1.3861949169407628	-0.6499955419040673	-2.008378684910283	-2.124353925124771	-2.1761192430924616	-0.025520408326181177	-1.4525488512817184	-2.4446123499649555	0.9413058514596507	0.7730189427765352	-1.9451110972130656	-1.9074118078808078	0.26036009867532395	1.98292848867165	0.32637944386124507	-0.4236545630851456	0.044259525908495245	-0.48143425748462904	-0.5750510485496549	0.6048685256118495	2.2520407406593623	1.1870750031660142	0.5292178649744466	-1.4273548637376894	-0.44240277748919804	0.1993048914537861	0.3009531520473404	-0.48061443698441586	-0.9519483452267672	0.27459337911568454	0.005728788232663484	-0.6060445036921712	-1.0842667953683414	-0.14814418569182194	1.8753660973437456	2.00249628065796	-0.9314061595017012	0.2588568178157903	-0.5244326104828614	0.5072186590122763	-0.44853059543654217	-1.0886984744141555	-1.2438868353685908	-0.3016782536993475	1.1790261721377266	-0.663492828124703	-0.8953463649905288	-1.667674828935139	0.015645884951092082	1.6864540353357078	-0.9280683130705345	-2.3055248900958256	-1.4312966358286918	-0.4145275813965125	-0.16503371180342463	1.336759011092813	1.5392757694267694	0.07433430518450664	-2.2704881304688453	-0.665021860943437	0.5619723107288672	-0.6427939215132192	1.5948129887692386	-1.1275298512200367	-0.0017866094421542743	-1.6525027454036259	-0.5566240406984309	-0.1880041735355659	-0.29191507067704425	2.1749093998469324	1.2862951023506968	-0.21724198612487933	0.4891079548588066	-0.11256971359291543	-1.603427209816506	-0.8673262949323253	-0.515757384475594	1.9453800639364118	0.6853926802077884	-0.7458451531604384	1.041507609074846	-1.5330638453485155	-1.417359477681026	-2.0031997873194087	-0.5354610707266395	-1.1144446591281036	-2.2950191969665568	1.0866495098272235	0.10357270028491165	-1.7728487473251935	1.7001308979222478	0.09903623932250971	-2.099670043481547	-0.21238873501125508	-0.8718766608346087	1.628338817646918	-0.8414914673596874	-2.255384944423791	0.20345293379745902
25	1.7094213685131099	1.3831112274993551	-0.44396628835429963	0.585541943485889	0.7595249599996038	-0.4180718878416842	0.43362973928484666	0.068435953491687	0.17489965905378646	0.4908828626960416	-1.2538935743467117	-1.203268268960122	0.8827074803893483	-0.07439638117906848	0.31330351352903635	-1.0921261579887755	0.7213504942150802	0.483709279848878	-0.4072002326639767	-0.5704209931624407	2.178926178095075	3.0204442751827814	-2.454132342930715	0.8527813320869512	0.4521793591790432	-0.2252259045871514	-0.7079297721282111	-2.6329989525929216	-2.446484653830685	1.9572823854914905	0.3034879212169848	-0.96472416712431	-0.6811978558812938	0.5991315908652544	0.035489141338504705	1.7700524452509707	1.0094582128569662	1.7506191128135002	1.8068822438412024	-0.8321357533358049	0.34061214000330037	-0.669554395793755	0.6396568675750124	0.39562689531440626	0.6475701350492367	-0.08948283885417181	0.2885220350255458	1.0307384716032406	1.8811189591357564	-1.9454622380834585	-1.222643662596614	-1.4818517141151915	-0.43051567080530323	1.535533885190248	0.23013476010905798	0.10077830045312153	0.4482618068556552	1.1008039375519927	-1.283215405820792	-0.41125342589201175	-0.4208797476929205	-1.6630665711417272	-0.14788305834131776	1.397305799931506	0.5926657877918157	2.304469735153391	0.10106351560184192	-0.06219433815897368	-1.8210829083681659	-0.6114118888275614	-0.5011843644216858	0.15796659661537493	-0.5185009293096932	1.8945460903549936	0.5756574346426083	0.46675966374972727	0.8867712799733942	-1.7588658197333367	-1.4389641442188275	-2.722463800524363	-0.20548727173240058	0.47721131793444077	0.3988164450503995	-1.857185593483238	-0.7665052215372138	-2.27816045954541	-2.078848167539974	-1.955425052003963	1.5588320504069901	-1.9588369151712868	0.34021761538799744	-2.1237191909856628	-0.008812771363689761	-0.08179067298044877	1.953695555915014	1.1479089836146137	-0.1512411665506613	1.0624979710267695	-0.5516970334518541	1.347222650576706	-0.3617579794633093	2.874796488658815	-2.0516834888157685	1.9741290019555209	-0.1341421236273673	0.45577557858175993	0.844415429240708	0.6992857990035332	-2.633027062230839	1.372063662091377	2.478628135231848	-3.0933081062918095	0.5600849559961594	-1.8798052305702833	-0.923545846504901	-1.4464252246565306	1.947246300278494	0.2889489937996466	0.2365576642757845	0.6418988851702907	1.2880011334833237	1.3258273023595273	2.248502249517865	4.0956831936936275	-1.9077083418285312	-1.5323791252148047	1.5191705093425512	2.3781790055432723	-0.7036385606024629	-2.183476476268712	1.4631075664098383	1.8746934849246015	1.316830913117028	-1.2424358870658248	-0.2492295498622508	0.6527986272395773	0.14472747260507773	-2.2028378962806814	-2.46701455095026	-0.7025501764806341	1.3895171667260628	0.6929649715342054	0.9488408482607212	1.4553789203839822	-0.77840125722701	0.23638424826116658	1.2208472862470086	-1.9487458586103168	-1.5342163577589811	1.0050148520018924	0.04700226026578772	-1.8094470651940526	0.2571977149126729	-0.4285276887981085	2.139077683940326	1.876401618085902	-0.1098742666714952	0.798801969713578	0.6846936681928524	1.8070773586234379	2.5434699316282305	2.5144610162101038	-0.092505354139434	0.5231291701603974	-1.5254105192100533	-0.48364382778717524	-2.1817668348042596	-1.4857543119727081	-2.1212647681774164	-1.1767325260941297	1.1396546278675064	-0.07828916447925051	1.2352169902444705	-0.23326360356991394	-1.4952491517493198	-1.525177058746585	-0.7024322590253801	-0.48289325952119316	0.8511034692684208	-0.8206771487931851	-1.4776623985201738	0.28336694883517	-2.7785744965842167	-1.9996354980521966	-0.950249057375359	-0.8505166627134848	1.2542427618930962	0.7203202934087573	0.4963861060402588	-0.004677755267693383	-0.5188816023323173	0.9085793238117564	-1.442160481821559	-1.6670815347065442	0.4118716587039853	-1.2711213966014552	1.1030058008499164	-1.5536779179214344	-1.363885067068293	1.9621410175520853
26	0.6695055676074887	1.1099316286413754	-0.5561750625963527	-0.06690673795659119	0.7168482383084248	0.19512567408171444	0.5112603935456214	0.46647843915044723	-0.32348409616414736	0.3820948724465147	-0.3753119111791425	-0.9640298198462679	-0.17657244196395427	0.7324145343733931	0.4479608673287671	-0.2471043021055548	0.3721132536251421	0.6266494193321391	0.1020730450268928	-0.7588156045765132	0.6564437173895682	1.5790525233791082	-1.2453985840466408	0.5525404301433562	-0.5928872226138994	-0.04871579278819153	-0.6195993809109894	-2.8031223970173365	-0.521508456702469	0.6608312775613264	0.6719820211839242	-0.6106772377011945	0.36156847374732637	0.047704489238368265	0.2354020865917489	0.8487355420234942	1.3602518233348302	0.20348741645138735	1.0746958541034644	-0.49733042555380974	-0.31570611253317	0.7736098618598913	0.6524675275258873	0.6927391619406759	0.08122435960427456	0.03918416159292437	0.48818697378821624	-0.20055670148830182	0.9351226083775845	-3.0240645709746556	-0.5330526101773888	0.3003855659893095	-0.08367591587392405	0.4910390330533145	-0.04362054114844766	0.2590789098652554	0.3728175176003625	1.0136492591377484	-1.5991611781021111	-0.2642949493271332	0.23829589017544794	-0.13660513772979663	-0.6607427875439357	0.2432631237553434	0.45439379653922224	1.3030755637652889	-1.1361392141225948	0.10330037688660704	0.38939266212498436	-0.6960258424186069	-0.37471537467232174	-0.24999949374280117	-0.10022827128483817	1.0736541430003665	-1.0948202367175432	-0.07465699228575766	0.16382558569734687	-1.5315022695701777	-1.7525739297055019	0.8867604984415327	-0.19719240385800785	0.7677977679419823	0.2101967698280678	-0.3810343963009875	-0.08466016052474368	-2.2427136683974394	-0.6009485958858803	-1.655132325814584	1.908098389806727	0.6938935951982196	0.0040068755960019535	-2.7017544826813356	-0.6550517945732255	-0.2891098356868314	0.5709778331760549	0.10518418627083044	1.3189041311807923	-0.5059305758808293	-1.0236386012553125	0.9205958292095954	0.26841360411813053	2.0935274719368766	0.11799685326500474	1.1449351771516596	-2.0816483988739076	0.16742476144271642	-0.5486878854645679	0.5698710777276442	-1.3786240109805539	0.006846310431491938	2.200468482437635	-0.7233950349561468	0.7568432756367022	-0.2469069594379133	0.6788799789928198	0.1406500513103314	0.9056667871634327	0.2412911327726741	0.24946665612889482	-0.8835419434786874	0.8185214846940019	0.4035069225285313	-0.055189089100019705	1.9356923864130966	-1.8581692214026255	0.4737733613555011	1.7136326488659066	0.9606748859156572	0.31213375179286523	-1.0869979862667083	-0.9857492992234004	0.9449624923523282	0.9290416197753647	-0.4054329727326569	0.07142989782118639	0.14207796512313417	0.7611757748370144	-0.7953222886820975	-0.19354498039357879	-1.8014159800204919	-0.23465440605308355	0.5643279175797834	0.4017067551052195	0.13509178171082672	-1.7314856116670114	0.6697033246196913	-0.03550520631056905	-0.020647551937271563	-1.7494200257391632	-0.3233452438867679	0.11551620109465023	-0.9525051051839641	0.28258105882724754	2.086665297648352	0.6926260596180701	0.45795353620923035	0.6807017084822954	-0.1859771246615487	-0.04861043165009186	1.4653002265937143	1.2782106752482136	0.7239195629322536	-0.4054029780023445	1.6125442377057677	-0.4388063819665577	-0.7048353000490617	1.3501956769689076	-0.2506980967650717	-0.9415508863947887	-1.1823371335242128	1.3458135540408154	0.7101270478929798	-0.5371383275378411	-1.0945263610472107	-1.1712442333394983	-1.2158011240427111	-0.31385146328239943	0.1059054309747675	0.7096001184651999	0.22955896164886405	-0.9313643322255768	0.8476316157422078	-1.2142311969386026	-0.9877945824151869	-0.9362069764649797	-0.45674958316737935	0.9369406198311312	0.19752390363619562	0.38276752443666967	-0.021942979819915703	-0.5327721365640296	1.0224810144220078	-1.8885361507532494	-1.3373154601403983	0.10674837028845431	-0.3681987583844564	0.044662196418073265	-0.6146631777215579	-1.141805206770971	1.4255152917442733
27	0.632228125914028	1.0789395242011453	-1.0630360583615628	0.07473574041441769	0.20207988921291326	0.07249467291573598	0.0690412392340341	-0.5402178911908613	-0.6768451048493523	-0.06672599138010654	-0.8423219657848379	-1.3505098153360926	-0.12803459150513163	-0.3998340192420329	0.017233628506291388	-1.0900196064024998	0.07519579618210988	-0.2645479455723007	-1.2919746906568685	-1.0408125981490195	1.8827466440463387	2.5036566730151013	-2.3804673188737384	0.3671540022826156	-0.6377455090618904	-0.43067236285581745	-0.7624481156411789	-0.9371847953182102	-0.4572743347601861	0.257158438785901	0.7874161285683704	-0.290661113969873	-0.20763574896729733	0.39897602444881175	-2.5355860308792546	1.0609597514652038	0.8351364744924055	0.4461034545140992	2.417069696822532	-0.5674968332478003	-0.23148609132068498	0.035722648923102625	0.19570235738974054	0.31317372968427587	-0.4124037393155859	-0.16145436445838787	0.17096516868150463	0.1512409128980512	1.0497543508996763	-2.3096236364346714	-1.1651989753269467	-0.4398246404780179	-0.07208630871680605	1.1867688465952375	0.17197147100693388	-0.4846211742938529	0.9614944112666712	0.881806156377218	-2.2179858109375754	-0.1273060003108242	-0.08056881189522148	-1.1047787178532793	0.2533155896338398	0.8053842767100569	0.8237379011466905	1.7254633273613522	-0.3437118744961434	-0.9123556341027587	0.6709981616285753	-0.3838072735790324	-0.6964295192840101	1.0246937307612223	-1.246604312979242	1.2232926691381827	0.3359052046135325	0.7124935098661227	0.1937072329518436	-1.3119031724558552	-2.1299176947973297	1.181438948147717	0.06415972818048182	0.7178978494298799	-1.3179710825582591	-0.6083676328680503	-0.7131933670812751	-2.9239820247782693	-2.036922608652841	-1.6735012214820655	3.1320151863680694	-0.6303585136869777	0.11739106217019706	-2.178134065711751	-0.3043826949890854	-0.9339030186599331	1.2788089163950291	0.7445655740813053	-0.14904106781278711	-0.36753058009320144	0.2958865212814287	0.0220430040205883	0.12271923419674623	2.108477293866163	-0.6573759799827766	2.284144633754551	0.2568222627461782	-0.09437131659716279	-0.22193484517323867	0.9537874311754588	0.24083639504792326	0.7895652944970183	2.2026306895251393	0.10623784270136882	1.5798818113916269	-1.2760970840397263	-0.026183378003722845	-2.2176613422929288	1.40544635155198	-0.1605549906382251	-0.4300111772985893	-0.5599166080573216	0.7624381165693016	-0.5205219904229881	-0.9213858121955506	3.2764967703430754	-1.5169103394145445	0.16419979369026627	0.859875902955503	0.8212040041611939	-0.05298290525880727	-1.633501742771832	0.3759784323462388	2.0044256284751154	2.107604397318619	-0.8237940470723758	0.3796433889618966	0.5864788360094074	0.6825944634284585	-0.43675770081597637	-0.7060314919326749	-0.6799408881717711	0.731372486434017	0.43659639539823014	0.2219735760272278	0.574939487813311	-1.1231194061741303	0.7713367496133379	0.7432789900861504	-0.5021803584340151	-2.464177821941007	0.5634430773184836	-2.1341708403569153	-0.8437777521297538	2.920085711211938	5.356820374126265	1.636856681774358	1.2488674761899041	0.1010022912471093	-0.5101243993080937	0.2678112449612076	4.127167925792389	1.6896151623472513	1.7838589885487215	0.27004477588877135	0.29152479026199246	-0.9743397146614702	0.5330535430717469	3.4088807633765	-0.41089141221278813	-1.0459175886885392	-1.1173017194894261	-0.5055656655394178	-0.7236685070885603	0.34402183601695213	-1.8265450066456672	-1.351081874192973	-0.5378030017119054	-1.5725499166037222	-0.9090331089679426	-0.13872542083033432	-0.9302286684810287	-1.285932671038598	0.9211633990256445	0.6292791337815727	-1.383637209817078	-1.3233489101937368	-0.34677723041767905	1.034566882873181	1.7865399408578133	1.275654290459167	-0.8869848198317385	-2.029537403623939	-0.10346216538428554	-1.259938136160632	-1.6600055553468616	0.655900967180589	-1.6291855594670728	0.03643056067354192	-1.0188134270850777	-0.47054721544720496	1.533013371127297
28	-1.2504023320611666	-0.23834495405842943	-0.7842129187366544	-0.7185755354222536	0.3064996725676061	-0.16938430730270684	-0.5125737468577175	0.0009837691848123857	-0.6300916438930279	-0.1704033604005968	-0.13919709394670182	-0.9188003270350413	-0.5903313282241356	0.05331255676778148	-0.14611697535701193	-0.9296345880500713	0.059701021222573196	-0.14781664409568626	-0.040782596307897906	-0.7739315247163177	-0.7195290077928824	0.4560502945550049	-2.027988895639874	0.26408317248182017	-0.5324139893880468	0.07931671071419596	-0.5384651621507346	0.5345512850884622	-0.32867746542949045	-0.3732064096545198	0.5371083167023527	-0.7935879245586754	-0.06657419671317148	0.3316478868983328	-2.03127721372224	-0.05586907498771631	1.610940904741082	0.005940807814014807	-0.4141732367206613	-1.511846280021822	0.29273737109575326	0.16533446490863057	-0.0024719650643369073	0.32984627989214305	-1.7124696408910898	0.46409805260538756	0.39322260199683323	-0.14141153522437377	0.6494612299074358	0.0421628170457958	0.6164517264583846	0.4431539192327408	0.4299289708374135	-0.6031526836401749	0.08049930727782145	0.1611337369556637	0.156412980611567	-0.05977756807692067	-2.207782294938765	1.9768120141412098	0.3881560562600551	-0.48855827349416536	0.8219057777249771	-0.692039986726787	-0.08919899387460789	0.10168074741915575	0.8621884422039569	-0.259365262067881	-0.8703925186248799	0.014096472253717917	-0.3909395766367407	0.3158706143718746	-0.18779278310949518	0.29082183306001314	-0.21011885877564226	0.8718511367949753	0.3566570949469026	-2.141669291208792	-2.558448368716238	1.087651599468221	0.9476942266865689	0.20369664882855812	0.16393430543159723	0.21911649907757155	-0.22035717158367074	-1.7220281737926035	-1.610746099000913	-0.9339378183083477	2.336242074941963	0.006228506867838793	-0.5293594030728753	-0.5198982705597092	-0.5313215545115227	-0.5888920616910762	-0.051554350548266556	-0.40602617475869884	-1.1873392610219045	0.42789094930133215	1.673349344359442	0.4939219713408565	0.38795183297143687	-1.264825201746927	0.8637197396978443	1.2095079549983494	1.2203508997770482	-0.9361835267520594	-0.07113761179142442	0.9890463521322194	0.4820977908878896	0.30414459632098295	-1.8323154094508896	2.422288494362644	-0.31468205154156764	0.21038255370542525	0.5864014220365917	0.2273741259243752	0.8905998654259201	0.3947090325828468	-1.8049125466182558	-1.1035601640350736	0.03622815604901553	0.05307549358629386	1.2361416940010395	0.14122169028983944	-1.0042439710026398	1.0021157048409153	0.29629356578539123	1.4319133727062492	-0.2947113988822179	0.7745065283853186	-0.458952728545527	0.23638855062556316	0.7792007782467828	1.011784709149825	-0.6920160788363934	-0.8449266224978735	1.2480283955410973	-0.6397177785543904	-0.4065258071706852	0.7512022851586034	-0.0417096494062788	-0.9086276170996289	0.13056780904467938	-0.6780023918124957	0.00502496444512357	0.43500048773657374	0.31235718654994216	-1.1209316472666082	-2.400153913780726	0.11774587546178626	-0.9163333729678171	2.006461936790008	1.9616412982526583	3.622778179828967	-1.3231625749727693	-0.013174779531333523	0.19374094541994288	-0.02168360440889614	-0.15359186800859206	1.4886553369669626	0.25610926783741783	0.32319756864938115	-0.6176186191072379	-0.6124896654720058	-1.8072857321486302	0.25790633541684327	1.994604899660532	0.4502530908521846	1.7008659248381581	-0.10193659610635196	0.6890463605125002	1.6747753228587776	-0.22416162001066972	1.6547923390086958	-0.7085249636209887	1.4395951052597546	-0.6616522615687408	-1.1849772747696115	0.023094980202110458	1.2235019466137589	0.44697089784984845	2.5289557991060216	1.4612467090986991	-1.1814412903555762	-0.8394086394712946	-0.8095652606835518	-0.1714188701063529	0.9986399291703552	-0.534469473048252	1.0566172065311912	-0.5242726857551919	0.2986190178047211	-1.8565957617678686	-0.42268519485990913	0.22629822868399033	-0.9135941890269342	0.03604483986850622	-0.1872139360547593	1.7047603078343536	-0.8542388326076182
29	0.36484070529394197	0.6158114770619931	0.20481206869798774	-0.5377908982141664	-0.004007204607593096	1.2875956001292426	0.11787829104520142	0.3370096972710951	-0.21108321987376982	-0.15047275597577608	1.1868410679806574	0.32867959236288835	0.6428762550904821	0.4624877802236614	-0.5047402196748515	-0.40337226467414194	0.1389699062597134	1.0178013382299131	0.2691190320094604	0.41640209724384436	0.1714421795643835	0.8401678274875319	0.17130581949211923	0.07180812262713117	0.13025832198611714	0.7113790337576085	-0.31902624267737567	-1.9544344012245733	0.4616089826623469	-0.18483054515867023	0.3365571965062901	-0.10639856260919105	1.5283561270175094	-0.20041664530746503	0.7871409588750318	0.2596328242971361	2.2323218756582377	-0.5680157409327358	0.25810419933849477	-0.2710435557782048	0.005657500936315052	0.734053271623036	0.5613884010258767	1.496619835485557	-0.41559895359160387	1.203679010925594	-1.0162464533982036	-0.14297003128527355	-0.4937985151353638	-0.9962000457676922	-0.16634863809081216	1.6211714919524245	0.371546470325021	-0.14092320563973984	0.000673953644112113	0.9891529157453629	0.24877942380169413	-0.47133475251512946	-1.6609763928772572	1.6656719051079782	0.24898651505935315	-0.9160751019860358	1.1698906450646345	-0.8744248142313266	-0.7808805643337352	0.09996455245959623	0.17250908474853696	1.021356516552419	-0.7139143956980263	-0.13745706005702815	0.7201985753753971	-0.7248944444629001	-0.49929787864296216	1.289788184127675	-0.14425557270097306	0.3893413568741949	0.34984228560075054	-1.478437118854357	-2.1210963545233765	1.0935937160439133	0.349630760175047	0.4203637775464938	-0.6942227526383767	-0.23128316421205172	0.551185662309725	-0.97474702945025	-2.0162338150065517	-0.33496873432344987	0.5424140242053196	0.4656458464231024	-0.03374889831527981	-0.3284424602833696	-2.944661673304908	0.0758164334797887	-0.6639273587054741	-1.4483372884972943	-1.2802457328058015	0.3948333846786816	1.4470337321635882	0.9216492406282452	-0.2897944668805005	1.1394293723533993	-0.2919722834756332	-0.24695804182236808	0.6860014777448511	-1.565084224229115	-0.04616993966468725	0.1276078021708728	-1.24386384106494	-0.2850001758143544	-0.45460256380476444	0.16113292459878395	-1.1783285397467373	1.5870292730978592	2.074939567050431	0.4676344654458827	0.7019203733460856	-0.7538664245452893	-0.08890063622452174	0.4315178506663333	0.5874100559596375	0.7461432009658266	0.12916583865703352	-0.9790688484676137	-0.56369159985535	0.13805272592782108	0.5605897365063932	0.8775953991695349	-0.0008462716413432325	-0.9338099899535471	0.09689514102529664	0.3271722359614745	-0.007408518047750246	2.040359244493848	-0.4068546014403017	0.5479520473935507	2.1962546025937995	-0.46729451387440013	-0.1610406126277968	0.12390155529518032	0.07050929557263025	-0.49441188434143574	0.44851210692874827	-1.860565424744118	-1.2421776323255642	0.6637184475633633	-0.13657700374537304	0.5393094453063532	-1.44921431269493	-0.9883181634541602	1.0409964607038686	-0.9441922552855854	-0.30109175644950337	-0.49105877423237915	-0.4821839193744387	-1.6790849614018861	1.4299205425608008	-0.10244092901053921	-0.29179005849741324	-0.7305148909563058	-1.8877791433522346	-0.22586878575562422	-0.4101990965025143	1.2566390892467574	-0.13631569582041164	-0.8870144114814049	-0.9243262425381087	-1.2054038384743209	1.0651440429645833	1.7849285813597153	1.6487054983972278	1.99862856559974	-0.5422769682793911	-1.6306745115602062	-0.4113407278929147	1.6678680492228537	-0.3010010439359849	-0.16906676467641468	0.6231403329773147	-0.5916091909293549	-0.2903963291076653	0.9911131770624191	0.04483870669921899	-0.1141143027526331	-0.2813920060430552	-0.8669987419587954	0.5148175349945544	0.027765520387273136	-1.0918330239137286	1.106933197476519	-1.6561245641597906	-0.8636045188016566	-1.3356613371125807	-0.7646061799082696	-0.8076871861225058	-1.138440344995586	0.8311766187212701	0.020417940974398217	1.093554151185128	-0.6374945747751586
30	-0.011895303989488116	0.3984296345541382	0.19690053641425642	-0.1097701518370604	0.49362496748339707	1.163350718289555	0.23546794185543254	0.833675515252872	0.3208251348113524	-0.03113783633312638	0.7178322064337933	0.8496519927696163	0.2694618986771709	-0.7497419802457099	-0.08960217304790596	-0.9808913113040002	0.6607688778521195	1.7416168881275704	0.08893078085406766	0.5375025556728922	-0.966964082019866	-0.7842474052086273	-0.3934626888759283	0.3306523381512318	0.10311746147441371	0.4687034506710424	-0.09261771687074564	-0.8071703325648083	1.005717556999063	0.30761342797795466	0.4778782608108086	-2.0209549861105924	0.8982375035213732	0.3369915436063531	0.08689726322672305	0.24677556754726854	1.859933915901811	0.8767956713805674	-0.5324355155052573	0.3028554134101373	-0.4992864561122912	0.2533026836846081	0.49832029983546794	1.3522282930038332	0.24280000026844223	1.7799035513897217	-1.039829605157418	0.6758491739601434	0.6308198817365406	-0.48560035060262874	-0.3601635584392048	1.9645411958494634	0.3762743481836895	0.3197635515306205	0.4339704635770108	0.9648635822877846	0.09044629192425496	0.7797450951529747	-0.9836342231334867	1.4278778404039796	0.5489414169807595	-2.0707697355653387	0.5165742721918484	0.32093197746085594	0.3699932827747592	0.18120735783282735	-0.521993874130236	1.1040445440700728	0.7644036505179234	-0.36045587592093886	0.8156592593774092	-1.26758913358231	-1.0725460361751087	1.5322141094116992	0.8694486277260419	-0.3950013720764884	1.384085545744181	-0.06408769417407241	-1.1630084422190015	-0.27632582464938266	-0.983898224309259	0.7833142014822788	-0.6141818316438576	-1.0925330246283567	0.7693222172111411	-0.8469115027959696	-2.409111827346914	-1.8667437498515995	-0.3164551461091622	0.3892144121735377	0.593636508758944	-1.6643719379947073	-1.557985343031342	0.2613469960740341	-0.3337509210653179	0.22361040624531697	-1.3075083555149118	-0.4933293545539742	-0.18773000186047115	1.1294063922056408	0.32149315074036444	-0.45074915892742096	0.5664997019419863	-1.0919784683564044	-1.0027098631635938	-1.549969067772051	0.6673229073484996	-1.5058192926892062	-0.9846190935622334	0.8329797707403798	-1.4712734872153932	-1.9646249289444884	-1.9102677520452347	0.3183037134661436	0.23005450447545964	-0.25140163905498425	-0.4725523826301698	-1.279792229781013	0.4902787781258731	-0.37670340426565346	1.154976050515984	-0.40234612580590934	-0.5715418543855386	0.2381064288429795	-0.4927919669949125	-0.5250593568304182	0.4385865526807314	1.2133657271985756	-1.452278377228138	-1.1280329778039038	0.5219671878463341	0.6201772485483558	-0.031711500426520184	-0.008362806478491726	0.47849449457684545	2.3950080574346444	2.0928576988340697	-1.6650158665902048	-0.08650823945189957	-1.1829781645274435	0.4369469189116696	0.41800248012018515	0.6733543705979828	1.6591009617766368	-0.8198841330955499	1.5090699922979274	0.014451464657964219	0.6834508389070956	-0.8098672362593325	-0.49360386004381157	2.4332422953969077	0.12446335089381916	-0.29356421793634163	-1.7104714969066692	-0.4456308459129675	-0.3803882531614482	0.8803662113299864	0.7556193683128934	0.8227055822268362	-0.01689871187656079	-0.6260983409385694	0.47025678986004943	-0.011871011114397428	1.1686221104722798	-1.0490291105251721	0.11613806626138366	-1.622129282096924	-1.044920390999552	0.016879477165800516	0.3034099668951822	0.7336650782775014	1.2519781292866954	0.4183562855098431	-0.3895525772043305	0.5397368930371518	-1.552571686117298	0.24758479883422443	-1.2911630196967934	1.0606742675137624	-0.5251242382312324	-0.07835302058724404	1.2492321798548138	-0.6079698541438315	0.3783876574452671	-1.6083630213303017	-1.5252794163205379	0.5693087715276043	-0.35247759656266314	1.249435922999698	0.43725216393955707	-1.2400098303735865	0.49543658079772884	-0.7173567444117275	-0.0999898279940258	0.15111092070318494	-2.012882300117672	0.3592127350168406	-0.9212661034864059	-0.5586296047579437	2.1039335647905606
31	0.1538417915555943	-0.09091483838112743	0.5931793931695721	0.09401521613741082	-0.03674649059253001	2.206852022450954	0.019471240902458532	1.771325355264621	0.835434678519223	0.6710536532450109	1.3067864279181651	0.9839833281636577	1.0420516342651847	-0.9298527949431901	-0.955712071654854	-0.03324323037283903	0.2650973464114553	1.4507639201514366	0.15721811300084854	1.0899438622265998	-0.9295683216571511	-0.24651397049557175	-0.9431746233818205	-0.519327735884899	0.888433976007037	1.0416001119294451	0.08075147014223538	-0.7546259387611872	0.8766062332883655	-0.14850875590169815	-0.1075604054896109	-0.03147300708446436	2.001224903252641	0.17172722081910924	0.5931563293426867	0.6858763382987659	2.0479399557245896	0.9582993429437934	0.5303419221637902	0.08960589329987494	1.1931610909573822	-0.6221271086435636	-0.3466101699526575	2.638714097568527	0.6814913313150088	2.4409254528905007	-1.373494182818304	0.8558804621471019	-0.7161162516045816	-0.9017918755210349	0.7280217700304267	0.8398632312705405	-0.2026117678541594	-0.25272230220604197	0.7933538981632291	0.8391554563768249	0.045265243664288767	0.2371567222516351	-0.6652940195276711	1.7676017694669635	-0.884318928616902	-2.3013639348789674	0.9509839772919371	-0.8284617445781859	-1.8217192196020175	-0.6673753821400009	0.487398314348859	1.776548808205496	-0.4036175981793225	0.4016690007662843	0.9035074925222693	-0.16987584973729497	0.3437530249939419	0.24484805780955948	-0.22368526176914977	-0.06384987604067982	1.5181556939359258	-0.44075425394578627	-0.46618875016356487	1.7333931513274379	-0.9562922404366617	0.3258407945781574	0.4670221618002607	-2.8830263446892794	0.842963090812223	-0.2721318864321557	-2.644818090035373	-0.426425889510255	0.03337160112074013	-0.13882598412863398	0.1180177471111141	-1.154246493119614	-3.0273053306253694	1.3719593383735407	0.28526031264808205	-0.5603761241392493	-1.0141246327114097	1.1318223535649223	0.6762353347251457	0.9786067499558163	0.160670530529522	-0.48953641175997964	0.11142712234391805	-0.7796827774320418	0.35958784063390825	-0.8795105954167548	-0.1109793774448629	-0.7608151004072893	0.5529404440137193	-0.5360944971424232	-0.4169264016946725	-0.8088416790094108	-2.244925902584339	0.2506621229046923	1.7360094762234042	0.6079373690673819	0.5520424150595475	-0.8336669711456788	-0.4606203890477989	-0.4503798761539679	-0.25618664397153995	-0.33818689555884485	1.6337084662732906	0.3896819154566803	-0.7603117660509435	-0.9087287740470241	0.3085769630739551	-1.0921528006814216	-0.8318970336064705	-1.6909326188695435	0.07930254966937188	0.38861159270981915	-0.3906441089381765	-0.0871341420448863	-0.45038953592904224	1.154564692178851	1.9877415015811715	-0.6722274665092636	0.4570729060776893	-1.8979414813757445	0.32901081459143916	0.5955671670497643	-2.76259504674601	1.5740366091101408	-0.0631992251569297	1.0517067030372493	-2.0096024806924357	0.1874315453701177	-0.47727651347267963	0.7734069008418216	1.5142632164153502	0.13024483437386564	-1.9108226467529357	-1.5883622343722308	-0.6385867375019127	-0.9746052573920814	0.8651397008743684	-0.7683596745993464	-0.0420485182803958	-1.598466302719172	-0.7187419005682776	0.9177140433872946	0.8535137752081748	-0.08359831416039072	-0.6960747266236587	0.6655478797031515	-2.3463541208379843	-1.3487162435228792	1.1282009428627302	-0.34659879949412986	1.785837801183068	0.16869766552592305	0.021307655024402128	-0.355926746435269	0.47166873167399215	-0.4567052272644501	-0.009784413233395961	-1.3009712812081706	0.7892620789576098	-0.33690049608530126	-0.44917577312444096	-0.2857669891184662	-0.28505998319683656	-1.3960251721839811	-1.5490563126508645	-2.195664019472345	1.1897748356471916	1.074421407283398	1.8447302198325388	1.253375203835248	-2.747662992995398	0.06210546394903105	1.2630638542762973	0.3393734701476602	-0.31150022594595744	-2.4720497221600164	1.7766501909814303	-2.771088956360072	0.3105733544844744	1.6771407933460547
32	-0.001324466026104365	0.29417718204530685	0.4219163394179013	-1.0581812045292407	0.28100127600917757	2.2752626813714323	0.019881278512934086	1.1291039223192472	0.7642030246221531	0.15862379532018545	2.7411401499140964	1.2411789772473218	-0.42135480546553056	-0.2387316407830391	-0.5412312626880391	-0.2512899110615565	0.564541102374194	1.3774120793721585	1.5423602392242695	0.9969955965554367	-1.9789893365546838	0.3511867250836752	-0.029324768537971946	1.290109666795897	0.3422768195481726	1.7635409440675753	-0.0376833735769751	-0.8313332942820701	1.7960104104694405	-0.35627513809657263	-0.6370934064415825	-1.4659379267407913	2.6325667078578485	0.19308456990554734	-0.8315318556075373	-0.4053951609148088	3.2461609700982326	-0.272226745980004	-1.8508487185610758	-0.6582540686584833	1.653604945001236	1.059348748313245	0.7637245838784706	3.0022836530815296	-0.41786676799419825	2.4735438797142306	-1.5485268582144534	1.096144869377839	-0.6540202656866646	-0.5475988879224092	1.2648681633715158	2.066331923105865	0.267301711608909	-0.6810873874949469	0.5084225767992603	1.574470976263889	-0.6926482159251958	0.04364598956075283	-0.07990319587305	3.406162103429967	0.16921752795161926	-2.3222227060132945	2.575582686737748	-2.868331062112421	0.16128854190416497	-2.1039058837530065	0.9398075573136182	1.5995738444215728	-1.086640444085358	0.9255383603412112	1.5084664344405028	-2.2458477628451723	0.20321342944474152	1.6483199491992375	-0.1422734489240384	0.0830155569843567	0.9146308375563712	0.7517740375670341	-1.5450362600065808	-0.22586668350134975	-3.0378850184148627	0.43112339474517825	-0.2729361928209038	-2.8306773667879845	1.258632628034521	-1.0140138733090822	-1.8280574703488663	-0.4222487236391324	-2.9392431956909584	-1.118932557978906	0.6404843900421885	0.1484741152630487	-0.7706636028283739	1.6305722733885362	1.1576234553193923	-1.4756464821757875	-0.6000631205517386	1.130109356818611	-0.6932552841151636	2.064743404356464	-1.2102870536885786	-1.382507506951665	-0.5344594499911152	-3.4969648264057023	0.3560296985199597	-1.72017429739155	1.022519468361411	-1.8391537014804085	-1.7821070048118322	-0.5778316927318762	-2.1077485949596286	-1.4032445484674558	-2.4210056764589387	2.537046862232877	3.137008419970394	0.10164469688336537	0.28136829327152335	-2.2629784169843905	-0.7395851241542586	-1.6752443738028753	0.47641216080928317	0.0734685481033949	2.055431996873904	-0.9474307453596529	-1.206493831484151	-1.270129408432588	-2.351507978347652	-0.4563824592082105	-2.805275383489954	-2.078740467973837	0.17770955310137193	0.1791329824936314	-1.1861913526661325	-0.9536632470975738	0.5609212429093631	-0.17851460596851282	3.0884636100178087	-1.2052870755390643	1.0690467638624972	-1.5803525535325755	1.0125014153736813	1.4375743496559459	-0.3431271472121735	-1.7294487700586925	-1.777808183956468	1.518191734705962	-1.3126635533219564	1.3335334749089796	-1.5016469268864097	-0.4967633064979043	2.36205866782215	-0.1995147281222438	-1.972227203420019	-1.2619519472020995	-2.7245283904207427	-1.13923648352383	1.6515562917989022	1.2633378550795573	0.8588384064289211	-0.6192903900892887	-1.8502456448232558	-0.43829638663618686	1.095970837600036	1.830551705853282	0.8911533691536637	-1.1109123029382268	-1.3416997473143282	-0.8175393979862257	2.5959921299363735	-0.5406618013288602	2.2968335613476345	2.167594068925343	1.564678578394981	0.7488218437851429	0.5983433777852456	-1.3069057372408763	0.20267894996979186	-0.680306954357129	0.7917315992224389	1.1488844762603774	0.22978948158716345	1.1816994176761075	-1.3717607377078045	0.29748880586564685	0.7640570285963516	-2.5355156050869185	-1.3851419151028064	-1.4314123274642094	0.1229494381139338	2.4852181669521816	-2.2381220888101083	1.9722424797692992	0.15687906123856943	1.667393634241115	0.29081080233995416	-2.336337461756287	1.8164231439923597	-0.6481858449760899	1.5830988629864977	0.9170564868938835
33	-0.02082703468013012	0.49029759652022625	0.25745309872360655	-0.8791681821664721	-0.31192245700213467	0.7876764386177075	0.05552475943388391	0.9858919341923184	0.44680096450586804	-0.31705001896045426	1.0913350550621135	0.852472114050714	0.4406120479382139	-0.4515767327652848	-0.7986235381701825	-1.075829310645617	0.12282694406729493	0.8609704108741554	0.36773278788946384	0.9388231353523093	0.6605456986684757	1.0275761002484667	-0.9571508874393337	0.7062738073304555	0.6631410718245505	0.8569662539045794	-0.3889686837911918	-0.7038547865601323	0.8553726064929513	0.11586999451891238	-0.5798195749874978	-0.49167204926990526	1.325874250851314	-0.00013658832756338057	1.6955643305065187	-0.26707180160209487	2.6381707501727787	-0.46795428272358686	0.31394099374497686	-0.5794598465319268	1.1734625813899962	0.34164941035808977	0.5876956225198311	2.2029956056645643	-1.1479889640101786	1.7392761994469363	-0.4747133135254583	-0.15261815876661786	-0.6174163137756358	0.32030645300938765	1.3739960885526739	1.6911489786614802	0.8724226399448403	0.2242483386554932	-0.3155308986695259	0.6734862749097345	-0.3105153725094231	-0.1199459981056005	-0.8708500354236813	2.125614296590542	-0.1178589185610679	-1.116992902886877	1.992642374499502	-0.6726384052966865	-0.8175942758494358	-0.28449079741929567	0.300597977679983	1.8798257779369105	0.27155538165486887	0.2536054389847438	0.880619981191176	-0.05143094219686484	-0.3918253983276202	1.6401785439927703	0.45460113156165605	1.666592787180117	0.6707429561023218	-0.6574869117078496	-1.3243160986478624	0.6337961845356689	-2.108858043313875	-0.3208219410420199	1.170912034466487	-1.5587351302519425	1.2744730166911225	-0.9804884691721707	-2.904340984228046	-0.42193046977433146	-0.6941468188552348	-0.23536348430952847	-0.40200549885245485	-0.9513518266804473	1.5705381765889004	-0.36554990202071114	0.782260326430473	-1.3718837752167776	-1.8965936919209532	1.4954783949808654	0.12577065555871147	1.9472831183594703	-1.7621605329878882	1.2539777091345354	0.8440891598277321	-0.2652028908281097	-0.24576652975477206	-1.1016620047360264	-1.1664868018907335	-0.7250440646441441	0.06554877760884326	-0.3219869661958661	0.26123773820769386	-1.2191207307170493	0.09522876700091423	-0.1287019664382678	2.9550886438428208	-0.1490357449849083	-0.48665702165543967	-2.0988989720180076	0.9248142439797619	1.109901003177695	0.4532118932903339	0.9173151459753426	2.0475492848052244	0.8677945129790183	-1.152003171917366	-1.2921378721162977	-0.2713086554432304	-0.16634611136624694	-3.501733544755158	-1.216604648820109	-0.10100306472514867	0.47128302415165646	0.2811980330646703	-1.1010076656213783	-0.3874050050108199	-1.0465391758842497	2.3822708413887312	-0.5590526011615047	-0.6606509162032892	-2.188418746042468	-0.21775644415319945	-0.5421000532929223	-1.8412969890813826	-1.8935727475307575	-2.5704220227256793	0.6627985931910312	0.08629816434213858	-0.8596755135048699	-1.4327133455437273	0.044836012432120056	1.7560054889536303	-0.8746565523262987	0.4644478552817777	-2.466579600775944	-0.6406181486754909	-1.4338177287873743	-0.2987890741234228	1.9514147420722239	-0.045333754003651916	-0.2457623878939684	-1.7915239782912509	-0.5565070302136481	1.1265912269108718	1.0065900320180963	-0.9020587884852682	0.9065473215377018	-2.992516662577225	-0.13574479223555175	1.024054192936726	-0.7822181093266354	1.6197831244724292	2.8722011207633598	-0.5837664471383158	-0.4811946039516927	0.6464350766213831	0.6255151389775414	-0.7302699754126493	0.08668057848522244	1.5448518192246194	-0.5659028673717885	0.24635464804464552	1.355633193671331	-1.7911748512757797	-1.4569598612018115	-0.0479471988957183	-1.3414969765122966	-0.3939739429367088	0.7635732393722384	-0.1634176411252216	0.2780562762389356	-1.6059333828671403	-0.7059643838366326	-1.0146174439367814	1.4178587215184935	-0.19209699986291356	-1.6673217968621779	2.93334084258588	0.46917854399047465	1.147709997640695	-0.33474760371366263
34	0.09329958826160203	0.11344633239552034	0.3064082130572567	-0.006077327793145982	0.6769269259568299	1.55357380189092	0.6833897189973076	1.1331145636814903	0.3454411654691956	0.3827207623209064	0.274875718720184	0.512781078239158	0.5768931034374789	-0.1695146449591699	-0.20737902069588424	-1.263446738764308	0.47852189901475733	0.8134831740496832	-0.26838753798754206	0.41230895617911506	0.24675359395155683	0.5266165811773725	-1.773822610761646	0.6354361601412529	0.46897642979017073	0.11065072248585901	-0.24797496476170605	-1.5579832543683636	0.27129336297593076	-0.8482911660808228	0.5960930374785336	-1.7704412393428597	0.8712463991955668	0.9971492520561227	-0.751797015453733	0.9977015321613696	1.9372130743054636	0.7146986157325345	-0.24566986825885836	-0.6698230868466963	0.45327332333170317	-0.22675145521025336	0.8028641705720533	0.7782186758991951	0.10318021291894561	1.3037163135796412	-0.5498687470875605	-0.11122761510396673	0.5140612526232313	0.7492439353651755	-0.07380393694665802	0.5246307740639263	0.21505924796778553	0.6934136939065174	0.29393239049512115	0.3570499994273716	0.34422888706309085	0.9312947769706288	-2.446950665366546	2.0823634859126923	-0.010066897765800909	-2.2758852340230264	0.9261652786960258	0.11814493626169895	-0.034349624371096274	0.7177997855869964	0.2541860634285598	1.1228136286113317	0.0063524604539120675	-0.7073697337153002	0.16254786005988975	-0.3574362419007061	-0.02943908637186693	1.510291377478654	0.4927557992073397	0.6580511542224752	0.9977900491149025	-0.4040439095568676	-1.9763722737559029	0.5687995154188069	-0.0010759540267919032	0.6073555736062322	0.5941056789558272	-3.808436332581229	-0.14788513632735634	-1.2253630049054616	-3.004955561151982	-0.41014349677467427	1.6558966495021052	-0.055337191671078235	0.34698046033755653	-2.268167661959061	-0.8504696172259205	-0.830366920284319	0.35324482206948093	0.6283299397145445	-1.878457667476732	1.2665631247841587	-0.7162877456132059	1.1137582911946307	-0.4031185961945578	-0.2931857544620272	-1.0251042849712586	1.0470050481715447	0.6668313019198973	-2.8107823079610568	0.08690663862645767	-0.5901150208485341	2.2017945367650875	0.1934506611846422	-0.08861770889445252	-0.2432460453661578	-2.5636301980749256	-0.13430327372073805	0.6657123171797596	-0.3449581461849862	0.2972321800010484	-1.7758726165733367	0.16236103896838147	-1.4676834391908105	1.5159432108572592	-1.9912777880842516	0.010000899800081675	1.275812801002307	-0.5630696139397571	-0.6412884225340502	0.6331274878114932	0.2529249108734347	-2.4740592961579644	-0.47167452720773895	0.35713068743280946	1.0925580590453379	0.2878897963718047	-0.06558447577523663	0.13232765309301917	1.3071540119484621	1.3173161120462522	-1.532495100697742	0.2638068884623087	-1.5320750904586284	0.786646556110682	0.8149648853886088	-0.8770686325887969	-0.39780686847722035	-0.43359259631590136	1.960192421570651	0.17919935760659134	-0.6902634533359336	-0.2263222225513503	-0.6571261272179965	1.242145691996643	-0.23752022881383356	-0.17366063073998875	2.1185375118722627	-0.997901528192845	-0.27540879544340485	-1.2852284690199416	0.42007146859168704	0.3422843300001822	2.577917832931873	0.46644858547893425	1.8791725445391587	0.5897636645982702	1.4796994146965257	-0.5099783840740433	0.17254897777547046	-0.5216372158998202	-2.1657051522769324	-0.0678543475637696	-0.7745625761437032	0.5584460952782464	0.9559420791045212	0.3622384669502154	0.21853009974330875	0.42774468707727664	0.23182025365673642	-1.488644615359965	-1.271868962215354	0.3616612642696865	-0.9803038982567562	0.8276641127826408	1.4218460952597043	-0.36377244992100033	-1.934326313744334	-2.2703909210264763	-0.9139646860721766	1.6799696113923304	2.0468515896714337	0.31235324332834863	0.4084710938936052	-2.8429157981749835	0.40156023649435735	-1.5598530157025645	-0.9165126550740024	1.1744224670677157	-1.651560910003743	-0.5872513150836939	-1.0027357818931057	-0.5719502149649605	2.6750724280804867
35	-0.018867768279529316	-0.005871483981770579	0.10956359177905318	0.17466143500470477	0.5250485818338951	-0.084126683369593	0.07057751985845075	-0.36282791920278984	0.030841812700591307	0.2985161847912028	-1.0802293832521346	0.2818213748483764	0.16547500606755056	-0.48634750610392524	-0.2600923450249555	-0.8313351411026347	0.5784519500904071	0.5649894775234702	-0.7354244702726718	0.08496589821507937	0.08073829806854406	0.16513333744385036	-0.9157211656888051	0.5182473331786196	0.5519627471061885	0.23698823940851624	-0.23378370100223825	-0.12869403114254976	0.2604187634524424	-1.0233078561951852	0.921925636938237	-0.15732940752334684	-0.8313395045842097	1.2378059103386343	-1.1719057522650205	0.9783305169881853	0.5512807072078206	0.7363272585409674	0.01798171014759128	-1.2038295076470014	-0.046939624483020026	-1.0585671657174016	0.47530207569833577	0.3132849294704003	0.648290410578269	0.8980872805661623	0.5044028572063651	0.18717372422571568	0.1028946624078839	1.4498775006583622	-0.21846399702340558	-0.3678744199980483	-0.3745717770279505	0.18407167327104165	0.3279914545027928	0.4973915587019535	0.7763792036184358	-0.4116370701310119	-1.2559409632181795	1.2513264548217928	0.2852090738676125	-1.1453039010061035	-1.0798949797966586	0.7725357985028364	0.571311640019329	0.7380837238356535	-0.2197614376549919	0.016739713811722134	-1.5287282539301623	0.24355097269727333	0.1993167611695254	0.3978511698008584	0.08250554857177907	1.5656204320077116	0.22788139685803477	0.5649601342684032	1.4931784750095987	-1.65917778877048	-0.019605642763052957	0.8696109378590818	-0.32626807993647733	0.4358831734143019	-1.2366579041113768	-1.9520163733924603	-0.27068284563827033	-0.22153026131800785	-2.450034629338164	-1.4335377813157348	2.24562355487234	0.1379801194192096	-0.12332753504006094	-1.6620615067277333	-0.959107749738747	0.11429696119788098	-0.025104606309768126	0.8293588874138282	-0.7791257033207845	-0.02135876575002921	0.811636023797369	-0.38424358745747755	-0.12233181009895887	-1.6408025763209635	0.09226509408146127	1.1014898626656957	2.1044816112393447	-3.001794539256802	-0.013084258699122138	1.0562968754856437	2.254981891748289	0.5864584248119782	-1.8211069998705383	1.0961873312045434	-0.006129278479756598	0.0213166014334107	-0.5844231350523066	0.28174637824183046	-0.16397496610417078	-0.4868745373497179	-0.8438273854505337	-1.9478720727381054	1.251848494865204	-2.9681004972985945	0.5691831627339848	1.1359865310234587	1.7080070373248757	-0.6749724207545698	-0.42869008919106366	0.2782526647497319	-0.8758099044278126	0.15653404221913256	-0.44272373802822096	1.0960668060573098	-0.1763289428077134	0.512856367926965	0.1871477678402632	-0.3707535971340646	0.40508782785329184	0.87851011172148	-0.5860279635789504	0.5494813003492799	0.379260319740748	0.40935715949555346	0.7784336540140334	-0.3333848718065061	1.250320902496803	1.7293960224785052	1.3361256063188258	-1.209510313317804	-0.6230007596687529	0.05538632752417831	0.2991516573132936	0.11220853592932567	0.5637992601265299	2.9201477885352616	-0.04496462260936088	0.599161150419958	-0.07933051934280363	-0.04752518411789945	0.3040972331133281	2.1229995173185983	1.1174438773312838	1.024295909140384	0.47655157493637784	-0.1535591714727876	-1.2864145000554947	1.3390681728083296	1.279677137694945	-1.8875173586812402	0.15797084013737428	-1.6981382349881406	-0.29409146721727636	-0.5244464046634353	0.4667860019834038	0.17552845122740654	-0.9150236420983365	1.5229570320924994	-1.3779340972173295	-0.20958959658389312	0.23112472082100435	0.01561545021801	0.05924309663312342	1.6512264824690142	1.7300404473416042	-1.8407676555542098	-1.0451699789948858	-1.541705543289407	-0.7919195272385188	1.6975691549198644	0.49299450216631796	-1.4169402355914364	-1.3825017780266575	-0.8464986056259879	-1.604566903608449	0.44814357542894573	1.1834200772680534	-2.2922867043593267	-3.0390289899056824	-0.05928712314217142	-0.057502734937031015	-0.09455618636354708
36	0.4957369874294495	0.36244638401742574	-0.13815105373047276	-0.03331807375543816	0.39475126500497104	-0.42195571748341937	0.2402246214267314	-0.3440888220515215	-0.18398964932997758	-0.18477205486551795	-1.1472899850306746	0.4373930539012909	0.18580846408489127	0.04373980381727641	0.03861630491210377	-2.0775627455263606	0.4929489883366927	0.42999420003088695	-0.3090963867079823	-0.24018880025775335	-0.01810655393244165	1.2670577145183755	-1.916573730944615	0.798504206202469	0.11348429206564187	-0.8124432207649247	-0.4025527666665372	-0.8064615123525413	0.0004022147505202689	-0.05437975508399007	0.38585807385109167	-1.5092528578602704	0.3160446387145842	1.6814000680242738	-1.7780114036254369	0.604613066557545	1.270907624488452	1.2993805148212967	1.3370801566015718	-0.862421204639964	-0.5538934572484384	-0.1921430921687327	0.7979656879680068	-1.5640888590117172	-1.1166554482432303	-0.7165723321975762	-0.7211443674102027	0.9428632805660397	0.9446174653429055	0.9980968105666949	0.5024002715947341	0.8140128318040505	-0.15374263906362215	0.4575257878359825	0.32589666689608165	-0.02830235552536181	0.37797276587940815	0.3764470114017686	-1.300552636404611	0.43290487980856673	-0.013699527367822456	-1.265782628179139	-0.7723597171728003	0.5676216123474599	0.4232409359917689	0.9345510274967608	-0.861767892077461	-0.038940515447247054	-0.2269635353251854	0.0398624973221241	0.431803775211955	0.2135511819778338	-0.4307167877111096	1.4263954502434641	0.6712693720696861	0.23390196866889407	0.956163599088383	-0.9577964745350446	-1.0431096902581631	-0.16926204765560415	-0.7761462956333515	0.9264955422855633	-1.4132134125625837	-2.5287849896740657	0.1815848106872642	-0.6034874848383849	-2.212645437069148	-1.0443462358728492	2.224762608485168	-1.0127605196665739	-0.0775799386309309	-1.677583918570252	-0.8922970139265107	0.0059506469787682925	0.10560767353093248	0.42096902922255913	-1.844389079033908	-0.8793157037476927	0.5720016815447234	-0.9154112036209895	0.4052284869007746	1.2633315433934629	-0.7002396921531335	1.1561179584258057	1.5922572133333484	-0.5912420879911195	-0.5346530068426883	0.6367427593348532	1.8155487508037744	1.0953745445626137	1.4992536906372107	0.42255589549762596	-0.33550897995819257	-0.9396567332764443	0.590105746435856	-1.0493490562466414	1.3547680355795815	-0.8699789315222765	-1.2036202627716617	-0.28449506086806786	0.9072273578303988	-1.9437578208749364	0.09504903882601773	3.5190235091151756	0.7928811652388688	0.5579564242378361	1.4631760194544734	1.028447886201309	-0.5879722293748194	1.378890933867566	-0.23767519407698867	1.1559055012237813	1.5122573242256343	0.003605880538816053	-0.36690554117995716	1.0610222194232013	1.3337725489421417	-1.1057340567608909	-0.6747752999827767	0.09961120481266986	0.4322442321096673	0.9112471280318625	0.19262544991811617	-0.35907004500371464	-0.3747557735766308	1.4881949788073614	1.1848864769699177	-0.5798028046880624	-0.29878941079946425	1.548481137873084	0.46120143962530236	0.9430196717801921	1.7900133472260453	1.1479366930433246	0.3048097005393331	0.8957749291781154	-0.8950533535907443	-0.7264999133587577	0.6301889120557909	3.1709264094447134	2.352724490955435	0.5855064618564683	-0.049188185050240696	-1.2348767301795822	-0.4610665943894877	-0.1339887355425063	0.3646438517425197	-2.5689289693952313	-0.13160568046582094	-0.09384028366049024	-1.1722776926160068	0.5720565290062786	-0.2086457048262391	-0.3836341080081216	-0.18696639131194293	1.6545112658551138	-1.7994016601261027	-1.0656430316692882	0.6083074440100248	-1.8425127306203641	-0.009195793866450586	-1.1978935269663014	1.3883862680701164	-2.6190140530196304	-2.1862020515268865	-0.6103450998267481	-0.2784052587239449	0.3084850024814336	0.4520612603162424	-0.6929497904071679	-2.401874780128362	-0.6682045377784032	-1.7349286691844028	0.2840423145820726	0.6854627098274602	-1.5259494086492325	-0.29584962838163525	-0.5600389069766384	-0.06209986641566975	1.480455394547206
37	0.5814063473157016	1.0733714744789191	-0.3594783749693544	0.07659239698758533	0.7644678606492259	0.6714676467729762	0.46276844092780967	-0.4419322664162305	-0.1831523237975058	0.47395483660589977	-0.46903473949533847	-0.000469258900119194	0.3082845114551383	0.6207511761219776	0.3294162954578044	-0.17011540752637316	0.4972745790434315	0.8382931956793485	-0.5672952369362089	0.20402007192670932	1.0196202949241224	1.334331861980526	-3.161377177500955	0.37220475526649716	0.2106780047656817	-0.581544476424074	-0.2694597255109919	-1.2281833808485587	0.21399633044145017	-0.14912367390560496	0.6663406199994899	-1.4835409097157721	-0.14745637448193277	1.3317953273113017	1.5333413532202882	1.1985600867178468	0.7557881431179552	0.7306007320623511	1.2752493972260615	-1.0199270106085103	-0.6335711151714061	0.3895953222325959	2.5691927090935636	-0.30036821628433263	0.07332072957526048	0.3207501194829107	0.3094799869434853	0.49435293433187066	0.5772174395180335	0.9277423752761595	-0.6603461842886124	0.781546892570796	-0.0467672779709196	0.5652616761686043	-0.03678454247087087	-0.36211913753143476	0.27345642925758323	0.9840100211211006	-0.5667397274444297	-0.24730583860370556	-0.012198759364803878	0.07704087489130051	-0.49887351548243686	0.4429708236451672	0.4426285076150391	1.418377369647723	-0.05375173277118341	-0.8365708963540446	-0.39982236103192775	-0.8147858957292528	-0.8482124708750881	-0.3679864734052881	0.3619319391870313	0.9822338324566687	-0.09802119973968475	-0.011046751198323258	0.6815729560610707	-0.9376271765302587	-1.07390176615972	-0.7690184455528513	-1.6469596334027619	0.7980228556246051	-1.7534733821073096	-2.325587207315419	-1.0154684866588708	-1.709456715127381	-1.8322967035824569	-2.472296374292952	0.4861643323249774	0.6042334832497391	-0.5997163511844953	-2.2170867232950906	0.14643536071440597	-0.08651019023634766	1.2768865173138946	0.7284575293116572	-2.06020819211799	-0.954473984605767	-0.818529240072036	-0.5680760436100019	0.8243335185870052	2.1467595623968645	0.34201903893931257	1.6287607662484653	0.7931343736304499	-1.1990483930539746	0.12956939104903017	0.7825953455481994	1.0481898256680322	0.34672269233677855	0.7022798374196564	-0.47316235166265114	0.8115869644095894	0.0515931088973687	1.061550185377621	0.3765263381451515	1.3101070938142572	0.34405574128541205	0.3619633157099012	-0.058433570649419814	0.5171122826462665	-0.17049189890499886	-1.64028988664377	2.5899804178556667	-0.3688501604095416	1.0570056918350645	1.7520774919551387	1.8078493215498006	0.881161513096374	0.08248355640074956	-0.18810723198527723	0.6449145328503316	0.6734996534480587	-0.04147072084023217	-0.30290599089872317	0.6726755557854969	-0.24681099884837004	-1.792462476302613	-0.9964251558785975	-0.3705618986139957	0.7622677037228098	0.38871863461895995	0.8478550968444553	-0.7251778377592704	-0.9760024768241948	1.5414160393476712	0.7576610058515892	-1.8895149349344005	-0.14341912671759252	-0.15975063842083292	1.972365569223627	-0.9432171015236982	1.1106437556955044	-2.2845382682961826	1.4519593116264888	0.7533845779789782	-0.4035042223061706	-0.5447949335996737	0.12206565530949075	2.1274322091574813	2.1968397541986993	2.084690470904384	-0.037292486361426964	-0.28296094492552204	-1.2720088754126855	-0.6459867794289518	-0.3952136537610338	-1.3465711631392239	-0.8733961691601256	-0.84932005932042	-0.7642408386722356	0.7937353498040629	-0.3903963254859218	-0.9137319139319512	-0.8126666248706655	0.6333122241039303	-1.7043311429506298	-0.2754825715900291	0.28645100760618586	-2.116685157865539	0.18612507270545747	-1.5564402017483514	-0.15644103616076574	-1.931513672746416	-1.1646569911566345	-0.9379508694954288	0.2930960754584925	0.24356244036016192	-0.11532308067053477	-1.2477648374481272	-0.7814278681241213	0.10767278828713542	-1.3456295031430985	1.662762373790462	0.5316848273094771	-0.149018382382565	-1.4707412942025757	-1.3296526479309179	-0.19036581869305202	1.9905324155972872
38	-0.05623259054616367	0.023985854316573952	0.17168011486854803	-0.3757598518203337	0.8019394912962945	1.5426156685346073	0.017004241544288548	0.41514120693592527	0.26182322027505117	0.09837547364816873	0.9258395512406353	1.0176446660733836	0.1100376610340104	-0.12144217142608255	0.06506738160525555	-0.8364236091217504	0.8025550310144545	1.1981160789000866	0.22025538411909948	0.321613657797714	-1.0722362985400973	-0.129894369820928	-0.9419712921178367	1.0799360585354099	0.7113272692037372	-0.04245751229896348	0.18591398563860853	-0.8447235928724254	1.4692901849835378	-1.0862502668797418	-0.2652620536144156	-0.5899099823955087	1.1890431675084037	0.6312493605386915	0.3373190167849802	0.2575277917133863	2.0553538682719057	0.7389401471331983	-0.8728720118197667	-0.2323253729576771	0.26952907314115676	-0.35380255098490687	0.5901607242372897	1.2967898842899144	0.2581618142837019	1.6409696853417346	-1.171671257564425	0.98417880002912	0.38144088033223417	1.2589296529545417	1.3244202257118558	2.2705570157664483	0.5290646325797922	0.1046300027525629	0.1266386007373122	0.2361469805322936	-0.23410216391854083	0.6311924195844131	-0.9071943171997572	0.40557700758230997	-0.012114415989610917	-1.1431232533155644	0.5182630848763577	-0.9119523770814596	-0.3759591853655913	-0.6085698408706274	-0.087094260079307	1.4563674737611216	1.086409938785864	0.9485445066650051	-0.32223222267338597	0.4234184163503153	0.06305698425291234	0.5695591746830185	0.8297088561485261	1.1960124554379883	0.8981189125750318	-0.1350637746976039	-1.0021528968518916	0.5315875876381256	-1.8392999713883404	-0.0496377789353254	-0.7960841952161682	-2.0385361092144207	0.5027126843820882	-0.04328296052486869	-1.7253087716402702	-0.5202336374065974	-1.1266405918150257	-0.6200181441761071	-0.011069715231467743	-0.9932178370252874	-1.1805023539034336	0.18744351538029216	-0.8322464187893979	-0.5692358807780139	-1.4864497354598993	0.6306815224336025	-0.08133551085985927	0.49852676067557034	0.489641549229961	-1.1321275930656076	-0.1329325360121343	1.1145741869819585	0.1414083337402947	-1.1744028497904146	-0.20666892341861953	-0.7128584700346772	0.3945785167067108	0.7080688319208527	-1.5263650500592005	-1.0491885008348818	-1.0858347519631912	0.19566193891754347	2.2439710243921684	0.19056025228169754	0.49660386084378844	-1.2906877764431273	1.118522828799266	0.3217531054045417	1.291301668989952	0.7389785407831728	0.015935307606165683	-0.2587076666304909	0.4590086189028348	-0.4309867888702728	-0.8715496893304112	0.621732171156992	-1.078458476611483	-1.3197594574996796	0.22357724692489003	0.4863262853499333	-1.7967542595832895	-0.3883456667965197	0.05391657989462258	0.8685379863265101	2.218994565347153	-1.577185142287128	-0.3384954864833976	-1.3722966331416016	0.5481242880555169	1.0670210690618462	-0.6936914209567658	-1.328786301130438	-0.779126098656867	1.3914345330804876	0.7055172169313223	-0.8244106567823927	0.06757302939887833	0.37326421005322535	2.398841683553725	-0.35114837971761753	-0.8818745015169195	-0.003634262237987644	-1.0758055319441615	-0.2211099344864297	-0.3587142108772786	-0.4638836325528553	0.31133859057749597	1.563313788202928	0.8492283099555746	0.4070932334932172	0.7776111445247086	0.19339057832481013	-1.2020040194677677	0.8261389087265428	-1.1376700306082144	0.6887238001156396	1.60832767633581	-0.09172081875557524	-0.019175728598961973	1.7136207873427347	-0.25519417273556183	-0.03346817043146067	-0.001014736166073666	-0.06958821726856058	-2.0490030493866	-1.4391912008721754	0.6640046685893513	-0.9728047113039121	0.03672799699303164	-1.4952686351899087	-0.5609607018694536	-2.9292063148565877	-0.4490258189302352	-2.103107034939727	-0.7252370458448832	-1.306498384725939	0.7849131396159166	-0.07937281091950533	-1.7963180252721997	1.258677456924165	-1.472437528471214	3.2594935184128855	-0.09496167004607123	-0.7477471225808524	0.9626749420400416	-1.2237889748668023	-0.38536174061153666	-0.13729235860482888
39	0.7853360568839415	0.8979575280117955	0.5404017983981575	0.06737914582416644	0.6072875029133907	0.8285194721912404	0.7472065625809637	0.09144191924566514	0.5347849376292492	0.310599769195195	0.9621138920017938	1.0282530929882319	1.311586592705928	0.23917622855494547	-0.5158575846014508	-1.552485346462978	0.8166034223125128	1.3991606237966394	-0.7046780011724877	0.5301461740336691	0.33943269989419883	1.6024221641546015	-0.2946993897492583	0.6944146287874219	1.3051672519455937	-0.24895451640808827	-0.5509057135326152	-0.27482024616229456	1.3077083160018197	-0.6885384901316297	0.3553828630027212	-1.3955052734322102	1.5792973414594398	0.8513674762536277	-0.4562958563795112	0.7682623131021851	1.5997826924377554	0.21288374773367127	1.0905604782512774	0.3578672173246926	0.5519684441500456	0.4163949915405322	1.701730756319458	1.4919381224422548	-1.9744948997709735	2.5554030426450804	-1.1516705335635242	-0.4633061964027834	0.7546770154057533	0.5474894750840619	-0.6606863174503391	1.6640502784108842	-0.5286506760961103	0.09939469858588595	-0.3625895391642413	-0.12412968788956291	0.17045897036802615	0.8639088848201766	-1.184534254477038	1.452473182421324	-1.0561962067036699	-1.3309932701002212	-0.4208018146504287	0.6578842236216024	-0.9974294205458197	1.1836602934113007	-0.18524265211771337	0.7529584723123234	-0.28758189124447914	-0.30645118258451215	-0.33380077181298634	0.057249478545467726	-1.0214520693883378	1.2743679170173337	-0.0030095958418191273	0.5028909818515857	0.9510537453559661	-0.8020094852917293	-0.88672551267319	1.1104820007408833	-0.4171867659877995	0.26372366400537167	-1.3327478002285111	-2.2468708139591262	-0.03499258487371384	-0.16625995520441025	-3.4642747946379	-1.4195175344117776	0.9048632828455391	-0.5165657375904639	-0.3189909880392519	-2.056946094811307	-0.4765338313715021	-0.5962370482129559	1.2946868031068621	-0.1210917654057081	-1.2560144833989388	-1.032094917112891	-0.8402983394098209	-0.4204027250674062	-0.11449005239953625	1.8698368284849438	-0.2575533536343952	-0.09023979230867325	0.4319168194453362	0.4324049049851875	-1.6213779573900655	-1.3469184623318526	1.0256838310884886	-1.0355246221457557	2.451601892941477	-0.3206041453126926	-0.21855478555464725	1.5174891825358072	0.2003469933625974	-0.6576423427525184	0.9131774609927249	-2.159433082363716	-0.26937698317733266	0.07475478388839728	1.6818909850563897	-1.7590659578242211	0.6903238238857083	2.5186032258868183	0.49118986709211554	-0.5092144168912892	0.47260818837401325	-0.20086867173574138	-1.2194098964357731	0.3180108095809116	-0.04582046341971705	0.5572195202216393	0.18301228311606724	-0.3985881855547779	0.19046149507236718	-0.2309672950598307	2.7168141606977865	-1.574006346182051	0.94454946701042	-1.2065180040158405	0.15799384327045252	-0.34744773917868854	-0.5401789534957948	-0.6380268125008017	-1.9821672742846885	1.0749542299243604	0.1544703318514901	-0.3397843559856864	-0.2943486456651477	-0.3827195944700679	2.018672569060169	0.2062929987084077	0.028907428089660625	-0.26081473560541574	0.5915901436582697	-0.8536522987247306	-1.9179520683371336	-0.009518759695236412	0.9583903414363554	2.0219444478403115	-0.3019481344369889	0.9460918874193108	-0.007088662274867323	-0.1840323218181701	0.5045315438556705	-0.7843499480932055	-1.496361711684413	-1.9187582448809668	1.1053082131783964	0.1740365908683477	-0.4613688685126422	-1.1083271677059596	0.5178083213370516	-0.3148826305898941	1.8714951477303963	-0.22801500802904437	-1.9074952087514268	-1.4498504676502673	-1.5866975298206285	-2.3065357501536665	1.456413420007206	-1.3951606480924468	-1.0354561709368741	-1.635718111993419	-1.0747816855045358	-2.1700096973169765	0.2628238790563366	2.261406911095379	-0.22960217130302799	-1.1430373053726879	-2.68927067658669	-0.08076517190937756	-1.0076266508785363	4.237538931060223	0.1630129502120473	-0.3923928358099467	-0.06583612472598939	-0.22784225563676297	-0.1352116157530017	2.2409381181784855
40	-0.46545610627653355	0.17696524739041694	-0.2616790343464075	-0.307092498252091	0.9975204550578145	1.1603445528663052	0.27227419124650354	-0.18970142834614476	-0.26274159977838035	0.4968237626883699	0.7251930294943929	0.7471156543046659	-0.5788157475665473	1.0195239458359915	0.3334340733546643	-0.5152766253691012	0.7598404137898739	1.1175779165511035	0.22293278952970846	-0.36026590528404134	-0.3541231051238475	0.5831225194151713	-0.5393213137227931	0.7518650155324021	0.3806082556925673	0.12133962274724049	0.44920817619376463	-0.49849638867894247	0.9388205151837117	-1.2279255585674789	-0.05008414872708718	-1.4382340705068257	1.0131459776674594	0.9074962113448889	-0.4633516823194344	0.10888372932688903	1.7071170651390708	-0.05296239994880507	-0.3648004722289447	-0.34488595425139634	0.8539919958051507	0.3796963041729254	1.7533741970458347	1.2986090357471192	-0.086398013295312	1.5519491876722076	-0.027526413559002427	-0.15066207993000072	-0.008923982959020148	1.6383859091874584	0.7575971537071847	1.6558172170371726	0.6811523530942367	-1.2627326658758184	0.2820256037217825	0.1550385073579647	0.19912409294782693	0.7343736636802463	-0.873011205468044	1.0028345607139937	1.226434054849029	-0.4650437222243761	0.09405697051759851	-0.8613357560272183	-0.11171986047433209	0.35190609648842247	-0.31285118660536304	1.5379278403406336	-2.0640546622521554	0.7627633942421899	0.2780327171052287	0.09679679287261896	-0.026885951414889607	-0.1640145637036992	0.2463924483194412	1.8045748519215579	1.09124836345095	-0.07150186045404214	-0.4650362116625807	0.7675450354269027	-0.559431122823075	0.7227163972655613	-0.4926011804690938	-1.2251301893829374	0.44410340013852456	-0.4983169600267628	-1.7004813527879414	0.1947631506694069	0.04379211468113936	0.08956850103573717	-0.2336597181206023	-2.068497178438412	-1.3203861112445505	-1.0702758993322745	0.7464515018657009	-0.5746008219867436	-1.9315681652974983	-1.3504852996314927	0.3016206000989696	1.0683972392558119	1.043236339689329	0.8587164052749612	0.1327222498579021	0.5839553926911238	-1.0146979319945335	-0.5260285918157602	-0.6052454075020473	-1.1282825669535268	-0.25099762290362565	0.21136256246044965	0.1826334219895347	-0.6047799956512573	-0.944936791705427	0.7053932146407078	-0.41277237371397907	-0.7486047824714033	-1.1518896951173492	-0.22431980334265172	0.7817117401682483	-1.711012134038813	0.611241021265141	-0.4190571893596413	0.4018555531454796	-2.2030001262855725	2.1126507350028496	0.5436315958772976	0.42233275288179195	0.9329744887238103	0.03320026648382135	0.4682737313972116	0.3576236578381865	-1.5822072325025647	-1.2135256960603982	0.6016017332355728	0.5684932382728676	0.9586384687302905	1.7547103938217183	-2.5900749026436776	-0.54855429232557	-1.1620283383461927	0.33705223138843327	-0.2630152138201227	-0.20233327259227388	-0.6023640083729026	-0.5902190136571595	0.9874517915231371	0.5065962286261878	-0.5609908046758003	0.6690115948233133	-0.3328908557255107	1.556486925286143	1.0818020297018083	-0.7456602831581816	-0.49620469660826305	0.5195174195671742	-1.219047737710275	0.26465678481557003	-0.40028989941366167	1.1986336363268166	-0.5336873374334041	-1.5037130765798223	0.2671715961395645	0.9403145267523717	1.014913702263692	-0.12193154210332705	0.38011594203276766	-0.7840737624120342	0.5322139464141851	0.9778123802210649	-0.4334813979410265	-0.015979955410028522	1.8517959521183893	0.3869245880992235	-0.035181124948963194	-0.9533731309611342	-0.013129788771252504	-1.3191919969939943	-0.11522680534494922	0.058568299605490946	-1.2006457596030273	2.1385040164713205	1.29990624988746	-0.6000072338929247	-2.418214330353051	0.8156336861344927	-1.3430223547690088	-1.0901063912674842	-0.31045339200292343	-1.3545408927587197	-0.37703850509249087	-1.1828044874419992	-1.114430122880637	-1.0245757260264987	2.839593074680007	-0.8579391793592253	-0.34143201170889964	-1.715340438652045	-1.1981713309911108	0.14087964567125202	-0.17166007387757087
41	-0.321668556003752	-1.3833057314402017	1.4890649128539706	-2.0821375815668675	-1.3192598201767807	-2.2873820756074754	-1.6818567962955564	0.6796315629055051	0.9610050824418608	-1.4229426298833001	-1.420280733774117	1.0583311533395072	0.9944236163115178	-2.2568031219443454	-1.9232575331007302	-2.4055708492190107	-2.348064467317556	-1.36012128720533	2.770262531635026	0.17353070519285452	-1.4235327538821037	-1.648426386219354	1.4312495064896702	-1.6961351036244001	1.4458761490312162	-2.1282989843727	-2.6171394982804097	4.9823430005917135	-0.691487223906329	-1.5186864430242246	-2.362560417054696	-3.5327592086211865	0.7690997812060993	-1.4107817153669975	-0.2881189224189892	-1.5316548276800162	2.393622228622656	-0.9957879865185594	0.40983038330688765	2.0851982534896147	-1.8470430904504318	-1.8027407709982124	-1.5949674415133783	0.6007132020094781	-1.1657769877126307	-0.6045294215101378	0.39015196452059175	-0.7892612336715321	-1.7083420192547076	3.8166705728568204	1.2862680794648367	-0.3227561337789256	-1.165693028046904	-1.5539630720020097	-2.070254176207265	-1.1706975741407257	-1.6731714270750284	-1.9977845873186668	4.921909582819859	-0.35496485911396414	-1.2601622548840992	-1.0195621714463838	0.43851678106627795	-2.5603444059206923	-1.4866832537895251	-1.435245444168501	1.763949494926683	-1.1045992412712708	2.214679508185017	1.6581089823244872	-0.9298968061513221	-0.9470032902872251	-1.278746364328508	-1.269228222610704	-1.6590669013604185	1.4937686678277795	-1.5322072250544265	1.1960236253278513	3.750208275867182	-0.541133822061371	-0.3756756089048543	-0.7014775906052549	2.991706418163617	-1.698412627073227	0.8433276902994773	1.5167283204992181	-1.4723578683774456	4.455332011899337	-1.2459146797083427	-1.7356997619520664	0.13452783587634404	0.5941597368846837	-1.5723671109172206	-1.237235555877413	-1.5436278247323125	-0.9918605945792249	0.878508075919725	-1.1365809278048453	0.3974331560058852	-1.2579443871905562	-1.2036994194070703	0.35052526238385306	0.762667335611828	-0.7704059663393374	1.1102360528566397	0.5782321021756445	-0.5174393109269039	-1.1703677995257837	0.03263471580343136	-0.26287814541922494	0.34408832783634313	0.07566166089145696	-1.1528215714370909	1.5295758180469028	-0.357609269640075	-0.920658817008154	0.8349963465878621	-1.0491332446055992	1.3224798015019599	1.4268282162390722	-1.1761896632210411	0.027317271921492053	1.165281248820388	0.6430454018217789	2.8464391590207994	-0.9361700817201483	-0.8735269519844232	-0.27286606843077976	-0.30871068324051554	1.2066265094865143	0.1748628364123816	-0.5217499894799603	0.012037749610522452	2.1049840411667184	0.4310192786292644	0.6603721151069298	-0.15725266196753215	2.8910076366699484	1.1750559919710026	-0.1860582749570013	-0.830133543738349	0.15370663321272598	0.2469295205632295	0.015037838387075023	-0.5892372116843181	-0.18935722628195856	-1.8806805786389815	2.165805321067446	3.340619721786735	0.9728485424834394	0.7834611047421344	1.2924662365647175	-0.18860523623530676	0.5807104075874978	-0.8701454415619976	-0.6034726071783991	-1.004124128244535	2.1128034732593006	-0.8732130405712291	-0.2365662042444537	-0.2986271603116828	-0.730279307077905	-0.14665695635012482	-0.9845105287075528	1.083413095445931	0.7916597356624892	0.6998290470705887	-0.12735316856655482	0.47736888056687204	2.3051757355933526	-0.8651146928997715	1.6028646736029932	2.427311585607922	0.020015628676436914	5.344046862490231	1.587192265009522	-0.2417655876465177	-0.8534645408328321	-0.3797809055589235	-1.4393990017829432	4.292821813005898	-0.12487818477207199	0.02291769068572372	0.4681812180518944	1.232321156709595	-0.5705906450611232	-0.24736353788083107	0.02237849529991115	1.6426543171646832	0.36639591422602225	-0.6723292884322748	0.10504181766400815	1.0006451870261244	4.035528807373248	0.7949594873188675	0.46695200471938825	0.18727972333445647	1.1016912338307439	0.04445493483511988	0.17856122056568427
42	0.015539225360365772	-0.4079722725126178	0.054337281959964685	-0.9897899318102445	-0.23803263687852194	-0.32751423086861564	-0.46693848149287387	-0.4410967965593684	0.09799798186710108	-0.6513190380027435	-0.2744543618310964	0.6756354463404296	0.6007468577741245	-0.00919010737410368	-0.3425665587822834	-0.8876918129206007	-0.3396471964503347	0.4226747191625607	-0.14347155343349424	0.3557211570685561	-0.215191448593586	-0.19025823776805656	0.6270925001217174	-0.18698549416326804	0.5633589720376054	-1.0584715104424092	-0.5456578640397879	0.24731480558687172	0.6665234022781469	-0.040665076054476786	-0.58611486811985	-0.6111380560798328	0.9414956486166987	-0.012292181652032053	0.502370889692155	0.0338558789565998	1.041224932067316	-1.6347514114023811	-0.1470208065500568	0.34085997893317693	-1.4055566840752853	-0.2700412876265991	0.275781317488585	-0.8677416893429942	-0.20352853336017934	0.4544976317179884	-1.3895930101833136	-0.5584409762329661	0.018858999795758467	1.6947892227225798	0.07921565948905905	1.7569653932957636	-0.09478954287351543	0.08936068752476568	-0.25353995848732114	-0.42573001440937763	-0.1192810043805244	-0.040886183220270184	1.6388526881789232	-0.6898171643469403	-0.08328660153216401	-0.513194916459005	0.06873860231322823	-0.9524956345729371	-1.5924690689632017	-0.28898563245257525	-1.0001546710564342	0.30240137485527624	3.329024194382462	-0.5699523377775604	-0.751182269089113	-0.07910500963060157	-0.11639779983773378	-0.7043903496619294	-0.24180526427422	1.6949537253123204	0.547244728745193	-0.9646950033402675	1.809830372008224	-0.6186927656066508	1.5364854314603411	0.23782689195370751	0.5682462033716782	-1.6350042482759735	0.3563309945158448	-0.4627983067887685	-0.8583616468674191	0.26310843837303904	-0.39717575594264737	0.06737606526378824	0.09964250682583033	-1.336464341507203	0.11344150659794683	-0.7625926598983231	0.25964323792146893	-1.4105335577233213	-0.9811125025635686	-1.3679854104117621	0.5115658884897951	0.2513802999557493	0.19160928656390733	-0.2249679409678187	0.9811275846842921	0.11932130316021082	0.7357267461287423	2.741910160967088	-0.8840813434639725	-0.6555528308387552	0.382238611974752	0.10175377592035781	0.488385702635509	1.0638318304972703	0.6534028708848361	0.3346302943179889	0.0316621677419301	-0.12968377292638558	-0.23181789278486511	-1.0047154801197848	-1.2636801750798736	1.4953791557869354	-0.4928121809616394	-0.5600597772847471	-1.3017250869862433	1.7151821311475153	1.4138911255325493	-0.34166692550686956	0.17533343954774505	0.3025153193109173	-0.2611813619107712	1.3632411247655847	0.24176490047694577	0.6482396093836077	1.1420319367121488	2.294153655392111	-1.8487927423313921	-1.1409221908497207	0.9752771278996473	-0.1962457287800665	1.2687120007736705	-0.15399730791648844	0.47239021718602103	-0.5447962887909884	-0.8369457378732247	0.005567657494498057	-1.2836312726645618	-1.3556958350940393	-0.5213768887004948	0.9404048154661357	0.9280146872080092	-0.33603125304507664	2.0764404056109145	0.5579158461459606	0.2988263002075056	1.6867461711360887	-0.5001688458771846	-0.5216222359055701	-1.0186582073500985	0.151614486195051	-0.061002631893755606	1.6432843351681676	0.4324993054826953	-0.5591853364866993	-0.28407162176162076	-0.48228071559540686	1.3563455733268461	-0.09879267484234769	0.9497809679043894	-1.6399693267567157	1.5039790431429685	1.0509779932387735	-1.4948781424453075	0.08697304937083979	-0.053489071813467716	-1.3821237649950755	-0.34335713676289087	1.351812413231437	-1.0470963789226786	-0.4507197408359253	-0.714155683948629	-2.463795073459781	0.45596908190662194	0.7010208192734556	-0.15976807290906414	-1.5369835073800877	0.8697404326433119	-0.9233697434483855	1.05010168715442	0.47880611208536483	0.03352842899967312	0.5943015148455549	-0.46529941229727495	0.9267327709799336	-0.29179727792117355	2.0567737098174756	0.8723960638097772	-0.2591100762842222	-0.4984447576405504	-1.2218086775693033	-1.2852498841857793	0.4770142591012317
43	0.5851260100111032	0.36703138629413573	-0.17666052185162515	0.0975055652783015	-0.41528487380176055	0.6067340603856523	-0.3491585678704922	0.023444081396889856	0.4581962040137109	0.532394649555087	0.13363891458903107	0.7426038178440176	0.8633800720414139	-0.5417106397896352	-0.2776082683868226	-0.323419728018882	0.07095545604504619	0.9215583141302859	0.11740544953160598	0.761723146360621	0.4472486728448992	1.0046164856322788	0.6294931307790738	0.1977745628346252	0.9256236483057482	0.09007500083185302	-0.276444307403154	-1.2719282853599279	0.35096945096646126	0.3759703814179108	-0.4604154295074218	-1.6144413249329075	0.6968492356977577	1.1365748486033533	-1.5747987682223155	0.7354962004758373	1.883771934773411	1.0959482410476982	0.2543527130063612	-0.4459261220206884	0.4475461245729551	-0.4943866495696014	0.15288667605449432	0.040239459308578154	-0.7840708829649959	0.8960329876894103	-0.6654153658008172	0.33259789730224526	0.35066265486727766	1.7517697356586746	-0.40016306330182894	1.477711709288034	-0.22205242843204376	0.18214185533143754	-0.12775735301096683	-0.004037403654347732	-0.07598441372327791	0.5373061284200112	-0.8643775575680135	0.7409192375393462	0.08370332590279729	-0.2093384557684601	-0.11987187303942871	0.8129981230523847	-0.8639034893725168	0.30298153899317554	1.0751051374486045	0.6591949817997428	-0.37736150027515997	-0.7730199692046998	0.3643703395902371	0.4261788663231453	-1.3063782090781417	0.6454921734382474	-0.20608383093891894	0.014284874889663547	0.9428940357432211	0.012705835156904126	-0.7442339428627033	-2.220767007195531	-2.561419655831457	0.4353384425453607	-0.5581583307450155	-3.2850081328058924	0.1982160900968541	-1.4341863984648595	-1.999590382886518	-1.0340375245459401	-0.42409131816384293	0.1386453393141029	-0.5680374339388176	-1.9399200214477863	0.649635207547249	-0.3490769656382207	0.17388321796238673	0.5809173066373677	-1.3868180631215439	0.32465608170849297	-0.028106645728011328	-0.38556071047832335	-0.4011810367492414	1.5872021301881263	-0.8441207639124361	0.7835790847536258	0.6253107422843155	0.3848128502054253	-0.27788537118480533	-0.14696612281279606	1.0015843383557133	1.4154167090052125	1.1200401166633152	-1.127116740374444	0.7634107217785006	-0.36724898935411887	-0.025506190942482663	-0.5481804973469191	0.9789753195577333	-2.268877536507337	-0.8655222957497979	-0.22064015025317765	0.8224390868590123	-1.894022012560901	1.6428096915025867	3.2589956814976806	-1.6977852604497334	-1.5034865763963305	0.6089922547935356	0.16122141069698828	-0.954695121724156	-1.100173927140306	0.20022340679967127	1.004717891243261	1.3167679238920267	-1.0151602810579414	-0.6435252768148539	0.06728065921491799	0.8691052600554362	-0.6661696451802194	0.10292542758099991	0.5149529575552225	1.1185523685606935	0.5335542676567478	-0.03412472004376644	0.630628459346375	-0.3476970249602573	0.7716189278667038	0.04884709308053736	-0.6438764506402836	-0.6139196464870356	0.40855079720106	1.5033866089235608	-0.21859613037038503	0.3510418688639828	-1.3468918384469009	1.199569814759194	-0.2466152022613418	-1.379854152276901	1.187800083080926	-0.46344649097879614	1.2363055193876449	0.7018335925071753	1.103430541582296	0.7329699330235417	-0.17119935301106273	0.4982468019797761	-0.5342122597912676	-0.36554796449837207	-0.7443376699071962	1.2354700593012176	-0.5106257015860655	1.3199181963821545	0.6380392265572469	2.4191467347850097	-0.10151892212307749	-0.040754358606504386	-0.1981180762965096	-0.8147904037165848	0.921148416191839	1.0474579002916968	-2.4226248441284515	-0.04567058879939399	0.15247975473423522	-1.7138341076744341	-1.162978193944285	-1.7813610126623909	-1.76742132873029	-0.2075315725268453	0.03231802992910064	0.9677226083066326	-1.1887598304597604	-2.5708290322270115	0.2555826969180094	-0.8693858256514188	1.2850254573751292	-0.009975584204794346	-1.1510488978968707	-1.1064025009871719	0.7727040997144276	0.6332982850415738	1.6883364724224312
44	0.713716108397847	0.28999003593517725	0.14998680248070856	0.4176625380001234	0.45190452697724426	0.7877167082392018	0.7497555152598891	-0.11657314707100186	0.6283462209668552	0.28435197285684816	0.5288723499250143	0.9162468507103524	-0.03168780091454928	-0.6672769938933343	-0.1451159433343708	-0.27155588160831756	0.8343108532130868	1.2023721349930074	0.857109143607854	0.9180745082004587	-0.02526671363347801	0.33728168132640085	1.1310286142387458	0.6513853089516289	0.7677340713399663	0.6075867367336925	0.5985448890194178	-0.9110519667041921	0.8846782505545449	0.7528563553957522	0.14557594581500086	-1.0096777304232933	1.096343279062753	0.43189667140403837	-1.599788980192375	0.13036853652571123	1.8366390822377787	1.094630508675657	-1.0952050359037262	-0.15155804536513245	-0.5260991699995985	0.08456144803241432	-0.352795266509985	0.6438866732071121	0.4633454264245459	0.6269767851257686	-0.6651049737405638	1.2167815049297823	0.3052445067470896	2.388414320711419	-0.213791360548806	1.4900291460040895	0.9467031434288715	-0.09985695296326233	0.4437357397121972	1.1874745382254004	-0.11999257158019469	0.7078961868210605	-0.38531980207710415	-1.7813500278528243	0.9457865081244419	0.5647859325263451	0.10401677416824687	0.3948503140874336	-0.011801587475138509	0.3186545766043437	-1.4692805641331286	0.8786337967583762	-0.03647298926041498	1.3002414829395144	0.9576289025532357	-0.8400892970958544	0.26683838143025856	0.8688829174693854	0.2522118783497646	2.042239229681158	1.2083379588294016	1.1403254483129408	-0.5926228005837559	-1.1745809681438664	-0.5510719736815597	0.16466034755155629	0.5725963083207495	-0.8676621339673078	1.0814607214157244	-1.5733344446925703	-2.0560316038776394	-1.0698085947390668	-0.7541878600505989	0.340773721085459	0.2060620512768357	-1.7565920636776216	-0.717998240954193	-0.19231083512786737	-0.6625611180458402	0.6154008908664264	-1.4312694783336464	-1.3199004717465013	-1.229713715835958	0.21491544272988145	0.014006267849830278	0.7670049605992687	-0.7155732731598748	-0.5643795784499689	-1.5131164220304936	1.3087010748096737	0.12690747540780828	-1.414282146416915	-1.0996357051467194	0.3834153539104155	-0.7993732218726022	-2.310674165609819	0.7356867673534795	-0.4568559123692184	0.07483488506833216	1.2012608309785342	-0.47703973326291144	-1.2148207131542341	0.13626755566643445	-1.0772855418108116	-0.21702503284699293	-1.3924889662626883	-1.7523430368983288	1.5796996720990006	-1.2771846576427521	0.6804532792114035	-0.30703580284765075	0.28181074664315964	-0.4847846898024638	-0.7705541266220342	1.7131088373811967	-0.5201307581586214	-1.9064724013563787	-0.786138737228723	-0.7397528044317061	1.244780905989861	1.3363384475341642	-0.8868897888680147	-0.9309402681712914	0.4822288714893082	0.8433424133761364	1.7084755480435447	0.31822469320533464	0.2561575108707352	-1.191686802600469	0.8650183519694586	1.1128286958616325	1.0051530712390362	-0.5030597961804133	0.5200223156333725	0.7263465813148869	-0.6476766993403252	-0.6236171399238366	-0.7109556446493078	-0.8389401767332749	-0.3773903754184906	0.14604664760320146	1.8595392838154687	0.4251456146832929	1.6530257018784336	-0.48013017178175305	1.521150574530008	-0.3190468056262137	0.5169811520800351	0.36813186977466833	-0.36290097540453914	-0.8350602200652432	-1.3589535290764985	-0.07276272630482697	-0.9861431833436598	-0.9081172902182443	0.1430875396301563	0.23744570243975552	0.014846015716090566	0.13273415445712922	-0.7870876273537706	0.14125886084972883	0.21578374849716547	1.6107772927314667	-1.2367741124395928	-0.04366480420318455	0.14785708831695707	-1.457503946156331	-2.775097403042147	-1.2650766618757159	-2.7022922809897603	-1.314600563867512	0.12443777297351075	-0.8660433729714312	0.6066592125874595	-0.7415989046463334	1.5470657488566568	-1.3808194552451105	2.606039022052081	0.5731232869321794	-0.9213890716924356	-1.1184663862728774	-0.9733795493947209	-0.00705935056292688	0.7439010081332984
45	0.47975108060413535	-0.9145461940714981	0.6472420895372227	0.6220101621600177	-0.24601984127630847	-1.1136582188032123	-0.14596111482502708	-3.0331662825667096	0.5054450019309542	0.4685317832975042	-1.5976975224839467	1.6930707100547402	0.4638755339928025	0.6470738129068024	0.8072887955270588	1.0068313925129317	-0.25682715467758876	-0.3050985721594978	0.18729847741595185	1.28205725373683	1.9286987288345652	0.09097678061458346	-0.7896869673283989	-0.6910057739323964	1.2987884221076027	-0.6184901686867504	0.5785015127569966	2.808264237241566	0.14763158720663241	0.7590117131402607	0.7971902493118429	1.2745317273169012	0.9435714746176451	2.111607755493794	0.7747618127260255	-0.09635959594217429	-0.7774972602428694	0.0453517531428548	0.7428027802108179	-0.20889246801142827	-1.8693404037719075	0.7410531494794664	0.3353790696013524	-1.0740895702488602	0.7703752455282803	-1.451788125164007	-0.8097661754209561	-1.2769126008580096	0.3426760394459844	3.8918287296839877	0.9770260309435614	0.04535057324606249	-1.5776587341833876	1.0694840116681568	0.298476579430698	-0.963333439099065	0.19002693614809466	-0.547567889003865	3.5013145875414367	-2.684685061731241	-1.2031783455596576	1.2782605146376207	-1.228548017419823	1.2917780640974728	0.5914984860401532	1.8846010542726486	-1.4269588806923574	0.36610022879640525	0.19543520894614186	-0.16669029772807742	-0.268281604287103	1.3740356671158762	0.2303754141068639	-0.9274354248630706	-1.48282652751097	-2.0941150041316594	-0.7468225624876479	0.3263230641585099	4.651109727921082	-0.39777769706644833	2.2419047570449497	0.9057400116658725	-1.2735339122764107	-0.7995359536418434	-1.0916772583505658	3.307395327546057	-1.2394029187076694	3.87173842619552	-0.23501746813870542	0.2676906334585563	0.46810453451846606	-2.073335132864378	2.7073238968347275	0.4490647932463081	-0.32396828407442985	0.81792926127694	-0.7979258432184517	-2.403639030210472	1.6617449850958212	-3.0052599709431624	0.14635974410001548	0.36977637468891017	0.6302961648206125	3.3344280842373912	0.5279898137420754	0.5274220237007105	1.0345977340637496	1.825159811177702	1.5202332848312865	-2.607764483853693	-1.175775572797097	1.2916110182740048	3.043107726326092	0.09216693087644512	-2.445283734174232	0.6508350532121475	0.8748933926574519	-2.4620793406544257	-0.2315058718789119	-0.8044253686647251	-0.4905216464914038	-1.738437410593229	-1.3937369699054418	0.985435666085158	2.9277289440095395	1.1583730850632281	0.5589493147639875	-2.078302928713332	-1.552162028302881	1.98021399090912	-0.5832392899264726	0.4378194184416177	-0.3663012453954763	-1.5242280655352074	0.6519314676658815	-1.6585146425373212	-0.6034045244589042	4.11562039467135	-0.7536339327235662	-1.4080589148036615	-0.6496844997526287	-0.23156379441682332	-1.54196629392776	-0.5604749588641808	-0.36042755363690754	-0.9019793257689118	-0.11997297727577631	-0.04601344904584168	5.194110303456072	-0.335805995194779	-0.05628058941956917	-0.7042602686702176	-0.11858320087395031	-0.3180277130578161	0.10259891310444956	-0.48834692583140166	-1.8090890656791638	-1.2958637180020613	0.5551877606802506	2.4809440277740706	0.5603149823054238	-1.060608375263089	0.7213545871201245	-1.7406699786673112	-0.09580507508085678	0.8002761539815175	1.3355575735972496	-1.4477868628679538	-1.53804376819573	1.323927469283294	-0.9380232862642823	-2.0640888517736182	-2.7940309778683043	-2.4039439175701105	-0.16224166591286757	0.40561221273264253	-0.4219454133429535	-0.1459915219760466	-2.0806254781098317	-1.3492553990157479	-0.21127666396957323	-1.6008734447349406	0.1523836520332468	-1.3945757954237477	-0.07569008377434473	-1.3459610923354985	-1.1244165515584166	0.8484637861428993	-0.4523679968563219	-2.516087816459779	-2.1425626379439584	-2.320155034341206	-1.2601168009362926	3.049083392891065	0.4660138081952445	2.958174923983113	-2.05007312974803	1.9568258785209596	-1.3188821189399489	-0.051295193791674194
46	0.05799042993491488	-0.9180750131031035	0.8911111589296246	0.48825833779316175	0.4850251431496081	-0.6506490260045413	-0.8468438786787444	-2.6773899215356334	-0.18929953226647717	-0.1614463250700517	-1.300313531788868	-0.02596303208239703	-0.3994611734709744	-0.5487894570908579	0.8156151246248943	-0.29204699372189613	-0.9384248795818733	-1.5515084143480724	-0.8426003720727122	-0.1523544753350755	1.7308576800457005	-1.3395139898061397	1.3035530976145502	-1.8979020675691234	-0.13768309228318593	-0.736738235216818	-0.5262862922364471	1.667480168067182	-2.228513789949391	-0.525122478519725	-0.41797626298935325	0.7397699283944337	-0.009572096902328131	0.23995844305797923	0.5230791437945147	-0.24241015385903664	-2.193882219832355	-0.8198912576055947	2.665040742779554	1.6651401457702264	0.008254289035491358	-1.738734181285138	-1.4879649612050825	-2.5035585796046655	1.0603687161308095	-2.110755584872151	0.0008418206267823414	-0.670134228832676	-1.4495644129274008	1.8050098538552426	1.1640869107739424	-2.6432745298923033	-1.0392686182942856	0.566256466964045	-0.4911947253884819	-1.8330316455736155	-0.026045248082339684	-1.6228149065791322	1.0851206391436192	-0.9969149172172415	-1.9465961589632637	1.6561183902163508	0.02284491870251496	0.6486933241512605	-0.3587167293445578	0.23526926983983396	-0.8211923519031303	-1.4283654046323258	0.09040376363092148	0.9526859212443234	-1.0581294327158162	1.378069054975919	0.4985359888027683	-1.4738652400457304	-1.1683204476781737	-2.0076935884178395	-0.8432593544316596	1.5676511969199975	2.17170342160845	-0.7811180482556128	0.0027826290395269737	-1.1067848571371908	0.43267592612921063	-0.3487814018733061	-1.8442507763926637	2.117487069822025	-1.0934821838428714	1.4612482813873244	0.7048826397317751	-0.7736905475010836	-1.2380600024746122	-0.33377923505240487	2.7704422717589248	-1.5826068623180642	-0.5667885206329082	-0.013393596828336851	0.4453438588458569	-1.8663433072629663	1.8912397038057183	-2.3543150259580754	0.3437655612807286	0.17816049009892088	-0.09387571915877302	2.76197705935748	1.6788904400007578	0.23114030178571005	0.15817779994123468	1.1076682831867528	1.0839221462642603	-0.9960638982056318	-0.16345552963636015	0.526959110187243	2.784676368462958	-0.4519000540847255	-0.7734850314154295	-0.8715686662535344	1.3634235053000874	-0.43055671187832223	-0.38273313498145634	1.1303792995730026	-0.8644136451051635	-0.028870132658719044	-0.7915065411804787	1.848160950521879	1.495420768872065	-1.4076184025815999	-0.161347339270208	-2.140535697410201	-0.765814881738609	0.41518715779497506	0.8839319714185203	0.12216890370546588	2.3869087827833733	-0.1774096765409745	-0.17102271318099826	-0.8270567774521262	-0.4699592778190121	2.821782668297681	-0.2897503076842399	0.24065000732970718	0.7181336323188043	-0.7433977652735595	-0.06352239462276066	1.7100851041423621	0.6135809961815019	-0.31739274703889275	0.41706817894793774	1.507390883244624	1.721713045770009	1.0070285209082235	-1.3674276815724027	0.5832858824375616	1.487057864637309	0.6125404356195925	-0.9554349871597674	-0.04990369473397899	-0.7783400662661986	-0.21216019719574286	0.3192296787358783	1.5324667533388365	2.2118135252510713	1.2159665832763489	0.40571261596593616	-0.4884293135058932	0.3283235751904749	0.9729469077266457	-0.8960000301991424	-0.897253682316673	-0.9314097904690661	1.6153660629419073	-0.2460365275999444	-1.3843268973209335	-0.13435096248581763	0.3525333393541533	0.9101683587199552	0.15185294056009413	-0.1295209844719054	0.09292776763470179	-1.654164339607387	-0.9746617480839914	2.076667884213297	-0.9228095972588559	1.391093857065734	0.37316810066700323	1.8429920779362365	-0.340265838770923	0.3415953774239956	-0.4583081251483684	1.0057935983740416	-0.3671661102876786	0.2555367869414733	0.25192438469701883	0.5066558141564689	0.47587319714391524	0.06887195930598872	0.8383328954196363	0.0926713413967952	1.5222079324024533	-0.44759061777904063	0.10744050643356245
47	0.1624198262164273	0.031102886193638612	1.6006241661346063	0.07451471363357927	0.567649425375419	1.4414440522959204	0.3555979400043302	-0.7338028864711311	0.4184412375084999	-0.0028627520818199858	0.6631977110458607	1.3263308008742247	0.05526045364581247	-0.5744388850461137	0.11761085979353617	2.051528560108848	0.16035126159915417	0.9424823936296569	0.34496155649770455	1.099031692832209	-2.073268124221124	0.12748179251431724	2.1682580775963722	0.15831609813130781	0.29876800440659446	1.0031352803864775	-0.10128651101661088	0.4532835702036156	0.8795330295096623	-0.01814286326298038	0.39709109184151364	0.835241037511334	-0.6936362170480703	1.8532061513539027	0.8388273679178528	-1.2919240439958932	-0.17188085241966328	0.04681551782698747	-1.512965504108573	1.133233858763239	-1.1495458879541216	0.30590587297432215	2.466037876071209	-0.8985472623987839	1.4375713923834463	-0.9733683628904192	0.4777492029542657	0.30815825415580234	0.008206825362102876	-0.08563125196766186	-0.8124586126370673	0.9588646929008426	0.08881583344269765	-0.7322711552397253	-0.20568370516279194	0.2406794353510036	-0.22172520331594336	1.086352797010758	-0.21034908800511926	-0.7316850072618799	0.6146900206003238	1.754430391276188	-0.22157504671306957	-0.5830816330653912	-1.7517162642066224	-0.674719882941851	-0.6102034909469827	-0.30834544486269533	0.03701943976855508	-0.9964928864909322	0.25419849076980816	-0.7368403203012677	0.11283412548739716	0.3462286265893838	-0.4590950986538883	0.2520627034944812	-0.5632730638021852	1.8044981428999016	1.1737924278151841	-1.1898978187158238	-0.22876640991419808	-0.5428627027204617	0.03048703305836984	-0.1499246618369708	-0.9860258895724348	0.2024559619628296	1.791957866771284	-0.8391233661804727	-0.3645931491546549	0.26965801638251746	-0.40297533326872725	0.32293142975319167	-0.9947467598141027	-0.9505605201049899	-0.18636360483541012	1.2960332695876347	0.11655441202886249	-1.299755188984017	-1.302523316758628	-0.3476274692836195	1.7740483358202859	-2.429447620669651	0.6646100296670495	0.3895473537222299	-0.8099859385598893	0.09814241472534965	-0.4932756231396988	-0.003926070024275319	2.7421188108769177	-1.8176765486498003	-1.7367481440498778	0.32126758871626715	-0.4313991880021252	-0.7440724567522274	-0.583849983826601	-0.4131223249004342	-1.827133459554786	0.03673440122004803	1.1519627322825337	-1.0646466088224553	0.0780648375901846	-1.1331367086846518	-1.1885257423403186	-1.2661928227055295	0.3067494196593691	-0.36940851366062155	0.37701803053606553	-2.535208973645248	0.39938364257323633	0.20997455885833025	0.3842754327744706	-0.06296191611231626	-1.0678746675416335	-0.038750972798967886	-0.3587066398068774	-0.1620125941160723	0.20525835587574104	1.4180206408260383	0.6362768489303495	0.39330356213153717	-0.9882098438787625	0.8895421459974251	0.6462876906368288	-1.3954934806565675	0.28817992196762277	-0.07191815805766918	0.3368235315900344	1.9808283666760267	1.47579972849836	-0.06483057444453562	-0.13453132402545587	-0.08496672795100987	-0.7694481703049022	2.9070188478026853	-0.7275443213530306	-0.9401303055608542	0.858256545107522	0.32140056787461724	-0.8295635546674381	0.03221318755185756	0.463333084258925	0.8113576142021	0.690837429670949	0.1110517506277211	2.425505078572277	-0.9406215327764855	0.38636908111289153	-0.27748736289994813	-0.9354354002812798	0.3911051178908206	-1.480005064866638	-0.7130598452292481	-0.6850864859233091	0.42991441613338494	0.09773262361740867	-0.5304340662208757	0.4064492813907205	-1.6944754036194951	-0.6921052989884016	0.40694865119542356	-0.15314597967462307	-0.7414941325439038	0.4455065824785776	-0.3941623663329736	-0.9282293746537	-1.010141024445134	-1.0097462068232956	1.0926523908489116	-0.31504866384848534	0.1337854477979604	-0.5179573554468833	-0.5748594407693911	0.16604853013615634	0.36838836031409766	0.7469088225970408	1.2837609004740462	-1.1891908135078757	-0.2785871722662082	-0.0791451826375568	0.027004002641520454
48	-0.3449855525534106	-0.465641248385792	1.5162867517997252	0.08067341772569839	-0.8837533941035947	-1.5032508095674353	-0.6741691392025094	-1.372392580531444	0.6971551645028529	-0.4346373810202978	-1.2912787270602457	0.7013416793374396	0.6306338227181012	-0.39197459903585624	-0.08764564600042904	0.32466616363341966	-0.5003697688291602	-1.0282719404552831	-0.7948955825026184	0.18922538801275696	1.7462091745315753	0.16386888694618934	-0.7632432586995839	-0.8206244393804678	0.8171065198979065	-1.7156290413519522	-0.6028049329124763	2.7567946743272036	-0.3076396237603743	0.8231880716823656	-0.009557102037537412	-0.5279736760150222	-1.4883630034410908	1.3389968191830541	1.8990382735059614	-0.004511303246029374	-2.2710468793235923	-0.23179151746377585	0.5148371820352378	1.2206986908884094	-0.35685724110620454	-0.15897807706832803	0.5172441208411275	-1.8227770250572728	1.2018462915987966	-2.377081367034132	0.6066016181452404	-0.13576450046683608	-1.751617020708747	3.448069784372472	0.17404804464152712	-0.7171477858859657	-1.7949693968478901	0.6960275609600547	-0.28652889877532894	-2.120278329657004	-0.2314255706152893	-1.0935958010541103	4.042104871373487	0.023204668829220808	-1.185091236879789	0.556020579584166	-1.6072074294094478	1.2987829429095663	-0.13869833635953727	0.28477516420036325	0.33320622250769605	-1.302327575264978	1.4580530267686087	0.4678262374690007	-0.7016423134096845	1.3635348091467063	-0.6485021558290714	-0.7668952578920171	-1.5535545399774886	-0.5015678151953405	-1.124244928313035	1.395122417816119	3.78665717499459	0.6435342129030206	1.223178997738876	-0.336293768282093	-1.25190330240609	-0.4792297584921374	-1.987226177631587	1.422669104235911	-0.35000344632297	3.159548211810344	-0.8051218355070457	-0.3112993358813739	0.08238824264805453	0.9014743558403548	0.6840902835025022	-0.05455764820401858	0.03680820817909369	-0.290560486267537	-0.5072468251887117	-0.38803120544992564	1.4333123245582058	-1.9741153807252787	-0.5967935758122838	-0.10796296762156306	0.5646832152694847	3.9002581154706304	2.601113989222167	0.29666964653180117	0.08228804266945923	1.0142842453065153	2.4878302111821284	-1.4369524854330957	0.06492968761953549	1.7503113301065945	1.8858899819918782	-0.16719347160587886	-1.2717955043719567	-0.4670538738171133	-0.3660816033655984	-0.9229225568725804	0.2275469181709407	1.2545392437097476	-1.4319951981298749	-0.17609183316116367	0.5948137546915004	0.2324535978934855	2.8544145573664284	0.211910008967458	-0.33942196935607727	-2.2733086153103668	-1.1423005367150914	2.605437067069922	-0.2483848732041299	-0.7322091274583636	0.8428834900794726	0.4407745651135381	-0.8618421779461218	-1.0871810460519291	-1.1875450423002696	1.9623558803727605	-0.27802613560102357	1.2883506350773244	-0.88021806785783	-1.4118691897447015	-1.135172486687626	0.15265719854506005	0.6743725264072633	-1.2474896034175578	-0.5428985605988912	0.11834219574117914	1.9965244661362054	-0.5730238667714165	-1.435566552790484	0.9150917242505875	-0.39589952068375134	0.45180056639311744	-0.3425257055770671	-0.10804495960783198	-0.8699745935220996	-1.0057824764458092	-0.6218838605202526	1.4165036304799958	1.0853384039783458	0.4227944954747939	1.2167451562720462	-1.8978107301012273	1.3072738424419004	1.471510158436472	0.1861485504143961	-0.7576769615226976	-1.1444630627082426	0.09894649276395517	-1.6153747481367489	-1.9860491811792316	-1.1094668091881694	-0.7587834236506982	1.1391660623901787	2.0575406520891635	-1.7504563052062483	-0.45616964348352373	-0.3828937839847137	-0.4454861171747223	-0.1270507443345829	-1.755044480036063	1.589273120336092	-1.4442207745055475	0.8928699990557936	-0.13513103912351937	0.1947032920771537	0.8110285741857062	0.22242078133618545	-0.5035211428710051	-0.1933697347897137	-0.7718173252993149	0.21811411386213195	0.23795847632785247	-0.279114602110426	1.3994080716761572	-1.2750221435793176	0.6534457068436467	-0.48661340206300274	-0.1848254866463698
49	0.07271236771695162	-0.8469450564442618	1.0739718076918334	0.3277840671367573	-1.3633881752826573	-0.32470771792615893	0.28437912744473937	-1.6770436163933193	0.7419005808211601	0.10496009656960412	-1.0547148325706466	0.9538258383153122	-0.377069194377659	0.2809995481226757	1.1014167433268378	1.113117487362463	0.1326192675498769	-1.590152057898429	-0.9398957417938106	-0.8995557207877592	1.3333290418619659	-0.5760193276440836	1.0449682200363453	-0.8637670435886002	0.1433746438342311	-1.1391917392609063	0.36187245239612936	2.091883753150794	0.8166869422400845	-0.7586992466607221	0.4610604501764586	0.24928591647283455	0.3366360123653972	1.2833900774770384	1.0724097185966768	0.282694695074556	-1.5275832311369582	-0.3820705476917399	2.0785413011374105	0.6901365580987658	-1.3982795435665485	1.432742534618852	1.004412651983367	-1.789383939194448	0.5287004462105858	-2.1482581843188617	0.019264924986470124	-1.055292293748608	-0.6904572050775809	0.8993029596961769	-0.9147917489542321	0.4935556147891738	-0.3344347313310241	1.4104120821312687	0.47734397154403485	-1.4198772432326197	1.3698406243161532	-0.6809700227618714	3.904149386394444	-1.3941094992966527	-0.6008709889688738	1.3631350045769528	-0.04749050938246215	0.9280882198440858	-0.41583198244213654	0.10892806047977306	-1.1532179373491787	0.747098820324348	0.49494147487717804	0.8133064347053189	-0.42325879824584095	0.7392465932688449	0.9314771214128384	-2.0831663788711197	-1.2089210581484022	-0.7458175098593793	-1.4211270423641458	1.6584577044721585	2.955018235252024	0.963042186965996	0.46096372780820394	-0.2590209254534576	-1.5002649008444178	-0.5228881623835371	0.177492185756636	2.6403618990667734	1.3038770872602796	1.303127480467952	-1.0398093540524926	-0.14737450554610518	0.12647639145741474	0.7778075707432566	0.9472823841962367	0.44171114942377965	0.19203104896895667	0.730912081939753	-0.22831963809021297	-1.2021693068361974	-0.13693786196056568	-0.2229766665514507	-0.17163150006294048	-0.46837083284823827	0.24001569260857095	2.1349465555398845	0.12248737969510289	0.3738214290366727	-0.550888536931384	-0.4095785376684402	1.336049142821168	-1.3195779469541657	0.24742464389902669	1.5483514639018319	1.660893293839297	-0.7539584498584448	-1.0853828805962655	0.5729183468244672	-0.5649554015054767	-1.5241790755041473	0.527730838437382	0.4415505131078163	-1.2774306002798999	-0.62438773431045	-0.35882012519336326	0.9884734284701132	2.1268951393573094	0.5875029519118435	-1.1472265736020675	-3.3405665874622223	-0.10976570957030392	0.7584180691242369	-0.17467231162493593	1.611658851471606	-0.21126466856253617	-0.6613087460495439	-0.8122345420092177	-1.2130533017988785	-0.8299113651996819	1.0003400868618588	1.9229679437778444	0.8040218774800337	-1.4795143892520446	-0.2304383242982717	-0.269188786906476	-0.5078358490910517	-0.4272164376344266	-0.6393608047571504	0.1836919250332069	0.9561633250957788	1.2555157835170243	-1.2216426282068273	-1.3875240374001148	0.7071853044000607	0.3996614009340293	-0.066750939150474	-0.868594742641519	-1.3596804909479008	-0.49046813180473203	-0.2599839175792601	0.2329147295671301	1.5975569459855419	0.6493164827883395	-1.1384425842244499	0.41924319948231015	-0.8130756098159877	2.1039677518983657	0.6601882687182992	-0.7906231322508939	-0.690305278463842	0.2700310517514885	1.8997448356462932	-1.1599413659400695	-1.5892659513509952	-0.2822567646397723	-0.652654859253188	-0.0660674403309176	1.1798851240682446	-0.9647151008080058	-0.4549160790114139	-2.754122462903076	-1.089325847827477	0.48245504718332677	-1.4017541274360417	0.06038423380254789	-0.15613651637456574	0.7904516265524173	1.3940519681813717	-1.1568230198152318	-0.8728669697363187	-0.38876699248009755	0.007129946896068695	-1.2252767146532535	-0.39802093161186686	-0.1610087152501145	0.7305276480513981	-1.700136000866706	1.6877005146149648	-0.6898772287836454	0.8682425898885759	-1.0558146266451063	-0.3452617111129934
50	-0.5828896494403276	-0.5134737534811817	0.1367065798967333	0.5767054724496898	0.5784915823429622	0.8533897953966332	0.5834721249226191	-0.9062265071188029	0.6802992856517642	0.09174402784189603	0.08710043544339127	0.8389221797593642	0.09486592186961226	0.8862466318098491	0.835068211937999	1.5542979974616902	0.5293435916193501	0.8142346824728769	0.7794968531653153	0.5365384555849678	-1.299524720036779	-0.9476579552412195	-0.8826125998536263	0.0033463815257420483	0.35816668230934595	0.8110440392990768	0.8669359644047716	0.9339140203895238	1.1464574811203954	-1.7207075017737652	0.45671229452977025	0.08174268737662742	0.859347998980428	0.4699428960158837	0.4772331556164894	0.9421893841099468	-0.6125145291838721	0.6556370172979015	-0.4627063453257601	-0.024970485122770426	-0.10980797524894599	0.7672531777439373	0.8605969181926778	-1.529784681965565	1.8273508483584042	-1.6512819919837078	0.6070544324315584	-0.008695262164823503	0.8047447001843053	1.0794681464846094	0.3800736662254021	1.5233593415545	0.2561390441414569	-0.8690416583523041	0.9345592571290421	0.1491246816939003	0.5144503548691287	0.9235491742941371	-0.4558693350718605	-0.7863104661255435	0.6312144652925802	1.75658661050644	-1.153165262090043	1.0322290017916766	0.5949221409515438	-0.12865544384034724	0.6917367123346985	0.9110227228634755	0.4636636342279571	0.1001971757641819	0.5796503570573186	0.2894326180336101	1.1454289212460131	-0.7411999355025227	-0.02748245009854846	-0.5878512929098163	0.7843532933542013	-0.2455095712244658	0.3996964713246467	0.8689710709119147	0.7750167635212406	0.5033327106689176	-0.3469100455344031	-0.10803652746565348	-0.2517224658494249	1.186923513742838	3.3195892575148216	-0.5400734468068029	-1.6404595026309132	-0.10829247886303542	0.8689725387589666	0.6156657269413909	0.29218451082822694	1.2449626174802355	-1.5247675363128792	1.6570159433122285	-1.2803653243307038	-0.5826573522985846	-0.7206559543508607	-1.738505178508452	1.2318267917616985	-1.8189011390153749	1.3492456699057187	0.8783209944893351	-0.4011755285126151	1.8554056817823423	1.0146752601754874	1.4317044463779685	1.7447009740365895	-1.5848673132995987	-2.0000072943722533	0.22722330240619107	0.23446787116857956	-0.9494433333407353	-2.624612630079915	1.6403957475656956	0.1858625054016084	-0.788840128071295	-0.5842320518549615	0.31864769444327545	1.1518436605310487	-1.7817254903428263	-1.3900756659553548	-0.8530809173092436	-0.8163974879899328	0.1176878911395713	0.6101703350463679	-2.2714548157196757	1.020642399984602	-0.0786777576901184	0.11105574660951927	0.3565229188455752	-0.8462682961026307	-1.738979266411782	-0.057194099909291515	0.04866928211316455	-0.9058667198955053	1.129937831492231	-0.32533178666471096	-0.5736992154517229	-0.08238810447948665	1.3215722774840217	0.030696235863759736	-0.8667931674710466	1.271028366184806	1.6294849779395328	0.7680007311778676	-0.5852498726223023	1.3937302857363343	-0.5989281811744988	-2.1256645025383154	-1.1414641540527068	-2.500139733790149	-0.6281259950417137	-1.5035802119922423	-0.6594630292599548	0.9854768898082945	-0.6934457482704317	0.7671640767588126	0.5755111333840223	0.18599787852949906	0.3493678759167521	1.013127332351025	1.3461467297941343	-1.205414665876987	-0.4580441864477815	-0.2908563862717635	-2.184473491584024	-1.317821501135244	-0.3887440216361919	0.2911998075997069	-1.6736322589110006	0.24545245530321164	-1.4118208528267397	-0.723929848859594	-0.010689122334631661	-0.41851434531664733	0.4498748538986099	-0.901786681599836	0.31737821735579147	-0.7067848886059176	-0.35876298560801495	-0.14974027313114532	-1.143799149947434	-2.3251491110132667	-1.8797608049483252	-0.4912522974326821	1.16893923374083	-0.046946780641962914	-0.5299703458608228	-0.8828184100759848	-0.12648118958512614	0.15360125783685702	-0.32480025182105005	0.4310539086511822	1.971137398936439	-2.0167373359871714	-0.2557435255537258	-1.940745346157589	-0.15335639990150826
51	0.9680294659911819	-0.9763427854272688	1.586766510527093	0.49519182477333334	-0.005300058640810823	-1.1788843530239623	0.5047732624898627	-2.284798276097617	1.5348078763138013	0.36824849303592877	-1.624933864822676	1.9994644321269945	1.044542209793509	-0.28435358267646754	0.05748540599327194	0.7769492174506405	-0.07402799130313956	-0.5019996731194003	0.1685855401729676	1.7285053298329824	1.766560653321824	-1.2149409231963442	1.9148445385877895	-0.9479853387334509	2.0913688507495936	-1.2039857714117694	-0.5409462080049723	5.780956262384155	0.9312331695037507	-0.2636217443295055	0.7112963642602183	0.670981155170663	-0.8736432724572321	2.3076626522339985	0.8959377077126071	-0.6077179640656546	-1.6340564884180169	-0.850366201926569	1.6880652532409268	0.9146638694279552	-1.3628394191770035	0.17539620942837236	0.8109524456953754	-2.5295981695859204	0.24785891830844128	-1.2267165486188136	-2.229059085556878	-0.9556177445085335	-0.05642944394843341	4.257570340382008	0.07010437067183392	-0.9044886521039157	-1.2448864004367455	1.0548285063280667	-0.7759035650203698	-2.210180945595586	-1.1165531098992714	-1.3880037256467523	5.881770072895114	-1.261638076154191	-1.3627649464341771	1.2563994237114504	-1.4357599010154476	0.266320271555875	-0.6315696828103536	0.28971919323853185	-1.9286464039613702	-0.5468115623423373	-0.46520051895101366	1.6737007999596547	-1.2317161283979368	1.9711841184906116	-1.8379799348620196	-1.2181950787005746	-1.7223061898739735	-1.117218208898986	-0.9808193194145243	3.2258271584819562	6.35586555677849	1.3948033015466508	0.8555214666625952	1.1017697095066772	-1.2872088202175767	-2.7303376175964487	-0.7636819587574746	4.634607584793732	0.3521401376026481	4.211472561240714	0.14329266793244838	0.6800704170123807	0.7663033126483438	-0.7137433156256895	0.9910873809348091	-0.3763017788916029	-1.2180297349941918	-0.0884752065446417	0.2401846159132451	-1.5996587038129664	0.7223469320423879	-1.243150343774252	-0.6700669764827851	-0.5127325791914561	-1.10898069758276	2.3763824551866493	1.4742437659472798	-0.6957853700481346	-0.3659224358109249	1.8477769178343881	0.8326161451103851	-0.40348542099395096	-0.49348784489874264	1.5705571652852848	1.584014937077393	0.3811400009652966	-1.7234191600049542	-0.8323049831339725	0.7418691938766357	-1.4122971269550448	0.7078446694910583	-0.9703185028439304	-1.02668685216506	-1.186211349921559	-0.944813349066337	0.8094652722511808	4.248804050587976	-0.7844102345565045	1.1096984204777216	-1.7633959542820257	-0.32066431598184886	-0.5084100395048059	0.0457996462329052	-0.9232359060468308	-0.7502455771727926	-0.5549884787886271	-1.0215967275323954	-0.8769962452312596	-1.8193085789585457	4.563449519531746	1.0517818123889164	-0.5986864750246029	-1.2060942925497153	-1.4454764299377825	-1.783099493177205	-0.0947357731578696	-1.0213138479423778	-1.8553621714239774	-1.3472599611526774	1.2239564086216723	5.156317244371095	0.4597200227058876	0.2551362115023603	-0.39571706625199565	-1.160150053878226	-0.33502744583423427	-2.134713108932641	-1.5701149287194953	-1.4223464037167894	-0.41354882887467354	-0.6893205128577021	4.061331513666067	0.4741433011969261	-0.6389642998584232	0.46751513062679056	-0.9047849310674179	2.1736708924114736	1.1700170136991572	-1.9950680524944953	-1.5909823965722292	-1.015801081673449	0.5499254882938105	-0.9534942862316607	-1.0696542323981038	0.3413752730683183	-0.12942775053388528	0.026771812596259936	0.8786169776988297	-1.1977131696951755	-1.2989043130888571	-1.555547941673464	-1.4507628505404706	0.03817289017857606	-0.07829738228050995	-1.0104391466202827	-0.3407548865343671	0.4005734405498558	-0.8222067845101748	-1.200605154203158	-1.1548235106659086	0.510117763303447	-1.3894370980431758	0.6030904502541852	0.4074570798099745	0.09508771911500755	0.37311595913776696	0.4070929960154833	-0.027495553387408743	-1.2601516245290245	0.44838461093930493	-1.024163389255953	-0.32344561463490795
52	-0.8284983841521335	-1.8427052627728169	0.002712193360608417	-1.2024605362031702	-1.9266065284602925	-4.731692874601856	-1.9668294812624414	-2.893844152131641	-0.7610318679191853	-0.9023614647781567	-2.248773515123563	1.4393446002564336	0.11213526595673659	-1.656690711850556	-2.4589632243063084	-2.5509043073400055	-0.969854784838326	-3.5427124590833294	-2.029488137752318	-0.8083759910804094	0.730506467885484	0.2890974499177613	4.673967788847672	-2.080926553761521	0.664366826832869	-1.843173438026048	-1.0875699463829895	4.987866261988399	-2.8896370192278407	0.8851310371537565	-1.6996164034356618	-0.11996536782897245	-3.5322583051925918	0.07302225848160208	0.6280641736833177	-0.6689604375987621	-1.2545226178787383	-2.7769721796901217	3.2135619381636595	2.5560814912025394	-1.4027261202393255	-2.668190331249826	-1.0014660289460011	-2.544671134721214	-2.1427834295675527	-1.182267025981919	-3.1448136379804668	-2.8942327216265262	-2.7712056843378217	7.280817097845199	0.13772581196612438	-2.5119052992599955	-3.060720138046753	1.7258709810630033	-2.5752466015405338	-3.139515415189802	-1.6154213405253242	-3.2042233143600605	4.9267425390882735	-0.6217760560577864	-2.543959230706757	-1.0420624323818728	-1.6476613534528664	1.2730887543700293	-1.2712307035261095	0.022788974818693398	-1.943113170830825	-2.1061994461843923	2.3241725610899526	2.0268445830416555	-2.523470953646016	1.5349940303076983	-2.623655866338907	-1.9502047971374776	-0.20755004506636981	-1.4552757539947634	-2.1565640952078935	3.9777560569460926	5.579469114396675	1.7992036333241443	1.1068355177765992	-0.52566543657975	0.18318013851518672	-1.212996138998975	-1.1626056913113416	3.830688055243855	-0.7833136094062356	4.009862364826176	-1.2651873956912314	-0.6655327159728666	0.14590124382175293	0.8036754534038643	2.881392965892061	-1.9174967694045488	-1.3117691137029897	-1.0711203011390826	1.5079291452733472	0.4411734673078828	1.339517628059425	-1.6368170263105573	-1.8205400648076775	-0.23120480115758957	-1.0265497642178272	3.1606639515776895	2.520842157140872	0.737489435192312	-1.1434137298336617	1.5132746921935898	0.7208984386360922	-1.0587198800301236	0.5587730757586928	2.8453312015400316	1.4288008910448493	1.7652445326651125	-0.3485960663707018	-2.26957773799636	0.05392658310315346	-0.6671915836332933	1.2986742331464813	0.2894413465910225	-1.916115032135514	-0.1444061501309502	0.38362027027095386	1.6244014926662231	4.1803968426387	-1.929453102376641	0.7875386795440587	-1.2500889617267508	-1.0729329644538437	0.446280018033689	2.027566278822368	-1.1729126841681763	0.6668531265621296	0.9262758625863278	-2.0095322104278397	-0.5296481952396692	-0.6397293278743369	4.615504400033962	2.7654120495689476	1.8107821675744116	-0.9813018116280299	-1.6930193886251896	-1.1340981715948364	-0.40342974032536283	0.07500396442975713	-1.1605027529527479	-1.1319748119904698	3.1956318828021386	4.949372622737165	1.476890775017853	-0.69560970957977	1.9433672560997692	0.5483017567246365	0.7480958547259939	-0.3010693136973944	-1.0015137812683075	-1.5914591303474455	0.28134442023063755	-2.0594757247371382	4.507391320776369	0.8866048907982357	-0.22190024131199637	0.3368998834505108	-1.0176785337317527	3.6252468064962144	0.7991926773616899	-0.17160344295252816	-0.27136111830892723	0.3058918316139724	1.8072993648303863	-0.10359370967591604	0.05336756738565862	0.5438216426360905	1.0286434860529234	1.8999538931600184	2.8641586153727365	0.7985057298019267	-0.7187401999602503	0.7281503702807498	-1.0497518903568819	1.4317141721910276	0.5289280865108524	2.5010838311688564	0.2521485821081767	2.844600411291653	0.08745548321806906	0.1283216408423702	-0.19939261978721978	0.3504600449885075	0.30468095014632424	0.0034664201422237363	0.6263430793553376	1.6200632334597203	1.185879158340061	-0.3116356743104666	-0.4003679725375715	0.5408903950409342	2.183300368705997	1.767339169369643	0.6268130368982725
53	-0.8432524260770177	-0.8784752650482582	1.2287661951719657	-1.0089023048125259	-2.4706513944935033	-0.30844481396571777	-0.2975505114630997	-0.708192508187302	-0.6561613907549205	0.656061170862405	0.31325465321479373	0.6171964050462024	-0.8666862224923617	0.09423718249546287	-0.037046675231653246	0.779941422841457	-0.5177640423324775	-1.2563798172562979	2.272213614401855	0.3747367513560161	-1.6139525814377484	-1.9180273222220647	5.587922532082445	-0.9750956741446016	0.26540964188437033	-0.9659808403482432	-0.7847381031861863	2.227281365825252	1.1344716366953198	-0.9003730711393698	-3.039900681827098	0.7042695430119592	-0.25598463628639934	-0.16879533900591548	-1.3120874196565704	-2.4976649857072655	-1.5110701181717558	-2.1323743170935634	-1.1674452229181016	2.4132287056560378	-0.6268716170591918	0.10706206397381408	-1.9802967977377506	-0.5106761134025591	-2.0772152441755205	-1.7291650184731193	-2.5298787177224784	-1.8694947225490135	-1.6782582351283999	2.0447951894432683	-0.7194468137956633	0.4642363266523156	-2.024509004702653	-2.0022206425442044	-1.027520680738598	-2.2539452803216684	-0.01081715204465371	-1.907887430363311	2.676524320244762	1.3211992926184513	-0.7547864823022193	0.6138018986021228	-0.9318756096246348	-0.6801972566776023	-0.5581928407924609	0.3204778009979487	-1.690841317037703	0.10626730557559701	2.2610312835793676	-0.9737820284850502	0.49816459009148084	-0.722253740565146	-0.6841941868454162	-2.474154719519076	-1.2959370629762017	-1.5298489860686983	-1.0471177606968016	3.3682073209843866	2.983416736761843	-0.06161499434100606	0.37757802993503514	-1.2173245398637564	-0.1953474963875667	0.13415607500471097	-1.7025268140459882	2.6049510974412513	0.9434365687156863	2.6913517181701154	-1.693446227067442	-0.9242032224305272	0.1728482808377928	0.7964743072137311	0.06554233720716679	-0.029354310979712972	-1.071396888646072	-1.3937055369460603	2.8106545492797945	-0.7896949868832635	-0.7985766816836697	-1.1867003793947357	0.3245306340307774	-0.7734073765394629	-0.4576834812144811	1.0958033802439062	0.6659974539989071	0.058516548502145126	-0.29678487400335873	0.707576106522259	2.6106112964490005	-1.266181014268058	-0.535554684941818	2.467299999236532	-0.12034226501907007	2.1606623479518046	-0.08471367434751592	0.5349205677000047	-1.0514461954263692	-1.1759908993915784	-0.1344994231674725	-0.7537950590819685	-0.8804182936100219	-0.5252770630099347	2.175527623907587	-0.4998037289903647	1.3229089875382953	-1.5547048970633042	0.6379798056108069	-1.8980066788868275	-0.7336552235019866	1.547089387883595	-0.1884116299749268	-0.2577377571797858	0.14134514413264176	0.6197281335245941	0.05976513184133128	-0.6386182744551527	0.1806053348023099	3.043185359341516	3.332525459889579	0.2856317957975314	-1.1945097818582544	-1.04550553736086	-1.4413742492786408	-0.6063156300233496	0.2887916181126318	-0.27677880840843533	0.3814809526727334	4.000333589424929	4.142881754463582	0.028687671172963607	-0.8260704915942517	0.9388901719472924	1.0663091433452918	0.8254864378875622	-1.6060407177716138	-0.9752696014933302	0.19932788741586985	-0.44078369995939126	-0.8716291641750691	1.096808528073956	0.6004042193950165	-0.20197821664903157	-0.4058643722741888	-0.01729097009658926	2.3126982894209207	0.6893254148600882	-0.19402804925676628	-0.41451889877208437	0.11529440712357324	2.240208358904708	-0.4169596001893774	-0.08322792837707049	-0.6114749138409344	0.5098655765404885	1.433815967523196	0.6123694800536856	1.0025010253704965	0.9725952772118447	-0.6729265127946383	-1.3175536261031882	0.7957286084796755	0.13719434960150984	0.7106045858971243	0.5827458248182025	0.8161512680961492	-0.1648066191781177	-0.6447045060115185	0.5802790641924687	0.6438203052746228	0.021505697920344808	-0.3731607783140535	0.19420542855830542	1.5356104013981664	3.158716570214718	0.36658493274103493	0.3998878595309262	0.6619072721484479	0.6137409274889146	0.13168770371466626	0.26625541035644357
54	-2.460077519947641	-2.1939326440362676	0.1104334251045681	-1.9214489432265087	-3.5925485230099015	-2.701477707272867	-1.9182312705741933	-1.5798022655026767	0.04600348751612893	-2.60437768016806	-3.2812856915204285	0.23549420727748882	-1.4554435651901416	-1.8800745424540568	-2.4756311560784994	-1.2942810474538418	-3.185485807714672	-3.0201447527393137	1.7161627190756161	-0.5539896855731214	-0.13056537148645503	-1.4083573112094634	4.370841828422879	-2.5755123747956263	-0.5990871454608755	-2.428594888354608	-2.2914227667943203	7.8260668917550795	-0.5429616030409996	-1.8799043402082054	-2.3307936854197338	-1.889672218004164	-0.23772560445772598	-0.05554603744113995	0.1747625250472568	-2.4226153591615827	3.6479887074517117	-2.597057592785245	0.04159454250596105	2.3590940832966343	-1.0862122841299495	-2.20793812405683	-1.5870340966287109	-1.4211340056942794	-1.9292612572216372	-1.1974380906584052	-1.5826738045515005	-2.9046622016068473	-2.1632598803173115	2.342271067979228	2.4031697853458227	-2.2026884606544987	-1.9755791622316616	-1.4087861851715695	-2.456886650097434	-2.790440813439359	-1.6018352513865666	-2.0334146478825645	4.371786059575961	0.9511184657353766	-2.228930638415026	-1.1227983748723274	-0.7456328130968726	-0.1864822686632092	-1.553753064997955	-0.4255421481820282	0.05023120664162717	-0.5198343828087064	2.0972129809773428	3.320604992216767	-1.5225530903401028	-0.691446505538742	-1.3737605790763845	-2.0585857629374176	-1.703251420345209	-1.0327661749880548	-1.5238564365051919	2.1793934438674376	3.67861000207719	0.17055034409869707	0.1578034838638016	-1.7065139212661649	6.455958588450579	-0.759758425082044	0.27229877462606156	6.22082692329595	0.5341090321750716	4.215143968637182	-2.080049342613466	0.20786145301930048	0.5761937422893716	0.6908964041281258	0.5443707873143024	-0.7669510306941492	-0.8670216873464438	-1.3905160489014472	1.417366488796524	-0.3837557130674271	2.5537221370174725	-1.5701409737004037	-1.52669030976283	-0.4013973448426925	2.044468102605039	0.9109134513487745	1.7559147617104776	1.2109551491056139	-0.9110387387346124	0.6357959332448657	1.595860883697194	-1.007433812824083	0.2887838281215621	0.9652841393371194	-0.4757608513130238	2.599583755126627	-0.03726305575881232	-1.1373610946123613	-0.8307472674588965	-1.1807616516008046	-0.608687671829125	-0.2211002412972767	-0.8973332609918989	-0.107545849378374	1.2287963146579648	-0.14257428583894854	4.3571517274695095	-1.5192466528925817	-0.4784394665714245	-1.998734200012035	-1.109972813848738	1.9971325744792552	0.327081796969509	-1.2142407559795143	0.0353134370318178	1.0228841789584435	-0.6751559124345748	-0.29928936595208544	0.002396912771514381	8.274903892802593	3.1992113133974716	-0.20491850911102777	-1.5557115689158156	-1.9671718189716167	-1.1101582072128477	-0.3346143820401001	0.6019276053081521	-1.5825338663026571	-0.7869078921430822	2.6827567141787174	4.896836373724419	0.3169777709868896	1.2076851929717844	1.5340451443738559	-0.3097856055114935	0.19947384134205243	-1.4348025537428495	-0.7967658522749939	-1.535648186137595	0.3785556236127858	-0.7658298977394111	0.8412351503612185	0.17813048297988132	-1.272264324544762	-0.908949548334288	-0.7767650435267326	3.085603019206867	2.9907126103375354	-0.3169938959106289	-0.5121232024996643	0.8664989942686758	2.270328846215699	-0.7415559142694645	0.15223060578428926	-0.14097817829321282	1.1442538635206148	2.0630668928564146	1.4273132940676745	0.574314319657353	0.209299767091075	0.024060195781601276	-0.9104583941771645	4.143754386852887	1.289362132334583	0.8910404737151839	0.23369747428250864	2.033843296282183	-0.028152092157110342	-0.42316351156230525	0.3983733497881235	1.5066467180106469	0.1441665346679576	0.6149451834023715	0.4712816158777614	1.4988335639160808	3.021543948166314	1.4661814426242754	1.230893800282241	0.7071191820841973	3.392322365795672	0.13608621431476825	0.2504491761205734
55	-2.197831515003867	-2.259528401756441	2.4028907645766897	-0.06387755548147078	-4.498385369666681	-3.24454426441437	-2.406658668555336	-1.2120699743469106	-0.7049426090706725	-2.584728099396677	-3.3603908709614116	0.8513570475279598	-2.4199421356603246	-2.167489738829053	-2.5748877775057157	-2.446277051273939	-2.7520006898925984	-2.3528442954524222	-0.796160410426608	-1.6897537951719361	4.770312318372585	-1.5353261893622105	1.033292807875797	-2.235734599260993	-0.6081168277913843	-3.094753787834574	-3.8509756243192776	10.215522050153348	-1.8973054360007986	-1.042803061652502	-2.139052530137028	-1.3414253960685385	-1.2899147825983892	5.749079071807053	3.782780171656627	-2.2892505953007536	0.2179316414037053	-3.1894636333610293	3.640034726798227	3.0587972457595445	-1.1276819072179471	-1.5109838567461613	-0.934576707066315	-1.9580871051795063	-3.0192304802893783	-2.2798575287116116	-2.0385158844913733	-2.2021735698421234	-3.0090552336050913	7.171135024000857	0.47539359704899864	-1.9927769863127867	-1.8639564795041152	0.8759237800480782	-2.7944572377776176	-2.131659026285428	-2.314012590417833	-2.7311278294059314	10.117486502040018	0.11566500785886266	-2.7184439515174996	-1.188960670421427	-0.47436026285298727	1.4507211692830206	-0.3887928890446738	-1.2670341154606235	0.20181953404205766	-1.12177948246915	1.7272420601870924	-0.23998504405575538	-1.4525424398274267	-0.3017759466096267	-1.8697214190981992	-1.503193164026238	-1.4863822714301578	-0.7640693048626059	-1.7811654074262204	3.7655765926040567	8.728239213109621	-0.5592117296119677	-1.2608665082653172	0.49662815805286814	1.2765857418556266	-1.1040479187624326	-1.163909943431106	2.9080007621791633	-0.696214553458516	7.362281979589365	-1.9399503006544694	-1.811299435642462	-1.3765508465458525	0.9886266925186075	1.922339774208242	-2.0606194972356593	-1.4931723593445798	-2.122616631092972	1.79151378575191	-0.23798815658611577	2.4346675781239466	-0.2318707874368838	-2.140545208392696	0.717060017223531	1.8847028347544317	4.22109317146057	1.7484683839042503	0.9311866453803133	-1.8404603726886222	-0.4490718072372474	0.18286848619639817	-0.4160724641275104	1.7174507435594315	1.3328347501060593	1.8845138389237537	1.1466719994924013	0.7848877073351714	-1.6754333806498096	0.09215088667815838	-0.49148344974748337	-0.6034169728665554	-0.23728066277391163	-1.9873717497798498	0.9424489648274237	1.3565746933468652	0.8825824350596086	2.051905234908138	-1.5561681431293524	-1.139143137074678	-1.1935009792556972	-0.7918934776034102	1.3676934866567039	0.5566242473879386	-1.2261130910607811	1.0160325702395783	0.7798372936940787	-1.8394884401179588	1.0659814612154634	-0.3079434392828947	2.427831876537403	0.388878064288763	0.20633708883550322	-1.6663383445822846	-1.6501165385982979	-0.9542692651269334	-0.5983294282177314	-0.44243884475469974	-0.20828898514592376	-1.2594960078764565	2.1719697038911083	4.929031330151092	-0.5132454456133914	-0.36623250069690416	1.888292430526349	0.7182984008885487	0.8470276778360128	-0.17900615946018775	-0.9454219200963145	-0.6357366092248735	0.7407482362268796	-1.0779717933797963	0.999557168579542	0.3578260843161336	-0.06046289386751904	-1.5189312935067445	-1.1850189132841258	2.609175543581737	1.0424482661214711	-0.056749093640527846	-0.33411317197056634	0.28713741797664083	2.942441826607806	-0.42671561460100016	0.9504670600402261	-0.2013672071212616	0.6729252909842919	2.476434997542479	0.9522349638278156	0.4131476137757618	1.2082720822393245	0.16659971530522996	-0.5980041807603887	2.2886417614902945	1.151405981719124	0.9294726215113955	0.3356449306840563	2.7567675806979937	0.13582774493300234	0.3648239525014597	-0.23103472952576426	0.1998471682550364	0.2391452779976304	-0.02259207761258426	1.2302485533487193	1.773131298534419	1.2398930810873636	-0.3213090322240495	1.5842608931704105	0.9232667733969737	0.5767847044834694	0.22563246195482076	0.5723976966243495
56	1.3217659740663625	0.17935916174002972	1.7687225957229513	0.24371325426968116	-0.6814003215535642	0.1835325574508518	-1.184268549648429	-1.0619731392373	-1.6443855400218563	-0.8099751859736245	0.09238863088364957	0.7646607466890994	0.28868224541544496	-1.3455461456697873	-1.985672173784394	-1.7581119600246276	-2.3989446271712183	-0.056586500555562726	-1.8612721502935363	0.1050050557351115	0.40547831938327256	0.773449851579786	6.56097940623478	-1.321709897632122	0.9582071458334475	-0.27295175767253294	-3.0198663796242458	3.8592075721799843	-2.269914357205989	-0.9604510569525546	-1.6495774306090079	-0.24920262008620994	-0.4121570022366445	0.3500730767740139	0.6732223565518685	-1.223049065878948	-0.6219636462111903	-2.1891111549041735	2.5065672887090886	3.131418765800909	-0.8051513736533348	-0.3815136441088036	0.35583215603524593	0.2582585410409319	-0.5687712672854079	-1.0627286178507713	-0.9320741863988472	-0.7076969648124255	0.09276358864126717	2.469977123737996	-0.20565150228466242	-0.36480448497563694	-1.4881831131126237	-0.891931039836296	-2.1989497918056764	-0.6997774145983401	-2.2738670937297703	-0.5261480555908747	3.5099621747523813	-0.6623600823003336	-1.7203852171482923	-2.095816478421613	-2.0504211132096315	-1.0417854989684194	-1.8278007920779489	-0.3126696216540055	-0.6992551405775501	-1.5451185482542256	0.13396926175464705	0.45851282136197513	-1.7294659335559912	-1.2110126211985823	-2.2023578018615337	0.04906042504737892	-0.4470438133283647	-0.014763366471116571	-1.8249475771680084	5.044787462529796	2.3783740188940867	0.7631267281431965	-0.9496902712845836	-0.8537793332243564	-0.3078341038835026	-0.9070500773277631	-2.2106799769356367	0.18830827362090807	-0.5965200104727418	1.5706850854197765	-0.15438695431935387	-2.372185218538703	-0.8073865453501584	0.3529599584044621	1.0929754545871257	-1.7114469889773416	-0.29449324735497834	-0.3042603040923178	1.0505849029794625	-1.1195932413739655	-0.8187075656609583	-1.4552575353161201	-1.8247985522185501	1.3723867130967655	-0.6228653122997726	0.8286065678541291	2.8104885981415806	0.1777320892616728	-1.6781580406005245	-0.3190359251189682	0.34115758743838587	-0.7823831197925858	2.637341742556121	2.0380219465045504	1.3573258463907365	1.6832486106054851	0.7249348434016339	-1.950905309598441	0.8171553271760622	-1.528828405833673	-0.28754767653889407	-1.5019333949116414	-0.15141384492793838	0.5853580048491804	0.37472452984306354	1.55865396234871	0.9301785457602602	-0.6496628934457733	-0.14108776444428361	-0.39750647643089837	-1.5409789113288672	-0.12617384614220276	0.052463141827410485	0.3328464065015081	0.5733231780257104	0.8272274181293584	-0.2344108460829609	0.4088873204770574	0.17815627616397486	0.8339217120622227	1.4374288178648202	0.5102260967385411	-1.4285922626404897	-0.9656796423967619	0.4312737688202519	0.3482011133182734	-0.3090411490889157	0.2442631291523866	-1.665354107957911	4.436363980920292	2.932105909249165	-0.22360797496790139	-0.43205250053961386	2.877702484228261	1.158649260504367	2.8037105782444485	-0.49724824323881434	-1.399562090705744	-0.37242084312970936	0.45070119516410073	-1.9711116237902893	2.272780587410203	0.3234112908732983	1.1545073514038229	-0.6884871117435328	-0.25824119120876476	4.056050342302631	-0.657606435982797	0.31770301657540184	-0.8392141578546933	0.6009497028850759	1.7201090014633416	-0.6628072741660898	-0.3900156564153712	0.4352915880037611	0.5395013425581937	2.7875199311314653	1.218762771159649	0.21005172766188504	-1.330910076995175	-0.767623379923911	0.4207035110754597	1.4616324733509656	-0.06848264522233154	1.04568093696661	-0.2746576594115353	0.3126226341906258	-0.48923923354276716	0.779803839640699	0.15650402116733308	0.6610592454218015	-0.28240278476430564	-0.18887547967307308	0.6687086646988313	1.1413211963848824	0.6813251548385187	0.061850988778909266	-1.165686890708061	0.08721359559028781	0.05489369485422524	-0.27069354373909116	1.4898211778433919
57	-0.19571149571846586	-2.2845869200540694	2.269162742607076	0.3441568417217572	-2.2490280104149187	-2.5678274477597802	-0.4870704251316397	-1.1892811648811286	1.6708810754138212	-0.4795506064674527	-3.110350218719262	1.4921009150736833	0.589052146288307	-0.710621400962147	0.17967515009811694	-1.6274172308256998	-2.384771444852383	-1.1703382638347513	-0.43218440802589486	1.344743638274892	0.35566445622884774	-1.1897186369256407	4.424257171385474	-1.9639702630888654	1.8768670404911194	-2.2755704096678038	-2.785951754334695	5.567897683414107	1.416411857013021	-2.520275112958955	-1.0779178954841355	-2.010540783446186	-2.0553241606249872	1.0232667965872575	0.14118221529183364	-0.6123659843529821	-3.0528826584515483	-0.8427722472252693	1.7513030921345762	3.0162692586816933	-0.9502694736443928	-0.939231887613461	-0.08738687296635365	-1.9260932216504731	-0.6067664207472508	-2.1534228574288496	-2.256952333512127	-2.784663626423566	-2.0173326330434493	4.938717167532433	-0.15400124631300435	-2.273679367488654	-0.5240010096045365	-1.3278128162523866	-2.19859547718314	-2.9521656677171424	-1.410595575624505	-0.9743153576800733	5.843062245814822	0.5368999715476476	-1.8763415115261537	-1.5398352815197294	-0.4776297229187957	0.0769316333301642	-2.752949666814138	-0.511586943179684	-0.1270504661511876	-0.8381559179596053	2.095211360773728	0.3791089628259828	-1.6649194894751573	0.2121331199722233	-2.2473483543213026	-1.8571294382235735	-0.5075718270143958	-0.20879248103498296	-2.783334413830331	4.450448806460251	5.647133984036985	0.9694502235865443	1.272495615945949	-0.16736537849565541	-0.225015515445036	-1.3487216438645535	-2.2287945835910064	3.76042806644978	0.393807507679376	4.21218984108094	-1.561821160085751	-0.34478291892348484	-0.30343496537506354	0.879169081478054	-0.10801739891854663	-1.921506369505773	-0.8042997022168594	-1.3867398554539747	1.187420047459772	-1.3549114350265303	1.224357639129715	-0.5414234558817029	-1.794347274459141	-0.7089044862201547	2.910288409960388	1.9655655798616383	1.612181304600155	-0.16103269639632511	-1.3962404725642927	-0.3741393648917736	0.34371050406404	-1.602500126443564	0.8168729557964015	0.7674981425441492	-0.530476530983992	0.7249861531711602	-0.2407306394909389	-1.7041198880133912	0.037731315238261634	-0.8922005890275516	-0.7424845014073902	0.8139205253874102	-1.3909147877660837	-0.3877156891327936	1.4887970719145311	-0.177891848560142	5.098028192437503	-1.7814345533249276	0.7539647094967175	-2.243454289275341	-1.4466865952976753	3.3854038387485756	0.8587205536927375	-1.0508136899724307	0.2395356394755423	0.6726203950008504	-1.1011471534948964	-0.6586828528575414	-0.6065673803158483	3.2424297009928735	2.249046125135298	0.17697012202046755	-0.7260774044880616	-1.630581897976277	-1.2378122774049676	-0.3650666222823064	0.41918899017453226	0.3394928352927208	-1.9044547379684005	3.426387130503765	6.003532555442521	0.4453625282303693	1.6501302539831566	1.7337569805289905	1.5075129455013443	0.6025128987861145	-0.6309672123327094	-1.0185746100342647	-1.4310811035809583	0.4683795816787077	-1.8510355555917055	3.153550147064397	-0.6167705916185054	-0.7115190763358068	-1.251126568049669	-1.3807382240770303	3.679384306319019	1.1149120147279603	-0.8532416060424369	-0.7536081938925129	0.933029505236459	3.551827765590109	-0.09290127158187009	-0.6029379328397215	-0.38367870826458816	0.580418268942759	1.1685982590483182	2.954936065703792	1.126795614712173	-0.37395952379364694	-1.3808328988057283	-1.1042554563330356	1.350580540161779	-0.14336727898422816	0.6248346931448449	0.31517415935229126	1.6935719319941653	-0.090210834401936	0.33179172669063073	0.6667899109073592	-0.3624118853756026	-0.24761065159111767	0.09946511942491462	0.37088362574387057	1.236914165567066	1.8570078076742547	-0.42070509477101126	-0.42236742141795053	0.7969777224493411	-0.42431418063459836	0.0006559319310803335	0.0030043383643788336
58	-1.5010562599729451	-2.0379395825713638	0.5110920940035294	-1.8088546495023172	-1.0505442321981953	-3.0979677380648667	-1.0448091654035532	-2.546615078894712	1.4196849643615106	-1.8367934015115053	-2.8072454159207343	1.696878154728196	-0.6137582034348968	-2.4489128702406973	-1.206142042556393	-1.6707516485748788	-1.3634155849289062	-2.5085929495193477	-0.3924365919907653	-0.8919304648864264	-0.060548800836162146	-1.7331807015394762	4.632431068291238	-1.479165870916191	-0.14974702858077413	-2.543157217447882	-1.865715491731179	4.401716660358183	-0.5291050569727419	-0.2954640971832647	-1.9429962506152956	-2.0466163162953794	0.12108692214897993	2.5872673652075893	2.6736962632632912	-3.0592707808970694	-2.193780718001676	-1.621884016340208	0.04084735311659187	2.5062211156577763	-2.2219931185544013	-0.9071094268124765	-2.1735106011453547	-2.4531637696385946	-0.1499897927913039	-2.878374551025024	-2.3443701562212427	-2.9734976537210382	-2.307080033354234	6.515862476786397	0.9073574751303484	-2.127851539563767	-1.1014339724619209	0.7058762245003684	-2.8880810951901403	-1.5573161214240776	-2.429308897485024	-1.9300660979373399	6.274565544831194	-0.7076160309739201	-2.1881685043971006	-1.0317160151624676	0.48138639276187045	1.2707077007072878	-0.404288142285253	-0.1396260352532402	-1.2009194165825168	-1.1041284254004966	0.26822730361127134	1.852816894464895	-1.222569279170176	0.8662919130089539	-1.783063451507103	-2.257089219508293	-1.0995440251151374	-1.5386944639666442	-2.5955687816457544	3.3144063411471736	5.572271472345124	0.9321447733837124	-1.101697318087522	-0.43913161238235265	0.5154021034546036	-1.2556055130302148	-1.4291131478452819	4.662483481555283	-0.10319717100082341	5.115359732996984	-1.7596173388062835	-1.4009497423069972	0.6898235430748118	2.547477755610635	-0.3003163034648454	-1.4197296747680062	-1.2810933560872577	-1.5890758488891892	1.514429435183761	-0.5814703827838302	0.9737451161365569	-1.3721159011964674	-1.33603096699127	-1.137356451077277	1.7316659408876325	3.0260960149652933	4.385649445156812	0.1529729172003685	-1.232234321037405	0.5174001744702278	0.1714742492353995	-1.2201921597720289	-0.011222233265012545	3.295903351699869	-0.5048387578450142	1.4725938746615965	-0.24628889903811416	-1.646959539598433	0.6234079548280841	-1.1736546054297154	2.660438472145057	-1.1467355211903931	-1.7552648718432609	0.054548407815706086	-0.1315211763600107	-0.3957938169769439	5.4355781221657065	-1.2635115046991616	-0.538642509865028	-1.8708468887254253	-1.0794808100254007	2.8538932597347273	0.046946079052797955	-0.5334655724637913	-0.5922002471574959	0.6351408393475437	0.48495514695739916	0.04093750636376868	-0.6006377121255806	5.028301243148148	1.0372121916426689	-0.0705208840544436	-1.6732052781325923	-1.7801511681343851	-1.3755408876077668	0.5600849152908276	0.8282030266395162	-0.9257252436164622	-1.1645172822773058	2.263727682695787	5.690252707721298	1.6242940690920937	-0.3398311299024026	3.079672598950741	1.2526489574672672	0.5382378676950881	-0.38940187584034835	-1.4060775421877383	-1.473471002879627	0.49772197089605263	0.031075888976789826	3.594804796822419	-0.3445630279008491	0.11061037458142539	0.6333301026361351	-1.3601480673702173	2.3031279626374657	1.4545423655512397	-0.49709931218401265	0.2564210228806443	1.1550961306610914	1.5221747484784371	-0.14115893817850875	-0.016684302671825278	-0.34296168397017945	0.6141915941290159	1.5246184411725965	2.375085092178016	0.2784351823344755	-0.9999312677229992	-0.3891667004249222	-0.07577919900860443	1.976859387592685	0.5104228575513099	0.41871850931648674	0.2522953197628978	2.2954323334563993	-0.0704454276964445	-0.490210937836867	-0.839816094658902	0.382737935109865	0.15255577061642578	0.5399752674144201	0.9691871208862661	1.601781040116459	1.280001562450682	0.18025392070870933	0.012198736345961704	0.2183255477932688	1.4911016835718938	0.8636996046460119	0.12035904608196724
59	1.0565163867509881	1.4899160921151224	2.127160055863676	-0.06660324922247453	-1.0200345671579991	-2.750128334550944	-1.9871826682114146	-2.595615474235516	-0.9110617173467027	-2.2936028648613407	-1.8964008134583583	0.8917074299844302	1.4351100286205687	-2.3484864973872557	-1.217281108627469	-2.429856475869824	-1.1583675122511863	0.7681972057813331	-2.717454174833461	-0.23249314685122943	-1.3244946036768934	-0.45264924159198355	6.1965501850179	-0.013155645049071804	0.654094745737754	-1.6850535947514302	-1.3042751477294903	2.0478122537253527	-2.25366389782643	0.8958883656474672	-2.636633378934683	-1.7395941074697734	-2.0664848061427987	-1.7283361277400502	0.26329646256164424	-2.0186946916545017	-1.1192301730324132	-0.7214603716656891	-0.06530972957278156	2.607889063008095	-1.1932428332661753	-1.6787450565143975	-1.1287997137788772	-1.5239204628169492	-0.030410629105875633	-1.3655657241749974	-2.445135874424406	-1.3043312822491409	-1.4448347062675706	1.2694545431255124	-1.8341505729740344	-0.5127695702428386	-0.8685438419496341	0.5480356510548963	-2.433692828896178	-1.9990440743853821	-1.9493611465417702	-1.0704646986010111	3.556194169266507	1.3373941991862937	-2.1194176023092566	-2.4683503165464358	-0.8978894421881577	-0.11177314497377136	-1.139118564427434	-0.22049083403480654	-1.1221509901828832	-1.511107599871398	2.95223947290845	-0.32499159840099395	0.8294615887468346	-1.7783511205342717	-1.8807976503571058	0.03276247325149395	-1.7705783465633151	-0.7764676447347382	-1.00347155298439	5.782527426554369	1.7304855605876486	-0.7476929940391995	-0.3765365152920391	-1.2805148082562063	0.65374246984221	-0.18619408441450666	-2.117223516263542	1.5685125409804512	0.5736421474061016	1.240793613947292	-0.8024026074845608	-1.0468911732842283	-1.83208815965734	1.6656336581597262	0.21696331497834068	-0.5178630860429356	-0.364854136366767	-0.6361895056268327	1.6635475439232192	-1.2246773887806162	0.3510305059279175	-0.5342752838408986	-1.6638552673868419	0.4035561395991768	-0.9994046694652715	1.4491597115342416	-0.10171476413611694	0.4531086138979566	-1.499478234818986	0.3572698136468762	0.7567986327704969	-1.103419429380499	0.6282479538026912	-0.4767958249525609	0.8248377431095525	1.8232688976333082	0.3711049617626835	-1.5819886552905233	1.1899630059453101	0.11423492153066699	0.1688009334431464	-1.2871753810202553	-0.49444377475202883	0.5078869783960224	0.04868610188440942	0.8962277618362217	1.2386636019701973	-0.7244524321409455	-0.24453119778234114	-0.3437241912888175	-0.9350106440641398	1.0015406425530113	0.15226771026390834	0.8812937975436655	-0.7249550517661422	1.272753119201736	0.5045659456061202	1.1345224318575362	0.6614010714926003	2.7917041158259814	3.766351004635133	1.8726046891900563	0.49179361068271676	-0.9683146846165371	-0.1782065541044638	-0.49194005378764183	0.10766179642940031	0.4170143478517489	-1.1709410774759392	4.112132509306291	3.2927764022494403	-1.0142694750208163	0.1272342016330323	1.563238942014191	0.007248351575857681	2.0557814625559208	0.20337826060529948	-0.28435886170787816	-0.8665312034148165	0.02802731644934377	-1.4653357479990565	2.8737639293633173	1.218393659999507	0.44577623332095523	-0.42089537211059264	-0.9699724843434149	6.183452797118007	0.4021301281359059	-0.21872813072945393	0.24511667989870123	0.27774848370710037	3.792807502216049	-1.002037343636792	0.10714661031167282	0.7111445925331258	1.4535021664165833	1.8795278024112183	1.5594907989169806	0.6883297937949331	-0.7315185789775026	-0.6630961670646561	-0.89774237045875	1.298679859319774	0.6119250623583855	0.6856973859290942	0.474609099105356	0.7754219376129313	0.15209592124662072	-0.198480376342047	0.1228518389352542	0.0890614061039955	0.44912725771940076	0.04125159425664109	0.6358224384605121	1.8045873729101625	2.4052577368267234	-1.0473653590662766	0.062337747410019705	0.627047548618706	0.3826001681333994	0.9876177785294366	1.5716701758851195
60	-0.4868915540672434	-0.6020200967421072	1.2107317958066814	0.0974913417156058	-0.6340668025403017	-0.3769068378504133	0.38382314912526816	0.37979125753092124	1.4054172729840475	-0.9945628944772869	-0.6859935693310053	2.5702306520659053	-0.3016390132686892	2.356315119819234	1.0910338508599304	-1.1245392555429536	-0.5945858432509181	-2.100623609224538	1.476563350435437	2.4105294734037495	-1.0225701500465822	-1.1157849846693242	3.8382672806516354	-3.302379477187721	1.2825710020226844	-1.7626983393379598	0.3608208049826109	2.9359526751433394	2.7302532323917346	-0.0295837121165258	0.17402540084166362	-1.129825918707371	-0.959257503437605	-0.37392122060255173	0.3560307000410258	-0.7380886218942604	-1.9265144814299922	-3.3016605620035753	-1.513567099270517	1.799892543762774	-0.38666238870980774	1.650953925882955	-0.9631005930131944	-0.0853037939321796	-1.975511466517636	-1.8390854819956113	-2.1240952184145363	-1.2170243349969672	-2.795178001532499	1.3964511804504396	-1.6992755248125375	-0.8004354924882859	-0.8358536066232967	-0.37706201986550897	-1.0626746351081058	0.18464387740520277	0.4970710994683971	0.0558564672568681	1.9766530789084735	0.30938614123334773	-2.768799365187707	-1.200759314383764	-0.685437449584959	1.0218821184789986	-0.3630810950187603	0.1369360061139793	-1.0780010040058094	0.2066845792060293	0.2213654413965351	-1.2202279987923519	0.7490949301884013	-0.07387769517798762	-2.2098635075625515	-1.5154400425340868	-1.5229691551975968	-0.9490764566916338	-0.42154941278737557	4.041700410772609	3.692245243037077	-0.14582588762640858	-0.7281679926301623	1.7638089747907921	-0.15055556070129325	-1.3502821713666875	1.0322697786929695	2.542494930130484	-0.6646095134029582	4.789981379248845	-2.256293912801193	2.5701328552848866	0.8182950289840377	1.8264222079869252	-0.5143630988673045	-1.1271380772358441	-2.4648784015481975	-1.4487681514255615	0.8922949268207688	-0.3992819466899558	1.2074309310355618	-1.0281026411600018	0.2739567755501334	-0.7424756748115856	0.5828777354622025	0.054849366359718474	0.5171321852713048	-0.3421373225651462	-0.9073941402676484	-0.6284309346164878	1.128169612187465	-0.811171264454273	0.09527977058567352	0.45971993201904826	-0.22918819420690698	0.7363701108546774	-0.36790068584268937	-0.9865858842894372	-1.1719392297679772	-1.1301464093153084	-1.27359311107335	0.11515761041900423	-1.8411010229226648	-0.20631399316732624	1.3925134537982717	-0.23870045498324832	1.5564347216367556	-2.487238703118309	-2.174098651498343	-2.5483395184366087	-1.3714510278115446	0.47047291898789684	0.05667951318755132	-1.430043020107424	-0.7793305996121612	1.1709952879093677	0.13730462307302527	-0.41611804364732624	-0.693388020289021	2.3639761586279278	1.8047239105194746	0.975360089851357	-0.6321049261367857	-0.7817979877641688	-1.0460150861311	-1.4457376935593858	-0.9616259227787188	-0.9840538227036475	-0.4192850857120931	3.850703667905316	3.9519663153903384	-0.9809175115819504	1.4869187318489427	1.1772128567951285	0.3428469528504528	-0.11692296571470129	-1.404331815659283	-1.1565846437582281	-0.7781842200458007	1.5687051318307779	-0.32109252001777633	0.4471630529953918	-0.46145731977029625	0.3018238603640113	-0.7053040860663762	-1.478376855509583	4.866938994901671	-0.7419237052066514	-1.0306623564194175	-0.5655988685255655	0.6296587480530697	0.8935752993480337	-1.2968855540346345	0.2325786465435468	0.09128271238615185	0.616181317358069	0.8888314140336901	1.6704557822660695	-0.24967690378940988	-0.2775688202949339	0.8442064471208284	0.00879541508744125	2.2606005460859606	0.2721861573874418	-0.0996152405313917	0.19357125678727882	1.1408700201219883	0.5671909812163625	-1.0115185457318328	-0.1459303310818498	0.8744359970199038	0.10370082778552053	-0.41966040794170467	1.187732477341404	1.5416213054386878	1.3453031952288865	0.33756218036810337	0.14459176542968633	0.9839526379094873	0.43294886558021284	0.2040884774301513	0.020240829792132833
