site_a	site_b	geographic_distance_km	compartment	compartment_label	aitchison_dissimilarity
1	2	10.10649465	Surface	Surface	18.41460391
1	3	28.25798758	Surface	Surface	21.57087634
1	4	47.61548715	Surface	Surface	19.94002643
1	5	58.85951991	Surface	Surface	15.85282186
1	6	73.55532704	Surface	Surface	19.87705044
1	7	87.07007651	Surface	Surface	25.251344
1	8	102.2830584	Surface	Surface	27.45391559
1	9	122.2064997	Surface	Surface	30.2929974
1	10	138.5356294	Surface	Surface	26.87105266
1	11	156.9525226	Surface	Surface	28.00090491
1	12	178.0422853	Surface	Surface	24.97036389
1	13	201.600763	Surface	Surface	27.25579178
1	14	227.2014468	Surface	Surface	35.50437718
1	15	246.7399633	Surface	Surface	26.22239209
1	16	262.8047844	Surface	Surface	29.25190083
1	17	284.1080486	Surface	Surface	32.41116999
1	18	307.8397537	Surface	Surface	30.3944711
1	19	329.5331037	Surface	Surface	32.91632832
1	20	349.6736878	Surface	Surface	25.40973111
1	21	356.770844	Surface	Surface	28.28617128
1	22	374.3431186	Surface	Surface	24.20642616
1	23	389.8436865	Surface	Surface	28.21596174
1	24	403.8108679	Surface	Surface	31.05983461
1	25	409.5614738	Surface	Surface	34.31970101
1	26	423.518991	Surface	Surface	32.35413037
1	27	436.9453653	Surface	Surface	33.30279764
1	28	455.7393189	Surface	Surface	30.81364072
1	29	476.0398547	Surface	Surface	38.17554777
1	30	488.0415073	Surface	Surface	34.49634223
1	31	509.759037	Surface	Surface	42.08988095
1	32	530.6222096	Surface	Surface	47.40374623
1	33	552.1235286	Surface	Surface	36.65076782
1	34	574.3954659	Surface	Surface	38.72176072
1	35	596.9247071	Surface	Surface	33.36376448
1	36	640.454008	Surface	Surface	35.42717469
1	37	661.603535	Surface	Surface	36.35185037
1	38	664.3540197	Surface	Surface	35.88206431
1	39	688.7128146	Surface	Surface	38.28732601
1	40	712.8761514	Surface	Surface	38.10268432
1	41	725.0027968	Surface	Surface	45.06320968
1	42	743.5387826	Surface	Surface	37.09421643
1	43	754.0567089	Surface	Surface	36.32283455
1	44	773.1100171	Surface	Surface	35.51355544
1	45	778.8879458	Surface	Surface	35.5511702
1	46	799.3144221	Surface	Surface	36.27994533
1	47	819.5360207	Surface	Surface	33.15077531
1	48	843.2174652	Surface	Surface	39.32672438
1	49	864.7024402	Surface	Surface	32.40709756
1	50	878.9362218	Surface	Surface	33.64965725
1	51	888.4695293	Surface	Surface	37.72834273
1	52	898.4751982	Surface	Surface	43.30351599
1	53	917.3751109	Surface	Surface	38.94540368
1	54	939.8365269	Surface	Surface	45.99742661
1	55	943.5407763	Surface	Surface	48.05566984
1	56	964.4497005	Surface	Surface	37.73255243
1	57	982.5805299	Surface	Surface	46.52870037
1	58	999.3274421	Surface	Surface	42.73114247
1	59	1003.54779	Surface	Surface	41.7834087
1	60	1014.392787	Surface	Surface	37.92109873
2	3	18.1517452	Surface	Surface	25.6101816
2	4	37.53612262	Surface	Surface	19.02685314
2	5	48.84555461	Surface	Surface	18.89365425
2	6	63.76460461	Surface	Surface	23.1204044
2	7	77.45652962	Surface	Surface	28.93601313
2	8	92.89943556	Surface	Surface	31.10527165
2	9	112.9208079	Surface	Surface	31.3260909
2	10	129.3303232	Surface	Surface	27.96015307
2	11	147.7771151	Surface	Surface	29.14550392
2	12	168.876314	Surface	Surface	24.47651158
2	13	192.4092022	Surface	Surface	28.81482317
2	14	217.9966898	Surface	Surface	35.13832191
2	15	237.5412241	Surface	Surface	25.67342206
2	16	253.6028855	Surface	Surface	29.88705189
2	17	274.9172864	Surface	Surface	33.21746239
2	18	298.6277344	Surface	Surface	32.56940469
2	19	320.2620026	Surface	Surface	32.76423573
2	20	340.3813816	Surface	Surface	28.83063841
2	21	347.456144	Surface	Surface	29.80778864
2	22	364.9791791	Surface	Surface	28.51643079
2	23	380.4386255	Surface	Surface	29.42701731
2	24	394.3933121	Surface	Surface	32.35327273
2	25	400.1498149	Surface	Surface	34.10130717
2	26	414.0906628	Surface	Surface	33.13768753
2	27	427.4941135	Surface	Surface	32.38589978
2	28	446.292398	Surface	Surface	30.17152154
2	29	466.6211512	Surface	Surface	37.71477545
2	30	478.6385626	Surface	Surface	35.55344897
2	31	500.3761461	Surface	Surface	43.28961123
2	32	521.2640446	Surface	Surface	48.43636627
2	33	542.7970554	Surface	Surface	35.44498453
2	34	565.0842282	Surface	Surface	39.01380429
2	35	587.6276742	Surface	Surface	32.88279504
2	36	631.1829337	Surface	Surface	33.50997146
2	37	652.339764	Surface	Surface	34.7732809
2	38	655.089188	Surface	Surface	35.91647377
2	39	679.446791	Surface	Surface	37.13276624
2	40	703.6166929	Surface	Surface	38.12272496
2	41	715.7630939	Surface	Surface	46.29168914
2	42	734.3114639	Surface	Surface	37.30319886
2	43	744.833877	Surface	Surface	35.10036801
2	44	763.9086381	Surface	Surface	37.3365048
2	45	769.695627	Surface	Surface	35.2910549
2	46	790.1499017	Surface	Surface	36.28554438
2	47	810.3993544	Surface	Surface	33.25348867
2	48	834.0882539	Surface	Surface	37.07919235
2	49	855.5504522	Surface	Surface	32.75512054
2	50	869.7595731	Surface	Surface	32.71946176
2	51	879.2564066	Surface	Surface	38.98256328
2	52	889.2564235	Surface	Surface	41.85593492
2	53	908.162107	Surface	Surface	38.34728844
2	54	930.6097915	Surface	Surface	44.06975488
2	55	934.3263993	Surface	Surface	47.03552939
2	56	955.2943527	Surface	Surface	37.13308287
2	57	973.4839658	Surface	Surface	46.12973507
2	58	990.2792546	Surface	Surface	41.6981446
2	59	994.5074285	Surface	Surface	40.1671952
2	60	1005.335401	Surface	Surface	37.41059234
3	4	19.5304683	Surface	Surface	21.23520334
3	5	31.04953214	Surface	Surface	20.76040281
3	6	46.5796794	Surface	Surface	20.29746317
3	7	60.66201612	Surface	Surface	24.19033308
3	8	76.58623535	Surface	Surface	25.23371367
3	9	96.73512064	Surface	Surface	26.47494406
3	10	113.2627121	Surface	Surface	24.89284963
3	11	131.7188302	Surface	Surface	24.0953711
3	12	152.7893391	Surface	Surface	23.60515323
3	13	176.2276447	Surface	Surface	25.07862448
3	14	201.7550085	Surface	Surface	32.70266353
3	15	221.292059	Surface	Surface	25.31898023
3	16	237.3334266	Surface	Surface	27.53935815
3	17	258.6544943	Surface	Surface	29.13332469
3	18	282.3076568	Surface	Surface	27.06042763
3	19	303.813317	Surface	Surface	29.87338645
3	20	323.8821658	Surface	Surface	24.32067662
3	21	330.909977	Surface	Surface	26.38993289
3	22	348.3299266	Surface	Surface	23.8818769
3	23	363.7039154	Surface	Surface	26.35512526
3	24	377.6304531	Surface	Surface	28.08990271
3	25	383.3971286	Surface	Surface	33.67142338
3	26	397.302118	Surface	Surface	29.33436918
3	27	410.6579336	Surface	Surface	33.75406283
3	28	429.4610999	Surface	Surface	29.53549521
3	29	449.8411641	Surface	Surface	35.30605935
3	30	461.8871243	Surface	Surface	29.4907747
3	31	483.6600256	Surface	Surface	37.3230861
3	32	504.5924925	Surface	Surface	41.58470241
3	33	526.1834231	Surface	Surface	33.28872485
3	34	548.4968059	Surface	Surface	35.86296569
3	35	571.0645816	Surface	Surface	33.05858567
3	36	614.6643472	Surface	Surface	32.66683417
3	37	635.8328259	Surface	Surface	33.49656582
3	38	638.5799414	Surface	Surface	32.06640081
3	39	662.9328418	Surface	Surface	35.28316369
3	40	687.1129801	Surface	Surface	34.84800418
3	41	699.2958225	Surface	Surface	41.04545804
3	42	717.8660762	Surface	Surface	33.53652078
3	43	728.3961078	Surface	Surface	34.0730783
3	44	747.5099406	Surface	Surface	33.58731511
3	45	753.313612	Surface	Surface	33.69771586
3	46	773.8188351	Surface	Surface	32.82170745
3	47	794.1193318	Surface	Surface	29.60066309
3	48	817.8205297	Surface	Surface	38.66469926
3	49	839.2382782	Surface	Surface	31.24123714
3	50	853.3999821	Surface	Surface	30.40745724
3	51	862.8274721	Surface	Surface	32.82819692
3	52	872.8162424	Surface	Surface	38.33147365
3	53	891.7317156	Surface	Surface	32.83178861
3	54	914.1523192	Surface	Surface	39.09453949
3	55	917.8919933	Surface	Surface	43.48207051
3	56	938.9698411	Surface	Surface	33.47108185
3	57	957.2688659	Surface	Surface	40.65640369
3	58	974.153978	Surface	Surface	38.60883069
3	59	978.3965894	Surface	Surface	36.68395361
3	60	989.1920669	Surface	Surface	31.97939399
4	5	11.65889193	Surface	Surface	17.02936741
4	6	27.77428749	Surface	Surface	19.44758292
4	7	42.13385531	Surface	Surface	23.56323474
4	8	58.42978903	Surface	Surface	24.90960328
4	9	78.54758142	Surface	Surface	24.8118545
4	10	95.10228743	Surface	Surface	20.22104878
4	11	113.4929131	Surface	Surface	22.64308063
4	12	134.4772501	Surface	Surface	17.52065301
4	13	157.7862551	Surface	Surface	23.09474351
4	14	183.2281512	Surface	Surface	27.7878787
4	15	202.7390124	Surface	Surface	19.0937205
4	16	218.7503248	Surface	Surface	20.26004391
4	17	240.0615258	Surface	Surface	25.6254867
4	18	263.6560286	Surface	Surface	23.39256383
4	19	285.0537814	Surface	Surface	23.16163062
4	20	305.0777733	Surface	Surface	19.84559397
4	21	312.0689893	Surface	Surface	21.85002869
4	22	329.4102976	Surface	Surface	23.31080063
4	23	344.7213256	Surface	Surface	23.16572322
4	24	358.6259353	Surface	Surface	24.43368121
4	25	364.398455	Surface	Surface	25.41209085
4	26	378.2768951	Surface	Surface	24.01769878
4	27	391.5990943	Surface	Surface	25.82260409
4	28	410.4028957	Surface	Surface	21.76828907
4	29	430.8141491	Surface	Surface	28.8550998
4	30	442.8775801	Surface	Surface	25.84184477
4	31	464.6714866	Surface	Surface	34.13051327
4	32	485.6315723	Surface	Surface	38.92578401
4	33	507.259498	Surface	Surface	26.35517305
4	34	529.5884851	Surface	Surface	29.11681377
4	35	552.1707388	Surface	Surface	26.20099826
4	36	595.7972296	Surface	Surface	25.88076276
4	37	616.9720012	Surface	Surface	25.88692522
4	38	619.7173039	Surface	Surface	27.60333472
4	39	644.06511	Surface	Surface	28.23809703
4	40	668.2505752	Surface	Surface	29.32927876
4	41	680.4577274	Surface	Surface	41.25619461
4	42	699.0419072	Surface	Surface	28.16982697
4	43	709.5765447	Surface	Surface	28.62524867
4	44	728.7163926	Surface	Surface	29.13796892
4	45	734.5313784	Surface	Surface	29.57719779
4	46	755.0711862	Surface	Surface	29.15743824
4	47	775.4066486	Surface	Surface	24.31176341
4	48	799.1151972	Surface	Surface	32.80906516
4	49	820.5002216	Surface	Surface	25.80371702
4	50	834.6278681	Surface	Surface	26.07665804
4	51	844.0067301	Surface	Surface	31.06109224
4	52	853.9873025	Surface	Surface	35.07271271
4	53	872.908691	Surface	Surface	30.54129826
4	54	895.3097839	Surface	Surface	36.6041232
4	55	899.0651234	Surface	Surface	39.33998733
4	56	920.2183962	Surface	Surface	28.39450462
4	57	938.5940447	Surface	Surface	37.5211573
4	58	955.5429559	Surface	Surface	34.21885827
4	59	959.7958304	Surface	Surface	33.59115861
4	60	970.5673442	Surface	Surface	29.97145175
5	6	16.37104011	Surface	Surface	18.6481883
5	7	30.77165118	Surface	Surface	23.52909479
5	8	47.18301995	Surface	Surface	23.87910738
5	9	67.21830314	Surface	Surface	25.25751793
5	10	83.75477694	Surface	Surface	22.4820248
5	11	102.096653	Surface	Surface	23.94173854
5	12	123.0330018	Surface	Surface	20.20428315
5	13	146.2871358	Surface	Surface	21.95823723
5	14	171.6956312	Surface	Surface	30.97338624
5	15	191.1953428	Surface	Surface	21.26257311
5	16	207.1959447	Surface	Surface	24.83752397
5	17	228.5020899	Surface	Surface	27.05721833
5	18	252.0792683	Surface	Surface	24.18204556
5	19	273.4502452	Surface	Surface	26.68915329
5	20	293.4639241	Surface	Surface	20.56525289
5	21	300.4476919	Surface	Surface	23.69117484
5	22	317.7747808	Surface	Surface	20.55121105
5	23	333.076439	Surface	Surface	23.14834662
5	24	346.9781746	Surface	Surface	26.40643626
5	25	352.7513346	Surface	Surface	29.08315729
5	26	366.626645	Surface	Surface	27.1147702
5	27	379.9455308	Surface	Surface	29.0158339
5	28	398.7492921	Surface	Surface	26.01379075
5	29	419.1633687	Surface	Surface	33.71920727
5	30	431.2285923	Surface	Surface	29.30334218
5	31	453.0247976	Surface	Surface	36.74543334
5	32	473.9882475	Surface	Surface	42.49276566
5	33	495.6212141	Surface	Surface	32.70271138
5	34	517.9523872	Surface	Surface	33.49247331
5	35	540.5367341	Surface	Surface	29.48614099
5	36	584.167267	Surface	Surface	30.14728767
5	37	605.3429538	Surface	Surface	29.48965083
5	38	608.0879342	Surface	Surface	31.11029668
5	39	632.4347444	Surface	Surface	32.63226325
5	40	656.6209593	Surface	Surface	32.51556469
5	41	668.8321967	Surface	Surface	41.41368603
5	42	687.4187347	Surface	Surface	32.69950595
5	43	697.9541402	Surface	Surface	30.64157503
5	44	717.0986718	Surface	Surface	31.36506988
5	45	722.9157703	Surface	Surface	31.44457096
5	46	743.4622391	Surface	Surface	32.13318613
5	47	763.8047577	Surface	Surface	28.24650649
5	48	787.5147054	Surface	Surface	35.89793949
5	49	808.8928324	Surface	Surface	29.88445485
5	50	823.0136767	Surface	Surface	29.36456603
5	51	832.3834845	Surface	Surface	33.74070463
5	52	842.3625727	Surface	Surface	39.46067686
5	53	861.2849319	Surface	Surface	34.0877408
5	54	883.682566	Surface	Surface	42.17284308
5	55	887.4405967	Surface	Surface	43.72132171
5	56	908.6078631	Surface	Surface	33.02369387
5	57	926.9993313	Surface	Surface	42.59712307
5	58	943.9624777	Surface	Surface	38.18012743
5	59	948.2177171	Surface	Surface	37.63421703
5	60	958.9836369	Surface	Surface	33.8002233
6	7	14.40203593	Surface	Surface	17.34882175
6	8	30.81875617	Surface	Surface	20.64963853
6	9	50.85010941	Surface	Surface	23.19867257
6	10	67.39123211	Surface	Surface	21.04690858
6	11	85.74984117	Surface	Surface	20.09332829
6	12	106.7125449	Surface	Surface	21.10167004
6	13	130.011978	Surface	Surface	21.13508461
6	14	155.4589903	Surface	Surface	31.38315835
6	15	174.973766	Surface	Surface	21.3153494
6	16	190.9902857	Surface	Surface	21.83727676
6	17	212.3041437	Surface	Surface	28.95551612
6	18	235.9120602	Surface	Surface	24.89019916
6	19	257.3441595	Surface	Surface	28.94739259
6	20	277.3872847	Surface	Surface	21.47521138
6	21	284.3958918	Surface	Surface	23.832939
6	22	301.7818528	Surface	Surface	19.50472334
6	23	317.1367024	Surface	Surface	24.79702812
6	24	331.0585822	Surface	Surface	26.35708631
6	25	336.8265207	Surface	Surface	33.00472323
6	26	350.726839	Surface	Surface	29.61203425
6	27	364.0790592	Surface	Surface	32.84585973
6	28	382.8823341	Surface	Surface	26.74698831
6	29	403.2659983	Surface	Surface	32.06009899
6	30	415.3150734	Surface	Surface	27.72601719
6	31	437.0927452	Surface	Surface	36.48905607
6	32	458.0329164	Surface	Surface	40.22634731
6	33	479.6365309	Surface	Surface	31.05067543
6	34	501.9561674	Surface	Surface	33.82390135
6	35	524.5301443	Surface	Surface	30.46511823
6	36	568.1422818	Surface	Surface	31.30781336
6	37	589.3139279	Surface	Surface	30.92956458
6	38	592.060198	Surface	Surface	29.27318988
6	39	616.410875	Surface	Surface	32.62763601
6	40	640.5937121	Surface	Surface	31.46782044
6	41	652.788715	Surface	Surface	39.90609574
6	42	671.3664069	Surface	Surface	30.74304336
6	43	681.8989876	Surface	Surface	33.94010223
6	44	701.0274995	Surface	Surface	31.53173137
6	45	706.8378217	Surface	Surface	31.99100504
6	46	727.3644022	Surface	Surface	31.50402863
6	47	747.6879555	Surface	Surface	27.62205375
6	48	771.3942827	Surface	Surface	35.54408893
6	49	792.7903525	Surface	Surface	28.56153135
6	50	806.9308017	Surface	Surface	27.23969287
6	51	816.3304552	Surface	Surface	33.52757177
6	52	826.3148862	Surface	Surface	38.67336793
6	53	845.2335978	Surface	Surface	33.26932787
6	54	867.6440757	Surface	Surface	39.36329859
6	55	871.3919285	Surface	Surface	42.047609
6	56	892.5138124	Surface	Surface	34.26692927
6	57	910.8646189	Surface	Surface	39.15824034
6	58	927.7976037	Surface	Surface	35.95896606
6	59	932.0482904	Surface	Surface	37.44942998
6	60	942.8251353	Surface	Surface	31.62096559
7	8	16.45738878	Surface	Surface	18.52145254
7	9	36.44812011	Surface	Surface	22.45826012
7	10	52.99110862	Surface	Surface	20.42230311
7	11	71.36171245	Surface	Surface	19.14386211
7	12	92.34582963	Surface	Surface	21.26466537
7	13	115.6838738	Surface	Surface	21.36930479
7	14	141.162678	Surface	Surface	30.52177163
7	15	160.6885501	Surface	Surface	23.59525612
7	16	176.7174841	Surface	Surface	24.29868188
7	17	198.0359599	Surface	Surface	28.32549928
7	18	221.668828	Surface	Surface	24.30066709
7	19	243.1529653	Surface	Surface	29.05530702
7	20	263.2201822	Surface	Surface	22.59754629
7	21	270.2500927	Surface	Surface	23.65088209
7	22	287.6864824	Surface	Surface	23.14436149
7	23	303.0869267	Surface	Surface	25.14077156
7	24	317.0251857	Surface	Surface	27.13558565
7	25	322.7878986	Surface	Surface	33.75170729
7	26	336.7089539	Surface	Surface	28.78624105
7	27	350.089329	Surface	Surface	34.87005383
7	28	368.8904293	Surface	Surface	29.00442398
7	29	389.2457661	Surface	Surface	32.36661863
7	30	401.279896	Surface	Surface	26.17247751
7	31	423.040106	Surface	Surface	33.8833281
7	32	443.9590395	Surface	Surface	36.99990303
7	33	465.5364584	Surface	Surface	30.54986774
7	34	487.8453632	Surface	Surface	33.45539171
7	35	510.4097344	Surface	Surface	32.70941789
7	36	554.0050305	Surface	Surface	32.80739986
7	37	575.1727424	Surface	Surface	32.98898486
7	38	577.9200312	Surface	Surface	29.59945698
7	39	602.2733951	Surface	Surface	34.56571756
7	40	626.4528844	Surface	Surface	31.29449665
7	41	638.6340741	Surface	Surface	38.62704826
7	42	657.2040603	Surface	Surface	31.89349733
7	43	667.7341148	Surface	Surface	35.03322136
7	44	686.8490367	Surface	Surface	30.36439204
7	45	692.6536687	Surface	Surface	34.80148806
7	46	713.1635792	Surface	Surface	36.09986261
7	47	733.4713431	Surface	Surface	27.35678917
7	48	757.174467	Surface	Surface	40.77284594
7	49	778.5849897	Surface	Surface	31.60232319
7	50	792.7413709	Surface	Surface	27.71224615
7	51	802.1655012	Surface	Surface	36.48021916
7	52	812.1542302	Surface	Surface	41.54253108
7	53	831.0697226	Surface	Surface	36.47063619
7	54	853.4905608	Surface	Surface	42.5801005
7	55	857.2299784	Surface	Surface	46.17057999
7	56	878.3144315	Surface	Surface	35.9393568
7	57	896.6320631	Surface	Surface	42.8068375
7	58	913.5406829	Surface	Surface	39.90737783
7	59	917.7877056	Surface	Surface	41.3458669
7	60	928.573236	Surface	Surface	33.93699942
8	9	20.15820634	Surface	Surface	19.48143683
8	10	36.70869224	Surface	Surface	20.09018351
8	11	55.14750154	Surface	Surface	22.07085821
8	12	76.2050147	Surface	Surface	21.31046246
8	13	99.64871939	Surface	Surface	19.13464869
8	14	125.1956752	Surface	Surface	27.82468396
8	15	144.738283	Surface	Surface	22.74537151
8	16	160.7894411	Surface	Surface	23.95535424
8	17	182.1104162	Surface	Surface	27.0884361
8	18	205.7912933	Surface	Surface	20.84243183
8	19	227.3781935	Surface	Surface	25.63908103
8	20	247.4879739	Surface	Surface	19.04704386
8	21	254.5576475	Surface	Surface	22.04762823
8	22	272.0851689	Surface	Surface	23.66616277
8	23	287.5653634	Surface	Surface	22.7821439
8	24	301.5295757	Surface	Surface	25.63682497
8	25	307.2815015	Surface	Surface	32.17593772
8	26	321.2363134	Surface	Surface	25.8548466
8	27	334.6632566	Surface	Surface	33.27239199
8	28	353.456642	Surface	Surface	26.81511539
8	29	373.7587415	Surface	Surface	28.68733949
8	30	385.7646573	Surface	Surface	23.18663271
8	31	407.4909265	Surface	Surface	29.72553779
8	32	428.3695471	Surface	Surface	32.44243999
8	33	449.8977005	Surface	Surface	29.07429281
8	34	472.1851648	Surface	Surface	31.06329137
8	35	494.7302801	Surface	Surface	31.22268113
8	36	538.2918731	Surface	Surface	31.51166224
8	37	559.4511297	Surface	Surface	30.32183647
8	38	562.2001263	Surface	Surface	27.6993911
8	39	586.5570708	Surface	Surface	31.47120223
8	40	610.7292511	Surface	Surface	28.69426225
8	41	622.8845927	Surface	Surface	37.81014425
8	42	641.4395864	Surface	Surface	30.23440659
8	43	651.9645494	Surface	Surface	32.03395881
8	44	671.0534958	Surface	Surface	30.99077823
8	45	676.8472709	Surface	Surface	34.26813607
8	46	697.3250159	Surface	Surface	34.18100055
8	47	717.6019194	Surface	Surface	25.41969389
8	48	741.298223	Surface	Surface	41.13904499
8	49	762.7359618	Surface	Surface	32.52293372
8	50	776.9221011	Surface	Surface	26.24685791
8	51	786.391415	Surface	Surface	35.06162434
8	52	796.3877583	Surface	Surface	40.00133517
8	53	815.2968637	Surface	Surface	34.34563861
8	54	837.7360582	Surface	Surface	41.39649195
8	55	841.4600054	Surface	Surface	44.92997112
8	56	862.474498	Surface	Surface	33.15677378
8	57	880.7281328	Surface	Surface	40.57486611
8	58	897.5881433	Surface	Surface	38.99826692
8	59	901.8276951	Surface	Surface	38.47092094
8	60	912.6305606	Surface	Surface	32.75911524
9	10	16.55677743	Surface	Surface	17.48809527
9	11	34.98951096	Surface	Surface	21.02239293
9	12	56.05481794	Surface	Surface	19.0896073
9	13	79.52539463	Surface	Surface	22.60792897
9	14	105.0927055	Surface	Surface	28.05744794
9	15	124.637719	Surface	Surface	24.76743858
9	16	140.6952193	Surface	Surface	24.80401419
9	17	162.0137761	Surface	Surface	23.03819806
9	18	185.7122761	Surface	Surface	19.22776405
9	19	207.3460208	Surface	Surface	22.76188329
9	20	227.47525	Surface	Surface	18.54292845
9	21	234.5656729	Surface	Surface	21.39048579
9	22	252.1432471	Surface	Surface	24.5070882
9	23	267.6699041	Surface	Surface	22.59223029
9	24	281.6481699	Surface	Surface	21.71885329
9	25	287.392321	Surface	Surface	28.20909016
9	26	301.366427	Surface	Surface	23.84404157
9	27	314.8214739	Surface	Surface	32.38811741
9	28	333.6071658	Surface	Surface	25.26812747
9	29	353.8730427	Surface	Surface	26.36891378
9	30	365.8603776	Surface	Surface	21.26442117
9	31	387.5644065	Surface	Surface	26.8763372
9	32	408.4181405	Surface	Surface	29.47855492
9	33	429.9176263	Surface	Surface	26.02947632
9	34	452.1925134	Surface	Surface	28.67694663
9	35	474.7266165	Surface	Surface	30.56855627
9	36	518.2696973	Surface	Surface	29.47171024
9	37	539.4242099	Surface	Surface	28.09317531
9	38	542.1739665	Surface	Surface	26.03141938
9	39	566.5320381	Surface	Surface	29.0456024
9	40	590.7001067	Surface	Surface	27.23026607
9	41	602.8429258	Surface	Surface	37.88015139
9	42	621.3906571	Surface	Surface	30.115743
9	43	631.9131262	Surface	Surface	31.20466776
9	44	650.9902547	Surface	Surface	28.93089938
9	45	656.7792725	Surface	Surface	35.37594728
9	46	677.2434112	Surface	Surface	35.1210048
9	47	697.5080415	Surface	Surface	28.07015533
9	48	721.2015727	Surface	Surface	43.16555226
9	49	742.6495312	Surface	Surface	33.57489444
9	50	756.8475365	Surface	Surface	28.84894568
9	51	766.3361285	Surface	Surface	36.36855246
9	52	776.3357542	Surface	Surface	39.43769574
9	53	795.2418096	Surface	Surface	34.3479821
9	54	817.6890048	Surface	Surface	40.11364335
9	55	821.4059668	Surface	Surface	44.92605312
9	56	842.390844	Surface	Surface	32.74566198
9	57	860.6206222	Surface	Surface	40.34868842
9	58	877.4648826	Surface	Surface	38.9403137
9	59	881.7022106	Surface	Surface	37.23411273
9	60	892.5102389	Surface	Surface	32.59833786
10	11	18.46178099	Surface	Surface	19.52943436
10	12	39.55566823	Surface	Surface	15.9431069
10	13	63.07950164	Surface	Surface	20.63217387
10	14	88.67257235	Surface	Surface	26.63590563
10	15	108.215277	Surface	Surface	20.42363286
10	16	124.2787891	Surface	Surface	20.68716802
10	17	145.5897721	Surface	Surface	21.81080436
10	18	169.3101221	Surface	Surface	19.6768323
10	19	191.0031459	Surface	Surface	21.799995
10	20	211.1539349	Surface	Surface	17.87593378
10	21	218.268899	Surface	Surface	20.47103912
10	22	235.9036556	Surface	Surface	24.73128906
10	23	251.4816431	Surface	Surface	19.6745684
10	24	265.473637	Surface	Surface	22.50820809
10	25	271.2081081	Surface	Surface	27.34532262
10	26	285.2019186	Surface	Surface	22.64644455
10	27	298.6863196	Surface	Surface	29.28431013
10	28	317.4610872	Surface	Surface	22.90885422
10	29	337.6848154	Surface	Surface	27.36098908
10	30	349.6504771	Surface	Surface	21.31406971
10	31	371.3281088	Surface	Surface	27.74344189
10	32	392.1527109	Surface	Surface	32.26296325
10	33	413.6187622	Surface	Surface	25.61561552
10	34	435.8784205	Surface	Surface	26.61815768
10	35	458.3991498	Surface	Surface	26.81503846
10	36	501.9197138	Surface	Surface	26.48656615
10	37	523.0682514	Surface	Surface	26.64798055
10	38	525.8188275	Surface	Surface	24.28752137
10	39	550.177693	Surface	Surface	28.18894292
10	40	574.3405649	Surface	Surface	25.47159727
10	41	586.4686502	Surface	Surface	38.86853313
10	42	605.0075998	Surface	Surface	28.59809154
10	43	615.526991	Surface	Surface	30.71425107
10	44	634.5898694	Surface	Surface	26.46759761
10	45	640.373121	Surface	Surface	33.01242377
10	46	660.8205203	Surface	Surface	34.36535547
10	47	681.0697108	Surface	Surface	25.53337302
10	48	704.7595704	Surface	Surface	39.12836153
10	49	726.2201715	Surface	Surface	31.12995511
10	50	740.4325645	Surface	Surface	26.57207088
10	51	749.9440007	Surface	Surface	35.36887998
10	52	759.9473779	Surface	Surface	39.61679252
10	53	778.8497102	Surface	Surface	34.48732431
10	54	801.3060327	Surface	Surface	41.4796886
10	55	805.0148477	Surface	Surface	44.61995907
10	56	825.9642706	Surface	Surface	32.0148293
10	57	844.1639632	Surface	Surface	40.70148968
10	58	860.987051	Surface	Surface	38.05832514
10	59	865.221257	Surface	Surface	37.71233007
10	60	876.0364136	Surface	Surface	32.82580481
11	12	21.09937133	Surface	Surface	21.51514223
11	13	44.64839931	Surface	Surface	23.69589265
11	14	70.25058267	Surface	Surface	29.42999427
11	15	89.7874755	Surface	Surface	24.44457367
11	16	105.8523356	Surface	Surface	23.24872648
11	17	127.1567155	Surface	Surface	27.95437382
11	18	150.8877641	Surface	Surface	22.96792996
11	19	172.6171104	Surface	Surface	27.47779402
11	20	192.7809334	Surface	Surface	21.90748966
11	21	199.9128197	Surface	Surface	24.32358212
11	22	217.5887317	Surface	Surface	23.144964
11	23	233.2053677	Surface	Surface	24.55401928
11	24	247.2066645	Surface	Surface	25.45602851
11	25	252.9326917	Surface	Surface	32.23264604
11	26	266.9407567	Surface	Surface	27.59359402
11	27	280.4474928	Surface	Surface	34.34816299
11	28	299.2115309	Surface	Surface	28.16870964
11	29	319.4003778	Surface	Surface	29.60215175
11	30	331.3486982	Surface	Surface	25.11477296
11	31	353.0055599	Surface	Surface	32.15425298
11	32	373.8084128	Surface	Surface	35.7544066
11	33	395.250896	Surface	Surface	29.22066121
11	34	417.5000295	Surface	Surface	31.82782073
11	35	440.0118103	Surface	Surface	31.50811943
11	36	483.5180195	Surface	Surface	30.3159572
11	37	504.662818	Surface	Surface	30.48682993
11	38	507.4138399	Surface	Surface	28.00305234
11	39	531.772917	Surface	Surface	32.19041139
11	40	555.932581	Surface	Surface	30.4325415
11	41	568.0523607	Surface	Surface	37.83000975
11	42	586.5864832	Surface	Surface	29.93792465
11	43	597.1042005	Surface	Surface	33.78565522
11	44	616.1597813	Surface	Surface	29.84308157
11	45	621.9402235	Surface	Surface	33.79855656
11	46	642.3799373	Surface	Surface	32.53632242
11	47	662.6227633	Surface	Surface	26.27397525
11	48	686.3111895	Surface	Surface	39.33771355
11	49	707.7766902	Surface	Surface	30.56679883
11	50	721.9952454	Surface	Surface	28.72118516
11	51	731.5175416	Surface	Surface	34.27098452
11	52	741.5227783	Surface	Surface	37.99547738
11	53	760.4231665	Surface	Surface	32.9787323
11	54	782.8840609	Surface	Surface	39.06700901
11	55	786.5887116	Surface	Surface	43.50763581
11	56	807.5217382	Surface	Surface	32.55053754
11	57	825.7104011	Surface	Surface	39.32186171
11	58	842.5280086	Surface	Surface	36.5907017
11	59	846.7616162	Surface	Surface	38.31346489
11	60	857.5782167	Surface	Surface	30.12419594
12	13	23.57375183	Surface	Surface	19.08975735
12	14	49.17582743	Surface	Surface	27.02141049
12	15	68.70334618	Surface	Surface	21.00619217
12	16	84.76790189	Surface	Surface	22.32529754
12	17	106.0661091	Surface	Surface	21.97987883
12	18	129.8041683	Surface	Surface	20.6804756
12	19	151.5638529	Surface	Surface	22.17788717
12	20	171.7384482	Surface	Surface	18.25466707
12	21	178.8860944	Surface	Surface	20.21459474
12	22	196.6016028	Surface	Surface	23.27854077
12	23	212.2565101	Surface	Surface	21.99715742
12	24	226.2658596	Surface	Surface	22.86351758
12	25	231.9824693	Surface	Surface	24.95565151
12	26	246.0038473	Surface	Surface	22.89216587
12	27	259.5324234	Surface	Surface	28.2303071
12	28	278.2835823	Surface	Surface	22.83995534
12	29	298.4357457	Surface	Surface	27.78689257
12	30	310.3663943	Surface	Surface	23.41640878
12	31	332.0024838	Surface	Surface	30.19662766
12	32	352.7846231	Surface	Surface	33.82108057
12	33	374.2058871	Surface	Surface	24.90883987
12	34	396.4458431	Surface	Surface	28.10932535
12	35	418.9501142	Surface	Surface	27.71487372
12	36	462.4449667	Surface	Surface	26.45046946
12	37	483.5869305	Surface	Surface	27.2186756
12	38	486.3382597	Surface	Surface	26.36074332
12	39	510.6973758	Surface	Surface	29.99795712
12	40	534.8546676	Surface	Surface	27.69446809
12	41	546.9687839	Surface	Surface	38.81392743
12	42	565.4997938	Surface	Surface	29.55785378
12	43	576.0164674	Surface	Surface	29.17463274
12	44	595.0678498	Surface	Surface	28.54898588
12	45	600.8468275	Surface	Surface	33.43178583
12	46	621.2830971	Surface	Surface	33.7684267
12	47	641.5239676	Surface	Surface	25.58616489
12	48	665.2121166	Surface	Surface	38.39325371
12	49	686.6788147	Surface	Surface	30.34944462
12	50	700.8996992	Surface	Surface	24.70471882
12	51	710.4274748	Surface	Surface	34.52960714
12	52	720.4337642	Surface	Surface	38.76194544
12	53	739.3330232	Surface	Surface	34.47029068
12	54	761.7965493	Surface	Surface	40.88252975
12	55	765.4987731	Surface	Surface	44.34825423
12	56	786.4241447	Surface	Surface	31.71385153
12	57	804.611141	Surface	Surface	41.01745661
12	58	821.4313948	Surface	Surface	38.04703379
12	59	825.6657441	Surface	Surface	37.27538992
12	60	836.4808049	Surface	Surface	31.50976808
13	14	25.60386759	Surface	Surface	26.55954123
13	15	45.13923986	Surface	Surface	20.70656436
13	16	61.20402268	Surface	Surface	22.95612061
13	17	82.51100679	Surface	Surface	27.80260086
13	18	106.2393802	Surface	Surface	21.86884363
13	19	127.9903168	Surface	Surface	26.21817619
13	20	148.1664042	Surface	Surface	20.44234536
13	21	155.318395	Surface	Surface	24.28012344
13	22	173.0513985	Surface	Surface	22.04435633
13	23	188.7283625	Surface	Surface	23.73026822
13	24	202.7420297	Surface	Surface	25.22819433
13	25	208.4522431	Surface	Surface	31.22044247
13	26	222.4813759	Surface	Surface	25.87552041
13	27	236.0237727	Surface	Surface	31.00336675
13	28	254.7653042	Surface	Surface	25.77777051
13	29	274.8944276	Surface	Surface	28.45551743
13	30	286.8154211	Surface	Surface	24.82699625
13	31	308.4416554	Surface	Surface	31.07662239
13	32	329.216187	Surface	Surface	35.51405879
13	33	350.6327783	Surface	Surface	29.81826683
13	34	372.8720948	Surface	Surface	28.82344355
13	35	395.3767253	Surface	Surface	28.19724941
13	36	438.8742242	Surface	Surface	28.60416262
13	37	460.0173927	Surface	Surface	28.81544087
13	38	462.7685809	Surface	Surface	26.76906524
13	39	487.1276908	Surface	Surface	29.69816145
13	40	511.2861789	Surface	Surface	27.90618729
13	41	523.4041515	Surface	Surface	37.95880018
13	42	541.9381145	Surface	Surface	29.32671715
13	43	552.4559575	Surface	Surface	30.65991326
13	44	571.5133623	Surface	Surface	30.00091389
13	45	577.2951595	Surface	Surface	32.40632427
13	46	597.7410728	Surface	Surface	34.52153704
13	47	617.9929969	Surface	Surface	25.25348902
13	48	641.6841822	Surface	Surface	37.28471359
13	49	663.1413816	Surface	Surface	30.10975502
13	50	677.3532517	Surface	Surface	26.16702705
13	51	686.8699702	Surface	Surface	33.06266666
13	52	696.8748149	Surface	Surface	39.22728943
13	53	715.7756226	Surface	Surface	34.00189474
13	54	738.2357653	Surface	Surface	41.78603842
13	55	741.9410731	Surface	Surface	43.20930349
13	56	762.8851505	Surface	Surface	30.53114346
13	57	781.0967482	Surface	Surface	40.51858173
13	58	797.9412271	Surface	Surface	36.93498675
13	59	802.179781	Surface	Surface	35.40751592
13	60	812.9854959	Surface	Surface	31.79989577
14	15	19.54517492	Surface	Surface	20.20065304
14	16	35.60649563	Surface	Surface	22.19011589
14	17	56.92170595	Surface	Surface	25.94494871
14	18	80.63853914	Surface	Surface	26.83934818
14	19	102.3940149	Surface	Surface	22.07125046
14	20	122.5765081	Surface	Surface	27.89883877
14	21	129.7408044	Surface	Surface	23.65593393
14	22	147.5104598	Surface	Surface	32.86526896
14	23	163.2266093	Surface	Surface	25.31729041
14	24	177.2460727	Surface	Surface	24.77236075
14	25	182.9445454	Surface	Surface	25.32616689
14	26	196.985567	Surface	Surface	20.40300963
14	27	210.549485	Surface	Surface	21.7112401
14	28	229.2735814	Surface	Surface	22.38505401
14	29	249.3631989	Surface	Surface	24.49762796
14	30	261.267008	Surface	Surface	22.99360019
14	31	282.8747245	Surface	Surface	27.1710648
14	32	303.6335082	Surface	Surface	34.83460853
14	33	325.0373485	Surface	Surface	26.38011491
14	34	347.2725101	Surface	Surface	23.30095324
14	35	369.7746293	Surface	Surface	23.43771985
14	36	413.270363	Surface	Surface	20.63265892
14	37	434.4135967	Surface	Surface	23.3944083
14	38	437.1647658	Surface	Surface	24.72459007
14	39	461.5238736	Surface	Surface	25.35159742
14	40	485.6825872	Surface	Surface	26.42348662
14	41	497.8020171	Surface	Surface	42.45699758
14	42	516.337519	Surface	Surface	27.2249903
14	43	526.8560329	Surface	Surface	28.22905032
14	44	545.9173218	Surface	Surface	31.30159316
14	45	551.7011112	Surface	Surface	30.13277837
14	46	572.1543568	Surface	Surface	33.90812405
14	47	592.4153391	Surface	Surface	24.67120981
14	48	616.1090203	Surface	Surface	34.94135057
14	49	637.5581883	Surface	Surface	29.27213541
14	50	651.762902	Surface	Surface	25.25360738
14	51	661.2717851	Surface	Surface	33.45395075
14	52	671.2757175	Surface	Surface	38.28849998
14	53	690.177481	Surface	Surface	32.54785427
14	54	712.6355554	Surface	Surface	39.11852016
14	55	716.3427224	Surface	Surface	41.1361547
14	56	737.3004626	Surface	Surface	26.68914491
14	57	755.5328404	Surface	Surface	38.25628751
14	58	772.3991771	Surface	Surface	36.15077948
14	59	776.6416063	Surface	Surface	34.39280067
14	60	787.4386383	Surface	Surface	33.36522283
15	16	16.06491343	Surface	Surface	16.4823551
15	17	37.37656191	Surface	Surface	23.80377075
15	18	61.10104869	Surface	Surface	23.77798247
15	19	82.9066985	Surface	Surface	22.02960888
15	20	103.1027007	Surface	Surface	22.4667719
15	21	110.2921355	Surface	Surface	20.85000706
15	22	128.1219218	Surface	Surface	25.84165678
15	23	143.8928052	Surface	Surface	20.12430735
15	24	157.9166103	Surface	Surface	23.2203685
15	25	163.597238	Surface	Surface	26.69054357
15	26	177.6517955	Surface	Surface	20.42943942
15	27	191.2417427	Surface	Surface	22.73619952
15	28	209.9396524	Surface	Surface	18.62470484
15	29	229.9734721	Surface	Surface	27.0055974
15	30	241.8518872	Surface	Surface	23.1127656
15	31	263.430593	Surface	Surface	30.90131835
15	32	284.162725	Surface	Surface	36.75935675
15	33	305.5412583	Surface	Surface	27.51338122
15	34	327.7658673	Surface	Surface	25.97503207
15	35	350.2597805	Surface	Surface	21.99948949
15	36	393.7439634	Surface	Surface	23.05992772
15	37	414.8844858	Surface	Surface	22.40033748
15	38	417.6359351	Surface	Surface	25.30098405
15	39	441.9950399	Surface	Surface	26.81883939
15	40	466.1515729	Surface	Surface	26.71262373
15	41	478.2660738	Surface	Surface	41.50742516
15	42	496.7990412	Surface	Surface	27.03524365
15	43	507.3167457	Surface	Surface	27.52300666
15	44	526.374993	Surface	Surface	29.76733758
15	45	532.1578452	Surface	Surface	29.10574618
15	46	552.6094	Surface	Surface	30.31813096
15	47	572.8703391	Surface	Surface	21.59379902
15	48	596.5642425	Surface	Surface	30.55800983
15	49	618.0130249	Surface	Surface	26.73725097
15	50	632.2185303	Surface	Surface	22.80407858
15	51	641.7308772	Surface	Surface	31.59494309
15	52	651.7355882	Surface	Surface	35.06711647
15	53	670.6365407	Surface	Surface	29.4877885
15	54	693.0965869	Surface	Surface	36.77730282
15	55	696.8019486	Surface	Surface	38.87497341
15	56	717.75536	Surface	Surface	26.79535988
15	57	735.9898502	Surface	Surface	37.17796079
15	58	752.8621954	Surface	Surface	33.86867237
15	59	757.1059174	Surface	Surface	33.00186269
15	60	767.9001144	Surface	Surface	29.97624503
16	17	21.32142896	Surface	Surface	23.39976027
16	18	45.03628201	Surface	Surface	23.05425575
16	19	66.87414071	Surface	Surface	21.66458777
16	20	87.07756883	Surface	Surface	21.6380525
16	21	94.28630471	Surface	Surface	21.10759846
16	22	112.1628677	Surface	Surface	26.74085342
16	23	127.976443	Surface	Surface	21.9936263
16	24	142.0003687	Surface	Surface	22.39964538
16	25	147.6649079	Surface	Surface	24.52915924
16	26	161.7280063	Surface	Surface	20.93820477
16	27	175.3368793	Surface	Surface	23.26122752
16	28	194.0110409	Surface	Surface	20.1409377
16	29	213.9998944	Surface	Surface	24.51370801
16	30	225.8588548	Surface	Surface	22.27782574
16	31	247.4162096	Surface	Surface	29.11261066
16	32	268.1301865	Surface	Surface	35.48399245
16	33	289.493183	Surface	Surface	26.13383691
16	34	311.71196	Surface	Surface	24.70048412
16	35	334.2018004	Surface	Surface	23.60270043
16	36	377.681292	Surface	Surface	22.4651441
16	37	398.8209722	Surface	Surface	21.98883569
16	38	401.5724988	Surface	Surface	24.20505393
16	39	425.9315881	Surface	Surface	24.89508109
16	40	450.0875439	Surface	Surface	25.73379645
16	41	462.201226	Surface	Surface	39.57726554
16	42	480.7341565	Surface	Surface	25.15805969
16	43	491.2519358	Surface	Surface	26.55075866
16	44	510.3111128	Surface	Surface	27.01063201
16	45	516.0946292	Surface	Surface	28.39093218
16	46	536.5491487	Surface	Surface	30.04795751
16	47	556.8143426	Surface	Surface	22.89764637
16	48	580.5094548	Surface	Surface	31.56082002
16	49	601.9543218	Surface	Surface	26.01209666
16	50	616.1567	Surface	Surface	23.99176485
16	51	625.666407	Surface	Surface	29.93205937
16	52	635.6709226	Surface	Surface	34.0251869
16	53	654.5720815	Surface	Surface	29.23157061
16	54	677.0317471	Surface	Surface	35.39245761
16	55	680.7374415	Surface	Surface	37.12618939
16	56	701.6959115	Surface	Surface	26.05977829
16	57	719.940613	Surface	Surface	33.84869792
16	58	736.8247663	Surface	Surface	31.41638403
16	59	741.0706399	Surface	Surface	32.60534091
16	60	751.8599804	Surface	Surface	28.76481812
17	18	23.76782633	Surface	Surface	24.65964355
17	19	45.76583084	Surface	Surface	18.27630025
17	20	65.96845614	Surface	Surface	22.55348525
17	21	73.23017549	Surface	Surface	19.71736449
17	22	91.21574297	Surface	Surface	28.9261744
17	23	107.1171773	Surface	Surface	20.97183985
17	24	121.1288027	Surface	Surface	21.44539456
17	25	126.752448	Surface	Surface	19.87840361
17	26	140.8262361	Surface	Surface	17.6874818
17	27	154.4691551	Surface	Surface	25.9310917
17	28	173.0841003	Surface	Surface	23.90210871
17	29	192.968826	Surface	Surface	28.46408288
17	30	204.7814511	Surface	Surface	22.36474268
17	31	226.2857997	Surface	Surface	26.45843372
17	32	246.9527539	Surface	Surface	32.44564465
17	33	268.271733	Surface	Surface	23.44875327
17	34	290.47154	Surface	Surface	25.99677517
17	35	312.9466011	Surface	Surface	26.30745551
17	36	356.4050692	Surface	Surface	24.73340117
17	37	377.5396338	Surface	Surface	23.94906124
17	38	380.2916363	Surface	Surface	25.44842493
17	39	404.6504777	Surface	Surface	27.67669294
17	40	428.8023184	Surface	Surface	26.03436315
17	41	440.9067528	Surface	Surface	41.19903062
17	42	459.4346039	Surface	Surface	30.05661063
17	43	469.9506893	Surface	Surface	26.59839893
17	44	489.00307	Surface	Surface	28.00049765
17	45	494.7841954	Surface	Surface	33.32908746
17	46	515.232975	Surface	Surface	35.75067102
17	47	535.494621	Surface	Surface	30.25395086
17	48	559.1891802	Surface	Surface	40.64271829
17	49	580.6364866	Surface	Surface	33.33048451
17	50	594.8429448	Surface	Surface	28.10069112
17	51	604.3614923	Surface	Surface	36.85193205
17	52	614.3676584	Surface	Surface	41.46760048
17	53	633.2670659	Surface	Surface	36.88371626
17	54	655.730804	Surface	Surface	43.23066033
17	55	659.4327601	Surface	Surface	44.57351958
17	56	680.3788043	Surface	Surface	32.56446394
17	57	698.61921	Surface	Surface	42.51579192
17	58	715.5051726	Surface	Surface	40.40843963
17	59	719.7517462	Surface	Surface	38.74638825
17	60	730.5396336	Surface	Surface	35.77096133
18	19	22.13349441	Surface	Surface	21.62230922
18	20	42.27977699	Surface	Surface	17.71614094
18	21	49.58121466	Surface	Surface	21.03729961
18	22	67.64626788	Surface	Surface	23.38332364
18	23	83.6113928	Surface	Surface	21.04837154
18	24	97.59494469	Surface	Surface	22.63781981
18	25	103.1771498	Surface	Surface	26.88633719
18	26	117.2506197	Surface	Surface	22.49917389
18	27	130.9143342	Surface	Surface	29.99513405
18	28	149.4738122	Surface	Surface	25.39880383
18	29	169.2812442	Surface	Surface	25.88847733
18	30	181.0652821	Surface	Surface	20.19513526
18	31	202.5425316	Surface	Surface	25.80020712
18	32	223.192559	Surface	Surface	30.20155934
18	33	244.504071	Surface	Surface	25.1907154
18	34	266.7043054	Surface	Surface	25.19243968
18	35	289.1819131	Surface	Surface	29.06878852
18	36	332.6487409	Surface	Surface	27.20005199
18	37	353.7865182	Surface	Surface	25.1024353
18	38	356.5382036	Surface	Surface	24.44649913
18	39	380.8972396	Surface	Surface	27.14861057
18	40	405.052075	Surface	Surface	25.06214939
18	41	417.1650509	Surface	Surface	37.91450488
18	42	435.6990569	Surface	Surface	27.36636774
18	43	446.2174988	Surface	Surface	29.07977423
18	44	465.2815524	Surface	Surface	28.6779991
18	45	471.0679606	Surface	Surface	32.02701982
18	46	491.5341538	Surface	Surface	34.6196195
18	47	511.8148914	Surface	Surface	26.48404394
18	48	535.5141484	Surface	Surface	40.5943782
18	49	556.9447898	Surface	Surface	30.44517012
18	50	571.135388	Surface	Surface	27.5927986
18	51	580.6339174	Surface	Surface	33.48204141
18	52	590.6373652	Surface	Surface	40.98388871
18	53	609.5396325	Surface	Surface	34.95885473
18	54	631.9970253	Surface	Surface	41.75185448
18	55	635.7047331	Surface	Surface	44.40843997
18	56	656.6832915	Surface	Surface	31.62449037
18	57	674.9635288	Surface	Surface	40.62578465
18	58	691.8870385	Surface	Surface	37.35911679
18	59	696.1399658	Surface	Surface	36.74413769
18	60	706.9131382	Surface	Surface	33.60121007
19	20	20.20846892	Surface	Surface	21.10764795
19	21	27.46835537	Surface	Surface	19.97443215
19	22	45.51298206	Surface	Surface	30.21553003
19	23	61.4810942	Surface	Surface	20.96421195
19	24	75.46155843	Surface	Surface	21.6677366
19	25	81.04587699	Surface	Surface	19.46788644
19	26	95.11990169	Surface	Surface	16.64831248
19	27	108.7817351	Surface	Surface	23.31539928
19	28	127.3518525	Surface	Surface	21.60640524
19	29	147.203233	Surface	Surface	25.66226739
19	30	159.019976	Surface	Surface	21.17211877
19	31	180.547795	Surface	Surface	25.36443362
19	32	201.2573058	Surface	Surface	31.11526188
19	33	222.6433534	Surface	Surface	21.56097435
19	34	244.8834097	Surface	Surface	24.46673339
19	35	267.3965795	Surface	Surface	25.52243588
19	36	310.9239638	Surface	Surface	22.18239536
19	37	332.0783202	Surface	Surface	22.3069306
19	38	334.8279977	Surface	Surface	25.52160721
19	39	359.186021	Surface	Surface	25.22703605
19	40	383.3547592	Surface	Surface	25.05112182
19	41	395.5065744	Surface	Surface	41.22975063
19	42	414.0646397	Surface	Surface	27.49804056
19	43	424.5915312	Surface	Surface	26.10112101
19	44	443.6967968	Surface	Surface	28.6833188
19	45	449.5007251	Surface	Surface	33.1408294
19	46	470.0203658	Surface	Surface	33.10897581
19	47	490.3545165	Surface	Surface	27.43254842
19	48	514.0648312	Surface	Surface	39.04865743
19	49	535.447417	Surface	Surface	31.95524079
19	50	549.5896958	Surface	Surface	26.8211733
19	51	559.021118	Surface	Surface	34.91172072
19	52	569.0142559	Surface	Surface	38.37708516
19	53	587.9261058	Surface	Surface	32.92307901
19	54	610.3592924	Surface	Surface	39.74560436
19	55	614.0880673	Surface	Surface	42.52293954
19	56	635.1696554	Surface	Surface	29.16014169
19	57	653.5562829	Surface	Surface	39.41955143
19	58	670.5692989	Surface	Surface	38.08262172
19	59	674.8365724	Surface	Surface	35.83537063
19	60	685.5751488	Surface	Surface	33.0032467
20	21	7.356684003	Surface	Surface	19.97791965
20	22	25.49726226	Surface	Surface	22.06202837
20	23	41.51945583	Surface	Surface	21.62257678
20	24	55.42597465	Surface	Surface	21.94778902
20	25	60.95247258	Surface	Surface	24.93174525
20	26	75.01737649	Surface	Surface	22.28789452
20	27	88.69385966	Surface	Surface	29.11897848
20	28	107.2082888	Surface	Surface	24.81334304
20	29	127.0071828	Surface	Surface	27.96583825
20	30	138.8135293	Surface	Surface	23.07928011
20	31	160.3405026	Surface	Surface	28.38177069
20	32	181.0607531	Surface	Surface	32.71774811
20	33	202.470018	Surface	Surface	26.67808987
20	34	224.7245801	Surface	Surface	27.94805402
20	35	247.2516244	Surface	Surface	27.46367926
20	36	290.8042183	Surface	Surface	27.53945727
20	37	311.9652979	Surface	Surface	26.1302367
20	38	314.7138513	Surface	Surface	25.05749838
20	39	339.0701385	Surface	Surface	27.87867819
20	40	363.2444224	Surface	Surface	25.91714732
20	41	375.4147532	Surface	Surface	36.55702739
20	42	393.9841202	Surface	Surface	27.06591326
20	43	404.5148539	Surface	Surface	27.79140347
20	44	423.640745	Surface	Surface	25.65891711
20	45	429.453743	Surface	Surface	30.8759407
20	46	450.001561	Surface	Surface	32.83699663
20	47	470.3647464	Surface	Surface	25.87997548
20	48	494.0801817	Surface	Surface	38.49412045
20	49	515.4347702	Surface	Surface	28.98056516
20	50	529.5502287	Surface	Surface	26.49014739
20	51	538.9464608	Surface	Surface	32.20316729
20	52	548.9341651	Surface	Surface	39.74693832
20	53	567.850352	Surface	Surface	34.37921238
20	54	590.2710434	Surface	Surface	41.46970871
20	55	594.0101462	Surface	Surface	43.38495468
20	56	615.1448373	Surface	Surface	30.72469039
20	57	633.5901807	Surface	Surface	39.32709786
20	58	650.6549014	Surface	Surface	37.35356364
20	59	654.9305772	Surface	Surface	36.44623233
20	60	665.6482403	Surface	Surface	32.87224723
21	22	18.14068718	Surface	Surface	24.09393692
21	23	34.16277717	Surface	Surface	20.21078178
21	24	48.0750067	Surface	Surface	22.19119438
21	25	53.614225	Surface	Surface	22.864706
21	26	67.68311943	Surface	Surface	20.24839615
21	27	81.3559776	Surface	Surface	25.37858827
21	28	99.89279988	Surface	Surface	22.55231958
21	29	119.7403034	Surface	Surface	25.91991288
21	30	131.5746819	Surface	Surface	20.92557406
21	31	153.1390154	Surface	Surface	26.21655402
21	32	173.898594	Surface	Surface	31.80171204
21	33	195.353211	Surface	Surface	24.89757197
21	34	217.6288014	Surface	Surface	26.46387216
21	35	240.1736526	Surface	Surface	25.7739673
21	36	283.7550527	Surface	Surface	25.50501765
21	37	304.922849	Surface	Surface	24.47098553
21	38	307.6700066	Surface	Surface	25.68143857
21	39	332.0233377	Surface	Surface	27.46144792
21	40	356.2030033	Surface	Surface	24.77874503
21	41	368.3928937	Surface	Surface	38.29589608
21	42	386.9733049	Surface	Surface	28.73950824
21	43	397.5075859	Surface	Surface	27.26740474
21	44	416.6531158	Surface	Surface	28.24561181
21	45	422.4745483	Surface	Surface	31.02426019
21	46	443.047581	Surface	Surface	32.6931941
21	47	463.4355684	Surface	Surface	25.72207127
21	48	487.1546852	Surface	Surface	38.28284337
21	49	508.4844997	Surface	Surface	29.87351752
21	50	522.5755041	Surface	Surface	25.71572047
21	51	531.9380617	Surface	Surface	33.49995458
21	52	541.9201963	Surface	Surface	37.12045521
21	53	560.840389	Surface	Surface	33.0752262
21	54	583.2482178	Surface	Surface	39.5421773
21	55	586.9976459	Surface	Surface	41.94944148
21	56	608.1818309	Surface	Surface	29.82480337
21	57	626.6771041	Surface	Surface	39.73856065
21	58	643.7829199	Surface	Surface	36.62921957
21	59	648.0650457	Surface	Surface	36.08421858
21	60	658.7661716	Surface	Surface	32.0873953
22	23	16.02326066	Surface	Surface	23.8365003
22	24	29.9530649	Surface	Surface	25.40337978
22	25	35.53882991	Surface	Surface	32.48605371
22	26	49.61351309	Surface	Surface	29.69719359
22	27	63.26957197	Surface	Surface	34.95799922
22	28	81.87006894	Surface	Surface	30.72612807
22	29	101.8545314	Surface	Surface	32.79087538
22	30	113.7648201	Surface	Surface	27.32285489
22	31	135.4250738	Surface	Surface	34.64851824
22	32	156.2848656	Surface	Surface	38.96493354
22	33	177.8547097	Surface	Surface	31.75726958
22	34	200.1782421	Surface	Surface	33.23246292
22	35	222.7629001	Surface	Surface	32.49096173
22	36	266.4080104	Surface	Surface	33.34947951
22	37	287.5883528	Surface	Surface	32.26414646
22	38	290.3312451	Surface	Surface	29.62821526
22	39	314.6719428	Surface	Surface	33.52115519
22	40	338.8613645	Surface	Surface	32.10877675
22	41	351.099844	Surface	Surface	39.69245843
22	42	369.705848	Surface	Surface	31.10235294
22	43	380.2477111	Surface	Surface	32.88659531
22	44	399.4409818	Surface	Surface	30.29614546
22	45	405.283242	Surface	Surface	33.40962946
22	46	425.9180674	Surface	Surface	34.31417322
22	47	446.3667735	Surface	Surface	28.76161429
22	48	470.0924014	Surface	Surface	38.90527468
22	49	491.3569474	Surface	Surface	29.82151716
22	50	505.3845948	Surface	Surface	29.73903213
22	51	514.6610959	Surface	Surface	32.12444272
22	52	524.6283868	Surface	Surface	39.55323443
22	53	543.5573424	Surface	Surface	36.15819815
22	54	565.9312668	Surface	Surface	42.76848363
22	55	569.7064712	Surface	Surface	44.63080754
22	56	591.0139415	Surface	Surface	33.72714422
22	57	609.633664	Surface	Surface	41.37836029
22	58	626.8416915	Surface	Surface	37.0333057
22	59	631.1397364	Surface	Surface	37.27287536
22	60	641.7985161	Surface	Surface	33.65978559
23	24	14.0242776	Surface	Surface	21.74012477
23	25	19.7273337	Surface	Surface	24.66575147
23	26	33.7601838	Surface	Surface	20.38306212
23	27	47.36289525	Surface	Surface	26.64244481
23	28	66.0489273	Surface	Surface	24.15597767
23	29	86.20460537	Surface	Surface	26.75342289
23	30	98.20009253	Surface	Surface	21.95294188
23	31	119.9561902	Surface	Surface	27.0081632
23	32	140.9151513	Surface	Surface	33.34608624
23	33	162.5985386	Surface	Surface	26.85413721
23	34	184.9593377	Surface	Surface	26.31356126
23	35	207.5738709	Surface	Surface	25.43848978
23	36	251.2663627	Surface	Surface	24.97127304
23	37	272.4519264	Surface	Surface	24.38842531
23	38	275.1894483	Surface	Surface	26.33724016
23	39	299.5095825	Surface	Surface	27.81091665
23	40	323.7027049	Surface	Surface	24.81548963
23	41	335.9878125	Surface	Surface	41.20370822
23	42	354.6155289	Surface	Surface	30.12563183
23	43	365.1627939	Surface	Surface	28.94520785
23	44	384.4002118	Surface	Surface	27.47652058
23	45	390.2622076	Surface	Surface	32.91680815
23	46	410.9548104	Surface	Surface	33.93261004
23	47	431.4601018	Surface	Surface	26.56716989
23	48	455.188111	Surface	Surface	38.8036224
23	49	476.385013	Surface	Surface	32.25100783
23	50	490.3482956	Surface	Surface	25.67121187
23	51	499.5387334	Surface	Surface	34.39904826
23	52	509.490295	Surface	Surface	39.2328917
23	53	528.4259904	Surface	Surface	34.79424125
23	54	550.7644759	Surface	Surface	41.82992535
23	55	554.5647029	Surface	Surface	44.8933467
23	56	575.9910642	Surface	Surface	30.49732168
23	57	594.7303182	Surface	Surface	41.44668234
23	58	612.0358439	Surface	Surface	38.27730756
23	59	616.3488758	Surface	Surface	36.24744895
23	60	626.9656418	Surface	Surface	33.6937414
24	25	5.789648421	Surface	Surface	23.62767382
24	26	19.73976737	Surface	Surface	20.25261148
24	27	33.34236278	Surface	Surface	27.41708445
24	28	52.02759382	Surface	Surface	26.17943789
24	29	72.22918567	Surface	Surface	24.80211616
24	30	84.2566715	Surface	Surface	20.88070549
24	31	106.049335	Surface	Surface	26.19649462
24	32	127.0503138	Surface	Surface	32.31831376
24	33	148.7861367	Surface	Surface	23.89532609
24	34	171.1601018	Surface	Surface	26.07420269
24	35	193.7849345	Surface	Surface	28.27482732
24	36	237.4941814	Surface	Surface	24.97254372
24	37	258.679236	Surface	Surface	23.83338799
24	38	261.4135289	Surface	Surface	23.92417268
24	39	285.7198808	Surface	Surface	25.34557364
24	40	309.9124102	Surface	Surface	26.23832875
24	41	322.2205332	Surface	Surface	40.40132528
24	42	340.8579272	Surface	Surface	26.71338663
24	43	351.4071206	Surface	Surface	26.69639513
24	44	370.666333	Surface	Surface	29.0196001
24	45	376.5384171	Surface	Surface	31.23465549
24	46	397.2606674	Surface	Surface	30.96685059
24	47	417.795523	Surface	Surface	27.55010074
24	48	441.5231118	Surface	Surface	37.48448794
24	49	462.6817366	Surface	Surface	27.41544134
24	50	476.6100659	Surface	Surface	27.31311464
24	51	485.75585	Surface	Surface	30.23246766
24	52	495.6991318	Surface	Surface	36.04851028
24	53	514.6374829	Surface	Surface	31.50951793
24	54	536.9577097	Surface	Surface	37.39171217
24	55	540.7701248	Surface	Surface	40.19708367
24	56	562.2562297	Surface	Surface	27.89796225
24	57	581.0584716	Surface	Surface	37.09036948
24	58	598.4170723	Surface	Surface	35.57617405
24	59	602.7383188	Surface	Surface	32.83606242
24	60	613.3312101	Surface	Surface	30.71415001
25	26	14.07472519	Surface	Surface	17.26941514
25	27	27.74180794	Surface	Surface	19.7649078
25	28	46.34615601	Surface	Surface	23.55828245
25	29	66.48072339	Surface	Surface	25.89952224
25	30	78.49201184	Surface	Surface	24.52780484
25	31	100.2738153	Surface	Surface	27.29941465
25	32	121.2672779	Surface	Surface	35.55148307
25	33	142.9981783	Surface	Surface	25.52677974
25	34	165.3715532	Surface	Surface	24.02447066
25	35	187.9960281	Surface	Surface	23.49960843
25	36	231.7048493	Surface	Surface	20.94902491
25	37	252.8899438	Surface	Surface	20.87457403
25	38	255.6243266	Surface	Surface	25.88896298
25	39	279.9312046	Surface	Surface	25.36359539
25	40	304.1237954	Surface	Surface	24.98209264
25	41	316.4311722	Surface	Surface	43.36287629
25	42	335.0684008	Surface	Surface	28.35750133
25	43	345.6175723	Surface	Surface	23.24568897
25	44	364.8766957	Surface	Surface	27.55372945
25	45	370.7488565	Surface	Surface	31.91974284
25	46	391.4717219	Surface	Surface	34.557015
25	47	412.0077101	Surface	Surface	31.26945946
25	48	435.7352487	Surface	Surface	37.64354421
25	49	456.8925001	Surface	Surface	31.74230118
25	50	470.8204181	Surface	Surface	29.47478637
25	51	479.9670742	Surface	Surface	34.04179797
25	52	489.9107238	Surface	Surface	39.96148354
25	53	508.8489613	Surface	Surface	36.09502197
25	54	531.1702082	Surface	Surface	42.7527741
25	55	534.9819124	Surface	Surface	42.97973096
25	56	556.4665816	Surface	Surface	29.4128688
25	57	575.2701896	Surface	Surface	41.15904078
25	58	592.6316727	Surface	Surface	38.51858358
25	59	596.9534821	Surface	Surface	35.63914532
25	60	607.5447991	Surface	Surface	36.30312294
26	27	13.6843732	Surface	Surface	19.15932635
26	28	32.28874554	Surface	Surface	18.89593108
26	29	52.5391666	Surface	Surface	21.87223364
26	30	64.61062396	Surface	Surface	18.8772775
26	31	86.44837782	Surface	Surface	25.1451304
26	32	107.5025466	Surface	Surface	30.56522174
26	33	129.3062346	Surface	Surface	22.90390533
26	34	151.6905791	Surface	Surface	21.36729565
26	35	174.323067	Surface	Surface	20.7857227
26	36	218.045556	Surface	Surface	18.81820644
26	37	239.2262423	Surface	Surface	18.69400811
26	38	241.9557485	Surface	Surface	22.55400044
26	39	266.2404048	Surface	Surface	22.26174504
26	40	290.4295457	Surface	Surface	22.26792754
26	41	302.7667453	Surface	Surface	39.84344082
26	42	321.4150836	Surface	Surface	24.32646084
26	43	331.9658539	Surface	Surface	22.5904376
26	44	351.252029	Surface	Surface	26.59187407
26	45	357.1368846	Surface	Surface	30.11313838
26	46	377.896458	Surface	Surface	31.37039679
26	47	398.4686631	Surface	Surface	25.72924299
26	48	422.1937934	Surface	Surface	37.14041599
26	49	443.3008304	Surface	Surface	29.16279875
26	50	457.1831502	Surface	Surface	25.65146333
26	51	466.2715494	Surface	Surface	31.73169127
26	52	476.2040075	Surface	Surface	37.13127075
26	53	495.1450294	Surface	Surface	31.74284197
26	54	517.4417379	Surface	Surface	38.71885508
26	55	521.2692291	Surface	Surface	41.73124468
26	56	542.8300313	Surface	Surface	25.38554167
26	57	561.7123686	Surface	Surface	38.16601721
26	58	579.1390902	Surface	Surface	36.84017578
26	59	583.4708493	Surface	Surface	33.11866564
26	60	594.032207	Surface	Surface	32.1656164
27	28	18.80383726	Surface	Surface	18.81036114
27	29	39.32077624	Surface	Surface	26.85172585
27	30	51.47880675	Surface	Surface	26.44721969
27	31	73.36701796	Surface	Surface	32.33542586
27	32	94.48913063	Surface	Surface	39.86618602
27	33	116.3802042	Surface	Surface	28.69011107
27	34	138.7599641	Surface	Surface	24.19744659
27	35	161.3884905	Surface	Surface	19.16183761
27	36	205.1094569	Surface	Surface	18.41833715
27	37	226.2767056	Surface	Surface	21.17478305
27	38	228.9986209	Surface	Surface	26.67906823
27	39	253.246069	Surface	Surface	25.16541667
27	40	277.4252815	Surface	Surface	27.64501153
27	41	289.8007779	Surface	Surface	45.42548076
27	42	308.4607549	Surface	Surface	28.24020528
27	43	319.0119243	Surface	Surface	23.41257117
27	44	338.3311692	Surface	Surface	31.06274294
27	45	344.2319398	Surface	Surface	29.64409932
27	46	365.0366696	Surface	Surface	33.72170948
27	47	385.6530192	Surface	Surface	29.82123854
27	48	409.3720818	Surface	Surface	33.86256505
27	49	430.4120454	Surface	Surface	29.64211139
27	50	444.2337342	Surface	Surface	29.35905424
27	51	453.2446252	Surface	Surface	33.89540943
27	52	463.1614932	Surface	Surface	38.71534237
27	53	482.1049765	Surface	Surface	34.41851358
27	54	504.3676789	Surface	Surface	40.8873165
27	55	508.2159974	Surface	Surface	41.59869412
27	56	529.8754399	Surface	Surface	26.70972145
27	57	548.8576497	Surface	Surface	41.10977489
27	58	566.365575	Surface	Surface	38.03900772
27	59	570.7095075	Surface	Surface	34.79228656
27	60	581.2326323	Surface	Surface	36.17922505
28	29	20.62885388	Surface	Surface	22.84656512
28	30	32.81070416	Surface	Surface	22.26816792
28	31	54.68853709	Surface	Surface	30.32124834
28	32	75.83109548	Surface	Surface	34.85722194
28	33	97.76171075	Surface	Surface	25.18745802
28	34	120.124848	Surface	Surface	21.77739811
28	35	142.741694	Surface	Surface	19.06426875
28	36	186.4504601	Surface	Surface	19.44880276
28	37	207.6066118	Surface	Surface	19.39873614
28	38	210.3240275	Surface	Surface	23.22246482
28	39	234.5492957	Surface	Surface	23.82279596
28	40	258.7214602	Surface	Surface	25.23358825
28	41	271.1148975	Surface	Surface	42.72318772
28	42	289.7793218	Surface	Surface	25.69880016
28	43	300.3299227	Surface	Surface	26.52696124
28	44	319.6649783	Surface	Surface	30.02513549
28	45	325.5738208	Surface	Surface	29.66150345
28	46	346.4019288	Surface	Surface	31.51695855
28	47	367.0421307	Surface	Surface	26.05977459
28	48	390.7561446	Surface	Surface	32.69163579
28	49	411.7577388	Surface	Surface	28.77235026
28	50	425.5477305	Surface	Surface	25.78019849
28	51	434.522435	Surface	Surface	33.51564799
28	52	444.4324241	Surface	Surface	36.81533839
28	53	463.3765167	Surface	Surface	31.3789874
28	54	485.6250791	Surface	Surface	37.01351009
28	55	489.4815885	Surface	Surface	39.2033082
28	56	511.1844185	Surface	Surface	27.887708
28	57	530.2173226	Surface	Surface	38.44042523
28	58	547.7705291	Surface	Surface	35.70327797
28	59	552.1214729	Surface	Surface	34.17371572
28	60	562.622043	Surface	Surface	32.29107234
29	30	12.18185078	Surface	Surface	20.76158459
29	31	34.06445806	Surface	Surface	27.35190477
29	32	55.20418283	Surface	Surface	29.78256632
29	33	77.13294015	Surface	Surface	23.82004747
29	34	99.49655883	Surface	Surface	22.72275515
29	35	122.1149775	Surface	Surface	25.46288236
29	36	165.8265196	Surface	Surface	23.20877435
29	37	186.985657	Surface	Surface	22.91224383
29	38	189.7044264	Surface	Surface	23.33978099
29	39	213.9384673	Surface	Surface	21.31641393
29	40	238.1143165	Surface	Surface	23.78641739
29	41	250.4997161	Surface	Surface	41.90493769
29	42	269.1626171	Surface	Surface	24.83324861
29	43	279.71348	Surface	Surface	27.04349284
29	44	299.0437543	Surface	Surface	31.52967722
29	45	304.9506744	Surface	Surface	31.94827137
29	46	325.7749528	Surface	Surface	32.86080222
29	47	346.4134419	Surface	Surface	28.45994811
29	48	370.1276878	Surface	Surface	38.41293645
29	49	391.1340647	Surface	Surface	29.84595118
29	50	404.9332588	Surface	Surface	29.1553729
29	51	413.9271234	Surface	Surface	32.75743443
29	52	423.8422478	Surface	Surface	37.54342111
29	53	442.7858842	Surface	Surface	33.62337683
29	54	465.0469043	Surface	Surface	38.58666901
29	55	468.8958468	Surface	Surface	40.81380974
29	56	490.5721541	Surface	Surface	27.46155716
29	57	509.5914241	Surface	Surface	37.26873049
29	58	527.1416823	Surface	Surface	36.13622465
29	59	531.4927371	Surface	Surface	32.45989507
29	60	541.9934589	Surface	Surface	32.06431876
30	31	21.8894665	Surface	Surface	20.77360881
30	32	43.02426216	Surface	Surface	24.68599613
30	33	64.95118118	Surface	Surface	20.5294609
30	34	87.3151267	Surface	Surface	20.69312294
30	35	109.9346899	Surface	Surface	24.40575786
30	36	153.6480798	Surface	Surface	21.47933781
30	37	174.8092088	Surface	Surface	21.33376708
30	38	177.5289007	Surface	Surface	19.44208594
30	39	201.7687863	Surface	Surface	21.29330847
30	40	225.9469244	Surface	Surface	19.91772006
30	41	238.3268748	Surface	Surface	38.47416238
30	42	256.988692	Surface	Surface	23.04945472
30	43	267.5396912	Surface	Surface	24.83116753
30	44	286.8667954	Surface	Surface	26.9834789
30	45	292.7724604	Surface	Surface	29.63787362
30	46	313.5942637	Surface	Surface	30.24153243
30	47	334.23168	Surface	Surface	23.98147117
30	48	357.9460646	Surface	Surface	38.47041365
30	49	378.9554332	Surface	Surface	27.52647063
30	50	392.7604362	Surface	Surface	25.8190884
30	51	401.7664306	Surface	Surface	30.35199681
30	52	411.6847705	Surface	Surface	34.3799566
30	53	430.6280394	Surface	Surface	29.65305065
30	54	452.8968212	Surface	Surface	34.61319252
30	55	456.7409821	Surface	Surface	38.16610351
30	56	478.4005863	Surface	Surface	25.16586272
30	57	497.4113561	Surface	Surface	33.91371205
30	58	514.9598405	Surface	Surface	32.86570947
30	59	519.310977	Surface	Surface	31.3692309
30	60	529.8117544	Surface	Surface	27.92421487
31	32	21.14528752	Surface	Surface	24.47926316
31	33	43.09677622	Surface	Surface	25.33980662
31	34	65.44158062	Surface	Surface	24.33180136
31	35	88.05375251	Surface	Surface	30.92220784
31	36	131.7624253	Surface	Surface	27.43176191
31	37	152.9212739	Surface	Surface	27.58211973
31	38	155.6403477	Surface	Surface	23.96871531
31	39	179.8795327	Surface	Surface	25.72708129
31	40	204.0582636	Surface	Surface	23.31456334
31	41	216.4374798	Surface	Surface	39.5647298
31	42	235.0995185	Surface	Surface	29.87192146
31	43	245.6504842	Surface	Surface	29.45446806
31	44	264.9793104	Surface	Surface	30.44295067
31	45	270.886384	Surface	Surface	35.67409619
31	46	291.7138844	Surface	Surface	38.92221879
31	47	312.3591032	Surface	Surface	30.51112326
31	48	336.071414	Surface	Surface	44.46312852
31	49	357.0699468	Surface	Surface	34.64683914
31	50	370.8710588	Surface	Surface	30.30530782
31	51	379.8806998	Surface	Surface	37.03175119
31	52	389.8010672	Surface	Surface	42.33465679
31	53	408.7440541	Surface	Surface	38.87926878
31	54	431.0186428	Surface	Surface	44.4611667
31	55	434.8590419	Surface	Surface	46.19583488
31	56	456.5111205	Surface	Surface	31.99081674
31	57	475.52879	Surface	Surface	41.32686499
31	58	493.0916054	Surface	Surface	40.25454275
31	59	497.4454426	Surface	Surface	38.46157986
31	60	507.9378393	Surface	Surface	36.7401282
32	33	21.96480859	Surface	Surface	28.75465932
32	34	44.29629329	Surface	Surface	30.10754293
32	35	66.91080805	Surface	Surface	37.30712462
32	36	110.6244017	Surface	Surface	34.58343767
32	37	131.7881764	Surface	Surface	33.77186922
32	38	134.5095473	Surface	Surface	29.80958709
32	39	158.762818	Surface	Surface	31.76359146
32	40	182.9463472	Surface	Surface	28.92264576
32	41	195.3123582	Surface	Surface	44.61147024
32	42	213.9716828	Surface	Surface	34.29659767
32	43	224.52287	Surface	Surface	36.3340788
32	44	243.8444803	Surface	Surface	35.86186778
32	45	249.748773	Surface	Surface	42.30481429
32	46	270.5709258	Surface	Surface	42.62241531
32	47	291.2139572	Surface	Surface	34.47674398
32	48	314.9265597	Surface	Surface	51.73976527
32	49	335.9314183	Surface	Surface	41.01561756
32	50	349.7448307	Surface	Surface	35.21728029
32	51	358.7800723	Surface	Surface	42.32208337
32	52	368.7070751	Surface	Surface	44.79058381
32	53	387.6490058	Surface	Surface	40.86410125
32	54	409.9393948	Surface	Surface	46.39736628
32	55	413.7698213	Surface	Surface	49.2666779
32	56	435.3871955	Surface	Surface	37.06911538
32	57	454.387285	Surface	Surface	43.72952228
32	58	471.9463258	Surface	Surface	44.74539161
32	59	476.3002992	Surface	Surface	41.9686925
32	60	486.7929065	Surface	Surface	37.73389885
33	34	22.38563103	Surface	Surface	25.61618069
33	35	45.01887979	Surface	Surface	28.67424318
33	36	88.74359868	Surface	Surface	23.34043719
33	37	109.9214312	Surface	Surface	24.74579107
33	38	112.6498758	Surface	Surface	23.05123085
33	39	136.9385223	Surface	Surface	24.42476515
33	40	161.1298075	Surface	Surface	26.12766396
33	41	173.4607702	Surface	Surface	43.80192713
33	42	192.1110788	Surface	Surface	26.66039715
33	43	202.6621119	Surface	Surface	28.63834325
33	44	221.961786	Surface	Surface	31.59083637
33	45	227.8567846	Surface	Surface	32.93004241
33	46	248.6568093	Surface	Surface	33.95744921
33	47	269.2831572	Surface	Surface	29.09493197
33	48	292.9992133	Surface	Surface	39.30477601
33	49	314.0340782	Surface	Surface	29.28338915
33	50	327.8822741	Surface	Surface	29.90012587
33	51	336.9741465	Surface	Surface	35.29643301
33	52	346.9140225	Surface	Surface	37.57655436
33	53	365.8530792	Surface	Surface	35.42045636
33	54	388.1727614	Surface	Surface	38.95150223
33	55	391.9842298	Surface	Surface	41.37753763
33	56	413.5283512	Surface	Surface	30.86586163
33	57	432.4775172	Surface	Surface	38.60905378
33	58	450.0089933	Surface	Surface	37.07802701
33	59	454.3597998	Surface	Surface	36.08993352
33	60	464.8636983	Surface	Surface	33.03292413
34	35	22.63325521	Surface	Surface	20.33192434
34	36	66.35798701	Surface	Surface	19.22617475
34	37	87.53610931	Surface	Surface	20.44148978
34	38	90.26517138	Surface	Surface	19.68653594
34	39	114.5600011	Surface	Surface	19.47113078
34	40	138.7523457	Surface	Surface	20.03065628
34	41	151.0761721	Surface	Surface	40.49974526
34	42	169.7256521	Surface	Surface	24.70006424
34	43	180.2766499	Surface	Surface	25.35126419
34	44	199.5769864	Surface	Surface	29.07717388
34	45	205.4734358	Surface	Surface	29.89494005
34	46	226.2807895	Surface	Surface	35.21004716
34	47	246.9180072	Surface	Surface	27.50542285
34	48	270.6313386	Surface	Surface	37.15653262
34	49	291.6522443	Surface	Surface	29.93508111
34	50	305.496652	Surface	Surface	27.23934242
34	51	314.5962259	Surface	Surface	34.70737272
34	52	324.5392933	Surface	Surface	40.65537581
34	53	343.4774081	Surface	Surface	35.94471434
34	54	365.8055005	Surface	Surface	42.59469908
34	55	369.6111451	Surface	Surface	42.16489192
34	56	391.1427673	Surface	Surface	27.42465588
34	57	410.1000253	Surface	Surface	38.84070105
34	58	427.6500591	Surface	Surface	37.42567398
34	59	432.0043842	Surface	Surface	34.76196938
34	60	442.4974197	Surface	Surface	34.65922185
35	36	43.72484722	Surface	Surface	17.03064336
35	37	64.90320839	Surface	Surface	20.1214272
35	38	67.63316507	Surface	Surface	22.0724547
35	39	91.93663757	Surface	Surface	22.47231633
35	40	116.1297237	Surface	Surface	22.84357139
35	41	128.4440491	Surface	Surface	42.70279953
35	42	147.0925545	Surface	Surface	26.24940701
35	43	157.643515	Surface	Surface	24.10577853
35	44	176.9450489	Surface	Surface	29.51133358
35	45	182.8434804	Surface	Surface	27.20674292
35	46	203.6602412	Surface	Surface	33.49397292
35	47	224.3108198	Surface	Surface	27.84590412
35	48	248.0204038	Surface	Surface	31.67188526
35	49	269.023987	Surface	Surface	28.67813405
35	50	282.863397	Surface	Surface	27.87724351
35	51	291.9712727	Surface	Surface	32.436249
35	52	301.9178769	Surface	Surface	38.11341032
35	53	320.8548506	Surface	Surface	34.22179893
35	54	343.1921895	Surface	Surface	40.18882611
35	55	346.9913439	Surface	Surface	40.91525664
35	56	368.5095251	Surface	Surface	27.3444059
35	57	387.4766794	Surface	Surface	39.52504901
35	58	405.0480902	Surface	Surface	35.95503257
35	59	409.4064121	Surface	Surface	33.83285309
35	60	419.8869302	Surface	Surface	35.04175478
36	37	21.18565168	Surface	Surface	16.28422251
36	38	23.9242849	Surface	Surface	18.54789896
36	39	48.26863668	Surface	Surface	18.90311879
36	40	72.45401278	Surface	Surface	20.89014153
36	41	84.72644414	Surface	Surface	42.31849347
36	42	103.3696702	Surface	Surface	23.85136626
36	43	113.920334	Surface	Surface	21.81503495
36	44	133.2218464	Surface	Surface	28.38465513
36	45	139.1244007	Surface	Surface	26.62159055
36	46	159.9628188	Surface	Surface	31.16476189
36	47	180.6444881	Surface	Surface	26.03542707
36	48	204.3433995	Surface	Surface	30.95705301
36	49	225.3075484	Surface	Surface	25.61838766
36	50	239.1389186	Surface	Surface	26.29951
36	51	248.2728354	Surface	Surface	31.49989045
36	52	258.2289162	Surface	Surface	36.10750397
36	53	277.162343	Surface	Surface	32.49804248
36	54	299.5233337	Surface	Surface	38.08849697
36	55	303.3055628	Surface	Surface	39.01816178
36	56	324.7853072	Surface	Surface	25.66233402
36	57	343.7691495	Surface	Surface	36.63730058
36	58	361.3847404	Surface	Surface	33.64104545
36	59	365.7514227	Surface	Surface	32.02305793
36	60	376.2053567	Surface	Surface	32.32151716
37	38	2.755397126	Surface	Surface	18.85301357
37	39	27.11085604	Surface	Surface	18.25963968
37	40	51.28015433	Surface	Surface	21.86830202
37	41	63.54208181	Surface	Surface	41.18619264
37	42	82.18970587	Surface	Surface	22.40540146
37	43	92.74080671	Surface	Surface	22.65264167
37	44	112.058367	Surface	Surface	27.63212596
37	45	117.9707128	Surface	Surface	27.18376141
37	46	138.8403032	Surface	Surface	31.33948661
37	47	159.5551393	Surface	Surface	26.46133955
37	48	183.2401008	Surface	Surface	32.64094098
37	49	204.1552214	Surface	Surface	26.96244606
37	50	217.9620543	Surface	Surface	26.17072586
37	51	227.0875639	Surface	Surface	31.59305409
37	52	237.0448845	Surface	Surface	36.38169206
37	53	255.9777092	Surface	Surface	32.50312052
37	54	278.3433071	Surface	Surface	37.92043786
37	55	282.1219116	Surface	Surface	37.84296237
37	56	303.6074632	Surface	Surface	26.5663044
37	57	322.6266593	Surface	Surface	36.88917678
37	58	340.2864062	Surface	Surface	34.368929
37	59	344.6604114	Surface	Surface	32.18472133
37	60	355.0896678	Surface	Surface	32.82391249
38	39	24.35911645	Surface	Surface	18.11984244
38	40	48.53352926	Surface	Surface	18.58990184
38	41	60.81100259	Surface	Surface	37.02390891
38	42	79.4635242	Surface	Surface	20.61658008
38	43	90.01478054	Surface	Surface	24.11886251
38	44	109.3423573	Surface	Surface	26.37145423
38	45	115.2593742	Surface	Surface	24.42918883
38	46	136.1410481	Surface	Surface	32.27358182
38	47	156.8665877	Surface	Surface	24.23897288
38	48	180.546422	Surface	Surface	33.35647775
38	49	201.4430866	Surface	Surface	24.6957048
38	50	215.2369491	Surface	Surface	24.11338992
38	51	224.3493458	Surface	Surface	30.51110095
38	52	234.3046664	Surface	Surface	37.44953127
38	53	253.2382739	Surface	Surface	32.97872001
38	54	275.6000406	Surface	Surface	39.04861457
38	55	279.3812786	Surface	Surface	38.55262711
38	56	300.8814022	Surface	Surface	26.50483742
38	57	319.9177729	Surface	Surface	35.91201118
38	58	337.5925612	Surface	Surface	32.90461522
38	59	341.9687962	Surface	Surface	31.94330818
38	60	352.3901673	Surface	Surface	32.00281191
39	40	24.19314196	Surface	Surface	20.15512099
39	41	36.58672122	Surface	Surface	40.04201981
39	42	55.25888206	Surface	Surface	21.95158002
39	43	65.80289318	Surface	Surface	22.83124914
39	44	85.19734969	Surface	Surface	28.96933348
39	45	91.14796328	Surface	Surface	27.45557572
39	46	112.1139883	Surface	Surface	31.19160262
39	47	132.9141355	Surface	Surface	26.97641647
39	48	156.5433642	Surface	Surface	35.58507039
39	49	177.2975483	Surface	Surface	25.91134972
39	50	191.0016351	Surface	Surface	28.3378407
39	51	200.0362386	Surface	Surface	30.49323644
39	52	209.981258	Surface	Surface	35.43663908
39	53	228.9183046	Surface	Surface	31.62463218
39	54	251.2622661	Surface	Surface	37.72153728
39	55	255.0551238	Surface	Surface	38.37218839
39	56	276.6352108	Surface	Surface	23.65842479
39	57	295.782488	Surface	Surface	34.81469517
39	58	313.5613462	Surface	Surface	33.24247657
39	59	317.9532212	Surface	Surface	30.71826345
39	60	328.3177058	Surface	Surface	31.23166822
40	41	12.62147233	Surface	Surface	37.28741436
40	42	31.20192675	Surface	Surface	25.69538812
40	43	41.71202583	Surface	Surface	24.82181829
40	44	61.1559411	Surface	Surface	27.18981674
40	45	67.13621281	Surface	Surface	29.53186473
40	46	88.16802234	Surface	Surface	34.15287189
40	47	109.0242035	Surface	Surface	26.62019461
40	48	132.5856361	Surface	Surface	38.42822066
40	49	153.207318	Surface	Surface	30.30286037
40	50	166.845272	Surface	Surface	28.13536586
40	51	175.8443519	Surface	Surface	33.79142762
40	52	185.7881533	Surface	Surface	39.77228694
40	53	204.7253885	Surface	Surface	35.0733211
40	54	227.0709592	Surface	Surface	42.12017661
40	55	230.861998	Surface	Surface	41.68938021
40	56	252.4688087	Surface	Surface	27.93094322
40	57	271.6857437	Surface	Surface	38.15435464
40	58	289.5411494	Surface	Surface	35.98261118
40	59	293.9448542	Surface	Surface	34.43185237
40	60	304.2645246	Surface	Surface	34.66633869
41	42	18.67218094	Surface	Surface	40.15530827
41	43	29.21824545	Surface	Surface	40.41435397
41	44	48.61745434	Surface	Surface	38.72299519
41	45	54.5800311	Surface	Surface	42.48010586
41	46	75.58591542	Surface	Surface	46.20701023
41	47	96.42795223	Surface	Surface	39.83230903
41	48	120.0119499	Surface	Surface	50.73839513
41	49	140.7115191	Surface	Surface	41.02324657
41	50	154.433596	Surface	Surface	40.33667505
41	51	163.5614126	Surface	Surface	43.55244682
41	52	173.5313508	Surface	Surface	52.49716528
41	53	192.4578653	Surface	Surface	46.64251704
41	54	214.8564974	Surface	Surface	53.08847891
41	55	218.6096958	Surface	Surface	54.82518171
41	56	240.0748378	Surface	Surface	42.77475911
41	57	259.1963532	Surface	Surface	48.99607859
41	58	276.9995166	Surface	Surface	49.03804188
41	59	281.3973135	Surface	Surface	47.32204278
41	60	291.7421707	Surface	Surface	45.3750613
42	43	10.55125997	Surface	Surface	26.12193745
42	44	29.95662977	Surface	Surface	27.43132581
42	45	35.93434877	Surface	Surface	24.82059389
42	46	56.97579987	Surface	Surface	29.98824419
42	47	77.84712767	Surface	Surface	26.47678396
42	48	101.3859069	Surface	Surface	32.39513677
42	49	122.0401542	Surface	Surface	23.44503536
42	50	135.7735029	Surface	Surface	26.98887185
42	51	144.9648252	Surface	Surface	28.53053588
42	52	154.9502996	Surface	Surface	35.56283929
42	53	173.8672412	Surface	Surface	31.41724436
42	54	196.2986749	Surface	Surface	36.24005554
42	55	200.0260512	Surface	Surface	36.96484514
42	56	221.4180045	Surface	Surface	26.74971011
42	57	240.5247925	Surface	Surface	34.09903466
42	58	258.3442045	Surface	Surface	31.80557613
42	59	262.7457696	Surface	Surface	31.39897036
42	60	273.0778295	Surface	Surface	30.60975845
43	44	19.46230481	Surface	Surface	27.9431049
43	45	25.46512557	Surface	Surface	27.85615555
43	46	46.53914696	Surface	Surface	32.76833522
43	47	67.4317606	Surface	Surface	30.13097848
43	48	90.91344551	Surface	Surface	36.09826551
43	49	111.5029257	Surface	Surface	27.68291646
43	50	125.2222474	Surface	Surface	30.7525984
43	51	134.4316374	Surface	Surface	30.41680949
43	52	144.4232093	Surface	Surface	37.31755624
43	53	163.3356079	Surface	Surface	34.41629705
43	54	185.7801173	Surface	Surface	41.15710962
43	55	189.4966076	Surface	Surface	41.372353
43	56	210.8667932	Surface	Surface	26.74665576
43	57	229.9860952	Surface	Surface	39.44433517
43	58	247.8310664	Surface	Surface	36.31715175
43	59	252.2369664	Surface	Surface	32.65268566
43	60	262.5528465	Surface	Surface	34.4032705
44	45	6.018204626	Surface	Surface	32.89271434
44	46	27.09652149	Surface	Surface	37.43655741
44	47	47.99556681	Surface	Surface	29.09200281
44	48	71.45114095	Surface	Surface	41.16437883
44	49	92.107008	Surface	Surface	32.45485515
44	50	105.9485267	Surface	Surface	28.63713451
44	51	115.377386	Surface	Surface	35.86724676
44	52	125.4047523	Surface	Surface	42.23176862
44	53	144.2786429	Surface	Surface	39.55245008
44	54	166.7946923	Surface	Surface	45.73634014
44	55	170.4453786	Surface	Surface	47.14897258
44	56	191.5913354	Surface	Surface	32.55812851
44	57	210.5903036	Surface	Surface	42.98676991
44	58	228.3875777	Surface	Surface	40.11110574
44	59	232.7894414	Surface	Surface	39.57487188
44	60	243.1247291	Surface	Surface	37.37133634
45	46	21.08034048	Surface	Surface	29.45118036
45	47	41.97879512	Surface	Surface	28.2084172
45	48	65.45482325	Surface	Surface	24.17402414
45	49	86.18458347	Surface	Surface	21.4418215
45	50	100.1031335	Surface	Surface	28.94332213
45	51	109.6489547	Surface	Surface	26.25131009
45	52	119.6907654	Surface	Surface	37.24843956
45	53	138.5397994	Surface	Surface	32.51550938
45	54	161.0856013	Surface	Surface	37.73817365
45	55	164.703883	Surface	Surface	32.92090446
45	56	185.7329566	Surface	Surface	27.94920115
45	57	204.6595658	Surface	Surface	35.54543091
45	58	222.4196456	Surface	Surface	29.56293669
45	59	226.8174478	Surface	Surface	30.66262287
45	60	237.1698822	Surface	Surface	34.17963602
46	47	20.89923431	Surface	Surface	28.06930505
46	48	44.42991763	Surface	Surface	33.21244159
46	49	65.4394229	Surface	Surface	27.80065817
46	50	79.65156469	Surface	Surface	34.82626752
46	51	89.6552927	Surface	Surface	26.29671764
46	52	99.72964109	Surface	Surface	27.49900972
46	53	118.4440592	Surface	Surface	23.04783436
46	54	141.0727023	Surface	Surface	27.8710663
46	55	144.5648969	Surface	Surface	28.91407402
46	56	165.1510134	Surface	Surface	23.99925275
46	57	183.821548	Surface	Surface	29.70328312
46	58	201.4595381	Surface	Surface	28.55414562
46	59	205.8446025	Surface	Surface	29.24258452
46	60	216.2494339	Surface	Surface	25.74359946
47	48	23.72802534	Surface	Surface	32.80843124
47	49	45.25716381	Surface	Surface	26.4035302
47	50	59.90236038	Surface	Surface	23.6427625
47	51	70.57681284	Surface	Surface	27.90914131
47	52	80.6180533	Surface	Surface	32.77358819
47	53	99.02765939	Surface	Surface	26.86646928
47	54	121.6892499	Surface	Surface	33.73046058
47	55	125.0006088	Surface	Surface	35.90027239
47	56	144.9557008	Surface	Surface	22.85780087
47	57	163.2714835	Surface	Surface	32.85130513
47	58	180.74066	Surface	Surface	29.82145297
47	59	185.1077638	Surface	Surface	29.42693949
47	60	195.5805905	Surface	Surface	25.90755652
48	49	21.93734987	Surface	Surface	26.74957993
48	50	36.93241113	Surface	Surface	33.26594535
48	51	48.30685206	Surface	Surface	31.62371835
48	52	58.16456652	Surface	Surface	39.15143304
48	53	76.10104022	Surface	Surface	35.13466266
48	54	98.70526029	Surface	Surface	37.65446888
48	55	101.8498112	Surface	Surface	31.97803495
48	56	121.3416681	Surface	Surface	33.54798501
48	57	139.5439288	Surface	Surface	36.61236042
48	58	157.0463454	Surface	Surface	30.14856509
48	59	161.4238625	Surface	Surface	34.21761481
48	60	171.8665631	Surface	Surface	36.79297357
49	50	15.0811477	Surface	Surface	28.48638803
49	51	26.88662609	Surface	Surface	24.30035391
49	52	36.48822135	Surface	Surface	34.48076004
49	53	54.17788714	Surface	Surface	30.66297498
49	54	76.76979653	Surface	Surface	35.24186515
49	55	79.9195813	Surface	Surface	33.96470877
49	56	99.74840324	Surface	Surface	25.64506123
49	57	118.4849467	Surface	Surface	32.56184691
49	58	136.4375149	Surface	Surface	28.6840627
49	59	140.8754638	Surface	Surface	30.40203568
49	60	151.0814214	Surface	Surface	30.89689681
50	51	12.20538286	Surface	Surface	34.57676847
50	52	21.44799529	Surface	Surface	40.08745066
50	53	39.1932174	Surface	Surface	34.88390159
50	54	61.83249073	Surface	Surface	40.89380169
50	55	65.09835599	Surface	Surface	41.997665
50	56	85.64709492	Surface	Surface	31.48191959
50	57	105.0926595	Surface	Surface	38.80898484
50	58	123.5378051	Surface	Surface	36.324926
50	59	128.0314394	Surface	Surface	36.62568663
50	60	137.9330697	Surface	Surface	33.23162036
51	52	10.07591519	Surface	Surface	30.16509976
51	53	28.90572969	Surface	Surface	27.73283885
51	54	51.44727987	Surface	Surface	34.06596985
51	55	55.07145021	Surface	Surface	30.74137791
51	56	77.04942501	Surface	Surface	23.87136966
51	57	97.51481666	Surface	Surface	30.41084658
51	58	116.55058	Surface	Surface	25.77793684
51	59	121.0948493	Surface	Surface	26.43563037
51	60	130.5236745	Surface	Surface	27.29096245
52	53	18.9445648	Surface	Surface	23.34410359
52	54	41.39493118	Surface	Surface	24.95544711
52	55	45.07836269	Surface	Surface	31.00781305
52	56	67.4645952	Surface	Surface	26.04987846
52	57	88.3120723	Surface	Surface	28.70488561
52	58	107.5780456	Surface	Surface	28.65661443
52	59	112.1359939	Surface	Surface	27.51074443
52	60	121.322717	Surface	Surface	24.37436062
53	54	22.66280411	Surface	Surface	22.25654962
53	55	26.16683488	Surface	Surface	27.2911897
53	56	48.81056106	Surface	Surface	22.76224378
53	57	70.14403231	Surface	Surface	25.5832242
53	58	89.697812	Surface	Surface	26.49269953
53	59	94.26236486	Surface	Surface	25.28974103
53	60	103.0712546	Surface	Surface	20.65021084
54	55	4.647559062	Surface	Surface	26.76769478
54	56	29.43833253	Surface	Surface	30.38805303
54	57	51.81557676	Surface	Surface	25.61388756
54	58	71.71694938	Surface	Surface	28.21300488
54	59	76.2119636	Surface	Surface	29.68789574
54	60	83.86229525	Surface	Surface	26.98682993
55	56	24.80093992	Surface	Surface	31.10424748
55	57	47.17093202	Surface	Surface	25.72236378
55	58	67.07268221	Surface	Surface	25.70065591
55	59	71.56990435	Surface	Surface	32.06259114
55	60	79.27318261	Surface	Surface	30.68117589
56	57	22.40193483	Surface	Surface	28.06383286
56	58	42.29337309	Surface	Surface	28.16122811
56	59	46.77804446	Surface	Surface	22.49178536
56	60	54.62217456	Surface	Surface	24.67515433
57	58	19.90200864	Surface	Surface	26.56143756
57	59	24.41082287	Surface	Surface	30.47633822
57	60	33.01573995	Surface	Surface	27.85042685
58	59	4.564699185	Surface	Surface	28.62870523
58	60	15.19990971	Surface	Surface	25.98897473
59	60	11.48312758	Surface	Surface	28.5515515
1	2	10.10649465	Deep	Shallow subsurface	21.10711349
1	3	28.25798758	Deep	Shallow subsurface	20.79884715
1	4	47.61548715	Deep	Shallow subsurface	18.42737646
1	5	58.85951991	Deep	Shallow subsurface	27.62332315
1	6	73.55532704	Deep	Shallow subsurface	22.65711882
1	7	87.07007651	Deep	Shallow subsurface	25.33097721
1	8	102.2830584	Deep	Shallow subsurface	29.03525774
1	9	122.2064997	Deep	Shallow subsurface	30.77818233
1	10	138.5356294	Deep	Shallow subsurface	24.75741111
1	11	156.9525226	Deep	Shallow subsurface	23.89823127
1	12	178.0422853	Deep	Shallow subsurface	28.55445484
1	13	201.600763	Deep	Shallow subsurface	23.49762141
1	14	227.2014468	Deep	Shallow subsurface	29.48049845
1	15	246.7399633	Deep	Shallow subsurface	23.5099512
1	16	262.8047844	Deep	Shallow subsurface	23.04552123
1	17	284.1080486	Deep	Shallow subsurface	25.63863551
1	18	307.8397537	Deep	Shallow subsurface	29.28597304
1	19	329.5331037	Deep	Shallow subsurface	22.34690363
1	20	349.6736878	Deep	Shallow subsurface	28.62773979
1	21	356.770844	Deep	Shallow subsurface	28.05000688
1	22	374.3431186	Deep	Shallow subsurface	23.54321495
1	23	389.8436865	Deep	Shallow subsurface	26.47897391
1	24	403.8108679	Deep	Shallow subsurface	34.78856393
1	25	409.5614738	Deep	Shallow subsurface	29.03297059
1	26	423.518991	Deep	Shallow subsurface	25.00726161
1	27	436.9453653	Deep	Shallow subsurface	27.22125258
1	28	455.7393189	Deep	Shallow subsurface	30.42733305
1	29	476.0398547	Deep	Shallow subsurface	30.25093653
1	30	488.0415073	Deep	Shallow subsurface	32.60154722
1	31	509.759037	Deep	Shallow subsurface	37.21072406
1	32	530.6222096	Deep	Shallow subsurface	42.51764786
1	33	552.1235286	Deep	Shallow subsurface	34.5692331
1	34	574.3954659	Deep	Shallow subsurface	34.63285598
1	35	596.9247071	Deep	Shallow subsurface	32.28544443
1	36	640.454008	Deep	Shallow subsurface	35.33681076
1	37	661.603535	Deep	Shallow subsurface	29.83694946
1	38	664.3540197	Deep	Shallow subsurface	37.35741956
1	39	688.7128146	Deep	Shallow subsurface	35.65059839
1	40	712.8761514	Deep	Shallow subsurface	30.87349345
1	41	725.0027968	Deep	Shallow subsurface	39.85942061
1	42	743.5387826	Deep	Shallow subsurface	29.75573132
1	43	754.0567089	Deep	Shallow subsurface	32.36653277
1	44	773.1100171	Deep	Shallow subsurface	33.89967693
1	45	778.8879458	Deep	Shallow subsurface	35.02699052
1	46	799.3144221	Deep	Shallow subsurface	35.16041293
1	47	819.5360207	Deep	Shallow subsurface	29.32353509
1	48	843.2174652	Deep	Shallow subsurface	30.71607207
1	49	864.7024402	Deep	Shallow subsurface	33.78355453
1	50	878.9362218	Deep	Shallow subsurface	31.73416867
1	51	888.4695293	Deep	Shallow subsurface	39.70153732
1	52	898.4751982	Deep	Shallow subsurface	45.48776777
1	53	917.3751109	Deep	Shallow subsurface	44.11358091
1	54	939.8365269	Deep	Shallow subsurface	42.97599482
1	55	943.5407763	Deep	Shallow subsurface	43.0035746
1	56	964.4497005	Deep	Shallow subsurface	43.5564218
1	57	982.5805299	Deep	Shallow subsurface	39.84247534
1	58	999.3274421	Deep	Shallow subsurface	39.257157
1	59	1003.54779	Deep	Shallow subsurface	38.17850029
1	60	1014.392787	Deep	Shallow subsurface	40.77628864
2	3	18.1517452	Deep	Shallow subsurface	21.61752786
2	4	37.53612262	Deep	Shallow subsurface	21.57964147
2	5	48.84555461	Deep	Shallow subsurface	24.99942828
2	6	63.76460461	Deep	Shallow subsurface	22.72122325
2	7	77.45652962	Deep	Shallow subsurface	26.93717757
2	8	92.89943556	Deep	Shallow subsurface	28.91170025
2	9	112.9208079	Deep	Shallow subsurface	31.47194166
2	10	129.3303232	Deep	Shallow subsurface	27.63172386
2	11	147.7771151	Deep	Shallow subsurface	24.57679654
2	12	168.876314	Deep	Shallow subsurface	28.50072862
2	13	192.4092022	Deep	Shallow subsurface	25.06712316
2	14	217.9966898	Deep	Shallow subsurface	31.46992509
2	15	237.5412241	Deep	Shallow subsurface	23.55860404
2	16	253.6028855	Deep	Shallow subsurface	25.76183183
2	17	274.9172864	Deep	Shallow subsurface	28.99073796
2	18	298.6277344	Deep	Shallow subsurface	31.76359856
2	19	320.2620026	Deep	Shallow subsurface	26.8883304
2	20	340.3813816	Deep	Shallow subsurface	30.59436313
2	21	347.456144	Deep	Shallow subsurface	29.49139908
2	22	364.9791791	Deep	Shallow subsurface	24.12629254
2	23	380.4386255	Deep	Shallow subsurface	26.83645106
2	24	394.3933121	Deep	Shallow subsurface	35.46670337
2	25	400.1498149	Deep	Shallow subsurface	32.110764
2	26	414.0906628	Deep	Shallow subsurface	29.26969012
2	27	427.4941135	Deep	Shallow subsurface	28.69296769
2	28	446.292398	Deep	Shallow subsurface	28.66659678
2	29	466.6211512	Deep	Shallow subsurface	31.20720029
2	30	478.6385626	Deep	Shallow subsurface	33.50490999
2	31	500.3761461	Deep	Shallow subsurface	35.80915497
2	32	521.2640446	Deep	Shallow subsurface	42.233202
2	33	542.7970554	Deep	Shallow subsurface	34.43078071
2	34	565.0842282	Deep	Shallow subsurface	34.75664279
2	35	587.6276742	Deep	Shallow subsurface	31.27083909
2	36	631.1829337	Deep	Shallow subsurface	34.38700593
2	37	652.339764	Deep	Shallow subsurface	30.57264106
2	38	655.089188	Deep	Shallow subsurface	36.04671353
2	39	679.446791	Deep	Shallow subsurface	35.65458478
2	40	703.6166929	Deep	Shallow subsurface	29.38628848
2	41	715.7630939	Deep	Shallow subsurface	33.5086477
2	42	734.3114639	Deep	Shallow subsurface	26.87391435
2	43	744.833877	Deep	Shallow subsurface	31.61532728
2	44	763.9086381	Deep	Shallow subsurface	32.44044826
2	45	769.695627	Deep	Shallow subsurface	31.8444992
2	46	790.1499017	Deep	Shallow subsurface	28.37199161
2	47	810.3993544	Deep	Shallow subsurface	29.0679018
2	48	834.0882539	Deep	Shallow subsurface	26.29271312
2	49	855.5504522	Deep	Shallow subsurface	28.34113038
2	50	869.7595731	Deep	Shallow subsurface	31.1321162
2	51	879.2564066	Deep	Shallow subsurface	36.64974789
2	52	889.2564235	Deep	Shallow subsurface	38.3285393
2	53	908.162107	Deep	Shallow subsurface	39.5758925
2	54	930.6097915	Deep	Shallow subsurface	36.05870295
2	55	934.3263993	Deep	Shallow subsurface	36.60998876
2	56	955.2943527	Deep	Shallow subsurface	36.71688171
2	57	973.4839658	Deep	Shallow subsurface	33.82523539
2	58	990.2792546	Deep	Shallow subsurface	32.94543775
2	59	994.5074285	Deep	Shallow subsurface	33.21806312
2	60	1005.335401	Deep	Shallow subsurface	37.85066527
3	4	19.5304683	Deep	Shallow subsurface	20.17960122
3	5	31.04953214	Deep	Shallow subsurface	26.66080573
3	6	46.5796794	Deep	Shallow subsurface	17.89194503
3	7	60.66201612	Deep	Shallow subsurface	20.26251244
3	8	76.58623535	Deep	Shallow subsurface	23.03809295
3	9	96.73512064	Deep	Shallow subsurface	25.03606937
3	10	113.2627121	Deep	Shallow subsurface	21.13919539
3	11	131.7188302	Deep	Shallow subsurface	20.68080453
3	12	152.7893391	Deep	Shallow subsurface	23.15080233
3	13	176.2276447	Deep	Shallow subsurface	19.73709017
3	14	201.7550085	Deep	Shallow subsurface	26.46878398
3	15	221.292059	Deep	Shallow subsurface	20.0011645
3	16	237.3334266	Deep	Shallow subsurface	21.76981919
3	17	258.6544943	Deep	Shallow subsurface	23.05883454
3	18	282.3076568	Deep	Shallow subsurface	26.20056707
3	19	303.813317	Deep	Shallow subsurface	22.87716007
3	20	323.8821658	Deep	Shallow subsurface	25.51754715
3	21	330.909977	Deep	Shallow subsurface	24.74013034
3	22	348.3299266	Deep	Shallow subsurface	22.44128542
3	23	363.7039154	Deep	Shallow subsurface	22.64563467
3	24	377.6304531	Deep	Shallow subsurface	30.36336173
3	25	383.3971286	Deep	Shallow subsurface	28.64136971
3	26	397.302118	Deep	Shallow subsurface	23.24374998
3	27	410.6579336	Deep	Shallow subsurface	23.88950439
3	28	429.4610999	Deep	Shallow subsurface	26.18744262
3	29	449.8411641	Deep	Shallow subsurface	25.17408266
3	30	461.8871243	Deep	Shallow subsurface	28.76969409
3	31	483.6600256	Deep	Shallow subsurface	31.96177895
3	32	504.5924925	Deep	Shallow subsurface	38.1584892
3	33	526.1834231	Deep	Shallow subsurface	31.39864548
3	34	548.4968059	Deep	Shallow subsurface	30.76012136
3	35	571.0645816	Deep	Shallow subsurface	27.06954138
3	36	614.6643472	Deep	Shallow subsurface	30.27339828
3	37	635.8328259	Deep	Shallow subsurface	26.06407785
3	38	638.5799414	Deep	Shallow subsurface	29.61099928
3	39	662.9328418	Deep	Shallow subsurface	31.23308894
3	40	687.1129801	Deep	Shallow subsurface	26.05098407
3	41	699.2958225	Deep	Shallow subsurface	31.84419824
3	42	717.8660762	Deep	Shallow subsurface	23.58301874
3	43	728.3961078	Deep	Shallow subsurface	28.78892379
3	44	747.5099406	Deep	Shallow subsurface	26.80081846
3	45	753.313612	Deep	Shallow subsurface	32.26564014
3	46	773.8188351	Deep	Shallow subsurface	28.50810587
3	47	794.1193318	Deep	Shallow subsurface	25.83105971
3	48	817.8205297	Deep	Shallow subsurface	27.11749682
3	49	839.2382782	Deep	Shallow subsurface	29.24035086
3	50	853.3999821	Deep	Shallow subsurface	28.58113299
3	51	862.8274721	Deep	Shallow subsurface	33.19844616
3	52	872.8162424	Deep	Shallow subsurface	40.11383848
3	53	891.7317156	Deep	Shallow subsurface	38.48904588
3	54	914.1523192	Deep	Shallow subsurface	37.06298732
3	55	917.8919933	Deep	Shallow subsurface	37.92316956
3	56	938.9698411	Deep	Shallow subsurface	38.3272014
3	57	957.2688659	Deep	Shallow subsurface	33.14394779
3	58	974.153978	Deep	Shallow subsurface	33.91747566
3	59	978.3965894	Deep	Shallow subsurface	33.21216219
3	60	989.1920669	Deep	Shallow subsurface	36.42838335
4	5	11.65889193	Deep	Shallow subsurface	27.18566805
4	6	27.77428749	Deep	Shallow subsurface	18.02058783
4	7	42.13385531	Deep	Shallow subsurface	21.30459973
4	8	58.42978903	Deep	Shallow subsurface	24.80396764
4	9	78.54758142	Deep	Shallow subsurface	27.7454687
4	10	95.10228743	Deep	Shallow subsurface	21.87174541
4	11	113.4929131	Deep	Shallow subsurface	19.73318187
4	12	134.4772501	Deep	Shallow subsurface	21.63108922
4	13	157.7862551	Deep	Shallow subsurface	21.21939553
4	14	183.2281512	Deep	Shallow subsurface	29.16117085
4	15	202.7390124	Deep	Shallow subsurface	19.28660573
4	16	218.7503248	Deep	Shallow subsurface	20.84977059
4	17	240.0615258	Deep	Shallow subsurface	23.79085774
4	18	263.6560286	Deep	Shallow subsurface	28.46895742
4	19	285.0537814	Deep	Shallow subsurface	22.73087771
4	20	305.0777733	Deep	Shallow subsurface	26.6793128
4	21	312.0689893	Deep	Shallow subsurface	25.60459876
4	22	329.4102976	Deep	Shallow subsurface	23.65993347
4	23	344.7213256	Deep	Shallow subsurface	25.09784979
4	24	358.6259353	Deep	Shallow subsurface	31.43962766
4	25	364.398455	Deep	Shallow subsurface	29.95223426
4	26	378.2768951	Deep	Shallow subsurface	25.91075078
4	27	391.5990943	Deep	Shallow subsurface	27.04721239
4	28	410.4028957	Deep	Shallow subsurface	25.69596237
4	29	430.8141491	Deep	Shallow subsurface	27.06083447
4	30	442.8775801	Deep	Shallow subsurface	31.99203511
4	31	464.6714866	Deep	Shallow subsurface	33.80142281
4	32	485.6315723	Deep	Shallow subsurface	39.28804508
4	33	507.259498	Deep	Shallow subsurface	31.39707401
4	34	529.5884851	Deep	Shallow subsurface	33.62580323
4	35	552.1707388	Deep	Shallow subsurface	28.80929931
4	36	595.7972296	Deep	Shallow subsurface	33.99902086
4	37	616.9720012	Deep	Shallow subsurface	29.47500019
4	38	619.7173039	Deep	Shallow subsurface	32.28336703
4	39	644.06511	Deep	Shallow subsurface	35.49610369
4	40	668.2505752	Deep	Shallow subsurface	27.78159269
4	41	680.4577274	Deep	Shallow subsurface	37.35028438
4	42	699.0419072	Deep	Shallow subsurface	27.92722671
4	43	709.5765447	Deep	Shallow subsurface	30.49321537
4	44	728.7163926	Deep	Shallow subsurface	30.59401367
4	45	734.5313784	Deep	Shallow subsurface	35.3783031
4	46	755.0711862	Deep	Shallow subsurface	32.82337053
4	47	775.4066486	Deep	Shallow subsurface	27.83313447
4	48	799.1151972	Deep	Shallow subsurface	29.5944711
4	49	820.5002216	Deep	Shallow subsurface	33.45270408
4	50	834.6278681	Deep	Shallow subsurface	31.09668097
4	51	844.0067301	Deep	Shallow subsurface	38.25668264
4	52	853.9873025	Deep	Shallow subsurface	44.93415611
4	53	872.908691	Deep	Shallow subsurface	43.70728203
4	54	895.3097839	Deep	Shallow subsurface	41.4245628
4	55	899.0651234	Deep	Shallow subsurface	41.77056021
4	56	920.2183962	Deep	Shallow subsurface	43.19692904
4	57	938.5940447	Deep	Shallow subsurface	38.24413278
4	58	955.5429559	Deep	Shallow subsurface	37.56593742
4	59	959.7958304	Deep	Shallow subsurface	37.70508268
4	60	970.5673442	Deep	Shallow subsurface	40.42033351
5	6	16.37104011	Deep	Shallow subsurface	24.33956582
5	7	30.77165118	Deep	Shallow subsurface	29.2268305
5	8	47.18301995	Deep	Shallow subsurface	32.27431341
5	9	67.21830314	Deep	Shallow subsurface	34.39606129
5	10	83.75477694	Deep	Shallow subsurface	32.09123607
5	11	102.096653	Deep	Shallow subsurface	29.27400582
5	12	123.0330018	Deep	Shallow subsurface	29.79014472
5	13	146.2871358	Deep	Shallow subsurface	29.70877259
5	14	171.6956312	Deep	Shallow subsurface	37.99108202
5	15	191.1953428	Deep	Shallow subsurface	30.27623985
5	16	207.1959447	Deep	Shallow subsurface	32.40014749
5	17	228.5020899	Deep	Shallow subsurface	33.43073554
5	18	252.0792683	Deep	Shallow subsurface	35.7266243
5	19	273.4502452	Deep	Shallow subsurface	32.7421862
5	20	293.4639241	Deep	Shallow subsurface	35.26791028
5	21	300.4476919	Deep	Shallow subsurface	33.83885566
5	22	317.7747808	Deep	Shallow subsurface	25.92059667
5	23	333.076439	Deep	Shallow subsurface	31.86908068
5	24	346.9781746	Deep	Shallow subsurface	38.524197
5	25	352.7513346	Deep	Shallow subsurface	39.96138447
5	26	366.626645	Deep	Shallow subsurface	35.81596567
5	27	379.9455308	Deep	Shallow subsurface	35.85793853
5	28	398.7492921	Deep	Shallow subsurface	35.19441864
5	29	419.1633687	Deep	Shallow subsurface	37.19601458
5	30	431.2285923	Deep	Shallow subsurface	39.08196607
5	31	453.0247976	Deep	Shallow subsurface	37.03921262
5	32	473.9882475	Deep	Shallow subsurface	44.21719789
5	33	495.6212141	Deep	Shallow subsurface	39.50548686
5	34	517.9523872	Deep	Shallow subsurface	41.16670681
5	35	540.5367341	Deep	Shallow subsurface	38.0490643
5	36	584.167267	Deep	Shallow subsurface	41.12081519
5	37	605.3429538	Deep	Shallow subsurface	37.05089874
5	38	608.0879342	Deep	Shallow subsurface	39.86217272
5	39	632.4347444	Deep	Shallow subsurface	40.81800633
5	40	656.6209593	Deep	Shallow subsurface	34.84824736
5	41	668.8321967	Deep	Shallow subsurface	37.57084261
5	42	687.4187347	Deep	Shallow subsurface	33.92342789
5	43	697.9541402	Deep	Shallow subsurface	38.93493424
5	44	717.0986718	Deep	Shallow subsurface	37.85199042
5	45	722.9157703	Deep	Shallow subsurface	40.87189436
5	46	743.4622391	Deep	Shallow subsurface	37.05888817
5	47	763.8047577	Deep	Shallow subsurface	35.01160149
5	48	787.5147054	Deep	Shallow subsurface	35.6447102
5	49	808.8928324	Deep	Shallow subsurface	37.45362051
5	50	823.0136767	Deep	Shallow subsurface	37.25406982
5	51	832.3834845	Deep	Shallow subsurface	41.74101914
5	52	842.3625727	Deep	Shallow subsurface	45.83689004
5	53	861.2849319	Deep	Shallow subsurface	43.21840875
5	54	883.682566	Deep	Shallow subsurface	42.35246024
5	55	887.4405967	Deep	Shallow subsurface	43.42758711
5	56	908.6078631	Deep	Shallow subsurface	42.18206343
5	57	926.9993313	Deep	Shallow subsurface	37.14913494
5	58	943.9624777	Deep	Shallow subsurface	38.70111
5	59	948.2177171	Deep	Shallow subsurface	38.50761791
5	60	958.9836369	Deep	Shallow subsurface	42.57375629
6	7	14.40203593	Deep	Shallow subsurface	19.46379576
6	8	30.81875617	Deep	Shallow subsurface	26.03590691
6	9	50.85010941	Deep	Shallow subsurface	28.48922612
6	10	67.39123211	Deep	Shallow subsurface	21.72366701
6	11	85.74984117	Deep	Shallow subsurface	19.85290224
6	12	106.7125449	Deep	Shallow subsurface	19.0981137
6	13	130.011978	Deep	Shallow subsurface	19.56250956
6	14	155.4589903	Deep	Shallow subsurface	30.46543386
6	15	174.973766	Deep	Shallow subsurface	20.92129187
6	16	190.9902857	Deep	Shallow subsurface	22.67558215
6	17	212.3041437	Deep	Shallow subsurface	24.58197188
6	18	235.9120602	Deep	Shallow subsurface	29.29936648
6	19	257.3441595	Deep	Shallow subsurface	26.13970771
6	20	277.3872847	Deep	Shallow subsurface	26.72257774
6	21	284.3958918	Deep	Shallow subsurface	25.47779582
6	22	301.7818528	Deep	Shallow subsurface	23.1488609
6	23	317.1367024	Deep	Shallow subsurface	26.15981763
6	24	331.0585822	Deep	Shallow subsurface	32.76325198
6	25	336.8265207	Deep	Shallow subsurface	32.17194365
6	26	350.726839	Deep	Shallow subsurface	27.17501406
6	27	364.0790592	Deep	Shallow subsurface	27.49910826
6	28	382.8823341	Deep	Shallow subsurface	27.75999562
6	29	403.2659983	Deep	Shallow subsurface	29.40535727
6	30	415.3150734	Deep	Shallow subsurface	32.57379991
6	31	437.0927452	Deep	Shallow subsurface	33.13140014
6	32	458.0329164	Deep	Shallow subsurface	40.09578317
6	33	479.6365309	Deep	Shallow subsurface	34.10194795
6	34	501.9561674	Deep	Shallow subsurface	34.07977798
6	35	524.5301443	Deep	Shallow subsurface	29.13655751
6	36	568.1422818	Deep	Shallow subsurface	32.83984506
6	37	589.3139279	Deep	Shallow subsurface	29.38635069
6	38	592.060198	Deep	Shallow subsurface	32.05229603
6	39	616.410875	Deep	Shallow subsurface	36.39683127
6	40	640.5937121	Deep	Shallow subsurface	30.79714422
6	41	652.788715	Deep	Shallow subsurface	36.77487509
6	42	671.3664069	Deep	Shallow subsurface	27.96406497
6	43	681.8989876	Deep	Shallow subsurface	32.27290625
6	44	701.0274995	Deep	Shallow subsurface	29.58577688
6	45	706.8378217	Deep	Shallow subsurface	36.09460551
6	46	727.3644022	Deep	Shallow subsurface	31.84515577
6	47	747.6879555	Deep	Shallow subsurface	28.79537554
6	48	771.3942827	Deep	Shallow subsurface	31.7198962
6	49	792.7903525	Deep	Shallow subsurface	33.0315544
6	50	806.9308017	Deep	Shallow subsurface	30.29527839
6	51	816.3304552	Deep	Shallow subsurface	37.14195824
6	52	826.3148862	Deep	Shallow subsurface	45.82445471
6	53	845.2335978	Deep	Shallow subsurface	42.78984407
6	54	867.6440757	Deep	Shallow subsurface	42.30202732
6	55	871.3919285	Deep	Shallow subsurface	43.32694711
6	56	892.5138124	Deep	Shallow subsurface	43.02336024
6	57	910.8646189	Deep	Shallow subsurface	37.08079717
6	58	927.7976037	Deep	Shallow subsurface	37.25953271
6	59	932.0482904	Deep	Shallow subsurface	37.42152626
6	60	942.8251353	Deep	Shallow subsurface	40.5183096
7	8	16.45738878	Deep	Shallow subsurface	18.40867224
7	9	36.44812011	Deep	Shallow subsurface	21.68214176
7	10	52.99110862	Deep	Shallow subsurface	16.99099411
7	11	71.36171245	Deep	Shallow subsurface	17.6615595
7	12	92.34582963	Deep	Shallow subsurface	18.57525509
7	13	115.6838738	Deep	Shallow subsurface	18.41689433
7	14	141.162678	Deep	Shallow subsurface	24.85012134
7	15	160.6885501	Deep	Shallow subsurface	19.06419766
7	16	176.7174841	Deep	Shallow subsurface	18.74909211
7	17	198.0359599	Deep	Shallow subsurface	19.99075303
7	18	221.668828	Deep	Shallow subsurface	24.45915544
7	19	243.1529653	Deep	Shallow subsurface	22.33326547
7	20	263.2201822	Deep	Shallow subsurface	20.60866276
7	21	270.2500927	Deep	Shallow subsurface	21.74240092
7	22	287.6864824	Deep	Shallow subsurface	19.46688916
7	23	303.0869267	Deep	Shallow subsurface	22.39166449
7	24	317.0251857	Deep	Shallow subsurface	25.96323153
7	25	322.7878986	Deep	Shallow subsurface	28.35036839
7	26	336.7089539	Deep	Shallow subsurface	22.77648721
7	27	350.089329	Deep	Shallow subsurface	25.44521725
7	28	368.8904293	Deep	Shallow subsurface	23.85996977
7	29	389.2457661	Deep	Shallow subsurface	23.38976581
7	30	401.279896	Deep	Shallow subsurface	26.55674788
7	31	423.040106	Deep	Shallow subsurface	27.83876634
7	32	443.9590395	Deep	Shallow subsurface	31.20983239
7	33	465.5364584	Deep	Shallow subsurface	26.95758182
7	34	487.8453632	Deep	Shallow subsurface	28.74323371
7	35	510.4097344	Deep	Shallow subsurface	24.11609134
7	36	554.0050305	Deep	Shallow subsurface	29.76114691
7	37	575.1727424	Deep	Shallow subsurface	25.09871232
7	38	577.9200312	Deep	Shallow subsurface	25.04910072
7	39	602.2733951	Deep	Shallow subsurface	29.71273087
7	40	626.4528844	Deep	Shallow subsurface	24.73244364
7	41	638.6340741	Deep	Shallow subsurface	35.79283377
7	42	657.2040603	Deep	Shallow subsurface	26.82428257
7	43	667.7341148	Deep	Shallow subsurface	27.02003314
7	44	686.8490367	Deep	Shallow subsurface	25.06202257
7	45	692.6536687	Deep	Shallow subsurface	33.32285844
7	46	713.1635792	Deep	Shallow subsurface	30.23052332
7	47	733.4713431	Deep	Shallow subsurface	26.35824973
7	48	757.174467	Deep	Shallow subsurface	31.6504103
7	49	778.5849897	Deep	Shallow subsurface	32.58800057
7	50	792.7413709	Deep	Shallow subsurface	28.24374381
7	51	802.1655012	Deep	Shallow subsurface	34.59776987
7	52	812.1542302	Deep	Shallow subsurface	45.41922428
7	53	831.0697226	Deep	Shallow subsurface	40.44420119
7	54	853.4905608	Deep	Shallow subsurface	40.13980471
7	55	857.2299784	Deep	Shallow subsurface	42.75351739
7	56	878.3144315	Deep	Shallow subsurface	42.56101747
7	57	896.6320631	Deep	Shallow subsurface	37.35781926
7	58	913.5406829	Deep	Shallow subsurface	38.42178829
7	59	917.7877056	Deep	Shallow subsurface	38.01300807
7	60	928.573236	Deep	Shallow subsurface	39.36907893
8	9	20.15820634	Deep	Shallow subsurface	19.25635671
8	10	36.70869224	Deep	Shallow subsurface	20.49580982
8	11	55.14750154	Deep	Shallow subsurface	21.8494611
8	12	76.2050147	Deep	Shallow subsurface	24.18607333
8	13	99.64871939	Deep	Shallow subsurface	24.47693107
8	14	125.1956752	Deep	Shallow subsurface	25.00395014
8	15	144.738283	Deep	Shallow subsurface	21.05329474
8	16	160.7894411	Deep	Shallow subsurface	21.08857452
8	17	182.1104162	Deep	Shallow subsurface	22.50692659
8	18	205.7912933	Deep	Shallow subsurface	23.57819388
8	19	227.3781935	Deep	Shallow subsurface	22.8300205
8	20	247.4879739	Deep	Shallow subsurface	22.39431788
8	21	254.5576475	Deep	Shallow subsurface	22.22451094
8	22	272.0851689	Deep	Shallow subsurface	23.02564013
8	23	287.5653634	Deep	Shallow subsurface	20.44320633
8	24	301.5295757	Deep	Shallow subsurface	23.79987983
8	25	307.2815015	Deep	Shallow subsurface	28.61585806
8	26	321.2363134	Deep	Shallow subsurface	21.9715627
8	27	334.6632566	Deep	Shallow subsurface	24.30547246
8	28	353.456642	Deep	Shallow subsurface	21.86596469
8	29	373.7587415	Deep	Shallow subsurface	21.0619216
8	30	385.7646573	Deep	Shallow subsurface	24.48390483
8	31	407.4909265	Deep	Shallow subsurface	25.01680317
8	32	428.3695471	Deep	Shallow subsurface	31.21522499
8	33	449.8977005	Deep	Shallow subsurface	24.81397584
8	34	472.1851648	Deep	Shallow subsurface	26.31313924
8	35	494.7302801	Deep	Shallow subsurface	20.91759496
8	36	538.2918731	Deep	Shallow subsurface	29.20685956
8	37	559.4511297	Deep	Shallow subsurface	24.67298411
8	38	562.2001263	Deep	Shallow subsurface	23.95746527
8	39	586.5570708	Deep	Shallow subsurface	25.77583407
8	40	610.7292511	Deep	Shallow subsurface	20.34207454
8	41	622.8845927	Deep	Shallow subsurface	31.15309785
8	42	641.4395864	Deep	Shallow subsurface	23.23087839
8	43	651.9645494	Deep	Shallow subsurface	24.06012549
8	44	671.0534958	Deep	Shallow subsurface	23.51819562
8	45	676.8472709	Deep	Shallow subsurface	31.78761607
8	46	697.3250159	Deep	Shallow subsurface	28.72931899
8	47	717.6019194	Deep	Shallow subsurface	23.86311506
8	48	741.298223	Deep	Shallow subsurface	28.84964755
8	49	762.7359618	Deep	Shallow subsurface	30.88607885
8	50	776.9221011	Deep	Shallow subsurface	28.32124532
8	51	786.391415	Deep	Shallow subsurface	32.77222442
8	52	796.3877583	Deep	Shallow subsurface	41.91587804
8	53	815.2968637	Deep	Shallow subsurface	38.09908276
8	54	837.7360582	Deep	Shallow subsurface	36.6463145
8	55	841.4600054	Deep	Shallow subsurface	38.66711924
8	56	862.474498	Deep	Shallow subsurface	39.4080264
8	57	880.7281328	Deep	Shallow subsurface	34.89368133
8	58	897.5881433	Deep	Shallow subsurface	35.81539528
8	59	901.8276951	Deep	Shallow subsurface	35.31984293
8	60	912.6305606	Deep	Shallow subsurface	36.65594811
9	10	16.55677743	Deep	Shallow subsurface	19.08369667
9	11	34.98951096	Deep	Shallow subsurface	21.55898046
9	12	56.05481794	Deep	Shallow subsurface	23.65905455
9	13	79.52539463	Deep	Shallow subsurface	25.11483151
9	14	105.0927055	Deep	Shallow subsurface	25.4913088
9	15	124.637719	Deep	Shallow subsurface	23.03473618
9	16	140.6952193	Deep	Shallow subsurface	22.78633524
9	17	162.0137761	Deep	Shallow subsurface	21.88889861
9	18	185.7122761	Deep	Shallow subsurface	20.93675353
9	19	207.3460208	Deep	Shallow subsurface	23.20416042
9	20	227.47525	Deep	Shallow subsurface	21.89428668
9	21	234.5656729	Deep	Shallow subsurface	21.25072455
9	22	252.1432471	Deep	Shallow subsurface	25.83237254
9	23	267.6699041	Deep	Shallow subsurface	20.65194097
9	24	281.6481699	Deep	Shallow subsurface	22.00762516
9	25	287.392321	Deep	Shallow subsurface	28.00734828
9	26	301.366427	Deep	Shallow subsurface	21.68295284
9	27	314.8214739	Deep	Shallow subsurface	25.37776291
9	28	333.6071658	Deep	Shallow subsurface	23.83709325
9	29	353.8730427	Deep	Shallow subsurface	19.69828616
9	30	365.8603776	Deep	Shallow subsurface	24.31163956
9	31	387.5644065	Deep	Shallow subsurface	25.06129226
9	32	408.4181405	Deep	Shallow subsurface	29.04512765
9	33	429.9176263	Deep	Shallow subsurface	23.12493954
9	34	452.1925134	Deep	Shallow subsurface	27.95772123
9	35	474.7266165	Deep	Shallow subsurface	24.87670513
9	36	518.2696973	Deep	Shallow subsurface	27.97566495
9	37	539.4242099	Deep	Shallow subsurface	24.48092146
9	38	542.1739665	Deep	Shallow subsurface	22.52867818
9	39	566.5320381	Deep	Shallow subsurface	26.17926421
9	40	590.7001067	Deep	Shallow subsurface	24.08182713
9	41	602.8429258	Deep	Shallow subsurface	33.25009246
9	42	621.3906571	Deep	Shallow subsurface	25.39318987
9	43	631.9131262	Deep	Shallow subsurface	26.38146646
9	44	650.9902547	Deep	Shallow subsurface	24.92937326
9	45	656.7792725	Deep	Shallow subsurface	35.2289705
9	46	677.2434112	Deep	Shallow subsurface	32.44868712
9	47	697.5080415	Deep	Shallow subsurface	26.4497577
9	48	721.2015727	Deep	Shallow subsurface	32.34787242
9	49	742.6495312	Deep	Shallow subsurface	33.79792749
9	50	756.8475365	Deep	Shallow subsurface	29.63441381
9	51	766.3361285	Deep	Shallow subsurface	35.18536971
9	52	776.3357542	Deep	Shallow subsurface	45.18450052
9	53	795.2418096	Deep	Shallow subsurface	40.01137609
9	54	817.6890048	Deep	Shallow subsurface	39.7229589
9	55	821.4059668	Deep	Shallow subsurface	41.96735218
9	56	842.390844	Deep	Shallow subsurface	41.85705595
9	57	860.6206222	Deep	Shallow subsurface	37.56905641
9	58	877.4648826	Deep	Shallow subsurface	38.27140921
9	59	881.7022106	Deep	Shallow subsurface	37.85164191
9	60	892.5102389	Deep	Shallow subsurface	38.85158555
10	11	18.46178099	Deep	Shallow subsurface	17.71302572
10	12	39.55566823	Deep	Shallow subsurface	19.72252806
10	13	63.07950164	Deep	Shallow subsurface	19.61286957
10	14	88.67257235	Deep	Shallow subsurface	23.79525174
10	15	108.215277	Deep	Shallow subsurface	20.93427725
10	16	124.2787891	Deep	Shallow subsurface	18.92923149
10	17	145.5897721	Deep	Shallow subsurface	19.65042089
10	18	169.3101221	Deep	Shallow subsurface	22.22149036
10	19	191.0031459	Deep	Shallow subsurface	20.78214163
10	20	211.1539349	Deep	Shallow subsurface	19.17819236
10	21	218.268899	Deep	Shallow subsurface	22.47030534
10	22	235.9036556	Deep	Shallow subsurface	22.38509262
10	23	251.4816431	Deep	Shallow subsurface	21.41689996
10	24	265.473637	Deep	Shallow subsurface	27.56809356
10	25	271.2081081	Deep	Shallow subsurface	28.2466194
10	26	285.2019186	Deep	Shallow subsurface	20.46877163
10	27	298.6863196	Deep	Shallow subsurface	24.13877988
10	28	317.4610872	Deep	Shallow subsurface	24.14292534
10	29	337.6848154	Deep	Shallow subsurface	21.01934163
10	30	349.6504771	Deep	Shallow subsurface	25.23750158
10	31	371.3281088	Deep	Shallow subsurface	29.02141538
10	32	392.1527109	Deep	Shallow subsurface	33.91167715
10	33	413.6187622	Deep	Shallow subsurface	26.36074718
10	34	435.8784205	Deep	Shallow subsurface	28.08550536
10	35	458.3991498	Deep	Shallow subsurface	24.30451607
10	36	501.9197138	Deep	Shallow subsurface	29.49579056
10	37	523.0682514	Deep	Shallow subsurface	22.7787243
10	38	525.8188275	Deep	Shallow subsurface	27.29934564
10	39	550.177693	Deep	Shallow subsurface	28.48788359
10	40	574.3405649	Deep	Shallow subsurface	25.95106788
10	41	586.4686502	Deep	Shallow subsurface	36.28130644
10	42	605.0075998	Deep	Shallow subsurface	25.86038368
10	43	615.526991	Deep	Shallow subsurface	27.73095645
10	44	634.5898694	Deep	Shallow subsurface	26.83903723
10	45	640.373121	Deep	Shallow subsurface	33.24724931
10	46	660.8205203	Deep	Shallow subsurface	32.19392959
10	47	681.0697108	Deep	Shallow subsurface	24.80962456
10	48	704.7595704	Deep	Shallow subsurface	31.44860177
10	49	726.2201715	Deep	Shallow subsurface	32.82263059
10	50	740.4325645	Deep	Shallow subsurface	26.82974589
10	51	749.9440007	Deep	Shallow subsurface	35.21359595
10	52	759.9473779	Deep	Shallow subsurface	45.85026881
10	53	778.8497102	Deep	Shallow subsurface	40.98786904
10	54	801.3060327	Deep	Shallow subsurface	40.62713913
10	55	805.0148477	Deep	Shallow subsurface	43.52362607
10	56	825.9642706	Deep	Shallow subsurface	43.4441329
10	57	844.1639632	Deep	Shallow subsurface	39.20112453
10	58	860.987051	Deep	Shallow subsurface	39.23129145
10	59	865.221257	Deep	Shallow subsurface	38.47745521
10	60	876.0364136	Deep	Shallow subsurface	38.69103372
11	12	21.09937133	Deep	Shallow subsurface	17.42022104
11	13	44.64839931	Deep	Shallow subsurface	18.83638376
11	14	70.25058267	Deep	Shallow subsurface	26.48583766
11	15	89.7874755	Deep	Shallow subsurface	19.15763143
11	16	105.8523356	Deep	Shallow subsurface	20.75939135
11	17	127.1567155	Deep	Shallow subsurface	20.92226519
11	18	150.8877641	Deep	Shallow subsurface	24.28507469
11	19	172.6171104	Deep	Shallow subsurface	20.78208068
11	20	192.7809334	Deep	Shallow subsurface	23.02658919
11	21	199.9128197	Deep	Shallow subsurface	23.03234413
11	22	217.5887317	Deep	Shallow subsurface	22.78927738
11	23	233.2053677	Deep	Shallow subsurface	21.55921233
11	24	247.2066645	Deep	Shallow subsurface	26.10151302
11	25	252.9326917	Deep	Shallow subsurface	27.17268946
11	26	266.9407567	Deep	Shallow subsurface	23.30087106
11	27	280.4474928	Deep	Shallow subsurface	24.40456469
11	28	299.2115309	Deep	Shallow subsurface	22.33858366
11	29	319.4003778	Deep	Shallow subsurface	24.17544124
11	30	331.3486982	Deep	Shallow subsurface	27.21551952
11	31	353.0055599	Deep	Shallow subsurface	29.46458844
11	32	373.8084128	Deep	Shallow subsurface	33.9103311
11	33	395.250896	Deep	Shallow subsurface	26.13958994
11	34	417.5000295	Deep	Shallow subsurface	29.64583173
11	35	440.0118103	Deep	Shallow subsurface	24.23177748
11	36	483.5180195	Deep	Shallow subsurface	28.88748979
11	37	504.662818	Deep	Shallow subsurface	24.60587054
11	38	507.4138399	Deep	Shallow subsurface	26.87895663
11	39	531.772917	Deep	Shallow subsurface	29.88976566
11	40	555.932581	Deep	Shallow subsurface	25.47118376
11	41	568.0523607	Deep	Shallow subsurface	34.62200151
11	42	586.5864832	Deep	Shallow subsurface	24.85801658
11	43	597.1042005	Deep	Shallow subsurface	26.6995588
11	44	616.1597813	Deep	Shallow subsurface	25.9752414
11	45	621.9402235	Deep	Shallow subsurface	34.11444938
11	46	642.3799373	Deep	Shallow subsurface	30.12539389
11	47	662.6227633	Deep	Shallow subsurface	25.64412169
11	48	686.3111895	Deep	Shallow subsurface	29.99182246
11	49	707.7766902	Deep	Shallow subsurface	30.71833823
11	50	721.9952454	Deep	Shallow subsurface	27.71749463
11	51	731.5175416	Deep	Shallow subsurface	34.64482179
11	52	741.5227783	Deep	Shallow subsurface	43.9124121
11	53	760.4231665	Deep	Shallow subsurface	41.72139987
11	54	782.8840609	Deep	Shallow subsurface	39.51011997
11	55	786.5887116	Deep	Shallow subsurface	41.79010755
11	56	807.5217382	Deep	Shallow subsurface	41.72530807
11	57	825.7104011	Deep	Shallow subsurface	36.88279016
11	58	842.5280086	Deep	Shallow subsurface	36.67387504
11	59	846.7616162	Deep	Shallow subsurface	37.08165305
11	60	857.5782167	Deep	Shallow subsurface	39.265136
12	13	23.57375183	Deep	Shallow subsurface	18.97469617
12	14	49.17582743	Deep	Shallow subsurface	29.7156333
12	15	68.70334618	Deep	Shallow subsurface	20.14221145
12	16	84.76790189	Deep	Shallow subsurface	23.81739707
12	17	106.0661091	Deep	Shallow subsurface	23.73562502
12	18	129.8041683	Deep	Shallow subsurface	28.77815582
12	19	151.5638529	Deep	Shallow subsurface	26.55642005
12	20	171.7384482	Deep	Shallow subsurface	25.60104924
12	21	178.8860944	Deep	Shallow subsurface	22.51500633
12	22	196.6016028	Deep	Shallow subsurface	25.95700498
12	23	212.2565101	Deep	Shallow subsurface	24.71348289
12	24	226.2658596	Deep	Shallow subsurface	26.87098831
12	25	231.9824693	Deep	Shallow subsurface	30.96840461
12	26	246.0038473	Deep	Shallow subsurface	26.43442064
12	27	259.5324234	Deep	Shallow subsurface	27.2779254
12	28	278.2835823	Deep	Shallow subsurface	24.28197944
12	29	298.4357457	Deep	Shallow subsurface	26.08710856
12	30	310.3663943	Deep	Shallow subsurface	31.13311689
12	31	332.0024838	Deep	Shallow subsurface	30.09275142
12	32	352.7846231	Deep	Shallow subsurface	35.35398954
12	33	374.2058871	Deep	Shallow subsurface	31.15448484
12	34	396.4458431	Deep	Shallow subsurface	33.0719664
12	35	418.9501142	Deep	Shallow subsurface	26.39937926
12	36	462.4449667	Deep	Shallow subsurface	30.97467686
12	37	483.5869305	Deep	Shallow subsurface	28.47377411
12	38	486.3382597	Deep	Shallow subsurface	27.22274005
12	39	510.6973758	Deep	Shallow subsurface	34.59528476
12	40	534.8546676	Deep	Shallow subsurface	29.03895159
12	41	546.9687839	Deep	Shallow subsurface	37.15182543
12	42	565.4997938	Deep	Shallow subsurface	29.07817029
12	43	576.0164674	Deep	Shallow subsurface	30.88844453
12	44	595.0678498	Deep	Shallow subsurface	26.78489379
12	45	600.8468275	Deep	Shallow subsurface	38.65580063
12	46	621.2830971	Deep	Shallow subsurface	34.28285726
12	47	641.5239676	Deep	Shallow subsurface	28.14035956
12	48	665.2121166	Deep	Shallow subsurface	33.64078195
12	49	686.6788147	Deep	Shallow subsurface	35.71219524
12	50	700.8996992	Deep	Shallow subsurface	32.26795072
12	51	710.4274748	Deep	Shallow subsurface	37.82345073
12	52	720.4337642	Deep	Shallow subsurface	48.76293203
12	53	739.3330232	Deep	Shallow subsurface	45.50146652
12	54	761.7965493	Deep	Shallow subsurface	43.21339854
12	55	765.4987731	Deep	Shallow subsurface	45.85490362
12	56	786.4241447	Deep	Shallow subsurface	45.61859005
12	57	804.611141	Deep	Shallow subsurface	39.96521045
12	58	821.4313948	Deep	Shallow subsurface	39.93090611
12	59	825.6657441	Deep	Shallow subsurface	39.96177725
12	60	836.4808049	Deep	Shallow subsurface	42.37400957
13	14	25.60386759	Deep	Shallow subsurface	27.42940557
13	15	45.13923986	Deep	Shallow subsurface	19.78870036
13	16	61.20402268	Deep	Shallow subsurface	20.59050374
13	17	82.51100679	Deep	Shallow subsurface	23.14974538
13	18	106.2393802	Deep	Shallow subsurface	26.91637056
13	19	127.9903168	Deep	Shallow subsurface	22.22476417
13	20	148.1664042	Deep	Shallow subsurface	26.03691512
13	21	155.318395	Deep	Shallow subsurface	24.38545507
13	22	173.0513985	Deep	Shallow subsurface	23.33402821
13	23	188.7283625	Deep	Shallow subsurface	25.55798074
13	24	202.7420297	Deep	Shallow subsurface	30.51674875
13	25	208.4522431	Deep	Shallow subsurface	29.64331311
13	26	222.4813759	Deep	Shallow subsurface	24.5094198
13	27	236.0237727	Deep	Shallow subsurface	25.5856568
13	28	254.7653042	Deep	Shallow subsurface	26.0303983
13	29	274.8944276	Deep	Shallow subsurface	25.94594087
13	30	286.8154211	Deep	Shallow subsurface	29.73054951
13	31	308.4416554	Deep	Shallow subsurface	32.64853847
13	32	329.216187	Deep	Shallow subsurface	37.8527395
13	33	350.6327783	Deep	Shallow subsurface	30.76946706
13	34	372.8720948	Deep	Shallow subsurface	31.79017095
13	35	395.3767253	Deep	Shallow subsurface	26.91728303
13	36	438.8742242	Deep	Shallow subsurface	31.26615995
13	37	460.0173927	Deep	Shallow subsurface	26.81511829
13	38	462.7685809	Deep	Shallow subsurface	30.59129553
13	39	487.1276908	Deep	Shallow subsurface	32.91711794
13	40	511.2861789	Deep	Shallow subsurface	27.79593448
13	41	523.4041515	Deep	Shallow subsurface	36.57731803
13	42	541.9381145	Deep	Shallow subsurface	26.94613049
13	43	552.4559575	Deep	Shallow subsurface	29.3695936
13	44	571.5133623	Deep	Shallow subsurface	29.49058891
13	45	577.2951595	Deep	Shallow subsurface	34.61418554
13	46	597.7410728	Deep	Shallow subsurface	31.49163838
13	47	617.9929969	Deep	Shallow subsurface	27.16629803
13	48	641.6841822	Deep	Shallow subsurface	31.26091598
13	49	663.1413816	Deep	Shallow subsurface	31.93229691
13	50	677.3532517	Deep	Shallow subsurface	28.8666678
13	51	686.8699702	Deep	Shallow subsurface	36.54476681
13	52	696.8748149	Deep	Shallow subsurface	44.99144573
13	53	715.7756226	Deep	Shallow subsurface	43.52316447
13	54	738.2357653	Deep	Shallow subsurface	40.02166793
13	55	741.9410731	Deep	Shallow subsurface	42.4785673
13	56	762.8851505	Deep	Shallow subsurface	43.0340446
13	57	781.0967482	Deep	Shallow subsurface	39.56805767
13	58	797.9412271	Deep	Shallow subsurface	38.57724912
13	59	802.179781	Deep	Shallow subsurface	38.94575879
13	60	812.9854959	Deep	Shallow subsurface	39.86170951
14	15	19.54517492	Deep	Shallow subsurface	21.3483959
14	16	35.60649563	Deep	Shallow subsurface	18.22886757
14	17	56.92170595	Deep	Shallow subsurface	21.53230992
14	18	80.63853914	Deep	Shallow subsurface	25.67536442
14	19	102.3940149	Deep	Shallow subsurface	22.21376966
14	20	122.5765081	Deep	Shallow subsurface	28.041534
14	21	129.7408044	Deep	Shallow subsurface	24.64219802
14	22	147.5104598	Deep	Shallow subsurface	27.69150077
14	23	163.2266093	Deep	Shallow subsurface	22.10747489
14	24	177.2460727	Deep	Shallow subsurface	28.05515797
14	25	182.9445454	Deep	Shallow subsurface	26.27872941
14	26	196.985567	Deep	Shallow subsurface	20.11868282
14	27	210.549485	Deep	Shallow subsurface	21.00198532
14	28	229.2735814	Deep	Shallow subsurface	24.52242332
14	29	249.3631989	Deep	Shallow subsurface	22.77817244
14	30	261.267008	Deep	Shallow subsurface	24.14805405
14	31	282.8747245	Deep	Shallow subsurface	28.22037368
14	32	303.6335082	Deep	Shallow subsurface	34.26097602
14	33	325.0373485	Deep	Shallow subsurface	26.98859057
14	34	347.2725101	Deep	Shallow subsurface	22.90597183
14	35	369.7746293	Deep	Shallow subsurface	25.39178468
14	36	413.270363	Deep	Shallow subsurface	30.18606306
14	37	434.4135967	Deep	Shallow subsurface	24.96892974
14	38	437.1647658	Deep	Shallow subsurface	28.90084067
14	39	461.5238736	Deep	Shallow subsurface	25.80190243
14	40	485.6825872	Deep	Shallow subsurface	23.862158
14	41	497.8020171	Deep	Shallow subsurface	35.3177577
14	42	516.337519	Deep	Shallow subsurface	25.87118735
14	43	526.8560329	Deep	Shallow subsurface	27.14881365
14	44	545.9173218	Deep	Shallow subsurface	26.60076473
14	45	551.7011112	Deep	Shallow subsurface	33.15220853
14	46	572.1543568	Deep	Shallow subsurface	30.85084422
14	47	592.4153391	Deep	Shallow subsurface	25.75773318
14	48	616.1090203	Deep	Shallow subsurface	28.34135054
14	49	637.5581883	Deep	Shallow subsurface	30.52331079
14	50	651.762902	Deep	Shallow subsurface	29.10962295
14	51	661.2717851	Deep	Shallow subsurface	34.2009222
14	52	671.2757175	Deep	Shallow subsurface	42.9294231
14	53	690.177481	Deep	Shallow subsurface	40.0001625
14	54	712.6355554	Deep	Shallow subsurface	38.73684706
14	55	716.3427224	Deep	Shallow subsurface	40.34720126
14	56	737.3004626	Deep	Shallow subsurface	40.39421689
14	57	755.5328404	Deep	Shallow subsurface	37.59226446
14	58	772.3991771	Deep	Shallow subsurface	37.68925772
14	59	776.6416063	Deep	Shallow subsurface	36.61298406
14	60	787.4386383	Deep	Shallow subsurface	40.14474497
15	16	16.06491343	Deep	Shallow subsurface	17.30072092
15	17	37.37656191	Deep	Shallow subsurface	20.51753611
15	18	61.10104869	Deep	Shallow subsurface	26.11117894
15	19	82.9066985	Deep	Shallow subsurface	21.8421122
15	20	103.1027007	Deep	Shallow subsurface	26.71567821
15	21	110.2921355	Deep	Shallow subsurface	19.28806733
15	22	128.1219218	Deep	Shallow subsurface	23.81875541
15	23	143.8928052	Deep	Shallow subsurface	19.9487801
15	24	157.9166103	Deep	Shallow subsurface	25.01180817
15	25	163.597238	Deep	Shallow subsurface	24.67247139
15	26	177.6517955	Deep	Shallow subsurface	20.73169723
15	27	191.2417427	Deep	Shallow subsurface	20.58085717
15	28	209.9396524	Deep	Shallow subsurface	17.87580937
15	29	229.9734721	Deep	Shallow subsurface	22.18139722
15	30	241.8518872	Deep	Shallow subsurface	26.37648982
15	31	263.430593	Deep	Shallow subsurface	26.90769428
15	32	284.162725	Deep	Shallow subsurface	34.37995593
15	33	305.5412583	Deep	Shallow subsurface	27.29656206
15	34	327.7658673	Deep	Shallow subsurface	26.40604172
15	35	350.2597805	Deep	Shallow subsurface	21.47214089
15	36	393.7439634	Deep	Shallow subsurface	26.72703185
15	37	414.8844858	Deep	Shallow subsurface	25.11972498
15	38	417.6359351	Deep	Shallow subsurface	27.31666598
15	39	441.9950399	Deep	Shallow subsurface	29.12014643
15	40	466.1515729	Deep	Shallow subsurface	22.85936629
15	41	478.2660738	Deep	Shallow subsurface	31.88504296
15	42	496.7990412	Deep	Shallow subsurface	22.65752658
15	43	507.3167457	Deep	Shallow subsurface	24.19307463
15	44	526.374993	Deep	Shallow subsurface	24.45682047
15	45	532.1578452	Deep	Shallow subsurface	31.8205699
15	46	552.6094	Deep	Shallow subsurface	27.58163799
15	47	572.8703391	Deep	Shallow subsurface	24.09401804
15	48	596.5642425	Deep	Shallow subsurface	25.54882411
15	49	618.0130249	Deep	Shallow subsurface	28.9747839
15	50	632.2185303	Deep	Shallow subsurface	27.66679184
15	51	641.7308772	Deep	Shallow subsurface	32.56752093
15	52	651.7355882	Deep	Shallow subsurface	40.82559688
15	53	670.6365407	Deep	Shallow subsurface	40.27515214
15	54	693.0965869	Deep	Shallow subsurface	36.85662192
15	55	696.8019486	Deep	Shallow subsurface	38.33086635
15	56	717.75536	Deep	Shallow subsurface	38.43510852
15	57	735.9898502	Deep	Shallow subsurface	34.07067785
15	58	752.8621954	Deep	Shallow subsurface	33.3419922
15	59	757.1059174	Deep	Shallow subsurface	33.18253743
15	60	767.9001144	Deep	Shallow subsurface	38.08104405
16	17	21.32142896	Deep	Shallow subsurface	19.5512583
16	18	45.03628201	Deep	Shallow subsurface	23.72372848
16	19	66.87414071	Deep	Shallow subsurface	20.08068006
16	20	87.07756883	Deep	Shallow subsurface	22.86364971
16	21	94.28630471	Deep	Shallow subsurface	20.7868214
16	22	112.1628677	Deep	Shallow subsurface	22.2773589
16	23	127.976443	Deep	Shallow subsurface	20.86972164
16	24	142.0003687	Deep	Shallow subsurface	26.59317652
16	25	147.6649079	Deep	Shallow subsurface	25.56274577
16	26	161.7280063	Deep	Shallow subsurface	18.8116459
16	27	175.3368793	Deep	Shallow subsurface	22.03794247
16	28	194.0110409	Deep	Shallow subsurface	22.3496418
16	29	213.9998944	Deep	Shallow subsurface	21.06604756
16	30	225.8588548	Deep	Shallow subsurface	24.09201617
16	31	247.4162096	Deep	Shallow subsurface	26.70852057
16	32	268.1301865	Deep	Shallow subsurface	33.65476803
16	33	289.493183	Deep	Shallow subsurface	26.69278089
16	34	311.71196	Deep	Shallow subsurface	25.65775058
16	35	334.2018004	Deep	Shallow subsurface	24.22886676
16	36	377.681292	Deep	Shallow subsurface	29.14091007
16	37	398.8209722	Deep	Shallow subsurface	23.10304414
16	38	401.5724988	Deep	Shallow subsurface	27.81452111
16	39	425.9315881	Deep	Shallow subsurface	28.08974728
16	40	450.0875439	Deep	Shallow subsurface	22.00812549
16	41	462.201226	Deep	Shallow subsurface	34.7733964
16	42	480.7341565	Deep	Shallow subsurface	23.77068038
16	43	491.2519358	Deep	Shallow subsurface	26.51222082
16	44	510.3111128	Deep	Shallow subsurface	26.13704829
16	45	516.0946292	Deep	Shallow subsurface	31.39748822
16	46	536.5491487	Deep	Shallow subsurface	29.06710301
16	47	556.8143426	Deep	Shallow subsurface	23.54586724
16	48	580.5094548	Deep	Shallow subsurface	26.70371699
16	49	601.9543218	Deep	Shallow subsurface	29.85859822
16	50	616.1567	Deep	Shallow subsurface	25.54537196
16	51	625.666407	Deep	Shallow subsurface	33.47322391
16	52	635.6709226	Deep	Shallow subsurface	42.96016709
16	53	654.5720815	Deep	Shallow subsurface	40.4056426
16	54	677.0317471	Deep	Shallow subsurface	38.3822259
16	55	680.7374415	Deep	Shallow subsurface	39.67424142
16	56	701.6959115	Deep	Shallow subsurface	39.69890406
16	57	719.940613	Deep	Shallow subsurface	36.94390354
16	58	736.8247663	Deep	Shallow subsurface	36.80757352
16	59	741.0706399	Deep	Shallow subsurface	35.88325467
16	60	751.8599804	Deep	Shallow subsurface	38.3378457
17	18	23.76782633	Deep	Shallow subsurface	23.13929489
17	19	45.76583084	Deep	Shallow subsurface	15.7683393
17	20	65.96845614	Deep	Shallow subsurface	19.26369073
17	21	73.23017549	Deep	Shallow subsurface	19.22039435
17	22	91.21574297	Deep	Shallow subsurface	23.40079844
17	23	107.1171773	Deep	Shallow subsurface	17.02807919
17	24	121.1288027	Deep	Shallow subsurface	22.17017768
17	25	126.752448	Deep	Shallow subsurface	19.72967524
17	26	140.8262361	Deep	Shallow subsurface	15.82672355
17	27	154.4691551	Deep	Shallow subsurface	18.42307458
17	28	173.0841003	Deep	Shallow subsurface	23.20371103
17	29	192.968826	Deep	Shallow subsurface	21.75364942
17	30	204.7814511	Deep	Shallow subsurface	21.57502937
17	31	226.2857997	Deep	Shallow subsurface	28.2147114
17	32	246.9527539	Deep	Shallow subsurface	33.23791228
17	33	268.271733	Deep	Shallow subsurface	24.44386066
17	34	290.47154	Deep	Shallow subsurface	25.8353644
17	35	312.9466011	Deep	Shallow subsurface	23.93286693
17	36	356.4050692	Deep	Shallow subsurface	25.98295989
17	37	377.5396338	Deep	Shallow subsurface	21.03613238
17	38	380.2916363	Deep	Shallow subsurface	26.336948
17	39	404.6504777	Deep	Shallow subsurface	26.92544675
17	40	428.8023184	Deep	Shallow subsurface	24.75983299
17	41	440.9067528	Deep	Shallow subsurface	35.36433431
17	42	459.4346039	Deep	Shallow subsurface	24.73704896
17	43	469.9506893	Deep	Shallow subsurface	22.83928273
17	44	489.00307	Deep	Shallow subsurface	22.98165848
17	45	494.7841954	Deep	Shallow subsurface	34.93489411
17	46	515.232975	Deep	Shallow subsurface	32.20238952
17	47	535.494621	Deep	Shallow subsurface	26.30396619
17	48	559.1891802	Deep	Shallow subsurface	29.15184249
17	49	580.6364866	Deep	Shallow subsurface	31.79957494
17	50	594.8429448	Deep	Shallow subsurface	29.09153844
17	51	604.3614923	Deep	Shallow subsurface	34.4773428
17	52	614.3676584	Deep	Shallow subsurface	44.62095541
17	53	633.2670659	Deep	Shallow subsurface	43.27546898
17	54	655.730804	Deep	Shallow subsurface	40.5148935
17	55	659.4327601	Deep	Shallow subsurface	40.89594011
17	56	680.3788043	Deep	Shallow subsurface	42.60892763
17	57	698.61921	Deep	Shallow subsurface	37.55451523
17	58	715.5051726	Deep	Shallow subsurface	37.31366841
17	59	719.7517462	Deep	Shallow subsurface	36.61391316
17	60	730.5396336	Deep	Shallow subsurface	39.73900746
18	19	22.13349441	Deep	Shallow subsurface	21.44453996
18	20	42.27977699	Deep	Shallow subsurface	22.31400911
18	21	49.58121466	Deep	Shallow subsurface	24.62169116
18	22	67.64626788	Deep	Shallow subsurface	25.99978051
18	23	83.6113928	Deep	Shallow subsurface	22.52294062
18	24	97.59494469	Deep	Shallow subsurface	27.07165837
18	25	103.1771498	Deep	Shallow subsurface	29.02606602
18	26	117.2506197	Deep	Shallow subsurface	20.94243545
18	27	130.9143342	Deep	Shallow subsurface	25.91925985
18	28	149.4738122	Deep	Shallow subsurface	26.11209033
18	29	169.2812442	Deep	Shallow subsurface	24.43046161
18	30	181.0652821	Deep	Shallow subsurface	24.17797212
18	31	202.5425316	Deep	Shallow subsurface	29.66625067
18	32	223.192559	Deep	Shallow subsurface	31.27236781
18	33	244.504071	Deep	Shallow subsurface	25.80912181
18	34	266.7043054	Deep	Shallow subsurface	28.68003997
18	35	289.1819131	Deep	Shallow subsurface	27.06670854
18	36	332.6487409	Deep	Shallow subsurface	29.0284192
18	37	353.7865182	Deep	Shallow subsurface	25.1921825
18	38	356.5382036	Deep	Shallow subsurface	28.05401412
18	39	380.8972396	Deep	Shallow subsurface	27.44037605
18	40	405.052075	Deep	Shallow subsurface	26.05875554
18	41	417.1650509	Deep	Shallow subsurface	36.93166861
18	42	435.6990569	Deep	Shallow subsurface	27.87803884
18	43	446.2174988	Deep	Shallow subsurface	29.38171778
18	44	465.2815524	Deep	Shallow subsurface	27.86430651
18	45	471.0679606	Deep	Shallow subsurface	33.22775021
18	46	491.5341538	Deep	Shallow subsurface	33.35731974
18	47	511.8148914	Deep	Shallow subsurface	28.21595071
18	48	535.5141484	Deep	Shallow subsurface	33.10509215
18	49	556.9447898	Deep	Shallow subsurface	32.9520767
18	50	571.135388	Deep	Shallow subsurface	29.86252701
18	51	580.6339174	Deep	Shallow subsurface	35.92186731
18	52	590.6373652	Deep	Shallow subsurface	46.25880687
18	53	609.5396325	Deep	Shallow subsurface	39.17098774
18	54	631.9970253	Deep	Shallow subsurface	42.15349364
18	55	635.7047331	Deep	Shallow subsurface	42.64006918
18	56	656.6832915	Deep	Shallow subsurface	44.10678076
18	57	674.9635288	Deep	Shallow subsurface	39.43520425
18	58	691.8870385	Deep	Shallow subsurface	40.12178839
18	59	696.1399658	Deep	Shallow subsurface	39.77125047
18	60	706.9131382	Deep	Shallow subsurface	38.47093625
19	20	20.20846892	Deep	Shallow subsurface	22.12334618
19	21	27.46835537	Deep	Shallow subsurface	22.41231045
19	22	45.51298206	Deep	Shallow subsurface	21.92986345
19	23	61.4810942	Deep	Shallow subsurface	18.64025436
19	24	75.46155843	Deep	Shallow subsurface	25.9931568
19	25	81.04587699	Deep	Shallow subsurface	21.76334635
19	26	95.11990169	Deep	Shallow subsurface	16.86453427
19	27	108.7817351	Deep	Shallow subsurface	20.81254735
19	28	127.3518525	Deep	Shallow subsurface	24.62573653
19	29	147.203233	Deep	Shallow subsurface	21.45457639
19	30	159.019976	Deep	Shallow subsurface	21.71635389
19	31	180.547795	Deep	Shallow subsurface	29.65053669
19	32	201.2573058	Deep	Shallow subsurface	34.72049188
19	33	222.6433534	Deep	Shallow subsurface	24.50896806
19	34	244.8834097	Deep	Shallow subsurface	26.64276008
19	35	267.3965795	Deep	Shallow subsurface	27.18051982
19	36	310.9239638	Deep	Shallow subsurface	29.41367837
19	37	332.0783202	Deep	Shallow subsurface	22.07195748
19	38	334.8279977	Deep	Shallow subsurface	29.0544288
19	39	359.186021	Deep	Shallow subsurface	25.70250443
19	40	383.3547592	Deep	Shallow subsurface	24.17542642
19	41	395.5065744	Deep	Shallow subsurface	34.72243588
19	42	414.0646397	Deep	Shallow subsurface	24.09085348
19	43	424.5915312	Deep	Shallow subsurface	23.88649556
19	44	443.6967968	Deep	Shallow subsurface	26.44751585
19	45	449.5007251	Deep	Shallow subsurface	32.38155691
19	46	470.0203658	Deep	Shallow subsurface	31.4695757
19	47	490.3545165	Deep	Shallow subsurface	25.45793633
19	48	514.0648312	Deep	Shallow subsurface	27.4387117
19	49	535.447417	Deep	Shallow subsurface	29.31159109
19	50	549.5896958	Deep	Shallow subsurface	27.65150047
19	51	559.021118	Deep	Shallow subsurface	35.70139627
19	52	569.0142559	Deep	Shallow subsurface	41.80758455
19	53	587.9261058	Deep	Shallow subsurface	41.58218798
19	54	610.3592924	Deep	Shallow subsurface	38.28266871
19	55	614.0880673	Deep	Shallow subsurface	38.27725551
19	56	635.1696554	Deep	Shallow subsurface	39.98269752
19	57	653.5562829	Deep	Shallow subsurface	36.87375914
19	58	670.5692989	Deep	Shallow subsurface	35.67159015
19	59	674.8365724	Deep	Shallow subsurface	35.38763054
19	60	685.5751488	Deep	Shallow subsurface	37.33211193
20	21	7.356684003	Deep	Shallow subsurface	21.68174131
20	22	25.49726226	Deep	Shallow subsurface	24.21974822
20	23	41.51945583	Deep	Shallow subsurface	21.67001466
20	24	55.42597465	Deep	Shallow subsurface	26.4378642
20	25	60.95247258	Deep	Shallow subsurface	27.22970646
20	26	75.01737649	Deep	Shallow subsurface	21.02256922
20	27	88.69385966	Deep	Shallow subsurface	25.55166929
20	28	107.2082888	Deep	Shallow subsurface	27.59050245
20	29	127.0071828	Deep	Shallow subsurface	22.68645493
20	30	138.8135293	Deep	Shallow subsurface	23.83734812
20	31	160.3405026	Deep	Shallow subsurface	30.14303321
20	32	181.0607531	Deep	Shallow subsurface	31.04176011
20	33	202.470018	Deep	Shallow subsurface	24.88458105
20	34	224.7245801	Deep	Shallow subsurface	30.17770261
20	35	247.2516244	Deep	Shallow subsurface	26.14352872
20	36	290.8042183	Deep	Shallow subsurface	28.69602678
20	37	311.9652979	Deep	Shallow subsurface	22.69112964
20	38	314.7138513	Deep	Shallow subsurface	25.80068983
20	39	339.0701385	Deep	Shallow subsurface	27.35063664
20	40	363.2444224	Deep	Shallow subsurface	26.77589372
20	41	375.4147532	Deep	Shallow subsurface	38.46982241
20	42	393.9841202	Deep	Shallow subsurface	28.65195107
20	43	404.5148539	Deep	Shallow subsurface	26.58854308
20	44	423.640745	Deep	Shallow subsurface	25.3874502
20	45	429.453743	Deep	Shallow subsurface	35.88054703
20	46	450.001561	Deep	Shallow subsurface	34.55936886
20	47	470.3647464	Deep	Shallow subsurface	28.62492532
20	48	494.0801817	Deep	Shallow subsurface	34.69788504
20	49	515.4347702	Deep	Shallow subsurface	36.37909268
20	50	529.5502287	Deep	Shallow subsurface	31.38547334
20	51	538.9464608	Deep	Shallow subsurface	37.51777175
20	52	548.9341651	Deep	Shallow subsurface	48.33415101
20	53	567.850352	Deep	Shallow subsurface	43.63833217
20	54	590.2710434	Deep	Shallow subsurface	43.7634554
20	55	594.0101462	Deep	Shallow subsurface	44.93966415
20	56	615.1448373	Deep	Shallow subsurface	45.4653595
20	57	633.5901807	Deep	Shallow subsurface	41.21459818
20	58	650.6549014	Deep	Shallow subsurface	41.9632734
20	59	654.9305772	Deep	Shallow subsurface	41.2884932
20	60	665.6482403	Deep	Shallow subsurface	40.22560852
21	22	18.14068718	Deep	Shallow subsurface	25.35190293
21	23	34.16277717	Deep	Shallow subsurface	18.87795809
21	24	48.0750067	Deep	Shallow subsurface	19.76761665
21	25	53.614225	Deep	Shallow subsurface	21.74709217
21	26	67.68311943	Deep	Shallow subsurface	20.72855676
21	27	81.3559776	Deep	Shallow subsurface	21.16007864
21	28	99.89279988	Deep	Shallow subsurface	22.12045972
21	29	119.7403034	Deep	Shallow subsurface	21.63569669
21	30	131.5746819	Deep	Shallow subsurface	22.92391544
21	31	153.1390154	Deep	Shallow subsurface	25.51846499
21	32	173.898594	Deep	Shallow subsurface	31.04657334
21	33	195.353211	Deep	Shallow subsurface	25.08162446
21	34	217.6288014	Deep	Shallow subsurface	26.51227789
21	35	240.1736526	Deep	Shallow subsurface	22.43599494
21	36	283.7550527	Deep	Shallow subsurface	25.09767637
21	37	304.922849	Deep	Shallow subsurface	24.10719164
21	38	307.6700066	Deep	Shallow subsurface	23.28094804
21	39	332.0233377	Deep	Shallow subsurface	26.66540781
21	40	356.2030033	Deep	Shallow subsurface	24.83077929
21	41	368.3928937	Deep	Shallow subsurface	33.86497568
21	42	386.9733049	Deep	Shallow subsurface	26.26250401
21	43	397.5075859	Deep	Shallow subsurface	23.91691148
21	44	416.6531158	Deep	Shallow subsurface	21.94290782
21	45	422.4745483	Deep	Shallow subsurface	35.39428609
21	46	443.047581	Deep	Shallow subsurface	32.70703579
21	47	463.4355684	Deep	Shallow subsurface	27.17710648
21	48	487.1546852	Deep	Shallow subsurface	31.32840396
21	49	508.4844997	Deep	Shallow subsurface	33.55269181
21	50	522.5755041	Deep	Shallow subsurface	31.6902393
21	51	531.9380617	Deep	Shallow subsurface	35.40165988
21	52	541.9201963	Deep	Shallow subsurface	46.63763758
21	53	560.840389	Deep	Shallow subsurface	43.05612562
21	54	583.2482178	Deep	Shallow subsurface	41.61775528
21	55	586.9976459	Deep	Shallow subsurface	43.263698
21	56	608.1818309	Deep	Shallow subsurface	43.92904306
21	57	626.6771041	Deep	Shallow subsurface	38.23800959
21	58	643.7829199	Deep	Shallow subsurface	38.42748053
21	59	648.0650457	Deep	Shallow subsurface	37.18411807
21	60	658.7661716	Deep	Shallow subsurface	39.09059647
22	23	16.02326066	Deep	Shallow subsurface	23.8689457
22	24	29.9530649	Deep	Shallow subsurface	30.04496743
22	25	35.53882991	Deep	Shallow subsurface	30.53338508
22	26	49.61351309	Deep	Shallow subsurface	25.41967575
22	27	63.26957197	Deep	Shallow subsurface	27.41555406
22	28	81.87006894	Deep	Shallow subsurface	27.5115781
22	29	101.8545314	Deep	Shallow subsurface	26.68408652
22	30	113.7648201	Deep	Shallow subsurface	28.76675893
22	31	135.4250738	Deep	Shallow subsurface	30.5212232
22	32	156.2848656	Deep	Shallow subsurface	36.16805207
22	33	177.8547097	Deep	Shallow subsurface	29.34405469
22	34	200.1782421	Deep	Shallow subsurface	31.99832624
22	35	222.7629001	Deep	Shallow subsurface	29.45310472
22	36	266.4080104	Deep	Shallow subsurface	34.44121795
22	37	287.5883528	Deep	Shallow subsurface	27.33279907
22	38	290.3312451	Deep	Shallow subsurface	31.18136416
22	39	314.6719428	Deep	Shallow subsurface	30.80399513
22	40	338.8613645	Deep	Shallow subsurface	25.96735772
22	41	351.099844	Deep	Shallow subsurface	36.20369493
22	42	369.705848	Deep	Shallow subsurface	27.46091328
22	43	380.2477111	Deep	Shallow subsurface	29.86613347
22	44	399.4409818	Deep	Shallow subsurface	29.50950804
22	45	405.283242	Deep	Shallow subsurface	34.55301444
22	46	425.9180674	Deep	Shallow subsurface	32.49703281
22	47	446.3667735	Deep	Shallow subsurface	29.42633226
22	48	470.0924014	Deep	Shallow subsurface	31.5933901
22	49	491.3569474	Deep	Shallow subsurface	30.69531376
22	50	505.3845948	Deep	Shallow subsurface	29.40141963
22	51	514.6610959	Deep	Shallow subsurface	36.69662849
22	52	524.6283868	Deep	Shallow subsurface	44.20007285
22	53	543.5573424	Deep	Shallow subsurface	40.2764832
22	54	565.9312668	Deep	Shallow subsurface	39.44760215
22	55	569.7064712	Deep	Shallow subsurface	41.50559236
22	56	591.0139415	Deep	Shallow subsurface	41.04283873
22	57	609.633664	Deep	Shallow subsurface	37.34708988
22	58	626.8416915	Deep	Shallow subsurface	38.23381188
22	59	631.1397364	Deep	Shallow subsurface	38.23734343
22	60	641.7985161	Deep	Shallow subsurface	38.80174611
23	24	14.0242776	Deep	Shallow subsurface	20.69753656
23	25	19.7273337	Deep	Shallow subsurface	21.20578351
23	26	33.7601838	Deep	Shallow subsurface	18.8545374
23	27	47.36289525	Deep	Shallow subsurface	18.77935345
23	28	66.0489273	Deep	Shallow subsurface	21.3016126
23	29	86.20460537	Deep	Shallow subsurface	20.69741706
23	30	98.20009253	Deep	Shallow subsurface	20.46991809
23	31	119.9561902	Deep	Shallow subsurface	23.65001929
23	32	140.9151513	Deep	Shallow subsurface	30.2933103
23	33	162.5985386	Deep	Shallow subsurface	22.89797146
23	34	184.9593377	Deep	Shallow subsurface	23.74434661
23	35	207.5738709	Deep	Shallow subsurface	22.20972027
23	36	251.2663627	Deep	Shallow subsurface	25.72145577
23	37	272.4519264	Deep	Shallow subsurface	20.83720944
23	38	275.1894483	Deep	Shallow subsurface	24.07631813
23	39	299.5095825	Deep	Shallow subsurface	23.62527828
23	40	323.7027049	Deep	Shallow subsurface	21.65449733
23	41	335.9878125	Deep	Shallow subsurface	29.61545914
23	42	354.6155289	Deep	Shallow subsurface	21.41104965
23	43	365.1627939	Deep	Shallow subsurface	20.54041579
23	44	384.4002118	Deep	Shallow subsurface	19.79762121
23	45	390.2622076	Deep	Shallow subsurface	31.31809588
23	46	410.9548104	Deep	Shallow subsurface	28.17491565
23	47	431.4601018	Deep	Shallow subsurface	22.31221398
23	48	455.188111	Deep	Shallow subsurface	25.44475503
23	49	476.385013	Deep	Shallow subsurface	29.29296656
23	50	490.3482956	Deep	Shallow subsurface	29.13428702
23	51	499.5387334	Deep	Shallow subsurface	31.20150216
23	52	509.490295	Deep	Shallow subsurface	40.10058903
23	53	528.4259904	Deep	Shallow subsurface	39.00883691
23	54	550.7644759	Deep	Shallow subsurface	36.733163
23	55	554.5647029	Deep	Shallow subsurface	37.0076051
23	56	575.9910642	Deep	Shallow subsurface	37.18954315
23	57	594.7303182	Deep	Shallow subsurface	32.95029128
23	58	612.0358439	Deep	Shallow subsurface	32.09227849
23	59	616.3488758	Deep	Shallow subsurface	32.14052876
23	60	626.9656418	Deep	Shallow subsurface	37.29444056
24	25	5.789648421	Deep	Shallow subsurface	24.67091136
24	26	19.73976737	Deep	Shallow subsurface	24.58295784
24	27	33.34236278	Deep	Shallow subsurface	24.64718391
24	28	52.02759382	Deep	Shallow subsurface	23.42189087
24	29	72.22918567	Deep	Shallow subsurface	24.99068555
24	30	84.2566715	Deep	Shallow subsurface	24.75934011
24	31	106.049335	Deep	Shallow subsurface	22.55017927
24	32	127.0503138	Deep	Shallow subsurface	26.82751591
24	33	148.7861367	Deep	Shallow subsurface	23.19681149
24	34	171.1601018	Deep	Shallow subsurface	28.00333442
24	35	193.7849345	Deep	Shallow subsurface	24.38261717
24	36	237.4941814	Deep	Shallow subsurface	27.66140805
24	37	258.679236	Deep	Shallow subsurface	27.25667434
24	38	261.4135289	Deep	Shallow subsurface	21.78375977
24	39	285.7198808	Deep	Shallow subsurface	27.45975859
24	40	309.9124102	Deep	Shallow subsurface	25.64189567
24	41	322.2205332	Deep	Shallow subsurface	35.39313925
24	42	340.8579272	Deep	Shallow subsurface	29.86406951
24	43	351.4071206	Deep	Shallow subsurface	24.49229633
24	44	370.666333	Deep	Shallow subsurface	21.41568618
24	45	376.5384171	Deep	Shallow subsurface	38.64945096
24	46	397.2606674	Deep	Shallow subsurface	34.76310816
24	47	417.795523	Deep	Shallow subsurface	29.58103965
24	48	441.5231118	Deep	Shallow subsurface	32.86296441
24	49	462.6817366	Deep	Shallow subsurface	36.04496833
24	50	476.6100659	Deep	Shallow subsurface	36.09880663
24	51	485.75585	Deep	Shallow subsurface	35.83257954
24	52	495.6991318	Deep	Shallow subsurface	47.53364687
24	53	514.6374829	Deep	Shallow subsurface	44.51413517
24	54	536.9577097	Deep	Shallow subsurface	43.29709255
24	55	540.7701248	Deep	Shallow subsurface	44.18155169
24	56	562.2562297	Deep	Shallow subsurface	44.50032879
24	57	581.0584716	Deep	Shallow subsurface	40.7683617
24	58	598.4170723	Deep	Shallow subsurface	41.13822861
24	59	602.7383188	Deep	Shallow subsurface	39.34422302
24	60	613.3312101	Deep	Shallow subsurface	41.44080014
25	26	14.07472519	Deep	Shallow subsurface	20.11512063
25	27	27.74180794	Deep	Shallow subsurface	18.70866206
25	28	46.34615601	Deep	Shallow subsurface	25.89037615
25	29	66.48072339	Deep	Shallow subsurface	25.46234498
25	30	78.49201184	Deep	Shallow subsurface	23.44376346
25	31	100.2738153	Deep	Shallow subsurface	32.96562752
25	32	121.2672779	Deep	Shallow subsurface	36.41224781
25	33	142.9981783	Deep	Shallow subsurface	27.38791433
25	34	165.3715532	Deep	Shallow subsurface	26.59857978
25	35	187.9960281	Deep	Shallow subsurface	26.0314325
25	36	231.7048493	Deep	Shallow subsurface	23.36584575
25	37	252.8899438	Deep	Shallow subsurface	21.03656954
25	38	255.6243266	Deep	Shallow subsurface	29.56995964
25	39	279.9312046	Deep	Shallow subsurface	25.16094957
25	40	304.1237954	Deep	Shallow subsurface	27.67273398
25	41	316.4311722	Deep	Shallow subsurface	38.38115334
25	42	335.0684008	Deep	Shallow subsurface	28.85205682
25	43	345.6175723	Deep	Shallow subsurface	20.89113454
25	44	364.8766957	Deep	Shallow subsurface	23.55366746
25	45	370.7488565	Deep	Shallow subsurface	34.90356746
25	46	391.4717219	Deep	Shallow subsurface	34.57837542
25	47	412.0077101	Deep	Shallow subsurface	28.45737029
25	48	435.7352487	Deep	Shallow subsurface	29.78214894
25	49	456.8925001	Deep	Shallow subsurface	33.24904187
25	50	470.8204181	Deep	Shallow subsurface	34.70064096
25	51	479.9670742	Deep	Shallow subsurface	37.38902418
25	52	489.9107238	Deep	Shallow subsurface	46.11889202
25	53	508.8489613	Deep	Shallow subsurface	47.39373112
25	54	531.1702082	Deep	Shallow subsurface	43.92574177
25	55	534.9819124	Deep	Shallow subsurface	42.97590395
25	56	556.4665816	Deep	Shallow subsurface	45.0056358
25	57	575.2701896	Deep	Shallow subsurface	41.64083262
25	58	592.6316727	Deep	Shallow subsurface	40.54597413
25	59	596.9534821	Deep	Shallow subsurface	38.06341568
25	60	607.5447991	Deep	Shallow subsurface	41.15529013
26	27	13.6843732	Deep	Shallow subsurface	16.98504163
26	28	32.28874554	Deep	Shallow subsurface	22.09492845
26	29	52.5391666	Deep	Shallow subsurface	20.00362798
26	30	64.61062396	Deep	Shallow subsurface	21.70952777
26	31	86.44837782	Deep	Shallow subsurface	28.83622643
26	32	107.5025466	Deep	Shallow subsurface	33.15429019
26	33	129.3062346	Deep	Shallow subsurface	24.99220164
26	34	151.6905791	Deep	Shallow subsurface	22.64319595
26	35	174.323067	Deep	Shallow subsurface	22.71740378
26	36	218.045556	Deep	Shallow subsurface	25.17374977
26	37	239.2262423	Deep	Shallow subsurface	20.07792401
26	38	241.9557485	Deep	Shallow subsurface	26.37723621
26	39	266.2404048	Deep	Shallow subsurface	24.8306836
26	40	290.4295457	Deep	Shallow subsurface	24.40854315
26	41	302.7667453	Deep	Shallow subsurface	35.2697307
26	42	321.4150836	Deep	Shallow subsurface	24.33210114
26	43	331.9658539	Deep	Shallow subsurface	23.26652881
26	44	351.252029	Deep	Shallow subsurface	23.97000548
26	45	357.1368846	Deep	Shallow subsurface	31.62717627
26	46	377.896458	Deep	Shallow subsurface	31.3859634
26	47	398.4686631	Deep	Shallow subsurface	24.75835988
26	48	422.1937934	Deep	Shallow subsurface	28.9063407
26	49	443.3008304	Deep	Shallow subsurface	30.88900293
26	50	457.1831502	Deep	Shallow subsurface	28.57249091
26	51	466.2715494	Deep	Shallow subsurface	34.79707897
26	52	476.2040075	Deep	Shallow subsurface	44.11795265
26	53	495.1450294	Deep	Shallow subsurface	42.28899973
26	54	517.4417379	Deep	Shallow subsurface	40.21250959
26	55	521.2692291	Deep	Shallow subsurface	41.05436481
26	56	542.8300313	Deep	Shallow subsurface	42.58496935
26	57	561.7123686	Deep	Shallow subsurface	38.43752477
26	58	579.1390902	Deep	Shallow subsurface	37.87963072
26	59	583.4708493	Deep	Shallow subsurface	36.76506385
26	60	594.032207	Deep	Shallow subsurface	38.0185363
27	28	18.80383726	Deep	Shallow subsurface	19.23458153
27	29	39.32077624	Deep	Shallow subsurface	22.10154586
27	30	51.47880675	Deep	Shallow subsurface	22.37430355
27	31	73.36701796	Deep	Shallow subsurface	28.45837854
27	32	94.48913063	Deep	Shallow subsurface	34.74409091
27	33	116.3802042	Deep	Shallow subsurface	25.0329275
27	34	138.7599641	Deep	Shallow subsurface	22.08241628
27	35	161.3884905	Deep	Shallow subsurface	20.09904207
27	36	205.1094569	Deep	Shallow subsurface	22.25020705
27	37	226.2767056	Deep	Shallow subsurface	20.96124245
27	38	228.9986209	Deep	Shallow subsurface	26.70424506
27	39	253.246069	Deep	Shallow subsurface	24.39226679
27	40	277.4252815	Deep	Shallow subsurface	23.83501803
27	41	289.8007779	Deep	Shallow subsurface	32.63218605
27	42	308.4607549	Deep	Shallow subsurface	21.74152201
27	43	319.0119243	Deep	Shallow subsurface	22.06728488
27	44	338.3311692	Deep	Shallow subsurface	22.1819345
27	45	344.2319398	Deep	Shallow subsurface	32.08196188
27	46	365.0366696	Deep	Shallow subsurface	29.50611536
27	47	385.6530192	Deep	Shallow subsurface	24.01561523
27	48	409.3720818	Deep	Shallow subsurface	26.81745591
27	49	430.4120454	Deep	Shallow subsurface	29.87176344
27	50	444.2337342	Deep	Shallow subsurface	30.02287962
27	51	453.2446252	Deep	Shallow subsurface	33.70334908
27	52	463.1614932	Deep	Shallow subsurface	41.12647878
27	53	482.1049765	Deep	Shallow subsurface	43.0013709
27	54	504.3676789	Deep	Shallow subsurface	38.68368164
27	55	508.2159974	Deep	Shallow subsurface	38.49649227
27	56	529.8754399	Deep	Shallow subsurface	40.25700763
27	57	548.8576497	Deep	Shallow subsurface	36.5134751
27	58	566.365575	Deep	Shallow subsurface	35.69795755
27	59	570.7095075	Deep	Shallow subsurface	34.36166847
27	60	581.2326323	Deep	Shallow subsurface	38.33699102
28	29	20.62885388	Deep	Shallow subsurface	21.87112783
28	30	32.81070416	Deep	Shallow subsurface	26.47631006
28	31	54.68853709	Deep	Shallow subsurface	24.71387088
28	32	75.83109548	Deep	Shallow subsurface	32.52260149
28	33	97.76171075	Deep	Shallow subsurface	24.82837373
28	34	120.124848	Deep	Shallow subsurface	22.09749692
28	35	142.741694	Deep	Shallow subsurface	17.464349
28	36	186.4504601	Deep	Shallow subsurface	23.74030548
28	37	207.6066118	Deep	Shallow subsurface	24.93659576
28	38	210.3240275	Deep	Shallow subsurface	24.83097158
28	39	234.5492957	Deep	Shallow subsurface	27.6270777
28	40	258.7214602	Deep	Shallow subsurface	22.05941148
28	41	271.1148975	Deep	Shallow subsurface	31.13193876
28	42	289.7793218	Deep	Shallow subsurface	23.48612295
28	43	300.3299227	Deep	Shallow subsurface	23.12738369
28	44	319.6649783	Deep	Shallow subsurface	23.3390646
28	45	325.5738208	Deep	Shallow subsurface	33.1052423
28	46	346.4019288	Deep	Shallow subsurface	28.74276517
28	47	367.0421307	Deep	Shallow subsurface	26.056014
28	48	390.7561446	Deep	Shallow subsurface	28.42322893
28	49	411.7577388	Deep	Shallow subsurface	31.7112751
28	50	425.5477305	Deep	Shallow subsurface	31.96612724
28	51	434.522435	Deep	Shallow subsurface	34.63042432
28	52	444.4324241	Deep	Shallow subsurface	41.89812223
28	53	463.3765167	Deep	Shallow subsurface	41.55964678
28	54	485.6250791	Deep	Shallow subsurface	37.88143153
28	55	489.4815885	Deep	Shallow subsurface	39.42854978
28	56	511.1844185	Deep	Shallow subsurface	40.07284463
28	57	530.2173226	Deep	Shallow subsurface	36.09127076
28	58	547.7705291	Deep	Shallow subsurface	35.53738533
28	59	552.1214729	Deep	Shallow subsurface	35.71282157
28	60	562.622043	Deep	Shallow subsurface	38.48910905
29	30	12.18185078	Deep	Shallow subsurface	23.05512319
29	31	34.06445806	Deep	Shallow subsurface	25.59351462
29	32	55.20418283	Deep	Shallow subsurface	30.53843088
29	33	77.13294015	Deep	Shallow subsurface	23.57301352
29	34	99.49655883	Deep	Shallow subsurface	24.17961588
29	35	122.1149775	Deep	Shallow subsurface	23.4255816
29	36	165.8265196	Deep	Shallow subsurface	27.12737456
29	37	186.985657	Deep	Shallow subsurface	22.63563696
29	38	189.7044264	Deep	Shallow subsurface	23.5441645
29	39	213.9384673	Deep	Shallow subsurface	24.15040357
29	40	238.1143165	Deep	Shallow subsurface	21.83184359
29	41	250.4997161	Deep	Shallow subsurface	34.58682552
29	42	269.1626171	Deep	Shallow subsurface	23.88462381
29	43	279.71348	Deep	Shallow subsurface	23.86883865
29	44	299.0437543	Deep	Shallow subsurface	24.37566817
29	45	304.9506744	Deep	Shallow subsurface	33.78587808
29	46	325.7749528	Deep	Shallow subsurface	30.79149041
29	47	346.4134419	Deep	Shallow subsurface	25.63181151
29	48	370.1276878	Deep	Shallow subsurface	30.22459602
29	49	391.1340647	Deep	Shallow subsurface	33.00740318
29	50	404.9332588	Deep	Shallow subsurface	29.12563579
29	51	413.9271234	Deep	Shallow subsurface	35.48383805
29	52	423.8422478	Deep	Shallow subsurface	44.44081657
29	53	442.7858842	Deep	Shallow subsurface	40.97283588
29	54	465.0469043	Deep	Shallow subsurface	40.28294028
29	55	468.8958468	Deep	Shallow subsurface	41.39554618
29	56	490.5721541	Deep	Shallow subsurface	42.34058831
29	57	509.5914241	Deep	Shallow subsurface	38.31279692
29	58	527.1416823	Deep	Shallow subsurface	37.97376157
29	59	531.4927371	Deep	Shallow subsurface	37.69482162
29	60	541.9934589	Deep	Shallow subsurface	39.00701416
30	31	21.8894665	Deep	Shallow subsurface	27.71596466
30	32	43.02426216	Deep	Shallow subsurface	30.68277917
30	33	64.95118118	Deep	Shallow subsurface	23.54420412
30	34	87.3151267	Deep	Shallow subsurface	23.55294925
30	35	109.9346899	Deep	Shallow subsurface	27.09178582
30	36	153.6480798	Deep	Shallow subsurface	25.96649953
30	37	174.8092088	Deep	Shallow subsurface	21.32016012
30	38	177.5289007	Deep	Shallow subsurface	27.11418941
30	39	201.7687863	Deep	Shallow subsurface	21.01348409
30	40	225.9469244	Deep	Shallow subsurface	24.04670809
30	41	238.3268748	Deep	Shallow subsurface	33.36960413
30	42	256.988692	Deep	Shallow subsurface	25.03381943
30	43	267.5396912	Deep	Shallow subsurface	23.06219534
30	44	286.8667954	Deep	Shallow subsurface	23.44207926
30	45	292.7724604	Deep	Shallow subsurface	32.4356659
30	46	313.5942637	Deep	Shallow subsurface	31.32330473
30	47	334.23168	Deep	Shallow subsurface	26.7324584
30	48	357.9460646	Deep	Shallow subsurface	28.97725473
30	49	378.9554332	Deep	Shallow subsurface	31.69013097
30	50	392.7604362	Deep	Shallow subsurface	29.41593788
30	51	401.7664306	Deep	Shallow subsurface	33.56568772
30	52	411.6847705	Deep	Shallow subsurface	42.54908699
30	53	430.6280394	Deep	Shallow subsurface	40.70478646
30	54	452.8968212	Deep	Shallow subsurface	40.37466588
30	55	456.7409821	Deep	Shallow subsurface	39.27632134
30	56	478.4005863	Deep	Shallow subsurface	40.43135682
30	57	497.4113561	Deep	Shallow subsurface	36.96733836
30	58	514.9598405	Deep	Shallow subsurface	37.14706113
30	59	519.310977	Deep	Shallow subsurface	35.14459458
30	60	529.8117544	Deep	Shallow subsurface	36.67281917
31	32	21.14528752	Deep	Shallow subsurface	27.86026592
31	33	43.09677622	Deep	Shallow subsurface	24.50376455
31	34	65.44158062	Deep	Shallow subsurface	28.44991265
31	35	88.05375251	Deep	Shallow subsurface	26.88681682
31	36	131.7624253	Deep	Shallow subsurface	31.22761318
31	37	152.9212739	Deep	Shallow subsurface	30.23117513
31	38	155.6403477	Deep	Shallow subsurface	23.30777412
31	39	179.8795327	Deep	Shallow subsurface	28.20999291
31	40	204.0582636	Deep	Shallow subsurface	25.955397
31	41	216.4374798	Deep	Shallow subsurface	31.54927696
31	42	235.0995185	Deep	Shallow subsurface	28.56838017
31	43	245.6504842	Deep	Shallow subsurface	27.27752391
31	44	264.9793104	Deep	Shallow subsurface	24.35843646
31	45	270.886384	Deep	Shallow subsurface	37.40727593
31	46	291.7138844	Deep	Shallow subsurface	30.40979224
31	47	312.3591032	Deep	Shallow subsurface	29.35910415
31	48	336.071414	Deep	Shallow subsurface	33.04128768
31	49	357.0699468	Deep	Shallow subsurface	36.56212021
31	50	370.8710588	Deep	Shallow subsurface	35.20246253
31	51	379.8806998	Deep	Shallow subsurface	34.43391729
31	52	389.8010672	Deep	Shallow subsurface	45.27453983
31	53	408.7440541	Deep	Shallow subsurface	40.55421881
31	54	431.0186428	Deep	Shallow subsurface	40.27620272
31	55	434.8590419	Deep	Shallow subsurface	41.32906478
31	56	456.5111205	Deep	Shallow subsurface	40.80288526
31	57	475.52879	Deep	Shallow subsurface	38.15869025
31	58	493.0916054	Deep	Shallow subsurface	38.433995
31	59	497.4454426	Deep	Shallow subsurface	38.50651269
31	60	507.9378393	Deep	Shallow subsurface	39.89240079
32	33	21.96480859	Deep	Shallow subsurface	25.50731309
32	34	44.29629329	Deep	Shallow subsurface	33.01222069
32	35	66.91080805	Deep	Shallow subsurface	33.87583649
32	36	110.6244017	Deep	Shallow subsurface	36.20662265
32	37	131.7881764	Deep	Shallow subsurface	35.36188512
32	38	134.5095473	Deep	Shallow subsurface	28.49414661
32	39	158.762818	Deep	Shallow subsurface	30.84808262
32	40	182.9463472	Deep	Shallow subsurface	32.13559309
32	41	195.3123582	Deep	Shallow subsurface	39.61013499
32	42	213.9716828	Deep	Shallow subsurface	37.24039828
32	43	224.52287	Deep	Shallow subsurface	31.725501
32	44	243.8444803	Deep	Shallow subsurface	28.97639044
32	45	249.748773	Deep	Shallow subsurface	43.43676622
32	46	270.5709258	Deep	Shallow subsurface	40.19872662
32	47	291.2139572	Deep	Shallow subsurface	35.43919094
32	48	314.9265597	Deep	Shallow subsurface	41.021813
32	49	335.9314183	Deep	Shallow subsurface	43.06248643
32	50	349.7448307	Deep	Shallow subsurface	41.40525548
32	51	358.7800723	Deep	Shallow subsurface	41.45731622
32	52	368.7070751	Deep	Shallow subsurface	52.72657374
32	53	387.6490058	Deep	Shallow subsurface	46.09046452
32	54	409.9393948	Deep	Shallow subsurface	46.85822872
32	55	413.7698213	Deep	Shallow subsurface	48.75089875
32	56	435.3871955	Deep	Shallow subsurface	48.25692265
32	57	454.387285	Deep	Shallow subsurface	45.06023987
32	58	471.9463258	Deep	Shallow subsurface	45.98700512
32	59	476.3002992	Deep	Shallow subsurface	44.73270628
32	60	486.7929065	Deep	Shallow subsurface	45.7647181
33	34	22.38563103	Deep	Shallow subsurface	26.3013274
33	35	45.01887979	Deep	Shallow subsurface	26.41775425
33	36	88.74359868	Deep	Shallow subsurface	30.53966078
33	37	109.9214312	Deep	Shallow subsurface	26.31807944
33	38	112.6498758	Deep	Shallow subsurface	24.32223178
33	39	136.9385223	Deep	Shallow subsurface	24.77007212
33	40	161.1298075	Deep	Shallow subsurface	24.94540065
33	41	173.4607702	Deep	Shallow subsurface	34.81898315
33	42	192.1110788	Deep	Shallow subsurface	28.76283492
33	43	202.6621119	Deep	Shallow subsurface	22.31899469
33	44	221.961786	Deep	Shallow subsurface	23.57357146
33	45	227.8567846	Deep	Shallow subsurface	37.08183288
33	46	248.6568093	Deep	Shallow subsurface	32.20622666
33	47	269.2831572	Deep	Shallow subsurface	29.37002475
33	48	292.9992133	Deep	Shallow subsurface	32.7422771
33	49	314.0340782	Deep	Shallow subsurface	35.42639808
33	50	327.8822741	Deep	Shallow subsurface	34.45909176
33	51	336.9741465	Deep	Shallow subsurface	35.78744988
33	52	346.9140225	Deep	Shallow subsurface	44.6667385
33	53	365.8530792	Deep	Shallow subsurface	42.52765048
33	54	388.1727614	Deep	Shallow subsurface	40.24347911
33	55	391.9842298	Deep	Shallow subsurface	41.16885365
33	56	413.5283512	Deep	Shallow subsurface	43.28329386
33	57	432.4775172	Deep	Shallow subsurface	40.05393578
33	58	450.0089933	Deep	Shallow subsurface	40.05238854
33	59	454.3597998	Deep	Shallow subsurface	39.94685124
33	60	464.8636983	Deep	Shallow subsurface	39.98881039
34	35	22.63325521	Deep	Shallow subsurface	21.42805448
34	36	66.35798701	Deep	Shallow subsurface	25.28686913
34	37	87.53610931	Deep	Shallow subsurface	22.46717572
34	38	90.26517138	Deep	Shallow subsurface	26.07898206
34	39	114.5600011	Deep	Shallow subsurface	22.47029482
34	40	138.7523457	Deep	Shallow subsurface	23.89144356
34	41	151.0761721	Deep	Shallow subsurface	33.92514344
34	42	169.7256521	Deep	Shallow subsurface	24.97062355
34	43	180.2766499	Deep	Shallow subsurface	22.42390728
34	44	199.5769864	Deep	Shallow subsurface	24.37204895
34	45	205.4734358	Deep	Shallow subsurface	32.15455921
34	46	226.2807895	Deep	Shallow subsurface	31.27864956
34	47	246.9180072	Deep	Shallow subsurface	25.26102773
34	48	270.6313386	Deep	Shallow subsurface	29.11209105
34	49	291.6522443	Deep	Shallow subsurface	31.80113065
34	50	305.496652	Deep	Shallow subsurface	30.25697424
34	51	314.5962259	Deep	Shallow subsurface	32.7868725
34	52	324.5392933	Deep	Shallow subsurface	42.40243424
34	53	343.4774081	Deep	Shallow subsurface	39.39967569
34	54	365.8055005	Deep	Shallow subsurface	38.83503367
34	55	369.6111451	Deep	Shallow subsurface	40.65725305
34	56	391.1427673	Deep	Shallow subsurface	41.53653685
34	57	410.1000253	Deep	Shallow subsurface	36.62047774
34	58	427.6500591	Deep	Shallow subsurface	36.59406172
34	59	432.0043842	Deep	Shallow subsurface	35.72775571
34	60	442.4974197	Deep	Shallow subsurface	38.14581248
35	36	43.72484722	Deep	Shallow subsurface	21.54206841
35	37	64.90320839	Deep	Shallow subsurface	21.38899437
35	38	67.63316507	Deep	Shallow subsurface	22.17602771
35	39	91.93663757	Deep	Shallow subsurface	25.18771176
35	40	116.1297237	Deep	Shallow subsurface	22.51739301
35	41	128.4440491	Deep	Shallow subsurface	33.99487434
35	42	147.0925545	Deep	Shallow subsurface	25.05917939
35	43	157.643515	Deep	Shallow subsurface	21.26740853
35	44	176.9450489	Deep	Shallow subsurface	21.88048816
35	45	182.8434804	Deep	Shallow subsurface	31.43567398
35	46	203.6602412	Deep	Shallow subsurface	28.98177204
35	47	224.3108198	Deep	Shallow subsurface	24.4532516
35	48	248.0204038	Deep	Shallow subsurface	29.97440605
35	49	269.023987	Deep	Shallow subsurface	31.87780995
35	50	282.863397	Deep	Shallow subsurface	29.68494691
35	51	291.9712727	Deep	Shallow subsurface	31.25351664
35	52	301.9178769	Deep	Shallow subsurface	44.00525359
35	53	320.8548506	Deep	Shallow subsurface	42.13424451
35	54	343.1921895	Deep	Shallow subsurface	39.49028738
35	55	346.9913439	Deep	Shallow subsurface	42.10066515
35	56	368.5095251	Deep	Shallow subsurface	42.8960783
35	57	387.4766794	Deep	Shallow subsurface	38.87684949
35	58	405.0480902	Deep	Shallow subsurface	38.47314192
35	59	409.4064121	Deep	Shallow subsurface	38.01540675
35	60	419.8869302	Deep	Shallow subsurface	39.06802392
36	37	21.18565168	Deep	Shallow subsurface	21.0403063
36	38	23.9242849	Deep	Shallow subsurface	25.72976978
36	39	48.26863668	Deep	Shallow subsurface	24.88401176
36	40	72.45401278	Deep	Shallow subsurface	27.66548187
36	41	84.72644414	Deep	Shallow subsurface	36.00573176
36	42	103.3696702	Deep	Shallow subsurface	28.20933378
36	43	113.920334	Deep	Shallow subsurface	24.4257428
36	44	133.2218464	Deep	Shallow subsurface	22.80689351
36	45	139.1244007	Deep	Shallow subsurface	33.13360023
36	46	159.9628188	Deep	Shallow subsurface	32.74886586
36	47	180.6444881	Deep	Shallow subsurface	29.39401773
36	48	204.3433995	Deep	Shallow subsurface	32.4799097
36	49	225.3075484	Deep	Shallow subsurface	34.83727717
36	50	239.1389186	Deep	Shallow subsurface	33.60449123
36	51	248.2728354	Deep	Shallow subsurface	34.66397615
36	52	258.2289162	Deep	Shallow subsurface	46.57081153
36	53	277.162343	Deep	Shallow subsurface	44.82294926
36	54	299.5233337	Deep	Shallow subsurface	44.87961685
36	55	303.3055628	Deep	Shallow subsurface	44.48388953
36	56	324.7853072	Deep	Shallow subsurface	45.76001627
36	57	343.7691495	Deep	Shallow subsurface	41.32238212
36	58	361.3847404	Deep	Shallow subsurface	41.157865
36	59	365.7514227	Deep	Shallow subsurface	39.09975675
36	60	376.2053567	Deep	Shallow subsurface	39.99234594
37	38	2.755397126	Deep	Shallow subsurface	24.57448491
37	39	27.11085604	Deep	Shallow subsurface	21.6997624
37	40	51.28015433	Deep	Shallow subsurface	23.94344354
37	41	63.54208181	Deep	Shallow subsurface	35.5691136
37	42	82.18970587	Deep	Shallow subsurface	24.47596456
37	43	92.74080671	Deep	Shallow subsurface	21.85995158
37	44	112.058367	Deep	Shallow subsurface	22.54495527
37	45	117.9707128	Deep	Shallow subsurface	29.87511659
37	46	138.8403032	Deep	Shallow subsurface	30.90105345
37	47	159.5551393	Deep	Shallow subsurface	24.46788715
37	48	183.2401008	Deep	Shallow subsurface	28.32035661
37	49	204.1552214	Deep	Shallow subsurface	30.00497023
37	50	217.9620543	Deep	Shallow subsurface	28.30351494
37	51	227.0875639	Deep	Shallow subsurface	32.23141638
37	52	237.0448845	Deep	Shallow subsurface	43.48542293
37	53	255.9777092	Deep	Shallow subsurface	43.01458832
37	54	278.3433071	Deep	Shallow subsurface	41.47554846
37	55	282.1219116	Deep	Shallow subsurface	40.97099634
37	56	303.6074632	Deep	Shallow subsurface	43.08500147
37	57	322.6266593	Deep	Shallow subsurface	39.52225341
37	58	340.2864062	Deep	Shallow subsurface	38.57259791
37	59	344.6604114	Deep	Shallow subsurface	37.48281419
37	60	355.0896678	Deep	Shallow subsurface	37.74806944
38	39	24.35911645	Deep	Shallow subsurface	25.61319319
38	40	48.53352926	Deep	Shallow subsurface	23.43764132
38	41	60.81100259	Deep	Shallow subsurface	34.04693438
38	42	79.4635242	Deep	Shallow subsurface	27.59681052
38	43	90.01478054	Deep	Shallow subsurface	25.38794274
38	44	109.3423573	Deep	Shallow subsurface	20.66183458
38	45	115.2593742	Deep	Shallow subsurface	36.22979921
38	46	136.1410481	Deep	Shallow subsurface	32.16702141
38	47	156.8665877	Deep	Shallow subsurface	28.85551171
38	48	180.546422	Deep	Shallow subsurface	33.61672211
38	49	201.4430866	Deep	Shallow subsurface	35.35839394
38	50	215.2369491	Deep	Shallow subsurface	33.98905576
38	51	224.3493458	Deep	Shallow subsurface	33.78369514
38	52	234.3046664	Deep	Shallow subsurface	46.32580835
38	53	253.2382739	Deep	Shallow subsurface	42.57391377
38	54	275.6000406	Deep	Shallow subsurface	42.63393464
38	55	279.3812786	Deep	Shallow subsurface	43.95548199
38	56	300.8814022	Deep	Shallow subsurface	44.81882148
38	57	319.9177729	Deep	Shallow subsurface	39.64448831
38	58	337.5925612	Deep	Shallow subsurface	40.29421914
38	59	341.9687962	Deep	Shallow subsurface	39.7269551
38	60	352.3901673	Deep	Shallow subsurface	40.62108262
39	40	24.19314196	Deep	Shallow subsurface	22.30730516
39	41	36.58672122	Deep	Shallow subsurface	33.00378032
39	42	55.25888206	Deep	Shallow subsurface	26.22730664
39	43	65.80289318	Deep	Shallow subsurface	19.69732949
39	44	85.19734969	Deep	Shallow subsurface	22.29648168
39	45	91.14796328	Deep	Shallow subsurface	30.42816767
39	46	112.1139883	Deep	Shallow subsurface	31.11947459
39	47	132.9141355	Deep	Shallow subsurface	26.17736938
39	48	156.5433642	Deep	Shallow subsurface	29.38667264
39	49	177.2975483	Deep	Shallow subsurface	31.80075807
39	50	191.0016351	Deep	Shallow subsurface	30.75234847
39	51	200.0362386	Deep	Shallow subsurface	32.36352239
39	52	209.981258	Deep	Shallow subsurface	43.17547972
39	53	228.9183046	Deep	Shallow subsurface	39.529388
39	54	251.2622661	Deep	Shallow subsurface	39.30930775
39	55	255.0551238	Deep	Shallow subsurface	40.66505486
39	56	276.6352108	Deep	Shallow subsurface	41.35338063
39	57	295.782488	Deep	Shallow subsurface	37.93439952
39	58	313.5613462	Deep	Shallow subsurface	38.05050667
39	59	317.9532212	Deep	Shallow subsurface	36.27870911
39	60	328.3177058	Deep	Shallow subsurface	36.36440468
40	41	12.62147233	Deep	Shallow subsurface	28.65364321
40	42	31.20192675	Deep	Shallow subsurface	21.58986484
40	43	41.71202583	Deep	Shallow subsurface	22.05200183
40	44	61.1559411	Deep	Shallow subsurface	23.63788988
40	45	67.13621281	Deep	Shallow subsurface	30.14437012
40	46	88.16802234	Deep	Shallow subsurface	27.23724085
40	47	109.0242035	Deep	Shallow subsurface	24.8191119
40	48	132.5856361	Deep	Shallow subsurface	24.33937867
40	49	153.207318	Deep	Shallow subsurface	27.99802988
40	50	166.845272	Deep	Shallow subsurface	29.09675839
40	51	175.8443519	Deep	Shallow subsurface	28.90351371
40	52	185.7881533	Deep	Shallow subsurface	37.67407518
40	53	204.7253885	Deep	Shallow subsurface	36.87471078
40	54	227.0709592	Deep	Shallow subsurface	33.56800845
40	55	230.861998	Deep	Shallow subsurface	34.06744145
40	56	252.4688087	Deep	Shallow subsurface	35.09539357
40	57	271.6857437	Deep	Shallow subsurface	32.49132856
40	58	289.5411494	Deep	Shallow subsurface	32.60505174
40	59	293.9448542	Deep	Shallow subsurface	31.85802309
40	60	304.2645246	Deep	Shallow subsurface	34.55208954
41	42	18.67218094	Deep	Shallow subsurface	22.81478386
41	43	29.21824545	Deep	Shallow subsurface	30.68027755
41	44	48.61745434	Deep	Shallow subsurface	30.42559607
41	45	54.5800311	Deep	Shallow subsurface	33.84007023
41	46	75.58591542	Deep	Shallow subsurface	27.68091297
41	47	96.42795223	Deep	Shallow subsurface	28.94008872
41	48	120.0119499	Deep	Shallow subsurface	25.08431444
41	49	140.7115191	Deep	Shallow subsurface	30.2777869
41	50	154.433596	Deep	Shallow subsurface	37.07937311
41	51	163.5614126	Deep	Shallow subsurface	31.92487536
41	52	173.5313508	Deep	Shallow subsurface	29.83463955
41	53	192.4578653	Deep	Shallow subsurface	33.86749632
41	54	214.8564974	Deep	Shallow subsurface	27.13142997
41	55	218.6096958	Deep	Shallow subsurface	25.8140643
41	56	240.0748378	Deep	Shallow subsurface	26.25423179
41	57	259.1963532	Deep	Shallow subsurface	22.10062078
41	58	276.9995166	Deep	Shallow subsurface	23.18347533
41	59	281.3973135	Deep	Shallow subsurface	24.41508986
41	60	291.7421707	Deep	Shallow subsurface	35.84763905
42	43	10.55125997	Deep	Shallow subsurface	23.51751118
42	44	29.95662977	Deep	Shallow subsurface	25.10810806
42	45	35.93434877	Deep	Shallow subsurface	29.08565762
42	46	56.97579987	Deep	Shallow subsurface	25.85642318
42	47	77.84712767	Deep	Shallow subsurface	22.46324698
42	48	101.3859069	Deep	Shallow subsurface	21.65852046
42	49	122.0401542	Deep	Shallow subsurface	25.76877521
42	50	135.7735029	Deep	Shallow subsurface	28.43764833
42	51	144.9648252	Deep	Shallow subsurface	29.72610172
42	52	154.9502996	Deep	Shallow subsurface	32.50241831
42	53	173.8672412	Deep	Shallow subsurface	35.33480947
42	54	196.2986749	Deep	Shallow subsurface	31.28741239
42	55	200.0260512	Deep	Shallow subsurface	30.60530793
42	56	221.4180045	Deep	Shallow subsurface	31.66453624
42	57	240.5247925	Deep	Shallow subsurface	26.51665641
42	58	258.3442045	Deep	Shallow subsurface	24.52126462
42	59	262.7457696	Deep	Shallow subsurface	25.8768454
42	60	273.0778295	Deep	Shallow subsurface	34.39054465
43	44	19.46230481	Deep	Shallow subsurface	19.00205069
43	45	25.46512557	Deep	Shallow subsurface	31.74214254
43	46	46.53914696	Deep	Shallow subsurface	29.07088588
43	47	67.4317606	Deep	Shallow subsurface	23.41966181
43	48	90.91344551	Deep	Shallow subsurface	26.11708895
43	49	111.5029257	Deep	Shallow subsurface	30.39054655
43	50	125.2222474	Deep	Shallow subsurface	31.00219376
43	51	134.4316374	Deep	Shallow subsurface	30.85218411
43	52	144.4232093	Deep	Shallow subsurface	40.86075643
43	53	163.3356079	Deep	Shallow subsurface	40.62020027
43	54	185.7801173	Deep	Shallow subsurface	37.2399095
43	55	189.4966076	Deep	Shallow subsurface	37.61279335
43	56	210.8667932	Deep	Shallow subsurface	39.11671427
43	57	229.9860952	Deep	Shallow subsurface	35.42029872
43	58	247.8310664	Deep	Shallow subsurface	35.20696756
43	59	252.2369664	Deep	Shallow subsurface	33.93544269
43	60	262.5528465	Deep	Shallow subsurface	37.52776853
44	45	6.018204626	Deep	Shallow subsurface	33.11855479
44	46	27.09652149	Deep	Shallow subsurface	29.93220369
44	47	47.99556681	Deep	Shallow subsurface	24.41747283
44	48	71.45114095	Deep	Shallow subsurface	28.94745488
44	49	92.107008	Deep	Shallow subsurface	31.97270943
44	50	105.9485267	Deep	Shallow subsurface	31.49221475
44	51	115.377386	Deep	Shallow subsurface	30.80256768
44	52	125.4047523	Deep	Shallow subsurface	43.10533598
44	53	144.2786429	Deep	Shallow subsurface	40.32289738
44	54	166.7946923	Deep	Shallow subsurface	39.25934597
44	55	170.4453786	Deep	Shallow subsurface	40.43799187
44	56	191.5913354	Deep	Shallow subsurface	40.58794573
44	57	210.5903036	Deep	Shallow subsurface	36.69345
44	58	228.3875777	Deep	Shallow subsurface	36.88687326
44	59	232.7894414	Deep	Shallow subsurface	35.22070398
44	60	243.1247291	Deep	Shallow subsurface	39.32229526
45	46	21.08034048	Deep	Shallow subsurface	24.35701128
45	47	41.97879512	Deep	Shallow subsurface	27.33569966
45	48	65.45482325	Deep	Shallow subsurface	24.6147682
45	49	86.18458347	Deep	Shallow subsurface	23.3662103
45	50	100.1031335	Deep	Shallow subsurface	27.3416575
45	51	109.6489547	Deep	Shallow subsurface	26.84585425
45	52	119.6907654	Deep	Shallow subsurface	33.83119212
45	53	138.5397994	Deep	Shallow subsurface	35.44262739
45	54	161.0856013	Deep	Shallow subsurface	32.80482396
45	55	164.703883	Deep	Shallow subsurface	34.55389319
45	56	185.7329566	Deep	Shallow subsurface	38.057009
45	57	204.6595658	Deep	Shallow subsurface	34.55222562
45	58	222.4196456	Deep	Shallow subsurface	35.31214297
45	59	226.8174478	Deep	Shallow subsurface	34.05577143
45	60	237.1698822	Deep	Shallow subsurface	34.02565192
46	47	20.89923431	Deep	Shallow subsurface	25.9036585
46	48	44.42991763	Deep	Shallow subsurface	22.15862444
46	49	65.4394229	Deep	Shallow subsurface	22.07290424
46	50	79.65156469	Deep	Shallow subsurface	29.09985393
46	51	89.6552927	Deep	Shallow subsurface	25.87464699
46	52	99.72964109	Deep	Shallow subsurface	29.63626427
46	53	118.4440592	Deep	Shallow subsurface	32.86842043
46	54	141.0727023	Deep	Shallow subsurface	29.25542565
46	55	144.5648969	Deep	Shallow subsurface	30.04686549
46	56	165.1510134	Deep	Shallow subsurface	31.45546557
46	57	183.821548	Deep	Shallow subsurface	27.90185433
46	58	201.4595381	Deep	Shallow subsurface	28.66114227
46	59	205.8446025	Deep	Shallow subsurface	28.99825298
46	60	216.2494339	Deep	Shallow subsurface	32.44478584
47	48	23.72802534	Deep	Shallow subsurface	22.7146065
47	49	45.25716381	Deep	Shallow subsurface	26.45031234
47	50	59.90236038	Deep	Shallow subsurface	26.14088294
47	51	70.57681284	Deep	Shallow subsurface	29.14001155
47	52	80.6180533	Deep	Shallow subsurface	36.89904372
47	53	99.02765939	Deep	Shallow subsurface	36.16965243
47	54	121.6892499	Deep	Shallow subsurface	32.73060794
47	55	125.0006088	Deep	Shallow subsurface	34.55497235
47	56	144.9557008	Deep	Shallow subsurface	34.40503629
47	57	163.2714835	Deep	Shallow subsurface	31.02942027
47	58	180.74066	Deep	Shallow subsurface	31.94090008
47	59	185.1077638	Deep	Shallow subsurface	30.49257341
47	60	195.5805905	Deep	Shallow subsurface	35.33683463
48	49	21.93734987	Deep	Shallow subsurface	18.80086086
48	50	36.93241113	Deep	Shallow subsurface	28.60492569
48	51	48.30685206	Deep	Shallow subsurface	25.29505144
48	52	58.16456652	Deep	Shallow subsurface	25.97019966
48	53	76.10104022	Deep	Shallow subsurface	33.80771734
48	54	98.70526029	Deep	Shallow subsurface	28.11460989
48	55	101.8498112	Deep	Shallow subsurface	24.52736749
48	56	121.3416681	Deep	Shallow subsurface	26.98347271
48	57	139.5439288	Deep	Shallow subsurface	24.87902026
48	58	157.0463454	Deep	Shallow subsurface	22.79115584
48	59	161.4238625	Deep	Shallow subsurface	22.03384812
48	60	171.8665631	Deep	Shallow subsurface	31.75877128
49	50	15.0811477	Deep	Shallow subsurface	26.31817555
49	51	26.88662609	Deep	Shallow subsurface	24.26994096
49	52	36.48822135	Deep	Shallow subsurface	28.41132825
49	53	54.17788714	Deep	Shallow subsurface	34.67974928
49	54	76.76979653	Deep	Shallow subsurface	29.6837888
49	55	79.9195813	Deep	Shallow subsurface	28.60090334
49	56	99.74840324	Deep	Shallow subsurface	32.02955848
49	57	118.4849467	Deep	Shallow subsurface	28.90927945
49	58	136.4375149	Deep	Shallow subsurface	28.73755397
49	59	140.8754638	Deep	Shallow subsurface	28.77257736
49	60	151.0814214	Deep	Shallow subsurface	32.38141409
50	51	12.20538286	Deep	Shallow subsurface	30.07960975
50	52	21.44799529	Deep	Shallow subsurface	41.11889828
50	53	39.1932174	Deep	Shallow subsurface	38.18511968
50	54	61.83249073	Deep	Shallow subsurface	36.83329662
50	55	65.09835599	Deep	Shallow subsurface	40.40281942
50	56	85.64709492	Deep	Shallow subsurface	41.04676861
50	57	105.0926595	Deep	Shallow subsurface	36.42633747
50	58	123.5378051	Deep	Shallow subsurface	37.80949667
50	59	128.0314394	Deep	Shallow subsurface	37.76752613
50	60	137.9330697	Deep	Shallow subsurface	37.96813263
51	52	10.07591519	Deep	Shallow subsurface	32.95663842
51	53	28.90572969	Deep	Shallow subsurface	36.49758039
51	54	51.44727987	Deep	Shallow subsurface	32.6377353
51	55	55.07145021	Deep	Shallow subsurface	33.78742834
51	56	77.04942501	Deep	Shallow subsurface	35.46439024
51	57	97.51481666	Deep	Shallow subsurface	31.06248254
51	58	116.55058	Deep	Shallow subsurface	33.2103809
51	59	121.0948493	Deep	Shallow subsurface	32.3858076
51	60	130.5236745	Deep	Shallow subsurface	34.49736898
52	53	18.9445648	Deep	Shallow subsurface	37.52244896
52	54	41.39493118	Deep	Shallow subsurface	27.45910704
52	55	45.07836269	Deep	Shallow subsurface	21.16751006
52	56	67.4645952	Deep	Shallow subsurface	23.92273218
52	57	88.3120723	Deep	Shallow subsurface	26.84166135
52	58	107.5780456	Deep	Shallow subsurface	24.15386322
52	59	112.1359939	Deep	Shallow subsurface	27.38756776
52	60	121.322717	Deep	Shallow subsurface	36.62358715
53	54	22.66280411	Deep	Shallow subsurface	36.19006301
53	55	26.16683488	Deep	Shallow subsurface	37.49665268
53	56	48.81056106	Deep	Shallow subsurface	34.7763326
53	57	70.14403231	Deep	Shallow subsurface	31.89428336
53	58	89.697812	Deep	Shallow subsurface	36.28746619
53	59	94.26236486	Deep	Shallow subsurface	34.93350184
53	60	103.0712546	Deep	Shallow subsurface	37.238141
54	55	4.647559062	Deep	Shallow subsurface	27.89885464
54	56	29.43833253	Deep	Shallow subsurface	30.586774
54	57	51.81557676	Deep	Shallow subsurface	27.00217505
54	58	71.71694938	Deep	Shallow subsurface	28.74110129
54	59	76.2119636	Deep	Shallow subsurface	30.61718294
54	60	83.86229525	Deep	Shallow subsurface	36.73627337
55	56	24.80093992	Deep	Shallow subsurface	22.22103819
55	57	47.17093202	Deep	Shallow subsurface	25.78857946
55	58	67.07268221	Deep	Shallow subsurface	23.35410515
55	59	71.56990435	Deep	Shallow subsurface	27.12638827
55	60	79.27318261	Deep	Shallow subsurface	37.34613798
56	57	22.40193483	Deep	Shallow subsurface	24.87551529
56	58	42.29337309	Deep	Shallow subsurface	24.22854218
56	59	46.77804446	Deep	Shallow subsurface	25.1485489
56	60	54.62217456	Deep	Shallow subsurface	39.13071412
57	58	19.90200864	Deep	Shallow subsurface	18.35827325
57	59	24.41082287	Deep	Shallow subsurface	21.46007684
57	60	33.01573995	Deep	Shallow subsurface	34.07872188
58	59	4.564699185	Deep	Shallow subsurface	19.68100919
58	60	15.19990971	Deep	Shallow subsurface	36.09321257
59	60	11.48312758	Deep	Shallow subsurface	33.82211669
1	2	10.10649465	Rhizosphere	Root-adjacent	24.11832644
1	3	28.25798758	Rhizosphere	Root-adjacent	20.01107446
1	4	47.61548715	Rhizosphere	Root-adjacent	17.70285283
1	5	58.85951991	Rhizosphere	Root-adjacent	19.57089068
1	6	73.55532704	Rhizosphere	Root-adjacent	24.3283439
1	7	87.07007651	Rhizosphere	Root-adjacent	24.90039455
1	8	102.2830584	Rhizosphere	Root-adjacent	26.56873341
1	9	122.2064997	Rhizosphere	Root-adjacent	20.05824487
1	10	138.5356294	Rhizosphere	Root-adjacent	21.69312542
1	11	156.9525226	Rhizosphere	Root-adjacent	20.07577939
1	12	178.0422853	Rhizosphere	Root-adjacent	24.01389722
1	13	201.600763	Rhizosphere	Root-adjacent	23.96561025
1	14	227.2014468	Rhizosphere	Root-adjacent	36.27401699
1	15	246.7399633	Rhizosphere	Root-adjacent	33.55694455
1	16	262.8047844	Rhizosphere	Root-adjacent	25.00886234
1	17	284.1080486	Rhizosphere	Root-adjacent	31.04135307
1	18	307.8397537	Rhizosphere	Root-adjacent	21.06424005
1	19	329.5331037	Rhizosphere	Root-adjacent	29.79337082
1	20	349.6736878	Rhizosphere	Root-adjacent	21.64185063
1	21	356.770844	Rhizosphere	Root-adjacent	27.26594397
1	22	374.3431186	Rhizosphere	Root-adjacent	22.48937786
1	23	389.8436865	Rhizosphere	Root-adjacent	20.56458987
1	24	403.8108679	Rhizosphere	Root-adjacent	30.20338054
1	25	409.5614738	Rhizosphere	Root-adjacent	30.63545988
1	26	423.518991	Rhizosphere	Root-adjacent	24.67989862
1	27	436.9453653	Rhizosphere	Root-adjacent	30.98060446
1	28	455.7393189	Rhizosphere	Root-adjacent	26.72045562
1	29	476.0398547	Rhizosphere	Root-adjacent	25.33821273
1	30	488.0415073	Rhizosphere	Root-adjacent	34.86471474
1	31	509.759037	Rhizosphere	Root-adjacent	32.57690937
1	32	530.6222096	Rhizosphere	Root-adjacent	30.7266533
1	33	552.1235286	Rhizosphere	Root-adjacent	33.49444148
1	34	574.3954659	Rhizosphere	Root-adjacent	33.57917876
1	35	596.9247071	Rhizosphere	Root-adjacent	30.45533945
1	36	640.454008	Rhizosphere	Root-adjacent	37.30124929
1	37	661.603535	Rhizosphere	Root-adjacent	29.74701877
1	38	664.3540197	Rhizosphere	Root-adjacent	31.79164921
1	39	688.7128146	Rhizosphere	Root-adjacent	30.27422372
1	40	712.8761514	Rhizosphere	Root-adjacent	28.17351299
1	41	725.0027968	Rhizosphere	Root-adjacent	43.12828921
1	42	743.5387826	Rhizosphere	Root-adjacent	30.10480267
1	43	754.0567089	Rhizosphere	Root-adjacent	29.10280427
1	44	773.1100171	Rhizosphere	Root-adjacent	27.66691042
1	45	778.8879458	Rhizosphere	Root-adjacent	32.38318985
1	46	799.3144221	Rhizosphere	Root-adjacent	34.81546961
1	47	819.5360207	Rhizosphere	Root-adjacent	26.83029631
1	48	843.2174652	Rhizosphere	Root-adjacent	30.7917466
1	49	864.7024402	Rhizosphere	Root-adjacent	27.38721977
1	50	878.9362218	Rhizosphere	Root-adjacent	28.57922459
1	51	888.4695293	Rhizosphere	Root-adjacent	38.11915574
1	52	898.4751982	Rhizosphere	Root-adjacent	47.60033971
1	53	917.3751109	Rhizosphere	Root-adjacent	31.51229997
1	54	939.8365269	Rhizosphere	Root-adjacent	41.34568583
1	55	943.5407763	Rhizosphere	Root-adjacent	42.28967727
1	56	964.4497005	Rhizosphere	Root-adjacent	34.49623498
1	57	982.5805299	Rhizosphere	Root-adjacent	42.23503201
1	58	999.3274421	Rhizosphere	Root-adjacent	44.69100644
1	59	1003.54779	Rhizosphere	Root-adjacent	31.92549459
1	60	1014.392787	Rhizosphere	Root-adjacent	36.23802948
2	3	18.1517452	Rhizosphere	Root-adjacent	25.75562375
2	4	37.53612262	Rhizosphere	Root-adjacent	22.13511585
2	5	48.84555461	Rhizosphere	Root-adjacent	29.73777284
2	6	63.76460461	Rhizosphere	Root-adjacent	20.28421537
2	7	77.45652962	Rhizosphere	Root-adjacent	27.54412034
2	8	92.89943556	Rhizosphere	Root-adjacent	34.60138025
2	9	112.9208079	Rhizosphere	Root-adjacent	27.24327385
2	10	129.3303232	Rhizosphere	Root-adjacent	28.96149882
2	11	147.7771151	Rhizosphere	Root-adjacent	27.68259894
2	12	168.876314	Rhizosphere	Root-adjacent	33.43717358
2	13	192.4092022	Rhizosphere	Root-adjacent	30.33661301
2	14	217.9966898	Rhizosphere	Root-adjacent	34.30380492
2	15	237.5412241	Rhizosphere	Root-adjacent	31.25257718
2	16	253.6028855	Rhizosphere	Root-adjacent	27.53799877
2	17	274.9172864	Rhizosphere	Root-adjacent	28.3391118
2	18	298.6277344	Rhizosphere	Root-adjacent	24.88606514
2	19	320.2620026	Rhizosphere	Root-adjacent	29.06295151
2	20	340.3813816	Rhizosphere	Root-adjacent	26.5163456
2	21	347.456144	Rhizosphere	Root-adjacent	27.90910982
2	22	364.9791791	Rhizosphere	Root-adjacent	33.00762386
2	23	380.4386255	Rhizosphere	Root-adjacent	26.0975114
2	24	394.3933121	Rhizosphere	Root-adjacent	35.6221946
2	25	400.1498149	Rhizosphere	Root-adjacent	27.16040705
2	26	414.0906628	Rhizosphere	Root-adjacent	25.01837236
2	27	427.4941135	Rhizosphere	Root-adjacent	26.90432149
2	28	446.292398	Rhizosphere	Root-adjacent	28.63751113
2	29	466.6211512	Rhizosphere	Root-adjacent	30.21945524
2	30	478.6385626	Rhizosphere	Root-adjacent	35.69877207
2	31	500.3761461	Rhizosphere	Root-adjacent	29.68785978
2	32	521.2640446	Rhizosphere	Root-adjacent	33.85534385
2	33	542.7970554	Rhizosphere	Root-adjacent	35.24413547
2	34	565.0842282	Rhizosphere	Root-adjacent	32.04070017
2	35	587.6276742	Rhizosphere	Root-adjacent	27.70090094
2	36	631.1829337	Rhizosphere	Root-adjacent	30.09723472
2	37	652.339764	Rhizosphere	Root-adjacent	25.06894143
2	38	655.089188	Rhizosphere	Root-adjacent	31.74067018
2	39	679.446791	Rhizosphere	Root-adjacent	27.67558573
2	40	703.6166929	Rhizosphere	Root-adjacent	35.22618313
2	41	715.7630939	Rhizosphere	Root-adjacent	41.07729313
2	42	734.3114639	Rhizosphere	Root-adjacent	29.25406717
2	43	744.833877	Rhizosphere	Root-adjacent	27.85475479
2	44	763.9086381	Rhizosphere	Root-adjacent	30.54663823
2	45	769.695627	Rhizosphere	Root-adjacent	30.17336644
2	46	790.1499017	Rhizosphere	Root-adjacent	27.83373843
2	47	810.3993544	Rhizosphere	Root-adjacent	32.91123636
2	48	834.0882539	Rhizosphere	Root-adjacent	36.04727173
2	49	855.5504522	Rhizosphere	Root-adjacent	34.99547141
2	50	869.7595731	Rhizosphere	Root-adjacent	31.26057957
2	51	879.2564066	Rhizosphere	Root-adjacent	38.19442221
2	52	889.2564235	Rhizosphere	Root-adjacent	46.24282409
2	53	908.162107	Rhizosphere	Root-adjacent	33.99932776
2	54	930.6097915	Rhizosphere	Root-adjacent	41.27262265
2	55	934.3263993	Rhizosphere	Root-adjacent	42.08542805
2	56	955.2943527	Rhizosphere	Root-adjacent	36.78697722
2	57	973.4839658	Rhizosphere	Root-adjacent	41.59320698
2	58	990.2792546	Rhizosphere	Root-adjacent	43.28118755
2	59	994.5074285	Rhizosphere	Root-adjacent	33.42981823
2	60	1005.335401	Rhizosphere	Root-adjacent	39.30256352
3	4	19.5304683	Rhizosphere	Root-adjacent	16.77393849
3	5	31.04953214	Rhizosphere	Root-adjacent	22.98904646
3	6	46.5796794	Rhizosphere	Root-adjacent	20.62261343
3	7	60.66201612	Rhizosphere	Root-adjacent	21.4750237
3	8	76.58623535	Rhizosphere	Root-adjacent	22.67627748
3	9	96.73512064	Rhizosphere	Root-adjacent	20.4192496
3	10	113.2627121	Rhizosphere	Root-adjacent	23.48570044
3	11	131.7188302	Rhizosphere	Root-adjacent	18.7093872
3	12	152.7893391	Rhizosphere	Root-adjacent	20.72560763
3	13	176.2276447	Rhizosphere	Root-adjacent	25.69082452
3	14	201.7550085	Rhizosphere	Root-adjacent	39.40920297
3	15	221.292059	Rhizosphere	Root-adjacent	31.63772822
3	16	237.3334266	Rhizosphere	Root-adjacent	25.36788023
3	17	258.6544943	Rhizosphere	Root-adjacent	26.28656432
3	18	282.3076568	Rhizosphere	Root-adjacent	19.77618985
3	19	303.813317	Rhizosphere	Root-adjacent	25.57459533
3	20	323.8821658	Rhizosphere	Root-adjacent	20.71732214
3	21	330.909977	Rhizosphere	Root-adjacent	22.2296294
3	22	348.3299266	Rhizosphere	Root-adjacent	24.09538656
3	23	363.7039154	Rhizosphere	Root-adjacent	21.48454726
3	24	377.6304531	Rhizosphere	Root-adjacent	26.65629458
3	25	383.3971286	Rhizosphere	Root-adjacent	28.0243451
3	26	397.302118	Rhizosphere	Root-adjacent	22.68525557
3	27	410.6579336	Rhizosphere	Root-adjacent	30.47898101
3	28	429.4610999	Rhizosphere	Root-adjacent	25.94445712
3	29	449.8411641	Rhizosphere	Root-adjacent	23.67829282
3	30	461.8871243	Rhizosphere	Root-adjacent	28.41559182
3	31	483.6600256	Rhizosphere	Root-adjacent	31.28657353
3	32	504.5924925	Rhizosphere	Root-adjacent	27.61319407
3	33	526.1834231	Rhizosphere	Root-adjacent	30.06543216
3	34	548.4968059	Rhizosphere	Root-adjacent	28.14505277
3	35	571.0645816	Rhizosphere	Root-adjacent	29.66236073
3	36	614.6643472	Rhizosphere	Root-adjacent	37.18982656
3	37	635.8328259	Rhizosphere	Root-adjacent	27.88133657
3	38	638.5799414	Rhizosphere	Root-adjacent	27.29834881
3	39	662.9328418	Rhizosphere	Root-adjacent	28.84799502
3	40	687.1129801	Rhizosphere	Root-adjacent	26.43332131
3	41	699.2958225	Rhizosphere	Root-adjacent	41.32828404
3	42	717.8660762	Rhizosphere	Root-adjacent	27.93809006
3	43	728.3961078	Rhizosphere	Root-adjacent	24.43828558
3	44	747.5099406	Rhizosphere	Root-adjacent	23.77049632
3	45	753.313612	Rhizosphere	Root-adjacent	33.2121257
3	46	773.8188351	Rhizosphere	Root-adjacent	33.51565255
3	47	794.1193318	Rhizosphere	Root-adjacent	27.26072223
3	48	817.8205297	Rhizosphere	Root-adjacent	33.68080342
3	49	839.2382782	Rhizosphere	Root-adjacent	29.19221174
3	50	853.3999821	Rhizosphere	Root-adjacent	24.44263752
3	51	862.8274721	Rhizosphere	Root-adjacent	39.39026697
3	52	872.8162424	Rhizosphere	Root-adjacent	49.47587493
3	53	891.7317156	Rhizosphere	Root-adjacent	30.97313364
3	54	914.1523192	Rhizosphere	Root-adjacent	41.00209033
3	55	917.8919933	Rhizosphere	Root-adjacent	42.26999047
3	56	938.9698411	Rhizosphere	Root-adjacent	37.15082551
3	57	957.2688659	Rhizosphere	Root-adjacent	43.98539954
3	58	974.153978	Rhizosphere	Root-adjacent	43.96281659
3	59	978.3965894	Rhizosphere	Root-adjacent	32.85025797
3	60	989.1920669	Rhizosphere	Root-adjacent	35.89734817
4	5	11.65889193	Rhizosphere	Root-adjacent	22.35041889
4	6	27.77428749	Rhizosphere	Root-adjacent	20.24033246
4	7	42.13385531	Rhizosphere	Root-adjacent	19.89785782
4	8	58.42978903	Rhizosphere	Root-adjacent	23.5166775
4	9	78.54758142	Rhizosphere	Root-adjacent	18.5379865
4	10	95.10228743	Rhizosphere	Root-adjacent	21.59420639
4	11	113.4929131	Rhizosphere	Root-adjacent	14.56788558
4	12	134.4772501	Rhizosphere	Root-adjacent	18.41261169
4	13	157.7862551	Rhizosphere	Root-adjacent	21.33683533
4	14	183.2281512	Rhizosphere	Root-adjacent	35.11117895
4	15	202.7390124	Rhizosphere	Root-adjacent	28.37200241
4	16	218.7503248	Rhizosphere	Root-adjacent	22.29863664
4	17	240.0615258	Rhizosphere	Root-adjacent	23.75834695
4	18	263.6560286	Rhizosphere	Root-adjacent	19.42669647
4	19	285.0537814	Rhizosphere	Root-adjacent	25.13390965
4	20	305.0777733	Rhizosphere	Root-adjacent	19.59357506
4	21	312.0689893	Rhizosphere	Root-adjacent	20.71926089
4	22	329.4102976	Rhizosphere	Root-adjacent	21.96513717
4	23	344.7213256	Rhizosphere	Root-adjacent	18.36217562
4	24	358.6259353	Rhizosphere	Root-adjacent	26.41374885
4	25	364.398455	Rhizosphere	Root-adjacent	26.53213294
4	26	378.2768951	Rhizosphere	Root-adjacent	21.53959409
4	27	391.5990943	Rhizosphere	Root-adjacent	28.15884545
4	28	410.4028957	Rhizosphere	Root-adjacent	24.06301705
4	29	430.8141491	Rhizosphere	Root-adjacent	22.48553109
4	30	442.8775801	Rhizosphere	Root-adjacent	26.41690435
4	31	464.6714866	Rhizosphere	Root-adjacent	26.2236708
4	32	485.6315723	Rhizosphere	Root-adjacent	26.821693
4	33	507.259498	Rhizosphere	Root-adjacent	29.10541598
4	34	529.5884851	Rhizosphere	Root-adjacent	26.84534328
4	35	552.1707388	Rhizosphere	Root-adjacent	26.43661038
4	36	595.7972296	Rhizosphere	Root-adjacent	34.74660743
4	37	616.9720012	Rhizosphere	Root-adjacent	26.08932946
4	38	619.7173039	Rhizosphere	Root-adjacent	25.26592954
4	39	644.06511	Rhizosphere	Root-adjacent	26.71823353
4	40	668.2505752	Rhizosphere	Root-adjacent	26.7706047
4	41	680.4577274	Rhizosphere	Root-adjacent	40.54351565
4	42	699.0419072	Rhizosphere	Root-adjacent	25.73456376
4	43	709.5765447	Rhizosphere	Root-adjacent	23.70790749
4	44	728.7163926	Rhizosphere	Root-adjacent	25.27252758
4	45	734.5313784	Rhizosphere	Root-adjacent	31.76588786
4	46	755.0711862	Rhizosphere	Root-adjacent	32.21529539
4	47	775.4066486	Rhizosphere	Root-adjacent	25.62172668
4	48	799.1151972	Rhizosphere	Root-adjacent	31.45511496
4	49	820.5002216	Rhizosphere	Root-adjacent	28.47093748
4	50	834.6278681	Rhizosphere	Root-adjacent	24.5185377
4	51	844.0067301	Rhizosphere	Root-adjacent	39.34032985
4	52	853.9873025	Rhizosphere	Root-adjacent	48.74630031
4	53	872.908691	Rhizosphere	Root-adjacent	30.04582851
4	54	895.3097839	Rhizosphere	Root-adjacent	39.85581852
4	55	899.0651234	Rhizosphere	Root-adjacent	42.70850438
4	56	920.2183962	Rhizosphere	Root-adjacent	35.18665838
4	57	938.5940447	Rhizosphere	Root-adjacent	42.16902861
4	58	955.5429559	Rhizosphere	Root-adjacent	44.10022639
4	59	959.7958304	Rhizosphere	Root-adjacent	30.94087015
4	60	970.5673442	Rhizosphere	Root-adjacent	35.34292367
5	6	16.37104011	Rhizosphere	Root-adjacent	28.15014099
5	7	30.77165118	Rhizosphere	Root-adjacent	28.77233224
5	8	47.18301995	Rhizosphere	Root-adjacent	27.33810605
5	9	67.21830314	Rhizosphere	Root-adjacent	26.79995154
5	10	83.75477694	Rhizosphere	Root-adjacent	27.02866553
5	11	102.096653	Rhizosphere	Root-adjacent	22.10950699
5	12	123.0330018	Rhizosphere	Root-adjacent	23.69403483
5	13	146.2871358	Rhizosphere	Root-adjacent	28.24327692
5	14	171.6956312	Rhizosphere	Root-adjacent	42.71607819
5	15	191.1953428	Rhizosphere	Root-adjacent	38.6399604
5	16	207.1959447	Rhizosphere	Root-adjacent	32.10865167
5	17	228.5020899	Rhizosphere	Root-adjacent	34.13423657
5	18	252.0792683	Rhizosphere	Root-adjacent	25.10642782
5	19	273.4502452	Rhizosphere	Root-adjacent	33.89537473
5	20	293.4639241	Rhizosphere	Root-adjacent	24.99188285
5	21	300.4476919	Rhizosphere	Root-adjacent	30.2679176
5	22	317.7747808	Rhizosphere	Root-adjacent	23.05088717
5	23	333.076439	Rhizosphere	Root-adjacent	22.49587892
5	24	346.9781746	Rhizosphere	Root-adjacent	32.20527692
5	25	352.7513346	Rhizosphere	Root-adjacent	34.57490886
5	26	366.626645	Rhizosphere	Root-adjacent	30.93381293
5	27	379.9455308	Rhizosphere	Root-adjacent	37.94228686
5	28	398.7492921	Rhizosphere	Root-adjacent	31.73403737
5	29	419.1633687	Rhizosphere	Root-adjacent	28.54732829
5	30	431.2285923	Rhizosphere	Root-adjacent	34.0409622
5	31	453.0247976	Rhizosphere	Root-adjacent	37.85686599
5	32	473.9882475	Rhizosphere	Root-adjacent	29.99155771
5	33	495.6212141	Rhizosphere	Root-adjacent	36.07573395
5	34	517.9523872	Rhizosphere	Root-adjacent	35.06284572
5	35	540.5367341	Rhizosphere	Root-adjacent	34.71480284
5	36	584.167267	Rhizosphere	Root-adjacent	43.84337
5	37	605.3429538	Rhizosphere	Root-adjacent	34.13653635
5	38	608.0879342	Rhizosphere	Root-adjacent	33.15977271
5	39	632.4347444	Rhizosphere	Root-adjacent	34.83170138
5	40	656.6209593	Rhizosphere	Root-adjacent	30.59669588
5	41	668.8321967	Rhizosphere	Root-adjacent	45.58700867
5	42	687.4187347	Rhizosphere	Root-adjacent	33.32054922
5	43	697.9541402	Rhizosphere	Root-adjacent	30.33490861
5	44	717.0986718	Rhizosphere	Root-adjacent	29.55342952
5	45	722.9157703	Rhizosphere	Root-adjacent	37.11385322
5	46	743.4622391	Rhizosphere	Root-adjacent	39.2730016
5	47	763.8047577	Rhizosphere	Root-adjacent	28.59635945
5	48	787.5147054	Rhizosphere	Root-adjacent	33.22112131
5	49	808.8928324	Rhizosphere	Root-adjacent	29.71856335
5	50	823.0136767	Rhizosphere	Root-adjacent	29.27624707
5	51	832.3834845	Rhizosphere	Root-adjacent	42.46069419
5	52	842.3625727	Rhizosphere	Root-adjacent	51.95547246
5	53	861.2849319	Rhizosphere	Root-adjacent	33.31199464
5	54	883.682566	Rhizosphere	Root-adjacent	43.48634018
5	55	887.4405967	Rhizosphere	Root-adjacent	45.05941087
5	56	908.6078631	Rhizosphere	Root-adjacent	38.21887867
5	57	926.9993313	Rhizosphere	Root-adjacent	46.56449938
5	58	943.9624777	Rhizosphere	Root-adjacent	45.74794968
5	59	948.2177171	Rhizosphere	Root-adjacent	33.88905312
5	60	958.9836369	Rhizosphere	Root-adjacent	37.85458156
6	7	14.40203593	Rhizosphere	Root-adjacent	23.5187819
6	8	30.81875617	Rhizosphere	Root-adjacent	29.2859165
6	9	50.85010941	Rhizosphere	Root-adjacent	24.8646176
6	10	67.39123211	Rhizosphere	Root-adjacent	27.21793618
6	11	85.74984117	Rhizosphere	Root-adjacent	22.94001518
6	12	106.7125449	Rhizosphere	Root-adjacent	28.55520826
6	13	130.011978	Rhizosphere	Root-adjacent	26.3713484
6	14	155.4589903	Rhizosphere	Root-adjacent	36.56558528
6	15	174.973766	Rhizosphere	Root-adjacent	29.18379427
6	16	190.9902857	Rhizosphere	Root-adjacent	23.9235113
6	17	212.3041437	Rhizosphere	Root-adjacent	26.82116052
6	18	235.9120602	Rhizosphere	Root-adjacent	22.74263988
6	19	257.3441595	Rhizosphere	Root-adjacent	27.85889515
6	20	277.3872847	Rhizosphere	Root-adjacent	25.63108526
6	21	284.3958918	Rhizosphere	Root-adjacent	25.23524798
6	22	301.7818528	Rhizosphere	Root-adjacent	30.11182737
6	23	317.1367024	Rhizosphere	Root-adjacent	23.6903062
6	24	331.0585822	Rhizosphere	Root-adjacent	32.7141889
6	25	336.8265207	Rhizosphere	Root-adjacent	26.02818619
6	26	350.726839	Rhizosphere	Root-adjacent	25.83974634
6	27	364.0790592	Rhizosphere	Root-adjacent	29.53842118
6	28	382.8823341	Rhizosphere	Root-adjacent	26.28059891
6	29	403.2659983	Rhizosphere	Root-adjacent	27.34739243
6	30	415.3150734	Rhizosphere	Root-adjacent	30.39325285
6	31	437.0927452	Rhizosphere	Root-adjacent	28.04405468
6	32	458.0329164	Rhizosphere	Root-adjacent	31.47967926
6	33	479.6365309	Rhizosphere	Root-adjacent	33.1805652
6	34	501.9561674	Rhizosphere	Root-adjacent	29.29041338
6	35	524.5301443	Rhizosphere	Root-adjacent	24.89041046
6	36	568.1422818	Rhizosphere	Root-adjacent	32.15121015
6	37	589.3139279	Rhizosphere	Root-adjacent	26.06445291
6	38	592.060198	Rhizosphere	Root-adjacent	29.1259794
6	39	616.410875	Rhizosphere	Root-adjacent	28.43079573
6	40	640.5937121	Rhizosphere	Root-adjacent	31.92386327
6	41	652.788715	Rhizosphere	Root-adjacent	39.09350724
6	42	671.3664069	Rhizosphere	Root-adjacent	27.35713932
6	43	681.8989876	Rhizosphere	Root-adjacent	26.10057584
6	44	701.0274995	Rhizosphere	Root-adjacent	28.04877928
6	45	706.8378217	Rhizosphere	Root-adjacent	29.79207291
6	46	727.3644022	Rhizosphere	Root-adjacent	25.85656491
6	47	747.6879555	Rhizosphere	Root-adjacent	29.31772668
6	48	771.3942827	Rhizosphere	Root-adjacent	32.45819771
6	49	792.7903525	Rhizosphere	Root-adjacent	32.7060513
6	50	806.9308017	Rhizosphere	Root-adjacent	26.11421794
6	51	816.3304552	Rhizosphere	Root-adjacent	36.11968756
6	52	826.3148862	Rhizosphere	Root-adjacent	44.33323918
6	53	845.2335978	Rhizosphere	Root-adjacent	30.96143551
6	54	867.6440757	Rhizosphere	Root-adjacent	39.74289719
6	55	871.3919285	Rhizosphere	Root-adjacent	40.88515256
6	56	892.5138124	Rhizosphere	Root-adjacent	36.96657151
6	57	910.8646189	Rhizosphere	Root-adjacent	39.77654715
6	58	927.7976037	Rhizosphere	Root-adjacent	40.42363239
6	59	932.0482904	Rhizosphere	Root-adjacent	32.98851457
6	60	942.8251353	Rhizosphere	Root-adjacent	37.10323883
7	8	16.45738878	Rhizosphere	Root-adjacent	21.31843716
7	9	36.44812011	Rhizosphere	Root-adjacent	20.44509313
7	10	52.99110862	Rhizosphere	Root-adjacent	20.53688106
7	11	71.36171245	Rhizosphere	Root-adjacent	20.3493117
7	12	92.34582963	Rhizosphere	Root-adjacent	25.68517032
7	13	115.6838738	Rhizosphere	Root-adjacent	23.61893384
7	14	141.162678	Rhizosphere	Root-adjacent	31.01227681
7	15	160.6885501	Rhizosphere	Root-adjacent	22.97495985
7	16	176.7174841	Rhizosphere	Root-adjacent	21.34735516
7	17	198.0359599	Rhizosphere	Root-adjacent	22.50254852
7	18	221.668828	Rhizosphere	Root-adjacent	22.911618
7	19	243.1529653	Rhizosphere	Root-adjacent	26.28874526
7	20	263.2201822	Rhizosphere	Root-adjacent	20.00621352
7	21	270.2500927	Rhizosphere	Root-adjacent	18.45855296
7	22	287.6864824	Rhizosphere	Root-adjacent	28.30559379
7	23	303.0869267	Rhizosphere	Root-adjacent	21.70326549
7	24	317.0251857	Rhizosphere	Root-adjacent	22.85808855
7	25	322.7878986	Rhizosphere	Root-adjacent	25.82427663
7	26	336.7089539	Rhizosphere	Root-adjacent	22.85110225
7	27	350.089329	Rhizosphere	Root-adjacent	29.10366379
7	28	368.8904293	Rhizosphere	Root-adjacent	20.59193201
7	29	389.2457661	Rhizosphere	Root-adjacent	18.10253392
7	30	401.279896	Rhizosphere	Root-adjacent	22.35387042
7	31	423.040106	Rhizosphere	Root-adjacent	23.50767787
7	32	443.9590395	Rhizosphere	Root-adjacent	19.11673659
7	33	465.5364584	Rhizosphere	Root-adjacent	20.07487196
7	34	487.8453632	Rhizosphere	Root-adjacent	21.34110124
7	35	510.4097344	Rhizosphere	Root-adjacent	23.39576566
7	36	554.0050305	Rhizosphere	Root-adjacent	32.56649134
7	37	575.1727424	Rhizosphere	Root-adjacent	26.36417236
7	38	577.9200312	Rhizosphere	Root-adjacent	20.57233737
7	39	602.2733951	Rhizosphere	Root-adjacent	21.49653611
7	40	626.4528844	Rhizosphere	Root-adjacent	24.31089994
7	41	638.6340741	Rhizosphere	Root-adjacent	34.11053577
7	42	657.2040603	Rhizosphere	Root-adjacent	22.31150184
7	43	667.7341148	Rhizosphere	Root-adjacent	18.12526621
7	44	686.8490367	Rhizosphere	Root-adjacent	21.37797089
7	45	692.6536687	Rhizosphere	Root-adjacent	31.39944086
7	46	713.1635792	Rhizosphere	Root-adjacent	35.04547245
7	47	733.4713431	Rhizosphere	Root-adjacent	27.32558858
7	48	757.174467	Rhizosphere	Root-adjacent	30.97434171
7	49	778.5849897	Rhizosphere	Root-adjacent	28.62158611
7	50	792.7413709	Rhizosphere	Root-adjacent	25.1672175
7	51	802.1655012	Rhizosphere	Root-adjacent	37.03080692
7	52	812.1542302	Rhizosphere	Root-adjacent	45.66259735
7	53	831.0697226	Rhizosphere	Root-adjacent	26.65686974
7	54	853.4905608	Rhizosphere	Root-adjacent	35.34021057
7	55	857.2299784	Rhizosphere	Root-adjacent	38.837691
7	56	878.3144315	Rhizosphere	Root-adjacent	31.42018735
7	57	896.6320631	Rhizosphere	Root-adjacent	39.19443506
7	58	913.5406829	Rhizosphere	Root-adjacent	40.38942705
7	59	917.7877056	Rhizosphere	Root-adjacent	28.73851481
7	60	928.573236	Rhizosphere	Root-adjacent	31.5089342
8	9	20.15820634	Rhizosphere	Root-adjacent	21.35107591
8	10	36.70869224	Rhizosphere	Root-adjacent	23.92666726
8	11	55.14750154	Rhizosphere	Root-adjacent	18.63853221
8	12	76.2050147	Rhizosphere	Root-adjacent	20.35389634
8	13	99.64871939	Rhizosphere	Root-adjacent	22.32759117
8	14	125.1956752	Rhizosphere	Root-adjacent	41.53690039
8	15	144.738283	Rhizosphere	Root-adjacent	34.59224512
8	16	160.7894411	Rhizosphere	Root-adjacent	27.91302883
8	17	182.1104162	Rhizosphere	Root-adjacent	31.10033917
8	18	205.7912933	Rhizosphere	Root-adjacent	25.11811843
8	19	227.3781935	Rhizosphere	Root-adjacent	30.70533672
8	20	247.4879739	Rhizosphere	Root-adjacent	19.49967516
8	21	254.5576475	Rhizosphere	Root-adjacent	23.106146
8	22	272.0851689	Rhizosphere	Root-adjacent	22.71318322
8	23	287.5653634	Rhizosphere	Root-adjacent	23.67724545
8	24	301.5295757	Rhizosphere	Root-adjacent	22.08899689
8	25	307.2815015	Rhizosphere	Root-adjacent	34.19526725
8	26	321.2363134	Rhizosphere	Root-adjacent	29.80282111
8	27	334.6632566	Rhizosphere	Root-adjacent	36.90166478
8	28	353.456642	Rhizosphere	Root-adjacent	26.02353203
8	29	373.7587415	Rhizosphere	Root-adjacent	20.50318425
8	30	385.7646573	Rhizosphere	Root-adjacent	26.69411824
8	31	407.4909265	Rhizosphere	Root-adjacent	34.48547454
8	32	428.3695471	Rhizosphere	Root-adjacent	24.10749715
8	33	449.8977005	Rhizosphere	Root-adjacent	28.99851878
8	34	472.1851648	Rhizosphere	Root-adjacent	30.28149137
8	35	494.7302801	Rhizosphere	Root-adjacent	32.58909098
8	36	538.2918731	Rhizosphere	Root-adjacent	42.85505108
8	37	559.4511297	Rhizosphere	Root-adjacent	33.12645681
8	38	562.2001263	Rhizosphere	Root-adjacent	27.16269315
8	39	586.5570708	Rhizosphere	Root-adjacent	31.8762268
8	40	610.7292511	Rhizosphere	Root-adjacent	21.98294831
8	41	622.8845927	Rhizosphere	Root-adjacent	44.66127752
8	42	641.4395864	Rhizosphere	Root-adjacent	30.61191354
8	43	651.9645494	Rhizosphere	Root-adjacent	26.65218206
8	44	671.0534958	Rhizosphere	Root-adjacent	25.6593349
8	45	676.8472709	Rhizosphere	Root-adjacent	37.6637591
8	46	697.3250159	Rhizosphere	Root-adjacent	42.28621928
8	47	717.6019194	Rhizosphere	Root-adjacent	26.96641189
8	48	741.298223	Rhizosphere	Root-adjacent	33.17914089
8	49	762.7359618	Rhizosphere	Root-adjacent	28.7523029
8	50	776.9221011	Rhizosphere	Root-adjacent	26.77332586
8	51	786.391415	Rhizosphere	Root-adjacent	44.05315291
8	52	796.3877583	Rhizosphere	Root-adjacent	54.06840363
8	53	815.2968637	Rhizosphere	Root-adjacent	32.10667104
8	54	837.7360582	Rhizosphere	Root-adjacent	42.50469164
8	55	841.4600054	Rhizosphere	Root-adjacent	46.56668296
8	56	862.474498	Rhizosphere	Root-adjacent	37.2204526
8	57	880.7281328	Rhizosphere	Root-adjacent	47.43396545
8	58	897.5881433	Rhizosphere	Root-adjacent	46.99848735
8	59	901.8276951	Rhizosphere	Root-adjacent	35.537204
8	60	912.6305606	Rhizosphere	Root-adjacent	37.04396559
9	10	16.55677743	Rhizosphere	Root-adjacent	16.73165887
9	11	34.98951096	Rhizosphere	Root-adjacent	17.57163826
9	12	56.05481794	Rhizosphere	Root-adjacent	21.48076925
9	13	79.52539463	Rhizosphere	Root-adjacent	24.1102946
9	14	105.0927055	Rhizosphere	Root-adjacent	35.40873718
9	15	124.637719	Rhizosphere	Root-adjacent	30.44417301
9	16	140.6952193	Rhizosphere	Root-adjacent	22.65856074
9	17	162.0137761	Rhizosphere	Root-adjacent	25.80752088
9	18	185.7122761	Rhizosphere	Root-adjacent	18.90524518
9	19	207.3460208	Rhizosphere	Root-adjacent	24.21366313
9	20	227.47525	Rhizosphere	Root-adjacent	19.00218577
9	21	234.5656729	Rhizosphere	Root-adjacent	21.30990754
9	22	252.1432471	Rhizosphere	Root-adjacent	25.15422395
9	23	267.6699041	Rhizosphere	Root-adjacent	19.44408639
9	24	281.6481699	Rhizosphere	Root-adjacent	23.30235631
9	25	287.392321	Rhizosphere	Root-adjacent	27.71119738
9	26	301.366427	Rhizosphere	Root-adjacent	20.341913
9	27	314.8214739	Rhizosphere	Root-adjacent	28.16219141
9	28	333.6071658	Rhizosphere	Root-adjacent	22.99308031
9	29	353.8730427	Rhizosphere	Root-adjacent	20.53199402
9	30	365.8603776	Rhizosphere	Root-adjacent	27.84032672
9	31	387.5644065	Rhizosphere	Root-adjacent	26.8961929
9	32	408.4181405	Rhizosphere	Root-adjacent	26.71317318
9	33	429.9176263	Rhizosphere	Root-adjacent	26.88550645
9	34	452.1925134	Rhizosphere	Root-adjacent	27.7666467
9	35	474.7266165	Rhizosphere	Root-adjacent	27.3117037
9	36	518.2696973	Rhizosphere	Root-adjacent	35.0101973
9	37	539.4242099	Rhizosphere	Root-adjacent	25.80101268
9	38	542.1739665	Rhizosphere	Root-adjacent	25.46580936
9	39	566.5320381	Rhizosphere	Root-adjacent	26.05363848
9	40	590.7001067	Rhizosphere	Root-adjacent	22.37392177
9	41	602.8429258	Rhizosphere	Root-adjacent	42.04574213
9	42	621.3906571	Rhizosphere	Root-adjacent	25.52550276
9	43	631.9131262	Rhizosphere	Root-adjacent	24.48834838
9	44	650.9902547	Rhizosphere	Root-adjacent	22.27482092
9	45	656.7792725	Rhizosphere	Root-adjacent	31.86283153
9	46	677.2434112	Rhizosphere	Root-adjacent	35.26668342
9	47	697.5080415	Rhizosphere	Root-adjacent	23.45752139
9	48	721.2015727	Rhizosphere	Root-adjacent	30.57293026
9	49	742.6495312	Rhizosphere	Root-adjacent	26.84601924
9	50	756.8475365	Rhizosphere	Root-adjacent	24.71211764
9	51	766.3361285	Rhizosphere	Root-adjacent	38.58076541
9	52	776.3357542	Rhizosphere	Root-adjacent	48.75661537
9	53	795.2418096	Rhizosphere	Root-adjacent	30.51154913
9	54	817.6890048	Rhizosphere	Root-adjacent	40.10657432
9	55	821.4059668	Rhizosphere	Root-adjacent	42.76859652
9	56	842.390844	Rhizosphere	Root-adjacent	30.81694574
9	57	860.6206222	Rhizosphere	Root-adjacent	41.05579985
9	58	877.4648826	Rhizosphere	Root-adjacent	44.31585111
9	59	881.7022106	Rhizosphere	Root-adjacent	31.05966806
9	60	892.5102389	Rhizosphere	Root-adjacent	33.97661397
10	11	18.46178099	Rhizosphere	Root-adjacent	20.24517858
10	12	39.55566823	Rhizosphere	Root-adjacent	25.10490084
10	13	63.07950164	Rhizosphere	Root-adjacent	26.09070277
10	14	88.67257235	Rhizosphere	Root-adjacent	30.91679056
10	15	108.215277	Rhizosphere	Root-adjacent	28.36758872
10	16	124.2787891	Rhizosphere	Root-adjacent	21.0631418
10	17	145.5897721	Rhizosphere	Root-adjacent	28.96071509
10	18	169.3101221	Rhizosphere	Root-adjacent	20.06930599
10	19	191.0031459	Rhizosphere	Root-adjacent	27.38398861
10	20	211.1539349	Rhizosphere	Root-adjacent	18.57071507
10	21	218.268899	Rhizosphere	Root-adjacent	24.14367819
10	22	235.9036556	Rhizosphere	Root-adjacent	27.85626082
10	23	251.4816431	Rhizosphere	Root-adjacent	21.38860424
10	24	265.473637	Rhizosphere	Root-adjacent	23.65361635
10	25	271.2081081	Rhizosphere	Root-adjacent	30.80778862
10	26	285.2019186	Rhizosphere	Root-adjacent	23.44375637
10	27	298.6863196	Rhizosphere	Root-adjacent	30.73143434
10	28	317.4610872	Rhizosphere	Root-adjacent	21.04802379
10	29	337.6848154	Rhizosphere	Root-adjacent	17.5478527
10	30	349.6504771	Rhizosphere	Root-adjacent	28.48009977
10	31	371.3281088	Rhizosphere	Root-adjacent	27.33987064
10	32	392.1527109	Rhizosphere	Root-adjacent	24.45965086
10	33	413.6187622	Rhizosphere	Root-adjacent	23.85554752
10	34	435.8784205	Rhizosphere	Root-adjacent	28.84074647
10	35	458.3991498	Rhizosphere	Root-adjacent	27.18127865
10	36	501.9197138	Rhizosphere	Root-adjacent	33.76617954
10	37	523.0682514	Rhizosphere	Root-adjacent	26.47118095
10	38	525.8188275	Rhizosphere	Root-adjacent	25.6328851
10	39	550.177693	Rhizosphere	Root-adjacent	25.26933855
10	40	574.3405649	Rhizosphere	Root-adjacent	20.85508812
10	41	586.4686502	Rhizosphere	Root-adjacent	37.93016858
10	42	605.0075998	Rhizosphere	Root-adjacent	23.78567935
10	43	615.526991	Rhizosphere	Root-adjacent	23.90579142
10	44	634.5898694	Rhizosphere	Root-adjacent	21.97592918
10	45	640.373121	Rhizosphere	Root-adjacent	29.19825752
10	46	660.8205203	Rhizosphere	Root-adjacent	37.61547037
10	47	681.0697108	Rhizosphere	Root-adjacent	24.15041359
10	48	704.7595704	Rhizosphere	Root-adjacent	25.7005654
10	49	726.2201715	Rhizosphere	Root-adjacent	24.19817427
10	50	740.4325645	Rhizosphere	Root-adjacent	26.0189844
10	51	749.9440007	Rhizosphere	Root-adjacent	35.06421629
10	52	759.9473779	Rhizosphere	Root-adjacent	45.18883318
10	53	778.8497102	Rhizosphere	Root-adjacent	26.8937492
10	54	801.3060327	Rhizosphere	Root-adjacent	36.61595012
10	55	805.0148477	Rhizosphere	Root-adjacent	38.23261524
10	56	825.9642706	Rhizosphere	Root-adjacent	27.79957956
10	57	844.1639632	Rhizosphere	Root-adjacent	36.0692452
10	58	860.987051	Rhizosphere	Root-adjacent	40.21475024
10	59	865.221257	Rhizosphere	Root-adjacent	28.1775721
10	60	876.0364136	Rhizosphere	Root-adjacent	29.34397482
11	12	21.09937133	Rhizosphere	Root-adjacent	15.25327472
11	13	44.64839931	Rhizosphere	Root-adjacent	19.46678314
11	14	70.25058267	Rhizosphere	Root-adjacent	38.60322392
11	15	89.7874755	Rhizosphere	Root-adjacent	31.68837493
11	16	105.8523356	Rhizosphere	Root-adjacent	23.52200747
11	17	127.1567155	Rhizosphere	Root-adjacent	28.9951854
11	18	150.8877641	Rhizosphere	Root-adjacent	20.90579204
11	19	172.6171104	Rhizosphere	Root-adjacent	27.83036748
11	20	192.7809334	Rhizosphere	Root-adjacent	18.5165992
11	21	199.9128197	Rhizosphere	Root-adjacent	22.45894981
11	22	217.5887317	Rhizosphere	Root-adjacent	20.77556385
11	23	233.2053677	Rhizosphere	Root-adjacent	19.60371522
11	24	247.2066645	Rhizosphere	Root-adjacent	25.45096146
11	25	252.9326917	Rhizosphere	Root-adjacent	30.53356993
11	26	266.9407567	Rhizosphere	Root-adjacent	26.02225022
11	27	280.4474928	Rhizosphere	Root-adjacent	32.94230358
11	28	299.2115309	Rhizosphere	Root-adjacent	23.257269
11	29	319.4003778	Rhizosphere	Root-adjacent	21.6800017
11	30	331.3486982	Rhizosphere	Root-adjacent	27.2720676
11	31	353.0055599	Rhizosphere	Root-adjacent	30.31745141
11	32	373.8084128	Rhizosphere	Root-adjacent	26.41334214
11	33	395.250896	Rhizosphere	Root-adjacent	30.22943632
11	34	417.5000295	Rhizosphere	Root-adjacent	29.31208562
11	35	440.0118103	Rhizosphere	Root-adjacent	29.48249715
11	36	483.5180195	Rhizosphere	Root-adjacent	38.62796409
11	37	504.662818	Rhizosphere	Root-adjacent	29.10787855
11	38	507.4138399	Rhizosphere	Root-adjacent	26.505922
11	39	531.772917	Rhizosphere	Root-adjacent	30.02408999
11	40	555.932581	Rhizosphere	Root-adjacent	23.22430343
11	41	568.0523607	Rhizosphere	Root-adjacent	42.53615121
11	42	586.5864832	Rhizosphere	Root-adjacent	27.66417442
11	43	597.1042005	Rhizosphere	Root-adjacent	25.75776269
11	44	616.1597813	Rhizosphere	Root-adjacent	26.11599327
11	45	621.9402235	Rhizosphere	Root-adjacent	34.29077039
11	46	642.3799373	Rhizosphere	Root-adjacent	36.59724107
11	47	662.6227633	Rhizosphere	Root-adjacent	24.95372886
11	48	686.3111895	Rhizosphere	Root-adjacent	30.48330093
11	49	707.7766902	Rhizosphere	Root-adjacent	28.38631354
11	50	721.9952454	Rhizosphere	Root-adjacent	25.6098142
11	51	731.5175416	Rhizosphere	Root-adjacent	41.45388572
11	52	741.5227783	Rhizosphere	Root-adjacent	51.03579326
11	53	760.4231665	Rhizosphere	Root-adjacent	31.1524642
11	54	782.8840609	Rhizosphere	Root-adjacent	41.33413974
11	55	786.5887116	Rhizosphere	Root-adjacent	44.29704924
11	56	807.5217382	Rhizosphere	Root-adjacent	35.67861663
11	57	825.7104011	Rhizosphere	Root-adjacent	44.45335212
11	58	842.5280086	Rhizosphere	Root-adjacent	45.12248663
11	59	846.7616162	Rhizosphere	Root-adjacent	33.4979646
11	60	857.5782167	Rhizosphere	Root-adjacent	36.04839358
12	13	23.57375183	Rhizosphere	Root-adjacent	23.71134868
12	14	49.17582743	Rhizosphere	Root-adjacent	44.59097861
12	15	68.70334618	Rhizosphere	Root-adjacent	37.72973506
12	16	84.76790189	Rhizosphere	Root-adjacent	30.18198112
12	17	106.0661091	Rhizosphere	Root-adjacent	31.04759434
12	18	129.8041683	Rhizosphere	Root-adjacent	23.94851839
12	19	151.5638529	Rhizosphere	Root-adjacent	28.77980338
12	20	171.7384482	Rhizosphere	Root-adjacent	22.90238692
12	21	178.8860944	Rhizosphere	Root-adjacent	25.30878564
12	22	196.6016028	Rhizosphere	Root-adjacent	20.51058979
12	23	212.2565101	Rhizosphere	Root-adjacent	22.66209066
12	24	226.2658596	Rhizosphere	Root-adjacent	26.44791728
12	25	231.9824693	Rhizosphere	Root-adjacent	33.3346785
12	26	246.0038473	Rhizosphere	Root-adjacent	28.15317465
12	27	259.5324234	Rhizosphere	Root-adjacent	36.06790991
12	28	278.2835823	Rhizosphere	Root-adjacent	30.05627972
12	29	298.4357457	Rhizosphere	Root-adjacent	25.35008862
12	30	310.3663943	Rhizosphere	Root-adjacent	29.0553524
12	31	332.0024838	Rhizosphere	Root-adjacent	34.77030368
12	32	352.7846231	Rhizosphere	Root-adjacent	30.14591936
12	33	374.2058871	Rhizosphere	Root-adjacent	34.47768708
12	34	396.4458431	Rhizosphere	Root-adjacent	32.42857183
12	35	418.9501142	Rhizosphere	Root-adjacent	34.66940559
12	36	462.4449667	Rhizosphere	Root-adjacent	44.32895567
12	37	483.5869305	Rhizosphere	Root-adjacent	33.44073471
12	38	486.3382597	Rhizosphere	Root-adjacent	29.53707661
12	39	510.6973758	Rhizosphere	Root-adjacent	34.72213784
12	40	534.8546676	Rhizosphere	Root-adjacent	26.25026888
12	41	546.9687839	Rhizosphere	Root-adjacent	48.54326183
12	42	565.4997938	Rhizosphere	Root-adjacent	33.0366746
12	43	576.0164674	Rhizosphere	Root-adjacent	30.44879286
12	44	595.0678498	Rhizosphere	Root-adjacent	29.15108281
12	45	600.8468275	Rhizosphere	Root-adjacent	39.86016723
12	46	621.2830971	Rhizosphere	Root-adjacent	41.07920244
12	47	641.5239676	Rhizosphere	Root-adjacent	27.59789047
12	48	665.2121166	Rhizosphere	Root-adjacent	35.7354186
12	49	686.6788147	Rhizosphere	Root-adjacent	31.32676582
12	50	700.8996992	Rhizosphere	Root-adjacent	27.92538031
12	51	710.4274748	Rhizosphere	Root-adjacent	46.37925779
12	52	720.4337642	Rhizosphere	Root-adjacent	56.54508734
12	53	739.3330232	Rhizosphere	Root-adjacent	35.71614994
12	54	761.7965493	Rhizosphere	Root-adjacent	46.35196423
12	55	765.4987731	Rhizosphere	Root-adjacent	50.11070529
12	56	786.4241447	Rhizosphere	Root-adjacent	39.67169793
12	57	804.611141	Rhizosphere	Root-adjacent	49.9426258
12	58	821.4313948	Rhizosphere	Root-adjacent	50.69221452
12	59	825.6657441	Rhizosphere	Root-adjacent	37.18067943
12	60	836.4808049	Rhizosphere	Root-adjacent	41.16364449
13	14	25.60386759	Rhizosphere	Root-adjacent	37.25844671
13	15	45.13923986	Rhizosphere	Root-adjacent	31.19006304
13	16	61.20402268	Rhizosphere	Root-adjacent	22.86724351
13	17	82.51100679	Rhizosphere	Root-adjacent	32.99059173
13	18	106.2393802	Rhizosphere	Root-adjacent	26.62110793
13	19	127.9903168	Rhizosphere	Root-adjacent	32.68444243
13	20	148.1664042	Rhizosphere	Root-adjacent	23.83507726
13	21	155.318395	Rhizosphere	Root-adjacent	25.5619328
13	22	173.0513985	Rhizosphere	Root-adjacent	25.3634759
13	23	188.7283625	Rhizosphere	Root-adjacent	24.74990866
13	24	202.7420297	Rhizosphere	Root-adjacent	31.34396435
13	25	208.4522431	Rhizosphere	Root-adjacent	34.66276996
13	26	222.4813759	Rhizosphere	Root-adjacent	30.7961575
13	27	236.0237727	Rhizosphere	Root-adjacent	34.05418147
13	28	254.7653042	Rhizosphere	Root-adjacent	24.06656326
13	29	274.8944276	Rhizosphere	Root-adjacent	26.44090167
13	30	286.8154211	Rhizosphere	Root-adjacent	33.28301435
13	31	308.4416554	Rhizosphere	Root-adjacent	32.84177361
13	32	329.216187	Rhizosphere	Root-adjacent	29.49796787
13	33	350.6327783	Rhizosphere	Root-adjacent	33.1541939
13	34	372.8720948	Rhizosphere	Root-adjacent	33.31400898
13	35	395.3767253	Rhizosphere	Root-adjacent	30.21215313
13	36	438.8742242	Rhizosphere	Root-adjacent	37.91687113
13	37	460.0173927	Rhizosphere	Root-adjacent	32.69354317
13	38	462.7685809	Rhizosphere	Root-adjacent	29.1287364
13	39	487.1276908	Rhizosphere	Root-adjacent	31.7616276
13	40	511.2861789	Rhizosphere	Root-adjacent	27.08078428
13	41	523.4041515	Rhizosphere	Root-adjacent	43.90578856
13	42	541.9381145	Rhizosphere	Root-adjacent	30.61811134
13	43	552.4559575	Rhizosphere	Root-adjacent	29.65935901
13	44	571.5133623	Rhizosphere	Root-adjacent	30.53354783
13	45	577.2951595	Rhizosphere	Root-adjacent	34.04067999
13	46	597.7410728	Rhizosphere	Root-adjacent	36.8557392
13	47	617.9929969	Rhizosphere	Root-adjacent	28.4779494
13	48	641.6841822	Rhizosphere	Root-adjacent	32.47877393
13	49	663.1413816	Rhizosphere	Root-adjacent	29.32792391
13	50	677.3532517	Rhizosphere	Root-adjacent	28.78425589
13	51	686.8699702	Rhizosphere	Root-adjacent	40.9034047
13	52	696.8748149	Rhizosphere	Root-adjacent	49.78076762
13	53	715.7756226	Rhizosphere	Root-adjacent	30.17747386
13	54	738.2357653	Rhizosphere	Root-adjacent	41.56274067
13	55	741.9410731	Rhizosphere	Root-adjacent	45.72272724
13	56	762.8851505	Rhizosphere	Root-adjacent	39.64406041
13	57	781.0967482	Rhizosphere	Root-adjacent	44.48288089
13	58	797.9412271	Rhizosphere	Root-adjacent	45.4353836
13	59	802.179781	Rhizosphere	Root-adjacent	35.62551017
13	60	812.9854959	Rhizosphere	Root-adjacent	37.94272702
14	15	19.54517492	Rhizosphere	Root-adjacent	24.11933053
14	16	35.60649563	Rhizosphere	Root-adjacent	27.25408081
14	17	56.92170595	Rhizosphere	Root-adjacent	35.10201133
14	18	80.63853914	Rhizosphere	Root-adjacent	35.9652593
14	19	102.3940149	Rhizosphere	Root-adjacent	38.60668661
14	20	122.5765081	Rhizosphere	Root-adjacent	34.65599583
14	21	129.7408044	Rhizosphere	Root-adjacent	34.37747068
14	22	147.5104598	Rhizosphere	Root-adjacent	44.87326469
14	23	163.2266093	Rhizosphere	Root-adjacent	34.74848336
14	24	177.2460727	Rhizosphere	Root-adjacent	38.40558979
14	25	182.9445454	Rhizosphere	Root-adjacent	36.64087597
14	26	196.985567	Rhizosphere	Root-adjacent	32.87119624
14	27	210.549485	Rhizosphere	Root-adjacent	30.56590434
14	28	229.2735814	Rhizosphere	Root-adjacent	25.85517884
14	29	249.3631989	Rhizosphere	Root-adjacent	32.27643318
14	30	261.267008	Rhizosphere	Root-adjacent	38.69478861
14	31	282.8747245	Rhizosphere	Root-adjacent	28.36521267
14	32	303.6335082	Rhizosphere	Root-adjacent	33.03413461
14	33	325.0373485	Rhizosphere	Root-adjacent	31.35842676
14	34	347.2725101	Rhizosphere	Root-adjacent	33.39485806
14	35	369.7746293	Rhizosphere	Root-adjacent	27.71712269
14	36	413.270363	Rhizosphere	Root-adjacent	26.79875533
14	37	434.4135967	Rhizosphere	Root-adjacent	33.08789948
14	38	437.1647658	Rhizosphere	Root-adjacent	32.3025129
14	39	461.5238736	Rhizosphere	Root-adjacent	26.96197834
14	40	485.6825872	Rhizosphere	Root-adjacent	38.80711901
14	41	497.8020171	Rhizosphere	Root-adjacent	38.34937542
14	42	516.337519	Rhizosphere	Root-adjacent	30.07418171
14	43	526.8560329	Rhizosphere	Root-adjacent	31.15500747
14	44	545.9173218	Rhizosphere	Root-adjacent	35.29517806
14	45	551.7011112	Rhizosphere	Root-adjacent	33.82177848
14	46	572.1543568	Rhizosphere	Root-adjacent	39.86919705
14	47	592.4153391	Rhizosphere	Root-adjacent	38.71352845
14	48	616.1090203	Rhizosphere	Root-adjacent	36.4586132
14	49	637.5581883	Rhizosphere	Root-adjacent	39.08778542
14	50	651.762902	Rhizosphere	Root-adjacent	38.12613205
14	51	661.2717851	Rhizosphere	Root-adjacent	38.33930293
14	52	671.2757175	Rhizosphere	Root-adjacent	44.56043728
14	53	690.177481	Rhizosphere	Root-adjacent	32.92945613
14	54	712.6355554	Rhizosphere	Root-adjacent	39.88057275
14	55	716.3427224	Rhizosphere	Root-adjacent	40.48946946
14	56	737.3004626	Rhizosphere	Root-adjacent	34.64795479
14	57	755.5328404	Rhizosphere	Root-adjacent	36.79835878
14	58	772.3991771	Rhizosphere	Root-adjacent	40.81290557
14	59	776.6416063	Rhizosphere	Root-adjacent	34.50954057
14	60	787.4386383	Rhizosphere	Root-adjacent	37.52528178
15	16	16.06491343	Rhizosphere	Root-adjacent	20.85098979
15	17	37.37656191	Rhizosphere	Root-adjacent	29.29602185
15	18	61.10104869	Rhizosphere	Root-adjacent	32.86113372
15	19	82.9066985	Rhizosphere	Root-adjacent	34.72068911
15	20	103.1027007	Rhizosphere	Root-adjacent	30.37172139
15	21	110.2921355	Rhizosphere	Root-adjacent	28.22191928
15	22	128.1219218	Rhizosphere	Root-adjacent	39.94017752
15	23	143.8928052	Rhizosphere	Root-adjacent	31.84622445
15	24	157.9166103	Rhizosphere	Root-adjacent	33.29881249
15	25	163.597238	Rhizosphere	Root-adjacent	32.9260481
15	26	177.6517955	Rhizosphere	Root-adjacent	29.5683889
15	27	191.2417427	Rhizosphere	Root-adjacent	29.90312368
15	28	209.9396524	Rhizosphere	Root-adjacent	21.7072861
15	29	229.9734721	Rhizosphere	Root-adjacent	27.78221001
15	30	241.8518872	Rhizosphere	Root-adjacent	29.75830512
15	31	263.430593	Rhizosphere	Root-adjacent	24.81548672
15	32	284.162725	Rhizosphere	Root-adjacent	27.89386094
15	33	305.5412583	Rhizosphere	Root-adjacent	26.09925214
15	34	327.7658673	Rhizosphere	Root-adjacent	26.29499708
15	35	350.2597805	Rhizosphere	Root-adjacent	19.52516259
15	36	393.7439634	Rhizosphere	Root-adjacent	26.62257622
15	37	414.8844858	Rhizosphere	Root-adjacent	29.01097306
15	38	417.6359351	Rhizosphere	Root-adjacent	26.09524896
15	39	441.9950399	Rhizosphere	Root-adjacent	23.28611408
15	40	466.1515729	Rhizosphere	Root-adjacent	32.70068388
15	41	478.2660738	Rhizosphere	Root-adjacent	32.06124351
15	42	496.7990412	Rhizosphere	Root-adjacent	24.57371913
15	43	507.3167457	Rhizosphere	Root-adjacent	24.91255505
15	44	526.374993	Rhizosphere	Root-adjacent	29.14371825
15	45	532.1578452	Rhizosphere	Root-adjacent	28.66554617
15	46	552.6094	Rhizosphere	Root-adjacent	35.32449968
15	47	572.8703391	Rhizosphere	Root-adjacent	34.16410071
15	48	596.5642425	Rhizosphere	Root-adjacent	32.77673399
15	49	618.0130249	Rhizosphere	Root-adjacent	35.24208454
15	50	632.2185303	Rhizosphere	Root-adjacent	30.02862956
15	51	641.7308772	Rhizosphere	Root-adjacent	33.37573808
15	52	651.7355882	Rhizosphere	Root-adjacent	40.30270458
15	53	670.6365407	Rhizosphere	Root-adjacent	29.53828485
15	54	693.0965869	Rhizosphere	Root-adjacent	34.53221386
15	55	696.8019486	Rhizosphere	Root-adjacent	37.3262312
15	56	717.75536	Rhizosphere	Root-adjacent	36.39951368
15	57	735.9898502	Rhizosphere	Root-adjacent	33.0898559
15	58	752.8621954	Rhizosphere	Root-adjacent	35.70780033
15	59	757.1059174	Rhizosphere	Root-adjacent	32.73023144
15	60	767.9001144	Rhizosphere	Root-adjacent	33.06112962
16	17	21.32142896	Rhizosphere	Root-adjacent	27.48795993
16	18	45.03628201	Rhizosphere	Root-adjacent	24.86151608
16	19	66.87414071	Rhizosphere	Root-adjacent	29.52687239
16	20	87.07756883	Rhizosphere	Root-adjacent	23.25401811
16	21	94.28630471	Rhizosphere	Root-adjacent	24.15983575
16	22	112.1628677	Rhizosphere	Root-adjacent	31.12405449
16	23	127.976443	Rhizosphere	Root-adjacent	25.04184256
16	24	142.0003687	Rhizosphere	Root-adjacent	28.83612293
16	25	147.6649079	Rhizosphere	Root-adjacent	30.61924627
16	26	161.7280063	Rhizosphere	Root-adjacent	26.52071835
16	27	175.3368793	Rhizosphere	Root-adjacent	27.53843617
16	28	194.0110409	Rhizosphere	Root-adjacent	17.35361546
16	29	213.9998944	Rhizosphere	Root-adjacent	22.82911507
16	30	225.8588548	Rhizosphere	Root-adjacent	29.33499209
16	31	247.4162096	Rhizosphere	Root-adjacent	26.05960752
16	32	268.1301865	Rhizosphere	Root-adjacent	26.75643546
16	33	289.493183	Rhizosphere	Root-adjacent	26.80995004
16	34	311.71196	Rhizosphere	Root-adjacent	27.23691287
16	35	334.2018004	Rhizosphere	Root-adjacent	22.25821596
16	36	377.681292	Rhizosphere	Root-adjacent	27.51326671
16	37	398.8209722	Rhizosphere	Root-adjacent	26.11342354
16	38	401.5724988	Rhizosphere	Root-adjacent	26.19142725
16	39	425.9315881	Rhizosphere	Root-adjacent	24.1510705
16	40	450.0875439	Rhizosphere	Root-adjacent	26.70221379
16	41	462.201226	Rhizosphere	Root-adjacent	38.40396483
16	42	480.7341565	Rhizosphere	Root-adjacent	24.73104936
16	43	491.2519358	Rhizosphere	Root-adjacent	23.68078753
16	44	510.3111128	Rhizosphere	Root-adjacent	26.62313478
16	45	516.0946292	Rhizosphere	Root-adjacent	29.31713428
16	46	536.5491487	Rhizosphere	Root-adjacent	33.02371136
16	47	556.8143426	Rhizosphere	Root-adjacent	28.85789304
16	48	580.5094548	Rhizosphere	Root-adjacent	29.01074185
16	49	601.9543218	Rhizosphere	Root-adjacent	30.01666898
16	50	616.1567	Rhizosphere	Root-adjacent	27.0849369
16	51	625.666407	Rhizosphere	Root-adjacent	36.52617573
16	52	635.6709226	Rhizosphere	Root-adjacent	44.78583744
16	53	654.5720815	Rhizosphere	Root-adjacent	28.92652587
16	54	677.0317471	Rhizosphere	Root-adjacent	38.83318159
16	55	680.7374415	Rhizosphere	Root-adjacent	39.33723662
16	56	701.6959115	Rhizosphere	Root-adjacent	33.99329415
16	57	719.940613	Rhizosphere	Root-adjacent	37.18824173
16	58	736.8247663	Rhizosphere	Root-adjacent	40.91404993
16	59	741.0706399	Rhizosphere	Root-adjacent	32.30167249
16	60	751.8599804	Rhizosphere	Root-adjacent	33.19275432
17	18	23.76782633	Rhizosphere	Root-adjacent	25.76557892
17	19	45.76583084	Rhizosphere	Root-adjacent	20.87388202
17	20	65.96845614	Rhizosphere	Root-adjacent	26.40982222
17	21	73.23017549	Rhizosphere	Root-adjacent	21.29258925
17	22	91.21574297	Rhizosphere	Root-adjacent	32.66088496
17	23	107.1171773	Rhizosphere	Root-adjacent	24.85606966
17	24	121.1288027	Rhizosphere	Root-adjacent	24.92462594
17	25	126.752448	Rhizosphere	Root-adjacent	19.06213709
17	26	140.8262361	Rhizosphere	Root-adjacent	20.84761727
17	27	154.4691551	Rhizosphere	Root-adjacent	24.19722888
17	28	173.0841003	Rhizosphere	Root-adjacent	28.67272442
17	29	192.968826	Rhizosphere	Root-adjacent	25.83724862
17	30	204.7814511	Rhizosphere	Root-adjacent	23.23485386
17	31	226.2857997	Rhizosphere	Root-adjacent	20.9287635
17	32	246.9527539	Rhizosphere	Root-adjacent	25.794783
17	33	268.271733	Rhizosphere	Root-adjacent	24.58331672
17	34	290.47154	Rhizosphere	Root-adjacent	18.113636
17	35	312.9466011	Rhizosphere	Root-adjacent	24.54587118
17	36	356.4050692	Rhizosphere	Root-adjacent	30.89749395
17	37	377.5396338	Rhizosphere	Root-adjacent	21.05874596
17	38	380.2916363	Rhizosphere	Root-adjacent	21.36917135
17	39	404.6504777	Rhizosphere	Root-adjacent	21.51237168
17	40	428.8023184	Rhizosphere	Root-adjacent	31.78561666
17	41	440.9067528	Rhizosphere	Root-adjacent	42.08826821
17	42	459.4346039	Rhizosphere	Root-adjacent	26.42021966
17	43	469.9506893	Rhizosphere	Root-adjacent	20.43256017
17	44	489.00307	Rhizosphere	Root-adjacent	26.49829975
17	45	494.7841954	Rhizosphere	Root-adjacent	34.17549948
17	46	515.232975	Rhizosphere	Root-adjacent	30.83636239
17	47	535.494621	Rhizosphere	Root-adjacent	32.54064962
17	48	559.1891802	Rhizosphere	Root-adjacent	37.88902567
17	49	580.6364866	Rhizosphere	Root-adjacent	35.6699982
17	50	594.8429448	Rhizosphere	Root-adjacent	26.54441143
17	51	604.3614923	Rhizosphere	Root-adjacent	41.2156577
17	52	614.3676584	Rhizosphere	Root-adjacent	50.18004644
17	53	633.2670659	Rhizosphere	Root-adjacent	33.20911101
17	54	655.730804	Rhizosphere	Root-adjacent	43.67651463
17	55	659.4327601	Rhizosphere	Root-adjacent	44.21455213
17	56	680.3788043	Rhizosphere	Root-adjacent	35.61418193
17	57	698.61921	Rhizosphere	Root-adjacent	43.84636001
17	58	715.5051726	Rhizosphere	Root-adjacent	46.97108475
17	59	719.7517462	Rhizosphere	Root-adjacent	34.81031959
17	60	730.5396336	Rhizosphere	Root-adjacent	38.14561932
18	19	22.13349441	Rhizosphere	Root-adjacent	23.10564179
18	20	42.27977699	Rhizosphere	Root-adjacent	17.68673136
18	21	49.58121466	Rhizosphere	Root-adjacent	22.7989072
18	22	67.64626788	Rhizosphere	Root-adjacent	24.61055779
18	23	83.6113928	Rhizosphere	Root-adjacent	19.82650448
18	24	97.59494469	Rhizosphere	Root-adjacent	25.40208291
18	25	103.1771498	Rhizosphere	Root-adjacent	26.6157934
18	26	117.2506197	Rhizosphere	Root-adjacent	19.68904569
18	27	130.9143342	Rhizosphere	Root-adjacent	27.67575519
18	28	149.4738122	Rhizosphere	Root-adjacent	25.2376945
18	29	169.2812442	Rhizosphere	Root-adjacent	21.87494131
18	30	181.0652821	Rhizosphere	Root-adjacent	27.75898716
18	31	202.5425316	Rhizosphere	Root-adjacent	28.34058637
18	32	223.192559	Rhizosphere	Root-adjacent	27.84058234
18	33	244.504071	Rhizosphere	Root-adjacent	28.22712879
18	34	266.7043054	Rhizosphere	Root-adjacent	28.04388321
18	35	289.1819131	Rhizosphere	Root-adjacent	28.45594556
18	36	332.6487409	Rhizosphere	Root-adjacent	34.92588536
18	37	353.7865182	Rhizosphere	Root-adjacent	24.46286277
18	38	356.5382036	Rhizosphere	Root-adjacent	27.37110811
18	39	380.8972396	Rhizosphere	Root-adjacent	25.64197313
18	40	405.052075	Rhizosphere	Root-adjacent	24.25933282
18	41	417.1650509	Rhizosphere	Root-adjacent	40.74945733
18	42	435.6990569	Rhizosphere	Root-adjacent	25.67069706
18	43	446.2174988	Rhizosphere	Root-adjacent	24.19574531
18	44	465.2815524	Rhizosphere	Root-adjacent	21.59028142
18	45	471.0679606	Rhizosphere	Root-adjacent	29.81566338
18	46	491.5341538	Rhizosphere	Root-adjacent	32.41038124
18	47	511.8148914	Rhizosphere	Root-adjacent	23.6845961
18	48	535.5141484	Rhizosphere	Root-adjacent	28.81865809
18	49	556.9447898	Rhizosphere	Root-adjacent	24.36468797
18	50	571.135388	Rhizosphere	Root-adjacent	24.04119834
18	51	580.6339174	Rhizosphere	Root-adjacent	36.58715969
18	52	590.6373652	Rhizosphere	Root-adjacent	47.54122215
18	53	609.5396325	Rhizosphere	Root-adjacent	29.0415441
18	54	631.9970253	Rhizosphere	Root-adjacent	39.975876
18	55	635.7047331	Rhizosphere	Root-adjacent	39.59207013
18	56	656.6832915	Rhizosphere	Root-adjacent	31.25698037
18	57	674.9635288	Rhizosphere	Root-adjacent	39.51239561
18	58	691.8870385	Rhizosphere	Root-adjacent	42.69430979
18	59	696.1399658	Rhizosphere	Root-adjacent	29.86381317
18	60	706.9131382	Rhizosphere	Root-adjacent	32.46580332
19	20	20.20846892	Rhizosphere	Root-adjacent	24.5290634
19	21	27.46835537	Rhizosphere	Root-adjacent	22.64169455
19	22	45.51298206	Rhizosphere	Root-adjacent	30.90296539
19	23	61.4810942	Rhizosphere	Root-adjacent	24.87764381
19	24	75.46155843	Rhizosphere	Root-adjacent	25.04558223
19	25	81.04587699	Rhizosphere	Root-adjacent	20.63279074
19	26	95.11990169	Rhizosphere	Root-adjacent	18.1022836
19	27	108.7817351	Rhizosphere	Root-adjacent	23.30737387
19	28	127.3518525	Rhizosphere	Root-adjacent	29.41452744
19	29	147.203233	Rhizosphere	Root-adjacent	25.80403402
19	30	159.019976	Rhizosphere	Root-adjacent	25.19532273
19	31	180.547795	Rhizosphere	Root-adjacent	25.70612104
19	32	201.2573058	Rhizosphere	Root-adjacent	29.40444177
19	33	222.6433534	Rhizosphere	Root-adjacent	29.59334015
19	34	244.8834097	Rhizosphere	Root-adjacent	24.15116368
19	35	267.3965795	Rhizosphere	Root-adjacent	28.91699423
19	36	310.9239638	Rhizosphere	Root-adjacent	33.44280625
19	37	332.0783202	Rhizosphere	Root-adjacent	20.92920763
19	38	334.8279977	Rhizosphere	Root-adjacent	24.19837841
19	39	359.186021	Rhizosphere	Root-adjacent	23.2074551
19	40	383.3547592	Rhizosphere	Root-adjacent	28.50306296
19	41	395.5065744	Rhizosphere	Root-adjacent	46.35890497
19	42	414.0646397	Rhizosphere	Root-adjacent	28.13188604
19	43	424.5915312	Rhizosphere	Root-adjacent	24.16672098
19	44	443.6967968	Rhizosphere	Root-adjacent	25.47304275
19	45	449.5007251	Rhizosphere	Root-adjacent	35.14274639
19	46	470.0203658	Rhizosphere	Root-adjacent	31.94423067
19	47	490.3545165	Rhizosphere	Root-adjacent	30.96124417
19	48	514.0648312	Rhizosphere	Root-adjacent	38.93969314
19	49	535.447417	Rhizosphere	Root-adjacent	35.1507079
19	50	549.5896958	Rhizosphere	Root-adjacent	27.2311606
19	51	559.021118	Rhizosphere	Root-adjacent	42.28083842
19	52	569.0142559	Rhizosphere	Root-adjacent	52.31294303
19	53	587.9261058	Rhizosphere	Root-adjacent	36.09696769
19	54	610.3592924	Rhizosphere	Root-adjacent	47.40248295
19	55	614.0880673	Rhizosphere	Root-adjacent	48.80175534
19	56	635.1696554	Rhizosphere	Root-adjacent	36.93436345
19	57	653.5562829	Rhizosphere	Root-adjacent	47.0531722
19	58	670.5692989	Rhizosphere	Root-adjacent	49.73255176
19	59	674.8365724	Rhizosphere	Root-adjacent	37.89496448
19	60	685.5751488	Rhizosphere	Root-adjacent	41.76941408
20	21	7.356684003	Rhizosphere	Root-adjacent	19.30504829
20	22	25.49726226	Rhizosphere	Root-adjacent	24.25280366
20	23	41.51945583	Rhizosphere	Root-adjacent	18.30153586
20	24	55.42597465	Rhizosphere	Root-adjacent	21.06174044
20	25	60.95247258	Rhizosphere	Root-adjacent	28.22881947
20	26	75.01737649	Rhizosphere	Root-adjacent	22.08256622
20	27	88.69385966	Rhizosphere	Root-adjacent	28.77576267
20	28	107.2082888	Rhizosphere	Root-adjacent	21.08577112
20	29	127.0071828	Rhizosphere	Root-adjacent	19.15371058
20	30	138.8135293	Rhizosphere	Root-adjacent	25.06047758
20	31	160.3405026	Rhizosphere	Root-adjacent	28.12965438
20	32	181.0607531	Rhizosphere	Root-adjacent	24.16446485
20	33	202.470018	Rhizosphere	Root-adjacent	25.28511357
20	34	224.7245801	Rhizosphere	Root-adjacent	26.23856837
20	35	247.2516244	Rhizosphere	Root-adjacent	28.56543818
20	36	290.8042183	Rhizosphere	Root-adjacent	34.76925859
20	37	311.9652979	Rhizosphere	Root-adjacent	24.41532545
20	38	314.7138513	Rhizosphere	Root-adjacent	24.45600604
20	39	339.0701385	Rhizosphere	Root-adjacent	24.35121204
20	40	363.2444224	Rhizosphere	Root-adjacent	20.97418378
20	41	375.4147532	Rhizosphere	Root-adjacent	41.20519988
20	42	393.9841202	Rhizosphere	Root-adjacent	24.90132875
20	43	404.5148539	Rhizosphere	Root-adjacent	21.83384914
20	44	423.640745	Rhizosphere	Root-adjacent	22.08043637
20	45	429.453743	Rhizosphere	Root-adjacent	32.14212497
20	46	450.001561	Rhizosphere	Root-adjacent	35.93301108
20	47	470.3647464	Rhizosphere	Root-adjacent	25.02885694
20	48	494.0801817	Rhizosphere	Root-adjacent	30.75597638
20	49	515.4347702	Rhizosphere	Root-adjacent	26.69689814
20	50	529.5502287	Rhizosphere	Root-adjacent	25.58716079
20	51	538.9464608	Rhizosphere	Root-adjacent	39.7496014
20	52	548.9341651	Rhizosphere	Root-adjacent	50.27473813
20	53	567.850352	Rhizosphere	Root-adjacent	29.06649618
20	54	590.2710434	Rhizosphere	Root-adjacent	40.46176655
20	55	594.0101462	Rhizosphere	Root-adjacent	42.51301895
20	56	615.1448373	Rhizosphere	Root-adjacent	31.83780873
20	57	633.5901807	Rhizosphere	Root-adjacent	41.82122631
20	58	650.6549014	Rhizosphere	Root-adjacent	44.56496779
20	59	654.9305772	Rhizosphere	Root-adjacent	31.01516418
20	60	665.6482403	Rhizosphere	Root-adjacent	33.53053328
21	22	18.14068718	Rhizosphere	Root-adjacent	27.42477066
21	23	34.16277717	Rhizosphere	Root-adjacent	20.4198816
21	24	48.0750067	Rhizosphere	Root-adjacent	20.31359314
21	25	53.614225	Rhizosphere	Root-adjacent	24.77603113
21	26	67.68311943	Rhizosphere	Root-adjacent	21.43905051
21	27	81.3559776	Rhizosphere	Root-adjacent	26.74174014
21	28	99.89279988	Rhizosphere	Root-adjacent	22.44497241
21	29	119.7403034	Rhizosphere	Root-adjacent	20.74122178
21	30	131.5746819	Rhizosphere	Root-adjacent	22.11356957
21	31	153.1390154	Rhizosphere	Root-adjacent	25.93867224
21	32	173.898594	Rhizosphere	Root-adjacent	22.61438122
21	33	195.353211	Rhizosphere	Root-adjacent	24.8570028
21	34	217.6288014	Rhizosphere	Root-adjacent	21.31591417
21	35	240.1736526	Rhizosphere	Root-adjacent	26.16758454
21	36	283.7550527	Rhizosphere	Root-adjacent	33.19024496
21	37	304.922849	Rhizosphere	Root-adjacent	25.63165406
21	38	307.6700066	Rhizosphere	Root-adjacent	21.28836454
21	39	332.0233377	Rhizosphere	Root-adjacent	23.84334911
21	40	356.2030033	Rhizosphere	Root-adjacent	25.09424259
21	41	368.3928937	Rhizosphere	Root-adjacent	39.58360233
21	42	386.9733049	Rhizosphere	Root-adjacent	26.13933621
21	43	397.5075859	Rhizosphere	Root-adjacent	19.15550159
21	44	416.6531158	Rhizosphere	Root-adjacent	22.53805499
21	45	422.4745483	Rhizosphere	Root-adjacent	34.16704034
21	46	443.047581	Rhizosphere	Root-adjacent	34.43062899
21	47	463.4355684	Rhizosphere	Root-adjacent	28.62823757
21	48	487.1546852	Rhizosphere	Root-adjacent	34.67949859
21	49	508.4844997	Rhizosphere	Root-adjacent	30.07132845
21	50	522.5755041	Rhizosphere	Root-adjacent	26.5560952
21	51	531.9380617	Rhizosphere	Root-adjacent	41.07093621
21	52	541.9201963	Rhizosphere	Root-adjacent	49.8616224
21	53	560.840389	Rhizosphere	Root-adjacent	30.13077853
21	54	583.2482178	Rhizosphere	Root-adjacent	40.40150955
21	55	586.9976459	Rhizosphere	Root-adjacent	43.15073598
21	56	608.1818309	Rhizosphere	Root-adjacent	33.56021219
21	57	626.6771041	Rhizosphere	Root-adjacent	43.84487376
21	58	643.7829199	Rhizosphere	Root-adjacent	44.31592068
21	59	648.0650457	Rhizosphere	Root-adjacent	31.52787385
21	60	658.7661716	Rhizosphere	Root-adjacent	36.02304581
22	23	16.02326066	Rhizosphere	Root-adjacent	23.25336165
22	24	29.9530649	Rhizosphere	Root-adjacent	29.28500074
22	25	35.53882991	Rhizosphere	Root-adjacent	33.46757857
22	26	49.61351309	Rhizosphere	Root-adjacent	30.44051329
22	27	63.26957197	Rhizosphere	Root-adjacent	37.51823411
22	28	81.87006894	Rhizosphere	Root-adjacent	32.27900519
22	29	101.8545314	Rhizosphere	Root-adjacent	27.63386683
22	30	113.7648201	Rhizosphere	Root-adjacent	31.90146697
22	31	135.4250738	Rhizosphere	Root-adjacent	36.38350579
22	32	156.2848656	Rhizosphere	Root-adjacent	31.48616507
22	33	177.8547097	Rhizosphere	Root-adjacent	35.83194463
22	34	200.1782421	Rhizosphere	Root-adjacent	34.65410134
22	35	222.7629001	Rhizosphere	Root-adjacent	35.4469378
22	36	266.4080104	Rhizosphere	Root-adjacent	45.43456817
22	37	287.5883528	Rhizosphere	Root-adjacent	34.75617172
22	38	290.3312451	Rhizosphere	Root-adjacent	32.7144797
22	39	314.6719428	Rhizosphere	Root-adjacent	35.85810612
22	40	338.8613645	Rhizosphere	Root-adjacent	29.23600331
22	41	351.099844	Rhizosphere	Root-adjacent	49.53756453
22	42	369.705848	Rhizosphere	Root-adjacent	35.4361394
22	43	380.2477111	Rhizosphere	Root-adjacent	31.20006342
22	44	399.4409818	Rhizosphere	Root-adjacent	30.02503727
22	45	405.283242	Rhizosphere	Root-adjacent	38.66908565
22	46	425.9180674	Rhizosphere	Root-adjacent	40.20468977
22	47	446.3667735	Rhizosphere	Root-adjacent	28.76840321
22	48	470.0924014	Rhizosphere	Root-adjacent	34.64246639
22	49	491.3569474	Rhizosphere	Root-adjacent	29.8678588
22	50	505.3845948	Rhizosphere	Root-adjacent	28.91258124
22	51	514.6610959	Rhizosphere	Root-adjacent	45.60895704
22	52	524.6283868	Rhizosphere	Root-adjacent	55.56551283
22	53	543.5573424	Rhizosphere	Root-adjacent	35.0684499
22	54	565.9312668	Rhizosphere	Root-adjacent	47.41662941
22	55	569.7064712	Rhizosphere	Root-adjacent	50.33235995
22	56	591.0139415	Rhizosphere	Root-adjacent	42.28829968
22	57	609.633664	Rhizosphere	Root-adjacent	49.98071459
22	58	626.8416915	Rhizosphere	Root-adjacent	50.85170627
22	59	631.1397364	Rhizosphere	Root-adjacent	39.05986103
22	60	641.7985161	Rhizosphere	Root-adjacent	39.80037487
23	24	14.0242776	Rhizosphere	Root-adjacent	24.31773112
23	25	19.7273337	Rhizosphere	Root-adjacent	27.18303434
23	26	33.7601838	Rhizosphere	Root-adjacent	21.60222813
23	27	47.36289525	Rhizosphere	Root-adjacent	28.05549762
23	28	66.0489273	Rhizosphere	Root-adjacent	23.52584118
23	29	86.20460537	Rhizosphere	Root-adjacent	22.01354751
23	30	98.20009253	Rhizosphere	Root-adjacent	27.52128209
23	31	119.9561902	Rhizosphere	Root-adjacent	27.43884195
23	32	140.9151513	Rhizosphere	Root-adjacent	25.87638665
23	33	162.5985386	Rhizosphere	Root-adjacent	28.21004165
23	34	184.9593377	Rhizosphere	Root-adjacent	26.70330526
23	35	207.5738709	Rhizosphere	Root-adjacent	27.48249808
23	36	251.2663627	Rhizosphere	Root-adjacent	35.05225923
23	37	272.4519264	Rhizosphere	Root-adjacent	25.51921256
23	38	275.1894483	Rhizosphere	Root-adjacent	25.35198891
23	39	299.5095825	Rhizosphere	Root-adjacent	26.25556757
23	40	323.7027049	Rhizosphere	Root-adjacent	24.97658099
23	41	335.9878125	Rhizosphere	Root-adjacent	41.22683801
23	42	354.6155289	Rhizosphere	Root-adjacent	25.8244371
23	43	365.1627939	Rhizosphere	Root-adjacent	23.0995783
23	44	384.4002118	Rhizosphere	Root-adjacent	23.96876491
23	45	390.2622076	Rhizosphere	Root-adjacent	31.60275177
23	46	410.9548104	Rhizosphere	Root-adjacent	33.50550691
23	47	431.4601018	Rhizosphere	Root-adjacent	23.96178503
23	48	455.188111	Rhizosphere	Root-adjacent	30.54934935
23	49	476.385013	Rhizosphere	Root-adjacent	27.64637513
23	50	490.3482956	Rhizosphere	Root-adjacent	24.74217822
23	51	499.5387334	Rhizosphere	Root-adjacent	39.50437553
23	52	509.490295	Rhizosphere	Root-adjacent	49.25816561
23	53	528.4259904	Rhizosphere	Root-adjacent	27.71047713
23	54	550.7644759	Rhizosphere	Root-adjacent	40.37800701
23	55	554.5647029	Rhizosphere	Root-adjacent	42.26683272
23	56	575.9910642	Rhizosphere	Root-adjacent	31.95925823
23	57	594.7303182	Rhizosphere	Root-adjacent	42.28561162
23	58	612.0358439	Rhizosphere	Root-adjacent	44.21908171
23	59	616.3488758	Rhizosphere	Root-adjacent	29.92274674
23	60	626.9656418	Rhizosphere	Root-adjacent	34.39956231
24	25	5.789648421	Rhizosphere	Root-adjacent	28.72521896
24	26	19.73976737	Rhizosphere	Root-adjacent	25.53787207
24	27	33.34236278	Rhizosphere	Root-adjacent	31.80376175
24	28	52.02759382	Rhizosphere	Root-adjacent	25.93695531
24	29	72.22918567	Rhizosphere	Root-adjacent	20.41920301
24	30	84.2566715	Rhizosphere	Root-adjacent	20.81350684
24	31	106.049335	Rhizosphere	Root-adjacent	29.17688643
24	32	127.0503138	Rhizosphere	Root-adjacent	22.63082686
24	33	148.7861367	Rhizosphere	Root-adjacent	23.1776123
24	34	171.1601018	Rhizosphere	Root-adjacent	23.76277865
24	35	193.7849345	Rhizosphere	Root-adjacent	30.7491406
24	36	237.4941814	Rhizosphere	Root-adjacent	38.29509585
24	37	258.679236	Rhizosphere	Root-adjacent	29.08280782
24	38	261.4135289	Rhizosphere	Root-adjacent	23.38950517
24	39	285.7198808	Rhizosphere	Root-adjacent	26.24620034
24	40	309.9124102	Rhizosphere	Root-adjacent	21.88110092
24	41	322.2205332	Rhizosphere	Root-adjacent	44.50582026
24	42	340.8579272	Rhizosphere	Root-adjacent	28.95818864
24	43	351.4071206	Rhizosphere	Root-adjacent	21.81536011
24	44	370.666333	Rhizosphere	Root-adjacent	23.2962614
24	45	376.5384171	Rhizosphere	Root-adjacent	37.35876659
24	46	397.2606674	Rhizosphere	Root-adjacent	41.20356171
24	47	417.795523	Rhizosphere	Root-adjacent	28.43496598
24	48	441.5231118	Rhizosphere	Root-adjacent	35.61062291
24	49	462.6817366	Rhizosphere	Root-adjacent	30.75027142
24	50	476.6100659	Rhizosphere	Root-adjacent	27.87585542
24	51	485.75585	Rhizosphere	Root-adjacent	43.54943347
24	52	495.6991318	Rhizosphere	Root-adjacent	53.62900022
24	53	514.6374829	Rhizosphere	Root-adjacent	33.68861517
24	54	536.9577097	Rhizosphere	Root-adjacent	44.26238251
24	55	540.7701248	Rhizosphere	Root-adjacent	46.24430766
24	56	562.2562297	Rhizosphere	Root-adjacent	33.66453551
24	57	581.0584716	Rhizosphere	Root-adjacent	47.41318263
24	58	598.4170723	Rhizosphere	Root-adjacent	48.2012723
24	59	602.7383188	Rhizosphere	Root-adjacent	34.71112902
24	60	613.3312101	Rhizosphere	Root-adjacent	36.7741408
25	26	14.07472519	Rhizosphere	Root-adjacent	20.27087353
25	27	27.74180794	Rhizosphere	Root-adjacent	22.81957636
25	28	46.34615601	Rhizosphere	Root-adjacent	30.24633724
25	29	66.48072339	Rhizosphere	Root-adjacent	29.08264545
25	30	78.49201184	Rhizosphere	Root-adjacent	27.62437633
25	31	100.2738153	Rhizosphere	Root-adjacent	23.28631155
25	32	121.2672779	Rhizosphere	Root-adjacent	30.31121046
25	33	142.9981783	Rhizosphere	Root-adjacent	28.53779244
25	34	165.3715532	Rhizosphere	Root-adjacent	22.52719799
25	35	187.9960281	Rhizosphere	Root-adjacent	27.22041291
25	36	231.7048493	Rhizosphere	Root-adjacent	30.8137026
25	37	252.8899438	Rhizosphere	Root-adjacent	21.8332145
25	38	255.6243266	Rhizosphere	Root-adjacent	26.13025505
25	39	279.9312046	Rhizosphere	Root-adjacent	23.11167457
25	40	304.1237954	Rhizosphere	Root-adjacent	33.46935458
25	41	316.4311722	Rhizosphere	Root-adjacent	44.14926329
25	42	335.0684008	Rhizosphere	Root-adjacent	29.10409637
25	43	345.6175723	Rhizosphere	Root-adjacent	24.23816458
25	44	364.8766957	Rhizosphere	Root-adjacent	28.4360349
25	45	370.7488565	Rhizosphere	Root-adjacent	35.40911782
25	46	391.4717219	Rhizosphere	Root-adjacent	28.0558167
25	47	412.0077101	Rhizosphere	Root-adjacent	34.91065402
25	48	435.7352487	Rhizosphere	Root-adjacent	40.21115438
25	49	456.8925001	Rhizosphere	Root-adjacent	37.92369691
25	50	470.8204181	Rhizosphere	Root-adjacent	30.23571202
25	51	479.9670742	Rhizosphere	Root-adjacent	41.65987612
25	52	489.9107238	Rhizosphere	Root-adjacent	49.83707829
25	53	508.8489613	Rhizosphere	Root-adjacent	37.37445863
25	54	531.1702082	Rhizosphere	Root-adjacent	46.45318711
25	55	534.9819124	Rhizosphere	Root-adjacent	45.95331099
25	56	556.4665816	Rhizosphere	Root-adjacent	37.21172007
25	57	575.2701896	Rhizosphere	Root-adjacent	45.75960263
25	58	592.6316727	Rhizosphere	Root-adjacent	48.38953893
25	59	596.9534821	Rhizosphere	Root-adjacent	36.80902915
25	60	607.5447991	Rhizosphere	Root-adjacent	42.16174434
26	27	13.6843732	Rhizosphere	Root-adjacent	18.95790641
26	28	32.28874554	Rhizosphere	Root-adjacent	23.630758
26	29	52.5391666	Rhizosphere	Root-adjacent	22.28509223
26	30	64.61062396	Rhizosphere	Root-adjacent	27.14928155
26	31	86.44837782	Rhizosphere	Root-adjacent	23.48293813
26	32	107.5025466	Rhizosphere	Root-adjacent	28.09691644
26	33	129.3062346	Rhizosphere	Root-adjacent	25.92301986
26	34	151.6905791	Rhizosphere	Root-adjacent	23.15868877
26	35	174.323067	Rhizosphere	Root-adjacent	24.70223107
26	36	218.045556	Rhizosphere	Root-adjacent	29.43388702
26	37	239.2262423	Rhizosphere	Root-adjacent	19.11206938
26	38	241.9557485	Rhizosphere	Root-adjacent	23.50707802
26	39	266.2404048	Rhizosphere	Root-adjacent	20.30509788
26	40	290.4295457	Rhizosphere	Root-adjacent	25.52545816
26	41	302.7667453	Rhizosphere	Root-adjacent	41.20549376
26	42	321.4150836	Rhizosphere	Root-adjacent	24.16282156
26	43	331.9658539	Rhizosphere	Root-adjacent	22.54040611
26	44	351.252029	Rhizosphere	Root-adjacent	22.66469475
26	45	357.1368846	Rhizosphere	Root-adjacent	30.37061197
26	46	377.896458	Rhizosphere	Root-adjacent	29.70910525
26	47	398.4686631	Rhizosphere	Root-adjacent	27.80580182
26	48	422.1937934	Rhizosphere	Root-adjacent	33.81981748
26	49	443.3008304	Rhizosphere	Root-adjacent	31.00054837
26	50	457.1831502	Rhizosphere	Root-adjacent	25.95558433
26	51	466.2715494	Rhizosphere	Root-adjacent	36.97831078
26	52	476.2040075	Rhizosphere	Root-adjacent	46.74577644
26	53	495.1450294	Rhizosphere	Root-adjacent	31.05988098
26	54	517.4417379	Rhizosphere	Root-adjacent	41.38296654
26	55	521.2692291	Rhizosphere	Root-adjacent	42.09211021
26	56	542.8300313	Rhizosphere	Root-adjacent	31.1841263
26	57	561.7123686	Rhizosphere	Root-adjacent	40.65606328
26	58	579.1390902	Rhizosphere	Root-adjacent	44.36197555
26	59	583.4708493	Rhizosphere	Root-adjacent	31.58839582
26	60	594.032207	Rhizosphere	Root-adjacent	35.98141377
27	28	18.80383726	Rhizosphere	Root-adjacent	24.65943348
27	29	39.32077624	Rhizosphere	Root-adjacent	29.99811297
27	30	51.47880675	Rhizosphere	Root-adjacent	32.22839905
27	31	73.36701796	Rhizosphere	Root-adjacent	26.01130428
27	32	94.48913063	Rhizosphere	Root-adjacent	33.38029996
27	33	116.3802042	Rhizosphere	Root-adjacent	31.10656884
27	34	138.7599641	Rhizosphere	Root-adjacent	25.60010867
27	35	161.3884905	Rhizosphere	Root-adjacent	24.12253614
27	36	205.1094569	Rhizosphere	Root-adjacent	23.2135905
27	37	226.2767056	Rhizosphere	Root-adjacent	21.69329666
27	38	228.9986209	Rhizosphere	Root-adjacent	27.05278931
27	39	253.246069	Rhizosphere	Root-adjacent	21.01930102
27	40	277.4252815	Rhizosphere	Root-adjacent	32.81333712
27	41	289.8007779	Rhizosphere	Root-adjacent	45.44060728
27	42	308.4607549	Rhizosphere	Root-adjacent	27.33816743
27	43	319.0119243	Rhizosphere	Root-adjacent	27.02970358
27	44	338.3311692	Rhizosphere	Root-adjacent	28.53657783
27	45	344.2319398	Rhizosphere	Root-adjacent	33.33302048
27	46	365.0366696	Rhizosphere	Root-adjacent	28.83297082
27	47	385.6530192	Rhizosphere	Root-adjacent	34.0117159
27	48	409.3720818	Rhizosphere	Root-adjacent	39.25410245
27	49	430.4120454	Rhizosphere	Root-adjacent	36.8506275
27	50	444.2337342	Rhizosphere	Root-adjacent	31.83262214
27	51	453.2446252	Rhizosphere	Root-adjacent	40.84771282
27	52	463.1614932	Rhizosphere	Root-adjacent	49.89441791
27	53	482.1049765	Rhizosphere	Root-adjacent	36.4061339
27	54	504.3676789	Rhizosphere	Root-adjacent	46.46967813
27	55	508.2159974	Rhizosphere	Root-adjacent	46.82225799
27	56	529.8754399	Rhizosphere	Root-adjacent	35.88578795
27	57	548.8576497	Rhizosphere	Root-adjacent	43.44837972
27	58	566.365575	Rhizosphere	Root-adjacent	47.72744851
27	59	570.7095075	Rhizosphere	Root-adjacent	36.22800547
27	60	581.2326323	Rhizosphere	Root-adjacent	41.50005277
28	29	20.62885388	Rhizosphere	Root-adjacent	20.55752154
28	30	32.81070416	Rhizosphere	Root-adjacent	28.28002657
28	31	54.68853709	Rhizosphere	Root-adjacent	26.8370789
28	32	75.83109548	Rhizosphere	Root-adjacent	24.74662561
28	33	97.76171075	Rhizosphere	Root-adjacent	24.42449239
28	34	120.124848	Rhizosphere	Root-adjacent	25.31821185
28	35	142.741694	Rhizosphere	Root-adjacent	21.11040284
28	36	186.4504601	Rhizosphere	Root-adjacent	26.90250372
28	37	207.6066118	Rhizosphere	Root-adjacent	25.80252672
28	38	210.3240275	Rhizosphere	Root-adjacent	24.00678795
28	39	234.5492957	Rhizosphere	Root-adjacent	22.37853448
28	40	258.7214602	Rhizosphere	Root-adjacent	23.48155568
28	41	271.1148975	Rhizosphere	Root-adjacent	37.90462437
28	42	289.7793218	Rhizosphere	Root-adjacent	22.64246107
28	43	300.3299227	Rhizosphere	Root-adjacent	22.27464586
28	44	319.6649783	Rhizosphere	Root-adjacent	23.64090787
28	45	325.5738208	Rhizosphere	Root-adjacent	29.88924563
28	46	346.4019288	Rhizosphere	Root-adjacent	34.17102515
28	47	367.0421307	Rhizosphere	Root-adjacent	28.03502939
28	48	390.7561446	Rhizosphere	Root-adjacent	29.12597463
28	49	411.7577388	Rhizosphere	Root-adjacent	29.07504254
28	50	425.5477305	Rhizosphere	Root-adjacent	28.25003777
28	51	434.522435	Rhizosphere	Root-adjacent	36.22209569
28	52	444.4324241	Rhizosphere	Root-adjacent	45.49343709
28	53	463.3765167	Rhizosphere	Root-adjacent	27.72458747
28	54	485.6250791	Rhizosphere	Root-adjacent	37.75543414
28	55	489.4815885	Rhizosphere	Root-adjacent	39.26640533
28	56	511.1844185	Rhizosphere	Root-adjacent	31.00320958
28	57	530.2173226	Rhizosphere	Root-adjacent	37.62760934
28	58	547.7705291	Rhizosphere	Root-adjacent	40.47017975
28	59	552.1214729	Rhizosphere	Root-adjacent	29.9730264
28	60	562.622043	Rhizosphere	Root-adjacent	33.76649019
29	30	12.18185078	Rhizosphere	Root-adjacent	23.67743342
29	31	34.06445806	Rhizosphere	Root-adjacent	25.92550118
29	32	55.20418283	Rhizosphere	Root-adjacent	18.54559554
29	33	77.13294015	Rhizosphere	Root-adjacent	21.26622168
29	34	99.49655883	Rhizosphere	Root-adjacent	24.30122603
29	35	122.1149775	Rhizosphere	Root-adjacent	24.83028111
29	36	165.8265196	Rhizosphere	Root-adjacent	34.4009905
29	37	186.985657	Rhizosphere	Root-adjacent	26.30478045
29	38	189.7044264	Rhizosphere	Root-adjacent	21.60373771
29	39	213.9384673	Rhizosphere	Root-adjacent	23.13364694
29	40	238.1143165	Rhizosphere	Root-adjacent	19.81580473
29	41	250.4997161	Rhizosphere	Root-adjacent	38.05188013
29	42	269.1626171	Rhizosphere	Root-adjacent	24.30478379
29	43	279.71348	Rhizosphere	Root-adjacent	20.55118593
29	44	299.0437543	Rhizosphere	Root-adjacent	21.28509585
29	45	304.9506744	Rhizosphere	Root-adjacent	31.18218905
29	46	325.7749528	Rhizosphere	Root-adjacent	38.99758552
29	47	346.4134419	Rhizosphere	Root-adjacent	25.85165135
29	48	370.1276878	Rhizosphere	Root-adjacent	28.90580396
29	49	391.1340647	Rhizosphere	Root-adjacent	25.37794144
29	50	404.9332588	Rhizosphere	Root-adjacent	26.25894993
29	51	413.9271234	Rhizosphere	Root-adjacent	37.08286775
29	52	423.8422478	Rhizosphere	Root-adjacent	47.34536444
29	53	442.7858842	Rhizosphere	Root-adjacent	26.80770449
29	54	465.0469043	Rhizosphere	Root-adjacent	37.41586105
29	55	468.8958468	Rhizosphere	Root-adjacent	39.6881813
29	56	490.5721541	Rhizosphere	Root-adjacent	29.0765826
29	57	509.5914241	Rhizosphere	Root-adjacent	39.14278768
29	58	527.1416823	Rhizosphere	Root-adjacent	41.1670158
29	59	531.4927371	Rhizosphere	Root-adjacent	28.94756545
29	60	541.9934589	Rhizosphere	Root-adjacent	30.52940979
30	31	21.8894665	Rhizosphere	Root-adjacent	26.04508538
30	32	43.02426216	Rhizosphere	Root-adjacent	21.59965022
30	33	64.95118118	Rhizosphere	Root-adjacent	23.53782504
30	34	87.3151267	Rhizosphere	Root-adjacent	17.57766901
30	35	109.9346899	Rhizosphere	Root-adjacent	27.15878667
30	36	153.6480798	Rhizosphere	Root-adjacent	37.00491906
30	37	174.8092088	Rhizosphere	Root-adjacent	27.59039085
30	38	177.5289007	Rhizosphere	Root-adjacent	21.61941595
30	39	201.7687863	Rhizosphere	Root-adjacent	23.96276319
30	40	225.9469244	Rhizosphere	Root-adjacent	26.11216388
30	41	238.3268748	Rhizosphere	Root-adjacent	41.22160574
30	42	256.988692	Rhizosphere	Root-adjacent	26.59533596
30	43	267.5396912	Rhizosphere	Root-adjacent	21.07698537
30	44	286.8667954	Rhizosphere	Root-adjacent	23.37159688
30	45	292.7724604	Rhizosphere	Root-adjacent	37.32359805
30	46	313.5942637	Rhizosphere	Root-adjacent	38.98436319
30	47	334.23168	Rhizosphere	Root-adjacent	29.99916853
30	48	357.9460646	Rhizosphere	Root-adjacent	37.50473398
30	49	378.9554332	Rhizosphere	Root-adjacent	34.84016059
30	50	392.7604362	Rhizosphere	Root-adjacent	25.48557593
30	51	401.7664306	Rhizosphere	Root-adjacent	43.82829716
30	52	411.6847705	Rhizosphere	Root-adjacent	53.34064704
30	53	430.6280394	Rhizosphere	Root-adjacent	34.57363092
30	54	452.8968212	Rhizosphere	Root-adjacent	43.48231406
30	55	456.7409821	Rhizosphere	Root-adjacent	47.45028753
30	56	478.4005863	Rhizosphere	Root-adjacent	37.90841418
30	57	497.4113561	Rhizosphere	Root-adjacent	45.60935031
30	58	514.9598405	Rhizosphere	Root-adjacent	47.10959433
30	59	519.310977	Rhizosphere	Root-adjacent	35.27179784
30	60	529.8117544	Rhizosphere	Root-adjacent	36.70265464
31	32	21.14528752	Rhizosphere	Root-adjacent	27.54327452
31	33	43.09677622	Rhizosphere	Root-adjacent	24.36117469
31	34	65.44158062	Rhizosphere	Root-adjacent	20.78022986
31	35	88.05375251	Rhizosphere	Root-adjacent	22.03187933
31	36	131.7624253	Rhizosphere	Root-adjacent	27.80042286
31	37	152.9212739	Rhizosphere	Root-adjacent	23.00794698
31	38	155.6403477	Rhizosphere	Root-adjacent	22.79353971
31	39	179.8795327	Rhizosphere	Root-adjacent	18.06991592
31	40	204.0582636	Rhizosphere	Root-adjacent	32.05975786
31	41	216.4374798	Rhizosphere	Root-adjacent	39.1836328
31	42	235.0995185	Rhizosphere	Root-adjacent	25.37273534
31	43	245.6504842	Rhizosphere	Root-adjacent	22.96844732
31	44	264.9793104	Rhizosphere	Root-adjacent	29.04905096
31	45	270.886384	Rhizosphere	Root-adjacent	31.83692777
31	46	291.7138844	Rhizosphere	Root-adjacent	31.76470087
31	47	312.3591032	Rhizosphere	Root-adjacent	32.33323293
31	48	336.071414	Rhizosphere	Root-adjacent	35.80137924
31	49	357.0699468	Rhizosphere	Root-adjacent	35.82848389
31	50	370.8710588	Rhizosphere	Root-adjacent	28.76788756
31	51	379.8806998	Rhizosphere	Root-adjacent	38.00477338
31	52	389.8010672	Rhizosphere	Root-adjacent	45.59966279
31	53	408.7440541	Rhizosphere	Root-adjacent	31.05176427
31	54	431.0186428	Rhizosphere	Root-adjacent	41.22240502
31	55	434.8590419	Rhizosphere	Root-adjacent	43.93585874
31	56	456.5111205	Rhizosphere	Root-adjacent	36.15124834
31	57	475.52879	Rhizosphere	Root-adjacent	38.75101647
31	58	493.0916054	Rhizosphere	Root-adjacent	43.91321653
31	59	497.4454426	Rhizosphere	Root-adjacent	34.67825726
31	60	507.9378393	Rhizosphere	Root-adjacent	35.89442764
32	33	21.96480859	Rhizosphere	Root-adjacent	19.83932321
32	34	44.29629329	Rhizosphere	Root-adjacent	21.01906348
32	35	66.91080805	Rhizosphere	Root-adjacent	26.59981365
32	36	110.6244017	Rhizosphere	Root-adjacent	35.53955954
32	37	131.7881764	Rhizosphere	Root-adjacent	29.08092292
32	38	134.5095473	Rhizosphere	Root-adjacent	19.37565377
32	39	158.762818	Rhizosphere	Root-adjacent	23.05841751
32	40	182.9463472	Rhizosphere	Root-adjacent	25.17363503
32	41	195.3123582	Rhizosphere	Root-adjacent	36.31945854
32	42	213.9716828	Rhizosphere	Root-adjacent	25.49928489
32	43	224.52287	Rhizosphere	Root-adjacent	18.41853368
32	44	243.8444803	Rhizosphere	Root-adjacent	23.56100738
32	45	249.748773	Rhizosphere	Root-adjacent	34.83754524
32	46	270.5709258	Rhizosphere	Root-adjacent	40.87183742
32	47	291.2139572	Rhizosphere	Root-adjacent	28.39966049
32	48	314.9265597	Rhizosphere	Root-adjacent	32.52466618
32	49	335.9314183	Rhizosphere	Root-adjacent	29.67185063
32	50	349.7448307	Rhizosphere	Root-adjacent	27.35727556
32	51	358.7800723	Rhizosphere	Root-adjacent	40.07566034
32	52	368.7070751	Rhizosphere	Root-adjacent	48.96324655
32	53	387.6490058	Rhizosphere	Root-adjacent	27.69181513
32	54	409.9393948	Rhizosphere	Root-adjacent	37.01810288
32	55	413.7698213	Rhizosphere	Root-adjacent	41.19545994
32	56	435.3871955	Rhizosphere	Root-adjacent	32.37538099
32	57	454.387285	Rhizosphere	Root-adjacent	42.44529775
32	58	471.9463258	Rhizosphere	Root-adjacent	41.5421683
32	59	476.3002992	Rhizosphere	Root-adjacent	30.15229204
32	60	486.7929065	Rhizosphere	Root-adjacent	31.61343562
33	34	22.38563103	Rhizosphere	Root-adjacent	20.34823641
33	35	45.01887979	Rhizosphere	Root-adjacent	25.96752178
33	36	88.74359868	Rhizosphere	Root-adjacent	31.90619088
33	37	109.9214312	Rhizosphere	Root-adjacent	25.51093918
33	38	112.6498758	Rhizosphere	Root-adjacent	20.64633262
33	39	136.9385223	Rhizosphere	Root-adjacent	19.67093659
33	40	161.1298075	Rhizosphere	Root-adjacent	25.68423865
33	41	173.4607702	Rhizosphere	Root-adjacent	33.55904131
33	42	192.1110788	Rhizosphere	Root-adjacent	23.47384082
33	43	202.6621119	Rhizosphere	Root-adjacent	18.60762548
33	44	221.961786	Rhizosphere	Root-adjacent	21.85451633
33	45	227.8567846	Rhizosphere	Root-adjacent	31.53940665
33	46	248.6568093	Rhizosphere	Root-adjacent	39.68814662
33	47	269.2831572	Rhizosphere	Root-adjacent	30.66927283
33	48	292.9992133	Rhizosphere	Root-adjacent	33.89705177
33	49	314.0340782	Rhizosphere	Root-adjacent	31.24221761
33	50	327.8822741	Rhizosphere	Root-adjacent	29.14508438
33	51	336.9741465	Rhizosphere	Root-adjacent	36.64118869
33	52	346.9140225	Rhizosphere	Root-adjacent	44.88972223
33	53	365.8530792	Rhizosphere	Root-adjacent	28.97417271
33	54	388.1727614	Rhizosphere	Root-adjacent	36.23397664
33	55	391.9842298	Rhizosphere	Root-adjacent	38.70884963
33	56	413.5283512	Rhizosphere	Root-adjacent	30.83774093
33	57	432.4775172	Rhizosphere	Root-adjacent	37.99266067
33	58	450.0089933	Rhizosphere	Root-adjacent	40.5571378
33	59	454.3597998	Rhizosphere	Root-adjacent	31.26867219
33	60	464.8636983	Rhizosphere	Root-adjacent	30.67139363
34	35	22.63325521	Rhizosphere	Root-adjacent	21.96052606
34	36	66.35798701	Rhizosphere	Root-adjacent	30.02109056
34	37	87.53610931	Rhizosphere	Root-adjacent	23.12676051
34	38	90.26517138	Rhizosphere	Root-adjacent	18.25162854
34	39	114.5600011	Rhizosphere	Root-adjacent	18.41069339
34	40	138.7523457	Rhizosphere	Root-adjacent	28.80483193
34	41	151.0761721	Rhizosphere	Root-adjacent	38.68917123
34	42	169.7256521	Rhizosphere	Root-adjacent	24.84181349
34	43	180.2766499	Rhizosphere	Root-adjacent	17.90674173
34	44	199.5769864	Rhizosphere	Root-adjacent	23.35362923
34	45	205.4734358	Rhizosphere	Root-adjacent	34.3152286
34	46	226.2807895	Rhizosphere	Root-adjacent	33.53107985
34	47	246.9180072	Rhizosphere	Root-adjacent	31.32932243
34	48	270.6313386	Rhizosphere	Root-adjacent	37.57570561
34	49	291.6522443	Rhizosphere	Root-adjacent	35.98426192
34	50	305.496652	Rhizosphere	Root-adjacent	26.69381974
34	51	314.5962259	Rhizosphere	Root-adjacent	40.06593148
34	52	324.5392933	Rhizosphere	Root-adjacent	48.95564991
34	53	343.4774081	Rhizosphere	Root-adjacent	32.35713302
34	54	365.8055005	Rhizosphere	Root-adjacent	41.1146753
34	55	369.6111451	Rhizosphere	Root-adjacent	44.50991288
34	56	391.1427673	Rhizosphere	Root-adjacent	36.51478777
34	57	410.1000253	Rhizosphere	Root-adjacent	42.8443957
34	58	427.6500591	Rhizosphere	Root-adjacent	44.3936215
34	59	432.0043842	Rhizosphere	Root-adjacent	34.57225824
34	60	442.4974197	Rhizosphere	Root-adjacent	35.87068046
35	36	43.72484722	Rhizosphere	Root-adjacent	24.17018102
35	37	64.90320839	Rhizosphere	Root-adjacent	23.06659916
35	38	67.63316507	Rhizosphere	Root-adjacent	23.53731135
35	39	91.93663757	Rhizosphere	Root-adjacent	20.46868851
35	40	116.1297237	Rhizosphere	Root-adjacent	29.62357292
35	41	128.4440491	Rhizosphere	Root-adjacent	36.02876366
35	42	147.0925545	Rhizosphere	Root-adjacent	23.43251019
35	43	157.643515	Rhizosphere	Root-adjacent	22.05745147
35	44	176.9450489	Rhizosphere	Root-adjacent	25.17753469
35	45	182.8434804	Rhizosphere	Root-adjacent	25.15287445
35	46	203.6602412	Rhizosphere	Root-adjacent	28.67276503
35	47	224.3108198	Rhizosphere	Root-adjacent	28.62108472
35	48	248.0204038	Rhizosphere	Root-adjacent	30.49402157
35	49	269.023987	Rhizosphere	Root-adjacent	31.91004481
35	50	282.863397	Rhizosphere	Root-adjacent	25.190815
35	51	291.9712727	Rhizosphere	Root-adjacent	30.9031471
35	52	301.9178769	Rhizosphere	Root-adjacent	39.48997481
35	53	320.8548506	Rhizosphere	Root-adjacent	26.65653919
35	54	343.1921895	Rhizosphere	Root-adjacent	35.82417613
35	55	346.9913439	Rhizosphere	Root-adjacent	39.00416186
35	56	368.5095251	Rhizosphere	Root-adjacent	33.15882649
35	57	387.4766794	Rhizosphere	Root-adjacent	33.61266697
35	58	405.0480902	Rhizosphere	Root-adjacent	36.54215505
35	59	409.4064121	Rhizosphere	Root-adjacent	30.30438134
35	60	419.8869302	Rhizosphere	Root-adjacent	32.28152006
36	37	21.18565168	Rhizosphere	Root-adjacent	26.35089378
36	38	23.9242849	Rhizosphere	Root-adjacent	30.94528734
36	39	48.26863668	Rhizosphere	Root-adjacent	23.30199078
36	40	72.45401278	Rhizosphere	Root-adjacent	38.83338966
36	41	84.72644414	Rhizosphere	Root-adjacent	40.51010254
36	42	103.3696702	Rhizosphere	Root-adjacent	26.47974301
36	43	113.920334	Rhizosphere	Root-adjacent	28.38762696
36	44	133.2218464	Rhizosphere	Root-adjacent	33.20345026
36	45	139.1244007	Rhizosphere	Root-adjacent	29.93273372
36	46	159.9628188	Rhizosphere	Root-adjacent	30.89166656
36	47	180.6444881	Rhizosphere	Root-adjacent	39.02728044
36	48	204.3433995	Rhizosphere	Root-adjacent	38.73215534
36	49	225.3075484	Rhizosphere	Root-adjacent	38.98130649
36	50	239.1389186	Rhizosphere	Root-adjacent	36.17292256
36	51	248.2728354	Rhizosphere	Root-adjacent	36.23916092
36	52	258.2289162	Rhizosphere	Root-adjacent	43.85146651
36	53	277.162343	Rhizosphere	Root-adjacent	35.12388159
36	54	299.5233337	Rhizosphere	Root-adjacent	41.57881203
36	55	303.3055628	Rhizosphere	Root-adjacent	41.42047953
36	56	324.7853072	Rhizosphere	Root-adjacent	37.43596098
36	57	343.7691495	Rhizosphere	Root-adjacent	36.41856931
36	58	361.3847404	Rhizosphere	Root-adjacent	41.33342872
36	59	365.7514227	Rhizosphere	Root-adjacent	35.38313739
36	60	376.2053567	Rhizosphere	Root-adjacent	39.49545174
37	38	2.755397126	Rhizosphere	Root-adjacent	23.40128008
37	39	27.11085604	Rhizosphere	Root-adjacent	19.08378462
37	40	51.28015433	Rhizosphere	Root-adjacent	28.18412588
37	41	63.54208181	Rhizosphere	Root-adjacent	41.68028753
37	42	82.18970587	Rhizosphere	Root-adjacent	24.00262417
37	43	92.74080671	Rhizosphere	Root-adjacent	21.74985945
37	44	112.058367	Rhizosphere	Root-adjacent	24.95128006
37	45	117.9707128	Rhizosphere	Root-adjacent	28.42210618
37	46	138.8403032	Rhizosphere	Root-adjacent	26.58984213
37	47	159.5551393	Rhizosphere	Root-adjacent	30.5060757
37	48	183.2401008	Rhizosphere	Root-adjacent	34.93281564
37	49	204.1552214	Rhizosphere	Root-adjacent	34.76410876
37	50	217.9620543	Rhizosphere	Root-adjacent	27.05572561
37	51	227.0875639	Rhizosphere	Root-adjacent	36.14596461
37	52	237.0448845	Rhizosphere	Root-adjacent	45.76395298
37	53	255.9777092	Rhizosphere	Root-adjacent	31.95717865
37	54	278.3433071	Rhizosphere	Root-adjacent	43.32176814
37	55	282.1219116	Rhizosphere	Root-adjacent	42.97134711
37	56	303.6074632	Rhizosphere	Root-adjacent	32.6797223
37	57	322.6266593	Rhizosphere	Root-adjacent	39.3161066
37	58	340.2864062	Rhizosphere	Root-adjacent	44.39126959
37	59	344.6604114	Rhizosphere	Root-adjacent	34.81645977
37	60	355.0896678	Rhizosphere	Root-adjacent	37.25832754
38	39	24.35911645	Rhizosphere	Root-adjacent	19.43278517
38	40	48.53352926	Rhizosphere	Root-adjacent	26.27451844
38	41	60.81100259	Rhizosphere	Root-adjacent	38.18561098
38	42	79.4635242	Rhizosphere	Root-adjacent	22.27099252
38	43	90.01478054	Rhizosphere	Root-adjacent	18.62157702
38	44	109.3423573	Rhizosphere	Root-adjacent	23.18136558
38	45	115.2593742	Rhizosphere	Root-adjacent	32.32517159
38	46	136.1410481	Rhizosphere	Root-adjacent	34.80294705
38	47	156.8665877	Rhizosphere	Root-adjacent	29.38883996
38	48	180.546422	Rhizosphere	Root-adjacent	34.70628382
38	49	201.4430866	Rhizosphere	Root-adjacent	32.30455448
38	50	215.2369491	Rhizosphere	Root-adjacent	26.36544429
38	51	224.3493458	Rhizosphere	Root-adjacent	38.40820397
38	52	234.3046664	Rhizosphere	Root-adjacent	47.82402431
38	53	253.2382739	Rhizosphere	Root-adjacent	28.71540636
38	54	275.6000406	Rhizosphere	Root-adjacent	39.00543831
38	55	279.3812786	Rhizosphere	Root-adjacent	42.65878978
38	56	300.8814022	Rhizosphere	Root-adjacent	33.78334673
38	57	319.9177729	Rhizosphere	Root-adjacent	41.30483565
38	58	337.5925612	Rhizosphere	Root-adjacent	42.57596854
38	59	341.9687962	Rhizosphere	Root-adjacent	30.94871512
38	60	352.3901673	Rhizosphere	Root-adjacent	34.3044095
39	40	24.19314196	Rhizosphere	Root-adjacent	27.13782113
39	41	36.58672122	Rhizosphere	Root-adjacent	36.51393541
39	42	55.25888206	Rhizosphere	Root-adjacent	19.86519587
39	43	65.80289318	Rhizosphere	Root-adjacent	18.00377832
39	44	85.19734969	Rhizosphere	Root-adjacent	21.37676568
39	45	91.14796328	Rhizosphere	Root-adjacent	28.13619266
39	46	112.1139883	Rhizosphere	Root-adjacent	31.03836765
39	47	132.9141355	Rhizosphere	Root-adjacent	29.61560045
39	48	156.5433642	Rhizosphere	Root-adjacent	34.43694456
39	49	177.2975483	Rhizosphere	Root-adjacent	32.13526193
39	50	191.0016351	Rhizosphere	Root-adjacent	26.24798808
39	51	200.0362386	Rhizosphere	Root-adjacent	34.74339176
39	52	209.981258	Rhizosphere	Root-adjacent	44.13663105
39	53	228.9183046	Rhizosphere	Root-adjacent	28.75758762
39	54	251.2622661	Rhizosphere	Root-adjacent	38.06010297
39	55	255.0551238	Rhizosphere	Root-adjacent	40.90281242
39	56	276.6352108	Rhizosphere	Root-adjacent	31.03001609
39	57	295.782488	Rhizosphere	Root-adjacent	36.77198033
39	58	313.5613462	Rhizosphere	Root-adjacent	41.19286945
39	59	317.9532212	Rhizosphere	Root-adjacent	31.20837227
39	60	328.3177058	Rhizosphere	Root-adjacent	32.75666742
40	41	12.62147233	Rhizosphere	Root-adjacent	42.36939057
40	42	31.20192675	Rhizosphere	Root-adjacent	27.7955082
40	43	41.71202583	Rhizosphere	Root-adjacent	25.01943254
40	44	61.1559411	Rhizosphere	Root-adjacent	20.49395774
40	45	67.13621281	Rhizosphere	Root-adjacent	32.74435983
40	46	88.16802234	Rhizosphere	Root-adjacent	41.18327833
40	47	109.0242035	Rhizosphere	Root-adjacent	23.63289873
40	48	132.5856361	Rhizosphere	Root-adjacent	29.72155853
40	49	153.207318	Rhizosphere	Root-adjacent	26.24818815
40	50	166.845272	Rhizosphere	Root-adjacent	25.66695408
40	51	175.8443519	Rhizosphere	Root-adjacent	39.08680461
40	52	185.7881533	Rhizosphere	Root-adjacent	49.84395577
40	53	204.7253885	Rhizosphere	Root-adjacent	29.52503779
40	54	227.0709592	Rhizosphere	Root-adjacent	40.99745393
40	55	230.861998	Rhizosphere	Root-adjacent	42.95000961
40	56	252.4688087	Rhizosphere	Root-adjacent	33.01699007
40	57	271.6857437	Rhizosphere	Root-adjacent	42.360761
40	58	289.5411494	Rhizosphere	Root-adjacent	44.35454417
40	59	293.9448542	Rhizosphere	Root-adjacent	33.72280514
40	60	304.2645246	Rhizosphere	Root-adjacent	32.49559432
41	42	18.67218094	Rhizosphere	Root-adjacent	31.27379415
41	43	29.21824545	Rhizosphere	Root-adjacent	34.91167672
41	44	48.61745434	Rhizosphere	Root-adjacent	37.15243525
41	45	54.5800311	Rhizosphere	Root-adjacent	34.16122174
41	46	75.58591542	Rhizosphere	Root-adjacent	46.27920829
41	47	96.42795223	Rhizosphere	Root-adjacent	42.71511919
41	48	120.0119499	Rhizosphere	Root-adjacent	38.03325615
41	49	140.7115191	Rhizosphere	Root-adjacent	39.95168271
41	50	154.433596	Rhizosphere	Root-adjacent	39.96443267
41	51	163.5614126	Rhizosphere	Root-adjacent	33.19939214
41	52	173.5313508	Rhizosphere	Root-adjacent	38.24397067
41	53	192.4578653	Rhizosphere	Root-adjacent	33.80997627
41	54	214.8564974	Rhizosphere	Root-adjacent	24.09764754
41	55	218.6096958	Rhizosphere	Root-adjacent	31.29939652
41	56	240.0748378	Rhizosphere	Root-adjacent	40.53008185
41	57	259.1963532	Rhizosphere	Root-adjacent	33.85709332
41	58	276.9995166	Rhizosphere	Root-adjacent	30.44338438
41	59	281.3973135	Rhizosphere	Root-adjacent	34.49629533
41	60	291.7421707	Rhizosphere	Root-adjacent	33.73561152
42	43	10.55125997	Rhizosphere	Root-adjacent	21.53831568
42	44	29.95662977	Rhizosphere	Root-adjacent	21.89361188
42	45	35.93434877	Rhizosphere	Root-adjacent	25.81363242
42	46	56.97579987	Rhizosphere	Root-adjacent	32.7608733
42	47	77.84712767	Rhizosphere	Root-adjacent	27.51453488
42	48	101.3859069	Rhizosphere	Root-adjacent	30.40800095
42	49	122.0401542	Rhizosphere	Root-adjacent	29.32205278
42	50	135.7735029	Rhizosphere	Root-adjacent	26.16635694
42	51	144.9648252	Rhizosphere	Root-adjacent	31.08785905
42	52	154.9502996	Rhizosphere	Root-adjacent	40.7790259
42	53	173.8672412	Rhizosphere	Root-adjacent	26.05981585
42	54	196.2986749	Rhizosphere	Root-adjacent	32.451675
42	55	200.0260512	Rhizosphere	Root-adjacent	35.03871038
42	56	221.4180045	Rhizosphere	Root-adjacent	29.99017678
42	57	240.5247925	Rhizosphere	Root-adjacent	32.11228853
42	58	258.3442045	Rhizosphere	Root-adjacent	35.92966943
42	59	262.7457696	Rhizosphere	Root-adjacent	26.91730763
42	60	273.0778295	Rhizosphere	Root-adjacent	29.42403748
43	44	19.46230481	Rhizosphere	Root-adjacent	19.01130895
43	45	25.46512557	Rhizosphere	Root-adjacent	29.11917738
43	46	46.53914696	Rhizosphere	Root-adjacent	33.13066976
43	47	67.4317606	Rhizosphere	Root-adjacent	27.40890877
43	48	90.91344551	Rhizosphere	Root-adjacent	32.27396114
43	49	111.5029257	Rhizosphere	Root-adjacent	28.86671735
43	50	125.2222474	Rhizosphere	Root-adjacent	24.05971345
43	51	134.4316374	Rhizosphere	Root-adjacent	35.99665791
43	52	144.4232093	Rhizosphere	Root-adjacent	45.22862077
43	53	163.3356079	Rhizosphere	Root-adjacent	25.79560685
43	54	185.7801173	Rhizosphere	Root-adjacent	36.41297893
43	55	189.4966076	Rhizosphere	Root-adjacent	38.15726691
43	56	210.8667932	Rhizosphere	Root-adjacent	31.81499583
43	57	229.9860952	Rhizosphere	Root-adjacent	38.81525874
43	58	247.8310664	Rhizosphere	Root-adjacent	39.97119562
43	59	252.2369664	Rhizosphere	Root-adjacent	28.27888801
43	60	262.5528465	Rhizosphere	Root-adjacent	30.21917735
44	45	6.018204626	Rhizosphere	Root-adjacent	28.1496202
44	46	27.09652149	Rhizosphere	Root-adjacent	35.12158753
44	47	47.99556681	Rhizosphere	Root-adjacent	22.50702961
44	48	71.45114095	Rhizosphere	Root-adjacent	29.83585542
44	49	92.107008	Rhizosphere	Root-adjacent	25.58325716
44	50	105.9485267	Rhizosphere	Root-adjacent	21.7323114
44	51	115.377386	Rhizosphere	Root-adjacent	34.16286871
44	52	125.4047523	Rhizosphere	Root-adjacent	45.22552682
44	53	144.2786429	Rhizosphere	Root-adjacent	27.85637604
44	54	166.7946923	Rhizosphere	Root-adjacent	36.70022028
44	55	170.4453786	Rhizosphere	Root-adjacent	38.67324314
44	56	191.5913354	Rhizosphere	Root-adjacent	29.79777752
44	57	210.5903036	Rhizosphere	Root-adjacent	37.40297829
44	58	228.3875777	Rhizosphere	Root-adjacent	39.86759617
44	59	232.7894414	Rhizosphere	Root-adjacent	28.69398005
44	60	243.1247291	Rhizosphere	Root-adjacent	28.77731262
45	46	21.08034048	Rhizosphere	Root-adjacent	30.17047398
45	47	41.97879512	Rhizosphere	Root-adjacent	29.02672629
45	48	65.45482325	Rhizosphere	Root-adjacent	27.13658276
45	49	86.18458347	Rhizosphere	Root-adjacent	28.73148589
45	50	100.1031335	Rhizosphere	Root-adjacent	26.60439401
45	51	109.6489547	Rhizosphere	Root-adjacent	18.94460281
45	52	119.6907654	Rhizosphere	Root-adjacent	30.54896932
45	53	138.5397994	Rhizosphere	Root-adjacent	24.48683406
45	54	161.0856013	Rhizosphere	Root-adjacent	29.85066153
45	55	164.703883	Rhizosphere	Root-adjacent	31.29969118
45	56	185.7329566	Rhizosphere	Root-adjacent	34.89299632
45	57	204.6595658	Rhizosphere	Root-adjacent	25.74415324
45	58	222.4196456	Rhizosphere	Root-adjacent	29.01270886
45	59	226.8174478	Rhizosphere	Root-adjacent	31.2788268
45	60	237.1698822	Rhizosphere	Root-adjacent	27.06910212
46	47	20.89923431	Rhizosphere	Root-adjacent	37.18772318
46	48	44.42991763	Rhizosphere	Root-adjacent	39.95771921
46	49	65.4394229	Rhizosphere	Root-adjacent	40.54336761
46	50	79.65156469	Rhizosphere	Root-adjacent	31.85511969
46	51	89.6552927	Rhizosphere	Root-adjacent	36.45187763
46	52	99.72964109	Rhizosphere	Root-adjacent	43.64401003
46	53	118.4440592	Rhizosphere	Root-adjacent	37.08943515
46	54	141.0727023	Rhizosphere	Root-adjacent	45.96427888
46	55	144.5648969	Rhizosphere	Root-adjacent	46.08816203
46	56	165.1510134	Rhizosphere	Root-adjacent	42.81419534
46	57	183.821548	Rhizosphere	Root-adjacent	42.72458409
46	58	201.4595381	Rhizosphere	Root-adjacent	44.6410086
46	59	205.8446025	Rhizosphere	Root-adjacent	40.34781477
46	60	216.2494339	Rhizosphere	Root-adjacent	44.05011935
47	48	23.72802534	Rhizosphere	Root-adjacent	26.31390055
47	49	45.25716381	Rhizosphere	Root-adjacent	22.35191214
47	50	59.90236038	Rhizosphere	Root-adjacent	21.67294192
47	51	70.57681284	Rhizosphere	Root-adjacent	34.32651935
47	52	80.6180533	Rhizosphere	Root-adjacent	46.0440557
47	53	99.02765939	Rhizosphere	Root-adjacent	25.05762751
47	54	121.6892499	Rhizosphere	Root-adjacent	38.09511293
47	55	125.0006088	Rhizosphere	Root-adjacent	41.64793964
47	56	144.9557008	Rhizosphere	Root-adjacent	31.25220938
47	57	163.2714835	Rhizosphere	Root-adjacent	38.16393704
47	58	180.74066	Rhizosphere	Root-adjacent	40.02049968
47	59	185.1077638	Rhizosphere	Root-adjacent	28.78231387
47	60	195.5805905	Rhizosphere	Root-adjacent	29.35815655
48	49	21.93734987	Rhizosphere	Root-adjacent	24.10027675
48	50	36.93241113	Rhizosphere	Root-adjacent	28.86614895
48	51	48.30685206	Rhizosphere	Root-adjacent	31.29483987
48	52	58.16456652	Rhizosphere	Root-adjacent	41.17636872
48	53	76.10104022	Rhizosphere	Root-adjacent	26.38401133
48	54	98.70526029	Rhizosphere	Root-adjacent	34.34362881
48	55	101.8498112	Rhizosphere	Root-adjacent	33.22926047
48	56	121.3416681	Rhizosphere	Root-adjacent	34.01682401
48	57	139.5439288	Rhizosphere	Root-adjacent	32.21985984
48	58	157.0463454	Rhizosphere	Root-adjacent	35.62197274
48	59	161.4238625	Rhizosphere	Root-adjacent	30.64546115
48	60	171.8665631	Rhizosphere	Root-adjacent	27.20522051
49	50	15.0811477	Rhizosphere	Root-adjacent	26.74581074
49	51	26.88662609	Rhizosphere	Root-adjacent	32.77680573
49	52	36.48822135	Rhizosphere	Root-adjacent	44.54421341
49	53	54.17788714	Rhizosphere	Root-adjacent	25.12886398
49	54	76.76979653	Rhizosphere	Root-adjacent	35.0653248
49	55	79.9195813	Rhizosphere	Root-adjacent	36.05734523
49	56	99.74840324	Rhizosphere	Root-adjacent	32.30066233
49	57	118.4849467	Rhizosphere	Root-adjacent	36.09905244
49	58	136.4375149	Rhizosphere	Root-adjacent	37.65708
49	59	140.8754638	Rhizosphere	Root-adjacent	28.13447684
49	60	151.0814214	Rhizosphere	Root-adjacent	26.62335142
50	51	12.20538286	Rhizosphere	Root-adjacent	32.97651224
50	52	21.44799529	Rhizosphere	Root-adjacent	45.21040476
50	53	39.1932174	Rhizosphere	Root-adjacent	26.82257322
50	54	61.83249073	Rhizosphere	Root-adjacent	36.8801659
50	55	65.09835599	Rhizosphere	Root-adjacent	41.44656014
50	56	85.64709492	Rhizosphere	Root-adjacent	36.22118213
50	57	105.0926595	Rhizosphere	Root-adjacent	38.71041042
50	58	123.5378051	Rhizosphere	Root-adjacent	39.72926363
50	59	128.0314394	Rhizosphere	Root-adjacent	33.44179345
50	60	137.9330697	Rhizosphere	Root-adjacent	31.16332125
51	52	10.07591519	Rhizosphere	Root-adjacent	22.3541809
51	53	28.90572969	Rhizosphere	Root-adjacent	28.10890566
51	54	51.44727987	Rhizosphere	Root-adjacent	28.24731148
51	55	55.07145021	Rhizosphere	Root-adjacent	29.24244118
51	56	77.04942501	Rhizosphere	Root-adjacent	38.06029727
51	57	97.51481666	Rhizosphere	Root-adjacent	22.154533
51	58	116.55058	Rhizosphere	Root-adjacent	22.65585041
51	59	121.0948493	Rhizosphere	Root-adjacent	33.97034881
51	60	130.5236745	Rhizosphere	Root-adjacent	28.769093
52	53	18.9445648	Rhizosphere	Root-adjacent	37.93916144
52	54	41.39493118	Rhizosphere	Root-adjacent	35.50227878
52	55	45.07836269	Rhizosphere	Root-adjacent	34.85807758
52	56	67.4645952	Rhizosphere	Root-adjacent	46.66486724
52	57	88.3120723	Rhizosphere	Root-adjacent	29.71001959
52	58	107.5780456	Rhizosphere	Root-adjacent	27.55822062
52	59	112.1359939	Rhizosphere	Root-adjacent	43.45980165
52	60	121.322717	Rhizosphere	Root-adjacent	38.00564406
53	54	22.66280411	Rhizosphere	Root-adjacent	28.29473832
53	55	26.16683488	Rhizosphere	Root-adjacent	32.68707501
53	56	48.81056106	Rhizosphere	Root-adjacent	32.81362358
53	57	70.14403231	Rhizosphere	Root-adjacent	31.08617081
53	58	89.697812	Rhizosphere	Root-adjacent	32.18963705
53	59	94.26236486	Rhizosphere	Root-adjacent	25.58011084
53	60	103.0712546	Rhizosphere	Root-adjacent	23.75593218
54	55	4.647559062	Rhizosphere	Root-adjacent	28.68342046
54	56	29.43833253	Rhizosphere	Root-adjacent	38.29918258
54	57	51.81557676	Rhizosphere	Root-adjacent	30.57249627
54	58	71.71694938	Rhizosphere	Root-adjacent	24.7969582
54	59	76.2119636	Rhizosphere	Root-adjacent	29.88305474
54	60	83.86229525	Rhizosphere	Root-adjacent	28.81371311
55	56	24.80093992	Rhizosphere	Root-adjacent	37.66561006
55	57	47.17093202	Rhizosphere	Root-adjacent	29.37304668
55	58	67.07268221	Rhizosphere	Root-adjacent	28.55822446
55	59	71.56990435	Rhizosphere	Root-adjacent	32.98366966
55	60	79.27318261	Rhizosphere	Root-adjacent	31.01930477
56	57	22.40193483	Rhizosphere	Root-adjacent	38.72526992
56	58	42.29337309	Rhizosphere	Root-adjacent	41.32475536
56	59	46.77804446	Rhizosphere	Root-adjacent	28.28065458
56	60	54.62217456	Rhizosphere	Root-adjacent	35.57103268
57	58	19.90200864	Rhizosphere	Root-adjacent	26.75189143
57	59	24.41082287	Rhizosphere	Root-adjacent	34.95777441
57	60	33.01573995	Rhizosphere	Root-adjacent	28.09371203
58	59	4.564699185	Rhizosphere	Root-adjacent	34.37384683
58	60	15.19990971	Rhizosphere	Root-adjacent	32.19428177
59	60	11.48312758	Rhizosphere	Root-adjacent	29.69264492
