rank	genus	phylum	class	n_asvs	mean_relative_abundance	median_relative_abundance	prevalence	mean_surface	mean_shallow_subsurface	mean_root_adjacent	mean_west_third	prevalence_west_third	mean_central_third	prevalence_central_third	mean_east_third	prevalence_east_third
1	unclassified_genus			182590	0.3559286653	0.3639082483	0.9983700081	0.3363084735	0.4315784455	0.3105196888	0.348928831	0.9979123173	0.3741634038	1	0.3421177223	0.9968847352
2	Domibacillus	Bacillota	Bacilli	3390	0.06220266255	0.02521531761	0.9722901385	0.06137686563	0.04092129517	0.07995666556	0.07087730707	0.9812108559	0.06333393129	0.9953161593	0.04775342119	0.9283489097
3	Massilia	Pseudomonadota	Gammaproteobacteria	3637	0.03548144245	0.01583722311	0.9364303178	0.04850198129	0.02141898108	0.03656616258	0.03687854184	0.9749478079	0.04576744523	0.9976580796	0.01971404745	0.7975077882
4	Bacillus	Bacillota	Bacilli	4210	0.02972200496	0.01430748274	0.9828850856	0.03816812092	0.02638723745	0.02577388531	0.0155828566	0.9895615866	0.02114645165	0.9953161593	0.06222796548	0.9563862928
5	Microvirga	Pseudomonadota	Alphaproteobacteria	2197	0.02408208604	0.01843666108	0.9722901385	0.02539973456	0.02106375975	0.02547410517	0.03321551771	0.993736952	0.01946785499	0.9953161593	0.01659100469	0.9096573209
6	Flavisolibacter	Bacteroidota	Bacteroidia	2551	0.02048643799	0.01471018805	0.9421352893	0.02876954364	0.02002264358	0.01435856958	0.02492088676	0.9853862213	0.02266817103	0.9953161593	0.01096712034	0.8068535826
7	Noviherbaspirillum	Pseudomonadota	Gammaproteobacteria	4306	0.01920295398	0.01461344977	0.9437652812	0.02622847091	0.01762583381	0.01495694234	0.02224603949	0.9770354906	0.0209971538	0.9953161593	0.01227534874	0.8255451713
8	Streptomyces	Actinomycetota	Actinobacteria	3759	0.01802914941	0.005970910327	0.9087204564	0.01432727551	0.01910140878	0.02007253817	0.02604732331	0.9791231733	0.0170664333	0.9906323185	0.007344957783	0.6947040498
9	Herpetosiphon	Chloroflexota	Chloroflexia	1132	0.01516060777	0.007479710303	0.9160554197	0.01680349618	0.0206533136	0.009456229257	0.01452493209	0.9686847599	0.02188946752	0.9859484778	0.007158319717	0.7445482866
10	Paenibacillus	Bacillota	Bacilli	7600	0.01375262139	0.009560262215	0.9625101874	0.01081767096	0.01293708332	0.01671152764	0.01222717529	0.9812108559	0.01341863079	0.9906323185	0.01647319044	0.8971962617
11	Lysinibacillus	Bacillota	Bacilli	1452	0.0132477365	0.00382471878	0.9462102689	0.006511882127	0.006965176229	0.02358400925	0.01573390863	0.9728601253	0.01324199793	0.9859484778	0.00954547454	0.8535825545
12	Nocardioides	Actinomycetota	Actinobacteria	2844	0.01233201264	0.009635348254	0.9470252649	0.01190596025	0.01140596614	0.01341073671	0.0145346724	0.993736952	0.01358190474	1	0.007382548616	0.8068535826
13	Ammoniphilus	Bacillota	Bacilli	1300	0.01093471858	0.00516462652	0.9551752241	0.008931936304	0.01462877097	0.009537252444	0.005328617553	0.9415448852	0.01100704667	0.9929742389	0.01920399678	0.9252336449
14	Nibribacter	Bacteroidota	Bacteroidia	838	0.01093200366	0.001838137637	0.8394458028	0.01262384673	0.004673278202	0.01463497576	0.008294377529	0.8830897704	0.01809744888	0.9391100703	0.0053362959	0.6417445483
15	Planococcus	Bacillota	Bacilli	752	0.01025386653	0.001747698891	0.8247758761	0.01322789769	0.005962094663	0.01136953211	0.007380592677	0.8830897704	0.006188459755	0.8594847775	0.01994927732	0.691588785
16	Deinococcus	Deinococcota	Deinococci	1043	0.01023957767	0.0036219787	0.8818255909	0.01832735948	0.009353719824	0.004604254907	0.01391976944	0.9311064718	0.00835263197	0.9601873536	0.00725800122	0.7040498442
17	Rubrobacter	Actinomycetota	Rubrobacteria	2641	0.009626944669	0.004619043824	0.8883455583	0.009770662346	0.01376323176	0.006189416488	0.01071652813	0.9645093946	0.01188296107	0.9672131148	0.005000061547	0.6697819315
18	Rubellimicrobium	Pseudomonadota	Alphaproteobacteria	751	0.009064799889	0.00599572599	0.9217603912	0.01306107638	0.008926844057	0.006039370178	0.01165126185	0.9624217119	0.007642325854	0.9789227166	0.007097451395	0.785046729
19	Ramlibacter	Pseudomonadota	Gammaproteobacteria	1536	0.008137691266	0.007225890937	0.9217603912	0.008384961463	0.009322329014	0.006991422289	0.008093099186	0.9728601253	0.01068983226	0.9906323185	0.00480932803	0.753894081
20	Geodermatophilus	Actinomycetota	Actinobacteria	942	0.00811243594	0.00421982433	0.8924205379	0.01209973399	0.009119568534	0.004173633425	0.01236311342	0.9540709812	0.00503277957	0.9320843091	0.005866139237	0.7476635514
21	Ectobacillus	Bacillota	Bacilli	863	0.007801924035	0.003846481589	0.8834555827	0.00686514932	0.009721500609	0.006994163526	0.007308253042	0.9144050104	0.01060219213	0.981264637	0.004813618512	0.707165109
22	Neobacillus	Bacillota	Bacilli	366	0.007657508406	0.004691697391	0.934800326	0.007760742076	0.007864193128	0.00741035692	0.006866921144	0.9665970772	0.006812077021	0.9742388759	0.009961840181	0.8348909657
23	Metabacillus	Bacillota	Bacilli	595	0.007646741383	0.003895068173	0.9331703341	0.004401484018	0.005636387529	0.01180956956	0.005282114971	0.9457202505	0.008025829598	0.981264637	0.01067099491	0.8504672897
24	Adhaeribacter	Bacteroidota	Bacteroidia	1532	0.007545867984	0.004967921572	0.9087204564	0.009132009226	0.00802327817	0.005917307177	0.008606747	0.9791231733	0.00933136606	0.981264637	0.003587709957	0.707165109
25	Ellin6055	Pseudomonadota	Alphaproteobacteria	323	0.006254476949	0.002997024194	0.9030154849	0.009439844077	0.006283436416	0.003731291024	0.01123409205	0.9749478079	0.003418283129	0.9765807963	0.002596592607	0.6978193146
26	Acidiferrimicrobium	Actinomycetota	Acidimicrobiia	1321	0.006132437359	0.003108449545	0.9030154849	0.004652114483	0.009744383011	0.004390936973	0.006222629829	0.9331941545	0.00736187678	0.9484777518	0.004362428558	0.7975077882
27	Halomonas	Pseudomonadota	Gammaproteobacteria	454	0.005749861636	0	0.3471882641	0.002362223309	0.003441691325	0.01026381595	0.0005761395728	0.3194154489	0.0006226029364	0.2740046838	0.02029052311	0.4859813084
28	Arthrobacter	Actinomycetota	Actinobacteria	781	0.005587243936	0.001291804468	0.8712306438	0.004102852218	0.003161597168	0.00870193832	0.008561864752	0.9415448852	0.003986227764	0.9156908665	0.003278180182	0.707165109
29	Bradyrhizobium	Pseudomonadota	Alphaproteobacteria	45	0.005351842942	5.26918973e-05	0.6112469438	0.009139298424	0.005134781175	0.002553883225	0.0006289855716	0.5657620042	0.000926220518	0.6042154567	0.01828638953	0.6884735202
30	Solirubrobacter	Actinomycetota	Thermoleophilia	2609	0.005330192275	0.003626277618	0.8899755501	0.005748381879	0.007086086171	0.00359060977	0.006336597001	0.9603340292	0.005818686198	0.9695550351	0.003178619786	0.6791277259
31	Pseudomonas	Pseudomonadota	Gammaproteobacteria	458	0.005162344181	0.0002829146403	0.7595762021	0.004139986706	0.001942705508	0.008552638094	0.004294189438	0.739039666	0.006841220565	0.8407494145	0.004224543262	0.6822429907
32	Sphingoaurantiacus	Pseudomonadota	Alphaproteobacteria	323	0.004478223186	0.002948023524	0.890790546	0.005419234093	0.004126159655	0.004022696071	0.005455440855	0.9582463466	0.004428029274	0.9836065574	0.00308677626	0.6666666667
33	Pontibacter	Bacteroidota	Bacteroidia	670	0.00442485991	0.001000269736	0.8891605542	0.005300021662	0.003818712139	0.004225244148	0.001320659718	0.8830897704	0.003568006784	0.9648711944	0.01019678569	0.7975077882
34	Symbiobacterium	Bacillota	Symbiobacteriia	3610	0.004377248323	0.002112594033	0.8557457213	0.00445456208	0.00683492906	0.002341094149	0.003497270255	0.872651357	0.005417967499	0.9320843091	0.00430597856	0.7289719626
35	Roseomonas	Pseudomonadota	Alphaproteobacteria	675	0.004142488958	0.001980575129	0.8899755501	0.003686243526	0.003060265906	0.005370443144	0.003799933526	0.9645093946	0.005413178625	0.9836065574	0.002963359877	0.6542056075
36	Blastococcus	Actinomycetota	Actinobacteria	559	0.004035908759	0.001072164747	0.8280358598	0.006943582679	0.003797221118	0.001945793343	0.007065517875	0.9248434238	0.001999574806	0.868852459	0.002223858389	0.6292834891
37	Tumebacillus	Bacillota	Bacilli	923	0.003831590956	0.0002049115869	0.7351263244	0.004759219771	0.004202705472	0.002805277559	0.002499409635	0.8016701461	0.002584844234	0.7728337237	0.007477932709	0.5856697819
38	Nitrolancea	Chloroflexota	Chloroflexia	739	0.003273851866	0.0009897516851	0.847595762	0.003615722396	0.003628821879	0.002720224415	0.003021619458	0.8747390397	0.004547064272	0.9601873536	0.001956585904	0.6573208723
39	Chthoniobacter	Verrucomicrobiota	Verrucomicrobiia	1393	0.003236755151	0.001312887971	0.8606356968	0.002294425568	0.003467840784	0.003790558903	0.003547844127	0.9352818372	0.003581464955	0.9531615925	0.002314005287	0.6261682243
40	Pseudonocardia	Actinomycetota	Actinobacteria	1103	0.003210333259	0.00103916253	0.8549307253	0.002374948768	0.002910398971	0.004107037887	0.004088494625	0.9373695198	0.003364370887	0.9555035129	0.001695026836	0.5981308411
41	Lysobacter	Pseudomonadota	Gammaproteobacteria	398	0.003072873475	0.001051329623	0.8630806846	0.005336388972	0.002875407015	0.001455166633	0.003228506002	0.9206680585	0.003010580061	0.9461358314	0.002923500602	0.6666666667
42	Cytophaga	Bacteroidota	Bacteroidia	227	0.003005365541	0.0009096790508	0.8133659332	0.003699604413	0.002917782327	0.00253091901	0.002037654721	0.8371607516	0.004176435532	0.9320843091	0.002891616623	0.6199376947
43	Cellulomonas	Actinomycetota	Actinobacteria	490	0.002892427516	0.0009931001946	0.8019559902	0.00401124826	0.002647461969	0.002211268352	0.005016091888	0.9415448852	0.001727899667	0.8384074941	0.001272546386	0.5451713396
44	Saccharopolyspora	Actinomycetota	Actinobacteria	901	0.002859575764	0.0004390838381	0.7660961695	0.001545741354	0.001472316362	0.005005761909	0.0042048568	0.8475991649	0.003023973227	0.9297423888	0.0006334470023	0.4267912773
45	Aeromonas	Pseudomonadota	Gammaproteobacteria	26757	0.002770033107	0	0.1988590057	0.001601091729	0.002844281471	0.003627749492	0.002190161437	0.2275574113	0.003635190343	0.1943793911	0.002484476691	0.1619937695
46	Archangium	Myxococcota	Myxococcia	578	0.002710946064	0.0008140493786	0.8239608802	0.002698411961	0.002652742997	0.002767566433	0.002866237588	0.8997912317	0.002192209782	0.8782201405	0.003169250588	0.6386292835
47	CSP1-2	Dadabacteria	Dadabacteriia	49	0.0026882448	0.0005823525076	0.7310513447	0.002652754106	0.00393695154	0.00171239094	0.001461811302	0.7160751566	0.005045678578	0.9227166276	0.001382442377	0.4984423676
48	Devosia	Pseudomonadota	Alphaproteobacteria	622	0.002612739177	0.0008275678135	0.8427057865	0.001798296758	0.001395980112	0.004229949692	0.002520374215	0.9081419624	0.00271152015	0.9133489461	0.002619167033	0.6510903427
49	Segetibacter	Bacteroidota	Bacteroidia	471	0.002567618993	0.001327433628	0.8312958435	0.003660343426	0.002208001488	0.001999097434	0.002969364356	0.9081419624	0.002890798589	0.9391100703	0.001538230471	0.5732087227
50	Chelativorans	Pseudomonadota	Alphaproteobacteria	1073	0.002489902264	0.0003294440032	0.7766911165	0.000881027549	0.001391532815	0.004635430016	0.003294031369	0.8246346555	0.002373437909	0.8477751756	0.001444894284	0.6105919003
51	Pirellula	Planctomycetota	Planctomycetes	872	0.002465054056	0.001321081085	0.8638956805	0.001523947791	0.002738292413	0.002984015484	0.003049802866	0.9519832985	0.002552742167	0.962529274	0.00147584065	0.6012461059
52	Actinomadura	Actinomycetota	Actinobacteria	997	0.0023626274	0.0004097354497	0.7750611247	0.001913246768	0.002354172583	0.00272210183	0.002835826299	0.8705636743	0.003177616698	0.9274004684	0.0005724009092	0.4299065421
53	Halalkalibacter	Bacillota	Bacilli	208	0.002359105601	1.230239282e-05	0.5134474328	0.001323849655	0.00211451562	0.003368185757	0.0002513749753	0.3340292276	0.0002727988966	0.6229508197	0.008279529066	0.6355140187
54	Phenylobacterium	Pseudomonadota	Alphaproteobacteria	522	0.002303417225	0.001488482246	0.8810105949	0.002439355821	0.001875562561	0.002540639733	0.002273324915	0.9645093946	0.003069145178	0.9672131148	0.001329736166	0.6417445483
55	Escherichia-Shigella	Pseudomonadota	Gammaproteobacteria	258	0.002253709771	0	0.1768541157	0.003497985027	0.001356959546	0.00199799551	5.988855102e-05	0.1127348643	9.882277376e-05	0.1428571429	0.008393825384	0.3177570093
56	Prauserella	Actinomycetota	Actinobacteria	398	0.002100600962	5.394779876e-05	0.576202119	0.0006553191126	0.0004525540042	0.004559568766	0.0026490373	0.5741127349	0.002424570388	0.7822014052	0.0008512677823	0.3052959502
57	Steroidobacter	Pseudomonadota	Gammaproteobacteria	1064	0.002051071451	0.0007273166039	0.8353708231	0.001667151564	0.002016386918	0.002380255006	0.002913908092	0.9394572025	0.001785537542	0.925058548	0.001116754406	0.5607476636
58	Cnuella	Bacteroidota	Bacteroidia	198	0.002017626624	0.00106152605	0.8190709046	0.00258201559	0.001493529453	0.001995956427	0.001871767278	0.8997912317	0.002523956025	0.9344262295	0.00156175115	0.5451713396
59	Gemmatimonas	Gemmatimonadota	Gemmatimonadia	881	0.001957222996	0.001348329253	0.8761206194	0.002076908376	0.002606997521	0.00134100558	0.002575464475	0.9498956159	0.001855383308	0.9765807963	0.001170144736	0.6323987539
60	Oxalophagus	Bacillota	Bacilli	227	0.001915204818	0.0003451939286	0.7033414833	0.002216334589	0.003027506234	0.0007848100618	0.001122131146	0.7557411273	0.003055524072	0.8149882904	0.001581765464	0.476635514
61	Aquibacillus	Bacillota	Bacilli	315	0.001860318543	0	0.1760391198	0.0007249030191	0.002120085098	0.002542604444	8.459005147e-05	0.09185803758	5.937048541e-05	0.1217798595	0.006905735264	0.3738317757
62	Azospirillum	Pseudomonadota	Alphaproteobacteria	360	0.001820605861	0.0008543768888	0.858190709	0.001791028676	0.001104901019	0.002419100076	0.001506041978	0.8977035491	0.001614772651	0.9133489461	0.002563804867	0.7258566978
63	Gaiella	Actinomycetota	Thermoleophilia	583	0.00166918947	0.0007080967646	0.792991035	0.001407826364	0.002657432517	0.001079962624	0.001844605072	0.891440501	0.002011886388	0.9227166276	0.0009515706001	0.4735202492
64	Daejeonella	Bacteroidota	Bacteroidia	62	0.0016377194	0.000489312872	0.7579462103	0.001128003979	0.001005714942	0.002545752807	0.001683836141	0.8183716075	0.002250130682	0.9367681499	0.0007542628987	0.4299065421
65	Vallicoccus	Actinomycetota	Actinobacteria	138	0.00158292077	0.0004082100766	0.7416462918	0.002865039393	0.001439527594	0.0006919601629	0.002418089493	0.8538622129	0.0009123916135	0.7330210773	0.001228622114	0.5856697819
66	Telluribacter	Bacteroidota	Bacteroidia	308	0.001553239822	0.0003995155874	0.7465362673	0.001494006387	0.0009931286141	0.002049942791	0.001274024095	0.7724425887	0.001709047036	0.8641686183	0.001762631262	0.5514018692
67	Sphingomonas	Pseudomonadota	Alphaproteobacteria	754	0.001548788139	0.000685528689	0.7970660147	0.001863859378	0.001584561957	0.001272762135	0.002080711357	0.891440501	0.001099569665	0.8758782201	0.001352604546	0.5514018692
68	Roseisolibacter	Gemmatimonadota	Gemmatimonadia	730	0.001543158931	0.0007063975044	0.8109209454	0.002203974497	0.001764509026	0.0008466235383	0.002222640879	0.8997912317	0.00126817039	0.9227166276	0.0008950226514	0.5295950156
69	Mycobacterium	Actinomycetota	Actinobacteria	617	0.001518345795	0.0002942946518	0.7701711491	0.001049293959	0.0010214706	0.002285849449	0.002360627308	0.872651357	0.00102396593	0.8430913349	0.0009191163776	0.5202492212
70	Terribacillus	Bacillota	Bacilli	308	0.001506917686	0.0001706494683	0.7008964955	0.000949311604	0.0007688434691	0.002537794773	0.001526318172	0.8100208768	0.0008862214012	0.7142857143	0.002303629465	0.5202492212
71	DSSF69	Pseudomonadota	Alphaproteobacteria	188	0.00147812083	0.0001050267141	0.65199674	0.0006175477894	0.0005851833708	0.002871248135	0.001360624018	0.6972860125	0.001726275282	0.7728337237	0.001323351426	0.4236760125
72	Salmonella	Pseudomonadota	Gammaproteobacteria	195	0.001446850796	0	0.1206193969	0.002937477755	0.0006346683297	0.0009298218729	4.152395236e-05	0.05427974948	5.595367901e-05	0.1030444965	0.005394092623	0.2429906542
73	Sediminibacillus	Bacillota	Bacilli	253	0.001374931866	0	0.1646291769	0.0005174146407	0.0008477680023	0.002471653046	2.897356439e-05	0.08768267223	4.279023576e-05	0.08430913349	0.005155425642	0.3862928349
74	Croceibacterium	Pseudomonadota	Alphaproteobacteria	200	0.001361930201	0.000473596969	0.8427057865	0.0009722165776	0.000936456271	0.002009776266	0.001401047055	0.9290187891	0.0009496460923	0.8899297424	0.001851987338	0.6510903427
75	Marmoricola	Actinomycetota	Actinobacteria	178	0.001290434733	0.0006564110258	0.7872860636	0.0015562048	0.001495550527	0.0009169841367	0.001986756656	0.8997912317	0.0009785370359	0.8782201405	0.0006662668683	0.4984423676
76	Litchfieldia	Bacillota	Bacilli	175	0.001256991245	0	0.3325183374	0.0004484174825	0.001618640922	0.001600875028	0.000570010869	0.3215031315	0.0002638550284	0.2716627635	0.003603199236	0.4299065421
77	Pelagibacterium	Pseudomonadota	Alphaproteobacteria	150	0.001218724957	0	0.4506927465	0.0002573966273	0.0002841976799	0.002724355823	0.001063552765	0.4279749478	0.0009384377965	0.5035128806	0.001823117783	0.4143302181
78	Pir4 lineage	Planctomycetota	Planctomycetes	540	0.001182068647	0.0001951414776	0.7563162184	0.0005620984423	0.0006839740633	0.002068994707	0.0009659799226	0.8058455115	0.001015876262	0.8173302108	0.001725590912	0.6012461059
79	Peredibacter	Bdellovibrionota	Bacteriovoracia	1008	0.001178269095	0.000625470447	0.8508557457	0.0009830847859	0.00116302344	0.001343706137	0.0007678131521	0.8747390397	0.001358354165	0.9531615925	0.0015512039	0.6791277259
80	Verrucosispora	Actinomycetota	Actinobacteria	57	0.001172146188	0.0001757297667	0.6487367563	0.0006447816339	0.000824006802	0.001865860787	0.001160978803	0.6784968685	0.0009948687468	0.8196721311	0.001424627947	0.3769470405
81	Novosphingobium	Pseudomonadota	Alphaproteobacteria	193	0.00116733135	0.0002484833945	0.7343113284	0.0011994505	0.0009242513659	0.001337510993	0.001047036336	0.8350730689	0.00185101346	0.8454332553	0.0004373907	0.4361370717
82	Arcticibacter	Bacteroidota	Bacteroidia	263	0.001135468042	0.0003298113238	0.7326813366	0.001006035045	0.0006284545641	0.001644584519	0.00116459589	0.8225469729	0.001369615617	0.8524590164	0.0007805357887	0.4392523364
83	MND1	Pseudomonadota	Gammaproteobacteria	758	0.001127391293	0.0004070202392	0.7905460473	0.000944446339	0.001755266189	0.0007662840944	0.001162987005	0.8705636743	0.001028882019	0.8946135831	0.001205313767	0.5327102804
84	Limnobacter	Pseudomonadota	Gammaproteobacteria	124	0.001075748905	4.463963794e-05	0.5672371638	0.001954776039	0.001042196528	0.0004128488234	0.002193953282	0.8350730689	0.000402744363	0.5011709602	0.0003023938963	0.2554517134
85	Kocuria	Actinomycetota	Actinobacteria	148	0.001064161009	0.0001390218038	0.6218418908	0.001322724564	0.0007307518636	0.001129231141	0.001173342267	0.7473903967	0.0004286746347	0.5761124122	0.001746574901	0.4953271028
86	Opitutus	Verrucomicrobiota	Verrucomicrobiia	531	0.0010482208	0.0005716012183	0.7832110839	0.0006849708276	0.001571681667	0.0009125465365	0.000923193965	0.8559498956	0.001505132601	0.9344262295	0.0006269949881	0.4735202492
87	Mesobacillus	Bacillota	Bacilli	176	0.001025695753	5.712735115e-05	0.5664221679	0.0003470467423	0.001010334758	0.001570653499	0.0005287700582	0.6263048017	0.0006988016239	0.6206088993	0.002202054636	0.4049844237
88	Brucella	Pseudomonadota	Alphaproteobacteria	32	0.001022302901	0	0.2991035045	0.0006502694767	0.0018345451	0.0006614002774	0.0002463791578	0.3068893528	0.0003348041252	0.3419203747	0.003094668791	0.230529595
89	Pedomicrobium	Pseudomonadota	Alphaproteobacteria	331	0.001009931149	0.0001501370342	0.6992665037	0.0009906504611	0.000892732335	0.001119266937	0.0009937907665	0.7766179541	0.001087940611	0.8430913349	0.0009302464214	0.3925233645
90	Acidibacter	Pseudomonadota	Gammaproteobacteria	1157	0.001006287989	0.0002706168946	0.7701711491	0.0007215467849	0.001527008965	0.000811201567	0.000875662683	0.8183716075	0.0009711509339	0.9039812646	0.001247948562	0.5202492212
91	Kallotenue	Chloroflexota	Chloroflexia	226	0.001002963342	1.699084571e-05	0.5175224124	0.001651921532	0.001084905277	0.000427789663	0.002161402068	0.7954070981	0.0001191913424	0.3606557377	0.0004499368441	0.3115264798
92	Pantoea	Pseudomonadota	Gammaproteobacteria	121	0.0009743546397	0	0.4123879381	0.0005959078435	0.0002078182838	0.0018875035	0.001218035357	0.4530271399	0.001274891216	0.4824355972	0.0002109522058	0.2585669782
93	Saccharomonospora	Actinomycetota	Actinobacteria	121	0.0009700366092	0	0.4979625102	0.000370833245	0.0002719317842	0.002001432368	0.0008998777565	0.4885177453	0.00102534204	0.5409836066	0.001001160196	0.4548286604
94	Streptococcus	Bacillota	Bacilli	116	0.0009660780857	0	0.3854930725	0.0003782468079	0.00155949133	0.000950429962	0.0002405954141	0.375782881	0.001815213135	0.4800936768	0.000919117131	0.2741433022
95	Isoptericola	Actinomycetota	Actinobacteria	28	0.000954626358	0.0001384056922	0.6422167889	0.0005648645559	0.0006490434428	0.001506142141	0.0008869689082	0.7098121086	0.0006856378429	0.6885245902	0.001413398988	0.4797507788
96	Saccharibacillus	Bacillota	Bacilli	114	0.0009524266891	2.307472483e-05	0.5248573757	0.0009474530967	0.0004067284951	0.001394960842	0.000941363954	0.5553235908	0.001209817342	0.6510538642	0.000626548937	0.3115264798
97	Actinophytocola	Actinomycetota	Actinobacteria	341	0.000943445052	0.0001042155177	0.6454767726	0.0007823578431	0.0008474538689	0.001147025395	0.001360899625	0.764091858	0.0009472017149	0.7658079625	0.000315517216	0.308411215
98	Bryobacter	Acidobacteriota	Acidobacteriae	541	0.0009373607021	0.0002910910407	0.7571312143	0.0008573544461	0.0009860455753	0.0009610176441	0.001304014168	0.885177453	0.0007759758413	0.8641686183	0.0006049131177	0.4236760125
99	Nitrospira	Nitrospirota	Nitrospiria	642	0.0009246869715	0.0003978637227	0.7799511002	0.0007476200609	0.001325345225	0.0007416027858	0.001145200214	0.866388309	0.0008801394185	0.8852459016	0.0006548924597	0.5109034268
100	Sporocytophaga	Bacteroidota	Bacteroidia	359	0.0009202266372	0.000177993366	0.7090464548	0.001206639766	0.00102057101	0.0006147901605	0.001191084086	0.7954070981	0.0007167429809	0.7634660422	0.000786727582	0.507788162
101	Rhodocista	Pseudomonadota	Alphaproteobacteria	67	0.0008900670852	4.345151383e-05	0.5525672372	0.001000547967	0.000395686849	0.001200742153	0.0002554624638	0.4300626305	0.0007982868096	0.6557377049	0.001959119395	0.5981308411
102	OM27 clade	Bdellovibrionota	Bdellovibrionia	978	0.0008836981615	0.0005944431149	0.8728606357	0.000698146457	0.001019827948	0.0009199002405	0.0009241543164	0.9144050104	0.001005060421	0.9578454333	0.0006618907384	0.6978193146
103	TM7a	Patescibacteria	Saccharimonadia	290	0.0008529614613	5.649637717e-05	0.586797066	0.0004456428044	0.0003908255779	0.001544092921	0.000796146067	0.5949895616	0.001156827073	0.718969555	0.0005335345384	0.3987538941
104	Arenimicrobium	Acidobacteriota	Blastocatellia	540	0.0008507715849	0	0.2754686227	0.0004794831999	0.001470427161	0.0006440848856	0.001441136394	0.5010438413	0.0001418522976	0.1569086651	0.0009128394737	0.09657320872
105	Truepera	Deinococcota	Deinococci	315	0.0008470810065	0	0.4743276284	0.0005917068353	0.0005459679085	0.001289535188	0.0002961066926	0.5010438413	0.0001845940136	0.4332552693	0.002550503568	0.4890965732
106	Roseicella	Pseudomonadota	Alphaproteobacteria	124	0.0008407993419	0.0004976782229	0.7872860636	0.0007868925784	0.0008802396218	0.0008514039185	0.00092617678	0.8684759916	0.0008423879689	0.868852459	0.0007112848976	0.5576323988
107	Parviterribacter	Actinomycetota	Thermoleophilia	710	0.0008278428824	0.0004430511456	0.8076609617	0.0008787709919	0.001152330956	0.0005270512939	0.001006813762	0.8997912317	0.0008443308647	0.9016393443	0.000538847805	0.5451713396
108	Georgenia	Actinomycetota	Actinobacteria	292	0.0008236833453	2.036971024e-05	0.5224123879	0.0008185418833	0.0004119386453	0.001158677764	0.0007611721546	0.5782881002	0.000769439089	0.5199063232	0.0009891199738	0.4423676012
109	Gracilibacillus	Bacillota	Bacilli	339	0.0008218399591	0	0.2876935615	0.0001443177806	0.0004564195761	0.001647290205	0.000295376004	0.2400835073	0.0005220402948	0.3021077283	0.002006234636	0.3395638629
110	Turicibacter	Bacillota	Bacilli	39	0.0007915215543	0	0.3920130399	0.0001736342554	0.0001797439184	0.001768191079	0.001770156742	0.4864300626	0.0001242268642	0.4379391101	0.0002188379967	0.1900311526
111	Dongia	Pseudomonadota	Alphaproteobacteria	245	0.0007834315128	0.0001907140704	0.7098614507	0.0005188251863	0.0008346239	0.0009499489262	0.0009404259896	0.7912317328	0.0009622458415	0.8852459016	0.0003113004451	0.3551401869
112	Zhihengliuella	Actinomycetota	Actinobacteria	297	0.0007818498173	0	0.1075794621	2.769968739e-05	7.935141816e-05	0.001938380911	5.872174841e-05	0.1043841336	0.002149550053	0.1381733021	4.157051588e-05	0.07165109034
113	Falsirhodobacter	Pseudomonadota	Alphaproteobacteria	47	0.000780608327	0	0.4148329258	0.0006751893856	0.0004913283739	0.001095864674	0.0005616712189	0.3048016701	0.001123694165	0.5925058548	0.0006509298901	0.3426791277
114	Brevibacillus	Bacillota	Bacilli	263	0.0007776065133	7.248014257e-05	0.6405867971	0.001285613564	0.0006330218365	0.0004951342329	0.000436285604	0.6680584551	0.0004917539524	0.7213114754	0.001667175856	0.492211838
115	Oceanobacillus	Bacillota	Bacilli	416	0.0007743556025	0	0.4498777506	0.0002982388948	0.0002116075339	0.001600352289	0.0008288951482	0.5177453027	0.0009145204414	0.4332552693	0.0005065212455	0.3707165109
116	Glycomyces	Actinomycetota	Actinobacteria	280	0.0007726524831	3.42947289e-05	0.5639771801	0.0005524315434	0.0008210460809	0.0009065854552	0.0005608590419	0.617954071	0.001352431572	0.7259953162	0.000317460544	0.2679127726
117	Neorhizobium	Pseudomonadota	Alphaproteobacteria	53	0.0007572501192	2.956268345e-05	0.5281173594	0.0003869418478	0.0003330207969	0.001388866256	0.001127295732	0.5803757829	0.000615705057	0.6112412178	0.0003933494739	0.3395638629
118	Nitrosomonas	Pseudomonadota	Gammaproteobacteria	31	0.0007410326105	0	0.1890790546	0.002325818643	8.461411969e-05	2.490400432e-05	0.0001112536768	0.3528183716	2.377586991e-05	0.1358313817	0.002634904067	0.01557632399
119	Saccharothrix	Actinomycetota	Actinobacteria	211	0.0007386224183	0	0.4686226569	0.0002545873131	0.0008525601241	0.001026915231	0.0008164369386	0.6158663883	0.001118554087	0.5081967213	0.0001171146998	0.1962616822
120	Staphylococcus	Bacillota	Bacilli	300	0.0007251099878	0	0.3308883456	0.001327670964	0.0001861086208	0.0006854619665	0.0002050514314	0.2881002088	0.0002405206607	0.3278688525	0.002145757001	0.3987538941
121	Nafulsella	Bacteroidota	Bacteroidia	71	0.0007143453788	0	0.06438467808	0.0003241671472	0.0009685287988	0.0008162492166	1.734553499e-06	0.01461377871	1.423703522e-05	0.03044496487	0.002709008457	0.1838006231
122	Gemmata	Planctomycetota	Planctomycetes	756	0.0007111967101	0.0001764488019	0.7074164629	0.0003418671087	0.0006686618133	0.001035239764	0.0007691050022	0.8225469729	0.0008645665728	0.8243559719	0.0004207699087	0.3800623053
123	Lautropia	Pseudomonadota	Gammaproteobacteria	100	0.0007057054586	0.0002919623721	0.7530562347	0.000894527543	0.0008707455464	0.0004248571699	0.000773385464	0.8517745303	0.0006982589951	0.8384074941	0.0006146179737	0.492211838
124	Nesterenkonia	Actinomycetota	Actinobacteria	376	0.0007002024988	0	0.2216788916	0.0001465781313	6.63367191e-05	0.001644192218	0.0004425444552	0.254697286	0.00137485824	0.2459016393	0.0001872436243	0.1401869159
125	Caulobacter	Pseudomonadota	Alphaproteobacteria	70	0.000698332485	0	0.3602281989	0.0001441862197	0.0001369581939	0.00158446332	0.0004976312477	0.5073068894	0.0001528084594	0.2857142857	0.001723487163	0.2398753894
126	Kineococcus	Actinomycetota	Actinobacteria	129	0.0006878230539	7.369678651e-05	0.5827220864	0.001382651437	0.0004209659065	0.0003570138024	0.0003997739533	0.6325678497	0.000241955187	0.5995316159	0.001710754825	0.4859813084
127	Baekduia	Actinomycetota	Thermoleophilia	399	0.0006750626701	0.0003124060159	0.7905460473	0.0006725311373	0.0008566478238	0.0005310917559	0.0007383965781	0.8768267223	0.0005875371311	0.887587822	0.0006969831163	0.5327102804
128	Niallia	Bacillota	Bacilli	76	0.0006675295647	0.000108736175	0.6169519152	0.0004936879178	0.0004842364693	0.0009512927756	0.000948314152	0.7870563674	0.0003405880851	0.6018735363	0.000683442943	0.3831775701
129	Brevundimonas	Pseudomonadota	Alphaproteobacteria	133	0.0006645473252	0.0001535360339	0.6976365118	0.0003690281868	0.0003131127134	0.001178955989	0.0005102542072	0.7306889353	0.0007355757828	0.8454332553	0.0008003020047	0.4517133956
130	Conexibacter	Actinomycetota	Thermoleophilia	439	0.0006418300894	0.0002874904784	0.7669111654	0.000877665575	0.0007628298275	0.0003594847289	0.0007944400505	0.866388309	0.0005990003016	0.8430913349	0.0004710766565	0.5171339564
131	Methylobacillus	Pseudomonadota	Gammaproteobacteria	142	0.000640947366	0.000153046626	0.6919315403	0.0004540267291	0.000547769471	0.000862540731	0.0007031344203	0.7244258873	0.0006803639129	0.8009367681	0.0004957185047	0.4984423676
132	Enterococcus	Bacillota	Bacilli	154	0.0006312065657	0	0.1817440913	0.001307108589	0.0004540802493	0.0002431254983	8.87253989e-05	0.1503131524	0.0002877663789	0.149882904	0.001897553727	0.2710280374
133	Amycolatopsis	Actinomycetota	Actinobacteria	227	0.0006308570114	0	0.4702526487	0.0001752722444	0.0002020308393	0.001333093942	0.0004156064672	0.4697286013	0.0006093651582	0.6276346604	0.0009806452731	0.261682243
134	YC-ZSS-LKJ147	Gemmatimonadota	Longimicrobiia	325	0.0006308412783	0	0.435207824	0.0007030735097	0.0008048049304	0.0004343211485	0.0007866501529	0.5657620042	0.0004671760751	0.4285714286	0.0006160518417	0.2492211838
135	Rubritepida	Pseudomonadota	Alphaproteobacteria	54	0.0006222925353	0.0001649354003	0.6666666667	0.0009360858554	0.0006360715191	0.0003649488478	0.0009430525076	0.8016701461	0.0004903259585	0.7142857143	0.0003191950326	0.4018691589
136	[Polyangium] brachysporum group	Pseudomonadota	Gammaproteobacteria	207	0.000620266911	0.0002570127163	0.7555012225	0.0004461408469	0.0006539539874	0.0007298452227	0.0005804354133	0.8037578288	0.0009129287222	0.9320843091	0.0002903999142	0.4485981308
137	Aeromicrobium	Actinomycetota	Actinobacteria	95	0.0006160651599	6.744919567e-05	0.5786471068	0.0006984601235	0.0004759211987	0.0006640481192	0.0006484964829	0.7160751566	0.0006904271617	0.5807962529	0.0004687530773	0.3707165109
138	Hydrocarboniphaga	Pseudomonadota	Gammaproteobacteria	77	0.0006119036521	0	0.3121434393	0.0004967877462	0.0004711669574	0.0008153715799	0.0006233588302	0.3215031315	0.0009562481216	0.3981264637	0.0001367568648	0.1838006231
139	Salinimicrobium	Bacteroidota	Bacteroidia	135	0.0006087463915	0	0.09861450693	0.0004647083612	0.0001801091317	0.00106632644	5.160603216e-05	0.05636743215	3.984633672e-06	0.06323185012	0.002244582848	0.2087227414
140	Thermithiobacillus	Pseudomonadota	Gammaproteobacteria	6	0.0006066016034	0	0.0293398533	0.0003987508849	0.001473847322	7.263503885e-05	7.068265218e-06	0.01878914405	4.506921263e-06	0.01405152225	0.002302149573	0.06542056075
141	Paracoccus	Pseudomonadota	Alphaproteobacteria	194	0.0006028233986	0	0.4506927465	0.000282945736	0.0001100231001	0.00124997826	0.001047469918	0.5344467641	0.0004009038342	0.4918032787	0.0002079136518	0.2710280374
142	Subgroup 10	Acidobacteriota	Thermoanaerobaculia	411	0.000588045145	0	0.4661776691	0.0002051828428	0.0007284835303	0.0007756353382	0.0005125898999	0.5636743215	0.0002386522822	0.5175644028	0.001165409054	0.2523364486
143	Plastorhodobacter	Pseudomonadota	Alphaproteobacteria	19	0.0005652732861	0	0.3553382233	0.0005424077793	0.00021963676	0.000861040132	0.0001805272612	0.1649269311	0.0006353748602	0.5081967213	0.001046145479	0.4361370717
144	Rufibacter	Bacteroidota	Bacteroidia	116	0.0005596033865	8.76995164e-05	0.597392013	0.0007826912965	0.0003362997613	0.0005640126243	0.0007207605677	0.7202505219	0.0005673646935	0.6791569087	0.0003087985023	0.3052959502
145	Rhodococcus	Actinomycetota	Actinobacteria	58	0.0005575250803	0	0.3145884271	0.0002334407066	0.0002117273315	0.001089821134	0.0004455433824	0.4237995825	0.0009157056057	0.3091334895	0.0002481672889	0.1588785047
146	Polygonibacillus	Bacillota	Bacilli	76	0.0005508945278	0	0.1923390383	0.0002007299571	0.0008468264907	0.0005878378662	2.965009968e-05	0.08559498956	2.595300959e-05	0.1428571429	0.002026988326	0.4174454829
147	Corynebacterium	Actinomycetota	Actinobacteria	172	0.0005454454247	0	0.3561532192	0.0009978110997	0.0001557363991	0.0005036713901	8.291648408e-05	0.3653444676	0.0004386679554	0.3957845433	0.001377673904	0.2897196262
148	Cystobacter	Myxococcota	Myxococcia	242	0.0005385816068	7.190135135e-05	0.6006519967	0.000745828412	0.0004942613947	0.0004115566897	0.0004730432137	0.6555323591	0.0004231372887	0.6791569087	0.0007899448906	0.4143302181
149	Blastocatella	Acidobacteriota	Blastocatellia	153	0.0005332444611	4.471811328e-05	0.5533822331	0.00051624643	0.0006313645038	0.0004677160463	0.001005579182	0.7703549061	0.0003289361653	0.5644028103	0.0001001955863	0.214953271
150	Sumerlaea	Sumerlaeota	Sumerlaeia	295	0.000525454998	0.0002052840539	0.7579462103	0.0004854770915	0.0006367906042	0.0004673387856	0.0005608489569	0.8684759916	0.0005186955516	0.8430913349	0.0004816312515	0.4797507788
151	Herbaspirillum	Pseudomonadota	Gammaproteobacteria	188	0.0005148917804	0.0002628961655	0.7538712306	0.000629394615	0.0005188800113	0.0004218230665	0.0005618008679	0.8517745303	0.0005876625671	0.8618266979	0.0003480924696	0.4641744548
152	Caenimonas	Pseudomonadota	Gammaproteobacteria	82	0.0005127163872	0.0001742878498	0.6617766911	0.0004564572572	0.0006750908759	0.0004263529191	0.0005466036939	0.7954070981	0.0007526982678	0.8149882904	0.0001429211131	0.2585669782
153	Pajaroellobacter	Myxococcota	Polyangiia	439	0.0004862199478	0.0002219122496	0.7563162184	0.000292637928	0.000469838057	0.0006513127996	0.0004795902828	0.8225469729	0.0005532652998	0.9086651054	0.0004069278736	0.4548286604
154	Halopolyspora	Actinomycetota	Actinobacteria	73	0.000481129059	0	0.07660961695	5.41467322e-05	1.729561839e-05	0.001189057258	2.84103465e-05	0.05219206681	1.49890088e-05	0.06557377049	0.001776749198	0.1277258567
155	Arsenicitalea	Pseudomonadota	Alphaproteobacteria	74	0.0004781378407	8.099953425e-05	0.5713121434	0.0001928449706	0.0002801663816	0.0008611675319	0.0004888579943	0.624217119	0.000541072154	0.6533957845	0.0003784247399	0.3831775701
156	Aridibacter	Acidobacteriota	Blastocatellia	113	0.0004753398674	4.050541224e-05	0.5501222494	0.0005993689731	0.0006114955061	0.0002685590116	0.0008347042603	0.7766179541	0.0002887419861	0.5175644028	0.0001873079396	0.2554517134
157	Salirhabdus	Bacillota	Bacilli	149	0.0004665789944	0	0.1149144254	0.0002040451945	0.0006098493568	0.0005574578246	2.834000142e-05	0.04175365344	3.257495727e-05	0.04449648712	0.00169784442	0.3177570093
158	Polycyclovorans	Pseudomonadota	Gammaproteobacteria	355	0.0004644813415	1.442876519e-05	0.5232273839	0.0001364423532	0.0007352662977	0.0005042733993	0.0004600723471	0.5636743215	0.0006873993657	0.6674473068	0.0001745309117	0.2710280374
159	Myxococcus	Myxococcota	Myxococcia	80	0.0004531258581	1.599763235e-05	0.5052974735	0.0003043225399	0.0004115539238	0.0006033236245	0.0004176343599	0.6096033403	0.0006076019546	0.5409836066	0.000300599797	0.3021806854
160	Aureibacillus	Bacillota	Bacilli	75	0.0004522791723	5.317915922e-05	0.5427872861	0.0004247755751	0.0005456353495	0.000398824815	0.0002285712435	0.496868476	0.0007475500704	0.7353629977	0.0003933241081	0.3551401869
161	Limosilactobacillus	Bacillota	Bacilli	225	0.0004509977423	0	0.108394458	0.0004136283133	0.0006707526099	0.0003036872423	6.431499775e-05	0.1022964509	2.796962648e-05	0.06791569087	0.001590729954	0.1713395639
162	Pannonibacter	Pseudomonadota	Alphaproteobacteria	32	0.0004480313125	0	0.3610431948	0.0004253966658	0.0003799962778	0.0005204816011	0.0003219029353	0.2463465553	0.0004946187392	0.4964871194	0.0005742701334	0.3520249221
163	Cupriavidus	Pseudomonadota	Gammaproteobacteria	125	0.0004462701095	0	0.4767726161	0.0003251072105	0.0001773753994	0.0007574968669	0.0005138058998	0.5386221294	0.0006007586244	0.5971896956	0.00013998899	0.2242990654
164	Candidatus Ancillula	Actinomycetota	Actinobacteria	155	0.0004444166721	0	0.1687041565	4.420355938e-05	1.812946094e-05	0.001101156557	0.0002003201116	0.1732776618	0.001004987752	0.2295081967	6.297867064e-05	0.08099688474
165	RCP1-48	Pseudomonadota	Gammaproteobacteria	2	0.0004427545832	0	0.01385493073	4.39593861e-06	0.001407628622	1.121957732e-05	2.702268636e-07	0.002087682672	1.276100211e-07	0.002341920375	0.001691825375	0.04672897196
166	Rhizorhabdus	Pseudomonadota	Alphaproteobacteria	57	0.0004421112403	0	0.4629176854	0.0004074762659	0.0003313654434	0.0005583103101	0.000572092225	0.6012526096	0.0003502087216	0.4824355972	0.0003704024671	0.230529595
167	Ornithinibacillus	Bacillota	Bacilli	176	0.000441132662	0	0.4123879381	0.000168108495	0.0002736625906	0.0007900168124	0.0002829981208	0.3987473904	0.0003552713191	0.4730679157	0.0007913172059	0.3520249221
168	Longispora	Actinomycetota	Actinobacteria	219	0.0004348931996	0	0.4718826406	0.000197413334	0.0006456040486	0.0004519009561	0.0004412182374	0.5344467641	0.000275299747	0.5667447307	0.0006377489978	0.2523364486
169	Azohydromonas	Pseudomonadota	Gammaproteobacteria	710	0.0004348722278	6.961386967e-05	0.6218418908	0.0003592640648	0.0005802654361	0.0003773435871	0.0003115491443	0.6200417537	0.0007002405764	0.8266978923	0.000265898621	0.3520249221
170	Candidatus Alysiosphaera	Pseudomonadota	Alphaproteobacteria	181	0.000426346836	0.0001397624039	0.760391198	0.000324038752	0.000421554534	0.0005104912965	0.0004260775144	0.8058455115	0.0003828015646	0.8899297424	0.0004846734276	0.5202492212
171	Limibaculum	Pseudomonadota	Alphaproteobacteria	76	0.0004224181737	0	0.2697636512	0.0001855105191	0.0002870661071	0.0007171413485	7.245434676e-05	0.2338204593	9.764904906e-05	0.2224824356	0.001376652097	0.3862928349
172	SH-PL14	Planctomycetota	Planctomycetes	168	0.0004217875484	1.03495884e-05	0.5134474328	0.000479955701	0.0002262864099	0.0005332799134	0.0004100479099	0.5490605428	0.0002877854357	0.6159250585	0.0006175576075	0.3239875389
173	Abditibacterium	Abditibacteriota	Abditibacteriia	566	0.0004199752945	6.28747667e-05	0.6373268134	0.0003700492686	0.0004452438634	0.0004388469336	0.0006536563445	0.7703549061	0.0003608122956	0.7236533958	0.0001499733555	0.3239875389
174	Tepidisphaera	Planctomycetota	Phycisphaerae	122	0.0004189676168	0	0.4572127139	0.0002847245984	0.000285133703	0.0006318982583	0.000457396855	0.48434238	0.000377806165	0.5316159251	0.0004163767598	0.3177570093
175	SM1A02	Planctomycetota	Phycisphaerae	400	0.0004183461829	6.360454241e-05	0.6568867156	0.0003946936116	0.0002667193256	0.0005587862446	0.0002774277877	0.6889352818	0.000480213496	0.7353629977	0.0005463292629	0.5046728972
176	Enterobacter	Pseudomonadota	Gammaproteobacteria	18	0.0004153961683	0	0.09698451508	0.0001541101463	0.00107286497	9.198432625e-05	9.446826982e-05	0.1231732777	2.527808711e-05	0.08430913349	0.001413230698	0.07476635514
177	Anaeromyxobacter	Myxococcota	Myxococcia	311	0.0004078521988	0.0002647625487	0.782396088	0.0004397864107	0.0004657290741	0.0003362686202	0.0004288401909	0.8392484342	0.000497075222	0.9133489461	0.0002578475911	0.523364486
178	Ohtaekwangia	Bacteroidota	Bacteroidia	462	0.0004077742963	3.864634728e-05	0.5615321923	0.0001812629338	0.0003252394666	0.0006518839946	0.0002546061087	0.5532359081	0.0006470236842	0.7213114754	0.0003180798203	0.3613707165
179	Phaselicystis	Myxococcota	Polyangiia	288	0.0003965217363	0.0001513831641	0.6821515892	0.0003771077821	0.0005504024675	0.0002880690619	0.0003759403013	0.7703549061	0.000486871144	0.8056206089	0.0003070491825	0.3862928349
180	Bauldia	Pseudomonadota	Alphaproteobacteria	195	0.0003932659928	0	0.4857375713	0.0001304230421	0.0002139378102	0.0007436913413	0.0003847405529	0.4885177453	0.0003777326351	0.6229508197	0.0004266505082	0.2990654206
181	Alkalihalobacillus	Bacillota	Bacilli	27	0.0003914184736	0	0.108394458	0.0002496349338	0.0005895566978	0.0003434286283	5.710667088e-06	0.02922755741	2.486240782e-05	0.06791569087	0.00145457573	0.2803738318
182	Blastopirellula	Planctomycetota	Planctomycetes	105	0.0003861332298	0	0.1964140179	5.492182035e-05	6.931184404e-05	0.0009007315259	0.0003475276803	0.1503131524	0.0002173522911	0.2037470726	0.0006682563423	0.2554517134
183	Thermosipho	Thermotogota	Thermotogae	116	0.0003833464606	9.828734305e-06	0.5061124694	0.0003582442351	0.0006333238048	0.0002021157849	0.000129624474	0.4572025052	0.0007518535927	0.7447306792	0.0002717585669	0.261682243
184	Allorhizocola	Actinomycetota	Actinobacteria	125	0.0003813524286	0	0.4824775876	0.0002203503278	0.0004345165769	0.0004649752998	0.000335587045	0.503131524	0.0006283056769	0.6744730679	0.0001211424026	0.1962616822
185	Herbihabitans	Actinomycetota	Actinobacteria	182	0.0003805621306	0	0.1075794621	2.005934731e-05	0.0001051259334	0.0008848832836	0.0008481480749	0.1524008351	0.0001363323615	0.1194379391	7.703701101e-06	0.02492211838
186	Cyanobacterium PCC-10605	Cyanobacteriota	Cyanobacteriia	3	0.0003771698746	0	0.07253463733	0.0001544255974	9.354067811e-05	0.0007799622692	7.123606575e-05	0.07098121086	5.734248486e-05	0.05854800937	0.001259128099	0.09345794393
187	Nordella	Pseudomonadota	Alphaproteobacteria	171	0.0003740622477	5.764388216e-05	0.608801956	0.0002984074366	0.0003880032149	0.0004222311954	0.0003773520007	0.7014613779	0.0004661191307	0.7517564403	0.0002466975101	0.2803738318
188	JCM 18997	Actinomycetota	Thermoleophilia	264	0.0003709716131	0.0001099845614	0.6715566422	0.0003429002414	0.0004459920226	0.0003327010946	0.0003611609701	0.739039666	0.000559541559	0.8290398126	0.0001347720214	0.3613707165
189	Actinoplanes	Actinomycetota	Actinobacteria	151	0.0003707949752	0	0.4189079055	0.0004159223169	0.000394264309	0.0003165139894	0.0006128817318	0.6221294363	0.0003428071856	0.4098360656	4.678011469e-05	0.1277258567
190	Rhodoplanes	Pseudomonadota	Alphaproteobacteria	170	0.000368295997	5.513816194e-05	0.5696821516	0.0002223920688	0.0002784029171	0.0005550587074	0.0003626039694	0.643006263	0.0004066353276	0.6791569087	0.0003257900377	0.3146417445
191	Luteitalea	Acidobacteriota	Vicinamibacteria	424	0.0003677234865	0.0001071311397	0.6430317848	0.0003996109682	0.0004663977662	0.0002633837317	0.0004582991393	0.7912317328	0.0003002811262	0.700234192	0.0003222784714	0.3457943925
192	Fimbriiglobus	Planctomycetota	Planctomycetes	204	0.0003638336652	9.515586996e-05	0.6365118174	0.0003402426138	0.0004190665672	0.0003379520946	0.0003326126512	0.7265135699	0.0005328657224	0.7868852459	0.0001855725354	0.3021806854
193	Paraconexibacter	Actinomycetota	Thermoleophilia	163	0.000363542001	9.177432154e-05	0.6202118989	0.0004602912495	0.0003743925611	0.0002788905582	0.0005254518614	0.8183716075	0.0002507344081	0.662763466	0.0002719968889	0.2679127726
194	Caldilinea	Chloroflexota	Anaerolineae	27	0.0003625469979	0.0001204383958	0.6593317033	0.000370325179	0.0005395351563	0.000214179969	0.0004556346966	0.7828810021	0.0004085614371	0.775175644	0.0001624311937	0.3208722741
195	Sandaracinobacter	Pseudomonadota	Alphaproteobacteria	17	0.0003612292258	2.082566833e-05	0.5069274654	0.0002689178289	0.0002598450114	0.0005151685196	0.0003459887779	0.5052192067	0.0004477361547	0.6346604215	0.0002688981224	0.3395638629
196	Modestobacter	Actinomycetota	Actinobacteria	185	0.0003596392345	4.900085888e-05	0.5688671557	0.0005532238921	0.0003516120762	0.0002141642443	0.0005784954022	0.7223382046	0.000230826796	0.5784543326	0.0002044081033	0.3271028037
197	Aliifodinibius	Balneolota	Balneolia	180	0.000353445314	0	0.06438467808	1.737416659e-05	6.156297113e-05	0.000851811642	1.370989645e-06	0.01878914405	7.00574187e-06	0.037470726	0.001339654967	0.1682242991
198	Altericroceibacterium	Pseudomonadota	Alphaproteobacteria	16	0.0003528010356	0	0.2257538712	0.0002058569166	0.0001443459329	0.0006356799522	0.0003036501642	0.2171189979	0.0002550644118	0.1920374707	0.0005561555708	0.2834890966
199	Listeria	Bacillota	Bacilli	224	0.0003514666131	0	0.08557457213	0.0009397945618	8.409567256e-05	0.0001046529664	5.248294258e-05	0.06471816284	1.235823417e-05	0.07259953162	0.001248701679	0.1339563863
200	Providencia	Pseudomonadota	Gammaproteobacteria	3	0.0003479762962	0	0.03667481663	0.0003481167025	0.000248641435	0.000427711214	0.000140418797	0.02922755741	0.0001622168584	0.037470726	0.0009047966144	0.04672897196
201	Algoriphagus	Bacteroidota	Bacteroidia	15	0.000347668728	0	0.06030969845	0.00011685426	0.0001269450205	0.0007062314172	6.63806445e-05	0.06680584551	5.597215376e-05	0.04449648712	0.00115543019	0.07165109034
202	MM2	Pseudomonadota	Gammaproteobacteria	34	0.0003462341228	0	0.4335778321	0.0001404047542	0.0003491874442	0.0005053972234	0.000200493765	0.3590814196	0.0006276452054	0.6533957845	0.0001893715033	0.2523364486
203	Idiomarina	Pseudomonadota	Gammaproteobacteria	13	0.0003404362877	0	0.04482477588	0.0008728169735	0.0002051069827	3.139588712e-05	0.0005551511249	0.02922755741	0.00025625486	0.02576112412	0.0001320159222	0.09345794393
204	Schinkia	Bacillota	Bacilli	87	0.0003362611208	0	0.2379788101	0.0001772014146	0.0001118429711	0.0006414795295	0.0005192980333	0.260960334	0.0001611750083	0.1896955504	0.0002960339836	0.2679127726
205	Niastella	Bacteroidota	Bacteroidia	370	0.0003331507071	0	0.3871230644	0.0001344717738	0.0002962155241	0.0005187643525	0.0004558049539	0.4279749478	0.0003375911269	0.4730679157	0.0001442178615	0.2118380062
206	Peribacillus	Bacillota	Bacilli	60	0.0003326707159	0	0.315403423	0.000291384238	0.0001970639431	0.0004740731424	0.0006227119908	0.4467640919	0.0001085915983	0.2669789227	0.0001979417829	0.1838006231
207	Ensifer	Pseudomonadota	Alphaproteobacteria	112	0.0003251580095	0	0.4555827221	0.0001500893435	0.0001392066651	0.0006120208912	0.000439794102	0.5052192067	0.0003127942932	0.5480093677	0.000170543114	0.2585669782
208	I-8	Planctomycetota	Phycisphaerae	156	0.0003194604958	6.427726642e-06	0.5069274654	7.463468281e-05	0.000112362048	0.0006780674812	0.0001060056156	0.51565762	0.0001758884672	0.6510538642	0.0008289625016	0.3021806854
209	Parvibaculum	Pseudomonadota	Alphaproteobacteria	11	0.0003165406894	0	0.06112469438	0.0009615165548	7.071493819e-05	7.951215368e-06	5.128808462e-05	0.0751565762	2.145725572e-05	0.05152224824	0.001104879082	0.05295950156
210	Kineosporia	Actinomycetota	Actinobacteria	7	0.0003108351889	0	0.4612876936	0.0005496690196	0.0002466210158	0.0001750111698	0.0004479460154	0.5949895616	0.000132613313	0.3840749415	0.0003433107501	0.3644859813
211	Pseudaminobacter	Pseudomonadota	Alphaproteobacteria	55	0.000305308869	0	0.4523227384	8.701071101e-05	0.0002370168353	0.0005315244379	0.0003067982926	0.4697286013	0.0003116376983	0.5550351288	0.0002946676106	0.2897196262
212	PMMR1	Pseudomonadota	Alphaproteobacteria	90	0.0003051849454	0	0.4482477588	0.0006055137979	0.0002310193593	0.0001290979309	0.0006150109145	0.7035490605	0.0001417429291	0.393442623	6.027248973e-05	0.1401869159
213	Thermobaculum	Chloroflexota	Chloroflexia	129	0.0003030440576	0	0.1760391198	0.0001203399818	0.0006031406829	0.0002052151587	0.0004155061278	0.3194154489	0.0004008106039	0.1194379391	5.175998605e-06	0.03738317757
214	Haloactinopolyspora	Actinomycetota	Actinobacteria	74	0.0003024494934	0	0.3773431133	0.0001334835523	0.000166008925	0.0005447262585	0.00040878488	0.4592901879	0.000318799949	0.4332552693	0.0001220248992	0.1806853583
215	Fontimonas	Pseudomonadota	Gammaproteobacteria	96	0.0002977914832	0	0.4653626732	0.0001520906788	0.0001758882698	0.0005101244443	0.0001957323684	0.363256785	0.0005085742108	0.6955503513	0.0001696983097	0.3115264798
216	Actinokineospora	Actinomycetota	Actinobacteria	194	0.0002936721128	0	0.2705786471	7.038801444e-05	0.0003531615534	0.0004210902725	0.0004454876526	0.3277661795	0.0002451544885	0.2927400468	0.0001316701875	0.1557632399
217	Mangrovihabitans	Actinomycetota	Actinobacteria	29	0.0002914569887	0	0.3398533007	0.0005420191628	0.0002638265024	0.000117022572	0.0006276690202	0.5908141962	9.788798319e-05	0.2459016393	4.724640374e-05	0.09034267913
218	Parapedobacter	Bacteroidota	Bacteroidia	106	0.0002906732145	0	0.2004889976	1.608681056e-05	4.571960373e-05	0.0007030644971	0.0005292988846	0.2338204593	0.0002082064373	0.2318501171	4.429196173e-05	0.1090342679
219	Longimicrobium	Gemmatimonadota	Longimicrobiia	170	0.0002839665763	0	0.4172779136	0.0002813540038	0.0003822774548	0.0002069949143	0.0003500522262	0.5260960334	0.0002997279821	0.4660421546	0.0001643866802	0.1900311526
220	Nonomuraea	Actinomycetota	Actinobacteria	107	0.0002777052416	0	0.3537082315	0.0003505129542	0.0002407747366	0.0002502496579	0.0005437791233	0.5448851775	0.0001435493128	0.3091334895	5.912328594e-05	0.1277258567
221	Bradymonas	Thermodesulfobacteriota	Desulfuromonadia	129	0.0002742137331	0	0.07579462103	9.507407384e-05	0.0002469928069	0.0004366844632	1.32721452e-05	0.01670146138	9.778202289e-06	0.01405152225	0.001015350781	0.246105919
222	Pedobacter	Bacteroidota	Bacteroidia	110	0.0002712127365	0	0.4539527302	0.0001811589858	0.0001320490177	0.0004537472768	0.0001397393925	0.4655532359	0.0001971469956	0.5667447307	0.0005659224035	0.2866043614
223	Desertimonas	Actinomycetota	Acidimicrobiia	131	0.0002668279706	3.427313888e-05	0.5664221679	0.0001709673479	0.0002032077471	0.0003931981327	0.0003961983302	0.6534446764	0.0002084446412	0.662763466	0.0001514425483	0.308411215
224	Quadrisphaera	Actinomycetota	Actinobacteria	55	0.0002647756425	0	0.3928280359	0.000566504802	0.0002038463873	7.695032374e-05	0.0004831943703	0.6471816284	8.749588196e-05	0.2552693208	0.0001746693718	0.1962616822
225	Pseudarthrobacter	Actinomycetota	Actinobacteria	80	0.0002623390744	0	0.1874490628	0.0002058909851	0.0001298932964	0.0004130996876	0.0005827986004	0.3089770355	8.621189995e-05	0.1428571429	1.843312583e-05	0.06542056075
226	Sandaracinus	Myxococcota	Polyangiia	265	0.000261365367	0.0001172060882	0.7269763651	0.0001723516614	0.0002557541717	0.0003357344892	0.0002294907157	0.7703549061	0.000303249566	0.8360655738	0.0002532139808	0.5171339564
227	possible genus 04	Fibrobacterota	Fibrobacteria	179	0.0002606534779	0	0.4914425428	0.0001724461873	0.0002629859844	0.0003280045899	0.0003373179604	0.5782881002	0.0002958341992	0.5526932084	9.945579824e-05	0.2803738318
228	Rhodocytophaga	Bacteroidota	Bacteroidia	123	0.0002597694031	0	0.4841075795	0.0004307867842	0.0002234828731	0.0001547202514	0.0005340397626	0.7599164927	0.0001001841925	0.3887587822	6.278305629e-05	0.199376947
229	Pseudalkalibacillus	Bacillota	Bacilli	46	0.0002565815267	0	0.2901385493	0.0002162095642	0.0002690097025	0.0002782761155	6.423521435e-05	0.1628392484	0.0002518692759	0.4121779859	0.0005498712923	0.3177570093
230	Plantactinospora	Actinomycetota	Actinobacteria	72	0.0002561223132	0	0.369193154	0.0002083471725	0.0002605262648	0.0002900768423	0.000256661002	0.4384133612	0.0003617709221	0.4824355972	0.0001147827869	0.1152647975
231	Frankia	Actinomycetota	Actinobacteria	157	0.0002557554842	0	0.456397718	0.0002494179651	0.0003034889698	0.0002223611785	0.0004099310621	0.5574112735	0.0002516385566	0.5644028103	3.116927325e-05	0.1619937695
232	Thalassospira	Pseudomonadota	Alphaproteobacteria	5	0.0002555949102	0	0.09290953545	0.0003681438364	0.0004158674873	3.843868156e-05	0.0002748381903	0.1294363257	0.0001853871282	0.07494145199	0.0003202715201	0.06230529595
233	Oxalicibacterium	Pseudomonadota	Gammaproteobacteria	157	0.0002541215826	0	0.2200488998	0.0003667958107	0.0002060896071	0.0002043016876	4.683969744e-05	0.1440501044	9.306565544e-05	0.2131147541	0.0007776695696	0.3426791277
234	Tautonia	Planctomycetota	Planctomycetes	645	0.0002523240896	2.747992591e-05	0.5704971475	0.00022448866	0.0001852134078	0.0003281130127	0.0002565737786	0.6680584551	0.0001518747179	0.5644028103	0.0003796022224	0.4330218069
235	Pelagibius	Pseudomonadota	Alphaproteobacteria	94	0.0002479536601	0	0.2893235534	0.0001422668892	7.808069003e-05	0.0004674411714	0.0001740918673	0.2755741127	0.0002516235509	0.355971897	0.0003532893467	0.2211838006
236	Actinosynnema	Actinomycetota	Actinobacteria	2	0.0002442422229	0	0.206193969	9.785520461e-05	9.166380265e-05	0.0004817703851	0.0004998938498	0.2881002088	0.0001140337713	0.2318501171	3.59614736e-05	0.04984423676
237	Enterovirga	Pseudomonadota	Alphaproteobacteria	39	0.0002441540742	0	0.3325183374	0.0002909054208	0.0002832853567	0.0001760095181	0.000500302387	0.6033402923	0.0001096484333	0.2365339578	4.084836347e-05	0.05607476636
238	Marinobacter	Pseudomonadota	Gammaproteobacteria	34	0.0002392786595	0	0.0717196414	0.0002370679834	0.0001137604535	0.0003419048367	4.511103224e-05	0.03966597077	4.866739886e-05	0.03278688525	0.0007825724345	0.1713395639
239	Crossiella	Actinomycetota	Actinobacteria	71	0.0002386097995	0	0.1923390383	3.818196899e-05	0.0001204284499	0.0004909014602	0.0001814404762	0.2150313152	0.0001047537397	0.2341920375	0.00050197629	0.1028037383
240	Tellurirhabdus	Bacteroidota	Bacteroidia	49	0.0002375025268	0	0.4107579462	0.0001535884902	0.0001357671947	0.000385133715	0.0001916271099	0.3841336117	0.000362820174	0.5854800937	0.0001392585685	0.2180685358
241	Psychroglaciecola	Pseudomonadota	Alphaproteobacteria	125	0.0002369874822	0	0.3610431948	0.0003583177307	0.0002550919484	0.0001272139504	0.0004649531963	0.6617954071	0.0001085935335	0.243559719	6.760629559e-05	0.06853582555
242	Luedemannella	Actinomycetota	Actinobacteria	31	0.0002366107414	0	0.3740831296	0.000227649688	0.0003523184002	0.0001506379438	0.0003401895049	0.4759916493	0.0002134696649	0.4449648712	0.0001128319626	0.1277258567
243	Paucimonas	Pseudomonadota	Gammaproteobacteria	173	0.0002363236799	3.695673598e-05	0.5395273024	0.0001559552318	0.0001983564939	0.0003299155799	0.0001844190723	0.5469728601	0.0003922154397	0.7517564403	0.0001064063145	0.246105919
244	Deserticella	Pseudomonadota	Alphaproteobacteria	49	0.0002360018586	0	0.3724531377	0.0001524311877	0.0001025332242	0.000408870718	0.000219720183	0.4676409186	0.0001539236108	0.3395784543	0.0003694795361	0.2741433022
245	Modicisalibacter	Pseudomonadota	Gammaproteobacteria	54	0.0002352658799	0	0.1915240424	0.0002323152738	3.791725789e-05	0.0003962098681	5.028507273e-05	0.127348643	0.0002768373765	0.243559719	0.000455997274	0.2180685358
246	Cellvibrio	Pseudomonadota	Gammaproteobacteria	44	0.0002334495174	0	0.304808476	0.0001671437918	0.00023355322	0.0002854035663	0.0002775511029	0.3486430063	0.0001493517326	0.3653395785	0.0002795090022	0.1588785047
247	SZB85	Pseudomonadota	Gammaproteobacteria	108	0.0002315264364	0	0.4303178484	0.0002129518011	0.000317863847	0.0001767062063	0.0003803713874	0.5553235908	0.0001655281083	0.5035128806	9.721040718e-05	0.1464174455
248	Carnobacterium	Bacillota	Bacilli	12	0.0002290282951	0	0.1792991035	0.0001665064395	0.0001415908317	0.0003483780924	2.956426807e-05	0.08977035491	0.0003231753621	0.2833723653	0.000401434748	0.1744548287
249	Geminicoccus	Pseudomonadota	Alphaproteobacteria	60	0.000226249517	2.620022669e-05	0.5525672372	0.0001938544298	0.0001387679393	0.0003219909802	0.0002548197398	0.6555323591	0.0001506545323	0.6088992974	0.000284174507	0.3239875389
250	Halofilum	Pseudomonadota	Gammaproteobacteria	63	0.0002253792676	0	0.06030969845	0.0001069866551	0.0001633532281	0.0003681513624	2.755494508e-06	0.01878914405	1.025471034e-06	0.004683840749	0.0008560205713	0.1962616822
251	Vicinamibacter	Acidobacteriota	Vicinamibacteria	507	0.0002244573031	0	0.423797881	0.0002109750156	0.0002155125428	0.0002422281145	0.000273054936	0.5281837161	0.0002426862297	0.5058548009	0.0001276908923	0.1588785047
252	Cytobacillus	Bacillota	Bacilli	22	0.0002173267616	0	0.05704971475	0.0001148877139	0.0004519698305	0.0001091164587	4.128721628e-05	0.05010438413	8.326755394e-06	0.01170960187	0.0007580306395	0.1277258567
253	Salinibacter	Rhodothermota	Rhodothermia	98	0.00021729161	0	0.09942950285	3.662123361e-06	0.0002539480421	0.0003554858472	7.951916778e-06	0.1002087683	8.711082348e-06	0.07962529274	0.0008071283652	0.1246105919
254	Terracidiphilus	Acidobacteriota	Acidobacteriae	5	0.0002138407895	0	0.05134474328	0.0004475396987	6.729006091e-05	0.0001482286237	7.633665048e-06	0.02713987474	0.0002472331684	0.07494145199	0.000477126356	0.05607476636
255	Wenzhouxiangella	Pseudomonadota	Gammaproteobacteria	8	0.0002110148548	0	0.01548492258	7.947483583e-05	0.0001943789926	0.0003276206575	1.766715349e-06	0.01043841336	1.503523583e-06	0.004683840749	0.0008019531637	0.03738317757
256	Micromonospora	Actinomycetota	Actinobacteria	176	0.0002088947563	0	0.3814180929	0.0001700473642	0.0002999796115	0.0001661688068	0.0003582292703	0.5866388309	0.0001325821415	0.3278688525	8.756844555e-05	0.1464174455
257	Thiohalorhabdus	Pseudomonadota	Gammaproteobacteria	12	0.0002067268743	0	0.0130399348	2.10412718e-07	1.217622518e-06	0.000533990901	5.188063043e-08	0.002087682672	8.11162362e-08	0.002341920375	0.0007900136677	0.04361370717
258	Brevibacterium	Actinomycetota	Actinobacteria	132	0.0002059804703	0	0.1548492258	2.518820851e-05	2.867287766e-05	0.0004903874624	6.327190599e-05	0.1753653445	0.000511131063	0.1850117096	1.301504747e-05	0.08411214953
259	Acinetobacter	Pseudomonadota	Gammaproteobacteria	54	0.0002058325107	0	0.174409128	0.0001598056845	0.0002754149091	0.0001860246743	2.98680086e-05	0.1691022965	0.0001166375282	0.1967213115	0.0005870576011	0.1526479751
260	Flavobacterium	Bacteroidota	Bacteroidia	126	0.0002053835185	0	0.3985330073	0.0002026741191	7.574940119e-05	0.0003117094579	0.0001851518831	0.3736951983	0.0002562525359	0.5152224824	0.0001679065183	0.2803738318
261	Cohnella	Bacillota	Bacilli	285	0.0002044917005	0	0.499592502	0.0002072245042	0.0002396283404	0.0001741042264	0.0002146205995	0.5845511482	0.0002421023068	0.644028103	0.0001393469296	0.1806853583
262	Jiangella	Actinomycetota	Actinobacteria	202	0.0002044058298	0	0.4156479218	0.0001567146526	0.0002461714616	0.0002082632394	0.0002155647559	0.48434238	0.0002890788821	0.5456674473	7.512072386e-05	0.1401869159
263	Ellin6067	Pseudomonadota	Gammaproteobacteria	138	0.0002022621906	1.7146306e-05	0.5370823146	8.208435439e-05	0.0002612532035	0.0002491621467	0.0001772365636	0.6137787056	0.0002920597121	0.6651053864	0.000120155442	0.2523364486
264	Litorilinea	Chloroflexota	Anaerolineae	165	0.0002016598046	0	0.3683781581	0.0002036548647	0.0001346526058	0.0002539542779	0.0003411314565	0.4822546973	9.904781168e-05	0.4379391101	0.0001300348815	0.1059190031
265	Skermanella	Pseudomonadota	Alphaproteobacteria	145	0.0002003945798	0	0.3333333333	0.0002727863945	0.0001495669806	0.0001844358462	0.0004184566682	0.5323590814	9.575228295e-05	0.3021077283	1.419682414e-05	0.07788161994
266	Nannocystis	Myxococcota	Polyangiia	196	0.0001999823699	3.547701208e-05	0.5949470253	0.0001165216612	0.0001625729935	0.0002955527414	0.0002189843125	0.6513569937	0.0002061251409	0.7096018735	0.0001634562211	0.3582554517
267	Bordetella	Pseudomonadota	Gammaproteobacteria	71	0.0001992448892	0	0.2852485738	5.450605657e-05	0.0001094741416	0.0003849948903	0.0002995458372	0.3298538622	0.000158776543	0.3512880562	0.0001034063524	0.1308411215
268	Uliginosibacterium	Pseudomonadota	Gammaproteobacteria	29	0.0001947989822	0	0.3740831296	0.000319459512	0.0001943695832	9.730928587e-05	0.0001944816031	0.4592901879	0.000216401005	0.4121779859	0.0001665371779	0.1962616822
269	Flaviaestuariibacter	Bacteroidota	Bacteroidia	105	0.0001930455782	2.319473587e-05	0.5387123064	0.000231505728	0.0001529511892	0.0001950894315	0.0002491247112	0.6221294363	0.0002117975143	0.6697892272	8.441946766e-05	0.2398753894
270	Hyphomicrobium	Pseudomonadota	Alphaproteobacteria	132	0.0001927007729	0	0.3227383863	0.0001107908549	0.0001351343963	0.0003032562137	0.0001670104459	0.3110647182	0.00029275749	0.393442623	9.793892977e-05	0.246105919
271	Fictibacillus	Bacillota	Bacilli	121	0.0001881725383	0	0.401792991	0.0001788450539	0.0002770511177	0.0001240524653	0.0002104784881	0.4425887265	0.0002008028844	0.5386416862	0.0001380862213	0.1588785047
272	Allohahella	Pseudomonadota	Gammaproteobacteria	69	0.0001876247888	0	0.3936430318	0.0002391951707	0.0001537049399	0.0001744165196	9.912003956e-05	0.3945720251	0.0001819036581	0.4098360656	0.0003273029749	0.3707165109
273	Brevitalea	Acidobacteriota	Blastocatellia	289	0.0001853893992	0	0.2118989405	0.0002131087435	0.0002186290272	0.0001369170481	0.0002809715355	0.3611691023	5.092200708e-05	0.1592505855	0.0002216315583	0.05919003115
274	Swionibacillus	Bacillota	Bacilli	19	0.0001844646328	0	0.08312958435	9.618820876e-05	0.0002403851529	0.0002087960919	8.25357232e-07	0.008350730689	7.445370978e-06	0.02341920375	0.0006939675544	0.2741433022
275	Defluviicoccus	Pseudomonadota	Alphaproteobacteria	62	0.0001834854237	4.097864284e-05	0.6022819886	0.0001781226093	0.0001871742605	0.0001847291371	0.0001691162894	0.6889352818	0.0002019817203	0.6885245902	0.000180323108	0.3582554517
276	Aquihabitans	Actinomycetota	Acidimicrobiia	118	0.0001819646453	0	0.4971475143	0.0001101698073	0.0001334219731	0.0002773284381	0.0001827793267	0.5448851775	0.0002168411939	0.6206088993	0.0001343555528	0.261682243
277	Klenkia	Actinomycetota	Actinobacteria	28	0.0001808659771	0	0.2885085575	0.0004056007231	0.0001129899301	5.905046738e-05	0.0001874334245	0.5010438413	0.0002489005863	0.1709601874	8.056508799e-05	0.1277258567
278	Pediococcus	Bacillota	Bacilli	7	0.0001806395708	0	0.02118989405	8.498529745e-06	7.806416043e-06	0.0004546604552	0.0004611334506	0.03966597077	1.636700895e-06	0.009367681499	1.961346736e-07	0.009345794393
279	Brachybacterium	Actinomycetota	Actinobacteria	37	0.0001763409669	0	0.2485737571	0.0001023054025	3.766016427e-05	0.0003459161057	0.0001689565642	0.3465553236	0.000224010586	0.2646370023	0.0001239490715	0.08099688474
280	Actinopolyspora	Actinomycetota	Actinobacteria	56	0.0001758396153	0	0.1589242054	7.596712887e-06	1.449115529e-05	0.0004375698326	2.276831279e-05	0.1002087683	3.960090002e-05	0.2318501171	0.0005854816258	0.1495327103
281	Thermoleophilum	Actinomycetota	Thermoleophilia	237	0.0001747190084	2.049531316e-05	0.5248573757	0.000145330659	0.0002475989027	0.0001392026081	0.0001896325745	0.5699373695	0.0002271111073	0.6791569087	8.277189179e-05	0.2523364486
282	Cloacibacterium	Bacteroidota	Bacteroidia	21	0.0001728272003	0	0.0391198044	0.0002437075892	0.0001404207088	0.0001432478092	9.230714357e-06	0.03549060543	8.863872042e-05	0.03981264637	0.0005289368505	0.04361370717
283	Ferrovibrio	Pseudomonadota	Alphaproteobacteria	79	0.000172467822	0	0.4596577017	5.9318077e-05	0.0001213073259	0.0003023915649	0.0002413885693	0.5323590814	0.0001579112381	0.5152224824	8.898689792e-05	0.277258567
284	Iamia	Actinomycetota	Acidimicrobiia	112	0.0001703163294	0	0.3814180929	9.126819079e-05	0.0001159654711	0.0002760411913	0.0002773463361	0.5281837161	0.0001322745777	0.3676814988	6.120871176e-05	0.1806853583
285	Dysgonomonas	Bacteroidota	Bacteroidia	111	0.0001694051809	0	0.06764466178	9.205119551e-06	6.859275865e-06	0.0004257857983	2.757284393e-05	0.06263048017	0.000451709665	0.1007025761	5.522547591e-06	0.03115264798
286	Actinotalea	Actinomycetota	Actinobacteria	47	0.0001675760695	0	0.4433577832	0.000226897114	0.0001727001255	0.0001169016099	0.0002286220253	0.5949895616	6.574592415e-05	0.3629976581	0.000211938871	0.3239875389
287	Marinilactibacillus	Bacillota	Bacilli	107	0.0001657237745	0	0.1556642217	5.477596378e-05	2.359525875e-05	0.0003670392811	6.326713391e-05	0.1315240084	0.0003249088383	0.1967213115	0.0001068599384	0.1370716511
288	Pilibacter	Bacillota	Bacilli	94	0.0001650849879	0	0.09372453138	2.082513079e-05	6.844851768e-06	0.0004054946056	0.000103081844	0.08768267223	0.0003472672673	0.1405152225	1.526465351e-05	0.04049844237
289	MAT-CR-P4-C12	Balneolota	Balneolia	9	0.0001647319023	0	0.01874490628	1.156002403e-06	4.361781576e-05	0.000390459121	4.972115831e-08	0.002087682672	3.768125115e-08	0.002341920375	0.0006295518309	0.06542056075
290	Thermobacillus	Bacillota	Bacilli	127	0.000164242891	0	0.3414832926	8.769654527e-05	5.547831839e-05	0.0003117419265	0.0001497585256	0.3173277662	0.0001112103875	0.3887587822	0.000256401427	0.3146417445
291	Alcaligenes	Pseudomonadota	Gammaproteobacteria	4	0.0001601440331	0	0.02526487368	0.0001298616517	0.0003779854911	8.809540384e-06	1.934427994e-06	0.01670146138	3.239326674e-06	0.03278688525	0.0006049437544	0.02803738318
292	Chthonobacter	Pseudomonadota	Alphaproteobacteria	36	0.0001597655931	0	0.413202934	0.0001690545458	0.0001029560305	0.0001981389116	0.000127073376	0.4321503132	0.0001714438637	0.5128805621	0.0001930146598	0.2523364486
293	P3OB-42	Myxococcota	Myxococcia	643	0.0001586019318	4.634455163e-05	0.6397718011	0.0001316801961	0.000237962747	0.0001159403601	0.0001613619695	0.6805845511	0.0001731953824	0.7540983607	0.0001350708991	0.4267912773
294	Flavitalea	Bacteroidota	Bacteroidia	116	0.0001583311983	0	0.4490627547	0.0001620817934	8.499130542e-05	0.0002143381135	0.0001664300415	0.5407098121	0.0001111860553	0.5199063232	0.0002089593296	0.2180685358
295	Priestia	Bacillota	Bacilli	27	0.0001580390844	0	0.3219233904	9.780781596e-05	0.0001579622438	0.0002053709581	0.000110340763	0.2964509395	0.0002649178276	0.4637002342	8.704304885e-05	0.1713395639
296	Stenoxybacter	Pseudomonadota	Gammaproteobacteria	101	0.0001573761094	0	0.07334963325	1.229445223e-05	6.952616112e-07	0.0003971773319	5.015905952e-05	0.06889352818	0.0003913481337	0.1007025761	6.132846281e-06	0.04361370717
297	Paludibaculum	Acidobacteriota	Acidobacteriae	61	0.0001519431678	2.366773414e-05	0.5509372453	0.000118373726	0.0001511441721	0.0001789310364	0.0001588472427	0.6597077244	0.0001705267483	0.6510538642	0.000116920611	0.2554517134
298	Rossellomorea	Bacillota	Bacilli	29	0.0001517476001	0	0.09698451508	0.0001048642708	4.980333657e-05	0.0002704846526	6.904503543e-06	0.04801670146	0.0001174914859	0.09836065574	0.0004134522856	0.1682242991
299	Kribbella	Actinomycetota	Actinobacteria	117	0.0001509944248	0	0.2746536267	0.0001117038335	0.0001383350539	0.0001920056491	0.0002172103303	0.388308977	0.0001333057855	0.3044496487	7.571601451e-05	0.06542056075
300	Lacisediminimonas	Pseudomonadota	Gammaproteobacteria	70	0.0001506017796	0	0.4425427873	0.0002385544027	0.0001398792932	9.019437774e-05	0.0002449925595	0.6096033403	7.286275607e-05	0.4098360656	0.0001131605942	0.2367601246
301	Chitinophaga	Bacteroidota	Bacteroidia	150	0.0001498677945	0	0.2436837816	4.298685479e-05	5.627633713e-05	0.0003089776147	0.0002816888318	0.2881002088	0.0001025797533	0.2833723653	1.606628881e-05	0.1246105919
302	Phormidium MBIC10003	Cyanobacteriota	Cyanobacteriia	6	0.0001479457583	0	0.005704971475	0.0003032206511	2.626099636e-05	0.0001238943537	1.078029237e-07	0.002087682672	0	0	0.0005653514264	0.01869158879
303	Candidatus Solibacter	Acidobacteriota	Acidobacteriae	137	0.0001468424445	1.486523354e-05	0.5256723716	0.0001633261006	0.0001733735409	0.0001125802761	0.0001244005644	0.5845511482	0.0001974431208	0.7096018735	0.0001130205496	0.1931464174
304	Constrictibacter	Pseudomonadota	Alphaproteobacteria	99	0.0001463217229	0	0.3276283619	0.00012914061	8.363433846e-05	0.0002101935951	0.0001849791505	0.4237995825	3.477678367e-05	0.2552693208	0.0002370157452	0.2803738318
305	Planctomicrobium	Planctomycetota	Planctomycetes	95	0.0001438781181	0	0.1687041565	2.418541346e-05	0.0001300262117	0.0002489482922	8.533398883e-05	0.1315240084	7.424091928e-05	0.1662763466	0.0003238710211	0.2274143302
306	Gemmobacter	Pseudomonadota	Alphaproteobacteria	5	0.0001403544932	0	0.01222493888	0	0.0004446240466	5.935024111e-06	2.199402347e-06	0.004175365344	5.247028536e-06	0.01405152225	0.000526233546	0.02180685358
307	AKYG587	Planctomycetota	Phycisphaerae	111	0.0001391969505	0	0.2925835371	0.0001853957144	6.977413306e-05	0.0001587415777	0.0001921238827	0.3298538622	0.0001412864515	0.3911007026	5.743926385e-05	0.1059190031
308	Nitratireductor	Pseudomonadota	Alphaproteobacteria	12	0.0001384628226	0	0.06601466993	0.0002734313729	0.00012025822	4.717095116e-05	0.0001600296902	0.0751565762	9.723852088e-05	0.05854800937	0.0001611177987	0.06230529595
309	Verticiella	Pseudomonadota	Gammaproteobacteria	59	0.0001371949591	0	0.3284433578	9.417033024e-05	4.670076411e-05	0.0002437001282	0.0001812965249	0.3528183716	0.0001215497327	0.3770491803	9.219764324e-05	0.2274143302
310	Virgibacillus	Bacillota	Bacilli	98	0.0001367242153	0	0.1646291769	0.0002968628258	0.0001013135349	3.95088274e-05	0.0001405803602	0.2233820459	7.892529941e-05	0.1217798595	0.0002078551926	0.1339563863
311	CL500-29 marine group	Actinomycetota	Acidimicrobiia	44	0.0001352533597	1.604188858e-05	0.5150774246	0.0001319386544	0.000177232709	0.0001041118792	0.000242916809	0.7244258873	9.762230808e-05	0.5386416862	2.465419083e-05	0.1713395639
312	Anaerobacillus	Bacillota	Bacilli	56	0.000134389279	0	0.1238793806	9.82078806e-05	0.000169705477	0.0001343977362	1.412544558e-05	0.03549060543	2.222030306e-05	0.1358313817	0.0004630575933	0.2398753894
313	BRH-c57	Pseudomonadota	Alphaproteobacteria	13	0.0001291445784	0	0.1548492258	8.178978262e-05	6.246862784e-05	0.0002199030621	1.900682597e-05	0.09812108559	5.584881962e-05	0.1170960187	0.0003909927793	0.2897196262
314	Tunicatimonas	Bacteroidota	Bacteroidia	43	0.000128248741	0	0.2371638142	8.478560543e-05	6.032197213e-05	0.0002169584147	5.746692706e-05	0.1795407098	0.0001530158994	0.262295082	0.00020092448	0.2897196262
315	Leuconostoc	Bacillota	Bacilli	64	0.0001273599581	0	0.1189894051	2.616308354e-05	3.436418789e-06	0.0003063897172	0.0001207090887	0.1169102296	0.0002038738905	0.1545667447	3.550424883e-05	0.07476635514
316	Methylohalomonas	Pseudomonadota	Gammaproteobacteria	28	0.0001270857988	0	0.03015484923	2.435526482e-05	0.0002630277827	9.843993963e-05	4.788520599e-07	0.006263048017	5.216170797e-07	0.004683840749	0.0004843681448	0.09968847352
317	Nibrella	Bacteroidota	Bacteroidia	40	0.0001258525783	0	0.4286878566	0.0001186029119	0.0001154953577	0.0001398672976	0.0001564471618	0.5427974948	0.0001335739432	0.4590163934	6.992787955e-05	0.2180685358
318	Gracilimonas	Balneolota	Balneolia	69	0.000125563293	0	0.05949470253	4.487190808e-05	7.084188683e-06	0.000284123913	1.500789415e-05	0.02713987474	8.615172272e-06	0.03278688525	0.000446101871	0.1433021807
319	Enhydrobacter	Pseudomonadota	Gammaproteobacteria	4	0.0001255449136	0	0.0880195599	0.0001546915915	0.0002313705234	1.760794846e-05	9.764400864e-06	0.1002087683	2.277231195e-05	0.09367681499	0.0004350239371	0.06230529595
320	Dietzia	Actinomycetota	Actinobacteria	40	0.000124551424	0	0.2265688672	7.244894222e-05	4.605622138e-05	0.0002285362245	8.684697702e-05	0.2713987474	0.0002090104063	0.2669789227	6.846558185e-05	0.1059190031
321	Sporichthya	Actinomycetota	Actinobacteria	46	0.0001242438497	0	0.435207824	4.795485396e-05	0.0002030055097	0.0001208078031	0.0001595242035	0.5219206681	0.0001351942063	0.4918032787	5.703172576e-05	0.230529595
322	Glutamicibacter	Actinomycetota	Actinobacteria	7	0.0001234106064	0	0.02444987775	4.861464913e-05	8.502014761e-06	0.0002744744662	0.0003063813268	0.05219206681	1.093245561e-05	0.01170960187	0	0
323	Nitriliruptor	Actinomycetota	Actinobacteria	37	0.0001230691584	0	0.09616951915	6.71450939e-05	0.0001012785218	0.0001844741892	1.245943034e-05	0.03340292276	2.212496732e-05	0.07962529274	0.0004224000911	0.2118380062
324	Xylanimonas	Actinomycetota	Actinobacteria	37	0.0001220821697	0	0.1703341483	3.884032645e-05	4.120613472e-05	0.0002524191634	0.0001884589029	0.2108559499	6.162369118e-05	0.1756440281	0.0001034569832	0.1028037383
325	Palleronia-Pseudomaribius	Pseudomonadota	Alphaproteobacteria	18	0.0001204521003	0	0.06275468623	7.26236651e-05	5.842662612e-05	0.0002078442597	3.546559693e-06	0.02087682672	2.482030499e-06	0.03278688525	0.0004518258504	0.1651090343
326	Virgisporangium	Actinomycetota	Actinobacteria	81	0.0001194536554	0	0.2591687042	9.400359149e-05	0.0001761033684	9.389222733e-05	0.0001827826809	0.4196242171	5.231235508e-05	0.2318501171	0.0001142659047	0.05607476636
327	Rhizobium	Pseudomonadota	Alphaproteobacteria	101	0.0001189261329	0	0.2917685412	4.066868762e-05	7.275471207e-05	0.0002174558396	0.0001237986637	0.3027139875	0.0001405214488	0.3887587822	8.292880531e-05	0.1464174455
328	Edaphobaculum	Bacteroidota	Bacteroidia	144	0.0001186692122	0	0.4645476773	8.126815193e-05	7.232568636e-05	0.0001852727518	0.0001353937016	0.51565762	0.000108376077	0.5573770492	0.0001074048456	0.2647975078
329	Agromyces	Actinomycetota	Actinobacteria	72	0.0001185771472	0	0.2885085575	3.820909982e-05	6.036175186e-05	0.0002284441921	0.0002166961603	0.4697286013	8.26402174e-05	0.243559719	1.996674775e-05	0.07788161994
330	Caldinitratiruptor	Bacillota	Symbiobacteriia	154	0.0001157175491	0	0.4115729421	9.892403898e-05	0.0001712796909	8.423655688e-05	6.717684946e-05	0.382045929	0.0001675166586	0.5854800937	0.0001192464441	0.2242990654
331	Parasegetibacter	Bacteroidota	Bacteroidia	62	0.0001156290911	0	0.1719641402	0.000191107964	3.597202933e-05	0.0001204206519	0.0001158708044	0.2379958246	4.423020142e-05	0.1756440281	0.0002102444967	0.06853582555
332	Romboutsia	Bacillota	Clostridia	39	0.0001149048808	0	0.3618581907	0.0001331031316	6.276728399e-05	0.0001425307777	0.0001545220934	0.4634655532	9.221578189e-05	0.3793911007	8.596905661e-05	0.1869158879
333	Rivibacter	Pseudomonadota	Gammaproteobacteria	38	0.0001142102719	0	0.282803586	0.0001493819437	0.0001427553213	6.366274919e-05	0.0001481114765	0.4655532359	9.549181179e-05	0.2224824356	8.852212696e-05	0.09034267913
334	Leifsonia	Actinomycetota	Actinobacteria	31	0.0001133543404	0	0.3186634067	9.562189506e-05	7.416805568e-05	0.0001587687795	5.221125443e-05	0.267223382	0.0001658053575	0.4215456674	0.0001348214863	0.2585669782
335	Cellulosimicrobium	Actinomycetota	Actinobacteria	12	0.0001129898321	0	0.1515892421	0.0001013604245	9.352445005e-05	0.0001377629338	0.0001710296969	0.2505219207	1.73189482e-05	0.07494145199	0.0001536451974	0.1059190031
336	Gemmatirosa	Gemmatimonadota	Gemmatimonadia	83	0.0001126107748	0	0.3096984515	0.0001631293755	0.0001073442894	7.719645294e-05	0.0002372353609	0.5970772443	3.6411405e-05	0.2014051522	2.800627059e-05	0.02492211838
337	FCPS473	Chloroflexota	Ktedonobacteria	42	0.0001113572884	0	0.238793806	5.785287696e-05	8.132289341e-05	0.000177489663	0.0001077757194	0.260960334	0.0001427434719	0.3231850117	7.49512797e-05	0.09345794393
338	Halodurantibacterium	Pseudomonadota	Alphaproteobacteria	3	0.0001093642243	0	0.00488997555	7.926442613e-05	6.492571055e-06	0.0002156748253	0	0	4.675452987e-09	0.002341920375	0.0004180308625	0.01557632399
339	Shimazuella	Bacillota	Bacilli	48	0.0001080546481	0	0.2143439283	6.756913439e-05	0.000174168346	8.66860663e-05	0.0001638726934	0.2797494781	6.155301983e-05	0.2224824356	8.661960632e-05	0.1059190031
340	Microbacterium	Actinomycetota	Actinobacteria	85	0.0001075213146	0	0.3708231459	8.065279507e-05	4.959476253e-05	0.0001751692168	7.470554091e-05	0.3319415449	0.0001350510712	0.5081967213	0.000119868821	0.246105919
341	Lactobacillus	Bacillota	Bacilli	9	0.0001052339106	0	0.04074979625	8.97041768e-05	0.0002469953604	3.4743086e-06	4.739815497e-06	0.03966597077	6.495451468e-06	0.04449648712	0.0003865360715	0.03738317757
342	Pedosphaera	Verrucomicrobiota	Verrucomicrobiia	280	0.0001050069402	0	0.4531377343	6.521135642e-05	0.0001474019708	0.0001021618992	0.0001048892492	0.4759916493	0.000137086303	0.606557377	6.251001209e-05	0.214953271
343	Marinoscillum	Bacteroidota	Bacteroidia	37	0.000104412927	0	0.06438467808	0.0001120713703	9.069140076e-06	0.0001750395978	8.102713882e-06	0.04592901879	1.090606854e-05	0.05620608899	0.0003725126799	0.1028037383
344	Vulgatibacter	Myxococcota	Myxococcia	239	0.0001042952959	0	0.4759576202	8.994317682e-05	7.012910105e-05	0.0001430216852	9.196240395e-05	0.5302713987	6.916264705e-05	0.4871194379	0.0001694326676	0.3800623053
345	Fusibacter	Bacillota	Clostridia	2	0.000103928023	0	0.03422982885	0.0001436658171	7.015354508e-05	9.988923963e-05	6.200013629e-05	0.04592901879	5.353202917e-05	0.02576112412	0.0002335309735	0.02803738318
346	Heyndrickxia	Bacillota	Bacilli	18	0.0001036687632	0	0.1499592502	6.174694702e-05	3.673648464e-05	0.000190369425	3.502412352e-05	0.1043841336	4.365006524e-05	0.131147541	0.0002859390635	0.2429906542
347	Acidothermus	Actinomycetota	Actinobacteria	41	0.0001030780886	0	0.1678891606	0.0001026814379	8.872753683e-05	0.0001149243213	0.0001072118187	0.2379958246	0.0001184656093	0.1381733021	7.644092975e-05	0.1028037383
348	Phytoactinopolyspora	Actinomycetota	Actinobacteria	55	0.0001024917532	0	0.1458842706	1.165056335e-05	3.014858657e-05	0.0002319340932	0.0002100835754	0.1169102296	3.46777843e-05	0.2341920375	3.214932934e-05	0.07165109034
349	Phreatobacter	Pseudomonadota	Alphaproteobacteria	22	0.0001024321988	0	0.391198044	4.543459372e-05	7.317301164e-05	0.0001706829569	0.0001051679127	0.4217118998	0.0001434608123	0.5152224824	4.377293096e-05	0.1806853583
350	Sphingobacterium	Bacteroidota	Bacteroidia	49	0.0001020444481	0	0.1214343928	4.555396115e-05	1.252626291e-05	0.0002183332449	0.0001534315427	0.139874739	0.0001027615938	0.1639344262	2.441005706e-05	0.03738317757
351	Promicromonospora	Actinomycetota	Actinobacteria	32	0.0001012443147	0	0.1491442543	2.52724605e-05	2.667766567e-05	0.0002208042789	0.0001245202167	0.1732776618	0.0001084252194	0.1943793911	5.695956897e-05	0.05295950156
352	Acuticoccus	Pseudomonadota	Alphaproteobacteria	26	0.0001002267968	0	0.282803586	5.304036561e-05	4.053046608e-05	0.0001852429452	3.291324053e-05	0.2004175365	0.0001155114213	0.3442622951	0.0001803409985	0.3239875389
353	Oligoflexus	Bdellovibrionota	Oligoflexia	186	9.996118135e-05	0	0.488997555	9.804211035e-05	0.0001192320994	8.597737261e-05	0.0001241119599	0.5845511482	0.0001067333616	0.5386416862	5.491462722e-05	0.2803738318
354	Frigoribacterium	Actinomycetota	Actinobacteria	3	9.995792833e-05	0	0.1841890791	0.0001491092959	5.757000678e-05	9.545474136e-05	1.134599277e-05	0.07933194154	7.002400951e-05	0.281030445	0.0002720043472	0.2118380062
355	Asanoa	Actinomycetota	Actinobacteria	57	9.987211069e-05	0	0.1874490628	0.0001211642345	8.336570395e-05	9.642964422e-05	0.0001789314772	0.3173277662	5.12968383e-05	0.1170960187	4.651449304e-05	0.08722741433
356	Tellurimicrobium	Acidobacteriota	Blastocatellia	31	9.677722748e-05	0	0.2762836186	0.0001263158906	0.0001331551933	4.43544687e-05	0.0001954237022	0.509394572	3.676069258e-05	0.2084309133	2.941086924e-05	0.01869158879
357	Mesorhizobium	Pseudomonadota	Alphaproteobacteria	309	9.636379404e-05	0	0.2241238794	4.244763122e-05	6.7532412e-05	0.0001618523365	0.0001783938939	0.3006263048	6.58164208e-05	0.243559719	1.459217581e-05	0.08411214953
358	Anseongella	Bacteroidota	Bacteroidia	114	9.551392785e-05	0	0.173594132	2.788232389e-05	3.04773149e-05	0.0002008681604	0.0001581028034	0.2171189979	7.196533066e-05	0.1943793911	3.344283627e-05	0.08099688474
359	Clostridium	Bacillota	Clostridia	99	9.324167827e-05	0	0.2787286064	0.0001371515684	7.775135567e-05	7.123183392e-05	0.0001235562685	0.3361169102	7.755699868e-05	0.2974238876	6.886993199e-05	0.1682242991
360	Amphiplicatus	Pseudomonadota	Alphaproteobacteria	43	9.216743039e-05	0	0.08312958435	1.71181782e-05	1.168165107e-05	0.0002157611092	2.753904733e-05	0.0375782881	8.070345778e-05	0.1522248244	0.0002038562522	0.05919003115
361	Caldimonas	Pseudomonadota	Gammaproteobacteria	112	9.212486464e-05	0	0.337408313	5.738726516e-05	7.559726478e-05	0.0001326721274	0.0001022185273	0.388308977	0.0001365660268	0.4543325527	1.794654487e-05	0.1059190031
362	Pseudolysinimonas	Actinomycetota	Actinobacteria	19	9.206069522e-05	0	0.2738386308	2.542484125e-05	7.114756323e-05	0.0001611671108	0.0001256212295	0.3256784969	9.126716335e-05	0.3044496487	4.303683914e-05	0.1557632399
363	Pseudidiomarina	Pseudomonadota	Gammaproteobacteria	2	9.176182848e-05	0	0.01385493073	0.000119063482	4.39092385e-05	0.000108799005	0	0	0	0	0.0003507531575	0.05295950156
364	Anoxybacillus	Bacillota	Bacilli	25	9.096852806e-05	0	0.03667481663	0.0002845076151	9.578218034e-06	4.498417801e-06	6.774480217e-06	0.03340292276	0.0002379244428	0.03981264637	2.112046984e-05	0.03738317757
365	Paenisporosarcina	Bacillota	Bacilli	33	9.078747129e-05	0	0.1075794621	4.682033811e-06	4.750949939e-06	0.0002275198286	1.647041349e-05	0.2087682672	4.311623363e-06	0.05386416862	0.0003167160001	0.02803738318
366	Chloronema	Chloroflexota	Chloroflexia	94	9.074981209e-05	0	0.4001629992	0.0001230465469	0.0001114070628	4.879876172e-05	0.0001454853048	0.5490605428	6.066535555e-05	0.3653395785	4.909174957e-05	0.2242990654
367	Woeseia	Pseudomonadota	Gammaproteobacteria	63	9.001587555e-05	0	0.1458842706	2.779080822e-05	6.361748634e-05	0.0001600696969	4.565961476e-05	0.1461377871	4.536987017e-05	0.1756440281	0.0002155937361	0.1059190031
368	Siccirubricoccus	Pseudomonadota	Alphaproteobacteria	20	8.93817367e-05	0	0.2787286064	9.553352944e-05	3.529041068e-05	0.0001280322184	7.402748343e-05	0.3068893528	8.412769108e-05	0.37470726	0.0001192825616	0.1090342679
369	Pseudolabrys	Pseudomonadota	Alphaproteobacteria	41	8.909893522e-05	0	0.2648736756	5.215399649e-05	0.0001016444251	0.0001080096643	0.000130319413	0.3674321503	8.540854378e-05	0.281030445	3.249827573e-05	0.09034267913
370	Sulfurifustis	Pseudomonadota	Gammaproteobacteria	213	8.874236643e-05	0	0.4303178484	7.008271011e-05	0.0001411028223	6.12994518e-05	8.950299553e-05	0.5135699374	9.319756493e-05	0.4964871194	8.168096115e-05	0.2180685358
371	Ardenticatena	Chloroflexota	Anaerolineae	35	8.80972472e-05	0	0.1352893236	9.221852587e-05	4.48924338e-05	0.0001195907456	8.393655104e-07	0.01878914405	1.418275574e-05	0.1217798595	0.0003166268833	0.3271028037
372	Lipingzhangella	Actinomycetota	Actinobacteria	35	8.709315793e-05	0	0.06275468623	5.142722464e-06	3.953596165e-06	0.0002182360588	0.0001974837533	0.07098121086	2.747869385e-05	0.08665105386	1.66724201e-06	0.01869158879
373	Salinarimonas	Pseudomonadota	Alphaproteobacteria	30	8.583799832e-05	0	0.1760391198	8.87440333e-05	8.001515814e-05	8.823769684e-05	9.221501785e-05	0.2755741127	1.475090837e-05	0.05386416862	0.0001708834658	0.1900311526
374	Sorangium	Myxococcota	Polyangiia	230	8.544789321e-05	0	0.3960880196	7.136486315e-05	9.059653088e-05	9.23619359e-05	9.13362304e-05	0.4801670146	0.000112934113	0.4590163934	4.009858051e-05	0.1869158879
375	Salinisphaera	Pseudomonadota	Gammaproteobacteria	28	8.41581482e-05	0	0.03993480033	4.039561549e-06	0.0001878346817	6.370109119e-05	5.562453837e-07	0.008350730689	5.14066679e-07	0.004683840749	0.0003201747658	0.1339563863
376	SWB02	Pseudomonadota	Alphaproteobacteria	74	8.399058633e-05	0	0.3643031785	5.810802843e-05	6.824732091e-05	0.0001169578768	9.852644081e-05	0.4446764092	8.884542906e-05	0.4168618267	5.584201269e-05	0.1744548287
377	Verruc-01	Verrucomicrobiota	Verrucomicrobiia	63	8.379205504e-05	0	0.1361043195	0.0001022164227	7.16726272e-05	7.907399016e-05	7.070183467e-05	0.09812108559	5.101647564e-05	0.1053864169	0.0001469241048	0.2336448598
378	alphaI cluster	Pseudomonadota	Alphaproteobacteria	5	8.341261606e-05	0	0.4213528932	8.787095191e-05	0.0001226594186	4.836718843e-05	7.742439042e-05	0.4780793319	9.728653901e-05	0.4964871194	7.389297427e-05	0.2367601246
379	Duffyella	Pseudomonadota	Gammaproteobacteria	11	8.326359171e-05	0	0.1124694377	2.839508883e-05	1.562958108e-05	0.0001806889949	0.0001622651482	0.1294363257	5.171611138e-05	0.1475409836	7.341562215e-06	0.04049844237
380	Candidatus Chloroploca	Chloroflexota	Chloroflexia	57	8.194916901e-05	0	0.1784841076	0.0001779608315	4.499779046e-05	3.629966853e-05	0.0001616735067	0.2713987474	3.105802419e-05	0.112412178	3.06798889e-05	0.1277258567
381	Ferdinandcohnia	Bacillota	Bacilli	24	8.136961224e-05	0	0.1361043195	0.0001021209425	2.005861112e-05	0.0001143653856	7.527624307e-05	0.1732776618	2.950978377e-05	0.08430913349	0.0001594470907	0.1495327103
382	Luteimonas	Pseudomonadota	Gammaproteobacteria	78	8.131254614e-05	0	0.1491442543	2.447474785e-05	3.593772426e-05	0.0001623915928	0.0001465237495	0.248434238	3.447278269e-05	0.1264637002	4.631071615e-05	0.03115264798
383	Citricoccus	Actinomycetota	Actinobacteria	37	8.101293293e-05	0	0.1361043195	6.907852971e-05	5.251390064e-05	0.0001132866234	0.0001768378432	0.2379958246	2.105452428e-05	0.08430913349	1.777962595e-05	0.05295950156
384	Cesiribacter	Bacteroidota	Bacteroidia	31	8.100991829e-05	0	0.2339038305	0.0001005522728	9.133075997e-05	5.737701418e-05	1.275213279e-05	0.1732776618	3.896994822e-05	0.2505854801	0.0002387873216	0.3021806854
385	Hoeflea	Pseudomonadota	Alphaproteobacteria	6	8.050443956e-05	0	0.03341483293	3.377536839e-06	8.029068449e-06	0.0001992899337	0.0001724532898	0.05010438413	3.613782583e-05	0.03044496487	2.314547896e-06	0.01246105919
386	Rothia	Actinomycetota	Actinobacteria	10	7.978198027e-05	0	0.04726976365	2.399565759e-05	0.0002245576254	7.193354224e-06	6.248562659e-06	0.02922755741	0.000192723767	0.06088992974	3.927221106e-05	0.05607476636
387	Caldibacillus	Bacillota	Bacilli	4	7.960869603e-05	0	0.0097799511	5.03812228e-06	0.0002513136008	1.164696942e-07	2.977681009e-07	0.01043841336	4.608406303e-06	0.01170960187	0.0002977241421	0.006230529595
388	Salinicola	Pseudomonadota	Gammaproteobacteria	76	7.956196632e-05	0	0.05786471068	2.041928547e-05	7.960832451e-06	0.0001835305513	1.112311955e-05	0.04384133612	0.0001539097536	0.06557377049	8.278845358e-05	0.06853582555
389	Endobacterium	Pseudomonadota	Alphaproteobacteria	11	7.918711115e-05	0	0.1923390383	3.0730068e-05	2.535720931e-05	0.0001604850281	0.0001442741372	0.2317327766	5.095799819e-05	0.2552693208	1.961435652e-05	0.04984423676
390	Dactylococcopsis PCC-8305	Cyanobacteriota	Cyanobacteriia	16	7.850916161e-05	0	0.02363488183	9.931352338e-05	5.326330686e-05	8.247424196e-05	1.867115878e-05	0.03340292276	4.283041024e-06	0.01405152225	0.0002665370646	0.02180685358
391	Salinivenus	Rhodothermota	Rhodothermia	23	7.849728207e-05	0	0.01548492258	2.776988206e-07	9.008761584e-05	0.0001305685222	6.791067063e-09	0.002087682672	4.253667368e-08	0.002341920375	0.0002999836418	0.05295950156
392	Nocardiopsis	Actinomycetota	Actinobacteria	91	7.605423509e-05	0	0.1344743276	7.628835232e-06	1.271751897e-05	0.0001806650739	0.0001447287382	0.1565762004	4.194578051e-05	0.149882904	1.894901111e-05	0.08099688474
393	Lentimicrobium	Bacteroidota	Bacteroidia	3	7.549366842e-05	0	0.01140994295	0.0001851139458	6.221009954e-05	1.398637055e-07	1.559545963e-06	0.01252609603	3.821826555e-06	0.007025761124	0.0002811582202	0.01557632399
394	Tenuibacillus	Bacillota	Bacilli	15	7.318138095e-05	0	0.0521597392	3.310784084e-05	2.321797593e-05	0.0001447919595	3.865749125e-07	0.01252609603	1.759363065e-07	0.009367681499	0.0002789198138	0.1682242991
395	oc32	Pseudomonadota	Gammaproteobacteria	35	7.293926119e-05	0	0.4547677262	6.189316117e-05	0.0001207784161	4.315536077e-05	9.348450643e-05	0.5114822547	7.021107374e-05	0.5480093677	4.591048728e-05	0.246105919
396	Piscinibacter	Pseudomonadota	Gammaproteobacteria	18	7.224520582e-05	0	0.1792991035	7.937376406e-05	4.039024112e-05	9.225558111e-05	5.030375089e-05	0.2588726514	3.752071781e-05	0.1569086651	0.000151177646	0.09034267913
397	Saccharospirillum	Pseudomonadota	Gammaproteobacteria	6	7.196103479e-05	0	0.03096984515	2.650748111e-05	2.43024568e-05	0.0001459412883	1.672927192e-05	0.01670146138	1.213348474e-05	0.018735363	0.0002339622132	0.06853582555
398	Bifidobacterium	Actinomycetota	Actinobacteria	6	7.140788169e-05	0	0.0293398533	9.95565843e-05	4.488613e-06	0.0001031060336	5.393848819e-06	0.02505219207	4.906204589e-05	0.037470726	0.0001996396376	0.02492211838
399	Pseudoclavibacter	Actinomycetota	Actinobacteria	19	7.059834007e-05	0	0.1385493073	2.541739904e-05	1.130058685e-05	0.000153720184	4.433977597e-05	0.1461377871	0.0001293275033	0.168618267	3.165908621e-05	0.08722741433
400	Actinocorallia	Actinomycetota	Actinobacteria	49	6.890769861e-05	0	0.2013039935	4.55287369e-05	4.263730201e-05	0.0001083718228	0.0001126220177	0.2463465553	5.45027589e-05	0.2037470726	2.283838518e-05	0.1308411215
401	Flindersiella	Actinomycetota	Actinobacteria	56	6.699816527e-05	0	0.2151589242	7.824677302e-05	5.444525791e-05	6.826013916e-05	0.0001094130686	0.2317327766	6.728425603e-05	0.318501171	3.325581401e-06	0.05295950156
402	Butyratibacter	Pseudomonadota	Alphaproteobacteria	64	6.612544979e-05	0	0.07253463733	6.805511284e-06	3.538357605e-06	0.0001629876845	0.0001404546316	0.09185803758	1.813372065e-05	0.08430913349	1.905003e-05	0.02803738318
403	Tistlia	Pseudomonadota	Alphaproteobacteria	25	6.558329345e-05	0	0.1426242869	2.108579649e-05	1.556879284e-05	0.0001407069086	1.098815513e-05	0.06054279749	5.216674248e-05	0.1709601874	0.0001648977436	0.2274143302
404	Streptomonospora	Actinomycetota	Actinobacteria	38	6.517313441e-05	0	0.1670741646	1.881642232e-05	2.866694084e-05	0.0001308979375	4.444269392e-05	0.1753653445	5.378106863e-05	0.2224824356	0.0001112612749	0.08099688474
405	Caldovatus	Pseudomonadota	Alphaproteobacteria	125	6.49641537e-05	0	0.2526487368	7.590448278e-05	7.218129119e-05	5.057695582e-05	0.0001033344156	0.4363256785	2.629481717e-05	0.1639344262	5.914624489e-05	0.09657320872
406	Ellin517	Verrucomicrobiota	Verrucomicrobiia	57	6.465847695e-05	0	0.3414832926	3.8330831e-05	9.760887768e-05	5.883523142e-05	5.290423263e-05	0.3653444676	9.008103467e-05	0.4590163934	4.838075386e-05	0.1495327103
407	Oceanicaulis	Pseudomonadota	Alphaproteobacteria	4	6.408615702e-05	0	0.008964955175	0.0001776714662	5.959458948e-07	2.597652711e-05	2.754118034e-07	0.002087682672	9.172508167e-07	0.01405152225	0.0002433337268	0.01246105919
408	Nitrosospira	Pseudomonadota	Gammaproteobacteria	50	6.392272905e-05	0	0.06438467808	5.693963011e-05	1.455215518e-05	0.0001090870781	0.0001478185478	0.1252609603	1.716727959e-05	0.03512880562	9.273387648e-07	0.01246105919
409	Alteribacillus	Bacillota	Bacilli	56	6.371037393e-05	0	0.07334963325	3.383310316e-06	5.777246604e-05	0.0001158285397	1.373952551e-05	0.04801670146	2.362941881e-06	0.03044496487	0.0002198829281	0.1682242991
410	Jatrophihabitans	Actinomycetota	Actinobacteria	34	6.365729769e-05	0	0.2461287694	7.945891492e-05	4.99853945e-05	6.224546965e-05	6.874313455e-05	0.3173277662	6.344902067e-05	0.262295082	5.634520559e-05	0.1183800623
411	Candidatus Saccharimonas	Patescibacteria	Saccharimonadia	106	6.305988698e-05	0	0.07416462918	6.78571077e-06	2.094156795e-06	0.0001562285299	2.811526918e-05	0.0751565762	0.0001446367074	0.1007025761	6.689698856e-06	0.03738317757
412	Ferruginivarius	Pseudomonadota	Alphaproteobacteria	14	6.231002398e-05	0	0.02526487368	8.219053709e-05	4.623082811e-05	5.963201291e-05	2.154329041e-06	0.006263048017	7.19276982e-07	0.009367681499	0.0002340041886	0.07476635514
413	Salinibacillus	Bacillota	Bacilli	47	6.195451393e-05	0	0.03748981255	1.190245468e-05	4.022140659e-05	0.0001187048935	2.382835305e-05	0.01461377871	5.042069777e-06	0.01170960187	0.0001945527841	0.1059190031
414	Aliihoeflea	Pseudomonadota	Alphaproteobacteria	26	6.118275732e-05	0	0.065199674	2.83065293e-06	8.279035821e-06	0.0001495019572	9.45980752e-05	0.08350730689	6.355105495e-05	0.07259953162	8.169672119e-06	0.02803738318
415	Lawsonella	Actinomycetota	Actinobacteria	2	6.116648683e-05	0	0.08231458843	0.0001796334611	8.244029634e-06	1.073134288e-05	7.079918849e-06	0.06680584551	1.899291458e-05	0.08899297424	0.0001979751517	0.09657320872
416	FFCH5858	Pseudomonadota	Alphaproteobacteria	42	6.116407e-05	0	0.2339038305	3.114748897e-05	4.869518794e-05	9.474384259e-05	5.402508033e-05	0.248434238	0.0001072626732	0.299765808	1.049576002e-05	0.1246105919
417	Granulicatella	Bacillota	Bacilli	5	6.061869257e-05	0	0.05378973105	8.875169008e-06	0.0001838736195	2.15553558e-06	6.787869301e-06	0.05427974948	0.0001566203256	0.06323185012	1.324257741e-05	0.04049844237
418	Micrococcus	Actinomycetota	Actinobacteria	21	5.877676225e-05	0	0.06112469438	0.0001704061896	8.872325288e-06	1.128191729e-05	9.351980454e-06	0.05636743215	2.965297755e-05	0.06323185012	0.0001712699914	0.06542056075
419	Pluralibacter	Pseudomonadota	Gammaproteobacteria	2	5.768251147e-05	0	0.05378973105	1.978305819e-05	6.868092809e-06	0.0001282708873	1.270283308e-05	0.03131524008	0.0001490430059	0.1053864169	3.272339619e-06	0.01869158879
420	Motilibacter	Actinomycetota	Actinobacteria	47	5.669868131e-05	0	0.3105134474	8.942225625e-05	4.570537448e-05	3.985328051e-05	0.0001141391286	0.4864300626	2.09585854e-05	0.2295081967	1.852748718e-05	0.1557632399
421	Ilumatobacter	Actinomycetota	Acidimicrobiia	45	5.585911913e-05	0	0.2860635697	2.940531615e-05	3.55200012e-05	9.296886311e-05	6.065446598e-05	0.2901878914	5.401772429e-05	0.3583138173	5.11529025e-05	0.1838006231
422	Prosthecobacter	Verrucomicrobiota	Verrucomicrobiia	55	5.575056269e-05	0	0.260798696	1.142394606e-05	5.459643803e-05	9.146622278e-05	6.796251736e-05	0.2797494781	6.025202965e-05	0.3466042155	3.153980668e-05	0.1183800623
423	Fodinicurvata	Pseudomonadota	Alphaproteobacteria	11	5.494238373e-05	0	0.02526487368	7.269941702e-06	6.127585222e-05	8.726537305e-05	0	0	2.131785783e-06	0.007025761124	0.0002071776707	0.08722741433
424	Rhodoligotrophos	Pseudomonadota	Alphaproteobacteria	22	5.461978731e-05	0	0.2363488183	6.988479526e-05	2.461588751e-05	6.67567132e-05	5.994685248e-05	0.2901878914	2.647365758e-05	0.2295081967	8.411116794e-05	0.1651090343
425	Oleiharenicola	Verrucomicrobiota	Verrucomicrobiia	110	5.456936808e-05	0	0.3121434393	2.73474311e-05	4.285115741e-05	8.535248795e-05	4.646244239e-05	0.2818371608	7.812429135e-05	0.4543325527	3.533343402e-05	0.1682242991
426	Sphaerisporangium	Actinomycetota	Actinobacteria	28	5.362277917e-05	0	0.1287693562	1.887504278e-05	1.019008135e-05	0.0001158042471	7.287763596e-05	0.1920668058	1.742986839e-05	0.1077283372	7.303491779e-05	0.06230529595
427	Actinomycetospora	Actinomycetota	Actinobacteria	88	5.350430571e-05	0	0.2330888346	5.497592427e-05	4.6100027e-05	5.830090505e-05	0.0001057246343	0.4258872651	1.782652085e-05	0.1592505855	2.303974727e-05	0.04361370717
428	Nitrosococcus	Pseudomonadota	Gammaproteobacteria	27	5.323909258e-05	0	0.02363488183	5.97430805e-05	2.035038506e-05	7.457055683e-05	6.425661589e-05	0.02713987474	7.598263685e-06	0.004683840749	9.751086911e-05	0.04361370717
429	Egicoccus	Actinomycetota	Actinobacteria	29	5.312786063e-05	0	0.09698451508	1.733638206e-05	4.184360453e-05	9.028763193e-05	9.081006235e-06	0.07098121086	8.087001467e-06	0.07259953162	0.0001787692629	0.1682242991
430	Galbitalea	Actinomycetota	Actinobacteria	18	5.286271e-05	0	0.1809290954	2.441412187e-05	1.764036222e-05	0.000103501084	6.575155673e-05	0.2233820459	4.062398898e-05	0.1639344262	4.990998819e-05	0.1401869159
431	Candidatus Entotheonella	Entotheonellaeota	Entotheonellia	45	5.282487753e-05	0	0.06764466178	6.670793882e-05	2.631389241e-05	6.323877315e-05	7.89368212e-05	0.09394572025	1.711248546e-05	0.03981264637	6.136559525e-05	0.06542056075
432	Christensenellaceae R-7 group	Bacillota	Clostridia	88	5.247808883e-05	0	0.09616951915	1.228189778e-05	6.735209406e-06	0.0001207924773	4.90192352e-05	0.1127348643	9.123264816e-05	0.1264637002	6.087416104e-06	0.03115264798
433	Euzebya	Actinomycetota	Actinobacteria	19	5.229101724e-05	0	0.09616951915	2.163835165e-05	3.337701126e-05	9.155056973e-05	7.186692489e-06	0.03549060543	8.796916456e-06	0.06791569087	0.0001774528633	0.2242990654
434	Treponema	Spirochaetota	Spirochaetia	511	5.197252364e-05	0	0.05134474328	3.729809397e-06	4.610045739e-08	0.0001315722218	2.069508586e-05	0.04592901879	0.0001251758535	0.07494145199	1.268694554e-06	0.02803738318
435	Egibacter	Actinomycetota	Actinobacteria	30	5.174680385e-05	0	0.1833740831	5.269541479e-05	7.980994481e-05	2.844524271e-05	2.002781696e-05	0.1419624217	8.040604558e-05	0.2669789227	6.095521039e-05	0.1339563863
436	Nocardia	Actinomycetota	Actinobacteria	44	5.148202751e-05	0	0.130399348	3.460179477e-05	1.626277543e-05	9.303895078e-05	6.813982905e-05	0.1795407098	6.785834855e-05	0.131147541	4.840980718e-06	0.05607476636
437	Lactococcus	Bacillota	Bacilli	15	5.114088243e-05	0	0.06275468623	7.282362021e-06	4.911330525e-06	0.0001227206902	7.986736833e-05	0.07306889353	5.328678409e-05	0.07962529274	5.420362943e-06	0.02492211838
438	Candidatus Nitrosoarchaeum	SAR324 clade(Marine group B)	Incertae Sedis	206	5.109411239e-05	0	0.4360228199	2.790539974e-05	5.240289629e-05	6.824085172e-05	4.617891464e-05	0.5365344468	5.14944862e-05	0.4449648712	5.789604421e-05	0.2741433022
439	Rhodomicrobium	Pseudomonadota	Alphaproteobacteria	25	5.076245965e-05	0	0.0945395273	1.426858524e-05	9.42877261e-05	4.441772285e-05	3.24854842e-06	0.06471816284	0.0001332071923	0.1288056206	1.199380747e-05	0.09345794393
440	Candidatus Udaeobacter	Verrucomicrobiota	Verrucomicrobiia	62	5.019456661e-05	0	0.07579462103	3.219712653e-05	0.000106610916	1.897182097e-05	9.332095678e-05	0.1524008351	3.383322258e-05	0.04215456674	7.605012107e-06	0.006230529595
441	Lutibaculum	Pseudomonadota	Alphaproteobacteria	7	5.0118145e-05	0	0.06030969845	1.648571629e-05	2.612507349e-05	9.579878578e-05	1.189539615e-06	0.01252609603	4.340699112e-06	0.01170960187	0.0001840239748	0.1962616822
442	Catenuloplanes	Actinomycetota	Actinobacteria	20	4.988048644e-05	0	0.07986960065	3.489907601e-05	3.363655685e-05	7.469487853e-05	6.020601085e-05	0.1064718163	6.962107422e-05	0.09367681499	8.213330128e-06	0.02180685358
443	Candidatus Vestibaculum	Bacteroidota	Bacteroidia	20	4.971804618e-05	0	0.05134474328	3.779147202e-06	2.18667484e-06	0.0001239769552	9.814303631e-06	0.0375782881	0.0001302044849	0.08665105386	2.19836817e-06	0.02492211838
444	Erythrobacter	Pseudomonadota	Alphaproteobacteria	8	4.952807569e-05	0	0.0358598207	0.0001223656809	2.839764968e-05	9.348968495e-06	2.540872703e-05	0.0375782881	1.514366411e-05	0.01639344262	0.0001312580189	0.05919003115
445	Roseibium	Pseudomonadota	Alphaproteobacteria	6	4.916089605e-05	0	0.0228198859	0.0001339792528	2.31817833e-05	3.476535835e-06	2.816148397e-05	0.02922755741	1.41177718e-05	0.02107728337	0.0001271114644	0.01557632399
446	Aquabacterium	Pseudomonadota	Gammaproteobacteria	357	4.892934439e-05	0	0.1662591687	4.808239495e-05	2.775157356e-05	6.661667746e-05	3.146999421e-05	0.2045929019	6.92441551e-05	0.1779859485	4.795926513e-05	0.09345794393
447	Burkholderia-Caballeronia-Paraburkholderia	Pseudomonadota	Gammaproteobacteria	28	4.889788674e-05	0	0.03178484108	1.008163938e-05	2.946348296e-06	0.000116297001	1.056490593e-06	0.03131524008	7.531112254e-06	0.03981264637	0.0001753142153	0.02180685358
448	Naumannella	Actinomycetota	Actinobacteria	30	4.869618065e-05	0	0.108394458	1.684955113e-05	8.204035629e-05	4.688777404e-05	2.458079778e-05	0.09394572025	4.261455045e-05	0.1451990632	9.277133484e-05	0.08099688474
449	Sphaerobacter	Chloroflexota	Chloroflexia	73	4.8683478e-05	0	0.2363488183	4.411065584e-05	8.100660123e-05	2.629103053e-05	0.0001037789675	0.4196242171	1.486435623e-05	0.1381733021	1.145614316e-05	0.09345794393
450	Pullulanibacillus	Bacillota	Bacilli	29	4.849271023e-05	0	0.1515892421	1.669009175e-05	2.973568377e-05	8.852857765e-05	4.191591482e-05	0.108559499	4.440327133e-05	0.2177985948	6.374652771e-05	0.1277258567
451	Olivibacter	Bacteroidota	Bacteroidia	9	4.828888131e-05	0	0.09046454768	3.030402551e-06	4.023836304e-06	0.0001193883249	2.116652769e-05	0.139874739	8.734953045e-05	0.08430913349	3.680199722e-05	0.02492211838
452	Halobacillus	Bacillota	Bacilli	44	4.827370766e-05	0	0.07905460473	2.258234374e-05	2.095299861e-05	9.0396867e-05	1.159301127e-05	0.05219206681	6.630819037e-06	0.04215456674	0.0001584031999	0.1682242991
453	Oceanococcus	Pseudomonadota	Gammaproteobacteria	7	4.7748061e-05	0	0.0162999185	6.125359919e-06	5.483464462e-06	0.000114386154	5.326837663e-06	0.01043841336	3.509514381e-06	0.004683840749	0.0001698964267	0.04049844237
454	Porphyromonas	Bacteroidota	Bacteroidia	8	4.749250937e-05	0	0.02852485738	2.255605321e-06	0.0001496304611	8.966626928e-07	2.503475021e-06	0.02713987474	0.0001330206785	0.03512880562	8.545630218e-07	0.02180685358
455	Kibdelosporangium	Actinomycetota	Actinobacteria	24	4.690451305e-05	0	0.1051344743	1.721315264e-05	2.565060839e-05	8.729042813e-05	8.10494948e-05	0.1795407098	4.361334377e-05	0.09367681499	3.309399153e-07	0.009345794393
456	Maribius	Pseudomonadota	Alphaproteobacteria	7	4.683500881e-05	0	0.1157294214	6.965080071e-05	3.231241518e-05	4.060216827e-05	1.896408171e-06	0.0375782881	8.544272666e-06	0.1264637002	0.0001648279497	0.2180685358
457	Larkinella	Bacteroidota	Bacteroidia	30	4.651103802e-05	0	0.1165444173	8.399155356e-06	1.40475116e-05	0.0001025157298	4.969401952e-05	0.1524008351	5.96485578e-05	0.1241217799	2.428558915e-05	0.05295950156
458	Stenotrophomonas	Pseudomonadota	Gammaproteobacteria	7	4.639438461e-05	0	0.0358598207	1.542573459e-05	0.000122928834	9.180698083e-06	2.390541035e-06	0.02505219207	1.744709668e-05	0.05152224824	0.0001505636463	0.03115264798
459	Thalassiella	Actinomycetota	Actinobacteria	50	4.630703661e-05	0	0.1703341483	4.111316317e-05	2.013786418e-05	7.141795564e-05	7.433076937e-05	0.1941544885	2.344718943e-05	0.1615925059	3.489827262e-05	0.1464174455
460	YC-ZSS-LKJ90	Actinomycetota	Actinobacteria	5	4.623608941e-05	0	0.032599837	3.564174121e-05	6.46357275e-06	8.651968935e-05	1.615672415e-06	0.004175365344	8.080621301e-06	0.009367681499	0.0001635742969	0.1059190031
461	Xylanibacillus	Bacillota	Bacilli	62	4.589292151e-05	0	0.1711491443	3.726663507e-05	3.660000905e-05	6.013253798e-05	4.888683796e-05	0.1461377871	1.771584132e-05	0.168618267	7.890702515e-05	0.2118380062
462	Inquilinus	Pseudomonadota	Alphaproteobacteria	23	4.490520754e-05	0	0.1361043195	2.140737292e-05	1.764889748e-05	8.525509913e-05	1.870381289e-05	0.139874739	8.949224669e-05	0.206088993	2.469275372e-05	0.03738317757
463	Lentzea	Actinomycetota	Actinobacteria	118	4.478975769e-05	0	0.09698451508	2.837403201e-05	1.422275129e-05	8.22426678e-05	5.489394918e-05	0.1419624217	6.642633168e-05	0.1147540984	9.308018607e-07	0.006230529595
464	Puia	Bacteroidota	Bacteroidia	33	4.430669725e-05	0	0.1173594132	8.608932972e-06	1.259690419e-05	9.781091554e-05	6.584267215e-05	0.1252609603	4.819868049e-05	0.1569086651	6.993274135e-06	0.05295950156
465	Gemella	Bacillota	Bacilli	7	4.428884516e-05	0	0.04074979625	1.315739268e-05	0.0001232970342	5.214541957e-06	3.297375592e-06	0.04384133612	0.0001200093243	0.04449648712	4.732051845e-06	0.03115264798
466	Rheinheimera	Pseudomonadota	Gammaproteobacteria	5	4.413676607e-05	0	0.03748981255	8.775452878e-05	5.028486104e-05	4.963281027e-06	2.231186841e-05	0.04175365344	6.950185934e-05	0.03981264637	4.296303136e-05	0.02803738318
467	Bosea	Pseudomonadota	Alphaproteobacteria	21	4.406800462e-05	0	0.2224938875	1.35859514e-05	2.497080829e-05	8.334090673e-05	5.674148428e-05	0.2400835073	4.992930477e-05	0.2974238876	1.735968089e-05	0.09657320872
468	Pyxidicoccus	Myxococcota	Myxococcia	29	4.370486228e-05	0	0.05949470253	1.381191242e-05	2.584574236e-05	8.152026742e-05	8.670272031e-05	0.08977035491	7.416592877e-06	0.0281030445	2.781426116e-05	0.05607476636
469	Dactylosporangium	Actinomycetota	Actinobacteria	29	4.359298247e-05	0	0.1898940505	3.376849837e-05	8.892228584e-05	1.486775779e-05	7.069112394e-05	0.260960334	4.041561133e-05	0.2177985948	7.383411481e-06	0.04672897196
470	Roseimaritima	Planctomycetota	Planctomycetes	72	4.314804899e-05	0	0.09535452323	1.24050372e-05	2.91073509e-05	7.856135355e-05	1.805062276e-05	0.05845511482	1.641500012e-05	0.06557377049	0.0001161595102	0.1900311526
471	Belnapia	Pseudomonadota	Alphaproteobacteria	34	4.296423011e-05	0	0.228198859	6.960066163e-05	3.631133672e-05	2.740726778e-05	8.773317072e-05	0.4196242171	1.886772355e-05	0.1405152225	8.213095361e-06	0.05919003115
472	Janthinobacterium	Pseudomonadota	Gammaproteobacteria	16	4.292001802e-05	0	0.01140994295	0.0001408501687	5.429316848e-07	1.260387825e-07	8.830831669e-07	0.01461377871	3.070237461e-07	0.007025761124	0.0001623326048	0.01246105919
473	Tianweitania	Pseudomonadota	Alphaproteobacteria	7	4.284320839e-05	0	0.065199674	2.36726636e-05	1.395436621e-05	8.110922429e-05	9.754697839e-05	0.1064718163	9.420940531e-06	0.04215456674	5.672499822e-06	0.03426791277
474	Labrys	Pseudomonadota	Alphaproteobacteria	38	4.273585575e-05	0	0.228198859	1.656133536e-05	3.661834444e-05	6.819512451e-05	4.846936517e-05	0.3110647182	4.209405357e-05	0.1896955504	3.503398198e-05	0.1557632399
475	Candidatus Omnitrophus	Verrucomicrobiota	Omnitrophia	462	4.200640638e-05	0	0.2909535452	2.453761509e-05	6.542884842e-05	3.688919106e-05	3.690811447e-05	0.2985386221	4.597989934e-05	0.3653395785	4.432852578e-05	0.1806853583
476	Halosaccharopolyspora	Actinomycetota	Actinobacteria	17	4.198828038e-05	0	0.0586797066	9.362463751e-05	2.691756114e-05	1.357735039e-05	8.865994976e-05	0.05845511482	2.005932138e-05	0.08899297424	1.514560331e-06	0.01869158879
477	Alcanivorax	Pseudomonadota	Gammaproteobacteria	37	4.155594047e-05	0	0.0391198044	1.826734221e-05	5.313817734e-05	5.052329553e-05	7.405147181e-07	0.01252609603	1.512710188e-06	0.018735363	0.0001557274304	0.1059190031
478	Gorillibacterium	Bacillota	Bacilli	65	4.136268713e-05	0	0.2461287694	1.892984438e-05	4.748801664e-05	5.404468494e-05	5.752465624e-05	0.3215031315	2.463757448e-05	0.2599531616	3.949365254e-05	0.1152647975
479	Reyranella	Pseudomonadota	Alphaproteobacteria	50	4.090281482e-05	0	0.2045639772	3.139366342e-05	3.202223672e-05	5.550387933e-05	4.62996264e-05	0.2567849687	4.114937503e-05	0.2529274005	3.252164983e-05	0.06230529595
480	Oharaeibacter	Pseudomonadota	Alphaproteobacteria	10	4.084413656e-05	0	0.1572942135	2.134728428e-05	4.07691862e-05	5.620570858e-05	1.450173106e-05	0.1002087683	5.028238981e-05	0.1990632319	6.759765091e-05	0.1869158879
481	Monoglobus	Bacillota	Clostridia	76	4.071173756e-05	0	0.0945395273	6.084343944e-06	1.578352643e-06	9.934298246e-05	1.762430808e-05	0.09603340292	9.406401261e-05	0.1334894614	4.192912892e-06	0.04049844237
482	Rubrivivax	Pseudomonadota	Gammaproteobacteria	47	4.060207487e-05	0	0.1564792176	2.246980578e-05	2.815086376e-05	6.484071524e-05	2.611980418e-05	0.1878914405	2.367188909e-05	0.1756440281	8.473352966e-05	0.08411214953
483	Methylorubrum	Pseudomonadota	Alphaproteobacteria	5	4.044453186e-05	0	0.1075794621	3.926271877e-05	5.407434531e-05	3.041642119e-05	4.76497915e-05	0.1795407098	2.116849313e-05	0.07728337237	5.533409312e-05	0.04049844237
484	Shouchella	Bacillota	Bacilli	26	4.039230851e-05	0	0.1385493073	1.375024282e-05	8.543044223e-06	8.690162945e-05	4.300707994e-05	0.1628392484	6.369864935e-05	0.168618267	5.487999912e-06	0.06230529595
485	Stigmatella	Myxococcota	Myxococcia	53	4.030796717e-05	0	0.1369193154	3.41122417e-05	3.868954527e-05	4.647131868e-05	4.288921631e-05	0.2025052192	3.397355676e-05	0.1194379391	4.488234381e-05	0.06230529595
486	Aliterella	Cyanobacteriota	Cyanobacteriia	11	4.023011075e-05	0	0.05378973105	5.970028342e-05	9.399501247e-06	4.973128794e-05	4.225602695e-05	0.07933194154	2.233068379e-05	0.04449648712	6.101715578e-05	0.02803738318
487	Beutenbergia	Actinomycetota	Actinobacteria	4	3.929896231e-05	0	0.004074979625	0.0001296078812	0	1.201464394e-08	1.099867468e-06	0.008350730689	0	0	0.0001485762936	0.003115264798
488	Neo-b11	Pseudomonadota	Alphaproteobacteria	25	3.906551421e-05	0	0.1238793806	7.927021841e-05	2.577839303e-05	1.819260958e-05	9.034244451e-05	0.2505219207	1.054375168e-05	0.07025761124	4.896356439e-07	0.006230529595
489	Klebsiella	Pseudomonadota	Gammaproteobacteria	13	3.905295614e-05	0	0.0293398533	4.687815105e-06	7.623487483e-05	3.613633471e-05	3.409307003e-06	0.02922755741	3.664357433e-05	0.03278688525	9.544583455e-05	0.02492211838
490	Thalassobaculum	Pseudomonadota	Alphaproteobacteria	39	3.885864588e-05	0	0.1246943765	5.9122573e-05	6.43055222e-06	4.902093026e-05	1.365410994e-05	0.08141962422	3.11814678e-05	0.1592505855	8.668147378e-05	0.1433021807
491	Phytohabitans	Actinomycetota	Actinobacteria	59	3.881374687e-05	0	0.08312958435	3.756354887e-05	2.653015277e-05	4.966843676e-05	4.114750799e-05	0.1315240084	6.505563155e-05	0.08430913349	4.238517445e-07	0.009345794393
492	B2706-C7	Balneolota	Balneolia	2	3.873464445e-05	0	0.00488997555	6.426481217e-05	1.350842396e-05	3.897508245e-05	3.800277914e-08	0.002087682672	2.552200421e-07	0.002341920375	0.0001476642568	0.01246105919
493	Evansella	Bacillota	Bacilli	47	3.814568679e-05	0	0.09616951915	1.980655929e-05	7.10200619e-05	2.611408028e-05	5.413737186e-06	0.08768267223	6.182359568e-06	0.1007025761	0.0001295068849	0.1028037383
494	Leptolyngbya Es-Yyy1000	Cyanobacteriota	Cyanobacteriia	8	3.807023188e-05	0	0.02444987775	3.751109316e-06	2.665577126e-06	9.346239868e-05	9.417865689e-05	0.0375782881	3.576634327e-06	0.02341920375	2.285826074e-07	0.006230529595
495	Neisseria	Pseudomonadota	Gammaproteobacteria	9	3.80509083e-05	0	0.0880195599	8.472311031e-05	2.721595355e-05	1.013120073e-05	2.122302215e-05	0.1022964509	2.020730864e-05	0.09133489461	8.689755792e-05	0.06230529595
496	Cutibacterium	Actinomycetota	Actinobacteria	1	3.790151616e-05	0	0.08068459658	5.511296332e-05	1.209485926e-05	4.513712362e-05	3.988619348e-06	0.06471816284	4.128168964e-05	0.06791569087	8.401037441e-05	0.1214953271
497	KCM-B-112	Pseudomonadota	Gammaproteobacteria	2	3.768837484e-05	0	0.005704971475	4.959655922e-05	1.361720449e-05	4.769105694e-05	0	0	1.075638452e-07	0.002341920375	0.0001439180878	0.01869158879
498	Tagaea	Pseudomonadota	Alphaproteobacteria	42	3.711661475e-05	0	0.271393643	1.923849299e-05	3.510140244e-05	5.276736831e-05	2.767039759e-05	0.1983298539	4.999763535e-05	0.4121779859	3.407780549e-05	0.1931464174
499	Pyrinomonas	Acidobacteriota	Blastocatellia	9	3.696269386e-05	0	0.1972290139	3.777986919e-05	6.601611762e-05	1.296829792e-05	1.472904551e-05	0.133611691	8.382755589e-05	0.3770491803	7.79952087e-06	0.05295950156
500	Zhengella	Pseudomonadota	Alphaproteobacteria	24	3.67965259e-05	0	0.1320293399	6.635140177e-06	7.369090589e-06	8.412118485e-05	6.308362031e-05	0.1649269311	1.404086351e-05	0.149882904	2.784060571e-05	0.05919003115
501	Pseudobdellovibrio	Bdellovibrionota	Bdellovibrionia	21	3.634172498e-05	0	0.2779136104	3.919280381e-05	4.910081099e-05	2.384844841e-05	4.499314899e-05	0.3423799582	4.879576906e-05	0.3512880562	6.865373191e-06	0.08411214953
502	Veillonella	Bacillota	Negativicutes	21	3.627979271e-05	0	0.08720456398	3.27823738e-05	7.351841074e-05	9.092295599e-06	1.971504582e-05	0.08350730689	2.737483435e-05	0.1053864169	7.284344062e-05	0.06853582555
503	Cephaloticoccus	Verrucomicrobiota	Verrucomicrobiia	95	3.626894157e-05	0	0.1189894051	1.389997498e-05	1.449233251e-05	7.132831629e-05	3.68334983e-05	0.09603340292	5.660922757e-05	0.18735363	8.369487361e-06	0.06230529595
504	Polyangium	Myxococcota	Polyangiia	81	3.586040753e-05	0	0.1768541157	2.526491228e-05	2.838898525e-05	5.018136982e-05	3.613331272e-05	0.1920668058	4.524652801e-05	0.1943793911	2.296758812e-05	0.1308411215
505	Actinomyces	Actinomycetota	Actinobacteria	25	3.558126747e-05	0	0.08964955175	1.324836747e-05	5.967253247e-05	3.374385573e-05	8.316065668e-06	0.07933194154	5.975472185e-05	0.131147541	4.411075857e-05	0.04984423676
506	Pseudoxanthomonas	Pseudomonadota	Gammaproteobacteria	39	3.553878755e-05	0	0.1214343928	4.783287149e-05	9.619625684e-06	4.672402267e-05	1.154639981e-05	0.1002087683	7.198683067e-05	0.1662763466	2.285666705e-05	0.09345794393
507	Pleomorphomonas	Pseudomonadota	Alphaproteobacteria	6	3.553397778e-05	0	0.0228198859	3.815630109e-05	4.083462876e-05	2.921530206e-05	2.295500794e-05	0.02087682672	2.051057813e-05	0.02576112412	7.428886316e-05	0.02180685358
508	Oceanicella	Pseudomonadota	Alphaproteobacteria	11	3.553263661e-05	0	0.0260798696	7.933694619e-05	5.144722024e-06	2.558029968e-05	2.413530644e-07	0.01043841336	1.596307913e-06	0.03044496487	0.0001333374253	0.04361370717
509	Pseudorhodoplanes	Pseudomonadota	Alphaproteobacteria	57	3.544961875e-05	0	0.1817440913	1.750225427e-05	2.65610926e-05	5.667946696e-05	5.279418663e-05	0.2192066806	3.710351907e-05	0.2224824356	7.367801145e-06	0.07165109034
510	Salinicoccus	Bacillota	Bacilli	30	3.506804332e-05	0	0.1393643032	2.677998008e-05	3.735088619e-05	3.973765598e-05	2.432147562e-05	0.1607515658	1.994190175e-05	0.1288056206	7.12252657e-05	0.1214953271
511	Ilyomonas	Bacteroidota	Bacteroidia	10	3.496029803e-05	0	0.1165444173	2.397565541e-05	1.420213951e-05	6.026651205e-05	8.842445207e-06	0.04175365344	5.163120888e-05	0.18735363	5.175772036e-05	0.1339563863
512	Asticcacaulis	Pseudomonadota	Alphaproteobacteria	15	3.455320106e-05	0	0.1678891606	1.662702691e-05	6.307645085e-06	7.132555045e-05	2.633440697e-05	0.1544885177	4.707784611e-05	0.2388758782	3.015687375e-05	0.09345794393
513	FFCH7168	Chloroflexota	Chloroflexia	79	3.425292244e-05	0	0.1621841891	1.425918368e-05	5.268611508e-05	3.51276575e-05	6.604190383e-05	0.2797494781	1.299766512e-05	0.1030444965	1.509115543e-05	0.06542056075
514	Hydrogenispora	Bacillota	Limnochordia	46	3.38745373e-05	0	0.1719641402	1.78513365e-05	3.167589748e-05	4.821696866e-05	2.692109912e-05	0.1774530271	2.593489369e-05	0.1358313817	5.481199743e-05	0.2118380062
515	Candidatus Xiphinematobacter	Verrucomicrobiota	Verrucomicrobiia	34	3.367393495e-05	0	0.04074979625	4.956084286e-06	6.117786857e-07	8.278727247e-05	1.291893951e-05	0.03966597077	1.132894961e-05	0.04918032787	9.436848808e-05	0.03115264798
516	Nitrospirillum	Pseudomonadota	Alphaproteobacteria	26	3.316387998e-05	0	0.2404237979	2.096879079e-05	2.169908645e-05	5.195008149e-05	3.727029868e-05	0.2755741127	3.459048877e-05	0.2505854801	2.513853259e-05	0.1744548287
517	Nitrospina	Nitrospinota	Nitrospinia	2	3.285023281e-05	0	0.007334963325	9.779830449e-06	2.248451171e-05	5.928805858e-05	8.847987592e-08	0.002087682672	1.863991393e-07	0.004683840749	0.0001251877301	0.01869158879
518	Daejeonia	Bacteroidota	Bacteroidia	4	3.278962221e-05	0	0.008964955175	2.00287936e-05	8.757516024e-08	6.909027237e-05	0	0	1.751808402e-05	0.01639344262	0.0001020331607	0.01246105919
519	Citrobacter	Pseudomonadota	Gammaproteobacteria	12	3.263763769e-05	0	0.007334963325	0.0001030300777	5.041130323e-07	3.221783705e-06	1.335044141e-06	0.006263048017	9.625722681e-06	0.007025761124	0.0001099586035	0.009345794393
520	Chryseobacterium	Bacteroidota	Bacteroidia	25	3.213147398e-05	0	0.07334963325	5.028557073e-05	2.883500941e-05	2.05336449e-05	5.757181471e-06	0.07306889353	2.543418328e-05	0.08196721311	8.039636259e-05	0.06230529595
521	Naasia	Actinomycetota	Actinobacteria	5	3.184119611e-05	0	0.08883455583	3.245333928e-05	1.551645664e-05	4.448256421e-05	6.080761577e-05	0.127348643	1.551628965e-05	0.08665105386	1.033284733e-05	0.03426791277
522	Rhodovarius	Pseudomonadota	Alphaproteobacteria	8	3.172772397e-05	0	0.217603912	4.187103406e-05	3.822986518e-05	1.854074686e-05	4.873498004e-05	0.3444676409	2.863261431e-05	0.2201405152	1.046646594e-05	0.02492211838
523	Deinobacterium	Deinococcota	Deinococci	19	3.172408029e-05	0	0.1874490628	1.787278559e-05	3.156131339e-05	4.272554826e-05	1.961462446e-05	0.2066805846	4.735105634e-05	0.2365339578	2.900666775e-05	0.09345794393
524	Paeniclostridium	Bacillota	Clostridia	6	3.110938615e-05	0	0.1344743276	4.452324335e-05	1.555669047e-05	3.308327261e-05	5.864707262e-05	0.2108559499	1.395201124e-05	0.1007025761	1.284037455e-05	0.06542056075
525	Aureimonas	Pseudomonadota	Alphaproteobacteria	23	3.0989574e-05	0	0.108394458	2.614412786e-05	2.729467061e-05	3.776228317e-05	3.110488387e-05	0.1043841336	1.832478329e-05	0.09836065574	4.766444067e-05	0.1277258567
526	Lujinxingia	Thermodesulfobacteriota	Desulfuromonadia	32	3.09832229e-05	0	0.02689486553	1.812133873e-06	2.841910528e-05	5.593802022e-05	4.940325767e-06	0.002087682672	6.427625602e-07	0.002341920375	0.0001102041709	0.09657320872
527	Fimbriimonas	Armatimonadota	Fimbriimonadia	29	3.071438411e-05	0	0.2436837816	2.271347605e-05	1.78018777e-05	4.737261775e-05	2.93225669e-05	0.2713987474	3.854695185e-05	0.318501171	2.237224711e-05	0.1028037383
528	Phaeodactylibacter	Bacteroidota	Bacteroidia	18	3.05361256e-05	0	0.2004889976	1.344093686e-05	4.817884574e-05	2.977142906e-05	2.19008791e-05	0.2171189979	5.221109773e-05	0.262295082	1.458930309e-05	0.09345794393
529	Cryptosporangium	Actinomycetota	Actinobacteria	23	3.05022326e-05	0	0.06682966585	1.82027969e-05	5.652468291e-05	1.923817461e-05	1.34896619e-05	0.09394572025	5.606711849e-05	0.07259953162	2.188171887e-05	0.01869158879
530	Abiotrophia	Bacillota	Bacilli	5	3.042237354e-05	0	0.07416462918	2.345731251e-05	7.371718794e-05	1.088361765e-06	1.438829966e-05	0.08768267223	6.86490724e-05	0.08430913349	3.49876287e-06	0.04049844237
531	Aetherobacter	Myxococcota	Polyangiia	19	3.026009087e-05	0	0.2021189894	3.303519336e-05	3.989773735e-05	2.03354465e-05	2.644478362e-05	0.2338204593	3.336165298e-05	0.2177985948	3.182758356e-05	0.1339563863
532	Arenimonas	Pseudomonadota	Gammaproteobacteria	8	3.017736603e-05	0	0.02037489813	1.68042016e-05	5.479963402e-05	2.088144422e-05	7.754104912e-07	0.01461377871	7.820925826e-08	0.002341920375	0.0001140897543	0.05295950156
533	Chthonomonas	Armatimonadota	Chthonomonadia	39	3.008428371e-05	0	0.3569682152	2.563352088e-05	4.262971305e-05	2.349330311e-05	3.961832014e-05	0.4405010438	3.454521528e-05	0.4238875878	9.923469918e-06	0.1433021807
534	Sediminivirga	Actinomycetota	Actinobacteria	5	2.991875337e-05	0	0.04971475143	3.614590346e-07	7.702418543e-07	7.654511704e-05	7.293084802e-06	0.05219206681	5.356250227e-05	0.07259953162	3.222970185e-05	0.01557632399
535	Stella	Pseudomonadota	Alphaproteobacteria	14	2.973456782e-05	0	0.2208638957	1.781474462e-05	5.274237911e-05	2.05957453e-05	5.068555393e-05	0.3298538622	2.830097774e-05	0.2505854801	3.78245759e-07	0.01869158879
536	C1-B045	Pseudomonadota	Gammaproteobacteria	8	2.971904867e-05	0	0.01548492258	1.433068583e-05	5.20023866e-05	2.388470105e-05	2.746579375e-07	0.008350730689	3.507622997e-07	0.004683840749	0.0001127225423	0.04049844237
537	E1B-B3-114	Actinomycetota	Actinobacteria	39	2.950808214e-05	0	0.130399348	6.993292594e-05	2.016519229e-05	5.292046572e-06	6.054204059e-05	0.2400835073	1.532442738e-05	0.09133489461	2.066195804e-06	0.01869158879
538	Wenjunlia	Actinomycetota	Actinobacteria	19	2.9258405e-05	0	0.1002444988	1.5083723e-05	2.473602841e-05	4.401791382e-05	3.963719216e-05	0.1231732777	2.392290984e-05	0.1217798595	2.086842799e-05	0.03738317757
539	Tenggerimyces	Actinomycetota	Actinobacteria	24	2.912824061e-05	0	0.0912795436	2.106718832e-05	3.662123478e-05	2.943178633e-05	5.152286755e-05	0.114822547	1.426445621e-05	0.1147540984	1.548278774e-05	0.02492211838
540	Culicoidibacter	Bacillota	Bacilli	10	2.891892728e-05	0	0.0260798696	9.005463218e-06	3.666590566e-06	6.484497985e-05	6.963548994e-05	0.04592901879	4.81551537e-06	0.018735363	2.239845129e-07	0.006230529595
541	Filomicrobium	Pseudomonadota	Alphaproteobacteria	12	2.856864865e-05	0	0.109209454	1.09126789e-05	7.23786527e-06	5.957086217e-05	4.197288037e-05	0.1544885177	2.806102919e-05	0.08430913349	9.241939961e-06	0.07476635514
542	Hymenobacter	Bacteroidota	Bacteroidia	70	2.841130231e-05	0	0.2216788916	4.010072899e-05	3.275290898e-05	1.574754942e-05	4.299456647e-05	0.3152400835	2.863447369e-05	0.2365339578	6.353116286e-06	0.06230529595
543	IMCC26134	Verrucomicrobiota	Verrucomicrobiia	46	2.7990281e-05	0	0.1776691117	1.783021571e-05	2.477672187e-05	3.854705383e-05	2.220375211e-05	0.1524008351	4.069512375e-05	0.2740046838	1.972479653e-05	0.08722741433
544	Actinopolymorpha	Actinomycetota	Actinobacteria	34	2.79696488e-05	0	0.2159739201	2.913575378e-05	2.730766168e-05	2.758658137e-05	3.328667619e-05	0.2296450939	4.005507868e-05	0.3302107728	3.959260383e-06	0.04361370717
545	BIyi10	Pseudomonadota	Gammaproteobacteria	23	2.775148543e-05	0	0.1980440098	1.493453511e-05	3.868285221e-05	2.902375288e-05	3.351002559e-05	0.2254697286	3.70637457e-05	0.2646370023	6.771186752e-06	0.06853582555
546	JGI 0001001-H03	Acidobacteriota	Blastocatellia	12	2.742507275e-05	0	0.06601466993	4.631781133e-06	5.584110761e-05	2.247274195e-05	6.406406893e-05	0.1127348643	3.734980722e-06	0.04449648712	4.264917384e-06	0.02492211838
547	Desmospora	Bacillota	Bacilli	4	2.731125099e-05	0	0.0260798696	1.411138853e-06	4.707066419e-05	3.175535497e-05	1.504473944e-07	0.004175365344	8.507334737e-08	0.002341920375	0.0001040576771	0.09034267913
548	Algiphilus	Pseudomonadota	Gammaproteobacteria	17	2.716165739e-05	0	0.07090464548	1.741279804e-05	1.436498952e-05	4.509859017e-05	2.438494336e-06	0.02922755741	1.016524805e-05	0.1241217799	8.666278477e-05	0.06230529595
549	Lachnoclostridium	Bacillota	Clostridia	14	2.699597644e-05	0	0.1246943765	1.535291854e-05	2.188877194e-05	4.023872422e-05	2.8782146e-05	0.1691022965	2.171777162e-05	0.1147540984	3.135179648e-05	0.07165109034
550	Jahnella	Myxococcota	Polyangiia	37	2.68054541e-05	0	0.065199674	1.01647302e-05	8.507166712e-06	5.457337981e-05	6.209576412e-05	0.1002087683	5.013484708e-06	0.04918032787	3.132907149e-06	0.03426791277
551	Agaricicola	Pseudomonadota	Alphaproteobacteria	8	2.670909539e-05	0	0.1271393643	8.458234219e-06	5.154628687e-06	5.835798181e-05	3.500680078e-05	0.1691022965	3.029391653e-05	0.1194379391	9.558567297e-06	0.07476635514
552	Zobellella	Pseudomonadota	Gammaproteobacteria	3	2.666413923e-05	0	0.03748981255	4.741364013e-05	2.748063621e-05	9.723422603e-06	3.72333175e-05	0.04801670146	2.499520782e-05	0.0281030445	1.311272902e-05	0.03426791277
553	Anaerocolumna	Bacillota	Clostridia	23	2.588335784e-05	0	0.1344743276	1.223577649e-05	2.852137086e-05	3.44736897e-05	4.660131663e-05	0.1878914405	1.701187267e-05	0.1147540984	6.768784357e-06	0.08099688474
554	Mariniblastus	Planctomycetota	Planctomycetes	12	2.543021172e-05	0	0.03667481663	6.667618213e-06	4.799346945e-05	2.201899567e-05	7.829244762e-07	0.01670146138	7.126369076e-06	0.03512880562	8.655728774e-05	0.06853582555
555	Allobacillus	Bacillota	Bacilli	8	2.520439997e-05	0	0.02689486553	4.554121107e-06	1.103909123e-05	5.279698724e-05	1.332555828e-06	0.01461377871	1.586246004e-07	0.004683840749	9.414259132e-05	0.07476635514
556	Psychrobacter	Pseudomonadota	Gammaproteobacteria	9	2.475200275e-05	0	0.0032599837	0	7.96575919e-05	4.465160404e-08	1.878162872e-08	0.002087682672	2.849756478e-08	0.002341920375	9.454686141e-05	0.006230529595
557	Roseovarius	Pseudomonadota	Alphaproteobacteria	10	2.466275642e-05	0	0.0130399348	1.1522107e-05	6.678032135e-05	1.121679088e-06	2.533062915e-06	0.01461377871	3.993004821e-07	0.009367681499	8.996063453e-05	0.01557632399
558	Azoarcus	Pseudomonadota	Gammaproteobacteria	9	2.465362321e-05	0	0.04156479218	1.731373479e-06	5.825325671e-05	1.563593658e-05	1.498186066e-05	0.04384133612	2.625243179e-06	0.05620608899	6.838849092e-05	0.01869158879
559	Urania-1B-19 marine sediment group	Planctomycetota	Phycisphaerae	26	2.445882276e-05	0	0.03667481663	8.80753607e-07	2.006375378e-06	6.101035057e-05	1.671724831e-05	0.02713987474	2.370475566e-06	0.02341920375	6.539321035e-05	0.06853582555
560	Ereboglobus	Verrucomicrobiota	Verrucomicrobiia	21	2.426450363e-05	0	0.1157294214	2.208421169e-05	3.768639805e-05	1.518713408e-05	4.308228678e-06	0.05636743215	3.625090827e-05	0.1896955504	3.809896134e-05	0.1059190031
561	Chungangia	Bacillota	Bacilli	12	2.42613513e-05	0	0.03748981255	1.250452198e-05	9.289782283e-06	4.552233928e-05	2.546628231e-05	0.07724425887	3.94515457e-05	0.01405152225	2.257067929e-06	0.009345794393
562	SKP-2	Thermodesulfobacteriota	Desulfuromonadia	9	2.42479199e-05	0	0.02689486553	5.679720079e-06	3.484573684e-05	3.030193274e-05	2.0045494e-06	0.01043841336	6.167056344e-08	0.002341920375	8.961272657e-05	0.08411214953
563	Amaricoccus	Pseudomonadota	Alphaproteobacteria	17	2.405374341e-05	0	0.0391198044	1.67688156e-05	7.721147826e-06	4.28991275e-05	4.442515826e-05	0.05636743215	5.85722234e-06	0.02107728337	1.786061811e-05	0.03738317757
564	Prevotella	Bacteroidota	Bacteroidia	13	2.404701882e-05	0	0.01466992665	1.594282466e-06	6.862378443e-05	5.837462339e-06	1.970251423e-06	0.01252609603	6.663757559e-05	0.02341920375	3.355043158e-07	0.006230529595
565	Calorithrix	Calditrichota	Calditrichia	2	2.401234953e-05	0	0.0032599837	7.038020796e-07	1.728935258e-06	6.021648557e-05	0	0	0	0	9.178552296e-05	0.01246105919
566	Blvii28 wastewater-sludge group	Bacteroidota	Bacteroidia	2	2.375455343e-05	0	0.03341483293	3.971485331e-05	2.556764218e-05	9.771392304e-06	3.143959693e-05	0.04801670146	2.093698152e-05	0.02107728337	1.603482559e-05	0.02803738318
567	Sporosarcina	Bacillota	Bacilli	24	2.374116113e-05	0	0.03178484108	4.101465902e-05	6.280995798e-06	2.421918174e-05	5.678020855e-05	0.05427974948	3.514992258e-06	0.02576112412	1.345118721e-06	0.006230529595
568	Thermopolyspora	Actinomycetota	Actinobacteria	25	2.369818278e-05	0	0.03830480848	1.689537529e-06	2.155196192e-05	4.269591734e-05	3.154260254e-05	0.0375782881	3.046531352e-05	0.05386416862	2.990887173e-06	0.01869158879
569	Imperialibacter	Bacteroidota	Bacteroidia	18	2.360906221e-05	0	0.03341483293	3.248630111e-07	7.629565605e-07	6.024637941e-05	4.101085244e-05	0.02922755741	1.630975891e-05	0.037470726	7.351569963e-06	0.03426791277
570	Zavarzinella	Planctomycetota	Planctomycetes	50	2.336515968e-05	0	0.1010594947	1.133728263e-05	4.258489956e-05	1.735598114e-05	5.206376132e-05	0.1732776618	4.89793932e-06	0.07494145199	5.106196784e-06	0.02803738318
571	Bremerella	Planctomycetota	Planctomycetes	22	2.332240041e-05	0	0.1320293399	1.530962822e-05	2.908276984e-05	2.498073481e-05	1.045733843e-05	0.1064718163	2.099848098e-05	0.1522248244	4.561111782e-05	0.1433021807
572	AK92	Pseudomonadota	Gammaproteobacteria	35	2.298504316e-05	0	0.03504482478	1.057581734e-06	1.932489179e-05	4.313595734e-05	1.744432112e-05	0.02505219207	1.07492022e-06	0.018735363	6.03982156e-05	0.07165109034
573	Mycoplasma	Bacillota	Bacilli	58	2.290725039e-05	0	0.05704971475	5.124660617e-06	6.667864471e-07	5.474003553e-05	1.135590958e-05	0.05845511482	5.153708604e-05	0.07962529274	2.060373202e-06	0.02492211838
574	Rubrivirga	Rhodothermota	Rhodothermia	22	2.277970946e-05	0	0.04726976365	2.651814037e-05	2.679094291e-05	1.662153173e-05	1.009734992e-05	0.05010438413	3.45349693e-07	0.009367681499	7.154706721e-05	0.09345794393
575	Aminobacter	Pseudomonadota	Alphaproteobacteria	17	2.258361144e-05	0	0.1214343928	8.794469982e-06	7.014091029e-06	4.592021037e-05	3.356833893e-05	0.1691022965	2.062335592e-05	0.1077283372	8.799638328e-06	0.06853582555
576	Halopeptonella	Pseudomonadota	Gammaproteobacteria	5	2.255581108e-05	0	0.0228198859	2.232702329e-05	8.889654172e-06	3.372018838e-05	6.005041412e-08	0.002087682672	0	0	8.612839891e-05	0.08411214953
577	Pontibacillus	Bacillota	Bacilli	15	2.221359796e-05	0	0.03422982885	2.196903666e-05	7.679474928e-06	3.408802345e-05	7.424123302e-07	0.008350730689	1.843837903e-06	0.004683840749	8.134937822e-05	0.1121495327
578	KD3-10	Myxococcota	Myxococcia	127	2.207536084e-05	0	0.2404237979	2.425846799e-05	3.43292921e-05	1.051235734e-05	2.962846546e-05	0.3298538622	2.351066437e-05	0.262295082	8.895262041e-06	0.07788161994
579	Rubinisphaera	Planctomycetota	Planctomycetes	13	2.202667443e-05	0	0.03504482478	1.241576026e-05	1.173145084e-05	3.784469187e-05	7.092176082e-06	0.01878914405	6.551748155e-06	0.0281030445	6.489713622e-05	0.06853582555
580	Methyloceanibacter	Pseudomonadota	Alphaproteobacteria	17	2.197573636e-05	0	0.0423797881	2.39789726e-06	6.028115344e-06	5.015928015e-05	2.905196762e-06	0.02505219207	3.513882305e-06	0.04449648712	7.499131317e-05	0.06542056075
581	Myceligenerans	Actinomycetota	Actinobacteria	29	2.197287519e-05	0	0.06764466178	2.810186421e-06	2.044750767e-06	5.303012335e-05	1.157476951e-05	0.03966597077	4.557924853e-05	0.1170960187	6.087427244e-06	0.04361370717
582	Delftia	Pseudomonadota	Gammaproteobacteria	5	2.187354585e-05	0	0.01711491443	5.919015752e-05	1.203792316e-05	4.929397275e-07	1.411457109e-06	0.01461377871	1.172858191e-06	0.01405152225	7.994374564e-05	0.02492211838
583	Hirschia	Pseudomonadota	Alphaproteobacteria	27	2.142874936e-05	0	0.1206193969	7.864812049e-06	1.307073735e-05	3.879201361e-05	1.362561897e-05	0.1022964509	2.472871743e-05	0.1475409836	2.868299577e-05	0.1121495327
584	Sulfurivermis	Pseudomonadota	Gammaproteobacteria	2	2.129722419e-05	0	0.0032599837	6.146795964e-07	2.658545585e-08	5.462638021e-05	2.114626029e-08	0.002087682672	5.355054095e-07	0.002341920375	8.066325302e-05	0.006230529595
585	Legionella	Pseudomonadota	Gammaproteobacteria	106	2.122873789e-05	0	0.1646291769	6.029130914e-06	1.254467397e-05	4.013777197e-05	2.537973484e-05	0.1858037578	1.74785835e-05	0.2037470726	2.002309424e-05	0.08099688474
586	Chromohalobacter	Pseudomonadota	Gammaproteobacteria	4	2.105471234e-05	0	0.032599837	2.809803283e-05	2.971499764e-05	8.565927695e-06	2.056065461e-05	0.03549060543	1.779437143e-05	0.03044496487	2.612891551e-05	0.03115264798
587	Candidatus Protochlamydia	Chlamydiota	Chlamydiia	96	2.103279856e-05	0	0.1915240424	9.365622057e-06	1.620931832e-05	3.406641802e-05	2.468335049e-05	0.2212943633	2.295381556e-05	0.2177985948	1.303003023e-05	0.1121495327
588	Pseudothermotoga	Thermotogota	Thermotogae	6	2.074199207e-05	0	0.09698451508	1.220101481e-05	1.19647963e-05	3.450012525e-05	4.492204885e-06	0.05845511482	1.646111097e-05	0.1803278689	5.068462226e-05	0.04361370717
589	Weizmannia	Bacillota	Bacilli	4	2.073781469e-05	0	0.01140994295	7.168981676e-06	2.0162949e-05	3.184884784e-05	4.755751163e-07	0.004175365344	1.040480705e-06	0.01639344262	7.717511802e-05	0.01557632399
590	Synechocystis BDHKU-20401	Cyanobacteriota	Cyanobacteriia	2	2.073087433e-05	0	0.0065199674	3.078044127e-05	4.670774998e-06	2.575293961e-05	0	0	9.556251316e-07	0.004683840749	7.797112422e-05	0.01869158879
591	Tepidimonas	Pseudomonadota	Gammaproteobacteria	4	2.045500922e-05	0	0.01222493888	6.665820366e-05	6.335378292e-07	1.267228781e-07	3.531558526e-06	0.004175365344	4.098104165e-05	0.018735363	1.840428349e-05	0.01557632399
592	Planctopirus	Planctomycetota	Planctomycetes	20	2.020975681e-05	0	0.09290953545	1.34198048e-05	3.462153124e-05	1.395443212e-05	3.28889967e-05	0.114822547	1.179397393e-05	0.09133489461	1.24844714e-05	0.06230529595
593	Kofleria	Myxococcota	Polyangiia	23	2.018863765e-05	0	0.04971475143	3.583613911e-06	1.975483942e-06	4.786011528e-05	1.171466806e-05	0.06680584551	6.065312336e-06	0.02576112412	5.162069793e-05	0.05607476636
594	Gloeocapsa	Cyanobacteriota	Cyanobacteriia	2	2.015697757e-05	0	0.004074979625	5.412140924e-05	3.404562135e-06	6.966896775e-06	0	0	0	0	7.70486339e-05	0.01557632399
595	[Streptomyces] thermoautotrophicus	Actinomycetota	Actinobacteria	13	2.001002125e-05	0	0.1132844336	1.442297427e-05	1.753870819e-05	2.638122747e-05	1.411069611e-05	0.08350730689	1.432710041e-05	0.1381733021	3.637258803e-05	0.1246105919
596	Litorivivens	Pseudomonadota	Gammaproteobacteria	5	1.980742275e-05	0	0.02118989405	1.450097776e-05	7.481637527e-06	3.387940948e-05	4.089414399e-07	0.002087682672	1.757518451e-07	0.002341920375	7.486846957e-05	0.07476635514
597	Craurococcus	Pseudomonadota	Alphaproteobacteria	79	1.978839541e-05	0	0.1149144254	3.172625822e-05	2.682755787e-05	4.761378822e-06	2.6752737e-05	0.2212943633	6.063984956e-06	0.06323185012	2.765258121e-05	0.02492211838
598	Rhodovulum	Pseudomonadota	Alphaproteobacteria	3	1.97658327e-05	0	0.00488997555	7.329828652e-06	3.972645251e-06	4.222025871e-05	1.256407487e-06	0.004175365344	0	0	7.367868393e-05	0.01246105919
599	Salilacibacter	Actinomycetota	Actinobacteria	2	1.97128707e-05	0	0.0032599837	0	6.348475683e-05	0	0	0	0	0	7.535106652e-05	0.01246105919
600	Peterkaempfera	Actinomycetota	Actinobacteria	6	1.944068931e-05	0	0.03422982885	7.475690309e-06	3.939802557e-06	4.129051521e-05	1.088745522e-05	0.05427974948	5.755297999e-06	0.02341920375	5.040848125e-05	0.01869158879
601	Exiguobacterium	Bacillota	Bacilli	6	1.93831532e-05	0	0.065199674	1.643539704e-05	4.246463844e-06	3.386341468e-05	1.304923668e-05	0.08141962422	1.435430371e-05	0.06323185012	3.552416488e-05	0.04361370717
602	Niveibacterium	Pseudomonadota	Gammaproteobacteria	15	1.869113833e-05	0	0.0945395273	3.233286122e-05	1.189293493e-05	1.344935474e-05	2.643832447e-05	0.139874739	1.309956566e-05	0.07025761124	1.456870645e-05	0.05919003115
603	Bdellovibrio	Bdellovibrionota	Bdellovibrionia	21	1.820547927e-05	0	0.0814995925	3.694987557e-06	3.538037718e-05	1.578832065e-05	9.374651232e-06	0.06680584551	1.079629428e-05	0.1194379391	4.123877715e-05	0.05295950156
604	Arboricoccus	Pseudomonadota	Alphaproteobacteria	16	1.809919522e-05	0	0.02363488183	5.380560473e-05	4.279716172e-07	4.280528245e-06	7.75116202e-06	0.05010438413	4.331359702e-05	0.01170960187	0	0
605	Lentibacillus	Bacillota	Bacilli	33	1.763155833e-05	0	0.06601466993	7.490612215e-06	4.732836801e-06	3.595823526e-05	6.848935197e-06	0.06263048017	2.394417478e-06	0.03981264637	5.39902363e-05	0.1059190031
606	Pseudorhizobium	Pseudomonadota	Alphaproteobacteria	5	1.755305103e-05	0	0.03993480033	1.672958861e-05	1.40246836e-05	2.103540549e-05	1.44274824e-08	0.002087682672	2.574416294e-06	0.018735363	6.364924328e-05	0.1246105919
607	Magnetospirillum	Pseudomonadota	Alphaproteobacteria	29	1.750716318e-05	0	0.1996740016	7.049405337e-06	1.534871108e-05	2.744947578e-05	1.482324627e-05	0.2045929019	2.568800489e-05	0.2529274005	1.06298323e-05	0.1214953271
608	UTBCD1	Bacteroidota	Bacteroidia	18	1.735410612e-05	0	0.07416462918	1.511318191e-05	1.401989628e-05	2.179283557e-05	4.360762621e-05	0.1628392484	9.311315914e-07	0.0281030445	2.443012817e-08	0.003115264798
609	Marinimicrobium	Pseudomonadota	Gammaproteobacteria	12	1.697233875e-05	0	0.0228198859	5.01725562e-06	1.781651554e-05	2.567626188e-05	1.050597019e-06	0.01252609603	1.55934623e-07	0.004683840749	6.310043485e-05	0.06230529595
610	Stackebrandtia	Actinomycetota	Actinobacteria	10	1.677582063e-05	0	0.03015484923	2.368681856e-07	2.411673832e-07	4.304627042e-05	3.363544194e-05	0.03549060543	1.042699425e-05	0.04449648712	6.301771117e-08	0.003115264798
611	Minicystis	Myxococcota	Polyangiia	25	1.666893051e-05	0	0.1458842706	1.475336982e-05	2.210226558e-05	1.380498097e-05	2.482533428e-05	0.1962421712	1.563703244e-05	0.1592505855	5.870497701e-06	0.05295950156
612	Marinicrinis	Bacillota	Bacilli	19	1.666393356e-05	0	0.06275468623	1.259395037e-05	8.046367339e-06	2.67848755e-05	1.110588296e-06	0.01670146138	8.160190545e-06	0.04918032787	5.11846521e-05	0.1495327103
613	Thermostilla	Planctomycetota	Planctomycetes	20	1.648972631e-05	0	0.1132844336	1.602026604e-05	2.098136969e-05	1.324779191e-05	2.264668512e-05	0.139874739	1.796930274e-05	0.1405152225	5.33408019e-06	0.03738317757
614	Bythopirellula	Planctomycetota	Planctomycetes	55	1.636567857e-05	0	0.03096984515	1.142791814e-08	4.91065455e-05	2.883634139e-06	2.674217984e-07	0.02296450939	1.472574844e-06	0.02341920375	6.019876356e-05	0.05295950156
615	Leptolyngbya EcFYyyy-00	Cyanobacteriota	Cyanobacteriia	16	1.633969216e-05	0	0.04808475958	1.255948797e-05	5.44352935e-06	2.806474276e-05	3.784264442e-05	0.08768267223	3.787812224e-06	0.03512880562	9.494697269e-07	0.006230529595
616	Fodinibius	Balneolota	Balneolia	4	1.621802053e-05	0	0.00814995925	0	2.122400204e-06	4.02761112e-05	7.038829168e-08	0.002087682672	0	0	6.188721244e-05	0.02803738318
617	HdN1	Pseudomonadota	Gammaproteobacteria	25	1.620050911e-05	0	0.1507742461	1.61345396e-05	2.341770607e-05	1.045111801e-05	1.589933848e-05	0.1837160752	2.475349003e-05	0.1709601874	5.272589735e-06	0.07476635514
618	Ellin516	Verrucomicrobiota	Verrucomicrobiia	19	1.617126185e-05	0	0.1458842706	6.415845699e-06	2.850853557e-05	1.391074186e-05	7.886891073e-06	0.08977035491	2.235727246e-05	0.224824356	2.030455492e-05	0.1246105919
619	Tuwongella	Planctomycetota	Planctomycetes	29	1.613696912e-05	0	0.1401792991	6.991207039e-06	3.300705972e-05	9.754519694e-06	2.458927331e-05	0.1753653445	1.810843257e-05	0.1920374707	9.01864443e-07	0.01869158879
620	Rhodobaculum	Pseudomonadota	Alphaproteobacteria	7	1.593017569e-05	0	0.03341483293	1.060162606e-05	1.244985366e-05	2.290954945e-05	1.176401613e-06	0.006263048017	2.127962014e-07	0.007025761124	5.885347423e-05	0.1090342679
621	Pseudohongiella	Pseudomonadota	Gammaproteobacteria	36	1.575957097e-05	0	0.05134474328	1.834842621e-06	1.891782962e-05	2.414923849e-05	1.054391645e-06	0.01252609603	2.154041908e-06	0.01405152225	5.580113424e-05	0.1588785047
622	Alkaliphilus	Bacillota	Clostridia	25	1.568018015e-05	0	0.09046454768	8.3693745e-06	4.844905082e-06	3.012714114e-05	1.181560503e-05	0.1106471816	2.82581623e-05	0.112412178	4.715485783e-06	0.03115264798
623	Chakia	Cyanobacteriota	Cyanobacteriia	5	1.562702979e-05	0	0.01059494703	1.74604189e-05	1.043977644e-05	1.835766856e-05	4.669699761e-08	0.002087682672	0	0	5.96635442e-05	0.03738317757
624	Methylobacterium	Pseudomonadota	Alphaproteobacteria	93	1.55690736e-05	0	0.1010594947	3.221496962e-05	5.072144366e-06	1.094261098e-05	2.755097187e-05	0.1670146138	1.183437187e-05	0.07494145199	2.657510885e-06	0.03738317757
625	Piscibacillus	Bacillota	Bacilli	11	1.556093656e-05	0	0.032599837	8.595248985e-06	1.33111082e-05	2.283608505e-05	4.772486632e-08	0.006263048017	9.09478811e-07	0.01170960187	5.819956853e-05	0.09968847352
626	Diplosphaera	Verrucomicrobiota	Verrucomicrobiia	28	1.540265302e-05	0	0.08068459658	2.999663294e-06	4.268013914e-06	3.408663968e-05	4.628414939e-06	0.05010438413	1.650922223e-05	0.1053864169	3.000812027e-05	0.09345794393
627	Marinicaulis	Pseudomonadota	Alphaproteobacteria	8	1.536594296e-05	0	0.005704971475	6.602249835e-08	4.923698146e-05	1.480204887e-07	6.059985837e-07	0.006263048017	1.64313142e-07	0.004683840749	5.761238936e-05	0.006230529595
628	Halomicrobium	Halobacteriota	Halobacteria	72	1.535561638e-05	0	0.0130399348	0	3.201980193e-05	1.401222945e-05	1.637339454e-07	0.004175365344	6.227803044e-07	0.002341920375	5.762300792e-05	0.04049844237
629	Diaminobutyricimonas	Actinomycetota	Actinobacteria	4	1.524797443e-05	0	0.0554197229	5.89207434e-06	1.48947922e-05	2.287446656e-05	2.152196422e-05	0.07724425887	1.110032021e-05	0.04918032787	1.14031372e-05	0.03115264798
630	Magnetospira	Pseudomonadota	Alphaproteobacteria	6	1.521238447e-05	0	0.0130399348	3.491861757e-06	2.075679607e-05	1.995418538e-05	2.999591618e-07	0.008350730689	1.488783579e-07	0.002341920375	5.750263006e-05	0.03426791277
631	Aidingimonas	Pseudomonadota	Gammaproteobacteria	2	1.503865995e-05	0	0.03178484108	2.238363474e-05	1.72472906e-05	7.498957636e-06	2.553739655e-05	0.05219206681	7.026015807e-06	0.01405152225	1.003088493e-05	0.02492211838
632	Desulfomonile	Thermodesulfobacteriota	Desulfomonilia	1	1.480438703e-05	0	0.002444987775	4.876040311e-05	6.853788245e-08	0	0	0	2.090991203e-07	0.004683840749	5.631058432e-05	0.003115264798
633	Desemzia	Bacillota	Bacilli	4	1.460360892e-05	0	0.065199674	1.837366179e-05	1.202306371e-05	1.371906896e-05	1.00717068e-05	0.06471816284	3.066576251e-05	0.1147540984	0	0
634	Ornithinicoccus	Actinomycetota	Actinobacteria	10	1.435605342e-05	0	0.0521597392	6.258002867e-06	9.640153387e-06	2.450211401e-05	1.646223967e-05	0.06263048017	2.787577235e-06	0.02341920375	2.660177342e-05	0.07476635514
635	Candidatus Paracaedibacter	Pseudomonadota	Alphaproteobacteria	45	1.418199857e-05	0	0.141809291	1.356163178e-05	4.65338919e-06	2.232794081e-05	1.494410065e-05	0.1795407098	1.078218204e-05	0.1405152225	1.756727823e-05	0.08722741433
636	Shinella	Pseudomonadota	Alphaproteobacteria	37	1.401078501e-05	0	0.05297473513	1.373020873e-05	1.643265187e-06	2.417196525e-05	2.808840917e-05	0.09394572025	5.890011651e-06	0.037470726	3.806387042e-06	0.01246105919
637	Aliidiomarina	Pseudomonadota	Gammaproteobacteria	3	1.399541549e-05	0	0.007334963325	3.136139172e-07	5.183062825e-08	3.594085013e-05	0	0	3.497901148e-07	0.007025761124	5.30311976e-05	0.01869158879
638	Haemophilus	Pseudomonadota	Gammaproteobacteria	18	1.384755015e-05	0	0.06030969845	2.096614974e-05	1.315600962e-05	8.816659622e-06	1.814745235e-05	0.07098121086	1.550765917e-05	0.06323185012	5.222878166e-06	0.04049844237
639	Terrimicrobium	Verrucomicrobiota	Verrucomicrobiia	23	1.366238768e-05	0	0.04400977995	3.240176318e-06	1.401362185e-06	3.169722595e-05	7.322202258e-06	0.05427974948	2.7634863e-05	0.04918032787	4.536848301e-06	0.02180685358
640	Stenotrophobacter	Acidobacteriota	Blastocatellia	49	1.346163219e-05	0	0.07008964955	1.059484189e-05	1.550334943e-05	1.407039109e-05	3.016839485e-05	0.133611691	4.574473744e-06	0.04215456674	3.534619159e-07	0.01246105919
641	Aggregicoccus	Myxococcota	Myxococcia	79	1.3250779e-05	0	0.0554197229	5.634914964e-06	1.145940065e-05	2.06676916e-05	2.117504215e-05	0.08768267223	1.194045171e-05	0.03278688525	3.169120755e-06	0.03738317757
642	Serratia	Pseudomonadota	Gammaproteobacteria	3	1.323360017e-05	0	0.02118989405	2.001885622e-05	2.343582062e-06	1.666183151e-05	9.389429673e-06	0.02713987474	7.093494872e-06	0.018735363	2.713759592e-05	0.01557632399
643	Alicyclobacillus	Bacillota	Bacilli	11	1.320223821e-05	0	0.04400977995	1.337514148e-06	3.510140465e-05	4.911299247e-06	2.229555664e-06	0.03549060543	3.384201456e-05	0.06791569087	2.120401555e-06	0.02492211838
644	Alterococcus	Verrucomicrobiota	Verrucomicrobiia	47	1.309951548e-05	0	0.08231458843	6.467673494e-06	7.701322326e-06	2.264330621e-05	1.778385546e-05	0.08977035491	1.484014874e-05	0.1100702576	3.794066089e-06	0.03426791277
645	Arcobacter	Campylobacterota	Campylobacteria	1	1.309795384e-05	0	0.0097799511	6.928759616e-06	9.467775762e-06	2.085752789e-05	4.894991025e-06	0.008350730689	7.833349503e-06	0.01170960187	3.234158388e-05	0.009345794393
646	Jeotgalibacillus	Bacillota	Bacilli	1	1.309696051e-05	0	0.0065199674	2.120591199e-06	3.717326341e-05	2.35885499e-06	0	0	3.179776189e-07	0.004683840749	4.963923398e-05	0.01869158879
647	Tyzzerella	Bacillota	Clostridia	94	1.297891341e-05	0	0.05134474328	7.85657275e-07	6.54520914e-07	3.245461979e-05	6.780126917e-06	0.05636743215	2.874761123e-05	0.06557377049	1.253009239e-06	0.02492211838
648	Rahnella	Pseudomonadota	Gammaproteobacteria	3	1.296993832e-05	0	0.02770986145	1.416451698e-05	3.119080837e-06	1.995051518e-05	9.199403088e-06	0.05845511482	4.236440068e-06	0.007025761124	3.021383279e-05	0.009345794393
649	Pseudactinotalea	Actinomycetota	Actinobacteria	9	1.291994035e-05	0	0.06438467808	7.751453823e-06	5.917118399e-06	2.260507147e-05	1.301358257e-05	0.1022964509	1.944144179e-06	0.03044496487	2.73804087e-05	0.05295950156
650	Paraliobacillus	Bacillota	Bacilli	2	1.271420397e-05	0	0.01222493888	1.718942516e-06	3.793067799e-06	2.851418318e-05	2.950868955e-06	0.002087682672	7.422154983e-08	0.002341920375	4.409710108e-05	0.04049844237
651	Heliimonas	Bacteroidota	Bacteroidia	5	1.265907118e-05	0	0.06356968215	8.431370019e-06	1.255974532e-06	2.514279409e-05	5.55165099e-06	0.0375782881	2.512194228e-05	0.1147540984	6.686511407e-06	0.03426791277
652	Leptotrichia	Fusobacteriota	Fusobacteriia	17	1.257531746e-05	0	0.03096984515	4.775719965e-06	3.199241279e-05	3.089108476e-06	2.175505301e-06	0.02296450939	3.138015018e-05	0.03512880562	3.079511998e-06	0.03738317757
653	Smaragdicoccus	Actinomycetota	Actinobacteria	18	1.245325243e-05	0	0.0521597392	6.430241149e-06	7.241326738e-06	2.136950536e-05	1.131380433e-05	0.05010438413	1.701747529e-05	0.06323185012	8.082138652e-06	0.04049844237
654	Sulfurospirillum	Campylobacterota	Campylobacteria	5	1.219122526e-05	0	0.04645476773	1.864727396e-06	8.962503395e-07	2.93744376e-05	1.585423148e-05	0.04592901879	1.545609462e-05	0.06557377049	2.382255797e-06	0.02180685358
655	Seinonella	Bacillota	Bacilli	17	1.218096512e-05	0	0.04319478403	3.255366573e-06	9.871986424e-07	2.818338641e-05	1.691837259e-05	0.07306889353	1.714704027e-06	0.03278688525	1.903415924e-05	0.01246105919
656	Candidatus Hepatincola	Pseudomonadota	Alphaproteobacteria	5	1.216457166e-05	0	0.03748981255	1.291204947e-06	1.184575283e-07	3.038073602e-05	2.203605832e-06	0.03549060543	2.988099027e-05	0.05854800937	3.461742665e-06	0.01246105919
657	Vampirovibrio	Cyanobacteriota	Vampirivibrionia	35	1.212802574e-05	0	0.109209454	5.955119611e-06	1.375226089e-05	1.566702887e-05	7.972138905e-06	0.1064718163	1.801364697e-05	0.1217798595	1.050032956e-05	0.09657320872
658	Croceicoccus	Pseudomonadota	Alphaproteobacteria	3	1.211472403e-05	0	0.03341483293	1.990916483e-05	8.406814277e-06	8.977976419e-06	0	0	6.399381285e-06	0.0281030445	3.779511081e-05	0.09034267913
659	Verrucomicrobium	Verrucomicrobiota	Verrucomicrobiia	2	1.209592173e-05	0	0.08394458028	6.053507331e-06	2.697830987e-05	4.875643841e-06	4.520013151e-06	0.06263048017	2.079606242e-05	0.1334894614	1.182769786e-05	0.04984423676
660	Haliangium	Myxococcota	Polyangiia	45	1.193445857e-05	0	0.03667481663	3.885091692e-06	3.528314753e-06	2.500852032e-05	2.225176611e-05	0.02922755741	4.795713244e-06	0.03512880562	6.03493812e-06	0.04984423676
661	Miniimonas	Actinomycetota	Actinobacteria	5	1.186004076e-05	0	0.000814995925	0	3.819493443e-05	0	0	0	0	0	4.533417451e-05	0.003115264798
662	Caldalkalibacillus	Bacillota	Bacilli	2	1.174068269e-05	0	0.008964955175	1.865994234e-07	3.365220787e-05	3.196015785e-06	0	0	1.611006646e-06	0.004683840749	4.27349465e-05	0.02803738318
663	Stappia	Pseudomonadota	Alphaproteobacteria	8	1.173035036e-05	0	0.01711491443	2.187914972e-05	1.296782738e-05	2.770788963e-06	1.982498844e-05	0.02505219207	9.751550445e-06	0.01639344262	2.283671003e-06	0.006230529595
664	Marivibrio	Pseudomonadota	Alphaproteobacteria	9	1.170643106e-05	0	0.02363488183	1.007707243e-05	5.528089655e-06	1.795130339e-05	2.198769388e-07	0.002087682672	3.876421734e-07	0.007025761124	4.390326059e-05	0.07788161994
665	Ethanoligenens	Bacillota	Clostridia	2	1.161808628e-05	0	0.00814995925	3.637532302e-05	1.733697449e-06	1.334028995e-07	0	0	1.947398135e-05	0.01405152225	1.85046786e-05	0.01246105919
666	Methylophaga	Pseudomonadota	Gammaproteobacteria	8	1.155928788e-05	0	0.008964955175	7.425308451e-08	2.575403331e-07	2.965717555e-05	1.024078639e-07	0.006263048017	9.613879361e-07	0.004683840749	4.275289785e-05	0.01869158879
667	Patulibacter	Actinomycetota	Thermoleophilia	26	1.146338784e-05	0	0.1051344743	7.001988133e-06	6.275625123e-06	1.913465005e-05	1.307443536e-05	0.1294363257	1.587728754e-05	0.1217798595	3.187914515e-06	0.04672897196
668	Acrocarpospora	Actinomycetota	Actinobacteria	2	1.142700491e-05	0	0.0097799511	2.752226492e-05	9.819630223e-06	8.72855739e-08	2.808131115e-05	0.01461377871	5.315835989e-07	0.007025761124	1.068538276e-06	0.006230529595
669	Alkalibacillus	Bacillota	Bacilli	4	1.139831675e-05	0	0.007334963325	2.447263431e-08	0	2.948656293e-05	6.836659267e-08	0.002087682672	2.132042146e-08	0.002341920375	4.343888857e-05	0.02180685358
670	Thalassobacillus	Bacillota	Bacilli	7	1.13076618e-05	0	0.01792991035	8.392954353e-06	2.562405522e-06	2.062456857e-05	1.703421377e-07	0.008350730689	2.243306143e-06	0.02341920375	3.998447171e-05	0.02492211838
671	Ornithinimicrobium	Actinomycetota	Actinobacteria	21	1.127252577e-05	0	0.09209453953	1.58844829e-05	1.350577332e-05	5.85793639e-06	1.640307185e-05	0.1649269311	7.926443453e-06	0.05854800937	8.067683336e-06	0.02803738318
672	Neochlamydia	Chlamydiota	Chlamydiia	89	1.119472206e-05	0	0.162999185	4.811974568e-06	8.482697043e-06	1.838388578e-05	1.033259254e-05	0.1878914405	1.13387907e-05	0.1826697892	1.228955924e-05	0.09968847352
673	Luteolibacter	Verrucomicrobiota	Verrucomicrobiia	31	1.114763451e-05	0	0.1132844336	2.706704359e-06	7.829117537e-06	2.043957751e-05	6.437592107e-06	0.07098121086	1.416522667e-05	0.1592505855	1.416195992e-05	0.1152647975
674	1959-1	Chloroflexota	Ktedonobacteria	29	1.077653509e-05	0	0.05052974735	1.786898869e-06	8.483275884e-06	1.967500857e-05	1.300601724e-05	0.07098121086	1.412398387e-05	0.05152224824	2.996838581e-06	0.01869158879
675	Thermopetrobacter	Pseudomonadota	Alphaproteobacteria	3	1.075231616e-05	0	0.0097799511	7.876472156e-06	2.039409143e-06	2.001272026e-05	9.163276856e-07	0.008350730689	7.108640943e-07	0.004683840749	3.878701557e-05	0.01869158879
676	Afifella	Pseudomonadota	Alphaproteobacteria	18	1.069702327e-05	0	0.03830480848	2.800475015e-06	8.899474454e-06	1.833917949e-05	6.802459253e-06	0.05636743215	2.560141465e-06	0.018735363	2.733236499e-05	0.03738317757
677	Halocatena	Halobacteriota	Halobacteria	25	1.067917329e-05	0	0.01874490628	8.192050008e-08	1.470595638e-05	1.575928653e-05	2.635447135e-07	0.01043841336	2.452345503e-06	0.01639344262	3.716497251e-05	0.03426791277
678	Methylonatrum	Pseudomonadota	Gammaproteobacteria	7	1.066002867e-05	0	0.01548492258	9.877796758e-07	3.025442024e-05	2.500985287e-06	7.76708033e-07	0.01043841336	2.723488879e-07	0.004683840749	3.922591605e-05	0.03738317757
679	Terrimonas	Bacteroidota	Bacteroidia	39	1.063261737e-05	0	0.04074979625	2.816153442e-06	5.300852585e-06	2.105271645e-05	2.412918505e-05	0.06263048017	3.280591489e-06	0.04215456674	2.726769659e-07	0.006230529595
680	Solimonas	Pseudomonadota	Gammaproteobacteria	19	1.061677775e-05	0	0.05052974735	3.445737676e-06	4.042994937e-06	2.152867261e-05	1.067608707e-05	0.05010438413	7.636229904e-06	0.06791569087	1.449305429e-05	0.02803738318
681	Pseudazoarcus	Pseudomonadota	Gammaproteobacteria	7	1.059843214e-05	0	0.02770986145	1.429458307e-05	6.162467645e-06	1.12632725e-05	8.729650611e-06	0.02505219207	6.347977906e-06	0.02341920375	1.90410811e-05	0.03738317757
682	Dichotomicrobium	Pseudomonadota	Alphaproteobacteria	9	1.049924984e-05	0	0.01466992665	1.19322792e-06	9.355538594e-06	1.872202228e-05	4.447744881e-06	0.004175365344	0	0	3.349566901e-05	0.04984423676
683	Candidatus Koribacter	Acidobacteriota	Acidobacteriae	32	1.0487097e-05	0	0.1043194784	6.58217526e-06	1.949993489e-05	6.307222853e-06	1.182869372e-05	0.1106471816	1.08286581e-05	0.1522248244	8.030799749e-06	0.03115264798
684	Lactovum	Bacillota	Bacilli	6	1.031448059e-05	0	0.0488997555	4.986633462e-06	1.15907353e-06	2.185492198e-05	7.591137582e-06	0.05010438413	2.027865249e-05	0.07259953162	1.123763757e-06	0.01557632399
685	Thiofaba	Pseudomonadota	Gammaproteobacteria	4	1.031141503e-05	0	0.007334963325	4.417120811e-06	8.726637301e-08	2.315546162e-05	0	0	0	0	3.941466117e-05	0.02803738318
686	Corallococcus	Myxococcota	Myxococcia	7	1.029124252e-05	0	0.07905460473	6.451569513e-06	5.53445011e-06	1.712815449e-05	1.110450127e-05	0.04384133612	7.424818958e-06	0.1170960187	1.289065662e-05	0.08099688474
687	Pseudokineococcus	Actinomycetota	Actinobacteria	2	1.027452505e-05	0	0.01466992665	3.147940607e-05	1.034421171e-06	1.059891811e-06	6.028182487e-07	0.01252609603	1.657399833e-07	0.009367681499	3.815364899e-05	0.02492211838
688	Lacimicrobium	Pseudomonadota	Gammaproteobacteria	2	1.019316481e-05	0	0.00814995925	6.485637417e-06	1.357308063e-06	2.020510913e-05	7.581006683e-07	0.006263048017	0	0	3.783141122e-05	0.02180685358
689	Larsenimonas	Pseudomonadota	Gammaproteobacteria	9	1.018644986e-05	0	0.008964955175	2.421792555e-07	0	2.617865674e-05	0	0	0	0	3.893699059e-05	0.03426791277
690	Desertibacter	Pseudomonadota	Alphaproteobacteria	28	1.007492504e-05	0	0.140994295	1.182791711e-05	7.981772129e-06	1.038163013e-05	1.470087547e-05	0.1858037578	6.086444544e-06	0.1288056206	8.477575882e-06	0.09034267913
691	Pelagicoccus	Verrucomicrobiota	Verrucomicrobiia	17	1.006255206e-05	0	0.04074979625	2.532107951e-06	6.606377636e-06	1.875058511e-05	5.483518216e-06	0.02505219207	3.372694979e-06	0.03278688525	2.579440934e-05	0.07476635514
692	Allorhizobium	Pseudomonadota	Alphaproteobacteria	4	1.003018344e-05	0	0.00162999185	0	3.218473817e-05	9.419796135e-08	9.321468409e-08	0.002087682672	0	0	3.820057709e-05	0.003115264798
693	Hafnia-Obesumbacterium	Pseudomonadota	Gammaproteobacteria	12	9.998991838e-06	0	0.02526487368	4.273659796e-06	1.298509111e-06	2.148571639e-05	1.816924733e-05	0.02713987474	8.24843341e-06	0.037470726	1.358643285e-07	0.006230529595
694	Curtobacterium	Actinomycetota	Actinobacteria	8	9.877365965e-06	0	0.0391198044	8.497113441e-06	2.893788064e-07	1.866740193e-05	1.484005798e-05	0.04175365344	8.14867999e-06	0.05152224824	4.771507509e-06	0.01869158879
695	Roseateles	Pseudomonadota	Gammaproteobacteria	7	9.842878108e-06	0	0.01792991035	8.899803652e-06	2.297902051e-05	2.42144889e-08	2.624775929e-06	0.01878914405	5.274038028e-07	0.01405152225	3.300542787e-05	0.02180685358
696	Raoultibacter	Actinomycetota	Coriobacteriia	10	9.724586155e-06	0	0.03015484923	5.322266733e-07	4.80842433e-07	2.436894077e-05	2.817888785e-06	0.02922755741	2.467726944e-05	0.04918032787	1.405122483e-07	0.006230529595
697	Taibaiella	Bacteroidota	Bacteroidia	16	9.696169535e-06	0	0.0521597392	1.185471766e-06	5.699728866e-06	1.958778022e-05	2.014770034e-05	0.07933194154	3.14097947e-06	0.04918032787	2.820103814e-06	0.01557632399
698	Geothermomicrobium	Bacillota	Bacilli	37	9.658135192e-06	0	0.09046454768	6.430127978e-06	1.611072932e-05	7.00492912e-06	1.687231301e-06	0.03966597077	1.689427962e-05	0.1405152225	1.192676227e-05	0.09968847352
699	Thermoflexus	Chloroflexota	Anaerolineae	3	9.432859357e-06	0	0.0032599837	1.829419166e-08	3.036040155e-05	0	0	0	0	0	3.605644371e-05	0.01246105919
700	Allonocardiopsis	Actinomycetota	Actinobacteria	12	9.36881433e-06	0	0.05949470253	5.387609853e-06	1.174052211e-05	1.058693121e-05	7.205677306e-06	0.06054279749	1.335944232e-05	0.07494145199	7.288267549e-06	0.03738317757
701	Agrococcus	Actinomycetota	Actinobacteria	3	9.272618374e-06	0	0.02118989405	3.264379106e-06	3.622196688e-06	1.852974004e-05	7.780759758e-07	0.01670146138	2.374690291e-06	0.02107728337	3.112402367e-05	0.02803738318
702	Proteiniphilum	Bacteroidota	Bacteroidia	14	9.226473896e-06	0	0.0195599022	2.689605562e-05	3.587843436e-08	2.74658459e-06	1.131486046e-06	0.01043841336	2.143959473e-05	0.037470726	5.059796583e-06	0.009345794393
703	type III	Bacillota	Bacilli	17	9.183836156e-06	0	0.0260798696	6.282576046e-07	5.938475911e-06	1.850695319e-05	1.892126235e-05	0.05427974948	4.984593931e-06	0.009367681499	2.394414015e-07	0.006230529595
704	Spongiactinospora	Actinomycetota	Actinobacteria	15	9.179019253e-06	0	0.04074979625	1.396651121e-05	6.382540695e-06	7.669549473e-06	1.861280642e-05	0.06471816284	5.330985753e-06	0.03981264637	2.20534057e-07	0.006230529595
705	IMCC26207	Actinomycetota	Acidimicrobiia	9	9.149951751e-06	0	0.0684596577	9.336117292e-06	5.202381309e-06	1.217689428e-05	8.263609422e-06	0.06471816284	4.847246873e-06	0.06791569087	1.619609804e-05	0.07476635514
706	Insolitispirillum	Pseudomonadota	Alphaproteobacteria	3	9.059935907e-06	0	0.03015484923	1.682371163e-05	9.427171434e-06	2.671663111e-06	1.702890985e-05	0.04801670146	6.910961891e-06	0.03044496487	2.714271846e-08	0.003115264798
707	Immundisolibacter	Pseudomonadota	Gammaproteobacteria	1	9.050477578e-06	0	0.0032599837	8.084411539e-06	9.037917319e-06	9.818751892e-06	0	0	0	0	3.459481616e-05	0.01246105919
708	Azotobacter	Pseudomonadota	Gammaproteobacteria	6	9.038712123e-06	0	0.01711491443	1.996734183e-06	5.026111906e-07	2.142662404e-05	2.15544817e-05	0.02296450939	1.717888029e-06	0.02107728337	1.008250892e-07	0.003115264798
709	Pseudofulvimonas	Pseudomonadota	Gammaproteobacteria	17	8.870520336e-06	0	0.05297473513	2.495560874e-06	1.046859754e-06	2.016229165e-05	1.468140273e-05	0.0751565762	7.635586883e-06	0.05386416862	1.84218363e-06	0.01869158879
710	Desulfatitalea	Thermodesulfobacteriota	Desulfobacteria	1	8.83821019e-06	0	0.0032599837	4.926614557e-07	4.692824272e-07	2.21148043e-05	0	0	0	0	3.378343895e-05	0.01246105919
711	Krasilnikovia	Actinomycetota	Actinobacteria	24	8.7408195e-06	0	0.0554197229	7.023935607e-06	6.40018278e-06	1.196964523e-05	1.198356314e-05	0.1169102296	3.216820312e-06	0.01405152225	1.125008259e-05	0.01869158879
712	Holospora	Pseudomonadota	Alphaproteobacteria	12	8.688256395e-06	0	0.04808475958	1.80420626e-06	6.061376867e-06	1.620240777e-05	1.03437193e-05	0.05636743215	6.772938774e-06	0.05620608899	8.765745154e-06	0.02492211838
713	Pacificitalea	Pseudomonadota	Alphaproteobacteria	2	8.643967185e-06	0	0.0130399348	1.42170729e-07	9.546999514e-06	1.459040804e-05	0	0	0	0	3.304095868e-05	0.04984423676
714	Aidingibacillus	Bacillota	Bacilli	22	8.613525653e-06	0	0.02852485738	1.716685579e-06	1.396969366e-05	9.720961304e-06	0	0	1.164184846e-06	0.01170960187	3.137597834e-05	0.09345794393
715	Loriellopsis LF-B5	Cyanobacteriota	Cyanobacteriia	9	8.596071025e-06	0	0.0130399348	2.781624855e-05	1.03935296e-07	3.378382715e-07	2.069113652e-05	0.01878914405	1.381490989e-06	0.01405152225	1.446358367e-07	0.003115264798
716	Risungbinella	Bacillota	Bacilli	22	8.542377604e-06	0	0.04645476773	1.24673271e-05	9.194899359e-06	4.937542157e-06	8.520377997e-06	0.04801670146	9.810944692e-06	0.06557377049	6.887734817e-06	0.01869158879
717	Alkanindiges	Pseudomonadota	Gammaproteobacteria	7	8.537424173e-06	0	0.0097799511	1.861380616e-05	1.656774202e-06	6.160026574e-06	2.333377767e-07	0.006263048017	9.261075935e-07	0.01405152225	3.105359104e-05	0.009345794393
718	Melghiribacillus	Bacillota	Bacilli	2	8.503413928e-06	0	0.005704971475	1.453843087e-05	3.617751036e-07	1.03113002e-05	0	0	0	0	3.250370371e-05	0.02180685358
719	Alistipes	Bacteroidota	Bacteroidia	38	8.402571974e-06	0	0.03178484108	5.767952931e-07	1.546226943e-07	2.117400151e-05	5.391688397e-06	0.02713987474	1.775025332e-05	0.05386416862	4.609934656e-07	0.009345794393
720	Chroococcidiopsis SAG 2023	Cyanobacteriota	Cyanobacteriia	11	8.295742865e-06	0	0.0293398533	1.584686637e-05	8.915553092e-06	1.871342776e-06	1.265996047e-05	0.04384133612	2.861307213e-06	0.01639344262	9.012390189e-06	0.02492211838
721	Fontibacillus	Bacillota	Bacilli	2	8.276561426e-06	0	0.05134474328	2.734261814e-06	1.271683918e-05	9.05713027e-06	1.371472091e-05	0.0751565762	6.451044787e-06	0.04918032787	2.59001069e-06	0.01869158879
722	Yinghuangia	Actinomycetota	Actinobacteria	11	8.264779889e-06	0	0.05378973105	1.072882859e-05	1.050931809e-05	4.526815394e-06	1.652475006e-05	0.09812108559	1.294449009e-06	0.02107728337	5.2112147e-06	0.03115264798
723	Candidatus Berkiella	Pseudomonadota	Gammaproteobacteria	59	8.257453168e-06	0	0.140994295	2.779405579e-06	7.709933889e-06	1.2996775e-05	1.090180159e-05	0.1983298539	7.543010551e-06	0.1288056206	5.261889626e-06	0.07165109034
724	Thiobacillus	Pseudomonadota	Gammaproteobacteria	2	8.20866805e-06	0	0.007334963325	2.79520329e-06	1.664989922e-06	1.771700193e-05	0	0	3.724627692e-06	0.007025761124	2.642249119e-05	0.01869158879
725	Psychrobacillus	Bacillota	Bacilli	13	8.152760219e-06	0	0.04808475958	8.356112205e-06	1.684933106e-06	1.319199058e-05	8.368991812e-06	0.07933194154	8.441183889e-06	0.03044496487	7.446430501e-06	0.02492211838
726	Candidatus Bealeia	Pseudomonadota	Alphaproteobacteria	18	8.146747315e-06	0	0.1255093725	4.691613143e-06	3.832008747e-06	1.432654754e-05	5.110476738e-06	0.09812108559	1.694524755e-05	0.2271662763	9.735822195e-07	0.03115264798
727	Agrobacterium	Pseudomonadota	Alphaproteobacteria	4	8.108822226e-06	0	0.0293398533	8.170260112e-06	5.178254621e-06	1.041618797e-05	1.151712648e-05	0.04384133612	1.427957995e-06	0.02107728337	1.190991658e-05	0.01869158879
728	Rhizobacter	Pseudomonadota	Gammaproteobacteria	15	8.091981658e-06	0	0.0619396903	4.791250877e-06	6.74135294e-06	1.176806054e-05	1.779154138e-05	0.1189979123	2.903871807e-06	0.03512880562	5.19501285e-07	0.01246105919
729	Thermocrispum	Actinomycetota	Actinobacteria	7	7.966636761e-06	0	0.01874490628	4.353536629e-08	1.496787271e-07	2.046801805e-05	7.040933594e-06	0.02505219207	1.499404242e-05	0.02576112412	0	0
730	Lapillicoccus	Actinomycetota	Actinobacteria	2	7.949317764e-06	0	0.02363488183	1.146152944e-05	1.284468854e-05	1.258011838e-06	2.004303241e-05	0.05427974948	1.915030445e-07	0.004683840749	2.225189141e-07	0.003115264798
731	Candidatus Soleaferrea	Bacillota	Clostridia	38	7.791091943e-06	0	0.04319478403	7.762710211e-07	3.228173395e-07	1.929937466e-05	6.01030006e-06	0.04175365344	1.487885664e-05	0.06791569087	1.020138008e-06	0.01246105919
732	Roseimicrobium	Verrucomicrobiota	Verrucomicrobiia	18	7.780480352e-06	0	0.0488997555	4.28882075e-06	3.485235555e-06	1.397327706e-05	1.110532019e-05	0.08141962422	7.95810052e-06	0.03981264637	2.582841426e-06	0.01246105919
733	Paludicola	Bacillota	Clostridia	9	7.706691249e-06	0	0.02770986145	2.732239468e-07	3.764211734e-08	1.970491394e-05	5.947547984e-06	0.02713987474	1.538742097e-05	0.04683840749	1.146602031e-07	0.003115264798
734	Nakamurella	Actinomycetota	Actinobacteria	14	7.683916827e-06	0	0.03993480033	7.734136433e-06	4.895221984e-07	1.342734016e-05	8.779577784e-06	0.04175365344	2.905111682e-06	0.0281030445	1.240581153e-05	0.05295950156
735	Fusobacterium	Fusobacteriota	Fusobacteriia	9	7.682460828e-06	0	0.02037489813	1.762972479e-07	2.169341254e-05	2.311406501e-06	3.080258782e-06	0.02087682672	1.795132964e-05	0.02107728337	8.900863663e-07	0.01869158879
736	endosymbionts	Pseudomonadota	Gammaproteobacteria	7	7.676211544e-06	0	0.0358598207	2.838543808e-06	2.823158801e-08	1.76202891e-05	1.063385669e-05	0.02713987474	9.578037246e-06	0.06088992974	7.329355277e-07	0.01557632399
737	Wolbachia	Pseudomonadota	Alphaproteobacteria	1	7.658522373e-06	0	0.01711491443	1.49112046e-05	8.66973852e-06	1.153730935e-06	1.250015067e-05	0.02505219207	7.984624775e-06	0.02107728337	0	0
738	Mongoliicoccus	Bacteroidota	Bacteroidia	8	7.600965794e-06	0	0.008964955175	4.986454433e-07	1.110083712e-06	1.839229331e-05	4.759466057e-08	0.002087682672	0	0	2.898313765e-05	0.03115264798
739	Halorubrum	Halobacteriota	Halobacteria	10	7.543945399e-06	0	0.01140994295	9.568612239e-08	2.388021997e-05	2.583585591e-07	5.289638689e-06	0.01670146138	0	0	2.094294104e-05	0.01869158879
740	Owenweeksia	Bacteroidota	Bacteroidia	24	7.471905932e-06	0	0.03504482478	4.423574557e-06	4.792449316e-06	1.201800771e-05	3.813444731e-06	0.01878914405	7.116404537e-07	0.018735363	2.192373233e-05	0.08099688474
741	Halopelagius	Halobacteriota	Halobacteria	14	7.468133162e-06	0	0.01385493073	9.674431338e-08	4.722121568e-07	1.887657737e-05	5.817684155e-08	0.004175365344	2.713983807e-08	0.002341920375	2.842350147e-05	0.04361370717
742	Thioalbus	Pseudomonadota	Gammaproteobacteria	2	7.3458264e-06	0	0.004074979625	0	5.859870184e-08	1.896836052e-05	0	0	0	0	2.807890652e-05	0.01557632399
743	Aquisalimonas	Pseudomonadota	Gammaproteobacteria	3	7.295556295e-06	0	0.0130399348	2.05342532e-07	1.176155275e-05	9.270271211e-06	0	0	0	0	2.788675257e-05	0.04984423676
744	Candidatus Megaira	Pseudomonadota	Alphaproteobacteria	19	7.261170245e-06	0	0.02689486553	2.180040236e-05	4.589541467e-07	1.318237731e-06	8.055023701e-07	0.03966597077	4.45183849e-07	0.01639344262	2.596114253e-05	0.02180685358
745	Pseudoxanthobacter	Pseudomonadota	Alphaproteobacteria	5	7.209224131e-06	0	0.03748981255	9.019787058e-07	1.643791042e-06	1.663269524e-05	1.988488351e-06	0.01670146138	1.338485929e-05	0.07494145199	6.784726394e-06	0.01869158879
746	AqS1	Pseudomonadota	Gammaproteobacteria	2	7.136785166e-06	0	0.00488997555	0	7.552879119e-07	1.786723777e-05	0	0	0	0	2.727986106e-05	0.01869158879
747	DEV008	Verrucomicrobiota	Verrucomicrobiia	14	7.133442635e-06	0	0.05052974735	3.30514003e-06	1.090772015e-05	7.104178572e-06	8.275377928e-06	0.04801670146	1.035855119e-05	0.07728337237	1.139335606e-06	0.01869158879
748	Altererythrobacter	Pseudomonadota	Alphaproteobacteria	32	7.115593723e-06	0	0.0423797881	1.232503232e-06	2.008294667e-06	1.583793677e-05	1.631847304e-05	0.06263048017	1.160705962e-06	0.03981264637	1.304247557e-06	0.01557632399
749	Enhygromyxa	Myxococcota	Polyangiia	13	7.1036816e-06	0	0.05052974735	3.44740111e-06	4.548833111e-06	1.20267483e-05	1.892741469e-06	0.03340292276	1.688080375e-05	0.08899297424	1.873803608e-06	0.02492211838
750	Demequina	Actinomycetota	Actinobacteria	7	7.006620073e-06	0	0.01548492258	5.787906308e-06	1.687915252e-05	2.756239242e-08	4.277260523e-06	0.01670146138	3.82724252e-06	0.009367681499	1.530866817e-05	0.02180685358
751	Dankookia	Pseudomonadota	Alphaproteobacteria	7	6.942255237e-06	0	0.04726976365	1.301917444e-05	7.379145329e-06	1.821856358e-06	1.098667897e-05	0.08559498956	5.641195913e-06	0.03278688525	2.637810882e-06	0.009345794393
752	Nitrobacter	Pseudomonadota	Alphaproteobacteria	1	6.896459709e-06	0	0.01711491443	2.535765817e-06	9.052421135e-08	1.578937016e-05	1.660573614e-05	0.0375782881	1.108474775e-06	0.004683840749	1.074446247e-07	0.003115264798
753	Halorussus	Halobacteriota	Halobacteria	41	6.868445939e-06	0	0.01874490628	7.888342844e-07	5.499361918e-06	1.2740253e-05	1.724965543e-08	0.002087682672	2.364435381e-07	0.004683840749	2.591389156e-05	0.06230529595
754	Histidinibacterium	Pseudomonadota	Alphaproteobacteria	1	6.819496503e-06	0	0.004074979625	7.755981481e-06	5.749640039e-07	1.110387302e-05	0	0	0	0	2.606704738e-05	0.01557632399
755	Aquicella	Pseudomonadota	Gammaproteobacteria	58	6.80941679e-06	0	0.08394458028	1.44268609e-06	1.107790128e-05	7.590284367e-06	9.775832415e-06	0.1127348643	4.731990798e-06	0.07494145199	5.146325869e-06	0.05295950156
756	Coxiella	Pseudomonadota	Gammaproteobacteria	88	6.74383037e-06	0	0.1230643847	2.75714541e-06	7.5315602e-06	9.239445856e-06	5.962327878e-06	0.139874739	8.09238183e-06	0.1428571429	6.116130123e-06	0.07165109034
757	Nitrococcus	Pseudomonadota	Gammaproteobacteria	16	6.730713576e-06	0	0.0391198044	5.004528403e-06	2.794928934e-06	1.124901491e-05	5.376367131e-06	0.02505219207	2.535775089e-06	0.0281030445	1.433186834e-05	0.07476635514
758	Microbulbifer	Pseudomonadota	Gammaproteobacteria	22	6.712277161e-06	0	0.01874490628	7.526773335e-08	6.005060766e-06	1.248952812e-05	3.387499987e-07	0.002087682672	3.503695701e-07	0.009367681499	2.468565427e-05	0.05607476636
759	Sphingopyxis	Pseudomonadota	Alphaproteobacteria	5	6.630838437e-06	0	0.01874490628	1.251194059e-05	6.826257269e-06	1.858212748e-06	1.03936685e-05	0.02713987474	6.113457233e-06	0.02107728337	1.704128704e-06	0.003115264798
760	Georgfuchsia	Pseudomonadota	Gammaproteobacteria	7	6.585140485e-06	0	0.03993480033	9.923891411e-07	6.8775694e-07	1.571469034e-05	5.547487578e-06	0.0375782881	1.213813737e-05	0.05854800937	7.468416447e-07	0.01869158879
761	Oenococcus	Bacillota	Bacilli	5	6.574996293e-06	0	0.02444987775	1.074601223e-07	1.396835701e-07	1.682347225e-05	6.069712704e-06	0.02296450939	1.103190266e-05	0.03512880562	1.400329067e-06	0.01246105919
762	Marispirillum	Pseudomonadota	Alphaproteobacteria	2	6.529633526e-06	0	0.0228198859	1.750257433e-06	7.753089862e-06	9.297125178e-06	1.808597102e-07	0.002087682672	0	0	2.468918547e-05	0.08411214953
763	Desulfovibrio	Thermodesulfobacteriota	Desulfovibrionia	30	6.482293437e-06	0	0.02770986145	1.275129416e-06	3.952768729e-07	1.546165699e-05	2.09493109e-06	0.01878914405	1.604412022e-05	0.05386416862	3.098527191e-07	0.006230529595
764	Chelatococcus	Pseudomonadota	Alphaproteobacteria	15	6.340116532e-06	0	0.04074979625	1.307571565e-06	1.597444729e-06	1.410185637e-05	4.808602551e-06	0.05845511482	1.063404306e-05	0.03512880562	2.913601177e-06	0.02180685358
765	Limibacillus	Pseudomonadota	Alphaproteobacteria	1	6.313079909e-06	0	0.00488997555	2.373651772e-06	2.144809542e-06	1.275522817e-05	0	0	0	0	2.413130545e-05	0.01869158879
766	Salinactinospora	Actinomycetota	Actinobacteria	4	6.306850895e-06	0	0.007334963325	0	3.442522848e-06	1.355887098e-05	0	0	0	0	2.410749548e-05	0.02803738318
767	Effusibacillus	Bacillota	Bacilli	8	6.275768817e-06	0	0.05786471068	5.77934751e-06	8.615811208e-06	4.784445137e-06	7.217945378e-06	0.05010438413	6.267325579e-06	0.07962529274	4.881073149e-06	0.04049844237
768	Niveispirillum	Pseudomonadota	Alphaproteobacteria	2	6.243984058e-06	0	0.01059494703	1.150193463e-05	7.963734842e-06	7.351598789e-07	1.001182013e-05	0.01461377871	3.461438061e-06	0.01170960187	4.32296743e-06	0.003115264798
769	Alishewanella	Pseudomonadota	Gammaproteobacteria	1	6.141673587e-06	0	0.004074979625	0	1.97860062e-06	1.430798872e-05	0	0	0	0	2.34761168e-05	0.01557632399
770	Luteivirga	Bacteroidota	Bacteroidia	6	6.008718066e-06	0	0.01385493073	1.825592403e-06	7.27475709e-07	1.353672668e-05	6.570414588e-07	0.002087682672	1.187889259e-07	0.002341920375	2.182944342e-05	0.04672897196
771	Alkalihalophilus	Bacillota	Bacilli	14	5.947485604e-06	0	0.01792991035	7.216654822e-06	4.908197023e-06	5.78680628e-06	8.904341911e-06	0.01878914405	4.200768438e-07	0.009367681499	8.887888624e-06	0.02803738318
772	Procabacter	Pseudomonadota	Gammaproteobacteria	17	5.936241066e-06	0	0.07253463733	1.058178267e-05	1.562959596e-06	5.805605545e-06	3.891419868e-06	0.09185803758	3.570249678e-06	0.06791569087	1.213483196e-05	0.04984423676
773	Microcella	Actinomycetota	Actinobacteria	3	5.905334688e-06	0	0.01711491443	5.029400602e-06	3.084047189e-06	8.860520378e-06	1.773587627e-07	0.004175365344	1.675912677e-07	0.002341920375	2.208513814e-05	0.05607476636
774	Brachymonas	Pseudomonadota	Gammaproteobacteria	3	5.781956284e-06	0	0.000814995925	0	1.862063087e-05	0	0	0	0	0	2.210112262e-05	0.003115264798
775	Pseudoprevotella	Bacteroidota	Bacteroidia	4	5.772293439e-06	0	0.03748981255	1.581420944e-06	2.728503151e-07	1.348177107e-05	4.045749798e-06	0.03131524008	1.103193706e-05	0.05620608899	1.352189317e-06	0.02180685358
776	Halobacterium	Halobacteriota	Halobacteria	10	5.763567473e-06	0	0.01140994295	0	7.40271575e-06	8.969330356e-06	0	0	0	0	2.203083268e-05	0.04361370717
777	Natronomonas	Halobacteriota	Halobacteria	37	5.753515685e-06	0	0.01385493073	0	1.588521868e-05	2.125095843e-06	3.077891745e-08	0.002087682672	0	0	2.194648176e-05	0.04984423676
778	Actinoalloteichus	Actinomycetota	Actinobacteria	8	5.737403409e-06	0	0.0456397718	6.274405645e-06	3.238712492e-06	7.324400048e-06	9.979098066e-06	0.06889352818	5.292285734e-06	0.05386416862	0	0
779	Leucobacter	Actinomycetota	Actinobacteria	5	5.67855473e-06	0	0.02200488998	6.031529875e-06	1.603113554e-06	8.677365562e-06	1.083297297e-05	0.0375782881	2.675423406e-06	0.01639344262	1.981890371e-06	0.006230529595
780	Salibacterium	Bacillota	Bacilli	6	5.650971845e-06	0	0.01385493073	8.773469699e-07	7.111871417e-06	8.223093609e-06	0	0	1.092226468e-07	0.002341920375	2.145515384e-05	0.04984423676
781	Schaalia	Actinomycetota	Actinobacteria	7	5.619562101e-06	0	0.0195599022	2.139872502e-06	1.558747994e-05	3.382706075e-07	1.227094607e-06	0.01670146138	1.403610842e-05	0.02341920375	9.782120997e-07	0.01869158879
782	Methylibium	Pseudomonadota	Gammaproteobacteria	14	5.604131281e-06	0	0.03830480848	9.613687489e-06	6.222551521e-06	1.960306342e-06	1.306312491e-05	0.08768267223	1.449724239e-06	0.01170960187	0	0
783	Desulfatiglans	Thermodesulfobacteriota	Desulfobacteria	1	5.585425066e-06	0	0.000814995925	0	1.79877075e-05	0	0	0	0	0	2.134989581e-05	0.003115264798
784	Papillibacter	Bacillota	Clostridia	27	5.56510449e-06	0	0.0358598207	3.08039334e-06	5.4135155e-07	1.155321086e-05	4.021214616e-06	0.03131524008	1.125538046e-05	0.06323185012	2.996073296e-07	0.006230529595
785	Candidatus Fritschea	Chlamydiota	Chlamydiia	35	5.564510777e-06	0	0.1149144254	4.467003559e-06	3.896600412e-06	7.766507684e-06	6.388505778e-06	0.1231732777	5.544625158e-06	0.1264637002	4.361387891e-06	0.08722741433
786	Hydrogenophaga	Pseudomonadota	Gammaproteobacteria	4	5.544914404e-06	0	0.005704971475	0	1.729529102e-05	4.516964026e-07	0	0	5.248531261e-07	0.01405152225	2.049687754e-05	0.003115264798
787	Vulcaniibacterium	Pseudomonadota	Gammaproteobacteria	5	5.532386115e-06	0	0.0195599022	1.207666134e-05	8.017195743e-07	4.198870437e-06	1.258538873e-06	0.01670146138	4.941292269e-06	0.03044496487	1.269615528e-05	0.009345794393
788	Granulicella	Acidobacteriota	Acidobacteriae	1	5.530683759e-06	0	0.0032599837	1.790555937e-05	3.288212239e-07	0	0	0	0	0	2.1140651e-05	0.01246105919
789	Natronoglycomyces	Actinomycetota	Actinobacteria	1	5.489199431e-06	0	0.032599837	2.250872998e-06	2.63036936e-07	1.223144699e-05	5.449584771e-06	0.03131524008	9.320308191e-06	0.05386416862	4.521027988e-07	0.006230529595
790	Dyadobacter	Bacteroidota	Bacteroidia	10	5.481670731e-06	0	0.02770986145	3.922121204e-06	1.927107803e-06	9.562769677e-06	1.249532801e-05	0.03966597077	1.670869437e-06	0.03278688525	8.50050425e-08	0.003115264798
791	Xanthobacter	Pseudomonadota	Alphaproteobacteria	7	5.347789204e-06	0	0.02363488183	9.350536571e-06	6.479504804e-06	1.296722403e-06	9.12457328e-06	0.02713987474	5.064774244e-06	0.03278688525	8.849891161e-08	0.006230529595
792	Termite Treponema cluster	Spirochaetota	Spirochaetia	49	5.347130514e-06	0	0.01792991035	2.418850336e-07	0	1.365178884e-05	1.443782569e-06	0.01461377871	1.36925234e-05	0.03278688525	7.056012497e-08	0.003115264798
793	Acidovorax	Pseudomonadota	Gammaproteobacteria	27	5.321010087e-06	0	0.03341483293	7.417940814e-06	7.291678633e-06	2.091299229e-06	3.042149892e-06	0.0375782881	2.505166721e-06	0.03044496487	1.246723797e-05	0.03115264798
794	Rhodohalobacter	Balneolota	Balneolia	14	5.290225712e-06	0	0.0065199674	0	0	1.369431846e-05	1.339747771e-05	0.006263048017	0	0	2.296421324e-07	0.01557632399
795	Apibacter	Bacteroidota	Bacteroidia	5	5.265511728e-06	0	0.02444987775	6.476135693e-07	4.831959197e-08	1.30832508e-05	3.971877379e-06	0.01878914405	1.007878191e-05	0.037470726	7.931892503e-07	0.01557632399
796	Hansschlegelia	Pseudomonadota	Alphaproteobacteria	4	5.251668009e-06	0	0.07660961695	5.944461638e-06	5.252200784e-06	4.707528309e-06	1.079544719e-05	0.1565762004	2.218257593e-06	0.03981264637	1.014272425e-06	0.006230529595
797	Prosthecomicrobium	Pseudomonadota	Alphaproteobacteria	8	5.143771613e-06	0	0.05949470253	3.040739477e-06	3.29232137e-06	8.282443549e-06	4.777835767e-06	0.05427974948	8.814718339e-06	0.09367681499	8.066657512e-07	0.02180685358
798	Asinibacterium	Bacteroidota	Bacteroidia	4	5.13951121e-06	0	0.02200488998	3.927526443e-06	3.401723982e-07	9.948385514e-06	4.316865633e-07	0.02296450939	2.359702206e-06	0.02576112412	1.586233504e-05	0.01557632399
799	ADurb.Bin063-1	Verrucomicrobiota	Verrucomicrobiia	2	5.10653585e-06	0	0.03748981255	6.337444971e-07	4.58313969e-06	9.037532305e-06	2.592756563e-06	0.04175365344	9.98506887e-06	0.03981264637	2.368114287e-06	0.02803738318
800	Candidatus Captivus	Pseudomonadota	Alphaproteobacteria	47	5.104650357e-06	0	0.1320293399	7.768684875e-06	3.963465133e-06	3.931170883e-06	4.457980086e-06	0.139874739	7.682565839e-06	0.1803278689	2.640429638e-06	0.05607476636
801	[Aquaspirillum] arcticum group	Pseudomonadota	Gammaproteobacteria	8	5.065384478e-06	0	0.1002444988	6.801462128e-06	4.458559778e-06	4.190657315e-06	6.308793205e-06	0.1252609603	6.519934437e-06	0.1264637002	1.275086618e-06	0.02803738318
802	Saliterribacillus	Bacillota	Bacilli	7	5.027245172e-06	0	0.01792991035	1.21191674e-05	9.836125138e-07	2.711694487e-06	0	0	0	0	1.921629229e-05	0.06853582555
803	Candidatus Ovatusbacter	Pseudomonadota	Gammaproteobacteria	51	4.99828352e-06	0	0.09372453138	2.070142678e-06	5.558991142e-06	6.845622738e-06	9.306789834e-06	0.139874739	3.226225981e-06	0.09133489461	9.263023519e-07	0.02803738318
804	Povalibacter	Pseudomonadota	Gammaproteobacteria	454	4.884683425e-06	0	0.08720456398	6.632633927e-06	4.141236778e-06	4.110454704e-06	9.763355117e-06	0.1294363257	2.503667982e-06	0.08196721311	7.719415382e-07	0.03115264798
805	Trichocoleus SAG 26.92	Cyanobacteriota	Cyanobacteriia	4	4.883967514e-06	0	0.01222493888	1.556819501e-06	1.312563203e-05	8.705178966e-07	1.064496907e-05	0.02087682672	8.735500092e-07	0.004683840749	1.622062613e-06	0.009345794393
806	Sciscionella	Actinomycetota	Actinobacteria	11	4.855272219e-06	0	0.01711491443	0	0	1.256839454e-05	9.065663439e-08	0.004175365344	1.354785945e-05	0.03981264637	4.020514045e-07	0.006230529595
807	Phormidium IAM M-71	Cyanobacteriota	Cyanobacteriia	1	4.74913933e-06	0	0.002444987775	5.094547672e-08	0	1.225367561e-05	0	0	4.438341298e-08	0.002341920375	1.809421259e-05	0.006230529595
808	Ahniella	Pseudomonadota	Gammaproteobacteria	5	4.745597431e-06	0	0.0456397718	5.995076102e-06	4.970493901e-06	3.584222703e-06	1.138875031e-05	0.1002087683	8.609757527e-07	0.018735363	0	0
809	Dermacoccus	Actinomycetota	Actinobacteria	2	4.720089679e-06	0	0.0065199674	6.936021436e-06	1.0468256e-06	5.933564363e-06	5.27246374e-06	0.006263048017	6.714752578e-06	0.009367681499	1.242493937e-06	0.003115264798
810	Pseudooceanicola	Pseudomonadota	Alphaproteobacteria	1	4.655943837e-06	0	0.005704971475	2.391956683e-06	1.888076408e-06	8.657548715e-06	0	0	0	0	1.779701897e-05	0.02180685358
811	Photobacterium	Pseudomonadota	Gammaproteobacteria	3	4.635045017e-06	0	0.0195599022	7.973404037e-06	5.269018478e-06	1.505480788e-06	6.805961284e-06	0.02922755741	3.654431169e-06	0.01405152225	2.700008322e-06	0.01246105919
812	Sva0996 marine group	Actinomycetota	Acidimicrobiia	9	4.622755035e-06	0	0.02200488998	2.037206339e-06	6.466152848e-07	9.847930899e-06	1.219722439e-07	0.006263048017	1.093333794e-07	0.007025761124	1.734271143e-05	0.06542056075
813	Anaerosolibacter	Bacillota	Clostridia	4	4.479716072e-06	0	0.01548492258	2.465674293e-06	4.9193564e-06	5.706974674e-06	1.249185324e-06	0.008350730689	1.018385849e-06	0.009367681499	1.39046763e-05	0.03426791277
814	Denitromonas	Pseudomonadota	Gammaproteobacteria	3	4.42524542e-06	0	0.01059494703	4.844518158e-06	3.060158128e-06	5.193449637e-06	4.471236815e-06	0.01670146138	1.942094818e-06	0.007025761124	7.659748314e-06	0.006230529595
815	Propionivibrio	Pseudomonadota	Gammaproteobacteria	5	4.414419544e-06	0	0.02037489813	5.679905579e-07	6.501195454e-08	1.092917877e-05	3.068566419e-06	0.006263048017	9.118572411e-06	0.04683840749	1.651683706e-07	0.006230529595
816	Brumimicrobium	Bacteroidota	Bacteroidia	10	4.407858432e-06	0	0.00488997555	2.886910348e-07	1.380954709e-05	8.356917883e-08	1.060733066e-05	0.004175365344	6.179827481e-07	0.004683840749	1.982937003e-07	0.006230529595
817	mle1-7	Pseudomonadota	Gammaproteobacteria	13	4.39464187e-06	0	0.032599837	4.191670117e-06	1.298457611e-06	7.042641226e-06	1.031021226e-05	0.07098121086	1.06237448e-06	0.01405152225	0	0
818	Tychonema CCAP 1459-11B	Cyanobacteriota	Cyanobacteriia	7	4.348912254e-06	0	0.01466992665	4.229713566e-06	2.100218825e-06	6.249954676e-06	1.301325111e-06	0.02087682672	8.043905662e-06	0.01405152225	3.981410872e-06	0.006230529595
819	Bounagaea	Actinomycetota	Actinobacteria	13	4.3342151e-06	0	0.0195599022	1.286349236e-07	5.116862067e-06	7.005707358e-06	7.194782904e-06	0.02713987474	4.337182917e-06	0.02341920375	6.169411294e-08	0.003115264798
820	Tropicimonas-Psychromarinibacter	Pseudomonadota	Alphaproteobacteria	4	4.328530068e-06	0	0.02118989405	4.461125897e-06	6.480023403e-07	7.182866389e-06	1.852180029e-07	0.004175365344	2.635536105e-07	0.009367681499	1.591853451e-05	0.06230529595
821	Sphingobium	Pseudomonadota	Alphaproteobacteria	20	4.319602512e-06	0	0.04074979625	3.721792596e-06	5.857883134e-07	7.790000189e-06	7.469826495e-06	0.06889352818	1.928097285e-06	0.018735363	2.800024458e-06	0.02803738318
822	Salinispirillum	Pseudomonadota	Gammaproteobacteria	4	4.308554333e-06	0	0.00488997555	1.850049897e-06	2.41337037e-06	7.761357582e-06	1.919611923e-06	0.002087682672	2.020492e-07	0.002341920375	1.33359098e-05	0.01246105919
823	Tranquillimonas	Pseudomonadota	Alphaproteobacteria	1	4.284468024e-06	0	0.00488997555	3.939534503e-06	4.651394189e-07	7.625142008e-06	0	0	0	0	1.637707871e-05	0.01869158879
824	Caenispirillum	Pseudomonadota	Alphaproteobacteria	3	4.226570221e-06	0	0.01222493888	3.423409646e-06	3.701281289e-06	5.279124688e-06	0	0	0	0	1.615576842e-05	0.04672897196
825	Mucispirillum	Deferribacterota	Deferribacteres	12	4.217136671e-06	0	0.03015484923	2.163725335e-06	1.021616428e-07	9.136281192e-06	1.04142032e-06	0.01670146138	1.047647446e-05	0.06088992974	6.296939801e-07	0.009345794393
826	Nostoc BDU-40302	Cyanobacteriota	Cyanobacteriia	1	4.158688035e-06	0	0.002444987775	2.885588526e-06	9.262153168e-06	1.055677068e-06	0	0	0	0	1.589629352e-05	0.009345794393
827	Populibacterium	Actinomycetota	Actinobacteria	4	4.113976024e-06	0	0.01222493888	1.057045104e-05	1.581985128e-06	1.082076923e-06	1.378095262e-06	0.008350730689	6.95982065e-06	0.01639344262	4.410895741e-06	0.01246105919
828	Endomicrobium	Elusimicrobiota	Endomicrobiia	25	4.109107499e-06	0	0.01874490628	7.362999571e-07	9.873941211e-07	9.265346324e-06	7.570137447e-07	0.01461377871	1.084586616e-05	0.03278688525	1.497833863e-07	0.006230529595
829	Megalodesulfovibrio	Thermodesulfobacteriota	Desulfovibrionia	1	4.075058373e-06	0	0.01385493073	3.686850825e-06	4.109835143e-06	4.351774107e-06	2.835185041e-06	0.01670146138	3.430399056e-06	0.01639344262	6.782749507e-06	0.006230529595
830	Tepidiphilus	Pseudomonadota	Gammaproteobacteria	1	4.063281769e-06	0	0.002444987775	1.216745953e-06	0	9.563327503e-06	0	0	0	0	1.553160975e-05	0.009345794393
831	SN8	Pseudomonadota	Gammaproteobacteria	1	4.041396887e-06	0	0.0065199674	1.323548807e-05	9.23685491e-08	0	7.34705996e-08	0.002087682672	6.749812041e-06	0.009367681499	6.359600691e-06	0.009345794393
832	Actibacterium	Pseudomonadota	Alphaproteobacteria	7	4.013518517e-06	0	0.01140994295	9.435784688e-06	4.183068991e-07	2.647891115e-06	5.821317969e-07	0.006263048017	1.428097583e-07	0.004683840749	1.428276113e-05	0.02803738318
833	Marinococcus	Bacillota	Bacilli	6	3.994588345e-06	0	0.01466992665	1.726259741e-06	7.961156029e-08	8.921644032e-06	5.263772956e-06	0.01043841336	5.177625114e-06	0.02576112412	5.269991574e-07	0.006230529595
834	JTB255 marine benthic group	Pseudomonadota	Gammaproteobacteria	13	3.972778841e-06	0	0.0293398533	2.840828813e-06	2.030504752e-06	6.422339682e-06	8.35881194e-06	0.04801670146	5.937894936e-07	0.018735363	1.922681014e-06	0.01557632399
835	Myxosarcina SAG 30.84	Cyanobacteriota	Cyanobacteriia	4	3.951251517e-06	0	0.008964955175	3.66981417e-07	8.1544208e-07	9.284778674e-06	2.888273069e-07	0.006263048017	2.13376256e-07	0.002341920375	1.438855349e-05	0.02180685358
836	Streptosporangium	Actinomycetota	Actinobacteria	5	3.907664361e-06	0	0.0162999185	8.65967936e-06	8.564757049e-07	2.630772584e-06	5.761298467e-07	0.008350730689	1.058252453e-05	0.037470726	0	0
837	Longibacter	Rhodothermota	Rhodothermia	10	3.895502098e-06	0	0.01059494703	2.927074824e-07	1.047528548e-05	1.434198568e-06	8.586604397e-07	0.006263048017	5.669659022e-07	0.009367681499	1.285479216e-05	0.01869158879
838	Thiohalomonas	Pseudomonadota	Gammaproteobacteria	3	3.87388947e-06	0	0.01140994295	1.88400454e-07	1.556656602e-06	8.628884485e-06	3.664788864e-07	0.002087682672	0	0	1.426080683e-05	0.04049844237
839	LD29	Verrucomicrobiota	Verrucomicrobiia	19	3.860677389e-06	0	0.04074979625	2.816774918e-06	1.255530138e-06	6.773953384e-06	7.460961712e-06	0.06680584551	1.809001582e-06	0.03044496487	1.217466731e-06	0.01557632399
840	Ruminiclostridium	Bacillota	Clostridia	35	3.840425621e-06	0	0.05460472698	5.430644684e-06	1.686994234e-06	4.323328295e-06	5.066398385e-06	0.05636743215	3.898259835e-06	0.05854800937	1.934082434e-06	0.04672897196
841	Lachnospiraceae UCG-008	Bacillota	Clostridia	9	3.827911457e-06	0	0.03341483293	3.718885305e-07	7.281632105e-07	9.031803041e-06	3.22990503e-06	0.03549060543	6.93554422e-06	0.04918032787	5.864344748e-07	0.009345794393
842	Halovenus	Halobacteriota	Halobacteria	49	3.810636062e-06	0	0.008964955175	0	7.343546895e-06	3.961517049e-06	0	0	0	0	1.456588925e-05	0.03426791277
843	Aquamicrobium	Pseudomonadota	Alphaproteobacteria	1	3.808684441e-06	0	0.005704971475	3.446472969e-06	3.644759593e-06	4.224714048e-06	0	0	0	0	1.455842931e-05	0.02180685358
844	Allosalinactinospora	Actinomycetota	Actinobacteria	11	3.789760214e-06	0	0.02770986145	3.708456136e-07	2.04679912e-08	9.502706562e-06	7.180067649e-07	0.02296450939	9.932713735e-06	0.04918032787	2.019993079e-07	0.006230529595
845	Pasteuria	Bacillota	Bacilli	10	3.788527739e-06	0	0.0488997555	3.350524441e-06	3.442847769e-06	4.410133847e-06	4.508819328e-06	0.06471816284	4.054866432e-06	0.05386416862	2.359411559e-06	0.01869158879
846	Isosphaera	Planctomycetota	Planctomycetes	9	3.770730996e-06	0	0.03748981255	2.115720791e-07	5.093940214e-07	9.185449361e-06	4.635283756e-06	0.04384133612	5.22721198e-06	0.05152224824	5.43197813e-07	0.009345794393
847	Chondromyces	Myxococcota	Polyangiia	18	3.755110243e-06	0	0.05623471883	2.603872843e-06	3.360892706e-06	4.975484071e-06	3.663248982e-06	0.06054279749	5.931910321e-06	0.08196721311	9.965679091e-07	0.01557632399
848	Leptolyngbya PCC-6306	Cyanobacteriota	Cyanobacteriia	6	3.728519733e-06	0	0.0228198859	9.374667926e-06	2.309208886e-06	4.382039199e-07	1.157544753e-06	0.02087682672	1.042553556e-06	0.02107728337	1.113787977e-05	0.02803738318
849	Solibacillus	Bacillota	Bacilli	12	3.721855547e-06	0	0.04482477588	7.267422122e-06	2.516846809e-06	1.907841969e-06	4.585773155e-06	0.06680584551	4.923532124e-06	0.04449648712	8.342155711e-07	0.01246105919
850	Antarcticibacterium	Bacteroidota	Bacteroidia	4	3.688157461e-06	0	0.0162999185	3.576148194e-06	1.478051372e-06	5.552541147e-06	4.410924614e-07	0.002087682672	3.019306986e-07	0.002341920375	1.303788632e-05	0.05607476636
851	Acidicaldus	Pseudomonadota	Alphaproteobacteria	3	3.650503046e-06	0	0.0162999185	4.384794367e-06	3.184254406e-06	3.448993258e-06	4.815823848e-06	0.02296450939	4.608483597e-06	0.01405152225	6.372745135e-07	0.009345794393
852	Phragmitibacter	Verrucomicrobiota	Verrucomicrobiia	6	3.645566723e-06	0	0.02037489813	0	5.634440358e-07	8.984046818e-06	1.746005454e-06	0.02505219207	8.452943347e-06	0.02576112412	8.525528755e-08	0.006230529595
853	Alkalibacterium	Bacillota	Bacilli	56	3.64301951e-06	0	0.02363488183	2.48556296e-06	6.123843108e-07	6.987420032e-06	1.203423071e-06	0.02087682672	2.127291932e-06	0.03044496487	9.299662407e-06	0.01869158879
854	Lunatibacter	Bacteroidota	Bacteroidia	15	3.573503295e-06	0	0.02363488183	5.759477298e-07	1.923404527e-06	7.252360469e-06	7.519790969e-06	0.0375782881	1.579185928e-06	0.02341920375	3.376831062e-07	0.003115264798
855	Limimonas	Pseudomonadota	Alphaproteobacteria	4	3.563562939e-06	0	0.00814995925	0	3.37770968e-06	6.509671598e-06	0	0	0	0	1.362146955e-05	0.03115264798
856	UBA12409	Dependentiae	Babeliae	24	3.541083793e-06	0	0.06764466178	2.738595683e-06	3.432860079e-06	4.257874535e-06	2.790967664e-06	0.05219206681	6.507522815e-06	0.1170960187	7.144051728e-07	0.02492211838
857	Paludisphaera	Planctomycetota	Planctomycetes	15	3.531466749e-06	0	0.02852485738	7.55988329e-07	2.412734197e-07	8.354339388e-06	7.31239392e-06	0.05219206681	1.137733631e-06	0.01639344262	1.073709511e-06	0.009345794393
858	Finegoldia	Bacillota	Clostridia	2	3.504929835e-06	0	0.02363488183	8.336106584e-06	1.878900863e-06	1.02037137e-06	3.128199951e-06	0.01043841336	2.434892972e-06	0.03278688525	5.490472996e-06	0.03115264798
859	Phycocomes	Pseudomonadota	Alphaproteobacteria	2	3.49535795e-06	0	0.0065199674	0	4.15095919e-07	8.714457088e-06	3.333720086e-06	0.004175365344	3.703783259e-07	0.004683840749	7.893460244e-06	0.01246105919
860	Alteriqipengyuania	Pseudomonadota	Alphaproteobacteria	1	3.424093777e-06	0	0.0097799511	4.028025575e-06	3.176327745e-06	3.149275697e-06	3.802035247e-06	0.01252609603	2.444321368e-06	0.007025761124	4.163436004e-06	0.009345794393
861	Cm1-21	Pseudomonadota	Gammaproteobacteria	2	3.423481864e-06	0	0.00814995925	2.12947811e-07	9.256327707e-06	1.254714779e-06	0	0	0	0	1.308601946e-05	0.03115264798
862	Paucisalibacillus	Bacillota	Bacilli	18	3.327012098e-06	0	0.0391198044	4.635564603e-06	2.40971837e-06	3.037365217e-06	5.326689671e-06	0.07306889353	9.091563487e-07	0.01639344262	3.559344956e-06	0.01869158879
863	Marinibaculum	Pseudomonadota	Alphaproteobacteria	4	3.323929382e-06	0	0.032599837	1.490622694e-06	8.346154252e-07	6.763631291e-06	1.420569282e-07	0.004175365344	0	0	1.249350805e-05	0.1183800623
864	Haladaptatus	Halobacteriota	Halobacteria	25	3.294176813e-06	0	0.01711491443	2.771068559e-08	4.491310985e-06	4.895479092e-06	2.379733028e-08	0.002087682672	2.897427085e-07	0.002341920375	1.217082832e-05	0.05919003115
865	Armatimonas	Armatimonadota	Armatimonadia	3	3.248227437e-06	0	0.08557457213	4.685781718e-06	3.989271242e-06	1.524371145e-06	5.526436059e-06	0.1440501044	2.230765828e-06	0.06791569087	1.202103377e-06	0.02180685358
866	Elusimicrobium	Elusimicrobiota	Elusimicrobia	4	3.228947969e-06	0	0.007334963325	0	0	8.358479236e-06	2.889794673e-06	0.006263048017	6.036785736e-06	0.01405152225	0	0
867	Salinarchaeum	Halobacteriota	Halobacteria	23	3.225177169e-06	0	0.007334963325	0	6.352005729e-06	3.242991991e-06	0	0	0	0	1.232801366e-05	0.02803738318
868	Kinneretia	Pseudomonadota	Gammaproteobacteria	6	3.222460889e-06	0	0.02118989405	1.397366346e-06	1.632998137e-06	5.932419704e-06	3.541192531e-06	0.02505219207	5.287419879e-06	0.03278688525	0	0
869	Atopococcus	Bacillota	Bacilli	6	3.200755734e-06	0	0.0293398533	3.594313613e-06	2.935414138e-06	3.105168429e-06	6.027846111e-06	0.04801670146	1.741896592e-06	0.02107728337	9.227387976e-07	0.01246105919
870	Pigmentiphaga	Pseudomonadota	Gammaproteobacteria	23	3.182915674e-06	0	0.032599837	6.377173479e-07	9.777418905e-07	6.952926198e-06	4.920594511e-06	0.03966597077	3.09133545e-06	0.037470726	7.117524096e-07	0.01557632399
871	Franconibacter	Pseudomonadota	Gammaproteobacteria	3	3.178606051e-06	0	0.01385493073	1.180879588e-06	5.45451109e-07	6.862965284e-06	6.022070964e-06	0.01878914405	9.157306184e-07	0.01639344262	1.945671833e-06	0.003115264798
872	Tamaricihabitans	Actinomycetota	Actinobacteria	2	3.127117756e-06	0	0.0032599837	0	0	8.094880775e-06	8.010383063e-06	0.008350730689	0	0	0	0
873	Planomonospora	Actinomycetota	Actinobacteria	36	3.086577598e-06	0	0.03504482478	2.410040187e-06	1.742038054e-06	4.698268491e-06	5.709074471e-06	0.05845511482	1.549827928e-06	0.03044496487	1.217468898e-06	0.006230529595
874	Aerococcus	Bacillota	Bacilli	2	3.068107716e-06	0	0.0065199674	9.986380054e-06	1.302750321e-07	0	9.027346541e-07	0.008350730689	4.442688045e-06	0.004683840749	4.470811441e-06	0.006230529595
875	Derxia	Pseudomonadota	Gammaproteobacteria	15	3.061967885e-06	0	0.04400977995	1.861119737e-06	5.044872068e-06	2.41055231e-06	3.895025757e-06	0.08141962422	4.21092386e-06	0.0281030445	2.905070693e-07	0.009345794393
876	Lederbergia	Bacillota	Bacilli	13	3.036798852e-06	0	0.0195599022	4.357527121e-06	2.802186152e-07	4.216010147e-06	7.108400793e-06	0.03549060543	5.766243338e-07	0.007025761124	2.336748309e-07	0.01246105919
877	Bhargavaea	Bacillota	Bacilli	29	3.008211271e-06	0	0.03504482478	5.770198468e-06	5.985332026e-07	2.777468879e-06	1.523289798e-06	0.03549060543	5.357159422e-06	0.04215456674	2.099415397e-06	0.02492211838
878	Brassicibacter	Bacillota	Clostridia	3	2.930513431e-06	0	0.01140994295	5.795268563e-07	2.305611925e-06	5.277885749e-06	3.00203807e-07	0.004175365344	2.022272686e-06	0.004683840749	8.063650838e-06	0.03115264798
879	Candidatus Symbiothrix	Bacteroidota	Bacteroidia	37	2.915360011e-06	0	0.0195599022	1.738207099e-07	0	7.410306814e-06	3.344149318e-06	0.02505219207	4.581609662e-06	0.02576112412	5.904014005e-08	0.003115264798
880	Rathayibacter	Actinomycetota	Actinobacteria	6	2.91235768e-06	0	0.02852485738	3.237920666e-06	2.702907445e-06	2.82520812e-06	1.948507585e-06	0.02922755741	5.428875649e-06	0.04215456674	1.003108528e-06	0.009345794393
881	UBA12411	Dependentiae	Babeliae	22	2.909181101e-06	0	0.04645476773	2.401021549e-06	1.469453981e-06	4.465238877e-06	3.678272002e-06	0.06471816284	3.603345139e-06	0.037470726	8.381450086e-07	0.03115264798
882	Dialister	Bacillota	Negativicutes	2	2.904873256e-06	0	0.00488997555	8.799253823e-06	8.173230722e-08	5.481372452e-07	2.151308447e-07	0.002087682672	4.400688259e-07	0.009367681499	1.019726611e-05	0.003115264798
883	Fluviicola	Bacteroidota	Bacteroidia	19	2.875666432e-06	0	0.0423797881	1.311307287e-06	5.916486207e-07	5.939279064e-06	4.761917973e-06	0.05636743215	2.86275466e-06	0.05152224824	7.815502327e-08	0.009345794393
884	Parvularcula	Pseudomonadota	Alphaproteobacteria	3	2.853867741e-06	0	0.0065199674	2.9830698e-06	5.49122925e-07	4.605016704e-06	0	0	5.055868288e-07	0.007025761124	1.023616867e-05	0.01557632399
885	Limnothrix	Cyanobacteriota	Cyanobacteriia	3	2.789556764e-06	0	0.01385493073	1.259193972e-06	1.10264041e-06	5.346540074e-06	6.848122759e-06	0.03340292276	3.338064344e-07	0.002341920375	0	0
886	Actinoallomurus	Actinomycetota	Actinobacteria	13	2.753370067e-06	0	0.02444987775	2.040184036e-07	5.012200066e-06	2.938485233e-06	4.83242082e-06	0.03131524008	2.490996485e-06	0.03512880562	0	0
887	Thermobrachium	Bacillota	Clostridia	1	2.738815335e-06	0	0.004074979625	8.947098048e-06	6.233778101e-08	1.783807475e-08	0	0	7.870085283e-06	0.01170960187	0	0
888	Apilactobacillus	Bacillota	Bacilli	1	2.710822422e-06	0	0.0032599837	8.606021317e-06	3.273994271e-07	0	6.944006496e-06	0.008350730689	0	0	0	0
889	Cryomorpha	Bacteroidota	Bacteroidia	2	2.678183596e-06	0	0.00814995925	3.700285967e-06	3.403921048e-06	1.292681379e-06	4.535975842e-07	0.006263048017	2.694863016e-06	0.004683840749	5.975549912e-06	0.01557632399
890	Desulfotomaculum	Bacillota	Desulfotomaculia	10	2.665828933e-06	0	0.04808475958	4.120206174e-06	1.162563417e-06	2.732739962e-06	3.373666027e-06	0.06054279749	1.597735814e-06	0.037470726	3.030382806e-06	0.04361370717
891	Pusillimonas	Pseudomonadota	Gammaproteobacteria	6	2.657362538e-06	0	0.01548492258	1.949170436e-06	2.880268102e-06	3.033987943e-06	4.052898311e-06	0.02713987474	5.280140302e-07	0.007025761124	3.407425396e-06	0.009345794393
892	Herbinix	Bacillota	Clostridia	4	2.653969771e-06	0	0.008964955175	3.726689797e-08	6.915152505e-06	1.28245679e-06	3.289602185e-07	0.004175365344	1.48959022e-06	0.01170960187	7.672255264e-06	0.01246105919
893	Henriciella	Pseudomonadota	Alphaproteobacteria	4	2.621732395e-06	0	0.007334963325	0	2.561631923e-07	6.580733064e-06	0	0	0	0	1.002138831e-05	0.02803738318
894	Ga0074140	Chlamydiota	Chlamydiia	24	2.609437753e-06	0	0.05623471883	2.727390901e-07	1.852890551e-06	5.051413251e-06	1.872515713e-06	0.06054279749	4.116041908e-06	0.06791569087	1.704969474e-06	0.03426791277
895	OLB13	Chloroflexota	Anaerolineae	9	2.608727235e-06	0	0.04482477588	6.009837381e-07	8.323178805e-07	5.612298006e-06	5.704877571e-06	0.07098121086	5.911560796e-07	0.03512880562	6.724246576e-07	0.01869158879
896	Gynurincola	Bacteroidota	Bacteroidia	4	2.599907235e-06	0	0.0097799511	0	3.216358248e-06	4.144838996e-06	6.426099009e-06	0.01878914405	2.622593715e-07	0.007025761124	0	0
897	Goodfellowiella	Actinomycetota	Actinobacteria	2	2.573224291e-06	0	0.01466992665	9.110277613e-07	8.037455459e-07	5.300035496e-06	4.246257854e-06	0.01461377871	2.630886869e-06	0.02576112412	0	0
898	Ottowia	Pseudomonadota	Gammaproteobacteria	2	2.571780856e-06	0	0.005704971475	6.002924126e-06	2.421226602e-06	0	4.546703877e-06	0.006263048017	2.289704808e-06	0.009367681499	0	0
899	Jidongwangia	Actinomycetota	Actinobacteria	2	2.568840752e-06	0	0.01059494703	5.221231022e-06	9.889193865e-07	1.757154801e-06	6.580308147e-06	0.02713987474	0	0	0	0
900	Aquisalinus	Pseudomonadota	Alphaproteobacteria	4	2.506516993e-06	0	0.02037489813	1.102911523e-06	4.526210568e-07	5.258997132e-06	1.71185274e-08	0.002087682672	2.163925844e-06	0.01639344262	6.676947788e-06	0.05295950156
901	Filobacillus	Bacillota	Bacilli	3	2.488025852e-06	0	0.0065199674	2.042259512e-06	2.327765435e-07	4.650631473e-06	0	0	4.98823544e-07	0.007025761124	8.846760333e-06	0.01557632399
902	Chryseolinea	Bacteroidota	Bacteroidia	14	2.486637319e-06	0	0.01874490628	1.832062784e-06	1.142196407e-07	4.907297366e-06	1.381280822e-06	0.008350730689	4.564212447e-06	0.02576112412	1.372435393e-06	0.02492211838
903	Dolosigranulum	Bacillota	Bacilli	3	2.485969981e-06	0	0.0260798696	3.23367472e-06	4.53741691e-06	2.502158824e-07	4.866729209e-06	0.03966597077	1.229172343e-06	0.018735363	6.051878041e-07	0.01557632399
904	Rubribacterium	Pseudomonadota	Alphaproteobacteria	4	2.469963351e-06	0	0.0065199674	3.447467189e-06	4.031123947e-06	4.47951505e-07	2.045010197e-06	0.008350730689	3.266175833e-06	0.007025761124	2.044947248e-06	0.003115264798
905	Tsukamurella	Actinomycetota	Actinobacteria	3	2.442422316e-06	0	0.0065199674	2.602742041e-07	0	6.118207127e-06	5.822185153e-07	0.006263048017	6.294254093e-06	0.009367681499	9.446422407e-08	0.003115264798
906	Fulvivirga	Bacteroidota	Bacteroidia	22	2.424685675e-06	0	0.0228198859	1.853359222e-08	1.459662858e-06	5.088741094e-06	1.738903296e-06	0.02922755741	3.36632094e-06	0.018735363	2.195438018e-06	0.01869158879
907	Marinicauda	Pseudomonadota	Alphaproteobacteria	7	2.419871309e-06	0	0.01874490628	4.180258826e-06	6.398379697e-07	2.469087651e-06	1.874169612e-06	0.01252609603	7.683801621e-07	0.018735363	5.431017206e-06	0.02803738318
908	Galbibacter	Bacteroidota	Bacteroidia	17	2.38237145e-06	0	0.01874490628	0	2.240156343e-07	5.986961628e-06	1.034134142e-07	0.006263048017	6.275744412e-07	0.02576112412	8.117322295e-06	0.02803738318
909	Thermobifida	Actinomycetota	Actinobacteria	6	2.372308006e-06	0	0.0195599022	1.061099071e-06	1.272541261e-06	4.28534778e-06	2.001199015e-07	0.006263048017	4.831928395e-06	0.02576112412	2.341841325e-06	0.03115264798
910	Mastigocladopsis PCC-10914	Cyanobacteriota	Cyanobacteriia	2	2.371307347e-06	0	0.008964955175	4.752774777e-07	6.700103966e-06	3.798550249e-07	2.113665888e-07	0.008350730689	6.576930957e-06	0.01639344262	0	0
911	Borrelia	Spirochaetota	Spirochaetia	8	2.362771245e-06	0	0.0195599022	7.652929755e-07	2.700073487e-07	5.298646689e-06	2.443396677e-06	0.01252609603	3.959279081e-06	0.037470726	1.187574493e-07	0.006230529595
912	Halolamina	Halobacteriota	Halobacteria	17	2.358207806e-06	0	0.00814995925	0	2.919068333e-06	3.758134902e-06	0	0	0	0	9.014084045e-06	0.03115264798
913	Longimonas	Rhodothermota	Rhodothermia	1	2.315708426e-06	0	0.002444987775	0	0	5.99446042e-06	2.564909787e-08	0.002087682672	0	0	8.813359256e-06	0.006230529595
914	SCGC AAA164-E04	Verrucomicrobiota	Verrucomicrobiia	5	2.309659638e-06	0	0.03504482478	1.924498604e-07	1.234763572e-06	4.835266049e-06	1.746056455e-06	0.02296450939	1.870371094e-06	0.03981264637	3.735024538e-06	0.04672897196
915	Weissella	Bacillota	Bacilli	7	2.308031007e-06	0	0.008964955175	5.689148354e-06	1.685429819e-06	1.549411319e-07	1.673538565e-06	0.01043841336	2.936893849e-07	0.009367681499	5.934341761e-06	0.006230529595
916	Marivirga	Bacteroidota	Bacteroidia	1	2.30031922e-06	0	0.0032599837	2.301225275e-06	4.522188794e-07	3.785106515e-06	0	0	0	0	8.792808983e-06	0.01246105919
917	Haloquadratum	Halobacteriota	Halobacteria	41	2.288379322e-06	0	0.04971475143	3.517272604e-07	1.201568119e-06	4.681859566e-06	1.979280271e-06	0.05427974948	2.563869876e-06	0.037470726	2.383158075e-06	0.05919003115
918	Nevskia	Pseudomonadota	Gammaproteobacteria	10	2.282110627e-06	0	0.02852485738	2.6681947e-06	2.656461446e-06	1.678205695e-06	2.008104665e-06	0.02713987474	1.063373888e-06	0.02341920375	4.312171196e-06	0.03738317757
919	Mangrovibacterium	Bacteroidota	Bacteroidia	1	2.27246544e-06	0	0.007334963325	5.640290461e-06	1.455676044e-06	2.858955085e-07	4.174763113e-06	0.01252609603	1.846846754e-06	0.007025761124	0	0
920	TM7x	Patescibacteria	Saccharimonadia	3	2.271869577e-06	0	0.004074979625	0	6.681375604e-06	5.105060461e-07	1.125299803e-07	0.002087682672	6.08722444e-06	0.004683840749	4.188077084e-07	0.006230529595
921	Crocinitomix	Bacteroidota	Bacteroidia	2	2.266743905e-06	0	0.0065199674	6.349677147e-06	2.584107883e-08	8.636485681e-07	0	0	1.547663391e-08	0.002341920375	8.643882393e-06	0.02180685358
922	Haloparvum	Halobacteriota	Halobacteria	6	2.255738918e-06	0	0.0130399348	1.245244522e-07	2.175950102e-06	3.99247166e-06	0	0	0	0	8.6224039e-06	0.04984423676
923	BCf9-17 termite group	Bacteroidota	Bacteroidia	9	2.244219455e-06	0	0.01466992665	2.073300288e-07	0	5.646688819e-06	5.287904092e-07	0.006263048017	5.804644594e-06	0.03278688525	6.786113207e-08	0.003115264798
924	Winkia	Actinomycetota	Actinobacteria	1	2.201446238e-06	0	0.004074979625	6.083282253e-06	1.081497785e-06	5.515375433e-08	0	0	9.649898271e-07	0.002341920375	7.131227033e-06	0.01246105919
925	Waddlia	Chlamydiota	Chlamydiia	6	2.189656668e-06	0	0.01385493073	3.777288552e-07	5.177375586e-06	1.210155061e-06	2.763352792e-08	0.004175365344	8.806314603e-08	0.004683840749	8.211430866e-06	0.04049844237
926	Cellulosilyticum	Bacillota	Clostridia	15	2.186597896e-06	0	0.04400977995	2.669563159e-06	1.2581463e-06	2.553848908e-06	3.065761006e-06	0.05010438413	2.420355253e-06	0.05620608899	5.637520339e-07	0.01869158879
927	Tepidamorphus	Pseudomonadota	Alphaproteobacteria	2	2.180993317e-06	0	0.01222493888	3.874833766e-08	1.329243865e-06	4.546882924e-06	1.72678884e-07	0.006263048017	2.162688654e-07	0.004683840749	7.791335853e-06	0.03115264798
928	Alteribacter	Bacillota	Bacilli	5	2.175211227e-06	0	0.0130399348	1.009451109e-07	2.071455331e-06	3.886515008e-06	4.128026484e-06	0.02296450939	8.794281328e-08	0.002341920375	2.037719342e-06	0.01246105919
929	Candidatus Rubidus	Chlamydiota	Chlamydiia	6	2.173279229e-06	0	0.04645476773	1.692365203e-06	1.07479431e-06	3.433664824e-06	9.102542462e-07	0.03549060543	2.544043218e-06	0.07494145199	3.564783104e-06	0.02492211838
930	Roseiflexus	Chloroflexota	Chloroflexia	9	2.166925398e-06	0	0.01711491443	8.665828595e-07	2.602945428e-06	2.836975595e-06	3.133744145e-06	0.02922755741	0	0	3.606710338e-06	0.02180685358
931	Mobilitalea	Bacillota	Clostridia	3	2.152281565e-06	0	0.01548492258	4.518280667e-06	9.798560671e-07	1.237814157e-06	1.576257752e-06	0.02087682672	4.416445004e-06	0.02107728337	0	0
932	Streptacidiphilus	Actinomycetota	Actinobacteria	4	2.144270667e-06	0	0.0912795436	1.274775663e-06	1.077057359e-06	3.684482507e-06	4.24104608e-06	0.1169102296	1.341887581e-06	0.1100702576	8.278205299e-08	0.02803738318
933	Achromobacter	Pseudomonadota	Gammaproteobacteria	6	2.116987895e-06	0	0.0097799511	2.037704476e-06	3.179047039e-07	3.62530884e-06	4.199044704e-06	0.02087682672	1.372837785e-06	0.004683840749	0	0
934	Methylocella	Pseudomonadota	Alphaproteobacteria	6	2.115576637e-06	0	0.0195599022	3.725711133e-06	1.138445412e-06	1.637342385e-06	1.622036963e-06	0.01878914405	3.344182822e-06	0.02341920375	1.217728236e-06	0.01557632399
935	Fuerstia	Planctomycetota	Planctomycetes	1	2.057657556e-06	0	0.0032599837	0	4.134572612e-07	4.994132077e-06	0	0	0	0	7.865251779e-06	0.01246105919
936	H1	Bacteroidota	Bacteroidia	4	2.050842032e-06	0	0.01059494703	1.659154224e-07	0	5.178613157e-06	5.364101559e-08	0.002087682672	5.815941409e-06	0.02576112412	2.268581157e-08	0.003115264798
937	Singulisphaera	Planctomycetota	Planctomycetes	50	2.032219342e-06	0	0.03830480848	1.63001886e-06	1.773649438e-07	3.838797623e-06	4.2289882e-06	0.06263048017	1.062187475e-06	0.03278688525	4.452876382e-08	0.009345794393
938	Marinactinospora	Actinomycetota	Actinobacteria	2	2.009826736e-06	0	0.02444987775	4.299115724e-07	1.218874193e-06	3.885525808e-06	1.919636863e-06	0.02922755741	2.311971228e-06	0.02341920375	1.74249107e-06	0.01869158879
939	Defluviitalea	Bacillota	Clostridia	3	2.008391268e-06	0	0.0260798696	3.565087121e-07	2.608092641e-07	4.709507417e-06	7.039982338e-07	0.02505219207	4.709986466e-06	0.04215456674	3.611112496e-07	0.006230529595
940	Melghirimyces	Bacillota	Bacilli	6	1.98175492e-06	0	0.01385493073	4.81855242e-06	1.085660842e-06	4.756856669e-07	4.704343896e-06	0.02922755741	3.47706455e-07	0.004683840749	9.271621421e-08	0.003115264798
941	JdFR-76	Calditrichota	Calditrichia	3	1.959576088e-06	0	0.0065199674	1.266843743e-06	2.325020942e-06	2.209495797e-06	0	0	0	0	7.490342241e-06	0.02492211838
942	Acetivibrio	Bacillota	Clostridia	5	1.938696107e-06	0	0.0065199674	2.672898678e-06	3.415406117e-06	1.755107258e-07	1.905013636e-08	0.002087682672	0	0	7.382103138e-06	0.02180685358
943	Thermocatellispora	Actinomycetota	Actinobacteria	5	1.924001073e-06	0	0.01874490628	9.707069431e-07	2.315728771e-06	2.357286227e-06	1.121366288e-06	0.01252609603	2.162159959e-06	0.02576112412	2.804898946e-06	0.01869158879
944	Moheibacter	Bacteroidota	Bacteroidia	3	1.914752646e-06	0	0.00488997555	6.292751311e-06	1.399523471e-08	6.678954206e-09	3.548103008e-07	0.004175365344	7.240863544e-07	0.004683840749	5.826362894e-06	0.006230529595
945	Aestuariibacter	Pseudomonadota	Gammaproteobacteria	2	1.911745842e-06	0	0.005704971475	0	1.793742647e-06	3.506954008e-06	1.19040192e-08	0.002087682672	0	0	7.289751162e-06	0.01869158879
946	Thermoflavimicrobium	Bacillota	Bacilli	4	1.870388169e-06	0	0.01385493073	2.139670469e-07	4.587179203e-06	9.866144842e-07	7.729600926e-07	0.01461377871	4.404483464e-06	0.018735363	1.370839868e-07	0.006230529595
947	Thiohalophilus	Pseudomonadota	Gammaproteobacteria	1	1.866656747e-06	0	0.004074979625	2.332285549e-07	3.049247301e-06	2.198024441e-06	0	0	0	0	7.135164577e-06	0.01557632399
948	Pusillibacter	Pseudomonadota	Gammaproteobacteria	5	1.838595338e-06	0	0.02037489813	3.868008414e-07	1.264839186e-07	4.354169186e-06	4.216076488e-06	0.03131524008	5.53760755e-07	0.02341920375	0	0
949	Mucilaginibacter	Bacteroidota	Bacteroidia	17	1.831064356e-06	0	0.01792991035	2.344676486e-07	2.69033138e-07	4.33964636e-06	3.379082417e-06	0.02296450939	1.359065207e-06	0.02107728337	1.489552781e-07	0.006230529595
950	Panacagrimonas	Pseudomonadota	Gammaproteobacteria	17	1.802373093e-06	0	0.02200488998	9.067061287e-07	2.418606931e-06	2.009974399e-06	4.072301093e-07	0.01461377871	4.639298795e-06	0.04215456674	1.104921424e-07	0.006230529595
951	Simkania	Chlamydiota	Chlamydiia	10	1.796696442e-06	0	0.01140994295	0	0	4.650942057e-06	5.811308934e-07	0.01461377871	1.039638562e-07	0.004683840749	5.862281216e-06	0.01557632399
952	Sporacetigenium	Bacillota	Clostridia	3	1.790571105e-06	0	0.01222493888	2.994977816e-06	1.929596671e-06	7.335921233e-07	3.904588911e-07	0.01461377871	9.705974043e-08	0.002341920375	6.132574541e-06	0.02180685358
953	Fuscovulum	Pseudomonadota	Alphaproteobacteria	2	1.787090625e-06	0	0.004074979625	2.602839014e-06	3.127195459e-06	6.971015487e-08	0	0	2.344961889e-06	0.007025761124	3.711717974e-06	0.006230529595
954	Rhodopila	Pseudomonadota	Alphaproteobacteria	2	1.781569312e-06	0	0.0260798696	2.608057021e-06	1.859935628e-06	1.069942742e-06	3.213516027e-06	0.04175365344	1.514546531e-06	0.0281030445	0	0
955	Intrasporangium	Actinomycetota	Actinobacteria	1	1.752529249e-06	0	0.01792991035	9.982405904e-07	1.326147862e-06	2.687226907e-06	3.619382504e-06	0.04175365344	9.758060174e-07	0.004683840749	0	0
956	Bowmanella	Pseudomonadota	Gammaproteobacteria	1	1.752354363e-06	0	0.0032599837	4.091067155e-06	5.749640039e-07	8.632922699e-07	0	0	0	0	6.698251723e-06	0.01246105919
957	Pedococcus-Phycicoccus	Actinomycetota	Actinobacteria	2	1.744712112e-06	0	0.008964955175	9.56236578e-07	4.024567558e-06	5.309736605e-07	3.992487088e-06	0.01461377871	4.726273642e-07	0.007025761124	8.270580064e-08	0.003115264798
958	Haloplasma	Bacillota	Bacilli	11	1.740916294e-06	0	0.0162999185	2.394965616e-06	1.463017112e-06	1.450986423e-06	5.037082051e-08	0.006263048017	1.462568011e-06	0.01639344262	4.633832179e-06	0.03115264798
959	wb1-P19	Pseudomonadota	Gammaproteobacteria	3	1.733374104e-06	0	0.01140994295	2.134689669e-06	1.866521717e-07	2.661668759e-06	0	0	8.32734008e-07	0.01405152225	5.517983192e-06	0.02492211838
960	Salimicrobium	Bacillota	Bacilli	3	1.726018755e-06	0	0.004074979625	6.601461522e-08	0	4.416176318e-06	0	0	1.622544839e-08	0.002341920375	6.576002322e-06	0.01246105919
961	Qinpengyuania	Pseudomonadota	Alphaproteobacteria	5	1.721208531e-06	0	0.0130399348	2.052448967e-07	8.461373832e-07	3.614332115e-06	5.396592374e-07	0.01461377871	1.514490835e-06	0.009367681499	3.759309988e-06	0.01557632399
962	Candidatus Protistobacter	Pseudomonadota	Gammaproteobacteria	44	1.720909796e-06	0	0.01874490628	0	4.092241367e-06	1.165426916e-06	1.280247371e-06	0.01670146138	3.417885902e-06	0.02576112412	1.211232031e-07	0.01246105919
963	Enteractinococcus	Actinomycetota	Actinobacteria	16	1.708879835e-06	0	0.02037489813	1.075101208e-06	2.033225548e-06	1.945567457e-06	2.10028904e-06	0.02713987474	1.585738884e-06	0.02107728337	1.288618705e-06	0.009345794393
964	Planosporangium	Actinomycetota	Actinobacteria	2	1.70759689e-06	0	0.008964955175	3.197007805e-07	3.979165924e-06	9.709503725e-07	3.672100943e-06	0.02087682672	7.875527687e-07	0.002341920375	0	0
965	Kouleothrix	Chloroflexota	Chloroflexia	305	1.685659178e-06	0	0.07253463733	3.435022116e-07	1.253789767e-06	3.086133096e-06	2.148569807e-06	0.09394572025	1.517828395e-06	0.07025761124	1.218149996e-06	0.04361370717
966	Candidatus Amoebophilus	Bacteroidota	Bacteroidia	11	1.684044509e-06	0	0.02200488998	4.553366864e-06	3.059010348e-07	5.399195033e-07	3.91256769e-07	0.02505219207	2.75755161e-07	0.01405152225	5.486489614e-06	0.02803738318
967	Aquisalibacillus	Bacillota	Bacilli	5	1.678469837e-06	0	0.0097799511	2.916610315e-07	1.287294814e-06	3.081276923e-06	1.121860167e-08	0.002087682672	8.883508941e-09	0.002341920375	6.387275767e-06	0.03115264798
968	Marisediminicola	Actinomycetota	Actinobacteria	8	1.675258133e-06	0	0.0162999185	2.046598885e-06	2.144701064e-06	1.006489113e-06	1.47097191e-06	0.02296450939	3.000411413e-06	0.018735363	2.173536187e-07	0.003115264798
969	NK4A214 group	Bacillota	Clostridia	8	1.667392989e-06	0	0.02444987775	2.913411756e-07	3.317660745e-08	4.060911378e-06	1.76182893e-06	0.01878914405	2.755718793e-06	0.04449648712	7.876391198e-08	0.006230529595
970	Bacteroides	Bacteroidota	Bacteroidia	20	1.661058126e-06	0	0.0195599022	3.082018438e-07	1.267000493e-07	3.956106575e-06	1.586163217e-06	0.01878914405	2.72616146e-06	0.0281030445	3.559974966e-07	0.009345794393
971	Flavimobilis	Actinomycetota	Actinobacteria	2	1.656853826e-06	0	0.01140994295	3.436117784e-06	5.44628688e-07	1.154473203e-06	1.77506664e-06	0.01878914405	1.975182586e-06	0.009367681499	1.057008596e-06	0.003115264798
972	Cavicella	Pseudomonadota	Gammaproteobacteria	7	1.654737584e-06	0	0.01385493073	1.360129567e-06	2.088923473e-07	3.04811568e-06	6.805367708e-08	0.004175365344	1.248955891e-06	0.01639344262	4.562184234e-06	0.02492211838
973	Cronobacter	Pseudomonadota	Gammaproteobacteria	7	1.64462907e-06	0	0.00488997555	0	0	4.257299302e-06	4.187315107e-06	0.01043841336	2.865558142e-08	0.002341920375	0	0
974	Spirillospora	Actinomycetota	Actinobacteria	2	1.639215831e-06	0	0.00814995925	2.219500162e-06	0	2.501400348e-06	2.543930328e-06	0.01252609603	1.856616388e-06	0.009367681499	0	0
975	Aeribacillus	Bacillota	Bacilli	3	1.630114259e-06	0	0.00814995925	4.76060823e-06	4.100921397e-07	1.539215796e-07	1.788791043e-06	0.01670146138	1.286283547e-06	0.002341920375	1.850704709e-06	0.003115264798
976	Natribacillus	Bacillota	Bacilli	9	1.621018245e-06	0	0.0228198859	3.183417776e-07	1.232002155e-07	3.847314267e-06	3.701586249e-06	0.03549060543	5.056898658e-07	0.02576112412	0	0
977	Symplocastrum CPER-KK1	Cyanobacteriota	Cyanobacteriia	3	1.616312596e-06	0	0.00814995925	4.921206331e-06	3.666473846e-07	2.707625773e-08	1.562805974e-06	0.01461377871	2.891408649e-06	0.007025761124	0	0
978	Hyphomonas	Pseudomonadota	Alphaproteobacteria	6	1.574615939e-06	0	0.007334963325	1.263138331e-07	2.61953693e-06	1.871353252e-06	1.704752691e-06	0.01252609603	2.552031771e-06	0.004683840749	8.024813751e-08	0.003115264798
979	TC1	Bacillota	Desulfitobacteriia	4	1.558168045e-06	0	0.02118989405	1.273068269e-06	7.61512682e-08	2.973158569e-06	5.816978743e-07	0.01252609603	3.711456022e-06	0.04215456674	1.50925819e-07	0.006230529595
980	Fonticella	Bacillota	Clostridia	10	1.553704737e-06	0	0.01466992665	3.764768547e-06	6.835279223e-07	5.178853886e-07	4.770724424e-07	0.01461377871	1.692677506e-06	0.007025761124	2.975404103e-06	0.02492211838
981	Rhabdobacter	Bacteroidota	Bacteroidia	7	1.532465269e-06	0	0.0097799511	1.545762829e-07	0	3.845638201e-06	2.21778862e-07	0.008350730689	4.154807517e-06	0.018735363	0	0
982	Hypericibacter	Pseudomonadota	Alphaproteobacteria	3	1.516238626e-06	0	0.005704971475	0	0	3.924946822e-06	1.382466211e-06	0.002087682672	1.162242049e-06	0.004683840749	2.186748048e-06	0.01246105919
983	Nostoc PCC-7107	Cyanobacteriota	Cyanobacteriia	2	1.508315338e-06	0	0.0032599837	2.615864384e-06	1.664498452e-06	5.135600393e-07	0	0	4.287305334e-06	0.007025761124	6.23786354e-08	0.003115264798
984	Leptothrix	Pseudomonadota	Gammaproteobacteria	7	1.494432502e-06	0	0.01466992665	2.459459337e-06	1.248592002e-06	9.346756419e-07	1.770750046e-06	0.02296450939	2.253909322e-06	0.01405152225	7.183840331e-08	0.003115264798
985	WY65	Acidobacteriota	Acidobacteriae	6	1.487335228e-06	0	0.02444987775	1.752115076e-08	1.57623527e-06	2.569402571e-06	1.240473619e-06	0.02713987474	1.958825187e-06	0.03044496487	1.228520581e-06	0.01246105919
986	Silanimonas	Pseudomonadota	Gammaproteobacteria	10	1.466614296e-06	0	0.0065199674	0	6.155277672e-07	3.301729245e-06	2.270909442e-07	0.002087682672	5.194025565e-07	0.007025761124	4.576243886e-06	0.01246105919
987	Thiovirga	Pseudomonadota	Gammaproteobacteria	1	1.45968967e-06	0	0.0032599837	0	1.810484227e-07	3.633037502e-06	0	0	0	0	5.579561448e-06	0.01246105919
988	Variovorax	Pseudomonadota	Gammaproteobacteria	10	1.443822133e-06	0	0.0097799511	0	7.604140982e-09	3.731376749e-06	3.528985494e-06	0.01670146138	1.747928623e-07	0.007025761124	2.040234589e-08	0.003115264798
989	Halopiger	Halobacteriota	Halobacteria	8	1.426058664e-06	0	0.0130399348	0	1.381676607e-06	2.580918129e-06	7.424767049e-07	0.002087682672	0	0	4.343076757e-06	0.04672897196
990	Salibaculum	Pseudomonadota	Alphaproteobacteria	6	1.412095719e-06	0	0.004074979625	4.503192037e-07	4.038934309e-06	5.546145928e-08	3.212597018e-06	0.004175365344	4.250031265e-07	0.004683840749	3.841476774e-08	0.003115264798
991	Caedibacter	Pseudomonadota	Alphaproteobacteria	21	1.403371774e-06	0	0.0391198044	4.708878494e-07	8.453491667e-07	2.583731759e-06	2.261120171e-06	0.06263048017	1.014202831e-06	0.03278688525	6.411090203e-07	0.01246105919
992	Candidatus Finniella	Pseudomonadota	Alphaproteobacteria	18	1.378851873e-06	0	0.04156479218	1.307706972e-06	1.170680492e-06	1.602014742e-06	1.832889011e-06	0.06263048017	8.992974172e-07	0.03044496487	1.339244284e-06	0.02492211838
993	Baia	Bacillota	Bacilli	1	1.370085382e-06	0	0.008964955175	1.859915619e-07	2.207240297e-06	1.626471202e-06	1.644507426e-06	0.008350730689	2.09221477e-06	0.01639344262	0	0
994	Halarchaeum	Halobacteriota	Halobacteria	8	1.361758781e-06	0	0.0065199674	0	3.77394716e-06	4.915699508e-07	0	0	0	0	5.205227491e-06	0.02492211838
995	Tundrisphaera	Planctomycetota	Planctomycetes	28	1.360588169e-06	0	0.03096984515	2.162513194e-06	8.210447997e-07	1.164912883e-06	2.700126232e-06	0.05427974948	6.674154075e-07	0.02341920375	2.837845467e-07	0.006230529595
996	Candidatus Midichloria	Pseudomonadota	Alphaproteobacteria	8	1.33299489e-06	0	0.01792991035	2.961061216e-07	1.654512442e-07	3.085224323e-06	2.916630502e-06	0.02713987474	5.415376448e-07	0.018735363	2.268581157e-08	0.003115264798
997	Sporolactobacillus	Bacillota	Bacilli	1	1.331465474e-06	0	0.002444987775	3.422097992e-06	9.466868333e-07	0	0	0	0	0	5.089433448e-06	0.009345794393
998	Paludifilum	Bacillota	Bacilli	1	1.317599244e-06	0	0.0032599837	4.563167378e-08	1.834716597e-06	1.900194656e-06	0	0	0	0	5.036430756e-06	0.01246105919
999	Rhizorhapis	Pseudomonadota	Alphaproteobacteria	2	1.315716839e-06	0	0.00814995925	0	0	3.405874601e-06	2.287648769e-06	0.008350730689	4.461392991e-07	0.002341920375	1.022116261e-06	0.01557632399
1000	Ammoniibacillus	Bacillota	Bacilli	10	1.306243419e-06	0	0.01711491443	1.060987646e-06	7.735742892e-07	1.92688073e-06	0	0	1.324441093e-06	0.02576112412	3.231228436e-06	0.03115264798
1001	Alkalicoccus	Bacillota	Bacilli	2	1.294168957e-06	0	0.004074979625	9.799843236e-07	0	2.58099397e-06	0	0	0	0	4.946870125e-06	0.01557632399
1002	Mammaliicoccus	Bacillota	Bacilli	2	1.292721556e-06	0	0.0032599837	0	2.357472866e-07	3.156855765e-06	1.25086674e-06	0.004175365344	2.311485199e-06	0.004683840749	0	0
1003	Acetoanaerobium	Bacillota	Clostridia	1	1.284362213e-06	0	0.00488997555	2.075363612e-06	2.109913836e-06	0	2.358872516e-06	0.008350730689	1.044525762e-06	0.004683840749	0	0
1004	Crinalium SAG 22.89	Cyanobacteriota	Cyanobacteriia	5	1.279443001e-06	0	0.01548492258	2.835491264e-06	9.215496805e-07	3.459143101e-07	2.463901111e-06	0.02922755741	4.428267413e-07	0.007025761124	6.248626508e-07	0.006230529595
1005	Rhodopseudomonas	Pseudomonadota	Alphaproteobacteria	2	1.272137255e-06	0	0.00488997555	2.741178662e-06	1.420456561e-06	0	2.50979125e-06	0.01043841336	8.400993053e-07	0.002341920375	0	0
1006	Catalinimonas	Bacteroidota	Bacteroidia	9	1.257636555e-06	0	0.01140994295	0	4.562484589e-08	3.218854402e-06	1.533433376e-06	0.008350730689	2.785434531e-07	0.009367681499	2.148496608e-06	0.01869158879
1007	Ciceribacter	Pseudomonadota	Alphaproteobacteria	4	1.246743955e-06	0	0.008964955175	9.954979718e-07	2.937215128e-06	8.5127897e-08	1.864698178e-06	0.01043841336	1.490783151e-06	0.01405152225	0	0
1008	Tepidibacillus	Bacillota	Bacilli	1	1.230930226e-06	0	0.0032599837	1.541603958e-06	0	1.976528935e-06	3.153134421e-06	0.008350730689	0	0	0	0
1009	Halobellus	Halobacteriota	Halobacteria	12	1.21424839e-06	0	0.00814995925	0	1.491127781e-06	1.944647869e-06	7.97271316e-08	0.002087682672	0	0	4.522409591e-06	0.02803738318
1010	Sutcliffiella	Bacillota	Bacilli	2	1.202142871e-06	0	0.0032599837	0	1.529414503e-07	2.988942215e-06	2.01410261e-08	0.004175365344	3.311832828e-06	0.002341920375	1.595923155e-07	0.003115264798
1011	Telmatospirillum	Pseudomonadota	Alphaproteobacteria	8	1.198197716e-06	0	0.03096984515	6.037459995e-07	2.245765343e-07	2.447323684e-06	1.405865233e-06	0.03549060543	1.731173946e-06	0.03981264637	1.793391771e-07	0.01246105919
1012	Thermomonospora	Actinomycetota	Actinobacteria	61	1.180242903e-06	0	0.01466992665	2.163689399e-06	5.514175261e-07	9.138723806e-07	2.690516453e-06	0.01670146138	3.328270514e-07	0.01639344262	5.384271139e-08	0.009345794393
1013	Nostoc PCC-73102	Cyanobacteriota	Cyanobacteriia	5	1.176376672e-06	0	0.005704971475	2.685053512e-06	8.801431456e-07	2.304635696e-07	2.085260765e-06	0.008350730689	9.915197022e-07	0.004683840749	6.602915144e-08	0.003115264798
1014	Albibacterium	Bacteroidota	Bacteroidia	3	1.145336516e-06	0	0.00814995925	1.93828741e-08	5.001427578e-07	2.547601446e-06	2.921827e-06	0.01878914405	1.35193727e-08	0.002341920375	0	0
1015	Compostibacillus	Bacillota	Bacilli	10	1.132982789e-06	0	0.0097799511	2.823818067e-06	8.146819791e-07	6.184752508e-08	3.168307824e-08	0.006263048017	8.53201868e-07	0.018735363	3.148524891e-06	0.003115264798
1016	F0058	Bacteroidota	Bacteroidia	10	1.129828635e-06	0	0.01466992665	2.495791601e-07	1.519168906e-08	2.716599691e-06	1.884575725e-06	0.01252609603	1.132524502e-06	0.0281030445	0	0
1017	Sinomonas	Actinomycetota	Actinobacteria	8	1.128767307e-06	0	0.005704971475	0	1.813848837e-09	2.920477657e-06	2.271473981e-06	0.01043841336	6.954600683e-07	0.004683840749	0	0
1018	Geomicrobium	Bacillota	Bacilli	5	1.118081633e-06	0	0.02037489813	2.846788344e-07	1.560057968e-07	2.545458709e-06	1.943138123e-06	0.02922755741	9.232881294e-07	0.02341920375	1.460404076e-07	0.003115264798
1019	Aquisphaera	Planctomycetota	Planctomycetes	4	1.109774855e-06	0	0.005704971475	2.787286702e-06	7.765152872e-08	6.228646873e-07	1.198080994e-07	0.004175365344	3.054580018e-06	0.01170960187	0	0
1020	Acidimangrovimonas	Pseudomonadota	Alphaproteobacteria	2	1.10961841e-06	0	0.01140994295	5.60400244e-07	1.382841677e-08	2.421443611e-06	1.097651847e-07	0.004175365344	1.437761919e-06	0.01639344262	2.165108805e-06	0.01557632399
1021	Capnocytophaga	Bacteroidota	Bacteroidia	6	1.107087376e-06	0	0.0228198859	1.978320387e-06	1.131596807e-06	4.036342681e-07	9.24042272e-07	0.01878914405	1.430590388e-06	0.02576112412	9.498998952e-07	0.02492211838
1022	Candidatus Nucleicultrix	Pseudomonadota	Alphaproteobacteria	5	1.076782925e-06	0	0.01548492258	6.522526326e-07	4.230777038e-07	1.935405199e-06	7.842192471e-07	0.01461377871	2.188806393e-06	0.02341920375	3.411619712e-08	0.006230529595
1023	Halothiobacillus	Pseudomonadota	Gammaproteobacteria	3	1.072825491e-06	0	0.01059494703	1.831780152e-06	1.132324631e-06	4.293649293e-07	1.639455738e-06	0.01670146138	1.139844608e-06	0.009367681499	1.381430889e-07	0.003115264798
1024	Amphibacillus	Bacillota	Bacilli	5	1.072106639e-06	0	0.0130399348	1.485346173e-06	2.189771726e-07	1.433535375e-06	2.208849763e-06	0.02296450939	2.832323879e-07	0.007025761124	4.252198774e-07	0.006230529595
1025	Actinobacillus	Pseudomonadota	Gammaproteobacteria	3	1.070486747e-06	0	0.01140994295	7.543562905e-07	1.543505745e-06	9.383776574e-07	8.300315405e-07	0.01461377871	1.371630998e-06	0.009367681499	1.028709329e-06	0.009345794393
1026	Haloterrigena	Halobacteriota	Halobacteria	9	1.06940186e-06	0	0.01140994295	0	1.682891046e-07	2.632991421e-06	1.725069105e-07	0.006263048017	1.716553553e-06	0.01170960187	1.546906246e-06	0.01869158879
1027	Candidatus Trichorickettsia	Pseudomonadota	Alphaproteobacteria	13	1.057821447e-06	0	0.0228198859	9.505473463e-07	1.951231722e-07	1.835445936e-06	1.534845782e-06	0.0375782881	1.31792924e-06	0.02341920375	0	0
1028	Pseudobacteriovorax	Bdellovibrionota	Oligoflexia	5	1.0526909e-06	0	0.0065199674	9.305800059e-07	2.777915974e-07	1.771386864e-06	0	0	0	0	4.023837179e-06	0.02492211838
1029	Rhodovibrio	Pseudomonadota	Alphaproteobacteria	9	1.043583042e-06	0	0.008964955175	1.337032549e-06	5.703105737e-08	1.606268886e-06	1.19621719e-07	0.004175365344	3.363044663e-07	0.007025761124	3.363163808e-06	0.01869158879
1030	Haloplanus	Halobacteriota	Halobacteria	18	1.040428482e-06	0	0.0097799511	0	1.672096649e-06	1.349234018e-06	0	0	0	0	3.976964946e-06	0.03738317757
1031	Bailinhaonella	Actinomycetota	Actinobacteria	4	1.039013848e-06	0	0.01222493888	0	1.004133096e-06	1.882479499e-06	1.975939522e-06	0.02505219207	6.150909937e-07	0.004683840749	2.04832107e-07	0.003115264798
1032	Thermaerobacter	Bacillota	Thermaerobacteria	2	1.033370975e-06	0	0.01792991035	1.243751034e-06	5.808307425e-07	1.232013267e-06	2.300077722e-07	0.002087682672	1.213936779e-06	0.02341920375	1.99196716e-06	0.03426791277
1033	Castellaniella	Pseudomonadota	Gammaproteobacteria	1	1.027281033e-06	0	0.0065199674	2.271285176e-06	1.090697486e-06	0	1.783698188e-06	0.01252609603	9.510126362e-07	0.004683840749	0	0
1034	Natrialba	Halobacteriota	Halobacteria	6	1.011597942e-06	0	0.00488997555	0	2.574969448e-06	5.488761932e-07	0	0	0	0	3.866762229e-06	0.01869158879
1035	Lachnospiraceae UCG-010	Bacillota	Clostridia	4	1.006607437e-06	0	0.01466992665	1.009963682e-07	3.727949146e-08	2.496483522e-06	6.19902255e-07	0.01252609603	1.863934764e-06	0.02341920375	4.432211846e-07	0.006230529595
1036	Shimwellia	Pseudomonadota	Gammaproteobacteria	1	1.001778741e-06	0	0.002444987775	0	0	2.593212058e-06	2.493832741e-06	0.004175365344	8.11162362e-08	0.002341920375	0	0
1037	Fructobacillus	Bacillota	Bacilli	4	9.944182396e-07	0	0.004074979625	0	0	2.574158608e-06	2.535632868e-06	0.008350730689	1.307502694e-08	0.002341920375	0	0
1038	Christensenella	Bacillota	Clostridia	2	9.76882176e-07	0	0.02037489813	2.153144852e-07	0	2.359783632e-06	1.448942073e-06	0.01670146138	1.002848173e-06	0.03278688525	2.379283712e-07	0.009345794393
1039	Laceyella	Bacillota	Bacilli	8	9.734600717e-07	0	0.01059494703	1.146953599e-06	5.08167844e-07	1.211301309e-06	0	0	2.05180692e-06	0.01639344262	9.916322525e-07	0.01869158879
1040	Paramesorhizobium	Pseudomonadota	Alphaproteobacteria	19	9.686889973e-07	0	0.01140994295	1.888198188e-07	1.948967946e-06	7.927924888e-07	8.180045047e-07	0.01461377871	4.292414672e-07	0.004683840749	1.911125033e-06	0.01557632399
1041	Halosimplex	Halobacteriota	Halobacteria	22	9.670759622e-07	0	0.008964955175	0	9.236750026e-07	1.760932552e-06	0	0	0	0	3.69658008e-06	0.03426791277
1042	Afipia	Pseudomonadota	Alphaproteobacteria	4	9.629930744e-07	0	0.00488997555	2.476294914e-06	5.989508914e-08	5.012463401e-07	1.357327179e-06	0.006263048017	1.653567279e-07	0.004683840749	1.435593336e-06	0.003115264798
1043	Peptoniphilus	Bacillota	Clostridia	3	9.515531553e-07	0	0.01548492258	1.67194222e-06	5.004059991e-07	7.488154646e-07	2.806945036e-07	0.01461377871	1.116869696e-06	0.02107728337	1.732709328e-06	0.009345794393
1044	Candidatus Jidaibacter	Pseudomonadota	Alphaproteobacteria	36	9.432760013e-07	0	0.04074979625	4.877825138e-07	8.028395144e-07	1.413634395e-06	8.378139251e-07	0.04384133612	9.843351387e-07	0.04918032787	1.046030153e-06	0.02492211838
1045	Frateuria	Pseudomonadota	Gammaproteobacteria	1	9.39719282e-07	0	0.00814995925	0	2.146809668e-07	2.260004453e-06	2.227112852e-06	0.01252609603	8.82861159e-08	0.007025761124	1.512471378e-07	0.003115264798
1046	Halopenitus	Halobacteriota	Halobacteria	11	9.267278554e-07	0	0.0065199674	0	8.947171854e-07	1.679763356e-06	0	0	0	0	3.54235227e-06	0.02492211838
1047	Aciditerrimonas	Actinomycetota	Acidimicrobiia	136	9.252638494e-07	0	0.04971475143	7.050638045e-08	1.810514271e-06	8.845241189e-07	1.687816785e-06	0.06680584551	5.325482182e-07	0.04683840749	3.09770761e-07	0.02803738318
1048	Muricauda	Bacteroidota	Bacteroidia	6	9.205554037e-07	0	0.0097799511	2.027668854e-07	1.752561583e-06	8.15118641e-07	1.289758811e-06	0.01043841336	8.939105935e-07	0.007025761124	4.050691168e-07	0.01246105919
1049	Salarchaeum	Halobacteriota	Halobacteria	3	9.183837474e-07	0	0.005704971475	0	2.084711945e-06	7.016489604e-07	0	0	0	0	3.510457502e-06	0.02180685358
1050	Ideonella	Pseudomonadota	Gammaproteobacteria	4	9.056291409e-07	0	0.02118989405	1.255729459e-06	8.38393118e-07	6.849110108e-07	5.411363022e-07	0.01670146138	1.942494353e-06	0.03981264637	7.027282934e-08	0.003115264798
1051	Bogoriella	Actinomycetota	Actinobacteria	3	9.049481691e-07	0	0.008964955175	3.584976801e-07	0	2.061203094e-06	1.544656568e-07	0.002087682672	3.909355332e-07	0.009367681499	2.708575954e-06	0.01869158879
1052	Oceanobacter	Pseudomonadota	Gammaproteobacteria	1	8.9983636e-07	0	0.00488997555	1.628750558e-06	1.307622063e-06	0	1.30505931e-06	0.006263048017	8.261456031e-07	0.004683840749	3.931826532e-07	0.003115264798
1053	Jeotgalicoccus	Bacillota	Bacilli	5	8.862029213e-07	0	0.0195599022	2.113414416e-06	5.742302521e-07	1.738377547e-07	2.041964529e-06	0.0375782881	2.559015808e-07	0.01405152225	0	0
1054	Caproiciproducens	Bacillota	Clostridia	8	8.785466194e-07	0	0.01059494703	0	0	2.274212451e-06	1.335285865e-06	0.01043841336	1.026638812e-06	0.018735363	0	0
1055	Candidatus Nostocoida	Planctomycetota	Planctomycetes	21	8.774075077e-07	0	0.02444987775	1.313971308e-06	5.077013931e-07	8.31956655e-07	1.713684233e-06	0.0375782881	5.988858654e-07	0.0281030445	0	0
1056	Stomatobaculum	Bacillota	Clostridia	1	8.732972292e-07	0	0.0032599837	2.008902563e-07	2.246271993e-06	2.974153916e-07	0	0	2.509451289e-06	0.009367681499	0	0
1057	Cumulibacter	Actinomycetota	Actinobacteria	2	8.665227691e-07	0	0.0065199674	5.633770641e-07	2.303657275e-07	1.615776008e-06	2.219673148e-06	0.01670146138	0	0	0	0
1058	Euryhalocaulis	Pseudomonadota	Alphaproteobacteria	2	8.467881169e-07	0	0.01059494703	8.806955018e-08	6.492285167e-07	1.601036038e-06	1.184430016e-06	0.01252609603	1.52349497e-07	0.002341920375	1.266709678e-06	0.01869158879
1059	Atopostipes	Bacillota	Bacilli	20	8.361569265e-07	0	0.02118989405	1.236465825e-06	5.895793471e-07	7.201888834e-07	1.35431474e-06	0.03340292276	6.086751246e-07	0.018735363	3.655561058e-07	0.006230529595
1060	MN 122.2a	Pseudomonadota	Alphaproteobacteria	1	8.280822968e-07	0	0.004074979625	5.695134961e-07	3.672570552e-07	1.401419873e-06	0	0	0	0	3.165286536e-06	0.01557632399
1061	Pseudenhygromyxa	Myxococcota	Polyangiia	5	8.231936659e-07	0	0.0097799511	1.060529639e-07	6.33267898e-07	1.538674802e-06	7.075926726e-07	0.01252609603	1.49725353e-06	0.01170960187	9.904822579e-08	0.003115264798
1062	Salegentibacter	Bacteroidota	Bacteroidia	7	8.202870988e-07	0	0.0097799511	6.259698259e-08	5.548701227e-07	1.628271468e-06	1.200059314e-07	0.004175365344	0	0	2.956415667e-06	0.03115264798
1063	BD1-7 clade	Pseudomonadota	Gammaproteobacteria	8	8.026117158e-07	0	0.01711491443	6.645562222e-07	8.024890234e-07	9.11057685e-07	7.713242009e-07	0.01461377871	1.332122833e-06	0.02576112412	1.449340605e-07	0.009345794393
1064	Salinibaculum	Halobacteriota	Halobacteria	5	8.017367393e-07	0	0.00488997555	0	5.297413732e-07	1.649577038e-06	0	0	0	0	3.064582489e-06	0.01869158879
1065	Actinocatenispora	Actinomycetota	Actinobacteria	6	7.971283101e-07	0	0.0130399348	0	1.143206603e-06	1.144545825e-06	8.900786732e-07	0.01252609603	1.256278281e-06	0.018735363	4.765709119e-08	0.006230529595
1066	Blastomonas	Pseudomonadota	Alphaproteobacteria	2	7.897504508e-07	0	0.002444987775	2.358743897e-06	0	1.931879187e-07	0	0	2.794287979e-07	0.004683840749	2.647064506e-06	0.003115264798
1067	Aliibacillus	Bacillota	Bacilli	4	7.891496859e-07	0	0.005704971475	8.021975832e-07	1.691726772e-06	5.34203872e-08	9.888735859e-08	0.004175365344	7.062861624e-07	0.007025761124	1.929393858e-06	0.006230529595
1068	Blastochloris	Pseudomonadota	Alphaproteobacteria	63	7.844814775e-07	0	0.02770986145	7.11675964e-07	1.819783515e-07	1.325910469e-06	1.155061814e-06	0.03549060543	4.646825624e-07	0.02107728337	6.568994069e-07	0.02492211838
1069	Bergeyella	Bacteroidota	Bacteroidia	3	7.822068241e-07	0	0.00488997555	2.243942441e-06	3.114955109e-07	1.337847122e-08	1.323882121e-08	0.002087682672	1.523274023e-07	0.002341920375	2.767546969e-06	0.01246105919
1070	Renibacterium	Actinomycetota	Actinobacteria	2	7.750227499e-07	0	0.004074979625	2.976737836e-07	2.17012122e-06	2.82744345e-08	0	0	7.748039152e-07	0.004683840749	1.93181197e-06	0.009345794393
1071	Ruminococcus	Bacillota	Clostridia	12	7.745796026e-07	0	0.0195599022	8.334405279e-07	2.784390943e-07	1.127181437e-06	5.670480431e-07	0.02296450939	7.563267522e-07	0.02107728337	1.108540924e-06	0.01246105919
1072	Allokutzneria	Actinomycetota	Actinobacteria	1	7.695097626e-07	0	0.004074979625	1.268369126e-06	3.547632203e-07	7.113721029e-07	1.971165926e-06	0.01043841336	0	0	0	0
1073	Thermoactinomyces	Bacillota	Bacilli	9	7.63375132e-07	0	0.01385493073	8.88343829e-07	8.820470182e-07	5.699102713e-07	9.438225711e-07	0.01670146138	1.11497031e-06	0.018735363	2.641106879e-08	0.003115264798
1074	Candidatus Halobonum	Halobacteriota	Halobacteria	16	7.576046138e-07	0	0.008964955175	0	1.245976788e-06	9.596280696e-07	0	0	0	0	2.895890533e-06	0.03426791277
1075	Qipengyuania	Pseudomonadota	Alphaproteobacteria	3	7.565530887e-07	0	0.004074979625	0	9.750866187e-08	1.880041856e-06	4.809160799e-10	0.002087682672	0	0	2.891153523e-06	0.01246105919
1076	Aromatoleum	Pseudomonadota	Gammaproteobacteria	2	7.55933777e-07	0	0.007334963325	9.567826734e-07	5.070419484e-08	1.165167282e-06	0	0	1.060790934e-07	0.004683840749	2.74839555e-06	0.02180685358
1077	Cerasicoccus	Verrucomicrobiota	Verrucomicrobiia	4	7.492438454e-07	0	0.008964955175	0	0	1.939498309e-06	1.125210805e-07	0.006263048017	1.680974848e-07	0.007025761124	2.472420482e-06	0.01557632399
1078	CK06-06-Mud-MAS4B-21	Balneolota	Balneolia	1	7.41438489e-07	0	0.002444987775	0	2.361553599e-06	2.108249949e-08	0	0	0	0	2.834096654e-06	0.009345794393
1079	HIMB11	Pseudomonadota	Alphaproteobacteria	5	7.327469304e-07	0	0.00488997555	1.596555244e-06	4.461317673e-07	2.852019606e-07	2.822249046e-07	0.006263048017	3.980707338e-07	0.002341920375	1.850213554e-06	0.006230529595
1080	Microlunatus	Actinomycetota	Actinobacteria	10	7.300973313e-07	0	0.0195599022	2.452961107e-08	1.481626151e-06	6.797570601e-07	1.236062541e-06	0.03340292276	3.604357011e-07	0.01405152225	4.668206349e-07	0.006230529595
1081	Terrisporobacter	Bacillota	Clostridia	7	7.236112096e-07	0	0.0195599022	7.940589718e-07	3.347577301e-07	9.808825348e-07	1.167620289e-06	0.02505219207	5.396629749e-07	0.02341920375	3.0574687e-07	0.006230529595
1082	CHKCI001	Bacillota	Clostridia	7	7.116123228e-07	0	0.01385493073	0	0	1.842085063e-06	2.581466878e-07	0.008350730689	1.755260086e-06	0.03044496487	0	0
1083	Tepidicaulis	Pseudomonadota	Alphaproteobacteria	2	7.094618763e-07	0	0.00162999185	0	0	1.836518401e-06	0	0	0	0	2.711868294e-06	0.006230529595
1084	Garicola	Actinomycetota	Actinobacteria	5	7.088119605e-07	0	0.007334963325	7.737450349e-07	1.863018962e-07	1.077844093e-06	8.942946824e-07	0.01252609603	1.033595135e-06	0.007025761124	0	0
1085	Natronoarchaeum	Halobacteriota	Halobacteria	5	7.071273791e-07	0	0.007334963325	0	1.252880365e-07	1.729769098e-06	0	0	0	0	2.702944842e-06	0.02803738318
1086	Halostagnicola	Halobacteriota	Halobacteria	3	7.043161527e-07	0	0.0065199674	0	4.056833204e-08	1.79058942e-06	0	0	1.553137024e-07	0.007025761124	2.485598033e-06	0.01557632399
1087	Guyparkeria	Pseudomonadota	Gammaproteobacteria	1	7.01449706e-07	0	0.0065199674	3.447726464e-07	5.043491775e-07	1.13980238e-06	0	0	0	0	2.681242334e-06	0.02492211838
1088	Trichloromonas	Thermodesulfobacteriota	Desulfuromonadia	2	7.008380767e-07	0	0.0032599837	0	0	1.814194768e-06	7.724909982e-08	0.002087682672	6.494679019e-08	0.004683840749	2.477239009e-06	0.003115264798
1089	Halochromatium	Pseudomonadota	Gammaproteobacteria	2	6.943572519e-07	0	0.00488997555	0	0	1.797418456e-06	3.143355844e-07	0.002087682672	1.35193727e-07	0.002341920375	2.005239507e-06	0.01246105919
1090	Defluviitaleaceae UCG-011	Bacillota	Clostridia	5	6.79223556e-07	0	0.01466992665	4.260775058e-07	0	1.423853314e-06	3.25691705e-07	0.01461377871	1.586419149e-06	0.02576112412	0	0
1091	Ligilactobacillus	Bacillota	Bacilli	4	6.77051022e-07	0	0.0065199674	1.862647588e-06	3.553621427e-07	5.155538152e-09	4.276979531e-07	0.008350730689	0	0	1.949764126e-06	0.01246105919
1092	Candidatus Armantifilum	Bacteroidota	Bacteroidia	7	6.721868809e-07	0	0.00814995925	0	0	1.740028065e-06	7.790291237e-07	0.006263048017	1.001170255e-06	0.01405152225	7.513599259e-08	0.003115264798
1093	Candidatus Cryptoprodotis	Pseudomonadota	Alphaproteobacteria	3	6.693504401e-07	0	0.008964955175	5.0997064e-08	3.254013595e-07	1.431105832e-06	5.250941895e-08	0.004175365344	1.864498778e-06	0.02107728337	0	0
1094	Limimaricola	Pseudomonadota	Alphaproteobacteria	1	6.672909471e-07	0	0.002444987775	0	2.10781346e-06	3.309929046e-08	0	0	0	0	2.550672872e-06	0.009345794393
1095	Shewanella	Pseudomonadota	Gammaproteobacteria	1	6.491161365e-07	0	0.005704971475	1.19247307e-06	9.261562136e-07	0	7.97066168e-07	0.008350730689	9.71126007e-07	0.007025761124	0	0
1096	Kangiella	Pseudomonadota	Gammaproteobacteria	4	6.463767606e-07	0	0.00488997555	3.409222629e-07	2.454902488e-07	1.208332107e-06	0	0	0	0	2.470729861e-06	0.01869158879
1097	Spirochaeta	Spirochaetota	Spirochaetia	8	6.45758495e-07	0	0.01140994295	0	0	1.671615345e-06	2.316165349e-07	0.006263048017	1.595787712e-06	0.02576112412	0	0
1098	Pseudoleptotrichia	Fusobacteriota	Fusobacteriia	5	6.42104977e-07	0	0.01466992665	9.549616955e-07	8.980514718e-07	1.908427117e-07	7.961750704e-07	0.01878914405	6.838550103e-07	0.01170960187	3.566631113e-07	0.01246105919
1099	Microcoleus PCC-7113	Cyanobacteriota	Cyanobacteriia	2	6.365823925e-07	0	0.005704971475	2.41005325e-07	6.98744954e-07	8.970691713e-07	1.580611221e-06	0.01252609603	5.614477889e-08	0.002341920375	0	0
1100	Gulbenkiania	Pseudomonadota	Gammaproteobacteria	1	6.358268299e-07	0	0.002444987775	1.723699808e-06	0	2.931290962e-07	1.112244365e-06	0.002087682672	0	0	7.706992824e-07	0.006230529595
1101	Haliea	Pseudomonadota	Gammaproteobacteria	1	6.290370069e-07	0	0.0032599837	4.968782257e-07	6.654077798e-07	7.035218217e-07	0	0	0	0	2.404449868e-06	0.01246105919
1102	Mumia	Actinomycetota	Actinobacteria	1	6.268121103e-07	0	0.000814995925	0	0	1.622570589e-06	1.605633527e-06	0.002087682672	0	0	0	0
1103	Salinirepens	Bacteroidota	Bacteroidia	1	6.199055415e-07	0	0.002444987775	2.592008527e-07	1.743310714e-06	0	0	0	0	0	2.369545481e-06	0.009345794393
1104	Trabulsiella	Pseudomonadota	Gammaproteobacteria	1	6.10453139e-07	0	0.000814995925	0	0	1.580223632e-06	0	0	1.754159254e-06	0.002341920375	0	0
1105	Niabella	Bacteroidota	Bacteroidia	3	5.905751887e-07	0	0.005704971475	0	0	1.528767419e-06	7.806595378e-09	0.002087682672	1.688281961e-06	0.01405152225	0	0
1106	Anaerococcus	Bacillota	Clostridia	5	5.892131471e-07	0	0.0130399348	8.832399405e-07	4.452860881e-07	4.741461477e-07	1.264596314e-07	0.004175365344	7.012467544e-07	0.018735363	1.130710293e-06	0.01869158879
1107	Cryobacterium	Actinomycetota	Actinobacteria	2	5.844312515e-07	0	0.0032599837	0	1.238274343e-06	5.175413947e-07	1.497071285e-06	0.008350730689	0	0	0	0
1108	Luteococcus	Actinomycetota	Actinobacteria	1	5.768943498e-07	0	0.01548492258	2.57223217e-07	2.107873019e-07	1.12205141e-06	5.914460777e-07	0.02296450939	1.45839432e-07	0.007025761124	1.128577129e-06	0.01557632399
1109	Anaerotignum	Bacillota	Clostridia	2	5.732744446e-07	0	0.0032599837	0	0	1.483982581e-06	1.384368422e-06	0.004175365344	9.436831279e-08	0.004683840749	0	0
1110	Sediminibacterium	Bacteroidota	Bacteroidia	79	5.717147184e-07	0	0.03504482478	5.218394535e-08	4.999850887e-07	1.037103825e-06	7.833462367e-07	0.04175365344	5.863662231e-07	0.04449648712	2.364259653e-07	0.01246105919
1111	Faecalicatena	Bacillota	Clostridia	1	5.648047356e-07	0	0.007334963325	5.460573784e-08	7.357469015e-07	8.278111955e-07	1.335908515e-06	0.01461377871	1.243916434e-07	0.004683840749	0	0
1112	Halocella	Halanaerobiaeota	Halanaerobiia	11	5.647910993e-07	0	0.008964955175	3.441065467e-07	9.391963467e-07	4.370405809e-07	6.208871546e-07	0.008350730689	4.351129304e-07	0.009367681499	6.535841449e-07	0.009345794393
1113	Croceifilum	Bacillota	Bacilli	1	5.645389272e-07	0	0.002444987775	6.817051156e-07	1.116744256e-06	2.87244705e-08	9.166909407e-07	0.004175365344	5.938976651e-07	0.002341920375	0	0
1114	Candidatus Allobeggiatoa	Pseudomonadota	Gammaproteobacteria	2	5.615979603e-07	0	0.0162999185	0	9.344888176e-07	7.026169995e-07	2.155102566e-07	0.01043841336	1.251794052e-06	0.03044496487	1.599228171e-07	0.006230529595
1115	Candidatus Rhabdochlamydia	Chlamydiota	Chlamydiia	8	5.590279342e-07	0	0.0097799511	0	3.627697673e-09	1.444188022e-06	7.239965716e-07	0.008350730689	7.942222893e-07	0.018735363	0	0
1116	Gardnerella	Actinomycetota	Actinobacteria	2	5.580706485e-07	0	0.0032599837	1.454339267e-06	3.772663477e-07	0	5.926256295e-07	0.002087682672	3.366240714e-07	0.004683840749	8.010795348e-07	0.003115264798
1117	Vicingus	Bacteroidota	Bacteroidia	6	5.578166596e-07	0	0.008964955175	0	8.74476213e-08	1.373678265e-06	1.006867942e-06	0.006263048017	3.992357117e-07	0.01639344262	9.868426247e-08	0.003115264798
1118	Sinimarinibacterium	Pseudomonadota	Gammaproteobacteria	28	5.43961486e-07	0	0.0228198859	0	1.256371054e-07	1.307116047e-06	3.666720561e-07	0.02713987474	3.545404849e-07	0.02576112412	1.06048611e-06	0.01246105919
1119	Enterocloster	Bacillota	Clostridia	1	5.406003292e-07	0	0.0032599837	3.238036769e-07	7.371703279e-08	1.086024149e-06	1.38479458e-06	0.008350730689	0	0	0	0
1120	Marinomonas	Pseudomonadota	Gammaproteobacteria	2	5.37378238e-07	0	0.004074979625	9.846302602e-07	5.151826523e-07	2.042110775e-07	9.671194378e-07	0.006263048017	4.592807667e-07	0.004683840749	0	0
1121	Halosolutus	Halobacteriota	Halobacteria	8	5.364985011e-07	0	0.005704971475	0	5.480729902e-07	9.482444126e-07	2.52251701e-07	0.002087682672	0	0	1.674314941e-06	0.01869158879
1122	Thermicanus	Bacillota	Bacilli	3	5.355812911e-07	0	0.00162999185	1.688697014e-06	7.601825476e-08	0	0	0	1.539012282e-06	0.004683840749	0	0
1123	Planifilum	Bacillota	Bacilli	4	5.287502621e-07	0	0.00814995925	7.658063194e-07	4.02462808e-07	4.442158035e-07	4.332950676e-07	0.008350730689	9.812028274e-07	0.01170960187	6.932905559e-08	0.003115264798
1124	Thermincola	Bacillota	Clostridia	3	5.259744871e-07	0	0.005704971475	2.050248586e-07	1.259251861e-06	1.884525087e-07	0	0	2.466506712e-08	0.002341920375	1.977690691e-06	0.01869158879
1125	Lihuaxuella	Bacillota	Bacilli	3	5.178303453e-07	0	0.004074979625	1.164790715e-06	4.998719626e-07	2.452419798e-08	1.257410373e-06	0.006263048017	2.722358277e-08	0.002341920375	6.683425222e-08	0.003115264798
1126	Methylocystis	Pseudomonadota	Alphaproteobacteria	9	5.168591539e-07	0	0.0130399348	2.471015913e-07	8.91375486e-07	4.275323412e-07	6.998968449e-07	0.01461377871	7.000833565e-07	0.02107728337	0	0
1127	Morganella	Pseudomonadota	Gammaproteobacteria	1	5.158290729e-07	0	0.0032599837	2.929541609e-07	1.260961001e-06	9.18084031e-08	1.213928228e-06	0.006263048017	0	0	1.602824022e-07	0.003115264798
1128	Undibacterium	Pseudomonadota	Gammaproteobacteria	3	5.139120157e-07	0	0.00814995925	1.083603274e-07	2.169573618e-07	1.070884487e-06	3.000179e-08	0.004175365344	1.249504522e-06	0.01639344262	2.575101397e-07	0.003115264798
1129	Natrinema	Halobacteriota	Halobacteria	1	5.117486373e-07	0	0.004074979625	0	2.572984839e-07	1.117900539e-06	2.046570404e-07	0.002087682672	0	0	1.650731637e-06	0.01246105919
1130	Tolypothrix	Cyanobacteriota	Cyanobacteriia	2	4.996880978e-07	0	0.000814995925	1.648164774e-06	0	0	1.279994355e-06	0.002087682672	0	0	0	0
1131	A07HB70	Halobacteriota	Halobacteria	14	4.905915863e-07	0	0.0065199674	0	1.213022255e-06	2.949248888e-07	0	0	0	0	1.875251952e-06	0.02492211838
1132	Candidatus Renichlamydia	Chlamydiota	Chlamydiia	9	4.904874086e-07	0	0.01466992665	1.869032648e-07	5.893707395e-08	1.075622385e-06	2.517284019e-07	0.01252609603	1.095783479e-06	0.02576112412	4.159065455e-08	0.003115264798
1133	Alkalibacter	Bacillota	Clostridia	1	4.893155753e-07	0	0.0032599837	0	4.931904401e-07	8.702207873e-07	3.922871768e-07	0.002087682672	9.660062136e-07	0.007025761124	0	0
1134	Methanobrevibacter	Methanobacteriota	Methanobacteria	3	4.887930245e-07	0	0.008964955175	0	0	1.265293336e-06	7.120852229e-07	0.004175365344	5.702545932e-07	0.018735363	4.723211204e-08	0.003115264798
1135	Embleya	Actinomycetota	Actinobacteria	1	4.88441901e-07	0	0.007334963325	1.248824158e-06	3.536893066e-07	0	9.284671463e-07	0.01043841336	1.222993028e-07	0.004683840749	3.18880521e-07	0.006230529595
1136	Halorientalis	Halobacteriota	Halobacteria	15	4.859896241e-07	0	0.00814995925	0	8.57936264e-07	5.68429435e-07	0	0	0	0	1.857661274e-06	0.03115264798
1137	Eremococcus	Bacillota	Bacilli	1	4.791956382e-07	0	0.0032599837	1.497038859e-06	2.74064219e-08	4.352899921e-08	1.127431667e-06	0.002087682672	6.393567648e-08	0.004683840749	6.427646612e-08	0.003115264798
1138	Rummeliibacillus	Bacillota	Bacilli	3	4.692893584e-07	0	0.00488997555	7.062811061e-07	7.620495386e-07	4.797594337e-08	6.650621864e-07	0.01043841336	0	0	8.01412011e-07	0.003115264798
1139	Meiothermus	Deinococcota	Deinococci	9	4.691074181e-07	0	0.01059494703	1.135942098e-06	2.718880859e-07	1.042932087e-07	5.632304753e-07	0.01670146138	6.616676628e-07	0.007025761124	7.250876109e-08	0.006230529595
1140	Acholeplasma	Bacillota	Bacilli	6	4.674856919e-07	0	0.0065199674	0	0	1.210137013e-06	2.032395947e-07	0.006263048017	1.115347021e-06	0.01170960187	0	0
1141	Akkermansia	Verrucomicrobiota	Verrucomicrobiia	3	4.646560567e-07	0	0.0065199674	1.237091683e-06	5.253152367e-08	1.897054116e-07	9.485541165e-07	0.01252609603	5.42491516e-08	0.002341920375	2.88508324e-07	0.003115264798
1142	Phycisphaera	Planctomycetota	Phycisphaerae	3	4.637692644e-07	0	0.002444987775	0	0	1.20051664e-06	6.317229706e-07	0.002087682672	5.880927125e-07	0.002341920375	4.776945902e-08	0.003115264798
1143	Falsibacillus	Bacillota	Bacilli	39	4.617776862e-07	0	0.02444987775	1.095686496e-06	8.013974816e-08	2.71039241e-07	9.732004227e-07	0.0375782881	9.664673757e-08	0.01405152225	1.843304098e-07	0.01869158879
1144	Persicitalea	Bacteroidota	Bacteroidia	1	4.572554842e-07	0	0.004074979625	1.270541642e-06	8.214704174e-09	1.799181137e-07	1.358089783e-07	0.004175365344	1.106888737e-06	0.002341920375	7.276787407e-08	0.006230529595
1145	Spirosoma	Bacteroidota	Bacteroidia	7	4.554728389e-07	0	0.00488997555	0	1.350564264e-06	9.346031381e-08	7.868991448e-08	0.008350730689	1.220544975e-06	0.004683840749	0	0
1146	Thermoanaerobacterium	Bacillota	Thermoanaerobacteria	3	4.532644677e-07	0	0.005704971475	9.927964558e-07	1.262139668e-07	2.927166645e-07	7.584527499e-07	0.008350730689	4.516548821e-07	0.007025761124	0	0
1147	Lolliginicoccus	Actinomycetota	Actinobacteria	1	4.475463831e-07	0	0.002444987775	0	2.454902488e-07	9.611975258e-07	0	0	0	0	1.710714679e-06	0.009345794393
1148	Labilithrix	Myxococcota	Polyangiia	36	4.469999318e-07	0	0.02689486553	4.895895202e-08	7.318473645e-07	5.304268781e-07	7.763564562e-07	0.03549060543	3.667396003e-07	0.02576112412	6.22939702e-08	0.01557632399
1149	Dermabacter	Actinomycetota	Actinobacteria	1	4.44526586e-07	0	0.002444987775	1.356933728e-06	1.06705444e-07	0	1.053819096e-06	0.004175365344	0	0	1.266503868e-07	0.003115264798
1150	Hazenella	Bacillota	Bacilli	5	4.419425617e-07	0	0.008964955175	4.750332932e-07	2.011279707e-07	6.09538779e-07	8.633285899e-07	0.01252609603	3.01473369e-07	0.01170960187	0	0
1151	Lelliottia	Pseudomonadota	Gammaproteobacteria	1	4.271621171e-07	0	0.002444987775	4.030331803e-07	3.501559058e-07	5.079961487e-07	1.094212772e-06	0.006263048017	0	0	0	0
1152	Membranihabitans	Bacteroidota	Bacteroidia	5	4.21944206e-07	0	0.0065199674	0	0	1.092247976e-06	2.105743235e-07	0.002087682672	9.46356089e-08	0.002341920375	1.172744657e-06	0.01869158879
1153	Telmatocola	Planctomycetota	Planctomycetes	2	4.172208698e-07	0	0.00488997555	8.707073258e-08	2.97354637e-08	9.877858292e-07	2.365179889e-08	0.004175365344	1.172367203e-06	0.009367681499	0	0
1154	Aneurinibacillus	Bacillota	Bacilli	2	4.14974121e-07	0	0.007334963325	1.599365337e-07	2.817505293e-07	7.22214988e-07	4.85198111e-07	0.01043841336	5.723618213e-07	0.007025761124	1.008250892e-07	0.003115264798
1155	Martelella	Pseudomonadota	Alphaproteobacteria	1	4.140667518e-07	0	0.002444987775	3.906055842e-07	9.521118823e-07	0	3.908923356e-07	0.002087682672	7.513406925e-07	0.004683840749	0	0
1156	Kingella	Pseudomonadota	Gammaproteobacteria	2	4.100738199e-07	0	0.008964955175	2.536349181e-07	9.066330846e-07	1.337155742e-07	6.363886711e-07	0.01043841336	3.066589271e-07	0.009367681499	2.099284786e-07	0.006230529595
1157	Candidatus Endoecteinascidia	Pseudomonadota	Gammaproteobacteria	10	4.015934914e-07	0	0.01548492258	9.892788587e-08	4.951410395e-08	9.221290439e-07	2.946600419e-07	0.01043841336	3.104129087e-07	0.01639344262	6.824509092e-07	0.02180685358
1158	Acetanaerobacterium	Bacillota	Clostridia	3	4.012811218e-07	0	0.0130399348	0	0	1.03875936e-06	9.824903046e-08	0.006263048017	9.979892144e-07	0.02576112412	5.971730927e-08	0.006230529595
1159	Pseudogracilibacillus	Bacillota	Bacilli	6	3.969563158e-07	0	0.005704971475	1.02810359e-06	8.303077266e-08	1.539581005e-07	8.47864143e-08	0.004175365344	2.395595312e-07	0.009367681499	1.072151985e-06	0.003115264798
1160	Kytococcus	Actinomycetota	Actinobacteria	4	3.91232715e-07	0	0.0032599837	7.735468632e-07	2.870351422e-07	1.749424451e-07	3.911320594e-08	0.002087682672	1.080345001e-06	0.007025761124	0	0
1161	Candidatus Nitrososphaera	Thermoproteota	Nitrososphaeria	10	3.846387874e-07	0	0.01059494703	0	1.600499627e-07	8.670311316e-07	1.525039819e-07	0.01043841336	1.297102005e-07	0.009367681499	1.070143705e-06	0.01246105919
1162	Halococcoides	Halobacteriota	Halobacteria	2	3.825546426e-07	0	0.00488997555	0	3.824461838e-07	6.828745791e-07	0	0	0	0	1.462288307e-06	0.01869158879
1163	UTCFX1	Chloroflexota	Anaerolineae	5	3.809754538e-07	0	0.01548492258	4.288275679e-07	4.96297569e-07	2.507250058e-07	9.566092858e-07	0.0375782881	2.164176554e-08	0.002341920375	0	0
1164	Aggregatibacter	Pseudomonadota	Gammaproteobacteria	7	3.751101581e-07	0	0.0097799511	2.762875665e-07	7.334667616e-07	1.646209982e-07	4.825574401e-07	0.01461377871	1.964748185e-07	0.009367681499	4.524000085e-07	0.003115264798
1165	Hephaestia	Pseudomonadota	Alphaproteobacteria	16	3.748436843e-07	0	0.01222493888	1.187496761e-08	1.668140011e-08	9.475951462e-07	1.738335627e-07	0.01670146138	8.821239442e-07	0.01639344262	0	0
1166	Synechococcus	Cyanobacteriota	Cyanobacteriia	2	3.720435655e-07	0	0.004074979625	7.711769452e-07	0	3.578473234e-07	5.890099536e-07	0.002087682672	2.637047644e-07	0.002341920375	1.923979837e-07	0.009345794393
1167	Oxynema BDU 92071	Cyanobacteriota	Cyanobacteriia	1	3.705591404e-07	0	0.00488997555	1.018909534e-07	1.162848547e-07	7.857976813e-07	0	0	8.876682596e-08	0.002341920375	1.298357105e-06	0.01557632399
1168	Anoxybacter	Halanaerobiaeota	Halanaerobiia	5	3.58089374e-07	0	0.007334963325	1.525820817e-07	4.280431221e-07	4.631449323e-07	0	0	0	0	1.368771532e-06	0.02803738318
1169	Allosphingosinicella	Pseudomonadota	Alphaproteobacteria	51	3.516758204e-07	0	0.0260798696	2.330288575e-08	3.838604238e-07	5.835163222e-07	4.018154065e-07	0.03966597077	4.315523396e-07	0.02576112412	1.706037475e-07	0.006230529595
1170	Chujaibacter	Pseudomonadota	Gammaproteobacteria	1	3.496631674e-07	0	0.0032599837	4.474860969e-07	6.89165035e-07	0	3.475257371e-07	0.002087682672	6.149224317e-07	0.007025761124	0	0
1171	Anaerobacterium	Bacillota	Clostridia	7	3.455460254e-07	0	0.0130399348	1.935674838e-08	1.736309825e-07	7.397275495e-07	2.582938388e-07	0.01878914405	1.340150479e-07	0.007025761124	7.571270996e-07	0.01246105919
1172	Skermania	Actinomycetota	Actinobacteria	4	3.387542751e-07	0	0.008964955175	3.864942417e-07	0	5.735772947e-07	2.974336946e-07	0.008350730689	6.397675781e-07	0.01639344262	0	0
1173	Mediterraneibacter	Bacillota	Clostridia	1	3.362348154e-07	0	0.002444987775	4.843781242e-07	6.098988355e-07	0	8.216949792e-07	0.004175365344	0	0	5.909103889e-08	0.003115264798
1174	Taonella	Pseudomonadota	Alphaproteobacteria	4	3.316996211e-07	0	0.0097799511	0	3.174759282e-08	8.331215237e-07	5.204247628e-07	0.01670146138	3.693488845e-07	0.009367681499	0	0
1175	Halomicroarcula	Halobacteriota	Halobacteria	5	3.304753387e-07	0	0.0032599837	0	0	8.554709716e-07	0	0	0	0	1.263218818e-06	0.01246105919
1176	Actinorectispora	Actinomycetota	Actinobacteria	1	3.19439387e-07	0	0.000814995925	0	0	8.269032234e-07	0	0	9.179206742e-07	0.002341920375	0	0
1177	Xylella	Pseudomonadota	Gammaproteobacteria	2	3.139744013e-07	0	0.007334963325	0	2.511173853e-07	6.109090012e-07	6.24550667e-07	0.01043841336	3.080477075e-08	0.002341920375	2.272061799e-07	0.009345794393
1178	CM1G08	Pseudomonadota	Gammaproteobacteria	1	3.113149195e-07	0	0.00488997555	0	4.978898138e-07	4.056695932e-07	0	0	8.945747219e-07	0.01405152225	0	0
1179	M2PB4-61 termite group	Bacteroidota	Bacteroidia	13	3.109781677e-07	0	0.007334963325	0	0	8.050004467e-07	2.409392041e-07	0.006263048017	5.079284124e-07	0.01170960187	1.535043641e-07	0.003115264798
1180	Haloechinothrix	Actinomycetota	Actinobacteria	2	2.98193436e-07	0	0.004074979625	0	0	7.719057932e-07	4.830585921e-07	0.004175365344	3.149842631e-07	0.007025761124	0	0
1181	Halococcus	Halobacteriota	Halobacteria	5	2.951269993e-07	0	0.005704971475	0	2.36549565e-07	5.738300505e-07	0	0	0	0	1.128102268e-06	0.02180685358
1182	Candidatus Anadelfobacter	Pseudomonadota	Alphaproteobacteria	1	2.923043026e-07	0	0.008964955175	5.328703941e-08	6.806556476e-07	1.677316433e-07	5.212049587e-07	0.01670146138	2.552697988e-07	0.007025761124	0	0
1183	Sinomicrobium	Bacteroidota	Bacteroidia	3	2.915957804e-07	0	0.00488997555	0	0	7.548270518e-07	9.765765729e-08	0.002087682672	1.14914668e-07	0.002341920375	8.160169517e-07	0.01246105919
1184	Aggregatilinea	Chloroflexota	Anaerolineae	2	2.86782447e-07	0	0.002444987775	8.490912787e-08	0	6.757296769e-07	0	0	7.397235496e-08	0.002341920375	9.978064388e-07	0.006230529595
1185	Desulfocucumis	Bacillota	Desulfotomaculia	11	2.860066717e-07	0	0.008964955175	0	3.184077593e-07	4.844236917e-07	1.436349481e-07	0.002087682672	2.341879166e-07	0.007025761124	5.673856874e-07	0.02180685358
1186	Maricaulis	Pseudomonadota	Alphaproteobacteria	2	2.853982759e-07	0	0.004074979625	0	1.555758275e-07	6.137326882e-07	1.237461175e-07	0.002087682672	1.870181195e-07	0.002341920375	6.574846018e-07	0.009345794393
1187	Ralstonia	Pseudomonadota	Gammaproteobacteria	8	2.80537784e-07	0	0.0097799511	3.551723935e-07	4.247464159e-07	1.060492533e-07	3.572480232e-07	0.01043841336	1.196339073e-07	0.01170960187	3.801071009e-07	0.006230529595
1188	Dyella	Pseudomonadota	Gammaproteobacteria	3	2.783602969e-07	0	0.00488997555	0	3.150014301e-07	4.673682266e-07	4.993218418e-07	0.006263048017	1.857442497e-07	0.004683840749	7.183840331e-08	0.003115264798
1189	Rickettsia	Pseudomonadota	Alphaproteobacteria	12	2.774820857e-07	0	0.0097799511	1.266663212e-07	2.4288508e-07	4.236528105e-07	6.495975058e-07	0.01670146138	5.678447331e-08	0.007025761124	1.57830024e-08	0.003115264798
1190	Parapusillimonas	Pseudomonadota	Gammaproteobacteria	5	2.770297556e-07	0	0.004074979625	0	9.11385248e-08	6.43864414e-07	6.371434911e-07	0.008350730689	8.132032306e-08	0.002341920375	0	0
1191	Rs-D38 termite group	Bacteroidota	Bacteroidia	1	2.714494789e-07	0	0.002444987775	0	0	7.026761826e-07	8.349494964e-09	0.002087682672	7.706536358e-07	0.004683840749	0	0
1192	Candidatus Odyssella	Pseudomonadota	Alphaproteobacteria	3	2.629309756e-07	0	0.00814995925	1.341185088e-07	1.83577602e-07	4.278083448e-07	6.73520474e-07	0.02087682672	0	0	0	0
1193	Lutispora	Bacillota	Clostridia	2	2.613006661e-07	0	0.01222493888	4.520451114e-08	1.864968957e-07	4.910221982e-07	1.311604325e-07	0.01252609603	4.705724012e-07	0.018735363	1.771204201e-07	0.003115264798
1194	Azonexus	Pseudomonadota	Gammaproteobacteria	1	2.612212765e-07	0	0.004074979625	3.711023133e-07	4.789198051e-07	0	4.321477211e-07	0.008350730689	2.658542105e-07	0.002341920375	0	0
1195	Aurantimonas	Pseudomonadota	Alphaproteobacteria	1	2.607601035e-07	0	0.000814995925	0	0	6.750055844e-07	6.679595971e-07	0.002087682672	0	0	0	0
1196	Luteibaculum	Bacteroidota	Bacteroidia	1	2.600340241e-07	0	0.00488997555	3.005062856e-07	1.589162748e-07	3.095491744e-07	3.687236664e-08	0.002087682672	7.058545293e-07	0.01170960187	0	0
1197	Geobacillus	Bacillota	Bacilli	2	2.584342613e-07	0	0.0032599837	2.368537859e-07	5.759882757e-07	2.012172409e-08	2.80423469e-07	0.004175365344	0	0	5.693956292e-07	0.006230529595
1198	Fermentibacillus	Bacillota	Bacilli	25	2.55899e-07	0	0.01385493073	0	4.785259457e-07	2.777841512e-07	4.752426433e-08	0.006263048017	4.287901464e-07	0.007025761124	3.368553204e-07	0.03426791277
1199	Echinicola	Bacteroidota	Bacteroidia	2	2.557859542e-07	0	0.004074979625	5.311625775e-07	1.658572419e-07	1.11952063e-07	4.125103942e-07	0.004175365344	0	0	3.621709876e-07	0.009345794393
1200	Pectinatus	Bacillota	Negativicutes	1	2.543422999e-07	0	0.000814995925	8.389193602e-07	0	0	0	0	0	0	9.722056137e-07	0.003115264798
1201	Sporobacter	Bacillota	Clostridia	3	2.538699291e-07	0	0.005704971475	0	0	6.571696266e-07	2.537006748e-07	0.004175365344	4.449081494e-07	0.01170960187	0	0
1202	Eikenella	Pseudomonadota	Gammaproteobacteria	1	2.537365799e-07	0	0.0032599837	3.319203856e-07	4.188723109e-07	5.964145496e-08	3.331740093e-07	0.002087682672	2.090771656e-07	0.002341920375	1.946058672e-07	0.006230529595
1203	Hartmannibacter	Pseudomonadota	Alphaproteobacteria	1	2.511208691e-07	0	0.0032599837	0	1.615595132e-07	5.201922612e-07	1.285055835e-07	0.002087682672	0	0	7.68134367e-07	0.009345794393
1204	Candidatus Electronema	Thermodesulfobacteriota	Desulfobulbia	1	2.466839324e-07	0	0.008964955175	2.978701053e-07	4.590410813e-07	3.582036687e-08	0	0	5.771232711e-07	0.02107728337	1.752322376e-07	0.006230529595
1205	Rhizocola	Actinomycetota	Actinobacteria	4	2.459553066e-07	0	0.004074979625	5.923810858e-07	1.920178801e-07	1.743161382e-08	6.300358271e-07	0.01043841336	0	0	0	0
1206	Thermosinus	Bacillota	Negativicutes	2	2.375704668e-07	0	0.00488997555	1.045820653e-07	1.965633571e-07	3.749025221e-07	2.103504543e-07	0.004175365344	4.367731116e-07	0.007025761124	1.32055344e-08	0.003115264798
1207	Zag_111	Cyanobacteriota	Vampirivibrionia	1	2.325633933e-07	0	0.004074979625	0	0	6.020153661e-07	8.587254916e-08	0.002087682672	5.719492564e-07	0.009367681499	0	0
1208	Facklamia	Bacillota	Bacilli	2	2.319992018e-07	0	0.00488997555	3.381008224e-07	3.584903481e-07	4.705631231e-08	3.979774513e-07	0.006263048017	2.202150384e-07	0.007025761124	0	0
1209	GW2011_GWC1_47_15	Nanoarchaeota	Nanoarchaeia	6	2.278690614e-07	0	0.00814995925	0	4.12298694e-08	5.567231183e-07	5.463259582e-08	0.004175365344	9.723816147e-08	0.004683840749	6.601421494e-07	0.01869158879
1210	Synechococcus CC9902	Cyanobacteriota	Cyanobacteriia	1	2.237478751e-07	0	0.00488997555	0	6.207505056e-07	8.023776404e-08	4.167933191e-07	0.006263048017	8.632773491e-08	0.002341920375	1.18481932e-07	0.006230529595
1211	Melaminivora	Pseudomonadota	Gammaproteobacteria	1	2.194612566e-07	0	0.0032599837	3.200557608e-07	1.059682346e-07	2.317390747e-07	5.621690226e-07	0.008350730689	0	0	0	0
1212	Tatumella	Pseudomonadota	Gammaproteobacteria	6	2.188876021e-07	0	0.004074979625	0	6.334671293e-07	5.74348344e-08	7.084227466e-08	0.008350730689	5.495120333e-07	0.002341920375	0	0
1213	Lachnoanaerobaculum	Bacillota	Clostridia	1	2.181364304e-07	0	0.00488997555	3.340264534e-07	1.081394617e-07	2.156000519e-07	2.422300823e-07	0.006263048017	3.550941235e-07	0.007025761124	0	0
1214	Candidatus Anammoximicrobium	Planctomycetota	Planctomycetes	40	2.165919621e-07	0	0.02037489813	6.731991025e-08	2.192733983e-07	3.315868485e-07	2.387301204e-07	0.03131524008	2.603888878e-07	0.01170960187	1.252976785e-07	0.01557632399
1215	Hyphobacterium	Pseudomonadota	Alphaproteobacteria	4	2.131826226e-07	0	0.0032599837	0	0	5.51846156e-07	0	0	6.125880046e-07	0.009367681499	0	0
1216	Xylophilus	Pseudomonadota	Gammaproteobacteria	2	2.074195887e-07	0	0.0032599837	0	1.064366362e-07	4.51374424e-07	1.460159611e-08	0.002087682672	5.79647941e-07	0.007025761124	0	0
1217	Dapisostemonum CCIBt 3536	Cyanobacteriota	Cyanobacteriia	4	2.054251883e-07	0	0.0032599837	4.162525914e-08	0	4.990972778e-07	1.966302576e-07	0.006263048017	3.697208728e-07	0.002341920375	0	0
1218	Segatella	Bacteroidota	Bacteroidia	3	2.039551462e-07	0	0.004074979625	6.55571455e-07	0	1.34607239e-08	1.404899886e-07	0.004175365344	4.284736764e-07	0.007025761124	0	0
1219	Phyllobacterium	Pseudomonadota	Alphaproteobacteria	1	2.033100447e-07	0	0.002444987775	0	0	5.262899259e-07	3.616789486e-07	0.004175365344	1.784946336e-07	0.002341920375	0	0
1220	Gordonia	Actinomycetota	Actinobacteria	7	1.943747445e-07	0	0.007334963325	2.546975669e-07	1.147271245e-07	2.110533379e-07	2.712813861e-07	0.01043841336	6.055665291e-08	0.004683840749	2.576209867e-07	0.006230529595
1221	Candidatus Haloredivivus	Nanohaloarchaeota	Nanosalinia	12	1.939760935e-07	0	0.004074979625	0	1.352277735e-08	4.912584146e-07	0	0	0	0	7.414600208e-07	0.01557632399
1222	Auricoccus-Abyssicoccus	Bacillota	Bacilli	1	1.926632352e-07	0	0.0032599837	0	0	4.98729514e-07	3.032576716e-07	0.002087682672	0	0	2.839170247e-07	0.009345794393
1223	Indiicoccus	Bacillota	Bacilli	4	1.909263986e-07	0	0.00488997555	4.264903972e-07	1.228795689e-07	6.074925647e-08	3.521638863e-07	0.008350730689	1.535835821e-07	0.004683840749	0	0
1224	Pararcticibacter	Bacteroidota	Bacteroidia	30	1.879913434e-07	0	0.0195599022	1.935351201e-08	8.20583963e-08	4.054886558e-07	1.500166729e-07	0.02296450939	1.983498049e-07	0.018735363	2.308785836e-07	0.01557632399
1225	Aestuariimicrobium	Actinomycetota	Actinobacteria	4	1.870206682e-07	0	0.005704971475	0	0	4.84123122e-07	1.522286099e-07	0.002087682672	3.666436902e-07	0.01405152225	0	0
1226	Orrella	Pseudomonadota	Gammaproteobacteria	14	1.868669127e-07	0	0.00488997555	0	1.790577822e-07	3.397989175e-07	2.550250449e-07	0.004175365344	2.508868978e-07	0.009367681499	0	0
1227	Clavibacter	Actinomycetota	Actinobacteria	1	1.856562324e-07	0	0.000814995925	0	5.9790078e-07	0	0	0	5.334899231e-07	0.002341920375	0	0
1228	Humidesulfovibrio	Thermodesulfobacteriota	Desulfovibrionia	2	1.854474651e-07	0	0.002444987775	2.462364708e-07	3.036326762e-07	4.274266439e-08	4.229649879e-08	0.002087682672	2.145198294e-07	0.002341920375	3.603864474e-07	0.003115264798
1229	Mesonia	Bacteroidota	Bacteroidia	1	1.851442923e-07	0	0.00162999185	0	0	4.792659212e-07	0	0	0	0	7.077010799e-07	0.006230529595
1230	Tissierella	Bacillota	Clostridia	8	1.81898694e-07	0	0.00814995925	8.905871967e-08	4.183690807e-08	3.673417549e-07	3.452056252e-07	0.01878914405	1.354477823e-07	0.002341920375	0	0
1231	Cyanothece PCC 7425	Cyanobacteriota	Cyanobacteriia	1	1.809037746e-07	0	0.0032599837	5.716888821e-07	2.441120032e-08	0	0	0	4.769758228e-07	0.004683840749	5.701014063e-08	0.006230529595
1232	Paraflavitalea	Bacteroidota	Bacteroidia	7	1.776069116e-07	0	0.0065199674	3.103931882e-07	0	2.161548831e-07	2.725947336e-07	0.01043841336	2.045686257e-07	0.007025761124	0	0
1233	Tabrizicola	Pseudomonadota	Alphaproteobacteria	1	1.770860578e-07	0	0.002444987775	1.303930877e-07	1.888998965e-07	2.042352398e-07	4.536212795e-07	0.006263048017	0	0	0	0
1234	Oikopleura	Verrucomicrobiota	Verrucomicrobiia	11	1.711901474e-07	0	0.007334963325	3.343039415e-07	3.129420244e-08	1.556247964e-07	2.652762268e-07	0.004175365344	4.325559397e-08	0.007025761124	2.009746405e-07	0.01246105919
1235	Lachnospiraceae ND3007 group	Bacillota	Clostridia	1	1.708558722e-07	0	0.002444987775	3.476414198e-08	0	4.149955577e-07	6.053434266e-08	0.004175365344	4.230543443e-07	0.002341920375	0	0
1236	Aminiphilus	Synergistota	Synergistia	1	1.686075045e-07	0	0.002444987775	4.443858743e-07	1.091072514e-07	0	1.365640231e-07	0.002087682672	3.313050139e-07	0.004683840749	0	0
1237	RB41	Acidobacteriota	Blastocatellia	1	1.65908804e-07	0	0.004074979625	5.045747e-07	4.16491185e-08	0	0	0	4.767449708e-07	0.01170960187	0	0
1238	Parachlamydia	Chlamydiota	Chlamydiia	3	1.65074277e-07	0	0.005704971475	0	0	4.273125271e-07	4.228520623e-07	0.01461377871	0	0	0	0
1239	Alloprevotella	Bacteroidota	Bacteroidia	5	1.619076659e-07	0	0.002444987775	2.476325493e-08	2.704555469e-08	3.779418121e-07	3.932282876e-07	0.004175365344	0	0	3.210079856e-08	0.003115264798
1240	Salinirubrum	Halobacteriota	Halobacteria	2	1.613012012e-07	0	0.002444987775	0	3.087493343e-07	1.693735813e-07	0	0	0	0	6.165625356e-07	0.009345794393
1241	Azorhizobium	Pseudomonadota	Alphaproteobacteria	2	1.599684433e-07	0	0.004074979625	4.316354686e-07	0	7.534364038e-08	4.042809028e-07	0.008350730689	6.160954151e-09	0.002341920375	0	0
1242	Curvibacter	Pseudomonadota	Gammaproteobacteria	3	1.596004308e-07	0	0.0065199674	0	3.657711799e-07	1.191369389e-07	8.553329054e-08	0.008350730689	3.626681087e-07	0.009367681499	0	0
1243	Breznakia	Bacillota	Bacilli	2	1.594000359e-07	0	0.004074979625	0	0	4.126241435e-07	3.598361531e-07	0.006263048017	5.438483997e-08	0.004683840749	0	0
1244	UCG-005	Bacillota	Clostridia	9	1.581500741e-07	0	0.0065199674	1.708018055e-07	1.681974165e-07	1.401448387e-07	2.532409254e-07	0.01043841336	1.70369409e-07	0.007025761124	0	0
1245	Blautia	Bacillota	Clostridia	2	1.577479644e-07	0	0.005704971475	4.548142873e-07	2.347358853e-08	3.253670942e-08	1.862325329e-07	0.01043841336	2.443825975e-07	0.004683840749	0	0
1246	Fretibacterium	Synergistota	Synergistia	3	1.564611158e-07	0	0.00162999185	0	0	4.050164327e-07	3.938549311e-07	0.002087682672	7.778166505e-09	0.002341920375	0	0
1247	Bacteriovorax	Bdellovibrionota	Bacteriovoracia	5	1.546594947e-07	0	0.00488997555	0	1.390617441e-08	3.891749947e-07	3.961736951e-07	0.01252609603	0	0	0	0
1248	Phytomonospora	Actinomycetota	Actinobacteria	2	1.54613807e-07	0	0.0032599837	0	4.396971712e-07	4.680700209e-08	3.779790877e-07	0.006263048017	2.027905905e-08	0.002341920375	0	0
1249	Salinirussus	Halobacteriota	Halobacteria	3	1.500293485e-07	0	0.00162999185	0	8.027482692e-08	3.238424085e-07	0	0	0	0	5.734766687e-07	0.006230529595
1250	Hoppeia	Bacteroidota	Bacteroidia	4	1.499744858e-07	0	0.004074979625	0	0	3.882250931e-07	3.363608027e-08	0.004175365344	3.095326783e-08	0.002341920375	4.819002066e-07	0.006230529595
1251	Desulfallas	Bacillota	Desulfotomaculia	2	1.496170595e-07	0	0.00162999185	0	4.818376168e-07	0	0	0	4.218860575e-07	0.002341920375	1.070026619e-08	0.003115264798
1252	Ferritrophicum	Pseudomonadota	Gammaproteobacteria	6	1.493702686e-07	0	0.00814995925	2.987842707e-08	1.354847703e-07	2.543098043e-07	2.279973646e-07	0.01252609603	1.507190975e-07	0.007025761124	3.024774876e-08	0.003115264798
1253	Lacibacterium	Pseudomonadota	Alphaproteobacteria	14	1.476001614e-07	0	0.01059494703	0	1.089775472e-08	3.733193112e-07	1.799816142e-07	0.01461377871	6.176663881e-08	0.009367681499	2.134574769e-07	0.006230529595
1254	Halovivax	Halobacteriota	Halobacteria	5	1.471345249e-07	0	0.0032599837	0	2.283002486e-07	1.973663867e-07	0	0	0	0	5.624114081e-07	0.01246105919
1255	Halobaculum	Halobacteriota	Halobacteria	3	1.461256931e-07	0	0.00162999185	0	1.262125886e-07	2.768127198e-07	0	0	0	0	5.585552195e-07	0.006230529595
1256	Knoellia	Actinomycetota	Actinobacteria	3	1.453769446e-07	0	0.002444987775	0	2.580080502e-07	1.689376454e-07	3.223203652e-07	0.004175365344	5.61734335e-08	0.002341920375	0	0
1257	Silvibacterium	Acidobacteriota	Acidobacteriae	1	1.432930579e-07	0	0.002444987775	2.639880234e-07	1.278966355e-07	6.094603215e-08	0	0	4.117578035e-07	0.007025761124	0	0
1258	Racemicystis	Myxococcota	Polyangiia	22	1.419598167e-07	0	0.01385493073	9.218444086e-09	3.664698855e-08	3.307867747e-07	1.347205387e-07	0.01878914405	9.423366879e-08	0.01170960187	2.162485372e-07	0.009345794393
1259	Family XIII AD3011 group	Bacillota	Clostridia	3	1.398565566e-07	0	0.004074979625	1.172296901e-07	4.105107939e-08	2.370339431e-07	1.510728406e-07	0.008350730689	2.324124224e-07	0.002341920375	0	0
1260	Candidatus Lariskella	Pseudomonadota	Alphaproteobacteria	3	1.367768808e-07	0	0.005704971475	0	3.906654941e-08	3.22660079e-07	2.038766759e-07	0.008350730689	1.643285832e-07	0.007025761124	0	0
1261	GTL1	Patescibacteria	Saccharimonadia	15	1.36096507e-07	0	0.0097799511	2.19406086e-08	3.108389894e-08	3.100960806e-07	6.018872599e-08	0.01043841336	2.988827044e-07	0.01170960187	3.28258554e-08	0.006230529595
1262	Orenia	Halanaerobiaeota	Halanaerobiia	1	1.33652613e-07	0	0.00162999185	0	4.304245569e-07	0	0	0	0	0	5.108777451e-07	0.006230529595
1263	Desulfitobacterium	Bacillota	Desulfitobacteriia	4	1.329967283e-07	0	0.005704971475	7.71140656e-08	0	2.837564415e-07	3.049810613e-07	0.01252609603	4.004931446e-08	0.002341920375	0	0
1264	Nioella	Pseudomonadota	Alphaproteobacteria	2	1.321099065e-07	0	0.002444987775	1.189434101e-07	2.150036091e-07	7.581335792e-08	1.710153968e-07	0.002087682672	1.877809841e-07	0.004683840749	0	0
1265	Propionicicella	Actinomycetota	Actinobacteria	4	1.302386966e-07	0	0.0032599837	0	0	3.371368791e-07	7.318512229e-08	0.004175365344	2.921480261e-07	0.004683840749	0	0
1266	Candidatus Chlorothrix	Chloroflexota	Chloroflexia	7	1.258656566e-07	0	0.007334963325	0	2.71832736e-07	1.073183297e-07	3.224157843e-07	0.01878914405	0	0	0	0
1267	Gallaecimonas	Pseudomonadota	Gammaproteobacteria	2	1.248978362e-07	0	0.002444987775	0	0	3.233114874e-07	0	0	0	0	4.774132244e-07	0.009345794393
1268	Fluviispira	Bdellovibrionota	Oligoflexia	6	1.222684056e-07	0	0.00488997555	3.441298659e-07	1.209232558e-09	4.545634169e-08	1.938779578e-07	0.008350730689	1.110741731e-07	0.002341920375	3.030255437e-08	0.003115264798
1269	Desulfitibacter	Bacillota	Moorellia	3	1.188808034e-07	0	0.00488997555	2.819956131e-07	0	8.642273788e-08	8.909473468e-09	0.002087682672	3.820223946e-08	0.002341920375	3.903014074e-07	0.01246105919
1270	Hassallia	Bacteroidota	Bacteroidia	15	1.149572013e-07	0	0.00814995925	0	0	2.975790844e-07	6.111903644e-08	0.008350730689	2.325579645e-07	0.009367681499	3.886048815e-08	0.006230529595
1271	Comamonas	Pseudomonadota	Gammaproteobacteria	2	1.149379856e-07	0	0.00162999185	2.512592558e-07	0	1.003385342e-07	9.929115909e-08	0.002087682672	2.188956514e-07	0.002341920375	0	0
1272	Ferruginibacter	Bacteroidota	Bacteroidia	16	1.142650091e-07	0	0.01140994295	6.412318217e-09	1.842195695e-07	1.426795945e-07	1.398494412e-07	0.01043841336	1.382273326e-07	0.01639344262	4.421250107e-08	0.006230529595
1273	NS5 marine group	Bacteroidota	Bacteroidia	4	1.08738645e-07	0	0.0032599837	3.258359226e-07	1.814339509e-08	1.117873561e-08	0	0	3.000552617e-07	0.007025761124	1.6506918e-08	0.003115264798
1274	Aurantimicrobium	Actinomycetota	Actinobacteria	1	1.08538154e-07	0	0.000814995925	3.580008467e-07	0	0	2.780298851e-07	0.002087682672	0	0	0	0
1275	Anaerovorax	Bacillota	Clostridia	3	1.085073428e-07	0	0.002444987775	7.835677473e-08	0	2.193877413e-07	8.81763619e-08	0.004175365344	2.128853214e-07	0.002341920375	0	0
1276	F1-37X2	Balneolota	Balneolia	3	1.05245726e-07	0	0.0032599837	0	5.385317105e-08	2.29152843e-07	4.283519451e-08	0.002087682672	0	0	3.383752261e-07	0.009345794393
1277	Microcoleus SAG 1449-1a	Cyanobacteriota	Cyanobacteriia	1	1.051132313e-07	0	0.00162999185	0	0	2.720969088e-07	0	0	3.020466856e-07	0.004683840749	0	0
1278	Candidatus Nitrosocosmicus	Thermoproteota	Nitrososphaeria	7	1.046579933e-07	0	0.0097799511	2.178854801e-08	4.491532473e-08	2.177157789e-07	1.040520332e-07	0.01461377871	1.135810377e-07	0.009367681499	9.369261928e-08	0.003115264798
1279	Scytonema UTEX 2349	Cyanobacteriota	Cyanobacteriia	1	1.043793206e-07	0	0.000814995925	3.442834042e-07	0	0	2.67376673e-07	0.002087682672	0	0	0	0
1280	Halobiforma	Halobacteriota	Halobacteria	1	1.031493705e-07	0	0.000814995925	0	3.32189705e-07	0	0	0	2.964034604e-07	0.002341920375	0	0
1281	Hylemonella	Pseudomonadota	Gammaproteobacteria	4	1.016571255e-07	0	0.00162999185	0	0	2.631504072e-07	0	0	2.921154403e-07	0.004683840749	0	0
1282	Halorhabdus	Halobacteriota	Halobacteria	1	1.01391996e-07	0	0.002444987775	0	3.265301289e-07	0	0	0	0	0	3.875637978e-07	0.009345794393
1283	Herminiimonas	Pseudomonadota	Gammaproteobacteria	11	1.008956264e-07	0	0.00814995925	1.816078686e-08	1.036612565e-08	2.385941497e-07	1.195394283e-07	0.01043841336	1.131948093e-07	0.009367681499	5.671452893e-08	0.003115264798
1284	Gimesia	Planctomycetota	Planctomycetes	11	9.720927331e-08	0	0.005704971475	0	0	2.516366632e-07	5.247957477e-08	0.004175365344	1.847064869e-07	0.007025761124	4.756508454e-08	0.006230529595
1285	Planobispora	Actinomycetota	Actinobacteria	11	9.467295451e-08	0	0.0065199674	1.238162746e-07	5.920736645e-08	1.003081317e-07	1.625843999e-07	0.01461377871	0	0	1.192703665e-07	0.003115264798
1286	Acidiphilium	Pseudomonadota	Alphaproteobacteria	2	9.348626901e-08	0	0.00162999185	0	2.750151628e-07	2.094277432e-08	2.394731776e-07	0.004175365344	0	0	0	0
1287	Plot4-2H12	Pseudomonadota	Alphaproteobacteria	6	8.943165088e-08	0	0.0032599837	0	0	2.315034507e-07	2.29086922e-07	0.008350730689	0	0	0	0
1288	Paenarthrobacter	Actinomycetota	Actinobacteria	2	8.812197916e-08	0	0.00162999185	1.210341746e-08	0	2.1861434e-07	9.399731303e-09	0.002087682672	2.426772767e-07	0.002341920375	0	0
1289	Selenomonas	Bacillota	Negativicutes	3	8.785959342e-08	0	0.000814995925	0	0	2.274340108e-07	2.250599606e-07	0.002087682672	0	0	0	0
1290	Novibacillus	Bacillota	Bacilli	6	8.783378485e-08	0	0.007334963325	4.630726269e-08	0	1.910247939e-07	4.807897094e-09	0.002087682672	2.120509421e-07	0.01639344262	4.649009038e-08	0.003115264798
1291	TX1A-55	Pseudomonadota	Gammaproteobacteria	2	8.679074492e-08	0	0.004074979625	0	0	2.246671815e-07	0	0	2.70387454e-08	0.002341920375	2.957841113e-07	0.01246105919
1292	Chryseotalea	Bacteroidota	Bacteroidia	2	8.579205935e-08	0	0.0032599837	0	0	2.220819764e-07	0	0	2.465265968e-07	0.009367681499	0	0
1293	Sporomusa	Bacillota	Negativicutes	2	8.453000111e-08	0	0.002444987775	0	0	2.188150029e-07	1.268536825e-07	0.004175365344	1.005981204e-07	0.002341920375	0	0
1294	Haloarchaeobius	Halobacteriota	Halobacteria	3	8.43905375e-08	0	0.004074979625	0	2.484713103e-07	1.873337611e-08	0	0	0	0	3.225769144e-07	0.01557632399
1295	Arhodomonas	Pseudomonadota	Gammaproteobacteria	3	8.438526402e-08	0	0.002444987775	2.46382778e-07	2.469994675e-08	5.222881507e-09	0	0	2.146472913e-07	0.002341920375	3.702905154e-08	0.006230529595
1296	Odoribacter	Bacteroidota	Bacteroidia	5	8.412488027e-08	0	0.00162999185	0	0	2.17766304e-07	2.154931693e-07	0.004175365344	0	0	0	0
1297	UCG-012	Bacillota	Clostridia	4	8.349357734e-08	0	0.002444987775	0	0	2.161321084e-07	0	0	0	0	3.19148347e-07	0.009345794393
1298	Dorea	Bacillota	Clostridia	1	8.320291348e-08	0	0.002444987775	2.211793654e-07	5.199803389e-08	0	1.907902204e-07	0.004175365344	2.506196546e-08	0.002341920375	0	0
1299	Desulfohalotomaculum	Bacillota	Desulfotomaculia	3	8.279259473e-08	0	0.002444987775	0	1.84516071e-07	6.60039888e-08	2.720918674e-08	0.002087682672	2.073848086e-07	0.004683840749	0	0
1300	Aquincola	Pseudomonadota	Gammaproteobacteria	12	7.984696079e-08	0	0.008964955175	1.192746384e-08	5.246755023e-08	1.551583707e-07	1.427365139e-07	0.01252609603	6.561713956e-08	0.009367681499	4.931190488e-09	0.003115264798
1301	Candidatus Obscuribacter	Cyanobacteriota	Vampirivibrionia	11	7.929755647e-08	0	0.008964955175	0	0	2.052702569e-07	6.830379664e-08	0.008350730689	1.179055493e-07	0.01170960187	4.434552534e-08	0.006230529595
1302	Nodosilinea PCC-7104	Cyanobacteriota	Cyanobacteriia	4	7.762683274e-08	0	0.0032599837	8.529151414e-08	0	1.340077648e-07	1.669512072e-07	0.006263048017	3.578101995e-08	0.002341920375	0	0
1303	Syntrophaceticus	Bacillota	Thermacetogenia	1	7.393540871e-08	0	0.000814995925	0	2.381069462e-07	0	1.893919551e-07	0.002087682672	0	0	0	0
1304	Desulfoglaeba	Thermodesulfobacteriota	Syntrophobacteria	1	7.327782099e-08	0	0.000814995925	0	0	1.896875239e-07	1.877074872e-07	0.002087682672	0	0	0	0
1305	Anaeromicropila	Bacillota	Clostridia	3	7.264129279e-08	0	0.002444987775	1.78445868e-07	5.970867022e-08	0	1.385842649e-07	0.004175365344	5.327635446e-08	0.002341920375	0	0
1306	Siccibacter	Pseudomonadota	Gammaproteobacteria	3	7.113867655e-08	0	0.0032599837	0	0	1.841501184e-07	1.822278833e-07	0.008350730689	0	0	0	0
1307	Pelagerythrobacter	Pseudomonadota	Alphaproteobacteria	11	6.936640634e-08	0	0.0065199674	1.38206162e-08	0	1.687158467e-07	4.378377247e-08	0.004175365344	7.975759001e-08	0.007025761124	9.371857517e-08	0.009345794393
1308	Winogradskyella	Bacteroidota	Bacteroidia	1	6.933138981e-08	0	0.000814995925	0	2.232798302e-07	0	0	0	1.992262653e-07	0.002341920375	0	0
1309	Kroppenstedtia	Bacillota	Bacilli	2	6.886268521e-08	0	0.0032599837	8.562671447e-08	1.381663438e-07	0	1.763977344e-07	0.008350730689	0	0	0	0
1310	Fontibacter	Bacteroidota	Bacteroidia	1	6.720230262e-08	0	0.000814995925	0	0	1.73960391e-07	0	0	1.93108256e-07	0.002341920375	0	0
1311	[Eubacterium] siraeum group	Bacillota	Clostridia	1	6.608562185e-08	0	0.000814995925	0	0	1.710697426e-07	1.69284046e-07	0.002087682672	0	0	0	0
1312	Hoylesella	Bacteroidota	Bacteroidia	3	6.331058938e-08	0	0.000814995925	0	0	1.638862725e-07	1.621755598e-07	0.002087682672	0	0	0	0
1313	UCG-001	Bacillota	Clostridia	1	6.088725902e-08	0	0.000814995925	0	1.960857397e-07	0	0	0	1.74961749e-07	0.002341920375	0	0
1314	Tepidimicrobium	Bacillota	Clostridia	2	6.041265489e-08	0	0.000814995925	0	0	1.563846573e-07	1.547522496e-07	0.002087682672	0	0	0	0
1315	Anaeroplasma	Bacillota	Bacilli	1	6.007783805e-08	0	0.000814995925	0	0	1.555179479e-07	1.538945872e-07	0.002087682672	0	0	0	0
1316	ADurb.Bin118	Verrucomicrobiota	Verrucomicrobiia	15	5.973776213e-08	0	0.01222493888	0	3.771482925e-08	1.243225405e-07	7.982232307e-08	0.01461377871	7.046196664e-08	0.01639344262	1.550181194e-08	0.003115264798
1317	Aurantiacibacter	Pseudomonadota	Alphaproteobacteria	1	5.943990852e-08	0	0.000814995925	0	1.914245873e-07	0	0	0	0	0	2.27204884e-07	0.003115264798
1318	Microcoleus Es-Yyy1400	Cyanobacteriota	Cyanobacteriia	3	5.883883725e-08	0	0.00162999185	6.08369172e-08	0	1.045652323e-07	4.724704217e-08	0.002087682672	1.160747544e-07	0.002341920375	0	0
1319	HN-HF0106	Bacillota	Clostridia	2	5.717772087e-08	0	0.00162999185	0	0	1.480106825e-07	6.635606071e-08	0.002087682672	0	0	1.195405309e-07	0.003115264798
1320	Flexibacter	Bacteroidota	Bacteroidia	3	5.630658492e-08	0	0.002444987775	0	1.898961132e-08	1.304918519e-07	1.510447163e-08	0.002087682672	1.448551236e-07	0.004683840749	0	0
1321	Nodularia PCC-9350	Cyanobacteriota	Cyanobacteriia	3	5.627490208e-08	0	0.002444987775	8.844057927e-09	1.725966281e-07	0	1.441530373e-07	0.006263048017	0	0	0	0
1322	Clade Ia	Pseudomonadota	Alphaproteobacteria	1	5.592165381e-08	0	0.00162999185	0	5.443018527e-08	1.010083726e-07	0	0	1.606929022e-07	0.004683840749	0	0
1323	Fervidobacterium	Thermotogota	Thermotogae	2	5.534816383e-08	0	0.00162999185	0	1.782472363e-07	0	1.335829084e-08	0.002087682672	1.440598963e-07	0.002341920375	0	0
1324	Lachnospiraceae UCG-007	Bacillota	Clostridia	1	5.528424575e-08	0	0.00162999185	0	0	1.431092184e-07	1.208140673e-07	0.002087682672	2.333449951e-08	0.002341920375	0	0
1325	Mangrovibacter	Pseudomonadota	Gammaproteobacteria	2	5.449737782e-08	0	0.000814995925	0	1.755073034e-07	0	0	0	1.566001934e-07	0.002341920375	0	0
1326	Planotetraspora	Actinomycetota	Actinobacteria	1	5.444376399e-08	0	0.000814995925	0	0	1.40933541e-07	0	0	0	0	2.081074717e-07	0.003115264798
1327	Centipeda	Bacillota	Negativicutes	2	5.426621947e-08	0	0.000814995925	0	0	1.404739479e-07	1.390076227e-07	0.002087682672	0	0	0	0
1328	Siminovitchia	Bacillota	Bacilli	1	5.374170746e-08	0	0.000814995925	1.772609544e-07	0	0	1.376640398e-07	0.002087682672	0	0	0	0
1329	Parvimonas	Bacillota	Clostridia	1	5.297416662e-08	0	0.000814995925	0	0	1.371293301e-07	1.356979174e-07	0.002087682672	0	0	0	0
1330	Tannerella	Bacteroidota	Bacteroidia	2	5.127332721e-08	0	0.00162999185	0	0	1.327265242e-07	8.605233788e-08	0.002087682672	5.080398745e-08	0.002341920375	0	0
1331	Hamadaea	Actinomycetota	Actinobacteria	3	5.079547608e-08	0	0.002444987775	0	3.690256563e-08	1.018273663e-07	2.935256264e-08	0.002087682672	3.737546341e-09	0.002341920375	1.453901538e-07	0.003115264798
1332	Halogranum	Halobacteriota	Halobacteria	1	4.984934806e-08	0	0.002444987775	0	1.605384516e-07	0	0	0	0	0	1.905456388e-07	0.009345794393
1333	Candidatus Actinomarina	Actinomycetota	Acidimicrobiia	1	4.977251658e-08	0	0.000814995925	0	0	1.288415144e-07	0	0	0	0	1.902519559e-07	0.003115264798
1334	Saliphagus	Halobacteriota	Halobacteria	2	4.966616553e-08	0	0.002444987775	0	1.599485173e-07	0	0	0	0	0	1.898454365e-07	0.009345794393
1335	Scopulibacillus	Bacillota	Bacilli	2	4.938868025e-08	0	0.00162999185	0	0	1.278479128e-07	1.265133834e-07	0.004175365344	0	0	0	0
1336	Thermanaerothrix	Chloroflexota	Anaerolineae	13	4.923022269e-08	0	0.01059494703	0	5.373849905e-08	8.424285887e-08	6.930533403e-08	0.01252609603	2.94551221e-08	0.004683840749	4.557910003e-08	0.01557632399
1337	Fischerella CENA298	Cyanobacteriota	Cyanobacteriia	1	4.921339245e-08	0	0.000814995925	0	0	1.273941615e-07	1.260643686e-07	0.002087682672	0	0	0	0
1338	Halanaerobium	Halanaerobiaeota	Halanaerobiia	3	4.889297958e-08	0	0.00162999185	0	1.574584933e-07	0	0	0	0	0	1.868899874e-07	0.006230529595
1339	Proteus	Pseudomonadota	Gammaproteobacteria	2	4.881699007e-08	0	0.00162999185	0	1.572137712e-07	0	6.456507237e-08	0.002087682672	6.784959518e-08	0.002341920375	0	0
1340	Marivita	Pseudomonadota	Alphaproteobacteria	1	4.881218644e-08	0	0.000814995925	0	0	1.263555965e-07	0	0	1.402635896e-07	0.002341920375	0	0
1341	Desulfotruncus	Bacillota	Desulfotomaculia	2	4.874987522e-08	0	0.00162999185	0	1.569976296e-07	0	0	0	0	0	1.86342981e-07	0.006230529595
1342	Dissulfurimicrobium	Thermodesulfobacteriota	Dissulfuribacteria	1	4.675271321e-08	0	0.002444987775	7.641821509e-08	5.168215765e-08	1.950865197e-08	0	0	6.657511947e-08	0.002341920375	9.014954236e-08	0.006230529595
1343	Methyloligella	Pseudomonadota	Alphaproteobacteria	4	4.586708998e-08	0	0.0032599837	0	0	1.187318975e-07	1.946412872e-08	0.004175365344	1.23219083e-08	0.002341920375	1.298883081e-07	0.003115264798
1344	Proteiniborus	Bacillota	Clostridia	1	4.580739767e-08	0	0.000814995925	0	0	1.185773775e-07	1.173396178e-07	0.002087682672	0	0	0	0
1345	Irregularibacter	Bacillota	Clostridia	3	4.468264827e-08	0	0.002444987775	1.685303377e-08	0	1.024394111e-07	2.920909687e-08	0.004175365344	9.563103519e-08	0.002341920375	0	0
1346	Oceanibaculum	Pseudomonadota	Alphaproteobacteria	3	4.464283448e-08	0	0.00162999185	0	0	1.155627804e-07	0	0	0	0	1.706441056e-07	0.006230529595
1347	[Eubacterium] brachy group	Bacillota	Clostridia	2	4.417695479e-08	0	0.00162999185	0	0	1.143568007e-07	8.936204318e-08	0.002087682672	2.669954297e-08	0.002341920375	0	0
1348	Limisphaera	Verrucomicrobiota	Verrucomicrobiia	11	4.375964004e-08	0	0.008964955175	2.146228019e-08	8.982788177e-09	8.921237933e-08	5.358265856e-08	0.01252609603	5.029937202e-08	0.009367681499	2.040234589e-08	0.003115264798
1349	Propionispora	Bacillota	Negativicutes	2	4.33975246e-08	0	0.00162999185	0	1.250386454e-07	1.183341515e-08	1.170989307e-08	0.002087682672	0	0	1.484103549e-07	0.003115264798
1350	Sanguibacter	Actinomycetota	Actinobacteria	1	4.335253678e-08	0	0.00162999185	3.854653168e-08	1.019796662e-07	0	1.11051279e-07	0.004175365344	0	0	0	0
1351	Salipaludibacillus	Bacillota	Bacilli	6	4.323183793e-08	0	0.00488997555	0	5.309796944e-08	6.923025059e-08	1.183453456e-08	0.004175365344	5.384325519e-08	0.004683840749	7.596776671e-08	0.006230529595
1352	Halapricum	Halobacteriota	Halobacteria	1	4.247115677e-08	0	0.00162999185	0	9.262480029e-08	3.548957901e-08	0	0	0	0	1.623430198e-07	0.006230529595
1353	Hornefia	Bacillota	Clostridia	1	4.005363818e-08	0	0.000814995925	0	0	1.03683152e-07	1.026008644e-07	0.002087682672	0	0	0	0
1354	Desulfobulbus	Thermodesulfobacteriota	Desulfobulbia	1	4.005363818e-08	0	0.000814995925	0	0	1.03683152e-07	1.026008644e-07	0.002087682672	0	0	0	0
1355	P3OB-51	Pseudomonadota	Gammaproteobacteria	12	3.995325891e-08	0	0.007334963325	1.142791814e-08	1.50157795e-08	8.238491803e-08	4.963929838e-08	0.008350730689	1.880560247e-08	0.004683840749	5.363063086e-08	0.009345794393
1356	Chroococcidiopsis PCC 7203	Cyanobacteriota	Cyanobacteriia	2	3.950156511e-08	0	0.00162999185	0	0	1.022540515e-07	4.440040176e-08	0.002087682672	6.370170479e-08	0.002341920375	0	0
1357	Pueribacillus	Bacillota	Bacilli	4	3.899389465e-08	0	0.0032599837	1.206975562e-07	4.35910189e-09	2.711392452e-09	9.988623953e-08	0.008350730689	0	0	0	0
1358	Muricoccus	Pseudomonadota	Alphaproteobacteria	9	3.88772251e-08	0	0.0065199674	0	8.72459927e-09	9.362506936e-08	7.850486536e-08	0.01043841336	2.364994073e-08	0.007025761124	0	0
1359	Xanthomonas	Pseudomonadota	Gammaproteobacteria	2	3.861382222e-08	0	0.00162999185	7.573877145e-08	0	4.051547867e-08	9.891265108e-08	0.004175365344	0	0	0	0
1360	Streptantibioticus	Actinomycetota	Actinobacteria	1	3.812389392e-08	0	0.000814995925	0	0	9.868780135e-08	9.765765729e-08	0.002087682672	0	0	0	0
1361	Rhodopirellula	Planctomycetota	Planctomycetes	2	3.703969896e-08	0	0.002444987775	0	6.557041423e-08	4.317591309e-08	4.272522506e-08	0.002087682672	0	0	7.782656642e-08	0.006230529595
1362	Methylophilus	Pseudomonadota	Gammaproteobacteria	7	3.697462373e-08	0	0.005704971475	0	0	9.57127918e-08	8.086239625e-08	0.01252609603	0	0	2.066908259e-08	0.003115264798
1363	Ancylobacter	Pseudomonadota	Alphaproteobacteria	1	3.672824287e-08	0	0.00162999185	0	0	9.507500845e-08	0	0	1.055399391e-07	0.004683840749	0	0
1364	Schnuerera	Bacillota	Clostridia	1	3.647480163e-08	0	0.000814995925	0	1.174660934e-07	0	9.343336451e-08	0.002087682672	0	0	0	0
1365	Harryflintia	Bacillota	Clostridia	2	3.626124111e-08	0	0.00162999185	0	0	9.386612414e-08	2.477626377e-08	0.002087682672	7.640447891e-08	0.002341920375	0	0
1366	Aminicenans	Acidobacteriota	Aminicenantia	1	3.603966895e-08	0	0.000814995925	1.18872779e-07	0	0	0	0	1.035612969e-07	0.002341920375	0	0
1367	Tengunoibacter	Chloroflexota	Ktedonobacteria	13	3.601970245e-08	0	0.0065199674	0	1.140621147e-08	8.407259141e-08	4.120766688e-08	0.006263048017	5.727799173e-08	0.01170960187	0	0
1368	Pseudanabaena NgrPSln22	Cyanobacteriota	Cyanobacteriia	2	3.599401812e-08	0	0.002444987775	3.854653168e-08	7.828175972e-08	0	9.22017959e-08	0.006263048017	0	0	0	0
1369	Thermoclostridium	Bacillota	Clostridia	1	3.563481034e-08	0	0.000814995925	0	1.147609246e-07	0	9.128165405e-08	0.002087682672	0	0	0	0
1370	Rikenellaceae RC9 gut group	Bacteroidota	Bacteroidia	3	3.544024917e-08	0	0.002444987775	0	0	9.174089817e-08	9.078326876e-08	0.006263048017	0	0	0	0
1371	Fenollaria	Bacillota	Clostridia	1	3.520867996e-08	0	0.000814995925	0	1.133885835e-07	0	0	0	1.011734199e-07	0.002341920375	0	0
1372	Variibacter	Pseudomonadota	Alphaproteobacteria	7	3.515161123e-08	0	0.005704971475	0	8.718203779e-09	8.398605768e-08	3.206086104e-08	0.008350730689	6.504420267e-08	0.007025761124	0	0
1373	Sarcina	Bacillota	Clostridia	1	3.499246996e-08	0	0.000814995925	0	0	9.058177349e-08	8.96362435e-08	0.002087682672	0	0	0	0
1374	Haloprofundus	Halobacteriota	Halobacteria	2	3.398407898e-08	0	0.00162999185	0	6.635321491e-08	3.463689879e-08	0	0	0	0	1.299017598e-07	0.006230529595
1375	Kineothrix	Bacillota	Clostridia	3	3.391940655e-08	0	0.00162999185	0	0	8.78040334e-08	7.5309523e-08	0.002087682672	1.298793985e-08	0.002341920375	0	0
1376	Azomonas	Pseudomonadota	Gammaproteobacteria	1	3.380386058e-08	0	0.000814995925	0	1.088644014e-07	0	0	0	0	0	1.292128876e-07	0.003115264798
1377	MM1	Pseudomonadota	Gammaproteobacteria	7	3.377663677e-08	0	0.005704971475	1.019693096e-08	6.383463309e-08	2.812168732e-08	0	0	8.227022057e-08	0.01170960187	1.967149263e-08	0.006230529595
1378	Oscillatoria	Cyanobacteriota	Cyanobacteriia	1	3.36619941e-08	0	0.000814995925	0	0	8.713769358e-08	0	0	9.672896196e-08	0.002341920375	0	0
1379	Campylobacter	Campylobacterota	Campylobacteria	1	3.359337396e-08	0	0.000814995925	0	0	8.696006296e-08	8.605233788e-08	0.002087682672	0	0	0	0
1380	Candidatus Turbabacter	Bdellovibrionota	Oligoflexia	1	3.32884425e-08	0	0.00162999185	0	0	8.617071509e-08	8.527122955e-08	0.004175365344	0	0	0	0
1381	Izhakiella	Pseudomonadota	Gammaproteobacteria	2	3.309584832e-08	0	0.00162999185	0	0	8.567216432e-08	0	0	7.191264815e-08	0.002341920375	3.084705647e-08	0.003115264798
1382	Thioalkalivibrio	Pseudomonadota	Gammaproteobacteria	9	3.202223743e-08	0	0.004074979625	0	0	8.289300701e-08	9.782015656e-09	0.002087682672	7.248380928e-08	0.007025761124	1.138664567e-08	0.003115264798
1383	Salinithrix	Bacillota	Bacilli	1	3.195487739e-08	0	0.000814995925	0	1.02909802e-07	0	8.185518696e-08	0.002087682672	0	0	0	0
1384	Francisella	Pseudomonadota	Gammaproteobacteria	1	3.16308166e-08	0	0.00162999185	0	0	8.187977208e-08	0	0	0	0	1.209065793e-07	0.006230529595
1385	Lachnospiraceae UCG-009	Bacillota	Clostridia	1	3.138678871e-08	0	0.000814995925	1.035257789e-07	0	0	8.03999786e-08	0.002087682672	0	0	0	0
1386	Thermomonas	Pseudomonadota	Gammaproteobacteria	3	3.102377879e-08	0	0.00162999185	4.704220711e-08	0	4.338918887e-08	4.293627458e-08	0.002087682672	0	0	5.451620264e-08	0.003115264798
1387	Halostella	Halobacteriota	Halobacteria	4	3.043978936e-08	0	0.0032599837	0	0	7.879666993e-08	0	0	0	0	1.163539612e-07	0.01246105919
1388	Coralloluteibacterium	Pseudomonadota	Gammaproteobacteria	2	3.022637911e-08	0	0.000814995925	0	9.73432209e-08	0	7.742748886e-08	0.002087682672	0	0	0	0
1389	RS25G	Verrucomicrobiota	Verrucomicrobiia	5	3.0209332e-08	0	0.004074979625	0	7.097227722e-09	7.249537258e-08	4.4433348e-08	0.008350730689	3.696317722e-08	0.002341920375	0	0
1390	Parasediminibacterium	Bacteroidota	Bacteroidia	11	3.013727422e-08	0	0.00814995925	0	2.222509959e-08	6.014909815e-08	4.642008445e-08	0.01043841336	1.245553858e-08	0.004683840749	2.936043627e-08	0.009345794393
1391	Moraxella	Pseudomonadota	Gammaproteobacteria	2	2.972710477e-08	0	0.00162999185	0	7.883284238e-08	1.358617006e-08	1.3444352e-08	0.002087682672	0	0	9.35679531e-08	0.003115264798
1392	Acetonema	Bacillota	Negativicutes	2	2.966040066e-08	0	0.002444987775	0	8.784694355e-08	6.167987584e-09	6.10360358e-09	0.002087682672	0	0	1.04266933e-07	0.006230529595
1393	Prochlorococcus MIT9313	Cyanobacteriota	Cyanobacteriia	1	2.943783195e-08	0	0.000814995925	0	9.480372653e-08	0	7.540755701e-08	0.002087682672	0	0	0	0
1394	Umezawaea	Actinomycetota	Actinobacteria	1	2.912280685e-08	0	0.000814995925	9.605829032e-08	0	0	7.46005929e-08	0.002087682672	0	0	0	0
1395	Catellicoccus	Bacillota	Bacilli	3	2.90123587e-08	0	0.00162999185	0	0	7.510161208e-08	0	0	8.336806587e-08	0.004683840749	0	0
1396	Geosporobacter	Bacillota	Clostridia	1	2.864736065e-08	0	0.000814995925	0	9.225803548e-08	0	0	0	8.231923073e-08	0.002341920375	0	0
1397	Gelria	Bacillota	Incertae Sedis	1	2.864736065e-08	0	0.000814995925	0	9.225803548e-08	0	0	0	8.231923073e-08	0.002341920375	0	0
1398	Leptospirillum	Nitrospirota	Leptospirillia	1	2.78125349e-08	0	0.000814995925	0	8.956950216e-08	0	7.124421779e-08	0.002087682672	0	0	0	0
1399	Peptostreptococcus	Bacillota	Clostridia	2	2.684670585e-08	0	0.00162999185	0	5.317091169e-08	2.675694245e-08	6.8770163e-08	0.004175365344	0	0	0	0
1400	Rhodoluna	Actinomycetota	Actinobacteria	1	2.651843632e-08	0	0.000814995925	8.746806819e-08	0	0	0	0	7.620168938e-08	0.002341920375	0	0
1401	Chryseoglobus	Actinomycetota	Actinobacteria	1	2.606506464e-08	0	0.000814995925	0	8.394182236e-08	0	6.676792133e-08	0.002087682672	0	0	0	0
1402	Panacibacter	Bacteroidota	Bacteroidia	2	2.597052765e-08	0	0.00162999185	0	1.28113144e-08	5.692980305e-08	6.652575664e-08	0.004175365344	0	0	0	0
1403	Filifactor	Bacillota	Clostridia	1	2.584105689e-08	0	0.000814995925	0	0	6.689235612e-08	6.619410606e-08	0.002087682672	0	0	0	0
1404	Kineobactrum	Pseudomonadota	Gammaproteobacteria	1	2.545525865e-08	0	0.000814995925	0	8.197795895e-08	0	0	0	0	0	9.730094193e-08	0.003115264798
1405	Lacticigenium	Bacillota	Bacilli	1	2.534352344e-08	0	0.000814995925	0	8.161811881e-08	0	6.491963104e-08	0.002087682672	0	0	0	0
1406	Thiofilum	Pseudomonadota	Gammaproteobacteria	1	2.533531535e-08	0	0.000814995925	0	0	6.558318974e-08	0	0	7.280194833e-08	0.002341920375	0	0
1407	Bilophila	Thermodesulfobacteriota	Desulfovibrionia	1	2.514780677e-08	0	0.000814995925	0	0	6.509780359e-08	6.441828581e-08	0.002087682672	0	0	0	0
1408	Candidimonas	Pseudomonadota	Gammaproteobacteria	1	2.501880539e-08	0	0.000814995925	0	0	6.476386964e-08	6.408783759e-08	0.002087682672	0	0	0	0
1409	Candidatus Metachlamydia	Chlamydiota	Chlamydiia	5	2.499292196e-08	0	0.0032599837	0	1.923061982e-08	4.923934408e-08	1.581359709e-08	0.004175365344	1.715893713e-08	0.002341920375	4.911132737e-08	0.003115264798
1410	Ac37b	Pseudomonadota	Alphaproteobacteria	2	2.399570985e-08	0	0.00162999185	5.348859861e-08	0	2.01370829e-08	0	0	2.235357681e-08	0.002341920375	6.198678718e-08	0.003115264798
1411	Kordiimonas	Pseudomonadota	Alphaproteobacteria	1	2.370141662e-08	0	0.00162999185	0	0	6.135366708e-08	0	0	6.810688102e-08	0.004683840749	0	0
1412	Gilvimarinus	Pseudomonadota	Gammaproteobacteria	2	2.344034992e-08	0	0.002444987775	0	0	6.067786783e-08	8.415485041e-09	0.002087682672	0	0	7.704140815e-08	0.006230529595
1413	Candidatus Mesochlamydia	Chlamydiota	Chlamydiia	3	2.341310709e-08	0	0.002444987775	0	0	6.060734684e-08	5.99747023e-08	0.006263048017	0	0	0	0
1414	Longimycelium	Actinomycetota	Actinobacteria	1	2.339320661e-08	0	0.000814995925	0	0	6.05558323e-08	5.992372549e-08	0.002087682672	0	0	0	0
1415	Dendrosporobacter	Bacillota	Negativicutes	2	2.32626637e-08	0	0.00162999185	0	0	6.021790794e-08	4.10385566e-08	0.002087682672	0	0	2.768168148e-08	0.003115264798
1416	Citreimonas	Pseudomonadota	Alphaproteobacteria	1	2.310353004e-08	0	0.000814995925	7.620438537e-08	0	0	0	0	0	0	8.831162417e-08	0.003115264798
1417	Candidatus Babela	Dependentiae	Babeliae	6	2.29534791e-08	0	0.00488997555	0	0	5.941755032e-08	2.176563233e-08	0.006263048017	3.003698584e-08	0.002341920375	1.530338943e-08	0.006230529595
1418	Lysinimonas	Actinomycetota	Actinobacteria	10	2.277116685e-08	0	0.005704971475	0	5.531150414e-09	5.449969075e-08	1.049198435e-08	0.004175365344	2.777798097e-08	0.007025761124	3.443415371e-08	0.006230529595
1419	Pseudopedobacter	Bacteroidota	Bacteroidia	1	2.235922329e-08	0	0.000814995925	0	0	5.787925524e-08	5.727508765e-08	0.002087682672	0	0	0	0
1420	Niveitalea	Bacteroidota	Bacteroidia	6	2.202750362e-08	0	0.004074979625	0	0	5.702056317e-08	8.504180115e-09	0.002087682672	1.899837652e-08	0.002341920375	4.623656664e-08	0.009345794393
1421	Mailhella	Thermodesulfobacteriota	Desulfovibrionia	1	2.198650925e-08	0	0.000814995925	7.252001843e-08	0	0	0	0	6.317903245e-08	0.002341920375	0	0
1422	Alkalihalobacterium	Bacillota	Bacilli	8	2.195931039e-08	0	0.004074979625	0	4.098897947e-09	5.354935386e-08	0	0	0	0	8.393792476e-08	0.01557632399
1423	Bryocella	Acidobacteriota	Acidobacteriae	1	2.189500888e-08	0	0.000814995925	0	7.051227269e-08	0	0	0	6.29161028e-08	0.002341920375	0	0
1424	Vitiosangium	Myxococcota	Myxococcia	8	2.187716623e-08	0	0.004074979625	0	3.15948498e-08	3.123553838e-08	2.51307678e-08	0.006263048017	1.166724976e-08	0.002341920375	3.060351884e-08	0.003115264798
1425	Salibacter	Bacteroidota	Bacteroidia	1	2.177532363e-08	0	0.000814995925	0	0	5.636776812e-08	0	0	0	0	8.323464825e-08	0.003115264798
1426	Rickettsiella	Pseudomonadota	Gammaproteobacteria	3	2.15947994e-08	0	0.002444987775	0	0	5.590046173e-08	1.883290985e-09	0.002087682672	5.994080206e-08	0.004683840749	0	0
1427	Janibacter	Actinomycetota	Actinobacteria	1	2.15707823e-08	0	0.000814995925	0	0	5.583829088e-08	0	0	6.198442594e-08	0.002341920375	0	0
1428	Cerasibacillus	Bacillota	Bacilli	1	2.152482187e-08	0	0.000814995925	0	0	5.571931738e-08	5.513769611e-08	0.002087682672	0	0	0	0
1429	Flaviflexus	Actinomycetota	Actinobacteria	1	2.125069228e-08	0	0.000814995925	0	6.843726884e-08	0	0	0	6.106463567e-08	0.002341920375	0	0
1430	Halorubellus	Halobacteriota	Halobacteria	1	2.109158044e-08	0	0.000814995925	0	6.792485355e-08	0	0	0	0	0	8.062108786e-08	0.003115264798
1431	Anaerotaenia	Bacillota	Clostridia	2	2.089825149e-08	0	0.00162999185	0	0	5.409737254e-08	0	0	6.005188427e-08	0.004683840749	0	0
1432	Ruania	Actinomycetota	Actinobacteria	1	2.068655744e-08	0	0.000814995925	0	0	5.354937971e-08	0	0	0	0	7.907291584e-08	0.003115264798
1433	Rubrimonas	Pseudomonadota	Alphaproteobacteria	1	2.063672659e-08	0	0.000814995925	0	0	5.34203872e-08	0	0	0	0	7.888244091e-08	0.003115264798
1434	UCG-009	Bacillota	Clostridia	1	1.996511416e-08	0	0.000814995925	0	0	5.168184614e-08	0	0	5.737048026e-08	0.002341920375	0	0
1435	Rs-H88 termite group	Spirochaetota	Leptospirae	1	1.980915624e-08	0	0.000814995925	0	0	5.12781323e-08	5.074286996e-08	0.002087682672	0	0	0	0
1436	Polymorphum	Pseudomonadota	Alphaproteobacteria	4	1.972225673e-08	0	0.002444987775	0	0	5.105318356e-08	0	0	3.737546341e-09	0.002341920375	7.041519227e-08	0.006230529595
1437	Desulfuribacillus	Bacillota	Bacilli	2	1.947376968e-08	0	0.00162999185	0	0	5.040994808e-08	0	0	5.595858406e-08	0.004683840749	0	0
1438	Tropicibacter	Pseudomonadota	Alphaproteobacteria	2	1.902384867e-08	0	0.00162999185	0	6.126578035e-08	0	0	0	3.630021351e-08	0.002341920375	2.443012817e-08	0.003115264798
1439	Sphaerimonospora	Actinomycetota	Actinobacteria	1	1.891935762e-08	0	0.000814995925	6.240336505e-08	0	0	0	0	0	0	7.231791837e-08	0.003115264798
1440	Allomeiothermus	Deinococcota	Deinococci	1	1.874742836e-08	0	0.000814995925	0	6.037557636e-08	0	4.802316199e-08	0.002087682672	0	0	0	0
1441	Tractidigestivibacter	Actinomycetota	Coriobacteriia	2	1.862840393e-08	0	0.00162999185	0	2.661449344e-08	2.682896545e-08	0	0	2.374735831e-08	0.002341920375	3.961660319e-08	0.003115264798
1442	Desulfonispora	Bacillota	Clostridia	1	1.852119646e-08	0	0.000814995925	0	0	4.794410983e-08	0	0	5.322133034e-08	0.002341920375	0	0
1443	Salinigranum	Halobacteriota	Halobacteria	1	1.819568492e-08	0	0.000814995925	0	5.859870184e-08	0	0	0	0	0	6.955173022e-08	0.003115264798
1444	Lachnospiraceae NK4A136 group	Bacillota	Clostridia	2	1.81273991e-08	0	0.00162999185	0	1.50157795e-08	3.485507743e-08	0	0	3.869158478e-08	0.002341920375	1.782246726e-08	0.003115264798
1445	Algisphaera	Planctomycetota	Phycisphaerae	6	1.791870779e-08	0	0.00488997555	0	0	4.638450307e-08	1.145501753e-08	0.002087682672	2.469402542e-08	0.007025761124	1.855125296e-08	0.006230529595
1446	Roseivirga	Bacteroidota	Bacteroidia	3	1.783550857e-08	0	0.002444987775	0	0	4.616913294e-08	0	0	5.12509813e-08	0.007025761124	0	0
1447	Ascidiimonas	Bacteroidota	Bacteroidia	1	1.696041044e-08	0	0.000814995925	0	0	4.390384728e-08	0	0	0	0	6.48299801e-08	0.003115264798
1448	Novimethylophilus	Pseudomonadota	Gammaproteobacteria	1	1.689509366e-08	0	0.000814995925	0	0	4.373476777e-08	4.327824618e-08	0.002087682672	0	0	0	0
1449	Erysipelothrix	Bacillota	Bacilli	1	1.676159374e-08	0	0.000814995925	0	0	4.338918887e-08	4.293627458e-08	0.002087682672	0	0	0	0
1450	Gabonibacter	Bacteroidota	Bacteroidia	1	1.675892449e-08	0	0.000814995925	0	0	4.338227923e-08	4.292943706e-08	0.002087682672	0	0	0	0
1451	Halovibrio	Pseudomonadota	Gammaproteobacteria	1	1.614113013e-08	0	0.000814995925	0	0	4.178305205e-08	0	0	0	0	6.169833854e-08	0.003115264798
1452	CENA518	Cyanobacteriota	Cyanobacteriia	1	1.585388766e-08	0	0.000814995925	5.22922585e-08	0	0	4.061110681e-08	0.002087682672	0	0	0	0
1453	Crenalkalicoccus	Pseudomonadota	Alphaproteobacteria	3	1.573176452e-08	0	0.002444987775	0	0	4.072336511e-08	2.290261343e-08	0.004175365344	0	0	2.595801628e-08	0.003115264798
1454	Antribacter	Actinomycetota	Actinobacteria	3	1.56543164e-08	0	0.002444987775	0	0	4.052288232e-08	0	0	3.721418844e-08	0.004683840749	1.03345413e-08	0.003115264798
1455	Victivallis	Verrucomicrobiota	Lentisphaeria	1	1.556509932e-08	0	0.000814995925	0	0	4.029193431e-08	0	0	4.47268779e-08	0.002341920375	0	0
1456	Parabacteroides	Bacteroidota	Bacteroidia	1	1.547557339e-08	0	0.000814995925	0	0	4.006018683e-08	3.964202204e-08	0.002087682672	0	0	0	0
1457	Eubacterium	Bacillota	Clostridia	1	1.547557339e-08	0	0.000814995925	0	0	4.006018683e-08	3.964202204e-08	0.002087682672	0	0	0	0
1458	Clade Ib	Pseudomonadota	Alphaproteobacteria	1	1.541260105e-08	0	0.000814995925	0	4.963585691e-08	0	0	0	0	0	5.891358718e-08	0.003115264798
1459	Scardovia	Actinomycetota	Actinobacteria	1	1.535929802e-08	0	0.000814995925	5.066091042e-08	0	0	0	0	4.413550041e-08	0.002341920375	0	0
1460	Salinispora	Actinomycetota	Actinobacteria	2	1.526913256e-08	0	0.000814995925	0	0	3.95257925e-08	3.911320594e-08	0.002087682672	0	0	0	0
1461	Chryseomicrobium	Bacillota	Bacilli	2	1.502116659e-08	0	0.000814995925	0	4.837525303e-08	0	0	0	4.316386746e-08	0.002341920375	0	0
1462	Nisaea	Pseudomonadota	Alphaproteobacteria	4	1.494124264e-08	0	0.002444987775	0	0	3.867701416e-08	0	0	4.293420308e-08	0.007025761124	0	0
1463	Cyclobacterium	Bacteroidota	Bacteroidia	1	1.4740519e-08	0	0.000814995925	0	0	3.815741943e-08	0	0	0	0	5.634460065e-08	0.003115264798
1464	Brevifollis	Verrucomicrobiota	Verrucomicrobiia	1	1.473802475e-08	0	0.000814995925	0	4.746340253e-08	0	0	0	4.23502491e-08	0.002341920375	0	0
1465	Lachnospiraceae NK4B4 group	Bacillota	Clostridia	1	1.460525723e-08	0	0.000814995925	0	0	3.780727978e-08	3.741263177e-08	0.002087682672	0	0	0	0
1466	Oscillochloris	Chloroflexota	Chloroflexia	5	1.456071802e-08	0	0.0032599837	0	7.860011626e-09	3.13741278e-08	3.729854072e-08	0.008350730689	0	0	0	0
1467	Adlercreutzia	Actinomycetota	Coriobacteriia	2	1.455109423e-08	0	0.00162999185	0	3.378550388e-08	1.051037056e-08	0	0	1.166724976e-08	0.002341920375	4.010055133e-08	0.003115264798
1468	Catellatospora	Actinomycetota	Actinobacteria	2	1.44472654e-08	0	0.000814995925	0	0	3.739830093e-08	0	0	4.151474155e-08	0.002341920375	0	0
1469	Amnibacterium	Actinomycetota	Actinobacteria	1	1.432460021e-08	0	0.000814995925	0	4.61319802e-08	0	3.66937045e-08	0.002087682672	0	0	0	0
1470	Dehalobacterium	Bacillota	Clostridia	1	1.429584848e-08	0	0.000814995925	0	0	3.700634196e-08	3.662005446e-08	0.002087682672	0	0	0	0
1471	Byssovorax	Myxococcota	Polyangiia	3	1.393523982e-08	0	0.002444987775	0	1.813848837e-09	3.461490054e-08	1.862527453e-08	0.004175365344	0	0	2.54736223e-08	0.003115264798
1472	Sandarakinorhabdus	Pseudomonadota	Alphaproteobacteria	1	1.324427812e-08	0	0.000814995925	0	0	3.428423893e-08	3.392636587e-08	0.002087682672	0	0	0	0
1473	Epulopiscium	Bacillota	Clostridia	1	1.322299393e-08	0	0.000814995925	0	0	3.422914251e-08	0	0	3.799675304e-08	0.002341920375	0	0
1474	Halalkalibacillus	Bacillota	Bacilli	3	1.311710991e-08	0	0.002444987775	6.927671397e-09	1.196737134e-08	1.889880089e-08	9.518932114e-09	0.002087682672	2.097899677e-08	0.002341920375	8.02832947e-09	0.003115264798
1475	UCG-002	Bacillota	Clostridia	2	1.287303233e-08	0	0.002444987775	0	0	3.332322927e-08	1.530516754e-08	0.002087682672	1.982209701e-08	0.004683840749	0	0
1476	Pir3 lineage	Planctomycetota	Planctomycetes	4	1.284727071e-08	0	0.0032599837	0	1.282041322e-08	2.295152684e-08	0	0	3.691709873e-08	0.009367681499	0	0
1477	Alteromonas	Pseudomonadota	Gammaproteobacteria	2	1.266432845e-08	0	0.00162999185	0	4.078512077e-08	0	3.244077456e-08	0.004175365344	0	0	0	0
1478	[Rhizobium] sphaerophysae group	Pseudomonadota	Alphaproteobacteria	3	1.230799802e-08	0	0.00162999185	0	0	3.186057715e-08	1.035810042e-08	0.002087682672	2.374797065e-08	0.002341920375	0	0
1479	Lentimonas	Verrucomicrobiota	Verrucomicrobiia	1	1.221402442e-08	0	0.000814995925	4.028658056e-08	0	0	3.128728177e-08	0.002087682672	0	0	0	0
1480	Candidatus Endonucleariobacter	Pseudomonadota	Gammaproteobacteria	2	1.216912062e-08	0	0.00162999185	0	0	3.150107805e-08	0	0	3.496840983e-08	0.004683840749	0	0
1481	Desulfovirga	Thermodesulfobacteriota	Syntrophobacteria	2	1.207952748e-08	0	0.00162999185	0	3.890178534e-08	0	3.094275619e-08	0.004175365344	0	0	0	0
1482	Jhaorihella	Pseudomonadota	Alphaproteobacteria	2	1.176196443e-08	0	0.000814995925	0	0	3.044711046e-08	0	0	3.379843175e-08	0.002341920375	0	0
1483	possible genus 05	Fibrobacterota	Fibrobacteria	2	1.16966033e-08	0	0.000814995925	0	0	3.027791615e-08	2.996186274e-08	0.002087682672	0	0	0	0
1484	Lachnospiraceae NK3A20 group	Bacillota	Clostridia	1	1.152176059e-08	0	0.000814995925	0	0	2.982531697e-08	2.951398798e-08	0.002087682672	0	0	0	0
1485	Wenxinia	Pseudomonadota	Alphaproteobacteria	1	1.130605787e-08	0	0.000814995925	0	0	2.926694726e-08	0	0	0	0	4.321661371e-08	0.003115264798
1486	Mixta	Pseudomonadota	Gammaproteobacteria	3	1.1282921e-08	0	0.002444987775	0	2.71219443e-08	7.406504832e-09	3.466397026e-09	0.002087682672	2.85333487e-08	0.004683840749	0	0
1487	Solimicrobium	Pseudomonadota	Gammaproteobacteria	3	1.122915903e-08	0	0.002444987775	0	0	2.906788634e-08	0	0	3.226739608e-08	0.007025761124	0	0
1488	Desulforhopalus	Thermodesulfobacteriota	Desulfobulbia	1	1.088766181e-08	0	0.000814995925	0	0	2.818388406e-08	0	0	0	0	4.161732413e-08	0.003115264798
1489	Limnochorda	Bacillota	Limnochordia	1	1.084385994e-08	0	0.000814995925	0	3.49223521e-08	0	2.777748675e-08	0.002087682672	0	0	0	0
1490	Sediminispirochaeta	Spirochaetota	Spirochaetia	1	1.080403127e-08	0	0.000814995925	0	0	2.79673974e-08	0	0	3.104577603e-08	0.002341920375	0	0
1491	Thermogemmatispora	Chloroflexota	Ktedonobacteria	3	1.072575992e-08	0	0.002444987775	0	1.209559673e-08	1.804237356e-08	0	0	3.082086047e-08	0.007025761124	0	0
1492	Synechococcus IR11	Cyanobacteriota	Cyanobacteriia	1	1.064988216e-08	0	0.000814995925	0	0	2.756836585e-08	2.728059585e-08	0.002087682672	0	0	0	0
1493	Sphingosinicella	Pseudomonadota	Alphaproteobacteria	2	1.052716053e-08	0	0.000814995925	0	3.390243038e-08	0	0	0	3.025017793e-08	0.002341920375	0	0
1494	Desulfosporosinus	Bacillota	Desulfitobacteriia	3	1.042581803e-08	0	0.00162999185	0	2.253796224e-08	8.872394752e-09	0	0	0	0	3.985195865e-08	0.006230529595
1495	Caldicoprobacter	Bacillota	Clostridia	2	1.041301446e-08	0	0.00162999185	0	2.397506039e-08	7.684115479e-09	1.906993321e-08	0.002087682672	0	0	1.134663781e-08	0.003115264798
1496	Desulfitispora	Bacillota	Clostridia	1	1.025919934e-08	0	0.000814995925	0	0	2.655704132e-08	0	0	0	0	3.921507037e-08	0.003115264798
1497	Serinibacter	Actinomycetota	Actinobacteria	2	1.024016805e-08	0	0.00162999185	0	0	2.650777678e-08	0	0	2.94254946e-08	0.004683840749	0	0
1498	Candidatus Profftella	Pseudomonadota	Gammaproteobacteria	2	1.021340901e-08	0	0.00162999185	0	0	2.643850814e-08	6.392248136e-09	0.002087682672	2.217790633e-08	0.002341920375	0	0
1499	Natranaerovirga	Bacillota	Clostridia	1	9.947385493e-09	0	0.000814995925	0	0	2.574987764e-08	2.548108977e-08	0.002087682672	0	0	0	0
1500	Sulfurirhabdus	Pseudomonadota	Gammaproteobacteria	1	9.831536277e-09	0	0.000814995925	3.24282124e-08	0	0	2.518433197e-08	0.002087682672	0	0	0	0
1501	Natronincola	Bacillota	Clostridia	1	9.734345691e-09	0	0.000814995925	0	0	2.519840119e-08	0	0	2.79719957e-08	0.002341920375	0	0
1502	Agathobacter	Bacillota	Clostridia	1	9.489029145e-09	0	0.000814995925	3.129849129e-08	0	0	2.430697027e-08	0.002087682672	0	0	0	0
1503	Serinicoccus	Actinomycetota	Actinobacteria	3	9.444752125e-09	0	0.000814995925	0	3.041656393e-08	0	0	0	2.713983807e-08	0.002341920375	0	0
1504	Thermosporothrix	Chloroflexota	Ktedonobacteria	1	9.425358347e-09	0	0.000814995925	0	0	2.43985542e-08	0	0	2.708410935e-08	0.002341920375	0	0
1505	Methanomassiliicoccus	Thermoplasmatota	Thermoplasmata	1	9.421700366e-09	0	0.000814995925	3.107641492e-08	0	0	0	0	2.707359801e-08	0.002341920375	0	0
1506	Rhizomicrobium	Pseudomonadota	Alphaproteobacteria	2	9.386430581e-09	0	0.00162999185	0	0	2.429778549e-08	0	0	2.6972249e-08	0.004683840749	0	0
1507	Barrientosiimonas	Actinomycetota	Actinobacteria	1	9.294254599e-09	0	0.000814995925	0	0	2.405917804e-08	2.38080384e-08	0.002087682672	0	0	0	0
1508	Microbispora	Actinomycetota	Actinobacteria	1	9.26059823e-09	0	0.000814995925	0	0	2.397205491e-08	0	0	2.661066517e-08	0.002341920375	0	0
1509	Oxobacter	Bacillota	Clostridia	1	9.235933506e-09	0	0.000814995925	0	2.974406932e-08	0	2.365864387e-08	0.002087682672	0	0	0	0
1510	Lewinella	Bacteroidota	Bacteroidia	3	9.064412584e-09	0	0.002444987775	0	0	2.346420726e-08	1.673020939e-08	0.004175365344	7.279306654e-09	0.002341920375	0	0
1511	Schumannella	Actinomycetota	Actinobacteria	1	8.937760252e-09	0	0.000814995925	2.948019309e-08	0	0	2.289484724e-08	0.002087682672	0	0	0	0
1512	[Eubacterium] tenue group	Bacillota	Clostridia	2	8.706362526e-09	0	0.00162999185	0	0	2.253735616e-08	5.366179633e-09	0.002087682672	1.899837652e-08	0.002341920375	0	0
1513	Jonesia	Actinomycetota	Actinobacteria	1	8.63037927e-09	0	0.000814995925	0	0	2.234066533e-08	2.210746423e-08	0.002087682672	0	0	0	0
1514	Aminipila	Bacillota	Clostridia	4	8.530756221e-09	0	0.0032599837	0	0	2.208278034e-08	3.903297689e-09	0.002087682672	2.013479693e-08	0.007025761124	0	0
1515	Rubricoccus	Rhodothermota	Rhodothermia	2	8.273566226e-09	0	0.00162999185	0	0	2.141701637e-08	0	0	0	0	3.162512698e-08	0.006230529595
1516	Aequorivita	Bacteroidota	Bacteroidia	1	8.115583955e-09	0	0.000814995925	2.67683374e-08	0	0	2.078877143e-08	0.002087682672	0	0	0	0
1517	Pelotomaculum	Bacillota	Desulfotomaculia	1	8.010378406e-09	0	0.000814995925	0	0	2.073572638e-08	2.05192783e-08	0.002087682672	0	0	0	0
1518	Lacticaseibacillus	Bacillota	Bacilli	1	7.917286048e-09	0	0.000814995925	0	0	2.049474679e-08	0	0	2.275060885e-08	0.002341920375	0	0
1519	Candidatus Gigarickettsia	Pseudomonadota	Alphaproteobacteria	1	7.781344015e-09	0	0.000814995925	0	0	2.014284622e-08	1.993258686e-08	0.002087682672	0	0	0	0
1520	HAVOmat113	Cyanobacteriota	Cyanobacteriia	1	7.737786697e-09	0	0.000814995925	0	0	2.003009341e-08	1.982101102e-08	0.002087682672	0	0	0	0
1521	MWH-Ta3	Actinomycetota	Actinobacteria	1	7.533075683e-09	0	0.000814995925	0	0	1.950017693e-08	0	0	2.164656642e-08	0.002341920375	0	0
1522	Pseudobacteroides	Bacillota	Clostridia	1	7.283667189e-09	0	0.000814995925	0	0	1.88545562e-08	1.865774455e-08	0.002087682672	0	0	0	0
1523	Hydrogenophilus	Pseudomonadota	Gammaproteobacteria	1	6.953133725e-09	0	0.000814995925	0	2.239237554e-08	0	1.781105445e-08	0.002087682672	0	0	0	0
1524	Microbaculum	Pseudomonadota	Alphaproteobacteria	1	6.690256735e-09	0	0.000814995925	0	0	1.73184494e-08	0	0	0	0	2.557303743e-08	0.003115264798
1525	hgcI clade	Actinomycetota	Actinobacteria	1	6.624021312e-09	0	0.000814995925	0	2.133247808e-08	0	1.696800449e-08	0.002087682672	0	0	0	0
1526	Caldanaerobius	Bacillota	Thermoanaerobacteria	1	6.611496964e-09	0	0.000814995925	0	0	1.711457126e-08	0	0	1.899837652e-08	0.002341920375	0	0
1527	Tsuneonella	Pseudomonadota	Alphaproteobacteria	1	6.432096387e-09	0	0.000814995925	0	0	1.665017356e-08	0	0	1.848286245e-08	0.002341920375	0	0
1528	Prevotellaceae UCG-001	Bacteroidota	Bacteroidia	1	6.383210495e-09	0	0.000814995925	0	2.055695348e-08	0	1.635114672e-08	0.002087682672	0	0	0	0
1529	Thermoactinospora	Actinomycetota	Actinobacteria	2	6.338418163e-09	0	0.00162999185	0	0	1.64076774e-08	1.623640728e-08	0.004175365344	0	0	0	0
1530	Branchiibius	Actinomycetota	Actinobacteria	1	6.161216986e-09	0	0.000814995925	0	0	1.594897309e-08	1.578249111e-08	0.002087682672	0	0	0	0
1531	Acutalibacter	Bacillota	Clostridia	1	6.151674056e-09	0	0.000814995925	0	0	1.592427018e-08	1.575804607e-08	0.002087682672	0	0	0	0
1532	Lachnospiraceae AC2044 group	Bacillota	Clostridia	1	5.974877956e-09	0	0.000814995925	0	0	1.546661446e-08	1.530516754e-08	0.002087682672	0	0	0	0
1533	Kerstersia	Pseudomonadota	Gammaproteobacteria	1	5.878434273e-09	0	0.000814995925	0	0	1.521695961e-08	0	0	1.689189427e-08	0.002341920375	0	0
1534	Candidatus Branchiomonas	Pseudomonadota	Gammaproteobacteria	1	5.836008011e-09	0	0.000814995925	0	0	1.510713466e-08	1.494944015e-08	0.002087682672	0	0	0	0
1535	Oscillibacter	Bacillota	Clostridia	1	5.803340023e-09	0	0.000814995925	0	0	1.502257006e-08	1.486575826e-08	0.002087682672	0	0	0	0
1536	Phormidium SAG 37.90	Cyanobacteriota	Cyanobacteriia	1	5.630764567e-09	0	0.000814995925	1.857244119e-08	0	0	1.442369128e-08	0.002087682672	0	0	0	0
1537	Simplicispira	Pseudomonadota	Gammaproteobacteria	1	5.407315006e-09	0	0.000814995925	0	0	1.399741669e-08	0	0	0	0	2.066908259e-08	0.003115264798
1538	Sulfurihydrogenibium	Aquificota	Aquificia	1	5.364702353e-09	0	0.000814995925	0	1.727687608e-08	0	0	0	1.541566695e-08	0.002341920375	0	0
1539	EcFYyy-200	Cyanobacteriota	Cyanobacteriia	1	5.312035928e-09	0	0.000814995925	1.752115076e-08	0	0	1.360724026e-08	0.002087682672	0	0	0	0
1540	Caloramator	Bacillota	Clostridia	1	5.214850294e-09	0	0.000814995925	0	1.679428165e-08	0	1.335829084e-08	0.002087682672	0	0	0	0
1541	Thomasclavelia	Bacillota	Bacilli	1	5.198490357e-09	0	0.000814995925	0	0	1.345685162e-08	1.331638344e-08	0.002087682672	0	0	0	0
1542	[Clostridium] methylpentosum group	Bacillota	Clostridia	1	5.198490357e-09	0	0.000814995925	0	0	1.345685162e-08	1.331638344e-08	0.002087682672	0	0	0	0
1543	[Eubacterium] yurii group	Bacillota	Clostridia	1	5.168211378e-09	0	0.000814995925	0	0	1.337847122e-08	1.323882121e-08	0.002087682672	0	0	0	0
1544	Lichenibacterium	Pseudomonadota	Alphaproteobacteria	2	5.015118813e-09	0	0.000814995925	0	0	1.298217465e-08	0	0	1.441112596e-08	0.002341920375	0	0
1545	Segniliparus	Actinomycetota	Actinobacteria	1	5.015118813e-09	0	0.000814995925	0	0	1.298217465e-08	0	0	1.441112596e-08	0.002341920375	0	0
1546	Chiayiivirga	Pseudomonadota	Gammaproteobacteria	2	4.958622723e-09	0	0.000814995925	0	0	1.283592844e-08	0	0	1.424878239e-08	0.002341920375	0	0
1547	Alkalispirillum	Pseudomonadota	Gammaproteobacteria	1	4.948771909e-09	0	0.000814995925	0	0	1.281042855e-08	0	0	0	0	1.891633375e-08	0.003115264798
1548	[Bacteroides] pectinophilus group	Bacillota	Clostridia	1	4.717223741e-09	0	0.000814995925	0	1.519168906e-08	0	1.208357731e-08	0.002087682672	0	0	0	0
1549	Dinoroseobacter	Pseudomonadota	Alphaproteobacteria	1	4.663272426e-09	0	0.000814995925	0	0	1.207138242e-08	0	0	0	0	1.782503199e-08	0.003115264798
1550	Geoanaerobacter	Thermodesulfobacteriota	Desulfuromonadia	1	4.647127299e-09	0	0.000814995925	0	0	1.202958902e-08	1.19040192e-08	0.002087682672	0	0	0	0
1551	Berryella	Actinomycetota	Coriobacteriia	1	4.571343748e-09	0	0.000814995925	0	0	1.183341515e-08	1.170989307e-08	0.002087682672	0	0	0	0
1552	Mogibacterium	Bacillota	Clostridia	1	4.571343748e-09	0	0.000814995925	0	0	1.183341515e-08	1.170989307e-08	0.002087682672	0	0	0	0
1553	Desulfovectis	Bacillota	Desulfotomaculia	1	4.471844659e-09	0	0.000814995925	0	0	1.157585105e-08	1.145501753e-08	0.002087682672	0	0	0	0
1554	Candidatus Nitrosotenuis	Thermoproteota	Nitrososphaeria	1	4.463265906e-09	0	0.000814995925	0	0	1.155364402e-08	0	0	0	0	1.706052108e-08	0.003115264798
1555	Negativicoccus	Bacillota	Negativicutes	1	4.412925107e-09	0	0.000814995925	0	0	1.142333145e-08	1.130408999e-08	0.002087682672	0	0	0	0
1556	Anaerobutyricum	Bacillota	Clostridia	1	4.412925107e-09	0	0.000814995925	0	0	1.142333145e-08	1.130408999e-08	0.002087682672	0	0	0	0
1557	Xylanibacter	Bacteroidota	Bacteroidia	1	4.407569295e-09	0	0.000814995925	0	1.419445544e-08	0	1.129037061e-08	0.002087682672	0	0	0	0
1558	Commensalibacter	Pseudomonadota	Alphaproteobacteria	1	4.387719841e-09	0	0.000814995925	0	0	1.135808491e-08	1.123952452e-08	0.002087682672	0	0	0	0
1559	Asaccharospora	Bacillota	Clostridia	2	4.333934423e-09	0	0.00162999185	0	0	1.121885556e-08	0	0	1.245371788e-08	0.004683840749	0	0
1560	Chitinispirillum	Fibrobacterota	Chitinivibrionia	1	4.09787445e-09	0	0.000814995925	0	0	1.060778892e-08	0	0	1.177539098e-08	0.002341920375	0	0
1561	Thermotunica	Actinomycetota	Actinobacteria	2	4.051842883e-09	0	0.00162999185	0	3.455375216e-09	7.711209409e-09	0	0	3.08313339e-09	0.002341920375	1.138664567e-08	0.003115264798
1562	Negativibacillus	Bacillota	Clostridia	1	4.005189203e-09	0	0.000814995925	0	0	1.036786319e-08	1.025963915e-08	0.002087682672	0	0	0	0
1563	Zavarzinia	Pseudomonadota	Alphaproteobacteria	1	3.97667619e-09	0	0.000814995925	0	0	1.029405419e-08	1.018660059e-08	0.002087682672	0	0	0	0
1564	Cardiobacterium	Pseudomonadota	Gammaproteobacteria	1	3.876158533e-09	0	0.000814995925	0	0	1.003385342e-08	9.929115909e-09	0.002087682672	0	0	0	0
1565	Tetragenococcus	Bacillota	Bacilli	1	3.535794531e-09	0	0.000814995925	1.166241906e-08	0	0	9.057244028e-09	0.002087682672	0	0	0	0
1566	Anaerospora	Bacillota	Negativicutes	1	3.487411771e-09	0	0.000814995925	0	0	9.027540598e-09	8.933307398e-09	0.002087682672	0	0	0	0
1567	Caminicella	Bacillota	Clostridia	1	3.484322998e-09	0	0.000814995925	0	0	9.019544975e-09	0	0	1.001232861e-08	0.002341920375	0	0
1568	Shuttleworthia	Bacillota	Clostridia	1	3.319376642e-09	0	0.000814995925	0	0	8.592563587e-09	8.502870857e-09	0.002087682672	0	0	0	0
1569	Candidatus Paenicardinium	Bacteroidota	Bacteroidia	1	3.305748482e-09	0	0.000814995925	0	0	8.557285628e-09	0	0	9.499188261e-09	0.002341920375	0	0
1570	Estrella	Chlamydiota	Chlamydiia	1	3.26162756e-09	0	0.000814995925	0	0	8.443073875e-09	0	0	9.372405191e-09	0.002341920375	0	0
1571	Haoranjiania	Bacteroidota	Bacteroidia	1	3.259501294e-09	0	0.000814995925	0	0	8.437569805e-09	8.349494964e-09	0.002087682672	0	0	0	0
1572	Syntrophobacter	Thermodesulfobacteriota	Syntrophobacteria	1	3.258089664e-09	0	0.000814995925	0	0	8.433915649e-09	0	0	9.362238917e-09	0.002341920375	0	0
1573	Lachnospiraceae NC2004 group	Bacillota	Clostridia	1	3.086866077e-09	0	0.000814995925	0	0	7.990684971e-09	0	0	8.870221724e-09	0.002341920375	0	0
1574	Geomonas	Thermodesulfobacteriota	Desulfuromonadia	1	3.003863762e-09	0	0.000814995925	0	9.673860462e-09	0	7.694657278e-09	0.002087682672	0	0	0	0
1575	Gracilibacter	Bacillota	Clostridia	1	2.978902412e-09	0	0.000814995925	0	0	7.711209409e-09	0	0	0	0	1.138664567e-08	0.003115264798
1576	Pseudoflavonifractor	Bacillota	Clostridia	1	2.954334193e-09	0	0.000814995925	0	0	7.64761193e-09	0	0	8.489386546e-09	0.002341920375	0	0
1577	Sulfuricaulis	Pseudomonadota	Gammaproteobacteria	2	2.953745035e-09	0	0.00162999185	7.008460305e-09	2.669548359e-09	0	7.566273816e-09	0.004175365344	0	0	0	0
1578	Sandaracinomonas	Bacteroidota	Bacteroidia	1	2.798547924e-09	0	0.000814995925	0	9.012646464e-09	0	7.168722971e-09	0.002087682672	0	0	0	0
1579	Cryptanaerobacter	Bacillota	Desulfotomaculia	1	2.797963456e-09	0	0.000814995925	0	0	7.242829452e-09	0	0	0	0	1.069501919e-08	0.003115264798
1580	Candidatus Dichloromethanomonas	Bacillota	Desulfitobacteriia	1	2.797963456e-09	0	0.000814995925	0	0	7.242829452e-09	0	0	0	0	1.069501919e-08	0.003115264798
1581	Anaerolinea	Chloroflexota	Anaerolineae	1	2.638838145e-09	0	0.000814995925	0	8.498305521e-09	0	6.759612533e-09	0.002087682672	0	0	0	0
1582	Paeniglutamicibacter	Actinomycetota	Actinobacteria	1	2.599245179e-09	0	0.000814995925	0	0	6.728425811e-09	6.658191721e-09	0.002087682672	0	0	0	0
1583	Defluviimonas	Pseudomonadota	Alphaproteobacteria	1	2.361188031e-09	0	0.000814995925	0	7.604140982e-09	0	0	0	6.784959518e-09	0.002341920375	0	0
1584	Paracraurococcus	Pseudomonadota	Alphaproteobacteria	1	2.190466518e-09	0	0.000814995925	0	0	5.670258265e-09	5.611069765e-09	0.002087682672	0	0	0	0
1585	Belliella	Bacteroidota	Bacteroidia	1	2.145880941e-09	0	0.000814995925	0	6.910750433e-09	0	0	0	6.16626678e-09	0.002341920375	0	0
1586	Rhodobium	Pseudomonadota	Alphaproteobacteria	1	2.144032129e-09	0	0.000814995925	0	0	5.550057853e-09	0	0	6.160954151e-09	0.002341920375	0	0
1587	Thioprofundum	Pseudomonadota	Gammaproteobacteria	1	2.144032129e-09	0	0.000814995925	0	0	5.550057853e-09	0	0	6.160954151e-09	0.002341920375	0	0
1588	Flavihumibacter	Bacteroidota	Bacteroidia	1	1.941520456e-09	0	0.000814995925	6.403886021e-09	0	0	4.97337286e-09	0.002087682672	0	0	0	0
1589	Couchioplanes	Actinomycetota	Actinobacteria	5	1.877414851e-09	0	0.000814995925	0	6.046162789e-09	0	4.809160799e-09	0.002087682672	0	0	0	0
1590	Piscinibacterium	Pseudomonadota	Gammaproteobacteria	1	1.87137703e-09	0	0.000814995925	6.17252585e-09	0	0	4.793694397e-09	0.002087682672	0	0	0	0
1591	Desulfoscipio	Bacillota	Desulfotomaculia	1	1.865308971e-09	0	0.000814995925	0	0	4.828552968e-09	0	0	0	0	7.130012794e-09	0.003115264798
1592	Aquabacter	Pseudomonadota	Alphaproteobacteria	1	1.772799732e-09	0	0.000814995925	0	0	4.589082852e-09	4.541180108e-09	0.002087682672	0	0	0	0
1593	Methylovorus	Pseudomonadota	Gammaproteobacteria	1	1.717496583e-09	0	0.000814995925	0	5.531150414e-09	0	0	0	4.935288777e-09	0.002341920375	0	0
1594	Rurimicrobium	Bacteroidota	Bacteroidia	1	1.353559755e-09	0	0.000814995925	0	4.35910189e-09	0	3.467260584e-09	0.002087682672	0	0	0	0
1595	Alteraurantiacibacter	Pseudomonadota	Alphaproteobacteria	2	1.126448911e-09	0	0.000814995925	0	3.627697673e-09	0	2.885496479e-09	0.002087682672	0	0	0	0
1596	Lottiidibacillus	Bacillota	Bacilli	1	1.111302514e-09	0	0.000814995925	0	0	2.876726129e-09	0	0	3.193368115e-09	0.002341920375	0	0
1597	Spirilliplanes	Actinomycetota	Actinobacteria	1	1.070977834e-09	0	0.000814995925	0	0	2.772341355e-09	0	0	3.077493682e-09	0.002341920375	0	0
1598	Candidatus Symbiobacter	Pseudomonadota	Gammaproteobacteria	1	7.972156249e-10	0	0.000814995925	0	0	2.063678422e-09	2.042136893e-09	0.002087682672	0	0	0	0
1599	Geobacter	Thermodesulfobacteriota	Desulfuromonadia	1	5.632244554e-10	0	0.000814995925	0	1.813848837e-09	0	1.44274824e-09	0.002087682672	0	0	0	0
1600	Zoogloea	Pseudomonadota	Gammaproteobacteria	2	0	0	0	0	0	0	0	0	0	0	0	0
1601	Rhabdanaerobium	Bacillota	Clostridia	1	0	0	0	0	0	0	0	0	0	0	0	0
1602	Labedaea	Actinomycetota	Actinobacteria	1	0	0	0	0	0	0	0	0	0	0	0	0
1603	Balneola	Balneolota	Balneolia	1	0	0	0	0	0	0	0	0	0	0	0	0
1604	Thermus	Deinococcota	Deinococci	1	0	0	0	0	0	0	0	0	0	0	0	0
1605	Pseudochrobactrum	Pseudomonadota	Alphaproteobacteria	1	0	0	0	0	0	0	0	0	0	0	0	0
