site	Domibacillus	Massilia	Bacillus	Microvirga	Flavisolibacter	Herpetosiphon	Noviherbaspirillum	Streptomyces	Paenibacillus	Nocardioides	Rubrobacter	Ammoniphilus	Lysinibacillus	Deinococcus	Rubellimicrobium	Geodermatophilus	Ramlibacter	Ectobacillus	Acidiferrimicrobium	Neobacillus	Planococcus	Nibribacter	Bradyrhizobium	Adhaeribacter	Metabacillus	Solirubrobacter	Ellin6055	Halomonas	Symbiobacterium	Arthrobacter	Sphingoaurantiacus	Blastococcus	Nitrolancea	Pontibacter	Tumebacillus	Roseomonas	CSP1-2	Chthoniobacter	Pseudomonas	Aeromonas	Pseudonocardia	Lysobacter	Cytophaga	Saccharopolyspora	Archangium	Actinomadura	Cellulomonas	Pirellula	Segetibacter	Halalkalibacter	Chelativorans	Oxalophagus	Steroidobacter	Devosia	Gemmatimonas	Gaiella	Phenylobacterium	Cnuella	Aquibacillus	Prauserella	Roseisolibacter	Vallicoccus	Verrucosispora	Azospirillum	Sphingomonas	Telluribacter	Mycobacterium	Acidibacter	Brucella	Pir4 lineage	MND1	Croceibacterium	Marmoricola	Daejeonella	Bryobacter	Pedomicrobium	Opitutus	Escherichia-Shigella	Sediminibacillus	DSSF69	Terribacillus	Peredibacter	Subgroup 10	Limnobacter	Nitrospira	Truepera	Kallotenue	Litchfieldia	Novosphingobium	Sporocytophaga	OM27 clade	Arenimicrobium	Kocuria	Parviterribacter	Arcticibacter	Roseicella	Nitrosomonas	Actinophytocola	Mesobacillus	Dongia	Lautropia	Saccharibacillus	Brevibacillus	Rhodocista	Pelagibacterium	Caulobacter	Baekduia	Isoptericola	Saccharomonospora	Gemmata	Pantoea	Georgenia	Kineococcus	Streptococcus	Glycomyces	Conexibacter	TM7a	Blastocatella	Cystobacter	Niallia	[Polyangium] brachysporum group	Saccharothrix	Amycolatopsis	Falsirhodobacter	Gracilibacillus	Rubritepida	Methylobacillus	Caenimonas	Aridibacter	Oceanobacillus	SH-PL14	Brevundimonas	Neorhizobium	Turicibacter	Sumerlaea	Polycyclovorans	Thermosipho	Limibaculum	Corynebacterium	YC-ZSS-LKJ147	Pajaroellobacter	Phaselicystis	Luteitalea	Myxococcus	Aeromicrobium	Azohydromonas	Herbaspirillum	Staphylococcus	Polygonibacillus	Arsenicitalea	Aureibacillus	Nesterenkonia	Paracoccus	Hydrocarboniphaga	Rufibacter	Abditibacterium	Caldilinea	Bauldia	Anaeromyxobacter	Plastorhodobacter	Tepidisphaera	Ohtaekwangia	Candidatus Alysiosphaera	Fimbriiglobus	Enterococcus	SM1A02	Rhizorhabdus	Actinoplanes	Longispora	Acinetobacter	JCM 18997	Allorhizocola	Rhodoplanes	Litorilinea	Crossiella	Ornithinibacillus	Nonomuraea	Modestobacter	Nordella	Paraconexibacter	Pelagibius	Fictibacillus	Rhodococcus	Mangrovihabitans	Peribacillus	PMMR1	Cupriavidus	Sandaracinobacter	I-8	Luedemannella	Rhodocytophaga	Niastella	Thermobaculum	Pseudalkalibacillus	Sandaracinus	Kineosporia	Plantactinospora	Tautonia	SZB85	MM2
1	1.068143	1.205283	-0.69187	0.726581	0.346068	-0.362257	0.451061	-0.011209	-0.790904	0.206178	1.449948	-2.686488	-0.521193	1.441649	0.973429	1.509567	-0.364028	-0.915256	-0.741373	-0.740724	2.020686	1.51281	-1.582392	0.997452	-0.287664	0.652628	1.393247	-2.10647	-0.655101	2.771024	0.749411	2.389623	-0.78013	-1.194269	0.052315	0.089065	-4.135274	0.327673	-0.310795	-0.297081	0.283847	0.39075	-1.086903	-0.220437	0.571567	0.469897	2.282351	-0.071706	1.429142	-3.575791	-2.197932	-1.848846	0.164702	0.394038	0.162734	0.150986	-0.15364	0.805498	-1.634622	-2.117004	0.6492	2.413019	-1.026899	0.674084	1.104131	0.038187	0.78184	-0.964032	-2.189059	0.065044	-0.36497	0.382551	1.250626	-0.12194	0.62652	-0.581609	-1.75484	-1.404276	-1.524418	-0.94577	0.956779	-1.526034	-0.566306	3.261536	0.809534	1.348637	4.127514	-1.005039	1.670561	0.405244	-0.922833	2.523051	2.428624	0.669986	1.206985	0.175043	1.770974	-0.343514	-0.462211	-0.377905	0.080165	1.477214	-2.245109	-2.738341	-2.509376	0.155266	-0.135017	1.906092	-1.118441	0.739556	1.02151	0.231503	1.497379	-1.618948	-2.19953	0.562919	0.691374	1.431754	-0.141184	0.937465	-1.693499	0.322286	-1.523245	-2.231989	-0.724817	0.984755	-0.644675	0.166814	1.601586	-1.923066	-0.574634	-0.080589	-0.164151	0.720154	0.526061	-0.916739	-1.969448	-0.988588	0.413079	1.331424	0.271653	-0.1641	0.099286	-0.079787	0.296918	-2.272082	-0.033169	-0.819278	-1.454553	-1.274627	-2.774625	-1.27078	0.340784	1.939414	2.984502	1.260114	-1.515413	-1.242326	-0.661803	-2.410556	-0.279898	-2.498155	-0.013958	0.368742	-0.697829	-1.356432	2.968292	2.243189	-1.514192	-0.738424	-0.414354	-0.941299	0.224982	0.241628	-0.083209	-1.327858	0.992778	2.138293	-0.037971	1.219904	-0.915996	-1.263764	-0.195345	1.953834	0.915908	3.488365	0.519066	0.210091	-1.483591	-0.785897	2.970498	-0.705497	4.577889	-1.866304	-0.994337	3.258273	-1.08806	-0.146207	1.435778	-2.87148
2	-0.040788	0.283326	-1.915075	0.67545	0.117982	-0.779434	-0.070371	-0.563426	-1.214207	-0.264768	0.255861	-1.579076	-0.426248	-0.163605	0.312441	0.942173	-0.002396	-2.133946	-1.49858	-0.576219	1.902792	0.957962	-2.881028	0.711937	-0.957314	-0.09525	0.630397	-1.56224	-3.276134	1.878634	0.072614	1.615538	-0.621961	-0.949572	0.471437	0.627286	-3.269765	0.998299	-0.316382	-0.568497	0.610907	-0.860638	-2.018398	-2.832397	0.231883	-1.551359	1.729123	0.566179	0.88583	-1.767042	-0.753525	-3.414943	-0.759039	0.647677	0.514593	-0.502834	-0.241173	0.279695	-0.938134	-2.389062	-0.264546	0.285772	-1.839221	0.770536	1.322853	0.863211	1.055613	-2.738716	-2.090956	0.512378	-0.367299	1.1841	0.759535	-0.562316	1.528239	-1.235634	-1.169693	-0.370132	-0.655339	-0.7781	-0.132997	-1.529526	1.552142	2.396362	0.036743	1.410794	1.709705	-0.685998	1.286905	-0.766431	-1.162713	3.194276	2.83052	0.150849	1.471903	0.335622	-0.48402	-0.318083	0.335875	-2.782884	-0.288242	0.977752	-0.229365	-1.46262	-0.675038	0.877098	-0.388425	0.670158	-1.211543	0.885779	1.621638	1.12482	1.26564	-1.36991	-2.724545	-0.3652	1.750118	1.408591	-1.725659	2.935032	-0.880713	0.648363	-0.95365	0.854044	-0.604689	0.313929	-1.015285	-0.211259	0.486558	2.359815	0.142306	0.41056	1.471272	0.362021	0.044172	-2.414326	-3.085873	0.779662	0.988952	3.031706	-0.195387	-0.616739	0.474785	1.130744	1.0785	1.441872	1.359886	-1.429473	-0.297631	-0.364851	-2.073885	-0.9056	3.084563	0.019178	2.177482	2.333906	-0.948836	-1.388636	-1.144556	-1.87474	2.40829	-1.529297	1.229957	-0.194129	-0.007114	-1.685029	2.708584	1.253517	0.569773	-0.518723	-1.767119	-1.884827	0.461896	0.975122	0.115249	-0.390259	1.809946	2.062927	-1.316137	0.151869	-1.316606	-2.149973	1.534545	2.290887	2.298388	2.057049	0.789237	-0.019596	-0.54712	-1.572675	2.712277	-1.342933	1.125947	-0.533475	-1.225928	1.674923	-0.315243	1.719608	2.907015	-1.42956
3	0.102724	-0.228968	-1.052034	0.52056	0.014917	-0.095287	0.283763	0.253064	-0.66693	-0.057674	0.244893	-1.65178	-0.292207	0.202413	0.662965	0.876738	0.167237	-0.860831	-0.17833	0.084911	0.33502	-0.599402	-0.932365	0.610464	-1.31642	0.425336	1.074112	-0.662932	0.060854	1.269979	0.050585	1.679295	-1.795571	-1.713155	-0.823799	-0.449121	-4.158242	-0.291956	-0.634553	-0.609142	0.618218	0.168552	-0.602448	-1.77076	0.374426	-1.282937	1.665464	0.943179	-0.009749	-1.407472	-0.205333	-2.322125	1.054371	-0.163143	0.98895	0.841965	0.090354	-0.238509	-1.684938	-2.489765	0.691969	1.553536	1.344412	-0.166057	0.966642	-0.822272	-0.328185	-1.263051	0.877636	0.053006	0.948272	0.117254	0.919593	0.288366	0.877812	-0.067296	0.434279	-0.644646	-1.485133	-0.091734	-0.545318	-0.725839	1.569406	2.92996	1.889816	0.67306	4.224884	1.177086	0.471614	-0.032596	0.215796	1.622687	0.736341	0.058086	-1.074532	-0.381571	4.028222	-0.599518	-0.950769	-0.123477	-0.168905	-0.800203	-1.496775	-1.553778	-0.591232	1.698471	0.454695	0.601342	-1.96941	0.862101	-1.077038	-0.879749	0.88035	-2.252115	-0.183174	0.671794	0.095087	1.737152	-0.045081	0.185801	-1.280689	-0.167562	-0.4426	-0.707779	-1.893528	0.352508	0.273139	1.029774	2.391764	-1.263383	-1.213526	-0.620225	-0.653467	0.034167	1.263732	2.307534	-0.409441	0.362964	0.184343	1.652612	-0.306899	0.057273	1.950023	-0.192049	-0.333134	-1.041257	0.780256	0.729264	-1.767683	-0.308304	-0.714102	-1.935257	0.84093	-0.846004	0.316104	0.985067	-0.154975	-1.120906	0.619264	-2.155649	-0.304917	-0.698369	-0.570922	0.068792	0.165141	0.698662	1.258251	1.180813	-0.751112	-0.639759	-1.541205	-0.080718	0.439429	0.283057	1.12859	-1.345461	1.309824	1.461084	0.540417	-0.512189	-0.735149	0.474385	-0.498623	0.475497	0.767818	2.358809	-1.348088	-0.786654	0.194712	-0.911083	2.491573	-0.621361	-0.15096	-0.167187	0.071822	0.811345	0.173594	0.379539	-0.151906	-1.4743
4	-0.725238	-0.251975	-0.903299	0.474098	-0.157904	-1.32312	-0.108131	0.137118	-0.417769	0.180894	0.027363	-0.55694	0.012015	0.292276	-0.093391	0.403537	-0.259174	-0.417506	-0.48054	0.144239	0.430132	0.433466	-2.001793	0.574681	-0.608896	0.122178	0.6633	-2.111147	-0.749972	1.519957	0.578774	0.997347	-0.921276	-0.916029	1.131762	0.389898	-2.394579	0.6301	-1.631056	-0.742888	0.754825	-0.081976	-1.383606	-0.511238	0.128086	-0.476279	1.131681	-0.070973	0.415616	-3.617467	-0.201757	-1.062398	0.449576	0.358621	0.15911	-0.192989	0.059156	0.191075	-1.8124	-1.082919	0.318232	0.317668	0.401125	0.207296	1.233309	-0.12356	1.246346	-0.717221	-0.547848	-0.246147	-0.154545	0.178459	1.076451	0.168914	1.033148	0.050191	-0.961262	-0.801334	-1.752142	-0.249785	1.260844	-0.785339	0.472464	1.974443	0.404214	0.518915	2.405947	-0.94043	0.480975	0.070058	-0.534401	2.473186	0.966955	0.110977	-0.3679	0.548365	0.272142	1.049447	0.425295	0.669606	-0.69339	-0.371829	0.928278	-1.829282	-1.066339	1.971538	0.193538	1.178894	0.322669	0.836596	-0.057518	-0.665508	0.464019	-2.325402	-1.51668	-0.153563	0.42106	1.956213	-0.125762	1.211834	-0.200771	1.395982	-0.703053	-1.489142	-1.994838	0.559351	-0.324468	0.261874	1.374762	-0.309796	1.154447	-0.39257	0.530029	-1.212737	0.026366	-0.932788	-2.401385	-0.921149	-1.513222	1.378538	0.070896	-0.455621	0.497211	0.924972	1.413827	-0.654598	-0.383983	-1.240715	-1.833513	0.661069	-0.788649	-1.535646	0.560544	-0.219213	1.648923	1.236946	-0.054654	0.062121	-0.312015	-3.013505	0.610192	-1.130651	-0.300239	-0.245744	0.723941	-0.316997	1.817746	2.296413	-0.093872	-0.751264	-2.303504	0.552199	0.052978	0.455661	0.169728	-1.294867	2.737056	0.777974	-0.111007	0.611551	-1.137723	0.122652	0.94533	1.651332	0.984608	1.67534	1.50474	1.179297	-1.01048	-0.074923	2.04935	0.178864	1.347441	-0.809902	0.056621	0.507224	-1.550596	0.541338	1.014114	-1.658427
5	-0.845552	0.009915	-1.243998	1.139161	0.272622	-0.413846	-0.005183	-0.251325	-0.835118	0.213372	2.087705	-1.165932	-1.349499	0.725841	0.72555	1.623507	0.017708	-0.945401	0.500969	-0.831165	-0.082295	-0.934307	0.074171	0.507268	-0.891143	1.281393	1.844734	-1.218314	-2.639638	1.302434	0.661867	2.264088	-2.258447	-2.600101	0.243507	0.117893	-2.822314	0.703235	-1.089069	-0.001374	1.181382	-0.059403	-1.296469	-1.216101	-0.373203	0.042561	1.456805	0.374495	1.793497	-2.619697	-0.702783	-1.438067	0.163586	-0.321091	0.608101	1.445615	-0.304996	0.05317	-0.141171	-1.453646	1.118282	2.342196	0.060158	-0.33078	1.778644	-1.065168	-0.027326	-1.000443	-1.2093	-1.156294	-0.584209	-0.287882	1.870812	-1.287607	1.777278	-1.452876	-1.439434	0.23477	-0.624913	-2.544989	-0.037472	-0.945638	-0.896354	3.15595	0.666483	1.82571	4.163043	-0.913014	0.103274	1.339704	-0.620545	5.197095	1.139614	1.221999	0.318037	0.393133	0.74985	-0.180146	-0.716124	-1.27589	0.840347	0.061219	-1.422054	-1.433001	-1.244429	0.648531	1.59461	-0.549535	-1.117457	0.50704	-0.402803	-0.118059	0.092431	0.357146	-1.502258	0.81276	-0.922156	3.318575	-1.467724	-0.547	-1.937233	1.071996	0.121019	-1.407744	-0.327411	0.284718	-1.757162	-0.07503	2.190315	-1.521372	-0.055101	-2.294229	-1.019661	-0.199028	1.000313	-0.842362	-1.751953	-1.254399	0.819497	2.740017	-0.477705	-0.91036	0.875438	1.520558	-1.771275	-0.889576	-0.234589	-0.850955	-0.829269	-0.669452	-0.832278	-0.810719	-0.248225	-0.176628	1.038453	2.920278	-1.868178	-1.018527	-0.075478	-1.465604	-0.921647	-1.294384	1.416674	8e-06	-0.421153	-1.546929	0.79508	1.857929	-0.544006	0.199848	-1.429584	-0.446399	1.47093	0.212508	0.841718	-1.415934	0.623084	1.902408	-0.694174	1.216842	-0.232207	-1.045547	-1.236932	3.832234	0.832499	4.045567	-0.312282	-1.156629	-0.566144	-1.227911	3.205342	-0.234933	4.572027	-1.259017	-1.175012	1.756721	-0.273701	0.126356	2.950442	-0.886111
6	0.083795	-0.51054	-0.476697	0.841404	0.225221	-0.055688	0.005173	0.019368	-0.496247	0.004378	-0.329306	-1.618989	-0.171989	-0.622333	0.495109	0.9739	-0.047567	-1.176031	-0.437682	-0.870222	-1.021334	-1.147025	-1.177779	0.415886	-0.525587	0.254014	1.140268	-1.203009	-1.075563	0.802867	-0.031845	1.421826	-2.212681	-0.736949	-0.165057	0.375189	-4.678129	0.781245	-1.694807	-0.569396	0.163828	-0.76178	-1.373452	-1.466009	1.102657	-1.427063	1.209188	0.919622	0.305581	-1.211355	-0.214399	-2.034449	0.587957	0.129277	0.550373	-0.175895	0.040728	-0.168193	-0.927587	-2.413217	0.752685	1.466151	0.259111	0.568514	0.654508	-1.874909	0.788252	0.008967	-0.664478	0.651032	0.406174	0.768628	1.010527	-1.330954	1.546385	0.291831	0.110539	-1.345258	-1.469878	-0.457748	1.231912	-0.495731	2.190357	2.564158	0.727924	-1.113634	3.404331	-0.051209	-0.105229	0.096677	0.432086	1.815894	0.929632	0.560951	-0.297312	1.143714	1.023693	-0.614136	0.886605	-0.44205	0.373237	-1.787818	-0.012401	-0.119405	-0.449597	0.078755	0.658054	0.852286	-0.982876	0.931716	-1.303797	0.847283	0.820422	-0.166849	-1.274463	0.208764	-0.652397	2.008544	0.905476	1.338932	-1.093297	0.569752	-0.441805	-1.740747	-0.308937	0.719816	-0.905103	-0.675536	2.295224	-0.626797	0.645994	-0.667228	-0.634714	1.054821	0.638296	-0.37322	-2.02358	-0.304217	-0.404522	2.019725	0.519999	0.6893	1.376323	0.946083	0.859528	-1.460611	0.376043	-1.971563	-1.192254	0.025129	-2.769885	-0.06911	1.065561	-2.05966	0.188873	1.866173	-0.451787	-0.013106	0.470268	-1.949755	0.106019	-0.863404	-0.346138	0.298321	-0.561729	0.478369	0.435405	1.527376	-0.51307	-0.23184	-0.600369	-1.988688	1.116346	1.82183	-1.114198	0.409777	0.940467	1.589946	-1.142297	1.38462	-0.72414	-1.045084	2.058481	2.778676	0.488235	2.706809	-0.129878	-0.941002	0.428252	-0.099787	2.429364	-0.840715	0.31248	-0.526939	-0.403088	1.260492	-1.217969	0.685457	1.191997	-1.273437
7	-0.134477	0.050385	-0.525567	-0.106761	0.283115	1.201614	0.151792	1.666588	-0.208987	0.444997	0.699919	-0.463154	-0.421172	0.026188	0.109899	1.050776	0.560112	-0.47965	0.245968	-0.422602	-1.353996	-1.11647	0.601713	0.358668	-1.111622	1.01318	0.924623	-1.276757	0.369083	0.320219	-0.245529	0.715638	0.741326	-1.542029	-1.256968	-0.283913	0.994045	0.320932	-2.128269	-0.588859	0.980288	-0.654442	-0.064265	1.254341	1.101138	1.03073	1.178085	0.990323	-0.161498	-2.038252	0.319991	0.107246	1.092003	-0.245185	0.785721	0.980767	0.220388	-0.189555	-1.178251	-0.85388	0.60149	0.141934	0.273078	-0.211012	0.023408	-1.137414	1.125555	0.868218	-0.623634	0.548818	1.210685	0.245479	1.238149	0.32509	-0.221076	1.448074	0.477977	-0.272263	-1.080498	-0.874153	1.225295	0.060354	0.528694	0.803029	0.908472	-0.198272	1.699889	0.206513	-0.539045	0.063251	0.324106	-0.080819	0.646501	0.965055	-0.332625	-0.243783	0.852931	0.866774	0.205737	1.535391	-0.26425	-2.084762	-0.503755	-1.685724	-1.118466	-0.388482	0.901805	-0.756149	-0.907301	0.669543	-1.432735	-0.025557	-1.612086	0.082634	-0.559546	0.802149	-1.323118	0.568433	1.4524	0.858728	-0.53262	1.078476	-0.055875	-1.965965	-0.826426	0.168151	-0.141875	-0.9306	0.974505	0.086821	0.044548	-0.573064	0.596039	0.083528	0.531823	-1.044538	0.641859	-1.81366	-1.475257	0.008408	0.508408	0.574804	0.169172	-0.370511	1.721866	-1.658923	0.738792	-1.358767	-1.431147	-0.038429	-1.302295	-0.26221	-0.36891	-1.661465	-0.969702	-0.519273	0.32368	-0.167999	-0.00258	-1.791236	-2.083149	-1.29902	-0.019685	-1.269127	-1.008492	0.76058	-0.904053	0.765747	0.474376	-1.328411	0.747017	-1.209828	0.560221	1.155327	-0.117467	-0.732334	1.478491	0.080818	0.414481	1.436089	0.681116	1.373231	0.073988	2.150447	0.820492	0.265818	-0.451719	-0.674604	0.263388	1.362907	1.425839	0.277736	-0.326022	-1.204427	0.138528	-0.100054	-0.643093	1.512767	-0.985292	-0.968982
8	-0.272223	-0.261753	-0.340183	-0.150376	0.437872	1.242965	0.355095	0.920078	0.076925	0.288063	0.846583	-0.236432	-0.803342	1.056478	0.330017	0.979761	0.434418	0.32365	0.900952	0.11612	-1.345483	-1.373269	0.056599	0.659341	-0.95784	1.420689	1.304757	-0.754072	1.171653	-1.395963	0.383296	1.237438	1.097421	-0.974138	-1.582707	-0.390791	1.513383	0.044842	-2.846077	-0.727247	0.703236	0.839573	0.592126	1.273162	0.348617	0.807516	0.638827	0.585183	-0.030148	-1.928596	0.047578	1.634819	1.300731	-0.676408	0.897998	1.381647	0.727138	-0.123632	-1.065926	0.46901	1.392619	1.239513	0.551897	-1.48874	0.949216	-1.128903	0.906066	1.280385	0.267683	0.288213	1.300926	0.256193	0.796662	-0.261069	0.054091	1.584171	0.968589	-1.087083	-0.823461	-1.090601	0.326985	0.514351	0.331407	1.371317	0.8428	-0.549228	0.554708	-1.870703	-0.742634	0.557248	0.803421	-0.409899	0.069016	0.89471	-0.425127	-0.315926	0.332029	0.973769	0.36314	1.7173	1.1517	-2.79096	0.06425	-2.166914	-1.117175	-1.672267	0.683928	-2.402942	-1.961308	-0.419181	-2.624242	-0.639308	-0.390555	0.530834	1.281517	1.062164	-2.94289	1.188262	-0.220793	-0.520057	0.086734	0.410819	-0.488098	-3.349617	-1.528524	0.881968	-0.922644	1.291673	1.359399	0.86867	-0.582723	-1.041103	-3.102845	1.332308	0.717014	-0.460345	0.124623	-1.235579	-0.297995	-0.706838	-0.050216	0.10981	0.41036	-0.122745	0.605694	-0.326613	0.332714	0.026217	-1.517609	0.330514	-1.183765	-0.646468	-1.420476	-1.425036	-0.455295	-1.366364	1.942386	1.033964	0.892195	-2.455028	-2.030268	-1.06974	-0.907104	0.815743	-1.420028	-0.382534	-0.225059	1.514645	1.408303	0.239954	1.616763	-0.927583	-0.287964	1.425596	-1.196521	-0.659074	0.120562	1.232808	1.989926	1.565355	0.19622	2.015287	-0.929472	1.808602	-0.545357	0.792546	-1.398052	-2.046078	-0.057885	0.584431	0.696681	-0.261618	0.394227	-0.843587	0.554863	0.746387	-0.309101	0.516818	0.139175	-1.547067
9	1.011014	1.316986	0.294812	0.000353	0.897836	0.477809	0.73124	0.657481	0.519359	0.021839	0.481035	0.108143	0.682318	1.490831	0.699068	0.887191	0.675224	1.436906	-0.27665	0.468135	-2.143758	0.197018	1.349574	0.779769	-0.216744	0.663326	1.044556	-1.191859	0.78722	-0.527302	0.822065	0.364109	0.408479	-0.603984	1.446128	-0.872471	0.815334	-0.400273	-0.003481	0.453801	-0.243438	1.179099	0.298708	0.042992	0.163493	0.007334	0.723372	0.665617	0.661606	-1.661588	0.596311	1.640791	0.798153	-1.506102	0.518895	0.529978	0.213126	0.806217	-1.535917	-1.22861	0.92169	0.489041	-0.382043	-0.792297	0.109834	-0.081735	0.50123	0.389907	-0.653016	-0.282082	0.212994	-0.4792	0.599081	0.106031	-0.64903	-0.579326	0.230131	-1.624182	-1.792349	0.992144	0.732384	0.174889	1.230281	1.822908	0.389739	-1.860806	1.402386	-1.945815	-0.047166	1.381669	-0.427442	0.069598	-0.235545	0.265817	-0.562798	-0.193428	-0.127286	1.245945	-0.801587	0.433652	0.758697	0.737852	0.249756	-3.107385	-2.387386	0.722886	-0.157539	-1.381823	-1.812782	-0.315864	-0.539528	-2.815618	-1.537541	0.802874	2.154315	0.509135	-1.001364	0.522104	-0.571514	0.595523	0.824132	1.475119	0.071122	-3.006074	-2.292666	1.615541	0.13462	1.59718	1.743665	-1.085269	-0.486844	-0.101943	-1.175915	2.337625	-0.504237	0.374635	-0.054448	-0.411262	0.173235	-1.16188	-0.687269	-0.365581	0.148065	-1.237068	0.680368	0.293833	0.114556	0.308006	-1.517075	-0.265864	1.210015	0.030026	-0.823553	-0.891721	0.946281	-0.218227	1.213062	0.538312	-0.040101	-2.58924	-1.666905	-0.811024	-1.275993	-0.357946	-1.392351	-0.651852	-0.815694	1.074455	0.072704	0.420671	0.927365	-0.400629	-1.448046	0.58177	-1.087553	-0.000602	-0.489935	-0.105174	1.049131	1.67156	-0.470667	1.223329	0.108601	0.148274	1.170031	0.106868	-1.226234	-2.115017	-0.823814	0.608196	-0.11094	-0.192701	-0.586056	-1.784911	-0.175357	0.503443	2.718829	-0.474049	-0.142806	-0.723623
10	1.034779	1.012765	0.288664	-0.026438	0.496139	0.519248	0.463766	0.467495	0.27421	-0.158132	0.663355	-0.133464	0.613479	1.330953	0.531294	0.788582	0.362873	1.395904	-0.062286	0.820921	-0.26357	0.62675	0.350964	0.670113	-0.027179	0.152597	0.515395	-1.142952	0.817077	0.499518	0.34672	1.009922	0.66195	-0.995968	0.364386	-0.259673	-0.220902	-0.188082	-1.559817	-0.931901	-0.58032	0.721085	0.608901	0.884383	0.528737	0.576344	1.709665	0.169054	0.128973	-1.361264	0.311206	1.54039	0.980587	-0.71368	0.094766	0.69346	-0.228392	0.60765	-1.713642	-0.754462	0.848124	0.82502	1.019428	-1.019979	-0.025266	0.565647	0.494399	0.091741	-1.158885	-0.595884	0.31816	-0.286681	0.19578	-0.022934	-0.653087	0.020933	-0.019083	-1.381381	-1.304779	0.999917	1.256884	-0.676128	-0.243362	2.827021	0.576592	-1.251155	1.810501	0.214749	-0.106598	1.376222	-0.085284	1.225599	-0.861177	0.224657	0.216848	-0.125289	0.322548	0.504179	-0.286995	0.302498	0.472504	0.056626	0.896509	-2.252777	-1.239661	-0.170948	-0.065196	0.091818	-0.714933	-0.00044	-0.633395	0.200469	0.687919	1.344153	-0.06101	0.160518	-2.93103	0.37582	1.035049	0.087851	0.558626	-0.936366	-2.175011	-2.660762	-0.70792	1.302951	0.502518	1.088189	1.515964	-0.910329	-0.986593	-1.63284	-0.23416	0.568151	0.453466	-0.991244	-0.039787	-1.731865	0.132025	-0.846278	0.331287	-0.137867	0.672968	-0.952488	0.78844	-0.80107	0.581929	-0.136989	-1.957503	0.097763	2.019198	0.065877	-0.919148	-0.849709	0.652558	-0.895179	1.035838	-0.628314	0.453393	-2.185804	-1.31699	-0.099567	-0.53267	0.083708	-1.552311	-0.036921	-1.637414	0.967683	1.127004	-0.392593	0.018698	0.327412	-1.284299	-0.291585	-0.47666	-0.647071	0.862872	0.662599	0.519429	1.148202	-0.501147	-1.063035	1.117537	0.208703	-0.22986	0.882443	-0.208187	-0.726141	-2.187987	1.972738	1.796285	-1.890976	-1.64635	-1.698823	-0.902009	-0.57245	0.773765	0.283377	-0.080829	-1.066741
11	-0.142939	-0.25842	-0.276746	0.192464	0.660014	0.205695	0.242307	0.241698	0.065096	0.126739	0.849009	-0.651725	0.038614	0.848268	0.508565	1.112162	0.445539	0.490756	0.297863	0.416002	-1.270328	-1.788876	0.448682	0.144882	-0.793525	1.16224	0.938447	-0.151513	0.772354	-0.35571	0.435738	1.486222	-0.950944	-2.504627	0.609566	-0.12291	0.182442	-0.577577	-1.418332	-0.372948	0.471226	0.077578	-1.484718	-1.496049	1.124385	0.105142	1.58569	0.80807	0.46966	-2.862924	0.729856	0.398423	1.318383	-0.935176	0.768483	0.969791	0.232975	0.829267	-2.292079	-2.627903	1.266626	0.843724	2.043275	-0.890675	0.616116	-1.402928	2.192919	0.651903	0.044803	-0.248277	0.491226	0.18809	1.245175	-1.804382	1.189752	0.278264	-0.048742	-1.903634	-1.832111	-0.421271	-0.049411	-0.050648	0.305526	2.846767	0.727591	-0.893604	1.907708	-1.645094	-0.397375	0.270059	-0.014868	2.409522	-0.045276	1.22638	-0.715542	0.325221	-0.132403	0.173457	-0.353454	0.785037	0.206339	-1.162381	0.288597	-1.395353	-0.912361	0.595667	1.151056	-0.205801	0.536576	0.40361	-1.409661	0.267765	-0.638757	-0.432489	-0.26624	0.89428	-0.725973	1.275	0.64315	0.967278	1.148413	0.521747	-0.534274	-2.894576	-0.031768	1.349284	-0.900174	0.993687	0.360823	0.022519	-0.273392	-0.986762	-0.387842	0.849905	0.79139	-1.017862	-1.069486	-1.495376	-0.210609	0.426787	0.552393	0.583383	0.568815	-0.052529	1.739489	-1.786593	0.265064	-1.227637	-1.991116	-0.179239	1.499837	-1.092439	-0.401468	-1.715399	-0.572808	0.953063	1.063008	-0.25323	-0.280558	-3.075255	-0.575424	0.101001	-1.077002	-2.278286	-1.230949	-0.271491	-0.308202	0.518586	-0.317801	-0.697852	-0.403748	1.191885	-0.65782	1.797692	-1.401856	-0.541265	0.876195	0.144212	0.671114	1.362765	-0.14886	-1.626587	1.883795	0.68618	0.957621	1.516742	-0.352041	-0.947003	-1.307077	1.234328	2.030595	1.402421	-0.122911	-1.712446	-0.3576	0.837375	0.878626	-0.001558	0.477347	-2.223988
12	0.040588	0.189736	-0.353604	0.401827	0.548041	0.283742	0.246411	0.937675	-0.032701	-0.071141	0.736853	-0.486204	-0.509462	0.737451	0.360165	0.856614	0.339994	0.41309	0.769434	-0.111798	-2.393934	-1.074868	-0.401156	0.402482	-0.753553	0.838323	0.973013	-2.767685	0.318442	-0.035219	0.458129	1.180284	-0.782451	-1.892438	0.749749	0.084612	-0.260064	0.644685	-1.770385	-0.837253	0.045568	0.423099	0.145798	-1.499101	1.449093	-0.520205	1.438874	1.194897	0.563415	-3.812929	1.370695	0.676237	1.425914	-0.217283	0.698787	1.267635	0.131859	0.410341	-2.355748	-2.338236	0.996798	1.020751	1.011664	-0.38895	0.867885	-0.383409	0.980518	0.724578	-0.130075	0.417767	1.039833	0.175766	0.977224	-0.107966	1.371124	0.256096	0.720504	-1.671025	-1.949666	-1.09116	0.634512	-0.470237	1.792795	2.806721	1.237302	-2.087687	1.843566	-2.306722	-1.21183	0.699357	0.422383	4.441158	-1.980773	0.772152	-0.521503	1.123653	0.408096	1.442581	-0.697912	1.151999	0.813959	-0.433292	-0.174946	-2.781904	-2.094007	0.207409	1.254542	-0.620466	0.941775	1.61444	-1.482569	-1.296239	-0.946758	-1.598517	-0.972575	0.61068	-0.484335	2.857279	1.544211	0.101573	1.001581	0.98323	-0.145656	-3.044731	-2.585918	1.302735	-1.479844	1.454675	2.228561	-0.295923	0.021203	-1.490563	-1.21957	-1.282319	-0.032287	0.507712	-1.568798	-1.539161	-1.901457	2.254608	0.311963	1.125433	1.632928	-1.14094	0.481095	-0.931492	0.745238	-1.368486	-1.946512	-0.026412	0.683139	-1.915904	-1.918733	0.317972	-0.708819	1.061208	1.648531	-0.986724	-0.276055	-2.563028	-0.880344	0.038301	0.233512	0.588283	-1.165761	-0.153989	-0.159343	1.783937	0.097518	-1.436757	-0.78365	0.770239	0.362754	1.674767	-2.024533	-1.527775	1.129078	-0.658917	1.486451	1.929348	-2.13438	-1.150367	-0.583055	1.307456	0.041208	0.905652	0.123508	-0.483716	0.383132	2.619185	2.37257	0.644885	-0.949025	-2.426892	0.640306	-1.068146	0.906265	0.947135	1.491108	-2.156689
13	-0.096423	0.49904	-0.904119	0.275829	0.520887	0.595748	0.576342	0.650235	-0.30567	-5.7e-05	0.396225	-1.15017	-0.703377	1.400456	0.79511	1.184772	0.221091	-0.301327	0.237069	-0.336856	-0.109687	-1.449572	-1.560039	0.213487	-0.458127	0.692298	1.286565	-1.374118	0.105474	-0.180979	0.389043	1.486813	-0.377142	-0.747454	-1.865895	-0.061463	0.381702	0.199156	-1.310935	-0.816071	0.838992	0.935161	1.112042	0.519045	0.786812	0.247103	1.344006	0.622165	0.445021	-0.717933	1.100635	0.057232	0.508885	-0.505673	0.905655	0.221522	0.485499	0.623626	-1.243109	0.572687	1.556925	0.670215	0.181653	0.220254	0.912039	-1.275434	0.902337	0.823647	0.493794	0.199556	-0.385339	-0.019346	0.662136	-0.535943	0.65204	-0.751243	0.355276	-1.089001	-1.195404	0.038532	2.126715	-0.078971	-0.581744	2.99545	-1.232478	-0.389278	2.67936	-1.526924	-0.404277	1.338012	0.160402	3.384323	0.059748	0.571283	0.711242	0.1339	-0.256382	0.666865	-0.678597	-0.641882	1.259303	-2.593095	-1.494105	-0.754935	0.798193	1.048386	0.136601	-0.305845	2.454338	0.271892	-1.053946	1.180419	-0.641239	-0.340858	-0.090611	0.433542	-0.447639	2.638953	0.370421	0.283279	0.135533	-1.060041	-1.144346	-3.659574	-1.350739	0.967835	-1.959508	1.102318	2.922618	0.010314	-0.74911	-0.564132	0.239125	0.823695	0.684842	-1.5469	-1.073479	-1.210376	-0.431893	1.688151	-0.300469	0.713481	0.877903	-0.823002	1.06739	-1.829955	0.397637	-1.044618	-1.884307	-0.119809	-1.598447	-0.79272	-1.230049	-0.024197	-0.157607	-0.30304	1.346639	-0.899019	0.39576	-2.858978	-2.112565	-1.622187	0.187	-0.764186	-0.873414	-1.12676	0.276848	1.511495	-0.643757	-1.572587	0.18649	-0.735897	0.24032	-0.19332	-1.629271	-0.894778	-0.912385	-0.860309	-1.116432	1.989282	0.149887	0.183831	0.1405	2.278625	0.294869	1.561266	-0.418324	-1.210723	-0.153519	1.342903	2.338139	-0.595094	-0.222928	-1.098743	-0.206587	0.723244	-1.68558	1.337415	1.407885	-1.721329
14	0.096535	-0.190503	-0.499578	-0.848949	-0.995309	1.33502	-0.380089	2.094082	0.207352	0.532077	1.251872	-0.578529	0.632524	-0.920311	-0.719181	-0.009834	-0.543278	0.072084	-0.899786	0.020579	0.458464	0.397702	-1.948207	-0.45408	0.13656	0.123779	-0.603856	1.183962	-0.320438	-0.594522	0.327365	-0.300479	1.823154	-0.989746	-0.424542	-0.638391	0.177385	-0.675214	0.818055	0.003113	1.406856	-0.011383	-0.720274	3.537616	-0.092565	2.536334	-0.227603	-0.404891	-1.191287	-1.473765	1.491769	0.368312	0.539478	0.259	-0.561009	-0.311372	0.386503	-1.596816	-1.794871	4.538392	-0.588158	-0.355936	-1.04407	-0.825461	-1.487028	-0.508861	0.422873	-0.238446	0.569096	-0.591449	-0.309706	0.243689	-0.59567	1.310393	-1.347623	-0.735905	-0.772819	-0.590125	-0.952809	2.510214	2.168654	-0.14179	-1.102831	-0.1207	-0.517047	-0.905535	-0.259017	-1.354436	3.032801	-1.760405	-0.426519	-1.518017	-0.593569	-0.360223	0.437884	-0.302965	-0.028112	2.331513	-1.165207	0.310288	-0.456813	-0.088086	0.193724	0.726828	3.779588	0.409533	-0.635007	-0.780248	1.472168	-0.712834	1.290311	2.976061	-1.761699	1.547286	1.793308	0.095811	1.241592	-0.741593	0.759155	0.236889	0.136811	-0.116315	-0.927492	2.596311	1.01859	-1.064866	0.982147	-0.803555	-1.747268	2.052787	-1.105684	1.612466	1.27804	-0.607835	-0.000223	0.932911	0.136576	-0.133713	-1.72878	-1.582148	-0.397155	-0.53188	-1.585171	0.66175	1.3385	0.250846	-1.602103	0.560326	-0.828253	-1.390683	-2.166814	4.040661	1.611924	4.421195	0.461339	-0.246428	0.495202	-1.514501	-0.266741	2.724365	0.083945	0.54421	0.374202	1.364999	-1.10661	-0.542653	0.74035	-1.464547	-0.700037	0.282416	1.588895	-1.286586	-2.678564	-1.848208	0.850036	0.521779	-0.104233	-0.72558	-0.90878	-0.563306	-1.353977	-1.281805	1.984492	-0.641152	-1.031992	-1.118437	0.072093	1.383136	0.044104	-0.950014	-0.270672	-1.051204	-0.48556	-1.391021	-0.052598	-1.181834	0.308259	-1.881859	-2.131712	1.626674
15	-0.788389	-0.452757	-0.911177	-0.448649	-0.505698	-0.587414	-0.441609	0.75087	-0.641955	0.201201	-0.212867	-0.561661	-0.045695	-1.046467	-1.131068	-0.475892	-0.311827	0.209156	-0.285837	-0.380861	-0.786539	-0.06866	-2.064574	-0.014288	-0.332449	0.350153	0.142035	0.27195	-0.35628	-0.449111	-0.168018	0.23315	-0.472076	0.008809	0.39559	-0.13779	-1.146869	0.288477	-0.768718	-0.498398	1.201733	-0.263119	-0.670086	1.462061	-0.854236	0.373154	0.325971	0.350087	-0.71284	-0.285113	0.946952	-0.305131	0.660828	0.239332	0.029981	0.170931	-0.01658	-1.008015	0.164081	2.121279	-0.779974	-0.615247	-0.697032	-0.295884	-0.592457	-0.199832	1.231547	-0.303838	-0.226704	0.388346	-0.209586	0.694437	0.01769	0.975205	-0.141257	0.670025	0.197283	-1.086514	-0.199957	1.757136	2.15587	-0.005804	-0.63013	0.242936	-0.640107	-0.586063	0.997859	-0.422154	1.595455	-0.552645	-0.120287	0.454278	-1.919211	0.19286	-0.328206	0.022502	-0.440683	1.340348	0.313227	0.140137	-0.896978	-1.46824	0.568595	0.233163	1.743769	1.736569	-0.020429	1.095938	0.854114	0.283623	0.162986	2.509333	-1.415053	-1.312327	-0.983345	-0.108438	0.939984	0.411462	-1.666881	-0.135611	0.349628	0.087486	-0.222581	0.280874	0.590696	-0.392717	0.715945	-0.243187	-0.018674	1.683603	-0.581258	0.774354	1.444613	-0.77361	0.358071	-0.312071	-0.566879	0.728448	-1.907333	0.084107	-0.274697	-0.387672	0.321704	-0.080285	2.072784	-0.556558	-0.787588	-1.828299	-1.185272	0.059864	-2.636734	2.606841	-0.198056	1.556408	-0.201871	0.374808	0.656868	-0.222256	-0.067965	0.103501	0.147486	-0.892125	-0.358919	0.212603	-1.027246	0.46497	2.337157	-0.267259	0.607863	-1.339279	0.674498	-0.444548	-0.073574	0.425434	-0.964724	0.772254	0.495894	-0.254653	0.564805	0.833083	0.520429	1.189664	3.30764	0.101737	-0.413611	-0.041695	0.506096	1.170329	0.766797	-1.369635	0.523012	-0.102647	-1.161606	-0.826945	-0.225891	-1.936366	-1.167088	-0.041282	0.089152	0.578273
16	-0.577229	-0.18353	-0.557379	-0.195611	0.007236	0.270322	-0.235659	1.072028	-0.30043	0.252157	-0.194384	-0.897962	0.457418	0.332306	-0.450217	0.117422	-0.351997	0.097378	-0.42304	-0.367281	0.319556	-0.015184	-1.303397	-0.153242	-0.35412	0.439513	0.382344	0.173705	-0.319377	0.042616	0.142776	0.255614	-0.199257	-0.354034	-0.288902	0.066771	-0.545139	0.517872	0.154498	-1.174624	0.507136	-0.081849	0.22795	1.177306	-0.766777	0.651681	0.703132	0.30815	-0.401717	0.288214	-0.115188	-0.200748	0.357718	0.407302	0.526372	-0.003215	0.409343	-0.109376	-1.68917	1.832931	0.682031	-0.470347	-0.264778	-0.362782	-0.022066	-0.253562	1.577617	0.018901	-0.918506	-0.351729	-0.543255	0.552904	0.35755	1.026403	0.165053	0.348641	0.137413	-0.500275	-1.913298	1.351861	2.048394	-0.146061	-1.142034	0.069591	-0.696742	-1.338794	0.90603	-0.036036	-0.552527	0.866766	-0.109368	-1.443581	-0.751203	0.289181	0.200538	0.360203	-0.658182	-0.204904	1.757832	0.265992	-0.245108	-0.270317	0.263638	0.023802	0.944144	2.445054	-0.066225	1.340176	1.092907	0.154107	0.983367	1.405164	-0.368635	-0.05686	0.062022	1.1426	0.309003	0.291359	-0.11438	0.991943	-1.145361	0.656667	-1.895041	-1.460918	0.073137	0.004228	0.667732	0.018243	0.44543	0.165779	-0.065566	-0.33786	-0.242993	-0.21184	0.78008	0.090555	-1.532526	-2.558954	-1.039919	-0.709037	-0.035525	0.151938	0.97486	0.844384	2.114378	-1.262833	-0.351989	-1.153715	-1.578818	0.9777	-1.967076	2.712485	-0.250209	-0.153203	-0.123879	-0.033321	0.259961	0.162023	0.415395	-2.134687	-1.476122	-0.047466	-1.412583	-0.024018	-0.317499	0.171533	2.008352	0.323886	-0.706345	-0.637658	1.317725	-0.996057	-0.596329	-0.202261	0.254568	1.77365	1.250236	-0.307553	-0.696958	1.174099	-0.112893	-0.621248	2.55855	0.008478	0.498341	-0.309046	0.567731	1.621134	0.034955	0.119188	-0.107269	-0.79937	-0.998733	-2.27626	0.086888	-0.360977	-0.465437	0.304657	-1.36646	-0.82449
17	-0.399749	0.149686	-0.85257	0.173494	0.341053	0.536831	0.303528	1.333872	-0.033965	0.319601	-0.314752	-0.974626	-0.088145	-0.270028	-0.084559	0.117757	0.242817	0.290364	0.067115	-0.776125	0.232856	0.689772	-0.983315	0.371868	-0.729347	0.174949	-0.005949	-1.878912	0.026506	-0.299641	0.424277	-0.060303	-0.535069	-0.176826	-0.122658	1.231501	0.518924	0.997352	0.280753	-1.260317	0.350449	-0.415383	0.005999	0.642668	0.726368	-0.374531	0.776849	0.720301	0.286972	-1.829979	-0.150355	0.039704	0.759713	0.546256	0.447518	0.431265	0.366144	0.379802	-1.165411	0.924543	0.316731	-0.703488	-0.893007	0.737879	0.309978	0.612043	-0.141944	0.18417	0.122228	-0.395989	0.366802	-0.252046	0.346431	1.329968	0.918674	0.06314	1.097152	-1.161442	-1.414313	-0.3104	-1.95538	0.168171	-0.023714	-0.153077	-0.129612	-2.629298	-0.37467	-1.235817	0.022657	0.314638	0.254005	-2.482387	0.412742	0.235362	1.1359	1.030899	0.252968	1.820228	-1.290802	0.976411	-0.46498	0.965853	-1.276483	-0.05743	-0.447927	-0.971361	0.742776	0.195285	-1.820062	1.372401	1.598383	-3.607394	1.508939	-0.552129	0.531011	0.036373	0.28897	0.27293	-1.655076	-0.138054	1.071083	0.872529	2.454382	1.992857	-2.146148	0.290269	0.756748	1.114142	0.5693	-1.088913	0.245659	1.336926	1.778844	-1.311879	-0.342366	2.202371	0.04733	-1.572889	-1.049518	-2.014802	1.084965	0.759742	1.375398	1.391612	0.034497	1.026546	-0.150136	-1.469225	-1.741163	1.45707	0.181694	-1.574158	-0.067492	-2.239065	-0.239811	0.97701	0.71713	0.325368	0.4449	-1.108675	1.705708	1.32112	0.336991	1.27049	-1.804935	1.041008	-0.402253	0.416133	-1.53663	-0.843798	1.006257	0.173695	0.952975	-1.747021	-1.836239	-1.881351	0.470441	1.109957	1.253331	0.860649	-1.004587	-0.857295	-2.146531	-0.152779	-1.466905	0.196459	1.161893	0.95975	0.932363	0.082037	-0.154715	1.919838	-0.502895	-2.353933	0.672144	-2.080722	1.640261	-0.569578	-2.451556	1.467362
18	0.84091	1.210483	-0.220242	0.701244	1.373894	0.524819	1.054259	1.383613	0.13428	0.77865	0.569706	-0.299994	0.48286	1.267913	1.19882	0.947576	0.778597	0.445768	-0.088752	-0.053178	1.298326	-0.144648	-0.042488	0.110433	-0.637717	0.29454	0.682529	-1.498017	0.725837	0.537333	0.737358	0.728501	0.598997	-0.317938	0.589721	0.459312	1.43796	-0.511178	0.390734	-0.16457	-1.030469	1.289412	0.802113	0.681196	0.54606	-0.365766	0.946647	0.165278	0.896009	-1.705676	-0.400983	0.954183	-0.000951	-1.222247	0.60948	0.702473	1.00135	1.2721	-1.366187	-0.664871	1.228297	1.393997	0.878439	-1.056068	0.867431	-0.170464	-2.181713	-0.950902	-0.622468	-2.167133	-0.127129	-1.78521	1.183401	-1.173429	-0.615423	-0.717867	0.450033	0.728577	-0.475299	0.957588	-0.469557	-0.299706	-1.906914	1.855941	0.118926	-1.702933	-0.636374	-0.302274	-0.219876	0.218262	0.490228	0.558237	0.995327	0.240283	1.314668	-0.550572	0.909113	-1.04433	-0.626081	-0.396022	1.54966	0.283449	1.12017	-2.480557	-2.214272	0.71247	-0.557453	-0.417797	-0.191457	-0.161553	0.494794	-0.890339	-1.123405	-0.124694	1.997715	0.787861	-1.2236	0.423299	0.575968	0.515801	1.505398	0.541995	-0.599294	-1.557133	-1.172897	1.697712	0.565486	1.989326	0.505675	0.36889	-1.435043	-1.230858	-1.351992	-0.538698	-0.240958	0.755414	-0.091072	-0.385432	-0.794978	-1.554857	-0.500604	0.164312	-0.103012	0.636875	-1.884402	1.163354	1.437228	0.880303	-0.991811	-1.253426	0.765903	-0.982921	0.090816	-1.681599	0.163863	-0.445149	1.470485	-0.16867	0.085592	-2.006567	-0.727779	-0.32982	-0.559116	0.135925	0.478469	-0.168804	-0.294445	1.518234	-0.95555	-0.423508	1.049565	0.611317	-1.367068	-0.162751	-1.058105	-1.190256	-0.552032	0.286497	-0.325758	0.644734	-1.381577	0.801263	-1.561083	1.48153	0.807276	0.425196	-0.150806	-1.288648	-0.673218	-0.600779	0.759279	-0.910857	-0.147919	-1.309748	-1.387566	1.704657	0.548655	-1.393249	-0.18133	-0.650547
19	0.787274	1.014595	-0.661935	-0.078459	0.555521	0.452308	0.320895	0.425717	-0.116649	-0.074617	0.098602	-0.678959	0.305488	0.377488	0.265799	-0.330173	0.137109	0.399322	-0.092674	-0.149364	1.142988	1.632224	-0.46131	0.267174	-0.553761	-0.178184	-0.23513	-2.677956	-0.182689	0.381787	0.287474	-0.733404	0.686944	-0.593543	-1.039465	0.599367	1.396394	0.732332	1.223076	-1.056355	-0.078968	0.428189	1.036932	0.618263	-1.039914	0.643957	-0.28219	0.450521	0.854347	-1.811882	0.385382	0.225151	0.260671	0.534541	0.00461	-0.426288	0.404732	0.948913	-2.346851	0.784192	0.461549	-0.520196	0.079495	0.415231	0.360423	1.637928	-0.629132	0.030972	0.168577	-0.820176	-0.573271	-0.274758	-0.415189	1.487935	-0.171352	-0.655275	0.572608	-1.946605	-1.805093	0.614003	-1.320044	0.166199	-1.181734	0.630642	-0.792578	-2.221627	0.422098	-1.223546	0.221491	0.496814	0.244804	-1.994367	-0.501413	-0.305375	1.110898	0.095928	1.426385	0.438587	-1.599001	0.996132	0.66589	2.015439	-0.998824	0.392025	0.093791	0.059099	-0.399484	0.322766	-0.475488	-0.303242	1.944637	-1.759959	0.010939	-1.153914	1.642318	-0.085757	0.182286	0.812893	-1.520731	-0.277804	0.380452	1.219716	-0.493842	1.525867	-2.639793	0.642963	1.298117	1.308712	0.334002	-0.889432	0.853551	1.109548	2.076786	-0.066419	0.468149	0.280079	0.521944	-0.625951	-1.69109	-1.065519	0.474207	0.005561	0.131612	1.823974	-1.5007	-0.002612	0.136095	-2.482982	-1.861593	0.796133	-0.332956	-0.971832	-0.167222	-2.291632	1.86959	0.765362	1.097939	0.413006	-0.197932	-0.486987	1.457218	0.632819	0.076175	1.454601	-2.487765	-0.878921	-0.342056	1.208725	-0.353503	-2.1505	0.56904	1.600869	-0.06848	-0.954655	-0.055853	-1.300578	0.890064	0.009057	0.252601	0.717162	-2.271527	-0.498667	-2.48067	0.589668	-0.949084	0.398925	1.538738	-0.292505	-1.098142	2.130576	-0.248359	1.474901	0.268323	-1.413522	0.152834	1.118567	0.849262	-1.023365	-0.728147	0.956897
20	0.834357	0.665806	-0.07187	0.158896	1.170092	0.378562	0.531698	0.117569	0.023402	0.587147	0.612086	-0.160734	-0.265346	1.59429	0.935424	0.809418	0.629894	1.379757	0.353898	0.51292	0.33399	0.765264	-0.073138	0.298432	-0.191394	0.535203	0.623236	-2.165872	0.510717	-0.121592	0.467653	1.020555	0.579397	-0.379046	-0.40379	0.317431	1.037205	0.257351	-0.10146	-1.081662	-0.327676	1.012499	1.424427	0.589796	0.080939	0.497949	1.162542	0.361195	0.762797	-2.397882	0.005211	1.435217	0.612668	-1.321277	0.633821	0.705769	0.604327	1.345634	-1.915839	0.67316	1.24431	1.089618	-0.545482	-0.281897	0.808593	0.650489	-0.488855	-0.171196	-0.687138	-0.305325	0.510015	-0.712273	0.68028	-0.397361	0.363163	-0.056553	0.662297	-0.404875	-1.767049	-1.205686	-1.800956	0.649401	0.162201	1.769635	0.57688	-1.960901	-0.191064	-0.35757	-0.518583	0.606433	0.207342	0.027093	0.562575	0.511463	0.719123	0.138156	-0.145553	-0.508918	0.103759	0.651066	0.876769	1.284632	0.995318	-3.686738	-1.634091	-0.414841	0.34761	-1.679812	-2.172436	0.022265	-0.872129	-0.870921	0.802652	-0.906824	1.2552	0.920797	-2.13851	1.252941	0.372982	-0.253083	1.016687	0.416108	0.372237	-1.262384	-0.160057	1.297859	0.659481	1.37459	1.156654	-0.138703	-0.516728	-0.574717	-0.511793	-0.733426	0.03267	-0.155666	-1.016322	-2.021741	0.859585	-0.895341	-0.328243	0.578028	0.654998	0.691502	0.79638	-0.053889	0.763415	-0.118193	-1.033026	0.365609	1.2077	-0.62875	-0.179894	-1.641541	0.997377	-0.028993	0.926048	-0.266785	0.358793	-2.927558	-0.732788	-0.243211	-1.309316	-0.410533	-1.280315	-1.922191	-0.621226	1.011859	0.237171	-1.154153	0.382021	0.457251	-0.382501	-1.050129	-0.763987	-0.742183	0.82666	1.760559	0.41909	0.281741	-1.071218	0.497259	-2.418803	1.54386	0.277065	1.020182	-0.407452	-2.829665	-1.145177	-0.342055	0.750374	-0.892138	-0.261291	-1.175157	-0.074645	1.714337	0.456428	-1.0325	0.395808	-1.760463
21	-0.764164	0.612653	-1.058057	-0.017788	0.303884	0.477131	0.939041	0.860027	-0.823026	0.71063	0.315508	-0.571475	-0.765952	-0.266517	0.171963	0.783515	0.968815	-0.174839	0.983906	-0.808911	-2.840284	-0.277719	-1.306662	-0.251387	-1.641214	0.53777	0.153683	-2.534723	-0.436956	-0.777682	-0.093553	0.21026	0.479674	-1.351862	-1.624661	1.039657	1.348586	0.474993	1.829205	-0.723383	1.245235	0.14214	-0.606264	1.333008	-0.001372	0.13663	-0.397071	0.749539	-0.285542	-1.87972	-0.416509	-0.552377	0.18701	0.476039	0.830916	1.224396	1.662675	-0.299009	-1.185991	1.466917	0.574532	0.265426	0.968014	0.913331	0.856874	0.118732	-1.271472	-0.056583	-0.309413	0.375478	0.614354	-1.264681	0.205628	0.64327	0.726861	0.360375	0.986118	-0.986399	-2.015556	-0.886232	-1.423894	0.685542	0.738959	-0.049543	0.195343	-1.198118	-1.311205	-1.338932	-0.555724	-0.169577	0.689859	-0.885541	-1.407332	0.434519	-1.039373	1.144488	-0.025181	1.647369	-1.16893	1.102233	0.926735	-0.348274	-0.723343	-0.85947	-1.501561	0.341683	1.35099	-0.376703	-2.676761	1.42198	0.054435	-1.20698	-1.718244	-0.2689	0.130042	0.443821	0.770136	1.074648	0.716191	-0.798917	0.493042	0.053409	1.332679	-0.801684	-1.21437	-0.154189	-0.421114	1.631253	-0.414965	-2.288977	0.713262	1.523588	0.092585	-1.093464	0.331708	2.386769	-0.106931	0.386334	-0.977286	-0.470405	1.101782	1.362909	1.082463	0.652067	1.559464	1.538322	-0.167198	-0.992283	-0.585279	0.96306	-0.339388	-0.405576	-0.532151	-0.785745	0.630416	-0.312151	1.451066	1.517014	0.52419	-2.49463	-0.44968	0.173132	-0.089911	1.454827	-1.142263	-0.466833	1.216011	0.28748	-0.566441	-0.427201	1.507063	0.6604	0.859332	0.275295	-1.331435	-1.703747	0.300752	-0.662763	1.00322	1.375153	-0.732547	0.197461	0.087449	0.424276	-0.436518	-0.49385	2.298232	-0.666818	0.570072	-0.339255	-0.02017	-0.82016	-0.702494	-1.399548	0.657658	0.165425	1.282505	0.481819	-1.11929	-0.032104
22	-0.882087	-0.243308	-0.364333	0.686314	1.013596	0.219985	0.757579	1.372707	-0.790308	1.211077	2.075628	-1.212804	-0.839749	0.700116	1.10987	2.163937	0.97268	-0.893415	1.04499	-1.415561	-1.181387	-1.272002	-0.589595	0.182568	-1.163124	1.995978	1.740844	-1.836192	0.373626	0.988335	0.590387	2.638626	-0.022358	-1.427402	-0.015523	0.531027	-1.152333	0.976142	-0.87123	-0.528325	1.464304	1.011541	-0.219325	0.97223	1.075934	1.230842	1.573513	0.009385	0.464773	-2.042364	-2.589867	-1.713174	0.613167	0.118075	1.559993	1.74656	1.46296	0.192727	-0.695313	-1.739105	1.959635	3.00633	-0.013918	0.275589	1.54312	-1.715499	-0.173656	-0.352024	-1.494932	-1.737653	0.490081	-0.595486	1.456747	-1.216405	0.657422	-0.431037	-0.16886	0.201956	-0.964216	-1.441478	0.24619	0.300618	-0.515871	3.449661	1.105657	1.569109	1.621653	-1.61825	-0.977678	2.045133	0.602316	-0.57307	0.429052	2.238048	0.256369	1.431346	-1.025077	0.528336	-1.605132	-0.077748	1.693367	-0.299271	-0.34967	-1.685789	-2.463069	-1.94011	1.925998	0.018271	-2.651246	0.078086	-0.638937	-0.676668	-0.081223	-0.961878	-1.516555	2.121117	-0.616023	1.452683	1.796402	0.427715	0.034331	1.684708	-0.28216	-2.300569	-1.751702	1.160219	-1.471426	0.847827	0.187477	-0.183625	-1.527507	-0.425771	-2.132373	-1.128621	0.913121	-1.577655	-0.989738	-1.510144	1.117628	2.694384	0.163012	1.216058	0.385081	0.327444	0.548025	-0.85416	0.86264	-0.398781	-1.5765	-0.601979	-1.0579	-1.384711	-1.802114	-1.505508	-0.555576	1.492992	0.135952	-0.219542	1.233792	-2.493605	-2.210896	-1.578026	0.411281	-1.312628	-0.199806	-1.154113	-1.401717	3.401339	-0.421361	-0.114864	-0.829422	-0.857791	0.084133	-0.547294	-0.036251	-0.65629	0.106776	1.634541	-1.988238	2.805862	-1.506352	-0.231474	-1.666796	2.160141	-0.152903	2.927407	0.101286	-1.198743	-1.839857	0.25813	2.874984	-1.780522	3.356052	-1.125242	-1.057334	1.119539	1.173814	0.029415	0.419902	-1.761127
23	-0.754047	-0.445304	-1.047812	0.395948	0.67217	-0.136164	-0.579969	0.248938	-0.637836	0.301773	1.514659	-1.052576	-0.554928	0.157618	0.553244	0.900431	0.658606	0.87216	0.486142	-1.514505	-0.633656	-0.010984	0.972152	-0.264257	-0.160643	1.078312	0.652081	-2.156022	-0.592494	-0.175293	-0.151909	0.736485	-0.406279	-0.647553	-0.265127	0.212187	-0.242917	0.476495	0.092276	-0.62401	-0.625222	0.135885	-0.483171	0.384508	0.455453	0.551831	0.496398	0.855334	1.393946	-0.834756	-1.249724	-1.005864	-0.481354	-0.502433	0.247695	1.432681	-0.636446	0.726055	-0.960942	0.265504	0.481748	1.208789	0.92528	-0.52198	0.233884	0.771325	-0.440508	-0.536094	-0.043722	-1.605696	0.981691	-1.025276	0.374055	-0.101076	1.613959	-0.394166	0.039696	-0.451511	-1.404814	-0.195025	-0.265288	0.20378	-0.108717	0.820271	0.431836	-0.991662	-0.31703	-1.567503	0.242583	0.545333	-0.100302	-0.148469	-0.511645	-0.09805	0.671842	0.427525	0.66308	0.556456	-2.411286	0.849903	0.314415	0.941729	0.475559	-0.861695	-1.364559	-1.812632	1.084739	-0.184807	-1.303976	-0.085308	0.932059	-1.370373	0.40164	1.089232	0.264961	0.473355	-0.052915	0.89769	0.485631	-1.326316	0.615933	0.32235	0.177179	0.837526	-1.743159	1.128169	0.342738	0.067249	0.853468	-0.290372	-0.446519	-0.477569	-0.234604	-0.314553	-0.438132	-0.23898	0.285201	-1.235532	-0.197121	-0.265651	0.559925	0.528652	-0.354528	1.198757	0.051623	0.480565	-0.816443	-0.131263	-1.117576	-0.353072	0.23203	-0.689655	-1.119512	-1.026267	0.235044	0.943015	0.586129	-0.075565	0.098515	-1.294279	0.619386	0.990274	0.59458	1.155953	-1.143382	0.323088	0.229543	1.013287	-0.640212	0.515116	0.25038	0.54449	-0.304741	-0.439122	-0.043923	-0.123839	0.614547	0.605096	-0.204844	0.481504	0.071123	-0.326526	-0.880986	0.866001	-1.229457	1.226731	0.254673	1.261594	-0.100901	0.104754	0.467989	0.065157	0.549582	-1.549922	-0.008561	-0.642437	1.158488	-0.224803	-0.201444	1.523633
24	0.681761	0.975497	-0.07572	-0.120142	0.604191	0.875026	0.058313	0.899334	0.115293	0.382032	0.913843	0.126603	0.379742	-0.523051	-0.17723	0.264081	0.827527	1.406185	0.942229	0.141272	-0.841925	0.991449	1.228162	0.799803	0.408388	1.021495	0.457489	-2.353567	0.838765	0.398352	0.105681	0.037455	0.928271	0.095793	-1.124316	0.659771	1.910161	0.759825	-0.245369	-0.285367	0.981815	-0.02444	-0.385857	1.463874	0.246676	1.380852	-1.246093	0.740819	0.709893	0.012616	0.292036	1.024976	0.028469	0.79212	0.626682	1.494031	0.294275	0.603383	-0.650972	0.977623	0.969023	-0.773511	1.433463	-0.20474	-0.866647	0.520459	-0.052453	1.303817	1.130146	0.650292	1.113101	-0.047606	0.621046	1.331994	0.651715	1.3304	0.994428	-0.675367	-1.322841	-0.639925	-1.832421	0.451993	-0.441707	-0.107229	1.418337	-1.580293	-1.757729	-2.061733	0.028831	-1.050303	0.966471	-1.760452	-0.954763	0.767433	0.2386	-0.581746	0.473515	2.254637	-0.439179	2.193394	-0.910948	1.386195	-0.649996	-2.008379	-2.124354	-2.176119	-0.02552	-1.452549	-2.444612	0.941306	0.773019	-1.945111	-1.907412	0.26036	1.982928	0.326379	-0.423655	0.04426	-0.481434	-0.575051	0.604869	2.252041	1.187075	0.529218	-1.427355	-0.442403	0.199305	0.300953	-0.480614	-0.951948	0.274593	0.005729	-0.606045	-1.084267	-0.148144	1.875366	2.002496	-0.931406	0.258857	-0.524433	0.507219	-0.448531	-1.088698	-1.243887	-0.301678	1.179026	-0.663493	-0.895346	-1.667675	0.015646	1.686454	-0.928068	-2.305525	-1.431297	-0.414528	-0.165034	1.336759	1.539276	0.074334	-2.270488	-0.665022	0.561972	-0.642794	1.594813	-1.12753	-0.001787	-1.652503	-0.556624	-0.188004	-0.291915	2.174909	1.286295	-0.217242	0.489108	-0.11257	-1.603427	-0.867326	-0.515757	1.94538	0.685393	-0.745845	1.041508	-1.533064	-1.417359	-2.0032	-0.535461	-1.114445	-2.295019	1.08665	0.103573	-1.772849	1.700131	0.099036	-2.09967	-0.212389	-0.871877	1.628339	-0.841491	-2.255385	0.203453
25	1.709421	1.383111	-0.443966	0.585542	0.759525	-0.418072	0.43363	0.068436	0.1749	0.490883	-1.253894	-1.203268	0.882707	-0.074396	0.313304	-1.092126	0.72135	0.483709	-0.4072	-0.570421	2.178926	3.020444	-2.454132	0.852781	0.452179	-0.225226	-0.70793	-2.632999	-2.446485	1.957282	0.303488	-0.964724	-0.681198	0.599132	0.035489	1.770052	1.009458	1.750619	1.806882	-0.832136	0.340612	-0.669554	0.639657	0.395627	0.64757	-0.089483	0.288522	1.030738	1.881119	-1.945462	-1.222644	-1.481852	-0.430516	1.535534	0.230135	0.100778	0.448262	1.100804	-1.283215	-0.411253	-0.42088	-1.663067	-0.147883	1.397306	0.592666	2.30447	0.101064	-0.062194	-1.821083	-0.611412	-0.501184	0.157967	-0.518501	1.894546	0.575657	0.46676	0.886771	-1.758866	-1.438964	-2.722464	-0.205487	0.477211	0.398816	-1.857186	-0.766505	-2.27816	-2.078848	-1.955425	1.558832	-1.958837	0.340218	-2.123719	-0.008813	-0.081791	1.953696	1.147909	-0.151241	1.062498	-0.551697	1.347223	-0.361758	2.874796	-2.051683	1.974129	-0.134142	0.455776	0.844415	0.699286	-2.633027	1.372064	2.478628	-3.093308	0.560085	-1.879805	-0.923546	-1.446425	1.947246	0.288949	0.236558	0.641899	1.288001	1.325827	2.248502	4.095683	-1.907708	-1.532379	1.519171	2.378179	-0.703639	-2.183476	1.463108	1.874693	1.316831	-1.242436	-0.24923	0.652799	0.144727	-2.202838	-2.467015	-0.70255	1.389517	0.692965	0.948841	1.455379	-0.778401	0.236384	1.220847	-1.948746	-1.534216	1.005015	0.047002	-1.809447	0.257198	-0.428528	2.139078	1.876402	-0.109874	0.798802	0.684694	1.807077	2.54347	2.514461	-0.092505	0.523129	-1.525411	-0.483644	-2.181767	-1.485754	-2.121265	-1.176733	1.139655	-0.078289	1.235217	-0.233264	-1.495249	-1.525177	-0.702432	-0.482893	0.851103	-0.820677	-1.477662	0.283367	-2.778574	-1.999635	-0.950249	-0.850517	1.254243	0.72032	0.496386	-0.004678	-0.518882	0.908579	-1.44216	-1.667082	0.411872	-1.271121	1.103006	-1.553678	-1.363885	1.962141
26	0.669506	1.109932	-0.556175	-0.066907	0.716848	0.195126	0.51126	0.466478	-0.323484	0.382095	-0.375312	-0.96403	-0.176572	0.732415	0.447961	-0.247104	0.372113	0.626649	0.102073	-0.758816	0.656444	1.579053	-1.245399	0.55254	-0.592887	-0.048716	-0.619599	-2.803122	-0.521508	0.660831	0.671982	-0.610677	0.361568	0.047704	0.235402	0.848736	1.360252	0.203487	1.074696	-0.49733	-0.315706	0.77361	0.652468	0.692739	0.081224	0.039184	0.488187	-0.200557	0.935123	-3.024065	-0.533053	0.300386	-0.083676	0.491039	-0.043621	0.259079	0.372818	1.013649	-1.599161	-0.264295	0.238296	-0.136605	-0.660743	0.243263	0.454394	1.303076	-1.136139	0.1033	0.389393	-0.696026	-0.374715	-0.249999	-0.100228	1.073654	-1.09482	-0.074657	0.163826	-1.531502	-1.752574	0.88676	-0.197192	0.767798	0.210197	-0.381034	-0.08466	-2.242714	-0.600949	-1.655132	1.908098	0.693894	0.004007	-2.701754	-0.655052	-0.28911	0.570978	0.105184	1.318904	-0.505931	-1.023639	0.920596	0.268414	2.093527	0.117997	1.144935	-2.081648	0.167425	-0.548688	0.569871	-1.378624	0.006846	2.200468	-0.723395	0.756843	-0.246907	0.67888	0.14065	0.905667	0.241291	0.249467	-0.883542	0.818521	0.403507	-0.055189	1.935692	-1.858169	0.473773	1.713633	0.960675	0.312134	-1.086998	-0.985749	0.944962	0.929042	-0.405433	0.07143	0.142078	0.761176	-0.795322	-0.193545	-1.801416	-0.234654	0.564328	0.401707	0.135092	-1.731486	0.669703	-0.035505	-0.020648	-1.74942	-0.323345	0.115516	-0.952505	0.282581	2.086665	0.692626	0.457954	0.680702	-0.185977	-0.04861	1.4653	1.278211	0.72392	-0.405403	1.612544	-0.438806	-0.704835	1.350196	-0.250698	-0.941551	-1.182337	1.345814	0.710127	-0.537138	-1.094526	-1.171244	-1.215801	-0.313851	0.105905	0.7096	0.229559	-0.931364	0.847632	-1.214231	-0.987795	-0.936207	-0.45675	0.936941	0.197524	0.382768	-0.021943	-0.532772	1.022481	-1.888536	-1.337315	0.106748	-0.368199	0.044662	-0.614663	-1.141805	1.425515
27	0.632228	1.07894	-1.063036	0.074736	0.20208	0.072495	0.069041	-0.540218	-0.676845	-0.066726	-0.842322	-1.35051	-0.128035	-0.399834	0.017234	-1.09002	0.075196	-0.264548	-1.291975	-1.040813	1.882747	2.503657	-2.380467	0.367154	-0.637746	-0.430672	-0.762448	-0.937185	-0.457274	0.257158	0.787416	-0.290661	-0.207636	0.398976	-2.535586	1.06096	0.835136	0.446103	2.41707	-0.567497	-0.231486	0.035723	0.195702	0.313174	-0.412404	-0.161454	0.170965	0.151241	1.049754	-2.309624	-1.165199	-0.439825	-0.072086	1.186769	0.171971	-0.484621	0.961494	0.881806	-2.217986	-0.127306	-0.080569	-1.104779	0.253316	0.805384	0.823738	1.725463	-0.343712	-0.912356	0.670998	-0.383807	-0.69643	1.024694	-1.246604	1.223293	0.335905	0.712494	0.193707	-1.311903	-2.129918	1.181439	0.06416	0.717898	-1.317971	-0.608368	-0.713193	-2.923982	-2.036923	-1.673501	3.132015	-0.630359	0.117391	-2.178134	-0.304383	-0.933903	1.278809	0.744566	-0.149041	-0.367531	0.295887	0.022043	0.122719	2.108477	-0.657376	2.284145	0.256822	-0.094371	-0.221935	0.953787	0.240836	0.789565	2.202631	0.106238	1.579882	-1.276097	-0.026183	-2.217661	1.405446	-0.160555	-0.430011	-0.559917	0.762438	-0.520522	-0.921386	3.276497	-1.51691	0.1642	0.859876	0.821204	-0.052983	-1.633502	0.375978	2.004426	2.107604	-0.823794	0.379643	0.586479	0.682594	-0.436758	-0.706031	-0.679941	0.731372	0.436596	0.221974	0.574939	-1.123119	0.771337	0.743279	-0.50218	-2.464178	0.563443	-2.134171	-0.843778	2.920086	5.35682	1.636857	1.248867	0.101002	-0.510124	0.267811	4.127168	1.689615	1.783859	0.270045	0.291525	-0.97434	0.533054	3.408881	-0.410891	-1.045918	-1.117302	-0.505566	-0.723669	0.344022	-1.826545	-1.351082	-0.537803	-1.57255	-0.909033	-0.138725	-0.930229	-1.285933	0.921163	0.629279	-1.383637	-1.323349	-0.346777	1.034567	1.78654	1.275654	-0.886985	-2.029537	-0.103462	-1.259938	-1.660006	0.655901	-1.629186	0.036431	-1.018813	-0.470547	1.533013
28	-1.250402	-0.238345	-0.784213	-0.718576	0.3065	-0.169384	-0.512574	0.000984	-0.630092	-0.170403	-0.139197	-0.9188	-0.590331	0.053313	-0.146117	-0.929635	0.059701	-0.147817	-0.040783	-0.773932	-0.719529	0.45605	-2.027989	0.264083	-0.532414	0.079317	-0.538465	0.534551	-0.328677	-0.373206	0.537108	-0.793588	-0.066574	0.331648	-2.031277	-0.055869	1.610941	0.005941	-0.414173	-1.511846	0.292737	0.165334	-0.002472	0.329846	-1.71247	0.464098	0.393223	-0.141412	0.649461	0.042163	0.616452	0.443154	0.429929	-0.603153	0.080499	0.161134	0.156413	-0.059778	-2.207782	1.976812	0.388156	-0.488558	0.821906	-0.69204	-0.089199	0.101681	0.862188	-0.259365	-0.870393	0.014096	-0.39094	0.315871	-0.187793	0.290822	-0.210119	0.871851	0.356657	-2.141669	-2.558448	1.087652	0.947694	0.203697	0.163934	0.219116	-0.220357	-1.722028	-1.610746	-0.933938	2.336242	0.006229	-0.529359	-0.519898	-0.531322	-0.588892	-0.051554	-0.406026	-1.187339	0.427891	1.673349	0.493922	0.387952	-1.264825	0.86372	1.209508	1.220351	-0.936184	-0.071138	0.989046	0.482098	0.304145	-1.832315	2.422288	-0.314682	0.210383	0.586401	0.227374	0.8906	0.394709	-1.804913	-1.10356	0.036228	0.053075	1.236142	0.141222	-1.004244	1.002116	0.296294	1.431913	-0.294711	0.774507	-0.458953	0.236389	0.779201	1.011785	-0.692016	-0.844927	1.248028	-0.639718	-0.406526	0.751202	-0.04171	-0.908628	0.130568	-0.678002	0.005025	0.435	0.312357	-1.120932	-2.400154	0.117746	-0.916333	2.006462	1.961641	3.622778	-1.323163	-0.013175	0.193741	-0.021684	-0.153592	1.488655	0.256109	0.323198	-0.617619	-0.61249	-1.807286	0.257906	1.994605	0.450253	1.700866	-0.101937	0.689046	1.674775	-0.224162	1.654792	-0.708525	1.439595	-0.661652	-1.184977	0.023095	1.223502	0.446971	2.528956	1.461247	-1.181441	-0.839409	-0.809565	-0.171419	0.99864	-0.534469	1.056617	-0.524273	0.298619	-1.856596	-0.422685	0.226298	-0.913594	0.036045	-0.187214	1.70476	-0.854239
29	0.364841	0.615811	0.204812	-0.537791	-0.004007	1.287596	0.117878	0.33701	-0.211083	-0.150473	1.186841	0.32868	0.642876	0.462488	-0.50474	-0.403372	0.13897	1.017801	0.269119	0.416402	0.171442	0.840168	0.171306	0.071808	0.130258	0.711379	-0.319026	-1.954434	0.461609	-0.184831	0.336557	-0.106399	1.528356	-0.200417	0.787141	0.259633	2.232322	-0.568016	0.258104	-0.271044	0.005658	0.734053	0.561388	1.49662	-0.415599	1.203679	-1.016246	-0.14297	-0.493799	-0.9962	-0.166349	1.621171	0.371546	-0.140923	0.000674	0.989153	0.248779	-0.471335	-1.660976	1.665672	0.248987	-0.916075	1.169891	-0.874425	-0.780881	0.099965	0.172509	1.021357	-0.713914	-0.137457	0.720199	-0.724894	-0.499298	1.289788	-0.144256	0.389341	0.349842	-1.478437	-2.121096	1.093594	0.349631	0.420364	-0.694223	-0.231283	0.551186	-0.974747	-2.016234	-0.334969	0.542414	0.465646	-0.033749	-0.328442	-2.944662	0.075816	-0.663927	-1.448337	-1.280246	0.394833	1.447034	0.921649	-0.289794	1.139429	-0.291972	-0.246958	0.686001	-1.565084	-0.04617	0.127608	-1.243864	-0.285	-0.454603	0.161133	-1.178329	1.587029	2.07494	0.467634	0.70192	-0.753866	-0.088901	0.431518	0.58741	0.746143	0.129166	-0.979069	-0.563692	0.138053	0.56059	0.877595	-0.000846	-0.93381	0.096895	0.327172	-0.007409	2.040359	-0.406855	0.547952	2.196255	-0.467295	-0.161041	0.123902	0.070509	-0.494412	0.448512	-1.860565	-1.242178	0.663718	-0.136577	0.539309	-1.449214	-0.988318	1.040996	-0.944192	-0.301092	-0.491059	-0.482184	-1.679085	1.429921	-0.102441	-0.29179	-0.730515	-1.887779	-0.225869	-0.410199	1.256639	-0.136316	-0.887014	-0.924326	-1.205404	1.065144	1.784929	1.648705	1.998629	-0.542277	-1.630675	-0.411341	1.667868	-0.301001	-0.169067	0.62314	-0.591609	-0.290396	0.991113	0.044839	-0.114114	-0.281392	-0.866999	0.514818	0.027766	-1.091833	1.106933	-1.656125	-0.863605	-1.335661	-0.764606	-0.807687	-1.13844	0.831177	0.020418	1.093554	-0.637495
30	-0.011895	0.39843	0.196901	-0.10977	0.493625	1.163351	0.235468	0.833676	0.320825	-0.031138	0.717832	0.849652	0.269462	-0.749742	-0.089602	-0.980891	0.660769	1.741617	0.088931	0.537503	-0.966964	-0.784247	-0.393463	0.330652	0.103117	0.468703	-0.092618	-0.80717	1.005718	0.307613	0.477878	-2.020955	0.898238	0.336992	0.086897	0.246776	1.859934	0.876796	-0.532436	0.302855	-0.499286	0.253303	0.49832	1.352228	0.2428	1.779904	-1.03983	0.675849	0.63082	-0.4856	-0.360164	1.964541	0.376274	0.319764	0.43397	0.964864	0.090446	0.779745	-0.983634	1.427878	0.548941	-2.07077	0.516574	0.320932	0.369993	0.181207	-0.521994	1.104045	0.764404	-0.360456	0.815659	-1.267589	-1.072546	1.532214	0.869449	-0.395001	1.384086	-0.064088	-1.163008	-0.276326	-0.983898	0.783314	-0.614182	-1.092533	0.769322	-0.846912	-2.409112	-1.866744	-0.316455	0.389214	0.593637	-1.664372	-1.557985	0.261347	-0.333751	0.22361	-1.307508	-0.493329	-0.18773	1.129406	0.321493	-0.450749	0.5665	-1.091978	-1.00271	-1.549969	0.667323	-1.505819	-0.984619	0.83298	-1.471273	-1.964625	-1.910268	0.318304	0.230055	-0.251402	-0.472552	-1.279792	0.490279	-0.376703	1.154976	-0.402346	-0.571542	0.238106	-0.492792	-0.525059	0.438587	1.213366	-1.452278	-1.128033	0.521967	0.620177	-0.031712	-0.008363	0.478494	2.395008	2.092858	-1.665016	-0.086508	-1.182978	0.436947	0.418002	0.673354	1.659101	-0.819884	1.50907	0.014451	0.683451	-0.809867	-0.493604	2.433242	0.124463	-0.293564	-1.710471	-0.445631	-0.380388	0.880366	0.755619	0.822706	-0.016899	-0.626098	0.470257	-0.011871	1.168622	-1.049029	0.116138	-1.622129	-1.04492	0.016879	0.30341	0.733665	1.251978	0.418356	-0.389553	0.539737	-1.552572	0.247585	-1.291163	1.060674	-0.525124	-0.078353	1.249232	-0.60797	0.378388	-1.608363	-1.525279	0.569309	-0.352478	1.249436	0.437252	-1.24001	0.495437	-0.717357	-0.09999	0.151111	-2.012882	0.359213	-0.921266	-0.55863	2.103934
31	0.153842	-0.090915	0.593179	0.094015	-0.036746	2.206852	0.019471	1.771325	0.835435	0.671054	1.306786	0.983983	1.042052	-0.929853	-0.955712	-0.033243	0.265097	1.450764	0.157218	1.089944	-0.929568	-0.246514	-0.943175	-0.519328	0.888434	1.0416	0.080751	-0.754626	0.876606	-0.148509	-0.10756	-0.031473	2.001225	0.171727	0.593156	0.685876	2.04794	0.958299	0.530342	0.089606	1.193161	-0.622127	-0.34661	2.638714	0.681491	2.440925	-1.373494	0.85588	-0.716116	-0.901792	0.728022	0.839863	-0.202612	-0.252722	0.793354	0.839155	0.045265	0.237157	-0.665294	1.767602	-0.884319	-2.301364	0.950984	-0.828462	-1.821719	-0.667375	0.487398	1.776549	-0.403618	0.401669	0.903507	-0.169876	0.343753	0.244848	-0.223685	-0.06385	1.518156	-0.440754	-0.466189	1.733393	-0.956292	0.325841	0.467022	-2.883026	0.842963	-0.272132	-2.644818	-0.426426	0.033372	-0.138826	0.118018	-1.154246	-3.027305	1.371959	0.28526	-0.560376	-1.014125	1.131822	0.676235	0.978607	0.160671	-0.489536	0.111427	-0.779683	0.359588	-0.879511	-0.110979	-0.760815	0.55294	-0.536094	-0.416926	-0.808842	-2.244926	0.250662	1.736009	0.607937	0.552042	-0.833667	-0.46062	-0.45038	-0.256187	-0.338187	1.633708	0.389682	-0.760312	-0.908729	0.308577	-1.092153	-0.831897	-1.690933	0.079303	0.388612	-0.390644	-0.087134	-0.45039	1.154565	1.987742	-0.672227	0.457073	-1.897941	0.329011	0.595567	-2.762595	1.574037	-0.063199	1.051707	-2.009602	0.187432	-0.477277	0.773407	1.514263	0.130245	-1.910823	-1.588362	-0.638587	-0.974605	0.86514	-0.76836	-0.042049	-1.598466	-0.718742	0.917714	0.853514	-0.083598	-0.696075	0.665548	-2.346354	-1.348716	1.128201	-0.346599	1.785838	0.168698	0.021308	-0.355927	0.471669	-0.456705	-0.009784	-1.300971	0.789262	-0.3369	-0.449176	-0.285767	-0.28506	-1.396025	-1.549056	-2.195664	1.189775	1.074421	1.84473	1.253375	-2.747663	0.062105	1.263064	0.339373	-0.3115	-2.47205	1.77665	-2.771089	0.310573	1.677141
32	-0.001324	0.294177	0.421916	-1.058181	0.281001	2.275263	0.019881	1.129104	0.764203	0.158624	2.74114	1.241179	-0.421355	-0.238732	-0.541231	-0.25129	0.564541	1.377412	1.54236	0.996996	-1.978989	0.351187	-0.029325	1.29011	0.342277	1.763541	-0.037683	-0.831333	1.79601	-0.356275	-0.637093	-1.465938	2.632567	0.193085	-0.831532	-0.405395	3.246161	-0.272227	-1.850849	-0.658254	1.653605	1.059349	0.763725	3.002284	-0.417867	2.473544	-1.548527	1.096145	-0.65402	-0.547599	1.264868	2.066332	0.267302	-0.681087	0.508423	1.574471	-0.692648	0.043646	-0.079903	3.406162	0.169218	-2.322223	2.575583	-2.868331	0.161289	-2.103906	0.939808	1.599574	-1.08664	0.925538	1.508466	-2.245848	0.203213	1.64832	-0.142273	0.083016	0.914631	0.751774	-1.545036	-0.225867	-3.037885	0.431123	-0.272936	-2.830677	1.258633	-1.014014	-1.828057	-0.422249	-2.939243	-1.118933	0.640484	0.148474	-0.770664	1.630572	1.157623	-1.475646	-0.600063	1.130109	-0.693255	2.064743	-1.210287	-1.382508	-0.534459	-3.496965	0.35603	-1.720174	1.022519	-1.839154	-1.782107	-0.577832	-2.107749	-1.403245	-2.421006	2.537047	3.137008	0.101645	0.281368	-2.262978	-0.739585	-1.675244	0.476412	0.073469	2.055432	-0.947431	-1.206494	-1.270129	-2.351508	-0.456382	-2.805275	-2.07874	0.17771	0.179133	-1.186191	-0.953663	0.560921	-0.178515	3.088464	-1.205287	1.069047	-1.580353	1.012501	1.437574	-0.343127	-1.729449	-1.777808	1.518192	-1.312664	1.333533	-1.501647	-0.496763	2.362059	-0.199515	-1.972227	-1.261952	-2.724528	-1.139236	1.651556	1.263338	0.858838	-0.61929	-1.850246	-0.438296	1.095971	1.830552	0.891153	-1.110912	-1.3417	-0.817539	2.595992	-0.540662	2.296834	2.167594	1.564679	0.748822	0.598343	-1.306906	0.202679	-0.680307	0.791732	1.148884	0.229789	1.181699	-1.371761	0.297489	0.764057	-2.535516	-1.385142	-1.431412	0.122949	2.485218	-2.238122	1.972242	0.156879	1.667394	0.290811	-2.336337	1.816423	-0.648186	1.583099	0.917056
33	-0.020827	0.490298	0.257453	-0.879168	-0.311922	0.787676	0.055525	0.985892	0.446801	-0.31705	1.091335	0.852472	0.440612	-0.451577	-0.798624	-1.075829	0.122827	0.86097	0.367733	0.938823	0.660546	1.027576	-0.957151	0.706274	0.663141	0.856966	-0.388969	-0.703855	0.855373	0.11587	-0.57982	-0.491672	1.325874	-0.000137	1.695564	-0.267072	2.638171	-0.467954	0.313941	-0.57946	1.173463	0.341649	0.587696	2.202996	-1.147989	1.739276	-0.474713	-0.152618	-0.617416	0.320306	1.373996	1.691149	0.872423	0.224248	-0.315531	0.673486	-0.310515	-0.119946	-0.87085	2.125614	-0.117859	-1.116993	1.992642	-0.672638	-0.817594	-0.284491	0.300598	1.879826	0.271555	0.253605	0.88062	-0.051431	-0.391825	1.640179	0.454601	1.666593	0.670743	-0.657487	-1.324316	0.633796	-2.108858	-0.320822	1.170912	-1.558735	1.274473	-0.980488	-2.904341	-0.42193	-0.694147	-0.235363	-0.402005	-0.951352	1.570538	-0.36555	0.78226	-1.371884	-1.896594	1.495478	0.125771	1.947283	-1.762161	1.253978	0.844089	-0.265203	-0.245767	-1.101662	-1.166487	-0.725044	0.065549	-0.321987	0.261238	-1.219121	0.095229	-0.128702	2.955089	-0.149036	-0.486657	-2.098899	0.924814	1.109901	0.453212	0.917315	2.047549	0.867795	-1.152003	-1.292138	-0.271309	-0.166346	-3.501734	-1.216605	-0.101003	0.471283	0.281198	-1.101008	-0.387405	-1.046539	2.382271	-0.559053	-0.660651	-2.188419	-0.217756	-0.5421	-1.841297	-1.893573	-2.570422	0.662799	0.086298	-0.859676	-1.432713	0.044836	1.756005	-0.874657	0.464448	-2.46658	-0.640618	-1.433818	-0.298789	1.951415	-0.045334	-0.245762	-1.791524	-0.556507	1.126591	1.00659	-0.902059	0.906547	-2.992517	-0.135745	1.024054	-0.782218	1.619783	2.872201	-0.583766	-0.481195	0.646435	0.625515	-0.73027	0.086681	1.544852	-0.565903	0.246355	1.355633	-1.791175	-1.45696	-0.047947	-1.341497	-0.393974	0.763573	-0.163418	0.278056	-1.605933	-0.705964	-1.014617	1.417859	-0.192097	-1.667322	2.933341	0.469179	1.14771	-0.334748
34	0.0933	0.113446	0.306408	-0.006077	0.676927	1.553574	0.68339	1.133115	0.345441	0.382721	0.274876	0.512781	0.576893	-0.169515	-0.207379	-1.263447	0.478522	0.813483	-0.268388	0.412309	0.246754	0.526617	-1.773823	0.635436	0.468976	0.110651	-0.247975	-1.557983	0.271293	-0.848291	0.596093	-1.770441	0.871246	0.997149	-0.751797	0.997702	1.937213	0.714699	-0.24567	-0.669823	0.453273	-0.226751	0.802864	0.778219	0.10318	1.303716	-0.549869	-0.111228	0.514061	0.749244	-0.073804	0.524631	0.215059	0.693414	0.293932	0.35705	0.344229	0.931295	-2.446951	2.082363	-0.010067	-2.275885	0.926165	0.118145	-0.03435	0.7178	0.254186	1.122814	0.006352	-0.70737	0.162548	-0.357436	-0.029439	1.510291	0.492756	0.658051	0.99779	-0.404044	-1.976372	0.5688	-0.001076	0.607356	0.594106	-3.808436	-0.147885	-1.225363	-3.004956	-0.410143	1.655897	-0.055337	0.34698	-2.268168	-0.85047	-0.830367	0.353245	0.62833	-1.878458	1.266563	-0.716288	1.113758	-0.403119	-0.293186	-1.025104	1.047005	0.666831	-2.810782	0.086907	-0.590115	2.201795	0.193451	-0.088618	-0.243246	-2.56363	-0.134303	0.665712	-0.344958	0.297232	-1.775873	0.162361	-1.467683	1.515943	-1.991278	0.010001	1.275813	-0.56307	-0.641288	0.633127	0.252925	-2.474059	-0.471675	0.357131	1.092558	0.28789	-0.065584	0.132328	1.307154	1.317316	-1.532495	0.263807	-1.532075	0.786647	0.814965	-0.877069	-0.397807	-0.433593	1.960192	0.179199	-0.690263	-0.226322	-0.657126	1.242146	-0.23752	-0.173661	2.118538	-0.997902	-0.275409	-1.285228	0.420071	0.342284	2.577918	0.466449	1.879173	0.589764	1.479699	-0.509978	0.172549	-0.521637	-2.165705	-0.067854	-0.774563	0.558446	0.955942	0.362238	0.21853	0.427745	0.23182	-1.488645	-1.271869	0.361661	-0.980304	0.827664	1.421846	-0.363772	-1.934326	-2.270391	-0.913965	1.67997	2.046852	0.312353	0.408471	-2.842916	0.40156	-1.559853	-0.916513	1.174422	-1.651561	-0.587251	-1.002736	-0.57195	2.675072
35	-0.018868	-0.005871	0.109564	0.174661	0.525049	-0.084127	0.070578	-0.362828	0.030842	0.298516	-1.080229	0.281821	0.165475	-0.486348	-0.260092	-0.831335	0.578452	0.564989	-0.735424	0.084966	0.080738	0.165133	-0.915721	0.518247	0.551963	0.236988	-0.233784	-0.128694	0.260419	-1.023308	0.921926	-0.157329	-0.83134	1.237806	-1.171906	0.978331	0.551281	0.736327	0.017982	-1.20383	-0.04694	-1.058567	0.475302	0.313285	0.64829	0.898087	0.504403	0.187174	0.102895	1.449878	-0.218464	-0.367874	-0.374572	0.184072	0.327991	0.497392	0.776379	-0.411637	-1.255941	1.251326	0.285209	-1.145304	-1.079895	0.772536	0.571312	0.738084	-0.219761	0.01674	-1.528728	0.243551	0.199317	0.397851	0.082506	1.56562	0.227881	0.56496	1.493178	-1.659178	-0.019606	0.869611	-0.326268	0.435883	-1.236658	-1.952016	-0.270683	-0.22153	-2.450035	-1.433538	2.245624	0.13798	-0.123328	-1.662062	-0.959108	0.114297	-0.025105	0.829359	-0.779126	-0.021359	0.811636	-0.384244	-0.122332	-1.640803	0.092265	1.10149	2.104482	-3.001795	-0.013084	1.056297	2.254982	0.586458	-1.821107	1.096187	-0.006129	0.021317	-0.584423	0.281746	-0.163975	-0.486875	-0.843827	-1.947872	1.251848	-2.9681	0.569183	1.135987	1.708007	-0.674972	-0.42869	0.278253	-0.87581	0.156534	-0.442724	1.096067	-0.176329	0.512856	0.187148	-0.370754	0.405088	0.87851	-0.586028	0.549481	0.37926	0.409357	0.778434	-0.333385	1.250321	1.729396	1.336126	-1.20951	-0.623001	0.055386	0.299152	0.112209	0.563799	2.920148	-0.044965	0.599161	-0.079331	-0.047525	0.304097	2.123	1.117444	1.024296	0.476552	-0.153559	-1.286415	1.339068	1.279677	-1.887517	0.157971	-1.698138	-0.294091	-0.524446	0.466786	0.175528	-0.915024	1.522957	-1.377934	-0.20959	0.231125	0.015615	0.059243	1.651226	1.73004	-1.840768	-1.04517	-1.541706	-0.79192	1.697569	0.492995	-1.41694	-1.382502	-0.846499	-1.604567	0.448144	1.18342	-2.292287	-3.039029	-0.059287	-0.057503	-0.094556
36	0.495737	0.362446	-0.138151	-0.033318	0.394751	-0.421956	0.240225	-0.344089	-0.18399	-0.184772	-1.14729	0.437393	0.185808	0.04374	0.038616	-2.077563	0.492949	0.429994	-0.309096	-0.240189	-0.018107	1.267058	-1.916574	0.798504	0.113484	-0.812443	-0.402553	-0.806462	0.000402	-0.05438	0.385858	-1.509253	0.316045	1.6814	-1.778011	0.604613	1.270908	1.299381	1.33708	-0.862421	-0.553893	-0.192143	0.797966	-1.564089	-1.116655	-0.716572	-0.721144	0.942863	0.944617	0.998097	0.5024	0.814013	-0.153743	0.457526	0.325897	-0.028302	0.377973	0.376447	-1.300553	0.432905	-0.0137	-1.265783	-0.77236	0.567622	0.423241	0.934551	-0.861768	-0.038941	-0.226964	0.039862	0.431804	0.213551	-0.430717	1.426395	0.671269	0.233902	0.956164	-0.957796	-1.04311	-0.169262	-0.776146	0.926496	-1.413213	-2.528785	0.181585	-0.603487	-2.212645	-1.044346	2.224763	-1.012761	-0.07758	-1.677584	-0.892297	0.005951	0.105608	0.420969	-1.844389	-0.879316	0.572002	-0.915411	0.405228	1.263332	-0.70024	1.156118	1.592257	-0.591242	-0.534653	0.636743	1.815549	1.095375	1.499254	0.422556	-0.335509	-0.939657	0.590106	-1.049349	1.354768	-0.869979	-1.20362	-0.284495	0.907227	-1.943758	0.095049	3.519024	0.792881	0.557956	1.463176	1.028448	-0.587972	1.378891	-0.237675	1.155906	1.512257	0.003606	-0.366906	1.061022	1.333773	-1.105734	-0.674775	0.099611	0.432244	0.911247	0.192625	-0.35907	-0.374756	1.488195	1.184886	-0.579803	-0.298789	1.548481	0.461201	0.94302	1.790013	1.147937	0.30481	0.895775	-0.895053	-0.7265	0.630189	3.170926	2.352724	0.585506	-0.049188	-1.234877	-0.461067	-0.133989	0.364644	-2.568929	-0.131606	-0.09384	-1.172278	0.572057	-0.208646	-0.383634	-0.186966	1.654511	-1.799402	-1.065643	0.608307	-1.842513	-0.009196	-1.197894	1.388386	-2.619014	-2.186202	-0.610345	-0.278405	0.308485	0.452061	-0.69295	-2.401875	-0.668205	-1.734929	0.284042	0.685463	-1.525949	-0.29585	-0.560039	-0.0621	1.480455
37	0.581406	1.073371	-0.359478	0.076592	0.764468	0.671468	0.462768	-0.441932	-0.183152	0.473955	-0.469035	-0.000469	0.308285	0.620751	0.329416	-0.170115	0.497275	0.838293	-0.567295	0.20402	1.01962	1.334332	-3.161377	0.372205	0.210678	-0.581544	-0.26946	-1.228183	0.213996	-0.149124	0.666341	-1.483541	-0.147456	1.331795	1.533341	1.19856	0.755788	0.730601	1.275249	-1.019927	-0.633571	0.389595	2.569193	-0.300368	0.073321	0.32075	0.30948	0.494353	0.577217	0.927742	-0.660346	0.781547	-0.046767	0.565262	-0.036785	-0.362119	0.273456	0.98401	-0.56674	-0.247306	-0.012199	0.077041	-0.498874	0.442971	0.442629	1.418377	-0.053752	-0.836571	-0.399822	-0.814786	-0.848212	-0.367986	0.361932	0.982234	-0.098021	-0.011047	0.681573	-0.937627	-1.073902	-0.769018	-1.64696	0.798023	-1.753473	-2.325587	-1.015468	-1.709457	-1.832297	-2.472296	0.486164	0.604233	-0.599716	-2.217087	0.146435	-0.08651	1.276887	0.728458	-2.060208	-0.954474	-0.818529	-0.568076	0.824334	2.14676	0.342019	1.628761	0.793134	-1.199048	0.129569	0.782595	1.04819	0.346723	0.70228	-0.473162	0.811587	0.051593	1.06155	0.376526	1.310107	0.344056	0.361963	-0.058434	0.517112	-0.170492	-1.64029	2.58998	-0.36885	1.057006	1.752077	1.807849	0.881162	0.082484	-0.188107	0.644915	0.6735	-0.041471	-0.302906	0.672676	-0.246811	-1.792462	-0.996425	-0.370562	0.762268	0.388719	0.847855	-0.725178	-0.976002	1.541416	0.757661	-1.889515	-0.143419	-0.159751	1.972366	-0.943217	1.110644	-2.284538	1.451959	0.753385	-0.403504	-0.544795	0.122066	2.127432	2.19684	2.08469	-0.037292	-0.282961	-1.272009	-0.645987	-0.395214	-1.346571	-0.873396	-0.84932	-0.764241	0.793735	-0.390396	-0.913732	-0.812667	0.633312	-1.704331	-0.275483	0.286451	-2.116685	0.186125	-1.55644	-0.156441	-1.931514	-1.164657	-0.937951	0.293096	0.243562	-0.115323	-1.247765	-0.781428	0.107673	-1.34563	1.662762	0.531685	-0.149018	-1.470741	-1.329653	-0.190366	1.990532
38	-0.056233	0.023986	0.17168	-0.37576	0.801939	1.542616	0.017004	0.415141	0.261823	0.098375	0.92584	1.017645	0.110038	-0.121442	0.065067	-0.836424	0.802555	1.198116	0.220255	0.321614	-1.072236	-0.129894	-0.941971	1.079936	0.711327	-0.042458	0.185914	-0.844724	1.46929	-1.08625	-0.265262	-0.58991	1.189043	0.631249	0.337319	0.257528	2.055354	0.73894	-0.872872	-0.232325	0.269529	-0.353803	0.590161	1.29679	0.258162	1.64097	-1.171671	0.984179	0.381441	1.25893	1.32442	2.270557	0.529065	0.10463	0.126639	0.236147	-0.234102	0.631192	-0.907194	0.405577	-0.012114	-1.143123	0.518263	-0.911952	-0.375959	-0.60857	-0.087094	1.456367	1.08641	0.948545	-0.322232	0.423418	0.063057	0.569559	0.829709	1.196012	0.898119	-0.135064	-1.002153	0.531588	-1.8393	-0.049638	-0.796084	-2.038536	0.502713	-0.043283	-1.725309	-0.520234	-1.126641	-0.620018	-0.01107	-0.993218	-1.180502	0.187444	-0.832246	-0.569236	-1.48645	0.630682	-0.081336	0.498527	0.489642	-1.132128	-0.132933	1.114574	0.141408	-1.174403	-0.206669	-0.712858	0.394579	0.708069	-1.526365	-1.049189	-1.085835	0.195662	2.243971	0.19056	0.496604	-1.290688	1.118523	0.321753	1.291302	0.738979	0.015935	-0.258708	0.459009	-0.430987	-0.87155	0.621732	-1.078458	-1.319759	0.223577	0.486326	-1.796754	-0.388346	0.053917	0.868538	2.218995	-1.577185	-0.338495	-1.372297	0.548124	1.067021	-0.693691	-1.328786	-0.779126	1.391435	0.705517	-0.824411	0.067573	0.373264	2.398842	-0.351148	-0.881875	-0.003634	-1.075806	-0.22111	-0.358714	-0.463884	0.311339	1.563314	0.849228	0.407093	0.777611	0.193391	-1.202004	0.826139	-1.13767	0.688724	1.608328	-0.091721	-0.019176	1.713621	-0.255194	-0.033468	-0.001015	-0.069588	-2.049003	-1.439191	0.664005	-0.972805	0.036728	-1.495269	-0.560961	-2.929206	-0.449026	-2.103107	-0.725237	-1.306498	0.784913	-0.079373	-1.796318	1.258677	-1.472438	3.259494	-0.094962	-0.747747	0.962675	-1.223789	-0.385362	-0.137292
39	0.785336	0.897958	0.540402	0.067379	0.607288	0.828519	0.747207	0.091442	0.534785	0.3106	0.962114	1.028253	1.311587	0.239176	-0.515858	-1.552485	0.816603	1.399161	-0.704678	0.530146	0.339433	1.602422	-0.294699	0.694415	1.305167	-0.248955	-0.550906	-0.27482	1.307708	-0.688538	0.355383	-1.395505	1.579297	0.851367	-0.456296	0.768262	1.599783	0.212884	1.09056	0.357867	0.551968	0.416395	1.701731	1.491938	-1.974495	2.555403	-1.151671	-0.463306	0.754677	0.547489	-0.660686	1.66405	-0.528651	0.099395	-0.36259	-0.12413	0.170459	0.863909	-1.184534	1.452473	-1.056196	-1.330993	-0.420802	0.657884	-0.997429	1.18366	-0.185243	0.752958	-0.287582	-0.306451	-0.333801	0.057249	-1.021452	1.274368	-0.00301	0.502891	0.951054	-0.802009	-0.886726	1.110482	-0.417187	0.263724	-1.332748	-2.246871	-0.034993	-0.16626	-3.464275	-1.419518	0.904863	-0.516566	-0.318991	-2.056946	-0.476534	-0.596237	1.294687	-0.121092	-1.256014	-1.032095	-0.840298	-0.420403	-0.11449	1.869837	-0.257553	-0.09024	0.431917	0.432405	-1.621378	-1.346918	1.025684	-1.035525	2.451602	-0.320604	-0.218555	1.517489	0.200347	-0.657642	0.913177	-2.159433	-0.269377	0.074755	1.681891	-1.759066	0.690324	2.518603	0.49119	-0.509214	0.472608	-0.200869	-1.21941	0.318011	-0.04582	0.55722	0.183012	-0.398588	0.190461	-0.230967	2.716814	-1.574006	0.944549	-1.206518	0.157994	-0.347448	-0.540179	-0.638027	-1.982167	1.074954	0.15447	-0.339784	-0.294349	-0.38272	2.018673	0.206293	0.028907	-0.260815	0.59159	-0.853652	-1.917952	-0.009519	0.95839	2.021944	-0.301948	0.946092	-0.007089	-0.184032	0.504532	-0.78435	-1.496362	-1.918758	1.105308	0.174037	-0.461369	-1.108327	0.517808	-0.314883	1.871495	-0.228015	-1.907495	-1.44985	-1.586698	-2.306536	1.456413	-1.395161	-1.035456	-1.635718	-1.074782	-2.17001	0.262824	2.261407	-0.229602	-1.143037	-2.689271	-0.080765	-1.007627	4.237539	0.163013	-0.392393	-0.065836	-0.227842	-0.135212	2.240938
40	-0.465456	0.176965	-0.261679	-0.307092	0.99752	1.160345	0.272274	-0.189701	-0.262742	0.496824	0.725193	0.747116	-0.578816	1.019524	0.333434	-0.515277	0.75984	1.117578	0.222933	-0.360266	-0.354123	0.583123	-0.539321	0.751865	0.380608	0.12134	0.449208	-0.498496	0.938821	-1.227926	-0.050084	-1.438234	1.013146	0.907496	-0.463352	0.108884	1.707117	-0.052962	-0.3648	-0.344886	0.853992	0.379696	1.753374	1.298609	-0.086398	1.551949	-0.027526	-0.150662	-0.008924	1.638386	0.757597	1.655817	0.681152	-1.262733	0.282026	0.155039	0.199124	0.734374	-0.873011	1.002835	1.226434	-0.465044	0.094057	-0.861336	-0.11172	0.351906	-0.312851	1.537928	-2.064055	0.762763	0.278033	0.096797	-0.026886	-0.164015	0.246392	1.804575	1.091248	-0.071502	-0.465036	0.767545	-0.559431	0.722716	-0.492601	-1.22513	0.444103	-0.498317	-1.700481	0.194763	0.043792	0.089569	-0.23366	-2.068497	-1.320386	-1.070276	0.746452	-0.574601	-1.931568	-1.350485	0.301621	1.068397	1.043236	0.858716	0.132722	0.583955	-1.014698	-0.526029	-0.605245	-1.128283	-0.250998	0.211363	0.182633	-0.60478	-0.944937	0.705393	-0.412772	-0.748605	-1.15189	-0.22432	0.781712	-1.711012	0.611241	-0.419057	0.401856	-2.203	2.112651	0.543632	0.422333	0.932974	0.0332	0.468274	0.357624	-1.582207	-1.213526	0.601602	0.568493	0.958638	1.75471	-2.590075	-0.548554	-1.162028	0.337052	-0.263015	-0.202333	-0.602364	-0.590219	0.987452	0.506596	-0.560991	0.669012	-0.332891	1.556487	1.081802	-0.74566	-0.496205	0.519517	-1.219048	0.264657	-0.40029	1.198634	-0.533687	-1.503713	0.267172	0.940315	1.014914	-0.121932	0.380116	-0.784074	0.532214	0.977812	-0.433481	-0.01598	1.851796	0.386925	-0.035181	-0.953373	-0.01313	-1.319192	-0.115227	0.058568	-1.200646	2.138504	1.299906	-0.600007	-2.418214	0.815634	-1.343022	-1.090106	-0.310453	-1.354541	-0.377039	-1.182804	-1.11443	-1.024576	2.839593	-0.857939	-0.341432	-1.71534	-1.198171	0.14088	-0.17166
41	-0.321669	-1.383306	1.489065	-2.082138	-1.31926	-2.287382	-1.681857	0.679632	0.961005	-1.422943	-1.420281	1.058331	0.994424	-2.256803	-1.923258	-2.405571	-2.348064	-1.360121	2.770263	0.173531	-1.423533	-1.648426	1.43125	-1.696135	1.445876	-2.128299	-2.617139	4.982343	-0.691487	-1.518686	-2.36256	-3.532759	0.7691	-1.410782	-0.288119	-1.531655	2.393622	-0.995788	0.40983	2.085198	-1.847043	-1.802741	-1.594967	0.600713	-1.165777	-0.604529	0.390152	-0.789261	-1.708342	3.816671	1.286268	-0.322756	-1.165693	-1.553963	-2.070254	-1.170698	-1.673171	-1.997785	4.92191	-0.354965	-1.260162	-1.019562	0.438517	-2.560344	-1.486683	-1.435245	1.763949	-1.104599	2.21468	1.658109	-0.929897	-0.947003	-1.278746	-1.269228	-1.659067	1.493769	-1.532207	1.196024	3.750208	-0.541134	-0.375676	-0.701478	2.991706	-1.698413	0.843328	1.516728	-1.472358	4.455332	-1.245915	-1.7357	0.134528	0.59416	-1.572367	-1.237236	-1.543628	-0.991861	0.878508	-1.136581	0.397433	-1.257944	-1.203699	0.350525	0.762667	-0.770406	1.110236	0.578232	-0.517439	-1.170368	0.032635	-0.262878	0.344088	0.075662	-1.152822	1.529576	-0.357609	-0.920659	0.834996	-1.049133	1.32248	1.426828	-1.17619	0.027317	1.165281	0.643045	2.846439	-0.93617	-0.873527	-0.272866	-0.308711	1.206627	0.174863	-0.52175	0.012038	2.104984	0.431019	0.660372	-0.157253	2.891008	1.175056	-0.186058	-0.830134	0.153707	0.24693	0.015038	-0.589237	-0.189357	-1.880681	2.165805	3.34062	0.972849	0.783461	1.292466	-0.188605	0.58071	-0.870145	-0.603473	-1.004124	2.112803	-0.873213	-0.236566	-0.298627	-0.730279	-0.146657	-0.984511	1.083413	0.79166	0.699829	-0.127353	0.477369	2.305176	-0.865115	1.602865	2.427312	0.020016	5.344047	1.587192	-0.241766	-0.853465	-0.379781	-1.439399	4.292822	-0.124878	0.022918	0.468181	1.232321	-0.570591	-0.247364	0.022378	1.642654	0.366396	-0.672329	0.105042	1.000645	4.035529	0.794959	0.466952	0.18728	1.101691	0.044455	0.178561
42	0.015539	-0.407972	0.054337	-0.98979	-0.238033	-0.327514	-0.466938	-0.441097	0.097998	-0.651319	-0.274454	0.675635	0.600747	-0.00919	-0.342567	-0.887692	-0.339647	0.422675	-0.143472	0.355721	-0.215191	-0.190258	0.627093	-0.186985	0.563359	-1.058472	-0.545658	0.247315	0.666523	-0.040665	-0.586115	-0.611138	0.941496	-0.012292	0.502371	0.033856	1.041225	-1.634751	-0.147021	0.34086	-1.405557	-0.270041	0.275781	-0.867742	-0.203529	0.454498	-1.389593	-0.558441	0.018859	1.694789	0.079216	1.756965	-0.09479	0.089361	-0.25354	-0.42573	-0.119281	-0.040886	1.638853	-0.689817	-0.083287	-0.513195	0.068739	-0.952496	-1.592469	-0.288986	-1.000155	0.302401	3.329024	-0.569952	-0.751182	-0.079105	-0.116398	-0.70439	-0.241805	1.694954	0.547245	-0.964695	1.80983	-0.618693	1.536485	0.237827	0.568246	-1.635004	0.356331	-0.462798	-0.858362	0.263108	-0.397176	0.067376	0.099643	-1.336464	0.113442	-0.762593	0.259643	-1.410534	-0.981113	-1.367985	0.511566	0.25138	0.191609	-0.224968	0.981128	0.119321	0.735727	2.74191	-0.884081	-0.655553	0.382239	0.101754	0.488386	1.063832	0.653403	0.33463	0.031662	-0.129684	-0.231818	-1.004715	-1.26368	1.495379	-0.492812	-0.56006	-1.301725	1.715182	1.413891	-0.341667	0.175333	0.302515	-0.261181	1.363241	0.241765	0.64824	1.142032	2.294154	-1.848793	-1.140922	0.975277	-0.196246	1.268712	-0.153997	0.47239	-0.544796	-0.836946	0.005568	-1.283631	-1.355696	-0.521377	0.940405	0.928015	-0.336031	2.07644	0.557916	0.298826	1.686746	-0.500169	-0.521622	-1.018658	0.151614	-0.061003	1.643284	0.432499	-0.559185	-0.284072	-0.482281	1.356346	-0.098793	0.949781	-1.639969	1.503979	1.050978	-1.494878	0.086973	-0.053489	-1.382124	-0.343357	1.351812	-1.047096	-0.45072	-0.714156	-2.463795	0.455969	0.701021	-0.159768	-1.536984	0.86974	-0.92337	1.050102	0.478806	0.033528	0.594302	-0.465299	0.926733	-0.291797	2.056774	0.872396	-0.25911	-0.498445	-1.221809	-1.28525	0.477014
43	0.585126	0.367031	-0.176661	0.097506	-0.415285	0.606734	-0.349159	0.023444	0.458196	0.532395	0.133639	0.742604	0.86338	-0.541711	-0.277608	-0.32342	0.070955	0.921558	0.117405	0.761723	0.447249	1.004616	0.629493	0.197775	0.925624	0.090075	-0.276444	-1.271928	0.350969	0.37597	-0.460415	-1.614441	0.696849	1.136575	-1.574799	0.735496	1.883772	1.095948	0.254353	-0.445926	0.447546	-0.494387	0.152887	0.040239	-0.784071	0.896033	-0.665415	0.332598	0.350663	1.75177	-0.400163	1.477712	-0.222052	0.182142	-0.127757	-0.004037	-0.075984	0.537306	-0.864378	0.740919	0.083703	-0.209338	-0.119872	0.812998	-0.863903	0.302982	1.075105	0.659195	-0.377362	-0.77302	0.36437	0.426179	-1.306378	0.645492	-0.206084	0.014285	0.942894	0.012706	-0.744234	-2.220767	-2.56142	0.435338	-0.558158	-3.285008	0.198216	-1.434186	-1.99959	-1.034038	-0.424091	0.138645	-0.568037	-1.93992	0.649635	-0.349077	0.173883	0.580917	-1.386818	0.324656	-0.028107	-0.385561	-0.401181	1.587202	-0.844121	0.783579	0.625311	0.384813	-0.277885	-0.146966	1.001584	1.415417	1.12004	-1.127117	0.763411	-0.367249	-0.025506	-0.54818	0.978975	-2.268878	-0.865522	-0.22064	0.822439	-1.894022	1.64281	3.258996	-1.697785	-1.503487	0.608992	0.161221	-0.954695	-1.100174	0.200223	1.004718	1.316768	-1.01516	-0.643525	0.067281	0.869105	-0.66617	0.102925	0.514953	1.118552	0.533554	-0.034125	0.630628	-0.347697	0.771619	0.048847	-0.643876	-0.61392	0.408551	1.503387	-0.218596	0.351042	-1.346892	1.19957	-0.246615	-1.379854	1.1878	-0.463446	1.236306	0.701834	1.103431	0.73297	-0.171199	0.498247	-0.534212	-0.365548	-0.744338	1.23547	-0.510626	1.319918	0.638039	2.419147	-0.101519	-0.040754	-0.198118	-0.81479	0.921148	1.047458	-2.422625	-0.045671	0.15248	-1.713834	-1.162978	-1.781361	-1.767421	-0.207532	0.032318	0.967723	-1.18876	-2.570829	0.255583	-0.869386	1.285025	-0.009976	-1.151049	-1.106403	0.772704	0.633298	1.688336
44	0.713716	0.28999	0.149987	0.417663	0.451905	0.787717	0.749756	-0.116573	0.628346	0.284352	0.528872	0.916247	-0.031688	-0.667277	-0.145116	-0.271556	0.834311	1.202372	0.857109	0.918075	-0.025267	0.337282	1.131029	0.651385	0.767734	0.607587	0.598545	-0.911052	0.884678	0.752856	0.145576	-1.009678	1.096343	0.431897	-1.599789	0.130369	1.836639	1.094631	-1.095205	-0.151558	-0.526099	0.084561	-0.352795	0.643887	0.463345	0.626977	-0.665105	1.216782	0.305245	2.388414	-0.213791	1.490029	0.946703	-0.099857	0.443736	1.187475	-0.119993	0.707896	-0.38532	-1.78135	0.945787	0.564786	0.104017	0.39485	-0.011802	0.318655	-1.469281	0.878634	-0.036473	1.300241	0.957629	-0.840089	0.266838	0.868883	0.252212	2.042239	1.208338	1.140325	-0.592623	-1.174581	-0.551072	0.16466	0.572596	-0.867662	1.081461	-1.573334	-2.056032	-1.069809	-0.754188	0.340774	0.206062	-1.756592	-0.717998	-0.192311	-0.662561	0.615401	-1.431269	-1.3199	-1.229714	0.214915	0.014006	0.767005	-0.715573	-0.56438	-1.513116	1.308701	0.126907	-1.414282	-1.099636	0.383415	-0.799373	-2.310674	0.735687	-0.456856	0.074835	1.201261	-0.47704	-1.214821	0.136268	-1.077286	-0.217025	-1.392489	-1.752343	1.5797	-1.277185	0.680453	-0.307036	0.281811	-0.484785	-0.770554	1.713109	-0.520131	-1.906472	-0.786139	-0.739753	1.244781	1.336338	-0.88689	-0.93094	0.482229	0.843342	1.708476	0.318225	0.256158	-1.191687	0.865018	1.112829	1.005153	-0.50306	0.520022	0.726347	-0.647677	-0.623617	-0.710956	-0.83894	-0.37739	0.146047	1.859539	0.425146	1.653026	-0.48013	1.521151	-0.319047	0.516981	0.368132	-0.362901	-0.83506	-1.358954	-0.072763	-0.986143	-0.908117	0.143088	0.237446	0.014846	0.132734	-0.787088	0.141259	0.215784	1.610777	-1.236774	-0.043665	0.147857	-1.457504	-2.775097	-1.265077	-2.702292	-1.314601	0.124438	-0.866043	0.606659	-0.741599	1.547066	-1.380819	2.606039	0.573123	-0.921389	-1.118466	-0.97338	-0.007059	0.743901
45	0.479751	-0.914546	0.647242	0.62201	-0.24602	-1.113658	-0.145961	-3.033166	0.505445	0.468532	-1.597698	1.693071	0.463876	0.647074	0.807289	1.006831	-0.256827	-0.305099	0.187298	1.282057	1.928699	0.090977	-0.789687	-0.691006	1.298788	-0.61849	0.578502	2.808264	0.147632	0.759012	0.79719	1.274532	0.943571	2.111608	0.774762	-0.09636	-0.777497	0.045352	0.742803	-0.208892	-1.86934	0.741053	0.335379	-1.07409	0.770375	-1.451788	-0.809766	-1.276913	0.342676	3.891829	0.977026	0.045351	-1.577659	1.069484	0.298477	-0.963333	0.190027	-0.547568	3.501315	-2.684685	-1.203178	1.278261	-1.228548	1.291778	0.591498	1.884601	-1.426959	0.3661	0.195435	-0.16669	-0.268282	1.374036	0.230375	-0.927435	-1.482827	-2.094115	-0.746823	0.326323	4.65111	-0.397778	2.241905	0.90574	-1.273534	-0.799536	-1.091677	3.307395	-1.239403	3.871738	-0.235017	0.267691	0.468105	-2.073335	2.707324	0.449065	-0.323968	0.817929	-0.797926	-2.403639	1.661745	-3.00526	0.14636	0.369776	0.630296	3.334428	0.52799	0.527422	1.034598	1.82516	1.520233	-2.607764	-1.175776	1.291611	3.043108	0.092167	-2.445284	0.650835	0.874893	-2.462079	-0.231506	-0.804425	-0.490522	-1.738437	-1.393737	0.985436	2.927729	1.158373	0.558949	-2.078303	-1.552162	1.980214	-0.583239	0.437819	-0.366301	-1.524228	0.651931	-1.658515	-0.603405	4.11562	-0.753634	-1.408059	-0.649684	-0.231564	-1.541966	-0.560475	-0.360428	-0.901979	-0.119973	-0.046013	5.19411	-0.335806	-0.056281	-0.70426	-0.118583	-0.318028	0.102599	-0.488347	-1.809089	-1.295864	0.555188	2.480944	0.560315	-1.060608	0.721355	-1.74067	-0.095805	0.800276	1.335558	-1.447787	-1.538044	1.323927	-0.938023	-2.064089	-2.794031	-2.403944	-0.162242	0.405612	-0.421945	-0.145992	-2.080625	-1.349255	-0.211277	-1.600873	0.152384	-1.394576	-0.07569	-1.345961	-1.124417	0.848464	-0.452368	-2.516088	-2.142563	-2.320155	-1.260117	3.049083	0.466014	2.958175	-2.050073	1.956826	-1.318882	-0.051295
46	0.05799	-0.918075	0.891111	0.488258	0.485025	-0.650649	-0.846844	-2.67739	-0.1893	-0.161446	-1.300314	-0.025963	-0.399461	-0.548789	0.815615	-0.292047	-0.938425	-1.551508	-0.8426	-0.152354	1.730858	-1.339514	1.303553	-1.897902	-0.137683	-0.736738	-0.526286	1.66748	-2.228514	-0.525122	-0.417976	0.73977	-0.009572	0.239958	0.523079	-0.24241	-2.193882	-0.819891	2.665041	1.66514	0.008254	-1.738734	-1.487965	-2.503559	1.060369	-2.110756	0.000842	-0.670134	-1.449564	1.80501	1.164087	-2.643275	-1.039269	0.566256	-0.491195	-1.833032	-0.026045	-1.622815	1.085121	-0.996915	-1.946596	1.656118	0.022845	0.648693	-0.358717	0.235269	-0.821192	-1.428365	0.090404	0.952686	-1.058129	1.378069	0.498536	-1.473865	-1.16832	-2.007694	-0.843259	1.567651	2.171703	-0.781118	0.002783	-1.106785	0.432676	-0.348781	-1.844251	2.117487	-1.093482	1.461248	0.704883	-0.773691	-1.23806	-0.333779	2.770442	-1.582607	-0.566789	-0.013394	0.445344	-1.866343	1.89124	-2.354315	0.343766	0.17816	-0.093876	2.761977	1.67889	0.23114	0.158178	1.107668	1.083922	-0.996064	-0.163456	0.526959	2.784676	-0.4519	-0.773485	-0.871569	1.363424	-0.430557	-0.382733	1.130379	-0.864414	-0.02887	-0.791507	1.848161	1.495421	-1.407618	-0.161347	-2.140536	-0.765815	0.415187	0.883932	0.122169	2.386909	-0.17741	-0.171023	-0.827057	-0.469959	2.821783	-0.28975	0.24065	0.718134	-0.743398	-0.063522	1.710085	0.613581	-0.317393	0.417068	1.507391	1.721713	1.007029	-1.367428	0.583286	1.487058	0.61254	-0.955435	-0.049904	-0.77834	-0.21216	0.31923	1.532467	2.211814	1.215967	0.405713	-0.488429	0.328324	0.972947	-0.896	-0.897254	-0.93141	1.615366	-0.246037	-1.384327	-0.134351	0.352533	0.910168	0.151853	-0.129521	0.092928	-1.654164	-0.974662	2.076668	-0.92281	1.391094	0.373168	1.842992	-0.340266	0.341595	-0.458308	1.005794	-0.367166	0.255537	0.251924	0.506656	0.475873	0.068872	0.838333	0.092671	1.522208	-0.447591	0.107441
47	0.16242	0.031103	1.600624	0.074515	0.567649	1.441444	0.355598	-0.733803	0.418441	-0.002863	0.663198	1.326331	0.05526	-0.574439	0.117611	2.051529	0.160351	0.942482	0.344962	1.099032	-2.073268	0.127482	2.168258	0.158316	0.298768	1.003135	-0.101287	0.453284	0.879533	-0.018143	0.397091	0.835241	-0.693636	1.853206	0.838827	-1.291924	-0.171881	0.046816	-1.512966	1.133234	-1.149546	0.305906	2.466038	-0.898547	1.437571	-0.973368	0.477749	0.308158	0.008207	-0.085631	-0.812459	0.958865	0.088816	-0.732271	-0.205684	0.240679	-0.221725	1.086353	-0.210349	-0.731685	0.61469	1.75443	-0.221575	-0.583082	-1.751716	-0.67472	-0.610203	-0.308345	0.037019	-0.996493	0.254198	-0.73684	0.112834	0.346229	-0.459095	0.252063	-0.563273	1.804498	1.173792	-1.189898	-0.228766	-0.542863	0.030487	-0.149925	-0.986026	0.202456	1.791958	-0.839123	-0.364593	0.269658	-0.402975	0.322931	-0.994747	-0.950561	-0.186364	1.296033	0.116554	-1.299755	-1.302523	-0.347627	1.774048	-2.429448	0.66461	0.389547	-0.809986	0.098142	-0.493276	-0.003926	2.742119	-1.817677	-1.736748	0.321268	-0.431399	-0.744072	-0.58385	-0.413122	-1.827133	0.036734	1.151963	-1.064647	0.078065	-1.133137	-1.188526	-1.266193	0.306749	-0.369409	0.377018	-2.535209	0.399384	0.209975	0.384275	-0.062962	-1.067875	-0.038751	-0.358707	-0.162013	0.205258	1.418021	0.636277	0.393304	-0.98821	0.889542	0.646288	-1.395493	0.28818	-0.071918	0.336824	1.980828	1.4758	-0.064831	-0.134531	-0.084967	-0.769448	2.907019	-0.727544	-0.94013	0.858257	0.321401	-0.829564	0.032213	0.463333	0.811358	0.690837	0.111052	2.425505	-0.940622	0.386369	-0.277487	-0.935435	0.391105	-1.480005	-0.71306	-0.685086	0.429914	0.097733	-0.530434	0.406449	-1.694475	-0.692105	0.406949	-0.153146	-0.741494	0.445507	-0.394162	-0.928229	-1.010141	-1.009746	1.092652	-0.315049	0.133785	-0.517957	-0.574859	0.166049	0.368388	0.746909	1.283761	-1.189191	-0.278587	-0.079145	0.027004
48	-0.344986	-0.465641	1.516287	0.080673	-0.883753	-1.503251	-0.674169	-1.372393	0.697155	-0.434637	-1.291279	0.701342	0.630634	-0.391975	-0.087646	0.324666	-0.50037	-1.028272	-0.794896	0.189225	1.746209	0.163869	-0.763243	-0.820624	0.817107	-1.715629	-0.602805	2.756795	-0.30764	0.823188	-0.009557	-0.527974	-1.488363	1.338997	1.899038	-0.004511	-2.271047	-0.231792	0.514837	1.220699	-0.356857	-0.158978	0.517244	-1.822777	1.201846	-2.377081	0.606602	-0.135765	-1.751617	3.44807	0.174048	-0.717148	-1.794969	0.696028	-0.286529	-2.120278	-0.231426	-1.093596	4.042105	0.023205	-1.185091	0.556021	-1.607207	1.298783	-0.138698	0.284775	0.333206	-1.302328	1.458053	0.467826	-0.701642	1.363535	-0.648502	-0.766895	-1.553555	-0.501568	-1.124245	1.395122	3.786657	0.643534	1.223179	-0.336294	-1.251903	-0.47923	-1.987226	1.422669	-0.350003	3.159548	-0.805122	-0.311299	0.082388	0.901474	0.68409	-0.054558	0.036808	-0.29056	-0.507247	-0.388031	1.433312	-1.974115	-0.596794	-0.107963	0.564683	3.900258	2.601114	0.29667	0.082288	1.014284	2.48783	-1.436952	0.06493	1.750311	1.88589	-0.167193	-1.271796	-0.467054	-0.366082	-0.922923	0.227547	1.254539	-1.431995	-0.176092	0.594814	0.232454	2.854415	0.21191	-0.339422	-2.273309	-1.142301	2.605437	-0.248385	-0.732209	0.842883	0.440775	-0.861842	-1.087181	-1.187545	1.962356	-0.278026	1.288351	-0.880218	-1.411869	-1.135172	0.152657	0.674373	-1.24749	-0.542899	0.118342	1.996524	-0.573024	-1.435567	0.915092	-0.3959	0.451801	-0.342526	-0.108045	-0.869975	-1.005782	-0.621884	1.416504	1.085338	0.422794	1.216745	-1.897811	1.307274	1.47151	0.186149	-0.757677	-1.144463	0.098946	-1.615375	-1.986049	-1.109467	-0.758783	1.139166	2.057541	-1.750456	-0.45617	-0.382894	-0.445486	-0.127051	-1.755044	1.589273	-1.444221	0.89287	-0.135131	0.194703	0.811029	0.222421	-0.503521	-0.19337	-0.771817	0.218114	0.237958	-0.279115	1.399408	-1.275022	0.653446	-0.486613	-0.184825
49	0.072712	-0.846945	1.073972	0.327784	-1.363388	-0.324708	0.284379	-1.677044	0.741901	0.10496	-1.054715	0.953826	-0.377069	0.281	1.101417	1.113117	0.132619	-1.590152	-0.939896	-0.899556	1.333329	-0.576019	1.044968	-0.863767	0.143375	-1.139192	0.361872	2.091884	0.816687	-0.758699	0.46106	0.249286	0.336636	1.28339	1.07241	0.282695	-1.527583	-0.382071	2.078541	0.690137	-1.39828	1.432743	1.004413	-1.789384	0.5287	-2.148258	0.019265	-1.055292	-0.690457	0.899303	-0.914792	0.493556	-0.334435	1.410412	0.477344	-1.419877	1.369841	-0.68097	3.904149	-1.394109	-0.600871	1.363135	-0.047491	0.928088	-0.415832	0.108928	-1.153218	0.747099	0.494941	0.813306	-0.423259	0.739247	0.931477	-2.083166	-1.208921	-0.745818	-1.421127	1.658458	2.955018	0.963042	0.460964	-0.259021	-1.500265	-0.522888	0.177492	2.640362	1.303877	1.303127	-1.039809	-0.147375	0.126476	0.777808	0.947282	0.441711	0.192031	0.730912	-0.22832	-1.202169	-0.136938	-0.222977	-0.171632	-0.468371	0.240016	2.134947	0.122487	0.373821	-0.550889	-0.409579	1.336049	-1.319578	0.247425	1.548351	1.660893	-0.753958	-1.085383	0.572918	-0.564955	-1.524179	0.527731	0.441551	-1.277431	-0.624388	-0.35882	0.988473	2.126895	0.587503	-1.147227	-3.340567	-0.109766	0.758418	-0.174672	1.611659	-0.211265	-0.661309	-0.812235	-1.213053	-0.829911	1.00034	1.922968	0.804022	-1.479514	-0.230438	-0.269189	-0.507836	-0.427216	-0.639361	0.183692	0.956163	1.255516	-1.221643	-1.387524	0.707185	0.399661	-0.066751	-0.868595	-1.35968	-0.490468	-0.259984	0.232915	1.597557	0.649316	-1.138443	0.419243	-0.813076	2.103968	0.660188	-0.790623	-0.690305	0.270031	1.899745	-1.159941	-1.589266	-0.282257	-0.652655	-0.066067	1.179885	-0.964715	-0.454916	-2.754122	-1.089326	0.482455	-1.401754	0.060384	-0.156137	0.790452	1.394052	-1.156823	-0.872867	-0.388767	0.00713	-1.225277	-0.398021	-0.161009	0.730528	-1.700136	1.687701	-0.689877	0.868243	-1.055815	-0.345262
50	-0.58289	-0.513474	0.136707	0.576705	0.578492	0.85339	0.583472	-0.906227	0.680299	0.091744	0.0871	0.838922	0.094866	0.886247	0.835068	1.554298	0.529344	0.814235	0.779497	0.536538	-1.299525	-0.947658	-0.882613	0.003346	0.358167	0.811044	0.866936	0.933914	1.146457	-1.720708	0.456712	0.081743	0.859348	0.469943	0.477233	0.942189	-0.612515	0.655637	-0.462706	-0.02497	-0.109808	0.767253	0.860597	-1.529785	1.827351	-1.651282	0.607054	-0.008695	0.804745	1.079468	0.380074	1.523359	0.256139	-0.869042	0.934559	0.149125	0.51445	0.923549	-0.455869	-0.78631	0.631214	1.756587	-1.153165	1.032229	0.594922	-0.128655	0.691737	0.911023	0.463664	0.100197	0.57965	0.289433	1.145429	-0.7412	-0.027482	-0.587851	0.784353	-0.24551	0.399696	0.868971	0.775017	0.503333	-0.34691	-0.108037	-0.251722	1.186924	3.319589	-0.540073	-1.64046	-0.108292	0.868973	0.615666	0.292185	1.244963	-1.524768	1.657016	-1.280365	-0.582657	-0.720656	-1.738505	1.231827	-1.818901	1.349246	0.878321	-0.401176	1.855406	1.014675	1.431704	1.744701	-1.584867	-2.000007	0.227223	0.234468	-0.949443	-2.624613	1.640396	0.185863	-0.78884	-0.584232	0.318648	1.151844	-1.781725	-1.390076	-0.853081	-0.816397	0.117688	0.61017	-2.271455	1.020642	-0.078678	0.111056	0.356523	-0.846268	-1.738979	-0.057194	0.048669	-0.905867	1.129938	-0.325332	-0.573699	-0.082388	1.321572	0.030696	-0.866793	1.271028	1.629485	0.768001	-0.58525	1.39373	-0.598928	-2.125665	-1.141464	-2.50014	-0.628126	-1.50358	-0.659463	0.985477	-0.693446	0.767164	0.575511	0.185998	0.349368	1.013127	1.346147	-1.205415	-0.458044	-0.290856	-2.184473	-1.317822	-0.388744	0.2912	-1.673632	0.245452	-1.411821	-0.72393	-0.010689	-0.418514	0.449875	-0.901787	0.317378	-0.706785	-0.358763	-0.14974	-1.143799	-2.325149	-1.879761	-0.491252	1.168939	-0.046947	-0.52997	-0.882818	-0.126481	0.153601	-0.3248	0.431054	1.971137	-2.016737	-0.255744	-1.940745	-0.153356
51	0.968029	-0.976343	1.586767	0.495192	-0.0053	-1.178884	0.504773	-2.284798	1.534808	0.368248	-1.624934	1.999464	1.044542	-0.284354	0.057485	0.776949	-0.074028	-0.502	0.168586	1.728505	1.766561	-1.214941	1.914845	-0.947985	2.091369	-1.203986	-0.540946	5.780956	0.931233	-0.263622	0.711296	0.670981	-0.873643	2.307663	0.895938	-0.607718	-1.634056	-0.850366	1.688065	0.914664	-1.362839	0.175396	0.810952	-2.529598	0.247859	-1.226717	-2.229059	-0.955618	-0.056429	4.25757	0.070104	-0.904489	-1.244886	1.054829	-0.775904	-2.210181	-1.116553	-1.388004	5.88177	-1.261638	-1.362765	1.256399	-1.43576	0.26632	-0.63157	0.289719	-1.928646	-0.546812	-0.465201	1.673701	-1.231716	1.971184	-1.83798	-1.218195	-1.722306	-1.117218	-0.980819	3.225827	6.355866	1.394803	0.855521	1.10177	-1.287209	-2.730338	-0.763682	4.634608	0.35214	4.211473	0.143293	0.68007	0.766303	-0.713743	0.991087	-0.376302	-1.21803	-0.088475	0.240185	-1.599659	0.722347	-1.24315	-0.670067	-0.512733	-1.108981	2.376382	1.474244	-0.695785	-0.365922	1.847777	0.832616	-0.403485	-0.493488	1.570557	1.584015	0.38114	-1.723419	-0.832305	0.741869	-1.412297	0.707845	-0.970319	-1.026687	-1.186211	-0.944813	0.809465	4.248804	-0.78441	1.109698	-1.763396	-0.320664	-0.50841	0.0458	-0.923236	-0.750246	-0.554988	-1.021597	-0.876996	-1.819309	4.56345	1.051782	-0.598686	-1.206094	-1.445476	-1.783099	-0.094736	-1.021314	-1.855362	-1.34726	1.223956	5.156317	0.45972	0.255136	-0.395717	-1.16015	-0.335027	-2.134713	-1.570115	-1.422346	-0.413549	-0.689321	4.061332	0.474143	-0.638964	0.467515	-0.904785	2.173671	1.170017	-1.995068	-1.590982	-1.015801	0.549925	-0.953494	-1.069654	0.341375	-0.129428	0.026772	0.878617	-1.197713	-1.298904	-1.555548	-1.450763	0.038173	-0.078297	-1.010439	-0.340755	0.400573	-0.822207	-1.200605	-1.154824	0.510118	-1.389437	0.60309	0.407457	0.095088	0.373116	0.407093	-0.027496	-1.260152	0.448385	-1.024163	-0.323446
52	-0.828498	-1.842705	0.002712	-1.202461	-1.926607	-4.731693	-1.966829	-2.893844	-0.761032	-0.902361	-2.248774	1.439345	0.112135	-1.656691	-2.458963	-2.550904	-0.969855	-3.542712	-2.029488	-0.808376	0.730506	0.289097	4.673968	-2.080927	0.664367	-1.843173	-1.08757	4.987866	-2.889637	0.885131	-1.699616	-0.119965	-3.532258	0.073022	0.628064	-0.66896	-1.254523	-2.776972	3.213562	2.556081	-1.402726	-2.66819	-1.001466	-2.544671	-2.142783	-1.182267	-3.144814	-2.894233	-2.771206	7.280817	0.137726	-2.511905	-3.06072	1.725871	-2.575247	-3.139515	-1.615421	-3.204223	4.926743	-0.621776	-2.543959	-1.042062	-1.647661	1.273089	-1.271231	0.022789	-1.943113	-2.106199	2.324173	2.026845	-2.523471	1.534994	-2.623656	-1.950205	-0.20755	-1.455276	-2.156564	3.977756	5.579469	1.799204	1.106836	-0.525665	0.18318	-1.212996	-1.162606	3.830688	-0.783314	4.009862	-1.265187	-0.665533	0.145901	0.803675	2.881393	-1.917497	-1.311769	-1.07112	1.507929	0.441173	1.339518	-1.636817	-1.82054	-0.231205	-1.02655	3.160664	2.520842	0.737489	-1.143414	1.513275	0.720898	-1.05872	0.558773	2.845331	1.428801	1.765245	-0.348596	-2.269578	0.053927	-0.667192	1.298674	0.289441	-1.916115	-0.144406	0.38362	1.624401	4.180397	-1.929453	0.787539	-1.250089	-1.072933	0.44628	2.027566	-1.172913	0.666853	0.926276	-2.009532	-0.529648	-0.639729	4.615504	2.765412	1.810782	-0.981302	-1.693019	-1.134098	-0.40343	0.075004	-1.160503	-1.131975	3.195632	4.949373	1.476891	-0.69561	1.943367	0.548302	0.748096	-0.301069	-1.001514	-1.591459	0.281344	-2.059476	4.507391	0.886605	-0.2219	0.3369	-1.017679	3.625247	0.799193	-0.171603	-0.271361	0.305892	1.807299	-0.103594	0.053368	0.543822	1.028643	1.899954	2.864159	0.798506	-0.71874	0.72815	-1.049752	1.431714	0.528928	2.501084	0.252149	2.8446	0.087455	0.128322	-0.199393	0.35046	0.304681	0.003466	0.626343	1.620063	1.185879	-0.311636	-0.400368	0.54089	2.1833	1.767339	0.626813
53	-0.843252	-0.878475	1.228766	-1.008902	-2.470651	-0.308445	-0.297551	-0.708193	-0.656161	0.656061	0.313255	0.617196	-0.866686	0.094237	-0.037047	0.779941	-0.517764	-1.25638	2.272214	0.374737	-1.613953	-1.918027	5.587923	-0.975096	0.26541	-0.965981	-0.784738	2.227281	1.134472	-0.900373	-3.039901	0.70427	-0.255985	-0.168795	-1.312087	-2.497665	-1.51107	-2.132374	-1.167445	2.413229	-0.626872	0.107062	-1.980297	-0.510676	-2.077215	-1.729165	-2.529879	-1.869495	-1.678258	2.044795	-0.719447	0.464236	-2.024509	-2.002221	-1.027521	-2.253945	-0.010817	-1.907887	2.676524	1.321199	-0.754786	0.613802	-0.931876	-0.680197	-0.558193	0.320478	-1.690841	0.106267	2.261031	-0.973782	0.498165	-0.722254	-0.684194	-2.474155	-1.295937	-1.529849	-1.047118	3.368207	2.983417	-0.061615	0.377578	-1.217325	-0.195347	0.134156	-1.702527	2.604951	0.943437	2.691352	-1.693446	-0.924203	0.172848	0.796474	0.065542	-0.029354	-1.071397	-1.393706	2.810655	-0.789695	-0.798577	-1.1867	0.324531	-0.773407	-0.457683	1.095803	0.665997	0.058517	-0.296785	0.707576	2.610611	-1.266181	-0.535555	2.4673	-0.120342	2.160662	-0.084714	0.534921	-1.051446	-1.175991	-0.134499	-0.753795	-0.880418	-0.525277	2.175528	-0.499804	1.322909	-1.554705	0.63798	-1.898007	-0.733655	1.547089	-0.188412	-0.257738	0.141345	0.619728	0.059765	-0.638618	0.180605	3.043185	3.332525	0.285632	-1.19451	-1.045506	-1.441374	-0.606316	0.288792	-0.276779	0.381481	4.000334	4.142882	0.028688	-0.82607	0.93889	1.066309	0.825486	-1.606041	-0.97527	0.199328	-0.440784	-0.871629	1.096809	0.600404	-0.201978	-0.405864	-0.017291	2.312698	0.689325	-0.194028	-0.414519	0.115294	2.240208	-0.41696	-0.083228	-0.611475	0.509866	1.433816	0.612369	1.002501	0.972595	-0.672927	-1.317554	0.795729	0.137194	0.710605	0.582746	0.816151	-0.164807	-0.644705	0.580279	0.64382	0.021506	-0.373161	0.194205	1.53561	3.158717	0.366585	0.399888	0.661907	0.613741	0.131688	0.266255
54	-2.460078	-2.193933	0.110433	-1.921449	-3.592549	-2.701478	-1.918231	-1.579802	0.046003	-2.604378	-3.281286	0.235494	-1.455444	-1.880075	-2.475631	-1.294281	-3.185486	-3.020145	1.716163	-0.55399	-0.130565	-1.408357	4.370842	-2.575512	-0.599087	-2.428595	-2.291423	7.826067	-0.542962	-1.879904	-2.330794	-1.889672	-0.237726	-0.055546	0.174763	-2.422615	3.647989	-2.597058	0.041595	2.359094	-1.086212	-2.207938	-1.587034	-1.421134	-1.929261	-1.197438	-1.582674	-2.904662	-2.16326	2.342271	2.40317	-2.202688	-1.975579	-1.408786	-2.456887	-2.790441	-1.601835	-2.033415	4.371786	0.951118	-2.228931	-1.122798	-0.745633	-0.186482	-1.553753	-0.425542	0.050231	-0.519834	2.097213	3.320605	-1.522553	-0.691447	-1.373761	-2.058586	-1.703251	-1.032766	-1.523856	2.179393	3.67861	0.17055	0.157803	-1.706514	6.455959	-0.759758	0.272299	6.220827	0.534109	4.215144	-2.080049	0.207861	0.576194	0.690896	0.544371	-0.766951	-0.867022	-1.390516	1.417366	-0.383756	2.553722	-1.570141	-1.52669	-0.401397	2.044468	0.910913	1.755915	1.210955	-0.911039	0.635796	1.595861	-1.007434	0.288784	0.965284	-0.475761	2.599584	-0.037263	-1.137361	-0.830747	-1.180762	-0.608688	-0.2211	-0.897333	-0.107546	1.228796	-0.142574	4.357152	-1.519247	-0.478439	-1.998734	-1.109973	1.997133	0.327082	-1.214241	0.035313	1.022884	-0.675156	-0.299289	0.002397	8.274904	3.199211	-0.204919	-1.555712	-1.967172	-1.110158	-0.334614	0.601928	-1.582534	-0.786908	2.682757	4.896836	0.316978	1.207685	1.534045	-0.309786	0.199474	-1.434803	-0.796766	-1.535648	0.378556	-0.76583	0.841235	0.17813	-1.272264	-0.90895	-0.776765	3.085603	2.990713	-0.316994	-0.512123	0.866499	2.270329	-0.741556	0.152231	-0.140978	1.144254	2.063067	1.427313	0.574314	0.2093	0.02406	-0.910458	4.143754	1.289362	0.89104	0.233697	2.033843	-0.028152	-0.423164	0.398373	1.506647	0.144167	0.614945	0.471282	1.498834	3.021544	1.466181	1.230894	0.707119	3.392322	0.136086	0.250449
55	-2.197832	-2.259528	2.402891	-0.063878	-4.498385	-3.244544	-2.406659	-1.21207	-0.704943	-2.584728	-3.360391	0.851357	-2.419942	-2.16749	-2.574888	-2.446277	-2.752001	-2.352844	-0.79616	-1.689754	4.770312	-1.535326	1.033293	-2.235735	-0.608117	-3.094754	-3.850976	10.215522	-1.897305	-1.042803	-2.139053	-1.341425	-1.289915	5.749079	3.78278	-2.289251	0.217932	-3.189464	3.640035	3.058797	-1.127682	-1.510984	-0.934577	-1.958087	-3.01923	-2.279858	-2.038516	-2.202174	-3.009055	7.171135	0.475394	-1.992777	-1.863956	0.875924	-2.794457	-2.131659	-2.314013	-2.731128	10.117487	0.115665	-2.718444	-1.188961	-0.47436	1.450721	-0.388793	-1.267034	0.20182	-1.121779	1.727242	-0.239985	-1.452542	-0.301776	-1.869721	-1.503193	-1.486382	-0.764069	-1.781165	3.765577	8.728239	-0.559212	-1.260867	0.496628	1.276586	-1.104048	-1.16391	2.908001	-0.696215	7.362282	-1.93995	-1.811299	-1.376551	0.988627	1.92234	-2.060619	-1.493172	-2.122617	1.791514	-0.237988	2.434668	-0.231871	-2.140545	0.71706	1.884703	4.221093	1.748468	0.931187	-1.84046	-0.449072	0.182868	-0.416072	1.717451	1.332835	1.884514	1.146672	0.784888	-1.675433	0.092151	-0.491483	-0.603417	-0.237281	-1.987372	0.942449	1.356575	0.882582	2.051905	-1.556168	-1.139143	-1.193501	-0.791893	1.367693	0.556624	-1.226113	1.016033	0.779837	-1.839488	1.065981	-0.307943	2.427832	0.388878	0.206337	-1.666338	-1.650117	-0.954269	-0.598329	-0.442439	-0.208289	-1.259496	2.17197	4.929031	-0.513245	-0.366233	1.888292	0.718298	0.847028	-0.179006	-0.945422	-0.635737	0.740748	-1.077972	0.999557	0.357826	-0.060463	-1.518931	-1.185019	2.609176	1.042448	-0.056749	-0.334113	0.287137	2.942442	-0.426716	0.950467	-0.201367	0.672925	2.476435	0.952235	0.413148	1.208272	0.1666	-0.598004	2.288642	1.151406	0.929473	0.335645	2.756768	0.135828	0.364824	-0.231035	0.199847	0.239145	-0.022592	1.230249	1.773131	1.239893	-0.321309	1.584261	0.923267	0.576785	0.225632	0.572398
56	1.321766	0.179359	1.768723	0.243713	-0.6814	0.183533	-1.184269	-1.061973	-1.644386	-0.809975	0.092389	0.764661	0.288682	-1.345546	-1.985672	-1.758112	-2.398945	-0.056587	-1.861272	0.105005	0.405478	0.77345	6.560979	-1.32171	0.958207	-0.272952	-3.019866	3.859208	-2.269914	-0.960451	-1.649577	-0.249203	-0.412157	0.350073	0.673222	-1.223049	-0.621964	-2.189111	2.506567	3.131419	-0.805151	-0.381514	0.355832	0.258259	-0.568771	-1.062729	-0.932074	-0.707697	0.092764	2.469977	-0.205652	-0.364804	-1.488183	-0.891931	-2.19895	-0.699777	-2.273867	-0.526148	3.509962	-0.66236	-1.720385	-2.095816	-2.050421	-1.041785	-1.827801	-0.31267	-0.699255	-1.545119	0.133969	0.458513	-1.729466	-1.211013	-2.202358	0.04906	-0.447044	-0.014763	-1.824948	5.044787	2.378374	0.763127	-0.94969	-0.853779	-0.307834	-0.90705	-2.21068	0.188308	-0.59652	1.570685	-0.154387	-2.372185	-0.807387	0.35296	1.092975	-1.711447	-0.294493	-0.30426	1.050585	-1.119593	-0.818708	-1.455258	-1.824799	1.372387	-0.622865	0.828607	2.810489	0.177732	-1.678158	-0.319036	0.341158	-0.782383	2.637342	2.038022	1.357326	1.683249	0.724935	-1.950905	0.817155	-1.528828	-0.287548	-1.501933	-0.151414	0.585358	0.374725	1.558654	0.930179	-0.649663	-0.141088	-0.397506	-1.540979	-0.126174	0.052463	0.332846	0.573323	0.827227	-0.234411	0.408887	0.178156	0.833922	1.437429	0.510226	-1.428592	-0.96568	0.431274	0.348201	-0.309041	0.244263	-1.665354	4.436364	2.932106	-0.223608	-0.432053	2.877702	1.158649	2.803711	-0.497248	-1.399562	-0.372421	0.450701	-1.971112	2.272781	0.323411	1.154507	-0.688487	-0.258241	4.05605	-0.657606	0.317703	-0.839214	0.60095	1.720109	-0.662807	-0.390016	0.435292	0.539501	2.78752	1.218763	0.210052	-1.33091	-0.767623	0.420704	1.461632	-0.068483	1.045681	-0.274658	0.312623	-0.489239	0.779804	0.156504	0.661059	-0.282403	-0.188875	0.668709	1.141321	0.681325	0.061851	-1.165687	0.087214	0.054894	-0.270694	1.489821
57	-0.195711	-2.284587	2.269163	0.344157	-2.249028	-2.567827	-0.48707	-1.189281	1.670881	-0.479551	-3.11035	1.492101	0.589052	-0.710621	0.179675	-1.627417	-2.384771	-1.170338	-0.432184	1.344744	0.355664	-1.189719	4.424257	-1.96397	1.876867	-2.27557	-2.785952	5.567898	1.416412	-2.520275	-1.077918	-2.010541	-2.055324	1.023267	0.141182	-0.612366	-3.052883	-0.842772	1.751303	3.016269	-0.950269	-0.939232	-0.087387	-1.926093	-0.606766	-2.153423	-2.256952	-2.784664	-2.017333	4.938717	-0.154001	-2.273679	-0.524001	-1.327813	-2.198595	-2.952166	-1.410596	-0.974315	5.843062	0.5369	-1.876342	-1.539835	-0.47763	0.076932	-2.75295	-0.511587	-0.12705	-0.838156	2.095211	0.379109	-1.664919	0.212133	-2.247348	-1.857129	-0.507572	-0.208792	-2.783334	4.450449	5.647134	0.96945	1.272496	-0.167365	-0.225016	-1.348722	-2.228795	3.760428	0.393808	4.21219	-1.561821	-0.344783	-0.303435	0.879169	-0.108017	-1.921506	-0.8043	-1.38674	1.18742	-1.354911	1.224358	-0.541423	-1.794347	-0.708904	2.910288	1.965566	1.612181	-0.161033	-1.39624	-0.374139	0.343711	-1.6025	0.816873	0.767498	-0.530477	0.724986	-0.240731	-1.70412	0.037731	-0.892201	-0.742485	0.813921	-1.390915	-0.387716	1.488797	-0.177892	5.098028	-1.781435	0.753965	-2.243454	-1.446687	3.385404	0.858721	-1.050814	0.239536	0.67262	-1.101147	-0.658683	-0.606567	3.24243	2.249046	0.17697	-0.726077	-1.630582	-1.237812	-0.365067	0.419189	0.339493	-1.904455	3.426387	6.003533	0.445363	1.65013	1.733757	1.507513	0.602513	-0.630967	-1.018575	-1.431081	0.46838	-1.851036	3.15355	-0.616771	-0.711519	-1.251127	-1.380738	3.679384	1.114912	-0.853242	-0.753608	0.93303	3.551828	-0.092901	-0.602938	-0.383679	0.580418	1.168598	2.954936	1.126796	-0.37396	-1.380833	-1.104255	1.350581	-0.143367	0.624835	0.315174	1.693572	-0.090211	0.331792	0.66679	-0.362412	-0.247611	0.099465	0.370884	1.236914	1.857008	-0.420705	-0.422367	0.796978	-0.424314	0.000656	0.003004
58	-1.501056	-2.03794	0.511092	-1.808855	-1.050544	-3.097968	-1.044809	-2.546615	1.419685	-1.836793	-2.807245	1.696878	-0.613758	-2.448913	-1.206142	-1.670752	-1.363416	-2.508593	-0.392437	-0.89193	-0.060549	-1.733181	4.632431	-1.479166	-0.149747	-2.543157	-1.865715	4.401717	-0.529105	-0.295464	-1.942996	-2.046616	0.121087	2.587267	2.673696	-3.059271	-2.193781	-1.621884	0.040847	2.506221	-2.221993	-0.907109	-2.173511	-2.453164	-0.14999	-2.878375	-2.34437	-2.973498	-2.30708	6.515862	0.907357	-2.127852	-1.101434	0.705876	-2.888081	-1.557316	-2.429309	-1.930066	6.274566	-0.707616	-2.188169	-1.031716	0.481386	1.270708	-0.404288	-0.139626	-1.200919	-1.104128	0.268227	1.852817	-1.222569	0.866292	-1.783063	-2.257089	-1.099544	-1.538694	-2.595569	3.314406	5.572271	0.932145	-1.101697	-0.439132	0.515402	-1.255606	-1.429113	4.662483	-0.103197	5.11536	-1.759617	-1.40095	0.689824	2.547478	-0.300316	-1.41973	-1.281093	-1.589076	1.514429	-0.58147	0.973745	-1.372116	-1.336031	-1.137356	1.731666	3.026096	4.385649	0.152973	-1.232234	0.5174	0.171474	-1.220192	-0.011222	3.295903	-0.504839	1.472594	-0.246289	-1.64696	0.623408	-1.173655	2.660438	-1.146736	-1.755265	0.054548	-0.131521	-0.395794	5.435578	-1.263512	-0.538643	-1.870847	-1.079481	2.853893	0.046946	-0.533466	-0.5922	0.635141	0.484955	0.040938	-0.600638	5.028301	1.037212	-0.070521	-1.673205	-1.780151	-1.375541	0.560085	0.828203	-0.925725	-1.164517	2.263728	5.690253	1.624294	-0.339831	3.079673	1.252649	0.538238	-0.389402	-1.406078	-1.473471	0.497722	0.031076	3.594805	-0.344563	0.11061	0.63333	-1.360148	2.303128	1.454542	-0.497099	0.256421	1.155096	1.522175	-0.141159	-0.016684	-0.342962	0.614192	1.524618	2.375085	0.278435	-0.999931	-0.389167	-0.075779	1.976859	0.510423	0.418719	0.252295	2.295432	-0.070445	-0.490211	-0.839816	0.382738	0.152556	0.539975	0.969187	1.601781	1.280002	0.180254	0.012199	0.218326	1.491102	0.8637	0.120359
59	1.056516	1.489916	2.12716	-0.066603	-1.020035	-2.750128	-1.987183	-2.595615	-0.911062	-2.293603	-1.896401	0.891707	1.43511	-2.348486	-1.217281	-2.429856	-1.158368	0.768197	-2.717454	-0.232493	-1.324495	-0.452649	6.19655	-0.013156	0.654095	-1.685054	-1.304275	2.047812	-2.253664	0.895888	-2.636633	-1.739594	-2.066485	-1.728336	0.263296	-2.018695	-1.11923	-0.72146	-0.06531	2.607889	-1.193243	-1.678745	-1.1288	-1.52392	-0.030411	-1.365566	-2.445136	-1.304331	-1.444835	1.269455	-1.834151	-0.51277	-0.868544	0.548036	-2.433693	-1.999044	-1.949361	-1.070465	3.556194	1.337394	-2.119418	-2.46835	-0.897889	-0.111773	-1.139119	-0.220491	-1.122151	-1.511108	2.952239	-0.324992	0.829462	-1.778351	-1.880798	0.032762	-1.770578	-0.776468	-1.003472	5.782527	1.730486	-0.747693	-0.376537	-1.280515	0.653742	-0.186194	-2.117224	1.568513	0.573642	1.240794	-0.802403	-1.046891	-1.832088	1.665634	0.216963	-0.517863	-0.364854	-0.63619	1.663548	-1.224677	0.351031	-0.534275	-1.663855	0.403556	-0.999405	1.44916	-0.101715	0.453109	-1.499478	0.35727	0.756799	-1.103419	0.628248	-0.476796	0.824838	1.823269	0.371105	-1.581989	1.189963	0.114235	0.168801	-1.287175	-0.494444	0.507887	0.048686	0.896228	1.238664	-0.724452	-0.244531	-0.343724	-0.935011	1.001541	0.152268	0.881294	-0.724955	1.272753	0.504566	1.134522	0.661401	2.791704	3.766351	1.872605	0.491794	-0.968315	-0.178207	-0.49194	0.107662	0.417014	-1.170941	4.112133	3.292776	-1.014269	0.127234	1.563239	0.007248	2.055781	0.203378	-0.284359	-0.866531	0.028027	-1.465336	2.873764	1.218394	0.445776	-0.420895	-0.969972	6.183453	0.40213	-0.218728	0.245117	0.277748	3.792808	-1.002037	0.107147	0.711145	1.453502	1.879528	1.559491	0.68833	-0.731519	-0.663096	-0.897742	1.29868	0.611925	0.685697	0.474609	0.775422	0.152096	-0.19848	0.122852	0.089061	0.449127	0.041252	0.635822	1.804587	2.405258	-1.047365	0.062338	0.627048	0.3826	0.987618	1.57167
60	-0.486892	-0.60202	1.210732	0.097491	-0.634067	-0.376907	0.383823	0.379791	1.405417	-0.994563	-0.685994	2.570231	-0.301639	2.356315	1.091034	-1.124539	-0.594586	-2.100624	1.476563	2.410529	-1.02257	-1.115785	3.838267	-3.302379	1.282571	-1.762698	0.360821	2.935953	2.730253	-0.029584	0.174025	-1.129826	-0.959258	-0.373921	0.356031	-0.738089	-1.926514	-3.301661	-1.513567	1.799893	-0.386662	1.650954	-0.963101	-0.085304	-1.975511	-1.839085	-2.124095	-1.217024	-2.795178	1.396451	-1.699276	-0.800435	-0.835854	-0.377062	-1.062675	0.184644	0.497071	0.055856	1.976653	0.309386	-2.768799	-1.200759	-0.685437	1.021882	-0.363081	0.136936	-1.078001	0.206685	0.221365	-1.220228	0.749095	-0.073878	-2.209864	-1.51544	-1.522969	-0.949076	-0.421549	4.0417	3.692245	-0.145826	-0.728168	1.763809	-0.150556	-1.350282	1.03227	2.542495	-0.66461	4.789981	-2.256294	2.570133	0.818295	1.826422	-0.514363	-1.127138	-2.464878	-1.448768	0.892295	-0.399282	1.207431	-1.028103	0.273957	-0.742476	0.582878	0.054849	0.517132	-0.342137	-0.907394	-0.628431	1.12817	-0.811171	0.09528	0.45972	-0.229188	0.73637	-0.367901	-0.986586	-1.171939	-1.130146	-1.273593	0.115158	-1.841101	-0.206314	1.392513	-0.2387	1.556435	-2.487239	-2.174099	-2.54834	-1.371451	0.470473	0.05668	-1.430043	-0.779331	1.170995	0.137305	-0.416118	-0.693388	2.363976	1.804724	0.97536	-0.632105	-0.781798	-1.046015	-1.445738	-0.961626	-0.984054	-0.419285	3.850704	3.951966	-0.980918	1.486919	1.177213	0.342847	-0.116923	-1.404332	-1.156585	-0.778184	1.568705	-0.321093	0.447163	-0.461457	0.301824	-0.705304	-1.478377	4.866939	-0.741924	-1.030662	-0.565599	0.629659	0.893575	-1.296886	0.232579	0.091283	0.616181	0.888831	1.670456	-0.249677	-0.277569	0.844206	0.008795	2.260601	0.272186	-0.099615	0.193571	1.14087	0.567191	-1.011519	-0.14593	0.874436	0.103701	-0.41966	1.187732	1.541621	1.345303	0.337562	0.144592	0.983953	0.432949	0.204088	0.020241
