contrast	first_compartment	second_compartment	genus	phylum	n_sites	n_blocks	mean_clr_difference	ci_low	ci_high	sign_flip_p	committed_loading	q_bh_600	supported_q_lt_0_05	higher_in
Deep-Surface	shallow_subsurface	surface	Planococcus	Bacillota	60	183	-1.74546329	-2.234760568	-1.276145022	0.0001	-1.74546329	0.0004285714286	True	surface
Deep-Surface	shallow_subsurface	surface	Nibribacter	Bacteroidota	60	183	-1.484710156	-1.883968455	-1.108176849	0.0001	-1.484710156	0.0004285714286	True	surface
Deep-Surface	shallow_subsurface	surface	Kineococcus	Actinomycetota	60	183	-1.364961971	-1.75024472	-0.9893278868	0.0001	-1.364961971	0.0004285714286	True	surface
Deep-Surface	shallow_subsurface	surface	Deinococcus	Deinococcota	60	183	-1.297330791	-1.649537299	-0.9670211807	0.0001	-1.297330791	0.0004285714286	True	surface
Deep-Surface	shallow_subsurface	surface	Saccharibacillus	Bacillota	60	183	-1.27358647	-1.747302167	-0.8127615748	0.0001	-1.27358647	0.0004285714286	True	surface
Deep-Surface	shallow_subsurface	surface	Kineosporia	Actinomycetota	60	183	-1.20095313	-1.623108191	-0.8044211349	0.0001	-1.20095313	0.0004285714286	True	surface
Deep-Surface	shallow_subsurface	surface	Rufibacter	Bacteroidota	60	183	-1.197367244	-1.603703447	-0.7780640658	0.0001	-1.197367244	0.0004285714286	True	surface
Deep-Surface	shallow_subsurface	surface	Kocuria	Actinomycetota	60	183	-1.129902467	-1.497070379	-0.7225138449	0.0001	-1.129902467	0.0004285714286	True	surface
Deep-Surface	shallow_subsurface	surface	Massilia	Pseudomonadota	60	183	-1.117031681	-1.417923458	-0.8283734492	0.0001	-1.117031681	0.0004285714286	True	surface
Deep-Surface	shallow_subsurface	surface	Arcticibacter	Bacteroidota	60	183	-1.036838898	-1.416147761	-0.6433963243	0.0001	-1.036838898	0.0004285714286	True	surface
Deep-Surface	shallow_subsurface	surface	Pseudomonas	Pseudomonadota	60	183	-1.022505118	-1.435539618	-0.5984838974	0.0001	-1.022505118	0.0004285714286	True	surface
Deep-Surface	shallow_subsurface	surface	Pantoea	Pseudomonadota	60	183	-0.9316939874	-1.454442524	-0.4129211947	0.0007	-0.9316939874	0.002245989305	True	surface
Deep-Surface	shallow_subsurface	surface	Telluribacter	Bacteroidota	60	183	-0.8284461912	-1.232638735	-0.4348540388	0.0002	-0.8284461912	0.0007947019868	True	surface
Deep-Surface	shallow_subsurface	surface	Rhodocista	Pseudomonadota	60	183	-0.810708446	-1.251497326	-0.3410110205	0.0016	-0.810708446	0.004637681159	True	surface
Deep-Surface	shallow_subsurface	surface	Tumebacillus	Bacillota	60	183	-0.7698255891	-1.315892097	-0.2451486907	0.0074	-0.7698255891	0.01754940711	True	surface
Deep-Surface	shallow_subsurface	surface	Vallicoccus	Actinomycetota	60	183	-0.7391943363	-1.092995358	-0.3776626925	0.0003	-0.7391943363	0.001118012422	True	surface
Deep-Surface	shallow_subsurface	surface	Cnuella	Bacteroidota	60	183	-0.7331221964	-1.094901988	-0.3830520499	0.0002	-0.7331221964	0.0007947019868	True	surface
Deep-Surface	shallow_subsurface	surface	Falsirhodobacter	Pseudomonadota	60	183	-0.7209440089	-1.157580781	-0.3138034389	0.0032	-0.7209440089	0.008311688312	True	surface
Deep-Surface	shallow_subsurface	surface	Lysobacter	Pseudomonadota	60	183	-0.7148475295	-1.106507332	-0.3384231152	0.0004	-0.7148475295	0.001437125749	True	surface
Deep-Surface	shallow_subsurface	surface	Paracoccus	Pseudomonadota	60	183	-0.6901470663	-1.078078239	-0.2585931804	0.0018	-0.6901470663	0.005046728972	True	surface
Deep-Surface	shallow_subsurface	surface	Cellulomonas	Actinomycetota	60	183	-0.6800643975	-0.9924800782	-0.3689375166	0.0001	-0.6800643975	0.0004285714286	True	surface
Deep-Surface	shallow_subsurface	surface	Cystobacter	Myxococcota	60	183	-0.6799915305	-1.227151517	-0.1441865399	0.0188	-0.6799915305	0.03944055944	True	surface
Deep-Surface	shallow_subsurface	surface	Brevundimonas	Pseudomonadota	60	183	-0.6618618662	-1.017057403	-0.3544484285	0.0001	-0.6618618662	0.0004285714286	True	surface
Deep-Surface	shallow_subsurface	surface	PMMR1	Pseudomonadota	60	183	-0.6372865377	-1.005555242	-0.2736114392	0.0031	-0.6372865377	0.008230088496	True	surface
Deep-Surface	shallow_subsurface	surface	Blastococcus	Actinomycetota	60	183	-0.6330528254	-1.041622464	-0.2480861342	0.0017	-0.6330528254	0.004857142857	True	surface
Deep-Surface	shallow_subsurface	surface	Modestobacter	Actinomycetota	60	183	-0.6163149951	-1.01949334	-0.2075594919	0.0068	-0.6163149951	0.01638554217	True	surface
Deep-Surface	shallow_subsurface	surface	Limnobacter	Pseudomonadota	60	183	-0.5987790156	-0.9305056854	-0.267320338	0.001	-0.5987790156	0.00310880829	True	surface
Deep-Surface	shallow_subsurface	surface	Isoptericola	Actinomycetota	60	183	-0.5874434178	-0.9917471959	-0.1844739019	0.0049	-0.5874434178	0.01214876033	True	surface
Deep-Surface	shallow_subsurface	surface	Cytophaga	Bacteroidota	60	183	-0.5806855982	-0.8728575202	-0.2818100303	0.001	-0.5806855982	0.00310880829	True	surface
Deep-Surface	shallow_subsurface	surface	Segetibacter	Bacteroidota	60	183	-0.5772756924	-0.9385793923	-0.2157285498	0.0014	-0.5772756924	0.004137931034	True	surface
Deep-Surface	shallow_subsurface	surface	Niallia	Bacillota	60	183	-0.5249830952	-1.011084989	-0.07161524311	0.0317	-0.5249830952	0.06298013245	False	surface
Deep-Surface	shallow_subsurface	surface	Plastorhodobacter	Pseudomonadota	60	183	-0.5042014024	-0.8888244449	-0.1338769941	0.0117	-0.5042014024	0.02590405904	True	surface
Deep-Surface	shallow_subsurface	surface	Devosia	Pseudomonadota	60	183	-0.5035741112	-0.9577500273	-0.05830141722	0.0386	-0.5035741112	0.07352380952	False	surface
Deep-Surface	shallow_subsurface	surface	Rubritepida	Pseudomonadota	60	183	-0.4932397646	-0.8931931221	-0.1334162194	0.0137	-0.4932397646	0.0297826087	True	surface
Deep-Surface	shallow_subsurface	surface	Turicibacter	Bacillota	60	183	-0.4800683669	-0.9033535422	-0.05855078819	0.0364	-0.4800683669	0.0704516129	False	surface
Deep-Surface	shallow_subsurface	surface	Arthrobacter	Actinomycetota	60	183	-0.4776087979	-0.900241031	-0.07151569235	0.0243	-0.4776087979	0.04959183673	True	surface
Deep-Surface	shallow_subsurface	surface	Georgenia	Actinomycetota	60	183	-0.4772045149	-1.032779047	0.1194761309	0.1098	-0.4772045149	0.1697938144	False	surface
Deep-Surface	shallow_subsurface	surface	Actinoplanes	Actinomycetota	60	183	-0.4699376165	-0.8940989168	-0.01432984504	0.0464	-0.4699376165	0.08335329341	False	surface
Deep-Surface	shallow_subsurface	surface	Azospirillum	Pseudomonadota	60	183	-0.4576675206	-0.7749892081	-0.1126607719	0.0069	-0.4576675206	0.01656	True	surface
Deep-Surface	shallow_subsurface	surface	Novosphingobium	Pseudomonadota	60	183	-0.4350267416	-0.8331141774	-0.0357338452	0.044	-0.4350267416	0.08067073171	False	surface
Deep-Surface	shallow_subsurface	surface	Pelagibacterium	Pseudomonadota	60	183	-0.4236337462	-0.8667954897	-0.003996813621	0.0623	-0.4236337462	0.1058426966	False	surface
Deep-Surface	shallow_subsurface	surface	Domibacillus	Bacillota	60	183	-0.4207054032	-0.696277746	-0.1564147189	0.0037	-0.4207054032	0.009446808511	True	surface
Deep-Surface	shallow_subsurface	surface	Rhodocytophaga	Bacteroidota	60	183	-0.407742978	-0.7558335714	-0.07422547917	0.0234	-0.407742978	0.04808219178	True	surface
Deep-Surface	shallow_subsurface	surface	Rubellimicrobium	Pseudomonadota	60	183	-0.4052479127	-0.7546869	-0.02988152396	0.0358	-0.4052479127	0.06951456311	False	surface
Deep-Surface	shallow_subsurface	surface	Neorhizobium	Pseudomonadota	60	183	-0.4038820633	-0.863366246	0.0532811192	0.0916	-0.4038820633	0.1453968254	False	surface
Deep-Surface	shallow_subsurface	surface	Cupriavidus	Pseudomonadota	60	183	-0.3946573471	-0.7952807359	-0.001052268577	0.0648	-0.3946573471	0.108	False	surface
Deep-Surface	shallow_subsurface	surface	Noviherbaspirillum	Pseudomonadota	60	183	-0.3898628095	-0.6252025384	-0.120575029	0.0034	-0.3898628095	0.008755364807	True	surface
Deep-Surface	shallow_subsurface	surface	Sporocytophaga	Bacteroidota	60	183	-0.3867613557	-0.8259886261	-0.01994761987	0.0623	-0.3867613557	0.1058426966	False	surface
Deep-Surface	shallow_subsurface	surface	Corynebacterium	Actinomycetota	60	183	-0.3714066277	-0.8861386117	0.1028032973	0.151	-0.3714066277	0.2141843972	False	surface
Deep-Surface	shallow_subsurface	surface	Flavisolibacter	Bacteroidota	60	183	-0.3635216639	-0.621270046	-0.08698575408	0.0107	-0.3635216639	0.02404494382	True	surface
Deep-Surface	shallow_subsurface	surface	Prauserella	Actinomycetota	60	183	-0.346572891	-0.7701224379	0.08300977039	0.1214	-0.346572891	0.1798518519	False	surface
Deep-Surface	shallow_subsurface	surface	Terribacillus	Bacillota	60	183	-0.3307339023	-0.6685454046	0.008632118041	0.072	-0.3307339023	0.1177111717	False	surface
Deep-Surface	shallow_subsurface	surface	Sphingoaurantiacus	Pseudomonadota	60	183	-0.3267365836	-0.6412867045	-0.007741152094	0.0468	-0.3267365836	0.08382089552	False	surface
Deep-Surface	shallow_subsurface	surface	Ornithinibacillus	Bacillota	60	183	-0.3227306176	-0.8143836374	0.1558119331	0.2099	-0.3227306176	0.283011236	False	surface
Deep-Surface	shallow_subsurface	surface	Oceanobacillus	Bacillota	60	183	-0.3173099899	-0.7599907404	0.114548422	0.1488	-0.3173099899	0.2120665083	False	surface
Deep-Surface	shallow_subsurface	surface	Mycobacterium	Actinomycetota	60	183	-0.2977299887	-0.6931051619	0.09439076286	0.1484	-0.2977299887	0.212	False	surface
Deep-Surface	shallow_subsurface	surface	Hydrocarboniphaga	Pseudomonadota	60	183	-0.2937444903	-0.6379140231	0.06625056431	0.1167	-0.2937444903	0.176372796	False	surface
Deep-Surface	shallow_subsurface	surface	Rhodococcus	Actinomycetota	60	183	-0.2924842743	-0.7680026425	0.1981131098	0.2428	-0.2924842743	0.3201758242	False	surface
Deep-Surface	shallow_subsurface	surface	Saccharomonospora	Actinomycetota	60	183	-0.2734017089	-0.7591157905	0.2131374778	0.2855	-0.2734017089	0.3668094218	False	surface
Deep-Surface	shallow_subsurface	surface	Geodermatophilus	Actinomycetota	60	183	-0.2576088884	-0.4751352253	-0.05414828006	0.0177	-0.2576088884	0.03792857143	True	surface
Deep-Surface	shallow_subsurface	surface	Roseomonas	Pseudomonadota	60	183	-0.2517293075	-0.549197996	0.04113116787	0.0924	-0.2517293075	0.1458947368	False	surface
Deep-Surface	shallow_subsurface	surface	Pontibacter	Bacteroidota	60	183	-0.2457971046	-0.5998614034	0.1353944964	0.208	-0.2457971046	0.2822972973	False	surface
Deep-Surface	shallow_subsurface	surface	Tepidisphaera	Planctomycetota	60	183	-0.2334265447	-0.5615473461	0.1061128818	0.1749	-0.2334265447	0.2423502304	False	surface
Deep-Surface	shallow_subsurface	surface	Roseisolibacter	Gemmatimonadota	60	183	-0.2166445582	-0.5099222905	0.07972690965	0.1677	-0.2166445582	0.2345454545	False	surface
Deep-Surface	shallow_subsurface	surface	Staphylococcus	Bacillota	60	183	-0.1921365332	-0.7295342591	0.2957873846	0.4792	-0.1921365332	0.565984252	False	surface
Deep-Surface	shallow_subsurface	surface	Archangium	Myxococcota	60	183	-0.1799348703	-0.4810007809	0.1058239091	0.2382	-0.1799348703	0.3161946903	False	surface
Deep-Surface	shallow_subsurface	surface	Herbaspirillum	Pseudomonadota	60	183	-0.1752034326	-0.5401638447	0.1963806505	0.3579	-0.1752034326	0.448434238	False	surface
Deep-Surface	shallow_subsurface	surface	Glycomyces	Actinomycetota	60	183	-0.1739576689	-0.5221359506	0.152618611	0.327	-0.1739576689	0.4147991543	False	surface
Deep-Surface	shallow_subsurface	surface	Nonomuraea	Actinomycetota	60	183	-0.1471489085	-0.4990927031	0.187265275	0.423	-0.1471489085	0.5179591837	False	surface
Deep-Surface	shallow_subsurface	surface	Actinomadura	Actinomycetota	60	183	-0.1252106917	-0.3938610179	0.1556848402	0.3901	-0.1252106917	0.4845962733	False	surface
Deep-Surface	shallow_subsurface	surface	Halomonas	Pseudomonadota	60	183	-0.1214725777	-0.699473765	0.4795974226	0.6849	-0.1214725777	0.7652513966	False	surface
Deep-Surface	shallow_subsurface	surface	Pelagibius	Pseudomonadota	60	183	-0.1193947255	-0.539585109	0.3041454801	0.5862	-0.1193947255	0.6692395437	False	surface
Deep-Surface	shallow_subsurface	surface	Saccharopolyspora	Actinomycetota	60	183	-0.1142706087	-0.4177334624	0.1737154089	0.4585	-0.1142706087	0.5469184891	False	surface
Deep-Surface	shallow_subsurface	surface	Adhaeribacter	Bacteroidota	60	183	-0.1061760111	-0.3750351021	0.1533620521	0.442	-0.1061760111	0.5346774194	False	surface
Deep-Surface	shallow_subsurface	surface	Microvirga	Pseudomonadota	60	183	-0.101533655	-0.3337422535	0.1452663795	0.4104	-0.101533655	0.5056262834	False	surface
Deep-Surface	shallow_subsurface	surface	Sphingomonas	Pseudomonadota	60	183	-0.08876127515	-0.3904819062	0.1916888333	0.56	-0.08876127515	0.6499032882	False	surface
Deep-Surface	shallow_subsurface	surface	Mangrovihabitans	Actinomycetota	60	183	-0.08737569995	-0.6911251723	0.5222193185	0.7753	-0.08737569995	0.8321645796	False	surface
Deep-Surface	shallow_subsurface	surface	Actinophytocola	Actinomycetota	60	183	-0.06951544036	-0.4769050648	0.3460469747	0.7544	-0.06951544036	0.8170397112	False	surface
Deep-Surface	shallow_subsurface	surface	Thermobaculum	Chloroflexota	60	183	-0.06515370128	-0.4345476365	0.2876744752	0.7349	-0.06515370128	0.8031693989	False	surface
Deep-Surface	shallow_subsurface	surface	TM7a	Patescibacteria	60	183	-0.056334954	-0.5129295341	0.414108965	0.8162	-0.056334954	0.8637037037	False	surface
Deep-Surface	shallow_subsurface	surface	Mesobacillus	Bacillota	60	183	-0.04227014863	-0.4995115621	0.4281100117	0.8645	-0.04227014863	0.9020869565	False	surface
Deep-Surface	shallow_subsurface	surface	Bradyrhizobium	Pseudomonadota	60	183	-0.03390750255	-0.5646907757	0.5183805421	0.8985	-0.03390750255	0.9294320138	False	surface
Deep-Surface	shallow_subsurface	surface	Enterococcus	Bacillota	60	183	-0.02405364188	-0.5817670425	0.4961726582	0.9246	-0.02405364188	0.9515608919	False	surface
Deep-Surface	shallow_subsurface	surface	Streptomyces	Actinomycetota	60	183	-0.01516864508	-0.3559533434	0.3682869567	0.9363	-0.01516864508	0.9570357751	False	surface
Deep-Surface	shallow_subsurface	surface	Nesterenkonia	Actinomycetota	60	183	-0.01147661111	-0.3443533374	0.3290987936	0.9522	-0.01147661111	0.9634401349	False	surface
Deep-Surface	shallow_subsurface	surface	Neobacillus	Bacillota	60	183	-0.0091759836	-0.413125524	0.318143216	0.9625	-0.0091759836	0.9705882353	False	surface
Deep-Surface	shallow_subsurface	surface	Nocardioides	Actinomycetota	60	183	-0.003791073451	-0.25873918	0.2700409843	0.9777	-0.003791073451	0.9820367279	False	surface
Deep-Surface	shallow_subsurface	surface	MM2	Pseudomonadota	60	183	0.004982084898	-0.384421585	0.3920120384	0.9803	0.004982084898	0.9820367279	False	shallow_subsurface
Deep-Surface	shallow_subsurface	surface	Truepera	Deinococcota	60	183	0.00550120521	-0.4222483183	0.4754784521	0.9804	0.00550120521	0.9820367279	False	shallow_subsurface
Deep-Surface	shallow_subsurface	surface	Fictibacillus	Bacillota	60	183	0.005879688961	-0.4953201404	0.4749121788	0.9784	0.005879688961	0.9820367279	False	shallow_subsurface
Deep-Surface	shallow_subsurface	surface	Lysinibacillus	Bacillota	60	183	0.009915608444	-0.2728694312	0.3110698582	0.9465	0.009915608444	0.9607094595	False	shallow_subsurface
Deep-Surface	shallow_subsurface	surface	Methylobacillus	Pseudomonadota	60	183	0.01143650733	-0.4097803544	0.4290697976	0.958	0.01143650733	0.9676767677	False	shallow_subsurface
Deep-Surface	shallow_subsurface	surface	Sandaracinobacter	Pseudomonadota	60	183	0.01540898008	-0.4388305874	0.473336422	0.9479	0.01540898008	0.9607094595	False	shallow_subsurface
Deep-Surface	shallow_subsurface	surface	Chelativorans	Pseudomonadota	60	183	0.0304325461	-0.3874889866	0.445192723	0.887	0.0304325461	0.9191709845	False	shallow_subsurface
Deep-Surface	shallow_subsurface	surface	Kallotenue	Chloroflexota	60	183	0.04043171044	-0.3933574227	0.4916009692	0.859	0.04043171044	0.8994764398	False	shallow_subsurface
Deep-Surface	shallow_subsurface	surface	Phenylobacterium	Pseudomonadota	60	183	0.0413190682	-0.2962807147	0.342311177	0.8036	0.0413190682	0.853380531	False	shallow_subsurface
Deep-Surface	shallow_subsurface	surface	Ellin6055	Pseudomonadota	60	183	0.05125977665	-0.2676408217	0.3933714629	0.761	0.05125977665	0.8212230216	False	shallow_subsurface
Deep-Surface	shallow_subsurface	surface	Rubrobacter	Actinomycetota	60	183	0.05408033007	-0.3377082639	0.4175082888	0.7837	0.05408033007	0.8371174377	False	shallow_subsurface
Deep-Surface	shallow_subsurface	surface	Aeromicrobium	Actinomycetota	60	183	0.05737797322	-0.3137841898	0.4155651482	0.7573	0.05737797322	0.8187027027	False	shallow_subsurface
Deep-Surface	shallow_subsurface	surface	Peribacillus	Bacillota	60	183	0.06678038218	-0.2744362875	0.4175970323	0.698	0.06678038218	0.7754528651	False	shallow_subsurface
Deep-Surface	shallow_subsurface	surface	Roseicella	Pseudomonadota	60	183	0.07355285331	-0.2333973371	0.3987061966	0.6595	0.07355285331	0.7424015009	False	shallow_subsurface
Deep-Surface	shallow_subsurface	surface	Brevibacillus	Bacillota	60	183	0.07725512257	-0.4570098261	0.6034280496	0.7841	0.07725512257	0.8371174377	False	shallow_subsurface
Deep-Surface	shallow_subsurface	surface	Brucella	Pseudomonadota	60	183	0.07876165894	-0.5486216902	0.7364510689	0.8218	0.07876165894	0.8680985915	False	shallow_subsurface
Deep-Surface	shallow_subsurface	surface	Luteitalea	Acidobacteriota	60	183	0.07982923203	-0.2549432109	0.3791931029	0.6557	0.07982923203	0.7398496241	False	shallow_subsurface
Deep-Surface	shallow_subsurface	surface	Daejeonella	Bacteroidota	60	183	0.08776811372	-0.2884089761	0.4832686672	0.6559	0.08776811372	0.7398496241	False	shallow_subsurface
Deep-Surface	shallow_subsurface	surface	Caenimonas	Pseudomonadota	60	183	0.09066071494	-0.3240225072	0.4769438766	0.6688	0.09066071494	0.7500560748	False	shallow_subsurface
Deep-Surface	shallow_subsurface	surface	Lautropia	Pseudomonadota	60	183	0.09141176879	-0.2325985576	0.4141974431	0.5867	0.09141176879	0.6692395437	False	shallow_subsurface
Deep-Surface	shallow_subsurface	surface	Luedemannella	Actinomycetota	60	183	0.09247862597	-0.3756757418	0.5530505957	0.7061	0.09247862597	0.7816574586	False	shallow_subsurface
Deep-Surface	shallow_subsurface	surface	Aquibacillus	Bacillota	60	183	0.09358839729	-0.3051460819	0.4711833328	0.661	0.09358839729	0.7426966292	False	shallow_subsurface
Deep-Surface	shallow_subsurface	surface	Escherichia-Shigella	Pseudomonadota	60	183	0.09861665667	-0.3891152209	0.5715716512	0.6912	0.09861665667	0.7696474954	False	shallow_subsurface
Deep-Surface	shallow_subsurface	surface	Conexibacter	Actinomycetota	60	183	0.1257272569	-0.1748536798	0.4489145632	0.4376	0.1257272569	0.5325760649	False	shallow_subsurface
Deep-Surface	shallow_subsurface	surface	Saccharothrix	Actinomycetota	60	183	0.1295907556	-0.3682275577	0.6218479296	0.6139	0.1295907556	0.6976136364	False	shallow_subsurface
Deep-Surface	shallow_subsurface	surface	Oxalophagus	Bacillota	60	183	0.1417144597	-0.2062196901	0.4820283984	0.4522	0.1417144597	0.5428742515	False	shallow_subsurface
Deep-Surface	shallow_subsurface	surface	DSSF69	Pseudomonadota	60	183	0.1462022246	-0.3357303008	0.6384952796	0.5531	0.1462022246	0.6431395349	False	shallow_subsurface
Deep-Surface	shallow_subsurface	surface	Ramlibacter	Pseudomonadota	60	183	0.1481680269	-0.152581696	0.4516884805	0.3458	0.1481680269	0.4349685535	False	shallow_subsurface
Deep-Surface	shallow_subsurface	surface	Aridibacter	Acidobacteriota	60	183	0.1517680464	-0.3656822177	0.6156152594	0.5457	0.1517680464	0.6357669903	False	shallow_subsurface
Deep-Surface	shallow_subsurface	surface	Peredibacter	Bdellovibrionota	60	183	0.161178101	-0.1988568726	0.5286147453	0.404	0.161178101	0.4987654321	False	shallow_subsurface
Deep-Surface	shallow_subsurface	surface	Croceibacterium	Pseudomonadota	60	183	0.175709405	-0.246006164	0.6265785539	0.453	0.175709405	0.5428742515	False	shallow_subsurface
Deep-Surface	shallow_subsurface	surface	Acinetobacter	Pseudomonadota	60	183	0.178216377	-0.2750837662	0.6248572314	0.4357	0.178216377	0.5313414634	False	shallow_subsurface
Deep-Surface	shallow_subsurface	surface	Crossiella	Actinomycetota	60	183	0.1790806396	-0.2071621006	0.5572809589	0.358	0.1790806396	0.448434238	False	shallow_subsurface
Deep-Surface	shallow_subsurface	surface	Nitrolancea	Chloroflexota	60	183	0.1864477831	-0.1174248594	0.518172094	0.2619	0.1864477831	0.3423529412	False	shallow_subsurface
Deep-Surface	shallow_subsurface	surface	Pedomicrobium	Pseudomonadota	60	183	0.1888989606	-0.2518763144	0.6219493441	0.4017	0.1888989606	0.4969484536	False	shallow_subsurface
Deep-Surface	shallow_subsurface	surface	Caulobacter	Pseudomonadota	60	183	0.2140857528	-0.1879513966	0.5972474917	0.2954	0.2140857528	0.3779104478	False	shallow_subsurface
Deep-Surface	shallow_subsurface	surface	YC-ZSS-LKJ147	Gemmatimonadota	60	183	0.2289021403	-0.2243596615	0.6579804428	0.3283	0.2289021403	0.4155696203	False	shallow_subsurface
Deep-Surface	shallow_subsurface	surface	Litorilinea	Chloroflexota	60	183	0.2476543718	-0.1568696571	0.6496139342	0.2252	0.2476543718	0.3002666667	False	shallow_subsurface
Deep-Surface	shallow_subsurface	surface	Dongia	Pseudomonadota	60	183	0.2508759994	-0.1812566733	0.6748359214	0.281	0.2508759994	0.3625806452	False	shallow_subsurface
Deep-Surface	shallow_subsurface	surface	Nitrosomonas	Pseudomonadota	60	183	0.2567114693	-0.05904412474	0.6049519487	0.1391	0.2567114693	0.2011084337	False	shallow_subsurface
Deep-Surface	shallow_subsurface	surface	Blastocatella	Acidobacteriota	60	183	0.2595518341	-0.1770842013	0.6806872074	0.2425	0.2595518341	0.3201758242	False	shallow_subsurface
Deep-Surface	shallow_subsurface	surface	Marmoricola	Actinomycetota	60	183	0.2745659086	-0.04464333151	0.6124262301	0.1144	0.2745659086	0.174213198	False	shallow_subsurface
Deep-Surface	shallow_subsurface	surface	SM1A02	Planctomycetota	60	183	0.2795435499	-0.1426362775	0.7054025809	0.2144	0.2795435499	0.2871428571	False	shallow_subsurface
Deep-Surface	shallow_subsurface	surface	Bacillus	Bacillota	60	183	0.2807343648	0.01675402733	0.582679568	0.0554	0.2807343648	0.09634782609	False	shallow_subsurface
Deep-Surface	shallow_subsurface	surface	JCM 18997	Actinomycetota	60	183	0.2820786708	-0.07960957887	0.6391229492	0.1355	0.2820786708	0.1973300971	False	shallow_subsurface
Deep-Surface	shallow_subsurface	surface	Streptococcus	Bacillota	60	183	0.2840207971	-0.1933523181	0.7143434365	0.2424	0.2840207971	0.3201758242	False	shallow_subsurface
Deep-Surface	shallow_subsurface	surface	Acidibacter	Pseudomonadota	60	183	0.285741904	-0.03751445704	0.6119897068	0.0987	0.285741904	0.155026178	False	shallow_subsurface
Deep-Surface	shallow_subsurface	surface	Chthoniobacter	Verrucomicrobiota	60	183	0.2872524306	-0.03432851343	0.6083551831	0.0833	0.2872524306	0.13328	False	shallow_subsurface
Deep-Surface	shallow_subsurface	surface	Tautonia	Planctomycetota	60	183	0.2907786861	-0.1341219574	0.7105257118	0.1753	0.2907786861	0.2423502304	False	shallow_subsurface
Deep-Surface	shallow_subsurface	surface	Anaeromyxobacter	Myxococcota	60	183	0.2908006798	0.02663231947	0.5724133192	0.0406	0.2908006798	0.07684542587	False	shallow_subsurface
Deep-Surface	shallow_subsurface	surface	Pseudonocardia	Actinomycetota	60	183	0.2909523382	-0.05996455575	0.6618570301	0.1204	0.2909523382	0.1788118812	False	shallow_subsurface
Deep-Surface	shallow_subsurface	surface	CSP1-2	Dadabacteria	60	183	0.2976230548	-0.05504470333	0.6694462828	0.1279	0.2976230548	0.1888452088	False	shallow_subsurface
Deep-Surface	shallow_subsurface	surface	Abditibacterium	Abditibacteriota	60	183	0.2977730117	-0.03993592633	0.6375538615	0.1084	0.2977730117	0.1680620155	False	shallow_subsurface
Deep-Surface	shallow_subsurface	surface	Pseudalkalibacillus	Bacillota	60	183	0.3057369497	-0.08133356681	0.6917443313	0.1186	0.3057369497	0.1770149254	False	shallow_subsurface
Deep-Surface	shallow_subsurface	surface	Solirubrobacter	Actinomycetota	60	183	0.3089545946	0.01388644969	0.604078833	0.0519	0.3089545946	0.09105263158	False	shallow_subsurface
Deep-Surface	shallow_subsurface	surface	Phaselicystis	Myxococcota	60	183	0.3130939603	-0.08502081403	0.6887243854	0.1114	0.3130939603	0.1718251928	False	shallow_subsurface
Deep-Surface	shallow_subsurface	surface	Amycolatopsis	Actinomycetota	60	183	0.3136901769	-0.07901010617	0.6952065726	0.1281	0.3136901769	0.1888452088	False	shallow_subsurface
Deep-Surface	shallow_subsurface	surface	Steroidobacter	Pseudomonadota	60	183	0.3247873704	-0.003545686109	0.6718407755	0.0675	0.3247873704	0.111878453	False	shallow_subsurface
Deep-Surface	shallow_subsurface	surface	Symbiobacterium	Bacillota	60	183	0.3290535775	-0.0356465337	0.6899133314	0.0734	0.3290535775	0.119673913	False	shallow_subsurface
Deep-Surface	shallow_subsurface	surface	Paenibacillus	Bacillota	60	183	0.3406665713	0.01464123808	0.6461586774	0.0453	0.3406665713	0.08204819277	False	shallow_subsurface
Deep-Surface	shallow_subsurface	surface	Herpetosiphon	Chloroflexota	60	183	0.3408268173	-0.01546561881	0.7366453907	0.0859	0.3408268173	0.1370744681	False	shallow_subsurface
Deep-Surface	shallow_subsurface	surface	[Polyangium] brachysporum group	Pseudomonadota	60	183	0.3465039731	-0.05492704497	0.7514068431	0.1051	0.3465039731	0.16421875	False	shallow_subsurface
Deep-Surface	shallow_subsurface	surface	Ectobacillus	Bacillota	60	183	0.3578976903	0.02882146515	0.696532106	0.0441	0.3578976903	0.08067073171	False	shallow_subsurface
Deep-Surface	shallow_subsurface	surface	Myxococcus	Myxococcota	60	183	0.3630263466	-0.06755198156	0.8116481346	0.1179	0.3630263466	0.1770149254	False	shallow_subsurface
Deep-Surface	shallow_subsurface	surface	Verrucosispora	Actinomycetota	60	183	0.3700502432	-0.1141062167	0.8221771718	0.1295	0.3700502432	0.1899755501	False	shallow_subsurface
Deep-Surface	shallow_subsurface	surface	Allorhizocola	Actinomycetota	60	183	0.373081358	0.004182193466	0.7290302071	0.0584	0.373081358	0.1009798271	False	shallow_subsurface
Deep-Surface	shallow_subsurface	surface	Candidatus Alysiosphaera	Pseudomonadota	60	183	0.3772641264	0.0998423989	0.6629863869	0.0105	0.3772641264	0.02368421053	True	shallow_subsurface
Deep-Surface	shallow_subsurface	surface	Gracilibacillus	Bacillota	60	183	0.377450517	-0.01031569539	0.7746287701	0.0816	0.377450517	0.1312600536	False	shallow_subsurface
Deep-Surface	shallow_subsurface	surface	Ohtaekwangia	Bacteroidota	60	183	0.3878848966	-0.0194375246	0.7887542473	0.0753	0.3878848966	0.1221081081	False	shallow_subsurface
Deep-Surface	shallow_subsurface	surface	Subgroup 10	Acidobacteriota	60	183	0.3888689387	-0.0691364877	0.8818200947	0.1166	0.3888689387	0.176372796	False	shallow_subsurface
Deep-Surface	shallow_subsurface	surface	Aeromonas	Pseudomonadota	60	183	0.3967583973	0.06058096885	0.7537101606	0.0241	0.3967583973	0.04935153584	True	shallow_subsurface
Deep-Surface	shallow_subsurface	surface	Polygonibacillus	Bacillota	60	183	0.4019895353	0.04678564767	0.7905454521	0.0414	0.4019895353	0.07805642633	False	shallow_subsurface
Deep-Surface	shallow_subsurface	surface	Rhizorhabdus	Pseudomonadota	60	183	0.4039101964	-0.05461655761	0.84044757	0.0919	0.4039101964	0.1454881266	False	shallow_subsurface
Deep-Surface	shallow_subsurface	surface	Longispora	Actinomycetota	60	183	0.4045123678	-0.0718593488	0.9197075027	0.1137	0.4045123678	0.1740306122	False	shallow_subsurface
Deep-Surface	shallow_subsurface	surface	Metabacillus	Bacillota	60	183	0.4081212626	0.1357623891	0.6968935085	0.007	0.4081212626	0.01666666667	True	shallow_subsurface
Deep-Surface	shallow_subsurface	surface	Litchfieldia	Bacillota	60	183	0.4242263592	0.006751135105	0.8571654837	0.0662	0.4242263592	0.1100277008	False	shallow_subsurface
Deep-Surface	shallow_subsurface	surface	SH-PL14	Planctomycetota	60	183	0.432931775	-0.2067857091	1.00876051	0.1721	0.432931775	0.2395823666	False	shallow_subsurface
Deep-Surface	shallow_subsurface	surface	Fimbriiglobus	Planctomycetota	60	183	0.4360186897	-0.01857620873	0.8646796141	0.0545	0.4360186897	0.09505813953	False	shallow_subsurface
Deep-Surface	shallow_subsurface	surface	Plantactinospora	Actinomycetota	60	183	0.4377935661	0.03071274795	0.8460024193	0.0452	0.4377935661	0.08204819277	False	shallow_subsurface
Deep-Surface	shallow_subsurface	surface	Parviterribacter	Actinomycetota	60	183	0.4434742185	0.1870761676	0.7241740083	0.0025	0.4434742185	0.006756756757	True	shallow_subsurface
Deep-Surface	shallow_subsurface	surface	Halalkalibacter	Bacillota	60	183	0.4568348771	-0.1150184494	1.066428014	0.1351	0.4568348771	0.1973300971	False	shallow_subsurface
Deep-Surface	shallow_subsurface	surface	Paraconexibacter	Actinomycetota	60	183	0.4622294341	0.1393549519	0.7594771514	0.0054	0.4622294341	0.01327868852	True	shallow_subsurface
Deep-Surface	shallow_subsurface	surface	Sediminibacillus	Bacillota	60	183	0.4748716122	0.04606078556	0.9232871898	0.0427	0.4748716122	0.07950464396	False	shallow_subsurface
Deep-Surface	shallow_subsurface	surface	Bauldia	Pseudomonadota	60	183	0.4996884228	0.08081537802	0.9538105582	0.0304	0.4996884228	0.06059800664	False	shallow_subsurface
Deep-Surface	shallow_subsurface	surface	OM27 clade	Bdellovibrionota	60	183	0.5008363262	0.210447541	0.8108386331	0.0028	0.5008363262	0.007466666667	True	shallow_subsurface
Deep-Surface	shallow_subsurface	surface	Pajaroellobacter	Myxococcota	60	183	0.5028304827	0.07752768591	0.9090136405	0.0175	0.5028304827	0.0376344086	True	shallow_subsurface
Deep-Surface	shallow_subsurface	surface	Pir4 lineage	Planctomycetota	60	183	0.5042804772	0.1482041225	0.8860223422	0.0119	0.5042804772	0.02625	True	shallow_subsurface
Deep-Surface	shallow_subsurface	surface	Limibaculum	Pseudomonadota	60	183	0.5133821674	0.1382780891	0.8897144267	0.0165	0.5133821674	0.03561151079	True	shallow_subsurface
Deep-Surface	shallow_subsurface	surface	Niastella	Bacteroidota	60	183	0.5139654204	0.1311504844	0.9021057377	0.0115	0.5139654204	0.02555555556	True	shallow_subsurface
Deep-Surface	shallow_subsurface	surface	Arsenicitalea	Pseudomonadota	60	183	0.5146484	0.1439818342	0.8980080754	0.0097	0.5146484	0.02221374046	True	shallow_subsurface
Deep-Surface	shallow_subsurface	surface	Gemmatimonas	Gemmatimonadota	60	183	0.5227779835	0.2451194759	0.8260674637	0.0006	0.5227779835	0.001978021978	True	shallow_subsurface
Deep-Surface	shallow_subsurface	surface	SZB85	Pseudomonadota	60	183	0.5333847503	0.0888127753	0.9862852528	0.0288	0.5333847503	0.0576	False	shallow_subsurface
Deep-Surface	shallow_subsurface	surface	Bryobacter	Acidobacteriota	60	183	0.5335805766	0.1297044962	0.9175408523	0.0085	0.5335805766	0.01961538462	True	shallow_subsurface
Deep-Surface	shallow_subsurface	surface	Ammoniphilus	Bacillota	60	183	0.5604776923	0.1631116787	1.02565273	0.007	0.5604776923	0.01666666667	True	shallow_subsurface
Deep-Surface	shallow_subsurface	surface	Baekduia	Actinomycetota	60	183	0.6599603536	0.4010683908	0.9472949211	0.0001	0.6599603536	0.0004285714286	True	shallow_subsurface
Deep-Surface	shallow_subsurface	surface	Gemmata	Planctomycetota	60	183	0.6681879126	0.2730868175	1.036316506	0.0014	0.6681879126	0.004137931034	True	shallow_subsurface
Deep-Surface	shallow_subsurface	surface	Azohydromonas	Pseudomonadota	60	183	0.7188517981	0.2670742202	1.17006295	0.0026	0.7188517981	0.006995515695	True	shallow_subsurface
Deep-Surface	shallow_subsurface	surface	Sumerlaea	Sumerlaeota	60	183	0.7260771576	0.3367273159	1.109044866	0.0008	0.7260771576	0.002526315789	True	shallow_subsurface
Deep-Surface	shallow_subsurface	surface	Rhodoplanes	Pseudomonadota	60	183	0.7304569107	0.326133972	1.105381119	0.0006	0.7304569107	0.001978021978	True	shallow_subsurface
Deep-Surface	shallow_subsurface	surface	Arenimicrobium	Acidobacteriota	60	183	0.7489529344	0.2964346574	1.193795755	0.0032	0.7489529344	0.008311688312	True	shallow_subsurface
Deep-Surface	shallow_subsurface	surface	Gaiella	Actinomycetota	60	183	0.7842452211	0.4781655317	1.131349816	0.0001	0.7842452211	0.0004285714286	True	shallow_subsurface
Deep-Surface	shallow_subsurface	surface	Nitrospira	Nitrospirota	60	183	0.7960450192	0.4796873704	1.102247768	0.0001	0.7960450192	0.0004285714286	True	shallow_subsurface
Deep-Surface	shallow_subsurface	surface	Pirellula	Planctomycetota	60	183	0.8065444102	0.5475979379	1.076596908	0.0001	0.8065444102	0.0004285714286	True	shallow_subsurface
Deep-Surface	shallow_subsurface	surface	Caldilinea	Chloroflexota	60	183	0.8201969588	0.4635927253	1.193535858	0.0001	0.8201969588	0.0004285714286	True	shallow_subsurface
Deep-Surface	shallow_subsurface	surface	Sandaracinus	Myxococcota	60	183	0.8375422891	0.4626949044	1.245082789	0.0001	0.8375422891	0.0004285714286	True	shallow_subsurface
Deep-Surface	shallow_subsurface	surface	Aureibacillus	Bacillota	60	183	0.8397465438	0.4180680397	1.255455848	0.0005	0.8397465438	0.001724137931	True	shallow_subsurface
Deep-Surface	shallow_subsurface	surface	I-8	Planctomycetota	60	183	0.8458861744	0.3774463506	1.28473864	0.0009	0.8458861744	0.002827225131	True	shallow_subsurface
Deep-Surface	shallow_subsurface	surface	MND1	Pseudomonadota	60	183	0.8911717385	0.4864046812	1.294267105	0.0001	0.8911717385	0.0004285714286	True	shallow_subsurface
Deep-Surface	shallow_subsurface	surface	Acidiferrimicrobium	Actinomycetota	60	183	0.8934587763	0.5077481866	1.286129281	0.0001	0.8934587763	0.0004285714286	True	shallow_subsurface
Deep-Surface	shallow_subsurface	surface	Nordella	Pseudomonadota	60	183	0.9194806322	0.4956982443	1.353180148	0.0004	0.9194806322	0.001437125749	True	shallow_subsurface
Deep-Surface	shallow_subsurface	surface	Thermosipho	Thermotogota	60	183	1.020603085	0.5847549018	1.463491578	0.0002	1.020603085	0.0007947019868	True	shallow_subsurface
Deep-Surface	shallow_subsurface	surface	Opitutus	Verrucomicrobiota	60	183	1.156744912	0.8347108567	1.486208829	0.0001	1.156744912	0.0004285714286	True	shallow_subsurface
Deep-Surface	shallow_subsurface	surface	Polycyclovorans	Pseudomonadota	60	183	1.785751559	1.24198324	2.306899359	0.0001	1.785751559	0.0004285714286	True	shallow_subsurface
Rhizosphere-Deep	root_adjacent	shallow_subsurface	Bradyrhizobium	Pseudomonadota	60	191	-2.17683423	-2.804627298	-1.607163835	0.0001	-2.17683423	0.0004285714286	True	shallow_subsurface
Rhizosphere-Deep	root_adjacent	shallow_subsurface	MND1	Pseudomonadota	60	191	-2.034607383	-2.50369417	-1.567690945	0.0001	-2.034607383	0.0004285714286	True	shallow_subsurface
Rhizosphere-Deep	root_adjacent	shallow_subsurface	Nitrospira	Nitrospirota	60	191	-2.005025624	-2.467786898	-1.535910694	0.0001	-2.005025624	0.0004285714286	True	shallow_subsurface
Rhizosphere-Deep	root_adjacent	shallow_subsurface	Thermosipho	Thermotogota	60	191	-1.9869258	-2.49964032	-1.453284911	0.0001	-1.9869258	0.0004285714286	True	shallow_subsurface
Rhizosphere-Deep	root_adjacent	shallow_subsurface	Gaiella	Actinomycetota	60	191	-1.936955985	-2.423353941	-1.42601518	0.0001	-1.936955985	0.0004285714286	True	shallow_subsurface
Rhizosphere-Deep	root_adjacent	shallow_subsurface	Oxalophagus	Bacillota	60	191	-1.785071582	-2.391163077	-1.212301482	0.0001	-1.785071582	0.0004285714286	True	shallow_subsurface
Rhizosphere-Deep	root_adjacent	shallow_subsurface	Symbiobacterium	Bacillota	60	191	-1.759959033	-2.298906134	-1.232792558	0.0001	-1.759959033	0.0004285714286	True	shallow_subsurface
Rhizosphere-Deep	root_adjacent	shallow_subsurface	Rubrobacter	Actinomycetota	60	191	-1.626345222	-2.085797083	-1.159187232	0.0001	-1.626345222	0.0004285714286	True	shallow_subsurface
Rhizosphere-Deep	root_adjacent	shallow_subsurface	Caldilinea	Chloroflexota	60	191	-1.582834138	-2.123480582	-1.075123337	0.0001	-1.582834138	0.0004285714286	True	shallow_subsurface
Rhizosphere-Deep	root_adjacent	shallow_subsurface	Acidiferrimicrobium	Actinomycetota	60	191	-1.530129392	-2.007972917	-1.060161964	0.0001	-1.530129392	0.0004285714286	True	shallow_subsurface
Rhizosphere-Deep	root_adjacent	shallow_subsurface	SZB85	Pseudomonadota	60	191	-1.191624223	-1.670142522	-0.7186462868	0.0001	-1.191624223	0.0004285714286	True	shallow_subsurface
Rhizosphere-Deep	root_adjacent	shallow_subsurface	Conexibacter	Actinomycetota	60	191	-1.175419698	-1.480505459	-0.8683543235	0.0001	-1.175419698	0.0004285714286	True	shallow_subsurface
Rhizosphere-Deep	root_adjacent	shallow_subsurface	Parviterribacter	Actinomycetota	60	191	-1.166365481	-1.45137296	-0.8773613927	0.0001	-1.166365481	0.0004285714286	True	shallow_subsurface
Rhizosphere-Deep	root_adjacent	shallow_subsurface	Blastococcus	Actinomycetota	60	191	-1.154811077	-1.525119048	-0.7906501226	0.0001	-1.154811077	0.0004285714286	True	shallow_subsurface
Rhizosphere-Deep	root_adjacent	shallow_subsurface	CSP1-2	Dadabacteria	60	191	-1.138263038	-1.584001098	-0.6705679331	0.0001	-1.138263038	0.0004285714286	True	shallow_subsurface
Rhizosphere-Deep	root_adjacent	shallow_subsurface	Kallotenue	Chloroflexota	60	191	-1.132276746	-1.545832388	-0.6922440829	0.0001	-1.132276746	0.0004285714286	True	shallow_subsurface
Rhizosphere-Deep	root_adjacent	shallow_subsurface	Herpetosiphon	Chloroflexota	60	191	-1.127237108	-1.439505782	-0.80483798	0.0001	-1.127237108	0.0004285714286	True	shallow_subsurface
Rhizosphere-Deep	root_adjacent	shallow_subsurface	Solirubrobacter	Actinomycetota	60	191	-1.120957417	-1.496308864	-0.7133680349	0.0001	-1.120957417	0.0004285714286	True	shallow_subsurface
Rhizosphere-Deep	root_adjacent	shallow_subsurface	Mangrovihabitans	Actinomycetota	60	191	-1.103499583	-1.632674955	-0.576241733	0.0001	-1.103499583	0.0004285714286	True	shallow_subsurface
Rhizosphere-Deep	root_adjacent	shallow_subsurface	Luedemannella	Actinomycetota	60	191	-1.095071335	-1.510800735	-0.679839087	0.0001	-1.095071335	0.0004285714286	True	shallow_subsurface
Rhizosphere-Deep	root_adjacent	shallow_subsurface	Lautropia	Pseudomonadota	60	191	-1.083276122	-1.41081363	-0.7551145257	0.0001	-1.083276122	0.0004285714286	True	shallow_subsurface
Rhizosphere-Deep	root_adjacent	shallow_subsurface	Polycyclovorans	Pseudomonadota	60	191	-1.081274825	-1.560247305	-0.5923948454	0.0001	-1.081274825	0.0004285714286	True	shallow_subsurface
Rhizosphere-Deep	root_adjacent	shallow_subsurface	Nitrolancea	Chloroflexota	60	191	-1.069014893	-1.456049044	-0.6991245711	0.0001	-1.069014893	0.0004285714286	True	shallow_subsurface
Rhizosphere-Deep	root_adjacent	shallow_subsurface	Vallicoccus	Actinomycetota	60	191	-1.049778661	-1.421204015	-0.6721129679	0.0001	-1.049778661	0.0004285714286	True	shallow_subsurface
Rhizosphere-Deep	root_adjacent	shallow_subsurface	Marmoricola	Actinomycetota	60	191	-1.038711017	-1.427894166	-0.6830291855	0.0001	-1.038711017	0.0004285714286	True	shallow_subsurface
Rhizosphere-Deep	root_adjacent	shallow_subsurface	Aridibacter	Acidobacteriota	60	191	-1.029792445	-1.52260304	-0.5492205612	0.0002	-1.029792445	0.0007947019868	True	shallow_subsurface
Rhizosphere-Deep	root_adjacent	shallow_subsurface	Geodermatophilus	Actinomycetota	60	191	-1.025179183	-1.425915968	-0.6057975201	0.0001	-1.025179183	0.0004285714286	True	shallow_subsurface
Rhizosphere-Deep	root_adjacent	shallow_subsurface	Limnobacter	Pseudomonadota	60	191	-0.9893795151	-1.444517168	-0.5406945701	0.0001	-0.9893795151	0.0004285714286	True	shallow_subsurface
Rhizosphere-Deep	root_adjacent	shallow_subsurface	Roseisolibacter	Gemmatimonadota	60	191	-0.9832143746	-1.364963894	-0.6075291581	0.0001	-0.9832143746	0.0004285714286	True	shallow_subsurface
Rhizosphere-Deep	root_adjacent	shallow_subsurface	Phaselicystis	Myxococcota	60	191	-0.9625458892	-1.434606178	-0.4982046987	0.0005	-0.9625458892	0.001724137931	True	shallow_subsurface
Rhizosphere-Deep	root_adjacent	shallow_subsurface	Aureibacillus	Bacillota	60	191	-0.956303678	-1.535776559	-0.4181218591	0.0015	-0.956303678	0.004368932039	True	shallow_subsurface
Rhizosphere-Deep	root_adjacent	shallow_subsurface	Nordella	Pseudomonadota	60	191	-0.9451250188	-1.329402985	-0.5572281791	0.0001	-0.9451250188	0.0004285714286	True	shallow_subsurface
Rhizosphere-Deep	root_adjacent	shallow_subsurface	Cystobacter	Myxococcota	60	191	-0.9406836216	-1.48650607	-0.378893546	0.0013	-0.9406836216	0.003880597015	True	shallow_subsurface
Rhizosphere-Deep	root_adjacent	shallow_subsurface	Blastocatella	Acidobacteriota	60	191	-0.9306714986	-1.354163147	-0.5558915873	0.0001	-0.9306714986	0.0004285714286	True	shallow_subsurface
Rhizosphere-Deep	root_adjacent	shallow_subsurface	Acidibacter	Pseudomonadota	60	191	-0.9265332467	-1.256403717	-0.5922059814	0.0001	-0.9265332467	0.0004285714286	True	shallow_subsurface
Rhizosphere-Deep	root_adjacent	shallow_subsurface	Arenimicrobium	Acidobacteriota	60	191	-0.91692807	-1.404466985	-0.4607829476	0.0003	-0.91692807	0.001118012422	True	shallow_subsurface
Rhizosphere-Deep	root_adjacent	shallow_subsurface	Longispora	Actinomycetota	60	191	-0.9084061766	-1.369855423	-0.4729328496	0.0002	-0.9084061766	0.0007947019868	True	shallow_subsurface
Rhizosphere-Deep	root_adjacent	shallow_subsurface	Azohydromonas	Pseudomonadota	60	191	-0.8532237313	-1.37866932	-0.3464060859	0.0021	-0.8532237313	0.005753424658	True	shallow_subsurface
Rhizosphere-Deep	root_adjacent	shallow_subsurface	Rubritepida	Pseudomonadota	60	191	-0.8494338891	-1.248218706	-0.4495091687	0.0001	-0.8494338891	0.0004285714286	True	shallow_subsurface
Rhizosphere-Deep	root_adjacent	shallow_subsurface	Fimbriiglobus	Planctomycetota	60	191	-0.8363848858	-1.267469049	-0.4293016669	0.0003	-0.8363848858	0.001118012422	True	shallow_subsurface
Rhizosphere-Deep	root_adjacent	shallow_subsurface	Allorhizocola	Actinomycetota	60	191	-0.7927995407	-1.227650748	-0.3833366658	0.0007	-0.7927995407	0.002245989305	True	shallow_subsurface
Rhizosphere-Deep	root_adjacent	shallow_subsurface	Baekduia	Actinomycetota	60	191	-0.792383272	-1.109078299	-0.4662249377	0.0001	-0.792383272	0.0004285714286	True	shallow_subsurface
Rhizosphere-Deep	root_adjacent	shallow_subsurface	Gemmatimonas	Gemmatimonadota	60	191	-0.7776176403	-1.052848367	-0.4915245443	0.0001	-0.7776176403	0.0004285714286	True	shallow_subsurface
Rhizosphere-Deep	root_adjacent	shallow_subsurface	Deinococcus	Deinococcota	60	191	-0.7325640654	-1.184814292	-0.2993083451	0.0015	-0.7325640654	0.004368932039	True	shallow_subsurface
Rhizosphere-Deep	root_adjacent	shallow_subsurface	Paraconexibacter	Actinomycetota	60	191	-0.7319056697	-1.09506003	-0.3802925891	0.0006	-0.7319056697	0.001978021978	True	shallow_subsurface
Rhizosphere-Deep	root_adjacent	shallow_subsurface	Plantactinospora	Actinomycetota	60	191	-0.7201221933	-1.227399163	-0.2046231904	0.0075	-0.7201221933	0.017578125	True	shallow_subsurface
Rhizosphere-Deep	root_adjacent	shallow_subsurface	Fictibacillus	Bacillota	60	191	-0.7072853375	-1.132963823	-0.2548161621	0.0021	-0.7072853375	0.005753424658	True	shallow_subsurface
Rhizosphere-Deep	root_adjacent	shallow_subsurface	Opitutus	Verrucomicrobiota	60	191	-0.7063487095	-0.9992716677	-0.400097493	0.0001	-0.7063487095	0.0004285714286	True	shallow_subsurface
Rhizosphere-Deep	root_adjacent	shallow_subsurface	Brevibacillus	Bacillota	60	191	-0.6735336522	-1.103475254	-0.2544400632	0.0032	-0.6735336522	0.008311688312	True	shallow_subsurface
Rhizosphere-Deep	root_adjacent	shallow_subsurface	Steroidobacter	Pseudomonadota	60	191	-0.6549329277	-0.9752717898	-0.2999558026	0.0004	-0.6549329277	0.001437125749	True	shallow_subsurface
Rhizosphere-Deep	root_adjacent	shallow_subsurface	JCM 18997	Actinomycetota	60	191	-0.6469437602	-0.9504902523	-0.3265509302	0.0002	-0.6469437602	0.0007947019868	True	shallow_subsurface
Rhizosphere-Deep	root_adjacent	shallow_subsurface	Modestobacter	Actinomycetota	60	191	-0.6261647653	-1.027043136	-0.2096492556	0.0041	-0.6261647653	0.01029288703	True	shallow_subsurface
Rhizosphere-Deep	root_adjacent	shallow_subsurface	Dongia	Pseudomonadota	60	191	-0.6078330671	-0.9838110862	-0.2105158468	0.0025	-0.6078330671	0.006756756757	True	shallow_subsurface
Rhizosphere-Deep	root_adjacent	shallow_subsurface	Pseudalkalibacillus	Bacillota	60	191	-0.607496567	-0.9819167947	-0.2289738831	0.0033	-0.607496567	0.008534482759	True	shallow_subsurface
Rhizosphere-Deep	root_adjacent	shallow_subsurface	Nitrosomonas	Pseudomonadota	60	191	-0.5742830263	-0.9139403828	-0.2326273331	0.0018	-0.5742830263	0.005046728972	True	shallow_subsurface
Rhizosphere-Deep	root_adjacent	shallow_subsurface	Corynebacterium	Actinomycetota	60	191	-0.5624348696	-1.056733063	-0.02016927249	0.0344	-0.5624348696	0.06745098039	False	shallow_subsurface
Rhizosphere-Deep	root_adjacent	shallow_subsurface	Pedomicrobium	Pseudomonadota	60	191	-0.5352222025	-0.866852286	-0.1996174911	0.0027	-0.5352222025	0.007232142857	True	shallow_subsurface
Rhizosphere-Deep	root_adjacent	shallow_subsurface	Subgroup 10	Acidobacteriota	60	191	-0.5259584708	-0.9387346903	-0.1218192776	0.0135	-0.5259584708	0.0295620438	True	shallow_subsurface
Rhizosphere-Deep	root_adjacent	shallow_subsurface	Verrucosispora	Actinomycetota	60	191	-0.5021132824	-1.003471606	-0.008382804153	0.0558	-0.5021132824	0.09676300578	False	shallow_subsurface
Rhizosphere-Deep	root_adjacent	shallow_subsurface	Caenimonas	Pseudomonadota	60	191	-0.4959965823	-0.9320515749	-0.03714956836	0.0358	-0.4959965823	0.06951456311	False	shallow_subsurface
Rhizosphere-Deep	root_adjacent	shallow_subsurface	Sphingomonas	Pseudomonadota	60	191	-0.4810500027	-0.8171322544	-0.1325016817	0.0075	-0.4810500027	0.017578125	True	shallow_subsurface
Rhizosphere-Deep	root_adjacent	shallow_subsurface	Actinoplanes	Actinomycetota	60	191	-0.4661492964	-0.8992561321	-0.0473079114	0.0347	-0.4661492964	0.06781758958	False	shallow_subsurface
Rhizosphere-Deep	root_adjacent	shallow_subsurface	Ellin6055	Pseudomonadota	60	191	-0.4650187416	-0.7399318572	-0.1699131857	0.0013	-0.4650187416	0.003880597015	True	shallow_subsurface
Rhizosphere-Deep	root_adjacent	shallow_subsurface	Ammoniphilus	Bacillota	60	191	-0.4606344513	-0.8577172395	-0.09662777914	0.019	-0.4606344513	0.03972125436	True	shallow_subsurface
Rhizosphere-Deep	root_adjacent	shallow_subsurface	Saccharothrix	Actinomycetota	60	191	-0.4295719993	-0.8469572165	0.01323018427	0.061	-0.4295719993	0.1045714286	False	shallow_subsurface
Rhizosphere-Deep	root_adjacent	shallow_subsurface	Cellulomonas	Actinomycetota	60	191	-0.42505023	-0.8001161255	-0.04556452855	0.032	-0.42505023	0.06336633663	False	shallow_subsurface
Rhizosphere-Deep	root_adjacent	shallow_subsurface	Gemmata	Planctomycetota	60	191	-0.4248507424	-0.7818922706	-0.05301638256	0.0205	-0.4248507424	0.04256055363	True	shallow_subsurface
Rhizosphere-Deep	root_adjacent	shallow_subsurface	Luteitalea	Acidobacteriota	60	191	-0.4180778645	-0.8931790332	0.07455797815	0.0893	-0.4180778645	0.1421220159	False	shallow_subsurface
Rhizosphere-Deep	root_adjacent	shallow_subsurface	Sporocytophaga	Bacteroidota	60	191	-0.4171189347	-0.8093040688	0.01456801403	0.0506	-0.4171189347	0.08955752212	False	shallow_subsurface
Rhizosphere-Deep	root_adjacent	shallow_subsurface	Actinomadura	Actinomycetota	60	191	-0.3961341328	-0.826438134	0.04878933461	0.0774	-0.3961341328	0.1248387097	False	shallow_subsurface
Rhizosphere-Deep	root_adjacent	shallow_subsurface	Ectobacillus	Bacillota	60	191	-0.3642926326	-0.810855884	0.05339449249	0.1185	-0.3642926326	0.1770149254	False	shallow_subsurface
Rhizosphere-Deep	root_adjacent	shallow_subsurface	Thermobaculum	Chloroflexota	60	191	-0.3640315952	-0.7038926733	-0.02185497068	0.0444	-0.3640315952	0.08097264438	False	shallow_subsurface
Rhizosphere-Deep	root_adjacent	shallow_subsurface	Pirellula	Planctomycetota	60	191	-0.3548970589	-0.653101701	-0.03080582189	0.0339	-0.3548970589	0.06668852459	False	shallow_subsurface
Rhizosphere-Deep	root_adjacent	shallow_subsurface	Lysobacter	Pseudomonadota	60	191	-0.3503764305	-0.7128692789	0.01044591061	0.0606	-0.3503764305	0.1041833811	False	shallow_subsurface
Rhizosphere-Deep	root_adjacent	shallow_subsurface	Glycomyces	Actinomycetota	60	191	-0.3452904336	-0.7646076651	0.07748699353	0.1291	-0.3452904336	0.1898529412	False	shallow_subsurface
Rhizosphere-Deep	root_adjacent	shallow_subsurface	Anaeromyxobacter	Myxococcota	60	191	-0.3394011134	-0.6782942807	-0.008243825788	0.0627	-0.3394011134	0.1058426966	False	shallow_subsurface
Rhizosphere-Deep	root_adjacent	shallow_subsurface	Herbaspirillum	Pseudomonadota	60	191	-0.3071321113	-0.6992185857	0.08659866266	0.1374	-0.3071321113	0.1991304348	False	shallow_subsurface
Rhizosphere-Deep	root_adjacent	shallow_subsurface	Sumerlaea	Sumerlaeota	60	191	-0.3057550435	-0.6169490435	0.01902999917	0.0757	-0.3057550435	0.122425876	False	shallow_subsurface
Rhizosphere-Deep	root_adjacent	shallow_subsurface	OM27 clade	Bdellovibrionota	60	191	-0.3025563807	-0.6591323532	0.07148331959	0.1134	-0.3025563807	0.1740153453	False	shallow_subsurface
Rhizosphere-Deep	root_adjacent	shallow_subsurface	Rhodoplanes	Pseudomonadota	60	191	-0.3019395975	-0.8077639487	0.2110361508	0.2516	-0.3019395975	0.3310526316	False	shallow_subsurface
Rhizosphere-Deep	root_adjacent	shallow_subsurface	Litorilinea	Chloroflexota	60	191	-0.2919694481	-0.6620529227	0.0839780311	0.1403	-0.2919694481	0.2018705036	False	shallow_subsurface
Rhizosphere-Deep	root_adjacent	shallow_subsurface	Kineosporia	Actinomycetota	60	191	-0.286696988	-0.7792230932	0.2025097095	0.2597	-0.286696988	0.3402183406	False	shallow_subsurface
Rhizosphere-Deep	root_adjacent	shallow_subsurface	Peribacillus	Bacillota	60	191	-0.2855893243	-0.775349147	0.2395248782	0.2763	-0.2855893243	0.3588311688	False	shallow_subsurface
Rhizosphere-Deep	root_adjacent	shallow_subsurface	Aeromicrobium	Actinomycetota	60	191	-0.2544123044	-0.6169238485	0.1254145185	0.1781	-0.2544123044	0.2456551724	False	shallow_subsurface
Rhizosphere-Deep	root_adjacent	shallow_subsurface	PMMR1	Pseudomonadota	60	191	-0.2483724905	-0.6166912999	0.1230345442	0.2119	-0.2483724905	0.2850672646	False	shallow_subsurface
Rhizosphere-Deep	root_adjacent	shallow_subsurface	Rubellimicrobium	Pseudomonadota	60	191	-0.2131144625	-0.5522151821	0.1283988248	0.219	-0.2131144625	0.2926503341	False	shallow_subsurface
Rhizosphere-Deep	root_adjacent	shallow_subsurface	Truepera	Deinococcota	60	191	-0.1940672749	-0.7070734479	0.3395711819	0.4543	-0.1940672749	0.5429880478	False	shallow_subsurface
Rhizosphere-Deep	root_adjacent	shallow_subsurface	Rhodocytophaga	Bacteroidota	60	191	-0.1790066344	-0.5317226598	0.1936344554	0.3455	-0.1790066344	0.4349685535	False	shallow_subsurface
Rhizosphere-Deep	root_adjacent	shallow_subsurface	Archangium	Myxococcota	60	191	-0.1630512027	-0.5613042116	0.2385360795	0.4209	-0.1630512027	0.5164417178	False	shallow_subsurface
Rhizosphere-Deep	root_adjacent	shallow_subsurface	Saccharopolyspora	Actinomycetota	60	191	-0.1500658493	-0.6391410911	0.3666110388	0.5778	-0.1500658493	0.664137931	False	shallow_subsurface
Rhizosphere-Deep	root_adjacent	shallow_subsurface	Bryobacter	Acidobacteriota	60	191	-0.14483722	-0.5293456268	0.2424223815	0.4683	-0.14483722	0.5563960396	False	shallow_subsurface
Rhizosphere-Deep	root_adjacent	shallow_subsurface	Pseudonocardia	Actinomycetota	60	191	-0.1187454499	-0.4366594771	0.2274174842	0.4909	-0.1187454499	0.5775294118	False	shallow_subsurface
Rhizosphere-Deep	root_adjacent	shallow_subsurface	Aeromonas	Pseudomonadota	60	191	-0.1158324125	-0.4494189206	0.1713145792	0.4835	-0.1158324125	0.5699410609	False	shallow_subsurface
Rhizosphere-Deep	root_adjacent	shallow_subsurface	YC-ZSS-LKJ147	Gemmatimonadota	60	191	-0.1135822624	-0.4931264558	0.2876045073	0.5815	-0.1135822624	0.6671128107	False	shallow_subsurface
Rhizosphere-Deep	root_adjacent	shallow_subsurface	Myxococcus	Myxococcota	60	191	-0.1066145048	-0.5358786903	0.3386709847	0.6555	-0.1066145048	0.7398496241	False	shallow_subsurface
Rhizosphere-Deep	root_adjacent	shallow_subsurface	Bauldia	Pseudomonadota	60	191	-0.1050457348	-0.5444164167	0.3535286766	0.656	-0.1050457348	0.7398496241	False	shallow_subsurface
Rhizosphere-Deep	root_adjacent	shallow_subsurface	Escherichia-Shigella	Pseudomonadota	60	191	-0.07469411347	-0.6035261173	0.4456133136	0.7735	-0.07469411347	0.8317204301	False	shallow_subsurface
Rhizosphere-Deep	root_adjacent	shallow_subsurface	Actinophytocola	Actinomycetota	60	191	-0.0743608241	-0.444091271	0.3106625552	0.7074	-0.0743608241	0.7816574586	False	shallow_subsurface
Rhizosphere-Deep	root_adjacent	shallow_subsurface	Pajaroellobacter	Myxococcota	60	191	-0.05706376443	-0.4006643336	0.3056369375	0.7473	-0.05706376443	0.8122826087	False	shallow_subsurface
Rhizosphere-Deep	root_adjacent	shallow_subsurface	Streptococcus	Bacillota	60	191	-0.05036880078	-0.5866894752	0.4913875856	0.8643	-0.05036880078	0.9020869565	False	shallow_subsurface
Rhizosphere-Deep	root_adjacent	shallow_subsurface	Ramlibacter	Pseudomonadota	60	191	-0.04949047065	-0.3540498355	0.2754757741	0.7637	-0.04949047065	0.8226570916	False	shallow_subsurface
Rhizosphere-Deep	root_adjacent	shallow_subsurface	Adhaeribacter	Bacteroidota	60	191	-0.04646033381	-0.4443713392	0.3492554721	0.8236	-0.04646033381	0.8684710018	False	shallow_subsurface
Rhizosphere-Deep	root_adjacent	shallow_subsurface	Flavisolibacter	Bacteroidota	60	191	-0.03585798018	-0.3497777518	0.3019265906	0.8336	-0.03585798018	0.8744055944	False	shallow_subsurface
Rhizosphere-Deep	root_adjacent	shallow_subsurface	Nonomuraea	Actinomycetota	60	191	-0.01874388661	-0.4565967506	0.403879627	0.933	-0.01874388661	0.9552901024	False	shallow_subsurface
Rhizosphere-Deep	root_adjacent	shallow_subsurface	Candidatus Alysiosphaera	Pseudomonadota	60	191	-0.01444030354	-0.3332914526	0.3198501928	0.9321	-0.01444030354	0.9552901024	False	shallow_subsurface
Rhizosphere-Deep	root_adjacent	shallow_subsurface	Peredibacter	Bdellovibrionota	60	191	-0.01195710275	-0.3192259472	0.2903892226	0.9456	-0.01195710275	0.9607094595	False	shallow_subsurface
Rhizosphere-Deep	root_adjacent	shallow_subsurface	Limibaculum	Pseudomonadota	60	191	-0.006009780803	-0.512936368	0.5041336692	0.9824	-0.006009780803	0.9824	False	shallow_subsurface
Rhizosphere-Deep	root_adjacent	shallow_subsurface	Segetibacter	Bacteroidota	60	191	0.02182810008	-0.3146459277	0.3469869806	0.9	0.02182810008	0.9294320138	False	root_adjacent
Rhizosphere-Deep	root_adjacent	shallow_subsurface	Pir4 lineage	Planctomycetota	60	191	0.03886888344	-0.4002571599	0.5206268007	0.8711	0.03886888344	0.9073958333	False	root_adjacent
Rhizosphere-Deep	root_adjacent	shallow_subsurface	Turicibacter	Bacillota	60	191	0.05026025169	-0.3806410012	0.4716132981	0.816	0.05026025169	0.8637037037	False	root_adjacent
Rhizosphere-Deep	root_adjacent	shallow_subsurface	I-8	Planctomycetota	60	191	0.06186793745	-0.378553248	0.5526930786	0.8004	0.06186793745	0.8514893617	False	root_adjacent
Rhizosphere-Deep	root_adjacent	shallow_subsurface	Enterococcus	Bacillota	60	191	0.1023092327	-0.4067560625	0.6034961342	0.6992	0.1023092327	0.7754528651	False	root_adjacent
Rhizosphere-Deep	root_adjacent	shallow_subsurface	Rhizorhabdus	Pseudomonadota	60	191	0.107372105	-0.2358709093	0.4775805183	0.583	0.107372105	0.6675572519	False	root_adjacent
Rhizosphere-Deep	root_adjacent	shallow_subsurface	Halalkalibacter	Bacillota	60	191	0.1094961689	-0.5188565827	0.7371991235	0.733	0.1094961689	0.8025547445	False	root_adjacent
Rhizosphere-Deep	root_adjacent	shallow_subsurface	Neobacillus	Bacillota	60	191	0.1135244386	-0.2933099236	0.5280490523	0.5959	0.1135244386	0.6784440228	False	root_adjacent
Rhizosphere-Deep	root_adjacent	shallow_subsurface	Cytophaga	Bacteroidota	60	191	0.1284503261	-0.295417825	0.5802895761	0.5731	0.1284503261	0.66	False	root_adjacent
Rhizosphere-Deep	root_adjacent	shallow_subsurface	Roseicella	Pseudomonadota	60	191	0.1460368639	-0.224880568	0.5399255805	0.4724	0.1460368639	0.5601581028	False	root_adjacent
Rhizosphere-Deep	root_adjacent	shallow_subsurface	Tumebacillus	Bacillota	60	191	0.1532215292	-0.3504535244	0.6754794877	0.5725	0.1532215292	0.66	False	root_adjacent
Rhizosphere-Deep	root_adjacent	shallow_subsurface	Sandaracinus	Myxococcota	60	191	0.164676056	-0.2243868018	0.5688290027	0.4195	0.164676056	0.5157786885	False	root_adjacent
Rhizosphere-Deep	root_adjacent	shallow_subsurface	[Polyangium] brachysporum group	Pseudomonadota	60	191	0.1709863545	-0.2641701631	0.6165204253	0.4401	0.1709863545	0.5334545455	False	root_adjacent
Rhizosphere-Deep	root_adjacent	shallow_subsurface	Acinetobacter	Pseudomonadota	60	191	0.2018835122	-0.3007609905	0.6764926364	0.44	0.2018835122	0.5334545455	False	root_adjacent
Rhizosphere-Deep	root_adjacent	shallow_subsurface	Phenylobacterium	Pseudomonadota	60	191	0.2630313005	-0.01454042103	0.5488257411	0.068	0.2630313005	0.1120879121	False	root_adjacent
Rhizosphere-Deep	root_adjacent	shallow_subsurface	Chthoniobacter	Verrucomicrobiota	60	191	0.2633415551	-0.0582587497	0.6219134494	0.1412	0.2633415551	0.2026794258	False	root_adjacent
Rhizosphere-Deep	root_adjacent	shallow_subsurface	Oceanobacillus	Bacillota	60	191	0.2780609258	-0.3001738685	0.8573905917	0.3446	0.2780609258	0.4349685535	False	root_adjacent
Rhizosphere-Deep	root_adjacent	shallow_subsurface	Bacillus	Bacillota	60	191	0.2843325844	-0.08448071814	0.701332348	0.1623	0.2843325844	0.2280562061	False	root_adjacent
Rhizosphere-Deep	root_adjacent	shallow_subsurface	Noviherbaspirillum	Pseudomonadota	60	191	0.2971353757	-0.08919754908	0.7538030953	0.1749	0.2971353757	0.2423502304	False	root_adjacent
Rhizosphere-Deep	root_adjacent	shallow_subsurface	Tautonia	Planctomycetota	60	191	0.3064907847	-0.071228461	0.6822716536	0.1142	0.3064907847	0.174213198	False	root_adjacent
Rhizosphere-Deep	root_adjacent	shallow_subsurface	SM1A02	Planctomycetota	60	191	0.3132316646	-0.1333988792	0.7516668098	0.1683	0.3132316646	0.2348372093	False	root_adjacent
Rhizosphere-Deep	root_adjacent	shallow_subsurface	Polygonibacillus	Bacillota	60	191	0.3199217625	-0.2254205906	0.8070528725	0.2356	0.3199217625	0.3134368071	False	root_adjacent
Rhizosphere-Deep	root_adjacent	shallow_subsurface	Mesobacillus	Bacillota	60	191	0.3302253976	-0.1695885352	0.8396506881	0.2086	0.3302253976	0.2822972973	False	root_adjacent
Rhizosphere-Deep	root_adjacent	shallow_subsurface	Nocardioides	Actinomycetota	60	191	0.3308002104	0.03071795334	0.6494974173	0.051	0.3308002104	0.08973607038	False	root_adjacent
Rhizosphere-Deep	root_adjacent	shallow_subsurface	Niastella	Bacteroidota	60	191	0.3397912135	-0.1002947036	0.7557760438	0.1161	0.3397912135	0.1763544304	False	root_adjacent
Rhizosphere-Deep	root_adjacent	shallow_subsurface	Staphylococcus	Bacillota	60	191	0.342120149	-0.2119532145	0.8902840271	0.2543	0.342120149	0.3338730853	False	root_adjacent
Rhizosphere-Deep	root_adjacent	shallow_subsurface	Saccharomonospora	Actinomycetota	60	191	0.3618844893	-0.1028103519	0.8302421439	0.1492	0.3618844893	0.2121327014	False	root_adjacent
Rhizosphere-Deep	root_adjacent	shallow_subsurface	Cnuella	Bacteroidota	60	191	0.3861013227	-0.0064687224	0.7742358658	0.0509	0.3861013227	0.08973607038	False	root_adjacent
Rhizosphere-Deep	root_adjacent	shallow_subsurface	Brucella	Pseudomonadota	60	191	0.388816562	-0.3213129933	1.048006352	0.2758	0.388816562	0.3588311688	False	root_adjacent
Rhizosphere-Deep	root_adjacent	shallow_subsurface	Abditibacterium	Abditibacteriota	60	191	0.3967365626	-0.01685601906	0.8306945819	0.0697	0.3967365626	0.1145753425	False	root_adjacent
Rhizosphere-Deep	root_adjacent	shallow_subsurface	Crossiella	Actinomycetota	60	191	0.3975398351	-0.08838604991	0.889594252	0.1182	0.3975398351	0.1770149254	False	root_adjacent
Rhizosphere-Deep	root_adjacent	shallow_subsurface	Sediminibacillus	Bacillota	60	191	0.4093255556	-0.04580396634	0.9210854568	0.106	0.4093255556	0.1651948052	False	root_adjacent
Rhizosphere-Deep	root_adjacent	shallow_subsurface	Sphingoaurantiacus	Pseudomonadota	60	191	0.4310741387	0.04961833256	0.8448933804	0.0436	0.4310741387	0.08049230769	False	root_adjacent
Rhizosphere-Deep	root_adjacent	shallow_subsurface	Streptomyces	Actinomycetota	60	191	0.4340574571	0.09722088404	0.8073115726	0.0187	0.4340574571	0.03936842105	True	root_adjacent
Rhizosphere-Deep	root_adjacent	shallow_subsurface	Niallia	Bacillota	60	191	0.4476907118	-0.07941122433	0.9943381263	0.1183	0.4476907118	0.1770149254	False	root_adjacent
Rhizosphere-Deep	root_adjacent	shallow_subsurface	Paenibacillus	Bacillota	60	191	0.4511302306	0.1184271972	0.8284720372	0.0104	0.4511302306	0.02354716981	True	root_adjacent
Rhizosphere-Deep	root_adjacent	shallow_subsurface	SH-PL14	Planctomycetota	60	191	0.4660420124	0.03877561053	0.8965913419	0.0382	0.4660420124	0.07318471338	False	root_adjacent
Rhizosphere-Deep	root_adjacent	shallow_subsurface	Ornithinibacillus	Bacillota	60	191	0.4686583771	-0.138968921	1.084232952	0.1398	0.4686583771	0.2016346154	False	root_adjacent
Rhizosphere-Deep	root_adjacent	shallow_subsurface	Microvirga	Pseudomonadota	60	191	0.4692917198	0.1799423377	0.8030642992	0.0017	0.4692917198	0.004857142857	True	root_adjacent
Rhizosphere-Deep	root_adjacent	shallow_subsurface	Kocuria	Actinomycetota	60	191	0.4814343223	0.02196724054	0.9183388038	0.0426	0.4814343223	0.07950464396	False	root_adjacent
Rhizosphere-Deep	root_adjacent	shallow_subsurface	Aquibacillus	Bacillota	60	191	0.5144171998	0.04878269883	0.9857901105	0.0383	0.5144171998	0.07318471338	False	root_adjacent
Rhizosphere-Deep	root_adjacent	shallow_subsurface	Pelagibius	Pseudomonadota	60	191	0.5243575276	0.131444321	0.9375934509	0.0125	0.5243575276	0.02747252747	True	root_adjacent
Rhizosphere-Deep	root_adjacent	shallow_subsurface	Methylobacillus	Pseudomonadota	60	191	0.5635268736	0.1330476738	0.9742618616	0.0113	0.5635268736	0.02520446097	True	root_adjacent
Rhizosphere-Deep	root_adjacent	shallow_subsurface	Mycobacterium	Actinomycetota	60	191	0.5700606721	0.1418354798	1.029369789	0.0184	0.5700606721	0.03887323944	True	root_adjacent
Rhizosphere-Deep	root_adjacent	shallow_subsurface	Prauserella	Actinomycetota	60	191	0.573793254	0.01986712635	1.11091285	0.0394	0.573793254	0.07481012658	False	root_adjacent
Rhizosphere-Deep	root_adjacent	shallow_subsurface	Hydrocarboniphaga	Pseudomonadota	60	191	0.6039852808	0.1898566621	1.012500253	0.0076	0.6039852808	0.01774319066	True	root_adjacent
Rhizosphere-Deep	root_adjacent	shallow_subsurface	Gracilibacillus	Bacillota	60	191	0.6140549299	0.1223757598	1.122632675	0.0184	0.6140549299	0.03887323944	True	root_adjacent
Rhizosphere-Deep	root_adjacent	shallow_subsurface	Halomonas	Pseudomonadota	60	191	0.682988498	0.01991491685	1.388050128	0.0595	0.682988498	0.1025862069	False	root_adjacent
Rhizosphere-Deep	root_adjacent	shallow_subsurface	Kineococcus	Actinomycetota	60	191	0.7344394536	0.3463883001	1.125665041	0.0002	0.7344394536	0.0007947019868	True	root_adjacent
Rhizosphere-Deep	root_adjacent	shallow_subsurface	Novosphingobium	Pseudomonadota	60	191	0.7345205125	0.3048021015	1.183343835	0.0021	0.7345205125	0.005753424658	True	root_adjacent
Rhizosphere-Deep	root_adjacent	shallow_subsurface	Chelativorans	Pseudomonadota	60	191	0.7816954307	0.3660380338	1.217983914	0.0005	0.7816954307	0.001724137931	True	root_adjacent
Rhizosphere-Deep	root_adjacent	shallow_subsurface	Rhodococcus	Actinomycetota	60	191	0.7876802736	0.3043928146	1.292310356	0.0036	0.7876802736	0.009230769231	True	root_adjacent
Rhizosphere-Deep	root_adjacent	shallow_subsurface	Terribacillus	Bacillota	60	191	0.8615607762	0.3492816523	1.39481541	0.0019	0.8615607762	0.005277777778	True	root_adjacent
Rhizosphere-Deep	root_adjacent	shallow_subsurface	Caulobacter	Pseudomonadota	60	191	0.8619774084	0.4126304016	1.304806092	0.0006	0.8619774084	0.001978021978	True	root_adjacent
Rhizosphere-Deep	root_adjacent	shallow_subsurface	Croceibacterium	Pseudomonadota	60	191	0.8675801007	0.438958348	1.318664993	0.0001	0.8675801007	0.0004285714286	True	root_adjacent
Rhizosphere-Deep	root_adjacent	shallow_subsurface	Roseomonas	Pseudomonadota	60	191	0.8707935094	0.5459581219	1.207877309	0.0001	0.8707935094	0.0004285714286	True	root_adjacent
Rhizosphere-Deep	root_adjacent	shallow_subsurface	Daejeonella	Bacteroidota	60	191	0.8885867662	0.5197814216	1.241254519	0.0001	0.8885867662	0.0004285714286	True	root_adjacent
Rhizosphere-Deep	root_adjacent	shallow_subsurface	Litchfieldia	Bacillota	60	191	0.8914566908	0.2979687919	1.490643759	0.0039	0.8914566908	0.009873417722	True	root_adjacent
Rhizosphere-Deep	root_adjacent	shallow_subsurface	Pontibacter	Bacteroidota	60	191	0.909513579	0.5296706736	1.348195018	0.0001	0.909513579	0.0004285714286	True	root_adjacent
Rhizosphere-Deep	root_adjacent	shallow_subsurface	Massilia	Pseudomonadota	60	191	0.9607045363	0.707790431	1.224780298	0.0001	0.9607045363	0.0004285714286	True	root_adjacent
Rhizosphere-Deep	root_adjacent	shallow_subsurface	Rufibacter	Bacteroidota	60	191	0.9779093845	0.580502412	1.353950689	0.0001	0.9779093845	0.0004285714286	True	root_adjacent
Rhizosphere-Deep	root_adjacent	shallow_subsurface	Metabacillus	Bacillota	60	191	0.9862517007	0.6730610119	1.318147251	0.0001	0.9862517007	0.0004285714286	True	root_adjacent
Rhizosphere-Deep	root_adjacent	shallow_subsurface	Domibacillus	Bacillota	60	191	1.008366294	0.6430737159	1.413113886	0.0001	1.008366294	0.0004285714286	True	root_adjacent
Rhizosphere-Deep	root_adjacent	shallow_subsurface	Georgenia	Actinomycetota	60	191	1.012104926	0.3341317466	1.640405309	0.004	1.012104926	0.01008403361	True	root_adjacent
Rhizosphere-Deep	root_adjacent	shallow_subsurface	Paracoccus	Pseudomonadota	60	191	1.089941546	0.6139794195	1.563755181	0.0003	1.089941546	0.001118012422	True	root_adjacent
Rhizosphere-Deep	root_adjacent	shallow_subsurface	Amycolatopsis	Actinomycetota	60	191	1.103220658	0.5384668891	1.657949858	0.0003	1.103220658	0.001118012422	True	root_adjacent
Rhizosphere-Deep	root_adjacent	shallow_subsurface	Arthrobacter	Actinomycetota	60	191	1.131293092	0.7569447127	1.550567492	0.0001	1.131293092	0.0004285714286	True	root_adjacent
Rhizosphere-Deep	root_adjacent	shallow_subsurface	Arsenicitalea	Pseudomonadota	60	191	1.139100775	0.6409839261	1.640973688	0.0001	1.139100775	0.0004285714286	True	root_adjacent
Rhizosphere-Deep	root_adjacent	shallow_subsurface	Sandaracinobacter	Pseudomonadota	60	191	1.15189803	0.5361522243	1.728576107	0.0005	1.15189803	0.001724137931	True	root_adjacent
Rhizosphere-Deep	root_adjacent	shallow_subsurface	Nesterenkonia	Actinomycetota	60	191	1.209242093	0.6866154009	1.756139211	0.0001	1.209242093	0.0004285714286	True	root_adjacent
Rhizosphere-Deep	root_adjacent	shallow_subsurface	Lysinibacillus	Bacillota	60	191	1.238105899	0.8500127474	1.653271699	0.0001	1.238105899	0.0004285714286	True	root_adjacent
Rhizosphere-Deep	root_adjacent	shallow_subsurface	Saccharibacillus	Bacillota	60	191	1.258051647	0.723894509	1.726547261	0.0001	1.258051647	0.0004285714286	True	root_adjacent
Rhizosphere-Deep	root_adjacent	shallow_subsurface	MM2	Pseudomonadota	60	191	1.265019307	0.8052884268	1.729058447	0.0001	1.265019307	0.0004285714286	True	root_adjacent
Rhizosphere-Deep	root_adjacent	shallow_subsurface	Ohtaekwangia	Bacteroidota	60	191	1.283951683	0.8537190415	1.750954099	0.0001	1.283951683	0.0004285714286	True	root_adjacent
Rhizosphere-Deep	root_adjacent	shallow_subsurface	Tepidisphaera	Planctomycetota	60	191	1.300153906	0.8035852719	1.822956896	0.0001	1.300153906	0.0004285714286	True	root_adjacent
Rhizosphere-Deep	root_adjacent	shallow_subsurface	Arcticibacter	Bacteroidota	60	191	1.339567066	0.9026167802	1.77288801	0.0001	1.339567066	0.0004285714286	True	root_adjacent
Rhizosphere-Deep	root_adjacent	shallow_subsurface	Isoptericola	Actinomycetota	60	191	1.355459533	0.9142144715	1.835208787	0.0001	1.355459533	0.0004285714286	True	root_adjacent
Rhizosphere-Deep	root_adjacent	shallow_subsurface	Falsirhodobacter	Pseudomonadota	60	191	1.380893951	0.923107197	1.822615526	0.0001	1.380893951	0.0004285714286	True	root_adjacent
Rhizosphere-Deep	root_adjacent	shallow_subsurface	Plastorhodobacter	Pseudomonadota	60	191	1.383851573	0.9517569401	1.846422303	0.0001	1.383851573	0.0004285714286	True	root_adjacent
Rhizosphere-Deep	root_adjacent	shallow_subsurface	Telluribacter	Bacteroidota	60	191	1.404692706	0.898770049	1.888892531	0.0001	1.404692706	0.0004285714286	True	root_adjacent
Rhizosphere-Deep	root_adjacent	shallow_subsurface	Azospirillum	Pseudomonadota	60	191	1.449825388	1.116962716	1.791600569	0.0001	1.449825388	0.0004285714286	True	root_adjacent
Rhizosphere-Deep	root_adjacent	shallow_subsurface	Cupriavidus	Pseudomonadota	60	191	1.451091421	0.9471337565	1.957361905	0.0001	1.451091421	0.0004285714286	True	root_adjacent
Rhizosphere-Deep	root_adjacent	shallow_subsurface	DSSF69	Pseudomonadota	60	191	1.45690927	0.9516963373	1.9670056	0.0001	1.45690927	0.0004285714286	True	root_adjacent
Rhizosphere-Deep	root_adjacent	shallow_subsurface	Pantoea	Pseudomonadota	60	191	1.62655598	1.003917252	2.233319005	0.0001	1.62655598	0.0004285714286	True	root_adjacent
Rhizosphere-Deep	root_adjacent	shallow_subsurface	Rhodocista	Pseudomonadota	60	191	1.631365466	1.107547695	2.162209528	0.0001	1.631365466	0.0004285714286	True	root_adjacent
Rhizosphere-Deep	root_adjacent	shallow_subsurface	Nibribacter	Bacteroidota	60	191	1.74847752	1.402790151	2.11897177	0.0001	1.74847752	0.0004285714286	True	root_adjacent
Rhizosphere-Deep	root_adjacent	shallow_subsurface	Neorhizobium	Pseudomonadota	60	191	1.763617708	1.205730589	2.330773501	0.0001	1.763617708	0.0004285714286	True	root_adjacent
Rhizosphere-Deep	root_adjacent	shallow_subsurface	Pseudomonas	Pseudomonadota	60	191	1.874624983	1.380321777	2.378625917	0.0001	1.874624983	0.0004285714286	True	root_adjacent
Rhizosphere-Deep	root_adjacent	shallow_subsurface	Devosia	Pseudomonadota	60	191	1.945856575	1.443468576	2.495217062	0.0001	1.945856575	0.0004285714286	True	root_adjacent
Rhizosphere-Deep	root_adjacent	shallow_subsurface	Brevundimonas	Pseudomonadota	60	191	1.952101003	1.515819017	2.360026751	0.0001	1.952101003	0.0004285714286	True	root_adjacent
Rhizosphere-Deep	root_adjacent	shallow_subsurface	Planococcus	Bacillota	60	191	1.988989893	1.424524686	2.575738246	0.0001	1.988989893	0.0004285714286	True	root_adjacent
Rhizosphere-Deep	root_adjacent	shallow_subsurface	TM7a	Patescibacteria	60	191	2.008785449	1.463242846	2.566827125	0.0001	2.008785449	0.0004285714286	True	root_adjacent
Rhizosphere-Deep	root_adjacent	shallow_subsurface	Pelagibacterium	Pseudomonadota	60	191	2.365776476	1.783566354	2.955407383	0.0001	2.365776476	0.0004285714286	True	root_adjacent
Rhizosphere-Surface	root_adjacent	surface	Bradyrhizobium	Pseudomonadota	60	182	-2.267980841	-3.043718555	-1.516891749	0.0001	-2.267980841	0.0004285714286	True	surface
Rhizosphere-Surface	root_adjacent	surface	Deinococcus	Deinococcota	60	182	-2.008217715	-2.47760149	-1.530378708	0.0001	-2.008217715	0.0004285714286	True	surface
Rhizosphere-Surface	root_adjacent	surface	Oxalophagus	Bacillota	60	182	-1.745135613	-2.327283379	-1.196763538	0.0001	-1.745135613	0.0004285714286	True	surface
Rhizosphere-Surface	root_adjacent	surface	Blastococcus	Actinomycetota	60	182	-1.726650739	-2.183958124	-1.287674407	0.0001	-1.726650739	0.0004285714286	True	surface
Rhizosphere-Surface	root_adjacent	surface	Vallicoccus	Actinomycetota	60	182	-1.64281327	-2.136001739	-1.169575974	0.0001	-1.64281327	0.0004285714286	True	surface
Rhizosphere-Surface	root_adjacent	surface	Rubrobacter	Actinomycetota	60	182	-1.576692298	-2.014866148	-1.157230417	0.0001	-1.576692298	0.0004285714286	True	surface
Rhizosphere-Surface	root_adjacent	surface	Limnobacter	Pseudomonadota	60	182	-1.54894345	-1.93438333	-1.149038246	0.0001	-1.54894345	0.0004285714286	True	surface
Rhizosphere-Surface	root_adjacent	surface	Cystobacter	Myxococcota	60	182	-1.54049899	-2.009117576	-1.062108007	0.0001	-1.54049899	0.0004285714286	True	surface
Rhizosphere-Surface	root_adjacent	surface	Symbiobacterium	Bacillota	60	182	-1.475567109	-2.052664728	-0.9261262073	0.0001	-1.475567109	0.0004285714286	True	surface
Rhizosphere-Surface	root_adjacent	surface	Geodermatophilus	Actinomycetota	60	182	-1.361105267	-1.718591306	-0.9892308484	0.0001	-1.361105267	0.0004285714286	True	surface
Rhizosphere-Surface	root_adjacent	surface	Modestobacter	Actinomycetota	60	182	-1.347063691	-1.784118951	-0.9393336443	0.0001	-1.347063691	0.0004285714286	True	surface
Rhizosphere-Surface	root_adjacent	surface	Rubritepida	Pseudomonadota	60	182	-1.284655967	-1.69528733	-0.8802709062	0.0001	-1.284655967	0.0004285714286	True	surface
Rhizosphere-Surface	root_adjacent	surface	Lysobacter	Pseudomonadota	60	182	-1.26111791	-1.608291535	-0.8669020515	0.0001	-1.26111791	0.0004285714286	True	surface
Rhizosphere-Surface	root_adjacent	surface	Kineosporia	Actinomycetota	60	182	-1.252200598	-1.651825138	-0.8146203451	0.0001	-1.252200598	0.0004285714286	True	surface
Rhizosphere-Surface	root_adjacent	surface	MND1	Pseudomonadota	60	182	-1.194973535	-1.57022259	-0.8076066893	0.0001	-1.194973535	0.0004285714286	True	surface
Rhizosphere-Surface	root_adjacent	surface	Nitrospira	Nitrospirota	60	182	-1.179103987	-1.5749937	-0.770150065	0.0001	-1.179103987	0.0004285714286	True	surface
Rhizosphere-Surface	root_adjacent	surface	Cellulomonas	Actinomycetota	60	182	-1.15191087	-1.507678052	-0.7972873481	0.0001	-1.15191087	0.0004285714286	True	surface
Rhizosphere-Surface	root_adjacent	surface	Gaiella	Actinomycetota	60	182	-1.131616353	-1.541669093	-0.7037812211	0.0001	-1.131616353	0.0004285714286	True	surface
Rhizosphere-Surface	root_adjacent	surface	Roseisolibacter	Gemmatimonadota	60	182	-1.098101273	-1.449295662	-0.7008939453	0.0001	-1.098101273	0.0004285714286	True	surface
Rhizosphere-Surface	root_adjacent	surface	Luedemannella	Actinomycetota	60	182	-1.083840963	-1.627597424	-0.5411938412	0.0008	-1.083840963	0.002526315789	True	surface
Rhizosphere-Surface	root_adjacent	surface	Conexibacter	Actinomycetota	60	182	-1.07034977	-1.44110721	-0.6694133986	0.0001	-1.07034977	0.0004285714286	True	surface
Rhizosphere-Surface	root_adjacent	surface	Mangrovihabitans	Actinomycetota	60	182	-1.064100035	-1.573930184	-0.5521371437	0.0003	-1.064100035	0.001118012422	True	surface
Rhizosphere-Surface	root_adjacent	surface	Kallotenue	Chloroflexota	60	182	-0.9743401373	-1.406839082	-0.5468761168	0.0001	-0.9743401373	0.0004285714286	True	surface
Rhizosphere-Surface	root_adjacent	surface	Nitrolancea	Chloroflexota	60	182	-0.9735211523	-1.325506354	-0.6226933289	0.0001	-0.9735211523	0.0004285714286	True	surface
Rhizosphere-Surface	root_adjacent	surface	CSP1-2	Dadabacteria	60	182	-0.9399610081	-1.293369146	-0.5332375979	0.0002	-0.9399610081	0.0007947019868	True	surface
Rhizosphere-Surface	root_adjacent	surface	Thermosipho	Thermotogota	60	182	-0.887423755	-1.382702396	-0.3882221689	0.0012	-0.887423755	0.003673469388	True	surface
Rhizosphere-Surface	root_adjacent	surface	Corynebacterium	Actinomycetota	60	182	-0.8789816596	-1.469790623	-0.26982566	0.0065	-0.8789816596	0.01572580645	True	surface
Rhizosphere-Surface	root_adjacent	surface	Sporocytophaga	Bacteroidota	60	182	-0.8636463345	-1.377350217	-0.3620749033	0.0013	-0.8636463345	0.003880597015	True	surface
Rhizosphere-Surface	root_adjacent	surface	Fictibacillus	Bacillota	60	182	-0.8224860218	-1.250286358	-0.3932217927	0.0007	-0.8224860218	0.002245989305	True	surface
Rhizosphere-Surface	root_adjacent	surface	Lautropia	Pseudomonadota	60	182	-0.820443467	-1.199493802	-0.3924222187	0.0005	-0.820443467	0.001724137931	True	surface
Rhizosphere-Surface	root_adjacent	surface	Herpetosiphon	Chloroflexota	60	182	-0.8166321507	-1.135745838	-0.4768860519	0.0001	-0.8166321507	0.0004285714286	True	surface
Rhizosphere-Surface	root_adjacent	surface	Caldilinea	Chloroflexota	60	182	-0.8038734924	-1.237675115	-0.3262738724	0.0006	-0.8038734924	0.001978021978	True	surface
Rhizosphere-Surface	root_adjacent	surface	PMMR1	Pseudomonadota	60	182	-0.7945192568	-1.204965764	-0.3419526556	0.0005	-0.7945192568	0.001724137931	True	surface
Rhizosphere-Surface	root_adjacent	surface	Acidibacter	Pseudomonadota	60	182	-0.7800680521	-1.17482539	-0.3803577494	0.0002	-0.7800680521	0.0007947019868	True	surface
Rhizosphere-Surface	root_adjacent	surface	Marmoricola	Actinomycetota	60	182	-0.77586113	-1.136996312	-0.3913127005	0.0003	-0.77586113	0.001118012422	True	surface
Rhizosphere-Surface	root_adjacent	surface	Kineococcus	Actinomycetota	60	182	-0.762246472	-1.207085854	-0.3334782019	0.0015	-0.762246472	0.004368932039	True	surface
Rhizosphere-Surface	root_adjacent	surface	Phaselicystis	Myxococcota	60	182	-0.7606939628	-1.141961983	-0.3618053756	0.0006	-0.7606939628	0.001978021978	True	surface
Rhizosphere-Surface	root_adjacent	surface	Solirubrobacter	Actinomycetota	60	182	-0.7537707607	-1.107186551	-0.3607510149	0.0003	-0.7537707607	0.001118012422	True	surface
Rhizosphere-Surface	root_adjacent	surface	Aridibacter	Acidobacteriota	60	182	-0.7318375381	-1.177737729	-0.2747685271	0.0032	-0.7318375381	0.008311688312	True	surface
Rhizosphere-Surface	root_adjacent	surface	Parviterribacter	Actinomycetota	60	182	-0.680892295	-1.04353292	-0.2913239836	0.0005	-0.680892295	0.001724137931	True	surface
Rhizosphere-Surface	root_adjacent	surface	Actinoplanes	Actinomycetota	60	182	-0.6377170471	-1.130240105	-0.113007662	0.0184	-0.6377170471	0.03887323944	True	surface
Rhizosphere-Surface	root_adjacent	surface	Sphingomonas	Pseudomonadota	60	182	-0.6331775469	-0.9573281771	-0.3279809004	0.0003	-0.6331775469	0.001118012422	True	surface
Rhizosphere-Surface	root_adjacent	surface	Saccharopolyspora	Actinomycetota	60	182	-0.608218343	-0.9999130988	-0.1997783923	0.0065	-0.608218343	0.01572580645	True	surface
Rhizosphere-Surface	root_adjacent	surface	Kocuria	Actinomycetota	60	182	-0.5835130787	-1.07628428	-0.08561964242	0.0278	-0.5835130787	0.05578595318	False	surface
Rhizosphere-Surface	root_adjacent	surface	SZB85	Pseudomonadota	60	182	-0.5683748105	-1.016349802	-0.09254927449	0.0198	-0.5683748105	0.04125	True	surface
Rhizosphere-Surface	root_adjacent	surface	Actinomadura	Actinomycetota	60	182	-0.5647743036	-0.9767256985	-0.1742786645	0.0085	-0.5647743036	0.01961538462	True	surface
Rhizosphere-Surface	root_adjacent	surface	Glycomyces	Actinomycetota	60	182	-0.5577701396	-0.9419700318	-0.134604597	0.0103	-0.5577701396	0.02340909091	True	surface
Rhizosphere-Surface	root_adjacent	surface	Steroidobacter	Pseudomonadota	60	182	-0.5575405923	-0.8944049766	-0.2366044266	0.0007	-0.5575405923	0.002245989305	True	surface
Rhizosphere-Surface	root_adjacent	surface	Tumebacillus	Bacillota	60	182	-0.5537698612	-1.090190213	-0.02875077197	0.046	-0.5537698612	0.08288288288	False	surface
Rhizosphere-Surface	root_adjacent	surface	Rubellimicrobium	Pseudomonadota	60	182	-0.5478759764	-0.8715691495	-0.179064037	0.0032	-0.5478759764	0.008311688312	True	surface
Rhizosphere-Surface	root_adjacent	surface	Segetibacter	Bacteroidota	60	182	-0.5293060298	-0.8389921475	-0.2249681233	0.0018	-0.5293060298	0.005046728972	True	surface
Rhizosphere-Surface	root_adjacent	surface	Rhodocytophaga	Bacteroidota	60	182	-0.520053258	-0.8803082011	-0.1743722311	0.0075	-0.520053258	0.017578125	True	surface
Rhizosphere-Surface	root_adjacent	surface	Archangium	Myxococcota	60	182	-0.516150477	-0.864541966	-0.1625031606	0.0061	-0.516150477	0.01487804878	True	surface
Rhizosphere-Surface	root_adjacent	surface	Brevibacillus	Bacillota	60	182	-0.5146351282	-1.036054226	-0.02555611874	0.0434	-0.5146351282	0.08037037037	False	surface
Rhizosphere-Surface	root_adjacent	surface	Blastocatella	Acidobacteriota	60	182	-0.5111779249	-0.9569805664	-0.08805603018	0.0276	-0.5111779249	0.0555704698	False	surface
Rhizosphere-Surface	root_adjacent	surface	Pedomicrobium	Pseudomonadota	60	182	-0.5060791787	-0.9445124129	-0.1104559917	0.0148	-0.5060791787	0.03205776173	True	surface
Rhizosphere-Surface	root_adjacent	surface	Acidiferrimicrobium	Actinomycetota	60	182	-0.500906675	-0.9676796939	-0.01419340319	0.0473	-0.500906675	0.08446428571	False	surface
Rhizosphere-Surface	root_adjacent	surface	Cytophaga	Bacteroidota	60	182	-0.4772644996	-0.8887078136	-0.08817855593	0.0248	-0.4772644996	0.05027027027	False	surface
Rhizosphere-Surface	root_adjacent	surface	Flavisolibacter	Bacteroidota	60	182	-0.4356594502	-0.7043206159	-0.1548729986	0.005	-0.4356594502	0.01234567901	True	surface
Rhizosphere-Surface	root_adjacent	surface	Gemmatimonas	Gemmatimonadota	60	182	-0.4193614897	-0.6850669489	-0.1366204792	0.0044	-0.4193614897	0.011	True	surface
Rhizosphere-Surface	root_adjacent	surface	Fimbriiglobus	Planctomycetota	60	182	-0.4169296676	-0.8766346118	0.04163833817	0.0748	-0.4169296676	0.1216260163	False	surface
Rhizosphere-Surface	root_adjacent	surface	Longispora	Actinomycetota	60	182	-0.4163007917	-0.8565189252	0.03484941879	0.0627	-0.4163007917	0.1058426966	False	surface
Rhizosphere-Surface	root_adjacent	surface	Turicibacter	Bacillota	60	182	-0.4155905917	-0.7805650335	-0.03501201473	0.0415	-0.4155905917	0.07805642633	False	surface
Rhizosphere-Surface	root_adjacent	surface	Caenimonas	Pseudomonadota	60	182	-0.4052012641	-0.7060896285	-0.08535676951	0.0136	-0.4052012641	0.02967272727	True	surface
Rhizosphere-Surface	root_adjacent	surface	Thermobaculum	Chloroflexota	60	182	-0.3914397659	-0.7986174477	0.002020278145	0.0638	-0.3914397659	0.1069273743	False	surface
Rhizosphere-Surface	root_adjacent	surface	Ellin6055	Pseudomonadota	60	182	-0.3636103743	-0.734550729	0.04111296614	0.0636	-0.3636103743	0.1068907563	False	surface
Rhizosphere-Surface	root_adjacent	surface	Pseudalkalibacillus	Bacillota	60	182	-0.3605973471	-0.8240294467	0.0833250726	0.1353	-0.3605973471	0.1973300971	False	surface
Rhizosphere-Surface	root_adjacent	surface	Plantactinospora	Actinomycetota	60	182	-0.358441158	-0.8854039954	0.1517661669	0.1889	-0.358441158	0.2593592677	False	surface
Rhizosphere-Surface	root_adjacent	surface	Nitrosomonas	Pseudomonadota	60	182	-0.3277177468	-0.7248053649	0.03997301599	0.1123	-0.3277177468	0.1727692308	False	surface
Rhizosphere-Surface	root_adjacent	surface	Herbaspirillum	Pseudomonadota	60	182	-0.3259596931	-0.7389095612	0.112068467	0.1564	-0.3259596931	0.2208	False	surface
Rhizosphere-Surface	root_adjacent	surface	Dongia	Pseudomonadota	60	182	-0.3133478646	-0.6837010555	0.06963823114	0.1064	-0.3133478646	0.165388601	False	surface
Rhizosphere-Surface	root_adjacent	surface	Allorhizocola	Actinomycetota	60	182	-0.3087131286	-0.7916748443	0.1716556546	0.2088	-0.3087131286	0.2822972973	False	surface
Rhizosphere-Surface	root_adjacent	surface	Cnuella	Bacteroidota	60	182	-0.3016314818	-0.6096067812	-0.005906690262	0.0524	-0.3016314818	0.09166180758	False	surface
Rhizosphere-Surface	root_adjacent	surface	Luteitalea	Acidobacteriota	60	182	-0.2882674608	-0.7045490214	0.1193542525	0.1642	-0.2882674608	0.2301869159	False	surface
Rhizosphere-Surface	root_adjacent	surface	Azohydromonas	Pseudomonadota	60	182	-0.2843019659	-0.8338350002	0.2298708412	0.309	-0.2843019659	0.3936305732	False	surface
Rhizosphere-Surface	root_adjacent	surface	Actinophytocola	Actinomycetota	60	182	-0.2729635655	-0.6938606925	0.1207824765	0.2075	-0.2729635655	0.2822972973	False	surface
Rhizosphere-Surface	root_adjacent	surface	Paraconexibacter	Actinomycetota	60	182	-0.2624643483	-0.7180942892	0.2045977059	0.2723	-0.2624643483	0.355173913	False	surface
Rhizosphere-Surface	root_adjacent	surface	JCM 18997	Actinomycetota	60	182	-0.2596728322	-0.6506615947	0.1474770411	0.2063	-0.2596728322	0.2819589977	False	surface
Rhizosphere-Surface	root_adjacent	surface	Adhaeribacter	Bacteroidota	60	182	-0.2040795062	-0.4742814599	0.1055134816	0.2049	-0.2040795062	0.2806849315	False	surface
Rhizosphere-Surface	root_adjacent	surface	Baekduia	Actinomycetota	60	182	-0.1906391009	-0.5404488221	0.1628039571	0.2986	-0.1906391009	0.3811914894	False	surface
Rhizosphere-Surface	root_adjacent	surface	Noviherbaspirillum	Pseudomonadota	60	182	-0.1810767653	-0.4878151203	0.1438529479	0.2855	-0.1810767653	0.3668094218	False	surface
Rhizosphere-Surface	root_adjacent	surface	Massilia	Pseudomonadota	60	182	-0.1739974604	-0.4853105296	0.1520137521	0.2951	-0.1739974604	0.3779104478	False	surface
Rhizosphere-Surface	root_adjacent	surface	Rufibacter	Bacteroidota	60	182	-0.1605674745	-0.5417187063	0.2610749862	0.4499	-0.1605674745	0.5420481928	False	surface
Rhizosphere-Surface	root_adjacent	surface	Pseudonocardia	Actinomycetota	60	182	-0.1602313034	-0.551987323	0.2342918776	0.4453	-0.1602313034	0.5375855131	False	surface
Rhizosphere-Surface	root_adjacent	surface	Truepera	Deinococcota	60	182	-0.1541963358	-0.6170121028	0.3652581832	0.5444	-0.1541963358	0.6354863813	False	surface
Rhizosphere-Surface	root_adjacent	surface	Saccharothrix	Actinomycetota	60	182	-0.1504568177	-0.6511409989	0.3537616079	0.5634	-0.1504568177	0.6525868726	False	surface
Rhizosphere-Surface	root_adjacent	surface	Subgroup 10	Acidobacteriota	60	182	-0.1387141558	-0.5833881032	0.3063922069	0.5687	-0.1387141558	0.6574566474	False	surface
Rhizosphere-Surface	root_adjacent	surface	Anaeromyxobacter	Myxococcota	60	182	-0.1201960858	-0.4818282441	0.263214468	0.5315	-0.1201960858	0.6216374269	False	surface
Rhizosphere-Surface	root_adjacent	surface	Oceanobacillus	Bacillota	60	182	-0.1135671193	-0.6559753174	0.4180050801	0.6914	-0.1135671193	0.7696474954	False	surface
Rhizosphere-Surface	root_adjacent	surface	Aureibacillus	Bacillota	60	182	-0.1001935648	-0.6091562275	0.4246145228	0.7226	-0.1001935648	0.7955229358	False	surface
Rhizosphere-Surface	root_adjacent	surface	Aeromicrobium	Actinomycetota	60	182	-0.09519852227	-0.5473732705	0.3346326703	0.6815	-0.09519852227	0.7628731343	False	surface
Rhizosphere-Surface	root_adjacent	surface	Peribacillus	Bacillota	60	182	-0.0854961475	-0.5788457508	0.4062386111	0.7274	-0.0854961475	0.7978793419	False	surface
Rhizosphere-Surface	root_adjacent	surface	Nordella	Pseudomonadota	60	182	-0.08107695096	-0.5435703133	0.400688511	0.7458	-0.08107695096	0.812123412	False	surface
Rhizosphere-Surface	root_adjacent	surface	Arenimicrobium	Acidobacteriota	60	182	-0.0701321535	-0.592349894	0.4716903648	0.7942	-0.0701321535	0.8463943162	False	surface
Rhizosphere-Surface	root_adjacent	surface	Ectobacillus	Bacillota	60	182	-0.06754029747	-0.4560799348	0.344551487	0.751	-0.06754029747	0.8148282098	False	surface
Rhizosphere-Surface	root_adjacent	surface	Prauserella	Actinomycetota	60	182	-0.05690080068	-0.5587129768	0.4587908561	0.8285	-0.05690080068	0.8721052632	False	surface
Rhizosphere-Surface	root_adjacent	surface	Nonomuraea	Actinomycetota	60	182	-0.02737325899	-0.5036737523	0.4156492067	0.903	-0.02737325899	0.9309278351	False	surface
Rhizosphere-Surface	root_adjacent	surface	Niallia	Bacillota	60	182	-0.02138156792	-0.5288379807	0.4888686112	0.9324	-0.02138156792	0.9552901024	False	surface
Rhizosphere-Surface	root_adjacent	surface	Escherichia-Shigella	Pseudomonadota	60	182	-0.01827904012	-0.503728706	0.4245072272	0.9423	-0.01827904012	0.9607094595	False	surface
Rhizosphere-Surface	root_adjacent	surface	Verrucosispora	Actinomycetota	60	182	0.01726554711	-0.4555108835	0.4883778193	0.9465	0.01726554711	0.9607094595	False	root_adjacent
Rhizosphere-Surface	root_adjacent	surface	Litorilinea	Chloroflexota	60	182	0.03868252042	-0.4390432226	0.546654976	0.8769	0.03868252042	0.9118544194	False	root_adjacent
Rhizosphere-Surface	root_adjacent	surface	Streptococcus	Bacillota	60	182	0.04875019127	-0.5252342496	0.6665845552	0.8802	0.04875019127	0.9137024221	False	root_adjacent
Rhizosphere-Surface	root_adjacent	surface	YC-ZSS-LKJ147	Gemmatimonadota	60	182	0.05020253016	-0.3959638746	0.5239122613	0.8311	0.05020253016	0.8733099825	False	root_adjacent
Rhizosphere-Surface	root_adjacent	surface	Neobacillus	Bacillota	60	182	0.07560872007	-0.3322068908	0.4783717954	0.7244	0.07560872007	0.796043956	False	root_adjacent
Rhizosphere-Surface	root_adjacent	surface	Enterococcus	Bacillota	60	182	0.08354983186	-0.3624751707	0.5400274125	0.7207	0.08354983186	0.7948897059	False	root_adjacent
Rhizosphere-Surface	root_adjacent	surface	Mycobacterium	Actinomycetota	60	182	0.08368376499	-0.3931949006	0.550030348	0.7418	0.08368376499	0.8092363636	False	root_adjacent
Rhizosphere-Surface	root_adjacent	surface	Saccharibacillus	Bacillota	60	182	0.08733285582	-0.5233573447	0.6253005329	0.7806	0.08733285582	0.8363571429	False	root_adjacent
Rhizosphere-Surface	root_adjacent	surface	Ammoniphilus	Bacillota	60	182	0.1214824538	-0.208683318	0.4827208604	0.5022	0.1214824538	0.589667319	False	root_adjacent
Rhizosphere-Surface	root_adjacent	surface	Ramlibacter	Pseudomonadota	60	182	0.1341081593	-0.1635095918	0.4600186186	0.4346	0.1341081593	0.5310794297	False	root_adjacent
Rhizosphere-Surface	root_adjacent	surface	Bryobacter	Acidobacteriota	60	182	0.1601164871	-0.2500794783	0.5963867191	0.4533	0.1601164871	0.5428742515	False	root_adjacent
Rhizosphere-Surface	root_adjacent	surface	Sphingoaurantiacus	Pseudomonadota	60	182	0.1711843734	-0.1992391728	0.554314339	0.3837	0.1711843734	0.4786278586	False	root_adjacent
Rhizosphere-Surface	root_adjacent	surface	Pelagibius	Pseudomonadota	60	182	0.1761445076	-0.294796821	0.652198809	0.4773	0.1761445076	0.564852071	False	root_adjacent
Rhizosphere-Surface	root_adjacent	surface	Saccharomonospora	Actinomycetota	60	182	0.1845275817	-0.3409424597	0.7196223191	0.5093	0.1845275817	0.5968359375	False	root_adjacent
Rhizosphere-Surface	root_adjacent	surface	Mesobacillus	Bacillota	60	182	0.1904638923	-0.2341468266	0.6065243717	0.3932	0.1904638923	0.4874380165	False	root_adjacent
Rhizosphere-Surface	root_adjacent	surface	Planococcus	Bacillota	60	182	0.2073457654	-0.1809198444	0.5851485514	0.3108	0.2073457654	0.3950847458	False	root_adjacent
Rhizosphere-Surface	root_adjacent	surface	Nibribacter	Bacteroidota	60	182	0.2149163691	-0.1176160123	0.5204589567	0.2128	0.2149163691	0.2856375839	False	root_adjacent
Rhizosphere-Surface	root_adjacent	surface	OM27 clade	Bdellovibrionota	60	182	0.2257416831	-0.1405546309	0.6412672368	0.2777	0.2257416831	0.3590948276	False	root_adjacent
Rhizosphere-Surface	root_adjacent	surface	Staphylococcus	Bacillota	60	182	0.2271396284	-0.3739837072	0.8315042707	0.4675	0.2271396284	0.5563960396	False	root_adjacent
Rhizosphere-Surface	root_adjacent	surface	Pir4 lineage	Planctomycetota	60	182	0.2334680186	-0.280068109	0.7578875062	0.3883	0.2334680186	0.4833609959	False	root_adjacent
Rhizosphere-Surface	root_adjacent	surface	Roseicella	Pseudomonadota	60	182	0.2444061947	-0.0473873752	0.5450335737	0.1193	0.2444061947	0.177617866	False	root_adjacent
Rhizosphere-Surface	root_adjacent	surface	Ornithinibacillus	Bacillota	60	182	0.2463525216	-0.2809118136	0.776128572	0.3661	0.2463525216	0.457625	False	root_adjacent
Rhizosphere-Surface	root_adjacent	surface	Peredibacter	Bdellovibrionota	60	182	0.2541074593	-0.1054495927	0.6586877018	0.2089	0.2541074593	0.2822972973	False	root_adjacent
Rhizosphere-Surface	root_adjacent	surface	Streptomyces	Actinomycetota	60	182	0.3040553366	-0.1188248375	0.6742672968	0.152	0.3040553366	0.2150943396	False	root_adjacent
Rhizosphere-Surface	root_adjacent	surface	Sumerlaea	Sumerlaeota	60	182	0.3054644678	-0.08621771856	0.7147150971	0.1472	0.3054644678	0.2107875895	False	root_adjacent
Rhizosphere-Surface	root_adjacent	surface	SM1A02	Planctomycetota	60	182	0.3060654101	-0.09435978567	0.7290903766	0.1589	0.3060654101	0.2238028169	False	root_adjacent
Rhizosphere-Surface	root_adjacent	surface	Myxococcus	Myxococcota	60	182	0.3108367507	-0.2378866938	0.8599968992	0.2771	0.3108367507	0.3590928726	False	root_adjacent
Rhizosphere-Surface	root_adjacent	surface	Gemmata	Planctomycetota	60	182	0.3133177946	-0.1514057481	0.7774926454	0.188	0.3133177946	0.2587155963	False	root_adjacent
Rhizosphere-Surface	root_adjacent	surface	Pontibacter	Bacteroidota	60	182	0.31910471	-0.01296200264	0.703352385	0.0941	0.31910471	0.1481889764	False	root_adjacent
Rhizosphere-Surface	root_adjacent	surface	Microvirga	Pseudomonadota	60	182	0.32115832	0.003454790487	0.6649394713	0.068	0.32115832	0.1120879121	False	root_adjacent
Rhizosphere-Surface	root_adjacent	surface	Aeromonas	Pseudomonadota	60	182	0.3391333602	0.01824169829	0.649382682	0.0495	0.3391333602	0.08786982249	False	root_adjacent
Rhizosphere-Surface	root_adjacent	surface	Pirellula	Planctomycetota	60	182	0.3684223853	0.04580784846	0.7251735607	0.0368	0.3684223853	0.07099678457	False	root_adjacent
Rhizosphere-Surface	root_adjacent	surface	Crossiella	Actinomycetota	60	182	0.3788540039	-0.07014621112	0.8049706482	0.1051	0.3788540039	0.16421875	False	root_adjacent
Rhizosphere-Surface	root_adjacent	surface	Arcticibacter	Bacteroidota	60	182	0.3859408228	0.02677530942	0.7542886987	0.0454	0.3859408228	0.08204819277	False	root_adjacent
Rhizosphere-Surface	root_adjacent	surface	Bauldia	Pseudomonadota	60	182	0.3888960136	-0.01352116047	0.7954367264	0.0643	0.3888960136	0.1074651811	False	root_adjacent
Rhizosphere-Surface	root_adjacent	surface	Rhodoplanes	Pseudomonadota	60	182	0.3990531704	-0.01846914773	0.8397637601	0.083	0.3990531704	0.1331550802	False	root_adjacent
Rhizosphere-Surface	root_adjacent	surface	[Polyangium] brachysporum group	Pseudomonadota	60	182	0.4106687243	0.06786603542	0.7509854088	0.0222	0.4106687243	0.04577319588	True	root_adjacent
Rhizosphere-Surface	root_adjacent	surface	Nocardioides	Actinomycetota	60	182	0.412801791	0.164028845	0.6996051592	0.0007	0.412801791	0.002245989305	True	root_adjacent
Rhizosphere-Surface	root_adjacent	surface	Phenylobacterium	Pseudomonadota	60	182	0.416405114	0.02987413936	0.7731665424	0.0422	0.416405114	0.079125	False	root_adjacent
Rhizosphere-Surface	root_adjacent	surface	Paracoccus	Pseudomonadota	60	182	0.4175177948	-0.01312813263	0.8537276829	0.0628	0.4175177948	0.1058426966	False	root_adjacent
Rhizosphere-Surface	root_adjacent	surface	Candidatus Alysiosphaera	Pseudomonadota	60	182	0.4185731772	0.07351026872	0.771787474	0.0251	0.4185731772	0.05070707071	False	root_adjacent
Rhizosphere-Surface	root_adjacent	surface	Brucella	Pseudomonadota	60	182	0.4268928339	-0.09867301072	0.9609005002	0.1369	0.4268928339	0.1988861985	False	root_adjacent
Rhizosphere-Surface	root_adjacent	surface	Chthoniobacter	Verrucomicrobiota	60	182	0.4356184076	0.07830302803	0.7826214102	0.021	0.4356184076	0.04344827586	True	root_adjacent
Rhizosphere-Surface	root_adjacent	surface	Tautonia	Planctomycetota	60	182	0.4384430935	0.0497605704	0.8660559275	0.0428	0.4384430935	0.07950464396	False	root_adjacent
Rhizosphere-Surface	root_adjacent	surface	Halalkalibacter	Bacillota	60	182	0.4621127075	-0.01579772899	0.9540779613	0.0615	0.4621127075	0.1051282051	False	root_adjacent
Rhizosphere-Surface	root_adjacent	surface	Hydrocarboniphaga	Pseudomonadota	60	182	0.4698089094	0.08468587118	0.857088252	0.0244	0.4698089094	0.04962711864	True	root_adjacent
Rhizosphere-Surface	root_adjacent	surface	Novosphingobium	Pseudomonadota	60	182	0.4726369181	0.06696871163	0.9136754721	0.0324	0.4726369181	0.06394736842	False	root_adjacent
Rhizosphere-Surface	root_adjacent	surface	Rhizorhabdus	Pseudomonadota	60	182	0.4782805181	0.06648106444	0.9240262644	0.0379	0.4782805181	0.07288461538	False	root_adjacent
Rhizosphere-Surface	root_adjacent	surface	Opitutus	Verrucomicrobiota	60	182	0.4829686008	0.1512064792	0.8272606885	0.0056	0.4829686008	0.01371428571	True	root_adjacent
Rhizosphere-Surface	root_adjacent	surface	Acinetobacter	Pseudomonadota	60	182	0.5020590888	0.02958407722	0.9921986649	0.0478	0.5020590888	0.08510385757	False	root_adjacent
Rhizosphere-Surface	root_adjacent	surface	Georgenia	Actinomycetota	60	182	0.5065757938	-0.04523536872	1.02735413	0.0703	0.5065757938	0.1152459016	False	root_adjacent
Rhizosphere-Surface	root_adjacent	surface	Telluribacter	Bacteroidota	60	182	0.5645496879	0.1728544844	0.9610546514	0.0085	0.5645496879	0.01961538462	True	root_adjacent
Rhizosphere-Surface	root_adjacent	surface	Terribacillus	Bacillota	60	182	0.5676475557	0.03095055498	1.142545821	0.0439	0.5676475557	0.08067073171	False	root_adjacent
Rhizosphere-Surface	root_adjacent	surface	Bacillus	Bacillota	60	182	0.5762510619	0.22128473	0.9488815998	0.0019	0.5762510619	0.005277777778	True	root_adjacent
Rhizosphere-Surface	root_adjacent	surface	Pajaroellobacter	Myxococcota	60	182	0.5811538235	0.2205584521	0.9706184661	0.0048	0.5811538235	0.01195020747	True	root_adjacent
Rhizosphere-Surface	root_adjacent	surface	Domibacillus	Bacillota	60	182	0.5857265159	0.2782413884	0.9064229833	0.0003	0.5857265159	0.001118012422	True	root_adjacent
Rhizosphere-Surface	root_adjacent	surface	Rhodococcus	Actinomycetota	60	182	0.6057394328	0.1717548267	1.015166366	0.0103	0.6057394328	0.02340909091	True	root_adjacent
Rhizosphere-Surface	root_adjacent	surface	Abditibacterium	Abditibacteriota	60	182	0.6168881149	0.1825235051	1.067763608	0.0091	0.6168881149	0.02091954023	True	root_adjacent
Rhizosphere-Surface	root_adjacent	surface	Falsirhodobacter	Pseudomonadota	60	182	0.6530167914	0.1274377321	1.166882785	0.0184	0.6530167914	0.03887323944	True	root_adjacent
Rhizosphere-Surface	root_adjacent	surface	Aquibacillus	Bacillota	60	182	0.6988625163	0.3098234008	1.115279147	0.0018	0.6988625163	0.005046728972	True	root_adjacent
Rhizosphere-Surface	root_adjacent	surface	Paenibacillus	Bacillota	60	182	0.7129951022	0.3910367687	1.077359763	0.0001	0.7129951022	0.0004285714286	True	root_adjacent
Rhizosphere-Surface	root_adjacent	surface	Halomonas	Pseudomonadota	60	182	0.7224945599	0.1884839375	1.261180045	0.0108	0.7224945599	0.02417910448	True	root_adjacent
Rhizosphere-Surface	root_adjacent	surface	Limibaculum	Pseudomonadota	60	182	0.7282802637	0.2649698404	1.212944055	0.0039	0.7282802637	0.009873417722	True	root_adjacent
Rhizosphere-Surface	root_adjacent	surface	Polycyclovorans	Pseudomonadota	60	182	0.7342211176	0.2765045463	1.18562289	0.0022	0.7342211176	0.006	True	root_adjacent
Rhizosphere-Surface	root_adjacent	surface	Roseomonas	Pseudomonadota	60	182	0.7457496753	0.4552731523	1.023799815	0.0001	0.7457496753	0.0004285714286	True	root_adjacent
Rhizosphere-Surface	root_adjacent	surface	Sediminibacillus	Bacillota	60	182	0.7539309577	0.4257895956	1.135449127	0.0001	0.7539309577	0.0004285714286	True	root_adjacent
Rhizosphere-Surface	root_adjacent	surface	Daejeonella	Bacteroidota	60	182	0.7666493824	0.3696025188	1.151847783	0.0008	0.7666493824	0.002526315789	True	root_adjacent
Rhizosphere-Surface	root_adjacent	surface	Methylobacillus	Pseudomonadota	60	182	0.7976194662	0.3535215977	1.237064285	0.0013	0.7976194662	0.003880597015	True	root_adjacent
Rhizosphere-Surface	root_adjacent	surface	Chelativorans	Pseudomonadota	60	182	0.7995686419	0.3669113508	1.245024592	0.0006	0.7995686419	0.001978021978	True	root_adjacent
Rhizosphere-Surface	root_adjacent	surface	Niastella	Bacteroidota	60	182	0.8114652495	0.3858159279	1.239556739	0.0006	0.8114652495	0.001978021978	True	root_adjacent
Rhizosphere-Surface	root_adjacent	surface	Arthrobacter	Actinomycetota	60	182	0.8120767126	0.3686521137	1.285693064	0.0004	0.8120767126	0.001437125749	True	root_adjacent
Rhizosphere-Surface	root_adjacent	surface	I-8	Planctomycetota	60	182	0.8169877808	0.3468225346	1.300837978	0.0012	0.8169877808	0.003673469388	True	root_adjacent
Rhizosphere-Surface	root_adjacent	surface	Polygonibacillus	Bacillota	60	182	0.8293767583	0.3735233098	1.328880932	0.0011	0.8293767583	0.003402061856	True	root_adjacent
Rhizosphere-Surface	root_adjacent	surface	Pantoea	Pseudomonadota	60	182	0.8962432824	0.3782054032	1.408098329	0.0017	0.8962432824	0.004857142857	True	root_adjacent
Rhizosphere-Surface	root_adjacent	surface	Sandaracinus	Myxococcota	60	182	0.9421717596	0.5498251465	1.345238804	0.0001	0.9421717596	0.0004285714286	True	root_adjacent
Rhizosphere-Surface	root_adjacent	surface	SH-PL14	Planctomycetota	60	182	0.9847509609	0.3681647471	1.521127518	0.0013	0.9847509609	0.003880597015	True	root_adjacent
Rhizosphere-Surface	root_adjacent	surface	Gracilibacillus	Bacillota	60	182	0.9920187515	0.5880012216	1.398958577	0.0001	0.9920187515	0.0004285714286	True	root_adjacent
Rhizosphere-Surface	root_adjacent	surface	Caulobacter	Pseudomonadota	60	182	0.9935884589	0.4759081421	1.497650139	0.0004	0.9935884589	0.001437125749	True	root_adjacent
Rhizosphere-Surface	root_adjacent	surface	Plastorhodobacter	Pseudomonadota	60	182	1.014659068	0.5973609758	1.486099753	0.0001	1.014659068	0.0004285714286	True	root_adjacent
Rhizosphere-Surface	root_adjacent	surface	Pseudomonas	Pseudomonadota	60	182	1.021848889	0.6164090203	1.410102608	0.0001	1.021848889	0.0004285714286	True	root_adjacent
Rhizosphere-Surface	root_adjacent	surface	Sandaracinobacter	Pseudomonadota	60	182	1.044403638	0.5553852179	1.561254849	0.0001	1.044403638	0.0004285714286	True	root_adjacent
Rhizosphere-Surface	root_adjacent	surface	Rhodocista	Pseudomonadota	60	182	1.053331666	0.5034321805	1.596297093	0.0004	1.053331666	0.001437125749	True	root_adjacent
Rhizosphere-Surface	root_adjacent	surface	Croceibacterium	Pseudomonadota	60	182	1.059143207	0.6290833676	1.500012862	0.0001	1.059143207	0.0004285714286	True	root_adjacent
Rhizosphere-Surface	root_adjacent	surface	Nesterenkonia	Actinomycetota	60	182	1.073275096	0.5845514556	1.539102061	0.0002	1.073275096	0.0007947019868	True	root_adjacent
Rhizosphere-Surface	root_adjacent	surface	Azospirillum	Pseudomonadota	60	182	1.097572265	0.6141733467	1.615619557	0.0002	1.097572265	0.0007947019868	True	root_adjacent
Rhizosphere-Surface	root_adjacent	surface	Isoptericola	Actinomycetota	60	182	1.116846973	0.6530083391	1.620387384	0.0001	1.116846973	0.0004285714286	True	root_adjacent
Rhizosphere-Surface	root_adjacent	surface	Amycolatopsis	Actinomycetota	60	182	1.128061033	0.6403366039	1.606781208	0.0001	1.128061033	0.0004285714286	True	root_adjacent
Rhizosphere-Surface	root_adjacent	surface	Tepidisphaera	Planctomycetota	60	182	1.131158957	0.5958189762	1.649245321	0.0001	1.131158957	0.0004285714286	True	root_adjacent
Rhizosphere-Surface	root_adjacent	surface	Lysinibacillus	Bacillota	60	182	1.182758666	0.8876989087	1.479476536	0.0001	1.182758666	0.0004285714286	True	root_adjacent
Rhizosphere-Surface	root_adjacent	surface	Brevundimonas	Pseudomonadota	60	182	1.228746822	0.8133327682	1.634276699	0.0001	1.228746822	0.0004285714286	True	root_adjacent
Rhizosphere-Surface	root_adjacent	surface	Cupriavidus	Pseudomonadota	60	182	1.2874766	0.7884417894	1.787285431	0.0001	1.2874766	0.0004285714286	True	root_adjacent
Rhizosphere-Surface	root_adjacent	surface	MM2	Pseudomonadota	60	182	1.298264544	0.8324152044	1.758909193	0.0001	1.298264544	0.0004285714286	True	root_adjacent
Rhizosphere-Surface	root_adjacent	surface	Devosia	Pseudomonadota	60	182	1.308581548	0.8935615432	1.737874929	0.0001	1.308581548	0.0004285714286	True	root_adjacent
Rhizosphere-Surface	root_adjacent	surface	Metabacillus	Bacillota	60	182	1.413602163	1.099897475	1.720577743	0.0001	1.413602163	0.0004285714286	True	root_adjacent
Rhizosphere-Surface	root_adjacent	surface	Litchfieldia	Bacillota	60	182	1.428404564	0.9219644216	1.987918645	0.0001	1.428404564	0.0004285714286	True	root_adjacent
Rhizosphere-Surface	root_adjacent	surface	DSSF69	Pseudomonadota	60	182	1.465136492	0.9808535268	1.931685519	0.0001	1.465136492	0.0004285714286	True	root_adjacent
Rhizosphere-Surface	root_adjacent	surface	Neorhizobium	Pseudomonadota	60	182	1.50722628	0.9818278807	2.043259482	0.0001	1.50722628	0.0004285714286	True	root_adjacent
Rhizosphere-Surface	root_adjacent	surface	Ohtaekwangia	Bacteroidota	60	182	1.601158682	1.058328913	2.092631036	0.0001	1.601158682	0.0004285714286	True	root_adjacent
Rhizosphere-Surface	root_adjacent	surface	Arsenicitalea	Pseudomonadota	60	182	1.67217808	1.158249198	2.149642421	0.0001	1.67217808	0.0004285714286	True	root_adjacent
Rhizosphere-Surface	root_adjacent	surface	Pelagibacterium	Pseudomonadota	60	182	1.859531039	1.313019168	2.437752346	0.0001	1.859531039	0.0004285714286	True	root_adjacent
Rhizosphere-Surface	root_adjacent	surface	TM7a	Patescibacteria	60	182	2.069972449	1.501499807	2.670564134	0.0001	2.069972449	0.0004285714286	True	root_adjacent
