campaign	site	position	coxL_CO_dehydrogenase	NiFe_hydrogenase_large	rbcL_RuBisCO	psbA_photosystem_II	nifH_nitrogenase	amoA_pmoA_ammonia_monooxygenase	nirK_nirS_nitrite_reductase	nosZ_N2O_reductase	ureC_urease	otsA_otsB_trehalose	treY_treZ_trehalose	ectABC_ectoine	crtB_phytoene_synthase	spo0A_sporulation	phrB_photolyase	uvrA_excision_repair	recA_recombination_repair	katE_katG_catalase	sodA_superoxide_dismutase	dps_DNA_protection
1	1	Deep	0.0006759912804	0.0001536122811	0.0001275174526	1.299148802e-06	4.22456754e-05	3.79125799e-06	0.0001394238661	7.584359829e-05	0.000234285618	0.0006903075058	0.0006049447959	0.0001637012072	0.0004682291967	3.352361581e-05	0.0004750841211	0.0007700451333	0.0006222238496	0.0007255907811	0.0005703514716	0.0003830118678
1	1	Rhizosphere	0.000539934823	0.0001483234013	0.0001262093137	2.559532446e-06	4.901349875e-05	4.052999184e-06	0.0001272859353	8.117860747e-05	0.0002506126029	0.000650176006	0.0005817545669	0.0001806105264	0.0004532067807	5.49146145e-05	0.0004335617073	0.0007916671707	0.0006019732933	0.0008242661883	0.0005999227043	0.0004215853053
1	1	Surface	0.0003789362497	0.0001008505316	0.0001208648595	1.675657977e-06	3.698485174e-05	1.652474333e-06	0.0001731146641	9.655787518e-05	0.0002788226822	0.0005999025118	0.0005715559068	0.0001058397534	0.0004650695246	4.854024612e-05	0.0004469796618	0.0007581166373	0.000577413103	0.0009865816761	0.0005680139901	0.0004123030895
1	2	Deep	0.0005321896186	0.000127442429	0.0001688926872	2.246386712e-06	5.588723191e-05	1.82422712e-06	0.0001749698753	8.90243768e-05	0.0002689333299	0.0007019017227	0.0006492166147	0.0001270348852	0.0004971832457	1.651320917e-05	0.0004785461303	0.0007823785907	0.0006450424634	0.0008631898963	0.0005929647474	0.0003741167991
1	2	Rhizosphere	0.0002349903646	5.241794234e-05	0.0001021066556	4.906216932e-07	2.475694068e-05	2.491620557e-06	0.000133557523	7.679380062e-05	0.0002998503511	0.0004946471258	0.0005066437662	0.000204797599	0.0003174382104	7.443895348e-05	0.0003449371778	0.0007646880625	0.0005517124876	0.00101247156	0.0006123076184	0.0004564415088
1	2	Surface	0.0003416586483	7.543699918e-05	0.0001287955101	1.477380102e-06	3.694878801e-05	6.003192764e-07	0.0001513485791	8.501312526e-05	0.0002880120764	0.0006136297217	0.0005771277305	9.119326218e-05	0.0004253924454	7.005188265e-05	0.0004232705955	0.0007701362208	0.000590778103	0.001080331904	0.0005843275503	0.0004137431852
1	3	Deep	0.0003581044569	0.0001368778669	0.0001079308204	1.146553948e-06	4.141980109e-05	3.249012365e-06	0.0001407206285	7.563209605e-05	0.0002599640674	0.000525085222	0.0004841504396	0.0001674916832	0.0004223300368	8.099883895e-05	0.0004053184881	0.0007800889199	0.0005660215136	0.000927875912	0.000559108632	0.0004478461112
1	3	Rhizosphere	0.0001608546359	5.844417633e-05	4.897526027e-05	6.411575096e-07	1.572036953e-05	1.208017584e-06	8.721067373e-05	7.000550247e-05	0.0003308501681	0.0003199908893	0.000313445887	0.0001391516944	0.0002266265963	0.0002462235199	0.0002706914222	0.0007453747903	0.0005460362863	0.001298129688	0.0006152832924	0.000523184534
1	3	Surface	0.0004625450752	0.0001239201146	0.0001457838867	7.496625203e-07	3.885359272e-05	1.642749102e-06	0.0001886863561	9.0307999e-05	0.0002883798558	0.0006704450882	0.0006180309668	0.0001228733796	0.0004935993633	4.698755317e-05	0.0004449302109	0.0007023436834	0.0005746546207	0.0009383398528	0.0005531816817	0.0003919089987
1	4	Deep	0.000543871684	0.0001231082344	0.0001203530605	2.105822118e-06	3.881940142e-05	2.825117078e-06	0.0001528123437	8.635090282e-05	0.0002968365383	0.0007009740118	0.0006031293902	0.0002656022319	0.0004881504011	3.763228605e-05	0.0004348694245	0.0007467125858	0.0005833947875	0.0008850032145	0.0005751058969	0.0004459772791
1	4	Rhizosphere	0.0003252297116	0.000107970348	0.0001255599462	1.35851609e-06	4.184293547e-05	3.520772447e-06	0.0001409653125	8.77935471e-05	0.0002947660773	0.0005320235246	0.0005342971785	0.0001463365838	0.0004021491019	6.97294817e-05	0.0004511398631	0.0008036531761	0.0005684471422	0.0009693781579	0.0006498648662	0.0004988341083
1	4	Surface	0.0004570625511	9.393377791e-05	0.0001295913286	1.70581053e-06	3.743888183e-05	2.292496192e-06	0.0001758286965	8.796357861e-05	0.0002701541648	0.0006560170395	0.0006312259783	9.919432852e-05	0.000469835151	3.255949852e-05	0.000469988511	0.0007727416911	0.0005547506232	0.000965068058	0.000552027772	0.0004337988987
1	5	Deep	0.0009008805576	0.0001419131543	0.0001222220127	5.862997372e-06	4.399217329e-05	3.644532036e-08	0.0001536867408	4.796942397e-05	0.0002411914738	0.0008648397539	0.0007292379381	0.0001832542779	0.0005733633212	2.567531157e-06	0.0005298419595	0.0006744124937	0.0006178355486	0.0006368438785	0.0005227198652	0.0003158281129
1	5	Surface	0.0005992774643	0.0001258876034	0.0001291771293	1.720406379e-05	4.538138328e-05	5.351964691e-07	0.0001483843297	6.503971394e-05	0.0002644818117	0.0007986101035	0.0006694123243	0.0001681734853	0.0005558431299	1.236277323e-05	0.0004945123765	0.0006886691281	0.0005808060319	0.0009036598946	0.000491864796	0.0003380309411
1	6	Deep	0.0006267773769	0.0001395561244	0.0001797383096	8.149125344e-07	5.633533777e-05	3.272451897e-06	0.0001593004936	9.167975336e-05	0.0002610747591	0.0007223410528	0.0006291064891	0.0001361238422	0.0005116824675	1.156198764e-05	0.0004767067541	0.0007711740799	0.0006621470561	0.0007808800756	0.0005477279131	0.0003153015391
1	6	Rhizosphere	0.0002101696465	7.043972296e-05	0.0001079177537	3.928073866e-07	3.35398921e-05	9.778379738e-07	0.0001216876928	7.725647865e-05	0.0003075653212	0.0004641037309	0.000425990532	0.0001019982724	0.0003392862654	0.0001473017318	0.0003704392054	0.0007402451276	0.0005636162234	0.001089332359	0.0006718961486	0.0004640520954
1	6	Surface	0.0004321346967	0.0001033501147	0.0001387868973	7.256778642e-07	4.023592968e-05	1.630766921e-06	0.0001760240789	0.0001014245545	0.0002725180925	0.0006570865152	0.0006257431321	0.0001222231266	0.0004330065004	4.221858732e-05	0.000452391309	0.0007915044111	0.0005957977765	0.0009790190304	0.0005798709014	0.0004184070129
1	7	Deep	0.0004433850006	0.0002068504505	9.01678199e-05	1.761992879e-06	6.077723938e-05	4.636622267e-06	0.0001146732372	7.363909424e-05	0.000303358284	0.0005644344764	0.00047582107	0.0003371248247	0.0004517476656	9.705008625e-05	0.0003970389128	0.0008048700304	0.0006139573922	0.000886887196	0.0005380392681	0.0004337058659
1	7	Rhizosphere	0.0002789637029	0.0001152351662	0.0001383412094	1.688691754e-08	5.228212677e-05	4.512162256e-07	0.000137294018	7.803087617e-05	0.0003534148213	0.000514915835	0.0004590377428	0.0002999008344	0.0004946212643	7.092399819e-05	0.0003915935357	0.0007491246105	0.000567333096	0.000988349492	0.000590680135	0.0004714526866
1	7	Surface	0.0003582978511	0.0002921965543	3.82535148e-05	5.620163953e-07	2.279562382e-05	1.009885993e-06	6.312047662e-05	3.522137779e-05	0.0006653555192	0.0007419214405	0.0004988696143	0.001042895196	0.0008319286006	1.126216073e-05	0.0004561159088	0.0006974286896	0.0005199783019	0.001358426126	0.0004846275486	0.0006411854235
1	8	Rhizosphere	0.0004844386032	0.0002307042906	0.0001422926866	1.401003941e-06	6.468624643e-05	1.253213913e-05	0.0001188110963	8.16470194e-05	0.000249440343	0.0006261147567	0.0004505839298	0.0002242208382	0.0004293308675	6.127145456e-05	0.0004412759037	0.0008372502338	0.0005807035542	0.0007755641129	0.0005544197705	0.0004073088289
1	8	Surface	0.0004363626014	0.0001691073924	0.0001412468192	1.635739234e-06	4.726075513e-05	5.900824859e-06	0.0001875887451	0.000105791967	0.0002533638087	0.0006401141679	0.0005879776714	0.0001291752675	0.0004851269809	3.010467809e-05	0.0004755654969	0.0007817089163	0.000580569248	0.0008917795757	0.0005766597818	0.0004288718067
1	9	Deep	0.000469847732	0.0002282684236	0.0001139218586	2.50006824e-06	6.321723398e-05	5.657247504e-06	9.554877623e-05	7.906017532e-05	0.000210460266	0.0005485806932	0.0004769073305	0.0002465646291	0.0003958808537	7.393828774e-05	0.0004592330597	0.000904858234	0.0006266622556	0.0006970514022	0.0005465332575	0.0003697102324
1	9	Rhizosphere	0.0004466406799	0.0001769256249	0.0001308164724	1.525418306e-06	5.422459645e-05	5.201654651e-06	0.0001577964659	8.171515866e-05	0.0002616470144	0.000605366374	0.0005703668351	0.0001697139365	0.0004419153445	7.659937325e-05	0.0004437251494	0.0007842691295	0.0005843485128	0.0008664713347	0.0005423950532	0.0004099705604
1	9	Surface	0.0004092705427	0.0001683829257	0.0001229912962	7.702970101e-07	3.753560482e-05	3.20728376e-06	0.0001624086768	8.976682677e-05	0.0002371954945	0.000578367008	0.0005294462354	0.0001351764578	0.0005215466459	2.443263771e-05	0.0004798959425	0.0008182168067	0.0005517003009	0.0008854511205	0.0005670216808	0.0004270316988
1	10	Deep	0.0004542376227	0.0001794897988	0.0001475788133	7.461623411e-07	5.521141165e-05	6.214048059e-06	0.0001837607758	9.636074091e-05	0.0002542663133	0.0005815443702	0.0006131211135	0.0001140363269	0.0004411425735	5.335391698e-05	0.0004779394297	0.0008568814834	0.0006417343206	0.0007823474396	0.0005977378065	0.0003982248139
1	10	Rhizosphere	0.0003750491269	0.0001642027202	0.0001303824433	1.447152482e-06	4.480992481e-05	3.633830605e-06	0.0001672406448	0.0001030672103	0.0002442745148	0.0005277685496	0.0005391343208	0.0001122293365	0.000418876066	6.824569492e-05	0.0004622390679	0.0008257059522	0.0005933328329	0.0008523502657	0.0006162287539	0.0004356765051
1	10	Surface	0.0003715473866	0.0001559108138	0.0001407398514	1.06640465e-06	4.300980176e-05	3.456622167e-06	0.0001870135403	0.0001086515051	0.0002556613129	0.0005665197939	0.0005751100048	9.737523874e-05	0.0004497857535	4.794951634e-05	0.0004792230825	0.000811777457	0.0005841802718	0.0008935075025	0.0006061028529	0.000446428796
1	11	Deep	0.0004149642673	0.0001587687092	0.0001094235496	1.257789334e-06	4.401368225e-05	4.193199947e-06	0.0001135569271	7.263944973e-05	0.0002616713263	0.0004727073797	0.0004468161666	0.0001873968701	0.0003726154112	0.0001360265464	0.0003902616055	0.0007704005101	0.0005803819005	0.0009011280019	0.0006220329457	0.0004677301677
1	11	Rhizosphere	0.0002926061346	9.889146526e-05	8.329151236e-05	5.788516818e-07	3.002697319e-05	1.14638323e-06	9.936398916e-05	5.956528064e-05	0.0003112836875	0.0003509070031	0.0003170763635	0.0002271592331	0.0003300683966	0.0002260201649	0.0003008470628	0.0006494040669	0.000539464379	0.001120645961	0.0006678635523	0.0005223156307
1	11	Surface	0.0004543235353	0.0001181838019	0.0001164086025	1.241031467e-06	3.110826597e-05	1.633185802e-06	0.0001621689345	9.036317261e-05	0.0002742380571	0.0006573664798	0.0005783342397	7.64714413e-05	0.00050609246	1.490258674e-05	0.0005257106151	0.0007822283024	0.0005590423658	0.0008679322098	0.0006122929389	0.0004561147093
1	12	Deep	0.000386487935	0.0001416499399	9.887542615e-05	2.625144099e-06	4.836534093e-05	3.949433499e-06	0.0001102830889	7.365347626e-05	0.0002728287968	0.0004426355454	0.0004230802601	0.0001871818988	0.0003391235984	0.0001650096322	0.0003708826591	0.0007628575643	0.0005867845629	0.0009605527244	0.000603723784	0.0004726511859
1	12	Rhizosphere	0.0004023089692	0.0001818784628	0.0001235782951	1.131550845e-06	4.454539081e-05	4.664312425e-06	0.0001528663334	9.30210283e-05	0.0002801103132	0.0005605468724	0.0005325057616	0.0001938018829	0.0004764883494	4.299814827e-05	0.000467799054	0.0008301721979	0.0005826411106	0.0008815185714	0.0005682380495	0.000440050111
1	12	Surface	0.0003335316782	0.0001924647651	9.404865579e-05	1.023985931e-06	3.345066435e-05	3.12131168e-06	0.0001103766251	7.714271879e-05	0.0004283612203	0.0005702508538	0.0004704045756	0.0004674239169	0.0005625798859	6.282356745e-05	0.0004469594935	0.0007840559932	0.0005649044856	0.001151812874	0.0005598538716	0.0005401384428
1	13	Deep	0.0003361835233	0.0001615266881	0.000111946633	1.032011807e-06	4.605266839e-05	4.030363929e-06	0.0001193250074	8.092547699e-05	0.0002841054249	0.0004592593092	0.0004096670514	0.0001545228502	0.0003698605384	0.0001307006419	0.0003968163425	0.0007849650845	0.0005760405934	0.000910428326	0.0006115440956	0.0004521429013
1	13	Surface	0.000223458177	0.0001400175639	0.0001213699438	7.208995906e-07	3.871762355e-05	2.64760906e-06	0.0001235219591	7.321013465e-05	0.0002980005124	0.0004228013179	0.000353701478	8.567212784e-05	0.0003483511726	0.0001547857746	0.00039002443	0.0007043067426	0.0005293754099	0.0009907368759	0.0006303095874	0.0004715548423
1	14	Deep	0.0002347992496	0.0001195308414	0.0001128534019	4.143101326e-06	3.793867725e-05	3.002825201e-06	0.0001543195174	0.0001289575211	0.0002537566315	0.0004057585593	0.0004502721052	0.0001024140496	0.0003674125958	0.0001366181511	0.0004126501847	0.0008132725562	0.0005686468581	0.001153307433	0.0006285671386	0.0005108209396
1	14	Rhizosphere	0.0001358471218	7.036008314e-05	7.220066799e-05	3.914073942e-08	2.518654467e-05	1.341523227e-07	0.0001004747226	0.0001172609026	0.000249926402	0.0003245810699	0.0003152552946	0.0001635382447	0.0003301923185	0.0001090224013	0.0004125746202	0.0007758600477	0.0004963717746	0.001134169997	0.0006271836246	0.0005538974971
1	14	Surface	0.0001958372275	9.218446654e-05	0.0001018844605	7.725073477e-07	3.169667923e-05	1.718096459e-06	0.0001139496487	0.0001029174469	0.0002561205555	0.0004022120602	0.0003514578309	0.0001065124408	0.000368951315	0.0001230374383	0.0004045200792	0.0008147509169	0.0005391681822	0.001127914885	0.0006265787168	0.0005160420986
1	15	Deep	0.0004867126099	0.0002099927234	9.514512113e-05	9.669578555e-07	5.803718667e-05	7.393791238e-06	0.0001303020764	8.98966939e-05	0.0002357957203	0.0004925942563	0.000485506465	0.0002308875182	0.0004177568829	8.915411499e-05	0.0004383512471	0.0008728812836	0.0006140652712	0.0007605810612	0.0005872287855	0.0004567921185
1	15	Rhizosphere	0.0002054056594	7.650306937e-05	7.42353432e-05	1.035088195e-06	3.304846918e-05	2.383403399e-06	0.0001071797323	7.65504428e-05	0.0002482383415	0.0004175097246	0.0003103960203	0.0002432565466	0.000382015778	0.0001456049261	0.000393237869	0.0007317087506	0.0005184876695	0.001069111997	0.0006486927396	0.0005506356628
1	15	Surface	0.0003832012433	0.0001546454021	0.0001389556848	5.63834683e-06	4.59511559e-05	5.249419339e-06	0.0001801009343	0.000109197963	0.000261123037	0.0005748383723	0.0005484807328	0.0001079440219	0.0004389426352	3.367757982e-05	0.0004963562667	0.000816204351	0.0005751880393	0.0009122901517	0.0005964917031	0.0004566066909
1	16	Deep	0.0004786134891	0.0001874561421	0.0001421645722	1.428209418e-06	5.547861515e-05	4.202871646e-06	0.0001797486737	9.073735827e-05	0.0002665711575	0.0006297331398	0.0006082436864	0.0001628135658	0.000418175163	4.597338223e-05	0.0004847794401	0.0008166981388	0.0006031437331	0.0008820972919	0.0005645947512	0.0004416831452
1	16	Rhizosphere	0.000138504092	6.981066059e-05	5.005629457e-05	1.772964261e-07	1.753010666e-05	7.13400284e-07	7.9931692e-05	6.048712174e-05	0.0002625885491	0.0002777716867	0.0002240326249	0.0001706270444	0.0003017331423	0.000231252607	0.0002899746308	0.0006653960393	0.0004996380064	0.00115763984	0.0006603895136	0.0005103265443
1	16	Surface	0.0001304637479	8.389132293e-05	6.469944912e-05	3.656400118e-07	1.964751679e-05	6.697366256e-07	9.239850935e-05	8.616937707e-05	0.0002817615723	0.0002268338965	0.0001889511004	7.121985483e-05	0.0003096592507	0.0002401286358	0.0002926537043	0.0006976683105	0.000496903766	0.001194885109	0.0006385049041	0.0005091186598
1	17	Deep	0.0003915280433	0.0002039805919	0.0001608504494	1.520316566e-06	6.709988119e-05	5.214672474e-06	0.0001772638466	0.0001122596036	0.0002448009348	0.0005501215738	0.000572489687	0.0001020191839	0.0004025272313	5.30419911e-05	0.0004871962101	0.0008705053798	0.000624829931	0.0008079043991	0.0006153197164	0.0004213258183
1	17	Rhizosphere	0.0002925825227	0.0001248700681	0.0001177749709	6.272410665e-07	5.074098232e-05	1.882103339e-06	0.0001165245142	8.324596041e-05	0.0002590743692	0.0004417251004	0.0003941638805	0.0001103611023	0.0003393857602	0.0001432804743	0.0003823049503	0.0007421833703	0.0005394624705	0.0009828187681	0.0006427283766	0.0005058305276
1	17	Surface	0.0003218943423	0.000134136811	0.0001609165309	7.59035541e-07	4.115463176e-05	4.462322363e-06	0.000172527986	0.0001245913728	0.0002603088548	0.0004944347167	0.0005036503856	8.143740148e-05	0.0004184273823	4.910524618e-05	0.0004539127556	0.0008328780864	0.0005861146754	0.0009869537934	0.0006250612279	0.000436085729
1	18	Deep	0.0004080064228	0.0002717567224	0.0001355201212	6.958082362e-07	8.751091736e-05	3.712538312e-06	0.0001575308074	8.085495846e-05	0.0002644630015	0.0005656050179	0.0004393303798	0.0001338365259	0.0003313108115	0.0001312629971	0.000395356637	0.0007243153119	0.0005629941114	0.0007838618423	0.0005454234426	0.0004310267361
1	18	Rhizosphere	0.0001015785369	6.475996666e-05	4.593300527e-05	1.290293083e-07	1.335218805e-05	6.167652001e-07	5.518163922e-05	4.524110893e-05	0.0003078858151	0.0002473031899	0.00028918725	0.0001808080953	0.0002530206992	0.0002222461631	0.0002790835945	0.0007054283953	0.0004841021586	0.001132524622	0.0006836669939	0.000533377169
1	18	Surface	0.0002683326488	0.0002458061487	0.0001442838946	6.670921476e-07	6.401183556e-05	3.601008245e-06	0.0001167558196	7.124859871e-05	0.0002744154472	0.0004560584135	0.0003109508475	0.0001161196305	0.0004009363583	0.000108782688	0.0004124936644	0.0007772690002	0.0005214606926	0.0009368268171	0.0005899408502	0.0004317619097
1	19	Deep	0.0002374447721	0.0001586405248	0.0001210045782	2.227683896e-06	4.442449399e-05	1.984013316e-06	0.0001242064139	8.248045834e-05	0.0002856309281	0.0004153845846	0.000362675775	0.0001044357813	0.0003347033164	0.0001464086812	0.0003729190512	0.0007656061084	0.0005479860872	0.001029459173	0.0006038823022	0.0004491789531
1	19	Surface	0.0001363980332	0.0001030234202	6.95690974e-05	4.818826109e-07	2.23770349e-05	1.836792743e-06	6.813205758e-05	6.003226076e-05	0.0003438329847	0.000237105553	0.0001992301489	8.80493077e-05	0.0002554030152	0.0002641003258	0.0002615816264	0.0007027301665	0.0005239314857	0.001304256528	0.0006044282063	0.0004947656912
1	20	Deep	0.0002066650996	0.0001605086323	0.0001009674872	2.391559273e-06	4.630513579e-05	2.333538945e-06	0.0001047838115	7.050189711e-05	0.0003050741104	0.0003257160683	0.0002759697236	0.0001221484764	0.0002682553889	0.0002166297928	0.000326953483	0.0007129719659	0.000543142864	0.001048520464	0.0006287800524	0.0004840406204
1	20	Rhizosphere	0.000268837444	0.000170811769	8.84625942e-05	9.807385533e-07	4.506205948e-05	2.563209292e-06	9.237715254e-05	6.163081692e-05	0.0002913159844	0.0003400228686	0.0002802379786	0.0001332290837	0.0002559987276	0.0002333238496	0.0003098621009	0.0007146434208	0.0005569217394	0.001089953118	0.0006076189959	0.0004729067407
1	20	Surface	0.000105738135	0.0001091893826	6.264875438e-05	6.644746555e-07	2.34041333e-05	1.242396901e-06	6.001296106e-05	4.717928492e-05	0.0003669674893	0.0001805105308	0.0001394424748	0.0001209489364	0.000201264963	0.0003204526417	0.0002245607535	0.000630524355	0.0005438067139	0.001324661567	0.0006123627576	0.0004964050167
1	21	Deep	0.0005409275874	0.0002598665835	9.020367116e-05	1.810879272e-06	5.943765474e-05	4.495387149e-06	0.0001345756952	7.856050043e-05	0.0002718640932	0.0006212376574	0.0004619307922	0.0003210942042	0.000475832329	5.103789171e-05	0.0004534272923	0.0008350702119	0.0005842381996	0.000809930363	0.0005434595723	0.0004616561872
1	21	Surface	0.0003880256631	0.000241382789	0.0001335846214	4.171730541e-06	6.370387614e-05	3.498594132e-06	0.0001372136933	6.98052581e-05	0.0002669133395	0.0006068471659	0.0004307399652	0.0001448664279	0.0004400914369	6.89707405e-05	0.0004138326999	0.0007593959337	0.0005317667742	0.0008706408891	0.0005187530687	0.0004288017203
1	22	Deep	0.0003955327723	0.0002176297648	0.0001345506135	8.425650999e-06	6.792838809e-05	4.554317737e-06	0.0002135376505	0.0001086385563	0.0002297323124	0.0005932762966	0.0005998098759	0.0001085577728	0.0003604566139	6.873524664e-05	0.0004466343287	0.0008287104572	0.000587669206	0.0008321168951	0.000568529282	0.0004511353903
1	22	Rhizosphere	0.0002723447684	0.0001345228251	0.000109172717	9.445350328e-07	4.2611189e-05	2.040012651e-06	0.0001340928524	8.524684774e-05	0.0002880227901	0.0004476326969	0.0004562729701	0.0003290265646	0.0003929589703	0.0001322177254	0.0003780879446	0.0007880860849	0.0005955894051	0.001011297743	0.0006446861129	0.0005298203523
1	22	Surface	0.0004442046473	0.0001542776657	0.0001535936924	2.464460205e-06	5.07198515e-05	5.073920061e-06	0.0001706958022	0.0001039769299	0.0002628659199	0.0006480137264	0.0006118155142	0.000143340111	0.000428466068	4.060286288e-05	0.0004690102806	0.0007837260179	0.000587443179	0.0009029808119	0.0005678635805	0.0003995470494
1	23	Deep	0.0005195637536	0.0002747268943	8.897503988e-05	6.407262156e-07	7.070669893e-05	1.782494476e-06	0.0001328494002	8.191315938e-05	0.0002407064008	0.0006601707785	0.0004624296828	0.0003053107025	0.0004529998386	5.862401225e-05	0.0004195850786	0.0008208085494	0.0005773366287	0.0007517730249	0.0005169413952	0.0004637281373
1	23	Rhizosphere	0.0001861596686	0.0001167810307	7.852691263e-05	3.251823572e-07	2.992326842e-05	1.200457615e-06	7.632518812e-05	5.09528419e-05	0.0003402967117	0.0004623262547	0.0003625340016	0.0002279099875	0.0002619628316	0.0001862213354	0.0003184223125	0.0007579109766	0.0005427467608	0.001112210809	0.0006445360694	0.0005205974474
1	23	Surface	0.0002771642519	0.0002235039093	0.0001263349955	5.039496643e-07	5.797682739e-05	1.935446659e-06	0.0001038149928	7.299654832e-05	0.0003018878999	0.0004752400004	0.0003623782085	0.0002665219322	0.0003746791967	0.0001173578452	0.000380926131	0.0008021903283	0.000537111039	0.0009187834411	0.0005909389545	0.0004942447148
1	24	Deep	0.0003770276009	0.000213335604	0.0001210381338	3.712544398e-06	5.452259824e-05	2.703427305e-06	0.0001270668387	0.0001103569863	0.0002462623055	0.0004694235724	0.0003952740544	0.0001646432144	0.0003291635036	8.934115684e-05	0.0004471864816	0.0008655675353	0.0005438929937	0.0008068958072	0.0006607819114	0.0004744645033
1	24	Surface	0.0002316403042	8.740826531e-05	8.730201513e-05	3.495641365e-07	2.943003402e-05	1.926122201e-06	9.563496333e-05	7.312220495e-05	0.0003174056617	0.0003445653959	0.000303682908	0.0001203937409	0.0003140680612	0.0002108769289	0.0003050662582	0.0007206297515	0.0005718765299	0.001208626056	0.0006031539864	0.0004702774769
1	25	Deep	0.0003225350463	0.000204867031	0.0001147782483	1.94028508e-06	5.261317563e-05	4.532341175e-06	0.0001222466279	0.0001035677285	0.0002841503391	0.0004420993795	0.0003981552413	0.0001926172225	0.0003334363364	0.0001237114481	0.0004034127704	0.0008666399086	0.0005719535818	0.0009147878802	0.0006120079941	0.0004599770114
1	25	Rhizosphere	0.0002490188234	0.0001013779622	5.084381944e-05	2.72651717e-07	1.519697924e-05	7.259745981e-07	5.299612687e-05	4.304130069e-05	0.0004028767527	0.0004763805799	0.0004497838322	0.0005977072783	0.0004728658369	0.0001240239838	0.0003483805917	0.0007410382458	0.0004767112329	0.001159443344	0.0005867313813	0.0006204527095
1	25	Surface	0.0003432020618	0.0001799353413	0.0001242772534	1.768832415e-06	5.184107043e-05	5.994570612e-06	0.0001232932559	9.83551522e-05	0.0002739566472	0.0004348821585	0.0004260102458	0.0001240070323	0.0002889782854	0.000146784365	0.0003865274494	0.0008291448247	0.0005782710597	0.0009469112742	0.0006080970494	0.0004428649626
1	26	Deep	0.0002816927692	0.0002145394723	0.0001588811534	1.488335822e-06	5.847073055e-05	2.001378417e-06	0.0001613633332	0.0001096113472	0.0002678833787	0.0005241903277	0.0004467633253	8.638044828e-05	0.0003950912723	5.51642246e-05	0.0004909291896	0.0008188965615	0.000535523006	0.0009000118208	0.0006031584002	0.0004708801686
1	26	Rhizosphere	0.0001536511328	0.0001328030355	9.14389512e-05	6.404745466e-07	3.50717927e-05	1.058862743e-06	9.06237246e-05	8.878488792e-05	0.0002785670453	0.0003274681104	0.0002554663192	9.405774189e-05	0.0003255977302	0.0001611394137	0.0003537764089	0.000777050153	0.0005042957603	0.001105476604	0.0006094655951	0.0005054965573
1	26	Surface	0.0002321957509	0.0002295728478	0.0001480307091	9.22582057e-07	5.904299386e-05	2.123351191e-06	0.0001092795417	7.787706415e-05	0.00028593839	0.0004436437837	0.0003197001781	0.0001170225221	0.0003571775413	0.0001198163513	0.0004007258659	0.0007666228773	0.000525837742	0.0009544845728	0.0005762017871	0.0004495934776
1	27	Deep	0.0003116778728	0.000211366202	0.0001365186125	1.625456721e-06	6.411549687e-05	5.050988972e-06	0.000140871755	0.0001009631694	0.00024560999	0.00046311236	0.0004377084811	9.999574677e-05	0.0004050600362	8.375269665e-05	0.0004553219535	0.00087031632	0.0005871379854	0.0008467831189	0.0006224743359	0.0004350762573
1	27	Rhizosphere	0.0002105809259	8.473463414e-05	8.042070721e-05	4.871995733e-06	2.552909145e-05	1.594181147e-06	8.12544662e-05	8.881848391e-05	0.0002758164374	0.000337050186	0.0002811588115	0.0002351466244	0.000311585329	0.0001624794787	0.0003217546903	0.0008169383488	0.0005185507689	0.001288165421	0.0006355000011	0.0004821216518
1	27	Surface	0.0002201673183	0.0001545182192	0.0001234824926	8.300595847e-07	4.272947741e-05	1.934512656e-06	0.0001080922502	0.0001001159357	0.0002807237449	0.0004214114759	0.0003344962546	8.970943013e-05	0.0003555412806	0.0001134549962	0.0003889387379	0.0008144376971	0.0005216491555	0.001065161373	0.0005901066948	0.0004892051314
1	28	Deep	0.0005242496951	0.0002827249587	0.0001336919728	1.090295817e-06	6.858507036e-05	4.825553826e-06	0.0001027415309	8.137266225e-05	0.0002389068374	0.0006237008134	0.0004776092463	0.0002427588691	0.0004103712196	4.119256332e-05	0.0004790679417	0.0009037926846	0.0006088298738	0.0006803297256	0.0005403907467	0.0003747005845
1	28	Rhizosphere	0.000257846371	0.0001714526773	0.000121124482	3.581013952e-07	4.802417724e-05	1.929494012e-06	9.97383409e-05	7.537946359e-05	0.0002993549064	0.0004092782408	0.0002931704375	0.0001548509188	0.0003257900533	0.0001722917534	0.0003714402749	0.0007140216657	0.0005123941345	0.001022714043	0.0006281730005	0.0004697756187
1	28	Surface	0.0003036603448	0.0001825282389	0.0001759195337	1.641495524e-06	5.591353852e-05	1.614073008e-06	0.0001506266064	9.872694948e-05	0.0002746411367	0.000550700092	0.0004649176372	7.402958727e-05	0.0004267167759	3.878916161e-05	0.0004846079243	0.0007869907507	0.0005350587248	0.0009297540303	0.0005810548752	0.0004376342631
1	29	Deep	0.0004940795781	0.000276850409	0.0001546611913	2.43259315e-06	7.583898833e-05	4.18401986e-06	0.0001255252757	8.424642021e-05	0.0002376757809	0.000598087648	0.0004834513403	0.0001893234302	0.0003976669828	7.093950892e-05	0.0004405762405	0.0008593665863	0.0005729635289	0.0007308688517	0.0005654701175	0.0003982954989
1	29	Rhizosphere	0.0004397833568	0.0002824213239	0.0001288123815	3.867851329e-06	7.106573225e-05	3.006194239e-06	0.000117353317	7.965177473e-05	0.0002363575447	0.0005798971234	0.0004432995894	0.0002083446142	0.0003826867471	8.023278279e-05	0.0004293438128	0.000843754815	0.0005774194544	0.0007301962906	0.0005654479598	0.0004209711342
1	29	Surface	0.0004506523177	0.0002751069339	0.0001140110081	1.77020547e-06	6.744465937e-05	2.893218306e-06	0.000101099968	6.944849945e-05	0.0002475067557	0.0005694651345	0.0004090279804	0.0002555934601	0.0003696045549	0.0001015639925	0.0003981190774	0.0007979587042	0.000566180132	0.0007441384337	0.0005649070808	0.0004391483338
1	30	Deep	0.0003007675822	0.0002335306811	0.0001396961456	1.719302526e-06	7.237740267e-05	2.265871846e-06	0.0001362610146	8.720221872e-05	0.0002521273261	0.0004600291702	0.0004275505695	0.0001316214523	0.000329875078	0.000141924086	0.0004059376118	0.0008020501038	0.0005796673609	0.0007728574134	0.0006234340338	0.0004335101384
1	30	Rhizosphere	0.0004141658247	0.0001334915918	7.886690377e-05	1.184522611e-06	3.610954561e-05	2.260012341e-06	8.971596374e-05	5.852131618e-05	0.0002997386912	0.0004553892612	0.0003521675076	0.0004008796663	0.0004273612333	0.0001314084393	0.0003474401145	0.0006999111877	0.0005191267962	0.0009837782707	0.0006256676896	0.0005009947594
1	30	Surface	0.0002740144883	0.0002323737443	0.0001402306767	2.475316268e-06	5.679919848e-05	1.78332558e-06	0.0001158934868	7.663432644e-05	0.0002595691192	0.0004910111873	0.0003479108957	0.0001549213806	0.0004139170202	8.652577128e-05	0.0004164203096	0.0007726724936	0.000509144444	0.0008686169215	0.0005670355251	0.0004435692997
1	31	Deep	0.0006390085118	0.000220665971	7.634163368e-05	2.219299305e-06	6.012983078e-05	1.295114817e-06	0.0001053951693	5.691032468e-05	0.0002077716277	0.0006808254168	0.0005612779252	0.0002911907184	0.0004341758143	6.007324694e-05	0.0004483689618	0.0008252326952	0.0006227125613	0.0006391870218	0.0005335461856	0.0004044486766
1	31	Rhizosphere	0.0001575601825	0.0001048494444	7.276736605e-05	6.962736401e-07	3.635253963e-05	1.180324439e-06	7.983004765e-05	5.484496174e-05	0.0002801943049	0.0002551455173	0.0002043339821	0.0001884688304	0.0002704430853	0.0002813150037	0.0002778396055	0.0006522906494	0.0004882665961	0.001089577757	0.000692473883	0.000579422681
1	31	Surface	0.0003986184358	0.0001998950651	0.0001190502888	1.394144455e-06	6.430663328e-05	1.160622329e-06	0.0001395280052	7.043320111e-05	0.000267230632	0.0006101679626	0.0005111582327	0.0001723450492	0.0003516375617	9.819512297e-05	0.0004159799739	0.0007419296943	0.0005585398138	0.0008885502332	0.0005477772046	0.0004688709914
1	32	Rhizosphere	0.0006185648399	0.0001767795707	7.497271394e-05	3.724871603e-07	4.711627257e-05	2.13319679e-06	9.290378042e-05	6.018258441e-05	0.0002043294211	0.0006571115036	0.0005103438738	0.0002956737809	0.0004042539503	9.102153387e-05	0.0004025178238	0.0008139468059	0.0006073374331	0.0006765448418	0.0005342820448	0.0003926291135
1	33	Deep	0.0002192174878	0.000275259888	0.0001384863645	1.148263285e-06	6.745575487e-05	1.991731209e-06	8.61584716e-05	5.545869998e-05	0.0002952866427	0.0004153443359	0.000251780572	0.0001705814766	0.0003021931116	0.000174708335	0.0003579246481	0.0007449660457	0.0005183820466	0.000931206026	0.00059798097	0.0004305087126
1	33	Rhizosphere	0.0001540270978	7.210429399e-05	3.337944285e-05	4.454025743e-07	2.444759822e-05	6.559184833e-07	6.489707158e-05	3.777653279e-05	0.0002718278867	0.0002547571786	0.0002207122526	0.0001884502892	0.0002158944753	0.0002930213251	0.0002404021985	0.0006672635761	0.0005052894692	0.001100360755	0.0007079707552	0.0005443773532
1	33	Surface	0.0003518983745	0.0002325993049	0.0001079572852	1.198499555e-06	6.532894546e-05	2.565896848e-06	9.768637832e-05	5.956928384e-05	0.0002638630108	0.0005028989005	0.0003796357325	0.0002394528699	0.0003392754193	0.0001483299682	0.0003790126254	0.0007678075385	0.0005496635157	0.0008538094146	0.000582050749	0.0004326053128
1	34	Deep	0.0003711489411	0.0003097310633	7.574069521e-05	3.708492496e-07	5.696333901e-05	2.526415611e-06	0.0001570913767	8.572783225e-05	0.0003675130728	0.0005561912938	0.0003703284274	0.0005240848165	0.0005440263968	6.875366555e-05	0.000435273774	0.0008092151562	0.0006083761457	0.0009299231346	0.0005757453401	0.0005499133684
1	34	Rhizosphere	0.0002616080286	0.0001410412042	9.232469102e-05	1.62899594e-07	4.09234702e-05	2.358915327e-06	0.000117752106	6.519764623e-05	0.000275594884	0.0003766765395	0.0003498104057	0.0003238533663	0.0003401193047	0.0001686132415	0.0003890934332	0.0007866069197	0.0005474427892	0.0009664587819	0.0006807795642	0.0005619661646
1	34	Surface	0.00027454412	0.0002100645751	0.0001143316291	1.018515647e-06	5.250452055e-05	2.214502941e-06	0.0001153682529	7.739965289e-05	0.0002760845774	0.0004355378204	0.0003545382011	0.000236041062	0.0003485649907	0.0001429392781	0.0003941993031	0.0007975538259	0.0005492816247	0.0009471221106	0.0006250417566	0.0005000468749
1	35	Deep	0.0004998640316	0.0002981502079	0.0001953185488	1.71472724e-06	9.192774172e-05	8.680719475e-06	0.0001565411009	0.000102655758	0.0002595015938	0.0006092161833	0.0005035193783	0.0001553621753	0.0004272005846	4.471187662e-05	0.0004765102317	0.0008898984071	0.0005922675736	0.0007746970211	0.0005982446206	0.0004037364677
1	35	Rhizosphere	0.0003401595695	0.0001899656734	0.0001598736656	1.603125757e-07	5.589689909e-05	6.731308468e-06	0.0001218666863	8.613888205e-05	0.000262296578	0.0005731936853	0.0004175009142	9.775982132e-05	0.0004198421017	8.550796899e-05	0.0004339392415	0.000770716191	0.0005422138777	0.0008948723951	0.0005840256475	0.0004383435828
1	35	Surface	0.0002819113885	0.0001918443233	0.0001678906592	1.63109115e-06	5.761475502e-05	3.072482628e-06	0.0001579728898	0.000119216349	0.0002581847351	0.0005100796909	0.0004722758197	0.0001009481367	0.0003829949137	5.979051352e-05	0.0004807221533	0.0008558022655	0.0005555627018	0.0009560507863	0.0006290488847	0.0004681621708
1	36	Deep	0.0004587140877	0.0002343286366	0.0001315961914	1.326521629e-06	5.482052207e-05	2.924649306e-06	0.0001297577352	0.0001047183894	0.0002289822308	0.0005450133167	0.000441216371	0.0001682015105	0.0003543279356	7.946661388e-05	0.0004626548647	0.0009583994051	0.0006303145929	0.0007301060467	0.0005432241047	0.000355174457
1	36	Surface	0.0003625054847	0.000169426707	0.000111775104	1.082721432e-06	4.647575923e-05	3.856391295e-06	0.0001243339502	7.679800598e-05	0.0002865016166	0.0004402060036	0.0003514836989	0.0001867218852	0.0003656895752	0.0001512380904	0.0003658291858	0.000741019952	0.0005392955684	0.0009447464765	0.0006268369025	0.000497971018
1	37	Deep	0.0003278208001	0.0002307142217	0.0001605849193	2.459038436e-06	6.52797943e-05	3.251708303e-06	0.0001792505157	0.0001160101736	0.0002548290235	0.0005029662436	0.0005207521422	0.0001078406649	0.000394987445	5.951389743e-05	0.0004897318047	0.0008906854743	0.0005904098796	0.0008332300196	0.0006385783845	0.0004456577395
1	37	Rhizosphere	0.0002056937994	0.0001117214065	8.592312295e-05	2.852877817e-07	3.054946158e-05	1.483214903e-06	9.844315664e-05	8.750229138e-05	0.0002785564979	0.0003189820283	0.0003117754677	0.0001307119968	0.0003072361239	0.0001700680491	0.0003780654428	0.0007737717362	0.0005165597036	0.00106448387	0.0006732185036	0.0005385550769
1	37	Surface	0.0003179916618	0.0001842016316	0.0001277400932	1.562559767e-06	5.487602948e-05	1.38592758e-06	0.0001443011459	0.0001069893923	0.0002611255694	0.0004562743667	0.000444707587	0.0001210049628	0.0003768926249	9.892754693e-05	0.0004366217978	0.0008360870474	0.000563228975	0.000910496251	0.000626710844	0.0004619146382
1	38	Deep	0.0002831488554	0.0002116146058	0.0001150427319	1.93238162e-06	6.053588602e-05	2.597302648e-06	0.0001345294971	8.686131564e-05	0.0002489508271	0.0004026055791	0.0003833212626	0.0001447843268	0.0003006279693	0.0001617078836	0.0003890356709	0.0008155754526	0.0005822650768	0.0008366743221	0.0006464391475	0.0004583739982
1	38	Rhizosphere	0.0004159410207	0.0001903456503	0.0001137311073	8.240457489e-07	4.61788466e-05	1.679627897e-06	0.0001328725738	6.645744186e-05	0.0002254883115	0.0003465871574	0.0003211826709	0.0002502141836	0.000380779501	0.0001282360027	0.0004098990746	0.0007156023088	0.0005392937326	0.00095207968	0.0006370815485	0.000497704281
1	38	Surface	0.0003563840724	0.0001955234523	0.0001227634792	1.474307076e-06	5.942611891e-05	2.1689723e-06	0.0001396095512	9.478467063e-05	0.0002442536992	0.0004571332547	0.0004223282402	0.0001430766432	0.0003643617552	0.000120609971	0.0004226669278	0.0008074036261	0.0005708117713	0.0008510574698	0.0006294583488	0.0004549135138
1	39	Deep	0.000232668406	0.0001798772343	0.0001233768976	7.30908919e-07	5.169440235e-05	1.374076986e-06	0.0001424614343	6.141190395e-05	0.0001834509005	0.0003657297556	0.0002715341475	7.990361258e-05	0.0002572769204	6.460525954e-05	0.0002922474734	0.0009548331202	0.0006730194971	0.0005940621741	0.0007035592335	0.0005845479193
1	39	Rhizosphere	0.0002558949625	0.000155092161	0.0001196261326	4.581068246e-07	3.995311888e-05	1.12557463e-06	0.0001098836244	8.492400798e-05	0.0003304177555	0.0004409257123	0.000366985553	0.0002227318996	0.000385407163	0.0001147260907	0.0004195219091	0.0007950535566	0.0005238899826	0.001080433409	0.0006631706304	0.0005493887102
1	39	Surface	0.0003496009026	0.0002492899805	0.0001870800126	9.24481861e-07	6.263094324e-05	1.146956583e-06	0.0001532321959	0.0001010507079	0.0002736289008	0.0005475208327	0.0004575512155	0.000117471487	0.0003889499049	6.963059966e-05	0.0004489840851	0.0008217640429	0.0005219225821	0.0008678336227	0.000598351601	0.0004477920596
1	40	Deep	0.0003606035151	0.0002604894026	0.0001989646376	1.673111724e-06	7.308530825e-05	2.266717754e-06	0.0001718679442	9.878902991e-05	0.0002537816624	0.0006051828464	0.0005235719274	9.251774139e-05	0.0004287369244	5.340926454e-05	0.0004864182468	0.0008112763885	0.0005470247661	0.0008133523028	0.0005834563574	0.0004154468262
1	40	Rhizosphere	0.000315564942	0.0002731095211	0.000212031111	2.671107063e-06	7.791022144e-05	2.5269419e-06	0.0001698127635	0.0001035239074	0.0002642913924	0.0005831323139	0.0005076106405	8.636598572e-05	0.0004202455894	4.736044919e-05	0.0004940762403	0.0008262663581	0.000542156586	0.0008488940988	0.0005896986774	0.0004058071811
1	41	Deep	0.0003580369465	0.0001612514728	8.570947496e-05	1.466303976e-07	2.910517188e-05	1.431756924e-07	4.660506506e-05	2.300176126e-05	0.0001114824604	0.0006190624057	0.0001655815274	0.0002603350185	0.0002943698398	0.0001422201805	0.0005570643653	0.0006987848774	0.0004967553288	0.0007889287828	0.0004649817578	0.0006987422394
1	41	Rhizosphere	0.0005432542899	0.0001626308485	0.0001793063533	2.695241905e-07	3.865596292e-05	2.159664897e-05	0.0002001900817	0.0001550749749	0.0002553701214	0.0005307492813	0.0003839195556	0.0004292060022	0.0005118094786	7.080597058e-05	0.0004782505273	0.0008129346066	0.0005858236897	0.0008882725737	0.0005978345516	0.0004048954168
1	42	Deep	0.0003267727056	0.0002321219927	0.0001243616054	1.3281971e-06	7.3943622e-05	4.270945372e-06	0.000142422071	8.748980759e-05	0.0002360857342	0.0004329395225	0.0004181560027	0.0001477203151	0.0003491104386	0.0001453667169	0.0004245774437	0.0008430358184	0.0005952814995	0.0007866403294	0.0006325179351	0.0004307256314
1	42	Rhizosphere	0.0001771122192	8.003718677e-05	8.717220101e-05	4.098713892e-07	3.159594998e-05	1.354090726e-06	0.0001024713691	8.28506842e-05	0.0002588760631	0.0003476108477	0.0003459367814	0.0001494840057	0.0003531441305	0.0001584293584	0.0003945940358	0.0007607361275	0.0005192490393	0.001033248815	0.0006721511686	0.0005834881547
1	42	Surface	0.0004179655135	0.0002138921625	0.0001570717594	1.567569549e-06	6.37381909e-05	1.781992254e-06	0.0001627910302	0.0001128251531	0.0002449021827	0.000519791715	0.0004643272237	0.0001116444776	0.0004323629911	7.467702733e-05	0.0004589407989	0.0007801059276	0.0005502495046	0.0008759954972	0.0006287575937	0.0004758484074
1	43	Deep	0.0002965161009	0.0001747626839	0.0001336572674	8.32879595e-07	5.142738636e-05	2.077592454e-06	0.0001454604115	0.0001075843277	0.0002643311479	0.0004363065641	0.000446295378	9.05483742e-05	0.0003767162669	8.852719591e-05	0.0004315481631	0.0008651131456	0.0005461552427	0.0009358030248	0.000643700443	0.0004687498263
1	43	Rhizosphere	0.0003189463129	0.0001658448593	0.0001322841509	7.920820352e-07	5.03227534e-05	2.031453538e-06	0.000125908941	0.000105715348	0.0002620095366	0.0004652911857	0.0004292534329	9.963369499e-05	0.0003735581808	8.938638777e-05	0.0004350509532	0.0008491497231	0.0005450754799	0.0009276615809	0.0006220014409	0.0004733459784
1	43	Surface	0.0003491643701	0.0001979640426	0.0001632074476	7.406021277e-07	5.840514829e-05	3.006739281e-06	0.0001472436048	0.0001047621852	0.0002697941045	0.0005076078786	0.000468732734	9.57262433e-05	0.0003981446642	7.702238613e-05	0.0004518638005	0.0008204798025	0.000538517384	0.0008999890801	0.0006136041436	0.0004503954732
1	44	Deep	0.0002985158615	0.0001440338434	0.0001222764628	3.278642489e-06	5.164864773e-05	1.019730643e-05	0.0001104108109	8.763186045e-05	0.0002755686479	0.0003719089532	0.0003554351691	0.0001497453902	0.0003857460391	0.0001562669824	0.0004091222427	0.0007509758274	0.0005495747193	0.0009766567019	0.0006786687596	0.0004840683063
1	44	Rhizosphere	0.0002867160409	0.0002276072943	0.0001690795414	5.524482786e-07	5.749854818e-05	1.980026855e-06	0.0001710777492	0.0001094691845	0.0002657421061	0.000510372053	0.0004704899151	9.654820366e-05	0.0004109518457	6.473307485e-05	0.0004720924269	0.0008299026274	0.0005334884316	0.0009108783596	0.0006053923641	0.0004579747142
1	45	Deep	0.0003796887693	0.0002006029952	0.0001503856381	2.643727583e-06	6.221781596e-05	3.765747047e-06	0.0001413392661	8.625155365e-05	0.0002366400922	0.0005157690093	0.0004746534373	0.000192892114	0.0003828768269	9.994505299e-05	0.0004497438865	0.0008267423784	0.000584502011	0.0008770206865	0.0006080196506	0.0004299752853
1	45	Rhizosphere	0.0002869476891	0.0001197721979	0.0001723972264	3.725624131e-06	7.744859913e-05	1.807529985e-06	0.0001155185426	0.0001047473727	0.0002845191604	0.0004256039582	0.000446072483	0.0001495341122	0.0003731301568	0.0001454268746	0.0003822757038	0.0007484551507	0.0005955180612	0.001102328141	0.0006603975009	0.0004854844336
1	45	Surface	0.0004553789772	0.0002289528578	0.0001882405297	4.661322761e-06	8.039383495e-05	9.043150367e-06	0.0001465367322	6.887506454e-05	0.0002572454305	0.0006169285702	0.0006049880722	0.0001817023477	0.0003969712178	7.982362519e-05	0.0004674729818	0.0008236208702	0.0006301179171	0.0008501321004	0.0005585591378	0.0003554633675
1	46	Deep	0.0007927430229	0.0002511110492	0.0001668147057	1.962207918e-07	5.984235736e-05	3.251438965e-06	0.000105207813	9.302372195e-05	0.0002321217206	0.0006714832444	0.0004633216662	0.0001588671428	0.0004098793383	5.705558238e-05	0.000445963959	0.000814889634	0.0005970879561	0.0006148245554	0.0005288396666	0.0003258983228
1	46	Rhizosphere	0.0004051514621	0.0001948026032	0.0001789241893	0	5.833946135e-05	2.390124027e-07	0.0001871236934	9.490417934e-05	0.0002779433923	0.0005783895078	0.0005848064387	0.0001002864023	0.0005392902111	3.136908519e-05	0.0004924757224	0.0007488515535	0.0005241892948	0.0009454295723	0.0005447455526	0.0004141066456
1	46	Surface	0.0004074308522	0.000185979506	0.0001826113503	1.697173627e-07	5.608856686e-05	3.268811382e-06	0.0001788608455	9.424001788e-05	0.0002945520525	0.0006171308878	0.000550089332	0.0001330304157	0.0004667535855	5.882554261e-05	0.0004373192928	0.000715384139	0.0005304198091	0.0009524106387	0.0005793061072	0.0004462852039
1	47	Deep	0.0004385391275	0.0001877801734	0.0001452893077	1.781638106e-06	6.17483284e-05	4.315005451e-06	0.0001672064374	0.0001090473806	0.0002469635595	0.0005292987383	0.0005597329382	0.0001171662171	0.000423080529	6.26161651e-05	0.0004720516042	0.0008719024458	0.0006153199965	0.0008344083379	0.0006273980618	0.000440497373
1	47	Rhizosphere	0.0002970161827	0.0002006768662	0.0001788091866	1.11792293e-06	6.283038479e-05	3.598429622e-06	0.000161248294	0.0001155739514	0.0002841670354	0.0004815859625	0.0004749848307	7.118538679e-05	0.0004392491811	4.246382766e-05	0.000495582977	0.0008047312291	0.0005415763388	0.0009527161679	0.0006104474999	0.0004502167458
1	47	Surface	0.0004352687879	0.0002213780919	0.0001408712356	2.630163629e-06	6.778081918e-05	5.262872083e-06	0.0001795100492	0.0001055978719	0.0002207527398	0.0005169891296	0.0005816124684	0.0001150425252	0.0004170304589	5.676495137e-05	0.0004976271661	0.0009038260455	0.0006412026037	0.0007429257888	0.0006298563144	0.0004321332592
1	48	Deep	0.0001869717792	0.0001416444319	0.000107211215	1.075534649e-06	4.128521287e-05	1.987624608e-06	0.0001384088666	9.421912673e-05	0.0002764329048	0.0003565879104	0.0003256842004	0.000113480018	0.0003238500628	0.0001542963737	0.0004018578141	0.0007578649808	0.0005304698062	0.0009980236301	0.0006688729864	0.0005373066322
1	48	Surface	0.0001801113704	0.0001229319708	0.0001729208958	1.580945884e-06	7.195886562e-05	3.28499071e-06	0.0001858569548	0.0001781194386	0.0002246195983	0.0003920152543	0.000383223362	0.0006228968637	0.0003291035208	0.0001245492612	0.0005181056698	0.0007940803081	0.0006019289263	0.0009027753175	0.0007253643778	0.0004729287328
1	49	Deep	0.0001980383096	7.101255656e-05	0.0001557502806	3.082414686e-06	5.585483341e-05	9.715188843e-07	0.0001662295193	0.0001481581512	0.0002543645011	0.0004392103395	0.0005855520197	0.000378993638	0.0003366682841	0.0001017813389	0.0004706909962	0.000797352722	0.0005817770929	0.001086967681	0.0006842114653	0.0005124119919
1	49	Rhizosphere	0.0003603526759	0.0001996950584	0.0001222501496	9.610696351e-06	5.600126619e-05	2.165731059e-06	0.0001591751931	9.244388071e-05	0.0002471140025	0.0005071347017	0.0004514452379	0.000138975346	0.0004035051793	8.51561802e-05	0.0004651424338	0.0007990536393	0.0005508466775	0.0008915228925	0.0006046266419	0.0004774571442
1	49	Surface	0.0003058383353	0.0002118063923	0.0001115456215	8.233889083e-07	5.515788041e-05	3.045715226e-06	0.000144033399	8.756477079e-05	0.0002626655247	0.0004302209293	0.0003832400901	0.0001440969606	0.000310922045	0.0001362346127	0.0003792400019	0.0007892547207	0.0005696583117	0.0008350429051	0.0006338952374	0.0004663789712
1	50	Deep	0.0003015180577	0.0001715552969	0.0001498238734	1.316073034e-06	6.654837623e-05	2.904009442e-06	0.0001386861205	9.512322963e-05	0.0002415281144	0.0004634487638	0.0004656429226	0.0001654880446	0.0003797534286	9.80807194e-05	0.0004739365643	0.0008184675213	0.0006028152157	0.0008852210809	0.0006811036668	0.000461846025
1	50	Rhizosphere	0.0002805161192	0.0001691729845	0.0001166475315	8.583655298e-07	6.027825358e-05	2.388160468e-06	0.000115294571	8.552963241e-05	0.0002531308054	0.0003657160621	0.000350137688	0.0001743960353	0.0003189761535	0.0001698223649	0.0004107905879	0.000811966243	0.0005542434306	0.0009237089002	0.0006539344618	0.0005189837485
1	50	Surface	0.0003768293689	0.0002529959343	0.0001346477215	2.109931343e-06	7.113797982e-05	3.357835525e-06	0.0001565342635	9.411918419e-05	0.0002566972475	0.0004982914814	0.0004550732049	0.0001781577273	0.00040886355	8.824174516e-05	0.0004652537184	0.0008321648989	0.0005820931963	0.0008383853178	0.0006020820249	0.0004490687062
1	51	Deep	0.0002386282747	0.000174419325	0.0001166652399	2.548708801e-06	6.311045004e-05	2.27249766e-06	0.000123074277	9.108474253e-05	0.0002301598641	0.0003473057952	0.0003536812082	0.0003082388912	0.000273125871	0.0001890783716	0.0003813825555	0.000802907582	0.0005436273845	0.0009266902811	0.000640268494	0.0005194897914
1	51	Rhizosphere	8.951962645e-05	3.188781434e-05	0.0001096961223	1.988743851e-07	1.219127917e-05	4.053181108e-07	0.0001099508342	0.0001279116255	0.0002776917714	0.0002484766363	0.0002993915991	0.000772855932	0.0002292847402	0.0002105061438	0.0004312209526	0.0006220250852	0.0005188066123	0.001196097314	0.0007050122595	0.0005787882471
1	51	Surface	0.0002569538631	0.0001181284081	9.212259557e-05	4.120583685e-07	3.319539505e-05	4.160882961e-06	0.0001031141881	9.293166338e-05	0.0002682164111	0.0003909418112	0.0003325497122	0.0001043105963	0.000318010993	0.0001513440479	0.0003528422093	0.0007821476036	0.0005473949496	0.001021066085	0.0006424862996	0.0004897455974
1	52	Deep	0.0001120286953	4.741218667e-05	0.0001048486655	6.992582605e-07	1.867930662e-05	1.704039172e-07	9.120171836e-05	9.949331308e-05	0.0002491714347	0.0002565943951	0.0002531723381	0.0007610589807	0.0002668121097	0.000248884638	0.0003687027725	0.0006153505012	0.0005206300632	0.001184974949	0.000720780411	0.0005559096109
1	53	Deep	0.0006249665701	0.000206007279	8.13143394e-05	4.174137881e-07	5.276083719e-05	7.855523583e-07	0.0001248764656	0.0001103466993	0.0002167370449	0.0004156853035	0.0003066121871	0.0002655552906	0.000359126177	0.0001613785587	0.000362795382	0.0007594995216	0.0005743788405	0.0007641589376	0.0006305898541	0.0004706045415
1	53	Rhizosphere	0.0003661432225	0.0002223146434	7.786079832e-05	1.365701858e-06	5.723133167e-05	7.662870897e-07	0.0001186362452	0.0001172263336	0.0001962056117	0.0003807318815	0.0002655659359	0.0001984497847	0.0003810988221	9.483914791e-05	0.0004681909633	0.000812083	0.0005448483123	0.0008409873704	0.000634536132	0.0005303823843
1	53	Surface	0.0001490529993	7.69129665e-05	1.341119892e-05	1.533118413e-11	2.450089072e-06	2.018892799e-08	2.525622596e-05	5.72663059e-05	0.0002801126396	7.359965145e-05	3.396453426e-05	0.0001099371451	0.0001649119366	0.0003585913227	0.0002220103768	0.000614673004	0.0004446364453	0.0009950219784	0.0008539282541	0.0006022354087
1	54	Deep	0.0004465550344	0.0002313466037	0.000155333414	2.046740219e-05	6.72317765e-05	1.946133601e-06	0.0001501673616	0.0001121080786	0.000201566147	0.0003868341208	0.0003006499512	0.0004227488158	0.0003904525898	0.0001013553594	0.0004423011605	0.0008147682332	0.000575429837	0.0008005945531	0.0006184544799	0.0004570060857
1	54	Rhizosphere	0.0004895052115	0.0001497340039	0.0002064234733	8.077530995e-05	4.995523217e-05	1.731499325e-06	0.0001813960075	0.0001411175042	0.0002420122255	0.0003335391614	0.0002182228648	0.0004232713013	0.0003399732808	0.0001139383218	0.0004608093816	0.0007359580258	0.0005550399006	0.0008114810472	0.0006013557081	0.0004476449802
1	54	Surface	0.0005233878639	0.0001251812901	0.0001301721579	5.784926679e-05	3.039577146e-05	7.556024962e-07	0.0001198225878	7.981230601e-05	0.0002950465317	0.0004497070479	0.0003355973705	0.0003390438719	0.0003961988434	0.0001010068565	0.0004466973806	0.0007206387522	0.0005506178141	0.0008998494972	0.0006499314105	0.0005334888569
1	55	Deep	3.610228825e-05	4.927081105e-05	0.0001044670177	4.757202136e-06	9.744109887e-06	9.01611936e-08	7.524255764e-05	8.669891076e-05	0.0002304964381	0.0002856675891	0.0002712350566	0.000869239042	0.0002797427742	0.0002153668635	0.0004127894318	0.0005989977089	0.0005363858476	0.0009726112008	0.0007349152623	0.0006118841829
1	55	Rhizosphere	3.024346709e-05	1.4280357e-05	7.386772679e-05	3.73754706e-06	6.300728061e-06	1.809714946e-07	0.0001616046319	0.0001811584576	0.0002340730138	0.000198621477	0.0004653272543	0.0006619066722	0.000201224077	0.0002298157127	0.000336565517	0.0007259078083	0.0005397424511	0.001374841428	0.0007238119424	0.0006504853479
1	55	Surface	1.658761642e-05	2.496828338e-05	5.407389692e-05	3.015149615e-06	4.992985177e-06	3.712813658e-08	8.644619548e-05	0.0001388059787	0.0002269377978	0.0001485806741	0.0002451133367	0.0005065569524	0.0002464293904	0.0003247465086	0.0003109832196	0.0006500721417	0.0005446984802	0.001445196324	0.0006568132428	0.0006535157382
1	56	Deep	0.0004119405049	7.753240257e-05	0.0001203214943	3.223827665e-06	2.194552819e-05	2.809727354e-07	0.0001159579398	8.808506272e-05	0.0002535586947	0.000406936187	0.000381643077	0.0005872039225	0.0003192357584	0.0001771080463	0.000362445048	0.0006641532099	0.0005423814268	0.0009775381385	0.0006924321038	0.0005102756167
1	56	Surface	0.0006666506837	0.0001238025016	0.0001348781059	6.038809783e-07	3.375874384e-05	1.876073894e-06	0.0001182322022	9.626433199e-05	0.0002969628494	0.0004409555364	0.0003439351845	0.0001485855338	0.0003851276833	0.000147729071	0.0003149765397	0.0006980161517	0.0004872119836	0.0009606342084	0.0006045060063	0.0004706903674
1	57	Deep	0.0005264374821	0.0001895486871	0.0001445388417	2.847335457e-06	6.597117111e-05	5.657804905e-07	0.0001817742373	0.0001090220536	0.0002032180615	0.0005414788844	0.0004800611615	0.0003198279823	0.0003741300572	0.0001228537539	0.0004084007048	0.0008172708257	0.0005921244042	0.0007345437232	0.0006099196659	0.0004323440083
1	57	Rhizosphere	0.0001007918781	6.156535133e-05	9.457988112e-05	6.117211988e-07	2.02945475e-05	1.059266731e-06	7.390212616e-05	6.044524632e-05	0.0002148399136	0.0002457306574	0.0002199014669	0.0007162523738	0.0002226673836	0.0002975738655	0.0003338515031	0.0006170745734	0.0005055111987	0.001062875881	0.0007937752957	0.0004962843882
1	57	Surface	0.0009853145974	0.0001127310328	0.000151000434	1.586441742e-11	2.576650791e-05	8.230551207e-06	0.0001057612676	9.653291642e-05	0.000265172215	0.0005814176637	0.0004135004915	0.0002181461801	0.0004389698693	0.0001239180574	0.0003155157239	0.0006564042186	0.0004807925072	0.0008212365625	0.0006136084608	0.0004717433967
1	58	Rhizosphere	0.0002643818937	9.11095948e-05	5.974474228e-05	4.436566083e-06	3.28587005e-05	3.787095536e-07	0.000120093359	9.487395474e-05	0.0001746032641	0.0002638442277	0.0002218122015	0.000747976641	0.0003320207144	0.0002250730928	0.0003401724378	0.000722314341	0.0005263979878	0.0009910055125	0.0007105847069	0.0004800126757
1	58	Surface	0.0004826486571	0.0001091755438	8.505077535e-05	3.710822844e-07	4.228379139e-05	3.01763393e-06	8.538574102e-05	7.31973291e-05	0.0002655632604	0.0004011799748	0.0003411327738	0.0003581865054	0.000347046325	0.0002041566099	0.0002910806618	0.0007186476613	0.0005125625509	0.001000161333	0.0006251840504	0.0004888168805
1	59	Rhizosphere	0.0005761816043	7.571472155e-05	0.0001314248025	5.183802608e-06	3.360317645e-05	2.064666722e-15	0.0001680248185	9.68592044e-05	0.000246567214	0.0005092588481	0.0003495083768	0.0002341044585	0.0003893373458	0.0001009949085	0.0003614801878	0.0007155605903	0.000582277322	0.0008988731327	0.0006052708611	0.0004099656075
1	60	Deep	0.000403784603	0.0002182999079	0.0002380258228	2.375583133e-06	9.39730219e-05	1.767692393e-06	0.0001311655338	6.705261847e-05	0.0002297632002	0.0004452152664	0.0004886921967	0.0001606115999	0.0003856884859	0.0001644783909	0.0003477482517	0.0007440440405	0.0005426337266	0.0007752819314	0.0006284192941	0.0003819159463
1	60	Surface	0.0002621603496	0.0002643196009	0.000251454395	2.535407224e-06	0.0001154708814	1.376596567e-06	0.0001562947737	5.959099627e-05	0.0002435389209	0.0005881576875	0.0005899125293	0.0001244700496	0.0004204065026	0.0001317309063	0.0004057935983	0.0007355177092	0.0005082109745	0.0007990815874	0.0005629119834	0.0003695853076
2	1	Deep	0.0002302841766	8.619067003e-05	9.017957457e-05	2.959241757e-07	4.528965116e-05	5.920374514e-06	8.024514311e-05	6.976815205e-05	0.0002771360947	0.0002426364303	0.0002243908853	6.987728484e-05	0.0002405878584	0.000311791022	0.0002548389575	0.0006054525861	0.0005510847762	0.001124234917	0.0007428090847	0.0004926594556
2	1	Rhizosphere	0.0005734236831	0.0001215919322	0.00011087651	3.043867163e-06	3.391572567e-05	1.275879217e-06	0.0001548339821	8.465469218e-05	0.0002235434983	0.0006712820423	0.0005891965223	0.0001375235878	0.000536403313	2.01137472e-05	0.0005084990915	0.0007807104187	0.0005723481145	0.0008554105777	0.0005838726034	0.000392203877
2	2	Deep	0.0003008573348	6.509100621e-05	0.0001813978449	3.826391533e-10	5.263820244e-05	3.84243971e-07	0.0001973136453	9.838370193e-05	0.0002977270844	0.0006448739637	0.0006159367616	8.815075223e-05	0.0004944991788	7.185870638e-06	0.0004833092727	0.000773749642	0.0006276223093	0.000990578734	0.0006506433518	0.000375303292
2	2	Rhizosphere	0.0002529779671	7.838680241e-05	9.874253046e-05	3.251112915e-07	2.647858197e-05	8.941778855e-07	0.0001354662918	8.189177454e-05	0.0003107199839	0.0004709037955	0.000506975411	0.0001923233394	0.0003280020402	6.52452707e-05	0.0003855941361	0.0007771282306	0.0005440889169	0.00103250205	0.000630031423	0.0004686537639
2	3	Deep	0.0004505351517	8.556029279e-05	0.0001630026061	0	4.968213987e-05	6.316198204e-07	0.0001438269285	6.983547348e-05	0.0002928385806	0.0006245359371	0.0005217745567	0.0001357865245	0.0004432214756	9.523331721e-05	0.0003853020554	0.0006553266244	0.000618223337	0.0009828588289	0.000572167958	0.0003681565593
2	4	Rhizosphere	0.0005227394804	0.0001003637464	0.0001230831216	2.573040562e-06	3.55070429e-05	1.427741331e-06	0.0001459741915	8.628061131e-05	0.000265166177	0.0006386705113	0.000574247545	0.0001419021352	0.0004554337802	3.462891386e-05	0.0004311312293	0.0007256002861	0.0005736806593	0.0009086792423	0.0005992532447	0.0003780325389
2	4	Surface	0.0004930877751	0.0001355231284	0.0001438294618	1.565111321e-05	4.884975435e-05	5.448021378e-06	0.000133332511	9.995393763e-05	0.0002932482461	0.0005353324049	0.0004667254432	0.0001920002044	0.0004514948676	2.289242528e-05	0.0004374584232	0.0007719630223	0.0005517041923	0.0009208081211	0.0006243030828	0.0004345114993
2	5	Rhizosphere	0.0004738654355	0.0001608197228	0.0001925588386	3.025098936e-06	6.080945316e-05	2.115615544e-06	0.0001417297548	0.0001047071783	0.0002833151872	0.0006062305367	0.0005697791912	9.535919616e-05	0.0004561438309	2.738007618e-05	0.0004736989205	0.0008020020752	0.0006430767052	0.000834475929	0.0006738620903	0.0004095626719
2	5	Surface	0.0004344940398	0.0001526423876	0.0001396978532	3.009463954e-06	4.774479317e-05	2.455103573e-06	0.000164758643	0.0001027401192	0.0002823634786	0.0005911988366	0.0005766967609	0.0001496207309	0.0004601373988	4.169653478e-05	0.0004834378814	0.0008110745613	0.0006013466395	0.0009141674698	0.0006075987901	0.0004320457599
2	6	Deep	0.0003442692701	0.0001074408399	0.0001048508234	3.27480257e-06	3.252888417e-05	2.48955485e-06	0.0001299996658	9.32825125e-05	0.000307320384	0.0004657287267	0.0004460727345	0.0001716481644	0.0004472661796	8.871823111e-05	0.000452928024	0.0007563547676	0.0005597877459	0.0009883490343	0.0006441115057	0.0004731283241
2	6	Rhizosphere	0.0001766394806	7.707754571e-05	7.335678266e-05	1.495632761e-07	3.176114118e-05	2.380631178e-06	7.674645716e-05	7.161419949e-05	0.0002955318768	0.0002094784563	0.000180560056	0.0001077271286	0.0002424077543	0.0003208518856	0.0002535320682	0.000592312783	0.0005339373034	0.001160628443	0.0007481803971	0.0004946083737
2	6	Surface	0.0005534134841	0.0002603982989	0.000160252128	9.670621081e-08	4.335213716e-05	1.114809076e-05	8.070197748e-05	0.0001246594933	0.0003365083259	0.0006328302794	0.0004544952734	0.0001423206709	0.0004852660173	2.700487533e-05	0.0004064630205	0.0007379090474	0.0006189701496	0.0007906444997	0.000546480427	0.0003388433235
2	7	Deep	0.000489234658	0.0001989992017	0.0001420817299	6.304018357e-07	5.59849232e-05	2.964999777e-06	0.0001977153259	0.000104050469	0.0002641348101	0.0006151179134	0.0006281669573	0.000174513483	0.0004616293147	2.804573962e-05	0.0004813683809	0.0008471438859	0.0006412399058	0.0007842221318	0.0005984193557	0.0004166640224
2	7	Rhizosphere	0.0004818039685	0.0001892381545	0.0001349219561	2.481721415e-07	4.318508642e-05	6.183822397e-06	0.0001335670094	0.0001063436406	0.0003149636944	0.0005588340293	0.0004533143832	0.0002670997255	0.0004870018042	4.980255411e-05	0.0004190782186	0.0007949684142	0.0005850900935	0.0008783627556	0.0005924277556	0.0004313796741
2	8	Deep	0.0005186429503	0.0002602698984	0.0002061965997	4.893950778e-09	6.390173276e-05	1.491906951e-05	5.778855029e-05	5.548466104e-05	0.0004847080118	0.0006520115523	0.0004923041204	0.0001459489047	0.000438323544	1.287002073e-05	0.0003413707142	0.0006451761144	0.0005655900943	0.000969099456	0.0005721395819	0.0003552187565
2	8	Rhizosphere	0.0005399474174	0.0001968618351	0.0001543807484	4.106176758e-06	4.451001773e-05	1.24771255e-05	0.0001579135311	0.0001156482934	0.0003067190955	0.0006761994912	0.0005474444156	0.0002332041273	0.0004966452328	1.533774685e-05	0.0004462551212	0.0007913653846	0.0005706082463	0.0008833387149	0.0005651785743	0.0004359702215
2	8	Surface	0.0004620037849	0.0002241537182	0.0001642269545	1.703211289e-06	6.483641248e-05	4.55330941e-06	0.0002182196297	0.0001055231883	0.0002550629929	0.0005972427718	0.0006141239162	0.000141020513	0.0004855571117	1.815249768e-05	0.0005034785086	0.0008565567358	0.0006522647758	0.0007663058188	0.0006247274034	0.0004163929319
3	1	Deep	0.0003769911641	8.761680765e-05	9.181054268e-05	1.229113157e-06	3.346224956e-05	1.098958271e-06	0.00010120499	4.580834074e-05	0.0003403334434	0.0004679035219	0.0004488113364	8.392938889e-05	0.0004149358505	0.0001665382944	0.000299102748	0.0006478865586	0.0005638480606	0.001031731117	0.000675722002	0.0005369275322
3	1	Rhizosphere	0.0003586301543	8.844270056e-05	9.512300192e-05	2.544164635e-07	3.271031889e-05	2.053311452e-06	0.0001062196737	5.4761564e-05	0.0003224407258	0.0004833826512	0.0004115511964	0.0001648842563	0.000329246461	0.0001950339057	0.0003208620951	0.0006765941484	0.000606696738	0.001140361757	0.0006013060702	0.0004408336323
3	1	Surface	0.0006755028536	0.0001516149947	0.0001428928514	2.207943928e-06	5.888910134e-05	3.6237815e-06	0.0001448035169	6.658493019e-05	0.0002700686255	0.0007594261203	0.0006941752961	0.0001747103956	0.0004992134234	1.952157591e-05	0.0004767970138	0.0007437240005	0.0006164101798	0.0007775390083	0.0005427902794	0.0003682375721
3	2	Deep	0.0007395248031	0.0001885301707	0.0001457549659	2.17936475e-06	5.317555363e-05	3.250735505e-06	0.0001308384219	6.382400869e-05	0.0002287287658	0.0007222619756	0.0006358196965	0.0001988052547	0.0004798318781	1.573197344e-05	0.0004673404846	0.0008159048802	0.0006537050815	0.0006866222098	0.0005413099718	0.0003442182461
3	2	Rhizosphere	0.0003554347682	8.979632067e-05	7.932711594e-05	7.747830406e-07	4.203127157e-05	3.806109203e-06	0.0001210043471	6.617062978e-05	0.0002202726916	0.0004463966212	0.0003919759365	0.0001743017716	0.0003024407416	0.0002347513547	0.0003144438412	0.0007933441026	0.0006250492319	0.0007041701487	0.0006024103147	0.0003874269551
3	2	Surface	0.0006829931908	0.0001835387799	0.0001886997336	2.230799871e-06	6.873885392e-05	1.632307817e-06	0.0001443529675	7.526546091e-05	0.0002708656381	0.0006868253657	0.0006273330169	0.000118980282	0.0004744683673	1.955595457e-05	0.0004655574417	0.0007763519008	0.0006672287116	0.0007602738004	0.0005666014105	0.0003306499205
3	3	Deep	0.0004709513913	0.0001651266085	0.0001479866719	1.938634413e-06	5.53841517e-05	6.930907644e-06	0.0001908270278	9.708165982e-05	0.0002639311642	0.0006365084996	0.0006288900845	0.0001325944389	0.0004610982185	3.995838555e-05	0.0004715101175	0.0008188307206	0.0006440397302	0.0008217931277	0.0005757764513	0.0004024381705
3	3	Rhizosphere	0.000305212427	0.0001069100014	0.0001151028023	1.372816095e-06	3.611558332e-05	3.365213559e-06	0.0001419357259	8.143163039e-05	0.0003128388315	0.0004141247854	0.0004071373182	0.0001156195683	0.0003280815234	0.0001795454594	0.0003546511266	0.0007105964617	0.0006198936229	0.001074682697	0.0006415674663	0.0004500190941
3	3	Surface	0.0004737973532	0.0001593028643	0.0001409157364	1.594136676e-06	5.458175379e-05	4.210079468e-06	0.0001835218141	9.19700729e-05	0.0002747672247	0.0006364348749	0.0006185242525	0.0001476453879	0.00046896609	5.167799118e-05	0.0004587641477	0.0007740382781	0.0006226253325	0.0008582225004	0.0005747639161	0.0003992781
3	4	Deep	0.0007252073232	0.0001524435797	0.0001221329574	8.980889416e-06	3.858037278e-05	3.645669906e-06	0.000128005473	5.028522923e-05	0.0002750133199	0.0006738020055	0.0005300310421	0.000264505736	0.0004599192496	5.974312004e-05	0.0004257913863	0.000700848298	0.0005974096058	0.0008157121324	0.0005060645304	0.0003796905935
3	4	Rhizosphere	0.0005629967159	0.0001201654567	0.0001211050209	2.169008406e-06	3.922024641e-05	6.205954366e-06	0.0001410038366	7.030001394e-05	0.0002819310438	0.0006467824117	0.0004936828503	0.0002560558015	0.0003842627655	8.495198298e-05	0.0003665973987	0.0006900413497	0.0005957451659	0.0009155336734	0.0005319771912	0.0004219919613
3	4	Surface	0.0005275740353	0.0001574708523	8.901798004e-05	3.322984757e-06	3.110660052e-05	8.392844427e-06	0.0001344812938	7.023609617e-05	0.0003087568203	0.0005733579986	0.0004463291165	0.0004031546407	0.0004283268839	0.0001157559836	0.0003365454173	0.000663873059	0.0005353114066	0.0009642768485	0.0005663269606	0.000485688208
3	5	Deep	0.0007933346595	0.0001456484216	9.333484091e-05	3.752099383e-06	3.370298521e-05	1.94451579e-06	0.0001003332282	4.295270148e-05	0.0002302199669	0.0007662587134	0.000559095225	0.0002510598834	0.0004597965855	5.762271269e-06	0.0004997381558	0.0007472565642	0.0006219314742	0.0006622539387	0.0005134161255	0.0003442659814
3	5	Rhizosphere	0.0005543934125	8.398828722e-05	0.0002283918136	1.445382681e-06	7.59293463e-05	7.205066216e-07	0.0001508362439	7.713554113e-05	0.0003151580838	0.0007560140725	0.0006313318874	8.710200796e-05	0.0004915837266	4.128206498e-05	0.0004198279702	0.0006703846572	0.0006879462291	0.0009391316205	0.0005939742293	0.0003053901029
3	5	Surface	0.0006198392117	0.0001456929019	0.0001896899661	7.74822617e-06	6.550160921e-05	1.349233179e-06	0.0002034944554	8.254036101e-05	0.0002855168494	0.0007555037165	0.0006839141476	0.0001241792222	0.0005624042086	7.732509713e-06	0.0004969707192	0.0007124396849	0.0006457887424	0.0008731955357	0.0005430123514	0.0003388065812
3	6	Deep	0.0005153748789	0.0001427656432	0.0001612760494	1.709653113e-06	5.274596826e-05	2.943700135e-06	0.000190367446	9.756959167e-05	0.0002574313315	0.000674532617	0.000627102947	0.0001141132047	0.0004988388228	2.170518743e-05	0.0004873520523	0.0007802019415	0.00062769827	0.0008724838484	0.0005955072183	0.0004023669036
3	6	Rhizosphere	0.0004573039961	0.0001504227018	0.0001326267744	3.35893341e-06	6.002043478e-05	7.568465241e-06	0.0001525067264	9.79098834e-05	0.0002617423151	0.0005824919217	0.0005073854423	0.0001999867803	0.0004260343521	7.149191344e-05	0.0004377966658	0.0007771228911	0.0006241731838	0.0008935238735	0.0006688211746	0.0004293992456
3	6	Surface	0.0005717138696	0.0001538285521	0.0001445562893	6.722569964e-07	5.01453805e-05	2.608037219e-06	0.0001846108409	8.34213512e-05	0.0002719598696	0.0007055096845	0.0006743068177	0.0001621247129	0.000494464703	2.639233069e-05	0.0004693409134	0.000765968633	0.0006101551923	0.0008405504709	0.0005542113447	0.0003700411975
3	7	Deep	0.0004441605164	0.0001493736828	0.0001312470749	1.790267579e-06	4.459984981e-05	5.406559981e-06	0.0001619829622	8.228641609e-05	0.0002637278418	0.000623063434	0.0005342141811	0.0001330500016	0.0004412238429	5.401690026e-05	0.0004406865919	0.0007497215636	0.0005734904298	0.0009201082331	0.0005498396345	0.0004263155766
3	7	Rhizosphere	0.0003620676232	0.000138584152	9.31278462e-05	6.54562506e-07	3.848503398e-05	3.22042522e-06	0.0001092396703	8.331780777e-05	0.0002755650313	0.0004467398302	0.0003737125903	0.0001429675452	0.0003967761304	0.0001180452026	0.0003715467178	0.0007841790582	0.0005432803597	0.0009956322252	0.0005795683095	0.0004640376279
3	7	Surface	0.0004363643166	0.0001424695721	0.0001406238497	2.924012936e-06	4.467997182e-05	3.571861134e-06	0.0001665353627	8.547404671e-05	0.0002696276172	0.0006507998957	0.0005672937934	0.0001119842764	0.0004344865024	4.258416013e-05	0.0004577752552	0.0007621079299	0.000571208295	0.0009416747743	0.0005414735532	0.0004119046408
3	8	Deep	0.0004620393973	0.0001756875919	0.0001194302132	1.056323387e-06	4.049549075e-05	3.510545091e-06	0.0001438107697	7.979010156e-05	0.0002921363708	0.0005439255087	0.0004627607973	0.0001690094149	0.0003915855861	0.0001050202715	0.00038949968	0.000718563123	0.0005615456017	0.0009406582411	0.000547884043	0.0004441077768
3	8	Rhizosphere	0.0004713303445	0.0001512799307	0.0001376153756	2.890385069e-06	5.260322908e-05	5.392465886e-06	0.0001489391153	8.77975852e-05	0.000305275652	0.0006223153781	0.0005259040132	0.000235066782	0.000475824671	4.919094635e-05	0.0004360874656	0.000751097632	0.0005996014513	0.0009607722639	0.0005964964456	0.0004522792897
3	8	Surface	0.0005862753271	0.0002351788535	0.0001154679501	1.138760451e-06	6.173987323e-05	7.155374462e-06	0.0001377460716	8.699758235e-05	0.0002769424496	0.0005962500386	0.0004762634424	0.0002494382444	0.000470750853	7.380113171e-05	0.000435322468	0.0007662445635	0.0005845507113	0.0007962166076	0.0005667472889	0.0004390412864
3	9	Deep	0.0003947190935	0.0002022306211	0.0001160960965	1.146787531e-06	4.881706989e-05	3.846954236e-06	0.0001127170419	6.203389855e-05	0.0003020899915	0.0004901875398	0.0003835093286	0.0001825894809	0.0003357358487	0.0001488103011	0.0003661394762	0.0007180898179	0.0005703692663	0.0009852358341	0.0005414440739	0.0004234030898
3	9	Rhizosphere	0.0001709541357	7.711254589e-05	3.301087138e-05	7.275485448e-08	3.764568507e-05	2.120814398e-06	8.078908784e-05	4.301342209e-05	0.0003178187667	0.0001440576894	8.899873668e-05	0.0001758643978	0.0001543053599	0.0003567470296	0.0001647621917	0.0005664270919	0.0005669473085	0.001229631719	0.0007126311077	0.0005322846715
3	9	Surface	0.0003528523444	0.000209185487	0.0001273252205	1.065540281e-06	5.236288143e-05	2.954776081e-06	0.0001095420116	6.409671039e-05	0.0003014443989	0.0004820521456	0.000359274557	0.0001647614443	0.000341788319	0.0001455380445	0.0003701253302	0.0007265156727	0.0005678176414	0.0009963106304	0.0005438500742	0.0004167769294
3	10	Deep	0.0002794620643	0.0001815839547	0.0001221506097	1.243876488e-06	4.027181323e-05	2.501358704e-06	0.0001101098318	6.454094974e-05	0.0003114670614	0.0004188910065	0.0003182265912	0.0001296907542	0.0003392854599	0.0001550124355	0.0003419938297	0.0007096698942	0.0005508044419	0.001060784432	0.0005490195954	0.0004425921829
3	10	Rhizosphere	0.0001150422796	5.330124788e-05	3.507714934e-05	1.274748092e-07	1.170543228e-05	8.174009795e-07	6.973537263e-05	6.880449002e-05	0.0002913057294	0.0001791925993	0.000156889414	0.0001064750045	0.0003159837302	0.0002288688423	0.00026192215	0.0007052606131	0.0005066542159	0.001206781566	0.0006300827023	0.0004928433744
3	10	Surface	0.0003324059114	0.0001809862228	0.0001275439445	1.490211314e-06	4.547864695e-05	2.217816235e-06	0.0001200568766	7.006033745e-05	0.000284456094	0.0004905530618	0.0003860874459	0.000142742924	0.0004066831555	0.0001008714814	0.0003970222864	0.0007463153672	0.0005508139867	0.0009864421428	0.0005383136446	0.0004124715344
3	11	Deep	0.0005280159856	0.0001602227489	0.0001408562005	1.877515191e-06	4.747476918e-05	4.152677891e-06	0.0001803094013	9.269944175e-05	0.0002594298882	0.0006430789958	0.0006148919208	0.0001133710733	0.0004519323323	5.014494477e-05	0.0004617751488	0.0007738840457	0.0005968410354	0.0008702279276	0.0005549925654	0.0003944333499
3	11	Rhizosphere	0.000337651344	0.0001196744198	0.000128455582	1.951609179e-06	3.780639094e-05	2.245969012e-06	0.0001544885389	8.37260808e-05	0.0002801372028	0.0005038582552	0.0004702190862	0.000109960668	0.0003970524203	0.0001136458058	0.0004107094473	0.0007237505832	0.0005655276697	0.0009923199652	0.0005908196621	0.0004501871434
3	11	Surface	0.0004317839456	0.0001457180764	0.0001225410131	1.747394222e-06	4.387500162e-05	1.010198061e-05	0.0001923065114	9.673095149e-05	0.0002919578135	0.0004916953208	0.0004709783715	0.0002500556169	0.0003802119305	4.700740366e-05	0.0005015424282	0.0007147523852	0.0005408642267	0.0008811532061	0.0005924298645	0.0004242486093
3	12	Deep	0.0005299295895	0.0002028329848	0.0001225004708	2.353561654e-06	6.47446966e-05	4.957172612e-06	0.0001375697007	8.954844025e-05	0.0002154383308	0.0005579443447	0.0005331760526	0.0001628410328	0.0004307478416	6.611310198e-05	0.0004652128145	0.0008711969232	0.0006547566233	0.0007011759496	0.0005685447018	0.0003670146101
3	12	Rhizosphere	0.0002836084923	8.131852611e-05	0.0001299570168	8.205384137e-07	4.260371554e-05	1.837743436e-06	0.0001319907558	9.389413436e-05	0.000276379815	0.0004734180973	0.0004413496884	7.502349293e-05	0.000414805737	9.921099951e-05	0.0004196044835	0.000772551756	0.000594674048	0.001066642166	0.0006208001039	0.000442376102
3	12	Surface	0.000477470711	0.0001681150584	0.0001537125696	1.65590291e-06	5.016337989e-05	3.44903447e-06	0.0001906759007	9.891480673e-05	0.0002551938786	0.0006344648891	0.0006203909434	0.0001129832548	0.0004692140971	3.764979296e-05	0.0004833048847	0.0007853501497	0.0006037975748	0.0008553854418	0.0005782345526	0.0003959820152
3	13	Deep	0.0004767750343	0.0002072091531	0.0001070448238	1.327319971e-06	4.839075424e-05	2.585940637e-06	0.000166422767	6.844722938e-05	0.0002993876621	0.0006079646587	0.0005363413651	0.0004841812771	0.0005416374813	5.358353252e-05	0.0004272138044	0.0007508393176	0.0006519224927	0.0009370820711	0.0005371365923	0.0004718952342
3	13	Rhizosphere	0.0005398281794	0.0001759027492	0.0001054852721	1.897781374e-06	4.132748461e-05	2.448352056e-06	0.0001314930301	6.219912788e-05	0.0002614870081	0.0006283769968	0.0004738680701	0.0005191913024	0.0005575445799	4.220178272e-05	0.0004046340875	0.0007209292427	0.0006042646923	0.0009963625554	0.0005981054735	0.000480610481
3	13	Surface	0.0004848581356	0.0001489307436	0.000141721498	1.676968184e-06	4.141711274e-05	4.479917562e-06	0.0001777893818	8.607872737e-05	0.0002692317725	0.00064897091	0.0005964108772	0.0001158405132	0.000481620606	3.988118178e-05	0.0004702792296	0.0007416428303	0.0005770327638	0.0009072876891	0.0005437880234	0.0003984235434
3	14	Deep	0.0003454917714	0.0002168669404	8.712320593e-05	1.206509872e-06	5.356114753e-05	3.538924087e-06	0.0001162703631	7.456085427e-05	0.0003462095158	0.0005831615294	0.0003896588029	0.0003471549321	0.0004730853388	9.083917038e-05	0.0004366645284	0.000781044323	0.0005558334161	0.001022949131	0.0005518852066	0.000516972528
3	14	Rhizosphere	0.0006590180566	8.5148711e-05	5.121167391e-05	6.195498847e-07	1.341239279e-05	8.813774554e-07	5.495653525e-05	2.642211275e-05	0.0002901466869	0.0005255381013	0.0002767635531	0.0009547912886	0.0004873669268	6.386185649e-05	0.0003042110279	0.0006207980268	0.0004574313237	0.001183186627	0.0005591011303	0.0004488075939
3	14	Surface	0.0003080078614	0.0001765065389	9.388185031e-05	1.74153419e-06	4.973072978e-05	3.426078927e-06	0.0001157244366	8.383006418e-05	0.0002639210777	0.0004668083934	0.0003785586204	0.0001729733653	0.0003836727934	0.0001195401764	0.0004030631324	0.0007709968919	0.0005521826619	0.0009956849985	0.0005755646757	0.0004926596628
3	15	Deep	0.0003412352765	0.0001348823365	0.0001210642632	4.557589204e-06	4.250789998e-05	4.544286128e-06	0.0001335723554	0.0001069911868	0.0002894679659	0.0004854297406	0.0004219481795	0.0002117361358	0.000390636339	8.102317574e-05	0.0004311084977	0.0007888613397	0.0005491658857	0.001015342134	0.0005907140191	0.0004381522829
3	15	Rhizosphere	0.0002387335	7.448234233e-05	7.806275008e-05	1.297183717e-06	3.068991636e-05	2.698413159e-06	9.429117886e-05	6.090651004e-05	0.0002222682326	0.0003866658632	0.0002936140234	0.0002501352772	0.0003260641226	0.0001757770777	0.0003467654152	0.000705016922	0.0005234104219	0.001053891983	0.0006472202142	0.0004870239316
3	15	Surface	0.0003460455313	0.0001079619949	0.0001375734806	3.106837082e-06	4.050644752e-05	2.760880138e-06	0.0001604746734	0.0001112657277	0.0002855169634	0.0005400007794	0.0004895558378	0.0001384924281	0.0004215050521	6.433686869e-05	0.0004306921316	0.0007610405032	0.0005615850813	0.001046138128	0.0005875139704	0.0004313004385
3	16	Deep	0.0005364895014	0.000236939259	8.0899459e-05	1.238301926e-06	5.123948366e-05	1.662822925e-06	0.000141805517	8.897663194e-05	0.0003094575803	0.0006236256773	0.0004640072269	0.0003660926605	0.0005125856861	4.594870791e-05	0.0004562993218	0.0007740113552	0.0006015267678	0.0008786642324	0.0005543798028	0.0004806668405
3	16	Rhizosphere	0.0005107224212	0.0001858883269	0.0001063349721	1.019891523e-06	4.620768838e-05	1.782776098e-06	0.0001586824048	9.408938516e-05	0.0002816486183	0.0006361837274	0.0005028901005	0.0002773700764	0.0005012056498	3.077068651e-05	0.0004751178032	0.0007987434217	0.0005838086776	0.0009406638519	0.0005581562737	0.0004678886893
3	16	Surface	0.0004326341284	0.0001634339792	0.0001296554428	1.435354164e-06	5.022698095e-05	1.924422004e-06	0.0001785787283	0.0001037397531	0.0002498362732	0.0005978044532	0.0005641867612	0.0001294149643	0.000459388843	4.558533587e-05	0.0004759071486	0.0007932078567	0.0005909745423	0.0008903058111	0.0005951401751	0.000443768773
3	17	Deep	0.0003648743718	0.0001813150763	0.0001157423649	5.419153855e-07	4.590197748e-05	3.434178917e-06	0.0001266735673	9.016663281e-05	0.0002956655599	0.0005149415717	0.0004744706103	0.0002741913512	0.0004019874942	7.525635263e-05	0.0004301228996	0.0008327262491	0.0005506973337	0.0008681155777	0.0005927521224	0.0004931252334
3	17	Rhizosphere	0.0003898465501	0.0001141949735	0.0001150327421	3.221897029e-07	4.107806428e-05	3.39691588e-06	0.00010996741	9.960963114e-05	0.0002927399545	0.0004942939845	0.0003963425623	0.0002074927993	0.0004522547104	6.358298605e-05	0.000464523719	0.0008054474347	0.000532755229	0.001023369059	0.0006347651925	0.0005513953023
3	17	Surface	0.0004974750066	0.0002246125314	0.0001181664678	1.687575838e-06	5.733375437e-05	4.352824937e-06	0.0001513705338	0.0001001739008	0.0002509053038	0.0005791993087	0.0005101676731	0.0001925497502	0.0004340253127	4.640393682e-05	0.0004679757719	0.0008689996867	0.0006107531801	0.0007946856946	0.0005686757436	0.0004337516826
3	18	Deep	0.0004066476624	0.000194152524	0.00013213911	1.191342766e-06	5.697013046e-05	2.031450234e-06	0.0001662139922	9.91728956e-05	0.000248278365	0.0006017456237	0.0005192945203	0.0001269739607	0.0004542237114	3.767168269e-05	0.0004941789079	0.0008312844345	0.0005936055025	0.0008546714815	0.0005764368035	0.0004393663445
3	18	Rhizosphere	7.768067539e-05	3.126699404e-05	1.701998881e-05	3.901875027e-07	7.497587715e-06	5.250008477e-07	2.690524637e-05	1.820601542e-05	0.0001112587679	9.299180835e-05	8.522456121e-05	3.320976977e-05	8.800208979e-05	0.0003518770783	0.0001475392779	0.0005691758598	0.0005308510051	0.001211180731	0.0005839339288	0.0005138139225
3	18	Surface	0.0003427497987	0.0001856216763	0.0001195265319	3.278169917e-06	5.11356496e-05	1.047033047e-06	0.0001543256244	8.930104581e-05	0.0002422154916	0.0005446360895	0.0004558639799	0.000118557422	0.0004403571745	7.316730073e-05	0.0004462209545	0.0007835794688	0.0005558206943	0.0008983137589	0.0005774088529	0.0004438339604
3	19	Deep	0.0003354154343	0.0001642963184	8.996748685e-05	6.014940283e-07	4.155339514e-05	9.277745451e-07	0.0001131122907	7.993734991e-05	0.0002759177646	0.00046091635	0.0003815969813	0.0001814185737	0.0004159696787	0.0001128375729	0.000386114035	0.0007811368491	0.0005400730446	0.0009705640751	0.0005810786475	0.0004854669428
3	19	Rhizosphere	0.0001876239481	7.546158158e-05	7.360840681e-05	1.180768582e-07	2.232202432e-05	1.893274778e-06	7.484678467e-05	7.224350026e-05	0.0002664130983	0.0002876093707	0.0002261435299	0.0001292266543	0.0003986483596	0.0001722482874	0.0003600171913	0.0007326349285	0.0004940256909	0.001089287628	0.0006420775157	0.0005388084442
3	19	Surface	0.0002696113454	0.0001404931822	7.952090962e-05	4.053568661e-07	3.593977181e-05	1.184551219e-06	0.0001012735261	8.088687481e-05	0.0002854653661	0.0004039217039	0.0003407903355	0.0001868693097	0.0003948176602	0.0001341237094	0.0003707351136	0.0007758527178	0.0005247140227	0.001029038682	0.0006017813817	0.0005051664874
3	20	Deep	0.000555510274	0.000192736655	0.0001044118081	1.415904629e-06	5.97017642e-05	4.309251498e-06	0.0001183344307	7.619483081e-05	0.0002153231162	0.000595969393	0.0005212650267	0.00017880412	0.0003910816617	8.281270916e-05	0.0004418910149	0.0008640671121	0.0006329863045	0.0007119865419	0.0005440194579	0.0003673805912
3	20	Rhizosphere	0.0005349908748	0.0002154383597	0.0001119962461	2.871335524e-05	5.349956341e-05	4.740211859e-06	0.0001545797319	9.398334925e-05	0.0002412578699	0.0005859175037	0.0005046612958	0.0001767516754	0.0004562537811	4.202081473e-05	0.0004763782475	0.0008308054199	0.0005805876647	0.000825389711	0.0005759016858	0.0004452851243
3	20	Surface	0.0005135347832	0.0001677608496	0.000135103386	1.37239693e-06	5.24313842e-05	2.775336869e-06	0.0001756483508	9.539410458e-05	0.0002752379119	0.0006417007867	0.0005957496054	0.000149702721	0.0004394597864	5.186269908e-05	0.0004725467526	0.0007775887738	0.0005976820577	0.0008983337036	0.000568770584	0.0004306039332
3	21	Deep	0.0005594401895	0.0002831198193	0.0001365434605	2.289495691e-06	6.861643028e-05	7.189292433e-06	0.0001556230001	8.83594294e-05	0.0002428197359	0.0006461231702	0.0005149076038	0.0001960454143	0.000446221297	2.958218698e-05	0.0004591078043	0.0009068331095	0.0006134041571	0.0007303111998	0.0005188724333	0.0003748107027
3	21	Rhizosphere	0.0005269957567	0.0001737217415	0.0001114558298	1.249543446e-05	5.024765795e-05	7.067181616e-06	0.0001342117935	6.367262186e-05	0.0002443063852	0.0007202616742	0.000492508488	0.0001189662091	0.0004504286125	9.234425335e-06	0.0004604306179	0.0008216586502	0.0005954099742	0.0008166856062	0.0005390737451	0.0004244304638
3	21	Surface	0.0006918352905	0.000110042982	9.375986311e-05	1.934280635e-06	2.471527108e-05	2.915842862e-06	0.0001105852573	5.16469818e-05	0.0002835677977	0.0008040439693	0.0005470500273	8.760331868e-05	0.0004616149165	3.08308232e-06	0.0004537390888	0.0007792255806	0.0005502837895	0.0008842376993	0.0005080184656	0.0004113910532
3	22	Deep	0.0009482661894	0.0001364310883	0.0001024684699	2.120289194e-06	3.156445351e-05	6.115489023e-07	0.0001170449135	4.435018501e-05	0.0002376738055	0.0008306024551	0.0006602825375	0.0002193190934	0.0004717749178	6.066099315e-06	0.000512486817	0.0007213885201	0.0006227631395	0.0006580114023	0.0004692849066	0.0003224221466
3	22	Rhizosphere	0.0006842076493	0.0001262661324	9.842205324e-05	1.708866392e-06	3.318814291e-05	1.039136425e-06	0.0001361121913	5.841985996e-05	0.0002824304435	0.0007801392747	0.0006280487593	0.0003071473575	0.0004199113497	4.639034235e-05	0.0004447856175	0.0007223736466	0.0006077929124	0.0008533679154	0.0005436315663	0.0003839367002
3	22	Surface	0.0005779211347	0.0001557962895	0.0001430912423	5.836701041e-06	5.393570939e-05	1.199150012e-06	0.0001759550058	7.153532435e-05	0.0002830860778	0.0007189461488	0.0006662054191	0.0001290855016	0.0004664243014	4.833230241e-05	0.0004400174037	0.0007263660545	0.0006280320478	0.0008550796101	0.0005693646844	0.0003933594071
3	23	Deep	0.0003912158447	0.0002084124178	0.0001098045249	1.49709434e-06	5.370870531e-05	4.738515453e-06	0.0001327204277	0.0001007886263	0.0002496843368	0.0004593683721	0.0004091321335	0.0001612743782	0.0003868252141	9.066528158e-05	0.0004413703249	0.0008593265942	0.0005920532296	0.0008041817654	0.000621657421	0.0004524417168
3	23	Rhizosphere	0.0003496247553	0.0001395111076	0.0001451426467	2.533339977e-06	5.665927019e-05	2.213380248e-06	0.0001390102162	0.0001033876001	0.00030501883	0.0004480952488	0.000456856834	0.0001810890261	0.0004096844093	8.332210534e-05	0.0004686520546	0.0008253737131	0.0006241695399	0.0009013041269	0.0006860183777	0.0004738524599
3	23	Surface	0.0005126650204	0.0002219394184	0.0001062208585	8.804806012e-07	5.553800457e-05	1.775089356e-06	0.000122439457	8.688391249e-05	0.0002508003447	0.0005680465929	0.000439298021	0.0002385075921	0.0004426362395	5.471631187e-05	0.0004514908124	0.0008422526674	0.0005914503891	0.0008190294296	0.0005524177986	0.000435540738
3	24	Deep	0.000399605724	0.0002404567967	0.0001695784177	2.962191235e-06	6.675760577e-05	2.252492818e-06	9.81924486e-05	7.082706298e-05	0.0002930903152	0.0006109358912	0.0004122204447	8.77119397e-05	0.0003680429732	5.809199968e-05	0.0004866522361	0.0008594728845	0.0005706133948	0.0008564373561	0.0005416213233	0.0003649214195
3	24	Rhizosphere	0.0003238012533	0.0001172153067	6.491411748e-05	1.496321429e-06	4.130793704e-05	9.380254341e-06	8.635984879e-05	7.187065096e-05	0.000245344971	0.0002878729906	0.0002405627472	0.0001215843066	0.0003151555776	0.0002357345611	0.0003023092342	0.0006835094221	0.0005381179596	0.000952719431	0.0006771169925	0.0004940472911
3	24	Surface	0.000271983427	0.0001157298809	9.327170866e-05	1.817652699e-06	3.086972999e-05	2.025640409e-06	9.835740644e-05	7.142890907e-05	0.0003025435477	0.0004008927672	0.0003201910762	8.298787452e-05	0.0003795583836	0.0001262854747	0.0003627233199	0.0007469358968	0.0005201641257	0.001081757662	0.0005640004505	0.0004351092294
3	25	Deep	0.0003799013343	0.0001190526729	0.0001111984157	1.179027822e-06	4.608537008e-05	7.932635408e-06	9.045864909e-05	8.172048895e-05	0.0002474511983	0.0004363412781	0.0003266607265	9.245993869e-05	0.000362890974	0.0001580097488	0.0003529511782	0.0007582801924	0.0005599938059	0.000955762037	0.0006514321737	0.000465958059
3	25	Rhizosphere	5.039469705e-05	3.316491256e-05	4.440417423e-05	6.683391661e-08	8.262637354e-06	1.674300631e-07	3.567658332e-05	0.0001169854491	0.0003166922053	0.0001395528973	0.000231573624	7.931048207e-05	0.0001592762361	0.0002642476248	0.0002339147601	0.0009434613252	0.0005684871722	0.001412290293	0.0006589704812	0.0005747796849
3	25	Surface	0.0001008698867	3.904814624e-05	4.701372753e-05	2.971408054e-07	1.354488971e-05	7.320444724e-07	5.833331612e-05	7.359163184e-05	0.0003605607839	0.0002151862659	0.0002064936924	6.580808493e-05	0.0002316396909	0.0002658653054	0.0002387859857	0.0007655800819	0.0005458877452	0.001484515141	0.0005970749488	0.0005219940152
3	26	Deep	0.0004189314181	0.0002193290397	9.855115788e-05	1.586857557e-06	6.158061454e-05	3.742926027e-06	0.0001107574964	8.42259167e-05	0.0002434144708	0.0004505036487	0.0003859321957	0.0001792030728	0.000357706121	0.0001351736058	0.0004066250808	0.0008162033966	0.0006196917437	0.0007648726074	0.0005858436388	0.0004204054491
3	26	Rhizosphere	0.0002704667325	0.0001198191935	0.0001163141016	2.990153737e-06	3.848887294e-05	5.455450345e-06	0.000139046406	8.812692066e-05	0.0002975633091	0.0004509568303	0.0004279724444	9.355990986e-05	0.0003744443642	0.0001434869335	0.0004022169414	0.0007465088735	0.0005763124806	0.001009640723	0.000685809402	0.0004667454329
3	26	Surface	0.0003196665033	0.0001866738924	0.0001385407603	1.454853061e-06	4.66664449e-05	1.570095306e-06	0.0001526716124	8.690906806e-05	0.0002667327097	0.0005529449431	0.0004407310768	0.0001067263552	0.0004422622068	5.190489914e-05	0.0004380030055	0.0007698368344	0.0005416997772	0.0009042213355	0.0005435352107	0.0004379028261
3	27	Deep	0.000491963949	0.000187641157	0.000103069907	2.12069993e-06	4.934605495e-05	6.687473532e-06	0.0001499052438	0.0001080814159	0.0002450080937	0.0004966305261	0.0004230810704	0.0002553169342	0.0003642119166	4.764405366e-05	0.0005098789372	0.0008168979779	0.0005854394598	0.0007807853827	0.0005921589441	0.0003985830401
3	27	Rhizosphere	4.044086263e-05	2.323491634e-05	3.790595064e-05	4.759390736e-08	1.021668497e-05	8.691533299e-08	3.417457231e-05	8.453832464e-05	0.000281267165	0.0003260117306	0.000333621115	6.232812458e-05	0.0002647914828	0.0001364231331	0.0002954647793	0.0008906307557	0.0005084462609	0.001186062306	0.0006624852805	0.0005479176877
3	27	Surface	0.0001326500748	6.567248723e-05	7.6738718e-05	4.880879508e-07	2.393496206e-05	7.622489638e-07	8.057357012e-05	0.0001159866427	0.0002468488035	0.0003272215154	0.0002785213258	6.792942857e-05	0.0003801633027	0.0001062049554	0.0003588496954	0.000933265385	0.0005287261022	0.001157417618	0.0006154799828	0.0005142033485
3	28	Deep	0.000468652776	0.0001976815989	0.0001027813007	1.442875986e-06	4.496482542e-05	4.1592712e-06	0.0001247148843	8.93318617e-05	0.0002798238628	0.0005194548348	0.0004694452152	0.0002748540741	0.0004534616844	7.883273179e-05	0.000432157377	0.000810958688	0.0006339634127	0.000877132575	0.0005855227918	0.0004714596078
3	28	Rhizosphere	0.0003031441827	6.983294426e-05	0.000100842208	5.623456009e-07	2.227922697e-05	1.408707574e-06	0.0001166371008	7.161005845e-05	0.0002672847942	0.0005174434431	0.0004769406015	0.0004520137841	0.0004109298268	5.630220821e-05	0.0004129584662	0.0007503309512	0.0005381688168	0.001111313965	0.0006361062784	0.0005127514329
3	28	Surface	0.0003260465181	0.0001450527673	0.0001206925588	1.200004479e-06	4.23860402e-05	2.160938607e-06	0.0001519627244	0.0001025330804	0.0002597052956	0.0004964342803	0.0004263447179	0.0001486051368	0.0004128181347	5.460012368e-05	0.0004420447935	0.0008028211264	0.0005542581025	0.0009255714456	0.0005936405306	0.0004649249152
3	29	Deep	0.0003181001016	0.0002005786791	0.0001066350006	1.408496377e-06	5.576518314e-05	3.572185934e-06	0.0001211541247	8.621880959e-05	0.0002468554496	0.0003959247094	0.0003422301983	0.0001328355869	0.0003070223664	0.0001615475011	0.0003720000294	0.0008021346932	0.0005943199819	0.0008920143562	0.0006093245115	0.0004460230412
3	29	Rhizosphere	5.344378914e-05	2.802646005e-05	1.903489898e-05	4.772778456e-09	7.592543297e-06	6.144649303e-08	3.836091085e-05	6.019729173e-05	0.0001886502062	0.0001823174628	7.186265944e-05	4.114567827e-05	0.0003927227092	0.0002144179939	0.0002831495728	0.0007600315632	0.0004628478107	0.001214622713	0.0006208844282	0.0004994964395
3	29	Surface	0.0001394988909	7.306767887e-05	5.127709178e-05	3.364214834e-07	1.846471544e-05	7.431123111e-07	7.321136179e-05	7.349970483e-05	0.0002667279705	0.0002489890684	0.0001745458644	7.156780116e-05	0.0003448260841	0.0002141303181	0.0003085289591	0.000738375751	0.0004998906501	0.001196060599	0.0006230092378	0.0004986084429
3	30	Deep	0.0002633529624	0.0001939192351	0.0001260284247	1.206352304e-06	4.814390864e-05	2.087109043e-06	0.0001276274669	8.671107318e-05	0.0002730096138	0.0004741225282	0.0003654707841	0.0001217616866	0.0003735083449	9.93793673e-05	0.0004056432804	0.0007809676233	0.0005234943363	0.0009402615817	0.0005744426711	0.0004621787514
3	30	Rhizosphere	0.0003591389456	0.0001641654946	0.00012443145	2.278418785e-06	4.795144864e-05	6.563756184e-06	0.000127331043	0.0001195316276	0.0002626752922	0.0004141440188	0.000393321547	0.000115832174	0.0003809397905	0.0001161615248	0.0004379748051	0.0008237010759	0.0005795538036	0.0008975355879	0.0006763429516	0.0004563208753
3	30	Surface	0.0002950705671	0.0001799160637	0.0001368494778	5.387917418e-06	4.966425484e-05	4.498035739e-06	0.000144795502	0.0001010544523	0.0002737352604	0.0004839448942	0.0003967354062	0.0001941185986	0.0003874961806	8.169210606e-05	0.0004379771099	0.0007542088676	0.0005305055037	0.0009166871215	0.0005986125015	0.0004562189634
3	31	Deep	0.0005188552626	0.0003130883196	4.791739223e-05	5.944615984e-07	6.369278583e-05	8.654950256e-07	0.0001104471719	5.68489742e-05	0.0003520239734	0.0007537143593	0.000470314919	0.0006098739762	0.0006085482575	3.754791663e-05	0.0004059662949	0.00078152282	0.0005664706822	0.0008630520619	0.0004728761875	0.0005176864731
3	31	Rhizosphere	0.0002778869832	9.776305359e-05	7.719944608e-05	7.482751436e-07	2.519568536e-05	1.470616557e-06	8.702643071e-05	0.000115999237	0.0002779872825	0.0003377349507	0.0003218591383	0.0002813872175	0.000373418251	0.0001165013918	0.000369242418	0.0008767810507	0.000526167623	0.001098603126	0.00064941802	0.0005854611046
3	31	Surface	0.0003770137077	0.000216353431	0.0001091683068	1.152496486e-06	5.063554466e-05	4.207374381e-06	0.0001244654391	9.194104349e-05	0.0002923293236	0.0004985703784	0.0003907018624	0.0002705746887	0.000415386365	8.752310868e-05	0.0004118217554	0.0008090684238	0.0005740834169	0.0008806581027	0.0005774038627	0.0004750737302
3	32	Deep	0.0004889988088	0.0002414893841	8.569312402e-05	3.731112037e-07	6.235798557e-05	2.312511698e-06	9.027656846e-05	6.67249179e-05	0.0002231367285	0.0005805790932	0.0004236454781	0.0001949970798	0.0003767128964	8.815033738e-05	0.0004057294212	0.0008400356381	0.0005897391108	0.0006907642462	0.0005408124357	0.000402807867
3	32	Rhizosphere	0.0006891761045	0.0001841455296	0.0001063099922	5.454472016e-06	4.104811707e-05	8.031436136e-06	0.0001213652771	8.148981308e-05	0.000276311166	0.0005667804699	0.0004359000748	0.0004879110331	0.0004461943557	4.23250713e-05	0.0003947879663	0.0007673547908	0.0005462555848	0.0008810434891	0.0005440314199	0.0004464162357
3	32	Surface	0.0004018849258	0.0002362167067	0.0001067797007	1.199654828e-06	6.324153419e-05	2.194264407e-06	0.0001074792631	6.973173966e-05	0.0002308235262	0.0005593615505	0.0004044403365	0.000164697607	0.0003900318579	8.018741356e-05	0.0004135012688	0.000822242972	0.0005477112799	0.0007574912139	0.0005446813645	0.0004141514866
3	33	Deep	0.0003440112984	0.0002235085554	7.286812094e-05	3.961011996e-07	7.737002339e-05	3.124753952e-06	8.452112045e-05	6.639917159e-05	0.0001901926779	0.0004344111997	0.0003560644733	0.0001776722954	0.0002809923834	0.0001952915028	0.0003668743828	0.0008611829228	0.0006032048646	0.0006770144379	0.0005989597047	0.0003781454277
3	33	Rhizosphere	0.0003447298685	0.0001147487266	9.879590607e-05	7.216968622e-07	3.611953873e-05	5.153475845e-06	0.0001177976598	9.595769775e-05	0.0002514796672	0.0004395691444	0.000327576847	0.0001955611253	0.0004525998751	0.0001055644445	0.00039996111	0.000788573803	0.0005297196635	0.0009861543106	0.0006538155066	0.0004942640097
3	33	Surface	0.0003290060008	0.0001906700879	0.000105853316	8.653308314e-07	5.124216833e-05	2.186960804e-06	0.0001147884044	7.811450004e-05	0.0002628274318	0.0005031083514	0.0003717480223	0.0002342589245	0.0004049968142	7.71121237e-05	0.0003953743788	0.0007919854677	0.0005234379962	0.0008539188408	0.0005415393571	0.0004307790681
3	34	Deep	0.0002640055809	0.0002157287477	0.0001545588187	1.002822365e-06	5.328444057e-05	3.8145046e-06	0.0001523659438	0.000100973168	0.0002706032713	0.0005200788696	0.0004034809565	9.868889193e-05	0.0004045550715	5.2289918e-05	0.0004515125515	0.0008135405208	0.0005338766326	0.0008913769593	0.0005734209736	0.0004557391014
3	34	Rhizosphere	0.0003115542338	0.0001753015236	0.0001301150804	5.609769375e-06	5.961803983e-05	1.02595014e-05	0.0001171935676	0.0001121761418	0.0002548877388	0.0004769619617	0.0003979813104	0.0001138827365	0.0003326634595	0.0001150635248	0.0004299489674	0.0008566401196	0.0005718622666	0.0009504891424	0.0006660326977	0.0004729383173
3	34	Surface	0.0002939199345	0.0002015426387	0.0001400064936	9.425431646e-07	4.77798981e-05	3.050405789e-06	0.0001375448173	9.535769208e-05	0.0002598406541	0.0005024008313	0.0003738113773	0.0001368235657	0.0004216698255	5.835491042e-05	0.0004332119768	0.0008137365789	0.0005249354698	0.0009124921137	0.0005702893129	0.0004485595502
3	35	Deep	0.0003626644493	0.0002016951666	9.457321745e-05	1.171838607e-06	6.243726345e-05	2.420340591e-06	0.0001016450122	6.926495125e-05	0.0002335431355	0.0003975448115	0.0003521128396	0.0001595054998	0.000280986031	0.0001863686718	0.0003602354214	0.0008136836598	0.0006077861945	0.0008160560601	0.0006111057627	0.000427292069
3	35	Rhizosphere	0.0004053076531	0.0001534212061	0.0001398883006	8.648310205e-07	5.511715007e-05	8.313759867e-06	0.0001229619519	7.860906526e-05	0.0002965465415	0.0005280085463	0.0004453989376	0.000368598421	0.0004471896964	8.919414106e-05	0.000413210335	0.0007341515797	0.0005665416498	0.0009732559771	0.0006432747238	0.0004995658872
3	35	Surface	0.0002125025279	0.0001630264623	0.0001420938201	1.089746102e-06	4.741244232e-05	2.611565459e-06	0.0001417304252	0.0001152165321	0.000289427823	0.0004201869543	0.0003897273929	7.062982123e-05	0.0003510418315	9.789895433e-05	0.0004178320895	0.0008196268066	0.0005386409324	0.00104100407	0.0006038017164	0.0004757930881
3	36	Deep	0.000356006822	0.0001773028601	0.0001360365186	1.940840213e-06	5.471688559e-05	3.019143278e-06	0.0001490643395	0.000103814401	0.0002545549941	0.0004835458859	0.0005149605506	0.0001067130908	0.0003833510331	8.533605577e-05	0.000462298951	0.0008651363254	0.0006081367653	0.0008769339359	0.0006280146602	0.0004495575012
3	36	Rhizosphere	0.0001729470032	8.330791257e-05	8.902701283e-05	3.802659267e-07	3.004149345e-05	1.262524293e-06	9.112924948e-05	8.639787456e-05	0.000271385551	0.0003561817411	0.000300683946	0.0001243295251	0.0003686824779	0.000141578423	0.0003545080717	0.000809540611	0.0005115224756	0.00109388104	0.0006503423524	0.0005175740399
3	36	Surface	0.0002248395306	0.0001620592851	0.000120764182	9.386223297e-07	4.085602838e-05	2.024697471e-06	0.0001062911524	8.23745666e-05	0.0002984430593	0.0004099900602	0.0003365215902	0.0001146215033	0.000333601025	0.0001475667411	0.0003654914888	0.0007772403139	0.0005331894385	0.001077198077	0.0005786818469	0.00045534615
3	37	Deep	0.0003919386079	0.000170869744	0.0001288533772	1.341421686e-06	5.875684261e-05	2.655526401e-06	0.0001389606489	8.108488718e-05	0.000258119243	0.0005021500265	0.0004991803606	9.100483764e-05	0.0004200937587	7.882846178e-05	0.0004584360407	0.0008224222983	0.0005937170051	0.0008386956337	0.0005939723338	0.0004247903272
3	37	Rhizosphere	0.0001481843545	5.976753757e-05	7.490040749e-05	3.52352591e-07	2.235626439e-05	7.032489179e-07	7.967594378e-05	9.056277302e-05	0.0003341333522	0.00026877994	0.000279674048	5.53666228e-05	0.0002568596264	0.0002162461405	0.0002929160222	0.0007840830973	0.0005403871096	0.001313740041	0.0006470423116	0.0005240591483
3	37	Surface	0.0003245422875	0.0002137226154	0.0001335976851	6.596889767e-07	5.607651016e-05	4.795945271e-06	0.0001408759462	8.845291758e-05	0.000281982951	0.0004964236592	0.0003953118699	0.0001695752443	0.0003956827646	8.636276456e-05	0.000429641872	0.0007857276546	0.0005478808753	0.0008941185118	0.0005754684614	0.000443712847
3	38	Deep	0.000367655226	0.0001655197374	5.832015105e-05	5.340193499e-07	5.728453616e-05	2.818179781e-06	8.425704841e-05	7.27603298e-05	0.0002067858773	0.0004505279016	0.0004038458548	0.0003439545377	0.0003422020267	0.0001119561637	0.0003616066982	0.0008068055705	0.0005633289112	0.0008584801385	0.0005625773159	0.0003997954779
3	38	Rhizosphere	0.0005051009877	0.0001707941025	9.768861026e-05	6.714233795e-07	5.114165071e-05	3.550717244e-06	0.0001172582803	8.022398799e-05	0.0002357534065	0.0005727104693	0.0004741284802	0.0003996037609	0.0004099664663	4.552651737e-05	0.0003858151247	0.0007686634415	0.0005338295815	0.0008505185557	0.0005506572387	0.0004298807717
3	38	Surface	0.0003150010259	0.0003010482804	0.0001649621309	9.014002583e-07	8.804217552e-05	2.576713344e-06	0.0001077165673	6.93710596e-05	0.0002414190324	0.0005612945877	0.0003691120303	0.0001718664736	0.000340415772	0.0001191353413	0.000422207002	0.0008431312913	0.0005470383065	0.0007552810198	0.0005620378546	0.0003693968393
3	39	Deep	0.0004006302196	0.000183682221	8.450296255e-05	1.110675776e-06	4.022388872e-05	7.436608461e-07	0.0001283525261	7.026063748e-05	0.0002546112299	0.0005665352658	0.000421062065	0.0003069872279	0.0003785691154	0.0001344062856	0.0003492972084	0.0007782732329	0.000546826486	0.0008436017713	0.0005857436384	0.000474536811
3	39	Rhizosphere	0.0003124702314	0.0001144214912	5.20878834e-05	2.836526698e-07	2.364542099e-05	6.981453098e-07	6.409943076e-05	5.399862226e-05	0.0003311512388	0.0003236720544	0.0002195170262	0.0003143556069	0.0003497394495	0.0002301983958	0.0002817917874	0.0006736302491	0.0004988937847	0.001173004634	0.0006336095316	0.0005035504318
3	39	Surface	0.0002703737466	0.0001343596982	8.213306073e-05	7.079895518e-07	3.322608917e-05	3.417842241e-06	9.157998561e-05	7.849563664e-05	0.0002765677415	0.0003556772829	0.0002542102498	0.0001683675506	0.0003326861107	0.0001947902847	0.0003202298118	0.0007493453938	0.0005116082235	0.0010694375	0.0006393536492	0.0004972608841
3	40	Deep	0.0003386613337	0.0002376479081	0.0001446632016	1.389133294e-06	5.673055388e-05	1.833621909e-06	0.0001215369349	7.788388198e-05	0.0002689869218	0.000501439035	0.0003663994657	0.0001475194167	0.0003924277168	0.0001068572263	0.0004026179872	0.0007631929325	0.0005251215702	0.0008893113516	0.0005718886122	0.0004320532335
3	40	Rhizosphere	0.0002706387757	0.0002200995643	0.000140590723	8.224558648e-07	5.285253311e-05	1.641109262e-06	0.0001210063001	7.93127641e-05	0.0002676107046	0.0004733056964	0.0003589692348	0.000122366918	0.0003747353742	0.0001050802013	0.0003990082648	0.0007699687448	0.0005159471555	0.0009018112124	0.0005618924207	0.0004436291541
3	40	Surface	0.0002823554995	0.0002339425529	0.000149539103	8.482379395e-07	5.49134736e-05	1.915704269e-06	0.0001220240745	7.787774453e-05	0.0002733165662	0.0004977931042	0.0003789722038	0.0001358043856	0.0003790280117	0.0001004601638	0.0004076466036	0.0007672118232	0.0005210704024	0.0008889947026	0.0005616906993	0.0004372345205
3	41	Deep	0.000602674686	0.0002863042154	9.586144465e-05	3.452523808e-07	5.337492351e-05	1.723586187e-06	0.0001408638851	9.962169115e-05	0.0002304012292	0.0007769070036	0.0004782923584	0.0005738617227	0.0003357101297	6.182764117e-05	0.0004372936552	0.0008330011895	0.0005539602592	0.0007313070021	0.00038607908	0.0003614402389
3	41	Rhizosphere	0.0005382895914	0.0001481404105	0.0001490324716	1.1210708e-06	3.07953794e-05	1.132689784e-05	0.0001608219336	0.0001147833509	0.0002420406164	0.0004787227737	0.0003104945645	0.0003574732654	0.0004040044052	0.0001326943081	0.0004084529621	0.0007176764761	0.0005702286272	0.0009113145085	0.0005911712717	0.000390701061
3	42	Deep	0.0003279637647	0.0001704319647	0.0001185767585	1.767141928e-06	5.037284347e-05	2.397489654e-06	0.0001330816981	8.345996682e-05	0.0002550351626	0.0004684144986	0.0004220621794	0.0001213793383	0.0003612178293	0.0001202119769	0.0004036788501	0.0007764291584	0.0005656258467	0.0009106610425	0.0005771696732	0.0004515696909
3	42	Rhizosphere	0.0002591534052	5.864097082e-05	7.35345405e-05	9.181695353e-07	2.283964819e-05	2.140057553e-06	9.165691769e-05	7.086248255e-05	0.000286876142	0.0004627999409	0.0004129363012	0.000216359859	0.0003357679012	0.0001251691386	0.000391907997	0.0007679010228	0.0005269080763	0.001082884334	0.000622142866	0.000537886326
3	42	Surface	0.0002379316474	0.0001335621796	0.0001176346356	4.784034029e-06	2.916394165e-05	1.116972414e-06	0.0001312366699	8.166825208e-05	0.0002949853159	0.0004286327096	0.000391791254	8.378749238e-05	0.0004183895191	9.95727643e-05	0.000403341712	0.0007347669353	0.0005035288599	0.00105202563	0.0005448585147	0.0004556523461
3	43	Deep	0.0002789843405	0.0001726902366	0.0001155706754	6.617751856e-07	5.013717213e-05	5.814378211e-06	0.000118554181	7.60085995e-05	0.0002697994091	0.0004736699635	0.0003339927912	0.0001625604654	0.0003504682262	0.0001475958888	0.0003261629563	0.0007813831548	0.0005410226178	0.001000595042	0.0005900665586	0.0004708618189
3	43	Rhizosphere	0.000311402274	0.0001315874961	0.0001287280075	3.892644331e-06	5.563332879e-05	5.372980154e-06	0.0001319748006	0.0001218121739	0.000268074977	0.0004339626821	0.0004059979815	0.0001048383263	0.0003798660932	0.0001139336104	0.0004618966675	0.0008350792332	0.0005629310216	0.001008264742	0.0007095413087	0.0004941464972
3	43	Surface	0.0001634907541	8.778780302e-05	7.654678984e-05	1.642633511e-06	2.635849395e-05	1.606784164e-06	9.895200516e-05	9.067391369e-05	0.0002988052129	0.0002909292705	0.000274735177	8.16418536e-05	0.0002950303511	0.0002157163175	0.0003258381119	0.000782488648	0.0005258912463	0.001231957459	0.0006507044453	0.0005143082111
3	44	Deep	0.0005091443494	0.0002131430345	0.0001348767691	1.211752277e-06	5.439909877e-05	3.312488449e-06	0.0001242078143	7.742222853e-05	0.0002218797194	0.0005251406267	0.0004179051136	0.0001298518049	0.0003711523477	0.0001030151963	0.0004505100197	0.0008492646426	0.0006240089355	0.0007632897361	0.0005574824857	0.0003799106141
3	44	Rhizosphere	0.0001329143393	5.643706313e-05	4.874237776e-05	7.842754962e-07	1.302782552e-05	5.008259102e-07	7.636397782e-05	6.378003956e-05	0.0003190913317	0.0002441095993	0.0002035085904	8.206586089e-05	0.0003369656106	0.000222393561	0.0003095358274	0.0006867454797	0.000508643021	0.001246444789	0.0006179017003	0.000492896283
3	44	Surface	0.00037893258	0.0001747880479	0.0001511994701	2.042465761e-06	4.256568068e-05	4.381357153e-06	0.0001776140518	9.666430106e-05	0.0002714426818	0.0006173819896	0.0005384832043	9.562365035e-05	0.0004598772604	5.384914813e-05	0.0004320236309	0.0007633364528	0.0005472253971	0.0009213579515	0.0005496737369	0.0004336385239
3	45	Deep	0.0003593166484	0.0001493918315	0.0001325730678	4.904588159e-06	5.535992981e-05	2.256842392e-06	0.0001102791169	8.089087268e-05	0.0002576572845	0.0004856900966	0.0004047488071	0.000163615092	0.0003351694567	0.0001522183009	0.0004221737205	0.0007612297189	0.0005968845094	0.0009293344727	0.0006126339393	0.0004193619804
3	45	Rhizosphere	0.0003967427168	0.0001553859531	0.0001466127675	3.70936696e-06	5.865281138e-05	2.489184029e-06	0.000150938361	0.0001036387807	0.0002482679787	0.0004448452821	0.0004437248963	0.0003056768805	0.0003391982289	0.0001353137332	0.000410673774	0.000734172208	0.0005899534782	0.0008662251054	0.0006265780408	0.0004262291084
3	45	Surface	0.000146381415	7.939761596e-05	0.0001090612888	8.086257232e-07	3.437850282e-05	5.444377309e-07	0.0001315224712	0.0001332309786	0.000304809138	0.0002623728277	0.0003595826349	0.0002382193274	0.0002519426019	0.0002410770927	0.0003050265735	0.0007543221114	0.0005631164887	0.00134708493	0.0006048114332	0.0005084478725
3	46	Deep	0.0004355467237	0.0001040120246	9.26277962e-05	6.484783033e-07	2.670359823e-05	1.511191094e-06	0.0002652817724	0.0001112253264	0.0002115462311	0.0005406252714	0.0004630538656	0.0004178126324	0.0003091995441	8.560151754e-05	0.0005422640616	0.00073747237	0.0005796537952	0.0009478073734	0.0006949818002	0.0004422877902
3	46	Surface	0.0005599828672	6.936326967e-05	9.947890337e-05	3.990920317e-06	6.098459089e-05	1.40532842e-11	0.0001313694446	5.651292666e-05	0.0003631044164	0.0003668682835	0.0003008034647	0.0001682109422	0.000385303401	0.0001954116679	0.000291360668	0.0005703551293	0.0004518132186	0.001079498621	0.0007240810697	0.0005467725156
3	47	Deep	0.0001073300169	9.961227157e-05	4.701723255e-05	9.039311823e-07	1.718807578e-05	1.167231175e-06	6.654577211e-05	4.864834209e-05	0.000341867784	0.0001505857327	9.425139957e-05	0.0001515985794	0.0001747766162	0.0003415895553	0.0001891490319	0.0005827344803	0.0005375642511	0.001260593855	0.0006497427129	0.000536570103
3	47	Rhizosphere	0.0004879836835	0.0001205397323	0.0001184389243	6.744069651e-05	5.413902736e-05	2.676127423e-07	0.000113987834	9.516234369e-05	0.0003381820058	0.0003814243841	0.000304661684	0.0001306851348	0.0003529496017	0.0001507482234	0.0004412365043	0.0006213337711	0.0004911080902	0.0009415398086	0.0007508354281	0.0005594771189
3	47	Surface	0.0008348352134	9.355200773e-05	0.0001493187344	1.936757528e-06	8.842092506e-05	0	0.0001114515221	5.489188175e-05	0.0003940089109	0.0004211995271	0.0004166205389	0.0001073753796	0.0004163508826	0.0001697348873	0.000310206757	0.0005952831647	0.000480692435	0.0008725202467	0.0006592493755	0.000506433564
3	48	Deep	0.0003241958528	9.376548893e-05	9.883121652e-05	6.455932813e-07	4.698752508e-05	5.280634454e-06	9.595127944e-05	8.888088966e-05	0.0002923610398	0.0003837845656	0.0003721061076	0.000125867059	0.0003250989491	0.0002135795773	0.0003283161515	0.0007014172798	0.0005689123884	0.001162621518	0.0006539969862	0.0005011987223
3	48	Rhizosphere	0.0005130303665	0.0001805018468	0.0001215996531	7.45652494e-06	5.855351725e-05	6.272025223e-07	0.0001505974052	6.257020966e-05	0.0003077592125	0.0005395868393	0.0005059502785	0.0001455182089	0.0003505611566	8.092283646e-05	0.0004689444203	0.0007017443689	0.0005395210939	0.0008625994539	0.0005789044803	0.0003964703078
3	48	Surface	0.0002032038427	8.746134344e-05	9.486873891e-05	5.551914425e-07	4.192968298e-05	6.29733022e-07	9.536766799e-05	7.590103634e-05	0.0002459375745	0.0003485590214	0.0003329588611	0.0002621395434	0.0003173259189	0.0002261967561	0.0003378989407	0.0006514008659	0.0005270902192	0.001207587612	0.0006407814523	0.0005129979201
3	49	Deep	0.0004713840221	0.0002017260264	0.0001897797017	1.989831018e-07	0.0001030874926	9.409238504e-07	0.0001509934367	8.93037899e-05	0.0003136982432	0.0005532897235	0.0005299035216	0.0002194866552	0.0004836149357	7.870139463e-05	0.0004002772077	0.0007035318782	0.0005166847723	0.000877477514	0.0005797130303	0.0005218041187
3	49	Rhizosphere	0.000649108818	0.0001973212643	0.0001169789908	5.742708949e-07	5.281304412e-05	3.224570027e-06	0.0001434204709	6.445951872e-05	0.0002011292631	0.0006678877307	0.0005939424352	0.000131450857	0.0004567463528	5.861224937e-05	0.0004430536047	0.0007964685906	0.0006165039704	0.0006992213433	0.000545643384	0.0003780393095
3	49	Surface	0.0002939332515	0.0001374692493	0.0001243283146	1.403183563e-06	4.439681342e-05	7.23917996e-07	0.0001154914385	7.28732636e-05	0.0003204392626	0.0004643288238	0.0004139153729	8.048097405e-05	0.0003980420021	0.0001347757957	0.0003694345297	0.0007148625371	0.0005251306196	0.001082288706	0.0005515981802	0.0004317726603
3	50	Deep	0.0004113813762	0.000182411876	0.0001504851622	2.991706265e-06	6.945651889e-05	4.631674888e-06	0.0001764203897	8.411338685e-05	0.0002880546055	0.0005915327065	0.0005563659979	0.0001924147418	0.0004579270063	6.070269084e-05	0.0004744156726	0.0006909018031	0.0005606119949	0.000832437605	0.0005272077074	0.0003893831614
3	50	Rhizosphere	0.0003374079747	0.0001477740583	0.0001947965257	1.145595429e-06	5.878604738e-05	2.315657229e-06	0.0001642624082	0.0001348274665	0.0002692161359	0.0004306489855	0.0004689104499	0.0004265616351	0.0003233532975	0.0001130562897	0.0004264246418	0.0007507295467	0.0005969742227	0.0008520210715	0.0006614723128	0.0004082354565
3	50	Surface	0.0004841694771	0.0001751457409	0.0001146577123	1.6430864e-06	3.955253117e-05	2.00489909e-06	0.0001262909418	8.119800446e-05	0.0002319456645	0.000493609941	0.0004513213676	0.0001801820783	0.0003909728276	0.0001264164804	0.0003846908872	0.0007388588647	0.0005856898949	0.0009230178694	0.0006147462805	0.0004504441703
3	51	Deep	0.0002328753523	0.0001084094326	0.0001296395379	6.093844681e-07	6.207304552e-05	2.515208428e-07	0.0001178194623	9.706007981e-05	0.0002449832004	0.0003105341119	0.0003087444273	0.0006341859085	0.0002768551249	0.0002144660566	0.0003514493219	0.0007028748255	0.0005356118779	0.0009097907243	0.0006969141159	0.0004815511463
3	51	Rhizosphere	0.0003642777971	0.0001434544651	0.0001347765773	6.804634965e-06	6.290942523e-05	8.136666647e-07	0.0001270553942	8.88515224e-05	0.0002692678599	0.0005139812603	0.0005220732581	0.0004486930988	0.0003410493041	0.0001370348827	0.0003936793394	0.0007739921933	0.0005986758936	0.0009619882623	0.0006314137115	0.0004559965679
3	51	Surface	0.0002485020609	0.0001539564382	7.82028098e-05	1.235341033e-06	3.893539746e-05	1.303098679e-06	9.646841524e-05	7.777079733e-05	0.0002826166134	0.0003235254424	0.0003731617004	0.0002584882958	0.000273173113	0.0002426881151	0.0003071959501	0.0007204951888	0.0005484765638	0.001205706506	0.0006338460463	0.0005052709577
3	52	Surface	0.0003140066869	0.0001672934263	5.574517657e-05	4.823310695e-07	3.339702789e-05	3.192205101e-06	8.540063344e-05	4.99028942e-05	0.0003234299134	0.0004001406161	0.0003259389683	0.0001162049455	0.0003466510112	0.0001640540866	0.0002830439598	0.0006299672999	0.000532368547	0.0009761593529	0.000683198334	0.0005263177649
3	53	Deep	0.0003612132616	0.0001751073467	0.000101459686	3.183274321e-07	5.990769755e-05	1.152124692e-06	9.943984818e-05	5.098936808e-05	0.0003128313092	0.0004489521348	0.0003878899768	0.0001193137152	0.0004071955122	0.0001710947205	0.0003268929833	0.0007079473303	0.0005277332605	0.0009495561752	0.0006483744754	0.0005302830609
3	53	Rhizosphere	0.0004401930575	0.0003097982953	0.0001984271779	2.339312878e-06	0.0001139604277	1.692170753e-06	0.0001410014718	0.0001034538412	0.0002481810654	0.0005496085522	0.0004755302527	0.000175063997	0.0004311653091	6.836614881e-05	0.0004517759926	0.000881140198	0.0005801359108	0.0008516339521	0.000571154628	0.0004141648187
3	53	Surface	0.000337501171	0.0002382885216	0.0001425689259	3.184562678e-06	6.877667633e-05	1.100393116e-06	0.000117609201	6.016024944e-05	0.0002773430429	0.0005090437514	0.0004181561497	0.000106287222	0.0003651170092	0.0001527387312	0.000348048821	0.0007075048463	0.0005096961127	0.0009034544964	0.0005978026373	0.0004794163626
3	54	Rhizosphere	0.0004501709926	0.0001855131666	0.0001718113669	5.053322479e-07	5.894373534e-05	4.065123816e-06	0.0001808720587	0.0001233578337	0.0001971647533	0.0004430424474	0.0002331163498	0.000513751016	0.0004465732672	3.327790563e-05	0.0005993070986	0.0007884249474	0.0006482318009	0.000678947551	0.0005505274055	0.0003314987339
3	55	Surface	0.0003226815853	0.0001314049228	0.0001201204273	2.646938924e-07	4.554912985e-05	2.031345696e-06	0.0001267727634	0.0001007801906	0.0002374114057	0.0003241427689	0.0001854310812	0.0002967347565	0.0003285502769	0.0001836920386	0.0004185122926	0.0006943138526	0.0005828827636	0.0009160706214	0.0006364974524	0.0004305683368
3	56	Surface	0.0004083512599	7.447359078e-05	6.993541872e-05	9.993322251e-09	2.278283825e-05	4.393178813e-08	5.505199877e-05	2.984504168e-05	0.0003579025119	0.0002968075666	0.000226768493	0.0001138509695	0.0003932565146	0.0002430772501	0.000167588105	0.0005200477881	0.0005209130379	0.001099050133	0.0007635083766	0.0006228771824
3	57	Deep	0.000376644402	0.0001951627986	9.463493241e-05	4.153328003e-06	3.520689681e-05	3.6826141e-08	5.4726186e-05	3.086310663e-05	0.0003133637198	0.0003943320211	0.0002294072689	7.861071362e-05	0.0003858797528	0.0001931483464	0.0002424567261	0.0005937518397	0.0004893218159	0.000857194072	0.0007277773094	0.0006073515514
3	57	Rhizosphere	0.000185675661	9.799870973e-05	5.436868665e-05	3.136553629e-06	4.387782996e-05	6.831285577e-07	7.949702505e-05	5.056404368e-05	0.0002546871197	0.0002294568755	0.0003180614083	0.0004056207877	0.000265636785	0.0002641421018	0.0002801113984	0.0007481854671	0.0005586834884	0.001091257786	0.0006970737869	0.0005012639054
3	57	Surface	5.149233558e-05	6.530365266e-05	2.324677259e-05	3.509000573e-09	9.603952398e-06	6.760539419e-12	5.767652723e-06	5.474627991e-06	0.0003952398212	0.0001414480942	7.787994634e-05	2.461578173e-05	0.0003421432002	0.0003065989706	9.85515397e-05	0.0004814961259	0.0004850896193	0.001202625978	0.0008338164962	0.0007456262599
3	58	Deep	0.0003056175226	0.0002042284533	0.0001089365453	3.287415843e-08	6.410713537e-05	4.341295179e-07	5.420618103e-05	4.368772333e-05	0.0002746874911	0.0002708330544	0.0001608467058	9.631644952e-05	0.0002970378536	0.0002607225535	0.0002712868419	0.0006974357973	0.0005062202641	0.0008978876124	0.0007596254837	0.000532373965
3	58	Rhizosphere	0.000153097271	7.467035174e-05	0.0001142896525	9.876902222e-07	3.650316986e-05	7.103852207e-08	0.0001018229443	9.876809651e-05	0.0002744140778	0.0004086400635	0.0002996923667	0.0008113029716	0.0003054248215	0.0001509210518	0.0004645045722	0.0006675588531	0.0005319418707	0.001023052535	0.0006818602508	0.0004554175836
3	58	Surface	0.0002520872506	0.0001374085902	8.088024141e-05	3.293289231e-06	4.635532812e-05	1.97306044e-06	7.607587715e-05	5.355536368e-05	0.0002737946349	0.0003299314138	0.0003278864739	0.00025028178	0.0003282214632	0.0002193671549	0.0002951677398	0.0007080329563	0.0005479996046	0.0009886509832	0.0007094705325	0.0005503881209
3	59	Deep	0.0001969094471	9.451295888e-05	0.0002512137023	1.786932977e-08	1.951920894e-05	1.352347129e-05	8.319671359e-05	5.296483143e-05	0.0003053363522	0.000300736509	0.0001801154242	0.0003146016416	0.000414628255	0.0001920689323	0.0002615988086	0.0006324993524	0.0005025393975	0.0009409027757	0.0007230366904	0.0004998129516
3	59	Rhizosphere	0.0002194865178	0.0001577197297	2.412537692e-05	5.631868646e-08	8.685785525e-06	6.166397692e-07	2.800739846e-05	1.163127666e-05	0.0003695733825	0.0002460247601	0.0001311555165	5.54761188e-05	0.0003017681744	0.0002444725918	0.0001460166627	0.0005466148657	0.0004830915815	0.001058477564	0.0007879804116	0.0006798801682
3	59	Surface	0.000199167674	9.433250141e-05	4.235838233e-05	5.150459339e-09	1.288171583e-05	2.797001856e-06	4.265419394e-05	1.592236285e-05	0.0003616945702	0.0002035405441	0.0002123353069	4.755289704e-05	0.0003358774596	0.0002708863552	0.0001456299613	0.000584318051	0.0005258761541	0.001121244192	0.0007862817099	0.0006529172179
3	60	Rhizosphere	0.0002442399066	0.0002089350772	9.03792641e-05	2.463953786e-07	8.482918874e-05	4.964744821e-06	0.0001620002235	0.0001051224946	0.000202608901	0.0003126038641	0.0002381189042	0.0001916563646	0.0003147310819	0.0001555720716	0.0004385906976	0.0007960399558	0.0005853342262	0.0007689859875	0.0006833456337	0.0004577003501
3	60	Surface	0.0005883814694	0.0001567357925	7.001182444e-05	3.9279313e-07	3.104250617e-05	5.67074408e-06	6.769749539e-05	5.707242642e-05	0.0002447183052	0.0005597894986	0.0005056937866	0.0001925475375	0.0004135680584	9.33789521e-05	0.0003852422607	0.0007896326368	0.000588284073	0.0007400922052	0.0006386809505	0.0004948410831
4	1	Deep	0.0002794266312	0.0001293495816	9.446418137e-05	9.126619582e-07	4.93631001e-05	1.131098917e-06	0.0001310660127	8.436119253e-05	0.0002610849239	0.0004649456837	0.0004216845199	0.000104859979	0.0003710204917	0.0001258406742	0.0003722966817	0.0007916799854	0.0005560477387	0.0009847026427	0.0005733155134	0.0004384766568
4	1	Rhizosphere	0.0001147800209	4.719107497e-05	2.639900827e-05	3.958040825e-08	7.803245289e-06	1.891270551e-07	6.396223194e-05	5.211077818e-05	0.0002910316076	0.0002214601967	0.0001953283159	0.0001820698334	0.0002902330158	0.0002904288802	0.0002403365674	0.000675961973	0.0005064700016	0.001259762805	0.0006418556265	0.0005494604492
4	1	Surface	0.0003088210333	9.09710614e-05	0.0001032265013	4.608087942e-06	3.34882511e-05	6.664113044e-07	0.0001318480882	8.600022585e-05	0.0002936296872	0.0005072373164	0.0004884619163	0.0001000484331	0.0003840215181	0.000112710203	0.0003897031221	0.0007996267594	0.0005777705774	0.001094060765	0.0005963315366	0.0004452346663
4	2	Deep	0.0005878792954	0.0001469175534	7.365072404e-05	3.267978661e-07	2.882551325e-05	2.153872826e-06	8.743138197e-05	6.664473816e-05	0.0002182665488	0.0005239357731	0.0004828676742	0.0001619870312	0.0003631295896	0.0001229738067	0.0003913448023	0.0007749035482	0.0005860656102	0.0007421188938	0.000647193599	0.0004272909729
4	2	Surface	0.0003641960943	8.822742476e-05	0.0001165576839	1.414374561e-06	3.454401497e-05	1.701300281e-06	0.0001529518564	8.980820356e-05	0.0002720954089	0.0005736798334	0.000548759875	9.688818735e-05	0.0004138428942	7.593181917e-05	0.0004198525632	0.0008058389604	0.0005720333316	0.001053304025	0.0005767811412	0.000428660706
4	3	Deep	0.0004663061521	0.0002083390709	0.0001339520262	1.123286918e-06	5.581848917e-05	9.633255895e-06	0.0001594500797	0.0001143475737	0.0002263194443	0.0005055306882	0.0005856204382	0.0001241603	0.0004570620863	2.753084072e-05	0.0005109169345	0.0009500096914	0.0006704917434	0.0006709194124	0.0006195203893	0.0003951890358
4	3	Rhizosphere	0.0005637947324	0.0001404846162	9.356077552e-05	3.803587488e-06	4.008520118e-05	2.750811485e-06	0.0001620057205	0.0001104624152	0.0002318060418	0.0005731502131	0.0004248496895	0.0002261796009	0.0004187950423	2.901982487e-05	0.0003907612193	0.0008280964506	0.0005594111677	0.0006908651501	0.0005591882096	0.000368309156
4	3	Surface	0.0004508499787	0.0001789667663	0.0001196937573	1.178170185e-06	5.354528132e-05	4.522838379e-06	0.0001638612077	9.941099744e-05	0.0002479801433	0.0005786080244	0.0006317447018	0.0001385333642	0.0004491614965	3.844586789e-05	0.000484970104	0.0008949001439	0.0006586708653	0.0007398933368	0.000576863701	0.000398641455
4	4	Deep	0.0003626042955	0.0001609508407	0.0001436768239	1.181974987e-06	5.284348494e-05	4.176685833e-06	0.0001677314539	0.0001071393913	0.0002592243545	0.0005288354699	0.0004995076572	0.0001147599318	0.0003785454676	7.937465599e-05	0.0004281284976	0.00080732236	0.0006048202405	0.0009163927057	0.0006288384141	0.0004586206377
4	4	Rhizosphere	0.0002406429174	0.000121574967	0.0001065780662	2.890410983e-06	3.800078105e-05	2.899927481e-06	0.0001289295537	8.575221167e-05	0.0002595012077	0.0003913486591	0.0003567315322	8.693729655e-05	0.0002989954889	0.0001829590895	0.0003595065508	0.0007383805073	0.0005679249301	0.001009647313	0.0006584656667	0.0004910658432
4	4	Surface	0.0003035941052	0.0001523103234	0.0001395360992	1.843512168e-06	4.748583574e-05	3.854774259e-06	0.0001495319457	0.0001040612499	0.0002617444696	0.0004662654669	0.0004410854399	0.0001040541087	0.0003287651999	0.000112767396	0.000400244125	0.0007976720532	0.0005883852852	0.0009625573359	0.0006342582427	0.0004649843498
4	5	Deep	0.0005540126529	0.0001623828545	9.727475865e-05	2.68138572e-07	3.246337786e-05	3.822869764e-06	0.0001167111872	6.25175192e-05	0.0002179504797	0.0007028459643	0.0005815549699	0.0003966709834	0.0005441914483	6.147686196e-05	0.0003430360591	0.000687133244	0.0005500911953	0.0007847216383	0.000555203641	0.0004661944242
4	5	Rhizosphere	0.0005100943794	0.0001371364753	0.0001399466697	5.164760617e-06	4.648975563e-05	2.890185584e-06	0.0001420098204	8.883532472e-05	0.0002583315059	0.0005459929238	0.0005269090952	0.0001694782933	0.0003854519942	0.0001037738313	0.0004037718129	0.0007511636523	0.0006235879181	0.0008433252467	0.0006310368456	0.0004000394956
4	5	Surface	0.0004830116335	0.000139345733	0.0001857593947	9.000227102e-07	6.229502474e-05	7.093004684e-07	0.0001960461866	9.324827074e-05	0.0002917882048	0.0006857687407	0.0006559769661	0.0001062332812	0.0005294212607	2.293375105e-05	0.0004792739117	0.0007359181891	0.0006307830459	0.0009076511049	0.0005651472846	0.0003610857394
4	6	Deep	0.000510439115	0.0001617239382	0.0001540171222	1.395472011e-06	5.683826681e-05	2.387985522e-06	0.0001790842907	9.338290168e-05	0.0002652908482	0.0006216162495	0.0006020889992	0.0001282150841	0.0004742694221	4.415412705e-05	0.0004718868383	0.000792613551	0.0006468087739	0.0008272846916	0.0005764222104	0.0003746869497
4	6	Rhizosphere	0.000382045462	0.0001783649322	0.0001556553147	3.166732249e-06	6.39959051e-05	6.824837854e-06	0.0001518905726	9.481230174e-05	0.0003035394323	0.0004872821402	0.0004878315342	0.0001520869723	0.0004404256672	7.810568821e-05	0.0004568389523	0.0008009087794	0.0006338663732	0.0008897156901	0.0006704974625	0.0004203054798
4	6	Surface	0.00054431357	0.0001642022842	0.0001674781643	3.453162361e-06	5.806770507e-05	2.768166564e-06	0.0001929473239	9.4926459e-05	0.0002802967905	0.0006952395742	0.0006980278776	0.0001267864504	0.0005048579219	1.831317586e-05	0.0004972101634	0.000779369283	0.0006420091595	0.0008305613143	0.0005576586899	0.0003510011439
4	7	Deep	0.0005448077158	0.0002001410732	0.0001296479321	3.444650479e-06	5.474371285e-05	4.86558132e-06	0.0001539192314	9.888451914e-05	0.0002447278658	0.0006341284826	0.0006336461792	0.0001771948941	0.000474140271	2.827409615e-05	0.0004793549626	0.0008642520398	0.0006455851049	0.0007549695746	0.0005595288701	0.0003802297367
4	7	Rhizosphere	0.0003836092834	0.0001362206814	0.000130475352	3.950912901e-07	5.239159011e-05	3.007321669e-06	0.0001493925005	8.850118655e-05	0.0002934707469	0.0005625193474	0.000507960859	0.0001289993963	0.0004212589749	6.894894412e-05	0.0004469155732	0.0007962177777	0.0006154159865	0.0009548120105	0.0006194527571	0.0004458887258
4	7	Surface	0.000491327051	0.0002010732614	0.0001324499219	1.047298361e-06	6.376480848e-05	3.933716433e-06	0.0001563983089	9.556047353e-05	0.0002469972564	0.0006219894546	0.0006188618556	0.0001752133727	0.0004477520218	5.376170136e-05	0.0004665193061	0.0008368208512	0.0006342702782	0.0007672333854	0.000571712555	0.0003933790456
4	8	Deep	0.0004117169954	0.0001839669565	0.0001216694931	3.72365487e-07	6.317831656e-05	1.702511925e-06	0.0001283227353	7.918883326e-05	0.0002688277169	0.0005421775215	0.0004452371156	0.0002391699371	0.0004228242526	0.0001085328553	0.0003802383706	0.0007722454976	0.0006248067656	0.0009190043568	0.0006032047249	0.0004081881214
4	8	Rhizosphere	0.0003450557989	0.0002215016044	0.0001458704733	1.981348458e-06	6.7199035e-05	3.177478601e-06	0.0001479941678	8.892060229e-05	0.0002530198864	0.0005320743316	0.0004746171575	0.0001192897468	0.0003944438625	9.50618548e-05	0.0004355553873	0.0008141477712	0.0005888172428	0.0008312451277	0.0005850573685	0.0004014684723
4	8	Surface	0.0005640849363	0.0002469424423	8.231151614e-05	1.361475131e-07	5.431514953e-05	2.701792886e-06	0.000123288068	8.287978025e-05	0.0002619988818	0.0006275233667	0.0005431760781	0.0002731797035	0.000500239974	4.041058126e-05	0.000481018105	0.0008407847874	0.0006009630457	0.000751738918	0.0005368334333	0.0004151707785
4	9	Deep	0.0002071527189	0.0002323839875	0.0001296842289	8.004146939e-07	7.370921144e-05	1.351238824e-06	0.0001110430872	6.804405723e-05	0.0002649364089	0.0003813310552	0.0002520194577	0.0001174325394	0.0003081843742	0.000185495167	0.0003681370267	0.0007328691872	0.0005102209542	0.0009036761371	0.0005973719536	0.0004161880791
4	9	Rhizosphere	0.000200077031	0.0001137681652	9.92438081e-05	4.077520636e-07	4.020395587e-05	1.137158244e-06	9.135228846e-05	6.306200224e-05	0.0002416818988	0.0003403451407	0.0002517004351	7.774004105e-05	0.0003552957713	0.0002135113106	0.0003599070409	0.0006799918807	0.0005146489661	0.001082484117	0.0006822990926	0.0005418575465
4	9	Surface	0.0003060120913	0.0001946336562	0.0001050078017	3.583058629e-07	4.735470984e-05	1.860145399e-06	9.931798117e-05	6.3407592e-05	0.0002610077103	0.0004035025606	0.0003112072623	0.0001546806358	0.0003031058485	0.0001927700737	0.0003388329966	0.0007186208182	0.0005294101466	0.0008755670307	0.0006308016572	0.0004373116251
4	10	Deep	0.0002151927042	0.000235577413	0.000129744499	0.0001045872116	0.0001097721139	2.918902122e-06	0.0001105027463	6.385190206e-05	0.000246200877	0.0003540249913	0.0002939769704	0.0001346891285	0.000275582969	0.0002352212703	0.0003565760345	0.000726784896	0.0005421895988	0.0008040136044	0.0006250118669	0.0004159658965
4	10	Rhizosphere	0.0001540952684	5.893695955e-05	6.973573029e-06	1.332793226e-08	4.302252776e-06	6.7151614e-08	4.421659195e-05	3.654743811e-05	0.0003227291448	3.947869366e-05	2.70270758e-05	0.0001152059063	0.0001470129114	0.0004403497348	0.0001348339035	0.0004979066213	0.0004858094386	0.001194156185	0.0008426115219	0.0005170735421
4	10	Surface	0.0002767680549	0.000221993105	0.0001264732961	3.225696267e-06	7.068379016e-05	2.82194971e-06	0.0001161049805	6.822865842e-05	0.0002661677782	0.0004245655201	0.0003122398424	0.0001329586469	0.0003622060731	0.0001614315264	0.0003700039464	0.0007525827641	0.0005349708764	0.0008846484944	0.0005780322925	0.0004029851418
4	11	Deep	0.0006621359801	0.0002515583016	0.0001396685454	1.396407166e-06	5.93270206e-05	5.439058886e-06	0.0001238740682	7.496528363e-05	0.0002262209641	0.0005888778267	0.0004598514744	0.0001858269138	0.0004272434106	4.651583043e-05	0.0004920893005	0.0008667979733	0.0006362648273	0.0006678439644	0.0005487644332	0.0003673378038
4	11	Rhizosphere	0.000338922808	0.0002242305474	0.0001458183652	2.112894961e-06	6.70773533e-05	1.953455586e-06	0.000129633902	8.857960892e-05	0.0002772844604	0.0004353757859	0.0003459618036	0.0001120510608	0.0003271308565	0.0001534049742	0.0004119611041	0.0007663252929	0.0005526804789	0.0008935984735	0.0006196333289	0.0004067975605
4	11	Surface	0.0005206653516	0.0002193530575	0.0001250094233	1.904107943e-08	5.135068552e-05	3.850530561e-06	0.0001474002534	9.909235411e-05	0.0002444570418	0.0005998735665	0.0005275249262	0.0001485666018	0.0004100267214	7.335272625e-05	0.0004471334726	0.000812533947	0.0005737423751	0.0007582220557	0.0005782838384	0.0003971322072
4	12	Deep	0.0004761000743	0.0001738145038	0.0001201100692	3.570380711e-06	4.67601107e-05	3.334966998e-06	0.0001277294742	7.962893262e-05	0.0002607259032	0.0005097604878	0.0004671497362	0.0001543795943	0.0004108237893	9.030810019e-05	0.0004191804798	0.0007817750792	0.0006194459789	0.000843554522	0.000593023123	0.000414553853
4	12	Rhizosphere	0.0004782293464	0.0001668812013	0.0001127520339	8.491237185e-07	4.572445746e-05	1.707986541e-06	0.0001337963634	7.028516516e-05	0.0002900212376	0.000492030862	0.0004119164754	0.0002801866328	0.0004802138645	0.0001052604381	0.0003777263696	0.0007222765662	0.0005926009055	0.0009022944962	0.0006161856752	0.0004842198133
4	12	Surface	0.0004443072584	0.00019615594	0.0001248455485	1.8089071e-06	4.752844168e-05	4.158461028e-06	0.0001378152157	7.192410697e-05	0.0002661045332	0.0005043567214	0.0004641152153	0.0001391460048	0.000418822707	8.59149465e-05	0.0004425945341	0.0007864726299	0.0005797241782	0.0008375897672	0.0006088579011	0.0004292904811
4	13	Deep	0.0006119695337	0.000219519962	0.0001341689479	2.144374636e-06	5.331903439e-05	4.28870657e-06	0.0001410207717	8.847198474e-05	0.0002105374353	0.0005874637984	0.0005444338135	0.0001501740067	0.0004719954928	2.042879634e-05	0.0004933354643	0.0008815955638	0.0006275270877	0.0006855102189	0.0005727377816	0.0003704579215
4	13	Rhizosphere	0.0006421393639	0.0001920905426	0.0001308869702	1.675885206e-06	4.787808908e-05	2.177807942e-06	0.0001651310911	9.533025025e-05	0.0002366369665	0.0006736483918	0.0005926094928	0.0001821337398	0.0005060935356	1.75137468e-05	0.0004964620695	0.0008146735119	0.0006128278938	0.0007919564939	0.0005735824681	0.0003991420171
4	13	Surface	0.0006105333441	0.0002421277871	0.0001238761301	4.426691102e-07	5.428268033e-05	1.653424646e-06	0.0001303015889	8.832174802e-05	0.0002197523557	0.0006075579522	0.0005377268584	0.0001958891215	0.0004560611432	3.329995129e-05	0.000478760372	0.0008694166814	0.0006344116816	0.0006847263844	0.0005458320154	0.000375323319
4	14	Deep	0.0005321620226	0.0002326986077	7.942813506e-05	1.2347124e-06	5.432575151e-05	2.227823037e-06	0.0001209408932	7.605362219e-05	0.0002818935705	0.000595587205	0.0004384176917	0.0004162954421	0.000504459749	5.5990546e-05	0.0004297062446	0.0008152407941	0.0005868539344	0.0008531667625	0.0005538740749	0.000472094492
4	14	Rhizosphere	0.001222594582	0.000120307082	4.717331094e-05	5.85683485e-09	8.053789584e-06	2.802667008e-08	0.0001413474232	3.852085528e-05	0.0002541197176	0.0005150326414	0.0002355517226	0.000812586108	0.0004733122051	5.268812021e-06	0.0002835575696	0.0005964611808	0.000440997921	0.0009305588205	0.0005638737301	0.000382267103
4	14	Surface	0.0005516238169	0.0002454140457	6.465376788e-05	4.727329479e-07	5.400408683e-05	1.956461838e-06	0.0001228731334	7.87074681e-05	0.0002268616461	0.0006166361215	0.0004635269949	0.0003632598308	0.0004942975836	5.542659792e-05	0.0004178419829	0.0008675020207	0.000602321949	0.0007240252806	0.0005115677292	0.0004625328897
4	15	Deep	0.0006157144267	0.0001880287455	0.0001111086628	1.093597219e-06	4.196415983e-05	2.872120977e-06	0.000134464937	8.191882048e-05	0.0002553439365	0.0006312044764	0.0005195879168	0.0002625688498	0.0004680808422	5.115392936e-05	0.0004552395397	0.0007908282019	0.0005994527236	0.0008159124896	0.0005603813167	0.0004268469971
4	15	Rhizosphere	0.000640771377	0.000201468534	0.000114744865	1.143042458e-06	4.676647936e-05	2.881756639e-06	0.0001324086855	7.687048429e-05	0.0002585794625	0.0006386487415	0.0005251533106	0.0002867951271	0.0004822245706	3.618998231e-05	0.0004648652437	0.0008114779571	0.000610821901	0.0008094331514	0.0005446046282	0.0004137955981
4	15	Surface	0.0006128251808	0.0001997617849	0.0001120490105	1.431807851e-06	4.630695129e-05	2.865324474e-06	0.0001355090811	7.739550339e-05	0.0002629846342	0.0006484831004	0.0005539521426	0.0002638811528	0.0004718814739	3.701845511e-05	0.0004714587156	0.0008179715774	0.0006065544479	0.0008129500925	0.0005513803123	0.0004244544386
4	16	Deep	0.0005842840802	0.0002144514794	0.0001367318111	5.353337864e-06	5.259699672e-05	2.39688007e-06	0.0001374815974	8.555890613e-05	0.0002680567896	0.0005917223982	0.0005371167398	0.0002433696876	0.0004416379493	6.023148252e-05	0.0004539494494	0.0008059249063	0.0005940396464	0.0008364730611	0.0005645911295	0.0004213917803
4	16	Rhizosphere	0.0004139101173	0.0001015277755	0.0001273306156	8.752413461e-06	4.867337995e-05	2.551681202e-06	0.0001529111281	7.574143844e-05	0.0002702947653	0.0006155488975	0.0005495252601	0.0002487233158	0.0004372803433	5.949445452e-05	0.0004554649434	0.0007419266288	0.0005896065686	0.0009858297904	0.0006381645773	0.0004418032003
4	16	Surface	0.0004891254803	0.000208636609	0.0001302886718	1.155176974e-06	6.127674777e-05	3.048917144e-06	0.0001555360478	9.862226493e-05	0.0002490127896	0.0005810388735	0.0005348457297	0.0001577963473	0.0004305999009	6.598369457e-05	0.0004597213119	0.0008374379446	0.0006037660204	0.0007986844369	0.0005895975769	0.0004232646012
4	17	Deep	0.000426744186	0.0002569553037	8.016450513e-05	1.372211298e-06	4.178836135e-05	2.68250933e-06	9.008803812e-05	7.212598264e-05	0.000422849893	0.000642036599	0.0004415539058	0.0005777913973	0.0006195515781	3.011970994e-05	0.0004732007818	0.0008358590218	0.0005939753952	0.0009992087557	0.0005227472743	0.0005070572415
4	17	Rhizosphere	0.0004690834878	0.0001458043532	0.0001413960518	1.567288511e-06	4.727141237e-05	5.717693588e-06	0.0001224987678	9.506450108e-05	0.0002785052664	0.0005419453793	0.0004869679845	0.0001653477084	0.0004260661845	7.515097057e-05	0.0004625619928	0.0007805741108	0.0005778713765	0.0009221996533	0.0006514739954	0.0004923096568
4	17	Surface	0.0004149667713	0.0002116502348	0.0001139508411	1.427808937e-06	4.786532857e-05	2.387323571e-06	0.0001293047191	8.093088261e-05	0.0003495609513	0.000606271105	0.00050582858	0.0003974143684	0.0005171122311	5.763641989e-05	0.0004493788239	0.0007968616836	0.0005971823012	0.0009576823745	0.0005592757536	0.0004675742801
4	18	Deep	0.0003974900038	0.0002176284826	0.0001478465991	2.045146574e-06	5.906265593e-05	3.735148205e-06	0.0001349717346	8.223184644e-05	0.0002666524026	0.0005488756062	0.0004441106565	0.0001483251496	0.0003622873638	9.607140724e-05	0.0004409598726	0.000807612934	0.0005718928519	0.0007911792044	0.0005877492772	0.0003805571503
4	18	Rhizosphere	0.0002266492352	9.66338234e-05	9.571164451e-05	7.277196209e-09	3.372543785e-05	3.690221891e-07	0.0001001932935	4.119284321e-05	0.0003860495256	0.0005596963992	0.0004789396872	0.0005176546332	0.0005695095423	5.84646381e-05	0.0004074469787	0.0006912669292	0.0004458165752	0.001187659856	0.0004824032781	0.0006340539869
4	18	Surface	0.0003839443196	0.0002371667329	0.0001638056846	1.273450016e-06	7.026317283e-05	1.933481779e-06	0.000146877806	8.555954571e-05	0.0002629588654	0.0005669127541	0.0004963585868	0.0001349386081	0.0003839894472	8.66350225e-05	0.0004614338907	0.0007925064437	0.0005679524091	0.0008312516085	0.0005857400235	0.0004066339296
4	19	Deep	0.0005456972593	0.0002218010979	0.0001208857351	9.452885352e-07	5.267208519e-05	2.422069841e-06	0.0001309929157	8.046974542e-05	0.0002551864147	0.0006130082868	0.0004597847178	0.0002329532155	0.0004495529952	5.717462668e-05	0.0004572693636	0.0008369399825	0.000593730889	0.0007797697418	0.0005398228186	0.0004148243678
4	19	Rhizosphere	0.0004083714206	0.0001602367412	0.0001152514835	1.791393548e-06	4.442783474e-05	1.319818545e-06	0.0001236085542	8.67588635e-05	0.000271529947	0.0005139278276	0.0004219714229	0.0001575840633	0.0004036904045	9.778546569e-05	0.0004183847804	0.0007891426156	0.0005644545238	0.000913367412	0.0006001180741	0.0004685315194
4	19	Surface	0.0004784447063	0.0002089758769	0.0001201502034	1.528055068e-06	6.414575983e-05	2.937548352e-06	0.000146490028	8.319094014e-05	0.0002507627164	0.0005582860605	0.0004887321189	0.0002297806863	0.0004054514253	9.197801266e-05	0.0004173895805	0.0007920854239	0.0005863982963	0.0008225686012	0.0005608397799	0.0004091683349
4	20	Deep	0.0003781697437	0.0001981482193	0.0001467927635	2.482693721e-06	6.014796117e-05	2.659400163e-06	0.0001582548173	8.588573889e-05	0.0002677223066	0.0005182973481	0.0004777630453	0.0001503968708	0.0003899988013	9.017990073e-05	0.0004617974614	0.0008304741399	0.0005855103126	0.0007938224893	0.00058038796	0.0003934533213
4	20	Rhizosphere	0.0002807298996	0.000142499574	0.0001063616892	1.065592789e-06	3.784929936e-05	1.272802187e-06	0.0001476603393	9.333191263e-05	0.0002897189807	0.0004068821617	0.0003816476442	0.0001098877543	0.0003312295723	0.0001426760579	0.0004125163599	0.0007969096311	0.0005646011915	0.0009898184747	0.0006483378572	0.0004714001936
4	20	Surface	0.0004325200224	0.0001745772718	0.0001375963796	2.29181413e-06	5.150809849e-05	2.261604628e-06	0.0001450889368	8.799744822e-05	0.0002688323295	0.0006025601434	0.0005294893875	0.0001509086969	0.0004342753439	5.631679151e-05	0.0004529391135	0.0008088334511	0.0005862793246	0.0008403081102	0.0005718439273	0.0004213223164
4	21	Deep	0.0004599307234	0.0001446690883	0.000155445242	1.191812657e-06	5.61374306e-05	1.620597701e-06	0.0001703872369	8.983918022e-05	0.0002650013219	0.0005834861081	0.0006006226331	0.0001076342006	0.000454964216	2.391651904e-05	0.0005030694636	0.0008332964634	0.0006399115342	0.0008368985569	0.0006069729696	0.0004292559994
4	21	Rhizosphere	0.0002163738343	6.353936398e-05	8.467940562e-05	4.697255364e-07	2.238964058e-05	1.242599449e-06	9.925377345e-05	8.544499601e-05	0.0003366346929	0.0003924766509	0.0004033601535	0.0001198574281	0.0002986810629	0.0001523329779	0.000357127049	0.0007847943161	0.0005396104259	0.001152994703	0.0006449082843	0.0005180901722
4	21	Surface	0.0004013376239	0.0001493991704	0.0001638426663	2.312809674e-06	5.046364171e-05	7.355608047e-07	0.0001951336829	0.0001014064248	0.0002773646713	0.0006246412097	0.0006596850164	0.0001028249911	0.0004298809832	3.231248239e-05	0.000513634899	0.0008046438977	0.0005870735513	0.0008764317134	0.0005988746279	0.0004101941181
4	22	Deep	0.000591893457	0.0002105580022	0.0001217709459	1.388145761e-06	3.792473945e-05	2.043062404e-06	0.0001320243482	6.8700457e-05	0.000291655642	0.0007488852298	0.0005326429326	0.0004155633038	0.0005127655621	1.253325076e-05	0.0004049409678	0.0008399689734	0.0005697328979	0.0008340940604	0.0004668565231	0.0004445098044
4	22	Rhizosphere	0.0006875442934	0.0001913760659	0.0001232914859	4.465244371e-06	4.480931805e-05	3.750727377e-06	0.0001157982055	7.626628868e-05	0.0002073018482	0.0006943378029	0.000520478886	0.0001741080602	0.0004512405213	1.361322819e-05	0.0004757313798	0.0009284802387	0.0006434314121	0.0006850399025	0.0004731710834	0.0003418180053
4	22	Surface	0.0004904556782	0.0002031890179	0.0001397910382	1.806947479e-06	5.937665331e-05	2.292070824e-06	0.0001534079384	8.311083286e-05	0.0002754674741	0.0006487263045	0.0005769229198	0.0001954047852	0.0004486139787	5.194215488e-05	0.000461063621	0.0008086988048	0.0005886299431	0.0008286184049	0.00054413111	0.0003894169409
4	23	Deep	0.0008814006625	0.0001602106361	0.0001046330708	4.875263385e-07	3.245727058e-05	7.984821089e-07	8.052824423e-05	5.437690352e-05	0.0001869159245	0.0007085138682	0.0005030640059	0.0001943818814	0.0004357406194	5.134837285e-05	0.0004835545977	0.0008005062971	0.0006404088416	0.0005890079245	0.000547823387	0.0003513537788
4	23	Rhizosphere	0.0008768848937	0.0001204590322	0.0001283539329	1.025530443e-07	3.647260616e-05	8.029073431e-07	0.0001079682102	4.456257492e-05	0.0002089063273	0.0008169922468	0.0007357951027	0.0001922289545	0.0004981033206	1.740829777e-05	0.000511031084	0.0007612038476	0.0006485276113	0.0006571842087	0.0004870096617	0.0003012588532
4	23	Surface	0.0004873174297	0.0001569093795	0.000165565991	6.910340569e-06	6.136403e-05	1.219814778e-06	0.0002150784028	9.389048499e-05	0.0002683618187	0.0007225550847	0.0007324054708	0.0001111904901	0.0004814036581	1.782342134e-05	0.0004967997599	0.0007815084168	0.0006359088425	0.0008266046745	0.0005644959194	0.000380990019
4	24	Deep	0.0004653066938	0.0002514799612	9.285650004e-05	6.540280356e-07	5.275917074e-05	2.738853486e-06	0.000113849608	8.651077559e-05	0.0002542198326	0.0006152803341	0.0004198134161	0.0002907302899	0.0004562093762	5.416056616e-05	0.0004536342091	0.0008924161027	0.000560590573	0.0007513445824	0.0005858539074	0.0004543870595
4	24	Rhizosphere	0.0004003233318	0.0002223897961	0.0001164560597	1.488948994e-06	5.735243166e-05	1.300300186e-06	0.0001396479253	9.122557359e-05	0.000256401495	0.0005269213331	0.0004404317884	0.0001877616243	0.0003957357292	7.205418091e-05	0.0004570504837	0.0008561828213	0.0005736551808	0.0008090860562	0.0005846732104	0.0004418007392
4	24	Surface	0.0004209849513	0.0002172732705	0.0001077499843	8.696303122e-07	5.853436097e-05	1.454889179e-06	0.000134477588	9.097580503e-05	0.0002461496444	0.0005351934512	0.0004520227877	0.0001999388594	0.0004037078403	8.631484935e-05	0.0004366149331	0.0008455365922	0.0005802247606	0.0007838223563	0.0005717668697	0.0004373532106
4	25	Deep	0.0002861200462	0.000117784339	0.0001161433898	1.924145778e-06	3.732065533e-05	1.146825121e-06	0.0001406281317	0.0001071158194	0.0002762210376	0.0004617216159	0.0004488579645	9.681285374e-05	0.0003454908653	0.0001006550664	0.0004495794806	0.0008517248697	0.0005688896405	0.001035495766	0.0006378234595	0.0004833318537
4	25	Rhizosphere	0.0002908747009	0.0001257463808	0.0001045728833	2.06854696e-06	3.640657191e-05	3.364626279e-06	0.0001200230346	8.697551605e-05	0.0003002396854	0.0004072561821	0.0004213054939	9.586307821e-05	0.0003782848053	0.0001463331703	0.0004221796773	0.0007671606752	0.0005882228343	0.0009863682384	0.0006922045778	0.0004640760636
4	25	Surface	0.0002898764188	0.0001467516374	0.0001066137129	6.618575661e-07	4.014729912e-05	1.727634992e-06	0.0001233545944	0.0001004501181	0.0002702870543	0.0004357136584	0.0004003043719	0.0001216547933	0.0003585885353	0.0001100713691	0.0004165366176	0.0008407550783	0.0005451378608	0.0009880942518	0.0006230933912	0.0004839224957
4	26	Deep	0.0003337433845	0.0001688061622	0.0001232321009	1.477644478e-06	4.787466367e-05	1.270987113e-06	0.0001307815452	9.685484516e-05	0.000276331235	0.0005049639568	0.0004254322402	0.0001229544161	0.0003840642778	7.580452995e-05	0.0004555407471	0.0008383144175	0.0005541061136	0.0009345315033	0.0005876456779	0.0004530712236
4	26	Rhizosphere	0.0001448498834	4.699136382e-05	6.658442097e-05	1.788533012e-07	1.729280129e-05	3.294895927e-07	6.910280724e-05	0.0001002320073	0.0002586777326	0.0002959679448	0.0002932226117	8.018928704e-05	0.0002927787248	0.0001787523776	0.000298055346	0.0008142865883	0.0005119654559	0.001143711821	0.0006678595606	0.0005474026794
4	26	Surface	0.0003729274697	0.0001692959318	0.0001117038461	1.427963214e-06	4.482157631e-05	1.219565311e-06	0.0001248089678	9.051286227e-05	0.0002804661768	0.0005195014572	0.0004150297836	0.0001678994639	0.0003855131764	8.223331275e-05	0.0004313240313	0.0008331634863	0.0005496032135	0.0009162617622	0.0005785357914	0.0004507338889
4	27	Deep	0.0004202350619	0.0002180717038	0.0001505783459	2.140568176e-06	6.352681158e-05	2.752702772e-06	0.000157471858	0.000106885238	0.0002525462938	0.0005477212673	0.000484632435	0.0001172980489	0.0004141981282	6.076873719e-05	0.0004777624857	0.0008607272246	0.0006079763201	0.0007929042291	0.0006037877889	0.0004153729689
4	27	Rhizosphere	0.0002866512024	0.0001289465307	0.0001173537982	3.422173748e-06	3.995306152e-05	2.034682634e-06	0.0001318162634	0.00010643898	0.0002864745539	0.0004150623474	0.0004080456518	7.67539914e-05	0.0003619906128	0.0001369943165	0.0004538071119	0.0007896628992	0.0005714435866	0.001019440978	0.0006767481623	0.0004749198268
4	27	Surface	0.0004086303654	0.00016840688	0.0001330794527	2.020560922e-06	5.145427416e-05	1.850855908e-06	0.0001493646447	9.631170397e-05	0.0002711572945	0.0005675752059	0.0005107245026	0.0001426260772	0.0004154934235	6.720216456e-05	0.0004624400854	0.0008193142286	0.0005826800986	0.000894977999	0.0005978151329	0.0004430631072
4	28	Deep	0.0003558642399	0.0002032861131	0.0001422159301	1.954907221e-06	5.652327021e-05	1.794729792e-06	0.0001788969444	0.0001259664569	0.0002358862014	0.0005254458653	0.0005611799421	8.683691892e-05	0.00041049673	3.00285596e-05	0.0005265955297	0.0009544178783	0.000610732776	0.0008102744494	0.0006365453552	0.0004411653031
4	28	Rhizosphere	0.0003592463728	0.000195650096	0.0001260036107	1.07752448e-06	5.565318373e-05	3.172044215e-06	0.0001432342548	0.000107534339	0.0002434874736	0.0005174734229	0.0004785090794	0.0001427911253	0.0003954238214	7.114634031e-05	0.0004660468721	0.0008813244438	0.0005909446805	0.0008588584483	0.0006217762917	0.0004433682535
4	28	Surface	0.0004081248864	0.0001863452043	0.000113142847	9.201739633e-07	5.607437775e-05	3.361157978e-06	0.0001266149498	9.43292207e-05	0.0002317611885	0.0005223060213	0.0004207676917	0.0001868970665	0.0003985340403	9.459272793e-05	0.0004328051897	0.0008322049095	0.0005811767635	0.0008633123854	0.0006096034242	0.0004587580937
4	29	Deep	0.0004569288703	0.000221757755	0.0001079551888	4.347826996e-07	5.700354893e-05	1.034989257e-06	0.0001394433033	9.363554554e-05	0.0002332755567	0.0005537468726	0.0004650130225	0.0001632131162	0.000418858309	6.453597005e-05	0.0004696531365	0.0008807472861	0.0006040848036	0.0007783925824	0.000592054903	0.0004309289996
4	29	Rhizosphere	0.0005416526601	0.0001994982771	0.0001138957153	9.715699509e-07	5.365199047e-05	3.567700189e-06	0.0001378678839	8.983012771e-05	0.0002380321961	0.0005466063606	0.0004692135708	0.0001935996947	0.000444310625	5.461460712e-05	0.00047930914	0.0008576712134	0.0006025566623	0.0007769368878	0.0005900542873	0.0004308483624
4	29	Surface	0.0003838270907	0.0001912498254	0.0001082144428	8.667995387e-07	4.921302008e-05	2.575963741e-06	0.0001087098427	6.730969648e-05	0.0002768815166	0.0004773346439	0.0003795014496	0.0001952950288	0.0003845027042	0.0001270649799	0.0003912669575	0.0007589066856	0.0005749592492	0.0009337719959	0.000588550988	0.0004468725726
4	30	Deep	0.0004766317539	0.0002564627483	9.766407969e-05	1.029396114e-06	6.647894516e-05	1.784415169e-06	0.0001288094567	8.378774415e-05	0.0002127376981	0.0005339861211	0.0004385638353	0.0002051508839	0.0003962041084	7.191395743e-05	0.000454294432	0.0008868994566	0.0005993869894	0.0007145157122	0.000577726537	0.0004297961058
4	30	Rhizosphere	0.0002549377485	0.0001539477009	0.0001209231589	3.6758553e-07	5.125962986e-05	2.064240829e-06	0.0001109478915	7.684685564e-05	0.000295284353	0.0003217498427	0.0003187925424	0.0001224671612	0.0003561193197	0.0001580839016	0.0004420197776	0.0007608516632	0.0005430559834	0.0009069359978	0.0007195440926	0.0005333239532
4	30	Surface	0.000433455371	0.0002567802031	8.104017601e-05	1.453502397e-06	4.311018475e-05	2.688343921e-06	9.141658197e-05	7.237434838e-05	0.0004132272489	0.0006392231296	0.0004465916561	0.0005616726822	0.0006093213746	3.267360585e-05	0.00047162087	0.000836143219	0.0005951996684	0.0009833609529	0.0005242840159	0.0005033411735
4	31	Deep	0.0004887645244	0.0002492769173	0.0001164645851	1.016976387e-06	6.05967411e-05	2.757552462e-06	0.0001358726269	9.794671945e-05	0.000195251302	0.0005555902403	0.0004966612219	0.0001626657019	0.0004153940314	5.10692962e-05	0.0004976499385	0.0009895722315	0.0006344359057	0.0006571526659	0.0005937056497	0.0004003983121
4	31	Rhizosphere	0.0003271729762	8.967606995e-05	8.578568438e-05	5.021293991e-07	3.244084856e-05	4.170384858e-06	0.0001251821736	5.111265239e-05	0.0002367905067	0.0003753296324	0.0002894568393	0.0002078960797	0.0002937035535	0.0002233395272	0.0002519509928	0.0006274294885	0.0005249089902	0.001083070702	0.0006602887189	0.0004584942951
4	31	Surface	0.0004751648536	0.00025302906	0.0001141772874	8.131219654e-07	6.711053888e-05	2.853548637e-06	0.0001276538717	8.021702759e-05	0.0002338521731	0.000592719872	0.0004721242845	0.0002291760252	0.0004168737242	8.299177356e-05	0.0004296642435	0.0008565229863	0.0005935549231	0.0007458736205	0.0005609496343	0.0004148259482
4	32	Deep	0.0004635543325	0.000228641791	8.128935362e-05	9.550771392e-07	7.507604332e-05	2.999862203e-06	0.0001079310655	7.102119378e-05	0.0002272424137	0.0005394064244	0.0004401063784	0.0002580717868	0.0003581582361	0.0001400233462	0.0003912042365	0.0008061282244	0.0005984278757	0.0007322338709	0.000572614892	0.0004181302166
4	32	Rhizosphere	0.0003063110765	0.0001267638418	6.348004337e-05	9.154423197e-07	2.60596832e-05	1.688654987e-06	9.600465641e-05	8.338480884e-05	0.000314560467	0.0002921754995	0.0002489840085	0.0002636001342	0.0003584874921	0.0002170712289	0.0003700289763	0.0006980953061	0.0005288172806	0.001076312406	0.000699391116	0.0005281408687
4	32	Surface	0.0004823860198	0.0002782890211	8.987355229e-05	6.754831327e-07	8.105268224e-05	1.090246134e-06	0.0001155722084	8.924133012e-05	0.0002264752206	0.0005382240632	0.0004076780507	0.0002440156376	0.0003931768573	0.0001019704086	0.0004225256036	0.0008428440345	0.0006017954773	0.0006956963496	0.0005587416187	0.0004162646706
4	33	Deep	0.0004677339682	0.000273968825	9.517917731e-05	6.878031233e-07	6.759362729e-05	1.081468104e-06	0.000129586115	8.383090332e-05	0.000243230043	0.0005822552133	0.0004484267101	0.0002512173611	0.0004102798082	7.64185397e-05	0.000431660856	0.0008638894167	0.000603158543	0.0007363339267	0.0005451144654	0.0004244073025
4	33	Rhizosphere	0.0005026420577	0.0002920877749	9.86901795e-05	1.316214147e-06	7.14497072e-05	1.457518411e-06	0.000126866582	8.441223427e-05	0.00025270113	0.0005983275482	0.0004392793	0.0002769889939	0.0004246468829	7.405479752e-05	0.000440379289	0.0008760475403	0.0006129688992	0.0007260135313	0.0005390999885	0.0004131701036
4	33	Surface	0.0004458948369	0.0001530773921	0.0001289160457	1.288966377e-06	4.092010525e-05	3.289679557e-06	0.0001335974502	8.595060622e-05	0.0003297859395	0.0005377427126	0.0005338978295	0.000213489619	0.0003787361198	5.825735193e-05	0.000430892576	0.0007688791648	0.0005483905925	0.0009696968069	0.0006242640895	0.0004584291853
4	34	Rhizosphere	0.0002632356417	0.0001318778422	9.851807546e-05	3.14445965e-07	3.000242054e-05	1.416909035e-06	8.974703512e-05	6.450234499e-05	0.0003622560353	0.0005237990514	0.0004860864917	0.0004080423801	0.0003957060911	8.992512449e-05	0.0003927052551	0.0007380887931	0.0005129660523	0.0009680330469	0.0006131054787	0.0005340529053
4	34	Surface	0.000196917194	0.000272749846	0.0001044543962	5.890667644e-07	6.133930442e-05	1.297609646e-06	9.026779904e-05	5.601767404e-05	0.0002807122948	0.0003150216133	0.0002660960854	0.0001758426621	0.0002186712771	0.0002463721886	0.0002960861971	0.000683755726	0.0005111802535	0.0008073858589	0.0006832634094	0.0004868069369
4	35	Deep	0.0004483310587	0.0002768834875	0.0001166515536	2.908314318e-06	8.13232716e-05	6.021625511e-06	0.0001181834895	9.595424223e-05	0.000190802301	0.0005073951296	0.0004609106478	0.0001513563941	0.000384204604	7.868742197e-05	0.0004676791576	0.0009616444847	0.0006237926504	0.000638086805	0.0005934271789	0.0003963186283
4	35	Rhizosphere	0.0002794524686	0.0001594194203	9.867226058e-05	4.600694428e-07	4.312052909e-05	3.674976411e-06	0.0001186622917	9.036890307e-05	0.0002505130693	0.0003745269866	0.0003561845142	0.0001181148147	0.0003648608651	0.0001419416614	0.0003991380934	0.0008366713374	0.0005559678863	0.0009034291943	0.0006737273173	0.0004711732917
4	35	Surface	0.0004148305925	0.0002318523577	0.0001255755447	1.331139304e-06	6.797334239e-05	1.68986761e-06	0.000156298737	9.613174399e-05	0.0002405965058	0.000541698662	0.0004749209185	0.000180785972	0.0004185412362	7.126598562e-05	0.0004498796545	0.0008749942584	0.0005915825656	0.0008165865652	0.0006085763154	0.0004312346689
4	36	Deep	0.0003940937852	0.0002535402038	0.0001593815603	2.162270413e-06	6.598802557e-05	4.902790351e-06	0.0001474741256	0.0001265705265	0.0002219298815	0.00052508461	0.0004904489996	0.0001023523784	0.0004357346922	3.201015857e-05	0.0005274736667	0.0009867317533	0.0006313273942	0.0007627124656	0.0006352185566	0.0004110677566
4	36	Rhizosphere	0.000321495157	0.0001022627435	0.0001071800985	3.562507713e-07	4.315056312e-05	2.858196999e-06	0.000118346361	7.426828982e-05	0.0002611854376	0.0005837828454	0.0003115630713	0.0005848835293	0.0003461013706	8.572506595e-05	0.0003737534841	0.000795524081	0.0005598614879	0.001147104067	0.0006737857201	0.0004391927272
4	36	Surface	0.0003033198772	0.0001805806514	0.0001535631364	8.329141435e-07	6.064029356e-05	1.451662527e-06	0.0001318200466	9.620931866e-05	0.0002619904649	0.0004913368547	0.0004256392485	0.0001305379015	0.0003886813362	0.0001032072559	0.0004198111222	0.0007944151218	0.0005688284152	0.0009782123248	0.0006160803948	0.0004565103645
4	37	Deep	0.0002072482838	0.000216302675	0.0001471782242	1.265781512e-06	6.378614226e-05	1.182410392e-06	0.0001197488893	9.324721436e-05	0.0002773776284	0.0004138004625	0.0003068634102	0.0001010826413	0.0003048102499	0.0001388261026	0.0004105866957	0.0008134853398	0.0005222759605	0.0009488501243	0.0006388592732	0.0004717881867
4	37	Rhizosphere	0.0002541335343	0.0002775898088	0.0001769321968	6.009651421e-06	7.390538043e-05	1.486231207e-06	0.0001142652822	7.897827642e-05	0.0002829547957	0.0005024082942	0.0003225529867	0.0001201668981	0.0003580641294	0.0001013093723	0.0004538667175	0.0008035080602	0.0005213296017	0.0008824015451	0.0006001719751	0.0004312694667
4	37	Surface	0.0002642446578	0.0002532998765	0.0001654594337	9.927711129e-07	6.907457713e-05	1.755697953e-06	0.0001172166646	8.336317216e-05	0.000284370637	0.000482631226	0.00032512389	0.0001183097823	0.000349724701	0.0001095410914	0.0004314311085	0.0007967189787	0.0005217874717	0.000921399486	0.0006011170539	0.0004382531812
4	38	Deep	0.0004261926174	0.0002492045979	0.000123757058	1.531085756e-06	6.319544754e-05	2.203710113e-06	0.0001462142643	0.0001025166703	0.0002303358334	0.0004767505076	0.0004602194869	0.0001383711259	0.0004037280013	7.236615906e-05	0.0004901646024	0.0009114510515	0.0006272894547	0.0007080238932	0.000621694257	0.0004267597848
4	38	Rhizosphere	0.0003259790154	0.0001301985853	0.0001101058917	1.581640939e-06	3.915744394e-05	2.150110136e-06	0.0001227622333	9.452130031e-05	0.0003328829701	0.0004015907539	0.0004123657671	0.0001440458201	0.0004064958424	0.0001465900848	0.0004716772582	0.0007527155193	0.000578225473	0.001005048404	0.0006919927642	0.0004859640392
4	38	Surface	0.0002659128554	0.000266836257	0.0001891165308	1.1264035e-06	7.490061461e-05	2.11502373e-06	0.0001343665048	9.985231194e-05	0.0002815395164	0.0005094230285	0.000389544035	9.755732799e-05	0.0003648040982	8.137337125e-05	0.0004650519187	0.0008328684381	0.00052896343	0.0009049521467	0.0006033754773	0.0004318046544
4	39	Deep	0.0003770264213	0.0002990130075	0.0001654750452	1.48496988e-06	9.732023187e-05	3.49953014e-06	0.0001429017208	8.47752989e-05	0.0002194611819	0.000529374607	0.0004487426796	0.0001194090806	0.0003895770321	9.729020653e-05	0.0004927406293	0.0009044858769	0.0006160930039	0.0006896835866	0.0006046600722	0.0003817516791
4	39	Rhizosphere	0.0001987086061	8.383604988e-05	0.0001090036759	1.4610368e-06	5.283520049e-05	1.601367278e-06	7.574818579e-05	6.894624411e-05	0.0001722891409	0.0004402620629	0.0002412824882	6.062075821e-05	0.0003797178241	0.0001867470519	0.0003653697347	0.0006893047661	0.000557588562	0.001079817388	0.0006751996696	0.0005219893074
4	39	Surface	0.0002259278015	0.0002230062213	0.0001544754446	1.12230603e-06	6.812027165e-05	9.274538611e-07	0.0001184162253	9.177473217e-05	0.0002585808292	0.0004304642028	0.0003279572709	0.000103167468	0.0003284708047	0.0001409337373	0.0004103177083	0.0007861490896	0.000519686256	0.0009220228218	0.0006272655064	0.0004601186481
4	40	Deep	0.0006213755408	0.0002272105632	0.0001175887677	1.069160709e-06	5.57605151e-05	1.90039873e-05	0.0001326609732	8.454735205e-05	0.000256550665	0.0006278570449	0.0005078772238	0.0003217547843	0.0005506192487	1.721260012e-05	0.0004787015265	0.0008632224032	0.0006044924421	0.0007661277895	0.000605711757	0.0004114136255
4	40	Surface	0.0005558200437	0.0002815313331	0.0001322198009	8.298572413e-07	5.874025661e-05	3.149074922e-06	0.0001383337766	8.054587947e-05	0.0002400877246	0.0006446547839	0.0004634453566	0.0002822773822	0.000418698809	5.612995352e-05	0.0004219473783	0.0008795212904	0.0006034928505	0.0007003392432	0.000533963448	0.0003992210254
4	41	Deep	0.0002975747832	0.0002032020376	8.830370585e-05	1.087846398e-06	5.634674199e-05	3.668025854e-06	0.0001026630723	7.844167275e-05	0.0002249231053	0.0003633778543	0.0002890931376	0.0001663600899	0.0002671942102	0.0001918145239	0.0003719141931	0.0008352925763	0.000584649202	0.000790219939	0.0006351325443	0.0004401095735
4	41	Rhizosphere	0.0002968745148	8.651415381e-05	7.721273819e-05	7.002991357e-07	2.123015431e-05	8.989842149e-07	9.470694156e-05	8.558837207e-05	0.0002949807452	0.0003142820481	0.0003040333707	9.257043477e-05	0.0002706910418	0.0002220643926	0.0003488687722	0.0006825963531	0.0005226765664	0.001066611417	0.000747954565	0.0005386958256
4	41	Surface	0.000397723985	0.0002161936888	0.0001229219406	1.161443666e-06	6.501942834e-05	3.044366422e-06	0.0001219683455	7.498391664e-05	0.0002589285515	0.0004729287727	0.0003981732343	0.0001303129407	0.0003567790068	0.0001435931731	0.000391905536	0.0007741284802	0.000576556612	0.0008525686127	0.0005959287072	0.0004117256711
4	42	Deep	0.0002868466947	0.0002905033976	0.0001044671512	3.353940412e-08	2.482539907e-05	5.91501586e-07	9.4448209e-05	0.0001348629636	8.364993265e-05	0.0004354318607	0.0003643536672	0.0002029644758	0.0003059234915	5.684434646e-05	0.0003632591911	0.001001391559	0.0006778510371	0.0005885906298	0.0007139741949	0.0003915570409
4	42	Rhizosphere	0.0003001988147	9.878445263e-05	0.000156561568	1.850688685e-07	1.606367241e-05	3.125628056e-06	0.000228493662	0.0001437892717	0.0002341732515	0.0003981736543	0.0002562050542	0.000605472932	0.0003814778658	0.0001521268046	0.0005187256146	0.0007422948843	0.0005665818173	0.0009849925244	0.0007159389133	0.0004497258698
4	42	Surface	0.0002603371343	0.0001729571419	7.168397286e-05	6.213927775e-06	6.075060141e-05	6.500350672e-07	8.661512482e-05	5.657993103e-05	0.0002459561754	0.0003212817028	0.0002400872843	0.0002389323731	0.0002772872333	0.0002547874461	0.000332197065	0.000711296057	0.0005531270911	0.0008886273007	0.0006686117687	0.0004769306261
4	43	Deep	0.0004062635657	0.0001610306187	6.751759068e-05	6.715216916e-07	3.841483627e-05	2.679991898e-06	7.896140982e-05	6.115784626e-05	0.0002318516914	0.0003722173414	0.0002911825635	0.0001602473986	0.0002813798773	0.0002070834433	0.0003235462518	0.0007362104902	0.000580493124	0.0007991253103	0.0006037842899	0.0004374300304
4	43	Rhizosphere	0.0004853454518	0.0002664877491	2.548062896e-05	6.457126051e-09	2.910039533e-06	1.789115691e-07	0.0001590872167	2.843481439e-06	0.0004577051118	0.0008378661044	0.0005407474426	0.001391255806	0.0008025090962	4.039550842e-06	0.0003113708758	0.0006479368929	0.0007626442248	0.001330611712	0.0002992292674	0.0005893577893
4	43	Surface	0.0005033594054	0.0002194087826	0.0001252857209	3.626231444e-06	6.91492353e-05	2.518526947e-06	0.0001342585892	8.718000045e-05	0.0002631481885	0.0005737823506	0.0004810839738	0.0001889951039	0.0004046940923	0.0001007190812	0.000413157511	0.0008157737454	0.0005958490725	0.0008254347362	0.0005617535666	0.0004054222736
4	44	Deep	0.0003688839479	0.0002181326178	0.0001016551886	1.16840788e-06	7.598508592e-05	4.091823566e-06	0.0001136658643	8.015742081e-05	0.0002275795321	0.0004190810933	0.0003690774962	0.0001578511313	0.0003271347875	0.0001694277474	0.0003733697265	0.0008187509841	0.0005974582257	0.0007666616027	0.0006228445004	0.0004073510522
4	44	Rhizosphere	0.0004042284424	0.0001756640028	0.0001141932591	1.857604338e-06	5.999980321e-05	1.645528181e-05	9.990214989e-05	0.0001239149321	0.0002609238106	0.0004694125346	0.0004077487588	0.0001218622295	0.0003741663605	9.863399441e-05	0.0004487013183	0.0008673027952	0.0005870114578	0.0008787776984	0.0007086327612	0.0004302414269
4	44	Surface	0.0004432155508	0.0002254986074	0.000103960317	2.152500825e-06	6.88402631e-05	2.41784732e-06	0.000138443417	9.037238924e-05	0.0002366800843	0.0004922048917	0.0004690024338	0.0001443255433	0.0003771817175	9.795957057e-05	0.0004349570271	0.0008440877903	0.000603781834	0.0007631776864	0.0005979315585	0.0004491165762
4	45	Deep	0.0004551893418	0.0002140201375	0.0001181129399	2.544313584e-06	5.842500514e-05	1.695745118e-06	0.0001629691383	0.0001095616707	0.000243534526	0.0005668832898	0.0005322628842	0.0001282894248	0.0004163601597	5.006723979e-05	0.0004928612125	0.0008871350672	0.000618483828	0.0007711130928	0.000586586339	0.0004361670339
4	45	Rhizosphere	0.0003469350467	0.0002461937561	9.238421967e-05	8.69882502e-07	5.714545349e-05	1.417767504e-06	0.0001152236403	7.665671808e-05	0.0002694497311	0.0004178297949	0.0003149905967	0.000183056427	0.000309410086	0.0001811048746	0.0003596354819	0.0007609120302	0.0005597320979	0.0008220395603	0.000627125332	0.0004660225145
4	45	Surface	0.0004892970185	0.0002913862268	0.0001112058728	5.327389501e-07	6.790164802e-05	1.926444012e-06	0.0001433700752	9.234184405e-05	0.0002550183706	0.0005700510171	0.0004413930406	0.0002241173282	0.0004060348753	8.09870901e-05	0.0004339822472	0.0008439788795	0.0005959410826	0.0007260584549	0.0005576320593	0.000425576498
4	46	Deep	0.0003766117444	0.0001494942504	9.435056186e-05	1.562057736e-06	5.036004714e-05	4.070976885e-06	9.376352491e-05	7.323240345e-05	0.0002420700923	0.0004035109553	0.0003129175428	0.0001605231106	0.0002975051052	0.0001908918237	0.0003815745813	0.0007397159273	0.0006015481882	0.0008642741843	0.0006059621949	0.0004101645869
4	46	Rhizosphere	0.0003904278802	0.0001112605298	0.000227059886	2.127616609e-06	8.925085032e-05	1.330607394e-06	0.0001344897915	0.0001023843999	0.0003085718956	0.0006013249726	0.0004902287861	0.0001204271818	0.0004688458834	5.60804077e-05	0.0004606153666	0.0007042205654	0.0006684970592	0.0009675419408	0.0006855707758	0.000374306638
4	46	Surface	0.000504534157	0.0001540081082	0.00014437658	0.000116040026	8.144277941e-05	1.010058174e-05	0.0001081412814	0.000102151365	0.0003003962647	0.0006204846957	0.0006047474888	0.0001425198177	0.0004402046761	8.684051614e-05	0.0005564976078	0.000753774289	0.0005710471811	0.0008684895332	0.0005211293015	0.0005058590178
4	47	Deep	0.0005338057401	0.0002306907455	0.0001119097199	5.513397459e-08	5.121498045e-05	8.147931568e-07	0.0001312230936	8.371832474e-05	0.0001920470423	0.0005157640504	0.000374058052	0.000140629834	0.0003845610507	6.626306479e-05	0.0004981770379	0.0008306494731	0.0006300595018	0.0006439251396	0.0005682621498	0.0003566334912
4	47	Rhizosphere	0.0003560181221	0.0002060477903	0.0001483110738	1.832599063e-06	6.572035656e-05	2.980801493e-06	0.0001516763658	9.941218579e-05	0.0002556896243	0.0005169518641	0.0004788096856	9.700171622e-05	0.000387066926	9.710659356e-05	0.000471139136	0.0008229901551	0.0005787715796	0.000883106021	0.000639401602	0.0004516436265
4	47	Surface	0.0003153641802	0.0002422799021	0.0001495451677	4.958236756e-07	6.463006056e-05	2.423015732e-06	0.0001174297283	6.230031696e-05	0.0002484935632	0.0004694967396	0.0003930416996	0.0001527839643	0.0003591673356	0.000119523435	0.0004404256023	0.0007662349951	0.0005653716304	0.0008617166792	0.0006065578165	0.0004356928605
4	48	Deep	0.0006345101584	2.603402411e-05	0.0002976921083	0	0	0	0.0002813566149	0.0002207363388	0.0001384741709	0.0008874632167	0.0001744802308	0.0002582950009	0.0004156278166	1.999267019e-05	0.0002263271518	0.0005487986394	0.00045616633	0.0007982739158	0.0008076335686	0.0005553351777
4	48	Rhizosphere	0.0004196330725	0.0001877014748	0.0001448531245	2.075503577e-06	6.030446399e-05	2.938682192e-06	0.0001697814061	0.0001051014668	0.0002370574399	0.0005224290122	0.0005165593205	0.0001348568639	0.0004206136469	7.374634136e-05	0.0004753363828	0.0008308699843	0.000620601796	0.0008199619317	0.000639468988	0.000451816966
4	48	Surface	0.0004730161668	0.0001752861383	0.0001543087729	3.778446181e-06	6.488439133e-05	2.033034735e-06	0.0001660735171	9.11053172e-05	0.0002568343218	0.0005952579529	0.0005570516655	0.0001493030053	0.000464641551	4.93228746e-05	0.0004810625994	0.0007963322489	0.0006264362724	0.0008635377937	0.0006303225804	0.0004283001045
4	49	Deep	0.000109009239	8.648572231e-05	3.897124914e-05	7.688424444e-08	2.781375484e-05	2.544403413e-06	9.188854945e-05	6.327012742e-05	0.0001593958411	0.0002611385194	0.0001044197243	0.0006324668998	0.0002867573317	0.0003549105472	0.0003277411944	0.0006977016583	0.000573415435	0.001152704583	0.0008185300521	0.0005305301836
4	49	Rhizosphere	0.0001593311158	0.0001273575246	8.332479048e-05	1.862445595e-06	6.790407411e-05	2.660281946e-08	0.0001131263403	0.0001860260663	0.0001341459163	0.0002346614208	0.000502378309	0.0002279085884	0.0001893073821	0.0001768473741	0.0004279856326	0.0009524349978	0.0006527123268	0.0008654323595	0.0007713691635	0.0005671868743
4	49	Surface	0.0002699335934	0.0001077037782	0.0001095729366	1.86020477e-06	4.757003872e-05	4.47439795e-07	0.0001219604375	9.206617019e-05	0.0002316171623	0.0003913208068	0.0003661511557	0.0003795258095	0.000314224157	0.0002087661151	0.0003636222768	0.0006883407965	0.0005874516061	0.001020646737	0.0007188740286	0.0004558791771
4	50	Deep	0.0004304089556	0.0003426627639	0.0001842813032	1.252965791e-06	9.407430419e-05	3.502416276e-06	0.0001667220448	9.021200148e-05	0.0002449684559	0.0005991805429	0.0004815942179	0.000136149887	0.000410818578	5.639398353e-05	0.000498564473	0.0008682767761	0.0005883948506	0.0007270578092	0.0005735816328	0.0003855578972
4	50	Rhizosphere	0.0001643207247	5.718209727e-05	5.502074813e-05	2.345128154e-06	2.077774154e-05	1.473759825e-06	5.900824107e-05	3.816330114e-05	0.0001136033707	0.0007234754977	0.0002859173471	4.507957521e-05	0.0005174013243	1.445466218e-05	0.000635920163	0.0007363917064	0.0005464676426	0.001049541053	0.0006844379535	0.0005460452357
4	50	Surface	0.0006345660359	0.0003182954046	0.0001119004501	4.746526035e-07	8.20284598e-05	5.599793821e-06	0.0001465068734	9.388088108e-05	0.0002331548399	0.0005968843259	0.0004495747636	0.000211581561	0.0004228599768	7.534018964e-05	0.0004519002495	0.0008120862423	0.0006006073131	0.0006696349188	0.0005636375294	0.0004194651746
4	51	Deep	0.0003990564791	0.0002029311733	0.0001103172782	3.259165133e-07	7.004085062e-05	8.219832709e-06	0.0001392774708	9.359168215e-05	0.0002179119269	0.0004555084306	0.0004168668831	0.0001336902217	0.000364669054	0.0001335403154	0.0004199463218	0.0008437400415	0.0006175361235	0.0007434817899	0.0005883101566	0.0004138310137
4	51	Rhizosphere	0.0001665674458	0.0001682989497	0.0001195461298	5.134298716e-07	4.296003852e-05	1.000965416e-06	9.584391229e-05	9.661880404e-05	0.0003037636234	0.0003286353934	0.0002698799168	8.209139952e-05	0.0002763543783	0.0001640054582	0.0003849547105	0.0007894393162	0.000519489062	0.001133029888	0.0006207207588	0.0005045783414
4	51	Surface	0.000984469472	0.0003457176823	0.0001933966264	3.747878483e-07	6.977383135e-05	1.218225451e-06	0.0001523438877	0.0001030385085	0.0003118959624	0.0006978613895	0.0004805572881	0.0002786792397	0.000504687243	5.705634267e-05	0.0004399190799	0.0007613428078	0.0005555765071	0.0007666301182	0.0005347647546	0.0004331803343
4	52	Deep	0.0006531605744	0.000255933863	0.0002739774598	2.066143062e-06	7.15906288e-05	0	0.0001042222417	0.0001091313873	0.0003615121732	0.0004618220679	0.0001067923873	0.0003236578667	0.0002870950386	4.512297013e-05	0.0004641190122	0.0005702924282	0.0004993859046	0.0006651186095	0.0005432145487	0.0004414061655
4	52	Rhizosphere	0.0002337181621	0.0001001621655	0.0001500286863	1.665066323e-06	4.933744509e-05	5.06960013e-07	0.0001092742034	7.728488103e-05	0.0002259635435	0.0003482470959	0.0003383928863	0.0006416724181	0.0003402621929	0.0001796805587	0.0003866420436	0.0006994314793	0.0005512803563	0.0009868910276	0.000701931497	0.0004744926363
4	52	Surface	0.001554757557	0.0001162916992	0.0002560378917	2.855797608e-06	0	0	7.295263539e-05	8.358543595e-05	0.0003694293174	0.0004232466151	0.0003392335865	0.0003651967924	0.0004491294801	3.051854225e-05	0.0004867754954	0.0005333031512	0.0004243979559	0.0005741624869	0.0005410772209	0.0004085094396
4	53	Deep	0.001068822475	0.0002388755514	0.0002330363134	4.306237536e-06	0	0	2.796160799e-05	0.000148473732	0.0003995834981	0.0001939638703	5.615671357e-05	0.0003881909597	0.0002631749133	2.790274956e-06	0.0006207300082	0.0005444845429	0.0005478430984	0.0005005782378	0.0004403853584	0.0003075710707
4	53	Rhizosphere	0.0009584466635	0.0001256734058	0.0001208013996	0	4.672512586e-05	7.570604583e-08	8.177897142e-05	8.956087042e-05	0.0003111293333	0.0006914586027	0.0005489746165	0.0001523542047	0.0004072163107	5.898308724e-05	0.0003276717446	0.0006939111894	0.0005231034154	0.0007632683758	0.0006383380571	0.0004917625514
4	53	Surface	0.0006007270795	0.000360796517	0.001032085004	0	0	0.0007081678142	0.0005257997281	4.7601876e-05	0.000317419512	0.0002107252779	0.0008691731239	2.641477026e-05	0.0001598985969	0	0.0002885271663	0.0006092039499	0.0005635021365	0.0004504066554	0.0006135229174	8.801690881e-05
4	54	Deep	0.0004761753491	0.0002891761899	0.0001482440187	2.541450365e-09	2.515026143e-05	4.827614388e-07	0.000122647556	0.0001607263723	0.0001524064955	0.0003984484262	0.0003527946226	0.0002426645842	0.0003894204266	1.513785053e-05	0.0004671275204	0.000970248384	0.000684535642	0.0005771451579	0.0006723847999	0.0003479343245
4	54	Rhizosphere	0.0004948301845	0.0002804496637	0.0002229784547	4.080651626e-07	6.037589548e-05	2.578753837e-06	0.0002154993922	0.0001732885134	0.0001938588835	0.0004353685136	0.000257179903	0.0003837748306	0.0004673163276	2.407883398e-05	0.0005604545686	0.0008201268112	0.0006316587272	0.0006059043016	0.0005853061133	0.0003209240494
4	54	Surface	0.002018939251	1.496895573e-06	0.0003142510255	0	1.798139719e-07	1.136064508e-13	0.0001907466012	0.0001643993625	0.0002646049838	0.0007607176007	0.0005075476869	1.49924863e-05	0.0005577370047	4.612577192e-05	0.0002048312005	0.0005778395574	0.0003745686555	0.0004999727643	0.0006302680166	0.0004441589473
4	55	Deep	0.0001085826489	5.947235213e-05	0.0002483451092	1.071766695e-11	1.867661162e-05	1.159665165e-05	8.607432509e-05	0.0002311479127	0.0001447340361	0.0003654346447	0.0003589603702	0.0003741539823	0.000239075954	8.059439242e-05	0.0003769200228	0.0009555363119	0.0005907380065	0.0007670168791	0.0006925121288	0.0005265564243
4	55	Rhizosphere	2.562449068e-06	7.279570045e-06	0.0001973139851	0	7.418931955e-07	2.074385395e-17	8.59625336e-05	8.804482499e-05	0.0003109961349	0.0004502683913	0.0004050045897	0.001229021997	0.0002065673704	0.0001186356242	0.0004238208728	0.0005372273389	0.0004709269165	0.0009435224681	0.0008256281369	0.000496393899
4	55	Surface	6.930073811e-05	7.267195103e-05	3.685435391e-05	1.093294973e-06	9.880542967e-06	2.345125964e-08	0.0001121710784	0.0001413632815	0.000217973276	0.0001316871059	0.0002959988576	0.0002615463975	0.0001366247538	0.000280417948	0.0002783535972	0.0006927120748	0.0005162976502	0.001086629446	0.0007380265931	0.0006297352246
4	56	Deep	0.001427145562	0.0001078581222	0.0002379216872	2.546950316e-06	7.053525651e-07	1.320207927e-08	6.809189702e-05	7.841122333e-05	0.0003501905428	0.0003766459036	0.0002528980937	0.0002916659684	0.0003812397083	8.420886983e-05	0.0004493773919	0.0005441243595	0.0004497205472	0.0005279193935	0.0005301474926	0.0003903347133
4	56	Rhizosphere	0.0008124393714	0.0001380361787	0.0001665656735	1.856505692e-06	2.528461878e-05	8.825490403e-07	0.0001469076374	0.0001666632667	0.0002475273638	0.0004091208563	0.0003698853072	4.228302515e-05	0.0003172742312	4.514881376e-05	0.0003919194667	0.0009069000121	0.000541287012	0.0007630047101	0.0006845137013	0.0005051204691
4	56	Surface	0.0009659698203	0.0002027802547	0.0002295766121	4.770864202e-06	2.468018021e-05	2.517272988e-07	7.469225241e-05	7.166088865e-05	0.0003903515483	0.0003584652577	0.0002133394021	0.0002877710212	0.0003521408041	5.118716011e-05	0.0005659942387	0.0006057353767	0.0004729164738	0.0007110493871	0.0005327345331	0.0003867989335
4	57	Deep	0.0004837280326	0.0002322579285	0.0001056222275	2.242711679e-06	8.664526091e-05	5.172179744e-08	6.761748209e-05	5.132000562e-05	0.0002671619013	0.0003690821316	0.0001991198567	0.0002811824424	0.0002635026708	0.0001626421679	0.0004585479015	0.0006526927116	0.0006016684597	0.000665214941	0.0005839828919	0.0002447834768
4	57	Rhizosphere	7.788228789e-05	7.812715832e-05	3.322905255e-05	7.366974039e-07	2.173422182e-05	1.95672007e-07	3.669886871e-05	3.141961572e-05	0.000245904163	0.0001246345999	8.872470896e-05	0.0004399118976	0.0002137931992	0.0003773718657	0.0002317076956	0.000569785582	0.0004894125697	0.001119408226	0.0008106573711	0.0005403870535
4	57	Surface	0.0002559756749	0.0001974754087	8.937340127e-05	2.840765289e-06	0.0001154675912	9.182937244e-06	0.0001046178356	8.071120512e-05	0.0001973728749	0.0003571086739	0.0002654925808	0.0002736800803	0.0002746277698	0.000268150605	0.0003172608923	0.0007155972041	0.000550305578	0.0007634284688	0.0006911830229	0.0004283269618
4	58	Deep	0.00148559229	0.0001801064893	0.0002817025475	4.422909675e-06	0	0	4.790743221e-05	6.510579305e-05	0.0004552245559	0.0003083129678	0.0001546502588	0.0003969052276	0.0003623496578	0	0.0006369876784	0.0004891832773	0.0004325100849	0.0005448521594	0.0004712522022	0.0003498688363
4	58	Rhizosphere	0.0005657646368	0.0001379876504	0.0001406363981	2.412689188e-06	1.86722353e-05	6.774627221e-06	0.000203503554	6.227026513e-05	0.0003972012069	0.0006653877034	0.0005006323848	0.0002925125108	0.0003864543036	2.132497155e-05	0.0005028860167	0.0005682283082	0.0004316074612	0.0008047334496	0.0003723202296	0.0002810024594
4	58	Surface	0.0008773068893	0.0001708786593	0.0001558331218	4.163213366e-10	3.69030665e-05	1.208386854e-07	0.0001281599748	9.152606872e-05	0.0002495176393	0.0005689076916	0.0004833646735	0.0001972726088	0.0004111033011	7.868019081e-05	0.0003621779337	0.0007912423871	0.0004746657067	0.0007254409884	0.0007026915514	0.0005052470827
4	59	Deep	0.001414276568	1.540752093e-05	0.0002014684767	5.772245921e-10	5.021751985e-06	1.610836275e-07	0.0002364545002	0.000100791269	0.000231591036	0.0006235673532	0.0004472863306	2.731099209e-05	0.0004110881953	3.970290203e-05	0.0004979470629	0.0005899818183	0.0004469229868	0.000700428265	0.0007091799831	0.0004374865011
4	59	Rhizosphere	0.0001502776072	0.000124504451	8.015364817e-05	3.160891205e-07	1.667470099e-05	4.660121118e-07	0.0001236634765	0.000109093567	0.0002086035118	0.0004385803847	0.0001612118073	0.0001472012738	0.0002964982748	0.0001582076571	0.0004278330016	0.0007094533071	0.0005627498614	0.001100189313	0.0006399275179	0.0005396277877
4	59	Surface	0.000296438904	0.0001365469459	0.0001116088924	1.244248233e-06	2.507527478e-05	4.813006379e-07	0.0001810423599	8.282949796e-05	0.000275266491	0.0002772163435	0.000146139775	0.0001787462063	0.0002626590589	0.0001105935936	0.0006083086188	0.0007011776941	0.0005215518315	0.0008738937105	0.000731911209	0.0004935365485
4	60	Deep	0.000469005508	0.0001815357728	0.0003010520799	1.569204381e-06	7.430841447e-05	8.921067568e-07	0.0001602096186	6.756205277e-05	0.0001070015005	0.0004747672958	0.000489116722	5.387659752e-05	0.0003883023803	8.365459189e-05	0.0003624710302	0.0007823847106	0.000695510334	0.0004499023545	0.0005433229932	0.000169360113
4	60	Rhizosphere	0.0003651507724	0.0001633335784	0.0001412028412	3.595466035e-06	6.154833611e-05	7.469122574e-07	0.000116527649	4.189166965e-05	0.0002934826581	0.0004538229243	0.0005151256568	0.0003375563883	0.0003708402984	0.0001522150438	0.0003815924142	0.0006840702739	0.0005319772324	0.0008984347742	0.0006171884182	0.0004094552848
4	60	Surface	0.00103615721	1.27202795e-05	9.174482359e-05	2.753916336e-16	6.384403037e-06	0	0.0002589413378	4.508604224e-05	0.0001733279928	0.0005860557078	0.0004218279392	0.0001412281624	0.000538016613	5.563830675e-05	0.0004479086683	0.0005626462969	0.0005063702026	0.0006176459947	0.0005631902723	0.0004291384799
5	1	Deep	0.0002321418683	5.012064026e-05	4.138834041e-05	2.565298327e-07	1.569705677e-05	7.012034493e-07	8.600749704e-05	5.344911401e-05	0.000328994506	0.0003610465316	0.0003023773696	0.0002071349446	0.0002239485719	0.0002382843991	0.0002689895001	0.0006793143553	0.0005374258705	0.001302401934	0.00064383621	0.0005223104654
5	1	Rhizosphere	0.0001983771035	3.22791167e-05	3.1798103e-05	3.659924883e-07	1.075314073e-05	3.387423653e-07	6.727361585e-05	4.798870595e-05	0.0003313644477	0.000284651307	0.0002170979934	0.000218143842	0.0001792900133	0.0002935934967	0.0002220935319	0.0006386128839	0.0005348896154	0.001402860069	0.0006687302851	0.0005321745313
5	2	Deep	0.0003213037352	0.0001005920786	8.792641201e-05	5.891334419e-06	3.058382558e-05	1.460151465e-06	0.0001086961223	7.509449999e-05	0.0002738252439	0.0003556851006	0.000320412765	0.0003530105116	0.0002894744638	0.0002146809349	0.0003729558754	0.0007347199236	0.0005750256326	0.001029816953	0.00071831939	0.0004600603309
5	2	Rhizosphere	0.0003028665663	0.000108632895	9.200926429e-05	2.88239753e-06	2.938736209e-05	5.088775118e-06	0.0001198734808	8.238997924e-05	0.0002874155018	0.0004415898077	0.0003911782819	0.0002252730642	0.000295586999	0.0001545740298	0.0003510771159	0.0007712103336	0.0005621044141	0.001088544212	0.0006403785783	0.0005061346115
5	2	Surface	0.0003453023941	9.581309218e-05	0.0001334983824	3.737930729e-06	4.556478532e-05	4.293691237e-07	0.0001702710634	0.0001024756568	0.0002990896626	0.000595041537	0.0005727807521	0.0001267856435	0.0004001620346	5.924497378e-05	0.0004398415014	0.0007907331572	0.0005866765075	0.001053613276	0.0005919740109	0.0004352970655
5	3	Rhizosphere	0.0003588915349	0.0001295025465	0.0001098381256	3.174166581e-06	3.876913942e-05	7.208781838e-06	0.0001317299096	9.016365074e-05	0.0002903510089	0.0005075776006	0.0004542059545	0.0002251437537	0.0003027563167	0.0001370520895	0.0003501680598	0.0007778560789	0.0005529175245	0.0009610479077	0.0006641710476	0.0004790193837
5	4	Deep	0.0003855550981	0.0001813611061	7.879370035e-05	1.148398772e-06	5.115472146e-05	5.458707363e-06	0.0001032529031	6.728184465e-05	0.0002757357468	0.0004457050862	0.0003996838501	0.0003342752894	0.0003916237138	0.0001451775536	0.000356579725	0.0007592193746	0.0005883601689	0.0008548615062	0.0006177906082	0.0004763744069
5	4	Rhizosphere	0.0004091909128	0.0001293694003	0.0001159918587	1.891125008e-06	5.208367121e-05	1.986095457e-06	0.0001311047433	7.345279673e-05	0.0002973886774	0.0005001050645	0.0004509683475	0.0002657754318	0.0004111137125	0.0001195261338	0.0003568322951	0.000701176641	0.0005502825237	0.0009976093675	0.0006071301484	0.000474542174
5	4	Surface	0.0003889147618	0.0001125655221	0.0001215341829	1.899978e-06	4.389223888e-05	1.065553974e-06	0.0001518170928	9.480554038e-05	0.0002952992714	0.0006296991333	0.0005806669234	0.0001270906578	0.0003891207036	4.584588012e-05	0.0004612914763	0.0007833938592	0.0005830915254	0.001001411167	0.0005693917195	0.0004292280365
5	5	Deep	0.0005942174372	0.0001691629196	0.0001037823823	3.054084888e-06	3.258452307e-05	3.837118241e-06	0.0001112357955	5.84860725e-05	0.0002469875	0.0006018816658	0.0004448982073	0.0003668721711	0.0004130187853	5.618975633e-05	0.0004445688208	0.000784875553	0.0005990811661	0.000764401211	0.0005494370773	0.0004002163643
5	5	Rhizosphere	0.0005255550008	0.0001583452495	9.697755261e-05	4.787384943e-06	4.683444282e-05	3.836088151e-06	0.0001077059161	6.163712821e-05	0.0002384071423	0.0005893557054	0.0004468419608	0.0002030157838	0.0003608124607	0.0001024933083	0.0004135861947	0.0007891879938	0.0005870452432	0.0007286444591	0.0006007586144	0.0004302739589
5	5	Surface	0.0003939940072	0.0001289544407	0.0001407249922	3.126351863e-06	4.713685709e-05	2.095173706e-06	0.0001674121243	9.769231991e-05	0.0002952123443	0.0005774374702	0.0005755709742	0.0001571859214	0.0004341393215	5.609575756e-05	0.0004635711585	0.0007768233815	0.0005740300589	0.0009816996887	0.0005850003009	0.0004281777068
5	6	Deep	0.0005343175434	0.0002039690429	0.0001044174832	4.624404746e-07	5.535529831e-05	5.78339578e-06	0.0001123233465	7.049053417e-05	0.0002108365218	0.0005330321107	0.0004863788936	0.000154188857	0.0004006822659	8.346468366e-05	0.0004248795939	0.0008437733606	0.0006399210693	0.0006684682449	0.000557702645	0.000369505129
5	6	Rhizosphere	0.0003290997303	0.0001051651773	0.0001297043205	2.238530017e-06	4.316805803e-05	3.205912305e-06	0.0001357559486	7.446682904e-05	0.0003102854204	0.0004740091164	0.0004082980454	0.000165742393	0.0003560990358	0.0001308055479	0.0003795131141	0.0007082440075	0.0005933535932	0.001047754453	0.0006794109459	0.0004386057814
5	6	Surface	0.0004739375163	0.0001519831309	0.0001400846632	3.235410712e-06	5.091896428e-05	9.292652834e-07	0.0001645348562	7.949683132e-05	0.0003135206438	0.0006503409111	0.0006287456873	0.0001707303215	0.0004576213629	5.503013968e-05	0.0004690695538	0.0007176468362	0.0005820202417	0.0009764503504	0.0005323632537	0.0003762605973
5	7	Deep	0.0005084609142	0.0002297972495	6.532165388e-05	2.083066797e-07	4.439117554e-05	3.432555614e-06	8.146790228e-05	6.051306909e-05	0.0003217879854	0.0006629065575	0.0005491860054	0.000671343259	0.0005691305906	3.699347373e-05	0.0004182145069	0.0008286699905	0.0005756440772	0.000870385838	0.0005098333361	0.0004866750986
5	7	Rhizosphere	0.0006924323917	0.0001936381142	8.790065324e-05	7.422881429e-07	3.50781736e-05	3.294797706e-06	0.0001353684034	6.049140375e-05	0.0002965220703	0.0006715739167	0.0004381161474	0.0005749068937	0.000510785639	5.708896243e-05	0.000362065173	0.0007271961727	0.0005057865771	0.0008665247585	0.0005396314306	0.0004324489364
5	8	Deep	0.0004565596288	0.0002380249147	0.000115475271	1.562950727e-06	8.223884227e-05	8.871215672e-06	0.0001281570474	9.005683602e-05	0.0001965524453	0.0004883733992	0.0004327674932	0.0001340443452	0.0003961012339	0.0001068208718	0.000425139787	0.0008785484041	0.0006543263271	0.0006542111288	0.0005772543021	0.0003722740597
5	8	Rhizosphere	0.0004388628635	0.0001671345609	0.0001278194786	1.180921642e-06	6.140209164e-05	8.97850969e-06	0.0001346821535	9.134438714e-05	0.0002540827554	0.0005054621839	0.0004146780621	0.0002590026559	0.0004467293932	6.978881285e-05	0.000431861668	0.0007846049527	0.0005655730368	0.0008373652155	0.0005869677585	0.0004266408699
5	9	Rhizosphere	0.0003551318044	0.0001380559364	0.0001410063604	1.220676589e-06	5.555738096e-05	5.274082381e-06	0.0001400045184	8.651936368e-05	0.000275155573	0.000487463302	0.0004214802049	0.0001670204805	0.0004065772729	7.867440452e-05	0.0004451649198	0.0007828671611	0.0005646254056	0.0009333127236	0.000639268917	0.0004671553342
5	10	Deep	0.00051597111	0.0001939898438	6.383513487e-05	1.102233808e-06	3.555350001e-05	2.101461144e-06	7.363047876e-05	4.794978491e-05	0.0003709052825	0.0007154728179	0.000587548265	0.0007587287347	0.000607032801	3.447236064e-05	0.0004278163357	0.0007567466976	0.0005621396801	0.0009594969288	0.0004945461334	0.000486307098
5	10	Rhizosphere	0.0005557397771	0.0001542666844	7.505666935e-05	1.511425325e-06	3.115647825e-05	1.575682742e-06	8.00545765e-05	3.914780776e-05	0.0002921630998	0.0004656598229	0.0002818517279	0.0005301258043	0.0003699529097	0.0001587519149	0.000301571089	0.0006742090388	0.0004861378895	0.001015525059	0.0006025559637	0.0004903114197
5	11	Deep	0.0004520067546	0.000204430169	0.000120796578	5.669497565e-06	6.659574392e-05	2.870543551e-06	0.0001311773085	7.330236656e-05	0.0002525809144	0.0005519872224	0.0004922454534	0.0002153545341	0.0003874040763	0.0001136731139	0.0004084077179	0.0007684749405	0.0005931481101	0.0007711164396	0.0005824882768	0.0004049022773
5	11	Rhizosphere	0.0003948010484	0.0001556306343	0.0001271934241	8.497681307e-07	6.820532216e-05	3.735382201e-06	0.0001428491592	8.248984696e-05	0.000261941908	0.0004837574932	0.000373115738	0.0003392258799	0.0003221095073	9.101377688e-05	0.0003958110288	0.0007828622776	0.0005997022056	0.0007290491329	0.000565123835	0.0004416386715
5	11	Surface	0.0007015414083	0.0002087862917	0.0001155337554	8.231528637e-08	3.763850835e-05	2.906773974e-06	0.0002123603536	7.408669527e-05	0.0003507993707	0.0006600049203	0.0004513272389	0.0002752753781	0.0003967060244	0.0001043840349	0.0002622346515	0.0006237757572	0.0005049630279	0.0008704269718	0.0005229371599	0.0004904299364
5	12	Deep	0.0005699734713	0.0001923244261	0.0001289713803	1.895798868e-06	5.180351489e-05	6.51526152e-06	0.0001160162796	8.15440705e-05	0.000232285276	0.000584211048	0.0004508226795	0.0002378738888	0.000445461756	4.666106483e-05	0.0004608064117	0.000826569944	0.000609445297	0.0007352631175	0.0005763692509	0.0003896386801
5	12	Rhizosphere	0.0003663917686	0.0001535740173	0.0001245859085	2.04824658e-06	4.95345931e-05	3.283241439e-06	0.000132689518	8.171906773e-05	0.0002638960833	0.0004693797672	0.0003529359397	0.0001803379478	0.000375566963	0.0001016382931	0.0004044109441	0.0007536135952	0.0005482260588	0.0009016262665	0.0006188284042	0.0004481762576
5	12	Surface	0.000392008323	0.0001690829124	0.000121986401	2.092926433e-06	4.810847245e-05	4.317040271e-06	0.0001286616957	8.282397966e-05	0.0002670329812	0.000528910621	0.0004210246058	0.0002553431544	0.0004081642086	7.148348819e-05	0.0004345266129	0.0007585759953	0.0005541971934	0.0008783713201	0.0005958922775	0.0004211928344
5	13	Rhizosphere	0.0004553880161	0.0001878265032	0.0001240071609	1.1005993e-06	5.462989516e-05	1.497064212e-06	0.0001380809412	7.272756232e-05	0.0002830227344	0.0005708020322	0.0004313859168	0.0002076947453	0.0004206774272	9.290709248e-05	0.0004110659821	0.0007172232044	0.0005572512389	0.0008998470389	0.0005743825841	0.0004162835278
5	13	Surface	0.0003217118489	0.0002258037936	0.000150983561	1.262123634e-06	6.51093733e-05	1.598759303e-06	0.0001453430116	6.648633806e-05	0.0002898881243	0.000527799628	0.0003410707288	0.0001734488049	0.0003970894401	9.714934163e-05	0.0004171435488	0.0007273846835	0.0005175301821	0.0008609873653	0.0005525421493	0.0004087779933
5	14	Deep	0.0004928722677	0.0002476688076	7.296195667e-05	1.269662915e-07	4.34064232e-05	8.371714719e-07	0.0001700452721	4.169415308e-05	0.0003412317424	0.0007076077757	0.0006000066933	0.0007123919495	0.0005881233482	3.759003277e-05	0.0004748057499	0.0008531654231	0.0005377781453	0.0008309838083	0.0005359996017	0.0004674888813
5	14	Rhizosphere	0.000779420401	0.0001401643992	5.111840331e-05	1.201515048e-07	1.510939463e-05	3.086938521e-07	6.316686961e-05	1.698726828e-05	0.0002936080394	0.0005111662366	0.0002466411266	0.0008293738368	0.0004531338449	0.0001282906831	0.0002627333858	0.00060059969	0.0004366402255	0.001076970851	0.0005604476432	0.0004904166167
5	14	Surface	0.0005637185764	0.000239752109	7.455077638e-05	8.055129102e-07	6.084543445e-05	2.026842707e-06	0.0001213804219	5.093262391e-05	0.0002793191882	0.0007039330844	0.0005667997914	0.0005197472799	0.0004944036005	5.966577877e-05	0.0004216111067	0.0007931708692	0.0005579488206	0.000790900571	0.0005083598867	0.0004231554651
5	15	Deep	0.0005165064479	0.00017393106	9.771330525e-05	1.410983826e-06	4.443272456e-05	3.91676509e-06	0.0001072390533	6.700003084e-05	0.0002407931966	0.0004978138654	0.0003919326396	0.0002244694993	0.0003650704934	0.0001278767394	0.000386732742	0.0007728121705	0.0006095350841	0.0007700458711	0.0005874347071	0.0004257595064
5	15	Rhizosphere	0.0008093214499	0.0001739762804	0.0001113085281	1.853022857e-06	2.585545303e-05	2.64088098e-06	0.0001314003099	8.252149816e-05	0.000254239902	0.0005768052947	0.0003645635033	0.0006143656475	0.0004644165242	5.799937549e-05	0.0004042228565	0.0007208734608	0.0005401248465	0.0008650112728	0.0005829260827	0.000435656826
5	15	Surface	0.0004836467734	0.0001828962583	0.000106474795	1.321350471e-06	5.12439104e-05	3.933962872e-06	0.0001174129355	7.473909699e-05	0.0002372592751	0.0005160134365	0.0004030946553	0.0002260637709	0.0003868863019	0.000107019917	0.0004080739649	0.000795629286	0.0006057193296	0.0007581605978	0.0005785918106	0.0004073630555
5	16	Deep	0.0004901908576	0.0001873782962	6.814555077e-05	8.731806451e-07	3.415325727e-05	4.224601838e-06	8.991800744e-05	5.814047427e-05	0.0003262316947	0.0006354967715	0.0004901862641	0.0006760680101	0.0005485066907	5.057195096e-05	0.0004103532865	0.0007845704165	0.0005568558879	0.0009150320336	0.0005303295834	0.0004900853766
5	16	Rhizosphere	0.0006669094446	0.0001490658063	0.0001124406267	3.270581775e-06	3.830186873e-05	4.532672874e-06	0.0001144569033	6.942934815e-05	0.0002656026865	0.0005799340106	0.000374226703	0.0004580469162	0.0004274898762	7.656967549e-05	0.0003766338779	0.0007090075258	0.0005201534914	0.0009071842578	0.0005913932484	0.0004378501991
5	16	Surface	0.0007003334249	0.0002593039351	0.0001284383673	1.227972665e-06	7.750422508e-05	8.694503475e-06	0.0001616395047	0.000114331456	0.0002132824554	0.0005310125572	0.0004829819362	0.0001652155323	0.0004096322195	0.0001005793391	0.0003716077383	0.0007187874588	0.0005882348854	0.000733756032	0.000636459223	0.000461251813
5	17	Deep	0.0004483662993	0.0001682890409	0.0001284204516	3.06064416e-06	5.900880547e-05	3.099605058e-06	0.0001608055448	8.071943538e-05	0.000295407212	0.0005869216936	0.0005803463146	0.0002015041599	0.0004471757408	7.025512842e-05	0.0004509043522	0.0007872531701	0.0005641860062	0.0008901008083	0.0005855362285	0.0004202322134
5	17	Rhizosphere	0.0004776334229	0.0001785164775	0.0001125953717	2.130509928e-06	6.733950897e-05	1.449681157e-05	0.0001090453935	7.165746284e-05	0.0002823756482	0.0005071454432	0.0003901358849	0.0002973719185	0.0003913120297	0.0001128354491	0.0003738630441	0.0007426739018	0.0005259604121	0.0008716614931	0.000621853387	0.0004919157648
5	18	Rhizosphere	0.0002878613509	0.0001372663572	0.0001585513323	3.2728274e-06	4.735979211e-05	2.287923126e-06	0.000123753477	8.257520296e-05	0.0003194761646	0.0005702805355	0.0004877104602	0.000162734716	0.0003256747879	0.0001130143036	0.0004476491383	0.0007777086757	0.0005809017303	0.001042599903	0.0006498295878	0.0004480802835
5	19	Deep	0.0004346224592	0.0001792521724	0.0001381286991	2.799535407e-06	5.48522451e-05	2.809474454e-06	0.0001505384519	8.407427891e-05	0.0002726241913	0.000614642965	0.0005575898841	0.0001805177483	0.0004244583903	4.93195721e-05	0.0004805481686	0.0008104498988	0.0005951510372	0.0008536003443	0.0005922120388	0.0004103635874
5	19	Rhizosphere	0.0002442293525	9.935055291e-05	9.667292531e-05	2.157859686e-06	3.436937343e-05	3.071303451e-06	0.0001213362744	7.221839228e-05	0.0003007824482	0.0003885080773	0.0003128602081	0.000149780061	0.0003049271131	0.0001716633355	0.0003591963651	0.0007254053392	0.0005478307421	0.001118757864	0.000678702293	0.0004915009397
5	19	Surface	0.0004966160401	0.0002360666208	0.0001004038485	1.726223069e-05	6.584774094e-05	3.876995716e-06	0.0001250609016	6.657609723e-05	0.0002428300163	0.0005952839466	0.0004786513768	0.0002929752797	0.0004132698891	7.862248671e-05	0.00042279917	0.0008346951256	0.0005917801874	0.0007305896021	0.0005456885093	0.0003903845476
5	20	Rhizosphere	0.0002886832366	8.96554364e-05	0.0001060746504	1.478493656e-06	3.107902859e-05	1.755834329e-06	0.0001199153112	8.892207362e-05	0.0003159688148	0.0004405192351	0.0004244350563	0.0001675567343	0.0003208257616	0.0001208443703	0.0003934368941	0.0007682175056	0.0005587498621	0.001094409605	0.0006486396812	0.0004977365836
5	20	Surface	0.0003334606846	0.0001735894041	0.0001334515092	1.394397024e-06	5.215940686e-05	1.27292713e-06	0.000125473647	8.037544483e-05	0.0003034570208	0.0005180364174	0.0004477993639	0.000179215102	0.000329791359	0.0001227433165	0.000427759891	0.0007570670649	0.0005614064982	0.001013114712	0.0005896898057	0.0004105861422
5	21	Deep	0.0003523941772	0.0001635810728	0.0001135231489	2.174448897e-06	5.227290176e-05	4.77082865e-06	0.0001215473337	7.602639808e-05	0.0002660903445	0.0004523298453	0.0003734106363	0.0002145764227	0.000349707937	0.0001277268936	0.00038560759	0.000759929551	0.0005512594315	0.0008844332429	0.0006292191219	0.0004629265731
5	21	Rhizosphere	0.0003835990419	0.0001798852133	8.76188378e-05	1.952588948e-06	5.901382581e-05	1.06257639e-05	0.0001008127635	5.867075331e-05	0.0002253836293	0.0005121146873	0.0003602628059	0.0003127009686	0.0003854955701	7.37857184e-05	0.00038084856	0.0008586434326	0.0005849062264	0.0007742149166	0.0006317556332	0.0005019044959
5	21	Surface	0.0004874116325	0.0002249029791	0.0001163425496	1.617656814e-06	6.433546606e-05	5.067192502e-06	0.0001152347498	6.680454889e-05	0.000250729806	0.0005952493155	0.0004799878547	0.0002225796137	0.0003933515506	8.792022798e-05	0.0004248177943	0.0008198509949	0.0005896992824	0.0007673172592	0.0005383504902	0.0003828384578
5	22	Rhizosphere	0.0005746636455	0.000181093781	0.0001569841634	2.81703738e-06	5.275276602e-05	1.553656732e-06	0.000132999692	5.952394301e-05	0.0003141070941	0.00080275246	0.0006750944615	0.0002040729146	0.0004522201521	1.39798813e-05	0.0005145504582	0.0007241679614	0.0005871657581	0.0008217763858	0.0004830919507	0.0003340167097
5	23	Deep	0.0003793765693	0.0002067572979	0.0001137397323	3.534021052e-06	6.872124079e-05	2.847493818e-06	0.0001363860755	7.590421731e-05	0.0002682430125	0.0005324088997	0.0004534644863	0.0002562484474	0.0003792876169	0.0001174794551	0.0004047279541	0.0007973793735	0.0005653884275	0.0008269642484	0.0005904165297	0.000414482688
5	23	Rhizosphere	0.0004073472435	0.0001698549014	0.0001159235996	1.567960562e-06	5.575283993e-05	4.482528871e-06	0.0001365165086	8.136669266e-05	0.0002717241032	0.000520971913	0.0004275671404	0.0002634792489	0.0003852949642	8.704002151e-05	0.0004145744687	0.0007929025527	0.0005578704006	0.0008782836604	0.0006082356058	0.0004538923666
5	24	Deep	0.0003913834131	0.0003628452713	5.828802951e-05	1.451908669e-05	4.866960846e-05	4.67373843e-06	8.580094924e-05	8.022918239e-05	0.0003974926269	0.0005851588369	0.000627762771	0.0007490413622	0.0005026617141	8.963359943e-05	0.0004537160058	0.000866600435	0.0004855087369	0.001105791047	0.000525668888	0.0005284771551
5	24	Rhizosphere	0.0004086626781	0.0001711257046	0.0001118086201	1.493405361e-06	5.399926291e-05	3.960230486e-06	0.0001212183416	7.600861987e-05	0.0002725605743	0.000561224722	0.0004483632423	0.0002313090206	0.0003867160451	8.040380115e-05	0.0004299199069	0.0007922894639	0.0005601839613	0.0008851653034	0.0005840000759	0.000434929384
5	25	Deep	0.0003369677455	0.0001472880669	0.0001280176277	2.123341315e-06	4.962399217e-05	3.677525859e-06	0.0001474881491	9.144102202e-05	0.0002927912339	0.0005367803651	0.0004828657356	0.0001503420463	0.0003772710802	7.335322387e-05	0.0004626182493	0.0008262454259	0.0005821932952	0.0009263279683	0.0006547755201	0.0004440222611
5	25	Rhizosphere	0.0002590492043	0.0001447145144	0.000133092208	1.012339401e-06	5.644935534e-05	2.655566561e-06	0.0001213359998	0.0001227689027	0.0002794083972	0.0004754583981	0.0003686332643	0.000130473693	0.0003020540155	9.58500885e-05	0.0004940967297	0.0008644188082	0.0005625811781	0.0009088215538	0.0007225403079	0.0004560910683
5	25	Surface	0.0002765109274	0.0001439543659	0.000107009197	3.695625467e-06	4.710522353e-05	2.558548384e-06	0.0001301239241	9.017691929e-05	0.0002919620603	0.000451131884	0.00040075614	0.0001700593503	0.0003210913077	0.0001281652277	0.0003954870097	0.0008050685002	0.0005674978673	0.001012320413	0.0006366009719	0.000471743278
5	26	Deep	0.0004485302062	0.0002113681962	0.0001028919882	8.477647039e-07	5.476561495e-05	2.559045657e-06	0.0001209074676	6.836110976e-05	0.0002712835821	0.0005819677365	0.0004736759067	0.0002752071104	0.0003963013646	9.134201783e-05	0.0004225953009	0.0008051535392	0.0005750519827	0.0008398200361	0.0005514320723	0.0004053561227
5	26	Rhizosphere	0.0004432722488	0.0002153692992	0.0001073023129	1.378311064e-06	5.566988832e-05	2.740578747e-06	0.0001265637213	7.502104386e-05	0.0002655445325	0.0005740467614	0.0004717082998	0.0002639529686	0.0003987831684	7.660922092e-05	0.0004411109858	0.0008361305675	0.0005810950931	0.0008178153925	0.0005612217401	0.0004111240623
5	26	Surface	0.0004454094408	0.0002183753655	0.0001030720257	1.084218455e-06	6.225385645e-05	3.175600969e-06	0.0001305252253	7.236751766e-05	0.0002578714552	0.0005571328587	0.0004782175965	0.0002362285862	0.0004112799582	8.928470774e-05	0.0004297278431	0.0008416037848	0.0005892436905	0.0007963418707	0.0005885451412	0.0004289035076
5	27	Deep	0.0004955807633	0.0002054051149	0.0001035965627	1.721575906e-06	5.670183888e-05	3.769640698e-06	0.0001387334924	6.549516957e-05	0.000255893713	0.0006182553176	0.0004983758797	0.0003509868764	0.0004488885291	6.44313139e-05	0.0004334052367	0.0008213788451	0.0005771980494	0.0007873957877	0.0005626576314	0.0004248411246
5	27	Rhizosphere	0.0002872885984	7.460929511e-05	0.0001107537713	2.425310641e-06	3.063105367e-05	4.715976572e-06	9.543300244e-05	8.387113245e-05	0.0002601906969	0.0005438784825	0.0004903143265	0.0002115023102	0.0004337075465	4.057400812e-05	0.0005906446493	0.0007743272473	0.0005501603221	0.00107655924	0.0006879571427	0.0005846789357
5	28	Deep	0.0004816545703	0.0002183988789	0.0001108123823	1.913765025e-06	5.665359734e-05	3.263012157e-06	0.0001215594897	7.327831913e-05	0.0002433916871	0.0005640114347	0.0004274965467	0.0002594909288	0.0004079582276	7.730085889e-05	0.0004325533544	0.0008126776752	0.0005806201057	0.0007738502258	0.0005711689847	0.000405975574
5	28	Rhizosphere	0.0003474086203	7.429974528e-05	7.739570725e-05	4.538222568e-07	2.418334577e-05	1.888110648e-06	6.019067534e-05	2.370859283e-05	0.0003366621842	0.0009361812003	0.000502451758	0.0004379153364	0.0001751110135	9.756708808e-05	0.0004189451602	0.0008596593675	0.00055394143	0.000812673622	0.0006006521835	0.0005633170825
5	29	Rhizosphere	0.0004488956244	0.0002494662199	9.481541813e-05	2.050906838e-06	7.983998536e-05	3.443880419e-06	0.0001341664585	7.487014642e-05	0.0002026940997	0.0005130105942	0.0004431098683	0.0002490928709	0.0003821102928	0.0001191828325	0.0004052015508	0.0008810264995	0.0006044237112	0.0006400234784	0.0005951420063	0.0003942898143
5	30	Rhizosphere	0.0002875549935	0.0001871073675	8.831621527e-05	6.641510693e-06	5.193838522e-05	2.336575536e-06	9.240494311e-05	5.628689902e-05	0.000296145912	0.0004318271833	0.0003074590732	0.0003516349141	0.000339280395	0.0001945287242	0.0003218228251	0.0007115916891	0.0005253154095	0.0008673555889	0.0006376724575	0.000521234068
5	30	Surface	0.0004242061478	0.0002194429903	0.0001027520689	2.198334629e-06	7.173047669e-05	4.106579035e-06	0.0001333220038	7.001314251e-05	0.000233208868	0.0005450742742	0.0004466793657	0.0002654823808	0.0003734623197	0.0001210449834	0.0003886277606	0.0008342765848	0.0005893724871	0.0007206045496	0.0005834026483	0.0004069636391
5	31	Deep	0.0004731545607	0.0002234253749	8.444265856e-05	1.004149885e-06	5.864116159e-05	3.239535102e-06	0.0001208850711	5.455522138e-05	0.0002534978683	0.0005594752101	0.0004314124195	0.0004150100077	0.0003987406658	0.0001216295546	0.0003684346065	0.000777613756	0.0005581923656	0.0007700912771	0.0005779079702	0.0004449003652
5	32	Rhizosphere	0.0004796503648	0.000228333241	8.363654014e-05	1.900331692e-06	6.809078527e-05	2.98067144e-06	0.000119117706	5.445039065e-05	0.0002388333376	0.0005689632439	0.0004286606577	0.0003635681684	0.0003731026905	9.440612932e-05	0.0003834177906	0.0008606218833	0.0006088202327	0.0006921435092	0.0005652358219	0.0004296027995
5	33	Rhizosphere	0.0003954380172	0.0001793824562	0.0001139856937	1.092828699e-06	4.45760045e-05	3.184398082e-06	9.889605758e-05	8.218328525e-05	0.0002549161273	0.0004292000007	0.0002958925726	0.0003578659506	0.0003903556496	0.000150631243	0.0003771966636	0.0007214182929	0.0005474958105	0.0009154523565	0.0006400564756	0.0004780223076
5	34	Deep	0.0004464166199	0.0002610770445	8.479326964e-05	1.145998951e-06	9.113459673e-05	3.261256219e-06	0.0001342155197	7.162813838e-05	0.0002126257507	0.0005289214825	0.0004482683104	0.0002978531418	0.0003656544322	0.000153587487	0.0003548468997	0.0008417925758	0.0005970998143	0.0006431097519	0.0005779018174	0.000384059462
5	34	Rhizosphere	0.000584679987	0.0001774945988	9.41615708e-05	2.679130189e-06	4.870479558e-05	1.215073098e-05	0.0001160504577	7.23129598e-05	0.0003383938543	0.0006411959912	0.0004509620709	0.0005334808468	0.0005362249345	3.799275283e-05	0.0004244677669	0.0007472450623	0.0005167547645	0.000938126958	0.0005500813063	0.0004783734147
5	35	Deep	0.0003318781946	0.0002001003803	0.0001367354114	2.186330542e-06	6.91533416e-05	2.01632641e-06	0.0001074980135	9.174255593e-05	0.0002707737999	0.0004770356537	0.0003487354792	0.0001480292315	0.0003565859789	0.0001179793833	0.0004819222041	0.000774982511	0.0005729528462	0.0008438095119	0.0006454938048	0.0004255516109
5	35	Rhizosphere	0.0004336560637	0.0001249463498	9.577337437e-05	5.416762778e-07	3.1518731e-05	2.672950956e-06	9.241569203e-05	6.072583659e-05	0.0002411705993	0.0003927098126	0.0002621708236	0.0005834904576	0.0004134033418	0.000143814178	0.0003929207525	0.000659193843	0.0005168011013	0.001013094932	0.0006876769896	0.00046110851
5	37	Deep	0.0005731325504	0.0002282622205	0.000102893409	6.896601805e-07	5.406389434e-05	3.692041383e-06	0.00011610108	6.379567081e-05	0.0002324423632	0.000564204704	0.0004666426913	0.0002581113952	0.0003904456148	8.184520773e-05	0.0004260952857	0.0008665186335	0.0006244481218	0.0007176452654	0.0005425800932	0.0003995191241
5	37	Rhizosphere	0.0002755151999	0.0001041638164	8.434423919e-05	2.374747347e-06	3.39760462e-05	3.152421108e-06	8.833218511e-05	6.265541059e-05	0.0003063588249	0.0003373544656	0.0003243611326	0.0002369581547	0.0002828458683	0.0001898459805	0.0003363911826	0.0007514580935	0.000577064326	0.001148275484	0.0006868441846	0.0005252314049
5	38	Rhizosphere	0.0006301154042	0.0002909775021	0.0001192894908	9.209331723e-06	6.718077265e-05	1.493055873e-06	0.000133442521	5.802646872e-05	0.0002935248977	0.0005792667408	0.000365836501	0.0004619107933	0.000439159071	8.371783063e-05	0.0003875554193	0.0008114882365	0.0005280523975	0.0007394624198	0.000563690344	0.0003844436635
5	38	Surface	0.0002737241889	0.0003049647566	0.0001758094841	1.330431632e-06	9.854221107e-05	4.994904678e-07	0.000118127063	6.685807577e-05	0.0002672376962	0.0005003925614	0.0002964203623	0.0001941358774	0.0003035059443	0.0001692862033	0.0003712698991	0.0007357984111	0.0005089859075	0.0007271466831	0.0006133861358	0.0003990986069
5	39	Deep	0.0002925190707	0.0002069235763	9.936399893e-05	1.386869655e-06	8.75395038e-05	6.067519349e-06	0.0001189508587	6.908375612e-05	0.0002205996902	0.0003596434323	0.0003053766394	0.0001894429244	0.0002645355195	0.0002418329581	0.0003203061675	0.0007471853847	0.0005492262811	0.0007677586307	0.0006705556885	0.0004299308059
5	39	Rhizosphere	0.0007065912316	0.000183258957	0.0001654352681	2.899507335e-06	5.958849856e-05	8.694656366e-06	0.000139271227	9.747157647e-05	0.0002654289517	0.0006247949358	0.0004472505155	0.00039302249	0.0005580179274	2.030777737e-05	0.0004556110628	0.0008235192873	0.0005573584337	0.0008096617152	0.0005761409135	0.0004253528984
5	39	Surface	0.0004543251624	0.0002078669907	0.0001064456603	4.00293922e-07	4.725656017e-05	7.346483119e-07	0.0001146994561	4.949094969e-05	0.0002814952666	0.000540642508	0.0003719990848	0.0003610392866	0.000358105063	0.000149751772	0.0003183910937	0.000740655458	0.0005334636188	0.0008499213701	0.0005644325199	0.0004428245707
5	40	Deep	0.0003308200109	0.000148208785	8.109707165e-05	6.75069183e-06	4.738882762e-05	4.609381717e-06	0.0001016247665	6.501331685e-05	0.0002536281232	0.0003863755991	0.0003317118015	0.000375304248	0.0003142441183	0.0001785555109	0.0003598621475	0.0007329396636	0.0005514994376	0.0009456847051	0.000658712996	0.0004746728582
5	40	Rhizosphere	0.0004205822182	0.0001803757324	0.000103159715	4.087139084e-06	5.324972131e-05	7.264714215e-06	0.0001044434619	8.319947885e-05	0.0002520302334	0.0004963850981	0.0003826747276	0.0002443124417	0.0003803351094	9.099930585e-05	0.0004440133595	0.0008292380868	0.0005639991147	0.0008249814105	0.0006591655518	0.000468250124
5	40	Surface	0.0003295570866	0.0001970798678	0.0001359772374	1.964281387e-06	6.042923856e-05	2.0586525e-06	0.0001322756558	8.660704733e-05	0.0002629891303	0.0004732152394	0.0004035706687	0.0001709592026	0.0003324013309	0.0001225979779	0.0004210997363	0.0007788941294	0.000556171404	0.0008368997225	0.0006844796089	0.0004873889252
5	41	Deep	0.0004888119413	0.0001568921625	0.0001308921495	5.251821729e-07	2.291080624e-05	1.440723421e-07	0.0001440613573	7.759894043e-05	0.0002927385845	0.000500977795	0.0003318956676	0.0004169273482	0.0003337542254	9.255016711e-05	0.0004602801186	0.0006672129978	0.0005399574047	0.0008848388045	0.0006407922559	0.00046207263
5	42	Rhizosphere	0.0004209543516	0.000258900455	0.0001168547143	2.06375228e-06	7.662622052e-05	4.67672908e-06	0.0001138470802	8.789380299e-05	0.0002010907372	0.0005324109544	0.0003804532965	0.0002468850339	0.0003290530155	0.0001297457841	0.0003752305197	0.0008845304152	0.0006101383244	0.0006152365853	0.0005455182472	0.0003401893042
5	42	Surface	0.0003512357952	0.000240452178	0.0001123197486	7.995049839e-07	8.604226679e-05	1.364557507e-06	0.0001147852218	6.142738003e-05	0.0002408866758	0.0005134010208	0.0003621099588	0.0002071129564	0.0003160856609	0.0001790584541	0.0003407796145	0.0007568711702	0.0005639440483	0.000723161703	0.00060360001	0.0004000187577
5	43	Deep	0.0003357579678	0.0001662472892	8.983484385e-05	2.551031217e-06	6.219341075e-05	5.66350482e-06	0.000104702561	7.225896767e-05	0.0002272581035	0.0003500757425	0.0003076027661	0.0002213292329	0.0002946978592	0.0001960583151	0.0003158370424	0.0007600262698	0.000554094398	0.0007929839915	0.0006929697312	0.0004877708941
5	43	Rhizosphere	0.0004309175489	0.0001831470242	0.0001008692406	2.912490498e-06	6.333262882e-05	1.344522019e-05	9.752063268e-05	7.298174016e-05	0.0002320855852	0.0004537163786	0.0003482724635	0.0002759936779	0.0003694459308	0.0001426238199	0.0003325594576	0.0007531983182	0.0005449027463	0.0008057449508	0.0006440514268	0.0004749945046
5	44	Deep	0.0005489283986	0.0002257670403	9.083061322e-05	4.536000083e-07	6.925018048e-05	3.797259713e-06	0.0001308314548	8.036090799e-05	0.0001965778556	0.0004708404666	0.0003732387524	0.0003201269928	0.000386159983	0.0001117771067	0.0003704447599	0.000817497816	0.0005764424217	0.0006829245319	0.0005680301279	0.000385090971
5	44	Rhizosphere	0.0004484912842	0.0001961803149	0.0001132555926	2.646227465e-06	5.553798179e-05	1.085834483e-05	0.0001023121234	8.674997042e-05	0.0002624722671	0.0005016843972	0.0003558500669	0.0003012345565	0.0004102872122	0.0001079543732	0.0003954135061	0.0007590186442	0.000560479394	0.0008336489533	0.0006153160695	0.000455924801
5	45	Deep	0.0001759961593	0.0001295406069	3.348285406e-05	1.841208779e-06	4.396079028e-05	4.753511061e-07	5.981623269e-05	4.114037513e-05	0.0001829128804	7.702820282e-05	6.070596231e-05	0.0004363424994	0.0001707897518	0.0003964753723	0.000188829137	0.0005482889059	0.0004794326517	0.0008035696425	0.0009113380908	0.0005602449717
5	45	Rhizosphere	0.0004862256481	0.0001063421987	4.546374523e-05	4.993754273e-07	8.25820493e-06	1.430747925e-07	5.374769961e-05	5.552221316e-05	0.0004651034846	0.0003220959928	0.0001493100214	0.0009351751775	0.000467549689	0.0002143986099	0.0003524828455	0.0005043278578	0.0004549172585	0.001147722172	0.0007105745683	0.0004820270778
5	45	Surface	0.0002876752567	0.0001280818917	6.756636614e-05	1.468802092e-06	4.658562662e-05	6.672853975e-07	8.017033429e-05	4.680011507e-05	0.0002882414125	0.0004347998546	0.0004037770333	0.0003068246534	0.000320147622	0.0002321157041	0.0003531443356	0.000687978326	0.0005550192091	0.001027240565	0.0006386645887	0.0004991177805
5	46	Rhizosphere	0.0003446234616	9.018338863e-05	0.0001007667543	1.749484693e-06	3.442345828e-05	3.3781727e-06	9.674335917e-05	7.187931208e-05	0.0003023374399	0.0003848787972	0.0003866022526	0.0001948616653	0.0003017747017	0.0001639960887	0.0003925465266	0.0007364241181	0.0005813603375	0.001094854491	0.0007272707338	0.0004936229032
5	47	Rhizosphere	0.0002511745465	0.0001603822116	0.0001037589795	4.455694347e-06	5.801810466e-05	3.80890812e-06	9.804137587e-05	9.011511844e-05	0.0002382228182	0.0003073434766	0.0003022871523	0.0002902490268	0.0002710344121	0.0001964753307	0.0003433636572	0.0008320624798	0.0005503890001	0.0008607769957	0.0007261720507	0.0004890975167
5	48	Deep	9.977023609e-05	0.0001591937698	3.59597949e-05	3.599638229e-07	1.871461665e-05	9.923767127e-06	0.0001322776177	7.65312518e-05	0.0002389533383	0.0001691553365	7.128444336e-05	0.0006610372238	0.0002682879465	0.0003511048187	0.0003036307159	0.0006602067095	0.0005191358675	0.001065894921	0.0007746455479	0.0004785963094
5	48	Rhizosphere	9.610919463e-05	0.0001400983826	3.467457764e-05	2.27091741e-07	4.242206137e-05	7.491669715e-06	8.794704836e-05	4.323332473e-05	0.0002096945641	0.0001084443235	5.733523663e-05	0.0005011885299	0.000189822821	0.0003747654956	0.0002163665687	0.0006392194234	0.0004954019643	0.0009599772629	0.0007918414628	0.0005267514066
5	49	Deep	0.0003902080173	0.0003406986581	0.0001658791069	5.680732337e-07	0.0001074325106	3.82116747e-06	0.0002600406373	0.0001398535075	0.0001956601973	0.0005121876609	0.0002295659019	8.107676611e-05	0.0004363655396	4.773244093e-05	0.0004558958222	0.0009303953519	0.000689185184	0.0005804403326	0.0005589720228	0.0004213663015
5	50	Rhizosphere	0.0002398535276	0.0001866622014	0.0001164556572	3.23733562e-06	6.485900427e-05	2.805942038e-06	0.000109815337	0.0001233216341	0.0002389278984	0.0003702672517	0.0002958628813	0.0001446786813	0.0002315310183	0.0001889707189	0.0004075495869	0.0008027503119	0.0005596856508	0.0007359157514	0.0007438719925	0.0004392630778
5	51	Rhizosphere	0.0001068977695	9.610668565e-05	7.185755468e-05	1.076775254e-06	1.891124545e-05	2.247462188e-06	0.0001128247944	6.48995789e-05	0.0002710771788	0.0001589777525	0.0001595471816	0.0008819795617	0.0002512581149	0.0002882369298	0.0004190845303	0.0006289225681	0.0005178612475	0.001113725021	0.0007702195573	0.0004282736802
5	53	Rhizosphere	0.0005244163136	0.0001763002458	3.666488276e-05	1.829936001e-06	2.257964905e-06	7.30152456e-08	1.527406006e-05	3.215967294e-05	0.0004035005028	0.0004019104433	0.0004874548939	0.0008079950064	0.0004934342735	0.0001731114131	0.0003025908637	0.0006373976881	0.0003985833872	0.001232038482	0.000475569091	0.0006658918004
5	54	Rhizosphere	0.0001600725266	0.0001214419956	0.0001305121772	8.961400284e-07	4.044949158e-05	2.035161382e-06	7.897601082e-05	5.012970267e-05	0.0002527848212	0.0002400095347	0.0002230912869	0.0003992670908	0.0002854186138	0.0002575604226	0.0003154990111	0.0006131168771	0.0005138881242	0.001066245325	0.0007432637411	0.0005457777126
5	55	Deep	0.0001304608231	0.0002467874863	8.158708122e-05	4.170828138e-07	7.018254902e-05	8.038509874e-08	9.714189267e-05	7.885884506e-05	0.0001801346284	8.63489995e-05	0.0002115919959	0.0004827251452	0.0001748238953	0.0003677206826	0.0002414275421	0.0006900505873	0.000542589206	0.0009711438415	0.0007619955166	0.0005344402079
5	55	Rhizosphere	5.58808494e-05	9.029462538e-05	7.601487922e-05	1.115158829e-06	1.445419156e-05	6.142446466e-07	0.0001701103157	0.0001522021715	0.0002743107887	0.000159749318	0.0002691685254	0.0007365972056	0.0001937654578	0.0002024532205	0.0004880980453	0.0006976659451	0.0005365685502	0.001117649574	0.0007304511528	0.0004951424733
5	55	Surface	0.0001307577044	0.0001060873487	0.0001395931609	1.201803594e-06	6.984645221e-05	2.115325779e-07	0.0001729833343	0.0001634535349	0.0002114640016	0.0002259580674	0.000526493073	0.000420724852	0.0002154009581	0.0001852752333	0.0003077842675	0.000780068716	0.0005792970641	0.001130906013	0.0007163004995	0.000577812421
5	57	Rhizosphere	0.0002314692521	7.890794631e-05	3.854696098e-05	5.569854513e-08	1.262521705e-05	2.636693631e-07	7.392799683e-05	4.280749771e-05	0.0002817608906	0.0001748379719	0.0001519580799	0.0006540288591	0.0002432104489	0.0002810920055	0.000269563969	0.0005641731187	0.0004813712429	0.001295746	0.0006842624331	0.0005397060453
5	58	Rhizosphere	0.0002755005791	0.000127896889	6.858230857e-05	2.899441505e-05	4.83990872e-05	2.783927572e-06	8.986842201e-05	6.223425941e-05	0.0002333636759	0.000208161428	0.0002274947909	0.0005657733498	0.0002896382302	0.0002727911882	0.0004076240066	0.0007377467421	0.0005722721906	0.0009040568053	0.0007740716383	0.0004624883669
5	60	Rhizosphere	0.0002074907124	0.0001727588007	9.069829121e-05	5.10347461e-06	3.281957312e-05	5.559975801e-06	9.254502051e-05	9.63976416e-05	0.0002901614988	0.000275625352	0.0002058322072	0.0005754809977	0.0003354552591	0.0002029703735	0.0005265275759	0.0007312655754	0.0005639229385	0.0009662313622	0.0007490250171	0.0004174161947
