genome	KO	protein_id	score	evalue	above_threshold
CSP12_V27Dr2__SemiBin_73	K00697	contig_553_1	628.1	2.1e-189	1
CSP12_V27Dr2__SemiBin_73	K01087	contig_553_1	77.1	1.9e-22	0
CSP12_V27Dr2__SemiBin_73	K05343	contig_475_2	946.9	2.2e-285	1
CSP12_V27Dr2__SemiBin_73	K05343	contig_498_1	465.5	5.9e-140	1
CSP12_V27Dr2__SemiBin_73	K05343	contig_154_3	445.7	5.8e-134	0
CSP12_V27Dr2__SemiBin_73	K05343	contig_166_6	373.8	3.1e-112	0
CSP12_V27Dr2__SemiBin_73	K05343	contig_368_1	360.5	3.2e-108	0
CSP12_V27Dr2__SemiBin_73	K05343	contig_507_9	336.6	5.2e-101	0
CSP12_V27Dr2__SemiBin_73	K05343	contig_116_6	161.9	3.1e-48	0
CSP12_V27Dr2__SemiBin_73	K05343	contig_419_3	68.6	5e-20	0
CSP12_V27Dr2__SemiBin_73	K05343	contig_370_13	49.4	3.2e-14	0
CSP12_V27Dr2__SemiBin_73	K05343	contig_368_2	43.4	2e-12	0
CSP12_V27Dr2__SemiBin_73	K05343	contig_556_11	40.7	1.3e-11	0
CSP12_V27Dr2__SemiBin_73	K05343	contig_314_1	39.3	3.4e-11	0
CSP12_V27Dr2__SemiBin_73	K05343	contig_156_1	35.5	5e-10	0
CSP12_V27Dr2__SemiBin_73	K06044	contig_314_1	1133.8	0.0	1
CSP12_V27Dr2__SemiBin_73	K06044	contig_116_5	235.6	1.7e-70	0
CSP12_V27Dr2__SemiBin_73	K06044	contig_116_2	227.6	4.4e-68	0
CSP12_V27Dr2__SemiBin_73	K06044	contig_116_6	76.4	1.8e-22	0
CSP12_V27Dr2__SemiBin_73	K06044	contig_154_3	67.2	1.1e-19	0
CSP12_V27Dr2__SemiBin_73	K06044	contig_498_1	66.4	1.9e-19	0
CSP12_V27Dr2__SemiBin_73	K06044	contig_166_6	58.1	6.2e-17	0
CSP12_V27Dr2__SemiBin_73	K06044	contig_116_1	40.8	1e-11	0
CSP12_V27Dr2__SemiBin_73	K06044	contig_154_1	39.6	2.3e-11	0
CSP12_V27Dr2__SemiBin_73	K06044	contig_368_1	35.0	5.5e-10	0
CSP12_V27Dr2__SemiBin_73	K06044	contig_370_13	33.6	1.5e-09	0
CSP12_V27Dr2__SemiBin_73	K06044	contig_156_1	26.5	2.1e-07	0
CSP12_V27Dr2__SemiBin_73	K06044	contig_419_3	14.0	0.0012	0
CSP12_V27Dr2__SemiBin_73	K06044	contig_556_11	11.7	0.006	0
CSP12_V27Dr2__SemiBin_73	K01236	contig_370_13	387.5	2e-116	0
CSP12_V27Dr2__SemiBin_73	K01236	contig_419_3	198.5	2.9e-59	0
CSP12_V27Dr2__SemiBin_73	K01236	contig_556_11	165.6	2.5e-49	0
CSP12_V27Dr2__SemiBin_73	K01236	contig_116_6	112.7	2.6e-33	0
CSP12_V27Dr2__SemiBin_73	K01236	contig_498_1	101.8	4.9e-30	0
CSP12_V27Dr2__SemiBin_73	K01236	contig_154_3	101.7	5.2e-30	0
CSP12_V27Dr2__SemiBin_73	K01236	contig_156_1	98.8	4.1e-29	0
CSP12_V27Dr2__SemiBin_73	K01236	contig_368_1	92.3	3.8e-27	0
CSP12_V27Dr2__SemiBin_73	K01236	contig_166_6	82.4	3.7e-24	0
CSP12_V27Dr2__SemiBin_73	K01236	contig_475_2	40.5	1.7e-11	0
CSP12_V27Dr2__SemiBin_73	K01236	contig_314_1	33.5	2.3e-09	0
CSP12_V27Dr2__SemiBin_73	K01236	contig_507_9	31.0	1.3e-08	0
CSP12_V27Dr2__SemiBin_73	K01236	contig_368_2	18.1	0.0001	0
CSP12_V27Dr2__SemiBin_73	K01236	contig_156_2	15.7	0.00054	0
CSP12_V27Dr2__SemiBin_73	K13057	contig_179_4	522.5	9.9e-158	1
CSP12_V27Dr2__SemiBin_73	K13057	contig_231_2	78.7	5e-23	0
CSP12_V27Dr2__SemiBin_73	K13057	contig_279_8	57.3	1.6e-16	0
CSP12_V27Dr2__SemiBin_73	K13057	contig_47_1	52.2	5.4e-15	0
CSP12_V27Dr2__SemiBin_73	K13057	contig_57_1	48.8	5.9e-14	0
CSP12_V27Dr2__SemiBin_73	K13057	contig_510_7	35.7	5.6e-10	0
CSP12_V27Dr2__SemiBin_73	K13057	contig_186_2	33.6	2.4e-09	0
CSP12_V27Dr2__SemiBin_73	K13057	contig_553_1	24.2	1.7e-06	0
CSP12_V27Dr2__SemiBin_73	K13057	contig_496_5	18.5	8.9e-05	0
CSP12_V27Dr2__SemiBin_73	K13057	contig_47_3	13.5	0.0029	0
CSP12_V27Dr2__SemiBin_73	K13057	contig_549_3	11.2	0.015	0
CSP12_V27Dr2__SemiBin_73	K13057	contig_245_2	10.8	0.019	0
CSP12_V27Dr2__SemiBin_73	K00108	contig_349_3	721.9	8.6e-218	1
CSP12_V27Dr2__SemiBin_73	K00108	contig_227_1	364.0	1.8e-109	0
CSP12_V27Dr2__SemiBin_73	K00108	contig_221_2	101.1	6.4e-30	0
CSP12_V27Dr2__SemiBin_73	K00108	contig_14_8	13.8	0.0016	0
CSP12_V27Dr2__SemiBin_73	K00108	contig_380_7	10.6	0.016	0
CSP12_V27Dr2__SemiBin_73	K00108	contig_330_3	10.5	0.017	0
CSP12_V27Dr2__SemiBin_73	K00108	contig_103_1	10.4	0.018	0
CSP12_V27Dr2__SemiBin_73	K00108	contig_283_2	10.0	0.023	0
CSP12_V27Dr2__SemiBin_73	K00130	contig_446_2	742.2	5.7e-224	1
CSP12_V27Dr2__SemiBin_73	K00130	contig_538_2	683.1	4.5e-206	0
CSP12_V27Dr2__SemiBin_73	K00130	contig_7_1	571.1	3.8e-172	0
CSP12_V27Dr2__SemiBin_73	K00130	contig_324_6	541.4	3.8e-163	0
CSP12_V27Dr2__SemiBin_73	K00130	contig_446_3	433.7	1.5e-130	0
CSP12_V27Dr2__SemiBin_73	K00499	contig_501_3	23.5	3.2e-06	0
CSP12_V27Dr2__SemiBin_73	K00499	contig_216_13	14.8	0.0014	0
CSP12_V27Dr2__SemiBin_73	K00499	contig_283_2	14.5	0.0017	0
CSP12_V27Dr2__SemiBin_73	K17755	contig_349_3	430.7	1.3e-129	0
CSP12_V27Dr2__SemiBin_73	K17755	contig_227_1	257.3	4.6e-77	0
CSP12_V27Dr2__SemiBin_73	K17755	contig_221_2	93.0	2.9e-27	0
CSP12_V27Dr2__SemiBin_73	K17756	contig_221_2	354.6	1.9e-106	0
CSP12_V27Dr2__SemiBin_73	K17756	contig_349_3	69.5	3e-20	0
CSP12_V27Dr2__SemiBin_73	K17756	contig_227_1	45.3	6.1e-13	0
CSP12_V27Dr2__SemiBin_73	K17756	contig_380_7	30.5	1.9e-08	0
CSP12_V27Dr2__SemiBin_73	K17756	contig_14_8	23.8	1.9e-06	0
CSP12_V27Dr2__SemiBin_73	K17756	contig_330_3	22.0	6.9e-06	0
CSP12_V27Dr2__SemiBin_73	K17756	contig_283_2	17.3	0.00018	0
CSP12_V27Dr2__SemiBin_73	K17756	contig_302_1	13.6	0.0024	0
CSP12_V27Dr2__SemiBin_73	K17756	contig_103_1	12.9	0.004	0
CSP12_V27Dr2__SemiBin_73	K17756	contig_464_4	11.2	0.013	0
CSP12_V27Dr2__SemiBin_73	K17756	contig_276_1	5.9	0.49	0
CSP12_V27Dr2__SemiBin_73	K06718	contig_171_2	26.4	6.3e-07	0
CSP12_V27Dr2__SemiBin_73	K06718	contig_125_6	15.9	0.00096	0
CSP12_V27Dr2__SemiBin_73	K06718	contig_552_2	15.3	0.0015	0
CSP12_V27Dr2__SemiBin_73	K06718	contig_368_4	11.8	0.018	0
CSP12_V27Dr2__SemiBin_73	K06720	contig_350_2	19.6	0.00011	0
CSP12_V27Dr2__SemiBin_73	K06721	contig_489_2	21.5	2e-05	0
CSP12_V27Dr2__SemiBin_73	K06721	contig_301_1	17.1	0.00043	0
CSP12_V27Dr2__SemiBin_73	K06721	contig_386_6	14.8	0.0021	0
CSP12_V27Dr2__SemiBin_73	K06721	contig_199_1	12.7	0.0095	0
CSP12_V27Dr2__SemiBin_73	K06721	contig_386_8	11.9	0.016	0
CSP12_V27Dr2__SemiBin_73	K06721	contig_513_4	8.6	0.17	0
CSP12_V27Dr2__SemiBin_73	K06721	contig_265_6	3.2	7.3	0
CSP12_V27Dr2__SemiBin_73	K01858	contig_451_5	449.0	4.8e-135	1
CSP12_V27Dr2__SemiBin_73	K05845	contig_100_10	322.6	7.6e-97	1
CSP12_V27Dr2__SemiBin_73	K05846	contig_100_10	301.1	1.8e-90	1
CSP12_V27Dr2__SemiBin_73	K05846	contig_49_5	61.3	1.2e-17	0
CSP12_V27Dr2__SemiBin_73	K05846	contig_316_6	48.5	9e-14	0
CSP12_V27Dr2__SemiBin_73	K05846	contig_316_5	23.9	2.8e-06	0
CSP12_V27Dr2__SemiBin_73	K05846	contig_353_3	20.1	3.9e-05	0
CSP12_V27Dr2__SemiBin_73	K05846	contig_239_3	15.4	0.001	0
CSP12_V27Dr2__SemiBin_73	K05846	contig_353_2	10.4	0.033	0
CSP12_V27Dr2__SemiBin_73	K05847	contig_100_11	324.3	2.1e-97	0
CSP12_V27Dr2__SemiBin_73	K05847	contig_49_4	249.8	9.2e-75	0
CSP12_V27Dr2__SemiBin_73	K05847	contig_316_7	212.5	1.9e-63	0
CSP12_V27Dr2__SemiBin_73	K05847	contig_353_5	205.7	2.2e-61	0
CSP12_V27Dr2__SemiBin_73	K05847	contig_388_3	191.9	3.5e-57	0
CSP12_V27Dr2__SemiBin_73	K05847	contig_249_1	183.0	1.8e-54	0
CSP12_V27Dr2__SemiBin_73	K05847	contig_480_3	173.3	1.5e-51	0
CSP12_V27Dr2__SemiBin_73	K05847	contig_374_4	169.3	2.6e-50	0
CSP12_V27Dr2__SemiBin_73	K05847	contig_18_9	164.0	1e-48	0
CSP12_V27Dr2__SemiBin_73	K05847	contig_353_4	158.5	4.7e-47	0
CSP12_V27Dr2__SemiBin_73	K05847	contig_398_3	146.1	2.7e-43	0
CSP12_V27Dr2__SemiBin_73	K05847	contig_218_2	142.9	2.7e-42	0
CSP12_V27Dr2__SemiBin_73	K05847	contig_137_1	141.8	5.7e-42	0
CSP12_V27Dr2__SemiBin_73	K05847	contig_346_2	127.8	9.9e-38	0
CSP12_V27Dr2__SemiBin_73	K05847	contig_38_5	117.6	1.3e-34	0
CSP12_V27Dr2__SemiBin_73	K05847	contig_478_2	90.3	2.5e-26	0
CSP12_V27Dr2__SemiBin_73	K05847	contig_539_5	87.5	1.8e-25	0
CSP12_V27Dr2__SemiBin_73	K05847	contig_58_2	85.4	7.9e-25	0
CSP12_V27Dr2__SemiBin_73	K05847	contig_92_1	76.5	3.9e-22	0
CSP12_V27Dr2__SemiBin_73	K05847	contig_59_1	65.2	1e-18	0
CSP12_V27Dr2__SemiBin_73	K05847	contig_264_1	64.4	1.8e-18	0
CSP12_V27Dr2__SemiBin_73	K05847	contig_478_1	47.8	2e-13	0
CSP12_V27Dr2__SemiBin_73	K05847	contig_117_2	45.0	1.4e-12	0
CSP12_V27Dr2__SemiBin_73	K05847	contig_226_1	42.1	1.1e-11	0
CSP12_V27Dr2__SemiBin_73	K05847	contig_78_3	15.1	0.0017	0
CSP12_V27Dr2__SemiBin_73	K05847	contig_19_4	13.7	0.0047	0
CSP12_V27Dr2__SemiBin_73	K03451	contig_153_3	4.0	1.8	0
CSP12_V27Dr2__SemiBin_73	K02168	contig_284_3	13.2	0.0027	0
CSP12_V27Dr2__SemiBin_73	K02168	contig_153_3	10.4	0.019	0
CSP12_V27Dr2__SemiBin_73	K02168	contig_462_2	8.8	0.059	0
CSP12_V27Dr2__SemiBin_73	K02168	contig_328_4	2.9	3.7	0
CSP12_V27Dr2__SemiBin_73	K02000	contig_49_4	241.5	4.6e-72	0
CSP12_V27Dr2__SemiBin_73	K02000	contig_100_11	219.9	1.5e-65	0
CSP12_V27Dr2__SemiBin_73	K02000	contig_388_3	210.5	1.1e-62	0
CSP12_V27Dr2__SemiBin_73	K02000	contig_316_7	187.6	9e-56	0
CSP12_V27Dr2__SemiBin_73	K02000	contig_353_5	181.6	6.2e-54	0
CSP12_V27Dr2__SemiBin_73	K02000	contig_249_1	166.4	2.5e-49	0
CSP12_V27Dr2__SemiBin_73	K02000	contig_374_4	140.1	2.2e-41	0
CSP12_V27Dr2__SemiBin_73	K02000	contig_480_3	133.4	2.5e-39	0
CSP12_V27Dr2__SemiBin_73	K02000	contig_353_4	130.5	1.8e-38	0
CSP12_V27Dr2__SemiBin_73	K02000	contig_398_3	109.9	3.1e-32	0
CSP12_V27Dr2__SemiBin_73	K02000	contig_18_9	105.4	7.3e-31	0
CSP12_V27Dr2__SemiBin_73	K02000	contig_137_1	105.2	8e-31	0
CSP12_V27Dr2__SemiBin_73	K02000	contig_218_2	76.6	3.8e-22	0
CSP12_V27Dr2__SemiBin_73	K02000	contig_92_1	75.1	1e-21	0
CSP12_V27Dr2__SemiBin_73	K02000	contig_539_5	71.9	9.6e-21	0
CSP12_V27Dr2__SemiBin_73	K02000	contig_58_2	66.8	3.5e-19	0
CSP12_V27Dr2__SemiBin_73	K02000	contig_38_5	64.5	1.7e-18	0
CSP12_V27Dr2__SemiBin_73	K02000	contig_478_2	64.5	1.7e-18	0
CSP12_V27Dr2__SemiBin_73	K02000	contig_346_2	63.3	3.9e-18	0
CSP12_V27Dr2__SemiBin_73	K02000	contig_117_2	43.7	3.3e-12	0
CSP12_V27Dr2__SemiBin_73	K02000	contig_264_1	40.0	4.5e-11	0
CSP12_V27Dr2__SemiBin_73	K02000	contig_478_1	39.7	5.7e-11	0
CSP12_V27Dr2__SemiBin_73	K02000	contig_59_1	33.7	3.6e-09	0
CSP12_V27Dr2__SemiBin_73	K02000	contig_102_2	31.8	1.4e-08	0
CSP12_V27Dr2__SemiBin_73	K02000	contig_449_1	29.5	6.6e-08	0
CSP12_V27Dr2__SemiBin_73	K02000	contig_278_4	26.8	4.3e-07	0
CSP12_V27Dr2__SemiBin_73	K02000	contig_164_2	24.4	2.4e-06	0
CSP12_V27Dr2__SemiBin_73	K02000	contig_252_4	23.6	4e-06	0
CSP12_V27Dr2__SemiBin_73	K02000	contig_208_4	21.5	1.8e-05	0
CSP12_V27Dr2__SemiBin_73	K02000	contig_222_3	20.8	2.8e-05	0
CSP12_V27Dr2__SemiBin_73	K02000	contig_51_4	19.7	6.3e-05	0
CSP12_V27Dr2__SemiBin_73	K02000	contig_252_1	18.3	0.00017	0
CSP12_V27Dr2__SemiBin_73	K02000	contig_489_3	17.2	0.00035	0
CSP12_V27Dr2__SemiBin_73	K02000	contig_252_2	17.2	0.00036	0
CSP12_V27Dr2__SemiBin_73	K02000	contig_141_5	16.1	0.00076	0
CSP12_V27Dr2__SemiBin_73	K02000	contig_226_1	15.6	0.0011	0
CSP12_V27Dr2__SemiBin_73	K02000	contig_78_3	13.4	0.0049	0
CSP12_V27Dr2__SemiBin_73	K02000	contig_247_2	12.4	0.0098	0
CSP12_V27Dr2__SemiBin_73	K02001	contig_100_10	130.1	1.6e-38	0
CSP12_V27Dr2__SemiBin_73	K02001	contig_49_5	30.8	1.7e-08	0
CSP12_V27Dr2__SemiBin_73	K02001	contig_316_6	22.2	6.6e-06	0
CSP12_V27Dr2__SemiBin_73	K02001	contig_353_3	16.9	0.00027	0
CSP12_V27Dr2__SemiBin_73	K02001	contig_316_5	13.9	0.0022	0
CSP12_V27Dr2__SemiBin_73	K02002	contig_100_10	69.8	2.5e-20	0
CSP12_V27Dr2__SemiBin_73	K02002	contig_49_5	11.3	0.014	0
CSP12_V27Dr2__SemiBin_73	K02779	contig_328_4	4.2	1.8	0
CSP12_V27Dr2__SemiBin_73	K02779	contig_153_3	2.9	4.5	0
CSP12_V27Dr2__SemiBin_73	K01226	contig_498_1	498.6	4e-150	0
CSP12_V27Dr2__SemiBin_73	K01226	contig_154_3	458.1	7.7e-138	0
CSP12_V27Dr2__SemiBin_73	K01226	contig_166_6	389.4	4.8e-117	0
CSP12_V27Dr2__SemiBin_73	K01226	contig_368_1	187.2	8.9e-56	0
CSP12_V27Dr2__SemiBin_73	K01226	contig_116_6	135.4	4.4e-40	0
CSP12_V27Dr2__SemiBin_73	K01226	contig_475_2	118.7	5e-35	0
CSP12_V27Dr2__SemiBin_73	K01226	contig_507_9	80.2	2.4e-23	0
CSP12_V27Dr2__SemiBin_73	K01226	contig_419_3	74.4	1.3e-21	0
CSP12_V27Dr2__SemiBin_73	K01226	contig_314_1	50.3	2.6e-14	0
CSP12_V27Dr2__SemiBin_73	K01226	contig_370_13	36.1	5.5e-10	0
CSP12_V27Dr2__SemiBin_73	K01226	contig_368_2	35.8	6.8e-10	0
CSP12_V27Dr2__SemiBin_73	K01226	contig_156_1	35.3	9.3e-10	0
CSP12_V27Dr2__SemiBin_73	K01226	contig_556_11	33.4	3.5e-09	0
CSP12_V27Dr2__SemiBin_73	K01226	contig_350_8	12.3	0.0089	0
CSP12_V30PRr1__SemiBin_7	K05343	contig_469_3	1272.9	0.0	1
CSP12_V30PRr1__SemiBin_7	K05343	contig_359_7	798.1	2e-240	1
CSP12_V30PRr1__SemiBin_7	K05343	contig_203_2	796.3	6.8e-240	1
CSP12_V30PRr1__SemiBin_7	K05343	contig_475_1	410.4	2.7e-123	0
CSP12_V30PRr1__SemiBin_7	K05343	contig_102_3	161.9	3.1e-48	0
CSP12_V30PRr1__SemiBin_7	K05343	contig_178_11	107.9	6.5e-32	0
CSP12_V30PRr1__SemiBin_7	K05343	contig_368_5	101.7	5e-30	0
CSP12_V30PRr1__SemiBin_7	K05343	contig_37_1	97.7	8.2e-29	0
CSP12_V30PRr1__SemiBin_7	K05343	contig_360_4	68.1	7e-20	0
CSP12_V30PRr1__SemiBin_7	K05343	contig_336_5	52.9	2.7e-15	0
CSP12_V30PRr1__SemiBin_7	K05343	contig_144_3	50.3	1.7e-14	0
CSP12_V30PRr1__SemiBin_7	K05343	contig_469_2	47.4	1.3e-13	0
CSP12_V30PRr1__SemiBin_7	K05343	contig_120_2	39.2	3.7e-11	0
CSP12_V30PRr1__SemiBin_7	K05343	contig_218_1	33.8	1.6e-09	0
CSP12_V30PRr1__SemiBin_7	K05343	contig_14_1	31.9	6e-09	0
CSP12_V30PRr1__SemiBin_7	K06044	contig_120_2	1164.9	0.0	1
CSP12_V30PRr1__SemiBin_7	K06044	contig_102_4	233.7	6.5e-70	0
CSP12_V30PRr1__SemiBin_7	K06044	contig_102_3	76.4	1.8e-22	0
CSP12_V30PRr1__SemiBin_7	K06044	contig_159_1	70.3	1.3e-20	0
CSP12_V30PRr1__SemiBin_7	K06044	contig_475_1	67.5	9.1e-20	0
CSP12_V30PRr1__SemiBin_7	K06044	contig_359_7	47.6	9.2e-14	0
CSP12_V30PRr1__SemiBin_7	K06044	contig_360_4	45.3	4.4e-13	0
CSP12_V30PRr1__SemiBin_7	K06044	contig_203_2	37.4	1.1e-10	0
CSP12_V30PRr1__SemiBin_7	K06044	contig_469_3	36.3	2.4e-10	0
CSP12_V30PRr1__SemiBin_7	K06044	contig_469_2	24.0	1.2e-06	0
CSP12_V30PRr1__SemiBin_7	K06044	contig_144_3	16.5	0.00021	0
CSP12_V30PRr1__SemiBin_7	K06044	contig_218_1	15.8	0.00036	0
CSP12_V30PRr1__SemiBin_7	K06044	contig_336_5	11.2	0.0088	0
CSP12_V30PRr1__SemiBin_7	K01236	contig_469_2	178.9	2.5e-53	0
CSP12_V30PRr1__SemiBin_7	K01236	contig_336_5	173.7	9.2e-52	0
CSP12_V30PRr1__SemiBin_7	K01236	contig_144_3	148.5	4e-44	0
CSP12_V30PRr1__SemiBin_7	K01236	contig_102_3	112.7	2.6e-33	0
CSP12_V30PRr1__SemiBin_7	K01236	contig_469_3	110.9	8.8e-33	0
CSP12_V30PRr1__SemiBin_7	K01236	contig_359_7	104.7	6.9e-31	0
CSP12_V30PRr1__SemiBin_7	K01236	contig_475_1	91.6	6.2e-27	0
CSP12_V30PRr1__SemiBin_7	K01236	contig_203_2	84.5	8.5e-25	0
CSP12_V30PRr1__SemiBin_7	K01236	contig_360_4	40.0	2.5e-11	0
CSP12_V30PRr1__SemiBin_7	K01236	contig_120_2	33.3	2.6e-09	0
CSP12_V30PRr1__SemiBin_7	K01236	contig_368_5	26.1	4e-07	0
CSP12_V30PRr1__SemiBin_7	K01236	contig_218_1	24.8	1e-06	0
CSP12_V30PRr1__SemiBin_7	K01236	contig_178_11	24.6	1.1e-06	0
CSP12_V30PRr1__SemiBin_7	K01236	contig_14_1	14.0	0.0019	0
CSP12_V30PRr1__SemiBin_7	K13057	contig_540_1	367.9	8.2e-111	1
CSP12_V30PRr1__SemiBin_7	K13057	contig_395_1	110.8	8.8e-33	0
CSP12_V30PRr1__SemiBin_7	K13057	contig_376_4	54.3	1.3e-15	0
CSP12_V30PRr1__SemiBin_7	K13057	contig_207_1	35.2	7.6e-10	0
CSP12_V30PRr1__SemiBin_7	K13057	contig_207_7	33.6	2.4e-09	0
CSP12_V30PRr1__SemiBin_7	K13057	contig_375_6	19.8	3.7e-05	0
CSP12_V30PRr1__SemiBin_7	K13057	contig_196_2	11.2	0.015	0
CSP12_V30PRr1__SemiBin_7	K00108	contig_531_2	721.9	8.7e-218	1
CSP12_V30PRr1__SemiBin_7	K00108	contig_328_2	466.6	1.6e-140	0
CSP12_V30PRr1__SemiBin_7	K00108	contig_29_4	100.4	1e-29	0
CSP12_V30PRr1__SemiBin_7	K00108	contig_83_7	61.9	4.9e-18	0
CSP12_V30PRr1__SemiBin_7	K00108	contig_73_4	13.8	0.0017	0
CSP12_V30PRr1__SemiBin_7	K00108	contig_273_9	10.8	0.014	0
CSP12_V30PRr1__SemiBin_7	K00108	contig_260_4	10.6	0.016	0
CSP12_V30PRr1__SemiBin_7	K00108	contig_384_3	10.0	0.024	0
CSP12_V30PRr1__SemiBin_7	K00108	contig_399_2	9.4	0.036	0
CSP12_V30PRr1__SemiBin_7	K00130	contig_547_13	742.2	5.7e-224	1
CSP12_V30PRr1__SemiBin_7	K00130	contig_277_7	501.6	4.2e-151	0
CSP12_V30PRr1__SemiBin_7	K00130	contig_547_12	433.7	1.5e-130	0
CSP12_V30PRr1__SemiBin_7	K00130	contig_535_1	364.9	1.1e-109	0
CSP12_V30PRr1__SemiBin_7	K00130	contig_42_1	333.0	4.7e-100	0
CSP12_V30PRr1__SemiBin_7	K00130	contig_246_1	328.0	1.6e-98	0
CSP12_V30PRr1__SemiBin_7	K00499	contig_526_6	23.7	2.9e-06	0
CSP12_V30PRr1__SemiBin_7	K00499	contig_343_4	14.8	0.0014	0
CSP12_V30PRr1__SemiBin_7	K00499	contig_384_3	14.5	0.0017	0
CSP12_V30PRr1__SemiBin_7	K17755	contig_531_2	430.7	1.3e-129	0
CSP12_V30PRr1__SemiBin_7	K17755	contig_328_2	326.5	4.9e-98	0
CSP12_V30PRr1__SemiBin_7	K17755	contig_29_4	92.4	4.4e-27	0
CSP12_V30PRr1__SemiBin_7	K17755	contig_83_7	52.5	5.5e-15	0
CSP12_V30PRr1__SemiBin_7	K17755	contig_399_2	8.9	0.089	0
CSP12_V30PRr1__SemiBin_7	K17756	contig_29_4	352.7	7.5e-106	0
CSP12_V30PRr1__SemiBin_7	K17756	contig_83_7	107.4	1.1e-31	0
CSP12_V30PRr1__SemiBin_7	K17756	contig_531_2	69.5	3e-20	0
CSP12_V30PRr1__SemiBin_7	K17756	contig_328_2	56.5	2.7e-16	0
CSP12_V30PRr1__SemiBin_7	K17756	contig_260_4	30.5	1.9e-08	0
CSP12_V30PRr1__SemiBin_7	K17756	contig_73_4	23.8	2e-06	0
CSP12_V30PRr1__SemiBin_7	K17756	contig_384_3	17.3	0.00018	0
CSP12_V30PRr1__SemiBin_7	K17756	contig_112_9	13.6	0.0024	0
CSP12_V30PRr1__SemiBin_7	K17756	contig_60_11	11.2	0.013	0
CSP12_V30PRr1__SemiBin_7	K17756	contig_255_1	11.0	0.015	0
CSP12_V30PRr1__SemiBin_7	K17756	contig_32_1	10.9	0.016	0
CSP12_V30PRr1__SemiBin_7	K17756	contig_133_6	5.9	0.5	0
CSP12_V30PRr1__SemiBin_7	K06718	contig_180_5	26.4	6.4e-07	0
CSP12_V30PRr1__SemiBin_7	K06720	contig_268_2	16.6	0.00097	0
CSP12_V30PRr1__SemiBin_7	K06721	contig_562_3	17.3	0.00038	0
CSP12_V30PRr1__SemiBin_7	K06721	contig_506_5	15.7	0.0012	0
CSP12_V30PRr1__SemiBin_7	K06721	contig_530_1	8.2	0.22	0
CSP12_V30PRr1__SemiBin_7	K06721	contig_295_1	4.3	3.3	0
CSP12_V30PRr1__SemiBin_7	K01858	contig_36_3	451.1	1.1e-135	1
CSP12_V30PRr1__SemiBin_7	K01858	contig_269_4	11.7	0.01	0
CSP12_V30PRr1__SemiBin_7	K05845	contig_520_12	325.2	1.2e-97	1
CSP12_V30PRr1__SemiBin_7	K05846	contig_520_12	302.8	5.6e-91	1
CSP12_V30PRr1__SemiBin_7	K05846	contig_412_5	61.3	1.2e-17	0
CSP12_V30PRr1__SemiBin_7	K05846	contig_202_2	48.8	7.4e-14	0
CSP12_V30PRr1__SemiBin_7	K05846	contig_202_1	23.5	3.5e-06	0
CSP12_V30PRr1__SemiBin_7	K05846	contig_259_3	15.6	0.00089	0
CSP12_V30PRr1__SemiBin_7	K05846	contig_428_2	12.3	0.0087	0
CSP12_V30PRr1__SemiBin_7	K05846	contig_259_2	10.4	0.034	0
CSP12_V30PRr1__SemiBin_7	K05846	contig_48_5	10.1	0.042	0
CSP12_V30PRr1__SemiBin_7	K05847	contig_412_4	249.8	9.3e-75	0
CSP12_V30PRr1__SemiBin_7	K05847	contig_520_13	242.6	1.3e-72	0
CSP12_V30PRr1__SemiBin_7	K05847	contig_491_2	242.3	1.7e-72	0
CSP12_V30PRr1__SemiBin_7	K05847	contig_70_9	240.3	6.8e-72	0
CSP12_V30PRr1__SemiBin_7	K05847	contig_309_3	213.3	1.1e-63	0
CSP12_V30PRr1__SemiBin_7	K05847	contig_259_5	206.3	1.5e-61	0
CSP12_V30PRr1__SemiBin_7	K05847	contig_556_3	191.9	3.6e-57	0
CSP12_V30PRr1__SemiBin_7	K05847	contig_358_3	183.0	1.8e-54	0
CSP12_V30PRr1__SemiBin_7	K05847	contig_313_4	176.9	1.3e-52	0
CSP12_V30PRr1__SemiBin_7	K05847	contig_411_2	170.8	8.7e-51	0
CSP12_V30PRr1__SemiBin_7	K05847	contig_192_2	164.1	9.6e-49	0
CSP12_V30PRr1__SemiBin_7	K05847	contig_549_6	161.2	7.5e-48	0
CSP12_V30PRr1__SemiBin_7	K05847	contig_259_4	158.4	5e-47	0
CSP12_V30PRr1__SemiBin_7	K05847	contig_18_8	149.6	2.5e-44	0
CSP12_V30PRr1__SemiBin_7	K05847	contig_66_4	146.1	2.8e-43	0
CSP12_V30PRr1__SemiBin_7	K05847	contig_161_2	143.0	2.5e-42	0
CSP12_V30PRr1__SemiBin_7	K05847	contig_166_3	142.7	3.1e-42	0
CSP12_V30PRr1__SemiBin_7	K05847	contig_27_4	119.8	2.8e-35	0
CSP12_V30PRr1__SemiBin_7	K05847	contig_99_3	94.2	1.6e-27	0
CSP12_V30PRr1__SemiBin_7	K05847	contig_99_4	57.9	1.7e-16	0
CSP12_V30PRr1__SemiBin_7	K05847	contig_32_5	48.5	1.2e-13	0
CSP12_V30PRr1__SemiBin_7	K05847	contig_510_2	45.0	1.4e-12	0
CSP12_V30PRr1__SemiBin_7	K05847	contig_485_1	19.7	6.9e-05	0
CSP12_V30PRr1__SemiBin_7	K05847	contig_269_4	14.0	0.0037	0
CSP12_V30PRr1__SemiBin_7	K05847	contig_365_2	12.8	0.0091	0
CSP12_V30PRr1__SemiBin_7	K05847	contig_474_1	11.8	0.018	0
CSP12_V30PRr1__SemiBin_7	K03451	contig_112_6	4.0	1.8	0
CSP12_V30PRr1__SemiBin_7	K02168	contig_112_6	10.4	0.02	0
CSP12_V30PRr1__SemiBin_7	K02168	contig_320_7	8.8	0.06	0
CSP12_V30PRr1__SemiBin_7	K02168	contig_434_4	3.4	2.7	0
CSP12_V30PRr1__SemiBin_7	K02168	contig_215_1	2.5	4.9	0
CSP12_V30PRr1__SemiBin_7	K02000	contig_412_4	241.5	4.7e-72	0
CSP12_V30PRr1__SemiBin_7	K02000	contig_70_9	240.8	7.2e-72	0
CSP12_V30PRr1__SemiBin_7	K02000	contig_309_3	219.9	1.6e-65	0
CSP12_V30PRr1__SemiBin_7	K02000	contig_556_3	210.5	1.1e-62	0
CSP12_V30PRr1__SemiBin_7	K02000	contig_491_2	201.4	6.1e-60	0
CSP12_V30PRr1__SemiBin_7	K02000	contig_259_5	181.8	5.6e-54	0
CSP12_V30PRr1__SemiBin_7	K02000	contig_549_6	176.5	2.1e-52	0
CSP12_V30PRr1__SemiBin_7	K02000	contig_358_3	166.4	2.5e-49	0
CSP12_V30PRr1__SemiBin_7	K02000	contig_520_13	166.1	3e-49	0
CSP12_V30PRr1__SemiBin_7	K02000	contig_411_2	153.1	2.6e-45	0
CSP12_V30PRr1__SemiBin_7	K02000	contig_313_4	136.6	2.6e-40	0
CSP12_V30PRr1__SemiBin_7	K02000	contig_161_2	133.5	2.3e-39	0
CSP12_V30PRr1__SemiBin_7	K02000	contig_259_4	130.5	1.8e-38	0
CSP12_V30PRr1__SemiBin_7	K02000	contig_66_4	109.9	3.1e-32	0
CSP12_V30PRr1__SemiBin_7	K02000	contig_18_8	108.2	1.1e-31	0
CSP12_V30PRr1__SemiBin_7	K02000	contig_192_2	105.4	7.4e-31	0
CSP12_V30PRr1__SemiBin_7	K02000	contig_166_3	76.6	3.9e-22	0
CSP12_V30PRr1__SemiBin_7	K02000	contig_99_3	65.8	7.2e-19	0
CSP12_V30PRr1__SemiBin_7	K02000	contig_27_4	64.3	2e-18	0
CSP12_V30PRr1__SemiBin_7	K02000	contig_510_2	43.7	3.4e-12	0
CSP12_V30PRr1__SemiBin_7	K02000	contig_99_4	36.2	6.5e-10	0
CSP12_V30PRr1__SemiBin_7	K02000	contig_190_1	35.1	1.4e-09	0
CSP12_V30PRr1__SemiBin_7	K02000	contig_488_4	31.7	1.4e-08	0
CSP12_V30PRr1__SemiBin_7	K02000	contig_394_3	28.5	1.4e-07	0
CSP12_V30PRr1__SemiBin_7	K02000	contig_505_6	26.8	4.4e-07	0
CSP12_V30PRr1__SemiBin_7	K02000	contig_32_5	24.8	1.8e-06	0
CSP12_V30PRr1__SemiBin_7	K02000	contig_278_7	24.4	2.5e-06	0
CSP12_V30PRr1__SemiBin_7	K02000	contig_210_1	23.9	3.3e-06	0
CSP12_V30PRr1__SemiBin_7	K02000	contig_201_2	23.0	6.4e-06	0
CSP12_V30PRr1__SemiBin_7	K02000	contig_154_7	20.3	4.3e-05	0
CSP12_V30PRr1__SemiBin_7	K02000	contig_298_1	19.7	6.4e-05	0
CSP12_V30PRr1__SemiBin_7	K02000	contig_136_2	18.3	0.00017	0
CSP12_V30PRr1__SemiBin_7	K02000	contig_135_1	13.0	0.0068	0
CSP12_V30PRr1__SemiBin_7	K02000	contig_201_3	12.5	0.0095	0
CSP12_V30PRr1__SemiBin_7	K02000	contig_485_1	11.9	0.014	0
CSP12_V30PRr1__SemiBin_7	K02000	contig_369_8	10.9	0.028	0
CSP12_V30PRr1__SemiBin_7	K02001	contig_520_12	130.9	9.1e-39	0
CSP12_V30PRr1__SemiBin_7	K02001	contig_412_5	30.8	1.7e-08	0
CSP12_V30PRr1__SemiBin_7	K02001	contig_202_2	22.6	5.1e-06	0
CSP12_V30PRr1__SemiBin_7	K02001	contig_202_1	15.0	0.0011	0
CSP12_V30PRr1__SemiBin_7	K02001	contig_428_2	12.8	0.0047	0
CSP12_V30PRr1__SemiBin_7	K02001	contig_259_3	10.4	0.025	0
CSP12_V30PRr1__SemiBin_7	K02002	contig_520_12	74.2	1.2e-21	0
CSP12_V30PRr1__SemiBin_7	K02002	contig_412_5	11.3	0.014	0
CSP12_V30PRr1__SemiBin_7	K02002	contig_321_3	10.8	0.019	0
CSP12_V30PRr1__SemiBin_7	K02779	contig_434_4	5.0	1.1	0
CSP12_V30PRr1__SemiBin_7	K02779	contig_50_1	3.4	3.1	0
CSP12_V30PRr1__SemiBin_7	K02779	contig_112_6	2.9	4.6	0
CSP12_V30PRr1__SemiBin_7	K01226	contig_475_1	417.5	1.5e-125	0
CSP12_V30PRr1__SemiBin_7	K01226	contig_359_7	331.7	1.5e-99	0
CSP12_V30PRr1__SemiBin_7	K01226	contig_469_3	289.5	9.2e-87	0
CSP12_V30PRr1__SemiBin_7	K01226	contig_203_2	285.9	1.1e-85	0
CSP12_V30PRr1__SemiBin_7	K01226	contig_102_3	135.4	4.4e-40	0
CSP12_V30PRr1__SemiBin_7	K01226	contig_368_5	126.3	2.6e-37	0
CSP12_V30PRr1__SemiBin_7	K01226	contig_178_11	95.4	5.9e-28	0
CSP12_V30PRr1__SemiBin_7	K01226	contig_360_4	64.1	1.8e-18	0
CSP12_V30PRr1__SemiBin_7	K01226	contig_120_2	49.8	3.9e-14	0
CSP12_V30PRr1__SemiBin_7	K01226	contig_144_3	44.4	1.7e-12	0
CSP12_V30PRr1__SemiBin_7	K01226	contig_336_5	41.4	1.3e-11	0
CSP12_V30PRr1__SemiBin_7	K01226	contig_469_2	39.1	6.7e-11	0
CSP12_V30PRr1__SemiBin_7	K01226	contig_14_1	35.2	1e-09	0
CSP12_V30PRr1__SemiBin_7	K01226	contig_37_1	25.7	8e-07	0
CSP12_V30PRr1__SemiBin_7	K01226	contig_218_1	19.6	5.5e-05	0
CSP12_V30PRr1__SemiBin_7	K01226	contig_181_3	12.3	0.009	0
CSP12_V32PRr1__SemiBin_26	K05343	contig_165_2	799.6	5.2e-241	1
CSP12_V32PRr1__SemiBin_26	K05343	contig_303_4	795.9	6.4e-240	1
CSP12_V32PRr1__SemiBin_26	K05343	contig_103_13	446.9	1.8e-134	0
CSP12_V32PRr1__SemiBin_26	K05343	contig_453_4	446.6	2.3e-134	0
CSP12_V32PRr1__SemiBin_26	K05343	contig_469_3	161.9	2.3e-48	0
CSP12_V32PRr1__SemiBin_26	K05343	contig_290_4	52.9	2e-15	0
CSP12_V32PRr1__SemiBin_26	K05343	contig_205_9	47.1	1.1e-13	0
CSP12_V32PRr1__SemiBin_26	K05343	contig_453_1	46.9	1.3e-13	0
CSP12_V32PRr1__SemiBin_26	K05343	contig_146_6	43.3	1.7e-12	0
CSP12_V32PRr1__SemiBin_26	K05343	contig_467_3	41.4	6.2e-12	0
CSP12_V32PRr1__SemiBin_26	K05343	contig_103_11	39.8	1.8e-11	0
CSP12_V32PRr1__SemiBin_26	K05343	contig_203_1	33.8	1.2e-09	0
CSP12_V32PRr1__SemiBin_26	K05343	contig_146_5	28.9	3.6e-08	0
CSP12_V32PRr1__SemiBin_26	K05343	contig_146_4	25.3	4.5e-07	0
CSP12_V32PRr1__SemiBin_26	K05343	contig_101_1	20.3	1.4e-05	0
CSP12_V32PRr1__SemiBin_26	K06044	contig_103_11	1166.5	0.0	1
CSP12_V32PRr1__SemiBin_26	K06044	contig_263_3	130.9	5e-39	0
CSP12_V32PRr1__SemiBin_26	K06044	contig_101_1	116.1	1.5e-34	0
CSP12_V32PRr1__SemiBin_26	K06044	contig_469_3	76.4	1.3e-22	0
CSP12_V32PRr1__SemiBin_26	K06044	contig_103_13	67.2	7.9e-20	0
CSP12_V32PRr1__SemiBin_26	K06044	contig_453_4	63.3	1.2e-18	0
CSP12_V32PRr1__SemiBin_26	K06044	contig_165_2	47.6	6.8e-14	0
CSP12_V32PRr1__SemiBin_26	K06044	contig_453_1	41.5	4.7e-12	0
CSP12_V32PRr1__SemiBin_26	K06044	contig_303_4	37.4	8.1e-11	0
CSP12_V32PRr1__SemiBin_26	K06044	contig_205_9	24.6	5.7e-07	0
CSP12_V32PRr1__SemiBin_26	K06044	contig_203_1	15.8	0.00026	0
CSP12_V32PRr1__SemiBin_26	K06044	contig_290_4	11.2	0.0064	0
CSP12_V32PRr1__SemiBin_26	K01236	contig_453_1	726.7	4e-219	1
CSP12_V32PRr1__SemiBin_26	K01236	contig_290_4	173.7	6.7e-52	0
CSP12_V32PRr1__SemiBin_26	K01236	contig_205_9	136.9	9.2e-41	0
CSP12_V32PRr1__SemiBin_26	K01236	contig_469_3	112.7	1.9e-33	0
CSP12_V32PRr1__SemiBin_26	K01236	contig_453_4	103.4	1.3e-30	0
CSP12_V32PRr1__SemiBin_26	K01236	contig_103_13	101.6	4.3e-30	0
CSP12_V32PRr1__SemiBin_26	K01236	contig_165_2	100.5	9e-30	0
CSP12_V32PRr1__SemiBin_26	K01236	contig_303_4	83.2	1.6e-24	0
CSP12_V32PRr1__SemiBin_26	K01236	contig_103_11	34.9	6.5e-10	0
CSP12_V32PRr1__SemiBin_26	K01236	contig_203_1	24.8	7.3e-07	0
CSP12_V32PRr1__SemiBin_26	K01236	contig_146_6	19.1	3.7e-05	0
CSP12_V32PRr1__SemiBin_26	K01236	contig_467_3	19.1	3.9e-05	0
CSP12_V32PRr1__SemiBin_26	K13057	contig_282_3	47.8	8.7e-14	0
CSP12_V32PRr1__SemiBin_26	K13057	contig_443_2	37.6	1.1e-10	0
CSP12_V32PRr1__SemiBin_26	K13057	contig_404_1	36.9	1.7e-10	0
CSP12_V32PRr1__SemiBin_26	K13057	contig_205_2	16.9	0.0002	0
CSP12_V32PRr1__SemiBin_26	K13057	contig_129_1	13.2	0.0028	0
CSP12_V32PRr1__SemiBin_26	K00108	contig_185_5	721.9	6.4e-218	1
CSP12_V32PRr1__SemiBin_26	K00108	contig_280_2	473.7	8.1e-143	0
CSP12_V32PRr1__SemiBin_26	K00108	contig_322_4	70.7	7.5e-21	0
CSP12_V32PRr1__SemiBin_26	K00108	contig_315_3	64.6	5.5e-19	0
CSP12_V32PRr1__SemiBin_26	K00108	contig_255_5	10.8	0.01	0
CSP12_V32PRr1__SemiBin_26	K00108	contig_61_3	10.6	0.012	0
CSP12_V32PRr1__SemiBin_26	K00108	contig_218_3	10.4	0.014	0
CSP12_V32PRr1__SemiBin_26	K00108	contig_346_2	10.0	0.017	0
CSP12_V32PRr1__SemiBin_26	K00108	contig_119_3	9.2	0.03	0
CSP12_V32PRr1__SemiBin_26	K00130	contig_9_6	742.3	4e-224	1
CSP12_V32PRr1__SemiBin_26	K00130	contig_108_2	674.8	1.1e-203	0
CSP12_V32PRr1__SemiBin_26	K00130	contig_121_4	542.0	1.8e-163	0
CSP12_V32PRr1__SemiBin_26	K00130	contig_142_2	433.7	1.1e-130	0
CSP12_V32PRr1__SemiBin_26	K00499	contig_436_10	24.6	1.1e-06	0
CSP12_V32PRr1__SemiBin_26	K00499	contig_345_9	14.8	0.001	0
CSP12_V32PRr1__SemiBin_26	K00499	contig_346_2	14.5	0.0013	0
CSP12_V32PRr1__SemiBin_26	K00499	contig_218_3	12.7	0.0045	0
CSP12_V32PRr1__SemiBin_26	K17755	contig_185_5	430.7	9.6e-130	0
CSP12_V32PRr1__SemiBin_26	K17755	contig_280_2	331.1	1.5e-99	0
CSP12_V32PRr1__SemiBin_26	K17755	contig_322_4	54.6	9.3e-16	0
CSP12_V32PRr1__SemiBin_26	K17755	contig_315_3	53.3	2.2e-15	0
CSP12_V32PRr1__SemiBin_26	K17756	contig_322_4	294.4	2.4e-88	0
CSP12_V32PRr1__SemiBin_26	K17756	contig_315_3	107.6	6.8e-32	0
CSP12_V32PRr1__SemiBin_26	K17756	contig_185_5	69.5	2.2e-20	0
CSP12_V32PRr1__SemiBin_26	K17756	contig_280_2	54.8	6.5e-16	0
CSP12_V32PRr1__SemiBin_26	K17756	contig_61_3	30.5	1.4e-08	0
CSP12_V32PRr1__SemiBin_26	K17756	contig_218_3	21.9	5.5e-06	0
CSP12_V32PRr1__SemiBin_26	K17756	contig_124_2	18.7	5.2e-05	0
CSP12_V32PRr1__SemiBin_26	K17756	contig_346_2	17.3	0.00013	0
CSP12_V32PRr1__SemiBin_26	K17756	contig_57_2	14.3	0.0011	0
CSP12_V32PRr1__SemiBin_26	K17756	contig_329_9	13.6	0.0018	0
CSP12_V32PRr1__SemiBin_26	K17756	contig_268_1	12.1	0.005	0
CSP12_V32PRr1__SemiBin_26	K17756	contig_119_3	11.1	0.01	0
CSP12_V32PRr1__SemiBin_26	K17756	contig_180_2	6.3	0.3	0
CSP12_V32PRr1__SemiBin_26	K06718	contig_144_2	26.4	4.7e-07	0
CSP12_V32PRr1__SemiBin_26	K06720	contig_30_2	19.6	8.3e-05	0
CSP12_V32PRr1__SemiBin_26	K06720	contig_274_3	16.6	0.00071	0
CSP12_V32PRr1__SemiBin_26	K06721	contig_87_2	21.5	1.5e-05	0
CSP12_V32PRr1__SemiBin_26	K06721	contig_437_5	19.3	6.7e-05	0
CSP12_V32PRr1__SemiBin_26	K06721	contig_195_3	15.7	0.00086	0
CSP12_V32PRr1__SemiBin_26	K06721	contig_209_2	14.8	0.0016	0
CSP12_V32PRr1__SemiBin_26	K06721	contig_107_1	4.7	1.9	0
CSP12_V32PRr1__SemiBin_26	K01858	contig_460_7	451.1	8.4e-136	1
CSP12_V32PRr1__SemiBin_26	K05846	contig_297_2	61.3	8.9e-18	0
CSP12_V32PRr1__SemiBin_26	K05846	contig_242_1	48.6	6.3e-14	0
CSP12_V32PRr1__SemiBin_26	K05846	contig_242_2	12.7	0.0051	0
CSP12_V32PRr1__SemiBin_26	K05846	contig_239_6	11.4	0.012	0
CSP12_V32PRr1__SemiBin_26	K05846	contig_32_3	10.1	0.031	0
CSP12_V32PRr1__SemiBin_26	K05847	contig_297_3	249.8	6.8e-75	0
CSP12_V32PRr1__SemiBin_26	K05847	contig_60_2	169.7	1.4e-50	0
CSP12_V32PRr1__SemiBin_26	K05847	contig_1_6	169.3	1.9e-50	0
CSP12_V32PRr1__SemiBin_26	K05847	contig_200_2	161.2	5.5e-48	0
CSP12_V32PRr1__SemiBin_26	K05847	contig_111_1	124.4	8.2e-37	0
CSP12_V32PRr1__SemiBin_26	K05847	contig_145_4	117.2	1.3e-34	0
CSP12_V32PRr1__SemiBin_26	K05847	contig_111_2	90.3	1.9e-26	0
CSP12_V32PRr1__SemiBin_26	K05847	contig_432_2	86.4	2.9e-25	0
CSP12_V32PRr1__SemiBin_26	K05847	contig_309_4	74.5	1.2e-21	0
CSP12_V32PRr1__SemiBin_26	K05847	contig_430_1	70.0	2.8e-20	0
CSP12_V32PRr1__SemiBin_26	K05847	contig_432_3	61.3	1.2e-17	0
CSP12_V32PRr1__SemiBin_26	K05847	contig_31_2	56.9	2.6e-16	0
CSP12_V32PRr1__SemiBin_26	K05847	contig_40_2	56.6	3.1e-16	0
CSP12_V32PRr1__SemiBin_26	K05847	contig_100_4	45.0	1e-12	0
CSP12_V32PRr1__SemiBin_26	K05847	contig_140_1	40.6	2.4e-11	0
CSP12_V32PRr1__SemiBin_26	K05847	contig_359_3	14.5	0.002	0
CSP12_V32PRr1__SemiBin_26	K05847	contig_385_2	12.8	0.0067	0
CSP12_V32PRr1__SemiBin_26	K05847	contig_27_2	11.8	0.013	0
CSP12_V32PRr1__SemiBin_26	K05847	contig_213_2	11.3	0.018	0
CSP12_V32PRr1__SemiBin_26	K03451	contig_329_6	4.0	1.3	0
CSP12_V32PRr1__SemiBin_26	K02168	contig_329_6	10.4	0.014	0
CSP12_V32PRr1__SemiBin_26	K02168	contig_446_5	8.8	0.044	0
CSP12_V32PRr1__SemiBin_26	K02000	contig_297_3	241.5	3.4e-72	0
CSP12_V32PRr1__SemiBin_26	K02000	contig_200_2	176.5	1.5e-52	0
CSP12_V32PRr1__SemiBin_26	K02000	contig_60_2	166.5	1.7e-49	0
CSP12_V32PRr1__SemiBin_26	K02000	contig_1_6	140.1	1.6e-41	0
CSP12_V32PRr1__SemiBin_26	K02000	contig_111_1	75.6	5.4e-22	0
CSP12_V32PRr1__SemiBin_26	K02000	contig_309_4	66.4	3.4e-19	0
CSP12_V32PRr1__SemiBin_26	K02000	contig_145_4	66.2	3.9e-19	0
CSP12_V32PRr1__SemiBin_26	K02000	contig_111_2	64.5	1.3e-18	0
CSP12_V32PRr1__SemiBin_26	K02000	contig_430_1	59.1	5.5e-17	0
CSP12_V32PRr1__SemiBin_26	K02000	contig_432_2	58.3	9.4e-17	0
CSP12_V32PRr1__SemiBin_26	K02000	contig_100_4	43.7	2.5e-12	0
CSP12_V32PRr1__SemiBin_26	K02000	contig_432_3	38.6	9e-11	0
CSP12_V32PRr1__SemiBin_26	K02000	contig_316_4	35.1	1e-09	0
CSP12_V32PRr1__SemiBin_26	K02000	contig_31_2	33.2	3.7e-09	0
CSP12_V32PRr1__SemiBin_26	K02000	contig_140_1	32.0	8.8e-09	0
CSP12_V32PRr1__SemiBin_26	K02000	contig_300_2	29.5	4.9e-08	0
CSP12_V32PRr1__SemiBin_26	K02000	contig_271_4	26.8	3.2e-07	0
CSP12_V32PRr1__SemiBin_26	K02000	contig_426_8	25.1	1.1e-06	0
CSP12_V32PRr1__SemiBin_26	K02000	contig_23_2	24.4	1.8e-06	0
CSP12_V32PRr1__SemiBin_26	K02000	contig_87_3	17.2	0.00026	0
CSP12_V32PRr1__SemiBin_26	K02000	contig_359_3	16.9	0.00034	0
CSP12_V32PRr1__SemiBin_26	K02000	contig_351_4	16.1	0.00057	0
CSP12_V32PRr1__SemiBin_26	K02000	contig_40_2	15.7	0.00077	0
CSP12_V32PRr1__SemiBin_26	K02000	contig_354_2	10.9	0.021	0
CSP12_V32PRr1__SemiBin_26	K02001	contig_297_2	30.8	1.2e-08	0
CSP12_V32PRr1__SemiBin_26	K02001	contig_242_1	22.6	4e-06	0
CSP12_V32PRr1__SemiBin_26	K02001	contig_242_2	15.3	0.00061	0
CSP12_V32PRr1__SemiBin_26	K02002	contig_297_2	11.3	0.01	0
CSP12_V32PRr1__SemiBin_26	K02002	contig_65_7	10.8	0.014	0
CSP12_V32PRr1__SemiBin_26	K02002	contig_79_1	10.2	0.022	0
CSP12_V32PRr1__SemiBin_26	K02002	contig_145_3	1.5	9.4	0
CSP12_V32PRr1__SemiBin_26	K02779	contig_329_6	2.9	3.4	0
CSP12_V32PRr1__SemiBin_26	K01226	contig_453_4	474.8	4.8e-143	0
CSP12_V32PRr1__SemiBin_26	K01226	contig_103_13	458.2	5.2e-138	0
CSP12_V32PRr1__SemiBin_26	K01226	contig_165_2	334.0	2.2e-100	0
CSP12_V32PRr1__SemiBin_26	K01226	contig_303_4	285.8	8.9e-86	0
CSP12_V32PRr1__SemiBin_26	K01226	contig_469_3	135.4	3.2e-40	0
CSP12_V32PRr1__SemiBin_26	K01226	contig_146_6	63.7	1.7e-18	0
CSP12_V32PRr1__SemiBin_26	K01226	contig_103_11	50.5	1.7e-14	0
CSP12_V32PRr1__SemiBin_26	K01226	contig_146_5	49.8	2.8e-14	0
CSP12_V32PRr1__SemiBin_26	K01226	contig_453_1	43.8	1.9e-12	0
CSP12_V32PRr1__SemiBin_26	K01226	contig_290_4	41.4	9.7e-12	0
CSP12_V32PRr1__SemiBin_26	K01226	contig_205_9	37.8	1.2e-10	0
CSP12_V32PRr1__SemiBin_26	K01226	contig_467_3	33.9	1.8e-09	0
CSP12_V32PRr1__SemiBin_26	K01226	contig_146_4	30.3	2.3e-08	0
CSP12_V32PRr1__SemiBin_26	K01226	contig_101_1	21.1	1.4e-05	0
CSP12_V32PRr1__SemiBin_26	K01226	contig_203_1	19.6	4e-05	0
CSP12_V32PRr1__SemiBin_26	K01226	contig_240_2	12.3	0.0066	0
CSP12_V38PRr3__SemiBin_38	K05343	contig_197_2	1329.8	0.0	1
CSP12_V38PRr3__SemiBin_38	K05343	contig_85_2	796.3	6e-240	1
CSP12_V38PRr3__SemiBin_38	K05343	contig_420_5	461.7	7.6e-139	1
CSP12_V38PRr3__SemiBin_38	K05343	contig_389_3	446.8	2.3e-134	0
CSP12_V38PRr3__SemiBin_38	K05343	contig_54_5	97.7	7.2e-29	0
CSP12_V38PRr3__SemiBin_38	K05343	contig_190_1	71.4	6.3e-21	0
CSP12_V38PRr3__SemiBin_38	K05343	contig_266_5	66.4	2e-19	0
CSP12_V38PRr3__SemiBin_38	K05343	contig_432_1	53.1	2.1e-15	0
CSP12_V38PRr3__SemiBin_38	K05343	contig_9_1	41.0	9.5e-12	0
CSP12_V38PRr3__SemiBin_38	K05343	contig_20_3	39.9	2e-11	0
CSP12_V38PRr3__SemiBin_38	K05343	contig_500_2	33.8	1.4e-09	0
CSP12_V38PRr3__SemiBin_38	K06044	contig_20_3	1165.4	0.0	1
CSP12_V38PRr3__SemiBin_38	K06044	contig_253_1	227.6	3.9e-68	0
CSP12_V38PRr3__SemiBin_38	K06044	contig_20_2	226.0	1.2e-67	0
CSP12_V38PRr3__SemiBin_38	K06044	contig_389_3	67.5	7.6e-20	0
CSP12_V38PRr3__SemiBin_38	K06044	contig_420_5	66.3	1.7e-19	0
CSP12_V38PRr3__SemiBin_38	K06044	contig_266_5	43.6	1.2e-12	0
CSP12_V38PRr3__SemiBin_38	K06044	contig_85_2	37.4	9.7e-11	0
CSP12_V38PRr3__SemiBin_38	K06044	contig_197_2	36.2	2.2e-10	0
CSP12_V38PRr3__SemiBin_38	K06044	contig_190_1	35.8	2.8e-10	0
CSP12_V38PRr3__SemiBin_38	K06044	contig_389_1	21.7	5.2e-06	0
CSP12_V38PRr3__SemiBin_38	K06044	contig_432_1	18.5	4.6e-05	0
CSP12_V38PRr3__SemiBin_38	K06044	contig_500_2	15.8	0.00031	0
CSP12_V38PRr3__SemiBin_38	K01236	contig_190_1	815.1	9.2e-246	1
CSP12_V38PRr3__SemiBin_38	K01236	contig_197_2	130.3	1.1e-38	0
CSP12_V38PRr3__SemiBin_38	K01236	contig_420_5	101.9	4.1e-30	0
CSP12_V38PRr3__SemiBin_38	K01236	contig_389_3	101.6	5.1e-30	0
CSP12_V38PRr3__SemiBin_38	K01236	contig_85_2	84.5	7.8e-25	0
CSP12_V38PRr3__SemiBin_38	K01236	contig_36_6	50.9	1.1e-14	0
CSP12_V38PRr3__SemiBin_38	K01236	contig_197_1	47.6	1.1e-13	0
CSP12_V38PRr3__SemiBin_38	K01236	contig_266_5	38.0	8.5e-11	0
CSP12_V38PRr3__SemiBin_38	K01236	contig_20_3	35.2	6.2e-10	0
CSP12_V38PRr3__SemiBin_38	K01236	contig_500_2	24.8	8.8e-07	0
CSP12_V38PRr3__SemiBin_38	K01236	contig_432_1	24.7	9.4e-07	0
CSP12_V38PRr3__SemiBin_38	K01236	contig_9_1	18.7	5.9e-05	0
CSP12_V38PRr3__SemiBin_38	K13057	contig_14_3	510.8	3.1e-154	1
CSP12_V38PRr3__SemiBin_38	K13057	contig_236_3	76.9	1.5e-22	0
CSP12_V38PRr3__SemiBin_38	K13057	contig_312_3	67.3	1.2e-19	0
CSP12_V38PRr3__SemiBin_38	K13057	contig_312_4	44.8	8.7e-13	0
CSP12_V38PRr3__SemiBin_38	K13057	contig_24_8	36.7	2.4e-10	0
CSP12_V38PRr3__SemiBin_38	K13057	contig_24_2	33.6	2.1e-09	0
CSP12_V38PRr3__SemiBin_38	K13057	contig_454_1	28.0	1e-07	0
CSP12_V38PRr3__SemiBin_38	K13057	contig_479_4	20.9	1.5e-05	0
CSP12_V38PRr3__SemiBin_38	K13057	contig_76_3	11.4	0.011	0
CSP12_V38PRr3__SemiBin_38	K13057	contig_51_5	10.9	0.016	0
CSP12_V38PRr3__SemiBin_38	K00108	contig_502_2	474.9	4.4e-143	0
CSP12_V38PRr3__SemiBin_38	K00108	contig_497_3	61.8	4.4e-18	0
CSP12_V38PRr3__SemiBin_38	K00108	contig_159_4	13.8	0.0015	0
CSP12_V38PRr3__SemiBin_38	K00108	contig_166_4	11.4	0.008	0
CSP12_V38PRr3__SemiBin_38	K00108	contig_477_1	10.6	0.014	0
CSP12_V38PRr3__SemiBin_38	K00108	contig_111_2	10.4	0.016	0
CSP12_V38PRr3__SemiBin_38	K00108	contig_43_2	9.4	0.031	0
CSP12_V38PRr3__SemiBin_38	K00130	contig_464_4	742.2	5e-224	1
CSP12_V38PRr3__SemiBin_38	K00130	contig_482_3	682.7	5.2e-206	0
CSP12_V38PRr3__SemiBin_38	K00130	contig_198_5	542.0	2.1e-163	0
CSP12_V38PRr3__SemiBin_38	K00130	contig_464_3	433.7	1.4e-130	0
CSP12_V38PRr3__SemiBin_38	K00130	contig_68_8	41.2	9.6e-12	0
CSP12_V38PRr3__SemiBin_38	K00499	contig_26_3	21.6	1.1e-05	0
CSP12_V38PRr3__SemiBin_38	K00499	contig_111_2	12.7	0.0054	0
CSP12_V38PRr3__SemiBin_38	K17755	contig_502_2	333.6	3e-100	0
CSP12_V38PRr3__SemiBin_38	K17755	contig_497_3	51.1	1.2e-14	0
CSP12_V38PRr3__SemiBin_38	K17755	contig_477_1	10.8	0.021	0
CSP12_V38PRr3__SemiBin_38	K17755	contig_317_6	10.1	0.033	0
CSP12_V38PRr3__SemiBin_38	K17755	contig_43_2	8.9	0.078	0
CSP12_V38PRr3__SemiBin_38	K17756	contig_497_3	106.6	1.7e-31	0
CSP12_V38PRr3__SemiBin_38	K17756	contig_502_2	56.4	2.5e-16	0
CSP12_V38PRr3__SemiBin_38	K17756	contig_166_4	31.5	8.5e-09	0
CSP12_V38PRr3__SemiBin_38	K17756	contig_159_4	23.8	1.7e-06	0
CSP12_V38PRr3__SemiBin_38	K17756	contig_111_2	21.9	6.6e-06	0
CSP12_V38PRr3__SemiBin_38	K17756	contig_145_8	19.4	3.7e-05	0
CSP12_V38PRr3__SemiBin_38	K17756	contig_250_2	13.6	0.0021	0
CSP12_V38PRr3__SemiBin_38	K17756	contig_477_1	13.1	0.0031	0
CSP12_V38PRr3__SemiBin_38	K17756	contig_485_1	11.2	0.012	0
CSP12_V38PRr3__SemiBin_38	K17756	contig_364_1	5.9	0.46	0
CSP12_V38PRr3__SemiBin_38	K06718	contig_210_10	26.4	5.6e-07	0
CSP12_V38PRr3__SemiBin_38	K06718	contig_9_3	11.8	0.016	0
CSP12_V38PRr3__SemiBin_38	K06720	contig_438_2	19.7	9.5e-05	0
CSP12_V38PRr3__SemiBin_38	K06720	contig_424_2	16.6	0.00085	0
CSP12_V38PRr3__SemiBin_38	K06721	contig_35_4	21.5	1.8e-05	0
CSP12_V38PRr3__SemiBin_38	K06721	contig_326_4	15.7	0.001	0
CSP12_V38PRr3__SemiBin_38	K06721	contig_253_3	15.6	0.001	0
CSP12_V38PRr3__SemiBin_38	K06721	contig_119_2	14.8	0.0019	0
CSP12_V38PRr3__SemiBin_38	K06721	contig_68_7	13.0	0.0066	0
CSP12_V38PRr3__SemiBin_38	K06721	contig_119_4	11.9	0.014	0
CSP12_V38PRr3__SemiBin_38	K06721	contig_490_3	10.3	0.043	0
CSP12_V38PRr3__SemiBin_38	K01858	contig_301_5	224.1	4.7e-67	1
CSP12_V38PRr3__SemiBin_38	K01858	contig_4_4	12.6	0.005	0
CSP12_V38PRr3__SemiBin_38	K05846	contig_37_3	61.3	1.1e-17	0
CSP12_V38PRr3__SemiBin_38	K05846	contig_278_3	48.6	7.4e-14	0
CSP12_V38PRr3__SemiBin_38	K05846	contig_278_2	24.1	2.1e-06	0
CSP12_V38PRr3__SemiBin_38	K05846	contig_327_2	18.4	0.00011	0
CSP12_V38PRr3__SemiBin_38	K05846	contig_235_1	17.9	0.00016	0
CSP12_V38PRr3__SemiBin_38	K05846	contig_136_3	15.4	0.00092	0
CSP12_V38PRr3__SemiBin_38	K05846	contig_337_4	10.1	0.037	0
CSP12_V38PRr3__SemiBin_38	K05847	contig_37_2	249.8	8.1e-75	0
CSP12_V38PRr3__SemiBin_38	K05847	contig_457_3	240.3	6e-72	0
CSP12_V38PRr3__SemiBin_38	K05847	contig_278_4	213.1	1.1e-63	0
CSP12_V38PRr3__SemiBin_38	K05847	contig_327_4	205.7	1.9e-61	0
CSP12_V38PRr3__SemiBin_38	K05847	contig_158_2	191.9	3.2e-57	0
CSP12_V38PRr3__SemiBin_38	K05847	contig_160_4	183.0	1.6e-54	0
CSP12_V38PRr3__SemiBin_38	K05847	contig_61_1	175.3	3.3e-52	0
CSP12_V38PRr3__SemiBin_38	K05847	contig_325_8	169.3	2.3e-50	0
CSP12_V38PRr3__SemiBin_38	K05847	contig_442_1	164.0	9.2e-49	0
CSP12_V38PRr3__SemiBin_38	K05847	contig_57_1	161.2	6.6e-48	0
CSP12_V38PRr3__SemiBin_38	K05847	contig_327_3	158.5	4.2e-47	0
CSP12_V38PRr3__SemiBin_38	K05847	contig_164_8	151.1	7.4e-45	0
CSP12_V38PRr3__SemiBin_38	K05847	contig_396_2	145.7	3.3e-43	0
CSP12_V38PRr3__SemiBin_38	K05847	contig_341_1	143.4	1.7e-42	0
CSP12_V38PRr3__SemiBin_38	K05847	contig_492_5	119.4	3.3e-35	0
CSP12_V38PRr3__SemiBin_38	K05847	contig_97_6	117.6	1.1e-34	0
CSP12_V38PRr3__SemiBin_38	K05847	contig_291_16	94.2	1.4e-27	0
CSP12_V38PRr3__SemiBin_38	K05847	contig_48_11	85.9	4.8e-25	0
CSP12_V38PRr3__SemiBin_38	K05847	contig_291_15	61.6	1.1e-17	0
CSP12_V38PRr3__SemiBin_38	K05847	contig_444_1	48.8	9.3e-14	0
CSP12_V38PRr3__SemiBin_38	K05847	contig_201_2	45.0	1.2e-12	0
CSP12_V38PRr3__SemiBin_38	K05847	contig_245_1	24.9	1.6e-06	0
CSP12_V38PRr3__SemiBin_38	K05847	contig_4_4	14.7	0.002	0
CSP12_V38PRr3__SemiBin_38	K05847	contig_148_1	13.7	0.0041	0
CSP12_V38PRr3__SemiBin_38	K05847	contig_152_2	11.8	0.016	0
CSP12_V38PRr3__SemiBin_38	K03451	contig_96_5	4.0	1.6	0
CSP12_V38PRr3__SemiBin_38	K02168	contig_96_5	10.4	0.017	0
CSP12_V38PRr3__SemiBin_38	K02000	contig_37_2	241.5	4.1e-72	0
CSP12_V38PRr3__SemiBin_38	K02000	contig_457_3	240.8	6.3e-72	0
CSP12_V38PRr3__SemiBin_38	K02000	contig_158_2	210.5	1e-62	0
CSP12_V38PRr3__SemiBin_38	K02000	contig_278_4	188.3	5.2e-56	0
CSP12_V38PRr3__SemiBin_38	K02000	contig_327_4	181.6	5.5e-54	0
CSP12_V38PRr3__SemiBin_38	K02000	contig_57_1	176.5	1.8e-52	0
CSP12_V38PRr3__SemiBin_38	K02000	contig_160_4	166.4	2.2e-49	0
CSP12_V38PRr3__SemiBin_38	K02000	contig_325_8	140.1	1.9e-41	0
CSP12_V38PRr3__SemiBin_38	K02000	contig_61_1	137.0	1.8e-40	0
CSP12_V38PRr3__SemiBin_38	K02000	contig_327_3	130.5	1.6e-38	0
CSP12_V38PRr3__SemiBin_38	K02000	contig_164_8	108.9	5.6e-32	0
CSP12_V38PRr3__SemiBin_38	K02000	contig_442_1	105.4	6.5e-31	0
CSP12_V38PRr3__SemiBin_38	K02000	contig_492_5	82.0	7.7e-24	0
CSP12_V38PRr3__SemiBin_38	K02000	contig_341_1	77.8	1.4e-22	0
CSP12_V38PRr3__SemiBin_38	K02000	contig_48_11	70.3	2.7e-20	0
CSP12_V38PRr3__SemiBin_38	K02000	contig_396_2	70.2	2.8e-20	0
CSP12_V38PRr3__SemiBin_38	K02000	contig_291_16	65.8	6.3e-19	0
CSP12_V38PRr3__SemiBin_38	K02000	contig_97_6	64.5	1.5e-18	0
CSP12_V38PRr3__SemiBin_38	K02000	contig_201_2	43.7	3e-12	0
CSP12_V38PRr3__SemiBin_38	K02000	contig_291_15	40.3	3.3e-11	0
CSP12_V38PRr3__SemiBin_38	K02000	contig_54_7	35.1	1.2e-09	0
CSP12_V38PRr3__SemiBin_38	K02000	contig_444_1	34.5	1.9e-09	0
CSP12_V38PRr3__SemiBin_38	K02000	contig_468_8	31.9	1.2e-08	0
CSP12_V38PRr3__SemiBin_38	K02000	contig_304_4	26.8	3.8e-07	0
CSP12_V38PRr3__SemiBin_38	K02000	contig_373_2	24.2	2.5e-06	0
CSP12_V38PRr3__SemiBin_38	K02000	contig_245_1	21.6	1.5e-05	0
CSP12_V38PRr3__SemiBin_38	K02000	contig_365_1	20.3	3.8e-05	0
CSP12_V38PRr3__SemiBin_38	K02000	contig_105_3	18.3	0.00015	0
CSP12_V38PRr3__SemiBin_38	K02000	contig_35_3	17.2	0.00031	0
CSP12_V38PRr3__SemiBin_38	K02000	contig_105_2	17.2	0.00032	0
CSP12_V38PRr3__SemiBin_38	K02000	contig_148_1	16.4	0.00056	0
CSP12_V38PRr3__SemiBin_38	K02000	contig_474_7	13.2	0.0052	0
CSP12_V38PRr3__SemiBin_38	K02000	contig_22_1	12.2	0.011	0
CSP12_V38PRr3__SemiBin_38	K02001	contig_37_3	30.8	1.5e-08	0
CSP12_V38PRr3__SemiBin_38	K02001	contig_278_3	22.3	5.9e-06	0
CSP12_V38PRr3__SemiBin_38	K02001	contig_327_2	16.2	0.00041	0
CSP12_V38PRr3__SemiBin_38	K02001	contig_278_2	13.9	0.002	0
CSP12_V38PRr3__SemiBin_38	K02001	contig_235_1	8.3	0.095	0
CSP12_V38PRr3__SemiBin_38	K02002	contig_37_3	11.3	0.012	0
CSP12_V38PRr3__SemiBin_38	K02779	contig_263_2	10.6	0.018	0
CSP12_V38PRr3__SemiBin_38	K02779	contig_53_3	4.2	1.6	0
CSP12_V38PRr3__SemiBin_38	K02779	contig_96_5	2.9	4.0	0
CSP12_V38PRr3__SemiBin_38	K01226	contig_420_5	496.0	2.3e-149	0
CSP12_V38PRr3__SemiBin_38	K01226	contig_389_3	458.6	4.7e-138	0
CSP12_V38PRr3__SemiBin_38	K01226	contig_197_2	314.9	1.6e-94	0
CSP12_V38PRr3__SemiBin_38	K01226	contig_85_2	285.9	1e-85	0
CSP12_V38PRr3__SemiBin_38	K01226	contig_266_5	62.7	4.2e-18	0
CSP12_V38PRr3__SemiBin_38	K01226	contig_190_1	62.4	5.3e-18	0
CSP12_V38PRr3__SemiBin_38	K01226	contig_20_3	50.2	2.6e-14	0
CSP12_V38PRr3__SemiBin_38	K01226	contig_432_1	34.2	1.8e-09	0
CSP12_V38PRr3__SemiBin_38	K01226	contig_9_1	33.3	3.3e-09	0
CSP12_V38PRr3__SemiBin_38	K01226	contig_54_5	25.7	7e-07	0
CSP12_V38PRr3__SemiBin_38	K01226	contig_500_2	19.6	4.8e-05	0
CSP12_V38PRr3__SemiBin_38	K01226	contig_64_5	12.3	0.0079	0
EQnative_coassembly_CSP12_SemiBin_370	K00697	HCBCPMAG_00645	13.5	0.004	0
EQnative_coassembly_CSP12_SemiBin_370	K00697	HCBCPMAG_00648	10.7	0.027	0
EQnative_coassembly_CSP12_SemiBin_370	K00697	HCBCPMAG_02311	9.5	0.061	0
EQnative_coassembly_CSP12_SemiBin_370	K01087	HCBCPMAG_03044	18.3	0.00019	0
EQnative_coassembly_CSP12_SemiBin_370	K05343	HCBCPMAG_00386	1329.7	0.0	1
EQnative_coassembly_CSP12_SemiBin_370	K05343	HCBCPMAG_03464	799.6	9.4e-241	1
EQnative_coassembly_CSP12_SemiBin_370	K05343	HCBCPMAG_03381	796.3	9e-240	1
EQnative_coassembly_CSP12_SemiBin_370	K05343	HCBCPMAG_02818	460.8	2.1e-138	1
EQnative_coassembly_CSP12_SemiBin_370	K05343	HCBCPMAG_01273	446.2	5.4e-134	0
EQnative_coassembly_CSP12_SemiBin_370	K05343	HCBCPMAG_02804	161.9	4.2e-48	0
EQnative_coassembly_CSP12_SemiBin_370	K05343	HCBCPMAG_01837	97.7	1.1e-28	0
EQnative_coassembly_CSP12_SemiBin_370	K05343	HCBCPMAG_02720	68.0	1e-19	0
EQnative_coassembly_CSP12_SemiBin_370	K05343	HCBCPMAG_02904	67.8	1.2e-19	0
EQnative_coassembly_CSP12_SemiBin_370	K05343	HCBCPMAG_02369	52.9	3.6e-15	0
EQnative_coassembly_CSP12_SemiBin_370	K05343	HCBCPMAG_00385	47.4	1.7e-13	0
EQnative_coassembly_CSP12_SemiBin_370	K05343	HCBCPMAG_01276	47.0	2.2e-13	0
EQnative_coassembly_CSP12_SemiBin_370	K05343	HCBCPMAG_02587	43.3	3e-12	0
EQnative_coassembly_CSP12_SemiBin_370	K05343	HCBCPMAG_00387	40.8	1.6e-11	0
EQnative_coassembly_CSP12_SemiBin_370	K05343	HCBCPMAG_00336	35.1	9.1e-10	0
EQnative_coassembly_CSP12_SemiBin_370	K05343	HCBCPMAG_02710	33.8	2.2e-09	0
EQnative_coassembly_CSP12_SemiBin_370	K05343	HCBCPMAG_02588	29.0	6.3e-08	0
EQnative_coassembly_CSP12_SemiBin_370	K05343	HCBCPMAG_02589	25.3	7.9e-07	0
EQnative_coassembly_CSP12_SemiBin_370	K06044	HCBCPMAG_02805	235.6	2.3e-70	0
EQnative_coassembly_CSP12_SemiBin_370	K06044	HCBCPMAG_02808	227.6	5.9e-68	0
EQnative_coassembly_CSP12_SemiBin_370	K06044	HCBCPMAG_02804	76.4	2.4e-22	0
EQnative_coassembly_CSP12_SemiBin_370	K06044	HCBCPMAG_02818	66.6	2.3e-19	0
EQnative_coassembly_CSP12_SemiBin_370	K06044	HCBCPMAG_01273	63.3	2.2e-18	0
EQnative_coassembly_CSP12_SemiBin_370	K06044	HCBCPMAG_03464	47.6	1.2e-13	0
EQnative_coassembly_CSP12_SemiBin_370	K06044	HCBCPMAG_01276	41.5	8.5e-12	0
EQnative_coassembly_CSP12_SemiBin_370	K06044	HCBCPMAG_03381	37.4	1.5e-10	0
EQnative_coassembly_CSP12_SemiBin_370	K06044	HCBCPMAG_00386	36.2	3.3e-10	0
EQnative_coassembly_CSP12_SemiBin_370	K06044	HCBCPMAG_02904	34.3	1.3e-09	0
EQnative_coassembly_CSP12_SemiBin_370	K06044	HCBCPMAG_00385	24.0	1.6e-06	0
EQnative_coassembly_CSP12_SemiBin_370	K06044	HCBCPMAG_02710	15.8	0.00048	0
EQnative_coassembly_CSP12_SemiBin_370	K06044	HCBCPMAG_02720	14.0	0.0016	0
EQnative_coassembly_CSP12_SemiBin_370	K06044	HCBCPMAG_00336	11.7	0.0082	0
EQnative_coassembly_CSP12_SemiBin_370	K06044	HCBCPMAG_02369	11.2	0.012	0
EQnative_coassembly_CSP12_SemiBin_370	K01236	HCBCPMAG_02904	809.1	9e-244	1
EQnative_coassembly_CSP12_SemiBin_370	K01236	HCBCPMAG_01276	727.1	5.8e-219	1
EQnative_coassembly_CSP12_SemiBin_370	K01236	HCBCPMAG_02720	200.0	1.4e-59	0
EQnative_coassembly_CSP12_SemiBin_370	K01236	HCBCPMAG_00385	178.9	3.2e-53	0
EQnative_coassembly_CSP12_SemiBin_370	K01236	HCBCPMAG_02369	174.5	7e-52	0
EQnative_coassembly_CSP12_SemiBin_370	K01236	HCBCPMAG_00336	167.9	6.9e-50	0
EQnative_coassembly_CSP12_SemiBin_370	K01236	HCBCPMAG_00386	130.6	1.4e-38	0
EQnative_coassembly_CSP12_SemiBin_370	K01236	HCBCPMAG_02804	112.7	3.5e-33	0
EQnative_coassembly_CSP12_SemiBin_370	K01236	HCBCPMAG_01273	103.4	2.2e-30	0
EQnative_coassembly_CSP12_SemiBin_370	K01236	HCBCPMAG_02818	101.5	8.5e-30	0
EQnative_coassembly_CSP12_SemiBin_370	K01236	HCBCPMAG_03464	100.6	1.6e-29	0
EQnative_coassembly_CSP12_SemiBin_370	K01236	HCBCPMAG_03381	84.5	1.2e-24	0
EQnative_coassembly_CSP12_SemiBin_370	K01236	HCBCPMAG_02710	24.8	1.3e-06	0
EQnative_coassembly_CSP12_SemiBin_370	K01236	HCBCPMAG_02587	19.2	6.7e-05	0
EQnative_coassembly_CSP12_SemiBin_370	K01236	HCBCPMAG_00387	19.1	6.8e-05	0
EQnative_coassembly_CSP12_SemiBin_370	K13057	HCBCPMAG_03648	522.5	1.3e-157	1
EQnative_coassembly_CSP12_SemiBin_370	K13057	HCBCPMAG_00645	156.0	2.4e-46	0
EQnative_coassembly_CSP12_SemiBin_370	K13057	HCBCPMAG_00651	78.6	7e-23	0
EQnative_coassembly_CSP12_SemiBin_370	K13057	HCBCPMAG_01094	76.2	3.7e-22	0
EQnative_coassembly_CSP12_SemiBin_370	K13057	HCBCPMAG_00654	71.1	1.3e-20	0
EQnative_coassembly_CSP12_SemiBin_370	K13057	HCBCPMAG_02956	68.6	7.8e-20	0
EQnative_coassembly_CSP12_SemiBin_370	K13057	HCBCPMAG_00439	67.4	1.8e-19	0
EQnative_coassembly_CSP12_SemiBin_370	K13057	HCBCPMAG_03443	66.1	4.4e-19	0
EQnative_coassembly_CSP12_SemiBin_370	K13057	HCBCPMAG_00648	56.1	4.7e-16	0
EQnative_coassembly_CSP12_SemiBin_370	K13057	HCBCPMAG_01544	55.1	9.6e-16	0
EQnative_coassembly_CSP12_SemiBin_370	K13057	HCBCPMAG_02190	49.6	4.6e-14	0
EQnative_coassembly_CSP12_SemiBin_370	K13057	HCBCPMAG_00440	48.1	1.3e-13	0
EQnative_coassembly_CSP12_SemiBin_370	K13057	HCBCPMAG_00272	46.1	5.3e-13	0
EQnative_coassembly_CSP12_SemiBin_370	K13057	HCBCPMAG_02562	39.6	4.7e-11	0
EQnative_coassembly_CSP12_SemiBin_370	K13057	HCBCPMAG_03436	37.1	2.8e-10	0
EQnative_coassembly_CSP12_SemiBin_370	K13057	HCBCPMAG_01562	36.0	6.2e-10	0
EQnative_coassembly_CSP12_SemiBin_370	K13057	HCBCPMAG_03441	34.8	1.4e-09	0
EQnative_coassembly_CSP12_SemiBin_370	K13057	HCBCPMAG_01568	33.6	3.2e-09	0
EQnative_coassembly_CSP12_SemiBin_370	K13057	HCBCPMAG_02563	31.1	1.8e-08	0
EQnative_coassembly_CSP12_SemiBin_370	K13057	HCBCPMAG_02311	29.2	7.1e-08	0
EQnative_coassembly_CSP12_SemiBin_370	K13057	HCBCPMAG_00649	23.9	2.9e-06	0
EQnative_coassembly_CSP12_SemiBin_370	K13057	HCBCPMAG_01089	20.9	2.3e-05	0
EQnative_coassembly_CSP12_SemiBin_370	K13057	HCBCPMAG_00378	16.9	0.00037	0
EQnative_coassembly_CSP12_SemiBin_370	K13057	HCBCPMAG_03439	14.5	0.002	0
EQnative_coassembly_CSP12_SemiBin_370	K13057	HCBCPMAG_00437	13.6	0.0037	0
EQnative_coassembly_CSP12_SemiBin_370	K13057	HCBCPMAG_00012	11.2	0.02	0
EQnative_coassembly_CSP12_SemiBin_370	K13057	HCBCPMAG_02008	10.8	0.026	0
EQnative_coassembly_CSP12_SemiBin_370	K00108	HCBCPMAG_00813	721.9	1.2e-217	1
EQnative_coassembly_CSP12_SemiBin_370	K00108	HCBCPMAG_02023	474.4	9.1e-143	0
EQnative_coassembly_CSP12_SemiBin_370	K00108	HCBCPMAG_00032	100.5	1.3e-29	0
EQnative_coassembly_CSP12_SemiBin_370	K00108	HCBCPMAG_00283	59.9	2.5e-17	0
EQnative_coassembly_CSP12_SemiBin_370	K00108	HCBCPMAG_02663	10.9	0.018	0
EQnative_coassembly_CSP12_SemiBin_370	K00108	HCBCPMAG_02794	10.6	0.021	0
EQnative_coassembly_CSP12_SemiBin_370	K00108	HCBCPMAG_01548	10.3	0.026	0
EQnative_coassembly_CSP12_SemiBin_370	K00108	HCBCPMAG_01239	10.3	0.027	0
EQnative_coassembly_CSP12_SemiBin_370	K00108	HCBCPMAG_03899	9.4	0.047	0
EQnative_coassembly_CSP12_SemiBin_370	K00130	HCBCPMAG_00457	742.2	7.6e-224	1
EQnative_coassembly_CSP12_SemiBin_370	K00130	HCBCPMAG_02878	681.3	2.2e-205	0
EQnative_coassembly_CSP12_SemiBin_370	K00130	HCBCPMAG_03641	674.8	2.1e-203	0
EQnative_coassembly_CSP12_SemiBin_370	K00130	HCBCPMAG_01628	542.0	3.3e-163	0
EQnative_coassembly_CSP12_SemiBin_370	K00130	HCBCPMAG_00456	433.7	2e-130	0
EQnative_coassembly_CSP12_SemiBin_370	K00130	HCBCPMAG_02102	40.9	1.9e-11	0
EQnative_coassembly_CSP12_SemiBin_370	K00499	HCBCPMAG_01097	25.8	9.1e-07	0
EQnative_coassembly_CSP12_SemiBin_370	K00499	HCBCPMAG_01693	14.8	0.0019	0
EQnative_coassembly_CSP12_SemiBin_370	K00499	HCBCPMAG_01548	14.5	0.0023	0
EQnative_coassembly_CSP12_SemiBin_370	K00499	HCBCPMAG_01239	12.5	0.0095	0
EQnative_coassembly_CSP12_SemiBin_370	K17755	HCBCPMAG_00813	430.7	1.7e-129	0
EQnative_coassembly_CSP12_SemiBin_370	K17755	HCBCPMAG_02023	332.7	8.8e-100	0
EQnative_coassembly_CSP12_SemiBin_370	K17755	HCBCPMAG_00032	92.4	6.1e-27	0
EQnative_coassembly_CSP12_SemiBin_370	K17755	HCBCPMAG_00283	49.2	7.2e-14	0
EQnative_coassembly_CSP12_SemiBin_370	K17755	HCBCPMAG_03899	8.9	0.12	0
EQnative_coassembly_CSP12_SemiBin_370	K17756	HCBCPMAG_00032	353.0	8e-106	0
EQnative_coassembly_CSP12_SemiBin_370	K17756	HCBCPMAG_00283	104.3	1.2e-30	0
EQnative_coassembly_CSP12_SemiBin_370	K17756	HCBCPMAG_00813	69.5	4e-20	0
EQnative_coassembly_CSP12_SemiBin_370	K17756	HCBCPMAG_02023	56.4	3.9e-16	0
EQnative_coassembly_CSP12_SemiBin_370	K17756	HCBCPMAG_02794	30.5	2.6e-08	0
EQnative_coassembly_CSP12_SemiBin_370	K17756	HCBCPMAG_01239	21.8	1.1e-05	0
EQnative_coassembly_CSP12_SemiBin_370	K17756	HCBCPMAG_03654	18.7	9.4e-05	0
EQnative_coassembly_CSP12_SemiBin_370	K17756	HCBCPMAG_01548	17.7	0.00019	0
EQnative_coassembly_CSP12_SemiBin_370	K17756	HCBCPMAG_01413	14.1	0.0023	0
EQnative_coassembly_CSP12_SemiBin_370	K17756	HCBCPMAG_00221	13.6	0.0032	0
EQnative_coassembly_CSP12_SemiBin_370	K17756	HCBCPMAG_01995	11.2	0.017	0
EQnative_coassembly_CSP12_SemiBin_370	K17756	HCBCPMAG_00073	10.9	0.021	0
EQnative_coassembly_CSP12_SemiBin_370	K17756	HCBCPMAG_02537	4.3	2.1	0
EQnative_coassembly_CSP12_SemiBin_370	K06718	HCBCPMAG_01453	26.4	8.4e-07	0
EQnative_coassembly_CSP12_SemiBin_370	K06718	HCBCPMAG_01147	16.0	0.0013	0
EQnative_coassembly_CSP12_SemiBin_370	K06718	HCBCPMAG_02048	15.3	0.002	0
EQnative_coassembly_CSP12_SemiBin_370	K06718	HCBCPMAG_00389	11.8	0.024	0
EQnative_coassembly_CSP12_SemiBin_370	K06720	HCBCPMAG_03583	19.7	0.00014	0
EQnative_coassembly_CSP12_SemiBin_370	K06720	HCBCPMAG_01220	17.7	0.00058	0
EQnative_coassembly_CSP12_SemiBin_370	K06721	HCBCPMAG_02289	21.5	2.7e-05	0
EQnative_coassembly_CSP12_SemiBin_370	K06721	HCBCPMAG_03702	16.9	0.00067	0
EQnative_coassembly_CSP12_SemiBin_370	K06721	HCBCPMAG_03074	15.7	0.0015	0
EQnative_coassembly_CSP12_SemiBin_370	K06721	HCBCPMAG_03814	14.8	0.0028	0
EQnative_coassembly_CSP12_SemiBin_370	K06721	HCBCPMAG_02101	13.0	0.0099	0
EQnative_coassembly_CSP12_SemiBin_370	K06721	HCBCPMAG_03816	12.0	0.02	0
EQnative_coassembly_CSP12_SemiBin_370	K06721	HCBCPMAG_02786	8.6	0.22	0
EQnative_coassembly_CSP12_SemiBin_370	K06721	HCBCPMAG_02446	5.7	1.7	0
EQnative_coassembly_CSP12_SemiBin_370	K01858	HCBCPMAG_01440	451.1	1.5e-135	1
EQnative_coassembly_CSP12_SemiBin_370	K05845	HCBCPMAG_01137	323.4	5.6e-97	1
EQnative_coassembly_CSP12_SemiBin_370	K05846	HCBCPMAG_01137	302.8	7.8e-91	1
EQnative_coassembly_CSP12_SemiBin_370	K05846	HCBCPMAG_03546	62.1	9.4e-18	0
EQnative_coassembly_CSP12_SemiBin_370	K05846	HCBCPMAG_01422	48.5	1.2e-13	0
EQnative_coassembly_CSP12_SemiBin_370	K05846	HCBCPMAG_01421	24.1	3.2e-06	0
EQnative_coassembly_CSP12_SemiBin_370	K05846	HCBCPMAG_03095	18.4	0.00017	0
EQnative_coassembly_CSP12_SemiBin_370	K05846	HCBCPMAG_00701	15.4	0.0014	0
EQnative_coassembly_CSP12_SemiBin_370	K05846	HCBCPMAG_03094	10.4	0.044	0
EQnative_coassembly_CSP12_SemiBin_370	K05846	HCBCPMAG_00758	10.1	0.055	0
EQnative_coassembly_CSP12_SemiBin_370	K05847	HCBCPMAG_01138	324.3	2.9e-97	0
EQnative_coassembly_CSP12_SemiBin_370	K05847	HCBCPMAG_03545	249.8	1.2e-74	0
EQnative_coassembly_CSP12_SemiBin_370	K05847	HCBCPMAG_03715	240.3	9e-72	0
EQnative_coassembly_CSP12_SemiBin_370	K05847	HCBCPMAG_03337	213.3	1.4e-63	0
EQnative_coassembly_CSP12_SemiBin_370	K05847	HCBCPMAG_01423	213.1	1.7e-63	0
EQnative_coassembly_CSP12_SemiBin_370	K05847	HCBCPMAG_03097	205.7	2.9e-61	0
EQnative_coassembly_CSP12_SemiBin_370	K05847	HCBCPMAG_00518	191.9	4.7e-57	0
EQnative_coassembly_CSP12_SemiBin_370	K05847	HCBCPMAG_01986	183.0	2.4e-54	0
EQnative_coassembly_CSP12_SemiBin_370	K05847	HCBCPMAG_03797	176.9	1.7e-52	0
EQnative_coassembly_CSP12_SemiBin_370	K05847	HCBCPMAG_00540	169.3	3.4e-50	0
EQnative_coassembly_CSP12_SemiBin_370	K05847	HCBCPMAG_00464	163.9	1.5e-48	0
EQnative_coassembly_CSP12_SemiBin_370	K05847	HCBCPMAG_02239	161.2	9.8e-48	0
EQnative_coassembly_CSP12_SemiBin_370	K05847	HCBCPMAG_03096	158.5	6.7e-47	0
EQnative_coassembly_CSP12_SemiBin_370	K05847	HCBCPMAG_00362	151.5	9e-45	0
EQnative_coassembly_CSP12_SemiBin_370	K05847	HCBCPMAG_03699	149.6	3.3e-44	0
EQnative_coassembly_CSP12_SemiBin_370	K05847	HCBCPMAG_01067	146.2	3.7e-43	0
EQnative_coassembly_CSP12_SemiBin_370	K05847	HCBCPMAG_00120	145.7	5e-43	0
EQnative_coassembly_CSP12_SemiBin_370	K05847	HCBCPMAG_01055	142.5	4.8e-42	0
EQnative_coassembly_CSP12_SemiBin_370	K05847	HCBCPMAG_00263	141.4	9.9e-42	0
EQnative_coassembly_CSP12_SemiBin_370	K05847	HCBCPMAG_02122	124.4	1.5e-36	0
EQnative_coassembly_CSP12_SemiBin_370	K05847	HCBCPMAG_03636	119.5	4.7e-35	0
EQnative_coassembly_CSP12_SemiBin_370	K05847	HCBCPMAG_00156	118.9	6.7e-35	0
EQnative_coassembly_CSP12_SemiBin_370	K05847	HCBCPMAG_03185	94.3	2.1e-27	0
EQnative_coassembly_CSP12_SemiBin_370	K05847	HCBCPMAG_02123	90.3	3.4e-26	0
EQnative_coassembly_CSP12_SemiBin_370	K05847	HCBCPMAG_00513	85.9	7.3e-25	0
EQnative_coassembly_CSP12_SemiBin_370	K05847	HCBCPMAG_01892	74.5	2.1e-21	0
EQnative_coassembly_CSP12_SemiBin_370	K05847	HCBCPMAG_00956	66.3	6.7e-19	0
EQnative_coassembly_CSP12_SemiBin_370	K05847	HCBCPMAG_03186	58.9	1.2e-16	0
EQnative_coassembly_CSP12_SemiBin_370	K05847	HCBCPMAG_01797	58.0	2.2e-16	0
EQnative_coassembly_CSP12_SemiBin_370	K05847	HCBCPMAG_00209	45.1	1.9e-12	0
EQnative_coassembly_CSP12_SemiBin_370	K05847	HCBCPMAG_01507	15.2	0.0022	0
EQnative_coassembly_CSP12_SemiBin_370	K05847	HCBCPMAG_00141	14.5	0.0036	0
EQnative_coassembly_CSP12_SemiBin_370	K05847	HCBCPMAG_00291	14.4	0.0037	0
EQnative_coassembly_CSP12_SemiBin_370	K05847	HCBCPMAG_00553	12.8	0.012	0
EQnative_coassembly_CSP12_SemiBin_370	K05847	HCBCPMAG_03691	11.8	0.023	0
EQnative_coassembly_CSP12_SemiBin_370	K05847	HCBCPMAG_03491	11.3	0.033	0
EQnative_coassembly_CSP12_SemiBin_370	K03451	HCBCPMAG_00218	4.0	2.4	0
EQnative_coassembly_CSP12_SemiBin_370	K02168	HCBCPMAG_00218	10.5	0.026	0
EQnative_coassembly_CSP12_SemiBin_370	K02168	HCBCPMAG_01283	9.0	0.07	0
EQnative_coassembly_CSP12_SemiBin_370	K02168	HCBCPMAG_02626	2.9	4.9	0
EQnative_coassembly_CSP12_SemiBin_370	K02000	HCBCPMAG_03545	241.5	6.2e-72	0
EQnative_coassembly_CSP12_SemiBin_370	K02000	HCBCPMAG_03715	240.9	9.5e-72	0
EQnative_coassembly_CSP12_SemiBin_370	K02000	HCBCPMAG_01138	219.9	2e-65	0
EQnative_coassembly_CSP12_SemiBin_370	K02000	HCBCPMAG_03337	219.9	2.1e-65	0
EQnative_coassembly_CSP12_SemiBin_370	K02000	HCBCPMAG_00518	210.5	1.5e-62	0
EQnative_coassembly_CSP12_SemiBin_370	K02000	HCBCPMAG_01423	188.3	7.9e-56	0
EQnative_coassembly_CSP12_SemiBin_370	K02000	HCBCPMAG_03097	181.6	8.3e-54	0
EQnative_coassembly_CSP12_SemiBin_370	K02000	HCBCPMAG_02239	176.6	2.8e-52	0
EQnative_coassembly_CSP12_SemiBin_370	K02000	HCBCPMAG_01986	166.4	3.4e-49	0
EQnative_coassembly_CSP12_SemiBin_370	K02000	HCBCPMAG_00540	140.2	2.9e-41	0
EQnative_coassembly_CSP12_SemiBin_370	K02000	HCBCPMAG_03797	136.6	3.4e-40	0
EQnative_coassembly_CSP12_SemiBin_370	K02000	HCBCPMAG_03096	130.5	2.4e-38	0
EQnative_coassembly_CSP12_SemiBin_370	K02000	HCBCPMAG_01067	109.9	4.1e-32	0
EQnative_coassembly_CSP12_SemiBin_370	K02000	HCBCPMAG_00362	108.9	8.6e-32	0
EQnative_coassembly_CSP12_SemiBin_370	K02000	HCBCPMAG_03699	108.2	1.4e-31	0
EQnative_coassembly_CSP12_SemiBin_370	K02000	HCBCPMAG_00464	104.6	1.7e-30	0
EQnative_coassembly_CSP12_SemiBin_370	K02000	HCBCPMAG_01055	104.5	1.8e-30	0
EQnative_coassembly_CSP12_SemiBin_370	K02000	HCBCPMAG_03636	81.5	1.6e-23	0
EQnative_coassembly_CSP12_SemiBin_370	K02000	HCBCPMAG_00263	77.2	3.3e-22	0
EQnative_coassembly_CSP12_SemiBin_370	K02000	HCBCPMAG_02122	75.6	9.9e-22	0
EQnative_coassembly_CSP12_SemiBin_370	K02000	HCBCPMAG_00513	70.3	4e-20	0
EQnative_coassembly_CSP12_SemiBin_370	K02000	HCBCPMAG_00120	70.2	4.3e-20	0
EQnative_coassembly_CSP12_SemiBin_370	K02000	HCBCPMAG_01892	66.4	6.1e-19	0
EQnative_coassembly_CSP12_SemiBin_370	K02000	HCBCPMAG_03185	65.8	9.3e-19	0
EQnative_coassembly_CSP12_SemiBin_370	K02000	HCBCPMAG_00156	64.9	1.8e-18	0
EQnative_coassembly_CSP12_SemiBin_370	K02000	HCBCPMAG_02123	64.5	2.3e-18	0
EQnative_coassembly_CSP12_SemiBin_370	K02000	HCBCPMAG_00209	43.7	4.5e-12	0
EQnative_coassembly_CSP12_SemiBin_370	K02000	HCBCPMAG_03186	37.6	3.3e-10	0
EQnative_coassembly_CSP12_SemiBin_370	K02000	HCBCPMAG_01839	35.1	1.8e-09	0
EQnative_coassembly_CSP12_SemiBin_370	K02000	HCBCPMAG_01797	33.4	6.2e-09	0
EQnative_coassembly_CSP12_SemiBin_370	K02000	HCBCPMAG_00392	31.8	1.9e-08	0
EQnative_coassembly_CSP12_SemiBin_370	K02000	HCBCPMAG_00956	29.7	8.2e-08	0
EQnative_coassembly_CSP12_SemiBin_370	K02000	HCBCPMAG_03761	26.9	5.7e-07	0
EQnative_coassembly_CSP12_SemiBin_370	K02000	HCBCPMAG_01847	26.3	8.4e-07	0
EQnative_coassembly_CSP12_SemiBin_370	K02000	HCBCPMAG_02405	25.2	1.9e-06	0
EQnative_coassembly_CSP12_SemiBin_370	K02000	HCBCPMAG_03666	24.4	3.2e-06	0
EQnative_coassembly_CSP12_SemiBin_370	K02000	HCBCPMAG_02414	23.7	5.4e-06	0
EQnative_coassembly_CSP12_SemiBin_370	K02000	HCBCPMAG_01678	23.5	6.1e-06	0
EQnative_coassembly_CSP12_SemiBin_370	K02000	HCBCPMAG_02853	23.1	7.8e-06	0
EQnative_coassembly_CSP12_SemiBin_370	K02000	HCBCPMAG_03478	20.3	5.7e-05	0
EQnative_coassembly_CSP12_SemiBin_370	K02000	HCBCPMAG_01157	19.7	8.4e-05	0
EQnative_coassembly_CSP12_SemiBin_370	K02000	HCBCPMAG_02417	18.3	0.00023	0
EQnative_coassembly_CSP12_SemiBin_370	K02000	HCBCPMAG_02416	17.2	0.00048	0
EQnative_coassembly_CSP12_SemiBin_370	K02000	HCBCPMAG_02968	16.1	0.001	0
EQnative_coassembly_CSP12_SemiBin_370	K02000	HCBCPMAG_01507	13.5	0.0065	0
EQnative_coassembly_CSP12_SemiBin_370	K02000	HCBCPMAG_02852	12.5	0.013	0
EQnative_coassembly_CSP12_SemiBin_370	K02000	HCBCPMAG_00502	11.0	0.038	0
EQnative_coassembly_CSP12_SemiBin_370	K02001	HCBCPMAG_01137	131.6	7.8e-39	0
EQnative_coassembly_CSP12_SemiBin_370	K02001	HCBCPMAG_03546	31.3	1.6e-08	0
EQnative_coassembly_CSP12_SemiBin_370	K02001	HCBCPMAG_01422	22.3	9e-06	0
EQnative_coassembly_CSP12_SemiBin_370	K02001	HCBCPMAG_03095	16.2	0.00062	0
EQnative_coassembly_CSP12_SemiBin_370	K02001	HCBCPMAG_01421	13.9	0.003	0
EQnative_coassembly_CSP12_SemiBin_370	K02002	HCBCPMAG_01137	74.0	1.8e-21	0
EQnative_coassembly_CSP12_SemiBin_370	K02002	HCBCPMAG_03546	11.7	0.013	0
EQnative_coassembly_CSP12_SemiBin_370	K02002	HCBCPMAG_02192	10.6	0.031	0
EQnative_coassembly_CSP12_SemiBin_370	K02002	HCBCPMAG_01379	10.2	0.039	0
EQnative_coassembly_CSP12_SemiBin_370	K02779	HCBCPMAG_02508	10.6	0.028	0
EQnative_coassembly_CSP12_SemiBin_370	K02779	HCBCPMAG_03228	4.7	1.8	0
EQnative_coassembly_CSP12_SemiBin_370	K02779	HCBCPMAG_02626	4.2	2.5	0
EQnative_coassembly_CSP12_SemiBin_370	K02779	HCBCPMAG_00218	2.9	6.0	0
EQnative_coassembly_CSP12_SemiBin_370	K01226	HCBCPMAG_02818	492.8	3.1e-148	0
EQnative_coassembly_CSP12_SemiBin_370	K01226	HCBCPMAG_01273	474.8	8.8e-143	0
EQnative_coassembly_CSP12_SemiBin_370	K01226	HCBCPMAG_03464	334.0	4e-100	0
EQnative_coassembly_CSP12_SemiBin_370	K01226	HCBCPMAG_00386	314.4	3.6e-94	0
EQnative_coassembly_CSP12_SemiBin_370	K01226	HCBCPMAG_03381	285.9	1.5e-85	0
EQnative_coassembly_CSP12_SemiBin_370	K01226	HCBCPMAG_02804	135.4	5.9e-40	0
EQnative_coassembly_CSP12_SemiBin_370	K01226	HCBCPMAG_02720	71.9	1e-20	0
EQnative_coassembly_CSP12_SemiBin_370	K01226	HCBCPMAG_02587	64.2	2.3e-18	0
EQnative_coassembly_CSP12_SemiBin_370	K01226	HCBCPMAG_02904	60.3	3.4e-17	0
EQnative_coassembly_CSP12_SemiBin_370	K01226	HCBCPMAG_02588	49.9	4.9e-14	0
EQnative_coassembly_CSP12_SemiBin_370	K01226	HCBCPMAG_01276	43.8	3.5e-12	0
EQnative_coassembly_CSP12_SemiBin_370	K01226	HCBCPMAG_02369	40.6	3.1e-11	0
EQnative_coassembly_CSP12_SemiBin_370	K01226	HCBCPMAG_00385	39.1	8.9e-11	0
EQnative_coassembly_CSP12_SemiBin_370	K01226	HCBCPMAG_00387	33.6	4.1e-09	0
EQnative_coassembly_CSP12_SemiBin_370	K01226	HCBCPMAG_02589	30.4	4e-08	0
EQnative_coassembly_CSP12_SemiBin_370	K01226	HCBCPMAG_00336	29.6	6.9e-08	0
EQnative_coassembly_CSP12_SemiBin_370	K01226	HCBCPMAG_01837	25.7	1e-06	0
EQnative_coassembly_CSP12_SemiBin_370	K01226	HCBCPMAG_02710	19.6	7.3e-05	0
EQnative_coassembly_CSP12_SemiBin_370	K01226	HCBCPMAG_03578	12.3	0.012	0
EQnative_CSP1-4_Limnocylindria_SemiBin_191	K00697	OKCDEGOK_00326	373.0	2.4e-112	0
EQnative_CSP1-4_Limnocylindria_SemiBin_191	K00697	OKCDEGOK_00438	11.8	0.0056	0
EQnative_CSP1-4_Limnocylindria_SemiBin_191	K01087	OKCDEGOK_00327	121.3	4.7e-36	0
EQnative_CSP1-4_Limnocylindria_SemiBin_191	K05343	OKCDEGOK_01111	1138.1	0.0	1
EQnative_CSP1-4_Limnocylindria_SemiBin_191	K05343	OKCDEGOK_00722	764.1	2.3e-230	1
EQnative_CSP1-4_Limnocylindria_SemiBin_191	K05343	OKCDEGOK_00985	408.1	8e-123	0
EQnative_CSP1-4_Limnocylindria_SemiBin_191	K05343	OKCDEGOK_01113	185.4	1.6e-55	0
EQnative_CSP1-4_Limnocylindria_SemiBin_191	K05343	OKCDEGOK_00186	153.4	7.1e-46	0
EQnative_CSP1-4_Limnocylindria_SemiBin_191	K05343	OKCDEGOK_00425	151.6	2.6e-45	0
EQnative_CSP1-4_Limnocylindria_SemiBin_191	K05343	OKCDEGOK_01322	146.5	8.9e-44	0
EQnative_CSP1-4_Limnocylindria_SemiBin_191	K05343	OKCDEGOK_00426	133.5	7.7e-40	0
EQnative_CSP1-4_Limnocylindria_SemiBin_191	K05343	OKCDEGOK_00156	83.2	1.2e-24	0
EQnative_CSP1-4_Limnocylindria_SemiBin_191	K05343	OKCDEGOK_00136	56.7	1.2e-16	0
EQnative_CSP1-4_Limnocylindria_SemiBin_191	K05343	OKCDEGOK_00137	20.6	9.6e-06	0
EQnative_CSP1-4_Limnocylindria_SemiBin_191	K06044	OKCDEGOK_00157	108.3	2.7e-32	0
EQnative_CSP1-4_Limnocylindria_SemiBin_191	K06044	OKCDEGOK_00425	90.1	8.5e-27	0
EQnative_CSP1-4_Limnocylindria_SemiBin_191	K06044	OKCDEGOK_01322	89.1	1.6e-26	0
EQnative_CSP1-4_Limnocylindria_SemiBin_191	K06044	OKCDEGOK_00985	73.9	6.6e-22	0
EQnative_CSP1-4_Limnocylindria_SemiBin_191	K06044	OKCDEGOK_00426	71.4	3.6e-21	0
EQnative_CSP1-4_Limnocylindria_SemiBin_191	K06044	OKCDEGOK_01111	49.2	1.8e-14	0
EQnative_CSP1-4_Limnocylindria_SemiBin_191	K06044	OKCDEGOK_00156	42.7	1.7e-12	0
EQnative_CSP1-4_Limnocylindria_SemiBin_191	K06044	OKCDEGOK_00722	41.1	5.2e-12	0
EQnative_CSP1-4_Limnocylindria_SemiBin_191	K06044	OKCDEGOK_00137	29.4	1.8e-08	0
EQnative_CSP1-4_Limnocylindria_SemiBin_191	K06044	OKCDEGOK_00136	21.0	6.1e-06	0
EQnative_CSP1-4_Limnocylindria_SemiBin_191	K06044	OKCDEGOK_01697	13.6	0.001	0
EQnative_CSP1-4_Limnocylindria_SemiBin_191	K06044	OKCDEGOK_00186	9.2	0.021	0
EQnative_CSP1-4_Limnocylindria_SemiBin_191	K01236	OKCDEGOK_00156	884.5	6.5e-267	1
EQnative_CSP1-4_Limnocylindria_SemiBin_191	K01236	OKCDEGOK_01111	146.3	1.1e-43	0
EQnative_CSP1-4_Limnocylindria_SemiBin_191	K01236	OKCDEGOK_00426	112.8	1.4e-33	0
EQnative_CSP1-4_Limnocylindria_SemiBin_191	K01236	OKCDEGOK_00425	104.2	6e-31	0
EQnative_CSP1-4_Limnocylindria_SemiBin_191	K01236	OKCDEGOK_00985	100.6	7.1e-30	0
EQnative_CSP1-4_Limnocylindria_SemiBin_191	K01236	OKCDEGOK_01322	96.2	1.5e-28	0
EQnative_CSP1-4_Limnocylindria_SemiBin_191	K01236	OKCDEGOK_00722	95.3	2.8e-28	0
EQnative_CSP1-4_Limnocylindria_SemiBin_191	K01236	OKCDEGOK_00186	43.3	1.6e-12	0
EQnative_CSP1-4_Limnocylindria_SemiBin_191	K01236	OKCDEGOK_00136	35.7	3e-10	0
EQnative_CSP1-4_Limnocylindria_SemiBin_191	K01236	OKCDEGOK_00137	17.2	0.00012	0
EQnative_CSP1-4_Limnocylindria_SemiBin_191	K13057	OKCDEGOK_00438	60.9	7.9e-18	0
EQnative_CSP1-4_Limnocylindria_SemiBin_191	K13057	OKCDEGOK_00271	38.3	5.5e-11	0
EQnative_CSP1-4_Limnocylindria_SemiBin_191	K13057	OKCDEGOK_00518	31.0	9.3e-09	0
EQnative_CSP1-4_Limnocylindria_SemiBin_191	K13057	OKCDEGOK_00326	28.6	4.8e-08	0
EQnative_CSP1-4_Limnocylindria_SemiBin_191	K00108	OKCDEGOK_00717	11.0	0.0074	0
EQnative_CSP1-4_Limnocylindria_SemiBin_191	K00108	OKCDEGOK_00118	9.9	0.016	0
EQnative_CSP1-4_Limnocylindria_SemiBin_191	K00130	OKCDEGOK_00248	657.8	1.3e-198	0
EQnative_CSP1-4_Limnocylindria_SemiBin_191	K00130	OKCDEGOK_00639	631.5	1.2e-190	0
EQnative_CSP1-4_Limnocylindria_SemiBin_191	K00130	OKCDEGOK_00719	604.4	1.9e-182	0
EQnative_CSP1-4_Limnocylindria_SemiBin_191	K00130	OKCDEGOK_01565	547.0	4.8e-165	0
EQnative_CSP1-4_Limnocylindria_SemiBin_191	K00130	OKCDEGOK_00038	429.7	1.5e-129	0
EQnative_CSP1-4_Limnocylindria_SemiBin_191	K00130	OKCDEGOK_00066	425.2	3.5e-128	0
EQnative_CSP1-4_Limnocylindria_SemiBin_191	K00130	OKCDEGOK_00720	125.6	1.9e-37	0
EQnative_CSP1-4_Limnocylindria_SemiBin_191	K00499	OKCDEGOK_01380	193.1	7.5e-58	0
EQnative_CSP1-4_Limnocylindria_SemiBin_191	K00499	OKCDEGOK_01629	174.3	3.7e-52	0
EQnative_CSP1-4_Limnocylindria_SemiBin_191	K17756	OKCDEGOK_00118	24.7	6.4e-07	0
EQnative_CSP1-4_Limnocylindria_SemiBin_191	K17756	OKCDEGOK_01325	13.1	0.0021	0
EQnative_CSP1-4_Limnocylindria_SemiBin_191	K17756	OKCDEGOK_00717	12.6	0.0031	0
EQnative_CSP1-4_Limnocylindria_SemiBin_191	K17756	OKCDEGOK_00635	12.5	0.0031	0
EQnative_CSP1-4_Limnocylindria_SemiBin_191	K06718	OKCDEGOK_00143	24.7	1.3e-06	0
EQnative_CSP1-4_Limnocylindria_SemiBin_191	K06718	OKCDEGOK_01231	13.6	0.003	0
EQnative_CSP1-4_Limnocylindria_SemiBin_191	K06718	OKCDEGOK_00606	11.9	0.01	0
EQnative_CSP1-4_Limnocylindria_SemiBin_191	K06718	OKCDEGOK_00229	10.7	0.024	0
EQnative_CSP1-4_Limnocylindria_SemiBin_191	K01858	OKCDEGOK_00562	177.4	4.5e-53	1
EQnative_CSP1-4_Limnocylindria_SemiBin_191	K05845	OKCDEGOK_00315	334.5	1.1e-100	1
EQnative_CSP1-4_Limnocylindria_SemiBin_191	K05845	OKCDEGOK_00617	15.9	0.00043	0
EQnative_CSP1-4_Limnocylindria_SemiBin_191	K05845	OKCDEGOK_00764	12.1	0.0064	0
EQnative_CSP1-4_Limnocylindria_SemiBin_191	K05845	OKCDEGOK_00535	11.2	0.011	0
EQnative_CSP1-4_Limnocylindria_SemiBin_191	K05845	OKCDEGOK_00580	9.9	0.029	0
EQnative_CSP1-4_Limnocylindria_SemiBin_191	K05845	OKCDEGOK_00121	7.3	0.18	0
EQnative_CSP1-4_Limnocylindria_SemiBin_191	K05846	OKCDEGOK_00314	233.2	4.9e-70	1
EQnative_CSP1-4_Limnocylindria_SemiBin_191	K05846	OKCDEGOK_00313	230.2	3.8e-69	1
EQnative_CSP1-4_Limnocylindria_SemiBin_191	K05846	OKCDEGOK_00774	53.9	1.3e-15	0
EQnative_CSP1-4_Limnocylindria_SemiBin_191	K05846	OKCDEGOK_01389	48.5	5.6e-14	0
EQnative_CSP1-4_Limnocylindria_SemiBin_191	K05846	OKCDEGOK_01387	35.5	5.1e-10	0
EQnative_CSP1-4_Limnocylindria_SemiBin_191	K05846	OKCDEGOK_00373	31.2	1e-08	0
EQnative_CSP1-4_Limnocylindria_SemiBin_191	K05846	OKCDEGOK_00353	30.2	2.1e-08	0
EQnative_CSP1-4_Limnocylindria_SemiBin_191	K05846	OKCDEGOK_00840	29.7	2.9e-08	0
EQnative_CSP1-4_Limnocylindria_SemiBin_191	K05846	OKCDEGOK_01524	29.6	3.1e-08	0
EQnative_CSP1-4_Limnocylindria_SemiBin_191	K05846	OKCDEGOK_00763	25.0	7.7e-07	0
EQnative_CSP1-4_Limnocylindria_SemiBin_191	K05846	OKCDEGOK_01402	22.6	4e-06	0
EQnative_CSP1-4_Limnocylindria_SemiBin_191	K05846	OKCDEGOK_00505	21.0	1.3e-05	0
EQnative_CSP1-4_Limnocylindria_SemiBin_191	K05846	OKCDEGOK_00372	20.9	1.3e-05	0
EQnative_CSP1-4_Limnocylindria_SemiBin_191	K05846	OKCDEGOK_01295	18.4	7.7e-05	0
EQnative_CSP1-4_Limnocylindria_SemiBin_191	K05846	OKCDEGOK_00841	17.8	0.00012	0
EQnative_CSP1-4_Limnocylindria_SemiBin_191	K05846	OKCDEGOK_01525	17.8	0.00012	0
EQnative_CSP1-4_Limnocylindria_SemiBin_191	K05846	OKCDEGOK_00103	9.7	0.035	0
EQnative_CSP1-4_Limnocylindria_SemiBin_191	K05846	OKCDEGOK_01403	9.5	0.04	0
EQnative_CSP1-4_Limnocylindria_SemiBin_191	K05846	OKCDEGOK_00379	9.1	0.05	0
EQnative_CSP1-4_Limnocylindria_SemiBin_191	K05846	OKCDEGOK_00104	7.7	0.14	0
EQnative_CSP1-4_Limnocylindria_SemiBin_191	K05846	OKCDEGOK_00795	2.9	4.0	0
EQnative_CSP1-4_Limnocylindria_SemiBin_191	K05847	OKCDEGOK_00312	467.6	3.8e-141	1
EQnative_CSP1-4_Limnocylindria_SemiBin_191	K05847	OKCDEGOK_00537	317.3	1.7e-95	0
EQnative_CSP1-4_Limnocylindria_SemiBin_191	K05847	OKCDEGOK_00555	284.5	1.6e-85	0
EQnative_CSP1-4_Limnocylindria_SemiBin_191	K05847	OKCDEGOK_00762	283.0	4.5e-85	0
EQnative_CSP1-4_Limnocylindria_SemiBin_191	K05847	OKCDEGOK_00792	275.3	1e-82	0
EQnative_CSP1-4_Limnocylindria_SemiBin_191	K05847	OKCDEGOK_01388	257.2	3.1e-77	0
EQnative_CSP1-4_Limnocylindria_SemiBin_191	K05847	OKCDEGOK_00506	234.0	3.4e-70	0
EQnative_CSP1-4_Limnocylindria_SemiBin_191	K05847	OKCDEGOK_00773	222.0	1.5e-66	0
EQnative_CSP1-4_Limnocylindria_SemiBin_191	K05847	OKCDEGOK_00378	214.4	3e-64	0
EQnative_CSP1-4_Limnocylindria_SemiBin_191	K05847	OKCDEGOK_01240	206.8	6.4e-62	0
EQnative_CSP1-4_Limnocylindria_SemiBin_191	K05847	OKCDEGOK_00160	205.1	2.1e-61	0
EQnative_CSP1-4_Limnocylindria_SemiBin_191	K05847	OKCDEGOK_01055	190.7	5e-57	0
EQnative_CSP1-4_Limnocylindria_SemiBin_191	K05847	OKCDEGOK_01185	184.9	2.8e-55	0
EQnative_CSP1-4_Limnocylindria_SemiBin_191	K05847	OKCDEGOK_01028	182.4	1.7e-54	0
EQnative_CSP1-4_Limnocylindria_SemiBin_191	K05847	OKCDEGOK_00839	176.6	9.3e-53	0
EQnative_CSP1-4_Limnocylindria_SemiBin_191	K05847	OKCDEGOK_00644	169.7	1.2e-50	0
EQnative_CSP1-4_Limnocylindria_SemiBin_191	K05847	OKCDEGOK_01553	168.3	3.2e-50	0
EQnative_CSP1-4_Limnocylindria_SemiBin_191	K05847	OKCDEGOK_00268	162.4	1.9e-48	0
EQnative_CSP1-4_Limnocylindria_SemiBin_191	K05847	OKCDEGOK_00161	161.6	3.3e-48	0
EQnative_CSP1-4_Limnocylindria_SemiBin_191	K05847	OKCDEGOK_01190	143.4	1.1e-42	0
EQnative_CSP1-4_Limnocylindria_SemiBin_191	K05847	OKCDEGOK_00376	138.7	3.1e-41	0
EQnative_CSP1-4_Limnocylindria_SemiBin_191	K05847	OKCDEGOK_01302	131.3	5.5e-39	0
EQnative_CSP1-4_Limnocylindria_SemiBin_191	K05847	OKCDEGOK_00908	128.2	4.7e-38	0
EQnative_CSP1-4_Limnocylindria_SemiBin_191	K05847	OKCDEGOK_00377	126.7	1.3e-37	0
EQnative_CSP1-4_Limnocylindria_SemiBin_191	K05847	OKCDEGOK_01035	122.8	2e-36	0
EQnative_CSP1-4_Limnocylindria_SemiBin_191	K05847	OKCDEGOK_00884	115.4	3.7e-34	0
EQnative_CSP1-4_Limnocylindria_SemiBin_191	K05847	OKCDEGOK_00853	113.7	1.3e-33	0
EQnative_CSP1-4_Limnocylindria_SemiBin_191	K05847	OKCDEGOK_00115	94.7	7.4e-28	0
EQnative_CSP1-4_Limnocylindria_SemiBin_191	K05847	OKCDEGOK_01496	63.9	1.6e-18	0
EQnative_CSP1-4_Limnocylindria_SemiBin_191	K05847	OKCDEGOK_01063	45.0	9e-13	0
EQnative_CSP1-4_Limnocylindria_SemiBin_191	K05847	OKCDEGOK_00729	25.5	7.4e-07	0
EQnative_CSP1-4_Limnocylindria_SemiBin_191	K05847	OKCDEGOK_01130	18.6	9.3e-05	0
EQnative_CSP1-4_Limnocylindria_SemiBin_191	K05847	OKCDEGOK_00978	16.4	0.00042	0
EQnative_CSP1-4_Limnocylindria_SemiBin_191	K05847	OKCDEGOK_00570	14.3	0.0019	0
EQnative_CSP1-4_Limnocylindria_SemiBin_191	K05847	OKCDEGOK_00303	10.3	0.032	0
EQnative_CSP1-4_Limnocylindria_SemiBin_191	K02000	OKCDEGOK_00312	341.1	1.9e-102	0
EQnative_CSP1-4_Limnocylindria_SemiBin_191	K02000	OKCDEGOK_00537	286.7	5.8e-86	0
EQnative_CSP1-4_Limnocylindria_SemiBin_191	K02000	OKCDEGOK_00792	253.6	6.1e-76	0
EQnative_CSP1-4_Limnocylindria_SemiBin_191	K02000	OKCDEGOK_00555	252.9	9.8e-76	0
EQnative_CSP1-4_Limnocylindria_SemiBin_191	K02000	OKCDEGOK_00762	250.1	7.1e-75	0
EQnative_CSP1-4_Limnocylindria_SemiBin_191	K02000	OKCDEGOK_01388	243.1	9e-73	0
EQnative_CSP1-4_Limnocylindria_SemiBin_191	K02000	OKCDEGOK_00773	238.8	1.8e-71	0
EQnative_CSP1-4_Limnocylindria_SemiBin_191	K02000	OKCDEGOK_00378	211.8	2.7e-63	0
EQnative_CSP1-4_Limnocylindria_SemiBin_191	K02000	OKCDEGOK_00506	201.5	3.7e-60	0
EQnative_CSP1-4_Limnocylindria_SemiBin_191	K02000	OKCDEGOK_00160	196.9	9e-59	0
EQnative_CSP1-4_Limnocylindria_SemiBin_191	K02000	OKCDEGOK_01240	171.8	3.6e-51	0
EQnative_CSP1-4_Limnocylindria_SemiBin_191	K02000	OKCDEGOK_01553	163.2	1.5e-48	0
EQnative_CSP1-4_Limnocylindria_SemiBin_191	K02000	OKCDEGOK_00839	153.3	1.4e-45	0
EQnative_CSP1-4_Limnocylindria_SemiBin_191	K02000	OKCDEGOK_00161	143.5	1.3e-42	0
EQnative_CSP1-4_Limnocylindria_SemiBin_191	K02000	OKCDEGOK_01028	133.1	1.8e-39	0
EQnative_CSP1-4_Limnocylindria_SemiBin_191	K02000	OKCDEGOK_01185	132.7	2.4e-39	0
EQnative_CSP1-4_Limnocylindria_SemiBin_191	K02000	OKCDEGOK_00268	126.8	1.5e-37	0
EQnative_CSP1-4_Limnocylindria_SemiBin_191	K02000	OKCDEGOK_01190	125.6	3.3e-37	0
EQnative_CSP1-4_Limnocylindria_SemiBin_191	K02000	OKCDEGOK_00644	124.4	8e-37	0
EQnative_CSP1-4_Limnocylindria_SemiBin_191	K02000	OKCDEGOK_01055	120.0	1.7e-35	0
EQnative_CSP1-4_Limnocylindria_SemiBin_191	K02000	OKCDEGOK_00908	108.1	6.7e-32	0
EQnative_CSP1-4_Limnocylindria_SemiBin_191	K02000	OKCDEGOK_00376	106.5	2e-31	0
EQnative_CSP1-4_Limnocylindria_SemiBin_191	K02000	OKCDEGOK_00853	105.1	5.3e-31	0
EQnative_CSP1-4_Limnocylindria_SemiBin_191	K02000	OKCDEGOK_01035	97.8	9e-29	0
EQnative_CSP1-4_Limnocylindria_SemiBin_191	K02000	OKCDEGOK_01302	80.6	1.5e-23	0
EQnative_CSP1-4_Limnocylindria_SemiBin_191	K02000	OKCDEGOK_00377	70.3	1.9e-20	0
EQnative_CSP1-4_Limnocylindria_SemiBin_191	K02000	OKCDEGOK_01496	62.4	4.5e-18	0
EQnative_CSP1-4_Limnocylindria_SemiBin_191	K02000	OKCDEGOK_00115	47.4	1.6e-13	0
EQnative_CSP1-4_Limnocylindria_SemiBin_191	K02000	OKCDEGOK_00028	41.2	1.2e-11	0
EQnative_CSP1-4_Limnocylindria_SemiBin_191	K02000	OKCDEGOK_00884	40.9	1.5e-11	0
EQnative_CSP1-4_Limnocylindria_SemiBin_191	K02000	OKCDEGOK_01063	31.5	1e-08	0
EQnative_CSP1-4_Limnocylindria_SemiBin_191	K02000	OKCDEGOK_00225	26.7	3e-07	0
EQnative_CSP1-4_Limnocylindria_SemiBin_191	K02000	OKCDEGOK_01747	26.6	3.2e-07	0
EQnative_CSP1-4_Limnocylindria_SemiBin_191	K02000	OKCDEGOK_01692	24.9	1e-06	0
EQnative_CSP1-4_Limnocylindria_SemiBin_191	K02000	OKCDEGOK_00570	20.1	2.9e-05	0
EQnative_CSP1-4_Limnocylindria_SemiBin_191	K02000	OKCDEGOK_00263	18.2	0.00011	0
EQnative_CSP1-4_Limnocylindria_SemiBin_191	K02000	OKCDEGOK_01507	13.3	0.0033	0
EQnative_CSP1-4_Limnocylindria_SemiBin_191	K02001	OKCDEGOK_00314	72.1	3.5e-21	0
EQnative_CSP1-4_Limnocylindria_SemiBin_191	K02001	OKCDEGOK_00313	59.6	2.1e-17	0
EQnative_CSP1-4_Limnocylindria_SemiBin_191	K02001	OKCDEGOK_00774	33.0	2.2e-09	0
EQnative_CSP1-4_Limnocylindria_SemiBin_191	K02001	OKCDEGOK_00373	23.4	1.8e-06	0
EQnative_CSP1-4_Limnocylindria_SemiBin_191	K02001	OKCDEGOK_01295	17.1	0.00015	0
EQnative_CSP1-4_Limnocylindria_SemiBin_191	K02001	OKCDEGOK_01525	16.4	0.00024	0
EQnative_CSP1-4_Limnocylindria_SemiBin_191	K02001	OKCDEGOK_01402	15.5	0.00044	0
EQnative_CSP1-4_Limnocylindria_SemiBin_191	K02001	OKCDEGOK_00372	15.2	0.00055	0
EQnative_CSP1-4_Limnocylindria_SemiBin_191	K02001	OKCDEGOK_00840	14.3	0.001	0
EQnative_CSP1-4_Limnocylindria_SemiBin_191	K02001	OKCDEGOK_00104	14.3	0.0011	0
EQnative_CSP1-4_Limnocylindria_SemiBin_191	K02001	OKCDEGOK_00391	9.9	0.023	0
EQnative_CSP1-4_Limnocylindria_SemiBin_191	K02001	OKCDEGOK_00763	7.2	0.15	0
EQnative_CSP1-4_Limnocylindria_SemiBin_191	K02001	OKCDEGOK_00353	5.4	0.5	0
EQnative_CSP1-4_Limnocylindria_SemiBin_191	K02001	OKCDEGOK_01685	3.2	2.4	0
EQnative_CSP1-4_Limnocylindria_SemiBin_191	K02001	OKCDEGOK_01294	2.5	3.8	0
EQnative_CSP1-4_Limnocylindria_SemiBin_191	K02002	OKCDEGOK_00315	58.9	3.2e-17	0
EQnative_CSP1-4_Limnocylindria_SemiBin_191	K02002	OKCDEGOK_00314	31.5	6.3e-09	0
EQnative_CSP1-4_Limnocylindria_SemiBin_191	K02002	OKCDEGOK_00313	19.9	2e-05	0
EQnative_CSP1-4_Limnocylindria_SemiBin_191	K02002	OKCDEGOK_00774	16.7	0.00019	0
EQnative_CSP1-4_Limnocylindria_SemiBin_191	K02002	OKCDEGOK_00373	11.0	0.01	0
EQnative_CSP1-4_Limnocylindria_SemiBin_191	K02779	OKCDEGOK_00706	4.8	0.75	0
EQnative_CSP1-4_Limnocylindria_SemiBin_191	K01226	OKCDEGOK_00985	432.8	2.2e-130	0
EQnative_CSP1-4_Limnocylindria_SemiBin_191	K01226	OKCDEGOK_01111	341.2	1.3e-102	0
EQnative_CSP1-4_Limnocylindria_SemiBin_191	K01226	OKCDEGOK_00722	298.8	8.7e-90	0
EQnative_CSP1-4_Limnocylindria_SemiBin_191	K01226	OKCDEGOK_00186	161.6	3.2e-48	0
EQnative_CSP1-4_Limnocylindria_SemiBin_191	K01226	OKCDEGOK_00426	125.5	2.8e-37	0
EQnative_CSP1-4_Limnocylindria_SemiBin_191	K01226	OKCDEGOK_01322	123.3	1.2e-36	0
EQnative_CSP1-4_Limnocylindria_SemiBin_191	K01226	OKCDEGOK_00425	116.5	1.4e-34	0
EQnative_CSP1-4_Limnocylindria_SemiBin_191	K01226	OKCDEGOK_00156	51.2	8.9e-15	0
EQnative_CSP1-4_Limnocylindria_SemiBin_191	K01226	OKCDEGOK_00136	48.7	5e-14	0
EQnative_CSP1-4_Limnocylindria_SemiBin_191	K01226	OKCDEGOK_00137	12.3	0.0053	0
EQnative_CSP1-4_Limnocylindria_SemiBin_191	K03486	OKCDEGOK_00859	20.3	3.4e-05	0
EQnative_CSP1-6_Rokubacteriales_SemiBin_69	K00697	GDLOLHCH_00005	557.4	7.9e-168	1
EQnative_CSP1-6_Rokubacteriales_SemiBin_69	K00697	GDLOLHCH_01110	56.1	5e-16	0
EQnative_CSP1-6_Rokubacteriales_SemiBin_69	K00697	GDLOLHCH_03831	22.3	8.8e-06	0
EQnative_CSP1-6_Rokubacteriales_SemiBin_69	K01087	GDLOLHCH_00006	216.7	1.1e-64	1
EQnative_CSP1-6_Rokubacteriales_SemiBin_69	K01087	GDLOLHCH_01143	27.6	2.8e-07	0
EQnative_CSP1-6_Rokubacteriales_SemiBin_69	K05343	GDLOLHCH_04043	147.5	1e-43	0
EQnative_CSP1-6_Rokubacteriales_SemiBin_69	K05343	GDLOLHCH_02577	99.5	3.3e-29	0
EQnative_CSP1-6_Rokubacteriales_SemiBin_69	K05343	GDLOLHCH_00264	57.4	1.6e-16	0
EQnative_CSP1-6_Rokubacteriales_SemiBin_69	K05343	GDLOLHCH_01373	49.9	3.1e-14	0
EQnative_CSP1-6_Rokubacteriales_SemiBin_69	K05343	GDLOLHCH_03062	30.0	3.1e-08	0
EQnative_CSP1-6_Rokubacteriales_SemiBin_69	K05343	GDLOLHCH_03198	9.8	0.039	0
EQnative_CSP1-6_Rokubacteriales_SemiBin_69	K06044	GDLOLHCH_01373	1215.9	0.0	1
EQnative_CSP1-6_Rokubacteriales_SemiBin_69	K06044	GDLOLHCH_00548	105.8	3.4e-31	0
EQnative_CSP1-6_Rokubacteriales_SemiBin_69	K06044	GDLOLHCH_00264	47.8	1.1e-13	0
EQnative_CSP1-6_Rokubacteriales_SemiBin_69	K06044	GDLOLHCH_02577	39.6	3.2e-11	0
EQnative_CSP1-6_Rokubacteriales_SemiBin_69	K01236	GDLOLHCH_02577	906.8	2.7e-273	1
EQnative_CSP1-6_Rokubacteriales_SemiBin_69	K01236	GDLOLHCH_00264	716.5	9.1e-216	1
EQnative_CSP1-6_Rokubacteriales_SemiBin_69	K01236	GDLOLHCH_03062	402.4	9.1e-121	0
EQnative_CSP1-6_Rokubacteriales_SemiBin_69	K01236	GDLOLHCH_01373	37.8	1.5e-10	0
EQnative_CSP1-6_Rokubacteriales_SemiBin_69	K13057	GDLOLHCH_01375	449.7	1.8e-135	1
EQnative_CSP1-6_Rokubacteriales_SemiBin_69	K13057	GDLOLHCH_02478	78.4	8.3e-23	0
EQnative_CSP1-6_Rokubacteriales_SemiBin_69	K13057	GDLOLHCH_02859	78.1	1e-22	0
EQnative_CSP1-6_Rokubacteriales_SemiBin_69	K13057	GDLOLHCH_03831	77.9	1.2e-22	0
EQnative_CSP1-6_Rokubacteriales_SemiBin_69	K13057	GDLOLHCH_00916	71.8	8.3e-21	0
EQnative_CSP1-6_Rokubacteriales_SemiBin_69	K13057	GDLOLHCH_01905	71.0	1.5e-20	0
EQnative_CSP1-6_Rokubacteriales_SemiBin_69	K13057	GDLOLHCH_03237	69.6	4e-20	0
EQnative_CSP1-6_Rokubacteriales_SemiBin_69	K13057	GDLOLHCH_01021	63.7	2.5e-18	0
EQnative_CSP1-6_Rokubacteriales_SemiBin_69	K13057	GDLOLHCH_02835	49.0	6.8e-14	0
EQnative_CSP1-6_Rokubacteriales_SemiBin_69	K13057	GDLOLHCH_03315	48.1	1.3e-13	0
EQnative_CSP1-6_Rokubacteriales_SemiBin_69	K13057	GDLOLHCH_03827	46.9	3e-13	0
EQnative_CSP1-6_Rokubacteriales_SemiBin_69	K13057	GDLOLHCH_03888	46.8	3.3e-13	0
EQnative_CSP1-6_Rokubacteriales_SemiBin_69	K13057	GDLOLHCH_00249	37.6	2e-10	0
EQnative_CSP1-6_Rokubacteriales_SemiBin_69	K13057	GDLOLHCH_01144	32.0	1e-08	0
EQnative_CSP1-6_Rokubacteriales_SemiBin_69	K13057	GDLOLHCH_01784	21.7	1.3e-05	0
EQnative_CSP1-6_Rokubacteriales_SemiBin_69	K13057	GDLOLHCH_00684	14.0	0.003	0
EQnative_CSP1-6_Rokubacteriales_SemiBin_69	K00108	GDLOLHCH_00904	54.5	1.1e-15	0
EQnative_CSP1-6_Rokubacteriales_SemiBin_69	K00108	GDLOLHCH_01983	30.3	2.3e-08	0
EQnative_CSP1-6_Rokubacteriales_SemiBin_69	K00108	GDLOLHCH_00128	22.9	4.3e-06	0
EQnative_CSP1-6_Rokubacteriales_SemiBin_69	K00108	GDLOLHCH_02297	18.0	0.00013	0
EQnative_CSP1-6_Rokubacteriales_SemiBin_69	K00108	GDLOLHCH_02768	15.2	0.0009	0
EQnative_CSP1-6_Rokubacteriales_SemiBin_69	K00108	GDLOLHCH_01990	11.3	0.013	0
EQnative_CSP1-6_Rokubacteriales_SemiBin_69	K00108	GDLOLHCH_01437	10.7	0.02	0
EQnative_CSP1-6_Rokubacteriales_SemiBin_69	K00130	GDLOLHCH_03630	433.2	3.1e-130	0
EQnative_CSP1-6_Rokubacteriales_SemiBin_69	K00130	GDLOLHCH_03504	416.2	4.3e-125	0
EQnative_CSP1-6_Rokubacteriales_SemiBin_69	K00130	GDLOLHCH_02487	51.1	1.5e-14	0
EQnative_CSP1-6_Rokubacteriales_SemiBin_69	K00130	GDLOLHCH_01187	9.8	0.048	0
EQnative_CSP1-6_Rokubacteriales_SemiBin_69	K00499	GDLOLHCH_00381	24.7	1.9e-06	0
EQnative_CSP1-6_Rokubacteriales_SemiBin_69	K00499	GDLOLHCH_03308	19.8	6.2e-05	0
EQnative_CSP1-6_Rokubacteriales_SemiBin_69	K00499	GDLOLHCH_00093	10.3	0.046	0
EQnative_CSP1-6_Rokubacteriales_SemiBin_69	K17755	GDLOLHCH_00904	48.3	1.4e-13	0
EQnative_CSP1-6_Rokubacteriales_SemiBin_69	K17755	GDLOLHCH_01983	24.7	2e-06	0
EQnative_CSP1-6_Rokubacteriales_SemiBin_69	K17755	GDLOLHCH_00128	14.6	0.0023	0
EQnative_CSP1-6_Rokubacteriales_SemiBin_69	K17755	GDLOLHCH_02768	14.3	0.0028	0
EQnative_CSP1-6_Rokubacteriales_SemiBin_69	K17755	GDLOLHCH_01548	13.5	0.005	0
EQnative_CSP1-6_Rokubacteriales_SemiBin_69	K17755	GDLOLHCH_01437	12.6	0.0091	0
EQnative_CSP1-6_Rokubacteriales_SemiBin_69	K17755	GDLOLHCH_00698	10.7	0.036	0
EQnative_CSP1-6_Rokubacteriales_SemiBin_69	K17755	GDLOLHCH_01990	10.3	0.045	0
EQnative_CSP1-6_Rokubacteriales_SemiBin_69	K17756	GDLOLHCH_00904	103.6	2.1e-30	0
EQnative_CSP1-6_Rokubacteriales_SemiBin_69	K17756	GDLOLHCH_02768	18.6	0.0001	0
EQnative_CSP1-6_Rokubacteriales_SemiBin_69	K17756	GDLOLHCH_01859	17.7	0.0002	0
EQnative_CSP1-6_Rokubacteriales_SemiBin_69	K17756	GDLOLHCH_01983	15.2	0.0011	0
EQnative_CSP1-6_Rokubacteriales_SemiBin_69	K17756	GDLOLHCH_01437	14.2	0.0022	0
EQnative_CSP1-6_Rokubacteriales_SemiBin_69	K17756	GDLOLHCH_01990	13.0	0.005	0
EQnative_CSP1-6_Rokubacteriales_SemiBin_69	K17756	GDLOLHCH_01083	12.7	0.0062	0
EQnative_CSP1-6_Rokubacteriales_SemiBin_69	K17756	GDLOLHCH_00095	12.7	0.0064	0
EQnative_CSP1-6_Rokubacteriales_SemiBin_69	K17756	GDLOLHCH_00969	12.7	0.0064	0
EQnative_CSP1-6_Rokubacteriales_SemiBin_69	K17756	GDLOLHCH_03746	12.4	0.0079	0
EQnative_CSP1-6_Rokubacteriales_SemiBin_69	K17756	GDLOLHCH_02297	11.3	0.017	0
EQnative_CSP1-6_Rokubacteriales_SemiBin_69	K17756	GDLOLHCH_00128	10.1	0.038	0
EQnative_CSP1-6_Rokubacteriales_SemiBin_69	K17756	GDLOLHCH_00421	9.8	0.047	0
EQnative_CSP1-6_Rokubacteriales_SemiBin_69	K17756	GDLOLHCH_02440	8.6	0.11	0
EQnative_CSP1-6_Rokubacteriales_SemiBin_69	K17756	GDLOLHCH_00698	6.8	0.38	0
EQnative_CSP1-6_Rokubacteriales_SemiBin_69	K06718	GDLOLHCH_01454	35.2	1.7e-09	0
EQnative_CSP1-6_Rokubacteriales_SemiBin_69	K06718	GDLOLHCH_02151	30.2	5.7e-08	0
EQnative_CSP1-6_Rokubacteriales_SemiBin_69	K06718	GDLOLHCH_00778	25.4	1.7e-06	0
EQnative_CSP1-6_Rokubacteriales_SemiBin_69	K06718	GDLOLHCH_03173	21.2	3.4e-05	0
EQnative_CSP1-6_Rokubacteriales_SemiBin_69	K06718	GDLOLHCH_00896	19.3	0.00012	0
EQnative_CSP1-6_Rokubacteriales_SemiBin_69	K06718	GDLOLHCH_00832	18.9	0.00016	0
EQnative_CSP1-6_Rokubacteriales_SemiBin_69	K06718	GDLOLHCH_03663	16.4	0.001	0
EQnative_CSP1-6_Rokubacteriales_SemiBin_69	K06718	GDLOLHCH_00222	16.0	0.0013	0
EQnative_CSP1-6_Rokubacteriales_SemiBin_69	K06718	GDLOLHCH_01358	10.7	0.053	0
EQnative_CSP1-6_Rokubacteriales_SemiBin_69	K06720	GDLOLHCH_01291	26.1	1.6e-06	0
EQnative_CSP1-6_Rokubacteriales_SemiBin_69	K06721	GDLOLHCH_01867	14.6	0.0033	0
EQnative_CSP1-6_Rokubacteriales_SemiBin_69	K06721	GDLOLHCH_03186	4.0	5.6	0
EQnative_CSP1-6_Rokubacteriales_SemiBin_69	K01858	GDLOLHCH_02074	179.1	3.1e-53	1
EQnative_CSP1-6_Rokubacteriales_SemiBin_69	K05845	GDLOLHCH_00511	377.4	2.6e-113	1
EQnative_CSP1-6_Rokubacteriales_SemiBin_69	K05845	GDLOLHCH_03272	13.8	0.0043	0
EQnative_CSP1-6_Rokubacteriales_SemiBin_69	K05845	GDLOLHCH_00509	12.1	0.014	0
EQnative_CSP1-6_Rokubacteriales_SemiBin_69	K05846	GDLOLHCH_00509	270.4	5.4e-81	1
EQnative_CSP1-6_Rokubacteriales_SemiBin_69	K05846	GDLOLHCH_00510	263.9	5.2e-79	1
EQnative_CSP1-6_Rokubacteriales_SemiBin_69	K05846	GDLOLHCH_00338	83.7	2.6e-24	0
EQnative_CSP1-6_Rokubacteriales_SemiBin_69	K05846	GDLOLHCH_00850	83.3	3.5e-24	0
EQnative_CSP1-6_Rokubacteriales_SemiBin_69	K05846	GDLOLHCH_00813	73.9	2.5e-21	0
EQnative_CSP1-6_Rokubacteriales_SemiBin_69	K05846	GDLOLHCH_01711	71.5	1.3e-20	0
EQnative_CSP1-6_Rokubacteriales_SemiBin_69	K05846	GDLOLHCH_00849	68.0	1.6e-19	0
EQnative_CSP1-6_Rokubacteriales_SemiBin_69	K05846	GDLOLHCH_03071	66.8	3.6e-19	0
EQnative_CSP1-6_Rokubacteriales_SemiBin_69	K05846	GDLOLHCH_02369	59.4	6.2e-17	0
EQnative_CSP1-6_Rokubacteriales_SemiBin_69	K05846	GDLOLHCH_03463	55.0	1.4e-15	0
EQnative_CSP1-6_Rokubacteriales_SemiBin_69	K05846	GDLOLHCH_03072	47.5	2.6e-13	0
EQnative_CSP1-6_Rokubacteriales_SemiBin_69	K05846	GDLOLHCH_03972	42.0	1.2e-11	0
EQnative_CSP1-6_Rokubacteriales_SemiBin_69	K05846	GDLOLHCH_00336	35.0	1.6e-09	0
EQnative_CSP1-6_Rokubacteriales_SemiBin_69	K05846	GDLOLHCH_02930	32.0	1.3e-08	0
EQnative_CSP1-6_Rokubacteriales_SemiBin_69	K05846	GDLOLHCH_03482	30.7	3.2e-08	0
EQnative_CSP1-6_Rokubacteriales_SemiBin_69	K05846	GDLOLHCH_00199	26.3	7.2e-07	0
EQnative_CSP1-6_Rokubacteriales_SemiBin_69	K05846	GDLOLHCH_01474	25.9	9.1e-07	0
EQnative_CSP1-6_Rokubacteriales_SemiBin_69	K05846	GDLOLHCH_00213	25.2	1.5e-06	0
EQnative_CSP1-6_Rokubacteriales_SemiBin_69	K05846	GDLOLHCH_03439	24.3	2.8e-06	0
EQnative_CSP1-6_Rokubacteriales_SemiBin_69	K05846	GDLOLHCH_03531	24.1	3.3e-06	0
EQnative_CSP1-6_Rokubacteriales_SemiBin_69	K05846	GDLOLHCH_00516	22.7	8.7e-06	0
EQnative_CSP1-6_Rokubacteriales_SemiBin_69	K05846	GDLOLHCH_01475	21.6	1.9e-05	0
EQnative_CSP1-6_Rokubacteriales_SemiBin_69	K05846	GDLOLHCH_01313	20.5	4e-05	0
EQnative_CSP1-6_Rokubacteriales_SemiBin_69	K05846	GDLOLHCH_00351	20.2	4.9e-05	0
EQnative_CSP1-6_Rokubacteriales_SemiBin_69	K05846	GDLOLHCH_01953	19.9	6e-05	0
EQnative_CSP1-6_Rokubacteriales_SemiBin_69	K05846	GDLOLHCH_00836	19.9	6.3e-05	0
EQnative_CSP1-6_Rokubacteriales_SemiBin_69	K05846	GDLOLHCH_00914	19.8	6.7e-05	0
EQnative_CSP1-6_Rokubacteriales_SemiBin_69	K05846	GDLOLHCH_00490	19.6	7.7e-05	0
EQnative_CSP1-6_Rokubacteriales_SemiBin_69	K05846	GDLOLHCH_00491	19.6	7.7e-05	0
EQnative_CSP1-6_Rokubacteriales_SemiBin_69	K05846	GDLOLHCH_03727	19.2	9.8e-05	0
EQnative_CSP1-6_Rokubacteriales_SemiBin_69	K05846	GDLOLHCH_03728	19.2	9.9e-05	0
EQnative_CSP1-6_Rokubacteriales_SemiBin_69	K05846	GDLOLHCH_00922	18.9	0.00012	0
EQnative_CSP1-6_Rokubacteriales_SemiBin_69	K05846	GDLOLHCH_01909	18.5	0.00016	0
EQnative_CSP1-6_Rokubacteriales_SemiBin_69	K05846	GDLOLHCH_02242	17.8	0.00026	0
EQnative_CSP1-6_Rokubacteriales_SemiBin_69	K05846	GDLOLHCH_02107	16.6	0.00062	0
EQnative_CSP1-6_Rokubacteriales_SemiBin_69	K05846	GDLOLHCH_02106	15.3	0.0015	0
EQnative_CSP1-6_Rokubacteriales_SemiBin_69	K05846	GDLOLHCH_04038	15.1	0.0018	0
EQnative_CSP1-6_Rokubacteriales_SemiBin_69	K05846	GDLOLHCH_00515	14.0	0.0038	0
EQnative_CSP1-6_Rokubacteriales_SemiBin_69	K05846	GDLOLHCH_01378	14.0	0.0039	0
EQnative_CSP1-6_Rokubacteriales_SemiBin_69	K05846	GDLOLHCH_00407	13.9	0.004	0
EQnative_CSP1-6_Rokubacteriales_SemiBin_69	K05846	GDLOLHCH_01655	13.2	0.0066	0
EQnative_CSP1-6_Rokubacteriales_SemiBin_69	K05846	GDLOLHCH_02814	12.9	0.0083	0
EQnative_CSP1-6_Rokubacteriales_SemiBin_69	K05846	GDLOLHCH_01656	12.5	0.011	0
EQnative_CSP1-6_Rokubacteriales_SemiBin_69	K05846	GDLOLHCH_04007	12.2	0.014	0
EQnative_CSP1-6_Rokubacteriales_SemiBin_69	K05846	GDLOLHCH_00408	12.0	0.015	0
EQnative_CSP1-6_Rokubacteriales_SemiBin_69	K05846	GDLOLHCH_01505	11.9	0.016	0
EQnative_CSP1-6_Rokubacteriales_SemiBin_69	K05846	GDLOLHCH_01432	11.8	0.017	0
EQnative_CSP1-6_Rokubacteriales_SemiBin_69	K05846	GDLOLHCH_01379	11.6	0.021	0
EQnative_CSP1-6_Rokubacteriales_SemiBin_69	K05846	GDLOLHCH_03880	11.4	0.023	0
EQnative_CSP1-6_Rokubacteriales_SemiBin_69	K05846	GDLOLHCH_01314	10.9	0.032	0
EQnative_CSP1-6_Rokubacteriales_SemiBin_69	K05846	GDLOLHCH_02241	10.2	0.055	0
EQnative_CSP1-6_Rokubacteriales_SemiBin_69	K05846	GDLOLHCH_00767	9.8	0.072	0
EQnative_CSP1-6_Rokubacteriales_SemiBin_69	K05846	GDLOLHCH_00665	9.2	0.11	0
EQnative_CSP1-6_Rokubacteriales_SemiBin_69	K05846	GDLOLHCH_02378	8.8	0.14	0
EQnative_CSP1-6_Rokubacteriales_SemiBin_69	K05846	GDLOLHCH_00913	7.9	0.27	0
EQnative_CSP1-6_Rokubacteriales_SemiBin_69	K05846	GDLOLHCH_03032	7.5	0.37	0
EQnative_CSP1-6_Rokubacteriales_SemiBin_69	K05846	GDLOLHCH_03031	6.5	0.69	0
EQnative_CSP1-6_Rokubacteriales_SemiBin_69	K05846	GDLOLHCH_02809	5.8	1.2	0
EQnative_CSP1-6_Rokubacteriales_SemiBin_69	K05846	GDLOLHCH_02810	4.9	2.1	0
EQnative_CSP1-6_Rokubacteriales_SemiBin_69	K05846	GDLOLHCH_02813	4.8	2.4	0
EQnative_CSP1-6_Rokubacteriales_SemiBin_69	K05846	GDLOLHCH_00766	4.4	3.1	0
EQnative_CSP1-6_Rokubacteriales_SemiBin_69	K05846	GDLOLHCH_00198	3.5	5.6	0
EQnative_CSP1-6_Rokubacteriales_SemiBin_69	K05846	GDLOLHCH_03407	3.1	7.9	0
EQnative_CSP1-6_Rokubacteriales_SemiBin_69	K05846	GDLOLHCH_01504	3.0	8.4	0
EQnative_CSP1-6_Rokubacteriales_SemiBin_69	K05846	GDLOLHCH_00458	3.0	8.5	0
EQnative_CSP1-6_Rokubacteriales_SemiBin_69	K05847	GDLOLHCH_02380	387.0	2.5e-116	1
EQnative_CSP1-6_Rokubacteriales_SemiBin_69	K05847	GDLOLHCH_02839	365.5	8.7e-110	1
EQnative_CSP1-6_Rokubacteriales_SemiBin_69	K05847	GDLOLHCH_01579	289.0	1.5e-86	0
EQnative_CSP1-6_Rokubacteriales_SemiBin_69	K05847	GDLOLHCH_00337	256.3	1.3e-76	0
EQnative_CSP1-6_Rokubacteriales_SemiBin_69	K05847	GDLOLHCH_00812	244.3	5.8e-73	0
EQnative_CSP1-6_Rokubacteriales_SemiBin_69	K05847	GDLOLHCH_01472	240.3	9.6e-72	0
EQnative_CSP1-6_Rokubacteriales_SemiBin_69	K05847	GDLOLHCH_02368	239.3	2e-71	0
EQnative_CSP1-6_Rokubacteriales_SemiBin_69	K05847	GDLOLHCH_03070	238.3	3.8e-71	0
EQnative_CSP1-6_Rokubacteriales_SemiBin_69	K05847	GDLOLHCH_03438	235.7	2.4e-70	0
EQnative_CSP1-6_Rokubacteriales_SemiBin_69	K05847	GDLOLHCH_03462	228.1	4.8e-68	0
EQnative_CSP1-6_Rokubacteriales_SemiBin_69	K05847	GDLOLHCH_03481	225.7	2.6e-67	0
EQnative_CSP1-6_Rokubacteriales_SemiBin_69	K05847	GDLOLHCH_01709	225.2	3.6e-67	0
EQnative_CSP1-6_Rokubacteriales_SemiBin_69	K05847	GDLOLHCH_03437	223.0	1.7e-66	0
EQnative_CSP1-6_Rokubacteriales_SemiBin_69	K05847	GDLOLHCH_03833	222.7	2.2e-66	0
EQnative_CSP1-6_Rokubacteriales_SemiBin_69	K05847	GDLOLHCH_00848	211.3	6e-63	0
EQnative_CSP1-6_Rokubacteriales_SemiBin_69	K05847	GDLOLHCH_02905	208.5	4.4e-62	0
EQnative_CSP1-6_Rokubacteriales_SemiBin_69	K05847	GDLOLHCH_03795	208.3	5.1e-62	0
EQnative_CSP1-6_Rokubacteriales_SemiBin_69	K05847	GDLOLHCH_03919	203.0	2.1e-60	0
EQnative_CSP1-6_Rokubacteriales_SemiBin_69	K05847	GDLOLHCH_01307	202.1	3.8e-60	0
EQnative_CSP1-6_Rokubacteriales_SemiBin_69	K05847	GDLOLHCH_01433	199.7	2.1e-59	0
EQnative_CSP1-6_Rokubacteriales_SemiBin_69	K05847	GDLOLHCH_03971	197.0	1.4e-58	0
EQnative_CSP1-6_Rokubacteriales_SemiBin_69	K05847	GDLOLHCH_02200	182.4	3.7e-54	0
EQnative_CSP1-6_Rokubacteriales_SemiBin_69	K05847	GDLOLHCH_00211	180.9	1.1e-53	0
EQnative_CSP1-6_Rokubacteriales_SemiBin_69	K05847	GDLOLHCH_00212	162.6	3.8e-48	0
EQnative_CSP1-6_Rokubacteriales_SemiBin_69	K05847	GDLOLHCH_03519	161.3	9.3e-48	0
EQnative_CSP1-6_Rokubacteriales_SemiBin_69	K05847	GDLOLHCH_03195	161.3	9.7e-48	0
EQnative_CSP1-6_Rokubacteriales_SemiBin_69	K05847	GDLOLHCH_03832	161.0	1.2e-47	0
EQnative_CSP1-6_Rokubacteriales_SemiBin_69	K05847	GDLOLHCH_00445	160.0	2.4e-47	0
EQnative_CSP1-6_Rokubacteriales_SemiBin_69	K05847	GDLOLHCH_01632	159.0	4.7e-47	0
EQnative_CSP1-6_Rokubacteriales_SemiBin_69	K05847	GDLOLHCH_01877	155.8	4.5e-46	0
EQnative_CSP1-6_Rokubacteriales_SemiBin_69	K05847	GDLOLHCH_01309	155.7	4.9e-46	0
EQnative_CSP1-6_Rokubacteriales_SemiBin_69	K05847	GDLOLHCH_00968	155.4	5.8e-46	0
EQnative_CSP1-6_Rokubacteriales_SemiBin_69	K05847	GDLOLHCH_00579	155.0	7.6e-46	0
EQnative_CSP1-6_Rokubacteriales_SemiBin_69	K05847	GDLOLHCH_00912	153.5	2.2e-45	0
EQnative_CSP1-6_Rokubacteriales_SemiBin_69	K05847	GDLOLHCH_01095	149.9	2.8e-44	0
EQnative_CSP1-6_Rokubacteriales_SemiBin_69	K05847	GDLOLHCH_02693	149.5	3.6e-44	0
EQnative_CSP1-6_Rokubacteriales_SemiBin_69	K05847	GDLOLHCH_03326	148.4	7.6e-44	0
EQnative_CSP1-6_Rokubacteriales_SemiBin_69	K05847	GDLOLHCH_01094	148.3	8.7e-44	0
EQnative_CSP1-6_Rokubacteriales_SemiBin_69	K05847	GDLOLHCH_03374	147.0	2e-43	0
EQnative_CSP1-6_Rokubacteriales_SemiBin_69	K05847	GDLOLHCH_01876	145.9	4.6e-43	0
EQnative_CSP1-6_Rokubacteriales_SemiBin_69	K05847	GDLOLHCH_03118	145.3	6.7e-43	0
EQnative_CSP1-6_Rokubacteriales_SemiBin_69	K05847	GDLOLHCH_01861	143.2	3e-42	0
EQnative_CSP1-6_Rokubacteriales_SemiBin_69	K05847	GDLOLHCH_03010	143.2	3.1e-42	0
EQnative_CSP1-6_Rokubacteriales_SemiBin_69	K05847	GDLOLHCH_01575	142.5	4.8e-42	0
EQnative_CSP1-6_Rokubacteriales_SemiBin_69	K05847	GDLOLHCH_01329	142.5	4.9e-42	0
EQnative_CSP1-6_Rokubacteriales_SemiBin_69	K05847	GDLOLHCH_01216	140.6	1.8e-41	0
EQnative_CSP1-6_Rokubacteriales_SemiBin_69	K05847	GDLOLHCH_01217	140.4	2.1e-41	0
EQnative_CSP1-6_Rokubacteriales_SemiBin_69	K05847	GDLOLHCH_02216	140.0	2.7e-41	0
EQnative_CSP1-6_Rokubacteriales_SemiBin_69	K05847	GDLOLHCH_00186	138.3	9.3e-41	0
EQnative_CSP1-6_Rokubacteriales_SemiBin_69	K05847	GDLOLHCH_02403	137.0	2.3e-40	0
EQnative_CSP1-6_Rokubacteriales_SemiBin_69	K05847	GDLOLHCH_02994	131.9	8.2e-39	0
EQnative_CSP1-6_Rokubacteriales_SemiBin_69	K05847	GDLOLHCH_00002	131.4	1.1e-38	0
EQnative_CSP1-6_Rokubacteriales_SemiBin_69	K05847	GDLOLHCH_03493	131.1	1.4e-38	0
EQnative_CSP1-6_Rokubacteriales_SemiBin_69	K05847	GDLOLHCH_03373	129.9	3.3e-38	0
EQnative_CSP1-6_Rokubacteriales_SemiBin_69	K05847	GDLOLHCH_00967	129.1	5.8e-38	0
EQnative_CSP1-6_Rokubacteriales_SemiBin_69	K05847	GDLOLHCH_00185	128.5	8.8e-38	0
EQnative_CSP1-6_Rokubacteriales_SemiBin_69	K05847	GDLOLHCH_03495	127.4	1.8e-37	0
EQnative_CSP1-6_Rokubacteriales_SemiBin_69	K05847	GDLOLHCH_01986	125.7	6.1e-37	0
EQnative_CSP1-6_Rokubacteriales_SemiBin_69	K05847	GDLOLHCH_00839	123.7	2.5e-36	0
EQnative_CSP1-6_Rokubacteriales_SemiBin_69	K05847	GDLOLHCH_00674	123.5	2.9e-36	0
EQnative_CSP1-6_Rokubacteriales_SemiBin_69	K05847	GDLOLHCH_02292	121.7	1e-35	0
EQnative_CSP1-6_Rokubacteriales_SemiBin_69	K05847	GDLOLHCH_02969	121.1	1.6e-35	0
EQnative_CSP1-6_Rokubacteriales_SemiBin_69	K05847	GDLOLHCH_03077	120.2	2.9e-35	0
EQnative_CSP1-6_Rokubacteriales_SemiBin_69	K05847	GDLOLHCH_02090	120.2	3e-35	0
EQnative_CSP1-6_Rokubacteriales_SemiBin_69	K05847	GDLOLHCH_01574	118.8	7.6e-35	0
EQnative_CSP1-6_Rokubacteriales_SemiBin_69	K05847	GDLOLHCH_02692	117.9	1.4e-34	0
EQnative_CSP1-6_Rokubacteriales_SemiBin_69	K05847	GDLOLHCH_00166	117.4	2e-34	0
EQnative_CSP1-6_Rokubacteriales_SemiBin_69	K05847	GDLOLHCH_00673	113.5	3.2e-33	0
EQnative_CSP1-6_Rokubacteriales_SemiBin_69	K05847	GDLOLHCH_03009	113.1	4e-33	0
EQnative_CSP1-6_Rokubacteriales_SemiBin_69	K05847	GDLOLHCH_02808	112.3	7.3e-33	0
EQnative_CSP1-6_Rokubacteriales_SemiBin_69	K05847	GDLOLHCH_02217	109.9	4e-32	0
EQnative_CSP1-6_Rokubacteriales_SemiBin_69	K05847	GDLOLHCH_03078	101.6	1.3e-29	0
EQnative_CSP1-6_Rokubacteriales_SemiBin_69	K05847	GDLOLHCH_00049	89.1	8.2e-26	0
EQnative_CSP1-6_Rokubacteriales_SemiBin_69	K05847	GDLOLHCH_02975	80.8	2.7e-23	0
EQnative_CSP1-6_Rokubacteriales_SemiBin_69	K05847	GDLOLHCH_02931	79.7	5.8e-23	0
EQnative_CSP1-6_Rokubacteriales_SemiBin_69	K05847	GDLOLHCH_00001	72.0	1.2e-20	0
EQnative_CSP1-6_Rokubacteriales_SemiBin_69	K05847	GDLOLHCH_00987	67.0	4.2e-19	0
EQnative_CSP1-6_Rokubacteriales_SemiBin_69	K05847	GDLOLHCH_01985	63.7	4.1e-18	0
EQnative_CSP1-6_Rokubacteriales_SemiBin_69	K05847	GDLOLHCH_03196	57.1	4.2e-16	0
EQnative_CSP1-6_Rokubacteriales_SemiBin_69	K05847	GDLOLHCH_00052	40.0	6.8e-11	0
EQnative_CSP1-6_Rokubacteriales_SemiBin_69	K05847	GDLOLHCH_00495	34.2	3.8e-09	0
EQnative_CSP1-6_Rokubacteriales_SemiBin_69	K05847	GDLOLHCH_02906	27.4	4.4e-07	0
EQnative_CSP1-6_Rokubacteriales_SemiBin_69	K05847	GDLOLHCH_02667	20.7	4.7e-05	0
EQnative_CSP1-6_Rokubacteriales_SemiBin_69	K05847	GDLOLHCH_02294	14.7	0.0033	0
EQnative_CSP1-6_Rokubacteriales_SemiBin_69	K05847	GDLOLHCH_02353	13.8	0.006	0
EQnative_CSP1-6_Rokubacteriales_SemiBin_69	K05847	GDLOLHCH_01108	13.8	0.0061	0
EQnative_CSP1-6_Rokubacteriales_SemiBin_69	K05847	GDLOLHCH_03956	12.6	0.014	0
EQnative_CSP1-6_Rokubacteriales_SemiBin_69	K02168	GDLOLHCH_03537	10.5	0.026	0
EQnative_CSP1-6_Rokubacteriales_SemiBin_69	K02000	GDLOLHCH_02380	376.3	1e-112	0
EQnative_CSP1-6_Rokubacteriales_SemiBin_69	K02000	GDLOLHCH_00812	274.5	6.5e-82	0
EQnative_CSP1-6_Rokubacteriales_SemiBin_69	K02000	GDLOLHCH_02839	274.4	6.7e-82	0
EQnative_CSP1-6_Rokubacteriales_SemiBin_69	K02000	GDLOLHCH_01579	254.1	9.7e-76	0
EQnative_CSP1-6_Rokubacteriales_SemiBin_69	K02000	GDLOLHCH_00337	253.5	1.4e-75	0
EQnative_CSP1-6_Rokubacteriales_SemiBin_69	K02000	GDLOLHCH_03070	247.1	1.3e-73	0
EQnative_CSP1-6_Rokubacteriales_SemiBin_69	K02000	GDLOLHCH_01472	237.5	1e-70	0
EQnative_CSP1-6_Rokubacteriales_SemiBin_69	K02000	GDLOLHCH_00848	230.1	1.8e-68	0
EQnative_CSP1-6_Rokubacteriales_SemiBin_69	K02000	GDLOLHCH_03462	228.9	4.1e-68	0
EQnative_CSP1-6_Rokubacteriales_SemiBin_69	K02000	GDLOLHCH_02368	228.3	6.1e-68	0
EQnative_CSP1-6_Rokubacteriales_SemiBin_69	K02000	GDLOLHCH_03438	219.2	3.6e-65	0
EQnative_CSP1-6_Rokubacteriales_SemiBin_69	K02000	GDLOLHCH_01709	216.2	2.9e-64	0
EQnative_CSP1-6_Rokubacteriales_SemiBin_69	K02000	GDLOLHCH_03437	213.7	1.6e-63	0
EQnative_CSP1-6_Rokubacteriales_SemiBin_69	K02000	GDLOLHCH_03481	210.9	1.2e-62	0
EQnative_CSP1-6_Rokubacteriales_SemiBin_69	K02000	GDLOLHCH_03795	209.2	3.7e-62	0
EQnative_CSP1-6_Rokubacteriales_SemiBin_69	K02000	GDLOLHCH_03833	200.6	1.6e-59	0
EQnative_CSP1-6_Rokubacteriales_SemiBin_69	K02000	GDLOLHCH_03919	196.2	3.2e-58	0
EQnative_CSP1-6_Rokubacteriales_SemiBin_69	K02000	GDLOLHCH_03971	191.3	1e-56	0
EQnative_CSP1-6_Rokubacteriales_SemiBin_69	K02000	GDLOLHCH_02905	182.2	5.6e-54	0
EQnative_CSP1-6_Rokubacteriales_SemiBin_69	K02000	GDLOLHCH_01433	172.1	6.3e-51	0
EQnative_CSP1-6_Rokubacteriales_SemiBin_69	K02000	GDLOLHCH_01307	157.5	1.6e-46	0
EQnative_CSP1-6_Rokubacteriales_SemiBin_69	K02000	GDLOLHCH_01309	151.6	1e-44	0
EQnative_CSP1-6_Rokubacteriales_SemiBin_69	K02000	GDLOLHCH_00211	150.6	2.1e-44	0
EQnative_CSP1-6_Rokubacteriales_SemiBin_69	K02000	GDLOLHCH_03832	150.5	2.3e-44	0
EQnative_CSP1-6_Rokubacteriales_SemiBin_69	K02000	GDLOLHCH_01861	137.0	2.8e-40	0
EQnative_CSP1-6_Rokubacteriales_SemiBin_69	K02000	GDLOLHCH_02200	132.5	6.2e-39	0
EQnative_CSP1-6_Rokubacteriales_SemiBin_69	K02000	GDLOLHCH_03519	129.2	6.2e-38	0
EQnative_CSP1-6_Rokubacteriales_SemiBin_69	K02000	GDLOLHCH_01095	126.0	5.7e-37	0
EQnative_CSP1-6_Rokubacteriales_SemiBin_69	K02000	GDLOLHCH_01217	125.6	7.6e-37	0
EQnative_CSP1-6_Rokubacteriales_SemiBin_69	K02000	GDLOLHCH_00912	125.2	1e-36	0
EQnative_CSP1-6_Rokubacteriales_SemiBin_69	K02000	GDLOLHCH_01632	124.4	1.8e-36	0
EQnative_CSP1-6_Rokubacteriales_SemiBin_69	K02000	GDLOLHCH_03374	120.0	3.7e-35	0
EQnative_CSP1-6_Rokubacteriales_SemiBin_69	K02000	GDLOLHCH_03118	117.5	2.2e-34	0
EQnative_CSP1-6_Rokubacteriales_SemiBin_69	K02000	GDLOLHCH_01329	116.5	4.4e-34	0
EQnative_CSP1-6_Rokubacteriales_SemiBin_69	K02000	GDLOLHCH_01094	114.8	1.5e-33	0
EQnative_CSP1-6_Rokubacteriales_SemiBin_69	K02000	GDLOLHCH_01877	113.7	3.1e-33	0
EQnative_CSP1-6_Rokubacteriales_SemiBin_69	K02000	GDLOLHCH_00968	113.1	4.5e-33	0
EQnative_CSP1-6_Rokubacteriales_SemiBin_69	K02000	GDLOLHCH_02292	111.0	2e-32	0
EQnative_CSP1-6_Rokubacteriales_SemiBin_69	K02000	GDLOLHCH_03195	110.2	3.5e-32	0
EQnative_CSP1-6_Rokubacteriales_SemiBin_69	K02000	GDLOLHCH_00839	110.0	3.9e-32	0
EQnative_CSP1-6_Rokubacteriales_SemiBin_69	K02000	GDLOLHCH_00212	109.7	4.8e-32	0
EQnative_CSP1-6_Rokubacteriales_SemiBin_69	K02000	GDLOLHCH_03010	107.0	3.3e-31	0
EQnative_CSP1-6_Rokubacteriales_SemiBin_69	K02000	GDLOLHCH_00579	106.9	3.5e-31	0
EQnative_CSP1-6_Rokubacteriales_SemiBin_69	K02000	GDLOLHCH_02808	106.7	4.1e-31	0
EQnative_CSP1-6_Rokubacteriales_SemiBin_69	K02000	GDLOLHCH_00186	105.8	7.5e-31	0
EQnative_CSP1-6_Rokubacteriales_SemiBin_69	K02000	GDLOLHCH_00674	105.4	1e-30	0
EQnative_CSP1-6_Rokubacteriales_SemiBin_69	K02000	GDLOLHCH_03493	105.3	1e-30	0
EQnative_CSP1-6_Rokubacteriales_SemiBin_69	K02000	GDLOLHCH_02693	105.3	1.1e-30	0
EQnative_CSP1-6_Rokubacteriales_SemiBin_69	K02000	GDLOLHCH_00166	105.3	1.1e-30	0
EQnative_CSP1-6_Rokubacteriales_SemiBin_69	K02000	GDLOLHCH_03495	103.8	3.1e-30	0
EQnative_CSP1-6_Rokubacteriales_SemiBin_69	K02000	GDLOLHCH_02217	100.9	2.4e-29	0
EQnative_CSP1-6_Rokubacteriales_SemiBin_69	K02000	GDLOLHCH_00002	99.9	4.6e-29	0
EQnative_CSP1-6_Rokubacteriales_SemiBin_69	K02000	GDLOLHCH_03326	99.4	6.4e-29	0
EQnative_CSP1-6_Rokubacteriales_SemiBin_69	K02000	GDLOLHCH_02403	96.1	6.4e-28	0
EQnative_CSP1-6_Rokubacteriales_SemiBin_69	K02000	GDLOLHCH_01574	95.2	1.3e-27	0
EQnative_CSP1-6_Rokubacteriales_SemiBin_69	K02000	GDLOLHCH_01575	94.7	1.7e-27	0
EQnative_CSP1-6_Rokubacteriales_SemiBin_69	K02000	GDLOLHCH_02692	93.0	5.8e-27	0
EQnative_CSP1-6_Rokubacteriales_SemiBin_69	K02000	GDLOLHCH_01876	92.2	9.6e-27	0
EQnative_CSP1-6_Rokubacteriales_SemiBin_69	K02000	GDLOLHCH_03077	91.1	2.1e-26	0
EQnative_CSP1-6_Rokubacteriales_SemiBin_69	K02000	GDLOLHCH_00967	90.9	2.4e-26	0
EQnative_CSP1-6_Rokubacteriales_SemiBin_69	K02000	GDLOLHCH_00445	90.7	2.8e-26	0
EQnative_CSP1-6_Rokubacteriales_SemiBin_69	K02000	GDLOLHCH_03373	90.2	4e-26	0
EQnative_CSP1-6_Rokubacteriales_SemiBin_69	K02000	GDLOLHCH_01216	89.7	5.7e-26	0
EQnative_CSP1-6_Rokubacteriales_SemiBin_69	K02000	GDLOLHCH_02216	84.2	2.5e-24	0
EQnative_CSP1-6_Rokubacteriales_SemiBin_69	K02000	GDLOLHCH_02090	81.5	1.7e-23	0
EQnative_CSP1-6_Rokubacteriales_SemiBin_69	K02000	GDLOLHCH_00673	81.5	1.7e-23	0
EQnative_CSP1-6_Rokubacteriales_SemiBin_69	K02000	GDLOLHCH_00049	79.6	6.5e-23	0
EQnative_CSP1-6_Rokubacteriales_SemiBin_69	K02000	GDLOLHCH_02931	79.3	8e-23	0
EQnative_CSP1-6_Rokubacteriales_SemiBin_69	K02000	GDLOLHCH_01986	78.4	1.5e-22	0
EQnative_CSP1-6_Rokubacteriales_SemiBin_69	K02000	GDLOLHCH_02994	76.8	4.7e-22	0
EQnative_CSP1-6_Rokubacteriales_SemiBin_69	K02000	GDLOLHCH_02969	71.8	1.5e-20	0
EQnative_CSP1-6_Rokubacteriales_SemiBin_69	K02000	GDLOLHCH_00185	69.5	7.3e-20	0
EQnative_CSP1-6_Rokubacteriales_SemiBin_69	K02000	GDLOLHCH_02975	67.9	2.2e-19	0
EQnative_CSP1-6_Rokubacteriales_SemiBin_69	K02000	GDLOLHCH_03078	64.6	2.2e-18	0
EQnative_CSP1-6_Rokubacteriales_SemiBin_69	K02000	GDLOLHCH_03009	54.9	2e-15	0
EQnative_CSP1-6_Rokubacteriales_SemiBin_69	K02000	GDLOLHCH_01985	54.6	2.4e-15	0
EQnative_CSP1-6_Rokubacteriales_SemiBin_69	K02000	GDLOLHCH_00001	54.5	2.6e-15	0
EQnative_CSP1-6_Rokubacteriales_SemiBin_69	K02000	GDLOLHCH_03196	36.5	7.3e-10	0
EQnative_CSP1-6_Rokubacteriales_SemiBin_69	K02000	GDLOLHCH_00987	36.3	8.1e-10	0
EQnative_CSP1-6_Rokubacteriales_SemiBin_69	K02000	GDLOLHCH_00495	35.7	1.3e-09	0
EQnative_CSP1-6_Rokubacteriales_SemiBin_69	K02000	GDLOLHCH_02784	35.0	2e-09	0
EQnative_CSP1-6_Rokubacteriales_SemiBin_69	K02000	GDLOLHCH_01108	30.4	5e-08	0
EQnative_CSP1-6_Rokubacteriales_SemiBin_69	K02000	GDLOLHCH_01226	29.3	1.1e-07	0
EQnative_CSP1-6_Rokubacteriales_SemiBin_69	K02000	GDLOLHCH_03088	28.7	1.6e-07	0
EQnative_CSP1-6_Rokubacteriales_SemiBin_69	K02000	GDLOLHCH_03179	28.4	2e-07	0
EQnative_CSP1-6_Rokubacteriales_SemiBin_69	K02000	GDLOLHCH_01644	28.0	2.7e-07	0
EQnative_CSP1-6_Rokubacteriales_SemiBin_69	K02000	GDLOLHCH_03117	24.6	2.8e-06	0
EQnative_CSP1-6_Rokubacteriales_SemiBin_69	K02000	GDLOLHCH_00052	24.1	4.1e-06	0
EQnative_CSP1-6_Rokubacteriales_SemiBin_69	K02000	GDLOLHCH_02838	21.7	2.1e-05	0
EQnative_CSP1-6_Rokubacteriales_SemiBin_69	K02000	GDLOLHCH_02906	21.0	3.7e-05	0
EQnative_CSP1-6_Rokubacteriales_SemiBin_69	K02000	GDLOLHCH_03660	19.8	8e-05	0
EQnative_CSP1-6_Rokubacteriales_SemiBin_69	K02000	GDLOLHCH_02667	16.5	0.00083	0
EQnative_CSP1-6_Rokubacteriales_SemiBin_69	K02000	GDLOLHCH_00745	15.7	0.0014	0
EQnative_CSP1-6_Rokubacteriales_SemiBin_69	K02000	GDLOLHCH_02280	14.1	0.0042	0
EQnative_CSP1-6_Rokubacteriales_SemiBin_69	K02001	GDLOLHCH_00510	105.6	5.9e-31	0
EQnative_CSP1-6_Rokubacteriales_SemiBin_69	K02001	GDLOLHCH_00509	97.1	2.2e-28	0
EQnative_CSP1-6_Rokubacteriales_SemiBin_69	K02001	GDLOLHCH_00338	54.7	1.4e-15	0
EQnative_CSP1-6_Rokubacteriales_SemiBin_69	K02001	GDLOLHCH_03463	41.8	1.1e-11	0
EQnative_CSP1-6_Rokubacteriales_SemiBin_69	K02001	GDLOLHCH_00849	33.5	3.6e-09	0
EQnative_CSP1-6_Rokubacteriales_SemiBin_69	K02001	GDLOLHCH_01711	33.2	4.5e-09	0
EQnative_CSP1-6_Rokubacteriales_SemiBin_69	K02001	GDLOLHCH_00850	30.8	2.4e-08	0
EQnative_CSP1-6_Rokubacteriales_SemiBin_69	K02001	GDLOLHCH_03972	30.5	3e-08	0
EQnative_CSP1-6_Rokubacteriales_SemiBin_69	K02001	GDLOLHCH_02369	27.6	2.2e-07	0
EQnative_CSP1-6_Rokubacteriales_SemiBin_69	K02001	GDLOLHCH_00813	26.8	3.9e-07	0
EQnative_CSP1-6_Rokubacteriales_SemiBin_69	K02001	GDLOLHCH_03071	26.1	6.5e-07	0
EQnative_CSP1-6_Rokubacteriales_SemiBin_69	K02001	GDLOLHCH_03439	23.8	3.1e-06	0
EQnative_CSP1-6_Rokubacteriales_SemiBin_69	K02001	GDLOLHCH_03482	23.5	4e-06	0
EQnative_CSP1-6_Rokubacteriales_SemiBin_69	K02001	GDLOLHCH_00490	20.4	3.4e-05	0
EQnative_CSP1-6_Rokubacteriales_SemiBin_69	K02001	GDLOLHCH_01909	20.0	4.6e-05	0
EQnative_CSP1-6_Rokubacteriales_SemiBin_69	K02001	GDLOLHCH_00767	19.3	7.4e-05	0
EQnative_CSP1-6_Rokubacteriales_SemiBin_69	K02001	GDLOLHCH_03072	18.2	0.00015	0
EQnative_CSP1-6_Rokubacteriales_SemiBin_69	K02001	GDLOLHCH_00914	16.4	0.00055	0
EQnative_CSP1-6_Rokubacteriales_SemiBin_69	K02001	GDLOLHCH_02930	16.1	0.00068	0
EQnative_CSP1-6_Rokubacteriales_SemiBin_69	K02001	GDLOLHCH_01475	15.8	0.00082	0
EQnative_CSP1-6_Rokubacteriales_SemiBin_69	K02001	GDLOLHCH_01474	15.6	0.00094	0
EQnative_CSP1-6_Rokubacteriales_SemiBin_69	K02001	GDLOLHCH_03727	15.6	0.00095	0
EQnative_CSP1-6_Rokubacteriales_SemiBin_69	K02001	GDLOLHCH_01432	15.5	0.001	0
EQnative_CSP1-6_Rokubacteriales_SemiBin_69	K02001	GDLOLHCH_01378	15.0	0.0014	0
EQnative_CSP1-6_Rokubacteriales_SemiBin_69	K02001	GDLOLHCH_04007	14.8	0.0017	0
EQnative_CSP1-6_Rokubacteriales_SemiBin_69	K02001	GDLOLHCH_00922	12.5	0.0082	0
EQnative_CSP1-6_Rokubacteriales_SemiBin_69	K02001	GDLOLHCH_00336	12.4	0.0088	0
EQnative_CSP1-6_Rokubacteriales_SemiBin_69	K02001	GDLOLHCH_02106	12.0	0.012	0
EQnative_CSP1-6_Rokubacteriales_SemiBin_69	K02001	GDLOLHCH_00198	11.6	0.016	0
EQnative_CSP1-6_Rokubacteriales_SemiBin_69	K02001	GDLOLHCH_00214	11.3	0.02	0
EQnative_CSP1-6_Rokubacteriales_SemiBin_69	K02001	GDLOLHCH_01379	11.2	0.021	0
EQnative_CSP1-6_Rokubacteriales_SemiBin_69	K02001	GDLOLHCH_00515	11.1	0.021	0
EQnative_CSP1-6_Rokubacteriales_SemiBin_69	K02001	GDLOLHCH_02814	8.8	0.11	0
EQnative_CSP1-6_Rokubacteriales_SemiBin_69	K02001	GDLOLHCH_00516	8.6	0.13	0
EQnative_CSP1-6_Rokubacteriales_SemiBin_69	K02001	GDLOLHCH_01314	7.8	0.22	0
EQnative_CSP1-6_Rokubacteriales_SemiBin_69	K02001	GDLOLHCH_00913	6.3	0.62	0
EQnative_CSP1-6_Rokubacteriales_SemiBin_69	K02001	GDLOLHCH_02378	5.9	0.8	0
EQnative_CSP1-6_Rokubacteriales_SemiBin_69	K02001	GDLOLHCH_01313	5.7	0.96	0
EQnative_CSP1-6_Rokubacteriales_SemiBin_69	K02001	GDLOLHCH_00352	5.5	1.1	0
EQnative_CSP1-6_Rokubacteriales_SemiBin_69	K02001	GDLOLHCH_01655	5.2	1.4	0
EQnative_CSP1-6_Rokubacteriales_SemiBin_69	K02001	GDLOLHCH_01656	4.7	1.8	0
EQnative_CSP1-6_Rokubacteriales_SemiBin_69	K02001	GDLOLHCH_00491	4.4	2.2	0
EQnative_CSP1-6_Rokubacteriales_SemiBin_69	K02001	GDLOLHCH_00766	4.3	2.4	0
EQnative_CSP1-6_Rokubacteriales_SemiBin_69	K02001	GDLOLHCH_01504	3.1	5.8	0
EQnative_CSP1-6_Rokubacteriales_SemiBin_69	K02001	GDLOLHCH_04038	2.9	6.7	0
EQnative_CSP1-6_Rokubacteriales_SemiBin_69	K02002	GDLOLHCH_00511	49.1	6.8e-14	0
EQnative_CSP1-6_Rokubacteriales_SemiBin_69	K02002	GDLOLHCH_00850	30.6	2.8e-08	0
EQnative_CSP1-6_Rokubacteriales_SemiBin_69	K02002	GDLOLHCH_00510	28.6	1.1e-07	0
EQnative_CSP1-6_Rokubacteriales_SemiBin_69	K02002	GDLOLHCH_00849	28.4	1.2e-07	0
EQnative_CSP1-6_Rokubacteriales_SemiBin_69	K02002	GDLOLHCH_00509	25.7	8e-07	0
EQnative_CSP1-6_Rokubacteriales_SemiBin_69	K02002	GDLOLHCH_00813	23.9	2.9e-06	0
EQnative_CSP1-6_Rokubacteriales_SemiBin_69	K02002	GDLOLHCH_00338	18.6	0.00011	0
EQnative_CSP1-6_Rokubacteriales_SemiBin_69	K02002	GDLOLHCH_02369	13.7	0.0034	0
EQnative_CSP1-6_Rokubacteriales_SemiBin_69	K02002	GDLOLHCH_03272	13.2	0.0049	0
EQnative_CSP1-6_Rokubacteriales_SemiBin_69	K02002	GDLOLHCH_03072	13.0	0.0056	0
EQnative_CSP1-6_Rokubacteriales_SemiBin_69	K02002	GDLOLHCH_03463	12.3	0.0096	0
EQnative_CSP1-6_Rokubacteriales_SemiBin_69	K02002	GDLOLHCH_01711	10.9	0.025	0
EQnative_CSP1-6_Rokubacteriales_SemiBin_69	K02002	GDLOLHCH_03071	10.7	0.028	0
EQnative_CSP1-6_Rokubacteriales_SemiBin_69	K02002	GDLOLHCH_00344	10.2	0.04	0
EQnative_CSP1-6_Rokubacteriales_SemiBin_69	K02002	GDLOLHCH_01541	10.0	0.047	0
EQnative_CSP1-6_Rokubacteriales_SemiBin_69	K02002	GDLOLHCH_04007	9.8	0.055	0
EQnative_CSP1-6_Rokubacteriales_SemiBin_69	K02002	GDLOLHCH_03444	9.7	0.059	0
EQnative_CSP1-6_Rokubacteriales_SemiBin_69	K02002	GDLOLHCH_03562	6.8	0.43	0
EQnative_CSP1-6_Rokubacteriales_SemiBin_69	K01226	GDLOLHCH_02577	60.6	2.9e-17	0
EQnative_CSP1-6_Rokubacteriales_SemiBin_69	K01226	GDLOLHCH_01373	39.6	6.6e-11	0
EQnative_CSP1-6_Rokubacteriales_SemiBin_69	K01226	GDLOLHCH_00264	38.1	1.9e-10	0
EQnative_CSP1-6_Rokubacteriales_SemiBin_69	K01226	GDLOLHCH_03062	13.5	0.0053	0
EQnative_CSP1-6_Rokubacteriales_SemiBin_69	K03486	GDLOLHCH_02696	86.4	4.9e-25	0
EQnative_CSP1-6_Rokubacteriales_SemiBin_69	K03486	GDLOLHCH_02523	76.6	4.7e-22	0
EQnative_CSP1-6_Rokubacteriales_SemiBin_69	K03486	GDLOLHCH_02625	42.6	1.1e-11	0
EQnative_CSP1-6_Rokubacteriales_SemiBin_69	K03486	GDLOLHCH_04014	29.1	1.6e-07	0
EQnative_CSP1-6_Rokubacteriales_SemiBin_69	K03486	GDLOLHCH_02426	26.0	1.4e-06	0
EQnative_Herpetosiphonaceae_BPHZ01_1_SemiBin_120	K00697	ILEFAOFG_03017	474.8	1.2e-142	0
EQnative_Herpetosiphonaceae_BPHZ01_1_SemiBin_120	K00697	ILEFAOFG_01399	33.7	4.8e-09	0
EQnative_Herpetosiphonaceae_BPHZ01_1_SemiBin_120	K00697	ILEFAOFG_00585	27.1	4.8e-07	0
EQnative_Herpetosiphonaceae_BPHZ01_1_SemiBin_120	K00697	ILEFAOFG_03401	25.9	1.1e-06	0
EQnative_Herpetosiphonaceae_BPHZ01_1_SemiBin_120	K00697	ILEFAOFG_00807	21.2	2.9e-05	0
EQnative_Herpetosiphonaceae_BPHZ01_1_SemiBin_120	K00697	ILEFAOFG_01460	19.1	0.00012	0
EQnative_Herpetosiphonaceae_BPHZ01_1_SemiBin_120	K00697	ILEFAOFG_05939	14.9	0.0023	0
EQnative_Herpetosiphonaceae_BPHZ01_1_SemiBin_120	K00697	ILEFAOFG_04850	14.8	0.0025	0
EQnative_Herpetosiphonaceae_BPHZ01_1_SemiBin_120	K00697	ILEFAOFG_02519	14.0	0.0045	0
EQnative_Herpetosiphonaceae_BPHZ01_1_SemiBin_120	K00697	ILEFAOFG_03446	13.3	0.0073	0
EQnative_Herpetosiphonaceae_BPHZ01_1_SemiBin_120	K00697	ILEFAOFG_01560	11.4	0.027	0
EQnative_Herpetosiphonaceae_BPHZ01_1_SemiBin_120	K00697	ILEFAOFG_00747	10.2	0.062	0
EQnative_Herpetosiphonaceae_BPHZ01_1_SemiBin_120	K01087	ILEFAOFG_03018	198.8	4.7e-59	1
EQnative_Herpetosiphonaceae_BPHZ01_1_SemiBin_120	K01087	ILEFAOFG_04094	22.2	1.9e-05	0
EQnative_Herpetosiphonaceae_BPHZ01_1_SemiBin_120	K01087	ILEFAOFG_00242	15.6	0.0019	0
EQnative_Herpetosiphonaceae_BPHZ01_1_SemiBin_120	K05343	ILEFAOFG_00616	1367.2	0.0	1
EQnative_Herpetosiphonaceae_BPHZ01_1_SemiBin_120	K05343	ILEFAOFG_00020	1077.0	0.0	1
EQnative_Herpetosiphonaceae_BPHZ01_1_SemiBin_120	K05343	ILEFAOFG_05569	795.6	2.3e-239	1
EQnative_Herpetosiphonaceae_BPHZ01_1_SemiBin_120	K05343	ILEFAOFG_02929	768.3	4.1e-231	1
EQnative_Herpetosiphonaceae_BPHZ01_1_SemiBin_120	K05343	ILEFAOFG_00289	484.9	1.8e-145	1
EQnative_Herpetosiphonaceae_BPHZ01_1_SemiBin_120	K05343	ILEFAOFG_00620	456.3	7.7e-137	1
EQnative_Herpetosiphonaceae_BPHZ01_1_SemiBin_120	K05343	ILEFAOFG_05547	414.4	3.6e-124	0
EQnative_Herpetosiphonaceae_BPHZ01_1_SemiBin_120	K05343	ILEFAOFG_03747	282.1	3.2e-84	0
EQnative_Herpetosiphonaceae_BPHZ01_1_SemiBin_120	K05343	ILEFAOFG_06116	207.6	1e-61	0
EQnative_Herpetosiphonaceae_BPHZ01_1_SemiBin_120	K05343	ILEFAOFG_00207	181.5	8.5e-54	0
EQnative_Herpetosiphonaceae_BPHZ01_1_SemiBin_120	K05343	ILEFAOFG_04664	177.9	1e-52	0
EQnative_Herpetosiphonaceae_BPHZ01_1_SemiBin_120	K05343	ILEFAOFG_06227	171.2	1.1e-50	0
EQnative_Herpetosiphonaceae_BPHZ01_1_SemiBin_120	K05343	ILEFAOFG_02885	165.9	4.2e-49	0
EQnative_Herpetosiphonaceae_BPHZ01_1_SemiBin_120	K05343	ILEFAOFG_00535	139.3	4.5e-41	0
EQnative_Herpetosiphonaceae_BPHZ01_1_SemiBin_120	K05343	ILEFAOFG_06067	118.3	1e-34	0
EQnative_Herpetosiphonaceae_BPHZ01_1_SemiBin_120	K05343	ILEFAOFG_01286	95.4	8.5e-28	0
EQnative_Herpetosiphonaceae_BPHZ01_1_SemiBin_120	K05343	ILEFAOFG_00615	85.2	1e-24	0
EQnative_Herpetosiphonaceae_BPHZ01_1_SemiBin_120	K05343	ILEFAOFG_05009	72.4	7.7e-21	0
EQnative_Herpetosiphonaceae_BPHZ01_1_SemiBin_120	K05343	ILEFAOFG_00617	62.3	8.7e-18	0
EQnative_Herpetosiphonaceae_BPHZ01_1_SemiBin_120	K05343	ILEFAOFG_00392	56.5	4.8e-16	0
EQnative_Herpetosiphonaceae_BPHZ01_1_SemiBin_120	K05343	ILEFAOFG_00613	32.8	7e-09	0
EQnative_Herpetosiphonaceae_BPHZ01_1_SemiBin_120	K05343	ILEFAOFG_01518	13.6	0.0043	0
EQnative_Herpetosiphonaceae_BPHZ01_1_SemiBin_120	K06044	ILEFAOFG_00613	1235.4	0.0	1
EQnative_Herpetosiphonaceae_BPHZ01_1_SemiBin_120	K06044	ILEFAOFG_00618	197.8	9e-59	0
EQnative_Herpetosiphonaceae_BPHZ01_1_SemiBin_120	K06044	ILEFAOFG_04664	96.2	4.2e-28	0
EQnative_Herpetosiphonaceae_BPHZ01_1_SemiBin_120	K06044	ILEFAOFG_00207	85.2	8.6e-25	0
EQnative_Herpetosiphonaceae_BPHZ01_1_SemiBin_120	K06044	ILEFAOFG_06227	83.2	3.5e-24	0
EQnative_Herpetosiphonaceae_BPHZ01_1_SemiBin_120	K06044	ILEFAOFG_00620	72.6	5.6e-21	0
EQnative_Herpetosiphonaceae_BPHZ01_1_SemiBin_120	K06044	ILEFAOFG_02885	68.5	9.8e-20	0
EQnative_Herpetosiphonaceae_BPHZ01_1_SemiBin_120	K06044	ILEFAOFG_00289	63.4	3.3e-18	0
EQnative_Herpetosiphonaceae_BPHZ01_1_SemiBin_120	K06044	ILEFAOFG_06116	62.7	5.3e-18	0
EQnative_Herpetosiphonaceae_BPHZ01_1_SemiBin_120	K06044	ILEFAOFG_05547	60.5	2.5e-17	0
EQnative_Herpetosiphonaceae_BPHZ01_1_SemiBin_120	K06044	ILEFAOFG_03747	60.4	2.6e-17	0
EQnative_Herpetosiphonaceae_BPHZ01_1_SemiBin_120	K06044	ILEFAOFG_06067	53.6	3e-15	0
EQnative_Herpetosiphonaceae_BPHZ01_1_SemiBin_120	K06044	ILEFAOFG_00616	51.7	1.1e-14	0
EQnative_Herpetosiphonaceae_BPHZ01_1_SemiBin_120	K06044	ILEFAOFG_05569	51.4	1.4e-14	0
EQnative_Herpetosiphonaceae_BPHZ01_1_SemiBin_120	K06044	ILEFAOFG_02929	47.7	1.8e-13	0
EQnative_Herpetosiphonaceae_BPHZ01_1_SemiBin_120	K06044	ILEFAOFG_00020	47.3	2.4e-13	0
EQnative_Herpetosiphonaceae_BPHZ01_1_SemiBin_120	K06044	ILEFAOFG_00535	47.2	2.5e-13	0
EQnative_Herpetosiphonaceae_BPHZ01_1_SemiBin_120	K06044	ILEFAOFG_00615	46.5	4.2e-13	0
EQnative_Herpetosiphonaceae_BPHZ01_1_SemiBin_120	K06044	ILEFAOFG_00617	43.0	4.8e-12	0
EQnative_Herpetosiphonaceae_BPHZ01_1_SemiBin_120	K06044	ILEFAOFG_01286	37.0	3e-10	0
EQnative_Herpetosiphonaceae_BPHZ01_1_SemiBin_120	K06044	ILEFAOFG_05009	36.0	6.3e-10	0
EQnative_Herpetosiphonaceae_BPHZ01_1_SemiBin_120	K06044	ILEFAOFG_01518	23.5	3.5e-06	0
EQnative_Herpetosiphonaceae_BPHZ01_1_SemiBin_120	K06044	ILEFAOFG_00392	15.0	0.0013	0
EQnative_Herpetosiphonaceae_BPHZ01_1_SemiBin_120	K01236	ILEFAOFG_00615	832.6	1.1e-250	1
EQnative_Herpetosiphonaceae_BPHZ01_1_SemiBin_120	K01236	ILEFAOFG_01286	366.1	1.3e-109	0
EQnative_Herpetosiphonaceae_BPHZ01_1_SemiBin_120	K01236	ILEFAOFG_00535	325.4	2.7e-97	0
EQnative_Herpetosiphonaceae_BPHZ01_1_SemiBin_120	K01236	ILEFAOFG_00392	197.3	1.4e-58	0
EQnative_Herpetosiphonaceae_BPHZ01_1_SemiBin_120	K01236	ILEFAOFG_00207	149.0	5.8e-44	0
EQnative_Herpetosiphonaceae_BPHZ01_1_SemiBin_120	K01236	ILEFAOFG_00616	142.5	5.3e-42	0
EQnative_Herpetosiphonaceae_BPHZ01_1_SemiBin_120	K01236	ILEFAOFG_00020	140.9	1.6e-41	0
EQnative_Herpetosiphonaceae_BPHZ01_1_SemiBin_120	K01236	ILEFAOFG_00620	126.4	4e-37	0
EQnative_Herpetosiphonaceae_BPHZ01_1_SemiBin_120	K01236	ILEFAOFG_06116	122.2	7.4e-36	0
EQnative_Herpetosiphonaceae_BPHZ01_1_SemiBin_120	K01236	ILEFAOFG_00289	119.3	5.4e-35	0
EQnative_Herpetosiphonaceae_BPHZ01_1_SemiBin_120	K01236	ILEFAOFG_05547	117.1	2.6e-34	0
EQnative_Herpetosiphonaceae_BPHZ01_1_SemiBin_120	K01236	ILEFAOFG_02885	116.1	5e-34	0
EQnative_Herpetosiphonaceae_BPHZ01_1_SemiBin_120	K01236	ILEFAOFG_02929	108.2	1.2e-31	0
EQnative_Herpetosiphonaceae_BPHZ01_1_SemiBin_120	K01236	ILEFAOFG_06227	102.9	5e-30	0
EQnative_Herpetosiphonaceae_BPHZ01_1_SemiBin_120	K01236	ILEFAOFG_05009	94.4	1.8e-27	0
EQnative_Herpetosiphonaceae_BPHZ01_1_SemiBin_120	K01236	ILEFAOFG_05569	82.5	7.5e-24	0
EQnative_Herpetosiphonaceae_BPHZ01_1_SemiBin_120	K01236	ILEFAOFG_04664	80.3	3.5e-23	0
EQnative_Herpetosiphonaceae_BPHZ01_1_SemiBin_120	K01236	ILEFAOFG_03747	68.2	1.6e-19	0
EQnative_Herpetosiphonaceae_BPHZ01_1_SemiBin_120	K01236	ILEFAOFG_06067	58.6	1.2e-16	0
EQnative_Herpetosiphonaceae_BPHZ01_1_SemiBin_120	K01236	ILEFAOFG_00617	39.7	6.6e-11	0
EQnative_Herpetosiphonaceae_BPHZ01_1_SemiBin_120	K01236	ILEFAOFG_00613	26.1	8.7e-07	0
EQnative_Herpetosiphonaceae_BPHZ01_1_SemiBin_120	K01236	ILEFAOFG_05414	19.7	7.3e-05	0
EQnative_Herpetosiphonaceae_BPHZ01_1_SemiBin_120	K01236	ILEFAOFG_00938	11.4	0.024	0
EQnative_Herpetosiphonaceae_BPHZ01_1_SemiBin_120	K13057	ILEFAOFG_01399	93.0	4.9e-27	0
EQnative_Herpetosiphonaceae_BPHZ01_1_SemiBin_120	K13057	ILEFAOFG_00240	80.1	4e-23	0
EQnative_Herpetosiphonaceae_BPHZ01_1_SemiBin_120	K13057	ILEFAOFG_00807	79.3	7e-23	0
EQnative_Herpetosiphonaceae_BPHZ01_1_SemiBin_120	K13057	ILEFAOFG_02706	79.2	7.4e-23	0
EQnative_Herpetosiphonaceae_BPHZ01_1_SemiBin_120	K13057	ILEFAOFG_04421	76.2	6.1e-22	0
EQnative_Herpetosiphonaceae_BPHZ01_1_SemiBin_120	K13057	ILEFAOFG_05732	75.4	1e-21	0
EQnative_Herpetosiphonaceae_BPHZ01_1_SemiBin_120	K13057	ILEFAOFG_02874	66.0	7.5e-19	0
EQnative_Herpetosiphonaceae_BPHZ01_1_SemiBin_120	K13057	ILEFAOFG_04457	63.2	5.2e-18	0
EQnative_Herpetosiphonaceae_BPHZ01_1_SemiBin_120	K13057	ILEFAOFG_04615	62.2	1e-17	0
EQnative_Herpetosiphonaceae_BPHZ01_1_SemiBin_120	K13057	ILEFAOFG_03404	61.4	1.9e-17	0
EQnative_Herpetosiphonaceae_BPHZ01_1_SemiBin_120	K13057	ILEFAOFG_03403	61.1	2.3e-17	0
EQnative_Herpetosiphonaceae_BPHZ01_1_SemiBin_120	K13057	ILEFAOFG_00271	57.1	3.7e-16	0
EQnative_Herpetosiphonaceae_BPHZ01_1_SemiBin_120	K13057	ILEFAOFG_01240	56.6	5.4e-16	0
EQnative_Herpetosiphonaceae_BPHZ01_1_SemiBin_120	K13057	ILEFAOFG_03401	52.4	1e-14	0
EQnative_Herpetosiphonaceae_BPHZ01_1_SemiBin_120	K13057	ILEFAOFG_00553	52.2	1.2e-14	0
EQnative_Herpetosiphonaceae_BPHZ01_1_SemiBin_120	K13057	ILEFAOFG_01412	51.3	2.2e-14	0
EQnative_Herpetosiphonaceae_BPHZ01_1_SemiBin_120	K13057	ILEFAOFG_01560	51.1	2.5e-14	0
EQnative_Herpetosiphonaceae_BPHZ01_1_SemiBin_120	K13057	ILEFAOFG_02519	51.0	2.7e-14	0
EQnative_Herpetosiphonaceae_BPHZ01_1_SemiBin_120	K13057	ILEFAOFG_00239	50.1	5e-14	0
EQnative_Herpetosiphonaceae_BPHZ01_1_SemiBin_120	K13057	ILEFAOFG_01457	48.4	1.6e-13	0
EQnative_Herpetosiphonaceae_BPHZ01_1_SemiBin_120	K13057	ILEFAOFG_00747	43.3	5.9e-12	0
EQnative_Herpetosiphonaceae_BPHZ01_1_SemiBin_120	K13057	ILEFAOFG_02136	43.2	6.2e-12	0
EQnative_Herpetosiphonaceae_BPHZ01_1_SemiBin_120	K13057	ILEFAOFG_03987	42.5	9.9e-12	0
EQnative_Herpetosiphonaceae_BPHZ01_1_SemiBin_120	K13057	ILEFAOFG_01241	42.4	1.1e-11	0
EQnative_Herpetosiphonaceae_BPHZ01_1_SemiBin_120	K13057	ILEFAOFG_00585	41.9	1.5e-11	0
EQnative_Herpetosiphonaceae_BPHZ01_1_SemiBin_120	K13057	ILEFAOFG_05422	41.6	1.9e-11	0
EQnative_Herpetosiphonaceae_BPHZ01_1_SemiBin_120	K13057	ILEFAOFG_02718	41.4	2.2e-11	0
EQnative_Herpetosiphonaceae_BPHZ01_1_SemiBin_120	K13057	ILEFAOFG_05939	41.2	2.6e-11	0
EQnative_Herpetosiphonaceae_BPHZ01_1_SemiBin_120	K13057	ILEFAOFG_02707	41.0	3e-11	0
EQnative_Herpetosiphonaceae_BPHZ01_1_SemiBin_120	K13057	ILEFAOFG_04889	39.1	1.1e-10	0
EQnative_Herpetosiphonaceae_BPHZ01_1_SemiBin_120	K13057	ILEFAOFG_04850	37.8	2.7e-10	0
EQnative_Herpetosiphonaceae_BPHZ01_1_SemiBin_120	K13057	ILEFAOFG_03446	36.8	5.4e-10	0
EQnative_Herpetosiphonaceae_BPHZ01_1_SemiBin_120	K13057	ILEFAOFG_04419	36.3	8e-10	0
EQnative_Herpetosiphonaceae_BPHZ01_1_SemiBin_120	K13057	ILEFAOFG_04687	36.1	9.2e-10	0
EQnative_Herpetosiphonaceae_BPHZ01_1_SemiBin_120	K13057	ILEFAOFG_03985	36.0	9.3e-10	0
EQnative_Herpetosiphonaceae_BPHZ01_1_SemiBin_120	K13057	ILEFAOFG_04497	34.6	2.5e-09	0
EQnative_Herpetosiphonaceae_BPHZ01_1_SemiBin_120	K13057	ILEFAOFG_00556	33.6	5e-09	0
EQnative_Herpetosiphonaceae_BPHZ01_1_SemiBin_120	K13057	ILEFAOFG_04580	31.8	1.9e-08	0
EQnative_Herpetosiphonaceae_BPHZ01_1_SemiBin_120	K13057	ILEFAOFG_04581	31.3	2.6e-08	0
EQnative_Herpetosiphonaceae_BPHZ01_1_SemiBin_120	K13057	ILEFAOFG_04062	26.0	1e-06	0
EQnative_Herpetosiphonaceae_BPHZ01_1_SemiBin_120	K13057	ILEFAOFG_03448	25.8	1.2e-06	0
EQnative_Herpetosiphonaceae_BPHZ01_1_SemiBin_120	K13057	ILEFAOFG_01944	25.2	1.9e-06	0
EQnative_Herpetosiphonaceae_BPHZ01_1_SemiBin_120	K13057	ILEFAOFG_03699	23.2	7.1e-06	0
EQnative_Herpetosiphonaceae_BPHZ01_1_SemiBin_120	K13057	ILEFAOFG_04701	21.9	1.9e-05	0
EQnative_Herpetosiphonaceae_BPHZ01_1_SemiBin_120	K13057	ILEFAOFG_00682	21.8	1.9e-05	0
EQnative_Herpetosiphonaceae_BPHZ01_1_SemiBin_120	K13057	ILEFAOFG_04573	21.2	3.1e-05	0
EQnative_Herpetosiphonaceae_BPHZ01_1_SemiBin_120	K13057	ILEFAOFG_01460	20.4	5.2e-05	0
EQnative_Herpetosiphonaceae_BPHZ01_1_SemiBin_120	K13057	ILEFAOFG_03421	17.7	0.00034	0
EQnative_Herpetosiphonaceae_BPHZ01_1_SemiBin_120	K13057	ILEFAOFG_02226	17.6	0.00038	0
EQnative_Herpetosiphonaceae_BPHZ01_1_SemiBin_120	K13057	ILEFAOFG_02382	14.6	0.0029	0
EQnative_Herpetosiphonaceae_BPHZ01_1_SemiBin_120	K13057	ILEFAOFG_04703	14.0	0.0045	0
EQnative_Herpetosiphonaceae_BPHZ01_1_SemiBin_120	K13057	ILEFAOFG_03424	13.5	0.0063	0
EQnative_Herpetosiphonaceae_BPHZ01_1_SemiBin_120	K13057	ILEFAOFG_02225	12.5	0.013	0
EQnative_Herpetosiphonaceae_BPHZ01_1_SemiBin_120	K13057	ILEFAOFG_04816	10.9	0.041	0
EQnative_Herpetosiphonaceae_BPHZ01_1_SemiBin_120	K13057	ILEFAOFG_05026	10.6	0.048	0
EQnative_Herpetosiphonaceae_BPHZ01_1_SemiBin_120	K00108	ILEFAOFG_05550	88.6	8.5e-26	0
EQnative_Herpetosiphonaceae_BPHZ01_1_SemiBin_120	K00108	ILEFAOFG_03829	47.6	2.1e-13	0
EQnative_Herpetosiphonaceae_BPHZ01_1_SemiBin_120	K00108	ILEFAOFG_03694	43.2	4.5e-12	0
EQnative_Herpetosiphonaceae_BPHZ01_1_SemiBin_120	K00108	ILEFAOFG_02179	15.0	0.0016	0
EQnative_Herpetosiphonaceae_BPHZ01_1_SemiBin_120	K00108	ILEFAOFG_01376	14.1	0.0029	0
EQnative_Herpetosiphonaceae_BPHZ01_1_SemiBin_120	K00108	ILEFAOFG_01170	14.0	0.0032	0
EQnative_Herpetosiphonaceae_BPHZ01_1_SemiBin_120	K00108	ILEFAOFG_05467	11.9	0.014	0
EQnative_Herpetosiphonaceae_BPHZ01_1_SemiBin_120	K00108	ILEFAOFG_02999	11.7	0.016	0
EQnative_Herpetosiphonaceae_BPHZ01_1_SemiBin_120	K00108	ILEFAOFG_05392	10.5	0.037	0
EQnative_Herpetosiphonaceae_BPHZ01_1_SemiBin_120	K00108	ILEFAOFG_05173	9.8	0.057	0
EQnative_Herpetosiphonaceae_BPHZ01_1_SemiBin_120	K00108	ILEFAOFG_00370	9.7	0.064	0
EQnative_Herpetosiphonaceae_BPHZ01_1_SemiBin_120	K00108	ILEFAOFG_02792	9.5	0.072	0
EQnative_Herpetosiphonaceae_BPHZ01_1_SemiBin_120	K00108	ILEFAOFG_01979	9.4	0.076	0
EQnative_Herpetosiphonaceae_BPHZ01_1_SemiBin_120	K00108	ILEFAOFG_03047	9.4	0.079	0
EQnative_Herpetosiphonaceae_BPHZ01_1_SemiBin_120	K00130	ILEFAOFG_00431	752.4	1e-226	1
EQnative_Herpetosiphonaceae_BPHZ01_1_SemiBin_120	K00130	ILEFAOFG_02639	663.1	1.1e-199	0
EQnative_Herpetosiphonaceae_BPHZ01_1_SemiBin_120	K00130	ILEFAOFG_04569	591.7	4.7e-178	0
EQnative_Herpetosiphonaceae_BPHZ01_1_SemiBin_120	K00130	ILEFAOFG_03307	590.6	1e-177	0
EQnative_Herpetosiphonaceae_BPHZ01_1_SemiBin_120	K00130	ILEFAOFG_03828	588.4	4.5e-177	0
EQnative_Herpetosiphonaceae_BPHZ01_1_SemiBin_120	K00130	ILEFAOFG_06084	566.4	2.1e-170	0
EQnative_Herpetosiphonaceae_BPHZ01_1_SemiBin_120	K00130	ILEFAOFG_00356	555.3	4.8e-167	0
EQnative_Herpetosiphonaceae_BPHZ01_1_SemiBin_120	K00130	ILEFAOFG_04295	492.7	4.6e-148	0
EQnative_Herpetosiphonaceae_BPHZ01_1_SemiBin_120	K00130	ILEFAOFG_06034	481.2	1.3e-144	0
EQnative_Herpetosiphonaceae_BPHZ01_1_SemiBin_120	K00130	ILEFAOFG_05907	429.1	8.1e-129	0
EQnative_Herpetosiphonaceae_BPHZ01_1_SemiBin_120	K00130	ILEFAOFG_04719	406.8	4.5e-122	0
EQnative_Herpetosiphonaceae_BPHZ01_1_SemiBin_120	K00130	ILEFAOFG_05355	399.4	8.2e-120	0
EQnative_Herpetosiphonaceae_BPHZ01_1_SemiBin_120	K00130	ILEFAOFG_02759	39.0	1.1e-10	0
EQnative_Herpetosiphonaceae_BPHZ01_1_SemiBin_120	K00130	ILEFAOFG_00596	17.3	0.00042	0
EQnative_Herpetosiphonaceae_BPHZ01_1_SemiBin_120	K00499	ILEFAOFG_05531	298.4	3.2e-89	0
EQnative_Herpetosiphonaceae_BPHZ01_1_SemiBin_120	K00499	ILEFAOFG_03359	29.6	9.9e-08	0
EQnative_Herpetosiphonaceae_BPHZ01_1_SemiBin_120	K00499	ILEFAOFG_04900	10.8	0.051	0
EQnative_Herpetosiphonaceae_BPHZ01_1_SemiBin_120	K17755	ILEFAOFG_05550	68.0	2.4e-19	0
EQnative_Herpetosiphonaceae_BPHZ01_1_SemiBin_120	K17755	ILEFAOFG_03829	49.7	8.4e-14	0
EQnative_Herpetosiphonaceae_BPHZ01_1_SemiBin_120	K17755	ILEFAOFG_03694	23.8	5.7e-06	0
EQnative_Herpetosiphonaceae_BPHZ01_1_SemiBin_120	K17756	ILEFAOFG_05550	210.3	1.7e-62	0
EQnative_Herpetosiphonaceae_BPHZ01_1_SemiBin_120	K17756	ILEFAOFG_03829	97.5	2.2e-28	0
EQnative_Herpetosiphonaceae_BPHZ01_1_SemiBin_120	K17756	ILEFAOFG_03694	33.0	7.3e-09	0
EQnative_Herpetosiphonaceae_BPHZ01_1_SemiBin_120	K17756	ILEFAOFG_02179	24.7	2.3e-06	0
EQnative_Herpetosiphonaceae_BPHZ01_1_SemiBin_120	K17756	ILEFAOFG_03705	20.6	3.9e-05	0
EQnative_Herpetosiphonaceae_BPHZ01_1_SemiBin_120	K17756	ILEFAOFG_03047	19.6	8.3e-05	0
EQnative_Herpetosiphonaceae_BPHZ01_1_SemiBin_120	K17756	ILEFAOFG_05392	19.1	0.00012	0
EQnative_Herpetosiphonaceae_BPHZ01_1_SemiBin_120	K17756	ILEFAOFG_05143	18.9	0.00013	0
EQnative_Herpetosiphonaceae_BPHZ01_1_SemiBin_120	K17756	ILEFAOFG_06021	17.5	0.00034	0
EQnative_Herpetosiphonaceae_BPHZ01_1_SemiBin_120	K17756	ILEFAOFG_05093	15.2	0.0017	0
EQnative_Herpetosiphonaceae_BPHZ01_1_SemiBin_120	K17756	ILEFAOFG_05173	14.2	0.0035	0
EQnative_Herpetosiphonaceae_BPHZ01_1_SemiBin_120	K17756	ILEFAOFG_01271	12.6	0.011	0
EQnative_Herpetosiphonaceae_BPHZ01_1_SemiBin_120	K17756	ILEFAOFG_01092	9.9	0.068	0
EQnative_Herpetosiphonaceae_BPHZ01_1_SemiBin_120	K17756	ILEFAOFG_05346	9.2	0.11	0
EQnative_Herpetosiphonaceae_BPHZ01_1_SemiBin_120	K17756	ILEFAOFG_02793	7.7	0.33	0
EQnative_Herpetosiphonaceae_BPHZ01_1_SemiBin_120	K06718	ILEFAOFG_03855	39.1	1.7e-10	0
EQnative_Herpetosiphonaceae_BPHZ01_1_SemiBin_120	K06718	ILEFAOFG_01094	31.7	3.2e-08	0
EQnative_Herpetosiphonaceae_BPHZ01_1_SemiBin_120	K06718	ILEFAOFG_01722	27.6	5.9e-07	0
EQnative_Herpetosiphonaceae_BPHZ01_1_SemiBin_120	K06718	ILEFAOFG_00064	25.4	2.7e-06	0
EQnative_Herpetosiphonaceae_BPHZ01_1_SemiBin_120	K06718	ILEFAOFG_00485	23.8	8.1e-06	0
EQnative_Herpetosiphonaceae_BPHZ01_1_SemiBin_120	K06718	ILEFAOFG_05593	23.0	1.5e-05	0
EQnative_Herpetosiphonaceae_BPHZ01_1_SemiBin_120	K06718	ILEFAOFG_02438	18.7	0.0003	0
EQnative_Herpetosiphonaceae_BPHZ01_1_SemiBin_120	K06718	ILEFAOFG_01263	18.5	0.00035	0
EQnative_Herpetosiphonaceae_BPHZ01_1_SemiBin_120	K06718	ILEFAOFG_01816	17.5	0.0007	0
EQnative_Herpetosiphonaceae_BPHZ01_1_SemiBin_120	K06718	ILEFAOFG_01181	16.9	0.0011	0
EQnative_Herpetosiphonaceae_BPHZ01_1_SemiBin_120	K06718	ILEFAOFG_01914	16.2	0.0018	0
EQnative_Herpetosiphonaceae_BPHZ01_1_SemiBin_120	K06718	ILEFAOFG_00661	15.7	0.0025	0
EQnative_Herpetosiphonaceae_BPHZ01_1_SemiBin_120	K06718	ILEFAOFG_02021	15.6	0.0027	0
EQnative_Herpetosiphonaceae_BPHZ01_1_SemiBin_120	K06718	ILEFAOFG_01904	15.5	0.0029	0
EQnative_Herpetosiphonaceae_BPHZ01_1_SemiBin_120	K06718	ILEFAOFG_01259	14.9	0.0042	0
EQnative_Herpetosiphonaceae_BPHZ01_1_SemiBin_120	K06718	ILEFAOFG_05774	14.7	0.0049	0
EQnative_Herpetosiphonaceae_BPHZ01_1_SemiBin_120	K06718	ILEFAOFG_03045	14.5	0.0057	0
EQnative_Herpetosiphonaceae_BPHZ01_1_SemiBin_120	K06718	ILEFAOFG_06155	14.5	0.0058	0
EQnative_Herpetosiphonaceae_BPHZ01_1_SemiBin_120	K06718	ILEFAOFG_00785	14.4	0.0061	0
EQnative_Herpetosiphonaceae_BPHZ01_1_SemiBin_120	K06718	ILEFAOFG_03846	14.3	0.0064	0
EQnative_Herpetosiphonaceae_BPHZ01_1_SemiBin_120	K06718	ILEFAOFG_03428	12.5	0.024	0
EQnative_Herpetosiphonaceae_BPHZ01_1_SemiBin_120	K06718	ILEFAOFG_03775	12.1	0.031	0
EQnative_Herpetosiphonaceae_BPHZ01_1_SemiBin_120	K06718	ILEFAOFG_04789	12.0	0.032	0
EQnative_Herpetosiphonaceae_BPHZ01_1_SemiBin_120	K06718	ILEFAOFG_04332	11.6	0.045	0
EQnative_Herpetosiphonaceae_BPHZ01_1_SemiBin_120	K06718	ILEFAOFG_00027	11.4	0.05	0
EQnative_Herpetosiphonaceae_BPHZ01_1_SemiBin_120	K06718	ILEFAOFG_05211	10.8	0.076	0
EQnative_Herpetosiphonaceae_BPHZ01_1_SemiBin_120	K06720	ILEFAOFG_00471	17.5	0.0011	0
EQnative_Herpetosiphonaceae_BPHZ01_1_SemiBin_120	K06720	ILEFAOFG_01982	15.8	0.0038	0
EQnative_Herpetosiphonaceae_BPHZ01_1_SemiBin_120	K06720	ILEFAOFG_02229	14.1	0.013	0
EQnative_Herpetosiphonaceae_BPHZ01_1_SemiBin_120	K06721	ILEFAOFG_04425	17.0	0.00099	0
EQnative_Herpetosiphonaceae_BPHZ01_1_SemiBin_120	K06721	ILEFAOFG_00679	15.5	0.0028	0
EQnative_Herpetosiphonaceae_BPHZ01_1_SemiBin_120	K06721	ILEFAOFG_04426	13.8	0.0092	0
EQnative_Herpetosiphonaceae_BPHZ01_1_SemiBin_120	K06721	ILEFAOFG_04520	13.7	0.0097	0
EQnative_Herpetosiphonaceae_BPHZ01_1_SemiBin_120	K06721	ILEFAOFG_05182	13.1	0.015	0
EQnative_Herpetosiphonaceae_BPHZ01_1_SemiBin_120	K06721	ILEFAOFG_04467	12.8	0.019	0
EQnative_Herpetosiphonaceae_BPHZ01_1_SemiBin_120	K06721	ILEFAOFG_00133	11.7	0.04	0
EQnative_Herpetosiphonaceae_BPHZ01_1_SemiBin_120	K06721	ILEFAOFG_03492	10.6	0.085	0
EQnative_Herpetosiphonaceae_BPHZ01_1_SemiBin_120	K06721	ILEFAOFG_01656	10.5	0.093	0
EQnative_Herpetosiphonaceae_BPHZ01_1_SemiBin_120	K06721	ILEFAOFG_00659	8.0	0.53	0
EQnative_Herpetosiphonaceae_BPHZ01_1_SemiBin_120	K01858	ILEFAOFG_00279	183.8	1.8e-54	1
EQnative_Herpetosiphonaceae_BPHZ01_1_SemiBin_120	K01858	ILEFAOFG_02616	179.5	3.8e-53	1
EQnative_Herpetosiphonaceae_BPHZ01_1_SemiBin_120	K05845	ILEFAOFG_04138	214.0	1.4e-63	1
EQnative_Herpetosiphonaceae_BPHZ01_1_SemiBin_120	K05845	ILEFAOFG_06135	46.4	8.4e-13	0
EQnative_Herpetosiphonaceae_BPHZ01_1_SemiBin_120	K05845	ILEFAOFG_03025	20.5	6.3e-05	0
EQnative_Herpetosiphonaceae_BPHZ01_1_SemiBin_120	K05845	ILEFAOFG_01834	15.2	0.0025	0
EQnative_Herpetosiphonaceae_BPHZ01_1_SemiBin_120	K05845	ILEFAOFG_04192	13.9	0.0061	0
EQnative_Herpetosiphonaceae_BPHZ01_1_SemiBin_120	K05845	ILEFAOFG_04155	13.8	0.0064	0
EQnative_Herpetosiphonaceae_BPHZ01_1_SemiBin_120	K05845	ILEFAOFG_01493	13.6	0.0077	0
EQnative_Herpetosiphonaceae_BPHZ01_1_SemiBin_120	K05845	ILEFAOFG_00816	12.5	0.017	0
EQnative_Herpetosiphonaceae_BPHZ01_1_SemiBin_120	K05845	ILEFAOFG_00196	11.4	0.035	0
EQnative_Herpetosiphonaceae_BPHZ01_1_SemiBin_120	K05845	ILEFAOFG_03410	9.7	0.11	0
EQnative_Herpetosiphonaceae_BPHZ01_1_SemiBin_120	K05846	ILEFAOFG_06134	150.6	2e-44	0
EQnative_Herpetosiphonaceae_BPHZ01_1_SemiBin_120	K05846	ILEFAOFG_03023	113.3	4.2e-33	0
EQnative_Herpetosiphonaceae_BPHZ01_1_SemiBin_120	K05846	ILEFAOFG_05558	70.8	3.3e-20	0
EQnative_Herpetosiphonaceae_BPHZ01_1_SemiBin_120	K05846	ILEFAOFG_01833	60.5	4.4e-17	0
EQnative_Herpetosiphonaceae_BPHZ01_1_SemiBin_120	K05846	ILEFAOFG_05557	47.7	3.4e-13	0
EQnative_Herpetosiphonaceae_BPHZ01_1_SemiBin_120	K05846	ILEFAOFG_04133	38.6	2e-10	0
EQnative_Herpetosiphonaceae_BPHZ01_1_SemiBin_120	K05846	ILEFAOFG_00204	37.3	5e-10	0
EQnative_Herpetosiphonaceae_BPHZ01_1_SemiBin_120	K05846	ILEFAOFG_03949	35.8	1.4e-09	0
EQnative_Herpetosiphonaceae_BPHZ01_1_SemiBin_120	K05846	ILEFAOFG_01588	32.0	2e-08	0
EQnative_Herpetosiphonaceae_BPHZ01_1_SemiBin_120	K05846	ILEFAOFG_01007	29.3	1.3e-07	0
EQnative_Herpetosiphonaceae_BPHZ01_1_SemiBin_120	K05846	ILEFAOFG_04998	28.9	1.7e-07	0
EQnative_Herpetosiphonaceae_BPHZ01_1_SemiBin_120	K05846	ILEFAOFG_00327	28.1	3e-07	0
EQnative_Herpetosiphonaceae_BPHZ01_1_SemiBin_120	K05846	ILEFAOFG_00016	28.1	3.1e-07	0
EQnative_Herpetosiphonaceae_BPHZ01_1_SemiBin_120	K05846	ILEFAOFG_01059	28.1	3.1e-07	0
EQnative_Herpetosiphonaceae_BPHZ01_1_SemiBin_120	K05846	ILEFAOFG_06275	27.8	3.7e-07	0
EQnative_Herpetosiphonaceae_BPHZ01_1_SemiBin_120	K05846	ILEFAOFG_05195	27.5	4.6e-07	0
EQnative_Herpetosiphonaceae_BPHZ01_1_SemiBin_120	K05846	ILEFAOFG_02662	27.1	6.2e-07	0
EQnative_Herpetosiphonaceae_BPHZ01_1_SemiBin_120	K05846	ILEFAOFG_00209	26.5	9.3e-07	0
EQnative_Herpetosiphonaceae_BPHZ01_1_SemiBin_120	K05846	ILEFAOFG_00353	26.5	9.5e-07	0
EQnative_Herpetosiphonaceae_BPHZ01_1_SemiBin_120	K05846	ILEFAOFG_03643	26.1	1.3e-06	0
EQnative_Herpetosiphonaceae_BPHZ01_1_SemiBin_120	K05846	ILEFAOFG_01582	25.0	2.7e-06	0
EQnative_Herpetosiphonaceae_BPHZ01_1_SemiBin_120	K05846	ILEFAOFG_04784	24.8	3.1e-06	0
EQnative_Herpetosiphonaceae_BPHZ01_1_SemiBin_120	K05846	ILEFAOFG_04289	23.4	8.5e-06	0
EQnative_Herpetosiphonaceae_BPHZ01_1_SemiBin_120	K05846	ILEFAOFG_04135	23.3	8.5e-06	0
EQnative_Herpetosiphonaceae_BPHZ01_1_SemiBin_120	K05846	ILEFAOFG_02971	21.7	2.6e-05	0
EQnative_Herpetosiphonaceae_BPHZ01_1_SemiBin_120	K05846	ILEFAOFG_04769	21.4	3.4e-05	0
EQnative_Herpetosiphonaceae_BPHZ01_1_SemiBin_120	K05846	ILEFAOFG_01698	21.3	3.7e-05	0
EQnative_Herpetosiphonaceae_BPHZ01_1_SemiBin_120	K05846	ILEFAOFG_04091	21.1	4e-05	0
EQnative_Herpetosiphonaceae_BPHZ01_1_SemiBin_120	K05846	ILEFAOFG_03815	20.2	7.7e-05	0
EQnative_Herpetosiphonaceae_BPHZ01_1_SemiBin_120	K05846	ILEFAOFG_01589	20.0	8.6e-05	0
EQnative_Herpetosiphonaceae_BPHZ01_1_SemiBin_120	K05846	ILEFAOFG_04219	20.0	9.1e-05	0
EQnative_Herpetosiphonaceae_BPHZ01_1_SemiBin_120	K05846	ILEFAOFG_03252	20.0	9.1e-05	0
EQnative_Herpetosiphonaceae_BPHZ01_1_SemiBin_120	K05846	ILEFAOFG_01360	19.7	0.00011	0
EQnative_Herpetosiphonaceae_BPHZ01_1_SemiBin_120	K05846	ILEFAOFG_04312	19.1	0.00016	0
EQnative_Herpetosiphonaceae_BPHZ01_1_SemiBin_120	K05846	ILEFAOFG_01697	19.1	0.00017	0
EQnative_Herpetosiphonaceae_BPHZ01_1_SemiBin_120	K05846	ILEFAOFG_03091	19.0	0.00018	0
EQnative_Herpetosiphonaceae_BPHZ01_1_SemiBin_120	K05846	ILEFAOFG_05713	18.9	0.00019	0
EQnative_Herpetosiphonaceae_BPHZ01_1_SemiBin_120	K05846	ILEFAOFG_04313	18.9	0.00019	0
EQnative_Herpetosiphonaceae_BPHZ01_1_SemiBin_120	K05846	ILEFAOFG_02851	18.8	0.0002	0
EQnative_Herpetosiphonaceae_BPHZ01_1_SemiBin_120	K05846	ILEFAOFG_05786	18.8	0.0002	0
EQnative_Herpetosiphonaceae_BPHZ01_1_SemiBin_120	K05846	ILEFAOFG_02593	18.8	0.00021	0
EQnative_Herpetosiphonaceae_BPHZ01_1_SemiBin_120	K05846	ILEFAOFG_03819	18.4	0.00028	0
EQnative_Herpetosiphonaceae_BPHZ01_1_SemiBin_120	K05846	ILEFAOFG_02402	18.1	0.00033	0
EQnative_Herpetosiphonaceae_BPHZ01_1_SemiBin_120	K05846	ILEFAOFG_00326	18.0	0.00036	0
EQnative_Herpetosiphonaceae_BPHZ01_1_SemiBin_120	K05846	ILEFAOFG_02970	18.0	0.00036	0
EQnative_Herpetosiphonaceae_BPHZ01_1_SemiBin_120	K05846	ILEFAOFG_06238	17.8	0.0004	0
EQnative_Herpetosiphonaceae_BPHZ01_1_SemiBin_120	K05846	ILEFAOFG_05576	17.4	0.00056	0
EQnative_Herpetosiphonaceae_BPHZ01_1_SemiBin_120	K05846	ILEFAOFG_02442	17.0	0.00071	0
EQnative_Herpetosiphonaceae_BPHZ01_1_SemiBin_120	K05846	ILEFAOFG_04132	16.9	0.00077	0
EQnative_Herpetosiphonaceae_BPHZ01_1_SemiBin_120	K05846	ILEFAOFG_05787	16.9	0.00078	0
EQnative_Herpetosiphonaceae_BPHZ01_1_SemiBin_120	K05846	ILEFAOFG_02669	16.3	0.0011	0
EQnative_Herpetosiphonaceae_BPHZ01_1_SemiBin_120	K05846	ILEFAOFG_05855	16.3	0.0012	0
EQnative_Herpetosiphonaceae_BPHZ01_1_SemiBin_120	K05846	ILEFAOFG_03090	16.0	0.0014	0
EQnative_Herpetosiphonaceae_BPHZ01_1_SemiBin_120	K05846	ILEFAOFG_02463	16.0	0.0015	0
EQnative_Herpetosiphonaceae_BPHZ01_1_SemiBin_120	K05846	ILEFAOFG_02594	15.8	0.0016	0
EQnative_Herpetosiphonaceae_BPHZ01_1_SemiBin_120	K05846	ILEFAOFG_01583	15.8	0.0017	0
EQnative_Herpetosiphonaceae_BPHZ01_1_SemiBin_120	K05846	ILEFAOFG_01445	14.8	0.0034	0
EQnative_Herpetosiphonaceae_BPHZ01_1_SemiBin_120	K05846	ILEFAOFG_03137	14.7	0.0037	0
EQnative_Herpetosiphonaceae_BPHZ01_1_SemiBin_120	K05846	ILEFAOFG_06239	14.6	0.0039	0
EQnative_Herpetosiphonaceae_BPHZ01_1_SemiBin_120	K05846	ILEFAOFG_01359	14.4	0.0044	0
EQnative_Herpetosiphonaceae_BPHZ01_1_SemiBin_120	K05846	ILEFAOFG_01163	14.3	0.0049	0
EQnative_Herpetosiphonaceae_BPHZ01_1_SemiBin_120	K05846	ILEFAOFG_05114	14.3	0.0049	0
EQnative_Herpetosiphonaceae_BPHZ01_1_SemiBin_120	K05846	ILEFAOFG_04218	14.2	0.0051	0
EQnative_Herpetosiphonaceae_BPHZ01_1_SemiBin_120	K05846	ILEFAOFG_02636	14.2	0.0051	0
EQnative_Herpetosiphonaceae_BPHZ01_1_SemiBin_120	K05846	ILEFAOFG_04770	14.1	0.0054	0
EQnative_Herpetosiphonaceae_BPHZ01_1_SemiBin_120	K05846	ILEFAOFG_00208	13.7	0.0071	0
EQnative_Herpetosiphonaceae_BPHZ01_1_SemiBin_120	K05846	ILEFAOFG_04053	13.1	0.011	0
EQnative_Herpetosiphonaceae_BPHZ01_1_SemiBin_120	K05846	ILEFAOFG_02464	12.7	0.015	0
EQnative_Herpetosiphonaceae_BPHZ01_1_SemiBin_120	K05846	ILEFAOFG_01586	12.5	0.017	0
EQnative_Herpetosiphonaceae_BPHZ01_1_SemiBin_120	K05846	ILEFAOFG_00458	12.2	0.021	0
EQnative_Herpetosiphonaceae_BPHZ01_1_SemiBin_120	K05846	ILEFAOFG_03253	12.0	0.024	0
EQnative_Herpetosiphonaceae_BPHZ01_1_SemiBin_120	K05846	ILEFAOFG_04642	11.8	0.027	0
EQnative_Herpetosiphonaceae_BPHZ01_1_SemiBin_120	K05846	ILEFAOFG_05034	11.7	0.03	0
EQnative_Herpetosiphonaceae_BPHZ01_1_SemiBin_120	K05846	ILEFAOFG_04136	11.5	0.033	0
EQnative_Herpetosiphonaceae_BPHZ01_1_SemiBin_120	K05846	ILEFAOFG_06181	11.4	0.037	0
EQnative_Herpetosiphonaceae_BPHZ01_1_SemiBin_120	K05846	ILEFAOFG_03820	11.3	0.038	0
EQnative_Herpetosiphonaceae_BPHZ01_1_SemiBin_120	K05846	ILEFAOFG_03814	10.8	0.054	0
EQnative_Herpetosiphonaceae_BPHZ01_1_SemiBin_120	K05846	ILEFAOFG_00407	10.7	0.06	0
EQnative_Herpetosiphonaceae_BPHZ01_1_SemiBin_120	K05846	ILEFAOFG_03744	10.4	0.075	0
EQnative_Herpetosiphonaceae_BPHZ01_1_SemiBin_120	K05846	ILEFAOFG_06013	10.2	0.081	0
EQnative_Herpetosiphonaceae_BPHZ01_1_SemiBin_120	K05846	ILEFAOFG_00488	10.2	0.082	0
EQnative_Herpetosiphonaceae_BPHZ01_1_SemiBin_120	K05846	ILEFAOFG_04319	10.0	0.099	0
EQnative_Herpetosiphonaceae_BPHZ01_1_SemiBin_120	K05846	ILEFAOFG_04997	10.0	0.099	0
EQnative_Herpetosiphonaceae_BPHZ01_1_SemiBin_120	K05846	ILEFAOFG_05854	9.8	0.11	0
EQnative_Herpetosiphonaceae_BPHZ01_1_SemiBin_120	K05846	ILEFAOFG_01494	9.8	0.11	0
EQnative_Herpetosiphonaceae_BPHZ01_1_SemiBin_120	K05846	ILEFAOFG_03313	9.5	0.14	0
EQnative_Herpetosiphonaceae_BPHZ01_1_SemiBin_120	K05846	ILEFAOFG_04054	9.2	0.16	0
EQnative_Herpetosiphonaceae_BPHZ01_1_SemiBin_120	K05846	ILEFAOFG_05577	9.2	0.17	0
EQnative_Herpetosiphonaceae_BPHZ01_1_SemiBin_120	K05846	ILEFAOFG_01006	8.6	0.25	0
EQnative_Herpetosiphonaceae_BPHZ01_1_SemiBin_120	K05846	ILEFAOFG_00780	8.1	0.37	0
EQnative_Herpetosiphonaceae_BPHZ01_1_SemiBin_120	K05846	ILEFAOFG_00459	8.1	0.37	0
EQnative_Herpetosiphonaceae_BPHZ01_1_SemiBin_120	K05846	ILEFAOFG_02637	8.0	0.38	0
EQnative_Herpetosiphonaceae_BPHZ01_1_SemiBin_120	K05846	ILEFAOFG_00194	7.9	0.41	0
EQnative_Herpetosiphonaceae_BPHZ01_1_SemiBin_120	K05846	ILEFAOFG_00205	7.9	0.41	0
EQnative_Herpetosiphonaceae_BPHZ01_1_SemiBin_120	K05846	ILEFAOFG_04542	7.6	0.5	0
EQnative_Herpetosiphonaceae_BPHZ01_1_SemiBin_120	K05846	ILEFAOFG_05062	7.2	0.69	0
EQnative_Herpetosiphonaceae_BPHZ01_1_SemiBin_120	K05846	ILEFAOFG_03138	6.9	0.87	0
EQnative_Herpetosiphonaceae_BPHZ01_1_SemiBin_120	K05846	ILEFAOFG_06117	6.5	1.1	0
EQnative_Herpetosiphonaceae_BPHZ01_1_SemiBin_120	K05846	ILEFAOFG_01091	6.4	1.2	0
EQnative_Herpetosiphonaceae_BPHZ01_1_SemiBin_120	K05846	ILEFAOFG_06140	6.2	1.4	0
EQnative_Herpetosiphonaceae_BPHZ01_1_SemiBin_120	K05846	ILEFAOFG_04543	6.2	1.4	0
EQnative_Herpetosiphonaceae_BPHZ01_1_SemiBin_120	K05846	ILEFAOFG_01164	6.1	1.5	0
EQnative_Herpetosiphonaceae_BPHZ01_1_SemiBin_120	K05846	ILEFAOFG_02500	5.8	1.9	0
EQnative_Herpetosiphonaceae_BPHZ01_1_SemiBin_120	K05846	ILEFAOFG_04748	5.7	2.0	0
EQnative_Herpetosiphonaceae_BPHZ01_1_SemiBin_120	K05846	ILEFAOFG_03745	5.6	2.0	0
EQnative_Herpetosiphonaceae_BPHZ01_1_SemiBin_120	K05846	ILEFAOFG_04318	5.2	2.7	0
EQnative_Herpetosiphonaceae_BPHZ01_1_SemiBin_120	K05846	ILEFAOFG_06182	4.1	6.2	0
EQnative_Herpetosiphonaceae_BPHZ01_1_SemiBin_120	K05846	ILEFAOFG_02441	3.7	8.0	0
EQnative_Herpetosiphonaceae_BPHZ01_1_SemiBin_120	K05847	ILEFAOFG_06243	311.4	3.6e-93	0
EQnative_Herpetosiphonaceae_BPHZ01_1_SemiBin_120	K05847	ILEFAOFG_05656	311.2	4.4e-93	0
EQnative_Herpetosiphonaceae_BPHZ01_1_SemiBin_120	K05847	ILEFAOFG_02638	293.7	8.8e-88	0
EQnative_Herpetosiphonaceae_BPHZ01_1_SemiBin_120	K05847	ILEFAOFG_01832	292.3	2.4e-87	0
EQnative_Herpetosiphonaceae_BPHZ01_1_SemiBin_120	K05847	ILEFAOFG_04999	288.5	3.4e-86	0
EQnative_Herpetosiphonaceae_BPHZ01_1_SemiBin_120	K05847	ILEFAOFG_05703	280.0	1.3e-83	0
EQnative_Herpetosiphonaceae_BPHZ01_1_SemiBin_120	K05847	ILEFAOFG_05222	275.0	4.2e-82	0
EQnative_Herpetosiphonaceae_BPHZ01_1_SemiBin_120	K05847	ILEFAOFG_05556	259.0	3.2e-77	0
EQnative_Herpetosiphonaceae_BPHZ01_1_SemiBin_120	K05847	ILEFAOFG_01005	251.4	6.1e-75	0
EQnative_Herpetosiphonaceae_BPHZ01_1_SemiBin_120	K05847	ILEFAOFG_03024	249.6	2.2e-74	0
EQnative_Herpetosiphonaceae_BPHZ01_1_SemiBin_120	K05847	ILEFAOFG_05856	243.3	1.8e-72	0
EQnative_Herpetosiphonaceae_BPHZ01_1_SemiBin_120	K05847	ILEFAOFG_00352	242.9	2.4e-72	0
EQnative_Herpetosiphonaceae_BPHZ01_1_SemiBin_120	K05847	ILEFAOFG_02102	235.5	4.3e-70	0
EQnative_Herpetosiphonaceae_BPHZ01_1_SemiBin_120	K05847	ILEFAOFG_04785	228.9	4.2e-68	0
EQnative_Herpetosiphonaceae_BPHZ01_1_SemiBin_120	K05847	ILEFAOFG_03824	224.8	7.5e-67	0
EQnative_Herpetosiphonaceae_BPHZ01_1_SemiBin_120	K05847	ILEFAOFG_05509	217.0	1.7e-64	0
EQnative_Herpetosiphonaceae_BPHZ01_1_SemiBin_120	K05847	ILEFAOFG_05783	214.8	8e-64	0
EQnative_Herpetosiphonaceae_BPHZ01_1_SemiBin_120	K05847	ILEFAOFG_01452	212.9	3e-63	0
EQnative_Herpetosiphonaceae_BPHZ01_1_SemiBin_120	K05847	ILEFAOFG_03255	212.9	3.1e-63	0
EQnative_Herpetosiphonaceae_BPHZ01_1_SemiBin_120	K05847	ILEFAOFG_03645	211.9	6.2e-63	0
EQnative_Herpetosiphonaceae_BPHZ01_1_SemiBin_120	K05847	ILEFAOFG_02672	204.9	8.4e-61	0
EQnative_Herpetosiphonaceae_BPHZ01_1_SemiBin_120	K05847	ILEFAOFG_01658	202.1	6.1e-60	0
EQnative_Herpetosiphonaceae_BPHZ01_1_SemiBin_120	K05847	ILEFAOFG_01446	200.2	2.2e-59	0
EQnative_Herpetosiphonaceae_BPHZ01_1_SemiBin_120	K05847	ILEFAOFG_01580	198.8	6e-59	0
EQnative_Herpetosiphonaceae_BPHZ01_1_SemiBin_120	K05847	ILEFAOFG_03209	196.4	3.3e-58	0
EQnative_Herpetosiphonaceae_BPHZ01_1_SemiBin_120	K05847	ILEFAOFG_01874	193.5	2.4e-57	0
EQnative_Herpetosiphonaceae_BPHZ01_1_SemiBin_120	K05847	ILEFAOFG_04964	193.0	3.5e-57	0
EQnative_Herpetosiphonaceae_BPHZ01_1_SemiBin_120	K05847	ILEFAOFG_01926	192.9	3.8e-57	0
EQnative_Herpetosiphonaceae_BPHZ01_1_SemiBin_120	K05847	ILEFAOFG_03940	189.3	4.5e-56	0
EQnative_Herpetosiphonaceae_BPHZ01_1_SemiBin_120	K05847	ILEFAOFG_05708	187.7	1.5e-55	0
EQnative_Herpetosiphonaceae_BPHZ01_1_SemiBin_120	K05847	ILEFAOFG_00018	184.6	1.2e-54	0
EQnative_Herpetosiphonaceae_BPHZ01_1_SemiBin_120	K05847	ILEFAOFG_06142	182.8	4.3e-54	0
EQnative_Herpetosiphonaceae_BPHZ01_1_SemiBin_120	K05847	ILEFAOFG_00328	182.3	6.1e-54	0
EQnative_Herpetosiphonaceae_BPHZ01_1_SemiBin_120	K05847	ILEFAOFG_03378	180.6	2.1e-53	0
EQnative_Herpetosiphonaceae_BPHZ01_1_SemiBin_120	K05847	ILEFAOFG_03208	178.9	6.8e-53	0
EQnative_Herpetosiphonaceae_BPHZ01_1_SemiBin_120	K05847	ILEFAOFG_02307	175.9	5.3e-52	0
EQnative_Herpetosiphonaceae_BPHZ01_1_SemiBin_120	K05847	ILEFAOFG_02542	173.9	2.2e-51	0
EQnative_Herpetosiphonaceae_BPHZ01_1_SemiBin_120	K05847	ILEFAOFG_00817	172.6	5.5e-51	0
EQnative_Herpetosiphonaceae_BPHZ01_1_SemiBin_120	K05847	ILEFAOFG_05784	167.2	2.4e-49	0
EQnative_Herpetosiphonaceae_BPHZ01_1_SemiBin_120	K05847	ILEFAOFG_01213	166.4	4.2e-49	0
EQnative_Herpetosiphonaceae_BPHZ01_1_SemiBin_120	K05847	ILEFAOFG_03937	166.2	4.8e-49	0
EQnative_Herpetosiphonaceae_BPHZ01_1_SemiBin_120	K05847	ILEFAOFG_02624	165.7	7e-49	0
EQnative_Herpetosiphonaceae_BPHZ01_1_SemiBin_120	K05847	ILEFAOFG_02525	165.3	9e-49	0
EQnative_Herpetosiphonaceae_BPHZ01_1_SemiBin_120	K05847	ILEFAOFG_00100	165.2	9.5e-49	0
EQnative_Herpetosiphonaceae_BPHZ01_1_SemiBin_120	K05847	ILEFAOFG_01846	165.0	1.1e-48	0
EQnative_Herpetosiphonaceae_BPHZ01_1_SemiBin_120	K05847	ILEFAOFG_00269	161.6	1.2e-47	0
EQnative_Herpetosiphonaceae_BPHZ01_1_SemiBin_120	K05847	ILEFAOFG_01501	160.5	2.6e-47	0
EQnative_Herpetosiphonaceae_BPHZ01_1_SemiBin_120	K05847	ILEFAOFG_01581	159.1	7e-47	0
EQnative_Herpetosiphonaceae_BPHZ01_1_SemiBin_120	K05847	ILEFAOFG_04555	156.6	4e-46	0
EQnative_Herpetosiphonaceae_BPHZ01_1_SemiBin_120	K05847	ILEFAOFG_00475	155.9	6.2e-46	0
EQnative_Herpetosiphonaceae_BPHZ01_1_SemiBin_120	K05847	ILEFAOFG_06143	155.6	8.1e-46	0
EQnative_Herpetosiphonaceae_BPHZ01_1_SemiBin_120	K05847	ILEFAOFG_03717	154.9	1.3e-45	0
EQnative_Herpetosiphonaceae_BPHZ01_1_SemiBin_120	K05847	ILEFAOFG_03644	154.3	1.9e-45	0
EQnative_Herpetosiphonaceae_BPHZ01_1_SemiBin_120	K05847	ILEFAOFG_02855	153.5	3.5e-45	0
EQnative_Herpetosiphonaceae_BPHZ01_1_SemiBin_120	K05847	ILEFAOFG_02671	151.7	1.3e-44	0
EQnative_Herpetosiphonaceae_BPHZ01_1_SemiBin_120	K05847	ILEFAOFG_01853	148.8	8.9e-44	0
EQnative_Herpetosiphonaceae_BPHZ01_1_SemiBin_120	K05847	ILEFAOFG_01998	147.0	3.3e-43	0
EQnative_Herpetosiphonaceae_BPHZ01_1_SemiBin_120	K05847	ILEFAOFG_04418	146.4	5e-43	0
EQnative_Herpetosiphonaceae_BPHZ01_1_SemiBin_120	K05847	ILEFAOFG_05323	146.3	5.4e-43	0
EQnative_Herpetosiphonaceae_BPHZ01_1_SemiBin_120	K05847	ILEFAOFG_04739	145.8	7.7e-43	0
EQnative_Herpetosiphonaceae_BPHZ01_1_SemiBin_120	K05847	ILEFAOFG_00525	145.3	1.1e-42	0
EQnative_Herpetosiphonaceae_BPHZ01_1_SemiBin_120	K05847	ILEFAOFG_01599	144.8	1.5e-42	0
EQnative_Herpetosiphonaceae_BPHZ01_1_SemiBin_120	K05847	ILEFAOFG_05050	144.4	2.1e-42	0
EQnative_Herpetosiphonaceae_BPHZ01_1_SemiBin_120	K05847	ILEFAOFG_05085	144.3	2.2e-42	0
EQnative_Herpetosiphonaceae_BPHZ01_1_SemiBin_120	K05847	ILEFAOFG_01100	143.4	4.1e-42	0
EQnative_Herpetosiphonaceae_BPHZ01_1_SemiBin_120	K05847	ILEFAOFG_04738	142.8	5.9e-42	0
EQnative_Herpetosiphonaceae_BPHZ01_1_SemiBin_120	K05847	ILEFAOFG_05350	141.9	1.2e-41	0
EQnative_Herpetosiphonaceae_BPHZ01_1_SemiBin_120	K05847	ILEFAOFG_03276	141.5	1.5e-41	0
EQnative_Herpetosiphonaceae_BPHZ01_1_SemiBin_120	K05847	ILEFAOFG_04211	141.0	2.2e-41	0
EQnative_Herpetosiphonaceae_BPHZ01_1_SemiBin_120	K05847	ILEFAOFG_00099	140.4	3.2e-41	0
EQnative_Herpetosiphonaceae_BPHZ01_1_SemiBin_120	K05847	ILEFAOFG_01875	139.9	4.5e-41	0
EQnative_Herpetosiphonaceae_BPHZ01_1_SemiBin_120	K05847	ILEFAOFG_00519	138.8	1e-40	0
EQnative_Herpetosiphonaceae_BPHZ01_1_SemiBin_120	K05847	ILEFAOFG_02296	138.1	1.6e-40	0
EQnative_Herpetosiphonaceae_BPHZ01_1_SemiBin_120	K05847	ILEFAOFG_02239	136.8	4.1e-40	0
EQnative_Herpetosiphonaceae_BPHZ01_1_SemiBin_120	K05847	ILEFAOFG_04736	136.1	6.4e-40	0
EQnative_Herpetosiphonaceae_BPHZ01_1_SemiBin_120	K05847	ILEFAOFG_04556	135.5	1e-39	0
EQnative_Herpetosiphonaceae_BPHZ01_1_SemiBin_120	K05847	ILEFAOFG_04714	134.5	2e-39	0
EQnative_Herpetosiphonaceae_BPHZ01_1_SemiBin_120	K05847	ILEFAOFG_00883	132.7	7.1e-39	0
EQnative_Herpetosiphonaceae_BPHZ01_1_SemiBin_120	K05847	ILEFAOFG_00476	130.2	4.1e-38	0
EQnative_Herpetosiphonaceae_BPHZ01_1_SemiBin_120	K05847	ILEFAOFG_05351	130.1	4.5e-38	0
EQnative_Herpetosiphonaceae_BPHZ01_1_SemiBin_120	K05847	ILEFAOFG_01099	130.0	4.8e-38	0
EQnative_Herpetosiphonaceae_BPHZ01_1_SemiBin_120	K05847	ILEFAOFG_03254	129.4	7.2e-38	0
EQnative_Herpetosiphonaceae_BPHZ01_1_SemiBin_120	K05847	ILEFAOFG_01290	129.0	9.4e-38	0
EQnative_Herpetosiphonaceae_BPHZ01_1_SemiBin_120	K05847	ILEFAOFG_00446	128.3	1.6e-37	0
EQnative_Herpetosiphonaceae_BPHZ01_1_SemiBin_120	K05847	ILEFAOFG_02860	128.2	1.7e-37	0
EQnative_Herpetosiphonaceae_BPHZ01_1_SemiBin_120	K05847	ILEFAOFG_03275	127.7	2.4e-37	0
EQnative_Herpetosiphonaceae_BPHZ01_1_SemiBin_120	K05847	ILEFAOFG_01383	127.5	2.7e-37	0
EQnative_Herpetosiphonaceae_BPHZ01_1_SemiBin_120	K05847	ILEFAOFG_00518	127.5	2.8e-37	0
EQnative_Herpetosiphonaceae_BPHZ01_1_SemiBin_120	K05847	ILEFAOFG_02297	126.9	4.2e-37	0
EQnative_Herpetosiphonaceae_BPHZ01_1_SemiBin_120	K05847	ILEFAOFG_02269	126.0	7.8e-37	0
EQnative_Herpetosiphonaceae_BPHZ01_1_SemiBin_120	K05847	ILEFAOFG_01289	125.7	9.5e-37	0
EQnative_Herpetosiphonaceae_BPHZ01_1_SemiBin_120	K05847	ILEFAOFG_00445	124.0	3.1e-36	0
EQnative_Herpetosiphonaceae_BPHZ01_1_SemiBin_120	K05847	ILEFAOFG_03936	123.4	4.8e-36	0
EQnative_Herpetosiphonaceae_BPHZ01_1_SemiBin_120	K05847	ILEFAOFG_01997	121.6	1.7e-35	0
EQnative_Herpetosiphonaceae_BPHZ01_1_SemiBin_120	K05847	ILEFAOFG_01854	120.5	3.6e-35	0
EQnative_Herpetosiphonaceae_BPHZ01_1_SemiBin_120	K05847	ILEFAOFG_02338	116.3	6.6e-34	0
EQnative_Herpetosiphonaceae_BPHZ01_1_SemiBin_120	K05847	ILEFAOFG_02141	115.8	1e-33	0
EQnative_Herpetosiphonaceae_BPHZ01_1_SemiBin_120	K05847	ILEFAOFG_02722	112.6	8.8e-33	0
EQnative_Herpetosiphonaceae_BPHZ01_1_SemiBin_120	K05847	ILEFAOFG_04733	105.9	9.6e-31	0
EQnative_Herpetosiphonaceae_BPHZ01_1_SemiBin_120	K05847	ILEFAOFG_03419	98.2	2.2e-28	0
EQnative_Herpetosiphonaceae_BPHZ01_1_SemiBin_120	K05847	ILEFAOFG_02061	97.4	3.9e-28	0
EQnative_Herpetosiphonaceae_BPHZ01_1_SemiBin_120	K05847	ILEFAOFG_02184	83.9	4.8e-24	0
EQnative_Herpetosiphonaceae_BPHZ01_1_SemiBin_120	K05847	ILEFAOFG_02062	83.2	7.9e-24	0
EQnative_Herpetosiphonaceae_BPHZ01_1_SemiBin_120	K05847	ILEFAOFG_04400	66.2	1.2e-18	0
EQnative_Herpetosiphonaceae_BPHZ01_1_SemiBin_120	K05847	ILEFAOFG_03084	61.0	4.3e-17	0
EQnative_Herpetosiphonaceae_BPHZ01_1_SemiBin_120	K05847	ILEFAOFG_00676	54.5	4.1e-15	0
EQnative_Herpetosiphonaceae_BPHZ01_1_SemiBin_120	K05847	ILEFAOFG_04554	18.7	0.00031	0
EQnative_Herpetosiphonaceae_BPHZ01_1_SemiBin_120	K05847	ILEFAOFG_02602	18.2	0.00044	0
EQnative_Herpetosiphonaceae_BPHZ01_1_SemiBin_120	K05847	ILEFAOFG_01897	18.1	0.00048	0
EQnative_Herpetosiphonaceae_BPHZ01_1_SemiBin_120	K05847	ILEFAOFG_03366	13.9	0.0085	0
EQnative_Herpetosiphonaceae_BPHZ01_1_SemiBin_120	K05847	ILEFAOFG_05951	12.4	0.025	0
EQnative_Herpetosiphonaceae_BPHZ01_1_SemiBin_120	K05847	ILEFAOFG_04041	12.0	0.032	0
EQnative_Herpetosiphonaceae_BPHZ01_1_SemiBin_120	K05847	ILEFAOFG_02703	11.1	0.061	0
EQnative_Herpetosiphonaceae_BPHZ01_1_SemiBin_120	K02168	ILEFAOFG_00343	6.5	0.65	0
EQnative_Herpetosiphonaceae_BPHZ01_1_SemiBin_120	K02168	ILEFAOFG_00877	4.5	2.6	0
EQnative_Herpetosiphonaceae_BPHZ01_1_SemiBin_120	K02000	ILEFAOFG_03024	290.8	1.2e-86	0
EQnative_Herpetosiphonaceae_BPHZ01_1_SemiBin_120	K02000	ILEFAOFG_06243	282.6	3.4e-84	0
EQnative_Herpetosiphonaceae_BPHZ01_1_SemiBin_120	K02000	ILEFAOFG_04999	279.5	3.1e-83	0
EQnative_Herpetosiphonaceae_BPHZ01_1_SemiBin_120	K02000	ILEFAOFG_02638	277.4	1.3e-82	0
EQnative_Herpetosiphonaceae_BPHZ01_1_SemiBin_120	K02000	ILEFAOFG_05703	263.5	2.2e-78	0
EQnative_Herpetosiphonaceae_BPHZ01_1_SemiBin_120	K02000	ILEFAOFG_01832	263.0	3e-78	0
EQnative_Herpetosiphonaceae_BPHZ01_1_SemiBin_120	K02000	ILEFAOFG_05222	252.7	3.8e-75	0
EQnative_Herpetosiphonaceae_BPHZ01_1_SemiBin_120	K02000	ILEFAOFG_05656	245.1	8e-73	0
EQnative_Herpetosiphonaceae_BPHZ01_1_SemiBin_120	K02000	ILEFAOFG_05556	239.3	4.5e-71	0
EQnative_Herpetosiphonaceae_BPHZ01_1_SemiBin_120	K02000	ILEFAOFG_00352	236.5	3.3e-70	0
EQnative_Herpetosiphonaceae_BPHZ01_1_SemiBin_120	K02000	ILEFAOFG_01005	235.7	5.6e-70	0
EQnative_Herpetosiphonaceae_BPHZ01_1_SemiBin_120	K02000	ILEFAOFG_05856	225.7	6e-67	0
EQnative_Herpetosiphonaceae_BPHZ01_1_SemiBin_120	K02000	ILEFAOFG_04785	223.9	2e-66	0
EQnative_Herpetosiphonaceae_BPHZ01_1_SemiBin_120	K02000	ILEFAOFG_02672	216.4	4e-64	0
EQnative_Herpetosiphonaceae_BPHZ01_1_SemiBin_120	K02000	ILEFAOFG_03255	212.5	5.7e-63	0
EQnative_Herpetosiphonaceae_BPHZ01_1_SemiBin_120	K02000	ILEFAOFG_01658	207.4	2.1e-61	0
EQnative_Herpetosiphonaceae_BPHZ01_1_SemiBin_120	K02000	ILEFAOFG_01446	199.7	4.5e-59	0
EQnative_Herpetosiphonaceae_BPHZ01_1_SemiBin_120	K02000	ILEFAOFG_05783	192.9	4.9e-57	0
EQnative_Herpetosiphonaceae_BPHZ01_1_SemiBin_120	K02000	ILEFAOFG_03208	190.5	2.6e-56	0
EQnative_Herpetosiphonaceae_BPHZ01_1_SemiBin_120	K02000	ILEFAOFG_03645	187.6	2e-55	0
EQnative_Herpetosiphonaceae_BPHZ01_1_SemiBin_120	K02000	ILEFAOFG_01926	186.8	3.6e-55	0
EQnative_Herpetosiphonaceae_BPHZ01_1_SemiBin_120	K02000	ILEFAOFG_03209	185.6	8.4e-55	0
EQnative_Herpetosiphonaceae_BPHZ01_1_SemiBin_120	K02000	ILEFAOFG_02102	185.3	9.9e-55	0
EQnative_Herpetosiphonaceae_BPHZ01_1_SemiBin_120	K02000	ILEFAOFG_05509	179.3	6.6e-53	0
EQnative_Herpetosiphonaceae_BPHZ01_1_SemiBin_120	K02000	ILEFAOFG_01452	178.1	1.6e-52	0
EQnative_Herpetosiphonaceae_BPHZ01_1_SemiBin_120	K02000	ILEFAOFG_02542	177.5	2.3e-52	0
EQnative_Herpetosiphonaceae_BPHZ01_1_SemiBin_120	K02000	ILEFAOFG_03378	174.2	2.4e-51	0
EQnative_Herpetosiphonaceae_BPHZ01_1_SemiBin_120	K02000	ILEFAOFG_01874	173.5	3.9e-51	0
EQnative_Herpetosiphonaceae_BPHZ01_1_SemiBin_120	K02000	ILEFAOFG_03824	169.6	5.7e-50	0
EQnative_Herpetosiphonaceae_BPHZ01_1_SemiBin_120	K02000	ILEFAOFG_00018	166.8	4.1e-49	0
EQnative_Herpetosiphonaceae_BPHZ01_1_SemiBin_120	K02000	ILEFAOFG_01580	160.2	4.1e-47	0
EQnative_Herpetosiphonaceae_BPHZ01_1_SemiBin_120	K02000	ILEFAOFG_05784	157.1	3.5e-46	0
EQnative_Herpetosiphonaceae_BPHZ01_1_SemiBin_120	K02000	ILEFAOFG_01581	155.2	1.3e-45	0
EQnative_Herpetosiphonaceae_BPHZ01_1_SemiBin_120	K02000	ILEFAOFG_02307	154.4	2.3e-45	0
EQnative_Herpetosiphonaceae_BPHZ01_1_SemiBin_120	K02000	ILEFAOFG_03644	152.4	9.2e-45	0
EQnative_Herpetosiphonaceae_BPHZ01_1_SemiBin_120	K02000	ILEFAOFG_00100	150.9	2.6e-44	0
EQnative_Herpetosiphonaceae_BPHZ01_1_SemiBin_120	K02000	ILEFAOFG_06142	150.1	4.7e-44	0
EQnative_Herpetosiphonaceae_BPHZ01_1_SemiBin_120	K02000	ILEFAOFG_00328	144.9	1.7e-42	0
EQnative_Herpetosiphonaceae_BPHZ01_1_SemiBin_120	K02000	ILEFAOFG_02671	144.1	3e-42	0
EQnative_Herpetosiphonaceae_BPHZ01_1_SemiBin_120	K02000	ILEFAOFG_02525	142.9	6.7e-42	0
EQnative_Herpetosiphonaceae_BPHZ01_1_SemiBin_120	K02000	ILEFAOFG_00269	140.1	4.8e-41	0
EQnative_Herpetosiphonaceae_BPHZ01_1_SemiBin_120	K02000	ILEFAOFG_05708	139.6	7e-41	0
EQnative_Herpetosiphonaceae_BPHZ01_1_SemiBin_120	K02000	ILEFAOFG_01213	138.6	1.3e-40	0
EQnative_Herpetosiphonaceae_BPHZ01_1_SemiBin_120	K02000	ILEFAOFG_04964	138.0	2.1e-40	0
EQnative_Herpetosiphonaceae_BPHZ01_1_SemiBin_120	K02000	ILEFAOFG_06143	137.8	2.4e-40	0
EQnative_Herpetosiphonaceae_BPHZ01_1_SemiBin_120	K02000	ILEFAOFG_04555	135.3	1.4e-39	0
EQnative_Herpetosiphonaceae_BPHZ01_1_SemiBin_120	K02000	ILEFAOFG_01846	132.6	9.2e-39	0
EQnative_Herpetosiphonaceae_BPHZ01_1_SemiBin_120	K02000	ILEFAOFG_03254	130.7	3.3e-38	0
EQnative_Herpetosiphonaceae_BPHZ01_1_SemiBin_120	K02000	ILEFAOFG_02855	129.9	6.1e-38	0
EQnative_Herpetosiphonaceae_BPHZ01_1_SemiBin_120	K02000	ILEFAOFG_03937	128.2	1.9e-37	0
EQnative_Herpetosiphonaceae_BPHZ01_1_SemiBin_120	K02000	ILEFAOFG_04556	127.7	2.8e-37	0
EQnative_Herpetosiphonaceae_BPHZ01_1_SemiBin_120	K02000	ILEFAOFG_01875	127.3	3.6e-37	0
EQnative_Herpetosiphonaceae_BPHZ01_1_SemiBin_120	K02000	ILEFAOFG_01998	125.9	9.9e-37	0
EQnative_Herpetosiphonaceae_BPHZ01_1_SemiBin_120	K02000	ILEFAOFG_03717	124.4	2.7e-36	0
EQnative_Herpetosiphonaceae_BPHZ01_1_SemiBin_120	K02000	ILEFAOFG_01501	123.7	4.5e-36	0
EQnative_Herpetosiphonaceae_BPHZ01_1_SemiBin_120	K02000	ILEFAOFG_03276	121.1	2.8e-35	0
EQnative_Herpetosiphonaceae_BPHZ01_1_SemiBin_120	K02000	ILEFAOFG_05323	118.7	1.5e-34	0
EQnative_Herpetosiphonaceae_BPHZ01_1_SemiBin_120	K02000	ILEFAOFG_02624	114.8	2.2e-33	0
EQnative_Herpetosiphonaceae_BPHZ01_1_SemiBin_120	K02000	ILEFAOFG_02296	114.7	2.4e-33	0
EQnative_Herpetosiphonaceae_BPHZ01_1_SemiBin_120	K02000	ILEFAOFG_03940	113.2	6.8e-33	0
EQnative_Herpetosiphonaceae_BPHZ01_1_SemiBin_120	K02000	ILEFAOFG_00475	111.8	1.7e-32	0
EQnative_Herpetosiphonaceae_BPHZ01_1_SemiBin_120	K02000	ILEFAOFG_05050	111.8	1.8e-32	0
EQnative_Herpetosiphonaceae_BPHZ01_1_SemiBin_120	K02000	ILEFAOFG_00099	111.3	2.6e-32	0
EQnative_Herpetosiphonaceae_BPHZ01_1_SemiBin_120	K02000	ILEFAOFG_00817	110.3	5.2e-32	0
EQnative_Herpetosiphonaceae_BPHZ01_1_SemiBin_120	K02000	ILEFAOFG_01100	108.0	2.5e-31	0
EQnative_Herpetosiphonaceae_BPHZ01_1_SemiBin_120	K02000	ILEFAOFG_05351	107.1	4.8e-31	0
EQnative_Herpetosiphonaceae_BPHZ01_1_SemiBin_120	K02000	ILEFAOFG_04739	106.3	8.5e-31	0
EQnative_Herpetosiphonaceae_BPHZ01_1_SemiBin_120	K02000	ILEFAOFG_01853	105.1	1.9e-30	0
EQnative_Herpetosiphonaceae_BPHZ01_1_SemiBin_120	K02000	ILEFAOFG_02239	104.7	2.5e-30	0
EQnative_Herpetosiphonaceae_BPHZ01_1_SemiBin_120	K02000	ILEFAOFG_04418	104.2	3.6e-30	0
EQnative_Herpetosiphonaceae_BPHZ01_1_SemiBin_120	K02000	ILEFAOFG_00525	104.0	4.2e-30	0
EQnative_Herpetosiphonaceae_BPHZ01_1_SemiBin_120	K02000	ILEFAOFG_01290	102.3	1.3e-29	0
EQnative_Herpetosiphonaceae_BPHZ01_1_SemiBin_120	K02000	ILEFAOFG_04738	102.0	1.7e-29	0
EQnative_Herpetosiphonaceae_BPHZ01_1_SemiBin_120	K02000	ILEFAOFG_01854	101.8	1.9e-29	0
EQnative_Herpetosiphonaceae_BPHZ01_1_SemiBin_120	K02000	ILEFAOFG_04714	100.9	3.6e-29	0
EQnative_Herpetosiphonaceae_BPHZ01_1_SemiBin_120	K02000	ILEFAOFG_05085	97.7	3.4e-28	0
EQnative_Herpetosiphonaceae_BPHZ01_1_SemiBin_120	K02000	ILEFAOFG_01383	97.6	3.5e-28	0
EQnative_Herpetosiphonaceae_BPHZ01_1_SemiBin_120	K02000	ILEFAOFG_00883	97.3	4.3e-28	0
EQnative_Herpetosiphonaceae_BPHZ01_1_SemiBin_120	K02000	ILEFAOFG_05350	92.2	1.5e-26	0
EQnative_Herpetosiphonaceae_BPHZ01_1_SemiBin_120	K02000	ILEFAOFG_02269	91.5	2.6e-26	0
EQnative_Herpetosiphonaceae_BPHZ01_1_SemiBin_120	K02000	ILEFAOFG_01599	91.4	2.8e-26	0
EQnative_Herpetosiphonaceae_BPHZ01_1_SemiBin_120	K02000	ILEFAOFG_00519	89.4	1.1e-25	0
EQnative_Herpetosiphonaceae_BPHZ01_1_SemiBin_120	K02000	ILEFAOFG_02297	86.6	7.6e-25	0
EQnative_Herpetosiphonaceae_BPHZ01_1_SemiBin_120	K02000	ILEFAOFG_00446	86.4	8.5e-25	0
EQnative_Herpetosiphonaceae_BPHZ01_1_SemiBin_120	K02000	ILEFAOFG_04211	84.8	2.7e-24	0
EQnative_Herpetosiphonaceae_BPHZ01_1_SemiBin_120	K02000	ILEFAOFG_03419	82.7	1.1e-23	0
EQnative_Herpetosiphonaceae_BPHZ01_1_SemiBin_120	K02000	ILEFAOFG_04736	81.7	2.3e-23	0
EQnative_Herpetosiphonaceae_BPHZ01_1_SemiBin_120	K02000	ILEFAOFG_02338	81.5	2.6e-23	0
EQnative_Herpetosiphonaceae_BPHZ01_1_SemiBin_120	K02000	ILEFAOFG_00445	79.9	8e-23	0
EQnative_Herpetosiphonaceae_BPHZ01_1_SemiBin_120	K02000	ILEFAOFG_00476	78.8	1.7e-22	0
EQnative_Herpetosiphonaceae_BPHZ01_1_SemiBin_120	K02000	ILEFAOFG_03275	78.0	3e-22	0
EQnative_Herpetosiphonaceae_BPHZ01_1_SemiBin_120	K02000	ILEFAOFG_01289	76.5	9e-22	0
EQnative_Herpetosiphonaceae_BPHZ01_1_SemiBin_120	K02000	ILEFAOFG_00518	75.5	1.7e-21	0
EQnative_Herpetosiphonaceae_BPHZ01_1_SemiBin_120	K02000	ILEFAOFG_02860	74.0	4.8e-21	0
EQnative_Herpetosiphonaceae_BPHZ01_1_SemiBin_120	K02000	ILEFAOFG_04733	70.1	7.7e-20	0
EQnative_Herpetosiphonaceae_BPHZ01_1_SemiBin_120	K02000	ILEFAOFG_03936	68.6	2.1e-19	0
EQnative_Herpetosiphonaceae_BPHZ01_1_SemiBin_120	K02000	ILEFAOFG_01997	67.8	3.9e-19	0
EQnative_Herpetosiphonaceae_BPHZ01_1_SemiBin_120	K02000	ILEFAOFG_02061	66.6	8.9e-19	0
EQnative_Herpetosiphonaceae_BPHZ01_1_SemiBin_120	K02000	ILEFAOFG_01099	64.8	2.9e-18	0
EQnative_Herpetosiphonaceae_BPHZ01_1_SemiBin_120	K02000	ILEFAOFG_02184	62.2	1.9e-17	0
EQnative_Herpetosiphonaceae_BPHZ01_1_SemiBin_120	K02000	ILEFAOFG_02722	60.2	7.7e-17	0
EQnative_Herpetosiphonaceae_BPHZ01_1_SemiBin_120	K02000	ILEFAOFG_02062	54.7	3.5e-15	0
EQnative_Herpetosiphonaceae_BPHZ01_1_SemiBin_120	K02000	ILEFAOFG_02141	46.1	1.4e-12	0
EQnative_Herpetosiphonaceae_BPHZ01_1_SemiBin_120	K02000	ILEFAOFG_04140	40.9	5.1e-11	0
EQnative_Herpetosiphonaceae_BPHZ01_1_SemiBin_120	K02000	ILEFAOFG_00676	39.5	1.4e-10	0
EQnative_Herpetosiphonaceae_BPHZ01_1_SemiBin_120	K02000	ILEFAOFG_05869	37.4	6e-10	0
EQnative_Herpetosiphonaceae_BPHZ01_1_SemiBin_120	K02000	ILEFAOFG_04400	36.3	1.2e-09	0
EQnative_Herpetosiphonaceae_BPHZ01_1_SemiBin_120	K02000	ILEFAOFG_04270	33.6	8.6e-09	0
EQnative_Herpetosiphonaceae_BPHZ01_1_SemiBin_120	K02000	ILEFAOFG_03084	31.4	3.8e-08	0
EQnative_Herpetosiphonaceae_BPHZ01_1_SemiBin_120	K02000	ILEFAOFG_02126	30.6	6.6e-08	0
EQnative_Herpetosiphonaceae_BPHZ01_1_SemiBin_120	K02000	ILEFAOFG_04884	30.3	8.6e-08	0
EQnative_Herpetosiphonaceae_BPHZ01_1_SemiBin_120	K02000	ILEFAOFG_00527	29.4	1.5e-07	0
EQnative_Herpetosiphonaceae_BPHZ01_1_SemiBin_120	K02000	ILEFAOFG_04041	27.6	5.4e-07	0
EQnative_Herpetosiphonaceae_BPHZ01_1_SemiBin_120	K02000	ILEFAOFG_00753	23.0	1.4e-05	0
EQnative_Herpetosiphonaceae_BPHZ01_1_SemiBin_120	K02000	ILEFAOFG_00305	22.2	2.4e-05	0
EQnative_Herpetosiphonaceae_BPHZ01_1_SemiBin_120	K02000	ILEFAOFG_05289	22.2	2.4e-05	0
EQnative_Herpetosiphonaceae_BPHZ01_1_SemiBin_120	K02000	ILEFAOFG_05891	16.1	0.0016	0
EQnative_Herpetosiphonaceae_BPHZ01_1_SemiBin_120	K02000	ILEFAOFG_04554	15.1	0.0034	0
EQnative_Herpetosiphonaceae_BPHZ01_1_SemiBin_120	K02000	ILEFAOFG_02250	15.0	0.0037	0
EQnative_Herpetosiphonaceae_BPHZ01_1_SemiBin_120	K02001	ILEFAOFG_06134	407.7	3.9e-122	1
EQnative_Herpetosiphonaceae_BPHZ01_1_SemiBin_120	K02001	ILEFAOFG_06135	204.0	1.5e-60	0
EQnative_Herpetosiphonaceae_BPHZ01_1_SemiBin_120	K02001	ILEFAOFG_03023	82.3	9.9e-24	0
EQnative_Herpetosiphonaceae_BPHZ01_1_SemiBin_120	K02001	ILEFAOFG_01833	37.3	3.9e-10	0
EQnative_Herpetosiphonaceae_BPHZ01_1_SemiBin_120	K02001	ILEFAOFG_06238	30.7	4.1e-08	0
EQnative_Herpetosiphonaceae_BPHZ01_1_SemiBin_120	K02001	ILEFAOFG_02970	24.2	3.6e-06	0
EQnative_Herpetosiphonaceae_BPHZ01_1_SemiBin_120	K02001	ILEFAOFG_02593	21.7	2e-05	0
EQnative_Herpetosiphonaceae_BPHZ01_1_SemiBin_120	K02001	ILEFAOFG_01006	20.2	5.8e-05	0
EQnative_Herpetosiphonaceae_BPHZ01_1_SemiBin_120	K02001	ILEFAOFG_04053	20.2	5.9e-05	0
EQnative_Herpetosiphonaceae_BPHZ01_1_SemiBin_120	K02001	ILEFAOFG_04997	20.0	6.7e-05	0
EQnative_Herpetosiphonaceae_BPHZ01_1_SemiBin_120	K02001	ILEFAOFG_06013	19.7	8.7e-05	0
EQnative_Herpetosiphonaceae_BPHZ01_1_SemiBin_120	K02001	ILEFAOFG_01698	19.6	8.8e-05	0
EQnative_Herpetosiphonaceae_BPHZ01_1_SemiBin_120	K02001	ILEFAOFG_00327	19.3	0.00011	0
EQnative_Herpetosiphonaceae_BPHZ01_1_SemiBin_120	K02001	ILEFAOFG_02851	18.2	0.00024	0
EQnative_Herpetosiphonaceae_BPHZ01_1_SemiBin_120	K02001	ILEFAOFG_04091	18.1	0.00025	0
EQnative_Herpetosiphonaceae_BPHZ01_1_SemiBin_120	K02001	ILEFAOFG_02442	17.9	0.00029	0
EQnative_Herpetosiphonaceae_BPHZ01_1_SemiBin_120	K02001	ILEFAOFG_03745	17.1	0.00053	0
EQnative_Herpetosiphonaceae_BPHZ01_1_SemiBin_120	K02001	ILEFAOFG_00459	16.7	0.0007	0
EQnative_Herpetosiphonaceae_BPHZ01_1_SemiBin_120	K02001	ILEFAOFG_01007	16.5	0.0008	0
EQnative_Herpetosiphonaceae_BPHZ01_1_SemiBin_120	K02001	ILEFAOFG_05114	16.4	0.00082	0
EQnative_Herpetosiphonaceae_BPHZ01_1_SemiBin_120	K02001	ILEFAOFG_02637	16.2	0.00095	0
EQnative_Herpetosiphonaceae_BPHZ01_1_SemiBin_120	K02001	ILEFAOFG_03819	15.3	0.0019	0
EQnative_Herpetosiphonaceae_BPHZ01_1_SemiBin_120	K02001	ILEFAOFG_06117	15.2	0.0019	0
EQnative_Herpetosiphonaceae_BPHZ01_1_SemiBin_120	K02001	ILEFAOFG_04312	15.2	0.002	0
EQnative_Herpetosiphonaceae_BPHZ01_1_SemiBin_120	K02001	ILEFAOFG_05558	14.7	0.0028	0
EQnative_Herpetosiphonaceae_BPHZ01_1_SemiBin_120	K02001	ILEFAOFG_04218	14.6	0.0031	0
EQnative_Herpetosiphonaceae_BPHZ01_1_SemiBin_120	K02001	ILEFAOFG_06181	14.4	0.0033	0
EQnative_Herpetosiphonaceae_BPHZ01_1_SemiBin_120	K02001	ILEFAOFG_04642	14.4	0.0034	0
EQnative_Herpetosiphonaceae_BPHZ01_1_SemiBin_120	K02001	ILEFAOFG_04770	14.4	0.0035	0
EQnative_Herpetosiphonaceae_BPHZ01_1_SemiBin_120	K02001	ILEFAOFG_00209	14.3	0.0037	0
EQnative_Herpetosiphonaceae_BPHZ01_1_SemiBin_120	K02001	ILEFAOFG_00194	14.2	0.0038	0
EQnative_Herpetosiphonaceae_BPHZ01_1_SemiBin_120	K02001	ILEFAOFG_05713	14.1	0.0042	0
EQnative_Herpetosiphonaceae_BPHZ01_1_SemiBin_120	K02001	ILEFAOFG_02402	14.0	0.0044	0
EQnative_Herpetosiphonaceae_BPHZ01_1_SemiBin_120	K02001	ILEFAOFG_05195	14.0	0.0045	0
EQnative_Herpetosiphonaceae_BPHZ01_1_SemiBin_120	K02001	ILEFAOFG_02594	13.9	0.0047	0
EQnative_Herpetosiphonaceae_BPHZ01_1_SemiBin_120	K02001	ILEFAOFG_05062	13.7	0.0054	0
EQnative_Herpetosiphonaceae_BPHZ01_1_SemiBin_120	K02001	ILEFAOFG_00204	13.7	0.0055	0
EQnative_Herpetosiphonaceae_BPHZ01_1_SemiBin_120	K02001	ILEFAOFG_00488	13.5	0.0063	0
EQnative_Herpetosiphonaceae_BPHZ01_1_SemiBin_120	K02001	ILEFAOFG_00408	13.3	0.0075	0
EQnative_Herpetosiphonaceae_BPHZ01_1_SemiBin_120	K02001	ILEFAOFG_05787	13.3	0.0076	0
EQnative_Herpetosiphonaceae_BPHZ01_1_SemiBin_120	K02001	ILEFAOFG_01360	13.1	0.0082	0
EQnative_Herpetosiphonaceae_BPHZ01_1_SemiBin_120	K02001	ILEFAOFG_04313	13.1	0.0085	0
EQnative_Herpetosiphonaceae_BPHZ01_1_SemiBin_120	K02001	ILEFAOFG_05325	12.8	0.01	0
EQnative_Herpetosiphonaceae_BPHZ01_1_SemiBin_120	K02001	ILEFAOFG_02971	12.8	0.011	0
EQnative_Herpetosiphonaceae_BPHZ01_1_SemiBin_120	K02001	ILEFAOFG_01589	12.7	0.011	0
EQnative_Herpetosiphonaceae_BPHZ01_1_SemiBin_120	K02001	ILEFAOFG_06275	12.6	0.012	0
EQnative_Herpetosiphonaceae_BPHZ01_1_SemiBin_120	K02001	ILEFAOFG_02463	11.7	0.022	0
EQnative_Herpetosiphonaceae_BPHZ01_1_SemiBin_120	K02001	ILEFAOFG_02662	11.6	0.024	0
EQnative_Herpetosiphonaceae_BPHZ01_1_SemiBin_120	K02001	ILEFAOFG_04219	11.5	0.026	0
EQnative_Herpetosiphonaceae_BPHZ01_1_SemiBin_120	K02001	ILEFAOFG_03643	10.9	0.039	0
EQnative_Herpetosiphonaceae_BPHZ01_1_SemiBin_120	K02001	ILEFAOFG_03091	10.9	0.04	0
EQnative_Herpetosiphonaceae_BPHZ01_1_SemiBin_120	K02001	ILEFAOFG_02499	10.7	0.045	0
EQnative_Herpetosiphonaceae_BPHZ01_1_SemiBin_120	K02001	ILEFAOFG_03252	10.3	0.057	0
EQnative_Herpetosiphonaceae_BPHZ01_1_SemiBin_120	K02001	ILEFAOFG_01428	10.3	0.058	0
EQnative_Herpetosiphonaceae_BPHZ01_1_SemiBin_120	K02001	ILEFAOFG_05557	10.2	0.065	0
EQnative_Herpetosiphonaceae_BPHZ01_1_SemiBin_120	K02001	ILEFAOFG_01178	9.8	0.085	0
EQnative_Herpetosiphonaceae_BPHZ01_1_SemiBin_120	K02001	ILEFAOFG_04318	9.7	0.091	0
EQnative_Herpetosiphonaceae_BPHZ01_1_SemiBin_120	K02001	ILEFAOFG_04319	9.4	0.11	0
EQnative_Herpetosiphonaceae_BPHZ01_1_SemiBin_120	K02001	ILEFAOFG_05033	9.3	0.12	0
EQnative_Herpetosiphonaceae_BPHZ01_1_SemiBin_120	K02001	ILEFAOFG_04542	9.3	0.12	0
EQnative_Herpetosiphonaceae_BPHZ01_1_SemiBin_120	K02001	ILEFAOFG_04289	9.1	0.14	0
EQnative_Herpetosiphonaceae_BPHZ01_1_SemiBin_120	K02001	ILEFAOFG_04748	9.0	0.14	0
EQnative_Herpetosiphonaceae_BPHZ01_1_SemiBin_120	K02001	ILEFAOFG_00326	8.9	0.15	0
EQnative_Herpetosiphonaceae_BPHZ01_1_SemiBin_120	K02001	ILEFAOFG_05786	8.8	0.17	0
EQnative_Herpetosiphonaceae_BPHZ01_1_SemiBin_120	K02001	ILEFAOFG_05577	8.8	0.17	0
EQnative_Herpetosiphonaceae_BPHZ01_1_SemiBin_120	K02001	ILEFAOFG_00779	8.6	0.19	0
EQnative_Herpetosiphonaceae_BPHZ01_1_SemiBin_120	K02001	ILEFAOFG_04998	7.7	0.37	0
EQnative_Herpetosiphonaceae_BPHZ01_1_SemiBin_120	K02001	ILEFAOFG_01059	7.4	0.45	0
EQnative_Herpetosiphonaceae_BPHZ01_1_SemiBin_120	K02001	ILEFAOFG_00353	7.3	0.48	0
EQnative_Herpetosiphonaceae_BPHZ01_1_SemiBin_120	K02001	ILEFAOFG_01494	6.8	0.67	0
EQnative_Herpetosiphonaceae_BPHZ01_1_SemiBin_120	K02001	ILEFAOFG_04135	6.8	0.68	0
EQnative_Herpetosiphonaceae_BPHZ01_1_SemiBin_120	K02001	ILEFAOFG_03820	6.7	0.71	0
EQnative_Herpetosiphonaceae_BPHZ01_1_SemiBin_120	K02001	ILEFAOFG_05854	6.2	1.0	0
EQnative_Herpetosiphonaceae_BPHZ01_1_SemiBin_120	K02001	ILEFAOFG_01582	6.2	1.0	0
EQnative_Herpetosiphonaceae_BPHZ01_1_SemiBin_120	K02001	ILEFAOFG_01330	5.9	1.2	0
EQnative_Herpetosiphonaceae_BPHZ01_1_SemiBin_120	K02001	ILEFAOFG_04133	5.6	1.5	0
EQnative_Herpetosiphonaceae_BPHZ01_1_SemiBin_120	K02001	ILEFAOFG_03949	5.3	2.0	0
EQnative_Herpetosiphonaceae_BPHZ01_1_SemiBin_120	K02001	ILEFAOFG_01359	5.2	2.0	0
EQnative_Herpetosiphonaceae_BPHZ01_1_SemiBin_120	K02001	ILEFAOFG_02401	4.8	2.7	0
EQnative_Herpetosiphonaceae_BPHZ01_1_SemiBin_120	K02001	ILEFAOFG_03253	4.8	2.7	0
EQnative_Herpetosiphonaceae_BPHZ01_1_SemiBin_120	K02001	ILEFAOFG_04605	4.6	3.2	0
EQnative_Herpetosiphonaceae_BPHZ01_1_SemiBin_120	K02001	ILEFAOFG_00016	3.0	9.6	0
EQnative_Herpetosiphonaceae_BPHZ01_1_SemiBin_120	K02002	ILEFAOFG_06135	337.9	3.5e-101	1
EQnative_Herpetosiphonaceae_BPHZ01_1_SemiBin_120	K02002	ILEFAOFG_06134	186.1	3.4e-55	1
EQnative_Herpetosiphonaceae_BPHZ01_1_SemiBin_120	K02002	ILEFAOFG_03023	25.3	1.6e-06	0
EQnative_Herpetosiphonaceae_BPHZ01_1_SemiBin_120	K02002	ILEFAOFG_01833	23.2	7.2e-06	0
EQnative_Herpetosiphonaceae_BPHZ01_1_SemiBin_120	K02002	ILEFAOFG_04138	16.2	0.00098	0
EQnative_Herpetosiphonaceae_BPHZ01_1_SemiBin_120	K02002	ILEFAOFG_03205	14.6	0.003	0
EQnative_Herpetosiphonaceae_BPHZ01_1_SemiBin_120	K02002	ILEFAOFG_01245	13.9	0.0047	0
EQnative_Herpetosiphonaceae_BPHZ01_1_SemiBin_120	K02002	ILEFAOFG_03745	12.3	0.014	0
EQnative_Herpetosiphonaceae_BPHZ01_1_SemiBin_120	K02002	ILEFAOFG_01776	10.1	0.07	0
EQnative_Herpetosiphonaceae_BPHZ01_1_SemiBin_120	K02002	ILEFAOFG_00353	8.8	0.17	0
EQnative_Herpetosiphonaceae_BPHZ01_1_SemiBin_120	K01226	ILEFAOFG_05547	751.7	1.8e-226	0
EQnative_Herpetosiphonaceae_BPHZ01_1_SemiBin_120	K01226	ILEFAOFG_00289	501.4	1.2e-150	0
EQnative_Herpetosiphonaceae_BPHZ01_1_SemiBin_120	K01226	ILEFAOFG_00620	451.8	1.3e-135	0
EQnative_Herpetosiphonaceae_BPHZ01_1_SemiBin_120	K01226	ILEFAOFG_00616	330.5	7.6e-99	0
EQnative_Herpetosiphonaceae_BPHZ01_1_SemiBin_120	K01226	ILEFAOFG_00020	330.2	9e-99	0
EQnative_Herpetosiphonaceae_BPHZ01_1_SemiBin_120	K01226	ILEFAOFG_05569	317.5	6.6e-95	0
EQnative_Herpetosiphonaceae_BPHZ01_1_SemiBin_120	K01226	ILEFAOFG_02929	294.3	6.7e-88	0
EQnative_Herpetosiphonaceae_BPHZ01_1_SemiBin_120	K01226	ILEFAOFG_03747	162.1	7.8e-48	0
EQnative_Herpetosiphonaceae_BPHZ01_1_SemiBin_120	K01226	ILEFAOFG_00207	146.6	3.8e-43	0
EQnative_Herpetosiphonaceae_BPHZ01_1_SemiBin_120	K01226	ILEFAOFG_06227	145.8	6.6e-43	0
EQnative_Herpetosiphonaceae_BPHZ01_1_SemiBin_120	K01226	ILEFAOFG_04664	141.9	1.1e-41	0
EQnative_Herpetosiphonaceae_BPHZ01_1_SemiBin_120	K01226	ILEFAOFG_06116	141.4	1.4e-41	0
EQnative_Herpetosiphonaceae_BPHZ01_1_SemiBin_120	K01226	ILEFAOFG_02885	135.2	1.1e-39	0
EQnative_Herpetosiphonaceae_BPHZ01_1_SemiBin_120	K01226	ILEFAOFG_06067	118.2	1.5e-34	0
EQnative_Herpetosiphonaceae_BPHZ01_1_SemiBin_120	K01226	ILEFAOFG_00535	113.2	5.1e-33	0
EQnative_Herpetosiphonaceae_BPHZ01_1_SemiBin_120	K01226	ILEFAOFG_01286	76.0	9.7e-22	0
EQnative_Herpetosiphonaceae_BPHZ01_1_SemiBin_120	K01226	ILEFAOFG_00615	65.6	1.4e-18	0
EQnative_Herpetosiphonaceae_BPHZ01_1_SemiBin_120	K01226	ILEFAOFG_00617	49.4	1.1e-13	0
EQnative_Herpetosiphonaceae_BPHZ01_1_SemiBin_120	K01226	ILEFAOFG_00392	47.4	4.3e-13	0
EQnative_Herpetosiphonaceae_BPHZ01_1_SemiBin_120	K01226	ILEFAOFG_05009	39.8	8.6e-11	0
EQnative_Herpetosiphonaceae_BPHZ01_1_SemiBin_120	K01226	ILEFAOFG_00613	39.6	1e-10	0
EQnative_Herpetosiphonaceae_BPHZ01_1_SemiBin_120	K01226	ILEFAOFG_01518	12.0	0.023	0
EQnative_Herpetosiphonaceae_BPHZ01_1_SemiBin_120	K03486	ILEFAOFG_00783	140.3	2.7e-41	0
EQnative_Herpetosiphonaceae_BPHZ01_1_SemiBin_120	K03486	ILEFAOFG_05572	132.2	7.6e-39	0
EQnative_Herpetosiphonaceae_BPHZ01_1_SemiBin_120	K03486	ILEFAOFG_01702	113.4	4.2e-33	0
EQnative_Herpetosiphonaceae_BPHZ01_1_SemiBin_120	K03486	ILEFAOFG_05361	62.2	1.9e-17	0
EQnative_Herpetosiphonaceae_BPHZ01_1_SemiBin_120	K03486	ILEFAOFG_01971	48.6	2.7e-13	0
EQnative_Herpetosiphonaceae_BPHZ01_1_SemiBin_120	K03486	ILEFAOFG_04184	44.0	6.7e-12	0
EQnative_Herpetosiphonaceae_BPHZ01_1_SemiBin_120	K03486	ILEFAOFG_03286	43.2	1.2e-11	0
EQnative_Herpetosiphonaceae_BPHZ01_1_SemiBin_120	K03486	ILEFAOFG_04168	42.8	1.6e-11	0
EQnative_Herpetosiphonaceae_BPHZ01_1_SemiBin_120	K03486	ILEFAOFG_02502	40.9	6e-11	0
EQnative_Herpetosiphonaceae_BPHZ01_1_SemiBin_120	K03486	ILEFAOFG_05851	38.5	3.3e-10	0
EQnative_Herpetosiphonaceae_BPHZ01_1_SemiBin_120	K03486	ILEFAOFG_02834	34.5	5.4e-09	0
EQnative_Herpetosiphonaceae_BPHZ01_1_SemiBin_120	K03486	ILEFAOFG_01427	28.1	4.9e-07	0
EQnative_Herpetosiphonaceae_BPHZ01_1_SemiBin_120	K03486	ILEFAOFG_05585	27.1	9.9e-07	0
EQnative_Herpetosiphonaceae_BPHZ01_1_SemiBin_120	K03486	ILEFAOFG_06271	24.6	5.6e-06	0
EQnative_Herpetosiphonaceae_BPHZ01_1_SemiBin_120	K03486	ILEFAOFG_03187	23.6	1.2e-05	0
EQnative_Herpetosiphonaceae_BPHZ01_1_SemiBin_120	K03486	ILEFAOFG_04648	19.4	0.00022	0
EQnative_Herpetosiphonaceae_BPHZ01_1_SemiBin_120	K03486	ILEFAOFG_02101	18.4	0.00046	0
EQnative_Herpetosiphonaceae_BPHZ01_1_SemiBin_120	K03486	ILEFAOFG_04709	16.8	0.0014	0
EQnative_Herpetosiphonaceae_BPHZ01_1_SemiBin_120	K03486	ILEFAOFG_03262	14.1	0.0092	0
EQnative_Herpetosiphonaceae_BPHZ01_1_SemiBin_120	K03486	ILEFAOFG_02403	13.4	0.015	0
EQnative_Herpetosiphonaceae_BPHZ01_1_SemiBin_120	K03486	ILEFAOFG_00078	11.7	0.048	0
EQnative_Herpetosiphonaceae_BPHZ01_2_SemiBin_145	K00697	OJEPDKKJ_02273	454.7	9.6e-137	0
EQnative_Herpetosiphonaceae_BPHZ01_2_SemiBin_145	K00697	OJEPDKKJ_00710	21.9	1.1e-05	0
EQnative_Herpetosiphonaceae_BPHZ01_2_SemiBin_145	K00697	OJEPDKKJ_01717	14.1	0.0025	0
EQnative_Herpetosiphonaceae_BPHZ01_2_SemiBin_145	K00697	OJEPDKKJ_00651	12.7	0.0066	0
EQnative_Herpetosiphonaceae_BPHZ01_2_SemiBin_145	K00697	OJEPDKKJ_00086	11.3	0.018	0
EQnative_Herpetosiphonaceae_BPHZ01_2_SemiBin_145	K00697	OJEPDKKJ_02111	10.9	0.023	0
EQnative_Herpetosiphonaceae_BPHZ01_2_SemiBin_145	K00697	OJEPDKKJ_02564	10.8	0.025	0
EQnative_Herpetosiphonaceae_BPHZ01_2_SemiBin_145	K00697	OJEPDKKJ_00334	10.6	0.029	0
EQnative_Herpetosiphonaceae_BPHZ01_2_SemiBin_145	K00697	OJEPDKKJ_03219	10.4	0.034	0
EQnative_Herpetosiphonaceae_BPHZ01_2_SemiBin_145	K01087	OJEPDKKJ_02272	185.9	2.5e-55	1
EQnative_Herpetosiphonaceae_BPHZ01_2_SemiBin_145	K01087	OJEPDKKJ_01402	21.5	2e-05	0
EQnative_Herpetosiphonaceae_BPHZ01_2_SemiBin_145	K01087	OJEPDKKJ_02660	17.6	0.0003	0
EQnative_Herpetosiphonaceae_BPHZ01_2_SemiBin_145	K05343	OJEPDKKJ_01597	1254.7	0.0	1
EQnative_Herpetosiphonaceae_BPHZ01_2_SemiBin_145	K05343	OJEPDKKJ_02006	789.0	1.5e-237	1
EQnative_Herpetosiphonaceae_BPHZ01_2_SemiBin_145	K05343	OJEPDKKJ_03523	202.1	3e-60	0
EQnative_Herpetosiphonaceae_BPHZ01_2_SemiBin_145	K05343	OJEPDKKJ_00765	196.1	2e-58	0
EQnative_Herpetosiphonaceae_BPHZ01_2_SemiBin_145	K05343	OJEPDKKJ_01883	195.5	3.1e-58	0
EQnative_Herpetosiphonaceae_BPHZ01_2_SemiBin_145	K05343	OJEPDKKJ_02353	96.2	3e-28	0
EQnative_Herpetosiphonaceae_BPHZ01_2_SemiBin_145	K05343	OJEPDKKJ_03522	69.9	2.7e-20	0
EQnative_Herpetosiphonaceae_BPHZ01_2_SemiBin_145	K05343	OJEPDKKJ_02812	65.9	4.2e-19	0
EQnative_Herpetosiphonaceae_BPHZ01_2_SemiBin_145	K05343	OJEPDKKJ_02355	48.9	6e-14	0
EQnative_Herpetosiphonaceae_BPHZ01_2_SemiBin_145	K05343	OJEPDKKJ_03813	17.3	0.00021	0
EQnative_Herpetosiphonaceae_BPHZ01_2_SemiBin_145	K06044	OJEPDKKJ_02297	191.6	4.3e-57	0
EQnative_Herpetosiphonaceae_BPHZ01_2_SemiBin_145	K06044	OJEPDKKJ_01883	77.9	8.8e-23	0
EQnative_Herpetosiphonaceae_BPHZ01_2_SemiBin_145	K06044	OJEPDKKJ_02353	77.7	1e-22	0
EQnative_Herpetosiphonaceae_BPHZ01_2_SemiBin_145	K06044	OJEPDKKJ_00765	68.5	5.8e-20	0
EQnative_Herpetosiphonaceae_BPHZ01_2_SemiBin_145	K06044	OJEPDKKJ_03522	58.6	5.6e-17	0
EQnative_Herpetosiphonaceae_BPHZ01_2_SemiBin_145	K06044	OJEPDKKJ_01597	47.2	1.6e-13	0
EQnative_Herpetosiphonaceae_BPHZ01_2_SemiBin_145	K06044	OJEPDKKJ_02006	42.2	5.2e-12	0
EQnative_Herpetosiphonaceae_BPHZ01_2_SemiBin_145	K06044	OJEPDKKJ_03813	27.4	1.5e-07	0
EQnative_Herpetosiphonaceae_BPHZ01_2_SemiBin_145	K06044	OJEPDKKJ_02812	21.8	7.3e-06	0
EQnative_Herpetosiphonaceae_BPHZ01_2_SemiBin_145	K01236	OJEPDKKJ_03522	809.8	5.7e-244	1
EQnative_Herpetosiphonaceae_BPHZ01_2_SemiBin_145	K01236	OJEPDKKJ_00765	153.2	1.9e-45	0
EQnative_Herpetosiphonaceae_BPHZ01_2_SemiBin_145	K01236	OJEPDKKJ_01597	135.9	3.3e-40	0
EQnative_Herpetosiphonaceae_BPHZ01_2_SemiBin_145	K01236	OJEPDKKJ_01883	124.2	1.1e-36	0
EQnative_Herpetosiphonaceae_BPHZ01_2_SemiBin_145	K01236	OJEPDKKJ_02006	95.1	7.2e-28	0
EQnative_Herpetosiphonaceae_BPHZ01_2_SemiBin_145	K01236	OJEPDKKJ_02812	84.3	1.3e-24	0
EQnative_Herpetosiphonaceae_BPHZ01_2_SemiBin_145	K01236	OJEPDKKJ_02353	83.6	2.1e-24	0
EQnative_Herpetosiphonaceae_BPHZ01_2_SemiBin_145	K01236	OJEPDKKJ_02186	25.2	9.9e-07	0
EQnative_Herpetosiphonaceae_BPHZ01_2_SemiBin_145	K01236	OJEPDKKJ_02355	18.2	0.00013	0
EQnative_Herpetosiphonaceae_BPHZ01_2_SemiBin_145	K13057	OJEPDKKJ_02662	85.9	4.2e-25	0
EQnative_Herpetosiphonaceae_BPHZ01_2_SemiBin_145	K13057	OJEPDKKJ_03449	72.0	7e-21	0
EQnative_Herpetosiphonaceae_BPHZ01_2_SemiBin_145	K13057	OJEPDKKJ_00499	71.3	1.2e-20	0
EQnative_Herpetosiphonaceae_BPHZ01_2_SemiBin_145	K13057	OJEPDKKJ_00426	70.8	1.7e-20	0
EQnative_Herpetosiphonaceae_BPHZ01_2_SemiBin_145	K13057	OJEPDKKJ_00086	69.2	5.1e-20	0
EQnative_Herpetosiphonaceae_BPHZ01_2_SemiBin_145	K13057	OJEPDKKJ_00732	67.8	1.3e-19	0
EQnative_Herpetosiphonaceae_BPHZ01_2_SemiBin_145	K13057	OJEPDKKJ_00710	61.3	1.3e-17	0
EQnative_Herpetosiphonaceae_BPHZ01_2_SemiBin_145	K13057	OJEPDKKJ_00523	60.2	2.8e-17	0
EQnative_Herpetosiphonaceae_BPHZ01_2_SemiBin_145	K13057	OJEPDKKJ_00514	56.3	4.1e-16	0
EQnative_Herpetosiphonaceae_BPHZ01_2_SemiBin_145	K13057	OJEPDKKJ_00729	54.6	1.3e-15	0
EQnative_Herpetosiphonaceae_BPHZ01_2_SemiBin_145	K13057	OJEPDKKJ_02840	51.4	1.3e-14	0
EQnative_Herpetosiphonaceae_BPHZ01_2_SemiBin_145	K13057	OJEPDKKJ_01275	50.8	2e-14	0
EQnative_Herpetosiphonaceae_BPHZ01_2_SemiBin_145	K13057	OJEPDKKJ_02663	50.7	2e-14	0
EQnative_Herpetosiphonaceae_BPHZ01_2_SemiBin_145	K13057	OJEPDKKJ_01717	48.7	8.4e-14	0
EQnative_Herpetosiphonaceae_BPHZ01_2_SemiBin_145	K13057	OJEPDKKJ_03219	48.5	9.8e-14	0
EQnative_Herpetosiphonaceae_BPHZ01_2_SemiBin_145	K13057	OJEPDKKJ_02111	43.8	2.6e-12	0
EQnative_Herpetosiphonaceae_BPHZ01_2_SemiBin_145	K13057	OJEPDKKJ_01806	43.0	4.6e-12	0
EQnative_Herpetosiphonaceae_BPHZ01_2_SemiBin_145	K13057	OJEPDKKJ_00727	40.3	3e-11	0
EQnative_Herpetosiphonaceae_BPHZ01_2_SemiBin_145	K13057	OJEPDKKJ_03759	40.0	3.7e-11	0
EQnative_Herpetosiphonaceae_BPHZ01_2_SemiBin_145	K13057	OJEPDKKJ_00515	35.1	1.1e-09	0
EQnative_Herpetosiphonaceae_BPHZ01_2_SemiBin_145	K13057	OJEPDKKJ_02564	34.4	1.9e-09	0
EQnative_Herpetosiphonaceae_BPHZ01_2_SemiBin_145	K13057	OJEPDKKJ_00699	33.4	3.6e-09	0
EQnative_Herpetosiphonaceae_BPHZ01_2_SemiBin_145	K13057	OJEPDKKJ_00651	32.7	6.1e-09	0
EQnative_Herpetosiphonaceae_BPHZ01_2_SemiBin_145	K13057	OJEPDKKJ_00334	32.4	7.2e-09	0
EQnative_Herpetosiphonaceae_BPHZ01_2_SemiBin_145	K13057	OJEPDKKJ_02914	31.2	1.8e-08	0
EQnative_Herpetosiphonaceae_BPHZ01_2_SemiBin_145	K13057	OJEPDKKJ_00423	31.2	1.8e-08	0
EQnative_Herpetosiphonaceae_BPHZ01_2_SemiBin_145	K13057	OJEPDKKJ_02913	27.0	3.3e-07	0
EQnative_Herpetosiphonaceae_BPHZ01_2_SemiBin_145	K13057	OJEPDKKJ_00524	26.9	3.5e-07	0
EQnative_Herpetosiphonaceae_BPHZ01_2_SemiBin_145	K13057	OJEPDKKJ_01585	25.6	8.6e-07	0
EQnative_Herpetosiphonaceae_BPHZ01_2_SemiBin_145	K13057	OJEPDKKJ_00419	24.3	2.2e-06	0
EQnative_Herpetosiphonaceae_BPHZ01_2_SemiBin_145	K13057	OJEPDKKJ_00572	23.1	4.8e-06	0
EQnative_Herpetosiphonaceae_BPHZ01_2_SemiBin_145	K13057	OJEPDKKJ_03811	15.8	0.00081	0
EQnative_Herpetosiphonaceae_BPHZ01_2_SemiBin_145	K13057	OJEPDKKJ_00730	14.5	0.002	0
EQnative_Herpetosiphonaceae_BPHZ01_2_SemiBin_145	K13057	OJEPDKKJ_01257	13.2	0.0051	0
EQnative_Herpetosiphonaceae_BPHZ01_2_SemiBin_145	K13057	OJEPDKKJ_03739	11.6	0.015	0
EQnative_Herpetosiphonaceae_BPHZ01_2_SemiBin_145	K00108	OJEPDKKJ_02781	13.1	0.0036	0
EQnative_Herpetosiphonaceae_BPHZ01_2_SemiBin_145	K00108	OJEPDKKJ_01756	11.4	0.012	0
EQnative_Herpetosiphonaceae_BPHZ01_2_SemiBin_145	K00108	OJEPDKKJ_00043	10.7	0.02	0
EQnative_Herpetosiphonaceae_BPHZ01_2_SemiBin_145	K00130	OJEPDKKJ_02142	673.8	4.1e-203	0
EQnative_Herpetosiphonaceae_BPHZ01_2_SemiBin_145	K00130	OJEPDKKJ_01476	581.2	4.3e-175	0
EQnative_Herpetosiphonaceae_BPHZ01_2_SemiBin_145	K00130	OJEPDKKJ_00056	463.2	2.4e-139	0
EQnative_Herpetosiphonaceae_BPHZ01_2_SemiBin_145	K00130	OJEPDKKJ_00639	447.5	1.4e-134	0
EQnative_Herpetosiphonaceae_BPHZ01_2_SemiBin_145	K00130	OJEPDKKJ_03534	441.3	1e-132	0
EQnative_Herpetosiphonaceae_BPHZ01_2_SemiBin_145	K00130	OJEPDKKJ_01072	438.4	7.5e-132	0
EQnative_Herpetosiphonaceae_BPHZ01_2_SemiBin_145	K00130	OJEPDKKJ_03834	207.4	6.9e-62	0
EQnative_Herpetosiphonaceae_BPHZ01_2_SemiBin_145	K00130	OJEPDKKJ_00891	167.1	1.1e-49	0
EQnative_Herpetosiphonaceae_BPHZ01_2_SemiBin_145	K00130	OJEPDKKJ_02327	47.8	1.4e-13	0
EQnative_Herpetosiphonaceae_BPHZ01_2_SemiBin_145	K00130	OJEPDKKJ_03085	46.0	5.4e-13	0
EQnative_Herpetosiphonaceae_BPHZ01_2_SemiBin_145	K00130	OJEPDKKJ_01268	38.8	7.9e-11	0
EQnative_Herpetosiphonaceae_BPHZ01_2_SemiBin_145	K00499	OJEPDKKJ_02223	27.2	3.2e-07	0
EQnative_Herpetosiphonaceae_BPHZ01_2_SemiBin_145	K17756	OJEPDKKJ_01756	16.4	0.00048	0
EQnative_Herpetosiphonaceae_BPHZ01_2_SemiBin_145	K17756	OJEPDKKJ_03208	12.4	0.0077	0
EQnative_Herpetosiphonaceae_BPHZ01_2_SemiBin_145	K17756	OJEPDKKJ_03803	11.1	0.018	0
EQnative_Herpetosiphonaceae_BPHZ01_2_SemiBin_145	K06718	OJEPDKKJ_01349	29.0	1.4e-07	0
EQnative_Herpetosiphonaceae_BPHZ01_2_SemiBin_145	K06718	OJEPDKKJ_00227	26.4	8.1e-07	0
EQnative_Herpetosiphonaceae_BPHZ01_2_SemiBin_145	K06718	OJEPDKKJ_00059	25.3	1.8e-06	0
EQnative_Herpetosiphonaceae_BPHZ01_2_SemiBin_145	K06718	OJEPDKKJ_00318	21.1	3.5e-05	0
EQnative_Herpetosiphonaceae_BPHZ01_2_SemiBin_145	K06718	OJEPDKKJ_01091	20.9	4e-05	0
EQnative_Herpetosiphonaceae_BPHZ01_2_SemiBin_145	K06718	OJEPDKKJ_01785	18.8	0.00017	0
EQnative_Herpetosiphonaceae_BPHZ01_2_SemiBin_145	K06718	OJEPDKKJ_03255	14.1	0.0049	0
EQnative_Herpetosiphonaceae_BPHZ01_2_SemiBin_145	K06718	OJEPDKKJ_03165	13.7	0.0064	0
EQnative_Herpetosiphonaceae_BPHZ01_2_SemiBin_145	K06718	OJEPDKKJ_02612	13.5	0.0073	0
EQnative_Herpetosiphonaceae_BPHZ01_2_SemiBin_145	K06718	OJEPDKKJ_01181	12.9	0.011	0
EQnative_Herpetosiphonaceae_BPHZ01_2_SemiBin_145	K06718	OJEPDKKJ_02400	11.5	0.03	0
EQnative_Herpetosiphonaceae_BPHZ01_2_SemiBin_145	K06718	OJEPDKKJ_01345	11.4	0.032	0
EQnative_Herpetosiphonaceae_BPHZ01_2_SemiBin_145	K06721	OJEPDKKJ_03053	15.2	0.0022	0
EQnative_Herpetosiphonaceae_BPHZ01_2_SemiBin_145	K06721	OJEPDKKJ_00216	14.1	0.0048	0
EQnative_Herpetosiphonaceae_BPHZ01_2_SemiBin_145	K06721	OJEPDKKJ_00828	13.3	0.0083	0
EQnative_Herpetosiphonaceae_BPHZ01_2_SemiBin_145	K06721	OJEPDKKJ_03052	10.8	0.046	0
EQnative_Herpetosiphonaceae_BPHZ01_2_SemiBin_145	K06721	OJEPDKKJ_00060	10.3	0.069	0
EQnative_Herpetosiphonaceae_BPHZ01_2_SemiBin_145	K06721	OJEPDKKJ_00255	5.1	2.6	0
EQnative_Herpetosiphonaceae_BPHZ01_2_SemiBin_145	K06721	OJEPDKKJ_03723	3.5	7.8	0
EQnative_Herpetosiphonaceae_BPHZ01_2_SemiBin_145	K10674	OJEPDKKJ_01324	87.1	2.5e-25	0
EQnative_Herpetosiphonaceae_BPHZ01_2_SemiBin_145	K10674	OJEPDKKJ_01761	73.8	2.8e-21	0
EQnative_Herpetosiphonaceae_BPHZ01_2_SemiBin_145	K05845	OJEPDKKJ_00361	16.0	0.00087	0
EQnative_Herpetosiphonaceae_BPHZ01_2_SemiBin_145	K05845	OJEPDKKJ_00939	11.1	0.027	0
EQnative_Herpetosiphonaceae_BPHZ01_2_SemiBin_145	K05845	OJEPDKKJ_01835	10.2	0.052	0
EQnative_Herpetosiphonaceae_BPHZ01_2_SemiBin_145	K05846	OJEPDKKJ_01933	50.0	4.4e-14	0
EQnative_Herpetosiphonaceae_BPHZ01_2_SemiBin_145	K05846	OJEPDKKJ_01932	44.4	2.1e-12	0
EQnative_Herpetosiphonaceae_BPHZ01_2_SemiBin_145	K05846	OJEPDKKJ_02719	43.0	5.8e-12	0
EQnative_Herpetosiphonaceae_BPHZ01_2_SemiBin_145	K05846	OJEPDKKJ_02305	36.0	7.8e-10	0
EQnative_Herpetosiphonaceae_BPHZ01_2_SemiBin_145	K05846	OJEPDKKJ_02997	31.2	2.3e-08	0
EQnative_Herpetosiphonaceae_BPHZ01_2_SemiBin_145	K05846	OJEPDKKJ_02516	31.1	2.4e-08	0
EQnative_Herpetosiphonaceae_BPHZ01_2_SemiBin_145	K05846	OJEPDKKJ_01224	27.5	2.8e-07	0
EQnative_Herpetosiphonaceae_BPHZ01_2_SemiBin_145	K05846	OJEPDKKJ_00470	27.0	4.2e-07	0
EQnative_Herpetosiphonaceae_BPHZ01_2_SemiBin_145	K05846	OJEPDKKJ_02823	26.9	4.5e-07	0
EQnative_Herpetosiphonaceae_BPHZ01_2_SemiBin_145	K05846	OJEPDKKJ_01882	26.6	5.3e-07	0
EQnative_Herpetosiphonaceae_BPHZ01_2_SemiBin_145	K05846	OJEPDKKJ_00443	26.4	6.2e-07	0
EQnative_Herpetosiphonaceae_BPHZ01_2_SemiBin_145	K05846	OJEPDKKJ_00779	26.0	8.1e-07	0
EQnative_Herpetosiphonaceae_BPHZ01_2_SemiBin_145	K05846	OJEPDKKJ_01156	25.5	1.2e-06	0
EQnative_Herpetosiphonaceae_BPHZ01_2_SemiBin_145	K05846	OJEPDKKJ_00996	25.3	1.4e-06	0
EQnative_Herpetosiphonaceae_BPHZ01_2_SemiBin_145	K05846	OJEPDKKJ_00938	23.6	4.4e-06	0
EQnative_Herpetosiphonaceae_BPHZ01_2_SemiBin_145	K05846	OJEPDKKJ_00778	21.8	1.5e-05	0
EQnative_Herpetosiphonaceae_BPHZ01_2_SemiBin_145	K05846	OJEPDKKJ_02600	18.7	0.00013	0
EQnative_Herpetosiphonaceae_BPHZ01_2_SemiBin_145	K05846	OJEPDKKJ_01130	18.6	0.00015	0
EQnative_Herpetosiphonaceae_BPHZ01_2_SemiBin_145	K05846	OJEPDKKJ_02330	18.3	0.00018	0
EQnative_Herpetosiphonaceae_BPHZ01_2_SemiBin_145	K05846	OJEPDKKJ_00635	18.2	0.00019	0
EQnative_Herpetosiphonaceae_BPHZ01_2_SemiBin_145	K05846	OJEPDKKJ_03783	17.9	0.00023	0
EQnative_Herpetosiphonaceae_BPHZ01_2_SemiBin_145	K05846	OJEPDKKJ_02341	17.6	0.00029	0
EQnative_Herpetosiphonaceae_BPHZ01_2_SemiBin_145	K05846	OJEPDKKJ_02488	17.5	0.00032	0
EQnative_Herpetosiphonaceae_BPHZ01_2_SemiBin_145	K05846	OJEPDKKJ_02996	17.0	0.00046	0
EQnative_Herpetosiphonaceae_BPHZ01_2_SemiBin_145	K05846	OJEPDKKJ_01407	16.7	0.00055	0
EQnative_Herpetosiphonaceae_BPHZ01_2_SemiBin_145	K05846	OJEPDKKJ_00442	16.6	0.00057	0
EQnative_Herpetosiphonaceae_BPHZ01_2_SemiBin_145	K05846	OJEPDKKJ_01876	16.5	0.00062	0
EQnative_Herpetosiphonaceae_BPHZ01_2_SemiBin_145	K05846	OJEPDKKJ_00997	15.7	0.0011	0
EQnative_Herpetosiphonaceae_BPHZ01_2_SemiBin_145	K05846	OJEPDKKJ_00767	15.0	0.0018	0
EQnative_Herpetosiphonaceae_BPHZ01_2_SemiBin_145	K05846	OJEPDKKJ_00261	14.7	0.0022	0
EQnative_Herpetosiphonaceae_BPHZ01_2_SemiBin_145	K05846	OJEPDKKJ_00766	14.7	0.0023	0
EQnative_Herpetosiphonaceae_BPHZ01_2_SemiBin_145	K05846	OJEPDKKJ_03457	14.4	0.0027	0
EQnative_Herpetosiphonaceae_BPHZ01_2_SemiBin_145	K05846	OJEPDKKJ_02161	13.3	0.0058	0
EQnative_Herpetosiphonaceae_BPHZ01_2_SemiBin_145	K05846	OJEPDKKJ_00968	13.3	0.0059	0
EQnative_Herpetosiphonaceae_BPHZ01_2_SemiBin_145	K05846	OJEPDKKJ_01836	13.0	0.0075	0
EQnative_Herpetosiphonaceae_BPHZ01_2_SemiBin_145	K05846	OJEPDKKJ_00808	12.3	0.012	0
EQnative_Herpetosiphonaceae_BPHZ01_2_SemiBin_145	K05846	OJEPDKKJ_01875	11.4	0.022	0
EQnative_Herpetosiphonaceae_BPHZ01_2_SemiBin_145	K05846	OJEPDKKJ_00937	11.1	0.028	0
EQnative_Herpetosiphonaceae_BPHZ01_2_SemiBin_145	K05846	OJEPDKKJ_02515	11.0	0.029	0
EQnative_Herpetosiphonaceae_BPHZ01_2_SemiBin_145	K05846	OJEPDKKJ_00588	11.0	0.029	0
EQnative_Herpetosiphonaceae_BPHZ01_2_SemiBin_145	K05846	OJEPDKKJ_01584	11.0	0.031	0
EQnative_Herpetosiphonaceae_BPHZ01_2_SemiBin_145	K05846	OJEPDKKJ_01408	10.9	0.032	0
EQnative_Herpetosiphonaceae_BPHZ01_2_SemiBin_145	K05846	OJEPDKKJ_02340	10.8	0.035	0
EQnative_Herpetosiphonaceae_BPHZ01_2_SemiBin_145	K05846	OJEPDKKJ_03806	10.6	0.04	0
EQnative_Herpetosiphonaceae_BPHZ01_2_SemiBin_145	K05846	OJEPDKKJ_01881	10.0	0.058	0
EQnative_Herpetosiphonaceae_BPHZ01_2_SemiBin_145	K05846	OJEPDKKJ_03868	9.3	0.097	0
EQnative_Herpetosiphonaceae_BPHZ01_2_SemiBin_145	K05846	OJEPDKKJ_00825	9.3	0.098	0
EQnative_Herpetosiphonaceae_BPHZ01_2_SemiBin_145	K05846	OJEPDKKJ_01700	9.0	0.12	0
EQnative_Herpetosiphonaceae_BPHZ01_2_SemiBin_145	K05846	OJEPDKKJ_03867	8.9	0.13	0
EQnative_Herpetosiphonaceae_BPHZ01_2_SemiBin_145	K05846	OJEPDKKJ_00469	8.4	0.18	0
EQnative_Herpetosiphonaceae_BPHZ01_2_SemiBin_145	K05846	OJEPDKKJ_00154	8.0	0.24	0
EQnative_Herpetosiphonaceae_BPHZ01_2_SemiBin_145	K05846	OJEPDKKJ_02497	7.8	0.29	0
EQnative_Herpetosiphonaceae_BPHZ01_2_SemiBin_145	K05846	OJEPDKKJ_02547	7.5	0.33	0
EQnative_Herpetosiphonaceae_BPHZ01_2_SemiBin_145	K05846	OJEPDKKJ_00158	7.2	0.41	0
EQnative_Herpetosiphonaceae_BPHZ01_2_SemiBin_145	K05846	OJEPDKKJ_01699	7.1	0.45	0
EQnative_Herpetosiphonaceae_BPHZ01_2_SemiBin_145	K05846	OJEPDKKJ_03293	6.4	0.74	0
EQnative_Herpetosiphonaceae_BPHZ01_2_SemiBin_145	K05846	OJEPDKKJ_02162	6.3	0.78	0
EQnative_Herpetosiphonaceae_BPHZ01_2_SemiBin_145	K05846	OJEPDKKJ_01663	6.1	0.94	0
EQnative_Herpetosiphonaceae_BPHZ01_2_SemiBin_145	K05846	OJEPDKKJ_00606	6.0	1.0	0
EQnative_Herpetosiphonaceae_BPHZ01_2_SemiBin_145	K05846	OJEPDKKJ_02599	5.3	1.6	0
EQnative_Herpetosiphonaceae_BPHZ01_2_SemiBin_145	K05846	OJEPDKKJ_03245	5.1	1.9	0
EQnative_Herpetosiphonaceae_BPHZ01_2_SemiBin_145	K05847	OJEPDKKJ_02598	345.6	9.3e-104	0
EQnative_Herpetosiphonaceae_BPHZ01_2_SemiBin_145	K05847	OJEPDKKJ_03127	316.0	9.1e-95	0
EQnative_Herpetosiphonaceae_BPHZ01_2_SemiBin_145	K05847	OJEPDKKJ_02998	304.0	4e-91	0
EQnative_Herpetosiphonaceae_BPHZ01_2_SemiBin_145	K05847	OJEPDKKJ_00033	271.9	2.3e-81	0
EQnative_Herpetosiphonaceae_BPHZ01_2_SemiBin_145	K05847	OJEPDKKJ_01131	268.6	2.4e-80	0
EQnative_Herpetosiphonaceae_BPHZ01_2_SemiBin_145	K05847	OJEPDKKJ_00703	266.9	7.5e-80	0
EQnative_Herpetosiphonaceae_BPHZ01_2_SemiBin_145	K05847	OJEPDKKJ_03782	261.0	4.7e-78	0
EQnative_Herpetosiphonaceae_BPHZ01_2_SemiBin_145	K05847	OJEPDKKJ_02331	252.6	1.6e-75	0
EQnative_Herpetosiphonaceae_BPHZ01_2_SemiBin_145	K05847	OJEPDKKJ_01688	240.1	1.1e-71	0
EQnative_Herpetosiphonaceae_BPHZ01_2_SemiBin_145	K05847	OJEPDKKJ_02720	223.0	1.7e-66	0
EQnative_Herpetosiphonaceae_BPHZ01_2_SemiBin_145	K05847	OJEPDKKJ_01873	221.3	5.6e-66	0
EQnative_Herpetosiphonaceae_BPHZ01_2_SemiBin_145	K05847	OJEPDKKJ_00445	214.1	8.3e-64	0
EQnative_Herpetosiphonaceae_BPHZ01_2_SemiBin_145	K05847	OJEPDKKJ_00631	212.1	3.3e-63	0
EQnative_Herpetosiphonaceae_BPHZ01_2_SemiBin_145	K05847	OJEPDKKJ_00546	209.9	1.6e-62	0
EQnative_Herpetosiphonaceae_BPHZ01_2_SemiBin_145	K05847	OJEPDKKJ_01150	209.7	1.8e-62	0
EQnative_Herpetosiphonaceae_BPHZ01_2_SemiBin_145	K05847	OJEPDKKJ_02164	201.6	5.4e-60	0
EQnative_Herpetosiphonaceae_BPHZ01_2_SemiBin_145	K05847	OJEPDKKJ_00117	199.9	1.8e-59	0
EQnative_Herpetosiphonaceae_BPHZ01_2_SemiBin_145	K05847	OJEPDKKJ_02576	198.7	3.9e-59	0
EQnative_Herpetosiphonaceae_BPHZ01_2_SemiBin_145	K05847	OJEPDKKJ_01223	196.2	2.2e-58	0
EQnative_Herpetosiphonaceae_BPHZ01_2_SemiBin_145	K05847	OJEPDKKJ_01834	192.1	4e-57	0
EQnative_Herpetosiphonaceae_BPHZ01_2_SemiBin_145	K05847	OJEPDKKJ_00768	189.7	2.1e-56	0
EQnative_Herpetosiphonaceae_BPHZ01_2_SemiBin_145	K05847	OJEPDKKJ_02086	181.6	6.1e-54	0
EQnative_Herpetosiphonaceae_BPHZ01_2_SemiBin_145	K05847	OJEPDKKJ_03628	174.8	7.5e-52	0
EQnative_Herpetosiphonaceae_BPHZ01_2_SemiBin_145	K05847	OJEPDKKJ_00260	174.1	1.2e-51	0
EQnative_Herpetosiphonaceae_BPHZ01_2_SemiBin_145	K05847	OJEPDKKJ_01802	173.2	2.2e-51	0
EQnative_Herpetosiphonaceae_BPHZ01_2_SemiBin_145	K05847	OJEPDKKJ_02724	172.1	4.8e-51	0
EQnative_Herpetosiphonaceae_BPHZ01_2_SemiBin_145	K05847	OJEPDKKJ_00632	166.3	2.7e-49	0
EQnative_Herpetosiphonaceae_BPHZ01_2_SemiBin_145	K05847	OJEPDKKJ_02383	164.8	8.1e-49	0
EQnative_Herpetosiphonaceae_BPHZ01_2_SemiBin_145	K05847	OJEPDKKJ_02723	163.4	2.2e-48	0
EQnative_Herpetosiphonaceae_BPHZ01_2_SemiBin_145	K05847	OJEPDKKJ_02880	161.0	1.2e-47	0
EQnative_Herpetosiphonaceae_BPHZ01_2_SemiBin_145	K05847	OJEPDKKJ_00444	155.9	4e-46	0
EQnative_Herpetosiphonaceae_BPHZ01_2_SemiBin_145	K05847	OJEPDKKJ_02587	150.8	1.4e-44	0
EQnative_Herpetosiphonaceae_BPHZ01_2_SemiBin_145	K05847	OJEPDKKJ_03709	147.2	1.7e-43	0
EQnative_Herpetosiphonaceae_BPHZ01_2_SemiBin_145	K05847	OJEPDKKJ_02163	145.2	7.3e-43	0
EQnative_Herpetosiphonaceae_BPHZ01_2_SemiBin_145	K05847	OJEPDKKJ_00049	144.0	1.7e-42	0
EQnative_Herpetosiphonaceae_BPHZ01_2_SemiBin_145	K05847	OJEPDKKJ_01206	142.9	3.5e-42	0
EQnative_Herpetosiphonaceae_BPHZ01_2_SemiBin_145	K05847	OJEPDKKJ_00826	141.3	1.1e-41	0
EQnative_Herpetosiphonaceae_BPHZ01_2_SemiBin_145	K05847	OJEPDKKJ_03150	140.5	1.9e-41	0
EQnative_Herpetosiphonaceae_BPHZ01_2_SemiBin_145	K05847	OJEPDKKJ_00048	140.3	2.2e-41	0
EQnative_Herpetosiphonaceae_BPHZ01_2_SemiBin_145	K05847	OJEPDKKJ_00909	139.8	3.1e-41	0
EQnative_Herpetosiphonaceae_BPHZ01_2_SemiBin_145	K05847	OJEPDKKJ_01887	139.6	3.5e-41	0
EQnative_Herpetosiphonaceae_BPHZ01_2_SemiBin_145	K05847	OJEPDKKJ_02627	136.0	4.4e-40	0
EQnative_Herpetosiphonaceae_BPHZ01_2_SemiBin_145	K05847	OJEPDKKJ_01874	134.6	1.2e-39	0
EQnative_Herpetosiphonaceae_BPHZ01_2_SemiBin_145	K05847	OJEPDKKJ_02589	133.6	2.4e-39	0
EQnative_Herpetosiphonaceae_BPHZ01_2_SemiBin_145	K05847	OJEPDKKJ_02588	133.4	2.7e-39	0
EQnative_Herpetosiphonaceae_BPHZ01_2_SemiBin_145	K05847	OJEPDKKJ_03281	133.0	3.5e-39	0
EQnative_Herpetosiphonaceae_BPHZ01_2_SemiBin_145	K05847	OJEPDKKJ_03608	131.2	1.3e-38	0
EQnative_Herpetosiphonaceae_BPHZ01_2_SemiBin_145	K05847	OJEPDKKJ_02556	130.2	2.6e-38	0
EQnative_Herpetosiphonaceae_BPHZ01_2_SemiBin_145	K05847	OJEPDKKJ_02555	129.8	3.3e-38	0
EQnative_Herpetosiphonaceae_BPHZ01_2_SemiBin_145	K05847	OJEPDKKJ_03338	129.7	3.6e-38	0
EQnative_Herpetosiphonaceae_BPHZ01_2_SemiBin_145	K05847	OJEPDKKJ_01803	129.1	5.5e-38	0
EQnative_Herpetosiphonaceae_BPHZ01_2_SemiBin_145	K05847	OJEPDKKJ_00577	127.1	2.2e-37	0
EQnative_Herpetosiphonaceae_BPHZ01_2_SemiBin_145	K05847	OJEPDKKJ_03765	125.7	5.9e-37	0
EQnative_Herpetosiphonaceae_BPHZ01_2_SemiBin_145	K05847	OJEPDKKJ_03337	125.3	7.7e-37	0
EQnative_Herpetosiphonaceae_BPHZ01_2_SemiBin_145	K05847	OJEPDKKJ_02535	121.7	9.9e-36	0
EQnative_Herpetosiphonaceae_BPHZ01_2_SemiBin_145	K05847	OJEPDKKJ_00995	121.2	1.4e-35	0
EQnative_Herpetosiphonaceae_BPHZ01_2_SemiBin_145	K05847	OJEPDKKJ_02214	121.1	1.5e-35	0
EQnative_Herpetosiphonaceae_BPHZ01_2_SemiBin_145	K05847	OJEPDKKJ_01270	120.9	1.7e-35	0
EQnative_Herpetosiphonaceae_BPHZ01_2_SemiBin_145	K05847	OJEPDKKJ_02026	120.4	2.5e-35	0
EQnative_Herpetosiphonaceae_BPHZ01_2_SemiBin_145	K05847	OJEPDKKJ_00994	120.3	2.6e-35	0
EQnative_Herpetosiphonaceae_BPHZ01_2_SemiBin_145	K05847	OJEPDKKJ_02628	119.2	5.5e-35	0
EQnative_Herpetosiphonaceae_BPHZ01_2_SemiBin_145	K05847	OJEPDKKJ_01151	118.4	9.7e-35	0
EQnative_Herpetosiphonaceae_BPHZ01_2_SemiBin_145	K05847	OJEPDKKJ_03607	117.6	1.8e-34	0
EQnative_Herpetosiphonaceae_BPHZ01_2_SemiBin_145	K05847	OJEPDKKJ_03627	104.1	2.2e-30	0
EQnative_Herpetosiphonaceae_BPHZ01_2_SemiBin_145	K05847	OJEPDKKJ_01995	93.9	2.7e-27	0
EQnative_Herpetosiphonaceae_BPHZ01_2_SemiBin_145	K05847	OJEPDKKJ_02533	92.4	7.6e-27	0
EQnative_Herpetosiphonaceae_BPHZ01_2_SemiBin_145	K05847	OJEPDKKJ_02741	83.2	4.9e-24	0
EQnative_Herpetosiphonaceae_BPHZ01_2_SemiBin_145	K05847	OJEPDKKJ_00735	83.2	5e-24	0
EQnative_Herpetosiphonaceae_BPHZ01_2_SemiBin_145	K05847	OJEPDKKJ_03752	78.2	1.6e-22	0
EQnative_Herpetosiphonaceae_BPHZ01_2_SemiBin_145	K05847	OJEPDKKJ_01077	65.6	1.1e-18	0
EQnative_Herpetosiphonaceae_BPHZ01_2_SemiBin_145	K05847	OJEPDKKJ_03365	62.6	8.8e-18	0
EQnative_Herpetosiphonaceae_BPHZ01_2_SemiBin_145	K05847	OJEPDKKJ_02094	60.8	3.1e-17	0
EQnative_Herpetosiphonaceae_BPHZ01_2_SemiBin_145	K05847	OJEPDKKJ_03869	56.4	6.7e-16	0
EQnative_Herpetosiphonaceae_BPHZ01_2_SemiBin_145	K05847	OJEPDKKJ_00969	55.1	1.6e-15	0
EQnative_Herpetosiphonaceae_BPHZ01_2_SemiBin_145	K05847	OJEPDKKJ_02275	52.2	1.3e-14	0
EQnative_Herpetosiphonaceae_BPHZ01_2_SemiBin_145	K05847	OJEPDKKJ_02670	26.7	6.9e-07	0
EQnative_Herpetosiphonaceae_BPHZ01_2_SemiBin_145	K05847	OJEPDKKJ_03586	16.0	0.0012	0
EQnative_Herpetosiphonaceae_BPHZ01_2_SemiBin_145	K05847	OJEPDKKJ_02101	14.1	0.0046	0
EQnative_Herpetosiphonaceae_BPHZ01_2_SemiBin_145	K05847	OJEPDKKJ_00136	13.3	0.0084	0
EQnative_Herpetosiphonaceae_BPHZ01_2_SemiBin_145	K05847	OJEPDKKJ_01789	12.7	0.013	0
EQnative_Herpetosiphonaceae_BPHZ01_2_SemiBin_145	K02168	OJEPDKKJ_01945	9.2	0.06	0
EQnative_Herpetosiphonaceae_BPHZ01_2_SemiBin_145	K02168	OJEPDKKJ_02500	7.5	0.2	0
EQnative_Herpetosiphonaceae_BPHZ01_2_SemiBin_145	K02000	OJEPDKKJ_02598	294.7	4.9e-88	0
EQnative_Herpetosiphonaceae_BPHZ01_2_SemiBin_145	K02000	OJEPDKKJ_02998	293.8	9.2e-88	0
EQnative_Herpetosiphonaceae_BPHZ01_2_SemiBin_145	K02000	OJEPDKKJ_03127	289.5	1.8e-86	0
EQnative_Herpetosiphonaceae_BPHZ01_2_SemiBin_145	K02000	OJEPDKKJ_01131	258.6	3.9e-77	0
EQnative_Herpetosiphonaceae_BPHZ01_2_SemiBin_145	K02000	OJEPDKKJ_03782	249.7	1.9e-74	0
EQnative_Herpetosiphonaceae_BPHZ01_2_SemiBin_145	K02000	OJEPDKKJ_02331	242.3	3.5e-72	0
EQnative_Herpetosiphonaceae_BPHZ01_2_SemiBin_145	K02000	OJEPDKKJ_00703	241.9	4.8e-72	0
EQnative_Herpetosiphonaceae_BPHZ01_2_SemiBin_145	K02000	OJEPDKKJ_02720	228.2	6.5e-68	0
EQnative_Herpetosiphonaceae_BPHZ01_2_SemiBin_145	K02000	OJEPDKKJ_02164	215.5	4.4e-64	0
EQnative_Herpetosiphonaceae_BPHZ01_2_SemiBin_145	K02000	OJEPDKKJ_01873	211.8	6e-63	0
EQnative_Herpetosiphonaceae_BPHZ01_2_SemiBin_145	K02000	OJEPDKKJ_00768	208.7	5e-62	0
EQnative_Herpetosiphonaceae_BPHZ01_2_SemiBin_145	K02000	OJEPDKKJ_00631	198.0	9.2e-59	0
EQnative_Herpetosiphonaceae_BPHZ01_2_SemiBin_145	K02000	OJEPDKKJ_01150	195.0	7.3e-58	0
EQnative_Herpetosiphonaceae_BPHZ01_2_SemiBin_145	K02000	OJEPDKKJ_00445	193.8	1.7e-57	0
EQnative_Herpetosiphonaceae_BPHZ01_2_SemiBin_145	K02000	OJEPDKKJ_03628	186.9	2.1e-55	0
EQnative_Herpetosiphonaceae_BPHZ01_2_SemiBin_145	K02000	OJEPDKKJ_00260	185.2	6.8e-55	0
EQnative_Herpetosiphonaceae_BPHZ01_2_SemiBin_145	K02000	OJEPDKKJ_02086	180.3	2.1e-53	0
EQnative_Herpetosiphonaceae_BPHZ01_2_SemiBin_145	K02000	OJEPDKKJ_00033	176.8	2.4e-52	0
EQnative_Herpetosiphonaceae_BPHZ01_2_SemiBin_145	K02000	OJEPDKKJ_01223	176.2	3.6e-52	0
EQnative_Herpetosiphonaceae_BPHZ01_2_SemiBin_145	K02000	OJEPDKKJ_01688	171.2	1.1e-50	0
EQnative_Herpetosiphonaceae_BPHZ01_2_SemiBin_145	K02000	OJEPDKKJ_00117	166.0	4.5e-49	0
EQnative_Herpetosiphonaceae_BPHZ01_2_SemiBin_145	K02000	OJEPDKKJ_00632	164.2	1.5e-48	0
EQnative_Herpetosiphonaceae_BPHZ01_2_SemiBin_145	K02000	OJEPDKKJ_00546	161.8	8.4e-48	0
EQnative_Herpetosiphonaceae_BPHZ01_2_SemiBin_145	K02000	OJEPDKKJ_02576	160.1	2.6e-47	0
EQnative_Herpetosiphonaceae_BPHZ01_2_SemiBin_145	K02000	OJEPDKKJ_00444	153.0	3.7e-45	0
EQnative_Herpetosiphonaceae_BPHZ01_2_SemiBin_145	K02000	OJEPDKKJ_02723	148.1	1.1e-43	0
EQnative_Herpetosiphonaceae_BPHZ01_2_SemiBin_145	K02000	OJEPDKKJ_02163	142.8	4.7e-42	0
EQnative_Herpetosiphonaceae_BPHZ01_2_SemiBin_145	K02000	OJEPDKKJ_02724	142.4	6.1e-42	0
EQnative_Herpetosiphonaceae_BPHZ01_2_SemiBin_145	K02000	OJEPDKKJ_01834	138.2	1.1e-40	0
EQnative_Herpetosiphonaceae_BPHZ01_2_SemiBin_145	K02000	OJEPDKKJ_02383	135.9	5.5e-40	0
EQnative_Herpetosiphonaceae_BPHZ01_2_SemiBin_145	K02000	OJEPDKKJ_01874	132.7	5.3e-39	0
EQnative_Herpetosiphonaceae_BPHZ01_2_SemiBin_145	K02000	OJEPDKKJ_01802	125.8	6.6e-37	0
EQnative_Herpetosiphonaceae_BPHZ01_2_SemiBin_145	K02000	OJEPDKKJ_01151	125.7	7.1e-37	0
EQnative_Herpetosiphonaceae_BPHZ01_2_SemiBin_145	K02000	OJEPDKKJ_02880	119.2	6.5e-35	0
EQnative_Herpetosiphonaceae_BPHZ01_2_SemiBin_145	K02000	OJEPDKKJ_03338	118.1	1.4e-34	0
EQnative_Herpetosiphonaceae_BPHZ01_2_SemiBin_145	K02000	OJEPDKKJ_01887	115.3	9.9e-34	0
EQnative_Herpetosiphonaceae_BPHZ01_2_SemiBin_145	K02000	OJEPDKKJ_00826	108.6	1e-31	0
EQnative_Herpetosiphonaceae_BPHZ01_2_SemiBin_145	K02000	OJEPDKKJ_01206	107.6	2.1e-31	0
EQnative_Herpetosiphonaceae_BPHZ01_2_SemiBin_145	K02000	OJEPDKKJ_03281	107.2	2.8e-31	0
EQnative_Herpetosiphonaceae_BPHZ01_2_SemiBin_145	K02000	OJEPDKKJ_01270	107.2	2.8e-31	0
EQnative_Herpetosiphonaceae_BPHZ01_2_SemiBin_145	K02000	OJEPDKKJ_00049	104.5	1.8e-30	0
EQnative_Herpetosiphonaceae_BPHZ01_2_SemiBin_145	K02000	OJEPDKKJ_02555	103.8	2.9e-30	0
EQnative_Herpetosiphonaceae_BPHZ01_2_SemiBin_145	K02000	OJEPDKKJ_02588	102.2	9.2e-30	0
EQnative_Herpetosiphonaceae_BPHZ01_2_SemiBin_145	K02000	OJEPDKKJ_00048	100.6	2.8e-29	0
EQnative_Herpetosiphonaceae_BPHZ01_2_SemiBin_145	K02000	OJEPDKKJ_00577	100.1	4e-29	0
EQnative_Herpetosiphonaceae_BPHZ01_2_SemiBin_145	K02000	OJEPDKKJ_03150	98.7	1e-28	0
EQnative_Herpetosiphonaceae_BPHZ01_2_SemiBin_145	K02000	OJEPDKKJ_03608	98.0	1.6e-28	0
EQnative_Herpetosiphonaceae_BPHZ01_2_SemiBin_145	K02000	OJEPDKKJ_03709	97.5	2.3e-28	0
EQnative_Herpetosiphonaceae_BPHZ01_2_SemiBin_145	K02000	OJEPDKKJ_02587	96.7	4.3e-28	0
EQnative_Herpetosiphonaceae_BPHZ01_2_SemiBin_145	K02000	OJEPDKKJ_02026	92.5	7.7e-27	0
EQnative_Herpetosiphonaceae_BPHZ01_2_SemiBin_145	K02000	OJEPDKKJ_02535	91.0	2.2e-26	0
EQnative_Herpetosiphonaceae_BPHZ01_2_SemiBin_145	K02000	OJEPDKKJ_02589	90.6	2.9e-26	0
EQnative_Herpetosiphonaceae_BPHZ01_2_SemiBin_145	K02000	OJEPDKKJ_03765	83.3	4.8e-24	0
EQnative_Herpetosiphonaceae_BPHZ01_2_SemiBin_145	K02000	OJEPDKKJ_01803	82.8	6.7e-24	0
EQnative_Herpetosiphonaceae_BPHZ01_2_SemiBin_145	K02000	OJEPDKKJ_03627	82.4	8.7e-24	0
EQnative_Herpetosiphonaceae_BPHZ01_2_SemiBin_145	K02000	OJEPDKKJ_00994	81.2	2.1e-23	0
EQnative_Herpetosiphonaceae_BPHZ01_2_SemiBin_145	K02000	OJEPDKKJ_02556	80.7	2.8e-23	0
EQnative_Herpetosiphonaceae_BPHZ01_2_SemiBin_145	K02000	OJEPDKKJ_00735	80.2	4e-23	0
EQnative_Herpetosiphonaceae_BPHZ01_2_SemiBin_145	K02000	OJEPDKKJ_00909	79.7	6e-23	0
EQnative_Herpetosiphonaceae_BPHZ01_2_SemiBin_145	K02000	OJEPDKKJ_00995	79.0	9.7e-23	0
EQnative_Herpetosiphonaceae_BPHZ01_2_SemiBin_145	K02000	OJEPDKKJ_03337	78.9	1e-22	0
EQnative_Herpetosiphonaceae_BPHZ01_2_SemiBin_145	K02000	OJEPDKKJ_02627	78.2	1.7e-22	0
EQnative_Herpetosiphonaceae_BPHZ01_2_SemiBin_145	K02000	OJEPDKKJ_02628	78.1	1.8e-22	0
EQnative_Herpetosiphonaceae_BPHZ01_2_SemiBin_145	K02000	OJEPDKKJ_01995	71.7	1.6e-20	0
EQnative_Herpetosiphonaceae_BPHZ01_2_SemiBin_145	K02000	OJEPDKKJ_02533	68.9	1.1e-19	0
EQnative_Herpetosiphonaceae_BPHZ01_2_SemiBin_145	K02000	OJEPDKKJ_02214	65.0	1.6e-18	0
EQnative_Herpetosiphonaceae_BPHZ01_2_SemiBin_145	K02000	OJEPDKKJ_03607	64.6	2.1e-18	0
EQnative_Herpetosiphonaceae_BPHZ01_2_SemiBin_145	K02000	OJEPDKKJ_03869	56.7	5.2e-16	0
EQnative_Herpetosiphonaceae_BPHZ01_2_SemiBin_145	K02000	OJEPDKKJ_03365	56.2	7.8e-16	0
EQnative_Herpetosiphonaceae_BPHZ01_2_SemiBin_145	K02000	OJEPDKKJ_02741	53.0	7.2e-15	0
EQnative_Herpetosiphonaceae_BPHZ01_2_SemiBin_145	K02000	OJEPDKKJ_00969	50.6	3.6e-14	0
EQnative_Herpetosiphonaceae_BPHZ01_2_SemiBin_145	K02000	OJEPDKKJ_03097	41.4	2.3e-11	0
EQnative_Herpetosiphonaceae_BPHZ01_2_SemiBin_145	K02000	OJEPDKKJ_02094	36.8	5.8e-10	0
EQnative_Herpetosiphonaceae_BPHZ01_2_SemiBin_145	K02000	OJEPDKKJ_03752	34.4	3.1e-09	0
EQnative_Herpetosiphonaceae_BPHZ01_2_SemiBin_145	K02000	OJEPDKKJ_00329	28.6	1.7e-07	0
EQnative_Herpetosiphonaceae_BPHZ01_2_SemiBin_145	K02000	OJEPDKKJ_00649	26.7	6.5e-07	0
EQnative_Herpetosiphonaceae_BPHZ01_2_SemiBin_145	K02000	OJEPDKKJ_01077	26.1	9.6e-07	0
EQnative_Herpetosiphonaceae_BPHZ01_2_SemiBin_145	K02000	OJEPDKKJ_02275	25.2	1.8e-06	0
EQnative_Herpetosiphonaceae_BPHZ01_2_SemiBin_145	K02000	OJEPDKKJ_02105	23.4	6.4e-06	0
EQnative_Herpetosiphonaceae_BPHZ01_2_SemiBin_145	K02000	OJEPDKKJ_03064	17.1	0.00053	0
EQnative_Herpetosiphonaceae_BPHZ01_2_SemiBin_145	K02000	OJEPDKKJ_03851	14.9	0.0024	0
EQnative_Herpetosiphonaceae_BPHZ01_2_SemiBin_145	K02000	OJEPDKKJ_02670	14.7	0.0027	0
EQnative_Herpetosiphonaceae_BPHZ01_2_SemiBin_145	K02000	OJEPDKKJ_02263	14.3	0.0036	0
EQnative_Herpetosiphonaceae_BPHZ01_2_SemiBin_145	K02001	OJEPDKKJ_02823	26.2	5.7e-07	0
EQnative_Herpetosiphonaceae_BPHZ01_2_SemiBin_145	K02001	OJEPDKKJ_01932	26.0	6.5e-07	0
EQnative_Herpetosiphonaceae_BPHZ01_2_SemiBin_145	K02001	OJEPDKKJ_00938	23.4	4.1e-06	0
EQnative_Herpetosiphonaceae_BPHZ01_2_SemiBin_145	K02001	OJEPDKKJ_03783	23.0	5.3e-06	0
EQnative_Herpetosiphonaceae_BPHZ01_2_SemiBin_145	K02001	OJEPDKKJ_02488	22.6	6.9e-06	0
EQnative_Herpetosiphonaceae_BPHZ01_2_SemiBin_145	K02001	OJEPDKKJ_02996	22.0	1e-05	0
EQnative_Herpetosiphonaceae_BPHZ01_2_SemiBin_145	K02001	OJEPDKKJ_01156	20.7	2.6e-05	0
EQnative_Herpetosiphonaceae_BPHZ01_2_SemiBin_145	K02001	OJEPDKKJ_00470	18.5	0.00012	0
EQnative_Herpetosiphonaceae_BPHZ01_2_SemiBin_145	K02001	OJEPDKKJ_01881	17.7	0.00022	0
EQnative_Herpetosiphonaceae_BPHZ01_2_SemiBin_145	K02001	OJEPDKKJ_00158	17.6	0.00022	0
EQnative_Herpetosiphonaceae_BPHZ01_2_SemiBin_145	K02001	OJEPDKKJ_01224	16.8	0.00039	0
EQnative_Herpetosiphonaceae_BPHZ01_2_SemiBin_145	K02001	OJEPDKKJ_01130	15.4	0.0011	0
EQnative_Herpetosiphonaceae_BPHZ01_2_SemiBin_145	K02001	OJEPDKKJ_00648	15.3	0.0011	0
EQnative_Herpetosiphonaceae_BPHZ01_2_SemiBin_145	K02001	OJEPDKKJ_02340	14.2	0.0024	0
EQnative_Herpetosiphonaceae_BPHZ01_2_SemiBin_145	K02001	OJEPDKKJ_01882	14.2	0.0025	0
EQnative_Herpetosiphonaceae_BPHZ01_2_SemiBin_145	K02001	OJEPDKKJ_03807	13.9	0.003	0
EQnative_Herpetosiphonaceae_BPHZ01_2_SemiBin_145	K02001	OJEPDKKJ_02997	13.9	0.003	0
EQnative_Herpetosiphonaceae_BPHZ01_2_SemiBin_145	K02001	OJEPDKKJ_00588	13.3	0.0047	0
EQnative_Herpetosiphonaceae_BPHZ01_2_SemiBin_145	K02001	OJEPDKKJ_03343	13.2	0.005	0
EQnative_Herpetosiphonaceae_BPHZ01_2_SemiBin_145	K02001	OJEPDKKJ_02341	11.5	0.017	0
EQnative_Herpetosiphonaceae_BPHZ01_2_SemiBin_145	K02001	OJEPDKKJ_00154	10.4	0.034	0
EQnative_Herpetosiphonaceae_BPHZ01_2_SemiBin_145	K02001	OJEPDKKJ_00996	10.2	0.04	0
EQnative_Herpetosiphonaceae_BPHZ01_2_SemiBin_145	K02001	OJEPDKKJ_02516	10.0	0.046	0
EQnative_Herpetosiphonaceae_BPHZ01_2_SemiBin_145	K02001	OJEPDKKJ_02753	9.8	0.051	0
EQnative_Herpetosiphonaceae_BPHZ01_2_SemiBin_145	K02001	OJEPDKKJ_00635	9.8	0.053	0
EQnative_Herpetosiphonaceae_BPHZ01_2_SemiBin_145	K02001	OJEPDKKJ_01663	9.6	0.059	0
EQnative_Herpetosiphonaceae_BPHZ01_2_SemiBin_145	K02001	OJEPDKKJ_00778	7.9	0.2	0
EQnative_Herpetosiphonaceae_BPHZ01_2_SemiBin_145	K02001	OJEPDKKJ_01836	7.8	0.2	0
EQnative_Herpetosiphonaceae_BPHZ01_2_SemiBin_145	K02001	OJEPDKKJ_01876	7.7	0.23	0
EQnative_Herpetosiphonaceae_BPHZ01_2_SemiBin_145	K02001	OJEPDKKJ_01407	5.1	1.4	0
EQnative_Herpetosiphonaceae_BPHZ01_2_SemiBin_145	K02001	OJEPDKKJ_02305	4.9	1.6	0
EQnative_Herpetosiphonaceae_BPHZ01_2_SemiBin_145	K02001	OJEPDKKJ_01700	4.1	2.7	0
EQnative_Herpetosiphonaceae_BPHZ01_2_SemiBin_145	K02001	OJEPDKKJ_01037	3.8	3.3	0
EQnative_Herpetosiphonaceae_BPHZ01_2_SemiBin_145	K02001	OJEPDKKJ_01699	2.3	9.4	0
EQnative_Herpetosiphonaceae_BPHZ01_2_SemiBin_145	K02001	OJEPDKKJ_01875	2.3	9.6	0
EQnative_Herpetosiphonaceae_BPHZ01_2_SemiBin_145	K02002	OJEPDKKJ_02329	12.1	0.01	0
EQnative_Herpetosiphonaceae_BPHZ01_2_SemiBin_145	K02002	OJEPDKKJ_02823	7.3	0.29	0
EQnative_Herpetosiphonaceae_BPHZ01_2_SemiBin_145	K02779	OJEPDKKJ_00152	10.1	0.041	0
EQnative_Herpetosiphonaceae_BPHZ01_2_SemiBin_145	K01226	OJEPDKKJ_02006	316.3	9.6e-95	0
EQnative_Herpetosiphonaceae_BPHZ01_2_SemiBin_145	K01226	OJEPDKKJ_01597	306.7	7.3e-92	0
EQnative_Herpetosiphonaceae_BPHZ01_2_SemiBin_145	K01226	OJEPDKKJ_00765	149.4	3.5e-44	0
EQnative_Herpetosiphonaceae_BPHZ01_2_SemiBin_145	K01226	OJEPDKKJ_01883	115.0	9.1e-34	0
EQnative_Herpetosiphonaceae_BPHZ01_2_SemiBin_145	K01226	OJEPDKKJ_02353	92.2	7.6e-27	0
EQnative_Herpetosiphonaceae_BPHZ01_2_SemiBin_145	K01226	OJEPDKKJ_03522	52.7	6.7e-15	0
EQnative_Herpetosiphonaceae_BPHZ01_2_SemiBin_145	K01226	OJEPDKKJ_02812	44.5	2.1e-12	0
EQnative_Herpetosiphonaceae_BPHZ01_2_SemiBin_145	K01226	OJEPDKKJ_02355	30.1	4.8e-08	0
EQnative_Herpetosiphonaceae_BPHZ01_2_SemiBin_145	K01226	OJEPDKKJ_03813	14.4	0.0028	0
EQnative_Herpetosiphonaceae_BPHZ01_2_SemiBin_145	K03486	OJEPDKKJ_00344	143.1	2.2e-42	0
EQnative_Herpetosiphonaceae_BPHZ01_2_SemiBin_145	K03486	OJEPDKKJ_02749	119.8	2.9e-35	0
EQnative_Herpetosiphonaceae_BPHZ01_2_SemiBin_145	K03486	OJEPDKKJ_02646	66.2	7.1e-19	0
EQnative_Herpetosiphonaceae_BPHZ01_2_SemiBin_145	K03486	OJEPDKKJ_02135	49.9	6.8e-14	0
EQnative_Herpetosiphonaceae_BPHZ01_2_SemiBin_145	K03486	OJEPDKKJ_01405	37.5	4.1e-10	0
EQnative_Herpetosiphonaceae_BPHZ01_2_SemiBin_145	K03486	OJEPDKKJ_01158	33.7	5.9e-09	0
EQnative_Herpetosiphonaceae_BPHZ01_2_SemiBin_145	K03486	OJEPDKKJ_00782	29.8	9.2e-08	0
EQnative_Herpetosiphonaceae_BPHZ01_2_SemiBin_145	K03486	OJEPDKKJ_00719	26.0	1.3e-06	0
EQnative_Herpetosiphonaceae_BPHZ01_2_SemiBin_145	K03486	OJEPDKKJ_01687	17.6	0.00047	0
EQnative_Herpetosiphonaceae_BPHZ01_2_SemiBin_145	K03486	OJEPDKKJ_00496	16.9	0.00082	0
EQnative_Myxococcus_SemiBin_124	K00697	HCPACPNG_05247	658.7	4e-198	1
EQnative_Myxococcus_SemiBin_124	K00697	HCPACPNG_00164	15.5	0.0025	0
EQnative_Myxococcus_SemiBin_124	K00697	HCPACPNG_00895	13.6	0.0095	0
EQnative_Myxococcus_SemiBin_124	K00697	HCPACPNG_01990	13.1	0.013	0
EQnative_Myxococcus_SemiBin_124	K00697	HCPACPNG_06498	10.3	0.092	0
EQnative_Myxococcus_SemiBin_124	K01087	HCPACPNG_05247	162.9	5.9e-48	0
EQnative_Myxococcus_SemiBin_124	K01087	HCPACPNG_06538	17.2	0.00098	0
EQnative_Myxococcus_SemiBin_124	K01087	HCPACPNG_09340	15.5	0.0033	0
EQnative_Myxococcus_SemiBin_124	K01087	HCPACPNG_03192	14.9	0.0052	0
EQnative_Myxococcus_SemiBin_124	K01087	HCPACPNG_04168	14.2	0.0081	0
EQnative_Myxococcus_SemiBin_124	K01087	HCPACPNG_05401	13.1	0.018	0
EQnative_Myxococcus_SemiBin_124	K01087	HCPACPNG_05262	11.4	0.057	0
EQnative_Myxococcus_SemiBin_124	K05343	HCPACPNG_03683	806.3	2.2e-242	1
EQnative_Myxococcus_SemiBin_124	K05343	HCPACPNG_09075	575.9	9.2e-173	1
EQnative_Myxococcus_SemiBin_124	K05343	HCPACPNG_09074	151.7	1.3e-44	0
EQnative_Myxococcus_SemiBin_124	K05343	HCPACPNG_08578	143.9	3e-42	0
EQnative_Myxococcus_SemiBin_124	K05343	HCPACPNG_03682	123.0	6.3e-36	0
EQnative_Myxococcus_SemiBin_124	K05343	HCPACPNG_00140	97.5	3.1e-28	0
EQnative_Myxococcus_SemiBin_124	K05343	HCPACPNG_04246	90.8	3.3e-26	0
EQnative_Myxococcus_SemiBin_124	K05343	HCPACPNG_03229	72.3	1.3e-20	0
EQnative_Myxococcus_SemiBin_124	K05343	HCPACPNG_03541	70.3	5.3e-20	0
EQnative_Myxococcus_SemiBin_124	K05343	HCPACPNG_00852	61.3	2.8e-17	0
EQnative_Myxococcus_SemiBin_124	K05343	HCPACPNG_00645	55.9	1.2e-15	0
EQnative_Myxococcus_SemiBin_124	K05343	HCPACPNG_00363	52.7	1.1e-14	0
EQnative_Myxococcus_SemiBin_124	K05343	HCPACPNG_02334	36.1	1.1e-09	0
EQnative_Myxococcus_SemiBin_124	K05343	HCPACPNG_03227	28.8	1.8e-07	0
EQnative_Myxococcus_SemiBin_124	K05343	HCPACPNG_04626	28.3	2.6e-07	0
EQnative_Myxococcus_SemiBin_124	K06044	HCPACPNG_06797	638.4	1.7e-191	1
EQnative_Myxococcus_SemiBin_124	K06044	HCPACPNG_08578	82.0	1.3e-23	0
EQnative_Myxococcus_SemiBin_124	K06044	HCPACPNG_03682	69.5	7.7e-20	0
EQnative_Myxococcus_SemiBin_124	K06044	HCPACPNG_04246	64.0	3.3e-18	0
EQnative_Myxococcus_SemiBin_124	K06044	HCPACPNG_03683	53.4	5.6e-15	0
EQnative_Myxococcus_SemiBin_124	K06044	HCPACPNG_00140	37.9	2.6e-10	0
EQnative_Myxococcus_SemiBin_124	K06044	HCPACPNG_00363	37.3	3.8e-10	0
EQnative_Myxococcus_SemiBin_124	K06044	HCPACPNG_00645	36.1	8.8e-10	0
EQnative_Myxococcus_SemiBin_124	K06044	HCPACPNG_00852	31.6	2.1e-08	0
EQnative_Myxococcus_SemiBin_124	K06044	HCPACPNG_03541	28.4	1.8e-07	0
EQnative_Myxococcus_SemiBin_124	K06044	HCPACPNG_02334	14.1	0.0038	0
EQnative_Myxococcus_SemiBin_124	K06044	HCPACPNG_09075	12.1	0.015	0
EQnative_Myxococcus_SemiBin_124	K06044	HCPACPNG_01595	10.0	0.065	0
EQnative_Myxococcus_SemiBin_124	K01236	HCPACPNG_00645	749.8	2e-225	1
EQnative_Myxococcus_SemiBin_124	K01236	HCPACPNG_00363	684.8	8.6e-206	1
EQnative_Myxococcus_SemiBin_124	K01236	HCPACPNG_03541	184.3	1.9e-54	0
EQnative_Myxococcus_SemiBin_124	K01236	HCPACPNG_02334	154.8	1.6e-45	0
EQnative_Myxococcus_SemiBin_124	K01236	HCPACPNG_08578	131.0	2.6e-38	0
EQnative_Myxococcus_SemiBin_124	K01236	HCPACPNG_03682	108.9	1.2e-31	0
EQnative_Myxococcus_SemiBin_124	K01236	HCPACPNG_03683	108.9	1.3e-31	0
EQnative_Myxococcus_SemiBin_124	K01236	HCPACPNG_00140	94.7	2.3e-27	0
EQnative_Myxococcus_SemiBin_124	K01236	HCPACPNG_04246	81.0	3.3e-23	0
EQnative_Myxococcus_SemiBin_124	K01236	HCPACPNG_04626	76.0	1.1e-21	0
EQnative_Myxococcus_SemiBin_124	K01236	HCPACPNG_09075	40.1	8e-11	0
EQnative_Myxococcus_SemiBin_124	K01236	HCPACPNG_00852	33.9	5.9e-09	0
EQnative_Myxococcus_SemiBin_124	K01236	HCPACPNG_03229	24.3	4.6e-06	0
EQnative_Myxococcus_SemiBin_124	K13057	HCPACPNG_07630	573.2	1.5e-172	1
EQnative_Myxococcus_SemiBin_124	K13057	HCPACPNG_01990	160.7	2.2e-47	0
EQnative_Myxococcus_SemiBin_124	K13057	HCPACPNG_03592	96.7	5.7e-28	0
EQnative_Myxococcus_SemiBin_124	K13057	HCPACPNG_07948	77.2	4.7e-22	0
EQnative_Myxococcus_SemiBin_124	K13057	HCPACPNG_06497	65.1	2.3e-18	0
EQnative_Myxococcus_SemiBin_124	K13057	HCPACPNG_06473	60.7	4.7e-17	0
EQnative_Myxococcus_SemiBin_124	K13057	HCPACPNG_00164	60.0	7.9e-17	0
EQnative_Myxococcus_SemiBin_124	K13057	HCPACPNG_00604	56.4	9.9e-16	0
EQnative_Myxococcus_SemiBin_124	K13057	HCPACPNG_08339	55.6	1.7e-15	0
EQnative_Myxococcus_SemiBin_124	K13057	HCPACPNG_00895	55.1	2.5e-15	0
EQnative_Myxococcus_SemiBin_124	K13057	HCPACPNG_00169	47.7	4.2e-13	0
EQnative_Myxococcus_SemiBin_124	K13057	HCPACPNG_04468	44.7	3.4e-12	0
EQnative_Myxococcus_SemiBin_124	K13057	HCPACPNG_04921	44.1	5.2e-12	0
EQnative_Myxococcus_SemiBin_124	K13057	HCPACPNG_06498	44.0	5.5e-12	0
EQnative_Myxococcus_SemiBin_124	K13057	HCPACPNG_04919	41.1	4.2e-11	0
EQnative_Myxococcus_SemiBin_124	K13057	HCPACPNG_07080	39.3	1.5e-10	0
EQnative_Myxococcus_SemiBin_124	K13057	HCPACPNG_01403	34.6	4.1e-09	0
EQnative_Myxococcus_SemiBin_124	K13057	HCPACPNG_08042	33.9	6.8e-09	0
EQnative_Myxococcus_SemiBin_124	K13057	HCPACPNG_05178	31.3	4.1e-08	0
EQnative_Myxococcus_SemiBin_124	K13057	HCPACPNG_00165	31.0	5.1e-08	0
EQnative_Myxococcus_SemiBin_124	K13057	HCPACPNG_05247	30.1	9.3e-08	0
EQnative_Myxococcus_SemiBin_124	K13057	HCPACPNG_05421	29.3	1.7e-07	0
EQnative_Myxococcus_SemiBin_124	K13057	HCPACPNG_01404	23.7	8.2e-06	0
EQnative_Myxococcus_SemiBin_124	K13057	HCPACPNG_00167	23.5	9.5e-06	0
EQnative_Myxococcus_SemiBin_124	K13057	HCPACPNG_07943	22.9	1.5e-05	0
EQnative_Myxococcus_SemiBin_124	K13057	HCPACPNG_06474	21.5	3.8e-05	0
EQnative_Myxococcus_SemiBin_124	K13057	HCPACPNG_06331	20.3	8.6e-05	0
EQnative_Myxococcus_SemiBin_124	K13057	HCPACPNG_00170	19.1	0.00021	0
EQnative_Myxococcus_SemiBin_124	K13057	HCPACPNG_05422	15.0	0.0035	0
EQnative_Myxococcus_SemiBin_124	K13057	HCPACPNG_00974	15.0	0.0037	0
EQnative_Myxococcus_SemiBin_124	K13057	HCPACPNG_06332	15.0	0.0037	0
EQnative_Myxococcus_SemiBin_124	K13057	HCPACPNG_06330	14.4	0.0054	0
EQnative_Myxococcus_SemiBin_124	K13057	HCPACPNG_02146	14.2	0.0062	0
EQnative_Myxococcus_SemiBin_124	K13057	HCPACPNG_05790	12.3	0.023	0
EQnative_Myxococcus_SemiBin_124	K13057	HCPACPNG_05179	12.2	0.025	0
EQnative_Myxococcus_SemiBin_124	K13057	HCPACPNG_04469	10.4	0.089	0
EQnative_Myxococcus_SemiBin_124	K00108	HCPACPNG_07550	87.1	3.8e-25	0
EQnative_Myxococcus_SemiBin_124	K00108	HCPACPNG_03329	69.9	5.9e-20	0
EQnative_Myxococcus_SemiBin_124	K00108	HCPACPNG_09427	46.6	6.8e-13	0
EQnative_Myxococcus_SemiBin_124	K00108	HCPACPNG_04726	46.2	9.3e-13	0
EQnative_Myxococcus_SemiBin_124	K00108	HCPACPNG_06729	44.1	4e-12	0
EQnative_Myxococcus_SemiBin_124	K00108	HCPACPNG_06730	35.7	1.4e-09	0
EQnative_Myxococcus_SemiBin_124	K00108	HCPACPNG_00201	17.2	0.00053	0
EQnative_Myxococcus_SemiBin_124	K00108	HCPACPNG_01881	13.7	0.0063	0
EQnative_Myxococcus_SemiBin_124	K00108	HCPACPNG_09505	13.1	0.0097	0
EQnative_Myxococcus_SemiBin_124	K00108	HCPACPNG_05045	12.1	0.018	0
EQnative_Myxococcus_SemiBin_124	K00108	HCPACPNG_09616	11.0	0.04	0
EQnative_Myxococcus_SemiBin_124	K00108	HCPACPNG_05375	10.7	0.049	0
EQnative_Myxococcus_SemiBin_124	K00108	HCPACPNG_08258	10.4	0.061	0
EQnative_Myxococcus_SemiBin_124	K00108	HCPACPNG_00489	10.2	0.069	0
EQnative_Myxococcus_SemiBin_124	K00108	HCPACPNG_09436	9.1	0.16	0
EQnative_Myxococcus_SemiBin_124	K00130	HCPACPNG_00767	612.8	2.9e-184	0
EQnative_Myxococcus_SemiBin_124	K00130	HCPACPNG_08469	594.5	1e-178	0
EQnative_Myxococcus_SemiBin_124	K00130	HCPACPNG_07549	593.9	1.6e-178	0
EQnative_Myxococcus_SemiBin_124	K00130	HCPACPNG_04968	416.3	9.7e-125	0
EQnative_Myxococcus_SemiBin_124	K00130	HCPACPNG_02048	413.0	9.7e-124	0
EQnative_Myxococcus_SemiBin_124	K00130	HCPACPNG_01118	387.8	4e-116	0
EQnative_Myxococcus_SemiBin_124	K00130	HCPACPNG_07259	309.3	2.4e-92	0
EQnative_Myxococcus_SemiBin_124	K00130	HCPACPNG_07258	299.7	2e-89	0
EQnative_Myxococcus_SemiBin_124	K00130	HCPACPNG_06821	273.7	1.5e-81	0
EQnative_Myxococcus_SemiBin_124	K00130	HCPACPNG_00531	247.3	1.5e-73	0
EQnative_Myxococcus_SemiBin_124	K00130	HCPACPNG_05479	146.3	5.5e-43	0
EQnative_Myxococcus_SemiBin_124	K00130	HCPACPNG_01780	36.1	1.3e-09	0
EQnative_Myxococcus_SemiBin_124	K00499	HCPACPNG_01713	29.0	2.3e-07	0
EQnative_Myxococcus_SemiBin_124	K00499	HCPACPNG_00708	22.9	1.7e-05	0
EQnative_Myxococcus_SemiBin_124	K00499	HCPACPNG_04702	21.0	6.2e-05	0
EQnative_Myxococcus_SemiBin_124	K17755	HCPACPNG_07550	67.0	7.7e-19	0
EQnative_Myxococcus_SemiBin_124	K17755	HCPACPNG_03329	49.7	1.3e-13	0
EQnative_Myxococcus_SemiBin_124	K17755	HCPACPNG_04726	41.5	3.9e-11	0
EQnative_Myxococcus_SemiBin_124	K17755	HCPACPNG_06729	36.3	1.5e-09	0
EQnative_Myxococcus_SemiBin_124	K17755	HCPACPNG_09427	36.0	1.8e-09	0
EQnative_Myxococcus_SemiBin_124	K17755	HCPACPNG_06730	28.3	4.1e-07	0
EQnative_Myxococcus_SemiBin_124	K17755	HCPACPNG_00489	25.3	3.2e-06	0
EQnative_Myxococcus_SemiBin_124	K17755	HCPACPNG_00201	23.1	1.5e-05	0
EQnative_Myxococcus_SemiBin_124	K17755	HCPACPNG_05343	8.7	0.34	0
EQnative_Myxococcus_SemiBin_124	K17756	HCPACPNG_07550	428.4	3.3e-128	0
EQnative_Myxococcus_SemiBin_124	K17756	HCPACPNG_03329	363.6	1.3e-108	0
EQnative_Myxococcus_SemiBin_124	K17756	HCPACPNG_06730	117.6	2.9e-34	0
EQnative_Myxococcus_SemiBin_124	K17756	HCPACPNG_04726	107.1	4.5e-31	0
EQnative_Myxococcus_SemiBin_124	K17756	HCPACPNG_09427	97.5	3.7e-28	0
EQnative_Myxococcus_SemiBin_124	K17756	HCPACPNG_06729	96.2	9e-28	0
EQnative_Myxococcus_SemiBin_124	K17756	HCPACPNG_00201	51.2	3.5e-14	0
EQnative_Myxococcus_SemiBin_124	K17756	HCPACPNG_09244	17.8	0.00044	0
EQnative_Myxococcus_SemiBin_124	K17756	HCPACPNG_04841	17.4	0.0006	0
EQnative_Myxococcus_SemiBin_124	K17756	HCPACPNG_01184	16.9	0.00085	0
EQnative_Myxococcus_SemiBin_124	K17756	HCPACPNG_00489	14.8	0.0035	0
EQnative_Myxococcus_SemiBin_124	K17756	HCPACPNG_02115	14.2	0.0056	0
EQnative_Myxococcus_SemiBin_124	K17756	HCPACPNG_09505	13.5	0.0086	0
EQnative_Myxococcus_SemiBin_124	K17756	HCPACPNG_01506	13.1	0.012	0
EQnative_Myxococcus_SemiBin_124	K17756	HCPACPNG_09616	12.1	0.023	0
EQnative_Myxococcus_SemiBin_124	K17756	HCPACPNG_06578	12.1	0.023	0
EQnative_Myxococcus_SemiBin_124	K17756	HCPACPNG_09449	11.9	0.027	0
EQnative_Myxococcus_SemiBin_124	K17756	HCPACPNG_04412	11.2	0.044	0
EQnative_Myxococcus_SemiBin_124	K17756	HCPACPNG_09436	10.8	0.06	0
EQnative_Myxococcus_SemiBin_124	K17756	HCPACPNG_01551	10.7	0.06	0
EQnative_Myxococcus_SemiBin_124	K17756	HCPACPNG_09617	10.6	0.069	0
EQnative_Myxococcus_SemiBin_124	K17756	HCPACPNG_05337	9.0	0.2	0
EQnative_Myxococcus_SemiBin_124	K17756	HCPACPNG_04111	6.7	1.0	0
EQnative_Myxococcus_SemiBin_124	K06718	HCPACPNG_08236	27.6	9.3e-07	0
EQnative_Myxococcus_SemiBin_124	K06718	HCPACPNG_05711	27.2	1.2e-06	0
EQnative_Myxococcus_SemiBin_124	K06718	HCPACPNG_06193	21.7	5.8e-05	0
EQnative_Myxococcus_SemiBin_124	K06718	HCPACPNG_08040	18.7	0.00047	0
EQnative_Myxococcus_SemiBin_124	K06718	HCPACPNG_06757	17.8	0.00088	0
EQnative_Myxococcus_SemiBin_124	K06718	HCPACPNG_05755	16.1	0.0029	0
EQnative_Myxococcus_SemiBin_124	K06718	HCPACPNG_06365	15.0	0.0062	0
EQnative_Myxococcus_SemiBin_124	K06718	HCPACPNG_03623	13.8	0.015	0
EQnative_Myxococcus_SemiBin_124	K06718	HCPACPNG_03843	13.8	0.015	0
EQnative_Myxococcus_SemiBin_124	K06718	HCPACPNG_00582	13.5	0.018	0
EQnative_Myxococcus_SemiBin_124	K06718	HCPACPNG_09295	13.1	0.025	0
EQnative_Myxococcus_SemiBin_124	K06718	HCPACPNG_00371	12.9	0.028	0
EQnative_Myxococcus_SemiBin_124	K06718	HCPACPNG_00399	12.6	0.035	0
EQnative_Myxococcus_SemiBin_124	K06718	HCPACPNG_05531	12.2	0.047	0
EQnative_Myxococcus_SemiBin_124	K06718	HCPACPNG_03475	11.7	0.067	0
EQnative_Myxococcus_SemiBin_124	K06718	HCPACPNG_09741	11.6	0.068	0
EQnative_Myxococcus_SemiBin_124	K06720	HCPACPNG_05050	24.8	1e-05	0
EQnative_Myxococcus_SemiBin_124	K06720	HCPACPNG_00769	15.7	0.0062	0
EQnative_Myxococcus_SemiBin_124	K06721	HCPACPNG_06702	136.6	7.1e-40	0
EQnative_Myxococcus_SemiBin_124	K06721	HCPACPNG_03032	12.1	0.047	0
EQnative_Myxococcus_SemiBin_124	K06721	HCPACPNG_02889	11.6	0.068	0
EQnative_Myxococcus_SemiBin_124	K06721	HCPACPNG_06282	11.6	0.07	0
EQnative_Myxococcus_SemiBin_124	K10674	HCPACPNG_03079	19.2	0.00032	0
EQnative_Myxococcus_SemiBin_124	K10674	HCPACPNG_07154	17.8	0.00081	0
EQnative_Myxococcus_SemiBin_124	K01858	HCPACPNG_03854	417.8	4.4e-125	1
EQnative_Myxococcus_SemiBin_124	K01858	HCPACPNG_06705	366.1	2e-109	1
EQnative_Myxococcus_SemiBin_124	K05845	HCPACPNG_02052	350.8	7.3e-105	1
EQnative_Myxococcus_SemiBin_124	K05845	HCPACPNG_02319	11.7	0.046	0
EQnative_Myxococcus_SemiBin_124	K05846	HCPACPNG_02052	301.8	3.9e-90	1
EQnative_Myxococcus_SemiBin_124	K05846	HCPACPNG_02253	99.1	1.4e-28	0
EQnative_Myxococcus_SemiBin_124	K05846	HCPACPNG_06633	49.0	2.2e-13	0
EQnative_Myxococcus_SemiBin_124	K05846	HCPACPNG_03392	48.6	2.8e-13	0
EQnative_Myxococcus_SemiBin_124	K05846	HCPACPNG_06711	33.7	9.6e-09	0
EQnative_Myxococcus_SemiBin_124	K05846	HCPACPNG_00303	33.3	1.3e-08	0
EQnative_Myxococcus_SemiBin_124	K05846	HCPACPNG_08941	31.2	5.4e-08	0
EQnative_Myxococcus_SemiBin_124	K05846	HCPACPNG_07125	28.9	2.8e-07	0
EQnative_Myxococcus_SemiBin_124	K05846	HCPACPNG_00848	24.5	6e-06	0
EQnative_Myxococcus_SemiBin_124	K05846	HCPACPNG_08117	20.9	7.3e-05	0
EQnative_Myxococcus_SemiBin_124	K05846	HCPACPNG_08118	19.6	0.00018	0
EQnative_Myxococcus_SemiBin_124	K05846	HCPACPNG_00566	18.7	0.00035	0
EQnative_Myxococcus_SemiBin_124	K05846	HCPACPNG_05568	18.6	0.00036	0
EQnative_Myxococcus_SemiBin_124	K05846	HCPACPNG_03391	17.7	0.00071	0
EQnative_Myxococcus_SemiBin_124	K05846	HCPACPNG_07354	13.2	0.016	0
EQnative_Myxococcus_SemiBin_124	K05846	HCPACPNG_02406	12.1	0.036	0
EQnative_Myxococcus_SemiBin_124	K05846	HCPACPNG_00849	10.8	0.087	0
EQnative_Myxococcus_SemiBin_124	K05846	HCPACPNG_07124	10.5	0.11	0
EQnative_Myxococcus_SemiBin_124	K05846	HCPACPNG_00228	9.6	0.2	0
EQnative_Myxococcus_SemiBin_124	K05846	HCPACPNG_07352	7.0	1.3	0
EQnative_Myxococcus_SemiBin_124	K05846	HCPACPNG_05567	4.5	7.4	0
EQnative_Myxococcus_SemiBin_124	K05846	HCPACPNG_02405	4.0	9.8	0
EQnative_Myxococcus_SemiBin_124	K05847	HCPACPNG_02053	309.8	1.8e-92	0
EQnative_Myxococcus_SemiBin_124	K05847	HCPACPNG_07123	306.8	1.5e-91	0
EQnative_Myxococcus_SemiBin_124	K05847	HCPACPNG_00565	293.2	2e-87	0
EQnative_Myxococcus_SemiBin_124	K05847	HCPACPNG_06712	271.2	9.9e-81	0
EQnative_Myxococcus_SemiBin_124	K05847	HCPACPNG_00850	269.6	3e-80	0
EQnative_Myxococcus_SemiBin_124	K05847	HCPACPNG_02407	267.3	1.5e-79	0
EQnative_Myxococcus_SemiBin_124	K05847	HCPACPNG_02252	239.6	3.8e-71	0
EQnative_Myxococcus_SemiBin_124	K05847	HCPACPNG_06632	229.3	5e-68	0
EQnative_Myxococcus_SemiBin_124	K05847	HCPACPNG_00015	228.8	7.3e-68	0
EQnative_Myxococcus_SemiBin_124	K05847	HCPACPNG_00614	221.3	1.4e-65	0
EQnative_Myxococcus_SemiBin_124	K05847	HCPACPNG_00066	210.8	2.1e-62	0
EQnative_Myxococcus_SemiBin_124	K05847	HCPACPNG_03390	207.8	1.7e-61	0
EQnative_Myxococcus_SemiBin_124	K05847	HCPACPNG_07336	202.2	8.5e-60	0
EQnative_Myxococcus_SemiBin_124	K05847	HCPACPNG_00226	193.9	2.9e-57	0
EQnative_Myxococcus_SemiBin_124	K05847	HCPACPNG_09181	191.0	2.2e-56	0
EQnative_Myxococcus_SemiBin_124	K05847	HCPACPNG_05942	190.2	3.9e-56	0
EQnative_Myxococcus_SemiBin_124	K05847	HCPACPNG_00227	186.6	4.9e-55	0
EQnative_Myxococcus_SemiBin_124	K05847	HCPACPNG_03362	182.0	1.2e-53	0
EQnative_Myxococcus_SemiBin_124	K05847	HCPACPNG_04450	177.4	3e-52	0
EQnative_Myxococcus_SemiBin_124	K05847	HCPACPNG_05362	176.3	6.7e-52	0
EQnative_Myxococcus_SemiBin_124	K05847	HCPACPNG_04913	175.1	1.5e-51	0
EQnative_Myxococcus_SemiBin_124	K05847	HCPACPNG_03286	174.8	1.8e-51	0
EQnative_Myxococcus_SemiBin_124	K05847	HCPACPNG_06437	174.1	3e-51	0
EQnative_Myxococcus_SemiBin_124	K05847	HCPACPNG_03364	174.0	3.3e-51	0
EQnative_Myxococcus_SemiBin_124	K05847	HCPACPNG_06904	172.9	6.7e-51	0
EQnative_Myxococcus_SemiBin_124	K05847	HCPACPNG_09499	171.5	1.8e-50	0
EQnative_Myxococcus_SemiBin_124	K05847	HCPACPNG_07337	167.0	4.3e-49	0
EQnative_Myxococcus_SemiBin_124	K05847	HCPACPNG_05464	164.3	2.8e-48	0
EQnative_Myxococcus_SemiBin_124	K05847	HCPACPNG_07141	163.1	6.4e-48	0
EQnative_Myxococcus_SemiBin_124	K05847	HCPACPNG_05566	162.8	8e-48	0
EQnative_Myxococcus_SemiBin_124	K05847	HCPACPNG_08033	161.5	2e-47	0
EQnative_Myxococcus_SemiBin_124	K05847	HCPACPNG_08940	159.1	1.1e-46	0
EQnative_Myxococcus_SemiBin_124	K05847	HCPACPNG_02658	156.2	8e-46	0
EQnative_Myxococcus_SemiBin_124	K05847	HCPACPNG_01046	153.4	5.7e-45	0
EQnative_Myxococcus_SemiBin_124	K05847	HCPACPNG_02363	153.2	6.9e-45	0
EQnative_Myxococcus_SemiBin_124	K05847	HCPACPNG_05382	152.1	1.4e-44	0
EQnative_Myxococcus_SemiBin_124	K05847	HCPACPNG_06023	150.1	5.7e-44	0
EQnative_Myxococcus_SemiBin_124	K05847	HCPACPNG_04044	149.6	8.3e-44	0
EQnative_Myxococcus_SemiBin_124	K05847	HCPACPNG_03729	148.3	2.1e-43	0
EQnative_Myxococcus_SemiBin_124	K05847	HCPACPNG_00612	147.1	4.9e-43	0
EQnative_Myxococcus_SemiBin_124	K05847	HCPACPNG_06510	144.1	4e-42	0
EQnative_Myxococcus_SemiBin_124	K05847	HCPACPNG_00448	141.3	2.8e-41	0
EQnative_Myxococcus_SemiBin_124	K05847	HCPACPNG_00028	139.8	7.7e-41	0
EQnative_Myxococcus_SemiBin_124	K05847	HCPACPNG_09625	138.3	2.2e-40	0
EQnative_Myxococcus_SemiBin_124	K05847	HCPACPNG_04394	137.6	3.7e-40	0
EQnative_Myxococcus_SemiBin_124	K05847	HCPACPNG_05354	135.2	1.9e-39	0
EQnative_Myxococcus_SemiBin_124	K05847	HCPACPNG_02906	133.0	9.3e-39	0
EQnative_Myxococcus_SemiBin_124	K05847	HCPACPNG_00684	132.3	1.5e-38	0
EQnative_Myxococcus_SemiBin_124	K05847	HCPACPNG_07988	130.7	4.7e-38	0
EQnative_Myxococcus_SemiBin_124	K05847	HCPACPNG_09614	130.0	7.7e-38	0
EQnative_Myxococcus_SemiBin_124	K05847	HCPACPNG_07536	128.1	2.9e-37	0
EQnative_Myxococcus_SemiBin_124	K05847	HCPACPNG_00544	125.9	1.3e-36	0
EQnative_Myxococcus_SemiBin_124	K05847	HCPACPNG_03075	125.6	1.6e-36	0
EQnative_Myxococcus_SemiBin_124	K05847	HCPACPNG_05353	123.2	8.6e-36	0
EQnative_Myxococcus_SemiBin_124	K05847	HCPACPNG_04465	122.0	2e-35	0
EQnative_Myxococcus_SemiBin_124	K05847	HCPACPNG_02597	118.3	2.6e-34	0
EQnative_Myxococcus_SemiBin_124	K05847	HCPACPNG_02429	117.3	5.3e-34	0
EQnative_Myxococcus_SemiBin_124	K05847	HCPACPNG_08914	116.6	8.6e-34	0
EQnative_Myxococcus_SemiBin_124	K05847	HCPACPNG_02223	115.7	1.6e-33	0
EQnative_Myxococcus_SemiBin_124	K05847	HCPACPNG_03887	108.4	2.7e-31	0
EQnative_Myxococcus_SemiBin_124	K05847	HCPACPNG_02615	107.8	4.1e-31	0
EQnative_Myxococcus_SemiBin_124	K05847	HCPACPNG_00799	105.8	1.7e-30	0
EQnative_Myxococcus_SemiBin_124	K05847	HCPACPNG_03072	99.9	1.1e-28	0
EQnative_Myxococcus_SemiBin_124	K05847	HCPACPNG_09211	97.2	6.7e-28	0
EQnative_Myxococcus_SemiBin_124	K05847	HCPACPNG_02935	96.2	1.4e-27	0
EQnative_Myxococcus_SemiBin_124	K05847	HCPACPNG_07260	93.6	8.5e-27	0
EQnative_Myxococcus_SemiBin_124	K05847	HCPACPNG_00988	84.5	5e-24	0
EQnative_Myxococcus_SemiBin_124	K05847	HCPACPNG_06219	78.1	4.3e-22	0
EQnative_Myxococcus_SemiBin_124	K05847	HCPACPNG_01526	75.9	2e-21	0
EQnative_Myxococcus_SemiBin_124	K05847	HCPACPNG_02346	69.4	2e-19	0
EQnative_Myxococcus_SemiBin_124	K05847	HCPACPNG_02656	60.2	1.2e-16	0
EQnative_Myxococcus_SemiBin_124	K05847	HCPACPNG_01785	51.9	4e-14	0
EQnative_Myxococcus_SemiBin_124	K05847	HCPACPNG_07617	41.6	5.2e-11	0
EQnative_Myxococcus_SemiBin_124	K05847	HCPACPNG_00171	36.4	2.1e-09	0
EQnative_Myxococcus_SemiBin_124	K05847	HCPACPNG_04915	27.5	1.1e-06	0
EQnative_Myxococcus_SemiBin_124	K05847	HCPACPNG_01599	21.8	5.4e-05	0
EQnative_Myxococcus_SemiBin_124	K05847	HCPACPNG_00305	18.0	0.00078	0
EQnative_Myxococcus_SemiBin_124	K05847	HCPACPNG_02619	15.3	0.0053	0
EQnative_Myxococcus_SemiBin_124	K05847	HCPACPNG_00280	14.4	0.0095	0
EQnative_Myxococcus_SemiBin_124	K05847	HCPACPNG_01598	13.8	0.015	0
EQnative_Myxococcus_SemiBin_124	K05847	HCPACPNG_06113	13.6	0.017	0
EQnative_Myxococcus_SemiBin_124	K05847	HCPACPNG_07761	13.2	0.022	0
EQnative_Myxococcus_SemiBin_124	K05847	HCPACPNG_09754	13.1	0.024	0
EQnative_Myxococcus_SemiBin_124	K05847	HCPACPNG_02916	12.5	0.037	0
EQnative_Myxococcus_SemiBin_124	K05847	HCPACPNG_08648	12.4	0.041	0
EQnative_Myxococcus_SemiBin_124	K05847	HCPACPNG_09539	11.8	0.062	0
EQnative_Myxococcus_SemiBin_124	K05847	HCPACPNG_01703	10.7	0.13	0
EQnative_Myxococcus_SemiBin_124	K05848	HCPACPNG_04862	82.3	2.1e-23	0
EQnative_Myxococcus_SemiBin_124	K02168	HCPACPNG_00193	10.4	0.067	0
EQnative_Myxococcus_SemiBin_124	K02168	HCPACPNG_08896	5.8	1.6	0
EQnative_Myxococcus_SemiBin_124	K02000	HCPACPNG_07123	278.0	1.4e-82	0
EQnative_Myxococcus_SemiBin_124	K02000	HCPACPNG_02252	262.6	6.5e-78	0
EQnative_Myxococcus_SemiBin_124	K02000	HCPACPNG_00565	259.8	4.5e-77	0
EQnative_Myxococcus_SemiBin_124	K02000	HCPACPNG_06712	257.6	2e-76	0
EQnative_Myxococcus_SemiBin_124	K02000	HCPACPNG_00850	249.8	4.7e-74	0
EQnative_Myxococcus_SemiBin_124	K02000	HCPACPNG_00614	242.3	9e-72	0
EQnative_Myxococcus_SemiBin_124	K02000	HCPACPNG_06632	240.3	3.7e-71	0
EQnative_Myxococcus_SemiBin_124	K02000	HCPACPNG_02407	238.1	1.7e-70	0
EQnative_Myxococcus_SemiBin_124	K02000	HCPACPNG_02053	234.9	1.5e-69	0
EQnative_Myxococcus_SemiBin_124	K02000	HCPACPNG_00066	226.2	6.8e-67	0
EQnative_Myxococcus_SemiBin_124	K02000	HCPACPNG_00015	222.2	1.1e-65	0
EQnative_Myxococcus_SemiBin_124	K02000	HCPACPNG_07336	200.4	4.2e-59	0
EQnative_Myxococcus_SemiBin_124	K02000	HCPACPNG_05362	196.1	8.8e-58	0
EQnative_Myxococcus_SemiBin_124	K02000	HCPACPNG_00227	195.2	1.6e-57	0
EQnative_Myxococcus_SemiBin_124	K02000	HCPACPNG_03362	187.6	3.2e-55	0
EQnative_Myxococcus_SemiBin_124	K02000	HCPACPNG_09181	182.4	1.2e-53	0
EQnative_Myxococcus_SemiBin_124	K02000	HCPACPNG_03390	181.4	2.4e-53	0
EQnative_Myxococcus_SemiBin_124	K02000	HCPACPNG_00226	181.1	2.9e-53	0
EQnative_Myxococcus_SemiBin_124	K02000	HCPACPNG_05942	180.8	3.6e-53	0
EQnative_Myxococcus_SemiBin_124	K02000	HCPACPNG_04450	174.9	2.3e-51	0
EQnative_Myxococcus_SemiBin_124	K02000	HCPACPNG_07337	167.7	3.3e-49	0
EQnative_Myxococcus_SemiBin_124	K02000	HCPACPNG_03729	167.7	3.5e-49	0
EQnative_Myxococcus_SemiBin_124	K02000	HCPACPNG_09499	150.3	6.5e-44	0
EQnative_Myxococcus_SemiBin_124	K02000	HCPACPNG_03364	149.2	1.3e-43	0
EQnative_Myxococcus_SemiBin_124	K02000	HCPACPNG_05566	145.9	1.3e-42	0
EQnative_Myxococcus_SemiBin_124	K02000	HCPACPNG_06437	139.1	1.5e-40	0
EQnative_Myxococcus_SemiBin_124	K02000	HCPACPNG_08940	137.9	3.6e-40	0
EQnative_Myxococcus_SemiBin_124	K02000	HCPACPNG_03286	132.7	1.3e-38	0
EQnative_Myxococcus_SemiBin_124	K02000	HCPACPNG_04044	127.9	3.8e-37	0
EQnative_Myxococcus_SemiBin_124	K02000	HCPACPNG_06904	126.2	1.2e-36	0
EQnative_Myxococcus_SemiBin_124	K02000	HCPACPNG_05382	126.0	1.4e-36	0
EQnative_Myxococcus_SemiBin_124	K02000	HCPACPNG_00028	121.7	2.8e-35	0
EQnative_Myxococcus_SemiBin_124	K02000	HCPACPNG_08033	121.2	4.1e-35	0
EQnative_Myxococcus_SemiBin_124	K02000	HCPACPNG_07536	117.4	5.6e-34	0
EQnative_Myxococcus_SemiBin_124	K02000	HCPACPNG_05464	117.2	6.7e-34	0
EQnative_Myxococcus_SemiBin_124	K02000	HCPACPNG_06510	116.9	7.9e-34	0
EQnative_Myxococcus_SemiBin_124	K02000	HCPACPNG_06023	114.3	5e-33	0
EQnative_Myxococcus_SemiBin_124	K02000	HCPACPNG_01046	111.6	3.2e-32	0
EQnative_Myxococcus_SemiBin_124	K02000	HCPACPNG_00448	111.5	3.6e-32	0
EQnative_Myxococcus_SemiBin_124	K02000	HCPACPNG_02658	111.3	4e-32	0
EQnative_Myxococcus_SemiBin_124	K02000	HCPACPNG_07141	111.0	5e-32	0
EQnative_Myxococcus_SemiBin_124	K02000	HCPACPNG_04913	110.6	6.6e-32	0
EQnative_Myxococcus_SemiBin_124	K02000	HCPACPNG_00684	106.7	9.7e-31	0
EQnative_Myxococcus_SemiBin_124	K02000	HCPACPNG_00612	103.1	1.2e-29	0
EQnative_Myxococcus_SemiBin_124	K02000	HCPACPNG_02906	99.4	1.6e-28	0
EQnative_Myxococcus_SemiBin_124	K02000	HCPACPNG_02363	94.8	4e-27	0
EQnative_Myxococcus_SemiBin_124	K02000	HCPACPNG_08914	94.3	5.8e-27	0
EQnative_Myxococcus_SemiBin_124	K02000	HCPACPNG_02429	91.5	3.9e-26	0
EQnative_Myxococcus_SemiBin_124	K02000	HCPACPNG_04394	88.0	4.6e-25	0
EQnative_Myxococcus_SemiBin_124	K02000	HCPACPNG_04465	84.7	4.5e-24	0
EQnative_Myxococcus_SemiBin_124	K02000	HCPACPNG_09625	84.7	4.7e-24	0
EQnative_Myxococcus_SemiBin_124	K02000	HCPACPNG_00544	84.3	5.8e-24	0
EQnative_Myxococcus_SemiBin_124	K02000	HCPACPNG_02615	82.9	1.6e-23	0
EQnative_Myxococcus_SemiBin_124	K02000	HCPACPNG_05353	81.4	4.5e-23	0
EQnative_Myxococcus_SemiBin_124	K02000	HCPACPNG_03075	80.2	1e-22	0
EQnative_Myxococcus_SemiBin_124	K02000	HCPACPNG_09614	80.1	1.1e-22	0
EQnative_Myxococcus_SemiBin_124	K02000	HCPACPNG_05354	79.8	1.4e-22	0
EQnative_Myxococcus_SemiBin_124	K02000	HCPACPNG_02597	78.1	4.6e-22	0
EQnative_Myxococcus_SemiBin_124	K02000	HCPACPNG_07988	75.9	2.1e-21	0
EQnative_Myxococcus_SemiBin_124	K02000	HCPACPNG_03072	75.5	2.8e-21	0
EQnative_Myxococcus_SemiBin_124	K02000	HCPACPNG_02935	74.7	4.9e-21	0
EQnative_Myxococcus_SemiBin_124	K02000	HCPACPNG_02223	65.6	2.7e-18	0
EQnative_Myxococcus_SemiBin_124	K02000	HCPACPNG_00799	63.3	1.4e-17	0
EQnative_Myxococcus_SemiBin_124	K02000	HCPACPNG_00988	57.8	6.3e-16	0
EQnative_Myxococcus_SemiBin_124	K02000	HCPACPNG_09211	56.6	1.5e-15	0
EQnative_Myxococcus_SemiBin_124	K02000	HCPACPNG_06219	56.0	2.2e-15	0
EQnative_Myxococcus_SemiBin_124	K02000	HCPACPNG_07260	55.2	3.9e-15	0
EQnative_Myxococcus_SemiBin_124	K02000	HCPACPNG_01526	48.7	3.5e-13	0
EQnative_Myxococcus_SemiBin_124	K02000	HCPACPNG_03887	46.6	1.5e-12	0
EQnative_Myxococcus_SemiBin_124	K02000	HCPACPNG_04168	44.6	6.4e-12	0
EQnative_Myxococcus_SemiBin_124	K02000	HCPACPNG_08934	44.4	7e-12	0
EQnative_Myxococcus_SemiBin_124	K02000	HCPACPNG_02656	41.8	4.3e-11	0
EQnative_Myxococcus_SemiBin_124	K02000	HCPACPNG_09754	37.9	6.8e-10	0
EQnative_Myxococcus_SemiBin_124	K02000	HCPACPNG_08386	37.6	8e-10	0
EQnative_Myxococcus_SemiBin_124	K02000	HCPACPNG_02346	37.3	9.8e-10	0
EQnative_Myxococcus_SemiBin_124	K02000	HCPACPNG_07617	36.0	2.5e-09	0
EQnative_Myxococcus_SemiBin_124	K02000	HCPACPNG_09539	31.8	4.7e-08	0
EQnative_Myxococcus_SemiBin_124	K02000	HCPACPNG_01785	29.3	2.6e-07	0
EQnative_Myxococcus_SemiBin_124	K02000	HCPACPNG_03270	26.0	2.7e-06	0
EQnative_Myxococcus_SemiBin_124	K02000	HCPACPNG_00171	24.7	6.6e-06	0
EQnative_Myxococcus_SemiBin_124	K02000	HCPACPNG_00317	19.8	0.0002	0
EQnative_Myxococcus_SemiBin_124	K02000	HCPACPNG_02569	19.5	0.00025	0
EQnative_Myxococcus_SemiBin_124	K02000	HCPACPNG_04915	19.0	0.00035	0
EQnative_Myxococcus_SemiBin_124	K02000	HCPACPNG_02619	18.9	0.00039	0
EQnative_Myxococcus_SemiBin_124	K02000	HCPACPNG_01810	18.3	0.00056	0
EQnative_Myxococcus_SemiBin_124	K02000	HCPACPNG_09385	16.2	0.0025	0
EQnative_Myxococcus_SemiBin_124	K02000	HCPACPNG_00433	15.4	0.0043	0
EQnative_Myxococcus_SemiBin_124	K02000	HCPACPNG_06326	14.0	0.012	0
EQnative_Myxococcus_SemiBin_124	K02000	HCPACPNG_05184	13.2	0.02	0
EQnative_Myxococcus_SemiBin_124	K02000	HCPACPNG_03898	9.8	0.22	0
EQnative_Myxococcus_SemiBin_124	K02001	HCPACPNG_02052	120.7	3.9e-35	0
EQnative_Myxococcus_SemiBin_124	K02001	HCPACPNG_02253	61.4	3.2e-17	0
EQnative_Myxococcus_SemiBin_124	K02001	HCPACPNG_00566	24.6	4.6e-06	0
EQnative_Myxococcus_SemiBin_124	K02001	HCPACPNG_06633	24.5	4.7e-06	0
EQnative_Myxococcus_SemiBin_124	K02001	HCPACPNG_03391	23.2	1.1e-05	0
EQnative_Myxococcus_SemiBin_124	K02001	HCPACPNG_08941	22.3	2.2e-05	0
EQnative_Myxococcus_SemiBin_124	K02001	HCPACPNG_07125	21.7	3.4e-05	0
EQnative_Myxococcus_SemiBin_124	K02001	HCPACPNG_02406	19.8	0.00013	0
EQnative_Myxococcus_SemiBin_124	K02001	HCPACPNG_05567	18.7	0.00028	0
EQnative_Myxococcus_SemiBin_124	K02001	HCPACPNG_00848	18.3	0.00037	0
EQnative_Myxococcus_SemiBin_124	K02001	HCPACPNG_03392	15.9	0.0019	0
EQnative_Myxococcus_SemiBin_124	K02001	HCPACPNG_08117	12.2	0.026	0
EQnative_Myxococcus_SemiBin_124	K02001	HCPACPNG_00849	11.1	0.055	0
EQnative_Myxococcus_SemiBin_124	K02001	HCPACPNG_00228	10.9	0.06	0
EQnative_Myxococcus_SemiBin_124	K02001	HCPACPNG_08118	9.2	0.2	0
EQnative_Myxococcus_SemiBin_124	K02002	HCPACPNG_02052	42.5	1.7e-11	0
EQnative_Myxococcus_SemiBin_124	K02002	HCPACPNG_02253	18.5	0.00031	0
EQnative_Myxococcus_SemiBin_124	K02002	HCPACPNG_05615	13.3	0.011	0
EQnative_Myxococcus_SemiBin_124	K02002	HCPACPNG_05022	9.8	0.13	0
EQnative_Myxococcus_SemiBin_124	K01226	HCPACPNG_03683	288.4	6.6e-86	0
EQnative_Myxococcus_SemiBin_124	K01226	HCPACPNG_08578	106.3	9.7e-31	0
EQnative_Myxococcus_SemiBin_124	K01226	HCPACPNG_00140	94.2	4.7e-27	0
EQnative_Myxococcus_SemiBin_124	K01226	HCPACPNG_03682	86.1	1.3e-24	0
EQnative_Myxococcus_SemiBin_124	K01226	HCPACPNG_09075	83.4	8.4e-24	0
EQnative_Myxococcus_SemiBin_124	K01226	HCPACPNG_04246	72.5	1.8e-20	0
EQnative_Myxococcus_SemiBin_124	K01226	HCPACPNG_03229	67.4	6e-19	0
EQnative_Myxococcus_SemiBin_124	K01226	HCPACPNG_00363	41.6	4.1e-11	0
EQnative_Myxococcus_SemiBin_124	K01226	HCPACPNG_00852	40.0	1.2e-10	0
EQnative_Myxococcus_SemiBin_124	K01226	HCPACPNG_03541	39.5	1.7e-10	0
EQnative_Myxococcus_SemiBin_124	K01226	HCPACPNG_00645	36.7	1.2e-09	0
EQnative_Myxococcus_SemiBin_124	K01226	HCPACPNG_02334	33.7	1e-08	0
EQnative_Myxococcus_SemiBin_124	K01226	HCPACPNG_04626	26.6	1.4e-06	0
EQnative_Myxococcus_SemiBin_124	K03486	HCPACPNG_01511	37.3	1.2e-09	0
EQnative_Myxococcus_SemiBin_124	K03486	HCPACPNG_03485	34.5	8.5e-09	0
EQnative_Myxococcus_SemiBin_124	K03486	HCPACPNG_01439	33.5	1.7e-08	0
EQnative_Myxococcus_SemiBin_124	K03486	HCPACPNG_02471	27.3	1.4e-06	0
EQnative_Myxococcus_SemiBin_124	K03486	HCPACPNG_02459	21.3	9.2e-05	0
EQnative_Myxococcus_SemiBin_124	K03486	HCPACPNG_07872	11.3	0.1	0
EQnative_Rubrobacter_1_SemiBin_66	K00697	BBBDBEJD_02013	476.5	2.6e-143	0
EQnative_Rubrobacter_1_SemiBin_66	K00697	BBBDBEJD_02014	22.8	6.3e-06	0
EQnative_Rubrobacter_1_SemiBin_66	K00697	BBBDBEJD_03156	21.2	2e-05	0
EQnative_Rubrobacter_1_SemiBin_66	K00697	BBBDBEJD_03158	12.8	0.0071	0
EQnative_Rubrobacter_1_SemiBin_66	K00697	BBBDBEJD_01195	12.4	0.0092	0
EQnative_Rubrobacter_1_SemiBin_66	K00697	BBBDBEJD_03033	11.3	0.02	0
EQnative_Rubrobacter_1_SemiBin_66	K01087	BBBDBEJD_02012	189.5	2.1e-56	1
EQnative_Rubrobacter_1_SemiBin_66	K01087	BBBDBEJD_03030	22.7	9.5e-06	0
EQnative_Rubrobacter_1_SemiBin_66	K01087	BBBDBEJD_04106	15.3	0.0017	0
EQnative_Rubrobacter_1_SemiBin_66	K05343	BBBDBEJD_01595	1356.9	0.0	1
EQnative_Rubrobacter_1_SemiBin_66	K05343	BBBDBEJD_01590	453.2	4.6e-136	0
EQnative_Rubrobacter_1_SemiBin_66	K05343	BBBDBEJD_00761	118.0	8.7e-35	0
EQnative_Rubrobacter_1_SemiBin_66	K05343	BBBDBEJD_01041	114.7	8.7e-34	0
EQnative_Rubrobacter_1_SemiBin_66	K05343	BBBDBEJD_01592	68.0	1.1e-19	0
EQnative_Rubrobacter_1_SemiBin_66	K05343	BBBDBEJD_01593	54.4	1.5e-15	0
EQnative_Rubrobacter_1_SemiBin_66	K05343	BBBDBEJD_01591	47.0	2.4e-13	0
EQnative_Rubrobacter_1_SemiBin_66	K05343	BBBDBEJD_01596	42.6	5.1e-12	0
EQnative_Rubrobacter_1_SemiBin_66	K05343	BBBDBEJD_01594	41.1	1.5e-11	0
EQnative_Rubrobacter_1_SemiBin_66	K05343	BBBDBEJD_00760	20.2	3e-05	0
EQnative_Rubrobacter_1_SemiBin_66	K06044	BBBDBEJD_01591	1315.2	0.0	1
EQnative_Rubrobacter_1_SemiBin_66	K06044	BBBDBEJD_01010	180.8	8.7e-54	0
EQnative_Rubrobacter_1_SemiBin_66	K06044	BBBDBEJD_01590	69.6	3e-20	0
EQnative_Rubrobacter_1_SemiBin_66	K06044	BBBDBEJD_01041	49.2	4.4e-14	0
EQnative_Rubrobacter_1_SemiBin_66	K06044	BBBDBEJD_01595	37.4	1.5e-10	0
EQnative_Rubrobacter_1_SemiBin_66	K06044	BBBDBEJD_01592	31.0	1.3e-08	0
EQnative_Rubrobacter_1_SemiBin_66	K06044	BBBDBEJD_01594	25.2	7.7e-07	0
EQnative_Rubrobacter_1_SemiBin_66	K06044	BBBDBEJD_01593	15.2	0.00077	0
EQnative_Rubrobacter_1_SemiBin_66	K06044	BBBDBEJD_01596	12.5	0.0051	0
EQnative_Rubrobacter_1_SemiBin_66	K01236	BBBDBEJD_01592	817.1	3.7e-246	1
EQnative_Rubrobacter_1_SemiBin_66	K01236	BBBDBEJD_01594	229.6	1.7e-68	0
EQnative_Rubrobacter_1_SemiBin_66	K01236	BBBDBEJD_01593	170.8	1e-50	0
EQnative_Rubrobacter_1_SemiBin_66	K01236	BBBDBEJD_01595	138.3	7e-41	0
EQnative_Rubrobacter_1_SemiBin_66	K01236	BBBDBEJD_01590	134.7	8.5e-40	0
EQnative_Rubrobacter_1_SemiBin_66	K01236	BBBDBEJD_01041	85.4	6.7e-25	0
EQnative_Rubrobacter_1_SemiBin_66	K01236	BBBDBEJD_01591	55.8	6e-16	0
EQnative_Rubrobacter_1_SemiBin_66	K01236	BBBDBEJD_01596	33.6	3.2e-09	0
EQnative_Rubrobacter_1_SemiBin_66	K01236	BBBDBEJD_00761	16.7	0.0004	0
EQnative_Rubrobacter_1_SemiBin_66	K13057	BBBDBEJD_02014	536.0	1.2e-161	1
EQnative_Rubrobacter_1_SemiBin_66	K13057	BBBDBEJD_03033	85.9	4.9e-25	0
EQnative_Rubrobacter_1_SemiBin_66	K13057	BBBDBEJD_03893	85.2	7.9e-25	0
EQnative_Rubrobacter_1_SemiBin_66	K13057	BBBDBEJD_03158	76.5	3.5e-22	0
EQnative_Rubrobacter_1_SemiBin_66	K13057	BBBDBEJD_03964	73.5	2.8e-21	0
EQnative_Rubrobacter_1_SemiBin_66	K13057	BBBDBEJD_03156	57.5	1.9e-16	0
EQnative_Rubrobacter_1_SemiBin_66	K13057	BBBDBEJD_03764	48.5	1.1e-13	0
EQnative_Rubrobacter_1_SemiBin_66	K13057	BBBDBEJD_01174	47.3	2.4e-13	0
EQnative_Rubrobacter_1_SemiBin_66	K13057	BBBDBEJD_03499	47.1	2.8e-13	0
EQnative_Rubrobacter_1_SemiBin_66	K13057	BBBDBEJD_01195	46.3	5e-13	0
EQnative_Rubrobacter_1_SemiBin_66	K13057	BBBDBEJD_03763	37.9	1.8e-10	0
EQnative_Rubrobacter_1_SemiBin_66	K13057	BBBDBEJD_04157	36.0	6.6e-10	0
EQnative_Rubrobacter_1_SemiBin_66	K13057	BBBDBEJD_03032	32.3	8.9e-09	0
EQnative_Rubrobacter_1_SemiBin_66	K13057	BBBDBEJD_03618	30.5	3.1e-08	0
EQnative_Rubrobacter_1_SemiBin_66	K13057	BBBDBEJD_02993	23.4	4.4e-06	0
EQnative_Rubrobacter_1_SemiBin_66	K13057	BBBDBEJD_03160	13.0	0.0062	0
EQnative_Rubrobacter_1_SemiBin_66	K13057	BBBDBEJD_03498	12.8	0.0072	0
EQnative_Rubrobacter_1_SemiBin_66	K00108	BBBDBEJD_01315	49.8	3.3e-14	0
EQnative_Rubrobacter_1_SemiBin_66	K00108	BBBDBEJD_03802	47.2	2e-13	0
EQnative_Rubrobacter_1_SemiBin_66	K00108	BBBDBEJD_03464	41.1	1.4e-11	0
EQnative_Rubrobacter_1_SemiBin_66	K00108	BBBDBEJD_02569	18.6	8.6e-05	0
EQnative_Rubrobacter_1_SemiBin_66	K00108	BBBDBEJD_00018	18.4	0.0001	0
EQnative_Rubrobacter_1_SemiBin_66	K00108	BBBDBEJD_00298	14.1	0.0021	0
EQnative_Rubrobacter_1_SemiBin_66	K00108	BBBDBEJD_00683	13.7	0.0026	0
EQnative_Rubrobacter_1_SemiBin_66	K00108	BBBDBEJD_01389	11.9	0.0093	0
EQnative_Rubrobacter_1_SemiBin_66	K00108	BBBDBEJD_02097	11.7	0.011	0
EQnative_Rubrobacter_1_SemiBin_66	K00108	BBBDBEJD_00713	10.2	0.03	0
EQnative_Rubrobacter_1_SemiBin_66	K00108	BBBDBEJD_03576	10.0	0.035	0
EQnative_Rubrobacter_1_SemiBin_66	K00130	BBBDBEJD_04241	698.0	2.1e-210	1
EQnative_Rubrobacter_1_SemiBin_66	K00130	BBBDBEJD_03985	690.3	4.4e-208	1
EQnative_Rubrobacter_1_SemiBin_66	K00130	BBBDBEJD_04179	645.4	1.8e-194	0
EQnative_Rubrobacter_1_SemiBin_66	K00130	BBBDBEJD_02840	620.3	7e-187	0
EQnative_Rubrobacter_1_SemiBin_66	K00130	BBBDBEJD_03799	585.5	2.4e-176	0
EQnative_Rubrobacter_1_SemiBin_66	K00130	BBBDBEJD_04075	574.2	6.2e-173	0
EQnative_Rubrobacter_1_SemiBin_66	K00130	BBBDBEJD_01065	569.2	2.1e-171	0
EQnative_Rubrobacter_1_SemiBin_66	K00130	BBBDBEJD_00429	567.5	6.9e-171	0
EQnative_Rubrobacter_1_SemiBin_66	K00130	BBBDBEJD_00441	550.4	1e-165	0
EQnative_Rubrobacter_1_SemiBin_66	K00130	BBBDBEJD_03350	518.9	3.7e-156	0
EQnative_Rubrobacter_1_SemiBin_66	K00130	BBBDBEJD_03573	490.8	1.2e-147	0
EQnative_Rubrobacter_1_SemiBin_66	K00130	BBBDBEJD_01982	463.9	1.6e-139	0
EQnative_Rubrobacter_1_SemiBin_66	K00130	BBBDBEJD_00867	451.6	8.3e-136	0
EQnative_Rubrobacter_1_SemiBin_66	K00130	BBBDBEJD_03450	433.8	2.1e-130	0
EQnative_Rubrobacter_1_SemiBin_66	K00130	BBBDBEJD_04265	419.4	4.7e-126	0
EQnative_Rubrobacter_1_SemiBin_66	K00130	BBBDBEJD_03452	388.0	1.6e-116	0
EQnative_Rubrobacter_1_SemiBin_66	K00130	BBBDBEJD_02144	378.2	1.4e-113	0
EQnative_Rubrobacter_1_SemiBin_66	K00130	BBBDBEJD_02565	361.8	1.4e-108	0
EQnative_Rubrobacter_1_SemiBin_66	K00130	BBBDBEJD_02070	53.4	3.3e-15	0
EQnative_Rubrobacter_1_SemiBin_66	K00499	BBBDBEJD_04178	170.4	1.4e-50	0
EQnative_Rubrobacter_1_SemiBin_66	K00499	BBBDBEJD_03921	16.9	0.00047	0
EQnative_Rubrobacter_1_SemiBin_66	K00499	BBBDBEJD_02259	16.8	0.00051	0
EQnative_Rubrobacter_1_SemiBin_66	K00499	BBBDBEJD_02463	14.8	0.0021	0
EQnative_Rubrobacter_1_SemiBin_66	K00499	BBBDBEJD_02464	10.2	0.052	0
EQnative_Rubrobacter_1_SemiBin_66	K00499	BBBDBEJD_01997	9.9	0.063	0
EQnative_Rubrobacter_1_SemiBin_66	K17755	BBBDBEJD_01315	50.7	2.9e-14	0
EQnative_Rubrobacter_1_SemiBin_66	K17755	BBBDBEJD_03802	45.7	9e-13	0
EQnative_Rubrobacter_1_SemiBin_66	K17755	BBBDBEJD_03464	30.6	3.4e-08	0
EQnative_Rubrobacter_1_SemiBin_66	K17755	BBBDBEJD_02569	16.6	0.00062	0
EQnative_Rubrobacter_1_SemiBin_66	K17755	BBBDBEJD_03233	11.6	0.02	0
EQnative_Rubrobacter_1_SemiBin_66	K17755	BBBDBEJD_00683	10.5	0.043	0
EQnative_Rubrobacter_1_SemiBin_66	K17756	BBBDBEJD_01315	103.4	2.5e-30	0
EQnative_Rubrobacter_1_SemiBin_66	K17756	BBBDBEJD_03802	89.6	3.7e-26	0
EQnative_Rubrobacter_1_SemiBin_66	K17756	BBBDBEJD_03464	58.6	8.6e-17	0
EQnative_Rubrobacter_1_SemiBin_66	K17756	BBBDBEJD_00114	19.4	6.5e-05	0
EQnative_Rubrobacter_1_SemiBin_66	K17756	BBBDBEJD_00018	17.4	0.00025	0
EQnative_Rubrobacter_1_SemiBin_66	K17756	BBBDBEJD_01180	17.4	0.00025	0
EQnative_Rubrobacter_1_SemiBin_66	K17756	BBBDBEJD_03315	17.0	0.00033	0
EQnative_Rubrobacter_1_SemiBin_66	K17756	BBBDBEJD_03540	16.0	0.00066	0
EQnative_Rubrobacter_1_SemiBin_66	K17756	BBBDBEJD_03576	15.8	0.0008	0
EQnative_Rubrobacter_1_SemiBin_66	K17756	BBBDBEJD_01389	15.2	0.0012	0
EQnative_Rubrobacter_1_SemiBin_66	K17756	BBBDBEJD_02097	14.1	0.0025	0
EQnative_Rubrobacter_1_SemiBin_66	K17756	BBBDBEJD_02569	13.7	0.0033	0
EQnative_Rubrobacter_1_SemiBin_66	K17756	BBBDBEJD_04026	13.1	0.0052	0
EQnative_Rubrobacter_1_SemiBin_66	K17756	BBBDBEJD_00709	12.8	0.0063	0
EQnative_Rubrobacter_1_SemiBin_66	K17756	BBBDBEJD_03066	11.3	0.017	0
EQnative_Rubrobacter_1_SemiBin_66	K17756	BBBDBEJD_03966	9.7	0.053	0
EQnative_Rubrobacter_1_SemiBin_66	K17756	BBBDBEJD_00683	9.6	0.056	0
EQnative_Rubrobacter_1_SemiBin_66	K17756	BBBDBEJD_03868	9.3	0.072	0
EQnative_Rubrobacter_1_SemiBin_66	K17756	BBBDBEJD_01248	9.1	0.082	0
EQnative_Rubrobacter_1_SemiBin_66	K06718	BBBDBEJD_00850	30.3	5.9e-08	0
EQnative_Rubrobacter_1_SemiBin_66	K06718	BBBDBEJD_01867	25.8	1.3e-06	0
EQnative_Rubrobacter_1_SemiBin_66	K06718	BBBDBEJD_03876	22.5	1.4e-05	0
EQnative_Rubrobacter_1_SemiBin_66	K06718	BBBDBEJD_03439	19.4	0.00012	0
EQnative_Rubrobacter_1_SemiBin_66	K06718	BBBDBEJD_02763	17.2	0.00058	0
EQnative_Rubrobacter_1_SemiBin_66	K06718	BBBDBEJD_01821	16.5	0.00096	0
EQnative_Rubrobacter_1_SemiBin_66	K06718	BBBDBEJD_03986	14.7	0.0035	0
EQnative_Rubrobacter_1_SemiBin_66	K06718	BBBDBEJD_00936	14.6	0.0036	0
EQnative_Rubrobacter_1_SemiBin_66	K06718	BBBDBEJD_03875	13.1	0.011	0
EQnative_Rubrobacter_1_SemiBin_66	K06718	BBBDBEJD_02265	11.6	0.031	0
EQnative_Rubrobacter_1_SemiBin_66	K06720	BBBDBEJD_03821	18.3	0.00043	0
EQnative_Rubrobacter_1_SemiBin_66	K06720	BBBDBEJD_00173	15.0	0.0044	0
EQnative_Rubrobacter_1_SemiBin_66	K06720	BBBDBEJD_00035	13.0	0.018	0
EQnative_Rubrobacter_1_SemiBin_66	K06720	BBBDBEJD_03529	12.5	0.027	0
EQnative_Rubrobacter_1_SemiBin_66	K06721	BBBDBEJD_02765	8.7	0.23	0
EQnative_Rubrobacter_1_SemiBin_66	K10674	BBBDBEJD_04086	97.7	1.7e-28	0
EQnative_Rubrobacter_1_SemiBin_66	K10674	BBBDBEJD_04085	71.5	1.6e-20	0
EQnative_Rubrobacter_1_SemiBin_66	K10674	BBBDBEJD_03150	49.7	6.9e-14	0
EQnative_Rubrobacter_1_SemiBin_66	K01858	BBBDBEJD_03443	423.5	3.6e-127	1
EQnative_Rubrobacter_1_SemiBin_66	K01858	BBBDBEJD_03894	10.0	0.049	0
EQnative_Rubrobacter_1_SemiBin_66	K05845	BBBDBEJD_03289	358.9	1.1e-107	1
EQnative_Rubrobacter_1_SemiBin_66	K05845	BBBDBEJD_04070	342.4	1.1e-102	1
EQnative_Rubrobacter_1_SemiBin_66	K05845	BBBDBEJD_00112	30.2	4.9e-08	0
EQnative_Rubrobacter_1_SemiBin_66	K05845	BBBDBEJD_00306	22.2	1.3e-05	0
EQnative_Rubrobacter_1_SemiBin_66	K05845	BBBDBEJD_00305	20.1	5.4e-05	0
EQnative_Rubrobacter_1_SemiBin_66	K05845	BBBDBEJD_00304	18.1	0.00023	0
EQnative_Rubrobacter_1_SemiBin_66	K05845	BBBDBEJD_02188	15.6	0.0013	0
EQnative_Rubrobacter_1_SemiBin_66	K05845	BBBDBEJD_00220	15.1	0.0018	0
EQnative_Rubrobacter_1_SemiBin_66	K05845	BBBDBEJD_03587	12.3	0.013	0
EQnative_Rubrobacter_1_SemiBin_66	K05845	BBBDBEJD_02120	11.6	0.022	0
EQnative_Rubrobacter_1_SemiBin_66	K05845	BBBDBEJD_02284	9.9	0.069	0
EQnative_Rubrobacter_1_SemiBin_66	K05845	BBBDBEJD_03288	9.8	0.073	0
EQnative_Rubrobacter_1_SemiBin_66	K05845	BBBDBEJD_03068	9.6	0.082	0
EQnative_Rubrobacter_1_SemiBin_66	K05846	BBBDBEJD_03287	262.0	2e-78	1
EQnative_Rubrobacter_1_SemiBin_66	K05846	BBBDBEJD_04073	258.9	1.8e-77	1
EQnative_Rubrobacter_1_SemiBin_66	K05846	BBBDBEJD_04071	255.2	2.3e-76	1
EQnative_Rubrobacter_1_SemiBin_66	K05846	BBBDBEJD_03288	248.7	2.2e-74	1
EQnative_Rubrobacter_1_SemiBin_66	K05846	BBBDBEJD_00307	161.7	5.9e-48	0
EQnative_Rubrobacter_1_SemiBin_66	K05846	BBBDBEJD_03751	89.6	4.4e-26	0
EQnative_Rubrobacter_1_SemiBin_66	K05846	BBBDBEJD_02286	79.5	5.1e-23	0
EQnative_Rubrobacter_1_SemiBin_66	K05846	BBBDBEJD_00221	77.6	2e-22	0
EQnative_Rubrobacter_1_SemiBin_66	K05846	BBBDBEJD_01438	74.7	1.5e-21	0
EQnative_Rubrobacter_1_SemiBin_66	K05846	BBBDBEJD_01437	57.4	2.6e-16	0
EQnative_Rubrobacter_1_SemiBin_66	K05846	BBBDBEJD_02051	52.4	8.6e-15	0
EQnative_Rubrobacter_1_SemiBin_66	K05846	BBBDBEJD_02616	34.9	1.9e-09	0
EQnative_Rubrobacter_1_SemiBin_66	K05846	BBBDBEJD_03222	32.1	1.3e-08	0
EQnative_Rubrobacter_1_SemiBin_66	K05846	BBBDBEJD_01251	31.3	2.3e-08	0
EQnative_Rubrobacter_1_SemiBin_66	K05846	BBBDBEJD_00495	29.8	6.3e-08	0
EQnative_Rubrobacter_1_SemiBin_66	K05846	BBBDBEJD_01427	28.2	2e-07	0
EQnative_Rubrobacter_1_SemiBin_66	K05846	BBBDBEJD_00923	28.2	2e-07	0
EQnative_Rubrobacter_1_SemiBin_66	K05846	BBBDBEJD_02430	27.7	2.8e-07	0
EQnative_Rubrobacter_1_SemiBin_66	K05846	BBBDBEJD_03138	27.6	3e-07	0
EQnative_Rubrobacter_1_SemiBin_66	K05846	BBBDBEJD_02121	27.5	3.3e-07	0
EQnative_Rubrobacter_1_SemiBin_66	K05846	BBBDBEJD_02722	27.0	4.5e-07	0
EQnative_Rubrobacter_1_SemiBin_66	K05846	BBBDBEJD_03689	26.4	7e-07	0
EQnative_Rubrobacter_1_SemiBin_66	K05846	BBBDBEJD_03074	25.4	1.3e-06	0
EQnative_Rubrobacter_1_SemiBin_66	K05846	BBBDBEJD_03223	24.4	2.8e-06	0
EQnative_Rubrobacter_1_SemiBin_66	K05846	BBBDBEJD_02721	23.9	3.8e-06	0
EQnative_Rubrobacter_1_SemiBin_66	K05846	BBBDBEJD_00496	23.4	5.6e-06	0
EQnative_Rubrobacter_1_SemiBin_66	K05846	BBBDBEJD_04126	23.0	7.6e-06	0
EQnative_Rubrobacter_1_SemiBin_66	K05846	BBBDBEJD_03711	22.4	1.1e-05	0
EQnative_Rubrobacter_1_SemiBin_66	K05846	BBBDBEJD_02043	21.3	2.5e-05	0
EQnative_Rubrobacter_1_SemiBin_66	K05846	BBBDBEJD_02617	21.0	3e-05	0
EQnative_Rubrobacter_1_SemiBin_66	K05846	BBBDBEJD_02650	21.0	3e-05	0
EQnative_Rubrobacter_1_SemiBin_66	K05846	BBBDBEJD_01250	20.8	3.6e-05	0
EQnative_Rubrobacter_1_SemiBin_66	K05846	BBBDBEJD_04089	19.1	0.00011	0
EQnative_Rubrobacter_1_SemiBin_66	K05846	BBBDBEJD_00924	19.0	0.00012	0
EQnative_Rubrobacter_1_SemiBin_66	K05846	BBBDBEJD_03346	18.7	0.00016	0
EQnative_Rubrobacter_1_SemiBin_66	K05846	BBBDBEJD_00073	18.5	0.00017	0
EQnative_Rubrobacter_1_SemiBin_66	K05846	BBBDBEJD_03979	17.7	0.0003	0
EQnative_Rubrobacter_1_SemiBin_66	K05846	BBBDBEJD_00340	17.4	0.00036	0
EQnative_Rubrobacter_1_SemiBin_66	K05846	BBBDBEJD_01760	17.0	0.0005	0
EQnative_Rubrobacter_1_SemiBin_66	K05846	BBBDBEJD_01428	16.5	0.00068	0
EQnative_Rubrobacter_1_SemiBin_66	K05846	BBBDBEJD_02672	16.4	0.00075	0
EQnative_Rubrobacter_1_SemiBin_66	K05846	BBBDBEJD_02346	16.2	0.00084	0
EQnative_Rubrobacter_1_SemiBin_66	K05846	BBBDBEJD_03347	15.3	0.0017	0
EQnative_Rubrobacter_1_SemiBin_66	K05846	BBBDBEJD_02030	15.0	0.002	0
EQnative_Rubrobacter_1_SemiBin_66	K05846	BBBDBEJD_03688	14.7	0.0024	0
EQnative_Rubrobacter_1_SemiBin_66	K05846	BBBDBEJD_03424	14.0	0.004	0
EQnative_Rubrobacter_1_SemiBin_66	K05846	BBBDBEJD_01761	13.6	0.0052	0
EQnative_Rubrobacter_1_SemiBin_66	K05846	BBBDBEJD_03980	13.5	0.0057	0
EQnative_Rubrobacter_1_SemiBin_66	K05846	BBBDBEJD_00583	13.3	0.0065	0
EQnative_Rubrobacter_1_SemiBin_66	K05846	BBBDBEJD_01744	13.0	0.008	0
EQnative_Rubrobacter_1_SemiBin_66	K05846	BBBDBEJD_02651	12.7	0.0099	0
EQnative_Rubrobacter_1_SemiBin_66	K05846	BBBDBEJD_03667	11.8	0.019	0
EQnative_Rubrobacter_1_SemiBin_66	K05846	BBBDBEJD_04090	11.0	0.033	0
EQnative_Rubrobacter_1_SemiBin_66	K05846	BBBDBEJD_04127	10.9	0.035	0
EQnative_Rubrobacter_1_SemiBin_66	K05846	BBBDBEJD_03712	10.2	0.058	0
EQnative_Rubrobacter_1_SemiBin_66	K05846	BBBDBEJD_03338	9.3	0.1	0
EQnative_Rubrobacter_1_SemiBin_66	K05846	BBBDBEJD_03137	8.7	0.17	0
EQnative_Rubrobacter_1_SemiBin_66	K05846	BBBDBEJD_01855	8.7	0.17	0
EQnative_Rubrobacter_1_SemiBin_66	K05846	BBBDBEJD_03196	8.4	0.2	0
EQnative_Rubrobacter_1_SemiBin_66	K05846	BBBDBEJD_02042	7.7	0.33	0
EQnative_Rubrobacter_1_SemiBin_66	K05846	BBBDBEJD_02273	7.6	0.35	0
EQnative_Rubrobacter_1_SemiBin_66	K05846	BBBDBEJD_01854	7.5	0.39	0
EQnative_Rubrobacter_1_SemiBin_66	K05846	BBBDBEJD_02347	6.9	0.59	0
EQnative_Rubrobacter_1_SemiBin_66	K05846	BBBDBEJD_00339	6.4	0.83	0
EQnative_Rubrobacter_1_SemiBin_66	K05846	BBBDBEJD_03352	6.3	0.86	0
EQnative_Rubrobacter_1_SemiBin_66	K05846	BBBDBEJD_02431	5.8	1.2	0
EQnative_Rubrobacter_1_SemiBin_66	K05846	BBBDBEJD_01745	4.6	2.9	0
EQnative_Rubrobacter_1_SemiBin_66	K05846	BBBDBEJD_03195	4.2	3.8	0
EQnative_Rubrobacter_1_SemiBin_66	K05846	BBBDBEJD_02029	4.0	4.3	0
EQnative_Rubrobacter_1_SemiBin_66	K05846	BBBDBEJD_03353	3.7	5.5	0
EQnative_Rubrobacter_1_SemiBin_66	K05846	BBBDBEJD_03075	3.0	8.5	0
EQnative_Rubrobacter_1_SemiBin_66	K05847	BBBDBEJD_04072	492.9	1.9e-148	1
EQnative_Rubrobacter_1_SemiBin_66	K05847	BBBDBEJD_03286	467.6	9.3e-141	1
EQnative_Rubrobacter_1_SemiBin_66	K05847	BBBDBEJD_00308	323.4	5.6e-97	0
EQnative_Rubrobacter_1_SemiBin_66	K05847	BBBDBEJD_02087	313.2	7.1e-94	0
EQnative_Rubrobacter_1_SemiBin_66	K05847	BBBDBEJD_02162	293.9	5.4e-88	0
EQnative_Rubrobacter_1_SemiBin_66	K05847	BBBDBEJD_02432	293.7	6e-88	0
EQnative_Rubrobacter_1_SemiBin_66	K05847	BBBDBEJD_03410	285.3	2.1e-85	0
EQnative_Rubrobacter_1_SemiBin_66	K05847	BBBDBEJD_00222	284.5	3.7e-85	0
EQnative_Rubrobacter_1_SemiBin_66	K05847	BBBDBEJD_02041	283.2	9.6e-85	0
EQnative_Rubrobacter_1_SemiBin_66	K05847	BBBDBEJD_01252	273.7	7.3e-82	0
EQnative_Rubrobacter_1_SemiBin_66	K05847	BBBDBEJD_02119	269.9	1e-80	0
EQnative_Rubrobacter_1_SemiBin_66	K05847	BBBDBEJD_03621	249.6	1.5e-74	0
EQnative_Rubrobacter_1_SemiBin_66	K05847	BBBDBEJD_01439	242.4	2.4e-72	0
EQnative_Rubrobacter_1_SemiBin_66	K05847	BBBDBEJD_03752	241.4	4.6e-72	0
EQnative_Rubrobacter_1_SemiBin_66	K05847	BBBDBEJD_04129	227.8	6.5e-68	0
EQnative_Rubrobacter_1_SemiBin_66	K05847	BBBDBEJD_03796	227.7	6.9e-68	0
EQnative_Rubrobacter_1_SemiBin_66	K05847	BBBDBEJD_02034	227.2	9.7e-68	0
EQnative_Rubrobacter_1_SemiBin_66	K05847	BBBDBEJD_02404	221.8	4.1e-66	0
EQnative_Rubrobacter_1_SemiBin_66	K05847	BBBDBEJD_02285	219.2	2.5e-65	0
EQnative_Rubrobacter_1_SemiBin_66	K05847	BBBDBEJD_01749	216.3	2e-64	0
EQnative_Rubrobacter_1_SemiBin_66	K05847	BBBDBEJD_02825	211.7	4.8e-63	0
EQnative_Rubrobacter_1_SemiBin_66	K05847	BBBDBEJD_04042	205.6	3.5e-61	0
EQnative_Rubrobacter_1_SemiBin_66	K05847	BBBDBEJD_01473	198.1	6.5e-59	0
EQnative_Rubrobacter_1_SemiBin_66	K05847	BBBDBEJD_01318	197.1	1.4e-58	0
EQnative_Rubrobacter_1_SemiBin_66	K05847	BBBDBEJD_00788	196.7	1.8e-58	0
EQnative_Rubrobacter_1_SemiBin_66	K05847	BBBDBEJD_03766	189.7	2.4e-56	0
EQnative_Rubrobacter_1_SemiBin_66	K05847	BBBDBEJD_01106	187.4	1.2e-55	0
EQnative_Rubrobacter_1_SemiBin_66	K05847	BBBDBEJD_00869	183.7	1.6e-54	0
EQnative_Rubrobacter_1_SemiBin_66	K05847	BBBDBEJD_01381	181.0	1e-53	0
EQnative_Rubrobacter_1_SemiBin_66	K05847	BBBDBEJD_01204	178.9	4.4e-53	0
EQnative_Rubrobacter_1_SemiBin_66	K05847	BBBDBEJD_00922	178.6	5.8e-53	0
EQnative_Rubrobacter_1_SemiBin_66	K05847	BBBDBEJD_01188	176.7	2.2e-52	0
EQnative_Rubrobacter_1_SemiBin_66	K05847	BBBDBEJD_02137	170.2	1.9e-50	0
EQnative_Rubrobacter_1_SemiBin_66	K05847	BBBDBEJD_00789	165.2	6.7e-49	0
EQnative_Rubrobacter_1_SemiBin_66	K05847	BBBDBEJD_00175	163.4	2.3e-48	0
EQnative_Rubrobacter_1_SemiBin_66	K05847	BBBDBEJD_01490	155.3	6.5e-46	0
EQnative_Rubrobacter_1_SemiBin_66	K05847	BBBDBEJD_04128	155.2	7.1e-46	0
EQnative_Rubrobacter_1_SemiBin_66	K05847	BBBDBEJD_03643	155.2	7.2e-46	0
EQnative_Rubrobacter_1_SemiBin_66	K05847	BBBDBEJD_01472	152.8	3.7e-45	0
EQnative_Rubrobacter_1_SemiBin_66	K05847	BBBDBEJD_04229	152.8	3.8e-45	0
EQnative_Rubrobacter_1_SemiBin_66	K05847	BBBDBEJD_01839	152.5	4.7e-45	0
EQnative_Rubrobacter_1_SemiBin_66	K05847	BBBDBEJD_04053	149.1	5.2e-44	0
EQnative_Rubrobacter_1_SemiBin_66	K05847	BBBDBEJD_04121	148.8	6.1e-44	0
EQnative_Rubrobacter_1_SemiBin_66	K05847	BBBDBEJD_03115	148.2	9.7e-44	0
EQnative_Rubrobacter_1_SemiBin_66	K05847	BBBDBEJD_02570	143.6	2.4e-42	0
EQnative_Rubrobacter_1_SemiBin_66	K05847	BBBDBEJD_03757	142.4	5.6e-42	0
EQnative_Rubrobacter_1_SemiBin_66	K05847	BBBDBEJD_00174	141.1	1.4e-41	0
EQnative_Rubrobacter_1_SemiBin_66	K05847	BBBDBEJD_00042	139.7	3.6e-41	0
EQnative_Rubrobacter_1_SemiBin_66	K05847	BBBDBEJD_02362	139.1	5.4e-41	0
EQnative_Rubrobacter_1_SemiBin_66	K05847	BBBDBEJD_01840	138.4	8.9e-41	0
EQnative_Rubrobacter_1_SemiBin_66	K05847	BBBDBEJD_03646	136.7	2.9e-40	0
EQnative_Rubrobacter_1_SemiBin_66	K05847	BBBDBEJD_01558	134.6	1.3e-39	0
EQnative_Rubrobacter_1_SemiBin_66	K05847	BBBDBEJD_00352	133.3	3.1e-39	0
EQnative_Rubrobacter_1_SemiBin_66	K05847	BBBDBEJD_04230	130.6	2.1e-38	0
EQnative_Rubrobacter_1_SemiBin_66	K05847	BBBDBEJD_00136	130.5	2.3e-38	0
EQnative_Rubrobacter_1_SemiBin_66	K05847	BBBDBEJD_03054	127.4	2.1e-37	0
EQnative_Rubrobacter_1_SemiBin_66	K05847	BBBDBEJD_04268	123.5	3.1e-36	0
EQnative_Rubrobacter_1_SemiBin_66	K05847	BBBDBEJD_00144	122.9	4.5e-36	0
EQnative_Rubrobacter_1_SemiBin_66	K05847	BBBDBEJD_03906	121.8	9.9e-36	0
EQnative_Rubrobacter_1_SemiBin_66	K05847	BBBDBEJD_01946	118.1	1.3e-34	0
EQnative_Rubrobacter_1_SemiBin_66	K05847	BBBDBEJD_01559	91.4	1.7e-26	0
EQnative_Rubrobacter_1_SemiBin_66	K05847	BBBDBEJD_03642	87.8	2.2e-25	0
EQnative_Rubrobacter_1_SemiBin_66	K05847	BBBDBEJD_01696	87.8	2.2e-25	0
EQnative_Rubrobacter_1_SemiBin_66	K05847	BBBDBEJD_03917	67.3	3.7e-19	0
EQnative_Rubrobacter_1_SemiBin_66	K05847	BBBDBEJD_03176	56.3	7.8e-16	0
EQnative_Rubrobacter_1_SemiBin_66	K05847	BBBDBEJD_00832	54.5	2.8e-15	0
EQnative_Rubrobacter_1_SemiBin_66	K05847	BBBDBEJD_03122	31.2	3.4e-08	0
EQnative_Rubrobacter_1_SemiBin_66	K05847	BBBDBEJD_00111	29.8	8.9e-08	0
EQnative_Rubrobacter_1_SemiBin_66	K05847	BBBDBEJD_00431	18.1	0.00032	0
EQnative_Rubrobacter_1_SemiBin_66	K05847	BBBDBEJD_01568	17.8	0.0004	0
EQnative_Rubrobacter_1_SemiBin_66	K05847	BBBDBEJD_00938	13.2	0.0098	0
EQnative_Rubrobacter_1_SemiBin_66	K05847	BBBDBEJD_02691	11.8	0.027	0
EQnative_Rubrobacter_1_SemiBin_66	K03451	BBBDBEJD_02123	668.4	1.8e-201	1
EQnative_Rubrobacter_1_SemiBin_66	K03451	BBBDBEJD_00303	643.3	7e-194	0
EQnative_Rubrobacter_1_SemiBin_66	K03451	BBBDBEJD_04175	589.1	1.8e-177	0
EQnative_Rubrobacter_1_SemiBin_66	K03451	BBBDBEJD_04077	245.9	1.5e-73	0
EQnative_Rubrobacter_1_SemiBin_66	K02168	BBBDBEJD_00303	776.0	7.5e-234	1
EQnative_Rubrobacter_1_SemiBin_66	K02168	BBBDBEJD_04175	677.8	3.7e-204	0
EQnative_Rubrobacter_1_SemiBin_66	K02168	BBBDBEJD_02123	473.1	3.1e-142	0
EQnative_Rubrobacter_1_SemiBin_66	K02168	BBBDBEJD_04077	288.6	2.1e-86	0
EQnative_Rubrobacter_1_SemiBin_66	K02168	BBBDBEJD_00345	11.3	0.015	0
EQnative_Rubrobacter_1_SemiBin_66	K02000	BBBDBEJD_00308	585.2	5.9e-176	1
EQnative_Rubrobacter_1_SemiBin_66	K02000	BBBDBEJD_04072	359.4	1.3e-107	0
EQnative_Rubrobacter_1_SemiBin_66	K02000	BBBDBEJD_03286	312.0	3e-93	0
EQnative_Rubrobacter_1_SemiBin_66	K02000	BBBDBEJD_02432	266.6	1.7e-79	0
EQnative_Rubrobacter_1_SemiBin_66	K02000	BBBDBEJD_02041	265.1	4.6e-79	0
EQnative_Rubrobacter_1_SemiBin_66	K02000	BBBDBEJD_02119	252.8	2.5e-75	0
EQnative_Rubrobacter_1_SemiBin_66	K02000	BBBDBEJD_00222	250.8	1e-74	0
EQnative_Rubrobacter_1_SemiBin_66	K02000	BBBDBEJD_03752	250.0	1.8e-74	0
EQnative_Rubrobacter_1_SemiBin_66	K02000	BBBDBEJD_01252	249.9	1.9e-74	0
EQnative_Rubrobacter_1_SemiBin_66	K02000	BBBDBEJD_03621	237.4	1.2e-70	0
EQnative_Rubrobacter_1_SemiBin_66	K02000	BBBDBEJD_02087	237.4	1.2e-70	0
EQnative_Rubrobacter_1_SemiBin_66	K02000	BBBDBEJD_03410	237.1	1.4e-70	0
EQnative_Rubrobacter_1_SemiBin_66	K02000	BBBDBEJD_01439	234.9	6.6e-70	0
EQnative_Rubrobacter_1_SemiBin_66	K02000	BBBDBEJD_02285	228.7	5e-68	0
EQnative_Rubrobacter_1_SemiBin_66	K02000	BBBDBEJD_02034	210.2	2e-62	0
EQnative_Rubrobacter_1_SemiBin_66	K02000	BBBDBEJD_02162	205.1	7.2e-61	0
EQnative_Rubrobacter_1_SemiBin_66	K02000	BBBDBEJD_04129	204.2	1.3e-60	0
EQnative_Rubrobacter_1_SemiBin_66	K02000	BBBDBEJD_02404	190.5	1.8e-56	0
EQnative_Rubrobacter_1_SemiBin_66	K02000	BBBDBEJD_01106	186.8	2.4e-55	0
EQnative_Rubrobacter_1_SemiBin_66	K02000	BBBDBEJD_01473	184.8	1e-54	0
EQnative_Rubrobacter_1_SemiBin_66	K02000	BBBDBEJD_04042	182.8	3.9e-54	0
EQnative_Rubrobacter_1_SemiBin_66	K02000	BBBDBEJD_02825	176.5	3.2e-52	0
EQnative_Rubrobacter_1_SemiBin_66	K02000	BBBDBEJD_03796	175.7	5.7e-52	0
EQnative_Rubrobacter_1_SemiBin_66	K02000	BBBDBEJD_00788	174.3	1.5e-51	0
EQnative_Rubrobacter_1_SemiBin_66	K02000	BBBDBEJD_01318	168.4	9.3e-50	0
EQnative_Rubrobacter_1_SemiBin_66	K02000	BBBDBEJD_01749	167.0	2.3e-49	0
EQnative_Rubrobacter_1_SemiBin_66	K02000	BBBDBEJD_04128	165.9	5e-49	0
EQnative_Rubrobacter_1_SemiBin_66	K02000	BBBDBEJD_01381	164.8	1.1e-48	0
EQnative_Rubrobacter_1_SemiBin_66	K02000	BBBDBEJD_00789	160.8	1.8e-47	0
EQnative_Rubrobacter_1_SemiBin_66	K02000	BBBDBEJD_00922	155.0	1e-45	0
EQnative_Rubrobacter_1_SemiBin_66	K02000	BBBDBEJD_01490	152.4	6.4e-45	0
EQnative_Rubrobacter_1_SemiBin_66	K02000	BBBDBEJD_02137	152.0	8.5e-45	0
EQnative_Rubrobacter_1_SemiBin_66	K02000	BBBDBEJD_01472	147.3	2.3e-43	0
EQnative_Rubrobacter_1_SemiBin_66	K02000	BBBDBEJD_03766	143.8	2.4e-42	0
EQnative_Rubrobacter_1_SemiBin_66	K02000	BBBDBEJD_01188	138.2	1.2e-40	0
EQnative_Rubrobacter_1_SemiBin_66	K02000	BBBDBEJD_00869	136.2	5.1e-40	0
EQnative_Rubrobacter_1_SemiBin_66	K02000	BBBDBEJD_04053	126.7	3.7e-37	0
EQnative_Rubrobacter_1_SemiBin_66	K02000	BBBDBEJD_01204	123.9	2.6e-36	0
EQnative_Rubrobacter_1_SemiBin_66	K02000	BBBDBEJD_03643	123.2	4.5e-36	0
EQnative_Rubrobacter_1_SemiBin_66	K02000	BBBDBEJD_04121	118.6	1e-34	0
EQnative_Rubrobacter_1_SemiBin_66	K02000	BBBDBEJD_00175	118.6	1e-34	0
EQnative_Rubrobacter_1_SemiBin_66	K02000	BBBDBEJD_00136	110.3	3.4e-32	0
EQnative_Rubrobacter_1_SemiBin_66	K02000	BBBDBEJD_02362	107.1	3.3e-31	0
EQnative_Rubrobacter_1_SemiBin_66	K02000	BBBDBEJD_04268	104.9	1.5e-30	0
EQnative_Rubrobacter_1_SemiBin_66	K02000	BBBDBEJD_03646	104.4	2.1e-30	0
EQnative_Rubrobacter_1_SemiBin_66	K02000	BBBDBEJD_00042	104.0	2.8e-30	0
EQnative_Rubrobacter_1_SemiBin_66	K02000	BBBDBEJD_03054	103.3	4.5e-30	0
EQnative_Rubrobacter_1_SemiBin_66	K02000	BBBDBEJD_02570	103.1	5.2e-30	0
EQnative_Rubrobacter_1_SemiBin_66	K02000	BBBDBEJD_03757	100.6	2.9e-29	0
EQnative_Rubrobacter_1_SemiBin_66	K02000	BBBDBEJD_03115	99.7	5.8e-29	0
EQnative_Rubrobacter_1_SemiBin_66	K02000	BBBDBEJD_00174	99.2	7.7e-29	0
EQnative_Rubrobacter_1_SemiBin_66	K02000	BBBDBEJD_04230	91.6	1.6e-26	0
EQnative_Rubrobacter_1_SemiBin_66	K02000	BBBDBEJD_01558	91.4	1.8e-26	0
EQnative_Rubrobacter_1_SemiBin_66	K02000	BBBDBEJD_04229	91.3	2e-26	0
EQnative_Rubrobacter_1_SemiBin_66	K02000	BBBDBEJD_03906	90.6	3.3e-26	0
EQnative_Rubrobacter_1_SemiBin_66	K02000	BBBDBEJD_01839	89.7	6.1e-26	0
EQnative_Rubrobacter_1_SemiBin_66	K02000	BBBDBEJD_01946	87.9	2.1e-25	0
EQnative_Rubrobacter_1_SemiBin_66	K02000	BBBDBEJD_01840	87.3	3.1e-25	0
EQnative_Rubrobacter_1_SemiBin_66	K02000	BBBDBEJD_00352	84.3	2.5e-24	0
EQnative_Rubrobacter_1_SemiBin_66	K02000	BBBDBEJD_01696	81.3	2e-23	0
EQnative_Rubrobacter_1_SemiBin_66	K02000	BBBDBEJD_01559	78.0	2e-22	0
EQnative_Rubrobacter_1_SemiBin_66	K02000	BBBDBEJD_00111	73.3	5.5e-21	0
EQnative_Rubrobacter_1_SemiBin_66	K02000	BBBDBEJD_00144	73.3	5.5e-21	0
EQnative_Rubrobacter_1_SemiBin_66	K02000	BBBDBEJD_03642	70.1	5e-20	0
EQnative_Rubrobacter_1_SemiBin_66	K02000	BBBDBEJD_00832	45.6	1.3e-12	0
EQnative_Rubrobacter_1_SemiBin_66	K02000	BBBDBEJD_03917	45.0	2e-12	0
EQnative_Rubrobacter_1_SemiBin_66	K02000	BBBDBEJD_03882	32.4	1.3e-08	0
EQnative_Rubrobacter_1_SemiBin_66	K02000	BBBDBEJD_03176	30.5	5.1e-08	0
EQnative_Rubrobacter_1_SemiBin_66	K02000	BBBDBEJD_01934	29.1	1.3e-07	0
EQnative_Rubrobacter_1_SemiBin_66	K02000	BBBDBEJD_02897	27.6	3.8e-07	0
EQnative_Rubrobacter_1_SemiBin_66	K02000	BBBDBEJD_03122	24.6	3e-06	0
EQnative_Rubrobacter_1_SemiBin_66	K02000	BBBDBEJD_00944	23.8	5.2e-06	0
EQnative_Rubrobacter_1_SemiBin_66	K02000	BBBDBEJD_01711	23.1	8.9e-06	0
EQnative_Rubrobacter_1_SemiBin_66	K02000	BBBDBEJD_00917	22.6	1.2e-05	0
EQnative_Rubrobacter_1_SemiBin_66	K02000	BBBDBEJD_03116	21.6	2.5e-05	0
EQnative_Rubrobacter_1_SemiBin_66	K02000	BBBDBEJD_00602	19.8	8.7e-05	0
EQnative_Rubrobacter_1_SemiBin_66	K02000	BBBDBEJD_01586	19.1	0.00014	0
EQnative_Rubrobacter_1_SemiBin_66	K02000	BBBDBEJD_02691	14.6	0.0033	0
EQnative_Rubrobacter_1_SemiBin_66	K02000	BBBDBEJD_00938	11.3	0.033	0
EQnative_Rubrobacter_1_SemiBin_66	K02001	BBBDBEJD_00307	455.9	7.1e-137	1
EQnative_Rubrobacter_1_SemiBin_66	K02001	BBBDBEJD_00112	217.1	1.2e-64	0
EQnative_Rubrobacter_1_SemiBin_66	K02001	BBBDBEJD_00306	169.8	2.3e-50	0
EQnative_Rubrobacter_1_SemiBin_66	K02001	BBBDBEJD_00305	157.5	1.2e-46	0
EQnative_Rubrobacter_1_SemiBin_66	K02001	BBBDBEJD_04073	108.8	6.4e-32	0
EQnative_Rubrobacter_1_SemiBin_66	K02001	BBBDBEJD_00304	98.7	7.7e-29	0
EQnative_Rubrobacter_1_SemiBin_66	K02001	BBBDBEJD_03287	85.3	8.2e-25	0
EQnative_Rubrobacter_1_SemiBin_66	K02001	BBBDBEJD_03288	69.5	4.9e-20	0
EQnative_Rubrobacter_1_SemiBin_66	K02001	BBBDBEJD_04071	67.6	1.9e-19	0
EQnative_Rubrobacter_1_SemiBin_66	K02001	BBBDBEJD_03751	47.6	2.2e-13	0
EQnative_Rubrobacter_1_SemiBin_66	K02001	BBBDBEJD_01438	31.0	2.3e-08	0
EQnative_Rubrobacter_1_SemiBin_66	K02001	BBBDBEJD_02051	28.0	1.8e-07	0
EQnative_Rubrobacter_1_SemiBin_66	K02001	BBBDBEJD_02721	25.6	9.3e-07	0
EQnative_Rubrobacter_1_SemiBin_66	K02001	BBBDBEJD_02286	23.1	5.3e-06	0
EQnative_Rubrobacter_1_SemiBin_66	K02001	BBBDBEJD_03138	22.0	1.2e-05	0
EQnative_Rubrobacter_1_SemiBin_66	K02001	BBBDBEJD_00221	21.8	1.4e-05	0
EQnative_Rubrobacter_1_SemiBin_66	K02001	BBBDBEJD_01437	20.7	2.8e-05	0
EQnative_Rubrobacter_1_SemiBin_66	K02001	BBBDBEJD_00339	17.7	0.00023	0
EQnative_Rubrobacter_1_SemiBin_66	K02001	BBBDBEJD_01251	17.4	0.00029	0
EQnative_Rubrobacter_1_SemiBin_66	K02001	BBBDBEJD_00496	17.3	0.0003	0
EQnative_Rubrobacter_1_SemiBin_66	K02001	BBBDBEJD_00924	16.9	0.0004	0
EQnative_Rubrobacter_1_SemiBin_66	K02001	BBBDBEJD_03689	16.7	0.00046	0
EQnative_Rubrobacter_1_SemiBin_66	K02001	BBBDBEJD_01855	15.7	0.00097	0
EQnative_Rubrobacter_1_SemiBin_66	K02001	BBBDBEJD_03222	15.6	0.001	0
EQnative_Rubrobacter_1_SemiBin_66	K02001	BBBDBEJD_03688	15.6	0.001	0
EQnative_Rubrobacter_1_SemiBin_66	K02001	BBBDBEJD_03711	15.5	0.0011	0
EQnative_Rubrobacter_1_SemiBin_66	K02001	BBBDBEJD_03338	14.7	0.0019	0
EQnative_Rubrobacter_1_SemiBin_66	K02001	BBBDBEJD_01250	14.6	0.002	0
EQnative_Rubrobacter_1_SemiBin_66	K02001	BBBDBEJD_03137	14.5	0.0022	0
EQnative_Rubrobacter_1_SemiBin_66	K02001	BBBDBEJD_02650	14.0	0.003	0
EQnative_Rubrobacter_1_SemiBin_66	K02001	BBBDBEJD_01428	13.9	0.0033	0
EQnative_Rubrobacter_1_SemiBin_66	K02001	BBBDBEJD_04090	13.5	0.0043	0
EQnative_Rubrobacter_1_SemiBin_66	K02001	BBBDBEJD_01744	13.2	0.0053	0
EQnative_Rubrobacter_1_SemiBin_66	K02001	BBBDBEJD_02617	13.2	0.0053	0
EQnative_Rubrobacter_1_SemiBin_66	K02001	BBBDBEJD_04089	12.7	0.0074	0
EQnative_Rubrobacter_1_SemiBin_66	K02001	BBBDBEJD_00073	12.6	0.008	0
EQnative_Rubrobacter_1_SemiBin_66	K02001	BBBDBEJD_02029	12.4	0.009	0
EQnative_Rubrobacter_1_SemiBin_66	K02001	BBBDBEJD_02346	12.4	0.0091	0
EQnative_Rubrobacter_1_SemiBin_66	K02001	BBBDBEJD_02121	12.1	0.012	0
EQnative_Rubrobacter_1_SemiBin_66	K02001	BBBDBEJD_02616	11.0	0.024	0
EQnative_Rubrobacter_1_SemiBin_66	K02001	BBBDBEJD_00923	10.9	0.027	0
EQnative_Rubrobacter_1_SemiBin_66	K02001	BBBDBEJD_02043	10.6	0.032	0
EQnative_Rubrobacter_1_SemiBin_66	K02001	BBBDBEJD_01760	10.2	0.044	0
EQnative_Rubrobacter_1_SemiBin_66	K02001	BBBDBEJD_02672	10.1	0.047	0
EQnative_Rubrobacter_1_SemiBin_66	K02001	BBBDBEJD_03979	9.8	0.058	0
EQnative_Rubrobacter_1_SemiBin_66	K02001	BBBDBEJD_03423	9.6	0.067	0
EQnative_Rubrobacter_1_SemiBin_66	K02001	BBBDBEJD_02717	8.8	0.12	0
EQnative_Rubrobacter_1_SemiBin_66	K02001	BBBDBEJD_02651	8.0	0.2	0
EQnative_Rubrobacter_1_SemiBin_66	K02001	BBBDBEJD_02347	7.6	0.26	0
EQnative_Rubrobacter_1_SemiBin_66	K02001	BBBDBEJD_03980	6.7	0.5	0
EQnative_Rubrobacter_1_SemiBin_66	K02001	BBBDBEJD_00495	6.4	0.62	0
EQnative_Rubrobacter_1_SemiBin_66	K02001	BBBDBEJD_02430	6.1	0.77	0
EQnative_Rubrobacter_1_SemiBin_66	K02001	BBBDBEJD_03712	5.0	1.6	0
EQnative_Rubrobacter_1_SemiBin_66	K02001	BBBDBEJD_02722	4.9	1.7	0
EQnative_Rubrobacter_1_SemiBin_66	K02001	BBBDBEJD_03075	4.9	1.8	0
EQnative_Rubrobacter_1_SemiBin_66	K02001	BBBDBEJD_02042	4.2	2.7	0
EQnative_Rubrobacter_1_SemiBin_66	K02001	BBBDBEJD_03667	4.1	3.1	0
EQnative_Rubrobacter_1_SemiBin_66	K02001	BBBDBEJD_04127	3.3	5.3	0
EQnative_Rubrobacter_1_SemiBin_66	K02001	BBBDBEJD_00072	3.1	5.9	0
EQnative_Rubrobacter_1_SemiBin_66	K02001	BBBDBEJD_01427	2.9	6.8	0
EQnative_Rubrobacter_1_SemiBin_66	K02002	BBBDBEJD_00112	321.2	2.8e-96	1
EQnative_Rubrobacter_1_SemiBin_66	K02002	BBBDBEJD_00306	276.3	1.1e-82	1
EQnative_Rubrobacter_1_SemiBin_66	K02002	BBBDBEJD_00305	275.0	2.7e-82	1
EQnative_Rubrobacter_1_SemiBin_66	K02002	BBBDBEJD_00307	218.6	3.3e-65	1
EQnative_Rubrobacter_1_SemiBin_66	K02002	BBBDBEJD_00304	196.4	1.8e-58	1
EQnative_Rubrobacter_1_SemiBin_66	K02002	BBBDBEJD_03289	44.8	1.4e-12	0
EQnative_Rubrobacter_1_SemiBin_66	K02002	BBBDBEJD_04070	36.1	6e-10	0
EQnative_Rubrobacter_1_SemiBin_66	K02002	BBBDBEJD_03751	32.6	7e-09	0
EQnative_Rubrobacter_1_SemiBin_66	K02002	BBBDBEJD_04071	30.2	3.9e-08	0
EQnative_Rubrobacter_1_SemiBin_66	K02002	BBBDBEJD_03287	29.7	5.5e-08	0
EQnative_Rubrobacter_1_SemiBin_66	K02002	BBBDBEJD_04073	26.5	4.9e-07	0
EQnative_Rubrobacter_1_SemiBin_66	K02002	BBBDBEJD_03288	19.9	5e-05	0
EQnative_Rubrobacter_1_SemiBin_66	K02002	BBBDBEJD_00221	17.6	0.00025	0
EQnative_Rubrobacter_1_SemiBin_66	K02002	BBBDBEJD_02286	14.1	0.0029	0
EQnative_Rubrobacter_1_SemiBin_66	K02002	BBBDBEJD_00880	12.9	0.0068	0
EQnative_Rubrobacter_1_SemiBin_66	K02002	BBBDBEJD_02721	11.2	0.021	0
EQnative_Rubrobacter_1_SemiBin_66	K02002	BBBDBEJD_00339	10.6	0.033	0
EQnative_Rubrobacter_1_SemiBin_66	K02002	BBBDBEJD_01438	9.7	0.062	0
EQnative_Rubrobacter_1_SemiBin_66	K02002	BBBDBEJD_01721	7.5	0.28	0
EQnative_Rubrobacter_1_SemiBin_66	K02779	BBBDBEJD_03864	506.6	2.5e-152	0
EQnative_Rubrobacter_1_SemiBin_66	K01226	BBBDBEJD_01590	462.1	6.9e-139	0
EQnative_Rubrobacter_1_SemiBin_66	K01226	BBBDBEJD_01595	326.9	6.2e-98	0
EQnative_Rubrobacter_1_SemiBin_66	K01226	BBBDBEJD_01041	100.2	3e-29	0
EQnative_Rubrobacter_1_SemiBin_66	K01226	BBBDBEJD_01592	52.4	9.2e-15	0
EQnative_Rubrobacter_1_SemiBin_66	K01226	BBBDBEJD_01591	49.0	1e-13	0
EQnative_Rubrobacter_1_SemiBin_66	K01226	BBBDBEJD_01593	47.0	4e-13	0
EQnative_Rubrobacter_1_SemiBin_66	K01226	BBBDBEJD_00761	36.4	6.4e-10	0
EQnative_Rubrobacter_1_SemiBin_66	K01226	BBBDBEJD_01596	25.8	1.1e-06	0
EQnative_Rubrobacter_1_SemiBin_66	K01226	BBBDBEJD_01594	21.2	2.6e-05	0
EQnative_Rubrobacter_1_SemiBin_66	K03486	BBBDBEJD_01091	122.5	4.8e-36	0
EQnative_Rubrobacter_1_SemiBin_66	K03486	BBBDBEJD_02094	109.5	4.5e-32	0
EQnative_Rubrobacter_1_SemiBin_66	K03486	BBBDBEJD_00498	105.8	6.3e-31	0
EQnative_Rubrobacter_1_SemiBin_66	K03486	BBBDBEJD_04282	98.4	1.1e-28	0
EQnative_Rubrobacter_1_SemiBin_66	K03486	BBBDBEJD_02844	64.9	1.9e-18	0
EQnative_Rubrobacter_1_SemiBin_66	K03486	BBBDBEJD_03340	51.1	3.2e-14	0
EQnative_Rubrobacter_1_SemiBin_66	K03486	BBBDBEJD_02358	42.8	1.1e-11	0
EQnative_Rubrobacter_1_SemiBin_66	K03486	BBBDBEJD_02039	42.7	1.2e-11	0
EQnative_Rubrobacter_1_SemiBin_66	K03486	BBBDBEJD_00523	42.5	1.4e-11	0
EQnative_Rubrobacter_1_SemiBin_66	K03486	BBBDBEJD_04180	38.3	2.5e-10	0
EQnative_Rubrobacter_1_SemiBin_66	K03486	BBBDBEJD_02747	38.0	3.1e-10	0
EQnative_Rubrobacter_1_SemiBin_66	K03486	BBBDBEJD_02373	36.2	1.1e-09	0
EQnative_Rubrobacter_1_SemiBin_66	K03486	BBBDBEJD_02033	34.7	3.1e-09	0
EQnative_Rubrobacter_1_SemiBin_66	K03486	BBBDBEJD_03909	33.8	6.2e-09	0
EQnative_Rubrobacter_1_SemiBin_66	K03486	BBBDBEJD_01533	33.5	7.5e-09	0
EQnative_Rubrobacter_1_SemiBin_66	K03486	BBBDBEJD_03984	30.4	6.6e-08	0
EQnative_Rubrobacter_1_SemiBin_66	K03486	BBBDBEJD_02551	29.5	1.2e-07	0
EQnative_Rubrobacter_1_SemiBin_66	K03486	BBBDBEJD_01845	29.2	1.6e-07	0
EQnative_Rubrobacter_1_SemiBin_66	K03486	BBBDBEJD_03456	26.4	1.1e-06	0
EQnative_Rubrobacter_1_SemiBin_66	K03486	BBBDBEJD_02306	21.6	3.3e-05	0
EQnative_Rubrobacter_1_SemiBin_66	K03486	BBBDBEJD_02356	20.7	5.8e-05	0
EQnative_Rubrobacter_1_SemiBin_66	K03486	BBBDBEJD_04237	20.0	0.0001	0
EQnative_Rubrobacter_1_SemiBin_66	K03486	BBBDBEJD_01740	11.8	0.031	0
EQnative_Rubrobacter_DATHTK01_SemiBin_9	K00697	LOJNILPA_03612	486.3	2.6e-146	0
EQnative_Rubrobacter_DATHTK01_SemiBin_9	K00697	LOJNILPA_03878	16.1	0.00066	0
EQnative_Rubrobacter_DATHTK01_SemiBin_9	K00697	LOJNILPA_03324	10.9	0.025	0
EQnative_Rubrobacter_DATHTK01_SemiBin_9	K01087	LOJNILPA_00117	294.7	2.4e-88	1
EQnative_Rubrobacter_DATHTK01_SemiBin_9	K01087	LOJNILPA_03642	204.7	5.2e-61	1
EQnative_Rubrobacter_DATHTK01_SemiBin_9	K01087	LOJNILPA_00200	24.2	3.1e-06	0
EQnative_Rubrobacter_DATHTK01_SemiBin_9	K01087	LOJNILPA_00116	14.1	0.0036	0
EQnative_Rubrobacter_DATHTK01_SemiBin_9	K05343	LOJNILPA_01585	1172.0	0.0	1
EQnative_Rubrobacter_DATHTK01_SemiBin_9	K05343	LOJNILPA_03651	283.4	9.2e-85	0
EQnative_Rubrobacter_DATHTK01_SemiBin_9	K05343	LOJNILPA_02381	269.0	2e-80	0
EQnative_Rubrobacter_DATHTK01_SemiBin_9	K05343	LOJNILPA_01182	43.4	2.9e-12	0
EQnative_Rubrobacter_DATHTK01_SemiBin_9	K05343	LOJNILPA_00566	40.0	3.1e-11	0
EQnative_Rubrobacter_DATHTK01_SemiBin_9	K05343	LOJNILPA_01586	34.3	1.7e-09	0
EQnative_Rubrobacter_DATHTK01_SemiBin_9	K05343	LOJNILPA_00567	29.3	5.4e-08	0
EQnative_Rubrobacter_DATHTK01_SemiBin_9	K05343	LOJNILPA_01699	11.9	0.0095	0
EQnative_Rubrobacter_DATHTK01_SemiBin_9	K06044	LOJNILPA_00566	1297.8	0.0	1
EQnative_Rubrobacter_DATHTK01_SemiBin_9	K06044	LOJNILPA_00207	182.2	3.1e-54	0
EQnative_Rubrobacter_DATHTK01_SemiBin_9	K06044	LOJNILPA_03651	55.5	5.2e-16	0
EQnative_Rubrobacter_DATHTK01_SemiBin_9	K06044	LOJNILPA_01586	27.4	1.6e-07	0
EQnative_Rubrobacter_DATHTK01_SemiBin_9	K06044	LOJNILPA_02381	21.8	7.7e-06	0
EQnative_Rubrobacter_DATHTK01_SemiBin_9	K06044	LOJNILPA_00567	18.0	0.00011	0
EQnative_Rubrobacter_DATHTK01_SemiBin_9	K01236	LOJNILPA_00567	558.1	7.7e-168	1
EQnative_Rubrobacter_DATHTK01_SemiBin_9	K01236	LOJNILPA_01586	216.8	1.2e-64	0
EQnative_Rubrobacter_DATHTK01_SemiBin_9	K01236	LOJNILPA_03651	67.4	1.8e-19	0
EQnative_Rubrobacter_DATHTK01_SemiBin_9	K01236	LOJNILPA_01585	62.3	6.2e-18	0
EQnative_Rubrobacter_DATHTK01_SemiBin_9	K01236	LOJNILPA_02381	57.2	2.2e-16	0
EQnative_Rubrobacter_DATHTK01_SemiBin_9	K01236	LOJNILPA_00566	40.1	3.2e-11	0
EQnative_Rubrobacter_DATHTK01_SemiBin_9	K01236	LOJNILPA_01182	28.4	1.1e-07	0
EQnative_Rubrobacter_DATHTK01_SemiBin_9	K01236	LOJNILPA_03981	14.4	0.002	0
EQnative_Rubrobacter_DATHTK01_SemiBin_9	K13057	LOJNILPA_03878	90.6	1.7e-26	0
EQnative_Rubrobacter_DATHTK01_SemiBin_9	K13057	LOJNILPA_03324	52.1	8.1e-15	0
EQnative_Rubrobacter_DATHTK01_SemiBin_9	K13057	LOJNILPA_02408	41.4	1.5e-11	0
EQnative_Rubrobacter_DATHTK01_SemiBin_9	K13057	LOJNILPA_00696	24.7	1.7e-06	0
EQnative_Rubrobacter_DATHTK01_SemiBin_9	K13057	LOJNILPA_01683	13.0	0.006	0
EQnative_Rubrobacter_DATHTK01_SemiBin_9	K00108	LOJNILPA_01361	55.8	4.7e-16	0
EQnative_Rubrobacter_DATHTK01_SemiBin_9	K00108	LOJNILPA_01978	9.7	0.041	0
EQnative_Rubrobacter_DATHTK01_SemiBin_9	K00130	LOJNILPA_01028	604.2	5.1e-182	0
EQnative_Rubrobacter_DATHTK01_SemiBin_9	K00130	LOJNILPA_01358	583.7	8.3e-176	0
EQnative_Rubrobacter_DATHTK01_SemiBin_9	K00130	LOJNILPA_01169	564.8	4.3e-170	0
EQnative_Rubrobacter_DATHTK01_SemiBin_9	K00130	LOJNILPA_01387	556.0	2e-167	0
EQnative_Rubrobacter_DATHTK01_SemiBin_9	K00130	LOJNILPA_03953	555.8	2.2e-167	0
EQnative_Rubrobacter_DATHTK01_SemiBin_9	K00130	LOJNILPA_01156	546.9	1.2e-164	0
EQnative_Rubrobacter_DATHTK01_SemiBin_9	K00130	LOJNILPA_00690	519.8	1.9e-156	0
EQnative_Rubrobacter_DATHTK01_SemiBin_9	K00130	LOJNILPA_00972	511.4	6.3e-154	0
EQnative_Rubrobacter_DATHTK01_SemiBin_9	K00130	LOJNILPA_02738	482.1	4.7e-145	0
EQnative_Rubrobacter_DATHTK01_SemiBin_9	K00130	LOJNILPA_00189	441.6	8.8e-133	0
EQnative_Rubrobacter_DATHTK01_SemiBin_9	K00130	LOJNILPA_03558	438.2	9.2e-132	0
EQnative_Rubrobacter_DATHTK01_SemiBin_9	K00130	LOJNILPA_03556	383.2	4.2e-115	0
EQnative_Rubrobacter_DATHTK01_SemiBin_9	K00499	LOJNILPA_00642	20.5	3.6e-05	0
EQnative_Rubrobacter_DATHTK01_SemiBin_9	K17755	LOJNILPA_01361	55.2	1.2e-15	0
EQnative_Rubrobacter_DATHTK01_SemiBin_9	K17755	LOJNILPA_03594	11.7	0.018	0
EQnative_Rubrobacter_DATHTK01_SemiBin_9	K17756	LOJNILPA_01361	90.6	1.8e-26	0
EQnative_Rubrobacter_DATHTK01_SemiBin_9	K17756	LOJNILPA_00633	20.5	2.9e-05	0
EQnative_Rubrobacter_DATHTK01_SemiBin_9	K17756	LOJNILPA_03356	15.6	0.00083	0
EQnative_Rubrobacter_DATHTK01_SemiBin_9	K17756	LOJNILPA_01702	15.4	0.00096	0
EQnative_Rubrobacter_DATHTK01_SemiBin_9	K17756	LOJNILPA_02403	13.9	0.0028	0
EQnative_Rubrobacter_DATHTK01_SemiBin_9	K17756	LOJNILPA_03683	13.5	0.0036	0
EQnative_Rubrobacter_DATHTK01_SemiBin_9	K17756	LOJNILPA_01179	13.5	0.0038	0
EQnative_Rubrobacter_DATHTK01_SemiBin_9	K17756	LOJNILPA_02177	12.9	0.0055	0
EQnative_Rubrobacter_DATHTK01_SemiBin_9	K17756	LOJNILPA_01215	12.2	0.0088	0
EQnative_Rubrobacter_DATHTK01_SemiBin_9	K17756	LOJNILPA_01161	11.1	0.019	0
EQnative_Rubrobacter_DATHTK01_SemiBin_9	K17756	LOJNILPA_03555	10.9	0.022	0
EQnative_Rubrobacter_DATHTK01_SemiBin_9	K17756	LOJNILPA_03912	10.8	0.025	0
EQnative_Rubrobacter_DATHTK01_SemiBin_9	K17756	LOJNILPA_03673	10.3	0.035	0
EQnative_Rubrobacter_DATHTK01_SemiBin_9	K17756	LOJNILPA_03693	10.2	0.037	0
EQnative_Rubrobacter_DATHTK01_SemiBin_9	K17756	LOJNILPA_00663	5.9	0.73	0
EQnative_Rubrobacter_DATHTK01_SemiBin_9	K06718	LOJNILPA_00105	24.7	2.8e-06	0
EQnative_Rubrobacter_DATHTK01_SemiBin_9	K06718	LOJNILPA_02544	23.7	5.9e-06	0
EQnative_Rubrobacter_DATHTK01_SemiBin_9	K06718	LOJNILPA_01059	16.1	0.0012	0
EQnative_Rubrobacter_DATHTK01_SemiBin_9	K06718	LOJNILPA_01117	15.9	0.0014	0
EQnative_Rubrobacter_DATHTK01_SemiBin_9	K06718	LOJNILPA_03248	13.4	0.0081	0
EQnative_Rubrobacter_DATHTK01_SemiBin_9	K06718	LOJNILPA_03269	12.2	0.019	0
EQnative_Rubrobacter_DATHTK01_SemiBin_9	K06718	LOJNILPA_03298	12.2	0.019	0
EQnative_Rubrobacter_DATHTK01_SemiBin_9	K06718	LOJNILPA_01519	11.5	0.032	0
EQnative_Rubrobacter_DATHTK01_SemiBin_9	K06718	LOJNILPA_00604	11.3	0.036	0
EQnative_Rubrobacter_DATHTK01_SemiBin_9	K06720	LOJNILPA_00149	16.1	0.002	0
EQnative_Rubrobacter_DATHTK01_SemiBin_9	K06720	LOJNILPA_00352	15.4	0.0031	0
EQnative_Rubrobacter_DATHTK01_SemiBin_9	K06720	LOJNILPA_01094	12.4	0.028	0
EQnative_Rubrobacter_DATHTK01_SemiBin_9	K01858	LOJNILPA_03879	426.1	5.8e-128	1
EQnative_Rubrobacter_DATHTK01_SemiBin_9	K05845	LOJNILPA_03564	359.0	1e-107	1
EQnative_Rubrobacter_DATHTK01_SemiBin_9	K05845	LOJNILPA_03442	20.1	5.4e-05	0
EQnative_Rubrobacter_DATHTK01_SemiBin_9	K05845	LOJNILPA_04015	16.1	0.00087	0
EQnative_Rubrobacter_DATHTK01_SemiBin_9	K05845	LOJNILPA_03044	14.6	0.0024	0
EQnative_Rubrobacter_DATHTK01_SemiBin_9	K05845	LOJNILPA_04080	8.6	0.16	0
EQnative_Rubrobacter_DATHTK01_SemiBin_9	K05846	LOJNILPA_03566	266.9	6.2e-80	1
EQnative_Rubrobacter_DATHTK01_SemiBin_9	K05846	LOJNILPA_03565	241.2	4.1e-72	1
EQnative_Rubrobacter_DATHTK01_SemiBin_9	K05846	LOJNILPA_03441	148.4	6.1e-44	0
EQnative_Rubrobacter_DATHTK01_SemiBin_9	K05846	LOJNILPA_02688	75.8	6.8e-22	0
EQnative_Rubrobacter_DATHTK01_SemiBin_9	K05846	LOJNILPA_02664	75.6	7.6e-22	0
EQnative_Rubrobacter_DATHTK01_SemiBin_9	K05846	LOJNILPA_02689	43.8	3.5e-12	0
EQnative_Rubrobacter_DATHTK01_SemiBin_9	K05846	LOJNILPA_01157	39.6	6.5e-11	0
EQnative_Rubrobacter_DATHTK01_SemiBin_9	K05846	LOJNILPA_01542	34.4	2.4e-09	0
EQnative_Rubrobacter_DATHTK01_SemiBin_9	K05846	LOJNILPA_02787	34.1	3e-09	0
EQnative_Rubrobacter_DATHTK01_SemiBin_9	K05846	LOJNILPA_03043	33.2	5.9e-09	0
EQnative_Rubrobacter_DATHTK01_SemiBin_9	K05846	LOJNILPA_03970	30.1	4.9e-08	0
EQnative_Rubrobacter_DATHTK01_SemiBin_9	K05846	LOJNILPA_01541	27.4	3.3e-07	0
EQnative_Rubrobacter_DATHTK01_SemiBin_9	K05846	LOJNILPA_01158	25.5	1.2e-06	0
EQnative_Rubrobacter_DATHTK01_SemiBin_9	K05846	LOJNILPA_00570	25.5	1.2e-06	0
EQnative_Rubrobacter_DATHTK01_SemiBin_9	K05846	LOJNILPA_02788	25.5	1.3e-06	0
EQnative_Rubrobacter_DATHTK01_SemiBin_9	K05846	LOJNILPA_00078	24.4	2.6e-06	0
EQnative_Rubrobacter_DATHTK01_SemiBin_9	K05846	LOJNILPA_01769	21.9	1.6e-05	0
EQnative_Rubrobacter_DATHTK01_SemiBin_9	K05846	LOJNILPA_01319	21.9	1.6e-05	0
EQnative_Rubrobacter_DATHTK01_SemiBin_9	K05846	LOJNILPA_02466	21.1	2.6e-05	0
EQnative_Rubrobacter_DATHTK01_SemiBin_9	K05846	LOJNILPA_03342	21.1	2.7e-05	0
EQnative_Rubrobacter_DATHTK01_SemiBin_9	K05846	LOJNILPA_03969	20.7	3.7e-05	0
EQnative_Rubrobacter_DATHTK01_SemiBin_9	K05846	LOJNILPA_00717	19.7	7.3e-05	0
EQnative_Rubrobacter_DATHTK01_SemiBin_9	K05846	LOJNILPA_01289	17.8	0.00027	0
EQnative_Rubrobacter_DATHTK01_SemiBin_9	K05846	LOJNILPA_01770	15.5	0.0014	0
EQnative_Rubrobacter_DATHTK01_SemiBin_9	K05846	LOJNILPA_00569	15.0	0.0019	0
EQnative_Rubrobacter_DATHTK01_SemiBin_9	K05846	LOJNILPA_02467	14.0	0.0038	0
EQnative_Rubrobacter_DATHTK01_SemiBin_9	K05846	LOJNILPA_00879	13.5	0.0054	0
EQnative_Rubrobacter_DATHTK01_SemiBin_9	K05846	LOJNILPA_02925	13.5	0.0055	0
EQnative_Rubrobacter_DATHTK01_SemiBin_9	K05846	LOJNILPA_01898	11.2	0.027	0
EQnative_Rubrobacter_DATHTK01_SemiBin_9	K05846	LOJNILPA_01320	11.2	0.028	0
EQnative_Rubrobacter_DATHTK01_SemiBin_9	K05846	LOJNILPA_00173	10.6	0.04	0
EQnative_Rubrobacter_DATHTK01_SemiBin_9	K05846	LOJNILPA_01939	9.3	0.11	0
EQnative_Rubrobacter_DATHTK01_SemiBin_9	K05846	LOJNILPA_00878	8.7	0.15	0
EQnative_Rubrobacter_DATHTK01_SemiBin_9	K05846	LOJNILPA_00077	5.8	1.2	0
EQnative_Rubrobacter_DATHTK01_SemiBin_9	K05846	LOJNILPA_00174	5.4	1.5	0
EQnative_Rubrobacter_DATHTK01_SemiBin_9	K05846	LOJNILPA_01940	4.4	3.2	0
EQnative_Rubrobacter_DATHTK01_SemiBin_9	K05847	LOJNILPA_03567	483.0	1.8e-145	1
EQnative_Rubrobacter_DATHTK01_SemiBin_9	K05847	LOJNILPA_03440	327.1	4.1e-98	0
EQnative_Rubrobacter_DATHTK01_SemiBin_9	K05847	LOJNILPA_03917	324.6	2.4e-97	0
EQnative_Rubrobacter_DATHTK01_SemiBin_9	K05847	LOJNILPA_01160	291.1	3.6e-87	0
EQnative_Rubrobacter_DATHTK01_SemiBin_9	K05847	LOJNILPA_04074	290.8	4.4e-87	0
EQnative_Rubrobacter_DATHTK01_SemiBin_9	K05847	LOJNILPA_03967	288.6	2.1e-86	0
EQnative_Rubrobacter_DATHTK01_SemiBin_9	K05847	LOJNILPA_01293	264.4	4.7e-79	0
EQnative_Rubrobacter_DATHTK01_SemiBin_9	K05847	LOJNILPA_02687	239.9	1.2e-71	0
EQnative_Rubrobacter_DATHTK01_SemiBin_9	K05847	LOJNILPA_02184	225.1	4.1e-67	0
EQnative_Rubrobacter_DATHTK01_SemiBin_9	K05847	LOJNILPA_00054	224.8	4.9e-67	0
EQnative_Rubrobacter_DATHTK01_SemiBin_9	K05847	LOJNILPA_01815	222.6	2.3e-66	0
EQnative_Rubrobacter_DATHTK01_SemiBin_9	K05847	LOJNILPA_01355	222.2	3.1e-66	0
EQnative_Rubrobacter_DATHTK01_SemiBin_9	K05847	LOJNILPA_03784	216.2	2e-64	0
EQnative_Rubrobacter_DATHTK01_SemiBin_9	K05847	LOJNILPA_00186	215.2	4e-64	0
EQnative_Rubrobacter_DATHTK01_SemiBin_9	K05847	LOJNILPA_02568	214.9	5.1e-64	0
EQnative_Rubrobacter_DATHTK01_SemiBin_9	K05847	LOJNILPA_02557	198.6	4.4e-59	0
EQnative_Rubrobacter_DATHTK01_SemiBin_9	K05847	LOJNILPA_02448	197.3	1.1e-58	0
EQnative_Rubrobacter_DATHTK01_SemiBin_9	K05847	LOJNILPA_02139	194.2	9.7e-58	0
EQnative_Rubrobacter_DATHTK01_SemiBin_9	K05847	LOJNILPA_02665	189.4	2.9e-56	0
EQnative_Rubrobacter_DATHTK01_SemiBin_9	K05847	LOJNILPA_03659	188.5	5.3e-56	0
EQnative_Rubrobacter_DATHTK01_SemiBin_9	K05847	LOJNILPA_01543	181.5	6.9e-54	0
EQnative_Rubrobacter_DATHTK01_SemiBin_9	K05847	LOJNILPA_01427	178.6	5.5e-53	0
EQnative_Rubrobacter_DATHTK01_SemiBin_9	K05847	LOJNILPA_02138	170.2	1.9e-50	0
EQnative_Rubrobacter_DATHTK01_SemiBin_9	K05847	LOJNILPA_00977	163.9	1.6e-48	0
EQnative_Rubrobacter_DATHTK01_SemiBin_9	K05847	LOJNILPA_02258	161.9	6.4e-48	0
EQnative_Rubrobacter_DATHTK01_SemiBin_9	K05847	LOJNILPA_03343	157.6	1.3e-46	0
EQnative_Rubrobacter_DATHTK01_SemiBin_9	K05847	LOJNILPA_00978	157.1	1.8e-46	0
EQnative_Rubrobacter_DATHTK01_SemiBin_9	K05847	LOJNILPA_02468	151.7	8e-45	0
EQnative_Rubrobacter_DATHTK01_SemiBin_9	K05847	LOJNILPA_00437	138.5	8.2e-41	0
EQnative_Rubrobacter_DATHTK01_SemiBin_9	K05847	LOJNILPA_01965	137.3	1.9e-40	0
EQnative_Rubrobacter_DATHTK01_SemiBin_9	K05847	LOJNILPA_03776	136.7	2.8e-40	0
EQnative_Rubrobacter_DATHTK01_SemiBin_9	K05847	LOJNILPA_02588	134.0	2e-39	0
EQnative_Rubrobacter_DATHTK01_SemiBin_9	K05847	LOJNILPA_03166	132.3	6.1e-39	0
EQnative_Rubrobacter_DATHTK01_SemiBin_9	K05847	LOJNILPA_00850	131.1	1.4e-38	0
EQnative_Rubrobacter_DATHTK01_SemiBin_9	K05847	LOJNILPA_02227	124.8	1.2e-36	0
EQnative_Rubrobacter_DATHTK01_SemiBin_9	K05847	LOJNILPA_01837	124.8	1.2e-36	0
EQnative_Rubrobacter_DATHTK01_SemiBin_9	K05847	LOJNILPA_03080	78.0	1.9e-22	0
EQnative_Rubrobacter_DATHTK01_SemiBin_9	K05847	LOJNILPA_02035	77.5	2.8e-22	0
EQnative_Rubrobacter_DATHTK01_SemiBin_9	K05847	LOJNILPA_01197	59.9	6.1e-17	0
EQnative_Rubrobacter_DATHTK01_SemiBin_9	K05847	LOJNILPA_03079	52.2	1.3e-14	0
EQnative_Rubrobacter_DATHTK01_SemiBin_9	K05847	LOJNILPA_02620	47.0	5e-13	0
EQnative_Rubrobacter_DATHTK01_SemiBin_9	K05847	LOJNILPA_01605	32.5	1.3e-08	0
EQnative_Rubrobacter_DATHTK01_SemiBin_9	K05847	LOJNILPA_01115	14.8	0.003	0
EQnative_Rubrobacter_DATHTK01_SemiBin_9	K05847	LOJNILPA_01494	14.3	0.0044	0
EQnative_Rubrobacter_DATHTK01_SemiBin_9	K02168	LOJNILPA_01559	3.8	2.8	0
EQnative_Rubrobacter_DATHTK01_SemiBin_9	K02000	LOJNILPA_03440	581.8	6.4e-175	1
EQnative_Rubrobacter_DATHTK01_SemiBin_9	K02000	LOJNILPA_03567	322.6	1.8e-96	0
EQnative_Rubrobacter_DATHTK01_SemiBin_9	K02000	LOJNILPA_03917	268.4	4.6e-80	0
EQnative_Rubrobacter_DATHTK01_SemiBin_9	K02000	LOJNILPA_04074	258.8	3.8e-77	0
EQnative_Rubrobacter_DATHTK01_SemiBin_9	K02000	LOJNILPA_01160	256.8	1.5e-76	0
EQnative_Rubrobacter_DATHTK01_SemiBin_9	K02000	LOJNILPA_01293	246.1	2.6e-73	0
EQnative_Rubrobacter_DATHTK01_SemiBin_9	K02000	LOJNILPA_03967	242.9	2.5e-72	0
EQnative_Rubrobacter_DATHTK01_SemiBin_9	K02000	LOJNILPA_02687	239.0	3.7e-71	0
EQnative_Rubrobacter_DATHTK01_SemiBin_9	K02000	LOJNILPA_02568	198.2	8.4e-59	0
EQnative_Rubrobacter_DATHTK01_SemiBin_9	K02000	LOJNILPA_01815	195.0	7.6e-58	0
EQnative_Rubrobacter_DATHTK01_SemiBin_9	K02000	LOJNILPA_03784	194.8	8.6e-58	0
EQnative_Rubrobacter_DATHTK01_SemiBin_9	K02000	LOJNILPA_02448	191.4	9.3e-57	0
EQnative_Rubrobacter_DATHTK01_SemiBin_9	K02000	LOJNILPA_00054	190.8	1.4e-56	0
EQnative_Rubrobacter_DATHTK01_SemiBin_9	K02000	LOJNILPA_02184	187.5	1.5e-55	0
EQnative_Rubrobacter_DATHTK01_SemiBin_9	K02000	LOJNILPA_02665	181.1	1.2e-53	0
EQnative_Rubrobacter_DATHTK01_SemiBin_9	K02000	LOJNILPA_01355	172.5	5.1e-51	0
EQnative_Rubrobacter_DATHTK01_SemiBin_9	K02000	LOJNILPA_02138	168.9	6.1e-50	0
EQnative_Rubrobacter_DATHTK01_SemiBin_9	K02000	LOJNILPA_02468	164.8	1.1e-48	0
EQnative_Rubrobacter_DATHTK01_SemiBin_9	K02000	LOJNILPA_00186	163.6	2.5e-48	0
EQnative_Rubrobacter_DATHTK01_SemiBin_9	K02000	LOJNILPA_02139	163.5	2.5e-48	0
EQnative_Rubrobacter_DATHTK01_SemiBin_9	K02000	LOJNILPA_02258	162.9	4e-48	0
EQnative_Rubrobacter_DATHTK01_SemiBin_9	K02000	LOJNILPA_02557	148.4	9.7e-44	0
EQnative_Rubrobacter_DATHTK01_SemiBin_9	K02000	LOJNILPA_01543	146.0	5.1e-43	0
EQnative_Rubrobacter_DATHTK01_SemiBin_9	K02000	LOJNILPA_03343	136.9	3e-40	0
EQnative_Rubrobacter_DATHTK01_SemiBin_9	K02000	LOJNILPA_00978	135.2	9.8e-40	0
EQnative_Rubrobacter_DATHTK01_SemiBin_9	K02000	LOJNILPA_03659	134.9	1.2e-39	0
EQnative_Rubrobacter_DATHTK01_SemiBin_9	K02000	LOJNILPA_00977	131.0	1.8e-38	0
EQnative_Rubrobacter_DATHTK01_SemiBin_9	K02000	LOJNILPA_01427	126.2	5.2e-37	0
EQnative_Rubrobacter_DATHTK01_SemiBin_9	K02000	LOJNILPA_03776	116.7	3.9e-34	0
EQnative_Rubrobacter_DATHTK01_SemiBin_9	K02000	LOJNILPA_02227	114.8	1.5e-33	0
EQnative_Rubrobacter_DATHTK01_SemiBin_9	K02000	LOJNILPA_00437	96.1	6.8e-28	0
EQnative_Rubrobacter_DATHTK01_SemiBin_9	K02000	LOJNILPA_01965	95.0	1.4e-27	0
EQnative_Rubrobacter_DATHTK01_SemiBin_9	K02000	LOJNILPA_03166	93.3	4.8e-27	0
EQnative_Rubrobacter_DATHTK01_SemiBin_9	K02000	LOJNILPA_02588	90.1	4.3e-26	0
EQnative_Rubrobacter_DATHTK01_SemiBin_9	K02000	LOJNILPA_01837	80.6	3.4e-23	0
EQnative_Rubrobacter_DATHTK01_SemiBin_9	K02000	LOJNILPA_00850	69.7	6.4e-20	0
EQnative_Rubrobacter_DATHTK01_SemiBin_9	K02000	LOJNILPA_02035	67.6	2.9e-19	0
EQnative_Rubrobacter_DATHTK01_SemiBin_9	K02000	LOJNILPA_03080	58.9	1.2e-16	0
EQnative_Rubrobacter_DATHTK01_SemiBin_9	K02000	LOJNILPA_03079	51.8	1.7e-14	0
EQnative_Rubrobacter_DATHTK01_SemiBin_9	K02000	LOJNILPA_01197	37.5	3.7e-10	0
EQnative_Rubrobacter_DATHTK01_SemiBin_9	K02000	LOJNILPA_02372	22.9	9.9e-06	0
EQnative_Rubrobacter_DATHTK01_SemiBin_9	K02000	LOJNILPA_02312	20.5	5.1e-05	0
EQnative_Rubrobacter_DATHTK01_SemiBin_9	K02000	LOJNILPA_01605	19.9	7.5e-05	0
EQnative_Rubrobacter_DATHTK01_SemiBin_9	K02000	LOJNILPA_03378	19.3	0.00012	0
EQnative_Rubrobacter_DATHTK01_SemiBin_9	K02000	LOJNILPA_02620	18.3	0.00024	0
EQnative_Rubrobacter_DATHTK01_SemiBin_9	K02000	LOJNILPA_03951	17.2	0.00052	0
EQnative_Rubrobacter_DATHTK01_SemiBin_9	K02000	LOJNILPA_01115	15.3	0.0019	0
EQnative_Rubrobacter_DATHTK01_SemiBin_9	K02000	LOJNILPA_00438	14.4	0.0036	0
EQnative_Rubrobacter_DATHTK01_SemiBin_9	K02001	LOJNILPA_03441	437.1	3.2e-131	1
EQnative_Rubrobacter_DATHTK01_SemiBin_9	K02001	LOJNILPA_04015	225.2	4e-67	0
EQnative_Rubrobacter_DATHTK01_SemiBin_9	K02001	LOJNILPA_03442	160.8	1.2e-47	0
EQnative_Rubrobacter_DATHTK01_SemiBin_9	K02001	LOJNILPA_03443	128.0	1e-37	0
EQnative_Rubrobacter_DATHTK01_SemiBin_9	K02001	LOJNILPA_03566	89.3	4.9e-26	0
EQnative_Rubrobacter_DATHTK01_SemiBin_9	K02001	LOJNILPA_03565	65.8	6.5e-19	0
EQnative_Rubrobacter_DATHTK01_SemiBin_9	K02001	LOJNILPA_02664	43.5	3.5e-12	0
EQnative_Rubrobacter_DATHTK01_SemiBin_9	K02001	LOJNILPA_02688	40.4	3.1e-11	0
EQnative_Rubrobacter_DATHTK01_SemiBin_9	K02001	LOJNILPA_02787	29.3	6.9e-08	0
EQnative_Rubrobacter_DATHTK01_SemiBin_9	K02001	LOJNILPA_00078	23.8	3.2e-06	0
EQnative_Rubrobacter_DATHTK01_SemiBin_9	K02001	LOJNILPA_01158	22.9	6.2e-06	0
EQnative_Rubrobacter_DATHTK01_SemiBin_9	K02001	LOJNILPA_03043	19.9	4.9e-05	0
EQnative_Rubrobacter_DATHTK01_SemiBin_9	K02001	LOJNILPA_03970	19.3	7.3e-05	0
EQnative_Rubrobacter_DATHTK01_SemiBin_9	K02001	LOJNILPA_01157	18.6	0.00012	0
EQnative_Rubrobacter_DATHTK01_SemiBin_9	K02001	LOJNILPA_03969	18.0	0.00018	0
EQnative_Rubrobacter_DATHTK01_SemiBin_9	K02001	LOJNILPA_03715	17.7	0.00023	0
EQnative_Rubrobacter_DATHTK01_SemiBin_9	K02001	LOJNILPA_01769	17.4	0.00028	0
EQnative_Rubrobacter_DATHTK01_SemiBin_9	K02001	LOJNILPA_01541	17.2	0.00031	0
EQnative_Rubrobacter_DATHTK01_SemiBin_9	K02001	LOJNILPA_00878	16.8	0.00043	0
EQnative_Rubrobacter_DATHTK01_SemiBin_9	K02001	LOJNILPA_01898	16.1	0.00067	0
EQnative_Rubrobacter_DATHTK01_SemiBin_9	K02001	LOJNILPA_01542	15.3	0.0012	0
EQnative_Rubrobacter_DATHTK01_SemiBin_9	K02001	LOJNILPA_01320	15.0	0.0015	0
EQnative_Rubrobacter_DATHTK01_SemiBin_9	K02001	LOJNILPA_01939	13.9	0.0031	0
EQnative_Rubrobacter_DATHTK01_SemiBin_9	K02001	LOJNILPA_00570	13.8	0.0035	0
EQnative_Rubrobacter_DATHTK01_SemiBin_9	K02001	LOJNILPA_01289	13.4	0.0045	0
EQnative_Rubrobacter_DATHTK01_SemiBin_9	K02001	LOJNILPA_02788	12.9	0.0066	0
EQnative_Rubrobacter_DATHTK01_SemiBin_9	K02001	LOJNILPA_02689	12.6	0.0078	0
EQnative_Rubrobacter_DATHTK01_SemiBin_9	K02001	LOJNILPA_02300	11.9	0.013	0
EQnative_Rubrobacter_DATHTK01_SemiBin_9	K02001	LOJNILPA_03342	10.5	0.033	0
EQnative_Rubrobacter_DATHTK01_SemiBin_9	K02001	LOJNILPA_00717	10.5	0.035	0
EQnative_Rubrobacter_DATHTK01_SemiBin_9	K02001	LOJNILPA_00173	10.4	0.035	0
EQnative_Rubrobacter_DATHTK01_SemiBin_9	K02001	LOJNILPA_02467	6.3	0.64	0
EQnative_Rubrobacter_DATHTK01_SemiBin_9	K02001	LOJNILPA_01899	5.2	1.4	0
EQnative_Rubrobacter_DATHTK01_SemiBin_9	K02001	LOJNILPA_01770	3.9	3.3	0
EQnative_Rubrobacter_DATHTK01_SemiBin_9	K02001	LOJNILPA_01831	3.2	5.4	0
EQnative_Rubrobacter_DATHTK01_SemiBin_9	K02002	LOJNILPA_04015	335.2	1.6e-100	1
EQnative_Rubrobacter_DATHTK01_SemiBin_9	K02002	LOJNILPA_03442	262.0	2.2e-78	1
EQnative_Rubrobacter_DATHTK01_SemiBin_9	K02002	LOJNILPA_03443	249.3	1.6e-74	1
EQnative_Rubrobacter_DATHTK01_SemiBin_9	K02002	LOJNILPA_03441	209.9	1.4e-62	1
EQnative_Rubrobacter_DATHTK01_SemiBin_9	K02002	LOJNILPA_03564	48.1	1.4e-13	0
EQnative_Rubrobacter_DATHTK01_SemiBin_9	K02002	LOJNILPA_03715	47.9	1.6e-13	0
EQnative_Rubrobacter_DATHTK01_SemiBin_9	K02002	LOJNILPA_01290	25.8	7.7e-07	0
EQnative_Rubrobacter_DATHTK01_SemiBin_9	K02002	LOJNILPA_03566	25.0	1.4e-06	0
EQnative_Rubrobacter_DATHTK01_SemiBin_9	K02002	LOJNILPA_03565	18.0	0.00018	0
EQnative_Rubrobacter_DATHTK01_SemiBin_9	K02002	LOJNILPA_02688	14.5	0.0021	0
EQnative_Rubrobacter_DATHTK01_SemiBin_9	K02002	LOJNILPA_00699	8.0	0.19	0
EQnative_Rubrobacter_DATHTK01_SemiBin_9	K02779	LOJNILPA_04120	516.4	2.7e-155	0
EQnative_Rubrobacter_DATHTK01_SemiBin_9	K01226	LOJNILPA_02381	284.6	4.1e-85	0
EQnative_Rubrobacter_DATHTK01_SemiBin_9	K01226	LOJNILPA_01585	197.4	1.1e-58	0
EQnative_Rubrobacter_DATHTK01_SemiBin_9	K01226	LOJNILPA_03651	175.2	5.7e-52	0
EQnative_Rubrobacter_DATHTK01_SemiBin_9	K01226	LOJNILPA_00566	40.7	3e-11	0
EQnative_Rubrobacter_DATHTK01_SemiBin_9	K01226	LOJNILPA_00567	27.7	2.7e-07	0
EQnative_Rubrobacter_DATHTK01_SemiBin_9	K01226	LOJNILPA_01182	24.6	2.3e-06	0
EQnative_Rubrobacter_DATHTK01_SemiBin_9	K01226	LOJNILPA_01586	23.7	4.3e-06	0
EQnative_Rubrobacter_DATHTK01_SemiBin_9	K01226	LOJNILPA_01699	14.6	0.0026	0
EQnative_Rubrobacter_DATHTK01_SemiBin_9	K03486	LOJNILPA_02600	121.6	8.6e-36	0
EQnative_Rubrobacter_DATHTK01_SemiBin_9	K03486	LOJNILPA_00167	114.8	1e-33	0
EQnative_Rubrobacter_DATHTK01_SemiBin_9	K03486	LOJNILPA_02366	101.6	1.1e-29	0
EQnative_Rubrobacter_DATHTK01_SemiBin_9	K03486	LOJNILPA_01510	69.3	8.1e-20	0
EQnative_Rubrobacter_DATHTK01_SemiBin_9	K03486	LOJNILPA_02582	45.2	1.9e-12	0
EQnative_Rubrobacter_DATHTK01_SemiBin_9	K03486	LOJNILPA_00553	45.1	2.1e-12	0
EQnative_Rubrobacter_DATHTK01_SemiBin_9	K03486	LOJNILPA_03742	35.4	1.9e-09	0
EQnative_Rubrobacter_DATHTK01_SemiBin_9	K03486	LOJNILPA_00971	31.4	3.2e-08	0
EQnative_Rubrobacter_DATHTK01_SemiBin_9	K03486	LOJNILPA_00159	19.5	0.00013	0
EQnative_Rubrobacter_DATHTK01_SemiBin_9	K03486	LOJNILPA_01534	10.9	0.059	0
EQnative_Rubrobacter_JALYGY01_SemiBin_234	K00697	NAKGIIHA_02681	472.1	6.1e-142	0
EQnative_Rubrobacter_JALYGY01_SemiBin_234	K00697	NAKGIIHA_02680	19.4	7.9e-05	0
EQnative_Rubrobacter_JALYGY01_SemiBin_234	K00697	NAKGIIHA_01615	13.2	0.0057	0
EQnative_Rubrobacter_JALYGY01_SemiBin_234	K01087	NAKGIIHA_02687	206.6	1.5e-61	1
EQnative_Rubrobacter_JALYGY01_SemiBin_234	K01087	NAKGIIHA_01592	24.1	4e-06	0
EQnative_Rubrobacter_JALYGY01_SemiBin_234	K01087	NAKGIIHA_02527	14.0	0.0044	0
EQnative_Rubrobacter_JALYGY01_SemiBin_234	K05343	NAKGIIHA_00382	1359.6	0.0	1
EQnative_Rubrobacter_JALYGY01_SemiBin_234	K05343	NAKGIIHA_00377	444.0	3.1e-133	0
EQnative_Rubrobacter_JALYGY01_SemiBin_234	K05343	NAKGIIHA_00379	75.0	9.1e-22	0
EQnative_Rubrobacter_JALYGY01_SemiBin_234	K05343	NAKGIIHA_00380	53.7	2.5e-15	0
EQnative_Rubrobacter_JALYGY01_SemiBin_234	K05343	NAKGIIHA_00383	41.7	1.1e-11	0
EQnative_Rubrobacter_JALYGY01_SemiBin_234	K05343	NAKGIIHA_00378	31.3	1.5e-08	0
EQnative_Rubrobacter_JALYGY01_SemiBin_234	K05343	NAKGIIHA_00381	25.8	6.9e-07	0
EQnative_Rubrobacter_JALYGY01_SemiBin_234	K05343	NAKGIIHA_04491	10.5	0.029	0
EQnative_Rubrobacter_JALYGY01_SemiBin_234	K06044	NAKGIIHA_00378	1257.7	0.0	1
EQnative_Rubrobacter_JALYGY01_SemiBin_234	K06044	NAKGIIHA_03525	186.3	2.1e-55	0
EQnative_Rubrobacter_JALYGY01_SemiBin_234	K06044	NAKGIIHA_00377	71.6	8.3e-21	0
EQnative_Rubrobacter_JALYGY01_SemiBin_234	K06044	NAKGIIHA_00379	35.8	5.3e-10	0
EQnative_Rubrobacter_JALYGY01_SemiBin_234	K06044	NAKGIIHA_00382	35.0	9.4e-10	0
EQnative_Rubrobacter_JALYGY01_SemiBin_234	K06044	NAKGIIHA_00381	25.2	8.6e-07	0
EQnative_Rubrobacter_JALYGY01_SemiBin_234	K06044	NAKGIIHA_00383	15.0	0.00099	0
EQnative_Rubrobacter_JALYGY01_SemiBin_234	K06044	NAKGIIHA_00380	14.5	0.0014	0
EQnative_Rubrobacter_JALYGY01_SemiBin_234	K01236	NAKGIIHA_00379	800.5	4.5e-241	1
EQnative_Rubrobacter_JALYGY01_SemiBin_234	K01236	NAKGIIHA_00381	222.3	3e-66	0
EQnative_Rubrobacter_JALYGY01_SemiBin_234	K01236	NAKGIIHA_00380	183.0	2.3e-54	0
EQnative_Rubrobacter_JALYGY01_SemiBin_234	K01236	NAKGIIHA_00382	137.0	1.9e-40	0
EQnative_Rubrobacter_JALYGY01_SemiBin_234	K01236	NAKGIIHA_00377	115.6	5.4e-34	0
EQnative_Rubrobacter_JALYGY01_SemiBin_234	K01236	NAKGIIHA_00378	35.8	7.5e-10	0
EQnative_Rubrobacter_JALYGY01_SemiBin_234	K01236	NAKGIIHA_00383	34.1	2.4e-09	0
EQnative_Rubrobacter_JALYGY01_SemiBin_234	K13057	NAKGIIHA_02680	531.2	3.7e-160	1
EQnative_Rubrobacter_JALYGY01_SemiBin_234	K13057	NAKGIIHA_01615	90.5	2.1e-26	0
EQnative_Rubrobacter_JALYGY01_SemiBin_234	K13057	NAKGIIHA_01589	88.2	1.1e-25	0
EQnative_Rubrobacter_JALYGY01_SemiBin_234	K13057	NAKGIIHA_03567	83.2	3.5e-24	0
EQnative_Rubrobacter_JALYGY01_SemiBin_234	K13057	NAKGIIHA_02216	54.0	2.6e-15	0
EQnative_Rubrobacter_JALYGY01_SemiBin_234	K13057	NAKGIIHA_00418	53.8	3e-15	0
EQnative_Rubrobacter_JALYGY01_SemiBin_234	K13057	NAKGIIHA_02217	50.0	4.2e-14	0
EQnative_Rubrobacter_JALYGY01_SemiBin_234	K13057	NAKGIIHA_01675	48.2	1.4e-13	0
EQnative_Rubrobacter_JALYGY01_SemiBin_234	K13057	NAKGIIHA_03293	45.3	1.1e-12	0
EQnative_Rubrobacter_JALYGY01_SemiBin_234	K13057	NAKGIIHA_03574	34.4	2.2e-09	0
EQnative_Rubrobacter_JALYGY01_SemiBin_234	K13057	NAKGIIHA_04183	31.2	2.1e-08	0
EQnative_Rubrobacter_JALYGY01_SemiBin_234	K13057	NAKGIIHA_01785	31.1	2.2e-08	0
EQnative_Rubrobacter_JALYGY01_SemiBin_234	K13057	NAKGIIHA_01590	29.3	8e-08	0
EQnative_Rubrobacter_JALYGY01_SemiBin_234	K13057	NAKGIIHA_03292	9.8	0.063	0
EQnative_Rubrobacter_JALYGY01_SemiBin_234	K00108	NAKGIIHA_01700	63.9	1.9e-18	0
EQnative_Rubrobacter_JALYGY01_SemiBin_234	K00108	NAKGIIHA_02666	47.3	2e-13	0
EQnative_Rubrobacter_JALYGY01_SemiBin_234	K00108	NAKGIIHA_04020	44.7	1.3e-12	0
EQnative_Rubrobacter_JALYGY01_SemiBin_234	K00108	NAKGIIHA_03647	42.4	6e-12	0
EQnative_Rubrobacter_JALYGY01_SemiBin_234	K00108	NAKGIIHA_04337	19.1	7e-05	0
EQnative_Rubrobacter_JALYGY01_SemiBin_234	K00108	NAKGIIHA_00538	15.2	0.001	0
EQnative_Rubrobacter_JALYGY01_SemiBin_234	K00108	NAKGIIHA_02297	11.6	0.012	0
EQnative_Rubrobacter_JALYGY01_SemiBin_234	K00108	NAKGIIHA_01044	11.0	0.02	0
EQnative_Rubrobacter_JALYGY01_SemiBin_234	K00108	NAKGIIHA_01177	10.1	0.036	0
EQnative_Rubrobacter_JALYGY01_SemiBin_234	K00108	NAKGIIHA_02361	9.9	0.041	0
EQnative_Rubrobacter_JALYGY01_SemiBin_234	K00108	NAKGIIHA_03738	9.7	0.047	0
EQnative_Rubrobacter_JALYGY01_SemiBin_234	K00108	NAKGIIHA_00067	9.7	0.049	0
EQnative_Rubrobacter_JALYGY01_SemiBin_234	K00108	NAKGIIHA_01202	9.4	0.058	0
EQnative_Rubrobacter_JALYGY01_SemiBin_234	K00130	NAKGIIHA_01203	677.5	3.7e-204	0
EQnative_Rubrobacter_JALYGY01_SemiBin_234	K00130	NAKGIIHA_01376	652.5	1.3e-196	0
EQnative_Rubrobacter_JALYGY01_SemiBin_234	K00130	NAKGIIHA_03123	625.0	2.9e-188	0
EQnative_Rubrobacter_JALYGY01_SemiBin_234	K00130	NAKGIIHA_02665	574.6	5.2e-173	0
EQnative_Rubrobacter_JALYGY01_SemiBin_234	K00130	NAKGIIHA_00189	564.8	4.9e-170	0
EQnative_Rubrobacter_JALYGY01_SemiBin_234	K00130	NAKGIIHA_00201	559.8	1.6e-168	0
EQnative_Rubrobacter_JALYGY01_SemiBin_234	K00130	NAKGIIHA_01200	557.9	5.9e-168	0
EQnative_Rubrobacter_JALYGY01_SemiBin_234	K00130	NAKGIIHA_03163	521.7	5.7e-157	0
EQnative_Rubrobacter_JALYGY01_SemiBin_234	K00130	NAKGIIHA_02180	514.3	9.9e-155	0
EQnative_Rubrobacter_JALYGY01_SemiBin_234	K00130	NAKGIIHA_03914	504.4	9.5e-152	0
EQnative_Rubrobacter_JALYGY01_SemiBin_234	K00130	NAKGIIHA_02306	484.6	9.7e-146	0
EQnative_Rubrobacter_JALYGY01_SemiBin_234	K00130	NAKGIIHA_04647	459.3	4.5e-138	0
EQnative_Rubrobacter_JALYGY01_SemiBin_234	K00130	NAKGIIHA_02137	449.0	5.7e-135	0
EQnative_Rubrobacter_JALYGY01_SemiBin_234	K00130	NAKGIIHA_02447	446.7	2.9e-134	0
EQnative_Rubrobacter_JALYGY01_SemiBin_234	K00130	NAKGIIHA_01212	433.7	2.5e-130	0
EQnative_Rubrobacter_JALYGY01_SemiBin_234	K00130	NAKGIIHA_01064	400.8	2.3e-120	0
EQnative_Rubrobacter_JALYGY01_SemiBin_234	K00130	NAKGIIHA_01214	391.9	1.1e-117	0
EQnative_Rubrobacter_JALYGY01_SemiBin_234	K00499	NAKGIIHA_04669	15.9	0.0011	0
EQnative_Rubrobacter_JALYGY01_SemiBin_234	K00499	NAKGIIHA_02106	14.9	0.0021	0
EQnative_Rubrobacter_JALYGY01_SemiBin_234	K00499	NAKGIIHA_01929	11.1	0.031	0
EQnative_Rubrobacter_JALYGY01_SemiBin_234	K17755	NAKGIIHA_02666	46.5	5.8e-13	0
EQnative_Rubrobacter_JALYGY01_SemiBin_234	K17755	NAKGIIHA_01700	44.0	3.2e-12	0
EQnative_Rubrobacter_JALYGY01_SemiBin_234	K17755	NAKGIIHA_04020	35.8	9.8e-10	0
EQnative_Rubrobacter_JALYGY01_SemiBin_234	K17755	NAKGIIHA_03647	34.4	2.8e-09	0
EQnative_Rubrobacter_JALYGY01_SemiBin_234	K17755	NAKGIIHA_04337	15.2	0.0018	0
EQnative_Rubrobacter_JALYGY01_SemiBin_234	K17755	NAKGIIHA_00538	12.3	0.013	0
EQnative_Rubrobacter_JALYGY01_SemiBin_234	K17756	NAKGIIHA_01700	472.7	6.5e-142	1
EQnative_Rubrobacter_JALYGY01_SemiBin_234	K17756	NAKGIIHA_04020	109.8	3.2e-32	0
EQnative_Rubrobacter_JALYGY01_SemiBin_234	K17756	NAKGIIHA_02666	92.9	4.2e-27	0
EQnative_Rubrobacter_JALYGY01_SemiBin_234	K17756	NAKGIIHA_03647	62.9	5e-18	0
EQnative_Rubrobacter_JALYGY01_SemiBin_234	K17756	NAKGIIHA_01202	20.8	2.6e-05	0
EQnative_Rubrobacter_JALYGY01_SemiBin_234	K17756	NAKGIIHA_03969	16.6	0.0005	0
EQnative_Rubrobacter_JALYGY01_SemiBin_234	K17756	NAKGIIHA_01789	13.3	0.0049	0
EQnative_Rubrobacter_JALYGY01_SemiBin_234	K17756	NAKGIIHA_00463	12.4	0.0091	0
EQnative_Rubrobacter_JALYGY01_SemiBin_234	K17756	NAKGIIHA_01195	11.7	0.014	0
EQnative_Rubrobacter_JALYGY01_SemiBin_234	K17756	NAKGIIHA_03393	11.6	0.016	0
EQnative_Rubrobacter_JALYGY01_SemiBin_234	K17756	NAKGIIHA_04118	11.3	0.019	0
EQnative_Rubrobacter_JALYGY01_SemiBin_234	K17756	NAKGIIHA_02361	10.4	0.036	0
EQnative_Rubrobacter_JALYGY01_SemiBin_234	K17756	NAKGIIHA_02884	10.3	0.04	0
EQnative_Rubrobacter_JALYGY01_SemiBin_234	K17756	NAKGIIHA_02091	10.3	0.04	0
EQnative_Rubrobacter_JALYGY01_SemiBin_234	K17756	NAKGIIHA_04085	9.9	0.053	0
EQnative_Rubrobacter_JALYGY01_SemiBin_234	K17756	NAKGIIHA_01215	9.8	0.057	0
EQnative_Rubrobacter_JALYGY01_SemiBin_234	K17756	NAKGIIHA_00543	9.7	0.06	0
EQnative_Rubrobacter_JALYGY01_SemiBin_234	K17756	NAKGIIHA_01177	9.2	0.082	0
EQnative_Rubrobacter_JALYGY01_SemiBin_234	K17756	NAKGIIHA_04337	9.1	0.09	0
EQnative_Rubrobacter_JALYGY01_SemiBin_234	K17756	NAKGIIHA_01450	8.7	0.12	0
EQnative_Rubrobacter_JALYGY01_SemiBin_234	K17756	NAKGIIHA_04483	5.9	0.85	0
EQnative_Rubrobacter_JALYGY01_SemiBin_234	K06718	NAKGIIHA_00437	29.8	9.1e-08	0
EQnative_Rubrobacter_JALYGY01_SemiBin_234	K06718	NAKGIIHA_00887	29.8	9.4e-08	0
EQnative_Rubrobacter_JALYGY01_SemiBin_234	K06718	NAKGIIHA_00523	25.6	1.8e-06	0
EQnative_Rubrobacter_JALYGY01_SemiBin_234	K06718	NAKGIIHA_04061	22.3	1.8e-05	0
EQnative_Rubrobacter_JALYGY01_SemiBin_234	K06718	NAKGIIHA_02336	19.4	0.00014	0
EQnative_Rubrobacter_JALYGY01_SemiBin_234	K06718	NAKGIIHA_02150	19.0	0.00018	0
EQnative_Rubrobacter_JALYGY01_SemiBin_234	K06718	NAKGIIHA_00721	18.8	0.00022	0
EQnative_Rubrobacter_JALYGY01_SemiBin_234	K06718	NAKGIIHA_01901	18.1	0.00034	0
EQnative_Rubrobacter_JALYGY01_SemiBin_234	K06718	NAKGIIHA_02335	14.9	0.0033	0
EQnative_Rubrobacter_JALYGY01_SemiBin_234	K06718	NAKGIIHA_02654	12.8	0.014	0
EQnative_Rubrobacter_JALYGY01_SemiBin_234	K06718	NAKGIIHA_00101	11.9	0.028	0
EQnative_Rubrobacter_JALYGY01_SemiBin_234	K06718	NAKGIIHA_03323	11.6	0.034	0
EQnative_Rubrobacter_JALYGY01_SemiBin_234	K06718	NAKGIIHA_04397	11.2	0.044	0
EQnative_Rubrobacter_JALYGY01_SemiBin_234	K06720	NAKGIIHA_01883	19.2	0.00025	0
EQnative_Rubrobacter_JALYGY01_SemiBin_234	K06720	NAKGIIHA_03401	17.1	0.0011	0
EQnative_Rubrobacter_JALYGY01_SemiBin_234	K06720	NAKGIIHA_03978	15.7	0.003	0
EQnative_Rubrobacter_JALYGY01_SemiBin_234	K06720	NAKGIIHA_02504	15.1	0.0047	0
EQnative_Rubrobacter_JALYGY01_SemiBin_234	K01858	NAKGIIHA_01616	430.5	3.1e-129	1
EQnative_Rubrobacter_JALYGY01_SemiBin_234	K05845	NAKGIIHA_03256	354.1	3.3e-106	1
EQnative_Rubrobacter_JALYGY01_SemiBin_234	K05845	NAKGIIHA_02293	23.3	6.5e-06	0
EQnative_Rubrobacter_JALYGY01_SemiBin_234	K05845	NAKGIIHA_03209	15.9	0.0012	0
EQnative_Rubrobacter_JALYGY01_SemiBin_234	K05845	NAKGIIHA_03725	14.6	0.0028	0
EQnative_Rubrobacter_JALYGY01_SemiBin_234	K05845	NAKGIIHA_02292	11.9	0.018	0
EQnative_Rubrobacter_JALYGY01_SemiBin_234	K05845	NAKGIIHA_03255	11.0	0.035	0
EQnative_Rubrobacter_JALYGY01_SemiBin_234	K05845	NAKGIIHA_02291	9.3	0.12	0
EQnative_Rubrobacter_JALYGY01_SemiBin_234	K05845	NAKGIIHA_04263	8.9	0.16	0
EQnative_Rubrobacter_JALYGY01_SemiBin_234	K05846	NAKGIIHA_03254	269.7	1e-80	1
EQnative_Rubrobacter_JALYGY01_SemiBin_234	K05846	NAKGIIHA_03255	255.8	1.7e-76	1
EQnative_Rubrobacter_JALYGY01_SemiBin_234	K05846	NAKGIIHA_02290	164.0	1.3e-48	0
EQnative_Rubrobacter_JALYGY01_SemiBin_234	K05846	NAKGIIHA_01473	78.9	8.9e-23	0
EQnative_Rubrobacter_JALYGY01_SemiBin_234	K05846	NAKGIIHA_03210	66.7	4.3e-19	0
EQnative_Rubrobacter_JALYGY01_SemiBin_234	K05846	NAKGIIHA_04264	59.9	5.2e-17	0
EQnative_Rubrobacter_JALYGY01_SemiBin_234	K05846	NAKGIIHA_04266	50.5	3.6e-14	0
EQnative_Rubrobacter_JALYGY01_SemiBin_234	K05846	NAKGIIHA_01472	47.9	2.3e-13	0
EQnative_Rubrobacter_JALYGY01_SemiBin_234	K05846	NAKGIIHA_01199	39.1	1e-10	0
EQnative_Rubrobacter_JALYGY01_SemiBin_234	K05846	NAKGIIHA_02514	32.3	1.2e-08	0
EQnative_Rubrobacter_JALYGY01_SemiBin_234	K05846	NAKGIIHA_03042	30.8	3.5e-08	0
EQnative_Rubrobacter_JALYGY01_SemiBin_234	K05846	NAKGIIHA_01198	29.2	1.1e-07	0
EQnative_Rubrobacter_JALYGY01_SemiBin_234	K05846	NAKGIIHA_01527	29.1	1.2e-07	0
EQnative_Rubrobacter_JALYGY01_SemiBin_234	K05846	NAKGIIHA_02720	28.9	1.3e-07	0
EQnative_Rubrobacter_JALYGY01_SemiBin_234	K05846	NAKGIIHA_01526	28.8	1.5e-07	0
EQnative_Rubrobacter_JALYGY01_SemiBin_234	K05846	NAKGIIHA_02804	28.8	1.5e-07	0
EQnative_Rubrobacter_JALYGY01_SemiBin_234	K05846	NAKGIIHA_01115	26.3	8.4e-07	0
EQnative_Rubrobacter_JALYGY01_SemiBin_234	K05846	NAKGIIHA_04367	25.6	1.3e-06	0
EQnative_Rubrobacter_JALYGY01_SemiBin_234	K05846	NAKGIIHA_03724	25.6	1.4e-06	0
EQnative_Rubrobacter_JALYGY01_SemiBin_234	K05846	NAKGIIHA_04431	25.1	1.9e-06	0
EQnative_Rubrobacter_JALYGY01_SemiBin_234	K05846	NAKGIIHA_04051	25.0	2e-06	0
EQnative_Rubrobacter_JALYGY01_SemiBin_234	K05846	NAKGIIHA_04052	23.7	5e-06	0
EQnative_Rubrobacter_JALYGY01_SemiBin_234	K05846	NAKGIIHA_03519	23.1	7.8e-06	0
EQnative_Rubrobacter_JALYGY01_SemiBin_234	K05846	NAKGIIHA_02115	23.0	8.3e-06	0
EQnative_Rubrobacter_JALYGY01_SemiBin_234	K05846	NAKGIIHA_02075	22.7	1e-05	0
EQnative_Rubrobacter_JALYGY01_SemiBin_234	K05846	NAKGIIHA_03690	22.3	1.3e-05	0
EQnative_Rubrobacter_JALYGY01_SemiBin_234	K05846	NAKGIIHA_02076	22.1	1.5e-05	0
EQnative_Rubrobacter_JALYGY01_SemiBin_234	K05846	NAKGIIHA_03549	21.4	2.5e-05	0
EQnative_Rubrobacter_JALYGY01_SemiBin_234	K05846	NAKGIIHA_03861	20.4	5.1e-05	0
EQnative_Rubrobacter_JALYGY01_SemiBin_234	K05846	NAKGIIHA_01298	20.0	6.5e-05	0
EQnative_Rubrobacter_JALYGY01_SemiBin_234	K05846	NAKGIIHA_02450	20.0	6.8e-05	0
EQnative_Rubrobacter_JALYGY01_SemiBin_234	K05846	NAKGIIHA_00451	19.9	7e-05	0
EQnative_Rubrobacter_JALYGY01_SemiBin_234	K05846	NAKGIIHA_03545	18.7	0.00017	0
EQnative_Rubrobacter_JALYGY01_SemiBin_234	K05846	NAKGIIHA_01056	17.9	0.0003	0
EQnative_Rubrobacter_JALYGY01_SemiBin_234	K05846	NAKGIIHA_00456	17.7	0.00034	0
EQnative_Rubrobacter_JALYGY01_SemiBin_234	K05846	NAKGIIHA_00467	17.6	0.00036	0
EQnative_Rubrobacter_JALYGY01_SemiBin_234	K05846	NAKGIIHA_01055	17.4	0.00042	0
EQnative_Rubrobacter_JALYGY01_SemiBin_234	K05846	NAKGIIHA_01977	16.1	0.0011	0
EQnative_Rubrobacter_JALYGY01_SemiBin_234	K05846	NAKGIIHA_00316	15.2	0.0019	0
EQnative_Rubrobacter_JALYGY01_SemiBin_234	K05846	NAKGIIHA_00548	15.2	0.0019	0
EQnative_Rubrobacter_JALYGY01_SemiBin_234	K05846	NAKGIIHA_00466	14.6	0.0028	0
EQnative_Rubrobacter_JALYGY01_SemiBin_234	K05846	NAKGIIHA_00452	13.7	0.0053	0
EQnative_Rubrobacter_JALYGY01_SemiBin_234	K05846	NAKGIIHA_00472	13.6	0.0058	0
EQnative_Rubrobacter_JALYGY01_SemiBin_234	K05846	NAKGIIHA_00317	13.3	0.0073	0
EQnative_Rubrobacter_JALYGY01_SemiBin_234	K05846	NAKGIIHA_02515	13.1	0.0081	0
EQnative_Rubrobacter_JALYGY01_SemiBin_234	K05846	NAKGIIHA_04489	12.4	0.013	0
EQnative_Rubrobacter_JALYGY01_SemiBin_234	K05846	NAKGIIHA_01980	12.3	0.015	0
EQnative_Rubrobacter_JALYGY01_SemiBin_234	K05846	NAKGIIHA_01454	11.8	0.02	0
EQnative_Rubrobacter_JALYGY01_SemiBin_234	K05846	NAKGIIHA_03691	11.5	0.025	0
EQnative_Rubrobacter_JALYGY01_SemiBin_234	K05846	NAKGIIHA_04201	11.5	0.025	0
EQnative_Rubrobacter_JALYGY01_SemiBin_234	K05846	NAKGIIHA_03550	11.2	0.032	0
EQnative_Rubrobacter_JALYGY01_SemiBin_234	K05846	NAKGIIHA_02803	11.1	0.033	0
EQnative_Rubrobacter_JALYGY01_SemiBin_234	K05846	NAKGIIHA_01976	10.8	0.042	0
EQnative_Rubrobacter_JALYGY01_SemiBin_234	K05846	NAKGIIHA_02129	10.1	0.07	0
EQnative_Rubrobacter_JALYGY01_SemiBin_234	K05846	NAKGIIHA_01497	9.5	0.11	0
EQnative_Rubrobacter_JALYGY01_SemiBin_234	K05846	NAKGIIHA_04202	8.7	0.17	0
EQnative_Rubrobacter_JALYGY01_SemiBin_234	K05846	NAKGIIHA_01299	8.7	0.18	0
EQnative_Rubrobacter_JALYGY01_SemiBin_234	K05846	NAKGIIHA_01453	7.8	0.33	0
EQnative_Rubrobacter_JALYGY01_SemiBin_234	K05846	NAKGIIHA_03546	7.8	0.34	0
EQnative_Rubrobacter_JALYGY01_SemiBin_234	K05846	NAKGIIHA_01114	7.6	0.37	0
EQnative_Rubrobacter_JALYGY01_SemiBin_234	K05846	NAKGIIHA_03043	7.6	0.4	0
EQnative_Rubrobacter_JALYGY01_SemiBin_234	K05846	NAKGIIHA_04368	7.5	0.4	0
EQnative_Rubrobacter_JALYGY01_SemiBin_234	K05846	NAKGIIHA_00717	6.5	0.82	0
EQnative_Rubrobacter_JALYGY01_SemiBin_234	K05846	NAKGIIHA_00547	4.6	3.1	0
EQnative_Rubrobacter_JALYGY01_SemiBin_234	K05846	NAKGIIHA_02011	4.3	3.8	0
EQnative_Rubrobacter_JALYGY01_SemiBin_234	K05846	NAKGIIHA_02114	3.8	5.5	0
EQnative_Rubrobacter_JALYGY01_SemiBin_234	K05846	NAKGIIHA_02128	3.4	7.4	0
EQnative_Rubrobacter_JALYGY01_SemiBin_234	K05847	NAKGIIHA_03253	474.0	1.2e-142	1
EQnative_Rubrobacter_JALYGY01_SemiBin_234	K05847	NAKGIIHA_04708	328.3	2.1e-98	0
EQnative_Rubrobacter_JALYGY01_SemiBin_234	K05847	NAKGIIHA_02289	323.1	8.1e-97	0
EQnative_Rubrobacter_JALYGY01_SemiBin_234	K05847	NAKGIIHA_01196	298.7	2.1e-89	0
EQnative_Rubrobacter_JALYGY01_SemiBin_234	K05847	NAKGIIHA_02801	289.8	1.1e-86	0
EQnative_Rubrobacter_JALYGY01_SemiBin_234	K05847	NAKGIIHA_03211	282.7	1.4e-84	0
EQnative_Rubrobacter_JALYGY01_SemiBin_234	K05847	NAKGIIHA_03729	267.0	8.4e-80	0
EQnative_Rubrobacter_JALYGY01_SemiBin_234	K05847	NAKGIIHA_01716	253.3	1.3e-75	0
EQnative_Rubrobacter_JALYGY01_SemiBin_234	K05847	NAKGIIHA_01296	251.9	3.3e-75	0
EQnative_Rubrobacter_JALYGY01_SemiBin_234	K05847	NAKGIIHA_04265	249.0	2.5e-74	0
EQnative_Rubrobacter_JALYGY01_SemiBin_234	K05847	NAKGIIHA_01474	242.1	3.1e-72	0
EQnative_Rubrobacter_JALYGY01_SemiBin_234	K05847	NAKGIIHA_02662	230.5	1e-68	0
EQnative_Rubrobacter_JALYGY01_SemiBin_234	K05847	NAKGIIHA_02950	229.0	3e-68	0
EQnative_Rubrobacter_JALYGY01_SemiBin_234	K05847	NAKGIIHA_01974	226.4	1.9e-67	0
EQnative_Rubrobacter_JALYGY01_SemiBin_234	K05847	NAKGIIHA_02140	221.9	4.3e-66	0
EQnative_Rubrobacter_JALYGY01_SemiBin_234	K05847	NAKGIIHA_01465	221.0	8e-66	0
EQnative_Rubrobacter_JALYGY01_SemiBin_234	K05847	NAKGIIHA_02245	220.8	9.1e-66	0
EQnative_Rubrobacter_JALYGY01_SemiBin_234	K05847	NAKGIIHA_01297	218.2	5.8e-65	0
EQnative_Rubrobacter_JALYGY01_SemiBin_234	K05847	NAKGIIHA_02007	214.0	1.1e-63	0
EQnative_Rubrobacter_JALYGY01_SemiBin_234	K05847	NAKGIIHA_01495	210.6	1.1e-62	0
EQnative_Rubrobacter_JALYGY01_SemiBin_234	K05847	NAKGIIHA_01862	208.4	5.6e-62	0
EQnative_Rubrobacter_JALYGY01_SemiBin_234	K05847	NAKGIIHA_03304	204.2	1e-60	0
EQnative_Rubrobacter_JALYGY01_SemiBin_234	K05847	NAKGIIHA_04283	200.8	1.1e-59	0
EQnative_Rubrobacter_JALYGY01_SemiBin_234	K05847	NAKGIIHA_03354	198.7	4.8e-59	0
EQnative_Rubrobacter_JALYGY01_SemiBin_234	K05847	NAKGIIHA_00544	197.8	8.8e-59	0
EQnative_Rubrobacter_JALYGY01_SemiBin_234	K05847	NAKGIIHA_04013	194.5	9.4e-58	0
EQnative_Rubrobacter_JALYGY01_SemiBin_234	K05847	NAKGIIHA_02350	190.7	1.3e-56	0
EQnative_Rubrobacter_JALYGY01_SemiBin_234	K05847	NAKGIIHA_04050	181.4	8.4e-54	0
EQnative_Rubrobacter_JALYGY01_SemiBin_234	K05847	NAKGIIHA_00405	173.7	1.9e-51	0
EQnative_Rubrobacter_JALYGY01_SemiBin_234	K05847	NAKGIIHA_00946	172.9	3.4e-51	0
EQnative_Rubrobacter_JALYGY01_SemiBin_234	K05847	NAKGIIHA_00431	171.4	9.3e-51	0
EQnative_Rubrobacter_JALYGY01_SemiBin_234	K05847	NAKGIIHA_03584	170.8	1.4e-50	0
EQnative_Rubrobacter_JALYGY01_SemiBin_234	K05847	NAKGIIHA_01496	168.6	6.6e-50	0
EQnative_Rubrobacter_JALYGY01_SemiBin_234	K05847	NAKGIIHA_00773	167.8	1.2e-49	0
EQnative_Rubrobacter_JALYGY01_SemiBin_234	K05847	NAKGIIHA_04284	164.4	1.3e-48	0
EQnative_Rubrobacter_JALYGY01_SemiBin_234	K05847	NAKGIIHA_00545	162.8	3.8e-48	0
EQnative_Rubrobacter_JALYGY01_SemiBin_234	K05847	NAKGIIHA_02756	160.1	2.5e-47	0
EQnative_Rubrobacter_JALYGY01_SemiBin_234	K05847	NAKGIIHA_00774	159.8	3.3e-47	0
EQnative_Rubrobacter_JALYGY01_SemiBin_234	K05847	NAKGIIHA_04418	158.2	9.4e-47	0
EQnative_Rubrobacter_JALYGY01_SemiBin_234	K05847	NAKGIIHA_00251	154.3	1.5e-45	0
EQnative_Rubrobacter_JALYGY01_SemiBin_234	K05847	NAKGIIHA_01975	150.6	1.9e-44	0
EQnative_Rubrobacter_JALYGY01_SemiBin_234	K05847	NAKGIIHA_03454	147.1	2.3e-43	0
EQnative_Rubrobacter_JALYGY01_SemiBin_234	K05847	NAKGIIHA_04171	144.0	1.9e-42	0
EQnative_Rubrobacter_JALYGY01_SemiBin_234	K05847	NAKGIIHA_02757	138.1	1.3e-40	0
EQnative_Rubrobacter_JALYGY01_SemiBin_234	K05847	NAKGIIHA_00884	136.8	3.2e-40	0
EQnative_Rubrobacter_JALYGY01_SemiBin_234	K05847	NAKGIIHA_03169	136.6	3.5e-40	0
EQnative_Rubrobacter_JALYGY01_SemiBin_234	K05847	NAKGIIHA_00940	132.4	6.5e-39	0
EQnative_Rubrobacter_JALYGY01_SemiBin_234	K05847	NAKGIIHA_03433	125.9	6.2e-37	0
EQnative_Rubrobacter_JALYGY01_SemiBin_234	K05847	NAKGIIHA_01285	125.2	1.1e-36	0
EQnative_Rubrobacter_JALYGY01_SemiBin_234	K05847	NAKGIIHA_00275	114.6	1.7e-33	0
EQnative_Rubrobacter_JALYGY01_SemiBin_234	K05847	NAKGIIHA_00933	101.6	1.5e-29	0
EQnative_Rubrobacter_JALYGY01_SemiBin_234	K05847	NAKGIIHA_02553	100.4	3.6e-29	0
EQnative_Rubrobacter_JALYGY01_SemiBin_234	K05847	NAKGIIHA_04335	70.8	3.4e-20	0
EQnative_Rubrobacter_JALYGY01_SemiBin_234	K05847	NAKGIIHA_01934	69.4	9.3e-20	0
EQnative_Rubrobacter_JALYGY01_SemiBin_234	K05847	NAKGIIHA_04672	60.8	3.7e-17	0
EQnative_Rubrobacter_JALYGY01_SemiBin_234	K05847	NAKGIIHA_01551	47.3	4.7e-13	0
EQnative_Rubrobacter_JALYGY01_SemiBin_234	K05847	NAKGIIHA_01933	46.8	6.8e-13	0
EQnative_Rubrobacter_JALYGY01_SemiBin_234	K05847	NAKGIIHA_02774	43.4	7e-12	0
EQnative_Rubrobacter_JALYGY01_SemiBin_234	K05847	NAKGIIHA_02208	25.6	1.8e-06	0
EQnative_Rubrobacter_JALYGY01_SemiBin_234	K05847	NAKGIIHA_04063	11.9	0.027	0
EQnative_Rubrobacter_JALYGY01_SemiBin_234	K03451	NAKGIIHA_01031	684.1	3.6e-206	1
EQnative_Rubrobacter_JALYGY01_SemiBin_234	K03451	NAKGIIHA_01828	603.6	8.2e-182	0
EQnative_Rubrobacter_JALYGY01_SemiBin_234	K03451	NAKGIIHA_02294	600.0	1e-180	0
EQnative_Rubrobacter_JALYGY01_SemiBin_234	K03451	NAKGIIHA_03057	5.4	1.1	0
EQnative_Rubrobacter_JALYGY01_SemiBin_234	K02168	NAKGIIHA_01828	736.1	9.5e-222	1
EQnative_Rubrobacter_JALYGY01_SemiBin_234	K02168	NAKGIIHA_02294	678.3	3e-204	0
EQnative_Rubrobacter_JALYGY01_SemiBin_234	K02168	NAKGIIHA_01031	488.2	9.3e-147	0
EQnative_Rubrobacter_JALYGY01_SemiBin_234	K02168	NAKGIIHA_03001	12.2	0.0089	0
EQnative_Rubrobacter_JALYGY01_SemiBin_234	K02168	NAKGIIHA_00665	5.9	0.74	0
EQnative_Rubrobacter_JALYGY01_SemiBin_234	K02168	NAKGIIHA_02590	2.5	8.0	0
EQnative_Rubrobacter_JALYGY01_SemiBin_234	K02000	NAKGIIHA_02289	553.5	2.6e-166	1
EQnative_Rubrobacter_JALYGY01_SemiBin_234	K02000	NAKGIIHA_03253	314.7	5e-94	0
EQnative_Rubrobacter_JALYGY01_SemiBin_234	K02000	NAKGIIHA_04265	280.9	8.7e-84	0
EQnative_Rubrobacter_JALYGY01_SemiBin_234	K02000	NAKGIIHA_01196	263.4	1.7e-78	0
EQnative_Rubrobacter_JALYGY01_SemiBin_234	K02000	NAKGIIHA_04708	261.5	6.6e-78	0
EQnative_Rubrobacter_JALYGY01_SemiBin_234	K02000	NAKGIIHA_03729	247.8	9.3e-74	0
EQnative_Rubrobacter_JALYGY01_SemiBin_234	K02000	NAKGIIHA_03211	247.5	1.1e-73	0
EQnative_Rubrobacter_JALYGY01_SemiBin_234	K02000	NAKGIIHA_02801	245.9	3.4e-73	0
EQnative_Rubrobacter_JALYGY01_SemiBin_234	K02000	NAKGIIHA_01716	240.2	1.8e-71	0
EQnative_Rubrobacter_JALYGY01_SemiBin_234	K02000	NAKGIIHA_01474	234.0	1.4e-69	0
EQnative_Rubrobacter_JALYGY01_SemiBin_234	K02000	NAKGIIHA_01296	229.9	2.4e-68	0
EQnative_Rubrobacter_JALYGY01_SemiBin_234	K02000	NAKGIIHA_01297	225.1	7e-67	0
EQnative_Rubrobacter_JALYGY01_SemiBin_234	K02000	NAKGIIHA_01974	207.1	1.9e-61	0
EQnative_Rubrobacter_JALYGY01_SemiBin_234	K02000	NAKGIIHA_01495	199.2	4.7e-59	0
EQnative_Rubrobacter_JALYGY01_SemiBin_234	K02000	NAKGIIHA_00544	197.3	1.7e-58	0
EQnative_Rubrobacter_JALYGY01_SemiBin_234	K02000	NAKGIIHA_02007	191.7	8.7e-57	0
EQnative_Rubrobacter_JALYGY01_SemiBin_234	K02000	NAKGIIHA_02350	191.1	1.4e-56	0
EQnative_Rubrobacter_JALYGY01_SemiBin_234	K02000	NAKGIIHA_02245	188.9	6e-56	0
EQnative_Rubrobacter_JALYGY01_SemiBin_234	K02000	NAKGIIHA_04013	188.3	9.1e-56	0
EQnative_Rubrobacter_JALYGY01_SemiBin_234	K02000	NAKGIIHA_02662	185.9	5.1e-55	0
EQnative_Rubrobacter_JALYGY01_SemiBin_234	K02000	NAKGIIHA_04283	181.6	9.6e-54	0
EQnative_Rubrobacter_JALYGY01_SemiBin_234	K02000	NAKGIIHA_02950	181.5	1.1e-53	0
EQnative_Rubrobacter_JALYGY01_SemiBin_234	K02000	NAKGIIHA_02140	178.6	8.2e-53	0
EQnative_Rubrobacter_JALYGY01_SemiBin_234	K02000	NAKGIIHA_01862	177.1	2.3e-52	0
EQnative_Rubrobacter_JALYGY01_SemiBin_234	K02000	NAKGIIHA_01496	176.5	3.5e-52	0
EQnative_Rubrobacter_JALYGY01_SemiBin_234	K02000	NAKGIIHA_03584	168.4	9.7e-50	0
EQnative_Rubrobacter_JALYGY01_SemiBin_234	K02000	NAKGIIHA_01465	167.4	2e-49	0
EQnative_Rubrobacter_JALYGY01_SemiBin_234	K02000	NAKGIIHA_03304	165.9	5.8e-49	0
EQnative_Rubrobacter_JALYGY01_SemiBin_234	K02000	NAKGIIHA_00946	164.4	1.6e-48	0
EQnative_Rubrobacter_JALYGY01_SemiBin_234	K02000	NAKGIIHA_01975	163.5	3.1e-48	0
EQnative_Rubrobacter_JALYGY01_SemiBin_234	K02000	NAKGIIHA_04284	163.4	3.2e-48	0
EQnative_Rubrobacter_JALYGY01_SemiBin_234	K02000	NAKGIIHA_03354	153.7	2.7e-45	0
EQnative_Rubrobacter_JALYGY01_SemiBin_234	K02000	NAKGIIHA_04050	146.5	4.3e-43	0
EQnative_Rubrobacter_JALYGY01_SemiBin_234	K02000	NAKGIIHA_00545	145.5	8.2e-43	0
EQnative_Rubrobacter_JALYGY01_SemiBin_234	K02000	NAKGIIHA_00773	138.9	8.5e-41	0
EQnative_Rubrobacter_JALYGY01_SemiBin_234	K02000	NAKGIIHA_00405	133.9	2.8e-39	0
EQnative_Rubrobacter_JALYGY01_SemiBin_234	K02000	NAKGIIHA_00431	123.3	4.6e-36	0
EQnative_Rubrobacter_JALYGY01_SemiBin_234	K02000	NAKGIIHA_00774	121.3	1.7e-35	0
EQnative_Rubrobacter_JALYGY01_SemiBin_234	K02000	NAKGIIHA_00251	119.5	6.4e-35	0
EQnative_Rubrobacter_JALYGY01_SemiBin_234	K02000	NAKGIIHA_04418	116.0	7e-34	0
EQnative_Rubrobacter_JALYGY01_SemiBin_234	K02000	NAKGIIHA_02756	116.0	7e-34	0
EQnative_Rubrobacter_JALYGY01_SemiBin_234	K02000	NAKGIIHA_03433	115.0	1.5e-33	0
EQnative_Rubrobacter_JALYGY01_SemiBin_234	K02000	NAKGIIHA_04171	111.4	1.8e-32	0
EQnative_Rubrobacter_JALYGY01_SemiBin_234	K02000	NAKGIIHA_03454	108.1	1.8e-31	0
EQnative_Rubrobacter_JALYGY01_SemiBin_234	K02000	NAKGIIHA_03169	106.5	5.5e-31	0
EQnative_Rubrobacter_JALYGY01_SemiBin_234	K02000	NAKGIIHA_00884	106.4	6e-31	0
EQnative_Rubrobacter_JALYGY01_SemiBin_234	K02000	NAKGIIHA_00940	101.7	1.6e-29	0
EQnative_Rubrobacter_JALYGY01_SemiBin_234	K02000	NAKGIIHA_02757	96.4	6.1e-28	0
EQnative_Rubrobacter_JALYGY01_SemiBin_234	K02000	NAKGIIHA_02553	87.6	2.8e-25	0
EQnative_Rubrobacter_JALYGY01_SemiBin_234	K02000	NAKGIIHA_00933	79.0	1.2e-22	0
EQnative_Rubrobacter_JALYGY01_SemiBin_234	K02000	NAKGIIHA_01934	65.1	1.8e-18	0
EQnative_Rubrobacter_JALYGY01_SemiBin_234	K02000	NAKGIIHA_01285	61.7	2e-17	0
EQnative_Rubrobacter_JALYGY01_SemiBin_234	K02000	NAKGIIHA_04672	42.9	9.8e-12	0
EQnative_Rubrobacter_JALYGY01_SemiBin_234	K02000	NAKGIIHA_04335	42.6	1.2e-11	0
EQnative_Rubrobacter_JALYGY01_SemiBin_234	K02000	NAKGIIHA_00275	41.0	3.6e-11	0
EQnative_Rubrobacter_JALYGY01_SemiBin_234	K02000	NAKGIIHA_04068	34.6	3.2e-09	0
EQnative_Rubrobacter_JALYGY01_SemiBin_234	K02000	NAKGIIHA_00720	34.2	4.2e-09	0
EQnative_Rubrobacter_JALYGY01_SemiBin_234	K02000	NAKGIIHA_01551	33.8	5.7e-09	0
EQnative_Rubrobacter_JALYGY01_SemiBin_234	K02000	NAKGIIHA_01933	32.5	1.4e-08	0
EQnative_Rubrobacter_JALYGY01_SemiBin_234	K02000	NAKGIIHA_00030	30.8	4.6e-08	0
EQnative_Rubrobacter_JALYGY01_SemiBin_234	K02000	NAKGIIHA_01228	28.0	3.2e-07	0
EQnative_Rubrobacter_JALYGY01_SemiBin_234	K02000	NAKGIIHA_04045	26.8	7.4e-07	0
EQnative_Rubrobacter_JALYGY01_SemiBin_234	K02000	NAKGIIHA_03452	24.8	2.9e-06	0
EQnative_Rubrobacter_JALYGY01_SemiBin_234	K02000	NAKGIIHA_02961	24.1	4.7e-06	0
EQnative_Rubrobacter_JALYGY01_SemiBin_234	K02000	NAKGIIHA_00373	20.4	6.1e-05	0
EQnative_Rubrobacter_JALYGY01_SemiBin_234	K02000	NAKGIIHA_02208	19.3	0.00013	0
EQnative_Rubrobacter_JALYGY01_SemiBin_234	K02000	NAKGIIHA_00661	19.0	0.00016	0
EQnative_Rubrobacter_JALYGY01_SemiBin_234	K02000	NAKGIIHA_02774	15.4	0.0021	0
EQnative_Rubrobacter_JALYGY01_SemiBin_234	K02000	NAKGIIHA_01014	12.3	0.018	0
EQnative_Rubrobacter_JALYGY01_SemiBin_234	K02001	NAKGIIHA_02290	446.0	7.6e-134	1
EQnative_Rubrobacter_JALYGY01_SemiBin_234	K02001	NAKGIIHA_02292	169.0	4.6e-50	0
EQnative_Rubrobacter_JALYGY01_SemiBin_234	K02001	NAKGIIHA_02291	159.6	3.2e-47	0
EQnative_Rubrobacter_JALYGY01_SemiBin_234	K02001	NAKGIIHA_02293	157.0	2e-46	0
EQnative_Rubrobacter_JALYGY01_SemiBin_234	K02001	NAKGIIHA_03254	85.0	1.1e-24	0
EQnative_Rubrobacter_JALYGY01_SemiBin_234	K02001	NAKGIIHA_03255	69.5	5.5e-20	0
EQnative_Rubrobacter_JALYGY01_SemiBin_234	K02001	NAKGIIHA_01473	34.1	2.9e-09	0
EQnative_Rubrobacter_JALYGY01_SemiBin_234	K02001	NAKGIIHA_04266	27.7	2.4e-07	0
EQnative_Rubrobacter_JALYGY01_SemiBin_234	K02001	NAKGIIHA_04264	26.6	5.2e-07	0
EQnative_Rubrobacter_JALYGY01_SemiBin_234	K02001	NAKGIIHA_02514	23.9	3.4e-06	0
EQnative_Rubrobacter_JALYGY01_SemiBin_234	K02001	NAKGIIHA_01198	22.8	7.3e-06	0
EQnative_Rubrobacter_JALYGY01_SemiBin_234	K02001	NAKGIIHA_02450	22.6	8.2e-06	0
EQnative_Rubrobacter_JALYGY01_SemiBin_234	K02001	NAKGIIHA_03210	22.5	9.2e-06	0
EQnative_Rubrobacter_JALYGY01_SemiBin_234	K02001	NAKGIIHA_03042	21.5	1.8e-05	0
EQnative_Rubrobacter_JALYGY01_SemiBin_234	K02001	NAKGIIHA_02075	18.7	0.00013	0
EQnative_Rubrobacter_JALYGY01_SemiBin_234	K02001	NAKGIIHA_03550	17.7	0.00026	0
EQnative_Rubrobacter_JALYGY01_SemiBin_234	K02001	NAKGIIHA_02115	16.6	0.00054	0
EQnative_Rubrobacter_JALYGY01_SemiBin_234	K02001	NAKGIIHA_00317	16.6	0.00054	0
EQnative_Rubrobacter_JALYGY01_SemiBin_234	K02001	NAKGIIHA_02804	16.5	0.00059	0
EQnative_Rubrobacter_JALYGY01_SemiBin_234	K02001	NAKGIIHA_01527	16.2	0.00074	0
EQnative_Rubrobacter_JALYGY01_SemiBin_234	K02001	NAKGIIHA_00452	16.1	0.00081	0
EQnative_Rubrobacter_JALYGY01_SemiBin_234	K02001	NAKGIIHA_04431	15.9	0.00092	0
EQnative_Rubrobacter_JALYGY01_SemiBin_234	K02001	NAKGIIHA_02076	15.8	0.00095	0
EQnative_Rubrobacter_JALYGY01_SemiBin_234	K02001	NAKGIIHA_03546	15.3	0.0014	0
EQnative_Rubrobacter_JALYGY01_SemiBin_234	K02001	NAKGIIHA_04051	15.1	0.0015	0
EQnative_Rubrobacter_JALYGY01_SemiBin_234	K02001	NAKGIIHA_03690	14.3	0.0027	0
EQnative_Rubrobacter_JALYGY01_SemiBin_234	K02001	NAKGIIHA_01115	14.2	0.0029	0
EQnative_Rubrobacter_JALYGY01_SemiBin_234	K02001	NAKGIIHA_02720	13.8	0.0038	0
EQnative_Rubrobacter_JALYGY01_SemiBin_234	K02001	NAKGIIHA_01472	13.7	0.0042	0
EQnative_Rubrobacter_JALYGY01_SemiBin_234	K02001	NAKGIIHA_02803	13.3	0.0055	0
EQnative_Rubrobacter_JALYGY01_SemiBin_234	K02001	NAKGIIHA_01199	12.9	0.0073	0
EQnative_Rubrobacter_JALYGY01_SemiBin_234	K02001	NAKGIIHA_04202	12.6	0.0088	0
EQnative_Rubrobacter_JALYGY01_SemiBin_234	K02001	NAKGIIHA_01055	12.2	0.012	0
EQnative_Rubrobacter_JALYGY01_SemiBin_234	K02001	NAKGIIHA_04052	11.8	0.015	0
EQnative_Rubrobacter_JALYGY01_SemiBin_234	K02001	NAKGIIHA_00548	11.8	0.015	0
EQnative_Rubrobacter_JALYGY01_SemiBin_234	K02001	NAKGIIHA_01299	11.7	0.016	0
EQnative_Rubrobacter_JALYGY01_SemiBin_234	K02001	NAKGIIHA_03520	11.7	0.017	0
EQnative_Rubrobacter_JALYGY01_SemiBin_234	K02001	NAKGIIHA_01497	10.6	0.036	0
EQnative_Rubrobacter_JALYGY01_SemiBin_234	K02001	NAKGIIHA_03861	10.5	0.038	0
EQnative_Rubrobacter_JALYGY01_SemiBin_234	K02001	NAKGIIHA_03519	10.1	0.05	0
EQnative_Rubrobacter_JALYGY01_SemiBin_234	K02001	NAKGIIHA_01454	10.1	0.052	0
EQnative_Rubrobacter_JALYGY01_SemiBin_234	K02001	NAKGIIHA_00473	10.0	0.056	0
EQnative_Rubrobacter_JALYGY01_SemiBin_234	K02001	NAKGIIHA_02129	9.9	0.058	0
EQnative_Rubrobacter_JALYGY01_SemiBin_234	K02001	NAKGIIHA_02374	9.6	0.073	0
EQnative_Rubrobacter_JALYGY01_SemiBin_234	K02001	NAKGIIHA_02515	9.5	0.077	0
EQnative_Rubrobacter_JALYGY01_SemiBin_234	K02001	NAKGIIHA_01977	9.5	0.08	0
EQnative_Rubrobacter_JALYGY01_SemiBin_234	K02001	NAKGIIHA_04367	9.4	0.082	0
EQnative_Rubrobacter_JALYGY01_SemiBin_234	K02001	NAKGIIHA_03724	9.2	0.094	0
EQnative_Rubrobacter_JALYGY01_SemiBin_234	K02001	NAKGIIHA_00472	9.0	0.11	0
EQnative_Rubrobacter_JALYGY01_SemiBin_234	K02001	NAKGIIHA_01980	8.0	0.21	0
EQnative_Rubrobacter_JALYGY01_SemiBin_234	K02001	NAKGIIHA_02114	7.5	0.3	0
EQnative_Rubrobacter_JALYGY01_SemiBin_234	K02001	NAKGIIHA_03549	7.1	0.43	0
EQnative_Rubrobacter_JALYGY01_SemiBin_234	K02001	NAKGIIHA_00224	4.1	3.3	0
EQnative_Rubrobacter_JALYGY01_SemiBin_234	K02001	NAKGIIHA_03057	3.7	4.3	0
EQnative_Rubrobacter_JALYGY01_SemiBin_234	K02001	NAKGIIHA_01976	3.3	5.9	0
EQnative_Rubrobacter_JALYGY01_SemiBin_234	K02002	NAKGIIHA_02293	288.5	2.5e-86	1
EQnative_Rubrobacter_JALYGY01_SemiBin_234	K02002	NAKGIIHA_02292	283.8	6.5e-85	1
EQnative_Rubrobacter_JALYGY01_SemiBin_234	K02002	NAKGIIHA_02291	264.0	6.3e-79	1
EQnative_Rubrobacter_JALYGY01_SemiBin_234	K02002	NAKGIIHA_02290	208.3	4.7e-62	1
EQnative_Rubrobacter_JALYGY01_SemiBin_234	K02002	NAKGIIHA_03256	36.3	6e-10	0
EQnative_Rubrobacter_JALYGY01_SemiBin_234	K02002	NAKGIIHA_03254	25.1	1.5e-06	0
EQnative_Rubrobacter_JALYGY01_SemiBin_234	K02002	NAKGIIHA_03255	19.7	6.3e-05	0
EQnative_Rubrobacter_JALYGY01_SemiBin_234	K02002	NAKGIIHA_03210	16.9	0.00043	0
EQnative_Rubrobacter_JALYGY01_SemiBin_234	K02002	NAKGIIHA_00186	14.3	0.0027	0
EQnative_Rubrobacter_JALYGY01_SemiBin_234	K02002	NAKGIIHA_04266	12.2	0.011	0
EQnative_Rubrobacter_JALYGY01_SemiBin_234	K02002	NAKGIIHA_01473	11.9	0.014	0
EQnative_Rubrobacter_JALYGY01_SemiBin_234	K02002	NAKGIIHA_04264	10.8	0.032	0
EQnative_Rubrobacter_JALYGY01_SemiBin_234	K02002	NAKGIIHA_02075	10.7	0.034	0
EQnative_Rubrobacter_JALYGY01_SemiBin_234	K02002	NAKGIIHA_01198	10.4	0.042	0
EQnative_Rubrobacter_JALYGY01_SemiBin_234	K02002	NAKGIIHA_02501	3.2	6.2	0
EQnative_Rubrobacter_JALYGY01_SemiBin_234	K01226	NAKGIIHA_00377	431.8	1.2e-129	0
EQnative_Rubrobacter_JALYGY01_SemiBin_234	K01226	NAKGIIHA_00382	311.0	4.5e-93	0
EQnative_Rubrobacter_JALYGY01_SemiBin_234	K01226	NAKGIIHA_00379	53.5	4.7e-15	0
EQnative_Rubrobacter_JALYGY01_SemiBin_234	K01226	NAKGIIHA_00380	51.4	2e-14	0
EQnative_Rubrobacter_JALYGY01_SemiBin_234	K01226	NAKGIIHA_00378	34.3	3.1e-09	0
EQnative_Rubrobacter_JALYGY01_SemiBin_234	K01226	NAKGIIHA_00383	32.2	1.4e-08	0
EQnative_Rubrobacter_JALYGY01_SemiBin_234	K01226	NAKGIIHA_00381	23.5	5.9e-06	0
EQnative_Rubrobacter_JALYGY01_SemiBin_234	K03486	NAKGIIHA_02135	128.7	6.9e-38	0
EQnative_Rubrobacter_JALYGY01_SemiBin_234	K03486	NAKGIIHA_00690	99.7	4.8e-29	0
EQnative_Rubrobacter_JALYGY01_SemiBin_234	K03486	NAKGIIHA_03127	65.0	2e-18	0
EQnative_Rubrobacter_JALYGY01_SemiBin_234	K03486	NAKGIIHA_01354	58.0	2.7e-16	0
EQnative_Rubrobacter_JALYGY01_SemiBin_234	K03486	NAKGIIHA_02965	54.2	3.8e-15	0
EQnative_Rubrobacter_JALYGY01_SemiBin_234	K03486	NAKGIIHA_04429	44.8	2.8e-12	0
EQnative_Rubrobacter_JALYGY01_SemiBin_234	K03486	NAKGIIHA_03175	42.4	1.6e-11	0
EQnative_Rubrobacter_JALYGY01_SemiBin_234	K03486	NAKGIIHA_01823	38.4	2.6e-10	0
EQnative_Rubrobacter_JALYGY01_SemiBin_234	K03486	NAKGIIHA_04717	36.7	8.4e-10	0
EQnative_Rubrobacter_JALYGY01_SemiBin_234	K03486	NAKGIIHA_04198	35.3	2.4e-09	0
EQnative_Rubrobacter_JALYGY01_SemiBin_234	K03486	NAKGIIHA_04681	31.0	4.6e-08	0
EQnative_Rubrobacter_JALYGY01_SemiBin_234	K03486	NAKGIIHA_01714	30.7	6.1e-08	0
EQnative_Rubrobacter_JALYGY01_SemiBin_234	K03486	NAKGIIHA_01121	30.0	9.9e-08	0
EQnative_Rubrobacter_JALYGY01_SemiBin_234	K03486	NAKGIIHA_03278	29.5	1.4e-07	0
EQnative_Rubrobacter_JALYGY01_SemiBin_234	K03486	NAKGIIHA_02184	27.1	7.6e-07	0
EQnative_Rubrobacter_JALYGY01_SemiBin_234	K03486	NAKGIIHA_01540	26.1	1.5e-06	0
EQnative_Rubrobacter_JALYGY01_SemiBin_234	K03486	NAKGIIHA_03918	24.4	4.8e-06	0
EQnative_Rubrobacter_JALYGY01_SemiBin_234	K03486	NAKGIIHA_04727	21.6	3.6e-05	0
EQnative_Rubrobacter_JALYGY01_SemiBin_234	K03486	NAKGIIHA_01042	20.3	9e-05	0
EQnative_Rubrobacter_JALYGY01_SemiBin_234	K03486	NAKGIIHA_01257	18.9	0.00023	0
EQnative_Rubrobacter_JALYGY01_SemiBin_234	K03486	NAKGIIHA_02657	18.6	0.00029	0
EQnative_Rubrobacter_JALYGY01_SemiBin_234	K03486	NAKGIIHA_03674	18.1	0.00043	0
EQnative_Rubrobacter_JALYGY01_SemiBin_234	K03486	NAKGIIHA_03863	14.1	0.0068	0
EQnative_Rubrobacter_JALYGY01_SemiBin_234	K03486	NAKGIIHA_03611	13.2	0.013	0
EQnative_Rubrobacter_JALYGY01_SemiBin_234	K03486	NAKGIIHA_02942	12.8	0.017	0
EQnative_Rubrobacter_JALYGY01_SemiBin_234	K03486	NAKGIIHA_01796	11.5	0.044	0
EQnative_Streptomyces_SemiBin_236	K00697	NHNCJJEA_00518	516.1	2.8e-155	1
EQnative_Streptomyces_SemiBin_236	K00697	NHNCJJEA_02113	24.0	2.9e-06	0
EQnative_Streptomyces_SemiBin_236	K00697	NHNCJJEA_02440	14.4	0.0024	0
EQnative_Streptomyces_SemiBin_236	K01087	NHNCJJEA_00519	172.9	2.5e-51	1
EQnative_Streptomyces_SemiBin_236	K01087	NHNCJJEA_00317	26.5	6.8e-07	0
EQnative_Streptomyces_SemiBin_236	K01087	NHNCJJEA_00932	25.6	1.3e-06	0
EQnative_Streptomyces_SemiBin_236	K01087	NHNCJJEA_01598	20.4	4.8e-05	0
EQnative_Streptomyces_SemiBin_236	K01087	NHNCJJEA_03258	15.6	0.0014	0
EQnative_Streptomyces_SemiBin_236	K01087	NHNCJJEA_00320	12.8	0.0099	0
EQnative_Streptomyces_SemiBin_236	K05343	NHNCJJEA_02889	338.9	1.6e-101	0
EQnative_Streptomyces_SemiBin_236	K05343	NHNCJJEA_00169	320.3	6.6e-96	0
EQnative_Streptomyces_SemiBin_236	K05343	NHNCJJEA_01456	282.4	2e-84	0
EQnative_Streptomyces_SemiBin_236	K05343	NHNCJJEA_04257	65.3	7.8e-19	0
EQnative_Streptomyces_SemiBin_236	K05343	NHNCJJEA_01457	59.8	3.5e-17	0
EQnative_Streptomyces_SemiBin_236	K05343	NHNCJJEA_03393	55.1	9.2e-16	0
EQnative_Streptomyces_SemiBin_236	K05343	NHNCJJEA_04256	47.0	2.6e-13	0
EQnative_Streptomyces_SemiBin_236	K05343	NHNCJJEA_03388	44.9	1.1e-12	0
EQnative_Streptomyces_SemiBin_236	K05343	NHNCJJEA_01459	32.8	5.1e-09	0
EQnative_Streptomyces_SemiBin_236	K05343	NHNCJJEA_03095	9.4	0.057	0
EQnative_Streptomyces_SemiBin_236	K06044	NHNCJJEA_04256	1183.1	0.0	1
EQnative_Streptomyces_SemiBin_236	K06044	NHNCJJEA_01456	74.6	9.9e-22	0
EQnative_Streptomyces_SemiBin_236	K06044	NHNCJJEA_00169	72.6	3.9e-21	0
EQnative_Streptomyces_SemiBin_236	K06044	NHNCJJEA_02889	66.0	4e-19	0
EQnative_Streptomyces_SemiBin_236	K06044	NHNCJJEA_04257	58.7	6.3e-17	0
EQnative_Streptomyces_SemiBin_236	K06044	NHNCJJEA_01459	27.5	1.6e-07	0
EQnative_Streptomyces_SemiBin_236	K06044	NHNCJJEA_03388	18.0	0.00012	0
EQnative_Streptomyces_SemiBin_236	K06044	NHNCJJEA_01457	16.8	0.00028	0
EQnative_Streptomyces_SemiBin_236	K06044	NHNCJJEA_03393	14.1	0.0018	0
EQnative_Streptomyces_SemiBin_236	K01236	NHNCJJEA_04257	864.0	2.6e-260	1
EQnative_Streptomyces_SemiBin_236	K01236	NHNCJJEA_03393	182.0	4.4e-54	0
EQnative_Streptomyces_SemiBin_236	K01236	NHNCJJEA_02889	106.4	3.1e-31	0
EQnative_Streptomyces_SemiBin_236	K01236	NHNCJJEA_00169	95.0	8.9e-28	0
EQnative_Streptomyces_SemiBin_236	K01236	NHNCJJEA_01456	76.1	4.5e-22	0
EQnative_Streptomyces_SemiBin_236	K01236	NHNCJJEA_04256	69.6	4.3e-20	0
EQnative_Streptomyces_SemiBin_236	K01236	NHNCJJEA_01457	41.9	1e-11	0
EQnative_Streptomyces_SemiBin_236	K01236	NHNCJJEA_01459	23.3	4.3e-06	0
EQnative_Streptomyces_SemiBin_236	K01236	NHNCJJEA_03388	18.9	9.4e-05	0
EQnative_Streptomyces_SemiBin_236	K13057	NHNCJJEA_00836	75.7	6.1e-22	0
EQnative_Streptomyces_SemiBin_236	K13057	NHNCJJEA_01595	74.6	1.4e-21	0
EQnative_Streptomyces_SemiBin_236	K13057	NHNCJJEA_01338	74.0	2e-21	0
EQnative_Streptomyces_SemiBin_236	K13057	NHNCJJEA_02440	72.4	6.4e-21	0
EQnative_Streptomyces_SemiBin_236	K13057	NHNCJJEA_02248	59.2	6.4e-17	0
EQnative_Streptomyces_SemiBin_236	K13057	NHNCJJEA_01659	52.3	7.7e-15	0
EQnative_Streptomyces_SemiBin_236	K13057	NHNCJJEA_02113	51.8	1.1e-14	0
EQnative_Streptomyces_SemiBin_236	K13057	NHNCJJEA_03740	42.4	7.8e-12	0
EQnative_Streptomyces_SemiBin_236	K13057	NHNCJJEA_04381	42.0	1e-11	0
EQnative_Streptomyces_SemiBin_236	K13057	NHNCJJEA_00066	41.7	1.3e-11	0
EQnative_Streptomyces_SemiBin_236	K13057	NHNCJJEA_00065	38.1	1.6e-10	0
EQnative_Streptomyces_SemiBin_236	K13057	NHNCJJEA_02156	33.8	3.2e-09	0
EQnative_Streptomyces_SemiBin_236	K13057	NHNCJJEA_01596	31.3	1.9e-08	0
EQnative_Streptomyces_SemiBin_236	K13057	NHNCJJEA_03959	31.1	2.1e-08	0
EQnative_Streptomyces_SemiBin_236	K13057	NHNCJJEA_02108	19.0	0.0001	0
EQnative_Streptomyces_SemiBin_236	K13057	NHNCJJEA_00518	14.6	0.0022	0
EQnative_Streptomyces_SemiBin_236	K00108	NHNCJJEA_04366	490.9	1.1e-147	0
EQnative_Streptomyces_SemiBin_236	K00108	NHNCJJEA_01464	424.4	1.5e-127	0
EQnative_Streptomyces_SemiBin_236	K00108	NHNCJJEA_03973	361.3	1.8e-108	0
EQnative_Streptomyces_SemiBin_236	K00108	NHNCJJEA_00776	62.7	4.3e-18	0
EQnative_Streptomyces_SemiBin_236	K00108	NHNCJJEA_00418	39.2	5.5e-11	0
EQnative_Streptomyces_SemiBin_236	K00108	NHNCJJEA_02506	36.3	3.9e-10	0
EQnative_Streptomyces_SemiBin_236	K00108	NHNCJJEA_03928	10.1	0.035	0
EQnative_Streptomyces_SemiBin_236	K00130	NHNCJJEA_01463	717.2	3.3e-216	1
EQnative_Streptomyces_SemiBin_236	K00130	NHNCJJEA_01760	688.6	1.5e-207	1
EQnative_Streptomyces_SemiBin_236	K00130	NHNCJJEA_04067	620.6	6e-187	0
EQnative_Streptomyces_SemiBin_236	K00130	NHNCJJEA_01681	601.2	4.6e-181	0
EQnative_Streptomyces_SemiBin_236	K00130	NHNCJJEA_01490	567.7	6.2e-171	0
EQnative_Streptomyces_SemiBin_236	K00130	NHNCJJEA_01989	559.8	1.6e-168	0
EQnative_Streptomyces_SemiBin_236	K00130	NHNCJJEA_00989	549.8	1.7e-165	0
EQnative_Streptomyces_SemiBin_236	K00130	NHNCJJEA_04352	549.4	2.1e-165	0
EQnative_Streptomyces_SemiBin_236	K00130	NHNCJJEA_00334	530.4	1.3e-159	0
EQnative_Streptomyces_SemiBin_236	K00130	NHNCJJEA_02507	478.2	7.8e-144	0
EQnative_Streptomyces_SemiBin_236	K00130	NHNCJJEA_03587	450.6	1.8e-135	0
EQnative_Streptomyces_SemiBin_236	K00130	NHNCJJEA_00775	429.4	4.8e-129	0
EQnative_Streptomyces_SemiBin_236	K00130	NHNCJJEA_01766	393.3	4.1e-118	0
EQnative_Streptomyces_SemiBin_236	K00130	NHNCJJEA_00448	261.9	2.5e-78	0
EQnative_Streptomyces_SemiBin_236	K00130	NHNCJJEA_04068	143.4	1.9e-42	0
EQnative_Streptomyces_SemiBin_236	K00130	NHNCJJEA_00280	73.0	3.9e-21	0
EQnative_Streptomyces_SemiBin_236	K00130	NHNCJJEA_03889	63.6	2.9e-18	0
EQnative_Streptomyces_SemiBin_236	K00499	NHNCJJEA_00993	139.2	4.3e-41	0
EQnative_Streptomyces_SemiBin_236	K00499	NHNCJJEA_02667	131.5	9e-39	0
EQnative_Streptomyces_SemiBin_236	K00499	NHNCJJEA_02821	27.4	3.2e-07	0
EQnative_Streptomyces_SemiBin_236	K00499	NHNCJJEA_02947	16.1	0.00087	0
EQnative_Streptomyces_SemiBin_236	K00499	NHNCJJEA_02091	14.6	0.0025	0
EQnative_Streptomyces_SemiBin_236	K00499	NHNCJJEA_01981	11.4	0.024	0
EQnative_Streptomyces_SemiBin_236	K00499	NHNCJJEA_01978	10.6	0.041	0
EQnative_Streptomyces_SemiBin_236	K17755	NHNCJJEA_01464	580.7	7.2e-175	0
EQnative_Streptomyces_SemiBin_236	K17755	NHNCJJEA_04366	273.5	8.7e-82	0
EQnative_Streptomyces_SemiBin_236	K17755	NHNCJJEA_03973	249.7	1.4e-74	0
EQnative_Streptomyces_SemiBin_236	K17755	NHNCJJEA_00776	56.2	6.3e-16	0
EQnative_Streptomyces_SemiBin_236	K17755	NHNCJJEA_00418	33.6	4.5e-09	0
EQnative_Streptomyces_SemiBin_236	K17755	NHNCJJEA_02506	30.2	4.8e-08	0
EQnative_Streptomyces_SemiBin_236	K17755	NHNCJJEA_00194	8.1	0.24	0
EQnative_Streptomyces_SemiBin_236	K17756	NHNCJJEA_02506	87.7	1.5e-25	0
EQnative_Streptomyces_SemiBin_236	K17756	NHNCJJEA_00418	86.6	3.3e-25	0
EQnative_Streptomyces_SemiBin_236	K17756	NHNCJJEA_01464	65.6	7.3e-19	0
EQnative_Streptomyces_SemiBin_236	K17756	NHNCJJEA_03973	57.6	1.9e-16	0
EQnative_Streptomyces_SemiBin_236	K17756	NHNCJJEA_04366	43.8	2.7e-12	0
EQnative_Streptomyces_SemiBin_236	K17756	NHNCJJEA_00075	29.0	8.3e-08	0
EQnative_Streptomyces_SemiBin_236	K17756	NHNCJJEA_00254	27.2	3e-07	0
EQnative_Streptomyces_SemiBin_236	K17756	NHNCJJEA_03133	20.3	3.4e-05	0
EQnative_Streptomyces_SemiBin_236	K17756	NHNCJJEA_02396	20.3	3.5e-05	0
EQnative_Streptomyces_SemiBin_236	K17756	NHNCJJEA_00776	19.4	6.6e-05	0
EQnative_Streptomyces_SemiBin_236	K17756	NHNCJJEA_01024	16.1	0.00064	0
EQnative_Streptomyces_SemiBin_236	K17756	NHNCJJEA_02849	14.5	0.002	0
EQnative_Streptomyces_SemiBin_236	K17756	NHNCJJEA_03928	14.2	0.0024	0
EQnative_Streptomyces_SemiBin_236	K17756	NHNCJJEA_03820	11.3	0.019	0
EQnative_Streptomyces_SemiBin_236	K17756	NHNCJJEA_02935	11.1	0.021	0
EQnative_Streptomyces_SemiBin_236	K17756	NHNCJJEA_02359	10.6	0.031	0
EQnative_Streptomyces_SemiBin_236	K17756	NHNCJJEA_01866	6.6	0.5	0
EQnative_Streptomyces_SemiBin_236	K06718	NHNCJJEA_04202	265.0	1.2e-79	1
EQnative_Streptomyces_SemiBin_236	K06718	NHNCJJEA_01129	262.2	8.5e-79	1
EQnative_Streptomyces_SemiBin_236	K06718	NHNCJJEA_03105	19.2	0.00015	0
EQnative_Streptomyces_SemiBin_236	K06718	NHNCJJEA_02297	16.4	0.0011	0
EQnative_Streptomyces_SemiBin_236	K06718	NHNCJJEA_03425	16.2	0.0013	0
EQnative_Streptomyces_SemiBin_236	K06718	NHNCJJEA_00754	15.5	0.002	0
EQnative_Streptomyces_SemiBin_236	K06718	NHNCJJEA_02307	14.2	0.005	0
EQnative_Streptomyces_SemiBin_236	K06718	NHNCJJEA_00976	12.2	0.021	0
EQnative_Streptomyces_SemiBin_236	K06718	NHNCJJEA_01261	10.6	0.064	0
EQnative_Streptomyces_SemiBin_236	K06720	NHNCJJEA_02083	22.5	2.3e-05	0
EQnative_Streptomyces_SemiBin_236	K01858	NHNCJJEA_03576	352.7	1e-105	1
EQnative_Streptomyces_SemiBin_236	K01858	NHNCJJEA_02178	190.2	1.6e-56	1
EQnative_Streptomyces_SemiBin_236	K05845	NHNCJJEA_04309	54.7	1.9e-15	0
EQnative_Streptomyces_SemiBin_236	K05845	NHNCJJEA_04310	35.8	1e-09	0
EQnative_Streptomyces_SemiBin_236	K05845	NHNCJJEA_01467	27.3	3.9e-07	0
EQnative_Streptomyces_SemiBin_236	K05845	NHNCJJEA_00395	24.1	3.7e-06	0
EQnative_Streptomyces_SemiBin_236	K05845	NHNCJJEA_02312	22.8	8.6e-06	0
EQnative_Streptomyces_SemiBin_236	K05845	NHNCJJEA_00403	19.5	8.7e-05	0
EQnative_Streptomyces_SemiBin_236	K05845	NHNCJJEA_04037	12.0	0.017	0
EQnative_Streptomyces_SemiBin_236	K05845	NHNCJJEA_00201	10.9	0.037	0
EQnative_Streptomyces_SemiBin_236	K05845	NHNCJJEA_03447	10.7	0.043	0
EQnative_Streptomyces_SemiBin_236	K05846	NHNCJJEA_01466	199.4	2.1e-59	1
EQnative_Streptomyces_SemiBin_236	K05846	NHNCJJEA_04308	129.2	4.4e-38	0
EQnative_Streptomyces_SemiBin_236	K05846	NHNCJJEA_02311	75.2	1.1e-21	0
EQnative_Streptomyces_SemiBin_236	K05846	NHNCJJEA_03977	44.7	2e-12	0
EQnative_Streptomyces_SemiBin_236	K05846	NHNCJJEA_00017	43.0	6.4e-12	0
EQnative_Streptomyces_SemiBin_236	K05846	NHNCJJEA_02890	34.2	3e-09	0
EQnative_Streptomyces_SemiBin_236	K05846	NHNCJJEA_00638	33.7	4.4e-09	0
EQnative_Streptomyces_SemiBin_236	K05846	NHNCJJEA_03078	33.5	5.1e-09	0
EQnative_Streptomyces_SemiBin_236	K05846	NHNCJJEA_01357	29.7	7.4e-08	0
EQnative_Streptomyces_SemiBin_236	K05846	NHNCJJEA_01076	28.6	1.6e-07	0
EQnative_Streptomyces_SemiBin_236	K05846	NHNCJJEA_02168	27.7	3e-07	0
EQnative_Streptomyces_SemiBin_236	K05846	NHNCJJEA_04424	27.0	4.8e-07	0
EQnative_Streptomyces_SemiBin_236	K05846	NHNCJJEA_03517	24.7	2.3e-06	0
EQnative_Streptomyces_SemiBin_236	K05846	NHNCJJEA_00018	24.0	4e-06	0
EQnative_Streptomyces_SemiBin_236	K05846	NHNCJJEA_02891	23.0	7.9e-06	0
EQnative_Streptomyces_SemiBin_236	K05846	NHNCJJEA_00402	22.3	1.3e-05	0
EQnative_Streptomyces_SemiBin_236	K05846	NHNCJJEA_04015	21.6	2.1e-05	0
EQnative_Streptomyces_SemiBin_236	K05846	NHNCJJEA_01924	21.6	2.1e-05	0
EQnative_Streptomyces_SemiBin_236	K05846	NHNCJJEA_01563	21.2	2.7e-05	0
EQnative_Streptomyces_SemiBin_236	K05846	NHNCJJEA_00738	19.0	0.00013	0
EQnative_Streptomyces_SemiBin_236	K05846	NHNCJJEA_01925	18.9	0.00014	0
EQnative_Streptomyces_SemiBin_236	K05846	NHNCJJEA_02051	18.2	0.00023	0
EQnative_Streptomyces_SemiBin_236	K05846	NHNCJJEA_00792	17.8	0.0003	0
EQnative_Streptomyces_SemiBin_236	K05846	NHNCJJEA_00842	17.6	0.00033	0
EQnative_Streptomyces_SemiBin_236	K05846	NHNCJJEA_00356	17.0	0.0005	0
EQnative_Streptomyces_SemiBin_236	K05846	NHNCJJEA_01077	15.7	0.0013	0
EQnative_Streptomyces_SemiBin_236	K05846	NHNCJJEA_01454	15.6	0.0014	0
EQnative_Streptomyces_SemiBin_236	K05846	NHNCJJEA_02371	13.9	0.0044	0
EQnative_Streptomyces_SemiBin_236	K05846	NHNCJJEA_01473	13.9	0.0046	0
EQnative_Streptomyces_SemiBin_236	K05846	NHNCJJEA_03481	12.2	0.015	0
EQnative_Streptomyces_SemiBin_236	K05846	NHNCJJEA_01947	11.8	0.019	0
EQnative_Streptomyces_SemiBin_236	K05846	NHNCJJEA_00637	11.6	0.023	0
EQnative_Streptomyces_SemiBin_236	K05846	NHNCJJEA_02215	11.6	0.023	0
EQnative_Streptomyces_SemiBin_236	K05846	NHNCJJEA_04014	11.0	0.035	0
EQnative_Streptomyces_SemiBin_236	K05846	NHNCJJEA_00357	10.9	0.036	0
EQnative_Streptomyces_SemiBin_236	K05846	NHNCJJEA_01455	10.6	0.046	0
EQnative_Streptomyces_SemiBin_236	K05846	NHNCJJEA_01998	10.2	0.059	0
EQnative_Streptomyces_SemiBin_236	K05846	NHNCJJEA_01999	9.7	0.083	0
EQnative_Streptomyces_SemiBin_236	K05846	NHNCJJEA_02365	9.2	0.12	0
EQnative_Streptomyces_SemiBin_236	K05846	NHNCJJEA_02214	9.0	0.14	0
EQnative_Streptomyces_SemiBin_236	K05846	NHNCJJEA_01756	8.5	0.2	0
EQnative_Streptomyces_SemiBin_236	K05846	NHNCJJEA_00094	8.0	0.28	0
EQnative_Streptomyces_SemiBin_236	K05846	NHNCJJEA_00199	7.9	0.31	0
EQnative_Streptomyces_SemiBin_236	K05846	NHNCJJEA_03480	7.1	0.52	0
EQnative_Streptomyces_SemiBin_236	K05846	NHNCJJEA_00737	7.1	0.54	0
EQnative_Streptomyces_SemiBin_236	K05846	NHNCJJEA_02052	6.8	0.63	0
EQnative_Streptomyces_SemiBin_236	K05846	NHNCJJEA_00095	6.7	0.68	0
EQnative_Streptomyces_SemiBin_236	K05846	NHNCJJEA_02167	5.4	1.7	0
EQnative_Streptomyces_SemiBin_236	K05846	NHNCJJEA_00170	5.3	1.8	0
EQnative_Streptomyces_SemiBin_236	K05846	NHNCJJEA_00401	4.4	3.4	0
EQnative_Streptomyces_SemiBin_236	K05846	NHNCJJEA_01562	3.1	8.9	0
EQnative_Streptomyces_SemiBin_236	K05847	NHNCJJEA_01465	330.9	3.2e-99	0
EQnative_Streptomyces_SemiBin_236	K05847	NHNCJJEA_04319	295.7	1.6e-88	0
EQnative_Streptomyces_SemiBin_236	K05847	NHNCJJEA_00559	275.2	2.6e-82	0
EQnative_Streptomyces_SemiBin_236	K05847	NHNCJJEA_01757	263.5	9.6e-79	0
EQnative_Streptomyces_SemiBin_236	K05847	NHNCJJEA_00020	251.1	5.4e-75	0
EQnative_Streptomyces_SemiBin_236	K05847	NHNCJJEA_01923	244.4	5.9e-73	0
EQnative_Streptomyces_SemiBin_236	K05847	NHNCJJEA_01358	235.3	3.6e-70	0
EQnative_Streptomyces_SemiBin_236	K05847	NHNCJJEA_02310	226.2	2e-67	0
EQnative_Streptomyces_SemiBin_236	K05847	NHNCJJEA_03840	223.1	1.8e-66	0
EQnative_Streptomyces_SemiBin_236	K05847	NHNCJJEA_04044	219.8	1.8e-65	0
EQnative_Streptomyces_SemiBin_236	K05847	NHNCJJEA_03978	217.0	1.3e-64	0
EQnative_Streptomyces_SemiBin_236	K05847	NHNCJJEA_04416	204.9	6e-61	0
EQnative_Streptomyces_SemiBin_236	K05847	NHNCJJEA_02942	203.0	2.3e-60	0
EQnative_Streptomyces_SemiBin_236	K05847	NHNCJJEA_04329	191.0	9.8e-57	0
EQnative_Streptomyces_SemiBin_236	K05847	NHNCJJEA_01996	189.0	4.1e-56	0
EQnative_Streptomyces_SemiBin_236	K05847	NHNCJJEA_02600	184.6	9e-55	0
EQnative_Streptomyces_SemiBin_236	K05847	NHNCJJEA_00626	181.1	1e-53	0
EQnative_Streptomyces_SemiBin_236	K05847	NHNCJJEA_04236	181.0	1.1e-53	0
EQnative_Streptomyces_SemiBin_236	K05847	NHNCJJEA_01557	180.6	1.4e-53	0
EQnative_Streptomyces_SemiBin_236	K05847	NHNCJJEA_03903	175.2	6.5e-52	0
EQnative_Streptomyces_SemiBin_236	K05847	NHNCJJEA_00723	174.7	9.1e-52	0
EQnative_Streptomyces_SemiBin_236	K05847	NHNCJJEA_01249	170.5	1.7e-50	0
EQnative_Streptomyces_SemiBin_236	K05847	NHNCJJEA_02807	167.4	1.4e-49	0
EQnative_Streptomyces_SemiBin_236	K05847	NHNCJJEA_03989	162.6	4.1e-48	0
EQnative_Streptomyces_SemiBin_236	K05847	NHNCJJEA_02943	158.7	6.7e-47	0
EQnative_Streptomyces_SemiBin_236	K05847	NHNCJJEA_01603	156.9	2.2e-46	0
EQnative_Streptomyces_SemiBin_236	K05847	NHNCJJEA_03033	155.9	4.6e-46	0
EQnative_Streptomyces_SemiBin_236	K05847	NHNCJJEA_00722	154.6	1.1e-45	0
EQnative_Streptomyces_SemiBin_236	K05847	NHNCJJEA_02789	149.4	4.2e-44	0
EQnative_Streptomyces_SemiBin_236	K05847	NHNCJJEA_01181	147.3	1.9e-43	0
EQnative_Streptomyces_SemiBin_236	K05847	NHNCJJEA_03493	147.0	2.3e-43	0
EQnative_Streptomyces_SemiBin_236	K05847	NHNCJJEA_04238	145.5	6.6e-43	0
EQnative_Streptomyces_SemiBin_236	K05847	NHNCJJEA_01678	144.9	1e-42	0
EQnative_Streptomyces_SemiBin_236	K05847	NHNCJJEA_00245	143.0	3.9e-42	0
EQnative_Streptomyces_SemiBin_236	K05847	NHNCJJEA_03706	141.6	1e-41	0
EQnative_Streptomyces_SemiBin_236	K05847	NHNCJJEA_03794	139.4	4.7e-41	0
EQnative_Streptomyces_SemiBin_236	K05847	NHNCJJEA_00047	138.6	8e-41	0
EQnative_Streptomyces_SemiBin_236	K05847	NHNCJJEA_00612	135.0	1e-39	0
EQnative_Streptomyces_SemiBin_236	K05847	NHNCJJEA_03339	134.8	1.2e-39	0
EQnative_Streptomyces_SemiBin_236	K05847	NHNCJJEA_00861	133.3	3.3e-39	0
EQnative_Streptomyces_SemiBin_236	K05847	NHNCJJEA_00431	132.9	4.4e-39	0
EQnative_Streptomyces_SemiBin_236	K05847	NHNCJJEA_03036	131.5	1.2e-38	0
EQnative_Streptomyces_SemiBin_236	K05847	NHNCJJEA_01058	130.8	1.9e-38	0
EQnative_Streptomyces_SemiBin_236	K05847	NHNCJJEA_00202	130.5	2.4e-38	0
EQnative_Streptomyces_SemiBin_236	K05847	NHNCJJEA_03707	130.2	2.9e-38	0
EQnative_Streptomyces_SemiBin_236	K05847	NHNCJJEA_04157	129.4	5.2e-38	0
EQnative_Streptomyces_SemiBin_236	K05847	NHNCJJEA_02795	128.9	7.5e-38	0
EQnative_Streptomyces_SemiBin_236	K05847	NHNCJJEA_01877	128.1	1.3e-37	0
EQnative_Streptomyces_SemiBin_236	K05847	NHNCJJEA_01997	127.2	2.3e-37	0
EQnative_Streptomyces_SemiBin_236	K05847	NHNCJJEA_00118	124.8	1.3e-36	0
EQnative_Streptomyces_SemiBin_236	K05847	NHNCJJEA_00048	123.9	2.4e-36	0
EQnative_Streptomyces_SemiBin_236	K05847	NHNCJJEA_01051	123.3	3.7e-36	0
EQnative_Streptomyces_SemiBin_236	K05847	NHNCJJEA_00157	123.2	4.1e-36	0
EQnative_Streptomyces_SemiBin_236	K05847	NHNCJJEA_00862	121.1	1.7e-35	0
EQnative_Streptomyces_SemiBin_236	K05847	NHNCJJEA_01052	120.8	2.2e-35	0
EQnative_Streptomyces_SemiBin_236	K05847	NHNCJJEA_00156	120.7	2.2e-35	0
EQnative_Streptomyces_SemiBin_236	K05847	NHNCJJEA_03384	117.8	1.7e-34	0
EQnative_Streptomyces_SemiBin_236	K05847	NHNCJJEA_04130	117.8	1.8e-34	0
EQnative_Streptomyces_SemiBin_236	K05847	NHNCJJEA_00880	117.6	2e-34	0
EQnative_Streptomyces_SemiBin_236	K05847	NHNCJJEA_00321	116.8	3.5e-34	0
EQnative_Streptomyces_SemiBin_236	K05847	NHNCJJEA_01759	113.8	2.9e-33	0
EQnative_Streptomyces_SemiBin_236	K05847	NHNCJJEA_02536	113.2	4.3e-33	0
EQnative_Streptomyces_SemiBin_236	K05847	NHNCJJEA_02645	111.3	1.6e-32	0
EQnative_Streptomyces_SemiBin_236	K05847	NHNCJJEA_02646	109.5	5.7e-32	0
EQnative_Streptomyces_SemiBin_236	K05847	NHNCJJEA_03093	109.3	6.7e-32	0
EQnative_Streptomyces_SemiBin_236	K05847	NHNCJJEA_03340	106.0	6.7e-31	0
EQnative_Streptomyces_SemiBin_236	K05847	NHNCJJEA_01310	105.4	9.9e-31	0
EQnative_Streptomyces_SemiBin_236	K05847	NHNCJJEA_01056	85.1	1.5e-24	0
EQnative_Streptomyces_SemiBin_236	K05847	NHNCJJEA_02686	71.1	2.7e-20	0
EQnative_Streptomyces_SemiBin_236	K05847	NHNCJJEA_01057	57.6	3.2e-16	0
EQnative_Streptomyces_SemiBin_236	K05847	NHNCJJEA_02030	45.4	1.7e-12	0
EQnative_Streptomyces_SemiBin_236	K05847	NHNCJJEA_00998	43.4	7e-12	0
EQnative_Streptomyces_SemiBin_236	K05847	NHNCJJEA_00967	39.8	8.4e-11	0
EQnative_Streptomyces_SemiBin_236	K05847	NHNCJJEA_00997	36.7	7.2e-10	0
EQnative_Streptomyces_SemiBin_236	K05847	NHNCJJEA_02092	24.8	3.1e-06	0
EQnative_Streptomyces_SemiBin_236	K05847	NHNCJJEA_04307	20.9	4.6e-05	0
EQnative_Streptomyces_SemiBin_236	K05847	NHNCJJEA_01649	16.3	0.0012	0
EQnative_Streptomyces_SemiBin_236	K05847	NHNCJJEA_03755	12.2	0.021	0
EQnative_Streptomyces_SemiBin_236	K03451	NHNCJJEA_03771	601.2	4.2e-181	0
EQnative_Streptomyces_SemiBin_236	K03451	NHNCJJEA_00634	10.9	0.022	0
EQnative_Streptomyces_SemiBin_236	K02168	NHNCJJEA_03771	677.0	6.7e-204	0
EQnative_Streptomyces_SemiBin_236	K02000	NHNCJJEA_01465	582.1	5.3e-175	1
EQnative_Streptomyces_SemiBin_236	K02000	NHNCJJEA_00020	251.9	4.9e-75	0
EQnative_Streptomyces_SemiBin_236	K02000	NHNCJJEA_02310	249.3	3e-74	0
EQnative_Streptomyces_SemiBin_236	K02000	NHNCJJEA_00559	240.5	1.4e-71	0
EQnative_Streptomyces_SemiBin_236	K02000	NHNCJJEA_01358	236.4	2.5e-70	0
EQnative_Streptomyces_SemiBin_236	K02000	NHNCJJEA_01923	216.1	3.4e-64	0
EQnative_Streptomyces_SemiBin_236	K02000	NHNCJJEA_01757	214.7	8.9e-64	0
EQnative_Streptomyces_SemiBin_236	K02000	NHNCJJEA_04319	204.0	1.5e-60	0
EQnative_Streptomyces_SemiBin_236	K02000	NHNCJJEA_03978	200.9	1.3e-59	0
EQnative_Streptomyces_SemiBin_236	K02000	NHNCJJEA_02942	192.5	4.7e-57	0
EQnative_Streptomyces_SemiBin_236	K02000	NHNCJJEA_01996	183.7	2.2e-54	0
EQnative_Streptomyces_SemiBin_236	K02000	NHNCJJEA_02600	181.2	1.3e-53	0
EQnative_Streptomyces_SemiBin_236	K02000	NHNCJJEA_04416	180.9	1.5e-53	0
EQnative_Streptomyces_SemiBin_236	K02000	NHNCJJEA_04236	177.5	1.7e-52	0
EQnative_Streptomyces_SemiBin_236	K02000	NHNCJJEA_03840	171.8	9e-51	0
EQnative_Streptomyces_SemiBin_236	K02000	NHNCJJEA_02943	166.5	3.6e-49	0
EQnative_Streptomyces_SemiBin_236	K02000	NHNCJJEA_00723	166.2	4.5e-49	0
EQnative_Streptomyces_SemiBin_236	K02000	NHNCJJEA_04044	160.6	2.1e-47	0
EQnative_Streptomyces_SemiBin_236	K02000	NHNCJJEA_01249	145.7	6.8e-43	0
EQnative_Streptomyces_SemiBin_236	K02000	NHNCJJEA_00722	141.3	1.5e-41	0
EQnative_Streptomyces_SemiBin_236	K02000	NHNCJJEA_04329	138.2	1.3e-40	0
EQnative_Streptomyces_SemiBin_236	K02000	NHNCJJEA_01557	135.3	9.7e-40	0
EQnative_Streptomyces_SemiBin_236	K02000	NHNCJJEA_02807	129.8	4.7e-38	0
EQnative_Streptomyces_SemiBin_236	K02000	NHNCJJEA_00626	126.5	4.5e-37	0
EQnative_Streptomyces_SemiBin_236	K02000	NHNCJJEA_01603	122.9	5.7e-36	0
EQnative_Streptomyces_SemiBin_236	K02000	NHNCJJEA_03903	118.6	1.1e-34	0
EQnative_Streptomyces_SemiBin_236	K02000	NHNCJJEA_01997	114.6	1.8e-33	0
EQnative_Streptomyces_SemiBin_236	K02000	NHNCJJEA_01678	112.1	1e-32	0
EQnative_Streptomyces_SemiBin_236	K02000	NHNCJJEA_03033	109.5	6.4e-32	0
EQnative_Streptomyces_SemiBin_236	K02000	NHNCJJEA_01759	109.0	8.9e-32	0
EQnative_Streptomyces_SemiBin_236	K02000	NHNCJJEA_00245	105.2	1.2e-30	0
EQnative_Streptomyces_SemiBin_236	K02000	NHNCJJEA_03707	105.0	1.5e-30	0
EQnative_Streptomyces_SemiBin_236	K02000	NHNCJJEA_03989	104.2	2.6e-30	0
EQnative_Streptomyces_SemiBin_236	K02000	NHNCJJEA_00047	103.7	3.7e-30	0
EQnative_Streptomyces_SemiBin_236	K02000	NHNCJJEA_00431	101.6	1.6e-29	0
EQnative_Streptomyces_SemiBin_236	K02000	NHNCJJEA_03493	98.4	1.5e-28	0
EQnative_Streptomyces_SemiBin_236	K02000	NHNCJJEA_01877	97.0	3.9e-28	0
EQnative_Streptomyces_SemiBin_236	K02000	NHNCJJEA_02795	96.2	6.8e-28	0
EQnative_Streptomyces_SemiBin_236	K02000	NHNCJJEA_04238	95.6	1.1e-27	0
EQnative_Streptomyces_SemiBin_236	K02000	NHNCJJEA_04157	94.4	2.4e-27	0
EQnative_Streptomyces_SemiBin_236	K02000	NHNCJJEA_03384	92.2	1.1e-26	0
EQnative_Streptomyces_SemiBin_236	K02000	NHNCJJEA_03339	91.6	1.6e-26	0
EQnative_Streptomyces_SemiBin_236	K02000	NHNCJJEA_03706	90.2	4.3e-26	0
EQnative_Streptomyces_SemiBin_236	K02000	NHNCJJEA_02789	90.2	4.6e-26	0
EQnative_Streptomyces_SemiBin_236	K02000	NHNCJJEA_00861	89.3	8.1e-26	0
EQnative_Streptomyces_SemiBin_236	K02000	NHNCJJEA_00157	88.9	1.1e-25	0
EQnative_Streptomyces_SemiBin_236	K02000	NHNCJJEA_01051	88.8	1.2e-25	0
EQnative_Streptomyces_SemiBin_236	K02000	NHNCJJEA_01310	88.3	1.6e-25	0
EQnative_Streptomyces_SemiBin_236	K02000	NHNCJJEA_01181	88.3	1.7e-25	0
EQnative_Streptomyces_SemiBin_236	K02000	NHNCJJEA_00202	88.2	1.8e-25	0
EQnative_Streptomyces_SemiBin_236	K02000	NHNCJJEA_03340	87.5	2.9e-25	0
EQnative_Streptomyces_SemiBin_236	K02000	NHNCJJEA_02536	87.0	4.2e-25	0
EQnative_Streptomyces_SemiBin_236	K02000	NHNCJJEA_00612	85.0	1.7e-24	0
EQnative_Streptomyces_SemiBin_236	K02000	NHNCJJEA_00156	84.4	2.6e-24	0
EQnative_Streptomyces_SemiBin_236	K02000	NHNCJJEA_00118	83.3	5.4e-24	0
EQnative_Streptomyces_SemiBin_236	K02000	NHNCJJEA_01052	83.2	5.7e-24	0
EQnative_Streptomyces_SemiBin_236	K02000	NHNCJJEA_01058	82.1	1.3e-23	0
EQnative_Streptomyces_SemiBin_236	K02000	NHNCJJEA_00862	79.5	7.4e-23	0
EQnative_Streptomyces_SemiBin_236	K02000	NHNCJJEA_04130	79.4	8.5e-23	0
EQnative_Streptomyces_SemiBin_236	K02000	NHNCJJEA_00048	73.1	6.6e-21	0
EQnative_Streptomyces_SemiBin_236	K02000	NHNCJJEA_03036	72.6	9.5e-21	0
EQnative_Streptomyces_SemiBin_236	K02000	NHNCJJEA_01056	69.3	9.4e-20	0
EQnative_Streptomyces_SemiBin_236	K02000	NHNCJJEA_03794	67.4	3.6e-19	0
EQnative_Streptomyces_SemiBin_236	K02000	NHNCJJEA_00880	65.4	1.4e-18	0
EQnative_Streptomyces_SemiBin_236	K02000	NHNCJJEA_02645	63.4	5.6e-18	0
EQnative_Streptomyces_SemiBin_236	K02000	NHNCJJEA_00321	63.0	7.5e-18	0
EQnative_Streptomyces_SemiBin_236	K02000	NHNCJJEA_03093	57.7	3.2e-16	0
EQnative_Streptomyces_SemiBin_236	K02000	NHNCJJEA_02686	54.9	2.1e-15	0
EQnative_Streptomyces_SemiBin_236	K02000	NHNCJJEA_01057	49.8	7.8e-14	0
EQnative_Streptomyces_SemiBin_236	K02000	NHNCJJEA_02646	48.8	1.6e-13	0
EQnative_Streptomyces_SemiBin_236	K02000	NHNCJJEA_00939	33.7	5.5e-09	0
EQnative_Streptomyces_SemiBin_236	K02000	NHNCJJEA_02854	31.2	3.3e-08	0
EQnative_Streptomyces_SemiBin_236	K02000	NHNCJJEA_02030	30.1	6.8e-08	0
EQnative_Streptomyces_SemiBin_236	K02000	NHNCJJEA_01850	23.0	9.9e-06	0
EQnative_Streptomyces_SemiBin_236	K02000	NHNCJJEA_04307	22.8	1.2e-05	0
EQnative_Streptomyces_SemiBin_236	K02000	NHNCJJEA_01646	20.6	5.1e-05	0
EQnative_Streptomyces_SemiBin_236	K02000	NHNCJJEA_00967	19.8	9.4e-05	0
EQnative_Streptomyces_SemiBin_236	K02000	NHNCJJEA_03610	19.5	0.00011	0
EQnative_Streptomyces_SemiBin_236	K02000	NHNCJJEA_00055	19.4	0.00012	0
EQnative_Streptomyces_SemiBin_236	K02000	NHNCJJEA_02226	18.3	0.00025	0
EQnative_Streptomyces_SemiBin_236	K02000	NHNCJJEA_00998	18.3	0.00026	0
EQnative_Streptomyces_SemiBin_236	K02000	NHNCJJEA_00818	17.7	0.00039	0
EQnative_Streptomyces_SemiBin_236	K02000	NHNCJJEA_02525	17.7	0.00039	0
EQnative_Streptomyces_SemiBin_236	K02000	NHNCJJEA_00997	17.3	0.00052	0
EQnative_Streptomyces_SemiBin_236	K02000	NHNCJJEA_01289	16.2	0.0011	0
EQnative_Streptomyces_SemiBin_236	K02000	NHNCJJEA_02227	15.0	0.0025	0
EQnative_Streptomyces_SemiBin_236	K02000	NHNCJJEA_02092	14.3	0.0042	0
EQnative_Streptomyces_SemiBin_236	K02000	NHNCJJEA_03262	12.2	0.018	0
EQnative_Streptomyces_SemiBin_236	K02000	NHNCJJEA_02841	11.5	0.029	0
EQnative_Streptomyces_SemiBin_236	K02000	NHNCJJEA_02003	11.0	0.043	0
EQnative_Streptomyces_SemiBin_236	K02001	NHNCJJEA_01466	597.2	1.4e-179	1
EQnative_Streptomyces_SemiBin_236	K02001	NHNCJJEA_01467	64.4	1.8e-18	0
EQnative_Streptomyces_SemiBin_236	K02001	NHNCJJEA_02311	49.9	4.6e-14	0
EQnative_Streptomyces_SemiBin_236	K02001	NHNCJJEA_04308	30.1	4.4e-08	0
EQnative_Streptomyces_SemiBin_236	K02001	NHNCJJEA_00638	28.7	1.2e-07	0
EQnative_Streptomyces_SemiBin_236	K02001	NHNCJJEA_01357	23.6	4.1e-06	0
EQnative_Streptomyces_SemiBin_236	K02001	NHNCJJEA_04424	20.6	3.2e-05	0
EQnative_Streptomyces_SemiBin_236	K02001	NHNCJJEA_03480	20.2	4.3e-05	0
EQnative_Streptomyces_SemiBin_236	K02001	NHNCJJEA_00094	20.2	4.4e-05	0
EQnative_Streptomyces_SemiBin_236	K02001	NHNCJJEA_02891	18.4	0.00015	0
EQnative_Streptomyces_SemiBin_236	K02001	NHNCJJEA_02215	17.5	0.00028	0
EQnative_Streptomyces_SemiBin_236	K02001	NHNCJJEA_01947	16.9	0.00043	0
EQnative_Streptomyces_SemiBin_236	K02001	NHNCJJEA_03517	16.8	0.00046	0
EQnative_Streptomyces_SemiBin_236	K02001	NHNCJJEA_01925	15.7	0.00095	0
EQnative_Streptomyces_SemiBin_236	K02001	NHNCJJEA_01076	15.5	0.0011	0
EQnative_Streptomyces_SemiBin_236	K02001	NHNCJJEA_01563	15.2	0.0014	0
EQnative_Streptomyces_SemiBin_236	K02001	NHNCJJEA_02214	14.8	0.0019	0
EQnative_Streptomyces_SemiBin_236	K02001	NHNCJJEA_02168	14.7	0.0019	0
EQnative_Streptomyces_SemiBin_236	K02001	NHNCJJEA_00842	13.5	0.0046	0
EQnative_Streptomyces_SemiBin_236	K02001	NHNCJJEA_01562	13.3	0.0054	0
EQnative_Streptomyces_SemiBin_236	K02001	NHNCJJEA_04015	13.0	0.0062	0
EQnative_Streptomyces_SemiBin_236	K02001	NHNCJJEA_02167	13.0	0.0063	0
EQnative_Streptomyces_SemiBin_236	K02001	NHNCJJEA_03078	12.9	0.007	0
EQnative_Streptomyces_SemiBin_236	K02001	NHNCJJEA_00402	12.6	0.0084	0
EQnative_Streptomyces_SemiBin_236	K02001	NHNCJJEA_04014	12.5	0.0089	0
EQnative_Streptomyces_SemiBin_236	K02001	NHNCJJEA_00738	12.5	0.0089	0
EQnative_Streptomyces_SemiBin_236	K02001	NHNCJJEA_01999	12.0	0.013	0
EQnative_Streptomyces_SemiBin_236	K02001	NHNCJJEA_01946	12.0	0.013	0
EQnative_Streptomyces_SemiBin_236	K02001	NHNCJJEA_00018	11.9	0.014	0
EQnative_Streptomyces_SemiBin_236	K02001	NHNCJJEA_02890	11.8	0.015	0
EQnative_Streptomyces_SemiBin_236	K02001	NHNCJJEA_00653	11.7	0.015	0
EQnative_Streptomyces_SemiBin_236	K02001	NHNCJJEA_01454	11.5	0.019	0
EQnative_Streptomyces_SemiBin_236	K02001	NHNCJJEA_02371	11.2	0.022	0
EQnative_Streptomyces_SemiBin_236	K02001	NHNCJJEA_00199	10.8	0.03	0
EQnative_Streptomyces_SemiBin_236	K02001	NHNCJJEA_02051	10.6	0.035	0
EQnative_Streptomyces_SemiBin_236	K02001	NHNCJJEA_00737	10.0	0.053	0
EQnative_Streptomyces_SemiBin_236	K02001	NHNCJJEA_00218	9.9	0.055	0
EQnative_Streptomyces_SemiBin_236	K02001	NHNCJJEA_00356	8.4	0.16	0
EQnative_Streptomyces_SemiBin_236	K02001	NHNCJJEA_03977	7.6	0.27	0
EQnative_Streptomyces_SemiBin_236	K02001	NHNCJJEA_03347	7.3	0.35	0
EQnative_Streptomyces_SemiBin_236	K02001	NHNCJJEA_00637	6.2	0.71	0
EQnative_Streptomyces_SemiBin_236	K02001	NHNCJJEA_00017	6.1	0.79	0
EQnative_Streptomyces_SemiBin_236	K02001	NHNCJJEA_02736	5.8	0.99	0
EQnative_Streptomyces_SemiBin_236	K02001	NHNCJJEA_01756	5.3	1.4	0
EQnative_Streptomyces_SemiBin_236	K02001	NHNCJJEA_01077	5.0	1.7	0
EQnative_Streptomyces_SemiBin_236	K02001	NHNCJJEA_03341	4.8	1.9	0
EQnative_Streptomyces_SemiBin_236	K02001	NHNCJJEA_00401	3.9	3.7	0
EQnative_Streptomyces_SemiBin_236	K02001	NHNCJJEA_00792	3.1	6.5	0
EQnative_Streptomyces_SemiBin_236	K02002	NHNCJJEA_01467	212.0	3.5e-63	1
EQnative_Streptomyces_SemiBin_236	K02002	NHNCJJEA_01466	169.3	2.9e-50	1
EQnative_Streptomyces_SemiBin_236	K02002	NHNCJJEA_02311	21.8	1.4e-05	0
EQnative_Streptomyces_SemiBin_236	K02002	NHNCJJEA_00019	17.0	0.0004	0
EQnative_Streptomyces_SemiBin_236	K02002	NHNCJJEA_02737	13.8	0.0037	0
EQnative_Streptomyces_SemiBin_236	K02779	NHNCJJEA_01896	432.3	8.1e-130	0
EQnative_Streptomyces_SemiBin_236	K02779	NHNCJJEA_01897	62.2	8.1e-18	0
EQnative_Streptomyces_SemiBin_236	K02779	NHNCJJEA_02746	8.2	0.17	0
EQnative_Streptomyces_SemiBin_236	K01226	NHNCJJEA_02889	345.7	1.3e-103	0
EQnative_Streptomyces_SemiBin_236	K01226	NHNCJJEA_00169	332.2	1.7e-99	0
EQnative_Streptomyces_SemiBin_236	K01226	NHNCJJEA_01456	286.4	1.2e-85	0
EQnative_Streptomyces_SemiBin_236	K01226	NHNCJJEA_01457	56.8	4.3e-16	0
EQnative_Streptomyces_SemiBin_236	K01226	NHNCJJEA_04256	37.0	4.4e-10	0
EQnative_Streptomyces_SemiBin_236	K01226	NHNCJJEA_04257	35.3	1.5e-09	0
EQnative_Streptomyces_SemiBin_236	K01226	NHNCJJEA_03393	34.1	3.4e-09	0
EQnative_Streptomyces_SemiBin_236	K01226	NHNCJJEA_01459	32.3	1.2e-08	0
EQnative_Streptomyces_SemiBin_236	K01226	NHNCJJEA_03388	25.5	1.3e-06	0
EQnative_Streptomyces_SemiBin_236	K03486	NHNCJJEA_01664	118.7	7.3e-35	0
EQnative_Streptomyces_SemiBin_236	K03486	NHNCJJEA_00428	101.5	1.3e-29	0
EQnative_Streptomyces_SemiBin_236	K03486	NHNCJJEA_01492	77.2	3.5e-22	0
EQnative_Streptomyces_SemiBin_236	K03486	NHNCJJEA_03763	55.9	1.1e-15	0
EQnative_Streptomyces_SemiBin_236	K03486	NHNCJJEA_03157	55.2	1.9e-15	0
EQnative_Streptomyces_SemiBin_236	K03486	NHNCJJEA_04230	54.2	3.8e-15	0
EQnative_Streptomyces_SemiBin_236	K03486	NHNCJJEA_00534	50.7	4.3e-14	0
EQnative_Streptomyces_SemiBin_236	K03486	NHNCJJEA_03514	50.4	5.3e-14	0
EQnative_Streptomyces_SemiBin_236	K03486	NHNCJJEA_04140	49.5	1e-13	0
EQnative_Streptomyces_SemiBin_236	K03486	NHNCJJEA_03616	46.0	1.2e-12	0
EQnative_Streptomyces_SemiBin_236	K03486	NHNCJJEA_04026	44.9	2.6e-12	0
EQnative_Streptomyces_SemiBin_236	K03486	NHNCJJEA_00647	42.6	1.3e-11	0
EQnative_Streptomyces_SemiBin_236	K03486	NHNCJJEA_03154	40.8	4.5e-11	0
EQnative_Streptomyces_SemiBin_236	K03486	NHNCJJEA_04232	37.3	5.4e-10	0
EQnative_Streptomyces_SemiBin_236	K03486	NHNCJJEA_04340	37.2	5.7e-10	0
EQnative_Streptomyces_SemiBin_236	K03486	NHNCJJEA_02378	35.9	1.4e-09	0
EQnative_Streptomyces_SemiBin_236	K03486	NHNCJJEA_03184	34.9	3e-09	0
EQnative_Streptomyces_SemiBin_236	K03486	NHNCJJEA_00426	33.2	9.4e-09	0
EQnative_Streptomyces_SemiBin_236	K03486	NHNCJJEA_03317	30.9	4.7e-08	0
EQnative_Streptomyces_SemiBin_236	K03486	NHNCJJEA_02058	30.1	8.5e-08	0
EQnative_Streptomyces_SemiBin_236	K03486	NHNCJJEA_02096	29.3	1.5e-07	0
EQnative_Streptomyces_SemiBin_236	K03486	NHNCJJEA_03455	29.0	1.8e-07	0
EQnative_Streptomyces_SemiBin_236	K03486	NHNCJJEA_04008	27.7	4.5e-07	0
EQnative_Streptomyces_SemiBin_236	K03486	NHNCJJEA_04221	27.2	6.4e-07	0
EQnative_Streptomyces_SemiBin_236	K03486	NHNCJJEA_01495	26.4	1.2e-06	0
EQnative_Streptomyces_SemiBin_236	K03486	NHNCJJEA_00503	26.2	1.3e-06	0
EQnative_Streptomyces_SemiBin_236	K03486	NHNCJJEA_02862	25.8	1.8e-06	0
EQnative_Streptomyces_SemiBin_236	K03486	NHNCJJEA_02876	20.3	8.5e-05	0
EQnative_Streptomyces_SemiBin_236	K03486	NHNCJJEA_00885	19.0	0.00021	0
EQnative_Streptomyces_SemiBin_236	K03486	NHNCJJEA_03349	18.9	0.00022	0
EQnative_Streptomyces_SemiBin_236	K03486	NHNCJJEA_01015	17.5	0.00062	0
EQnative_Streptomyces_SemiBin_236	K03486	NHNCJJEA_02015	17.2	0.00073	0
EQnative_Streptomyces_SemiBin_236	K03486	NHNCJJEA_01424	17.0	0.00083	0
EQnative_Streptomyces_SemiBin_236	K03486	NHNCJJEA_03418	15.9	0.0019	0
EQnative_Streptomyces_SemiBin_236	K03486	NHNCJJEA_04188	14.7	0.0044	0
RefSeq_Ammoniphilus	K00697	WP_120188418.1	11.2	0.017	0
RefSeq_Ammoniphilus	K01087	WP_120189323.1	29.4	7e-08	0
RefSeq_Ammoniphilus	K01087	WP_120189627.1	26.2	6.6e-07	0
RefSeq_Ammoniphilus	K01087	WP_120189802.1	21.1	2.4e-05	0
RefSeq_Ammoniphilus	K01087	WP_211329324.1	19.1	9.1e-05	0
RefSeq_Ammoniphilus	K13057	WP_120189878.1	85.3	5.7e-25	0
RefSeq_Ammoniphilus	K13057	WP_120188418.1	83.7	1.8e-24	0
RefSeq_Ammoniphilus	K13057	WP_120189053.1	81.8	6.8e-24	0
RefSeq_Ammoniphilus	K13057	WP_120190654.1	66.7	2.6e-19	0
RefSeq_Ammoniphilus	K13057	WP_170145342.1	65.4	6.3e-19	0
RefSeq_Ammoniphilus	K13057	WP_120188776.1	64.6	1.1e-18	0
RefSeq_Ammoniphilus	K13057	WP_120189877.1	57.6	1.4e-16	0
RefSeq_Ammoniphilus	K13057	WP_120190215.1	47.1	2.3e-13	0
RefSeq_Ammoniphilus	K13057	WP_120190665.1	45.2	8.5e-13	0
RefSeq_Ammoniphilus	K13057	WP_120190664.1	43.5	2.7e-12	0
RefSeq_Ammoniphilus	K13057	WP_120190729.1	42.3	6.4e-12	0
RefSeq_Ammoniphilus	K13057	WP_120190659.1	36.1	4.8e-10	0
RefSeq_Ammoniphilus	K13057	WP_120190658.1	31.3	1.4e-08	0
RefSeq_Ammoniphilus	K13057	WP_120190594.1	24.9	1.2e-06	0
RefSeq_Ammoniphilus	K13057	WP_120190655.1	16.2	0.00054	0
RefSeq_Ammoniphilus	K00108	WP_120190919.1	15.3	0.0007	0
RefSeq_Ammoniphilus	K00108	WP_120190967.1	15.2	0.00073	0
RefSeq_Ammoniphilus	K00108	WP_342767388.1	14.9	0.00095	0
RefSeq_Ammoniphilus	K00108	WP_120190589.1	12.3	0.0057	0
RefSeq_Ammoniphilus	K00108	WP_120189814.1	11.5	0.0097	0
RefSeq_Ammoniphilus	K00108	WP_120190651.1	10.6	0.019	0
RefSeq_Ammoniphilus	K00108	WP_120190349.1	9.6	0.037	0
RefSeq_Ammoniphilus	K00130	WP_120190119.1	480.4	1.3e-144	0
RefSeq_Ammoniphilus	K00130	WP_120191145.1	437.4	1.3e-131	0
RefSeq_Ammoniphilus	K00130	WP_120188608.1	296.5	6.6e-89	0
RefSeq_Ammoniphilus	K00130	WP_120190862.1	30.9	1.7e-08	0
RefSeq_Ammoniphilus	K00130	WP_120189769.1	12.1	0.0086	0
RefSeq_Ammoniphilus	K17755	WP_120188271.1	11.8	0.014	0
RefSeq_Ammoniphilus	K17755	WP_120189814.1	11.7	0.015	0
RefSeq_Ammoniphilus	K17755	WP_120190655.1	11.0	0.025	0
RefSeq_Ammoniphilus	K17756	WP_120188036.1	19.4	5.2e-05	0
RefSeq_Ammoniphilus	K17756	WP_120188271.1	16.7	0.00032	0
RefSeq_Ammoniphilus	K17756	WP_120188787.1	16.0	0.00054	0
RefSeq_Ammoniphilus	K17756	WP_120188474.1	15.2	0.00093	0
RefSeq_Ammoniphilus	K17756	WP_120189722.1	12.4	0.0068	0
RefSeq_Ammoniphilus	K06718	WP_120191088.1	29.7	7.2e-08	0
RefSeq_Ammoniphilus	K06718	WP_170145380.1	28.4	1.7e-07	0
RefSeq_Ammoniphilus	K06721	WP_120189466.1	21.7	2e-05	0
RefSeq_Ammoniphilus	K06721	WP_120189668.1	17.2	0.00048	0
RefSeq_Ammoniphilus	K06721	WP_120189675.1	13.3	0.007	0
RefSeq_Ammoniphilus	K06721	WP_120189363.1	12.3	0.014	0
RefSeq_Ammoniphilus	K06721	WP_120190576.1	12.0	0.018	0
RefSeq_Ammoniphilus	K06721	WP_120188604.1	11.3	0.03	0
RefSeq_Ammoniphilus	K06721	WP_120188098.1	11.3	0.03	0
RefSeq_Ammoniphilus	K06721	WP_120189717.1	9.4	0.11	0
RefSeq_Ammoniphilus	K06721	WP_120190049.1	5.6	1.6	0
RefSeq_Ammoniphilus	K06721	WP_120189498.1	4.0	4.8	0
RefSeq_Ammoniphilus	K05845	WP_211329290.1	344.6	1.9e-103	1
RefSeq_Ammoniphilus	K05845	WP_120190204.1	50.3	3.1e-14	0
RefSeq_Ammoniphilus	K05845	WP_245983540.1	45.5	8.8e-13	0
RefSeq_Ammoniphilus	K05845	WP_120188055.1	16.8	0.00046	0
RefSeq_Ammoniphilus	K05845	WP_245983161.1	11.4	0.02	0
RefSeq_Ammoniphilus	K05846	WP_120188055.1	299.3	7.5e-90	1
RefSeq_Ammoniphilus	K05846	WP_120190205.1	178.3	4.3e-53	0
RefSeq_Ammoniphilus	K05846	WP_120188956.1	95.1	7.8e-28	0
RefSeq_Ammoniphilus	K05846	WP_245983446.1	89.4	4.2e-26	0
RefSeq_Ammoniphilus	K05846	WP_120189393.1	74.2	1.7e-21	0
RefSeq_Ammoniphilus	K05846	WP_120190876.1	68.7	7.9e-20	0
RefSeq_Ammoniphilus	K05846	WP_120189745.1	63.0	4.4e-18	0
RefSeq_Ammoniphilus	K05846	WP_120189093.1	55.5	8.4e-16	0
RefSeq_Ammoniphilus	K05846	WP_120188836.1	41.2	1.7e-11	0
RefSeq_Ammoniphilus	K05846	WP_245983582.1	39.0	8e-11	0
RefSeq_Ammoniphilus	K05846	WP_245983425.1	37.1	3.1e-10	0
RefSeq_Ammoniphilus	K05846	WP_120188638.1	29.9	4.8e-08	0
RefSeq_Ammoniphilus	K05846	WP_120188309.1	29.1	8.5e-08	0
RefSeq_Ammoniphilus	K05846	WP_120190960.1	22.4	9.1e-06	0
RefSeq_Ammoniphilus	K05846	WP_120190975.1	20.0	5e-05	0
RefSeq_Ammoniphilus	K05846	WP_120188291.1	17.9	0.00021	0
RefSeq_Ammoniphilus	K05846	WP_120188308.1	15.8	0.0009	0
RefSeq_Ammoniphilus	K05846	WP_120190629.1	15.7	0.001	0
RefSeq_Ammoniphilus	K05846	WP_120188599.1	15.4	0.0012	0
RefSeq_Ammoniphilus	K05846	WP_120190344.1	12.0	0.013	0
RefSeq_Ammoniphilus	K05846	WP_120187835.1	10.8	0.03	0
RefSeq_Ammoniphilus	K05846	WP_120187836.1	10.7	0.032	0
RefSeq_Ammoniphilus	K05846	WP_120190489.1	7.1	0.41	0
RefSeq_Ammoniphilus	K05846	WP_120190700.1	5.0	1.7	0
RefSeq_Ammoniphilus	K05846	WP_170145259.1	3.6	4.7	0
RefSeq_Ammoniphilus	K05847	WP_120188056.1	477.3	8.2e-144	1
RefSeq_Ammoniphilus	K05847	WP_211329347.1	333.0	5.6e-100	0
RefSeq_Ammoniphilus	K05847	WP_120190762.1	289.4	9.9e-87	0
RefSeq_Ammoniphilus	K05847	WP_120188639.1	284.7	2.6e-85	0
RefSeq_Ammoniphilus	K05847	WP_211329372.1	283.8	4.9e-85	0
RefSeq_Ammoniphilus	K05847	WP_120190617.1	275.2	2.1e-82	0
RefSeq_Ammoniphilus	K05847	WP_120190859.1	251.6	3.1e-75	0
RefSeq_Ammoniphilus	K05847	WP_120190630.1	251.0	4.5e-75	0
RefSeq_Ammoniphilus	K05847	WP_120189607.1	244.7	3.6e-73	0
RefSeq_Ammoniphilus	K05847	WP_120189094.1	238.9	2.2e-71	0
RefSeq_Ammoniphilus	K05847	WP_120188292.1	233.4	1e-69	0
RefSeq_Ammoniphilus	K05847	WP_120189394.1	233.3	1.1e-69	0
RefSeq_Ammoniphilus	K05847	WP_120189743.1	229.2	1.9e-68	0
RefSeq_Ammoniphilus	K05847	WP_120188600.1	221.4	4.4e-66	0
RefSeq_Ammoniphilus	K05847	WP_120190809.1	216.3	1.6e-64	0
RefSeq_Ammoniphilus	K05847	WP_120188713.1	214.6	5e-64	0
RefSeq_Ammoniphilus	K05847	WP_120188835.1	214.0	7.8e-64	0
RefSeq_Ammoniphilus	K05847	WP_120190699.1	205.9	2.3e-61	0
RefSeq_Ammoniphilus	K05847	WP_120191001.1	205.7	2.7e-61	0
RefSeq_Ammoniphilus	K05847	WP_120190877.1	195.0	4.7e-58	0
RefSeq_Ammoniphilus	K05847	WP_120189826.1	194.5	6.8e-58	0
RefSeq_Ammoniphilus	K05847	WP_120190151.1	189.1	2.8e-56	0
RefSeq_Ammoniphilus	K05847	WP_120190152.1	188.5	4.4e-56	0
RefSeq_Ammoniphilus	K05847	WP_120189283.1	183.3	1.6e-54	0
RefSeq_Ammoniphilus	K05847	WP_120189953.1	178.3	5.7e-53	0
RefSeq_Ammoniphilus	K05847	WP_120188693.1	172.3	3.6e-51	0
RefSeq_Ammoniphilus	K05847	WP_120188310.1	170.9	9.8e-51	0
RefSeq_Ammoniphilus	K05847	WP_120189771.1	161.7	6.3e-48	0
RefSeq_Ammoniphilus	K05847	WP_120191174.1	161.5	7.1e-48	0
RefSeq_Ammoniphilus	K05847	WP_120188569.1	157.7	9.8e-47	0
RefSeq_Ammoniphilus	K05847	WP_120189390.1	157.2	1.4e-46	0
RefSeq_Ammoniphilus	K05847	WP_120190422.1	157.0	1.6e-46	0
RefSeq_Ammoniphilus	K05847	WP_120189819.1	156.9	1.8e-46	0
RefSeq_Ammoniphilus	K05847	WP_120188483.1	155.1	6.3e-46	0
RefSeq_Ammoniphilus	K05847	WP_120190343.1	153.3	2.2e-45	0
RefSeq_Ammoniphilus	K05847	WP_120191086.1	153.1	2.5e-45	0
RefSeq_Ammoniphilus	K05847	WP_120189737.1	149.6	2.9e-44	0
RefSeq_Ammoniphilus	K05847	WP_120188484.1	149.4	3.2e-44	0
RefSeq_Ammoniphilus	K05847	WP_120190984.1	149.3	3.6e-44	0
RefSeq_Ammoniphilus	K05847	WP_120190666.1	147.7	1.1e-43	0
RefSeq_Ammoniphilus	K05847	WP_120190419.1	147.4	1.4e-43	0
RefSeq_Ammoniphilus	K05847	WP_245983562.1	145.9	3.8e-43	0
RefSeq_Ammoniphilus	K05847	WP_120187890.1	145.9	3.8e-43	0
RefSeq_Ammoniphilus	K05847	WP_120190421.1	145.1	6.7e-43	0
RefSeq_Ammoniphilus	K05847	WP_120188525.1	144.8	8.3e-43	0
RefSeq_Ammoniphilus	K05847	WP_120187863.1	143.7	1.8e-42	0
RefSeq_Ammoniphilus	K05847	WP_120190348.1	140.5	1.7e-41	0
RefSeq_Ammoniphilus	K05847	WP_120190678.1	140.2	2.1e-41	0
RefSeq_Ammoniphilus	K05847	WP_120190632.1	137.4	1.5e-40	0
RefSeq_Ammoniphilus	K05847	WP_120188469.1	132.8	3.7e-39	0
RefSeq_Ammoniphilus	K05847	WP_120190631.1	132.7	4e-39	0
RefSeq_Ammoniphilus	K05847	WP_120191082.1	132.2	5.6e-39	0
RefSeq_Ammoniphilus	K05847	WP_120188934.1	130.2	2.3e-38	0
RefSeq_Ammoniphilus	K05847	WP_120188004.1	129.1	5e-38	0
RefSeq_Ammoniphilus	K05847	WP_245983380.1	128.9	5.5e-38	0
RefSeq_Ammoniphilus	K05847	WP_120188786.1	128.5	7.3e-38	0
RefSeq_Ammoniphilus	K05847	WP_120188523.1	126.7	2.7e-37	0
RefSeq_Ammoniphilus	K05847	WP_120188921.1	124.8	1e-36	0
RefSeq_Ammoniphilus	K05847	WP_120189992.1	123.7	2.1e-36	0
RefSeq_Ammoniphilus	K05847	WP_120189711.1	120.7	1.7e-35	0
RefSeq_Ammoniphilus	K05847	WP_120188522.1	118.4	8.5e-35	0
RefSeq_Ammoniphilus	K05847	WP_120190067.1	118.3	9.6e-35	0
RefSeq_Ammoniphilus	K05847	WP_120188288.1	108.0	1.2e-31	0
RefSeq_Ammoniphilus	K05847	WP_120190490.1	100.6	2.2e-29	0
RefSeq_Ammoniphilus	K05847	WP_120190491.1	97.5	1.9e-28	0
RefSeq_Ammoniphilus	K05847	WP_120188954.1	82.6	6.4e-24	0
RefSeq_Ammoniphilus	K05847	WP_120188955.1	79.9	4.2e-23	0
RefSeq_Ammoniphilus	K05847	WP_120190471.1	78.1	1.5e-22	0
RefSeq_Ammoniphilus	K05847	WP_120191128.1	71.2	1.9e-20	0
RefSeq_Ammoniphilus	K05847	WP_120190935.1	55.0	1.6e-15	0
RefSeq_Ammoniphilus	K05847	WP_120190988.1	42.0	1.4e-11	0
RefSeq_Ammoniphilus	K05847	WP_120190316.1	16.8	0.00063	0
RefSeq_Ammoniphilus	K05847	WP_120189437.1	14.9	0.0023	0
RefSeq_Ammoniphilus	K05847	WP_120189617.1	12.7	0.011	0
RefSeq_Ammoniphilus	K05847	WP_120188100.1	12.1	0.017	0
RefSeq_Ammoniphilus	K05847	WP_120188852.1	12.1	0.017	0
RefSeq_Ammoniphilus	K05847	WP_120189464.1	12.0	0.018	0
RefSeq_Ammoniphilus	K05847	WP_120188238.1	11.4	0.028	0
RefSeq_Ammoniphilus	K03451	WP_120188661.1	583.7	6.6e-176	0
RefSeq_Ammoniphilus	K03451	WP_211329293.1	19.4	4.7e-05	0
RefSeq_Ammoniphilus	K02168	WP_120188661.1	659.4	1.2e-198	0
RefSeq_Ammoniphilus	K02168	WP_211329293.1	13.9	0.0021	0
RefSeq_Ammoniphilus	K02168	WP_120190141.1	8.6	0.085	0
RefSeq_Ammoniphilus	K02168	WP_120189591.1	5.9	0.53	0
RefSeq_Ammoniphilus	K02000	WP_211329347.1	647.7	6e-195	1
RefSeq_Ammoniphilus	K02000	WP_120188056.1	395.5	1.3e-118	0
RefSeq_Ammoniphilus	K02000	WP_120189607.1	277.9	5.3e-83	0
RefSeq_Ammoniphilus	K02000	WP_211329372.1	274.3	6.5e-82	0
RefSeq_Ammoniphilus	K02000	WP_120188639.1	259.9	1.4e-77	0
RefSeq_Ammoniphilus	K02000	WP_120190630.1	253.0	1.7e-75	0
RefSeq_Ammoniphilus	K02000	WP_120189743.1	243.8	1.1e-72	0
RefSeq_Ammoniphilus	K02000	WP_120190859.1	232.7	2.5e-69	0
RefSeq_Ammoniphilus	K02000	WP_120188292.1	228.9	3.4e-68	0
RefSeq_Ammoniphilus	K02000	WP_120190762.1	228.2	5.8e-68	0
RefSeq_Ammoniphilus	K02000	WP_120190617.1	225.6	3.5e-67	0
RefSeq_Ammoniphilus	K02000	WP_120189394.1	225.4	3.9e-67	0
RefSeq_Ammoniphilus	K02000	WP_120189094.1	217.8	8.1e-65	0
RefSeq_Ammoniphilus	K02000	WP_120188600.1	214.2	1e-63	0
RefSeq_Ammoniphilus	K02000	WP_120190877.1	207.2	1.3e-61	0
RefSeq_Ammoniphilus	K02000	WP_120190809.1	206.0	2.9e-61	0
RefSeq_Ammoniphilus	K02000	WP_120188713.1	197.8	9e-59	0
RefSeq_Ammoniphilus	K02000	WP_120189826.1	193.4	1.9e-57	0
RefSeq_Ammoniphilus	K02000	WP_120190699.1	190.2	1.8e-56	0
RefSeq_Ammoniphilus	K02000	WP_120188835.1	189.1	3.8e-56	0
RefSeq_Ammoniphilus	K02000	WP_120189283.1	187.4	1.3e-55	0
RefSeq_Ammoniphilus	K02000	WP_120190152.1	178.1	8.5e-53	0
RefSeq_Ammoniphilus	K02000	WP_120188310.1	173.9	1.5e-51	0
RefSeq_Ammoniphilus	K02000	WP_120191001.1	164.5	1.1e-48	0
RefSeq_Ammoniphilus	K02000	WP_120189953.1	163.5	2.2e-48	0
RefSeq_Ammoniphilus	K02000	WP_120190151.1	160.9	1.3e-47	0
RefSeq_Ammoniphilus	K02000	WP_120188693.1	160.3	2e-47	0
RefSeq_Ammoniphilus	K02000	WP_120190984.1	142.4	5.3e-42	0
RefSeq_Ammoniphilus	K02000	WP_120189819.1	141.9	7.4e-42	0
RefSeq_Ammoniphilus	K02000	WP_120188484.1	138.2	1e-40	0
RefSeq_Ammoniphilus	K02000	WP_245983562.1	131.1	1.4e-38	0
RefSeq_Ammoniphilus	K02000	WP_120188525.1	127.7	1.5e-37	0
RefSeq_Ammoniphilus	K02000	WP_120191174.1	126.6	3.2e-37	0
RefSeq_Ammoniphilus	K02000	WP_120189390.1	126.5	3.5e-37	0
RefSeq_Ammoniphilus	K02000	WP_120190343.1	126.0	5e-37	0
RefSeq_Ammoniphilus	K02000	WP_120190419.1	121.3	1.3e-35	0
RefSeq_Ammoniphilus	K02000	WP_120189771.1	119.7	4.1e-35	0
RefSeq_Ammoniphilus	K02000	WP_120188469.1	115.9	5.8e-34	0
RefSeq_Ammoniphilus	K02000	WP_120189737.1	115.6	6.9e-34	0
RefSeq_Ammoniphilus	K02000	WP_120188483.1	112.5	6.1e-33	0
RefSeq_Ammoniphilus	K02000	WP_120188934.1	112.2	7.3e-33	0
RefSeq_Ammoniphilus	K02000	WP_120190666.1	109.2	5.9e-32	0
RefSeq_Ammoniphilus	K02000	WP_120190422.1	107.1	2.7e-31	0
RefSeq_Ammoniphilus	K02000	WP_120189711.1	100.2	3.3e-29	0
RefSeq_Ammoniphilus	K02000	WP_120191082.1	99.8	4.1e-29	0
RefSeq_Ammoniphilus	K02000	WP_120191086.1	98.9	8e-29	0
RefSeq_Ammoniphilus	K02000	WP_120190678.1	98.1	1.3e-28	0
RefSeq_Ammoniphilus	K02000	WP_120188569.1	96.8	3.5e-28	0
RefSeq_Ammoniphilus	K02000	WP_120187863.1	95.7	7.4e-28	0
RefSeq_Ammoniphilus	K02000	WP_120190348.1	94.1	2.2e-27	0
RefSeq_Ammoniphilus	K02000	WP_120187890.1	92.6	6.3e-27	0
RefSeq_Ammoniphilus	K02000	WP_120190421.1	92.5	6.8e-27	0
RefSeq_Ammoniphilus	K02000	WP_120188786.1	91.8	1.1e-26	0
RefSeq_Ammoniphilus	K02000	WP_120190631.1	91.1	1.8e-26	0
RefSeq_Ammoniphilus	K02000	WP_120189992.1	89.3	6.2e-26	0
RefSeq_Ammoniphilus	K02000	WP_120188523.1	86.0	6.2e-25	0
RefSeq_Ammoniphilus	K02000	WP_120190632.1	84.2	2.2e-24	0
RefSeq_Ammoniphilus	K02000	WP_120188954.1	83.8	2.9e-24	0
RefSeq_Ammoniphilus	K02000	WP_120188921.1	82.8	5.8e-24	0
RefSeq_Ammoniphilus	K02000	WP_120188288.1	78.4	1.3e-22	0
RefSeq_Ammoniphilus	K02000	WP_245983380.1	77.4	2.6e-22	0
RefSeq_Ammoniphilus	K02000	WP_120188522.1	75.6	9.1e-22	0
RefSeq_Ammoniphilus	K02000	WP_120190490.1	69.1	8.4e-20	0
RefSeq_Ammoniphilus	K02000	WP_120190067.1	61.7	1.4e-17	0
RefSeq_Ammoniphilus	K02000	WP_120188955.1	59.0	9.6e-17	0
RefSeq_Ammoniphilus	K02000	WP_120190491.1	54.5	2.2e-15	0
RefSeq_Ammoniphilus	K02000	WP_120188004.1	51.3	2.1e-14	0
RefSeq_Ammoniphilus	K02000	WP_120191128.1	42.2	1.1e-11	0
RefSeq_Ammoniphilus	K02000	WP_120190471.1	37.8	2.4e-10	0
RefSeq_Ammoniphilus	K02000	WP_120190935.1	36.5	6.1e-10	0
RefSeq_Ammoniphilus	K02000	WP_120190316.1	36.5	6.3e-10	0
RefSeq_Ammoniphilus	K02000	WP_120188998.1	32.3	1.2e-08	0
RefSeq_Ammoniphilus	K02000	WP_120190988.1	32.1	1.3e-08	0
RefSeq_Ammoniphilus	K02000	WP_120188703.1	31.7	1.8e-08	0
RefSeq_Ammoniphilus	K02000	WP_120190396.1	28.7	1.4e-07	0
RefSeq_Ammoniphilus	K02000	WP_120187841.1	25.3	1.5e-06	0
RefSeq_Ammoniphilus	K02000	WP_120190352.1	23.7	4.5e-06	0
RefSeq_Ammoniphilus	K02000	WP_120188796.1	23.5	5.2e-06	0
RefSeq_Ammoniphilus	K02000	WP_120190201.1	20.4	4.6e-05	0
RefSeq_Ammoniphilus	K02000	WP_120189962.1	13.7	0.0049	0
RefSeq_Ammoniphilus	K02000	WP_120188009.1	11.8	0.018	0
RefSeq_Ammoniphilus	K02001	WP_120190205.1	451.4	1.3e-135	1
RefSeq_Ammoniphilus	K02001	WP_120190204.1	185.3	3.8e-55	0
RefSeq_Ammoniphilus	K02001	WP_245983540.1	166.9	1.4e-49	0
RefSeq_Ammoniphilus	K02001	WP_120188055.1	109.9	2.5e-32	0
RefSeq_Ammoniphilus	K02001	WP_120188956.1	50.4	2.4e-14	0
RefSeq_Ammoniphilus	K02001	WP_245983446.1	42.1	7.8e-12	0
RefSeq_Ammoniphilus	K02001	WP_120189393.1	41.4	1.3e-11	0
RefSeq_Ammoniphilus	K02001	WP_120190876.1	24.5	1.6e-06	0
RefSeq_Ammoniphilus	K02001	WP_120189745.1	23.7	2.9e-06	0
RefSeq_Ammoniphilus	K02001	WP_120190975.1	21.7	1.2e-05	0
RefSeq_Ammoniphilus	K02001	WP_120188836.1	19.4	5.6e-05	0
RefSeq_Ammoniphilus	K02001	WP_120188291.1	18.2	0.00014	0
RefSeq_Ammoniphilus	K02001	WP_120188309.1	14.7	0.0015	0
RefSeq_Ammoniphilus	K02001	WP_120187835.1	13.5	0.0035	0
RefSeq_Ammoniphilus	K02001	WP_245983582.1	12.0	0.0096	0
RefSeq_Ammoniphilus	K02001	WP_120189093.1	11.9	0.011	0
RefSeq_Ammoniphilus	K02001	WP_120190488.1	10.8	0.024	0
RefSeq_Ammoniphilus	K02001	WP_120190489.1	9.8	0.047	0
RefSeq_Ammoniphilus	K02001	WP_245983425.1	7.6	0.21	0
RefSeq_Ammoniphilus	K02001	WP_120190960.1	7.2	0.29	0
RefSeq_Ammoniphilus	K02002	WP_120190204.1	313.1	6.3e-94	1
RefSeq_Ammoniphilus	K02002	WP_245983540.1	294.4	2.8e-88	1
RefSeq_Ammoniphilus	K02002	WP_120190205.1	195.4	2.8e-58	1
RefSeq_Ammoniphilus	K02002	WP_211329290.1	40.4	2.4e-11	0
RefSeq_Ammoniphilus	K02002	WP_120188055.1	34.7	1.3e-09	0
RefSeq_Ammoniphilus	K02002	WP_245983161.1	23.5	3.2e-06	0
RefSeq_Ammoniphilus	K02002	WP_245983446.1	15.9	0.00064	0
RefSeq_Ammoniphilus	K02002	WP_120189093.1	12.7	0.0062	0
RefSeq_Ammoniphilus	K02002	WP_120190975.1	10.5	0.027	0
RefSeq_Ammoniphilus	K02002	WP_120190678.1	9.6	0.054	0
RefSeq_Ammoniphilus	K03486	WP_120188287.1	52.3	1.1e-14	0
RefSeq_Ammoniphilus	K03486	WP_120189006.1	49.6	7.3e-14	0
RefSeq_Ammoniphilus	K03486	WP_120190347.1	40.2	5.6e-11	0
RefSeq_Ammoniphilus	K03486	WP_425452785.1	35.5	1.5e-09	0
RefSeq_Ammoniphilus	K03486	WP_120188826.1	32.8	9.7e-09	0
RefSeq_Ammoniphilus	K03486	WP_281269258.1	13.8	0.0061	0
RefSeq_Ammoniphilus	K03486	WP_425452759.1	12.5	0.016	0
RefSeq_Ectobacillus	K00697	WP_410776118.1	11.2	0.028	0
RefSeq_Ectobacillus	K01087	WP_410773959.1	32.4	1.4e-08	0
RefSeq_Ectobacillus	K01087	WP_410774829.1	29.9	8.2e-08	0
RefSeq_Ectobacillus	K01087	WP_410773914.1	19.4	0.00012	0
RefSeq_Ectobacillus	K01087	WP_410776512.1	18.2	0.00029	0
RefSeq_Ectobacillus	K01087	WP_410774212.1	17.4	0.0005	0
RefSeq_Ectobacillus	K01087	WP_410774803.1	16.6	0.00087	0
RefSeq_Ectobacillus	K01087	WP_410773818.1	15.6	0.0017	0
RefSeq_Ectobacillus	K01087	WP_342045284.1	13.7	0.0066	0
RefSeq_Ectobacillus	K01087	WP_410776778.1	12.7	0.014	0
RefSeq_Ectobacillus	K01087	WP_410774671.1	11.8	0.026	0
RefSeq_Ectobacillus	K05343	WP_410774841.1	436.3	7.6e-131	0
RefSeq_Ectobacillus	K05343	WP_410773864.1	432.7	9.2e-130	0
RefSeq_Ectobacillus	K05343	WP_410776940.1	419.5	9.2e-126	0
RefSeq_Ectobacillus	K05343	WP_410777502.1	417.7	3.1e-125	0
RefSeq_Ectobacillus	K05343	WP_410778055.1	399.8	8.5e-120	0
RefSeq_Ectobacillus	K05343	WP_410775169.1	396.5	8.3e-119	0
RefSeq_Ectobacillus	K05343	WP_410776757.1	373.8	5.9e-112	0
RefSeq_Ectobacillus	K05343	WP_410777325.1	332.4	1.9e-99	0
RefSeq_Ectobacillus	K05343	WP_410777025.1	172.3	4.6e-51	0
RefSeq_Ectobacillus	K05343	WP_410774460.1	124.3	1.4e-36	0
RefSeq_Ectobacillus	K05343	WP_410776481.1	44.9	1.4e-12	0
RefSeq_Ectobacillus	K05343	WP_410777061.1	35.0	1.4e-09	0
RefSeq_Ectobacillus	K06044	WP_410777025.1	85.4	7e-25	0
RefSeq_Ectobacillus	K06044	WP_410775169.1	66.5	3.5e-19	0
RefSeq_Ectobacillus	K06044	WP_410773864.1	63.7	2.4e-18	0
RefSeq_Ectobacillus	K06044	WP_410774841.1	59.0	6.4e-17	0
RefSeq_Ectobacillus	K06044	WP_410777502.1	57.2	2.2e-16	0
RefSeq_Ectobacillus	K06044	WP_410774460.1	56.6	3.5e-16	0
RefSeq_Ectobacillus	K06044	WP_410776940.1	53.6	2.6e-15	0
RefSeq_Ectobacillus	K06044	WP_410777325.1	48.6	8.9e-14	0
RefSeq_Ectobacillus	K06044	WP_410776757.1	48.3	1.1e-13	0
RefSeq_Ectobacillus	K06044	WP_410778055.1	47.8	1.5e-13	0
RefSeq_Ectobacillus	K06044	WP_410777061.1	12.9	0.0051	0
RefSeq_Ectobacillus	K06044	WP_410776481.1	12.1	0.0087	0
RefSeq_Ectobacillus	K01236	WP_410776481.1	244.9	5.3e-73	0
RefSeq_Ectobacillus	K01236	WP_410777061.1	199.9	2.1e-59	0
RefSeq_Ectobacillus	K01236	WP_410778055.1	128.2	1e-37	0
RefSeq_Ectobacillus	K01236	WP_410777025.1	128.1	1.1e-37	0
RefSeq_Ectobacillus	K01236	WP_410773864.1	118.7	7.5e-35	0
RefSeq_Ectobacillus	K01236	WP_410774841.1	117.7	1.5e-34	0
RefSeq_Ectobacillus	K01236	WP_410774460.1	111.9	8.7e-33	0
RefSeq_Ectobacillus	K01236	WP_410777502.1	109.7	4.1e-32	0
RefSeq_Ectobacillus	K01236	WP_410776757.1	108.9	7.2e-32	0
RefSeq_Ectobacillus	K01236	WP_410775169.1	106.5	3.8e-31	0
RefSeq_Ectobacillus	K01236	WP_410776940.1	101.6	1.1e-29	0
RefSeq_Ectobacillus	K01236	WP_410777325.1	97.1	2.7e-28	0
RefSeq_Ectobacillus	K13057	WP_410774933.1	101.8	9.2e-30	0
RefSeq_Ectobacillus	K13057	WP_410776118.1	66.0	6.9e-19	0
RefSeq_Ectobacillus	K13057	WP_410776661.1	65.9	7.1e-19	0
RefSeq_Ectobacillus	K13057	WP_410775245.1	55.7	9.2e-16	0
RefSeq_Ectobacillus	K13057	WP_410776452.1	54.7	1.9e-15	0
RefSeq_Ectobacillus	K13057	WP_410774503.1	42.4	9.7e-12	0
RefSeq_Ectobacillus	K13057	WP_410775250.1	32.4	1.1e-08	0
RefSeq_Ectobacillus	K13057	WP_410775254.1	31.9	1.5e-08	0
RefSeq_Ectobacillus	K13057	WP_410775253.1	27.9	2.5e-07	0
RefSeq_Ectobacillus	K13057	WP_410775246.1	20.5	4.4e-05	0
RefSeq_Ectobacillus	K13057	WP_410774498.1	14.0	0.0042	0
RefSeq_Ectobacillus	K13057	WP_410776029.1	10.7	0.04	0
RefSeq_Ectobacillus	K00108	WP_410777206.1	86.3	3.8e-25	0
RefSeq_Ectobacillus	K00108	WP_410774615.1	82.8	4.2e-24	0
RefSeq_Ectobacillus	K00108	WP_410774276.1	79.6	4.1e-23	0
RefSeq_Ectobacillus	K00108	WP_410778001.1	74.5	1.4e-21	0
RefSeq_Ectobacillus	K00108	WP_410775569.1	68.0	1.3e-19	0
RefSeq_Ectobacillus	K00108	WP_410775617.1	51.5	1.3e-14	0
RefSeq_Ectobacillus	K00108	WP_410774626.1	19.0	8.9e-05	0
RefSeq_Ectobacillus	K00108	WP_410774364.1	17.1	0.00034	0
RefSeq_Ectobacillus	K00108	WP_410775400.1	15.8	0.00083	0
RefSeq_Ectobacillus	K00108	WP_410777045.1	14.3	0.0023	0
RefSeq_Ectobacillus	K00108	WP_410777378.1	13.7	0.0035	0
RefSeq_Ectobacillus	K00108	WP_410777134.1	13.4	0.0044	0
RefSeq_Ectobacillus	K00108	WP_410776309.1	12.4	0.0088	0
RefSeq_Ectobacillus	K00108	WP_410775243.1	11.7	0.015	0
RefSeq_Ectobacillus	K00108	WP_410774914.1	11.3	0.019	0
RefSeq_Ectobacillus	K00108	WP_129730313.1	11.0	0.022	0
RefSeq_Ectobacillus	K00108	WP_410776064.1	10.8	0.027	0
RefSeq_Ectobacillus	K00108	WP_379948871.1	10.6	0.031	0
RefSeq_Ectobacillus	K00108	WP_410777186.1	9.4	0.068	0
RefSeq_Ectobacillus	K00130	WP_410777187.1	724.4	2.8e-218	1
RefSeq_Ectobacillus	K00130	WP_410777279.1	693.9	4.8e-209	1
RefSeq_Ectobacillus	K00130	WP_410774057.1	639.7	1.2e-192	0
RefSeq_Ectobacillus	K00130	WP_410777068.1	593.7	1.1e-178	0
RefSeq_Ectobacillus	K00130	WP_410777125.1	587.3	9.3e-177	0
RefSeq_Ectobacillus	K00130	WP_410774200.1	536.2	2.7e-161	0
RefSeq_Ectobacillus	K00130	WP_410777597.1	527.6	1.1e-158	0
RefSeq_Ectobacillus	K00130	WP_410774233.1	520.8	1.2e-156	0
RefSeq_Ectobacillus	K00130	WP_410774148.1	517.3	1.4e-155	0
RefSeq_Ectobacillus	K00130	WP_410776603.1	468.1	1.1e-140	0
RefSeq_Ectobacillus	K00130	WP_410777562.1	463.4	3.1e-139	0
RefSeq_Ectobacillus	K00130	WP_342044101.1	462.6	5.2e-139	0
RefSeq_Ectobacillus	K00130	WP_410774061.1	459.2	5.6e-138	0
RefSeq_Ectobacillus	K00130	WP_410777958.1	458.2	1.2e-137	0
RefSeq_Ectobacillus	K00130	WP_410777200.1	452.7	5.1e-136	0
RefSeq_Ectobacillus	K00130	WP_410777677.1	443.2	3.9e-133	0
RefSeq_Ectobacillus	K00130	WP_410777879.1	441.9	9.8e-133	0
RefSeq_Ectobacillus	K00130	WP_410775535.1	441.4	1.4e-132	0
RefSeq_Ectobacillus	K00130	WP_410777191.1	440.0	3.7e-132	0
RefSeq_Ectobacillus	K00130	WP_410777042.1	437.8	1.7e-131	0
RefSeq_Ectobacillus	K00130	WP_410776598.1	433.9	2.6e-130	0
RefSeq_Ectobacillus	K00130	WP_410776879.1	426.0	6.6e-128	0
RefSeq_Ectobacillus	K00130	WP_410773874.1	422.1	9.9e-127	0
RefSeq_Ectobacillus	K00130	WP_410775537.1	411.5	1.5e-123	0
RefSeq_Ectobacillus	K00130	WP_410774722.1	288.5	2.9e-86	0
RefSeq_Ectobacillus	K00130	WP_410774729.1	54.8	1.7e-15	0
RefSeq_Ectobacillus	K00130	WP_410774545.1	40.1	4.6e-11	0
RefSeq_Ectobacillus	K00130	WP_410777273.1	27.6	2.8e-07	0
RefSeq_Ectobacillus	K00499	WP_410777708.1	163.9	1.7e-48	0
RefSeq_Ectobacillus	K00499	WP_342046659.1	19.5	0.0001	0
RefSeq_Ectobacillus	K00499	WP_129728144.1	17.1	0.00054	0
RefSeq_Ectobacillus	K00499	WP_129729245.1	17.1	0.00054	0
RefSeq_Ectobacillus	K00499	WP_410777459.1	12.1	0.018	0
RefSeq_Ectobacillus	K17755	WP_410774276.1	65.2	1.4e-18	0
RefSeq_Ectobacillus	K17755	WP_410774615.1	64.3	2.7e-18	0
RefSeq_Ectobacillus	K17755	WP_410778001.1	60.1	5.1e-17	0
RefSeq_Ectobacillus	K17755	WP_410777206.1	46.8	5.8e-13	0
RefSeq_Ectobacillus	K17755	WP_410775569.1	46.5	7.1e-13	0
RefSeq_Ectobacillus	K17755	WP_410775617.1	34.1	3.9e-09	0
RefSeq_Ectobacillus	K17755	WP_410777045.1	18.1	0.00027	0
RefSeq_Ectobacillus	K17755	WP_410774364.1	14.0	0.005	0
RefSeq_Ectobacillus	K17755	WP_410776064.1	12.4	0.015	0
RefSeq_Ectobacillus	K17756	WP_410775617.1	93.5	3.4e-27	0
RefSeq_Ectobacillus	K17756	WP_410774615.1	93.5	3.4e-27	0
RefSeq_Ectobacillus	K17756	WP_410777206.1	90.7	2.3e-26	0
RefSeq_Ectobacillus	K17756	WP_410775569.1	87.1	2.9e-25	0
RefSeq_Ectobacillus	K17756	WP_410778001.1	84.8	1.4e-24	0
RefSeq_Ectobacillus	K17756	WP_410774276.1	81.6	1.3e-23	0
RefSeq_Ectobacillus	K17756	WP_410775927.1	20.5	3.8e-05	0
RefSeq_Ectobacillus	K17756	WP_410774626.1	18.5	0.00015	0
RefSeq_Ectobacillus	K17756	WP_410776064.1	18.2	0.00019	0
RefSeq_Ectobacillus	K17756	WP_410775363.1	15.4	0.0013	0
RefSeq_Ectobacillus	K17756	WP_410777135.1	15.2	0.0015	0
RefSeq_Ectobacillus	K17756	WP_410774914.1	14.6	0.0023	0
RefSeq_Ectobacillus	K17756	WP_410778191.1	14.2	0.003	0
RefSeq_Ectobacillus	K17756	WP_410773937.1	12.9	0.0078	0
RefSeq_Ectobacillus	K17756	WP_410776437.1	11.8	0.017	0
RefSeq_Ectobacillus	K17756	WP_410775400.1	11.4	0.022	0
RefSeq_Ectobacillus	K17756	WP_410777186.1	10.6	0.038	0
RefSeq_Ectobacillus	K17756	WP_410775297.1	9.5	0.083	0
RefSeq_Ectobacillus	K17756	WP_410774364.1	8.5	0.17	0
RefSeq_Ectobacillus	K06718	WP_410775077.1	27.3	6.3e-07	0
RefSeq_Ectobacillus	K06718	WP_410775324.1	22.3	2.2e-05	0
RefSeq_Ectobacillus	K06718	WP_379948682.1	20.9	5.9e-05	0
RefSeq_Ectobacillus	K06718	WP_410775430.1	17.9	0.00048	0
RefSeq_Ectobacillus	K06718	WP_410773826.1	17.2	0.0008	0
RefSeq_Ectobacillus	K06718	WP_410778114.1	16.0	0.0018	0
RefSeq_Ectobacillus	K06718	WP_410778271.1	16.0	0.0018	0
RefSeq_Ectobacillus	K06718	WP_410775183.1	14.2	0.0063	0
RefSeq_Ectobacillus	K06718	WP_410778119.1	12.5	0.022	0
RefSeq_Ectobacillus	K06718	WP_129727043.1	12.2	0.027	0
RefSeq_Ectobacillus	K06718	WP_410777316.1	11.8	0.035	0
RefSeq_Ectobacillus	K06720	WP_410775220.1	17.7	0.00086	0
RefSeq_Ectobacillus	K06720	WP_410776944.1	17.5	0.001	0
RefSeq_Ectobacillus	K06720	WP_410777263.1	15.3	0.0046	0
RefSeq_Ectobacillus	K06720	WP_410775485.1	14.0	0.012	0
RefSeq_Ectobacillus	K06720	WP_410774256.1	12.5	0.034	0
RefSeq_Ectobacillus	K06721	WP_410775890.1	18.0	0.00043	0
RefSeq_Ectobacillus	K06721	WP_410776423.1	14.2	0.0063	0
RefSeq_Ectobacillus	K06721	WP_410775884.1	13.9	0.0081	0
RefSeq_Ectobacillus	K06721	WP_410773766.1	13.6	0.0099	0
RefSeq_Ectobacillus	K06721	WP_410775471.1	12.0	0.029	0
RefSeq_Ectobacillus	K06721	WP_410776525.1	11.9	0.031	0
RefSeq_Ectobacillus	K06721	WP_410775853.1	11.2	0.052	0
RefSeq_Ectobacillus	K06721	WP_410775718.1	6.7	1.2	0
RefSeq_Ectobacillus	K05845	WP_410775849.1	380.3	4.7e-114	1
RefSeq_Ectobacillus	K05845	WP_410776695.1	22.7	1.2e-05	0
RefSeq_Ectobacillus	K05845	WP_379947375.1	12.0	0.021	0
RefSeq_Ectobacillus	K05846	WP_410775849.1	310.4	5.4e-93	1
RefSeq_Ectobacillus	K05846	WP_410775364.1	108.0	1.6e-31	0
RefSeq_Ectobacillus	K05846	WP_410778139.1	107.6	2e-31	0
RefSeq_Ectobacillus	K05846	WP_129729467.1	101.6	1.3e-29	0
RefSeq_Ectobacillus	K05846	WP_410775204.1	80.3	4e-23	0
RefSeq_Ectobacillus	K05846	WP_410776939.1	78.3	1.6e-22	0
RefSeq_Ectobacillus	K05846	WP_410774663.1	70.9	2.7e-20	0
RefSeq_Ectobacillus	K05846	WP_410778134.1	69.4	7.8e-20	0
RefSeq_Ectobacillus	K05846	WP_342048438.1	67.7	2.6e-19	0
RefSeq_Ectobacillus	K05846	WP_410777064.1	64.5	2.6e-18	0
RefSeq_Ectobacillus	K05846	WP_410778126.1	55.8	1e-15	0
RefSeq_Ectobacillus	K05846	WP_410774359.1	46.6	6.9e-13	0
RefSeq_Ectobacillus	K05846	WP_410777491.1	40.5	4.9e-11	0
RefSeq_Ectobacillus	K05846	WP_410777465.1	40.4	5.1e-11	0
RefSeq_Ectobacillus	K05846	WP_410776102.1	38.2	2.4e-10	0
RefSeq_Ectobacillus	K05846	WP_410778231.1	33.4	7e-09	0
RefSeq_Ectobacillus	K05846	WP_410774724.1	33.3	7.4e-09	0
RefSeq_Ectobacillus	K05846	WP_342044897.1	32.8	1e-08	0
RefSeq_Ectobacillus	K05846	WP_410774358.1	32.6	1.2e-08	0
RefSeq_Ectobacillus	K05846	WP_410776696.1	30.3	6e-08	0
RefSeq_Ectobacillus	K05846	WP_410777464.1	29.5	1e-07	0
RefSeq_Ectobacillus	K05846	WP_410778117.1	29.1	1.3e-07	0
RefSeq_Ectobacillus	K05846	WP_379948639.1	28.7	1.8e-07	0
RefSeq_Ectobacillus	K05846	WP_410774725.1	28.1	2.7e-07	0
RefSeq_Ectobacillus	K05846	WP_410774383.1	27.9	3.2e-07	0
RefSeq_Ectobacillus	K05846	WP_129726656.1	27.6	3.9e-07	0
RefSeq_Ectobacillus	K05846	WP_410778232.1	26.6	7.9e-07	0
RefSeq_Ectobacillus	K05846	WP_410777740.1	26.4	9.3e-07	0
RefSeq_Ectobacillus	K05846	WP_379952542.1	26.2	1.1e-06	0
RefSeq_Ectobacillus	K05846	WP_410776937.1	25.9	1.3e-06	0
RefSeq_Ectobacillus	K05846	WP_410778116.1	22.5	1.4e-05	0
RefSeq_Ectobacillus	K05846	WP_410777868.1	22.4	1.5e-05	0
RefSeq_Ectobacillus	K05846	WP_410774479.1	22.2	1.8e-05	0
RefSeq_Ectobacillus	K05846	WP_410777947.1	22.0	2e-05	0
RefSeq_Ectobacillus	K05846	WP_410774480.1	21.4	3e-05	0
RefSeq_Ectobacillus	K05846	WP_410778237.1	20.6	5.3e-05	0
RefSeq_Ectobacillus	K05846	WP_410776120.1	20.4	5.9e-05	0
RefSeq_Ectobacillus	K05846	WP_410774593.1	19.8	8.9e-05	0
RefSeq_Ectobacillus	K05846	WP_410773877.1	19.1	0.00015	0
RefSeq_Ectobacillus	K05846	WP_129729101.1	18.9	0.00018	0
RefSeq_Ectobacillus	K05846	WP_410776830.1	18.6	0.00021	0
RefSeq_Ectobacillus	K05846	WP_410774599.1	18.4	0.00024	0
RefSeq_Ectobacillus	K05846	WP_410777741.1	18.2	0.00028	0
RefSeq_Ectobacillus	K05846	WP_410777989.1	17.5	0.00046	0
RefSeq_Ectobacillus	K05846	WP_410778279.1	17.3	0.00054	0
RefSeq_Ectobacillus	K05846	WP_410774188.1	17.2	0.00055	0
RefSeq_Ectobacillus	K05846	WP_410777326.1	16.4	0.00099	0
RefSeq_Ectobacillus	K05846	WP_410775560.1	15.5	0.0019	0
RefSeq_Ectobacillus	K05846	WP_410774086.1	14.4	0.004	0
RefSeq_Ectobacillus	K05846	WP_410774043.1	14.2	0.0046	0
RefSeq_Ectobacillus	K05846	WP_410777990.1	13.8	0.006	0
RefSeq_Ectobacillus	K05846	WP_410774099.1	13.2	0.0093	0
RefSeq_Ectobacillus	K05846	WP_410778109.1	13.2	0.0095	0
RefSeq_Ectobacillus	K05846	WP_410776054.1	13.2	0.0096	0
RefSeq_Ectobacillus	K05846	WP_410774598.1	13.0	0.01	0
RefSeq_Ectobacillus	K05846	WP_410778078.1	12.8	0.013	0
RefSeq_Ectobacillus	K05846	WP_410774189.1	12.4	0.016	0
RefSeq_Ectobacillus	K05846	WP_410774572.1	11.1	0.039	0
RefSeq_Ectobacillus	K05846	WP_410775303.1	10.9	0.046	0
RefSeq_Ectobacillus	K05846	WP_410774100.1	10.4	0.067	0
RefSeq_Ectobacillus	K05846	WP_342044485.1	10.2	0.075	0
RefSeq_Ectobacillus	K05846	WP_410774384.1	9.9	0.095	0
RefSeq_Ectobacillus	K05846	WP_129728337.1	9.8	0.099	0
RefSeq_Ectobacillus	K05846	WP_410775304.1	9.1	0.16	0
RefSeq_Ectobacillus	K05846	WP_410777948.1	5.8	1.6	0
RefSeq_Ectobacillus	K05846	WP_410778110.1	5.2	2.4	0
RefSeq_Ectobacillus	K05847	WP_410775848.1	437.8	1.3e-131	1
RefSeq_Ectobacillus	K05847	WP_410778111.1	363.7	4.5e-109	1
RefSeq_Ectobacillus	K05847	WP_129729301.1	317.2	6e-95	0
RefSeq_Ectobacillus	K05847	WP_410774723.1	314.1	5e-94	0
RefSeq_Ectobacillus	K05847	WP_410775425.1	308.4	2.7e-92	0
RefSeq_Ectobacillus	K05847	WP_342048398.1	279.8	1.3e-83	0
RefSeq_Ectobacillus	K05847	WP_410778255.1	279.3	1.9e-83	0
RefSeq_Ectobacillus	K05847	WP_129726225.1	263.0	1.7e-78	0
RefSeq_Ectobacillus	K05847	WP_410776521.1	256.3	1.9e-76	0
RefSeq_Ectobacillus	K05847	WP_410777731.1	254.5	6.3e-76	0
RefSeq_Ectobacillus	K05847	WP_410778133.1	246.6	1.6e-73	0
RefSeq_Ectobacillus	K05847	WP_410776938.1	245.6	3.2e-73	0
RefSeq_Ectobacillus	K05847	WP_410775203.1	242.8	2.3e-72	0
RefSeq_Ectobacillus	K05847	WP_410778127.1	240.3	1.3e-71	0
RefSeq_Ectobacillus	K05847	WP_410778138.1	238.5	4.8e-71	0
RefSeq_Ectobacillus	K05847	WP_410776053.1	237.2	1.2e-70	0
RefSeq_Ectobacillus	K05847	WP_410778118.1	231.4	6.6e-69	0
RefSeq_Ectobacillus	K05847	WP_410776831.1	229.8	2e-68	0
RefSeq_Ectobacillus	K05847	WP_410776468.1	226.8	1.7e-67	0
RefSeq_Ectobacillus	K05847	WP_410777566.1	226.0	2.9e-67	0
RefSeq_Ectobacillus	K05847	WP_410777835.1	225.5	4.1e-67	0
RefSeq_Ectobacillus	K05847	WP_410774464.1	225.2	5.3e-67	0
RefSeq_Ectobacillus	K05847	WP_410778177.1	224.6	8e-67	0
RefSeq_Ectobacillus	K05847	WP_410777930.1	224.0	1.2e-66	0
RefSeq_Ectobacillus	K05847	WP_410774247.1	223.1	2.2e-66	0
RefSeq_Ectobacillus	K05847	WP_410774482.1	222.2	4.2e-66	0
RefSeq_Ectobacillus	K05847	WP_410774421.1	221.8	5.7e-66	0
RefSeq_Ectobacillus	K05847	WP_410777723.1	221.5	6.9e-66	0
RefSeq_Ectobacillus	K05847	WP_410778236.1	220.9	1e-65	0
RefSeq_Ectobacillus	K05847	WP_410774362.1	220.3	1.6e-65	0
RefSeq_Ectobacillus	K05847	WP_410778233.1	217.6	1.1e-64	0
RefSeq_Ectobacillus	K05847	WP_410777484.1	207.7	1e-61	0
RefSeq_Ectobacillus	K05847	WP_410774664.1	205.9	3.8e-61	0
RefSeq_Ectobacillus	K05847	WP_129727244.1	202.0	5.5e-60	0
RefSeq_Ectobacillus	K05847	WP_410776561.1	199.7	2.9e-59	0
RefSeq_Ectobacillus	K05847	WP_410777674.1	197.8	1.1e-58	0
RefSeq_Ectobacillus	K05847	WP_410776645.1	195.4	5.9e-58	0
RefSeq_Ectobacillus	K05847	WP_410775306.1	192.0	6.3e-57	0
RefSeq_Ectobacillus	K05847	WP_129728502.1	191.7	7.7e-57	0
RefSeq_Ectobacillus	K05847	WP_410775800.1	186.0	4.2e-55	0
RefSeq_Ectobacillus	K05847	WP_410778069.1	185.7	5.2e-55	0
RefSeq_Ectobacillus	K05847	WP_410773795.1	185.4	6.2e-55	0
RefSeq_Ectobacillus	K05847	WP_410774309.1	185.2	7.5e-55	0
RefSeq_Ectobacillus	K05847	WP_410773794.1	180.8	1.6e-53	0
RefSeq_Ectobacillus	K05847	WP_410774578.1	178.9	6.1e-53	0
RefSeq_Ectobacillus	K05847	WP_410774191.1	178.9	6.2e-53	0
RefSeq_Ectobacillus	K05847	WP_410774481.1	171.1	1.4e-50	0
RefSeq_Ectobacillus	K05847	WP_410776137.1	170.8	1.7e-50	0
RefSeq_Ectobacillus	K05847	WP_410776311.1	169.4	4.5e-50	0
RefSeq_Ectobacillus	K05847	WP_410775993.1	168.2	1.1e-49	0
RefSeq_Ectobacillus	K05847	WP_410774385.1	165.3	8.2e-49	0
RefSeq_Ectobacillus	K05847	WP_410778163.1	165.0	9.9e-49	0
RefSeq_Ectobacillus	K05847	WP_410774641.1	164.1	1.9e-48	0
RefSeq_Ectobacillus	K05847	WP_410773927.1	163.6	2.7e-48	0
RefSeq_Ectobacillus	K05847	WP_410778072.1	163.2	3.5e-48	0
RefSeq_Ectobacillus	K05847	WP_410775747.1	163.1	3.7e-48	0
RefSeq_Ectobacillus	K05847	WP_410776850.1	161.4	1.2e-47	0
RefSeq_Ectobacillus	K05847	WP_410775266.1	159.5	4.8e-47	0
RefSeq_Ectobacillus	K05847	WP_410777814.1	156.5	3.8e-46	0
RefSeq_Ectobacillus	K05847	WP_410776781.1	156.3	4.5e-46	0
RefSeq_Ectobacillus	K05847	WP_410776718.1	153.5	3e-45	0
RefSeq_Ectobacillus	K05847	WP_410775478.1	152.0	9.1e-45	0
RefSeq_Ectobacillus	K05847	WP_129727262.1	151.3	1.4e-44	0
RefSeq_Ectobacillus	K05847	WP_410774190.1	149.7	4.5e-44	0
RefSeq_Ectobacillus	K05847	WP_129726509.1	149.5	5.2e-44	0
RefSeq_Ectobacillus	K05847	WP_410778249.1	148.7	9e-44	0
RefSeq_Ectobacillus	K05847	WP_410778061.1	148.7	9.2e-44	0
RefSeq_Ectobacillus	K05847	WP_410774847.1	147.8	1.6e-43	0
RefSeq_Ectobacillus	K05847	WP_410776226.1	147.1	2.7e-43	0
RefSeq_Ectobacillus	K05847	WP_410773990.1	146.3	4.8e-43	0
RefSeq_Ectobacillus	K05847	WP_410775277.1	146.2	5.1e-43	0
RefSeq_Ectobacillus	K05847	WP_410775305.1	145.8	6.6e-43	0
RefSeq_Ectobacillus	K05847	WP_410776835.1	145.8	6.8e-43	0
RefSeq_Ectobacillus	K05847	WP_410776894.1	144.0	2.4e-42	0
RefSeq_Ectobacillus	K05847	WP_410774992.1	140.7	2.4e-41	0
RefSeq_Ectobacillus	K05847	WP_410776893.1	139.9	4.3e-41	0
RefSeq_Ectobacillus	K05847	WP_410774848.1	138.4	1.2e-40	0
RefSeq_Ectobacillus	K05847	WP_410775477.1	135.3	1e-39	0
RefSeq_Ectobacillus	K05847	WP_410778062.1	134.8	1.5e-39	0
RefSeq_Ectobacillus	K05847	WP_410775786.1	134.4	2e-39	0
RefSeq_Ectobacillus	K05847	WP_410774643.1	132.4	8.2e-39	0
RefSeq_Ectobacillus	K05847	WP_410776924.1	131.7	1.3e-38	0
RefSeq_Ectobacillus	K05847	WP_410775746.1	128.5	1.3e-37	0
RefSeq_Ectobacillus	K05847	WP_410778250.1	125.9	7.8e-37	0
RefSeq_Ectobacillus	K05847	WP_410774405.1	125.7	8.5e-37	0
RefSeq_Ectobacillus	K05847	WP_410773828.1	123.2	5.1e-36	0
RefSeq_Ectobacillus	K05847	WP_410774784.1	120.3	3.8e-35	0
RefSeq_Ectobacillus	K05847	WP_410775743.1	118.8	1e-34	0
RefSeq_Ectobacillus	K05847	WP_410774815.1	112.0	1.3e-32	0
RefSeq_Ectobacillus	K05847	WP_129730545.1	110.7	3.1e-32	0
RefSeq_Ectobacillus	K05847	WP_129726510.1	97.5	3.1e-28	0
RefSeq_Ectobacillus	K05847	WP_410776674.1	77.2	4.7e-22	0
RefSeq_Ectobacillus	K05847	WP_410776554.1	62.7	1.2e-17	0
RefSeq_Ectobacillus	K05847	WP_410776520.1	38.3	3e-10	0
RefSeq_Ectobacillus	K05847	WP_410775378.1	34.3	5.1e-09	0
RefSeq_Ectobacillus	K05847	WP_410775321.1	25.3	2.7e-06	0
RefSeq_Ectobacillus	K05847	WP_410776733.1	23.6	9e-06	0
RefSeq_Ectobacillus	K05847	WP_410775222.1	15.6	0.0024	0
RefSeq_Ectobacillus	K05847	WP_410776333.1	15.4	0.0028	0
RefSeq_Ectobacillus	K05847	WP_379951947.1	13.4	0.011	0
RefSeq_Ectobacillus	K03451	WP_410777707.1	595.0	4.1e-179	0
RefSeq_Ectobacillus	K02168	WP_410777707.1	671.3	4.5e-202	0
RefSeq_Ectobacillus	K02168	WP_410774295.1	8.2	0.18	0
RefSeq_Ectobacillus	K02168	WP_410775450.1	6.3	0.65	0
RefSeq_Ectobacillus	K02168	WP_410775372.1	5.7	1.0	0
RefSeq_Ectobacillus	K02168	WP_410776299.1	4.8	1.9	0
RefSeq_Ectobacillus	K02168	WP_410776056.1	4.4	2.6	0
RefSeq_Ectobacillus	K02168	WP_129727108.1	3.6	4.5	0
RefSeq_Ectobacillus	K02000	WP_410775848.1	363.3	1.2e-108	0
RefSeq_Ectobacillus	K02000	WP_410778111.1	349.1	2.4e-104	0
RefSeq_Ectobacillus	K02000	WP_410776521.1	303.0	2.2e-90	0
RefSeq_Ectobacillus	K02000	WP_410774723.1	292.2	4e-87	0
RefSeq_Ectobacillus	K02000	WP_129726225.1	287.1	1.3e-85	0
RefSeq_Ectobacillus	K02000	WP_129729301.1	276.9	1.6e-82	0
RefSeq_Ectobacillus	K02000	WP_410778133.1	266.3	2.7e-79	0
RefSeq_Ectobacillus	K02000	WP_410778138.1	263.4	2.1e-78	0
RefSeq_Ectobacillus	K02000	WP_342048398.1	252.9	3.1e-75	0
RefSeq_Ectobacillus	K02000	WP_410778255.1	251.6	7.7e-75	0
RefSeq_Ectobacillus	K02000	WP_410777731.1	244.5	1.1e-72	0
RefSeq_Ectobacillus	K02000	WP_410778118.1	239.2	4.5e-71	0
RefSeq_Ectobacillus	K02000	WP_410776053.1	229.4	4.1e-68	0
RefSeq_Ectobacillus	K02000	WP_410775425.1	226.1	4.1e-67	0
RefSeq_Ectobacillus	K02000	WP_410776831.1	224.8	1e-66	0
RefSeq_Ectobacillus	K02000	WP_410778233.1	218.5	8.3e-65	0
RefSeq_Ectobacillus	K02000	WP_410778127.1	218.2	1e-64	0
RefSeq_Ectobacillus	K02000	WP_410775203.1	214.8	1.1e-63	0
RefSeq_Ectobacillus	K02000	WP_129728502.1	214.5	1.3e-63	0
RefSeq_Ectobacillus	K02000	WP_410778236.1	210.9	1.6e-62	0
RefSeq_Ectobacillus	K02000	WP_410776938.1	210.9	1.6e-62	0
RefSeq_Ectobacillus	K02000	WP_410774482.1	210.7	1.8e-62	0
RefSeq_Ectobacillus	K02000	WP_410774362.1	207.7	1.5e-61	0
RefSeq_Ectobacillus	K02000	WP_410776645.1	204.5	1.4e-60	0
RefSeq_Ectobacillus	K02000	WP_410777484.1	194.4	1.6e-57	0
RefSeq_Ectobacillus	K02000	WP_410773794.1	193.5	3.1e-57	0
RefSeq_Ectobacillus	K02000	WP_410776468.1	190.0	3.5e-56	0
RefSeq_Ectobacillus	K02000	WP_410774664.1	188.8	7.8e-56	0
RefSeq_Ectobacillus	K02000	WP_410774481.1	187.8	1.6e-55	0
RefSeq_Ectobacillus	K02000	WP_410777674.1	185.2	9.5e-55	0
RefSeq_Ectobacillus	K02000	WP_410778177.1	172.2	8.4e-51	0
RefSeq_Ectobacillus	K02000	WP_410774464.1	171.7	1.2e-50	0
RefSeq_Ectobacillus	K02000	WP_410777835.1	171.6	1.3e-50	0
RefSeq_Ectobacillus	K02000	WP_410777566.1	171.4	1.4e-50	0
RefSeq_Ectobacillus	K02000	WP_410776311.1	171.2	1.7e-50	0
RefSeq_Ectobacillus	K02000	WP_410774247.1	171.0	1.9e-50	0
RefSeq_Ectobacillus	K02000	WP_410775800.1	169.5	5.5e-50	0
RefSeq_Ectobacillus	K02000	WP_410777930.1	168.6	1e-49	0
RefSeq_Ectobacillus	K02000	WP_410774309.1	167.8	1.9e-49	0
RefSeq_Ectobacillus	K02000	WP_410774421.1	167.1	2.8e-49	0
RefSeq_Ectobacillus	K02000	WP_410777723.1	166.5	4.6e-49	0
RefSeq_Ectobacillus	K02000	WP_410776561.1	165.8	7.1e-49	0
RefSeq_Ectobacillus	K02000	WP_129727244.1	164.2	2.2e-48	0
RefSeq_Ectobacillus	K02000	WP_410773795.1	163.7	3.2e-48	0
RefSeq_Ectobacillus	K02000	WP_410774191.1	163.2	4.5e-48	0
RefSeq_Ectobacillus	K02000	WP_410775306.1	151.3	1.8e-44	0
RefSeq_Ectobacillus	K02000	WP_410775747.1	140.8	2.6e-41	0
RefSeq_Ectobacillus	K02000	WP_410778069.1	140.1	4.3e-41	0
RefSeq_Ectobacillus	K02000	WP_410774641.1	139.2	8.2e-41	0
RefSeq_Ectobacillus	K02000	WP_410776835.1	129.8	5.7e-38	0
RefSeq_Ectobacillus	K02000	WP_410774190.1	129.0	1e-37	0
RefSeq_Ectobacillus	K02000	WP_410774385.1	128.4	1.6e-37	0
RefSeq_Ectobacillus	K02000	WP_410778072.1	127.3	3.2e-37	0
RefSeq_Ectobacillus	K02000	WP_410773990.1	126.7	4.8e-37	0
RefSeq_Ectobacillus	K02000	WP_410774578.1	125.9	8.6e-37	0
RefSeq_Ectobacillus	K02000	WP_410778163.1	124.1	3.1e-36	0
RefSeq_Ectobacillus	K02000	WP_410776850.1	123.5	4.7e-36	0
RefSeq_Ectobacillus	K02000	WP_410775478.1	116.4	6.5e-34	0
RefSeq_Ectobacillus	K02000	WP_410776781.1	114.0	3.6e-33	0
RefSeq_Ectobacillus	K02000	WP_410776226.1	111.7	1.7e-32	0
RefSeq_Ectobacillus	K02000	WP_410775305.1	110.8	3.3e-32	0
RefSeq_Ectobacillus	K02000	WP_410776894.1	110.4	4.4e-32	0
RefSeq_Ectobacillus	K02000	WP_410776137.1	108.7	1.4e-31	0
RefSeq_Ectobacillus	K02000	WP_410776893.1	108.5	1.6e-31	0
RefSeq_Ectobacillus	K02000	WP_410775993.1	107.8	2.6e-31	0
RefSeq_Ectobacillus	K02000	WP_129726509.1	107.2	3.9e-31	0
RefSeq_Ectobacillus	K02000	WP_410776718.1	106.8	5.2e-31	0
RefSeq_Ectobacillus	K02000	WP_410777814.1	106.1	8.8e-31	0
RefSeq_Ectobacillus	K02000	WP_129727262.1	105.6	1.2e-30	0
RefSeq_Ectobacillus	K02000	WP_410774847.1	103.1	7e-30	0
RefSeq_Ectobacillus	K02000	WP_410776924.1	100.8	3.5e-29	0
RefSeq_Ectobacillus	K02000	WP_410774848.1	99.1	1.2e-28	0
RefSeq_Ectobacillus	K02000	WP_410778061.1	98.4	1.8e-28	0
RefSeq_Ectobacillus	K02000	WP_410778249.1	97.4	3.7e-28	0
RefSeq_Ectobacillus	K02000	WP_410775266.1	97.2	4.2e-28	0
RefSeq_Ectobacillus	K02000	WP_410775786.1	95.9	1.1e-27	0
RefSeq_Ectobacillus	K02000	WP_410773927.1	95.1	1.9e-27	0
RefSeq_Ectobacillus	K02000	WP_410775277.1	92.2	1.4e-26	0
RefSeq_Ectobacillus	K02000	WP_410774643.1	92.0	1.6e-26	0
RefSeq_Ectobacillus	K02000	WP_410774405.1	87.7	3.2e-25	0
RefSeq_Ectobacillus	K02000	WP_410775477.1	83.3	7e-24	0
RefSeq_Ectobacillus	K02000	WP_410778062.1	80.2	5.8e-23	0
RefSeq_Ectobacillus	K02000	WP_410775746.1	80.1	6.5e-23	0
RefSeq_Ectobacillus	K02000	WP_410774784.1	75.9	1.2e-21	0
RefSeq_Ectobacillus	K02000	WP_410774992.1	73.4	6.9e-21	0
RefSeq_Ectobacillus	K02000	WP_410778250.1	71.7	2.1e-20	0
RefSeq_Ectobacillus	K02000	WP_129730545.1	63.2	8.6e-18	0
RefSeq_Ectobacillus	K02000	WP_410776674.1	62.5	1.4e-17	0
RefSeq_Ectobacillus	K02000	WP_410775743.1	56.1	1.2e-15	0
RefSeq_Ectobacillus	K02000	WP_129726510.1	51.9	2.2e-14	0
RefSeq_Ectobacillus	K02000	WP_410774815.1	44.6	3.6e-12	0
RefSeq_Ectobacillus	K02000	WP_410773828.1	40.9	4.6e-11	0
RefSeq_Ectobacillus	K02000	WP_410776554.1	34.7	3.6e-09	0
RefSeq_Ectobacillus	K02000	WP_410776520.1	34.0	5.7e-09	0
RefSeq_Ectobacillus	K02000	WP_410774361.1	32.6	1.5e-08	0
RefSeq_Ectobacillus	K02000	WP_410776400.1	29.5	1.3e-07	0
RefSeq_Ectobacillus	K02000	WP_129728699.1	26.9	8e-07	0
RefSeq_Ectobacillus	K02000	WP_410776909.1	22.4	1.9e-05	0
RefSeq_Ectobacillus	K02000	WP_410775936.1	19.9	0.00011	0
RefSeq_Ectobacillus	K02000	WP_410777907.1	18.8	0.00022	0
RefSeq_Ectobacillus	K02000	WP_410773738.1	18.7	0.00024	0
RefSeq_Ectobacillus	K02000	WP_410774562.1	15.8	0.0019	0
RefSeq_Ectobacillus	K02000	WP_205650895.1	14.3	0.0051	0
RefSeq_Ectobacillus	K02000	WP_410775378.1	14.0	0.0067	0
RefSeq_Ectobacillus	K02000	WP_129729117.1	12.2	0.023	0
RefSeq_Ectobacillus	K02000	WP_410775835.1	12.0	0.026	0
RefSeq_Ectobacillus	K02000	WP_410775321.1	10.9	0.055	0
RefSeq_Ectobacillus	K02000	WP_410775222.1	10.7	0.066	0
RefSeq_Ectobacillus	K02001	WP_410775849.1	161.0	1.5e-47	0
RefSeq_Ectobacillus	K02001	WP_129729467.1	68.0	1.8e-19	0
RefSeq_Ectobacillus	K02001	WP_410778139.1	54.7	1.9e-15	0
RefSeq_Ectobacillus	K02001	WP_410775364.1	48.0	2.1e-13	0
RefSeq_Ectobacillus	K02001	WP_410778126.1	46.4	6.2e-13	0
RefSeq_Ectobacillus	K02001	WP_410774359.1	40.8	3.3e-11	0
RefSeq_Ectobacillus	K02001	WP_410776939.1	40.2	4.8e-11	0
RefSeq_Ectobacillus	K02001	WP_410775204.1	34.8	2e-09	0
RefSeq_Ectobacillus	K02001	WP_410778134.1	32.0	1.5e-08	0
RefSeq_Ectobacillus	K02001	WP_342048438.1	30.2	5e-08	0
RefSeq_Ectobacillus	K02001	WP_410774663.1	27.6	3.1e-07	0
RefSeq_Ectobacillus	K02001	WP_410777465.1	23.9	4.2e-06	0
RefSeq_Ectobacillus	K02001	WP_410776102.1	23.0	7.6e-06	0
RefSeq_Ectobacillus	K02001	WP_410774358.1	22.9	8.3e-06	0
RefSeq_Ectobacillus	K02001	WP_410777491.1	22.7	9.5e-06	0
RefSeq_Ectobacillus	K02001	WP_410776696.1	22.3	1.3e-05	0
RefSeq_Ectobacillus	K02001	WP_410776937.1	22.1	1.4e-05	0
RefSeq_Ectobacillus	K02001	WP_379948639.1	20.9	3.4e-05	0
RefSeq_Ectobacillus	K02001	WP_410778117.1	20.0	6e-05	0
RefSeq_Ectobacillus	K02001	WP_410774724.1	19.7	7.5e-05	0
RefSeq_Ectobacillus	K02001	WP_342044897.1	19.7	7.7e-05	0
RefSeq_Ectobacillus	K02001	WP_410774725.1	19.7	7.8e-05	0
RefSeq_Ectobacillus	K02001	WP_410777464.1	17.4	0.00037	0
RefSeq_Ectobacillus	K02001	WP_410776054.1	16.9	0.00053	0
RefSeq_Ectobacillus	K02001	WP_129729101.1	15.7	0.0013	0
RefSeq_Ectobacillus	K02001	WP_410773877.1	15.3	0.0016	0
RefSeq_Ectobacillus	K02001	WP_410777741.1	14.9	0.0022	0
RefSeq_Ectobacillus	K02001	WP_410777740.1	14.8	0.0023	0
RefSeq_Ectobacillus	K02001	WP_410774599.1	14.8	0.0023	0
RefSeq_Ectobacillus	K02001	WP_410778109.1	14.7	0.0025	0
RefSeq_Ectobacillus	K02001	WP_410777989.1	14.6	0.0026	0
RefSeq_Ectobacillus	K02001	WP_342046595.1	13.4	0.0062	0
RefSeq_Ectobacillus	K02001	WP_410774480.1	13.1	0.0076	0
RefSeq_Ectobacillus	K02001	WP_410774598.1	13.0	0.0079	0
RefSeq_Ectobacillus	K02001	WP_410774100.1	12.5	0.012	0
RefSeq_Ectobacillus	K02001	WP_410776830.1	12.3	0.013	0
RefSeq_Ectobacillus	K02001	WP_410778116.1	12.2	0.014	0
RefSeq_Ectobacillus	K02001	WP_410774261.1	12.1	0.015	0
RefSeq_Ectobacillus	K02001	WP_410774099.1	11.2	0.028	0
RefSeq_Ectobacillus	K02001	WP_410777868.1	11.2	0.029	0
RefSeq_Ectobacillus	K02001	WP_410774593.1	10.7	0.04	0
RefSeq_Ectobacillus	K02001	WP_129730094.1	9.9	0.07	0
RefSeq_Ectobacillus	K02001	WP_410778078.1	9.9	0.072	0
RefSeq_Ectobacillus	K02001	WP_410776120.1	9.6	0.085	0
RefSeq_Ectobacillus	K02001	WP_410775856.1	9.4	0.098	0
RefSeq_Ectobacillus	K02001	WP_410774085.1	9.3	0.11	0
RefSeq_Ectobacillus	K02001	WP_410777948.1	9.1	0.12	0
RefSeq_Ectobacillus	K02001	WP_410778237.1	8.5	0.19	0
RefSeq_Ectobacillus	K02001	WP_410778279.1	7.8	0.31	0
RefSeq_Ectobacillus	K02001	WP_410777064.1	5.4	1.6	0
RefSeq_Ectobacillus	K02001	WP_410776396.1	4.5	3.1	0
RefSeq_Ectobacillus	K02001	WP_410774572.1	3.7	5.2	0
RefSeq_Ectobacillus	K02001	WP_410774188.1	3.6	5.7	0
RefSeq_Ectobacillus	K02002	WP_410775849.1	90.4	2.8e-26	0
RefSeq_Ectobacillus	K02002	WP_129729467.1	21.9	1.6e-05	0
RefSeq_Ectobacillus	K02002	WP_410776055.1	16.8	0.00057	0
RefSeq_Ectobacillus	K02002	WP_410774663.1	14.7	0.0025	0
RefSeq_Ectobacillus	K02002	WP_410775204.1	14.4	0.0031	0
RefSeq_Ectobacillus	K02002	WP_342044897.1	14.2	0.0034	0
RefSeq_Ectobacillus	K02002	WP_410776695.1	13.5	0.0055	0
RefSeq_Ectobacillus	K02002	WP_410778125.1	13.5	0.0056	0
RefSeq_Ectobacillus	K02002	WP_410778139.1	12.3	0.013	0
RefSeq_Ectobacillus	K02002	WP_410774359.1	12.1	0.015	0
RefSeq_Ectobacillus	K02002	WP_410774724.1	11.4	0.025	0
RefSeq_Ectobacillus	K02002	WP_410775364.1	11.0	0.033	0
RefSeq_Ectobacillus	K02002	WP_410778134.1	10.9	0.035	0
RefSeq_Ectobacillus	K02779	WP_410776004.1	676.0	1.9e-203	0
RefSeq_Ectobacillus	K02779	WP_410776789.1	531.1	1.3e-159	0
RefSeq_Ectobacillus	K02779	WP_410774324.1	530.7	1.7e-159	0
RefSeq_Ectobacillus	K02779	WP_379948114.1	439.6	6.5e-132	0
RefSeq_Ectobacillus	K02779	WP_410777506.1	391.1	3e-117	0
RefSeq_Ectobacillus	K02779	WP_410778206.1	38.1	2e-10	0
RefSeq_Ectobacillus	K02779	WP_410774113.1	37.6	2.7e-10	0
RefSeq_Ectobacillus	K02779	WP_410775581.1	37.3	3.4e-10	0
RefSeq_Ectobacillus	K02779	WP_410775020.1	36.9	4.4e-10	0
RefSeq_Ectobacillus	K02779	WP_410775030.1	36.7	5e-10	0
RefSeq_Ectobacillus	K02779	WP_410775585.1	33.6	4.6e-09	0
RefSeq_Ectobacillus	K02779	WP_129727449.1	32.8	8e-09	0
RefSeq_Ectobacillus	K02779	WP_410773918.1	30.7	3.5e-08	0
RefSeq_Ectobacillus	K02779	WP_410775170.1	29.0	1.1e-07	0
RefSeq_Ectobacillus	K02779	WP_410776037.1	8.1	0.24	0
RefSeq_Ectobacillus	K02779	WP_410775372.1	7.6	0.34	0
RefSeq_Ectobacillus	K02779	WP_379951265.1	6.7	0.63	0
RefSeq_Ectobacillus	K02779	WP_410776038.1	5.1	1.9	0
RefSeq_Ectobacillus	K02779	WP_129729111.1	4.7	2.6	0
RefSeq_Ectobacillus	K01226	WP_410776757.1	874.6	9.5e-264	1
RefSeq_Ectobacillus	K01226	WP_410777502.1	767.1	3.6e-231	0
RefSeq_Ectobacillus	K01226	WP_410776940.1	735.4	1.4e-221	0
RefSeq_Ectobacillus	K01226	WP_410774841.1	692.6	1.3e-208	0
RefSeq_Ectobacillus	K01226	WP_410773864.1	684.8	3.2e-206	0
RefSeq_Ectobacillus	K01226	WP_410775169.1	642.7	1.7e-193	0
RefSeq_Ectobacillus	K01226	WP_410777325.1	573.1	2.2e-172	0
RefSeq_Ectobacillus	K01226	WP_410778055.1	320.4	7.5e-96	0
RefSeq_Ectobacillus	K01226	WP_410777025.1	158.5	8.8e-47	0
RefSeq_Ectobacillus	K01226	WP_410774460.1	108.0	1.7e-31	0
RefSeq_Ectobacillus	K01226	WP_410777061.1	44.1	4e-12	0
RefSeq_Ectobacillus	K01226	WP_410776481.1	24.3	4.1e-06	0
RefSeq_Ectobacillus	K03486	WP_410776762.1	317.9	1.3e-95	1
RefSeq_Ectobacillus	K03486	WP_410776792.1	193.7	1.1e-57	0
RefSeq_Ectobacillus	K03486	WP_410774326.1	191.4	5.8e-57	0
RefSeq_Ectobacillus	K03486	WP_410773917.1	157.4	1.4e-46	0
RefSeq_Ectobacillus	K03486	WP_342044132.1	119.7	4.4e-35	0
RefSeq_Ectobacillus	K03486	WP_410777561.1	106.9	3.7e-31	0
RefSeq_Ectobacillus	K03486	WP_410777554.1	106.4	5.1e-31	0
RefSeq_Ectobacillus	K03486	WP_410774317.1	86.7	5.6e-25	0
RefSeq_Ectobacillus	K03486	WP_410776282.1	71.1	3.2e-20	0
RefSeq_Ectobacillus	K03486	WP_410777050.1	70.6	4.6e-20	0
RefSeq_Ectobacillus	K03486	WP_342044287.1	64.1	4.3e-18	0
RefSeq_Ectobacillus	K03486	WP_410778015.1	55.8	1.5e-15	0
RefSeq_Ectobacillus	K03486	WP_410776185.1	53.7	6.5e-15	0
RefSeq_Ectobacillus	K03486	WP_129732079.1	51.8	2.5e-14	0
RefSeq_Ectobacillus	K03486	WP_410774234.1	49.2	1.5e-13	0
RefSeq_Ectobacillus	K03486	WP_410777405.1	49.1	1.7e-13	0
RefSeq_Ectobacillus	K03486	WP_379952402.1	47.8	4.3e-13	0
RefSeq_Ectobacillus	K03486	WP_410775048.1	47.0	7.4e-13	0
RefSeq_Ectobacillus	K03486	WP_410775039.1	47.0	7.6e-13	0
RefSeq_Ectobacillus	K03486	WP_410774205.1	46.1	1.4e-12	0
RefSeq_Ectobacillus	K03486	WP_410775349.1	44.5	4.3e-12	0
RefSeq_Ectobacillus	K03486	WP_410777653.1	44.1	5.6e-12	0
RefSeq_Ectobacillus	K03486	WP_410778051.1	42.3	2e-11	0
RefSeq_Ectobacillus	K03486	WP_410777651.1	41.5	3.7e-11	0
RefSeq_Ectobacillus	K03486	WP_410777058.1	41.3	4.1e-11	0
RefSeq_Ectobacillus	K03486	WP_410777585.1	38.8	2.4e-10	0
RefSeq_Ectobacillus	K03486	WP_410776900.1	35.9	1.8e-09	0
RefSeq_Ectobacillus	K03486	WP_410776344.1	30.2	9.7e-08	0
RefSeq_Ectobacillus	K03486	WP_410773895.1	25.9	2e-06	0
RefSeq_Ectobacillus	K03486	WP_410777784.1	25.5	2.8e-06	0
RefSeq_Ectobacillus	K03486	WP_129729857.1	21.7	3.9e-05	0
RefSeq_Ectobacillus	K03486	WP_410774237.1	21.3	5.1e-05	0
RefSeq_Ectobacillus	K03486	WP_379951344.1	19.2	0.00023	0
RefSeq_Ectobacillus	K03486	WP_410776844.1	18.5	0.00036	0
RefSeq_Ectobacillus	K03486	WP_410775062.1	17.8	0.00061	0
RefSeq_Ectobacillus	K03486	WP_129727321.1	15.1	0.0041	0
RefSeq_Ectobacillus	K03486	WP_410777827.1	14.6	0.0057	0
RefSeq_Ectobacillus	K03486	WP_410774334.1	13.7	0.011	0
RefSeq_Ectobacillus	K03486	WP_129729545.1	13.3	0.015	0
RefSeq_Ectobacillus	K03486	WP_410776754.1	12.3	0.029	0
RefSeq_Herpetosiphon	K00697	WP_054533628.1	604.4	6e-182	1
RefSeq_Herpetosiphon	K00697	WP_054533287.1	27.7	2.6e-07	0
RefSeq_Herpetosiphon	K00697	WP_054533304.1	20.6	3.8e-05	0
RefSeq_Herpetosiphon	K00697	WP_054536311.1	18.4	0.00017	0
RefSeq_Herpetosiphon	K00697	WP_054536826.1	16.8	0.00053	0
RefSeq_Herpetosiphon	K00697	WP_054532907.1	14.3	0.003	0
RefSeq_Herpetosiphon	K00697	WP_054534668.1	14.0	0.0038	0
RefSeq_Herpetosiphon	K00697	WP_152976682.1	13.2	0.0064	0
RefSeq_Herpetosiphon	K00697	WP_054534781.1	11.4	0.023	0
RefSeq_Herpetosiphon	K00697	WP_054535735.1	11.3	0.024	0
RefSeq_Herpetosiphon	K00697	WP_054535650.1	10.8	0.035	0
RefSeq_Herpetosiphon	K01087	WP_054533630.1	170.3	1.8e-50	1
RefSeq_Herpetosiphon	K01087	WP_054536046.1	23.8	5.2e-06	0
RefSeq_Herpetosiphon	K01087	WP_054536830.1	10.5	0.061	0
RefSeq_Herpetosiphon	K05343	WP_054533629.1	1100.2	0.0	1
RefSeq_Herpetosiphon	K05343	WP_054534270.1	290.6	7.6e-87	0
RefSeq_Herpetosiphon	K05343	WP_054535915.1	166.8	1.9e-49	0
RefSeq_Herpetosiphon	K05343	WP_054534152.1	162.5	3.9e-48	0
RefSeq_Herpetosiphon	K05343	WP_054536198.1	159.6	2.9e-47	0
RefSeq_Herpetosiphon	K05343	WP_054536199.1	129.2	4.5e-38	0
RefSeq_Herpetosiphon	K05343	WP_054537477.1	120.8	1.5e-35	0
RefSeq_Herpetosiphon	K05343	WP_054533530.1	112.6	4.7e-33	0
RefSeq_Herpetosiphon	K05343	WP_054533123.1	106.3	3.7e-31	0
RefSeq_Herpetosiphon	K05343	WP_054534454.1	76.4	3.8e-22	0
RefSeq_Herpetosiphon	K05343	WP_054535804.1	61.4	1.4e-17	0
RefSeq_Herpetosiphon	K05343	WP_054534455.1	34.2	2.2e-09	0
RefSeq_Herpetosiphon	K05343	WP_054536700.1	20.3	3.5e-05	0
RefSeq_Herpetosiphon	K05343	WP_054534614.1	15.4	0.001	0
RefSeq_Herpetosiphon	K06044	WP_054534455.1	1149.8	0.0	1
RefSeq_Herpetosiphon	K06044	WP_054533022.1	221.2	6.9e-66	0
RefSeq_Herpetosiphon	K06044	WP_054536198.1	85.0	8.6e-25	0
RefSeq_Herpetosiphon	K06044	WP_054534152.1	84.0	1.7e-24	0
RefSeq_Herpetosiphon	K06044	WP_054536199.1	79.5	3.9e-23	0
RefSeq_Herpetosiphon	K06044	WP_054535915.1	72.0	6.9e-21	0
RefSeq_Herpetosiphon	K06044	WP_054533123.1	71.2	1.3e-20	0
RefSeq_Herpetosiphon	K06044	WP_054534270.1	54.5	1.3e-15	0
RefSeq_Herpetosiphon	K06044	WP_054533530.1	53.1	3.6e-15	0
RefSeq_Herpetosiphon	K06044	WP_054533629.1	48.8	7.3e-14	0
RefSeq_Herpetosiphon	K06044	WP_054537477.1	43.1	3.8e-12	0
RefSeq_Herpetosiphon	K06044	WP_054534454.1	40.7	2e-11	0
RefSeq_Herpetosiphon	K06044	WP_054535804.1	19.1	6.7e-05	0
RefSeq_Herpetosiphon	K01236	WP_054534454.1	804.1	4.1e-242	1
RefSeq_Herpetosiphon	K01236	WP_054537477.1	360.5	5.4e-108	0
RefSeq_Herpetosiphon	K01236	WP_054533629.1	136.7	2.5e-40	0
RefSeq_Herpetosiphon	K01236	WP_054536700.1	124.9	9.5e-37	0
RefSeq_Herpetosiphon	K01236	WP_054533123.1	118.6	7.6e-35	0
RefSeq_Herpetosiphon	K01236	WP_054534152.1	115.0	9.5e-34	0
RefSeq_Herpetosiphon	K01236	WP_054536198.1	100.5	2.3e-29	0
RefSeq_Herpetosiphon	K01236	WP_054535804.1	89.1	6.5e-26	0
RefSeq_Herpetosiphon	K01236	WP_054536199.1	87.7	1.7e-25	0
RefSeq_Herpetosiphon	K01236	WP_054533530.1	82.3	7.2e-24	0
RefSeq_Herpetosiphon	K01236	WP_054535915.1	76.7	3.6e-22	0
RefSeq_Herpetosiphon	K01236	WP_054534270.1	69.2	6.5e-20	0
RefSeq_Herpetosiphon	K01236	WP_054534455.1	23.7	3.7e-06	0
RefSeq_Herpetosiphon	K01236	WP_054534614.1	14.1	0.0031	0
RefSeq_Herpetosiphon	K13057	WP_054533287.1	85.4	8.5e-25	0
RefSeq_Herpetosiphon	K13057	WP_054536311.1	84.6	1.4e-24	0
RefSeq_Herpetosiphon	K13057	WP_054536480.1	78.0	1.5e-22	0
RefSeq_Herpetosiphon	K13057	WP_152976682.1	76.6	4e-22	0
RefSeq_Herpetosiphon	K13057	WP_054536310.1	75.5	8.5e-22	0
RefSeq_Herpetosiphon	K13057	WP_054535066.1	71.8	1.1e-20	0
RefSeq_Herpetosiphon	K13057	WP_054535650.1	68.9	8.5e-20	0
RefSeq_Herpetosiphon	K13057	WP_054535997.1	66.5	4.6e-19	0
RefSeq_Herpetosiphon	K13057	WP_083470064.1	65.7	8e-19	0
RefSeq_Herpetosiphon	K13057	WP_054533671.1	65.4	9.5e-19	0
RefSeq_Herpetosiphon	K13057	WP_054536826.1	64.5	1.8e-18	0
RefSeq_Herpetosiphon	K13057	WP_054533543.1	64.4	2e-18	0
RefSeq_Herpetosiphon	K13057	WP_054533298.1	57.9	1.9e-16	0
RefSeq_Herpetosiphon	K13057	WP_054533296.1	57.8	2e-16	0
RefSeq_Herpetosiphon	K13057	WP_054536315.1	57.5	2.4e-16	0
RefSeq_Herpetosiphon	K13057	WP_160319519.1	56.1	6.5e-16	0
RefSeq_Herpetosiphon	K13057	WP_054534781.1	55.8	7.8e-16	0
RefSeq_Herpetosiphon	K13057	WP_054532832.1	55.1	1.3e-15	0
RefSeq_Herpetosiphon	K13057	WP_054533676.1	53.9	2.9e-15	0
RefSeq_Herpetosiphon	K13057	WP_054534292.1	52.7	6.8e-15	0
RefSeq_Herpetosiphon	K13057	WP_054537382.1	51.0	2.3e-14	0
RefSeq_Herpetosiphon	K13057	WP_054534668.1	50.5	3.3e-14	0
RefSeq_Herpetosiphon	K13057	WP_054535694.1	49.4	7e-14	0
RefSeq_Herpetosiphon	K13057	WP_054536316.1	48.0	1.9e-13	0
RefSeq_Herpetosiphon	K13057	WP_054536344.1	46.7	4.7e-13	0
RefSeq_Herpetosiphon	K13057	WP_201783478.1	43.1	5.6e-12	0
RefSeq_Herpetosiphon	K13057	WP_054535910.1	38.4	1.5e-10	0
RefSeq_Herpetosiphon	K13057	WP_054536997.1	37.6	2.6e-10	0
RefSeq_Herpetosiphon	K13057	WP_236706873.1	36.8	4.7e-10	0
RefSeq_Herpetosiphon	K13057	WP_054532907.1	36.5	5.5e-10	0
RefSeq_Herpetosiphon	K13057	WP_054536190.1	34.6	2.2e-09	0
RefSeq_Herpetosiphon	K13057	WP_054534869.1	33.6	4.2e-09	0
RefSeq_Herpetosiphon	K13057	WP_054533217.1	29.5	7.5e-08	0
RefSeq_Herpetosiphon	K13057	WP_054535775.1	29.5	7.8e-08	0
RefSeq_Herpetosiphon	K13057	WP_054533241.1	28.2	1.9e-07	0
RefSeq_Herpetosiphon	K13057	WP_054536657.1	27.4	3.4e-07	0
RefSeq_Herpetosiphon	K13057	WP_054533628.1	25.4	1.3e-06	0
RefSeq_Herpetosiphon	K13057	WP_054533850.1	24.8	2.1e-06	0
RefSeq_Herpetosiphon	K13057	WP_054537409.1	23.4	5.3e-06	0
RefSeq_Herpetosiphon	K13057	WP_054536351.1	22.8	8.5e-06	0
RefSeq_Herpetosiphon	K13057	WP_054533494.1	21.2	2.5e-05	0
RefSeq_Herpetosiphon	K13057	WP_054535655.1	19.9	6.3e-05	0
RefSeq_Herpetosiphon	K13057	WP_407928503.1	18.0	0.00024	0
RefSeq_Herpetosiphon	K13057	WP_054537408.1	17.9	0.00025	0
RefSeq_Herpetosiphon	K13057	WP_054533304.1	13.8	0.0046	0
RefSeq_Herpetosiphon	K13057	WP_054534525.1	13.2	0.0065	0
RefSeq_Herpetosiphon	K13057	WP_054534836.1	13.2	0.0069	0
RefSeq_Herpetosiphon	K13057	WP_054533394.1	11.7	0.019	0
RefSeq_Herpetosiphon	K13057	WP_054535998.1	11.0	0.032	0
RefSeq_Herpetosiphon	K00108	WP_054532490.1	21.8	1.2e-05	0
RefSeq_Herpetosiphon	K00108	WP_054532697.1	12.3	0.0089	0
RefSeq_Herpetosiphon	K00108	WP_054533388.1	11.0	0.021	0
RefSeq_Herpetosiphon	K00108	WP_054533901.1	10.6	0.028	0
RefSeq_Herpetosiphon	K00108	WP_330218460.1	9.5	0.06	0
RefSeq_Herpetosiphon	K00130	WP_054535900.1	727.3	3.4e-219	1
RefSeq_Herpetosiphon	K00130	WP_054535878.1	687.8	3.1e-207	1
RefSeq_Herpetosiphon	K00130	WP_054534276.1	584.3	6.7e-176	0
RefSeq_Herpetosiphon	K00130	WP_054535805.1	545.1	5.2e-164	0
RefSeq_Herpetosiphon	K00130	WP_054534601.1	413.3	4.3e-124	0
RefSeq_Herpetosiphon	K00130	WP_054534389.1	280.2	8.7e-84	0
RefSeq_Herpetosiphon	K00130	WP_054537440.1	171.0	1e-50	0
RefSeq_Herpetosiphon	K00130	WP_054537189.1	22.6	8.7e-06	0
RefSeq_Herpetosiphon	K00130	WP_054532897.1	10.4	0.043	0
RefSeq_Herpetosiphon	K00499	WP_054534751.1	12.2	0.016	0
RefSeq_Herpetosiphon	K17755	WP_054532490.1	16.2	0.00095	0
RefSeq_Herpetosiphon	K17756	WP_054533901.1	22.6	8.3e-06	0
RefSeq_Herpetosiphon	K17756	WP_152976633.1	20.3	4.1e-05	0
RefSeq_Herpetosiphon	K17756	WP_054533638.1	20.0	5.2e-05	0
RefSeq_Herpetosiphon	K17756	WP_054532515.1	19.2	9e-05	0
RefSeq_Herpetosiphon	K17756	WP_054532697.1	17.0	0.0004	0
RefSeq_Herpetosiphon	K17756	WP_054532938.1	16.6	0.00054	0
RefSeq_Herpetosiphon	K17756	WP_054532863.1	14.4	0.0025	0
RefSeq_Herpetosiphon	K17756	WP_054533198.1	12.5	0.0096	0
RefSeq_Herpetosiphon	K17756	WP_330218460.1	11.7	0.017	0
RefSeq_Herpetosiphon	K17756	WP_152976628.1	11.2	0.023	0
RefSeq_Herpetosiphon	K17756	WP_054534548.1	10.5	0.038	0
RefSeq_Herpetosiphon	K17756	WP_054533826.1	10.3	0.045	0
RefSeq_Herpetosiphon	K06718	WP_054534844.1	22.6	1.6e-05	0
RefSeq_Herpetosiphon	K06718	WP_054533924.1	21.8	2.9e-05	0
RefSeq_Herpetosiphon	K06718	WP_054534083.1	20.7	6.1e-05	0
RefSeq_Herpetosiphon	K06718	WP_054534511.1	19.8	0.00011	0
RefSeq_Herpetosiphon	K06718	WP_054534517.1	19.7	0.00013	0
RefSeq_Herpetosiphon	K06718	WP_054533126.1	18.9	0.00023	0
RefSeq_Herpetosiphon	K06718	WP_054534689.1	18.4	0.00032	0
RefSeq_Herpetosiphon	K06718	WP_054534758.1	16.8	0.00099	0
RefSeq_Herpetosiphon	K06718	WP_054535331.1	16.6	0.0011	0
RefSeq_Herpetosiphon	K06718	WP_054536715.1	13.3	0.011	0
RefSeq_Herpetosiphon	K06718	WP_054534816.1	13.0	0.014	0
RefSeq_Herpetosiphon	K06718	WP_054535386.1	12.3	0.022	0
RefSeq_Herpetosiphon	K06718	WP_054533753.1	12.3	0.023	0
RefSeq_Herpetosiphon	K06718	WP_054532511.1	11.7	0.036	0
RefSeq_Herpetosiphon	K06718	WP_054534323.1	11.5	0.042	0
RefSeq_Herpetosiphon	K06718	WP_054532405.1	11.1	0.052	0
RefSeq_Herpetosiphon	K06720	WP_054534090.1	33.9	8.1e-09	0
RefSeq_Herpetosiphon	K06721	WP_054535984.1	20.3	8.1e-05	0
RefSeq_Herpetosiphon	K06721	WP_054534729.1	16.2	0.0015	0
RefSeq_Herpetosiphon	K06721	WP_054533109.1	13.0	0.014	0
RefSeq_Herpetosiphon	K06721	WP_054532718.1	11.3	0.045	0
RefSeq_Herpetosiphon	K06721	WP_054533912.1	11.2	0.047	0
RefSeq_Herpetosiphon	K06721	WP_054532527.1	10.7	0.067	0
RefSeq_Herpetosiphon	K06721	WP_054536055.1	10.6	0.076	0
RefSeq_Herpetosiphon	K06721	WP_054535988.1	9.9	0.12	0
RefSeq_Herpetosiphon	K06721	WP_054533155.1	9.7	0.14	0
RefSeq_Herpetosiphon	K06721	WP_054535580.1	9.7	0.14	0
RefSeq_Herpetosiphon	K06721	WP_054533519.1	7.7	0.55	0
RefSeq_Herpetosiphon	K06721	WP_054534278.1	6.7	1.2	0
RefSeq_Herpetosiphon	K06721	WP_054534065.1	5.3	3.0	0
RefSeq_Herpetosiphon	K06721	WP_054535933.1	4.0	7.3	0
RefSeq_Herpetosiphon	K01858	WP_054535056.1	190.8	1.2e-56	1
RefSeq_Herpetosiphon	K05845	WP_054535141.1	377.9	2.4e-113	1
RefSeq_Herpetosiphon	K05845	WP_054535373.1	7.9	0.35	0
RefSeq_Herpetosiphon	K05846	WP_054535139.1	238.8	2.8e-71	1
RefSeq_Herpetosiphon	K05846	WP_054535142.1	227.9	5.6e-68	1
RefSeq_Herpetosiphon	K05846	WP_054533237.1	93.7	3.2e-27	0
RefSeq_Herpetosiphon	K05846	WP_054534439.1	66.1	7.6e-19	0
RefSeq_Herpetosiphon	K05846	WP_054533036.1	56.6	5.7e-16	0
RefSeq_Herpetosiphon	K05846	WP_054535645.1	54.2	3.2e-15	0
RefSeq_Herpetosiphon	K05846	WP_054534334.1	48.2	2.1e-13	0
RefSeq_Herpetosiphon	K05846	WP_054534335.1	47.6	3.2e-13	0
RefSeq_Herpetosiphon	K05846	WP_054533620.1	46.4	7.4e-13	0
RefSeq_Herpetosiphon	K05846	WP_054533903.1	45.9	1e-12	0
RefSeq_Herpetosiphon	K05846	WP_054535644.1	28.0	2.8e-07	0
RefSeq_Herpetosiphon	K05846	WP_054536852.1	27.6	3.7e-07	0
RefSeq_Herpetosiphon	K05846	WP_054534963.1	27.4	4.2e-07	0
RefSeq_Herpetosiphon	K05846	WP_236706857.1	24.0	4.7e-06	0
RefSeq_Herpetosiphon	K05846	WP_054533793.1	22.4	1.4e-05	0
RefSeq_Herpetosiphon	K05846	WP_054533715.1	21.9	1.9e-05	0
RefSeq_Herpetosiphon	K05846	WP_054536033.1	20.8	4.3e-05	0
RefSeq_Herpetosiphon	K05846	WP_054536296.1	19.6	0.0001	0
RefSeq_Herpetosiphon	K05846	WP_054532667.1	17.7	0.00039	0
RefSeq_Herpetosiphon	K05846	WP_054533762.1	17.1	0.00056	0
RefSeq_Herpetosiphon	K05846	WP_054532668.1	16.5	0.00087	0
RefSeq_Herpetosiphon	K05846	WP_083469812.1	14.2	0.0044	0
RefSeq_Herpetosiphon	K05846	WP_152976641.1	13.7	0.0062	0
RefSeq_Herpetosiphon	K05846	WP_054533763.1	13.3	0.008	0
RefSeq_Herpetosiphon	K05846	WP_083469819.1	12.9	0.011	0
RefSeq_Herpetosiphon	K05846	WP_054536218.1	12.9	0.011	0
RefSeq_Herpetosiphon	K05846	WP_054534513.1	12.1	0.018	0
RefSeq_Herpetosiphon	K05846	WP_054534924.1	11.8	0.023	0
RefSeq_Herpetosiphon	K05846	WP_054535508.1	11.4	0.03	0
RefSeq_Herpetosiphon	K05846	WP_054534321.1	11.1	0.037	0
RefSeq_Herpetosiphon	K05846	WP_054533519.1	11.1	0.038	0
RefSeq_Herpetosiphon	K05846	WP_054532655.1	9.8	0.093	0
RefSeq_Herpetosiphon	K05846	WP_054536032.1	8.2	0.29	0
RefSeq_Herpetosiphon	K05846	WP_054532672.1	8.0	0.32	0
RefSeq_Herpetosiphon	K05846	WP_054537508.1	7.7	0.39	0
RefSeq_Herpetosiphon	K05846	WP_083469769.1	6.9	0.73	0
RefSeq_Herpetosiphon	K05846	WP_054534925.1	6.7	0.8	0
RefSeq_Herpetosiphon	K05846	WP_054534858.1	6.6	0.88	0
RefSeq_Herpetosiphon	K05846	WP_236706855.1	5.8	1.5	0
RefSeq_Herpetosiphon	K05846	WP_054535509.1	4.7	3.2	0
RefSeq_Herpetosiphon	K05846	WP_054534221.1	4.0	5.4	0
RefSeq_Herpetosiphon	K05846	WP_054535103.1	3.8	6.3	0
RefSeq_Herpetosiphon	K05846	WP_083470137.1	3.8	6.4	0
RefSeq_Herpetosiphon	K05846	WP_054532673.1	3.5	7.4	0
RefSeq_Herpetosiphon	K05847	WP_054535140.1	462.1	5.1e-139	1
RefSeq_Herpetosiphon	K05847	WP_054532674.1	327.1	5.5e-98	0
RefSeq_Herpetosiphon	K05847	WP_054534333.1	316.5	9e-95	0
RefSeq_Herpetosiphon	K05847	WP_054536854.1	314.2	4.5e-94	0
RefSeq_Herpetosiphon	K05847	WP_054536824.1	303.3	8.9e-91	0
RefSeq_Herpetosiphon	K05847	WP_054533904.1	276.2	1.6e-82	0
RefSeq_Herpetosiphon	K05847	WP_054536994.1	274.2	6.4e-82	0
RefSeq_Herpetosiphon	K05847	WP_054534824.1	269.6	1.6e-80	0
RefSeq_Herpetosiphon	K05847	WP_054536034.1	256.8	1.2e-76	0
RefSeq_Herpetosiphon	K05847	WP_054533619.1	246.6	1.5e-73	0
RefSeq_Herpetosiphon	K05847	WP_054534440.1	219.9	1.9e-65	0
RefSeq_Herpetosiphon	K05847	WP_054536378.1	215.0	6.1e-64	0
RefSeq_Herpetosiphon	K05847	WP_054533795.1	213.6	1.6e-63	0
RefSeq_Herpetosiphon	K05847	WP_054533447.1	211.3	8.1e-63	0
RefSeq_Herpetosiphon	K05847	WP_054533996.1	209.3	3.2e-62	0
RefSeq_Herpetosiphon	K05847	WP_054533765.1	206.3	2.7e-61	0
RefSeq_Herpetosiphon	K05847	WP_054532653.1	206.3	2.7e-61	0
RefSeq_Herpetosiphon	K05847	WP_054534927.1	197.9	9.2e-59	0
RefSeq_Herpetosiphon	K05847	WP_054535646.1	194.8	8.2e-58	0
RefSeq_Herpetosiphon	K05847	WP_054533144.1	194.3	1.1e-57	0
RefSeq_Herpetosiphon	K05847	WP_054532986.1	193.4	2.2e-57	0
RefSeq_Herpetosiphon	K05847	WP_054536280.1	192.9	3.1e-57	0
RefSeq_Herpetosiphon	K05847	WP_054533170.1	192.7	3.6e-57	0
RefSeq_Herpetosiphon	K05847	WP_054532654.1	192.6	3.9e-57	0
RefSeq_Herpetosiphon	K05847	WP_054533037.1	189.9	2.5e-56	0
RefSeq_Herpetosiphon	K05847	WP_054532483.1	184.5	1.1e-54	0
RefSeq_Herpetosiphon	K05847	WP_054535461.1	182.1	6e-54	0
RefSeq_Herpetosiphon	K05847	WP_201783461.1	180.1	2.4e-53	0
RefSeq_Herpetosiphon	K05847	WP_054534926.1	171.9	7.3e-51	0
RefSeq_Herpetosiphon	K05847	WP_054534092.1	167.8	1.3e-49	0
RefSeq_Herpetosiphon	K05847	WP_083469650.1	167.2	2e-49	0
RefSeq_Herpetosiphon	K05847	WP_054536818.1	166.7	2.9e-49	0
RefSeq_Herpetosiphon	K05847	WP_054533552.1	164.6	1.2e-48	0
RefSeq_Herpetosiphon	K05847	WP_054534079.1	162.5	5.5e-48	0
RefSeq_Herpetosiphon	K05847	WP_054537402.1	162.3	6.1e-48	0
RefSeq_Herpetosiphon	K05847	WP_054533510.1	161.0	1.5e-47	0
RefSeq_Herpetosiphon	K05847	WP_054537215.1	160.6	2.1e-47	0
RefSeq_Herpetosiphon	K05847	WP_054537133.1	159.1	5.7e-47	0
RefSeq_Herpetosiphon	K05847	WP_054533830.1	159.1	5.7e-47	0
RefSeq_Herpetosiphon	K05847	WP_054533794.1	158.2	1.1e-46	0
RefSeq_Herpetosiphon	K05847	WP_054533764.1	158.1	1.2e-46	0
RefSeq_Herpetosiphon	K05847	WP_054532972.1	155.6	6.9e-46	0
RefSeq_Herpetosiphon	K05847	WP_054533612.1	154.5	1.4e-45	0
RefSeq_Herpetosiphon	K05847	WP_054536234.1	152.4	6.4e-45	0
RefSeq_Herpetosiphon	K05847	WP_330218461.1	152.1	7.5e-45	0
RefSeq_Herpetosiphon	K05847	WP_054533276.1	149.9	3.6e-44	0
RefSeq_Herpetosiphon	K05847	WP_054533733.1	149.2	5.7e-44	0
RefSeq_Herpetosiphon	K05847	WP_054535768.1	147.1	2.5e-43	0
RefSeq_Herpetosiphon	K05847	WP_054536819.1	146.7	3.4e-43	0
RefSeq_Herpetosiphon	K05847	WP_054537048.1	144.8	1.2e-42	0
RefSeq_Herpetosiphon	K05847	WP_054535892.1	144.4	1.7e-42	0
RefSeq_Herpetosiphon	K05847	WP_054533601.1	143.0	4.6e-42	0
RefSeq_Herpetosiphon	K05847	WP_054536235.1	141.2	1.5e-41	0
RefSeq_Herpetosiphon	K05847	WP_054533485.1	138.7	9.4e-41	0
RefSeq_Herpetosiphon	K05847	WP_054532641.1	138.2	1.3e-40	0
RefSeq_Herpetosiphon	K05847	WP_054535038.1	137.3	2.3e-40	0
RefSeq_Herpetosiphon	K05847	WP_054534650.1	136.2	5.1e-40	0
RefSeq_Herpetosiphon	K05847	WP_054532931.1	128.1	1.5e-37	0
RefSeq_Herpetosiphon	K05847	WP_054536989.1	127.9	1.7e-37	0
RefSeq_Herpetosiphon	K05847	WP_054534154.1	127.9	1.7e-37	0
RefSeq_Herpetosiphon	K05847	WP_054534091.1	127.6	2.1e-37	0
RefSeq_Herpetosiphon	K05847	WP_054534180.1	127.5	2.3e-37	0
RefSeq_Herpetosiphon	K05847	WP_054535634.1	126.0	6.5e-37	0
RefSeq_Herpetosiphon	K05847	WP_083469794.1	125.4	9.7e-37	0
RefSeq_Herpetosiphon	K05847	WP_054536202.1	125.0	1.3e-36	0
RefSeq_Herpetosiphon	K05847	WP_054533094.1	124.7	1.6e-36	0
RefSeq_Herpetosiphon	K05847	WP_054533453.1	123.5	3.7e-36	0
RefSeq_Herpetosiphon	K05847	WP_054535891.1	121.4	1.6e-35	0
RefSeq_Herpetosiphon	K05847	WP_054536057.1	119.9	4.5e-35	0
RefSeq_Herpetosiphon	K05847	WP_054535151.1	117.6	2.3e-34	0
RefSeq_Herpetosiphon	K05847	WP_054532461.1	115.3	1.2e-33	0
RefSeq_Herpetosiphon	K05847	WP_054534224.1	113.3	4.7e-33	0
RefSeq_Herpetosiphon	K05847	WP_236706949.1	112.0	1.1e-32	0
RefSeq_Herpetosiphon	K05847	WP_054535073.1	110.7	2.8e-32	0
RefSeq_Herpetosiphon	K05847	WP_054533489.1	109.5	6.6e-32	0
RefSeq_Herpetosiphon	K05847	WP_054534314.1	103.8	3.5e-30	0
RefSeq_Herpetosiphon	K05847	WP_054535944.1	102.3	1.1e-29	0
RefSeq_Herpetosiphon	K05847	WP_054535876.1	99.4	7.7e-29	0
RefSeq_Herpetosiphon	K05847	WP_054534233.1	90.2	4.9e-26	0
RefSeq_Herpetosiphon	K05847	WP_054533677.1	83.5	5.3e-24	0
RefSeq_Herpetosiphon	K05847	WP_054535469.1	69.0	1.3e-19	0
RefSeq_Herpetosiphon	K05847	WP_083469942.1	67.6	3.7e-19	0
RefSeq_Herpetosiphon	K05847	WP_083469660.1	60.2	6.3e-17	0
RefSeq_Herpetosiphon	K05847	WP_054537202.1	55.3	2e-15	0
RefSeq_Herpetosiphon	K05847	WP_054535953.1	17.9	0.00045	0
RefSeq_Herpetosiphon	K05847	WP_054536263.1	17.2	0.00074	0
RefSeq_Herpetosiphon	K05847	WP_054532446.1	15.9	0.0018	0
RefSeq_Herpetosiphon	K05847	WP_054535582.1	13.0	0.014	0
RefSeq_Herpetosiphon	K05847	WP_054535515.1	13.0	0.014	0
RefSeq_Herpetosiphon	K05847	WP_054535045.1	12.7	0.017	0
RefSeq_Herpetosiphon	K05847	WP_054534799.1	12.5	0.019	0
RefSeq_Herpetosiphon	K05847	WP_054535667.1	12.3	0.023	0
RefSeq_Herpetosiphon	K05848	WP_054534789.1	14.2	0.006	0
RefSeq_Herpetosiphon	K05848	WP_054533471.1	12.0	0.027	0
RefSeq_Herpetosiphon	K02168	WP_054532510.1	10.5	0.034	0
RefSeq_Herpetosiphon	K02000	WP_054535140.1	316.9	1.2e-94	0
RefSeq_Herpetosiphon	K02000	WP_054536854.1	293.7	1.3e-87	0
RefSeq_Herpetosiphon	K02000	WP_054534333.1	292.8	2.5e-87	0
RefSeq_Herpetosiphon	K02000	WP_054532674.1	275.9	3.1e-82	0
RefSeq_Herpetosiphon	K02000	WP_054536994.1	251.0	1.1e-74	0
RefSeq_Herpetosiphon	K02000	WP_054534824.1	248.9	4.7e-74	0
RefSeq_Herpetosiphon	K02000	WP_054533904.1	238.7	5.8e-71	0
RefSeq_Herpetosiphon	K02000	WP_054533619.1	238.3	7.5e-71	0
RefSeq_Herpetosiphon	K02000	WP_054536824.1	231.4	9.5e-69	0
RefSeq_Herpetosiphon	K02000	WP_054533795.1	225.3	6.6e-67	0
RefSeq_Herpetosiphon	K02000	WP_054536378.1	224.9	8.7e-67	0
RefSeq_Herpetosiphon	K02000	WP_054536034.1	215.1	8e-64	0
RefSeq_Herpetosiphon	K02000	WP_054534440.1	206.3	3.7e-61	0
RefSeq_Herpetosiphon	K02000	WP_054532986.1	197.7	1.5e-58	0
RefSeq_Herpetosiphon	K02000	WP_054533170.1	197.7	1.5e-58	0
RefSeq_Herpetosiphon	K02000	WP_054532653.1	195.6	6.3e-58	0
RefSeq_Herpetosiphon	K02000	WP_054533996.1	192.8	4.6e-57	0
RefSeq_Herpetosiphon	K02000	WP_054532654.1	190.3	2.7e-56	0
RefSeq_Herpetosiphon	K02000	WP_054533765.1	186.8	3.1e-55	0
RefSeq_Herpetosiphon	K02000	WP_054534927.1	182.8	4.9e-54	0
RefSeq_Herpetosiphon	K02000	WP_054533037.1	182.5	6.2e-54	0
RefSeq_Herpetosiphon	K02000	WP_054533144.1	182.0	8.5e-54	0
RefSeq_Herpetosiphon	K02000	WP_054533764.1	164.1	2.2e-48	0
RefSeq_Herpetosiphon	K02000	WP_054533447.1	160.1	3.6e-47	0
RefSeq_Herpetosiphon	K02000	WP_054535646.1	157.6	2.1e-46	0
RefSeq_Herpetosiphon	K02000	WP_054534926.1	152.9	5.5e-45	0
RefSeq_Herpetosiphon	K02000	WP_054536280.1	149.3	6.7e-44	0
RefSeq_Herpetosiphon	K02000	WP_054532483.1	149.0	8.1e-44	0
RefSeq_Herpetosiphon	K02000	WP_054533794.1	144.1	2.5e-42	0
RefSeq_Herpetosiphon	K02000	WP_054537215.1	139.5	6.3e-41	0
RefSeq_Herpetosiphon	K02000	WP_083469650.1	137.0	3.5e-40	0
RefSeq_Herpetosiphon	K02000	WP_054535461.1	135.9	7.6e-40	0
RefSeq_Herpetosiphon	K02000	WP_054533510.1	133.2	4.9e-39	0
RefSeq_Herpetosiphon	K02000	WP_054534079.1	133.0	5.6e-39	0
RefSeq_Herpetosiphon	K02000	WP_054537133.1	126.0	7.7e-37	0
RefSeq_Herpetosiphon	K02000	WP_201783461.1	125.5	1e-36	0
RefSeq_Herpetosiphon	K02000	WP_054537402.1	125.3	1.3e-36	0
RefSeq_Herpetosiphon	K02000	WP_054533552.1	122.7	7.4e-36	0
RefSeq_Herpetosiphon	K02000	WP_054533830.1	118.8	1.1e-34	0
RefSeq_Herpetosiphon	K02000	WP_054533612.1	118.0	2e-34	0
RefSeq_Herpetosiphon	K02000	WP_054535892.1	117.3	3.2e-34	0
RefSeq_Herpetosiphon	K02000	WP_054532972.1	117.3	3.4e-34	0
RefSeq_Herpetosiphon	K02000	WP_054535038.1	116.8	4.6e-34	0
RefSeq_Herpetosiphon	K02000	WP_054536818.1	114.8	1.9e-33	0
RefSeq_Herpetosiphon	K02000	WP_054534092.1	114.8	1.9e-33	0
RefSeq_Herpetosiphon	K02000	WP_054533276.1	114.6	2.1e-33	0
RefSeq_Herpetosiphon	K02000	WP_054534650.1	111.1	2.5e-32	0
RefSeq_Herpetosiphon	K02000	WP_054536234.1	109.2	9.2e-32	0
RefSeq_Herpetosiphon	K02000	WP_054536989.1	109.0	1.1e-31	0
RefSeq_Herpetosiphon	K02000	WP_330218461.1	107.9	2.4e-31	0
RefSeq_Herpetosiphon	K02000	WP_054533485.1	106.3	7.1e-31	0
RefSeq_Herpetosiphon	K02000	WP_054532641.1	103.0	6.7e-30	0
RefSeq_Herpetosiphon	K02000	WP_054535768.1	102.3	1.2e-29	0
RefSeq_Herpetosiphon	K02000	WP_054532461.1	101.7	1.7e-29	0
RefSeq_Herpetosiphon	K02000	WP_054533601.1	101.0	2.7e-29	0
RefSeq_Herpetosiphon	K02000	WP_054533733.1	99.1	1e-28	0
RefSeq_Herpetosiphon	K02000	WP_054536057.1	97.8	2.7e-28	0
RefSeq_Herpetosiphon	K02000	WP_054533453.1	95.8	1.1e-27	0
RefSeq_Herpetosiphon	K02000	WP_054534180.1	94.4	2.7e-27	0
RefSeq_Herpetosiphon	K02000	WP_054533489.1	94.3	3.1e-27	0
RefSeq_Herpetosiphon	K02000	WP_054536202.1	92.9	8.1e-27	0
RefSeq_Herpetosiphon	K02000	WP_054536235.1	87.1	4.4e-25	0
RefSeq_Herpetosiphon	K02000	WP_054535151.1	86.3	7.8e-25	0
RefSeq_Herpetosiphon	K02000	WP_054536819.1	86.0	9.7e-25	0
RefSeq_Herpetosiphon	K02000	WP_054533677.1	84.1	3.7e-24	0
RefSeq_Herpetosiphon	K02000	WP_054537048.1	83.1	7.2e-24	0
RefSeq_Herpetosiphon	K02000	WP_054532931.1	81.6	2e-23	0
RefSeq_Herpetosiphon	K02000	WP_054535891.1	81.5	2.3e-23	0
RefSeq_Herpetosiphon	K02000	WP_054535634.1	79.4	9.8e-23	0
RefSeq_Herpetosiphon	K02000	WP_054534154.1	78.4	2e-22	0
RefSeq_Herpetosiphon	K02000	WP_054534091.1	76.3	8.2e-22	0
RefSeq_Herpetosiphon	K02000	WP_236706949.1	75.7	1.3e-21	0
RefSeq_Herpetosiphon	K02000	WP_054533094.1	74.3	3.4e-21	0
RefSeq_Herpetosiphon	K02000	WP_054535073.1	72.3	1.4e-20	0
RefSeq_Herpetosiphon	K02000	WP_054534224.1	66.0	1.1e-18	0
RefSeq_Herpetosiphon	K02000	WP_083469794.1	64.6	2.9e-18	0
RefSeq_Herpetosiphon	K02000	WP_054535944.1	64.0	4.4e-18	0
RefSeq_Herpetosiphon	K02000	WP_054534233.1	62.1	1.7e-17	0
RefSeq_Herpetosiphon	K02000	WP_054535876.1	57.9	3.1e-16	0
RefSeq_Herpetosiphon	K02000	WP_054534314.1	49.6	1e-13	0
RefSeq_Herpetosiphon	K02000	WP_054537202.1	41.0	4e-11	0
RefSeq_Herpetosiphon	K02000	WP_054535469.1	37.2	5.7e-10	0
RefSeq_Herpetosiphon	K02000	WP_083469660.1	36.7	8.3e-10	0
RefSeq_Herpetosiphon	K02000	WP_054534799.1	31.1	4e-08	0
RefSeq_Herpetosiphon	K02000	WP_083469942.1	29.9	9.5e-08	0
RefSeq_Herpetosiphon	K02000	WP_083470005.1	27.4	5.4e-07	0
RefSeq_Herpetosiphon	K02000	WP_330218463.1	26.4	1.1e-06	0
RefSeq_Herpetosiphon	K02000	WP_054535180.1	25.0	2.8e-06	0
RefSeq_Herpetosiphon	K02000	WP_054536263.1	22.5	1.6e-05	0
RefSeq_Herpetosiphon	K02000	WP_054536640.1	20.2	8.4e-05	0
RefSeq_Herpetosiphon	K02000	WP_054532406.1	19.3	0.00015	0
RefSeq_Herpetosiphon	K02000	WP_083469955.1	17.5	0.00053	0
RefSeq_Herpetosiphon	K02000	WP_330218465.1	11.1	0.046	0
RefSeq_Herpetosiphon	K02001	WP_054535139.1	91.9	1e-26	0
RefSeq_Herpetosiphon	K02001	WP_054535142.1	72.5	7.5e-21	0
RefSeq_Herpetosiphon	K02001	WP_054533237.1	45.8	9e-13	0
RefSeq_Herpetosiphon	K02001	WP_054534439.1	41.0	2.7e-11	0
RefSeq_Herpetosiphon	K02001	WP_054533903.1	29.0	1.1e-07	0
RefSeq_Herpetosiphon	K02001	WP_054533036.1	25.7	1.1e-06	0
RefSeq_Herpetosiphon	K02001	WP_054534963.1	22.9	7.6e-06	0
RefSeq_Herpetosiphon	K02001	WP_236706857.1	21.4	2.1e-05	0
RefSeq_Herpetosiphon	K02001	WP_054534335.1	19.9	6.2e-05	0
RefSeq_Herpetosiphon	K02001	WP_054535645.1	19.9	6.2e-05	0
RefSeq_Herpetosiphon	K02001	WP_054534858.1	19.0	0.00012	0
RefSeq_Herpetosiphon	K02001	WP_152976641.1	17.3	0.00037	0
RefSeq_Herpetosiphon	K02001	WP_054536852.1	16.5	0.00067	0
RefSeq_Herpetosiphon	K02001	WP_054534924.1	16.4	0.00074	0
RefSeq_Herpetosiphon	K02001	WP_054536296.1	15.2	0.0016	0
RefSeq_Herpetosiphon	K02001	WP_054537508.1	15.1	0.0017	0
RefSeq_Herpetosiphon	K02001	WP_083470047.1	13.5	0.0054	0
RefSeq_Herpetosiphon	K02001	WP_054534334.1	13.3	0.006	0
RefSeq_Herpetosiphon	K02001	WP_083469812.1	13.3	0.0061	0
RefSeq_Herpetosiphon	K02001	WP_054535103.1	11.5	0.022	0
RefSeq_Herpetosiphon	K02001	WP_054533620.1	10.0	0.062	0
RefSeq_Herpetosiphon	K02001	WP_054535644.1	9.9	0.064	0
RefSeq_Herpetosiphon	K02001	WP_054533715.1	8.2	0.21	0
RefSeq_Herpetosiphon	K02001	WP_054534925.1	7.2	0.43	0
RefSeq_Herpetosiphon	K02001	WP_054534321.1	5.7	1.2	0
RefSeq_Herpetosiphon	K02001	WP_054536509.1	5.4	1.5	0
RefSeq_Herpetosiphon	K02001	WP_054532667.1	3.6	5.3	0
RefSeq_Herpetosiphon	K02001	WP_083469819.1	3.2	6.8	0
RefSeq_Herpetosiphon	K02002	WP_054535141.1	55.9	7.8e-16	0
RefSeq_Herpetosiphon	K02002	WP_054535139.1	28.1	2e-07	0
RefSeq_Herpetosiphon	K02002	WP_054533034.1	22.9	7.7e-06	0
RefSeq_Herpetosiphon	K02002	WP_054533036.1	19.8	6.5e-05	0
RefSeq_Herpetosiphon	K02002	WP_054535142.1	17.9	0.00024	0
RefSeq_Herpetosiphon	K02002	WP_054534439.1	17.7	0.00029	0
RefSeq_Herpetosiphon	K02002	WP_054533903.1	16.4	0.0007	0
RefSeq_Herpetosiphon	K02002	WP_054533237.1	15.3	0.0015	0
RefSeq_Herpetosiphon	K02002	WP_054533621.1	13.6	0.0048	0
RefSeq_Herpetosiphon	K02002	WP_054536201.1	6.6	0.63	0
RefSeq_Herpetosiphon	K02779	WP_054532601.1	13.1	0.0068	0
RefSeq_Herpetosiphon	K02779	WP_201783527.1	8.3	0.19	0
RefSeq_Herpetosiphon	K02779	WP_054534610.1	7.3	0.39	0
RefSeq_Herpetosiphon	K01226	WP_054533629.1	353.2	8.2e-106	0
RefSeq_Herpetosiphon	K01226	WP_054534270.1	152.7	4.7e-45	0
RefSeq_Herpetosiphon	K01226	WP_054534152.1	149.1	5.8e-44	0
RefSeq_Herpetosiphon	K01226	WP_054535915.1	147.2	2.2e-43	0
RefSeq_Herpetosiphon	K01226	WP_054536199.1	135.9	5.9e-40	0
RefSeq_Herpetosiphon	K01226	WP_054536198.1	117.1	2.8e-34	0
RefSeq_Herpetosiphon	K01226	WP_054537477.1	105.2	1.1e-30	0
RefSeq_Herpetosiphon	K01226	WP_054533530.1	104.8	1.5e-30	0
RefSeq_Herpetosiphon	K01226	WP_054533123.1	102.6	7.1e-30	0
RefSeq_Herpetosiphon	K01226	WP_054534454.1	46.4	7.4e-13	0
RefSeq_Herpetosiphon	K01226	WP_054535804.1	44.6	2.6e-12	0
RefSeq_Herpetosiphon	K01226	WP_054534455.1	40.3	5.3e-11	0
RefSeq_Herpetosiphon	K01226	WP_054534614.1	18.2	0.00026	0
RefSeq_Herpetosiphon	K01226	WP_054536700.1	15.7	0.0015	0
RefSeq_Herpetosiphon	K03486	WP_236706796.1	55.6	1.7e-15	0
RefSeq_Herpetosiphon	K03486	WP_054537492.1	52.0	2e-14	0
RefSeq_Herpetosiphon	K03486	WP_054535133.1	42.5	1.6e-11	0
RefSeq_Herpetosiphon	K03486	WP_054535059.1	36.8	8.7e-10	0
RefSeq_Neobacillus	K00697	WP_419955140.1	15.5	0.0014	0
RefSeq_Neobacillus	K00697	WP_419955642.1	13.6	0.0054	0
RefSeq_Neobacillus	K01087	WP_419886931.1	33.7	5.7e-09	0
RefSeq_Neobacillus	K01087	WP_419888012.1	28.9	1.6e-07	0
RefSeq_Neobacillus	K01087	WP_419954937.1	28.0	3.1e-07	0
RefSeq_Neobacillus	K01087	WP_419955261.1	27.0	6.1e-07	0
RefSeq_Neobacillus	K01087	WP_419887149.1	25.1	2.3e-06	0
RefSeq_Neobacillus	K01087	WP_419887570.1	18.0	0.00032	0
RefSeq_Neobacillus	K01087	WP_419954321.1	15.2	0.0023	0
RefSeq_Neobacillus	K01087	WP_419888440.1	11.8	0.025	0
RefSeq_Neobacillus	K01087	WP_419955413.1	10.7	0.053	0
RefSeq_Neobacillus	K05343	WP_419954266.1	417.6	3.4e-125	0
RefSeq_Neobacillus	K05343	WP_419887436.1	404.2	3.8e-121	0
RefSeq_Neobacillus	K05343	WP_419888728.1	125.8	5.2e-37	0
RefSeq_Neobacillus	K05343	WP_419955838.1	56.5	4.3e-16	0
RefSeq_Neobacillus	K05343	WP_419954683.1	40.7	2.6e-11	0
RefSeq_Neobacillus	K05343	WP_419955883.1	27.3	2.9e-07	0
RefSeq_Neobacillus	K06044	WP_419887436.1	61.5	1.2e-17	0
RefSeq_Neobacillus	K06044	WP_419954266.1	60.9	1.7e-17	0
RefSeq_Neobacillus	K06044	WP_419888728.1	43.8	2.5e-12	0
RefSeq_Neobacillus	K06044	WP_419954683.1	19.6	4.8e-05	0
RefSeq_Neobacillus	K06044	WP_419955838.1	17.0	0.0003	0
RefSeq_Neobacillus	K01236	WP_419955838.1	228.0	6.7e-68	0
RefSeq_Neobacillus	K01236	WP_419955883.1	181.5	7.9e-54	0
RefSeq_Neobacillus	K01236	WP_419887436.1	136.8	2.5e-40	0
RefSeq_Neobacillus	K01236	WP_419954266.1	104.2	1.9e-30	0
RefSeq_Neobacillus	K01236	WP_419888728.1	86.5	4e-25	0
RefSeq_Neobacillus	K01236	WP_419954683.1	35.9	8.5e-10	0
RefSeq_Neobacillus	K13057	WP_419956277.1	95.8	6.1e-28	0
RefSeq_Neobacillus	K13057	WP_419956469.1	93.2	3.9e-27	0
RefSeq_Neobacillus	K13057	WP_419956127.1	73.4	3.9e-21	0
RefSeq_Neobacillus	K13057	WP_419887962.1	57.5	2.5e-16	0
RefSeq_Neobacillus	K13057	WP_419955553.1	52.8	6.9e-15	0
RefSeq_Neobacillus	K13057	WP_419954503.1	52.5	8.8e-15	0
RefSeq_Neobacillus	K13057	WP_419955140.1	48.4	1.5e-13	0
RefSeq_Neobacillus	K13057	WP_419955799.1	47.0	3.9e-13	0
RefSeq_Neobacillus	K13057	WP_419955630.1	41.3	2.1e-11	0
RefSeq_Neobacillus	K13057	WP_419955142.1	32.3	1.1e-08	0
RefSeq_Neobacillus	K13057	WP_419955642.1	26.0	9.6e-07	0
RefSeq_Neobacillus	K13057	WP_419955121.1	26.0	9.6e-07	0
RefSeq_Neobacillus	K13057	WP_419955632.1	20.8	3.5e-05	0
RefSeq_Neobacillus	K13057	WP_419955141.1	17.1	0.00049	0
RefSeq_Neobacillus	K13057	WP_419955120.1	14.8	0.0023	0
RefSeq_Neobacillus	K00108	WP_419888479.1	19.3	7.4e-05	0
RefSeq_Neobacillus	K00108	WP_419886848.1	15.4	0.0011	0
RefSeq_Neobacillus	K00108	WP_419887568.1	15.4	0.0011	0
RefSeq_Neobacillus	K00108	WP_419888472.1	13.3	0.0046	0
RefSeq_Neobacillus	K00108	WP_419887444.1	13.0	0.0056	0
RefSeq_Neobacillus	K00108	WP_419888624.1	12.1	0.011	0
RefSeq_Neobacillus	K00108	WP_419954150.1	10.5	0.033	0
RefSeq_Neobacillus	K00108	WP_419955808.1	9.9	0.05	0
RefSeq_Neobacillus	K00108	WP_419956192.1	9.8	0.054	0
RefSeq_Neobacillus	K00108	WP_419888680.1	8.4	0.14	0
RefSeq_Neobacillus	K00130	WP_419955267.1	684.1	4.3e-206	0
RefSeq_Neobacillus	K00130	WP_419887218.1	678.5	2.2e-204	0
RefSeq_Neobacillus	K00130	WP_419887978.1	672.7	1.2e-202	0
RefSeq_Neobacillus	K00130	WP_419887743.1	651.6	3.1e-196	0
RefSeq_Neobacillus	K00130	WP_419888208.1	628.6	2.9e-189	0
RefSeq_Neobacillus	K00130	WP_419954700.1	602.3	2.6e-181	0
RefSeq_Neobacillus	K00130	WP_419888287.1	602.3	2.6e-181	0
RefSeq_Neobacillus	K00130	WP_419955272.1	555.0	5.6e-167	0
RefSeq_Neobacillus	K00130	WP_419955594.1	529.2	3.5e-159	0
RefSeq_Neobacillus	K00130	WP_419887180.1	528.5	5.9e-159	0
RefSeq_Neobacillus	K00130	WP_419955244.1	449.9	3.7e-135	0
RefSeq_Neobacillus	K00130	WP_419954029.1	446.0	5.7e-134	0
RefSeq_Neobacillus	K00130	WP_419886855.1	441.4	1.4e-132	0
RefSeq_Neobacillus	K00130	WP_419887331.1	435.5	8.8e-131	0
RefSeq_Neobacillus	K00130	WP_419954606.1	427.4	2.4e-128	0
RefSeq_Neobacillus	K00130	WP_419887346.1	424.9	1.4e-127	0
RefSeq_Neobacillus	K00130	WP_419954036.1	421.6	1.3e-126	0
RefSeq_Neobacillus	K00130	WP_419887347.1	293.7	7.5e-88	0
RefSeq_Neobacillus	K00130	WP_419888651.1	60.3	3.7e-17	0
RefSeq_Neobacillus	K00130	WP_419954251.1	52.0	1.2e-14	0
RefSeq_Neobacillus	K00130	WP_419887335.1	31.0	2.7e-08	0
RefSeq_Neobacillus	K00499	WP_419954030.1	240.8	8.3e-72	0
RefSeq_Neobacillus	K00499	WP_419955265.1	222.8	2.4e-66	0
RefSeq_Neobacillus	K00499	WP_419888066.1	119.8	3.9e-35	0
RefSeq_Neobacillus	K00499	WP_419887232.1	109.0	7.4e-32	0
RefSeq_Neobacillus	K00499	WP_419887276.1	43.9	4.2e-12	0
RefSeq_Neobacillus	K00499	WP_419887929.1	26.0	1.1e-06	0
RefSeq_Neobacillus	K00499	WP_419888292.1	25.1	2e-06	0
RefSeq_Neobacillus	K00499	WP_419956272.1	20.8	4.2e-05	0
RefSeq_Neobacillus	K17755	WP_419956192.1	10.7	0.05	0
RefSeq_Neobacillus	K17756	WP_419887568.1	29.4	8e-08	0
RefSeq_Neobacillus	K17756	WP_419954878.1	22.9	7.3e-06	0
RefSeq_Neobacillus	K17756	WP_419888624.1	22.4	1e-05	0
RefSeq_Neobacillus	K17756	WP_419887249.1	22.0	1.4e-05	0
RefSeq_Neobacillus	K17756	WP_419888479.1	19.7	6.9e-05	0
RefSeq_Neobacillus	K17756	WP_419888596.1	19.3	8.7e-05	0
RefSeq_Neobacillus	K17756	WP_419887444.1	18.6	0.00015	0
RefSeq_Neobacillus	K17756	WP_419956192.1	18.6	0.00015	0
RefSeq_Neobacillus	K17756	WP_419887627.1	17.9	0.00023	0
RefSeq_Neobacillus	K17756	WP_419955790.1	16.9	0.00048	0
RefSeq_Neobacillus	K17756	WP_419954150.1	16.7	0.00053	0
RefSeq_Neobacillus	K17756	WP_419887112.1	14.1	0.0033	0
RefSeq_Neobacillus	K17756	WP_419887255.1	12.2	0.013	0
RefSeq_Neobacillus	K17756	WP_419887685.1	11.7	0.018	0
RefSeq_Neobacillus	K17756	WP_419956421.1	10.8	0.033	0
RefSeq_Neobacillus	K17756	WP_419956253.1	9.7	0.07	0
RefSeq_Neobacillus	K17756	WP_419954349.1	7.8	0.26	0
RefSeq_Neobacillus	K06718	WP_419887493.1	23.7	8.2e-06	0
RefSeq_Neobacillus	K06718	WP_419954208.1	21.7	3.2e-05	0
RefSeq_Neobacillus	K06718	WP_063253357.1	20.8	6.1e-05	0
RefSeq_Neobacillus	K06718	WP_419954457.1	20.4	8e-05	0
RefSeq_Neobacillus	K06718	WP_419954314.1	17.0	0.00087	0
RefSeq_Neobacillus	K06718	WP_419887535.1	15.7	0.0022	0
RefSeq_Neobacillus	K06718	WP_034677320.1	15.1	0.0034	0
RefSeq_Neobacillus	K06718	WP_419954312.1	14.5	0.0052	0
RefSeq_Neobacillus	K06718	WP_419887868.1	14.0	0.0076	0
RefSeq_Neobacillus	K06718	WP_419887211.1	13.4	0.011	0
RefSeq_Neobacillus	K06718	WP_419887467.1	12.6	0.019	0
RefSeq_Neobacillus	K06720	WP_419888119.1	15.5	0.004	0
RefSeq_Neobacillus	K06721	WP_063252201.1	18.7	0.00028	0
RefSeq_Neobacillus	K06721	WP_419887690.1	14.5	0.005	0
RefSeq_Neobacillus	K06721	WP_419954552.1	14.2	0.0063	0
RefSeq_Neobacillus	K06721	WP_419956032.1	14.2	0.0064	0
RefSeq_Neobacillus	K06721	WP_419955063.1	12.0	0.029	0
RefSeq_Neobacillus	K06721	WP_419955033.1	9.7	0.15	0
RefSeq_Neobacillus	K06721	WP_419888670.1	5.7	2.5	0
RefSeq_Neobacillus	K10674	WP_419888420.1	97.6	2.3e-28	0
RefSeq_Neobacillus	K05845	WP_419886924.1	372.9	8.3e-112	1
RefSeq_Neobacillus	K05845	WP_419888054.1	21.9	2e-05	0
RefSeq_Neobacillus	K05845	WP_034673665.1	13.8	0.0059	0
RefSeq_Neobacillus	K05845	WP_063253108.1	11.6	0.029	0
RefSeq_Neobacillus	K05845	WP_419888230.1	10.9	0.044	0
RefSeq_Neobacillus	K05846	WP_419886924.1	305.8	1.4e-91	1
RefSeq_Neobacillus	K05846	WP_419955747.1	104.5	1.7e-30	0
RefSeq_Neobacillus	K05846	WP_419888102.1	97.9	1.8e-28	0
RefSeq_Neobacillus	K05846	WP_419887518.1	93.7	3.4e-27	0
RefSeq_Neobacillus	K05846	WP_419887916.1	68.1	2e-19	0
RefSeq_Neobacillus	K05846	WP_419955854.1	61.4	2.1e-17	0
RefSeq_Neobacillus	K05846	WP_419955305.1	54.9	2e-15	0
RefSeq_Neobacillus	K05846	WP_419954120.1	49.7	7.7e-14	0
RefSeq_Neobacillus	K05846	WP_063251326.1	41.5	2.4e-11	0
RefSeq_Neobacillus	K05846	WP_235847109.1	40.4	5.1e-11	0
RefSeq_Neobacillus	K05846	WP_419956445.1	36.4	8.5e-10	0
RefSeq_Neobacillus	K05846	WP_419954656.1	33.5	6.4e-09	0
RefSeq_Neobacillus	K05846	WP_034675393.1	33.4	6.7e-09	0
RefSeq_Neobacillus	K05846	WP_419956471.1	30.9	3.8e-08	0
RefSeq_Neobacillus	K05846	WP_419954752.1	30.9	3.9e-08	0
RefSeq_Neobacillus	K05846	WP_419954122.1	29.9	8e-08	0
RefSeq_Neobacillus	K05846	WP_419954655.1	29.2	1.3e-07	0
RefSeq_Neobacillus	K05846	WP_063251410.1	28.7	1.9e-07	0
RefSeq_Neobacillus	K05846	WP_034675514.1	27.1	5.5e-07	0
RefSeq_Neobacillus	K05846	WP_419887811.1	24.0	5e-06	0
RefSeq_Neobacillus	K05846	WP_419954190.1	23.9	5.2e-06	0
RefSeq_Neobacillus	K05846	WP_419955333.1	23.3	7.8e-06	0
RefSeq_Neobacillus	K05846	WP_419954888.1	22.6	1.3e-05	0
RefSeq_Neobacillus	K05846	WP_419954123.1	22.5	1.4e-05	0
RefSeq_Neobacillus	K05846	WP_419955731.1	22.0	2e-05	0
RefSeq_Neobacillus	K05846	WP_419955202.1	21.9	2.1e-05	0
RefSeq_Neobacillus	K05846	WP_063254011.1	21.5	2.8e-05	0
RefSeq_Neobacillus	K05846	WP_419955238.1	21.4	3.1e-05	0
RefSeq_Neobacillus	K05846	WP_419954275.1	20.8	4.5e-05	0
RefSeq_Neobacillus	K05846	WP_034673489.1	20.8	4.5e-05	0
RefSeq_Neobacillus	K05846	WP_419954101.1	20.0	8.2e-05	0
RefSeq_Neobacillus	K05846	WP_419955588.1	19.7	9.7e-05	0
RefSeq_Neobacillus	K05846	WP_419887810.1	19.5	0.00011	0
RefSeq_Neobacillus	K05846	WP_034673166.1	19.4	0.00012	0
RefSeq_Neobacillus	K05846	WP_419954910.1	18.7	0.0002	0
RefSeq_Neobacillus	K05846	WP_034675517.1	18.6	0.00021	0
RefSeq_Neobacillus	K05846	WP_419955304.1	18.6	0.00021	0
RefSeq_Neobacillus	K05846	WP_419955426.1	18.2	0.00029	0
RefSeq_Neobacillus	K05846	WP_063254345.1	18.1	0.00031	0
RefSeq_Neobacillus	K05846	WP_419955350.1	17.8	0.00037	0
RefSeq_Neobacillus	K05846	WP_419956527.1	17.3	0.00054	0
RefSeq_Neobacillus	K05846	WP_419955425.1	16.8	0.00075	0
RefSeq_Neobacillus	K05846	WP_419955378.1	16.6	0.00088	0
RefSeq_Neobacillus	K05846	WP_235847118.1	16.5	0.00093	0
RefSeq_Neobacillus	K05846	WP_063251932.1	16.4	0.00098	0
RefSeq_Neobacillus	K05846	WP_034676409.1	16.2	0.0012	0
RefSeq_Neobacillus	K05846	WP_419954549.1	16.1	0.0012	0
RefSeq_Neobacillus	K05846	WP_063254350.1	15.4	0.002	0
RefSeq_Neobacillus	K05846	WP_419955504.1	15.2	0.0023	0
RefSeq_Neobacillus	K05846	WP_419954550.1	15.0	0.0026	0
RefSeq_Neobacillus	K05846	WP_034677181.1	15.0	0.0026	0
RefSeq_Neobacillus	K05846	WP_063254361.1	14.8	0.003	0
RefSeq_Neobacillus	K05846	WP_419954563.1	14.6	0.0035	0
RefSeq_Neobacillus	K05846	WP_235847186.1	14.6	0.0035	0
RefSeq_Neobacillus	K05846	WP_419955473.1	14.5	0.0038	0
RefSeq_Neobacillus	K05846	WP_419956506.1	14.2	0.0047	0
RefSeq_Neobacillus	K05846	WP_419886976.1	14.1	0.0048	0
RefSeq_Neobacillus	K05846	WP_063252105.1	13.9	0.0057	0
RefSeq_Neobacillus	K05846	WP_063254045.1	13.7	0.0064	0
RefSeq_Neobacillus	K05846	WP_419955508.1	13.5	0.0077	0
RefSeq_Neobacillus	K05846	WP_419955589.1	12.2	0.018	0
RefSeq_Neobacillus	K05846	WP_419886975.1	12.1	0.02	0
RefSeq_Neobacillus	K05846	WP_419955509.1	11.8	0.024	0
RefSeq_Neobacillus	K05846	WP_419955503.1	10.3	0.07	0
RefSeq_Neobacillus	K05846	WP_419956488.1	10.2	0.078	0
RefSeq_Neobacillus	K05846	WP_034673486.1	10.0	0.087	0
RefSeq_Neobacillus	K05846	WP_419888180.1	9.9	0.095	0
RefSeq_Neobacillus	K05846	WP_419955201.1	9.0	0.17	0
RefSeq_Neobacillus	K05846	WP_419888801.1	9.0	0.17	0
RefSeq_Neobacillus	K05846	WP_419955004.1	8.9	0.19	0
RefSeq_Neobacillus	K05846	WP_419954909.1	4.7	3.5	0
RefSeq_Neobacillus	K05846	WP_419887295.1	3.7	7.0	0
RefSeq_Neobacillus	K05847	WP_419886925.1	443.6	2.4e-133	1
RefSeq_Neobacillus	K05847	WP_419887296.1	315.1	2.6e-94	0
RefSeq_Neobacillus	K05847	WP_419954654.1	304.7	3.6e-91	0
RefSeq_Neobacillus	K05847	WP_419954124.1	301.4	3.7e-90	0
RefSeq_Neobacillus	K05847	WP_034675251.1	280.3	9.4e-84	0
RefSeq_Neobacillus	K05847	WP_419955351.1	253.6	1.3e-75	0
RefSeq_Neobacillus	K05847	WP_419955746.1	252.1	3.6e-75	0
RefSeq_Neobacillus	K05847	WP_419954189.1	247.9	6.5e-74	0
RefSeq_Neobacillus	K05847	WP_419887519.1	244.5	7.3e-73	0
RefSeq_Neobacillus	K05847	WP_034673169.1	244.0	9.8e-73	0
RefSeq_Neobacillus	K05847	WP_419954562.1	242.1	3.9e-72	0
RefSeq_Neobacillus	K05847	WP_419954875.1	240.8	9.4e-72	0
RefSeq_Neobacillus	K05847	WP_419887917.1	239.1	3.1e-71	0
RefSeq_Neobacillus	K05847	WP_419888101.1	237.5	9.4e-71	0
RefSeq_Neobacillus	K05847	WP_419955601.1	236.6	1.8e-70	0
RefSeq_Neobacillus	K05847	WP_419954889.1	231.9	4.8e-69	0
RefSeq_Neobacillus	K05847	WP_063252106.1	231.4	6.5e-69	0
RefSeq_Neobacillus	K05847	WP_419954100.1	225.8	3.5e-67	0
RefSeq_Neobacillus	K05847	WP_419955855.1	225.1	5.6e-67	0
RefSeq_Neobacillus	K05847	WP_419888377.1	221.8	5.6e-66	0
RefSeq_Neobacillus	K05847	WP_034675396.1	219.6	2.7e-65	0
RefSeq_Neobacillus	K05847	WP_419954751.1	214.3	1e-63	0
RefSeq_Neobacillus	K05847	WP_419954903.1	213.4	2e-63	0
RefSeq_Neobacillus	K05847	WP_419956544.1	211.9	5.8e-63	0
RefSeq_Neobacillus	K05847	WP_419955303.1	206.9	1.9e-61	0
RefSeq_Neobacillus	K05847	WP_419888802.1	205.4	5.2e-61	0
RefSeq_Neobacillus	K05847	WP_419887994.1	204.9	7.8e-61	0
RefSeq_Neobacillus	K05847	WP_419954556.1	204.4	1.1e-60	0
RefSeq_Neobacillus	K05847	WP_419887838.1	202.8	3.3e-60	0
RefSeq_Neobacillus	K05847	WP_063252026.1	198.0	9.3e-59	0
RefSeq_Neobacillus	K05847	WP_419954789.1	197.2	1.6e-58	0
RefSeq_Neobacillus	K05847	WP_419956394.1	196.5	2.8e-58	0
RefSeq_Neobacillus	K05847	WP_419956125.1	195.9	4e-58	0
RefSeq_Neobacillus	K05847	WP_063255391.1	195.1	7.4e-58	0
RefSeq_Neobacillus	K05847	WP_419955604.1	191.0	1.2e-56	0
RefSeq_Neobacillus	K05847	WP_419954790.1	190.1	2.3e-56	0
RefSeq_Neobacillus	K05847	WP_419954282.1	189.5	3.6e-56	0
RefSeq_Neobacillus	K05847	WP_419954464.1	182.9	3.8e-54	0
RefSeq_Neobacillus	K05847	WP_419955730.1	179.3	4.5e-53	0
RefSeq_Neobacillus	K05847	WP_419954283.1	179.3	4.6e-53	0
RefSeq_Neobacillus	K05847	WP_419888499.1	178.9	5.8e-53	0
RefSeq_Neobacillus	K05847	WP_419954454.1	178.6	7.3e-53	0
RefSeq_Neobacillus	K05847	WP_419955212.1	178.6	7.6e-53	0
RefSeq_Neobacillus	K05847	WP_419955217.1	178.2	9.7e-53	0
RefSeq_Neobacillus	K05847	WP_419954902.1	177.1	2.2e-52	0
RefSeq_Neobacillus	K05847	WP_419887816.1	176.1	4.2e-52	0
RefSeq_Neobacillus	K05847	WP_419886872.1	172.7	4.7e-51	0
RefSeq_Neobacillus	K05847	WP_419888769.1	165.6	6.6e-49	0
RefSeq_Neobacillus	K05847	WP_419955739.1	165.3	8.2e-49	0
RefSeq_Neobacillus	K05847	WP_419954880.1	163.8	2.3e-48	0
RefSeq_Neobacillus	K05847	WP_419956172.1	163.2	3.5e-48	0
RefSeq_Neobacillus	K05847	WP_419956537.1	163.0	4e-48	0
RefSeq_Neobacillus	K05847	WP_419954488.1	160.6	2.2e-47	0
RefSeq_Neobacillus	K05847	WP_419887636.1	159.9	3.5e-47	0
RefSeq_Neobacillus	K05847	WP_419955526.1	158.3	1.1e-46	0
RefSeq_Neobacillus	K05847	WP_063251664.1	157.7	1.6e-46	0
RefSeq_Neobacillus	K05847	WP_419887031.1	157.6	1.8e-46	0
RefSeq_Neobacillus	K05847	WP_419888451.1	156.7	3.2e-46	0
RefSeq_Neobacillus	K05847	WP_063254715.1	155.5	7.5e-46	0
RefSeq_Neobacillus	K05847	WP_419954513.1	155.0	1.1e-45	0
RefSeq_Neobacillus	K05847	WP_419888426.1	154.9	1.2e-45	0
RefSeq_Neobacillus	K05847	WP_419887424.1	154.8	1.3e-45	0
RefSeq_Neobacillus	K05847	WP_419954056.1	152.9	4.7e-45	0
RefSeq_Neobacillus	K05847	WP_034675755.1	152.7	5.3e-45	0
RefSeq_Neobacillus	K05847	WP_419955561.1	152.1	8.5e-45	0
RefSeq_Neobacillus	K05847	WP_419954107.1	151.6	1.2e-44	0
RefSeq_Neobacillus	K05847	WP_419888783.1	151.3	1.5e-44	0
RefSeq_Neobacillus	K05847	WP_419886914.1	151.1	1.7e-44	0
RefSeq_Neobacillus	K05847	WP_419887635.1	148.9	7.9e-44	0
RefSeq_Neobacillus	K05847	WP_419954924.1	147.8	1.7e-43	0
RefSeq_Neobacillus	K05847	WP_419888386.1	147.5	2e-43	0
RefSeq_Neobacillus	K05847	WP_419954517.1	145.2	1.1e-42	0
RefSeq_Neobacillus	K05847	WP_419954920.1	144.4	1.8e-42	0
RefSeq_Neobacillus	K05847	WP_419888146.1	144.1	2.3e-42	0
RefSeq_Neobacillus	K05847	WP_419888385.1	144.0	2.4e-42	0
RefSeq_Neobacillus	K05847	WP_419887409.1	142.5	6.9e-42	0
RefSeq_Neobacillus	K05847	WP_419887164.1	142.4	7.1e-42	0
RefSeq_Neobacillus	K05847	WP_419888004.1	142.1	9.2e-42	0
RefSeq_Neobacillus	K05847	WP_419887694.1	140.2	3.4e-41	0
RefSeq_Neobacillus	K05847	WP_419956072.1	140.1	3.7e-41	0
RefSeq_Neobacillus	K05847	WP_419888036.1	140.0	3.9e-41	0
RefSeq_Neobacillus	K05847	WP_419887695.1	137.6	2.1e-40	0
RefSeq_Neobacillus	K05847	WP_419954108.1	137.3	2.5e-40	0
RefSeq_Neobacillus	K05847	WP_063251665.1	136.6	4.4e-40	0
RefSeq_Neobacillus	K05847	WP_063254104.1	135.5	9.1e-40	0
RefSeq_Neobacillus	K05847	WP_419888145.1	135.4	9.9e-40	0
RefSeq_Neobacillus	K05847	WP_419888761.1	135.2	1.1e-39	0
RefSeq_Neobacillus	K05847	WP_063254716.1	134.9	1.4e-39	0
RefSeq_Neobacillus	K05847	WP_419888782.1	133.9	2.7e-39	0
RefSeq_Neobacillus	K05847	WP_063254102.1	133.5	3.7e-39	0
RefSeq_Neobacillus	K05847	WP_419886963.1	133.3	4.3e-39	0
RefSeq_Neobacillus	K05847	WP_419956328.1	133.0	5.1e-39	0
RefSeq_Neobacillus	K05847	WP_419954925.1	133.0	5.1e-39	0
RefSeq_Neobacillus	K05847	WP_419955527.1	131.7	1.3e-38	0
RefSeq_Neobacillus	K05847	WP_419954941.1	131.4	1.6e-38	0
RefSeq_Neobacillus	K05847	WP_419888468.1	129.1	8.1e-38	0
RefSeq_Neobacillus	K05847	WP_419955300.1	128.2	1.5e-37	0
RefSeq_Neobacillus	K05847	WP_419888663.1	126.5	4.8e-37	0
RefSeq_Neobacillus	K05847	WP_419888450.1	123.1	5.2e-36	0
RefSeq_Neobacillus	K05847	WP_419887032.1	119.8	5.5e-35	0
RefSeq_Neobacillus	K05847	WP_419955302.1	117.4	2.9e-34	0
RefSeq_Neobacillus	K05847	WP_419954707.1	117.2	3.2e-34	0
RefSeq_Neobacillus	K05847	WP_419954566.1	116.4	5.7e-34	0
RefSeq_Neobacillus	K05847	WP_419954731.1	115.2	1.3e-33	0
RefSeq_Neobacillus	K05847	WP_419887392.1	112.7	7.8e-33	0
RefSeq_Neobacillus	K05847	WP_419888425.1	112.6	8.2e-33	0
RefSeq_Neobacillus	K05847	WP_419887563.1	112.1	1.2e-32	0
RefSeq_Neobacillus	K05847	WP_063253066.1	111.5	1.8e-32	0
RefSeq_Neobacillus	K05847	WP_419954911.1	104.7	2.1e-30	0
RefSeq_Neobacillus	K05847	WP_419954113.1	104.4	2.5e-30	0
RefSeq_Neobacillus	K05847	WP_419888658.1	99.3	8.8e-29	0
RefSeq_Neobacillus	K05847	WP_419887564.1	95.2	1.6e-27	0
RefSeq_Neobacillus	K05847	WP_419954912.1	90.8	3.5e-26	0
RefSeq_Neobacillus	K05847	WP_419955126.1	89.0	1.2e-25	0
RefSeq_Neobacillus	K05847	WP_419954428.1	61.7	2.4e-17	0
RefSeq_Neobacillus	K05847	WP_063252043.1	56.5	9.3e-16	0
RefSeq_Neobacillus	K05847	WP_419955748.1	45.0	2.9e-12	0
RefSeq_Neobacillus	K05847	WP_419955878.1	17.4	0.00067	0
RefSeq_Neobacillus	K05847	WP_419887388.1	13.0	0.014	0
RefSeq_Neobacillus	K05847	WP_063251265.1	12.0	0.03	0
RefSeq_Neobacillus	K05847	WP_419956349.1	12.0	0.031	0
RefSeq_Neobacillus	K05847	WP_419956496.1	11.7	0.036	0
RefSeq_Neobacillus	K05847	WP_419887072.1	11.7	0.038	0
RefSeq_Neobacillus	K05847	WP_034673317.1	11.1	0.054	0
RefSeq_Neobacillus	K03451	WP_419954041.1	656.6	9e-198	0
RefSeq_Neobacillus	K03451	WP_419955340.1	611.2	4.9e-184	0
RefSeq_Neobacillus	K03451	WP_419886973.1	580.5	1e-174	0
RefSeq_Neobacillus	K03451	WP_419954027.1	562.8	2.3e-169	0
RefSeq_Neobacillus	K03451	WP_419954694.1	393.3	4.6e-118	0
RefSeq_Neobacillus	K03451	WP_419954703.1	352.4	1.1e-105	0
RefSeq_Neobacillus	K02168	WP_419886973.1	676.1	1.6e-203	0
RefSeq_Neobacillus	K02168	WP_419955340.1	675.2	3.1e-203	0
RefSeq_Neobacillus	K02168	WP_419954027.1	654.8	4.6e-197	0
RefSeq_Neobacillus	K02168	WP_419954041.1	479.4	5.3e-144	0
RefSeq_Neobacillus	K02168	WP_419954694.1	406.9	4.3e-122	0
RefSeq_Neobacillus	K02168	WP_419954703.1	364.8	2.4e-109	0
RefSeq_Neobacillus	K02168	WP_419955063.1	6.1	0.8	0
RefSeq_Neobacillus	K02168	WP_419888677.1	5.5	1.2	0
RefSeq_Neobacillus	K02168	WP_034676706.1	4.8	2.0	0
RefSeq_Neobacillus	K02000	WP_419886925.1	372.2	2.4e-111	0
RefSeq_Neobacillus	K02000	WP_419955746.1	312.1	3.7e-93	0
RefSeq_Neobacillus	K02000	WP_419887296.1	272.6	3.5e-81	0
RefSeq_Neobacillus	K02000	WP_419954124.1	272.4	4e-81	0
RefSeq_Neobacillus	K02000	WP_419954654.1	264.9	7.5e-79	0
RefSeq_Neobacillus	K02000	WP_034675251.1	253.7	1.7e-75	0
RefSeq_Neobacillus	K02000	WP_419955351.1	250.5	1.7e-74	0
RefSeq_Neobacillus	K02000	WP_419954875.1	241.6	8.2e-72	0
RefSeq_Neobacillus	K02000	WP_419954189.1	239.7	3e-71	0
RefSeq_Neobacillus	K02000	WP_034673169.1	239.0	5e-71	0
RefSeq_Neobacillus	K02000	WP_419887917.1	230.3	2.2e-68	0
RefSeq_Neobacillus	K02000	WP_419888101.1	229.7	3.3e-68	0
RefSeq_Neobacillus	K02000	WP_034675396.1	229.6	3.6e-68	0
RefSeq_Neobacillus	K02000	WP_419954562.1	228.0	1.1e-67	0
RefSeq_Neobacillus	K02000	WP_419954889.1	227.4	1.6e-67	0
RefSeq_Neobacillus	K02000	WP_063252106.1	225.7	5.2e-67	0
RefSeq_Neobacillus	K02000	WP_419954100.1	222.4	5.3e-66	0
RefSeq_Neobacillus	K02000	WP_419887994.1	219.2	5.1e-65	0
RefSeq_Neobacillus	K02000	WP_419887519.1	217.4	1.7e-64	0
RefSeq_Neobacillus	K02000	WP_419955604.1	214.2	1.6e-63	0
RefSeq_Neobacillus	K02000	WP_419954903.1	206.2	4.2e-61	0
RefSeq_Neobacillus	K02000	WP_419888377.1	204.6	1.3e-60	0
RefSeq_Neobacillus	K02000	WP_419954751.1	197.8	1.5e-58	0
RefSeq_Neobacillus	K02000	WP_419955303.1	197.6	1.7e-58	0
RefSeq_Neobacillus	K02000	WP_063255391.1	196.4	4.1e-58	0
RefSeq_Neobacillus	K02000	WP_419888802.1	196.0	5.2e-58	0
RefSeq_Neobacillus	K02000	WP_419954790.1	185.2	9.8e-55	0
RefSeq_Neobacillus	K02000	WP_419954902.1	182.1	8.4e-54	0
RefSeq_Neobacillus	K02000	WP_419955855.1	181.1	1.7e-53	0
RefSeq_Neobacillus	K02000	WP_419955601.1	180.2	3.1e-53	0
RefSeq_Neobacillus	K02000	WP_419955212.1	176.7	3.6e-52	0
RefSeq_Neobacillus	K02000	WP_419954789.1	175.6	8e-52	0
RefSeq_Neobacillus	K02000	WP_419954282.1	169.2	6.8e-50	0
RefSeq_Neobacillus	K02000	WP_419954283.1	166.8	3.6e-49	0
RefSeq_Neobacillus	K02000	WP_419887816.1	166.8	3.7e-49	0
RefSeq_Neobacillus	K02000	WP_419956544.1	166.6	4.1e-49	0
RefSeq_Neobacillus	K02000	WP_419956125.1	163.1	4.7e-48	0
RefSeq_Neobacillus	K02000	WP_063252026.1	160.8	2.3e-47	0
RefSeq_Neobacillus	K02000	WP_419887838.1	156.1	6.1e-46	0
RefSeq_Neobacillus	K02000	WP_419954454.1	154.8	1.5e-45	0
RefSeq_Neobacillus	K02000	WP_419956537.1	152.0	1.1e-44	0
RefSeq_Neobacillus	K02000	WP_419888499.1	151.2	1.9e-44	0
RefSeq_Neobacillus	K02000	WP_419955730.1	149.7	5.6e-44	0
RefSeq_Neobacillus	K02000	WP_419955217.1	148.2	1.6e-43	0
RefSeq_Neobacillus	K02000	WP_419954464.1	147.8	2.1e-43	0
RefSeq_Neobacillus	K02000	WP_419954556.1	144.7	1.8e-42	0
RefSeq_Neobacillus	K02000	WP_419956394.1	143.8	3.3e-42	0
RefSeq_Neobacillus	K02000	WP_419955300.1	140.0	4.6e-41	0
RefSeq_Neobacillus	K02000	WP_419955739.1	138.1	1.7e-40	0
RefSeq_Neobacillus	K02000	WP_419955561.1	129.5	6.9e-38	0
RefSeq_Neobacillus	K02000	WP_419886872.1	128.2	1.8e-37	0
RefSeq_Neobacillus	K02000	WP_419887636.1	125.5	1.1e-36	0
RefSeq_Neobacillus	K02000	WP_419887031.1	123.1	6.2e-36	0
RefSeq_Neobacillus	K02000	WP_419954880.1	122.5	9.2e-36	0
RefSeq_Neobacillus	K02000	WP_419954107.1	121.5	1.8e-35	0
RefSeq_Neobacillus	K02000	WP_063254715.1	121.3	2.2e-35	0
RefSeq_Neobacillus	K02000	WP_419956172.1	121.3	2.2e-35	0
RefSeq_Neobacillus	K02000	WP_419888004.1	119.7	6.4e-35	0
RefSeq_Neobacillus	K02000	WP_419954056.1	118.0	2.2e-34	0
RefSeq_Neobacillus	K02000	WP_419888451.1	116.2	7.4e-34	0
RefSeq_Neobacillus	K02000	WP_419954513.1	115.3	1.4e-33	0
RefSeq_Neobacillus	K02000	WP_419954488.1	113.0	6.9e-33	0
RefSeq_Neobacillus	K02000	WP_419954920.1	111.3	2.3e-32	0
RefSeq_Neobacillus	K02000	WP_419954941.1	110.8	3.2e-32	0
RefSeq_Neobacillus	K02000	WP_063251664.1	108.9	1.2e-31	0
RefSeq_Neobacillus	K02000	WP_419954108.1	108.0	2.2e-31	0
RefSeq_Neobacillus	K02000	WP_419887164.1	107.7	2.8e-31	0
RefSeq_Neobacillus	K02000	WP_419887424.1	107.3	3.6e-31	0
RefSeq_Neobacillus	K02000	WP_419888769.1	107.2	4.1e-31	0
RefSeq_Neobacillus	K02000	WP_419888426.1	106.1	8.4e-31	0
RefSeq_Neobacillus	K02000	WP_034675755.1	105.0	1.8e-30	0
RefSeq_Neobacillus	K02000	WP_419956072.1	104.5	2.6e-30	0
RefSeq_Neobacillus	K02000	WP_419887695.1	104.0	3.8e-30	0
RefSeq_Neobacillus	K02000	WP_419888036.1	103.2	6.6e-30	0
RefSeq_Neobacillus	K02000	WP_419886914.1	102.3	1.2e-29	0
RefSeq_Neobacillus	K02000	WP_419954924.1	101.6	2e-29	0
RefSeq_Neobacillus	K02000	WP_419955526.1	101.3	2.5e-29	0
RefSeq_Neobacillus	K02000	WP_419887409.1	100.7	3.8e-29	0
RefSeq_Neobacillus	K02000	WP_063251665.1	100.0	6e-29	0
RefSeq_Neobacillus	K02000	WP_063254716.1	99.2	1.1e-28	0
RefSeq_Neobacillus	K02000	WP_419888468.1	97.8	2.7e-28	0
RefSeq_Neobacillus	K02000	WP_419888663.1	97.2	4.3e-28	0
RefSeq_Neobacillus	K02000	WP_419954517.1	97.1	4.5e-28	0
RefSeq_Neobacillus	K02000	WP_419888783.1	95.9	1e-27	0
RefSeq_Neobacillus	K02000	WP_419955302.1	94.6	2.5e-27	0
RefSeq_Neobacillus	K02000	WP_063254104.1	93.4	5.9e-27	0
RefSeq_Neobacillus	K02000	WP_419887032.1	91.2	2.7e-26	0
RefSeq_Neobacillus	K02000	WP_419955126.1	91.2	2.8e-26	0
RefSeq_Neobacillus	K02000	WP_063254102.1	89.4	9.8e-26	0
RefSeq_Neobacillus	K02000	WP_419888386.1	89.0	1.3e-25	0
RefSeq_Neobacillus	K02000	WP_419888761.1	88.4	2e-25	0
RefSeq_Neobacillus	K02000	WP_419887635.1	86.3	8.5e-25	0
RefSeq_Neobacillus	K02000	WP_419888146.1	84.7	2.7e-24	0
RefSeq_Neobacillus	K02000	WP_419888782.1	83.2	7.5e-24	0
RefSeq_Neobacillus	K02000	WP_419888658.1	81.4	2.6e-23	0
RefSeq_Neobacillus	K02000	WP_419888385.1	80.7	4.2e-23	0
RefSeq_Neobacillus	K02000	WP_419954731.1	76.2	9.8e-22	0
RefSeq_Neobacillus	K02000	WP_419954925.1	73.3	7.2e-21	0
RefSeq_Neobacillus	K02000	WP_419955527.1	73.1	8.5e-21	0
RefSeq_Neobacillus	K02000	WP_419888145.1	72.4	1.4e-20	0
RefSeq_Neobacillus	K02000	WP_419956328.1	72.0	1.8e-20	0
RefSeq_Neobacillus	K02000	WP_419888450.1	71.9	1.9e-20	0
RefSeq_Neobacillus	K02000	WP_419954566.1	71.8	2.2e-20	0
RefSeq_Neobacillus	K02000	WP_419954911.1	71.0	3.6e-20	0
RefSeq_Neobacillus	K02000	WP_419887564.1	69.9	8e-20	0
RefSeq_Neobacillus	K02000	WP_419888425.1	69.7	9.2e-20	0
RefSeq_Neobacillus	K02000	WP_419887563.1	68.8	1.7e-19	0
RefSeq_Neobacillus	K02000	WP_419887694.1	67.0	6.1e-19	0
RefSeq_Neobacillus	K02000	WP_419887392.1	56.7	7.8e-16	0
RefSeq_Neobacillus	K02000	WP_419886963.1	56.5	8.9e-16	0
RefSeq_Neobacillus	K02000	WP_419954912.1	56.0	1.2e-15	0
RefSeq_Neobacillus	K02000	WP_419954707.1	54.3	4.1e-15	0
RefSeq_Neobacillus	K02000	WP_419954113.1	53.5	7.1e-15	0
RefSeq_Neobacillus	K02000	WP_063253066.1	40.5	6.2e-11	0
RefSeq_Neobacillus	K02000	WP_034676818.1	40.4	6.6e-11	0
RefSeq_Neobacillus	K02000	WP_419887857.1	39.9	9.7e-11	0
RefSeq_Neobacillus	K02000	WP_419955748.1	36.4	1.1e-09	0
RefSeq_Neobacillus	K02000	WP_419887129.1	35.2	2.5e-09	0
RefSeq_Neobacillus	K02000	WP_419954428.1	34.1	5.3e-09	0
RefSeq_Neobacillus	K02000	WP_419955895.1	31.4	3.6e-08	0
RefSeq_Neobacillus	K02000	WP_034673317.1	30.5	6.6e-08	0
RefSeq_Neobacillus	K02000	WP_419888580.1	29.8	1.1e-07	0
RefSeq_Neobacillus	K02000	WP_063252043.1	29.6	1.2e-07	0
RefSeq_Neobacillus	K02000	WP_419887761.1	26.3	1.3e-06	0
RefSeq_Neobacillus	K02000	WP_063251235.1	24.2	5.3e-06	0
RefSeq_Neobacillus	K02000	WP_419956496.1	19.2	0.00017	0
RefSeq_Neobacillus	K02000	WP_063253846.1	18.9	0.00021	0
RefSeq_Neobacillus	K02000	WP_419888018.1	16.6	0.001	0
RefSeq_Neobacillus	K02000	WP_169803634.1	12.9	0.014	0
RefSeq_Neobacillus	K02000	WP_419887099.1	10.8	0.061	0
RefSeq_Neobacillus	K02001	WP_419886924.1	142.9	4.1e-42	0
RefSeq_Neobacillus	K02001	WP_419955747.1	58.5	1.4e-16	0
RefSeq_Neobacillus	K02001	WP_419887518.1	47.2	3.6e-13	0
RefSeq_Neobacillus	K02001	WP_419954120.1	45.5	1.2e-12	0
RefSeq_Neobacillus	K02001	WP_419888102.1	43.1	6.4e-12	0
RefSeq_Neobacillus	K02001	WP_419955305.1	27.2	4.1e-07	0
RefSeq_Neobacillus	K02001	WP_063251410.1	26.2	8.2e-07	0
RefSeq_Neobacillus	K02001	WP_419954656.1	25.9	1e-06	0
RefSeq_Neobacillus	K02001	WP_419886975.1	24.0	4e-06	0
RefSeq_Neobacillus	K02001	WP_419887916.1	23.1	7.1e-06	0
RefSeq_Neobacillus	K02001	WP_419954122.1	21.3	2.5e-05	0
RefSeq_Neobacillus	K02001	WP_419956445.1	21.1	3e-05	0
RefSeq_Neobacillus	K02001	WP_419954275.1	20.9	3.2e-05	0
RefSeq_Neobacillus	K02001	WP_419954909.1	20.0	6.1e-05	0
RefSeq_Neobacillus	K02001	WP_034676409.1	19.2	0.00011	0
RefSeq_Neobacillus	K02001	WP_419956367.1	18.1	0.00023	0
RefSeq_Neobacillus	K02001	WP_419954190.1	17.7	0.00031	0
RefSeq_Neobacillus	K02001	WP_235847186.1	17.4	0.00037	0
RefSeq_Neobacillus	K02001	WP_419954655.1	17.2	0.00044	0
RefSeq_Neobacillus	K02001	WP_034673166.1	16.6	0.00068	0
RefSeq_Neobacillus	K02001	WP_034675517.1	16.5	0.00069	0
RefSeq_Neobacillus	K02001	WP_419955509.1	16.5	0.00069	0
RefSeq_Neobacillus	K02001	WP_419956200.1	15.8	0.0012	0
RefSeq_Neobacillus	K02001	WP_063251326.1	15.7	0.0012	0
RefSeq_Neobacillus	K02001	WP_419955350.1	15.4	0.0015	0
RefSeq_Neobacillus	K02001	WP_419956471.1	15.1	0.0019	0
RefSeq_Neobacillus	K02001	WP_419955588.1	15.0	0.002	0
RefSeq_Neobacillus	K02001	WP_419955473.1	15.0	0.0021	0
RefSeq_Neobacillus	K02001	WP_235847109.1	14.5	0.0029	0
RefSeq_Neobacillus	K02001	WP_063254345.1	14.0	0.004	0
RefSeq_Neobacillus	K02001	WP_419955201.1	13.8	0.0048	0
RefSeq_Neobacillus	K02001	WP_034673317.1	13.5	0.0058	0
RefSeq_Neobacillus	K02001	WP_419954888.1	13.2	0.0072	0
RefSeq_Neobacillus	K02001	WP_419956527.1	13.0	0.0079	0
RefSeq_Neobacillus	K02001	WP_419955482.1	12.4	0.012	0
RefSeq_Neobacillus	K02001	WP_419955349.1	11.9	0.018	0
RefSeq_Neobacillus	K02001	WP_419955426.1	11.7	0.02	0
RefSeq_Neobacillus	K02001	WP_063254350.1	10.9	0.036	0
RefSeq_Neobacillus	K02001	WP_034675393.1	10.7	0.041	0
RefSeq_Neobacillus	K02001	WP_419956506.1	10.7	0.041	0
RefSeq_Neobacillus	K02001	WP_419955202.1	10.6	0.042	0
RefSeq_Neobacillus	K02001	WP_063251932.1	10.6	0.043	0
RefSeq_Neobacillus	K02001	WP_419955589.1	10.5	0.046	0
RefSeq_Neobacillus	K02001	WP_063254361.1	10.4	0.049	0
RefSeq_Neobacillus	K02001	WP_419954123.1	10.4	0.05	0
RefSeq_Neobacillus	K02001	WP_419954013.1	10.2	0.056	0
RefSeq_Neobacillus	K02001	WP_034673486.1	10.2	0.058	0
RefSeq_Neobacillus	K02001	WP_419954550.1	9.9	0.069	0
RefSeq_Neobacillus	K02001	WP_419954563.1	9.8	0.074	0
RefSeq_Neobacillus	K02001	WP_419956510.1	9.7	0.079	0
RefSeq_Neobacillus	K02001	WP_419954752.1	9.5	0.09	0
RefSeq_Neobacillus	K02001	WP_419955854.1	9.4	0.098	0
RefSeq_Neobacillus	K02001	WP_419955731.1	9.1	0.12	0
RefSeq_Neobacillus	K02001	WP_419954910.1	8.9	0.14	0
RefSeq_Neobacillus	K02001	WP_419955504.1	8.8	0.15	0
RefSeq_Neobacillus	K02001	WP_419888180.1	8.6	0.18	0
RefSeq_Neobacillus	K02001	WP_419887810.1	7.6	0.36	0
RefSeq_Neobacillus	K02001	WP_419955304.1	7.2	0.47	0
RefSeq_Neobacillus	K02002	WP_419886924.1	82.9	5.6e-24	0
RefSeq_Neobacillus	K02002	WP_419956200.1	38.1	2e-10	0
RefSeq_Neobacillus	K02002	WP_419955349.1	28.1	2.1e-07	0
RefSeq_Neobacillus	K02002	WP_419955747.1	22.6	1e-05	0
RefSeq_Neobacillus	K02002	WP_419887308.1	20.8	3.6e-05	0
RefSeq_Neobacillus	K02002	WP_419954887.1	17.7	0.0003	0
RefSeq_Neobacillus	K02002	WP_419887518.1	15.5	0.0014	0
RefSeq_Neobacillus	K02002	WP_419953971.1	15.4	0.0016	0
RefSeq_Neobacillus	K02002	WP_419953969.1	15.2	0.0018	0
RefSeq_Neobacillus	K02002	WP_235847109.1	13.1	0.0073	0
RefSeq_Neobacillus	K02002	WP_419955727.1	12.4	0.012	0
RefSeq_Neobacillus	K02002	WP_419887805.1	11.5	0.023	0
RefSeq_Neobacillus	K02002	WP_419888800.1	11.5	0.023	0
RefSeq_Neobacillus	K02002	WP_063251326.1	11.2	0.029	0
RefSeq_Neobacillus	K02002	WP_419955854.1	9.9	0.072	0
RefSeq_Neobacillus	K02002	WP_419955803.1	9.8	0.073	0
RefSeq_Neobacillus	K02002	WP_063253203.1	5.6	1.4	0
RefSeq_Neobacillus	K02002	WP_419954122.1	4.9	2.4	0
RefSeq_Neobacillus	K02002	WP_419887279.1	3.8	5.0	0
RefSeq_Neobacillus	K02779	WP_419954627.1	700.7	6.3e-211	1
RefSeq_Neobacillus	K02779	WP_419954389.1	637.0	1.2e-191	0
RefSeq_Neobacillus	K02779	WP_419954528.1	483.5	3.4e-145	0
RefSeq_Neobacillus	K02779	WP_063254191.1	450.4	3.4e-135	0
RefSeq_Neobacillus	K02779	WP_308105478.1	374.0	4.6e-112	0
RefSeq_Neobacillus	K02779	WP_419955415.1	46.5	5.7e-13	0
RefSeq_Neobacillus	K02779	WP_419954046.1	45.4	1.2e-12	0
RefSeq_Neobacillus	K02779	WP_419955325.1	35.8	9.9e-10	0
RefSeq_Neobacillus	K02779	WP_419954660.1	35.4	1.2e-09	0
RefSeq_Neobacillus	K02779	WP_419954632.1	32.7	8.6e-09	0
RefSeq_Neobacillus	K02779	WP_419887435.1	32.3	1.1e-08	0
RefSeq_Neobacillus	K02779	WP_419954387.1	18.5	0.00017	0
RefSeq_Neobacillus	K02779	WP_419956340.1	12.5	0.011	0
RefSeq_Neobacillus	K02779	WP_419887392.1	5.7	1.2	0
RefSeq_Neobacillus	K02779	WP_419955063.1	5.7	1.3	0
RefSeq_Neobacillus	K01226	WP_419887436.1	914.6	7.4e-276	1
RefSeq_Neobacillus	K01226	WP_419954266.1	668.6	2.5e-201	0
RefSeq_Neobacillus	K01226	WP_419888728.1	108.0	1.7e-31	0
RefSeq_Neobacillus	K01226	WP_419954683.1	52.7	1e-14	0
RefSeq_Neobacillus	K01226	WP_419955838.1	39.9	7.7e-11	0
RefSeq_Neobacillus	K01226	WP_419955883.1	24.7	3e-06	0
RefSeq_Neobacillus	K03486	WP_419887437.1	354.1	1.1e-106	1
RefSeq_Neobacillus	K03486	WP_419955683.1	191.5	5.5e-57	0
RefSeq_Neobacillus	K03486	WP_419955389.1	147.8	1.2e-43	0
RefSeq_Neobacillus	K03486	WP_419955295.1	138.8	6.8e-41	0
RefSeq_Neobacillus	K03486	WP_419955010.1	135.0	1e-39	0
RefSeq_Neobacillus	K03486	WP_419954895.1	132.1	7.7e-39	0
RefSeq_Neobacillus	K03486	WP_063254331.1	127.5	1.8e-37	0
RefSeq_Neobacillus	K03486	WP_419955285.1	86.9	4.9e-25	0
RefSeq_Neobacillus	K03486	WP_419887813.1	76.1	9.4e-22	0
RefSeq_Neobacillus	K03486	WP_419886922.1	58.4	2.4e-16	0
RefSeq_Neobacillus	K03486	WP_419954443.1	54.0	5.3e-15	0
RefSeq_Neobacillus	K03486	WP_419888261.1	46.3	1.2e-12	0
RefSeq_Neobacillus	K03486	WP_063254624.1	44.6	3.9e-12	0
RefSeq_Neobacillus	K03486	WP_419956424.1	43.8	6.9e-12	0
RefSeq_Neobacillus	K03486	WP_419887822.1	38.4	3.1e-10	0
RefSeq_Neobacillus	K03486	WP_419887867.1	38.1	3.8e-10	0
RefSeq_Neobacillus	K03486	WP_063255579.1	38.0	4.1e-10	0
RefSeq_Neobacillus	K03486	WP_419954429.1	34.7	4.4e-09	0
RefSeq_Neobacillus	K03486	WP_419886989.1	32.3	2.3e-08	0
RefSeq_Neobacillus	K03486	WP_419887741.1	30.9	6.1e-08	0
RefSeq_Neobacillus	K03486	WP_419888485.1	27.8	5.3e-07	0
RefSeq_Neobacillus	K03486	WP_419888120.1	20.2	0.00012	0
RefSeq_Neobacillus	K03486	WP_063251350.1	17.1	0.001	0
RefSeq_Neobacillus	K03486	WP_419956302.1	14.3	0.007	0
RefSeq_Paenibacillus	K00697	WP_119849537.1	11.1	0.034	0
RefSeq_Paenibacillus	K01087	WP_119850782.1	23.5	8.3e-06	0
RefSeq_Paenibacillus	K01087	WP_015737425.1	19.4	0.00014	0
RefSeq_Paenibacillus	K01087	WP_119846627.1	17.5	0.00053	0
RefSeq_Paenibacillus	K01087	WP_119847705.1	17.4	0.00057	0
RefSeq_Paenibacillus	K01087	WP_119847797.1	15.1	0.0029	0
RefSeq_Paenibacillus	K01087	WP_119847132.1	10.6	0.066	0
RefSeq_Paenibacillus	K05343	WP_119850223.1	419.0	1.5e-125	0
RefSeq_Paenibacillus	K05343	WP_119850196.1	415.0	2.5e-124	0
RefSeq_Paenibacillus	K05343	WP_119850145.1	411.6	2.5e-123	0
RefSeq_Paenibacillus	K05343	WP_119848605.1	356.8	9.1e-107	0
RefSeq_Paenibacillus	K05343	WP_119850181.1	195.3	5.9e-58	0
RefSeq_Paenibacillus	K05343	WP_119848837.1	167.3	1.7e-49	0
RefSeq_Paenibacillus	K05343	WP_119850408.1	143.3	3.1e-42	0
RefSeq_Paenibacillus	K05343	WP_119849935.1	101.0	1.8e-29	0
RefSeq_Paenibacillus	K05343	WP_119848839.1	54.8	1.6e-15	0
RefSeq_Paenibacillus	K05343	WP_432206785.1	50.6	3e-14	0
RefSeq_Paenibacillus	K05343	WP_119850971.1	47.3	3.1e-13	0
RefSeq_Paenibacillus	K05343	WP_119847593.1	41.3	2e-11	0
RefSeq_Paenibacillus	K05343	WP_119847993.1	14.3	0.0029	0
RefSeq_Paenibacillus	K05343	WP_119847763.1	12.4	0.01	0
RefSeq_Paenibacillus	K05343	WP_119850899.1	11.2	0.024	0
RefSeq_Paenibacillus	K06044	WP_119848837.1	72.0	9e-21	0
RefSeq_Paenibacillus	K06044	WP_119850181.1	67.1	2.7e-19	0
RefSeq_Paenibacillus	K06044	WP_119850145.1	60.5	2.6e-17	0
RefSeq_Paenibacillus	K06044	WP_119850223.1	52.5	6.8e-15	0
RefSeq_Paenibacillus	K06044	WP_119850408.1	51.9	1e-14	0
RefSeq_Paenibacillus	K06044	WP_119848605.1	50.9	2e-14	0
RefSeq_Paenibacillus	K06044	WP_119850196.1	47.2	2.7e-13	0
RefSeq_Paenibacillus	K06044	WP_119849935.1	40.7	2.5e-11	0
RefSeq_Paenibacillus	K06044	WP_119848839.1	26.4	5e-07	0
RefSeq_Paenibacillus	K06044	WP_119850971.1	20.7	2.7e-05	0
RefSeq_Paenibacillus	K06044	WP_119847593.1	12.6	0.0075	0
RefSeq_Paenibacillus	K01236	WP_119850408.1	233.2	2.2e-69	0
RefSeq_Paenibacillus	K01236	WP_119848839.1	213.0	2.8e-63	0
RefSeq_Paenibacillus	K01236	WP_432206785.1	204.7	9e-61	0
RefSeq_Paenibacillus	K01236	WP_119847593.1	196.5	2.7e-58	0
RefSeq_Paenibacillus	K01236	WP_119850223.1	144.8	1.1e-42	0
RefSeq_Paenibacillus	K01236	WP_119850181.1	143.0	3.9e-42	0
RefSeq_Paenibacillus	K01236	WP_119850196.1	135.0	1.1e-39	0
RefSeq_Paenibacillus	K01236	WP_119848837.1	129.9	3.6e-38	0
RefSeq_Paenibacillus	K01236	WP_119850145.1	115.2	9.8e-34	0
RefSeq_Paenibacillus	K01236	WP_119848605.1	84.7	1.7e-24	0
RefSeq_Paenibacillus	K01236	WP_119849935.1	69.6	6e-20	0
RefSeq_Paenibacillus	K01236	WP_119850971.1	36.3	7.2e-10	0
RefSeq_Paenibacillus	K13057	WP_119849537.1	91.1	1.8e-26	0
RefSeq_Paenibacillus	K13057	WP_119848980.1	82.2	9.9e-24	0
RefSeq_Paenibacillus	K13057	WP_119850445.1	73.3	4.8e-21	0
RefSeq_Paenibacillus	K13057	WP_119847144.1	53.1	6.4e-15	0
RefSeq_Paenibacillus	K13057	WP_162939160.1	51.5	2e-14	0
RefSeq_Paenibacillus	K13057	WP_119850447.1	48.4	1.7e-13	0
RefSeq_Paenibacillus	K13057	WP_119849524.1	46.4	6.9e-13	0
RefSeq_Paenibacillus	K13057	WP_119848786.1	39.9	6.6e-11	0
RefSeq_Paenibacillus	K13057	WP_119846216.1	33.1	7.6e-09	0
RefSeq_Paenibacillus	K13057	WP_244235351.1	32.6	1.1e-08	0
RefSeq_Paenibacillus	K13057	WP_119848784.1	32.2	1.4e-08	0
RefSeq_Paenibacillus	K13057	WP_119850449.1	31.0	3.2e-08	0
RefSeq_Paenibacillus	K13057	WP_119846181.1	27.4	3.9e-07	0
RefSeq_Paenibacillus	K13057	WP_119848413.1	24.9	2.3e-06	0
RefSeq_Paenibacillus	K13057	WP_119850446.1	23.8	5.2e-06	0
RefSeq_Paenibacillus	K00108	WP_119848437.1	53.9	2.7e-15	0
RefSeq_Paenibacillus	K00108	WP_119847086.1	13.1	0.0063	0
RefSeq_Paenibacillus	K00108	WP_119849507.1	12.1	0.013	0
RefSeq_Paenibacillus	K00108	WP_119851018.1	10.5	0.037	0
RefSeq_Paenibacillus	K00108	WP_119847018.1	10.2	0.047	0
RefSeq_Paenibacillus	K00108	WP_119850023.1	9.9	0.056	0
RefSeq_Paenibacillus	K00108	WP_071222307.1	9.7	0.065	0
RefSeq_Paenibacillus	K00108	WP_119848694.1	9.3	0.086	0
RefSeq_Paenibacillus	K00130	WP_119848243.1	538.1	8.2e-162	0
RefSeq_Paenibacillus	K00130	WP_119847379.1	536.2	3.2e-161	0
RefSeq_Paenibacillus	K00130	WP_119847862.1	447.2	2.9e-134	0
RefSeq_Paenibacillus	K00130	WP_119850350.1	442.0	1e-132	0
RefSeq_Paenibacillus	K00130	WP_119846461.1	286.9	9.8e-86	0
RefSeq_Paenibacillus	K00130	WP_119849094.1	61.0	2.5e-17	0
RefSeq_Paenibacillus	K00130	WP_119848959.1	36.2	8e-10	0
RefSeq_Paenibacillus	K00499	WP_119848697.1	21.7	2.7e-05	0
RefSeq_Paenibacillus	K00499	WP_015734548.1	16.0	0.0014	0
RefSeq_Paenibacillus	K00499	WP_119851018.1	11.6	0.029	0
RefSeq_Paenibacillus	K00499	WP_096775212.1	11.6	0.03	0
RefSeq_Paenibacillus	K17755	WP_119848437.1	37.2	5.1e-10	0
RefSeq_Paenibacillus	K17755	WP_119851496.1	13.0	0.011	0
RefSeq_Paenibacillus	K17755	WP_119849507.1	10.8	0.053	0
RefSeq_Paenibacillus	K17756	WP_119848437.1	89.7	5.4e-26	0
RefSeq_Paenibacillus	K17756	WP_119849053.1	24.7	2.4e-06	0
RefSeq_Paenibacillus	K17756	WP_119846681.1	20.8	3.7e-05	0
RefSeq_Paenibacillus	K17756	WP_119848574.1	20.7	3.9e-05	0
RefSeq_Paenibacillus	K17756	WP_119851018.1	20.4	4.6e-05	0
RefSeq_Paenibacillus	K17756	WP_119850271.1	18.4	0.00019	0
RefSeq_Paenibacillus	K17756	WP_119849379.1	18.1	0.00024	0
RefSeq_Paenibacillus	K17756	WP_119848915.1	17.5	0.00036	0
RefSeq_Paenibacillus	K17756	WP_119848270.1	17.5	0.00037	0
RefSeq_Paenibacillus	K17756	WP_071222307.1	17.3	0.0004	0
RefSeq_Paenibacillus	K17756	WP_009589200.1	16.8	0.00058	0
RefSeq_Paenibacillus	K17756	WP_119848694.1	15.0	0.0021	0
RefSeq_Paenibacillus	K17756	WP_119851297.1	14.1	0.0038	0
RefSeq_Paenibacillus	K17756	WP_119850048.1	14.1	0.0038	0
RefSeq_Paenibacillus	K17756	WP_119850686.1	13.0	0.0084	0
RefSeq_Paenibacillus	K17756	WP_009589191.1	12.9	0.009	0
RefSeq_Paenibacillus	K17756	WP_119848565.1	12.1	0.015	0
RefSeq_Paenibacillus	K17756	WP_036665598.1	11.2	0.028	0
RefSeq_Paenibacillus	K17756	WP_119847532.1	10.7	0.042	0
RefSeq_Paenibacillus	K17756	WP_119846840.1	10.0	0.065	0
RefSeq_Paenibacillus	K17756	WP_119850931.1	9.9	0.072	0
RefSeq_Paenibacillus	K06718	WP_015737574.1	228.9	1.8e-68	1
RefSeq_Paenibacillus	K06718	WP_119851060.1	34.1	6.3e-09	0
RefSeq_Paenibacillus	K06718	WP_119850560.1	27.1	8.5e-07	0
RefSeq_Paenibacillus	K06718	WP_119850562.1	24.7	4.5e-06	0
RefSeq_Paenibacillus	K06718	WP_012819018.1	24.6	4.9e-06	0
RefSeq_Paenibacillus	K06718	WP_119847596.1	19.1	0.00024	0
RefSeq_Paenibacillus	K06718	WP_119846640.1	18.6	0.00033	0
RefSeq_Paenibacillus	K06718	WP_119846576.1	17.2	0.00089	0
RefSeq_Paenibacillus	K06718	WP_119847796.1	17.0	0.001	0
RefSeq_Paenibacillus	K06718	WP_119848008.1	17.0	0.0011	0
RefSeq_Paenibacillus	K06718	WP_119846968.1	15.4	0.0032	0
RefSeq_Paenibacillus	K06718	WP_119846548.1	14.9	0.0044	0
RefSeq_Paenibacillus	K06718	WP_119848279.1	14.3	0.0071	0
RefSeq_Paenibacillus	K06718	WP_119848193.1	13.7	0.01	0
RefSeq_Paenibacillus	K06718	WP_119847178.1	13.6	0.011	0
RefSeq_Paenibacillus	K06718	WP_119851214.1	13.3	0.014	0
RefSeq_Paenibacillus	K06718	WP_119847784.1	12.9	0.019	0
RefSeq_Paenibacillus	K06718	WP_119851330.1	12.5	0.024	0
RefSeq_Paenibacillus	K06718	WP_119847934.1	12.4	0.026	0
RefSeq_Paenibacillus	K06718	WP_119847720.1	12.1	0.031	0
RefSeq_Paenibacillus	K06718	WP_119849549.1	11.9	0.036	0
RefSeq_Paenibacillus	K06718	WP_119847827.1	11.2	0.063	0
RefSeq_Paenibacillus	K06720	WP_119846296.1	198.7	1.7e-59	1
RefSeq_Paenibacillus	K06720	WP_119849374.1	20.9	0.0001	0
RefSeq_Paenibacillus	K06720	WP_119849153.1	19.1	0.00038	0
RefSeq_Paenibacillus	K06720	WP_119847031.1	16.7	0.002	0
RefSeq_Paenibacillus	K06720	WP_119847810.1	16.7	0.0021	0
RefSeq_Paenibacillus	K06720	WP_119847080.1	16.0	0.0034	0
RefSeq_Paenibacillus	K06720	WP_119847019.1	15.9	0.0036	0
RefSeq_Paenibacillus	K06720	WP_119850100.1	15.8	0.0037	0
RefSeq_Paenibacillus	K06720	WP_119848184.1	12.7	0.036	0
RefSeq_Paenibacillus	K06720	WP_119850443.1	12.3	0.046	0
RefSeq_Paenibacillus	K06721	WP_009595774.1	18.6	0.00033	0
RefSeq_Paenibacillus	K06721	WP_244235471.1	17.4	0.0008	0
RefSeq_Paenibacillus	K06721	WP_119846383.1	14.2	0.0073	0
RefSeq_Paenibacillus	K06721	WP_009591693.1	13.6	0.011	0
RefSeq_Paenibacillus	K06721	WP_119847476.1	13.2	0.015	0
RefSeq_Paenibacillus	K06721	WP_119850040.1	12.7	0.021	0
RefSeq_Paenibacillus	K06721	WP_119850746.1	12.6	0.022	0
RefSeq_Paenibacillus	K06721	WP_119848095.1	11.6	0.046	0
RefSeq_Paenibacillus	K06721	WP_119846611.1	11.2	0.061	0
RefSeq_Paenibacillus	K06721	WP_162939112.1	6.9	1.2	0
RefSeq_Paenibacillus	K06721	WP_119848501.1	6.6	1.5	0
RefSeq_Paenibacillus	K06721	WP_119847398.1	4.2	7.9	0
RefSeq_Paenibacillus	K10674	WP_119846297.1	471.0	5.1e-142	1
RefSeq_Paenibacillus	K10674	WP_119848584.1	101.3	2e-29	0
RefSeq_Paenibacillus	K10674	WP_119848142.1	94.3	2.7e-27	0
RefSeq_Paenibacillus	K10674	WP_119848599.1	88.0	2.2e-25	0
RefSeq_Paenibacillus	K10674	WP_012818926.1	56.8	7.1e-16	0
RefSeq_Paenibacillus	K10674	WP_119848264.1	44.5	3.9e-12	0
RefSeq_Paenibacillus	K10674	WP_119847162.1	43.7	6.9e-12	0
RefSeq_Paenibacillus	K10674	WP_119848621.1	18.3	0.00039	0
RefSeq_Paenibacillus	K10674	WP_119846746.1	16.5	0.0014	0
RefSeq_Paenibacillus	K05845	WP_119847175.1	290.2	1.1e-86	1
RefSeq_Paenibacillus	K05845	WP_119847174.1	15.6	0.002	0
RefSeq_Paenibacillus	K05845	WP_119846446.1	15.5	0.0022	0
RefSeq_Paenibacillus	K05845	WP_119846571.1	14.4	0.0046	0
RefSeq_Paenibacillus	K05845	WP_119848892.1	11.7	0.03	0
RefSeq_Paenibacillus	K05845	WP_119846687.1	11.0	0.05	0
RefSeq_Paenibacillus	K05846	WP_009589947.1	272.1	2.7e-81	1
RefSeq_Paenibacillus	K05846	WP_119847174.1	260.0	1.2e-77	1
RefSeq_Paenibacillus	K05846	WP_119846572.1	129.5	5.1e-38	0
RefSeq_Paenibacillus	K05846	WP_009592866.1	99.2	8.5e-29	0
RefSeq_Paenibacillus	K05846	WP_119850203.1	87.1	3.9e-25	0
RefSeq_Paenibacillus	K05846	WP_119847727.1	74.7	2.4e-21	0
RefSeq_Paenibacillus	K05846	WP_119849592.1	72.2	1.3e-20	0
RefSeq_Paenibacillus	K05846	WP_119848890.1	70.9	3.3e-20	0
RefSeq_Paenibacillus	K05846	WP_119847726.1	70.4	4.5e-20	0
RefSeq_Paenibacillus	K05846	WP_119849357.1	67.1	4.5e-19	0
RefSeq_Paenibacillus	K05846	WP_119850049.1	63.5	5.8e-18	0
RefSeq_Paenibacillus	K05846	WP_119850050.1	56.7	6.8e-16	0
RefSeq_Paenibacillus	K05846	WP_119846741.1	56.1	1e-15	0
RefSeq_Paenibacillus	K05846	WP_432206788.1	53.5	6.4e-15	0
RefSeq_Paenibacillus	K05846	WP_009592251.1	52.6	1.1e-14	0
RefSeq_Paenibacillus	K05846	WP_119848430.1	52.1	1.7e-14	0
RefSeq_Paenibacillus	K05846	WP_244235401.1	44.3	3.9e-12	0
RefSeq_Paenibacillus	K05846	WP_009595092.1	43.6	6.2e-12	0
RefSeq_Paenibacillus	K05846	WP_119848836.1	40.1	7.3e-11	0
RefSeq_Paenibacillus	K05846	WP_119846293.1	37.1	5.8e-10	0
RefSeq_Paenibacillus	K05846	WP_119850540.1	35.2	2.2e-09	0
RefSeq_Paenibacillus	K05846	WP_162939241.1	35.2	2.2e-09	0
RefSeq_Paenibacillus	K05846	WP_119849364.1	32.6	1.4e-08	0
RefSeq_Paenibacillus	K05846	WP_119850302.1	31.6	2.7e-08	0
RefSeq_Paenibacillus	K05846	WP_119846886.1	29.8	1e-07	0
RefSeq_Paenibacillus	K05846	WP_119847655.1	29.5	1.2e-07	0
RefSeq_Paenibacillus	K05846	WP_119848431.1	28.3	2.7e-07	0
RefSeq_Paenibacillus	K05846	WP_119850091.1	27.9	3.6e-07	0
RefSeq_Paenibacillus	K05846	WP_009594642.1	27.3	5.6e-07	0
RefSeq_Paenibacillus	K05846	WP_119846619.1	26.9	7.3e-07	0
RefSeq_Paenibacillus	K05846	WP_119846926.1	25.7	1.7e-06	0
RefSeq_Paenibacillus	K05846	WP_119846826.1	25.1	2.5e-06	0
RefSeq_Paenibacillus	K05846	WP_119848806.1	24.9	3.1e-06	0
RefSeq_Paenibacillus	K05846	WP_244235561.1	24.8	3.2e-06	0
RefSeq_Paenibacillus	K05846	WP_009593648.1	24.6	3.8e-06	0
RefSeq_Paenibacillus	K05846	WP_119849677.1	24.3	4.5e-06	0
RefSeq_Paenibacillus	K05846	WP_119850398.1	23.9	6.2e-06	0
RefSeq_Paenibacillus	K05846	WP_244235580.1	23.4	8.4e-06	0
RefSeq_Paenibacillus	K05846	WP_119846987.1	22.8	1.3e-05	0
RefSeq_Paenibacillus	K05846	WP_009593034.1	22.8	1.3e-05	0
RefSeq_Paenibacillus	K05846	WP_119850353.1	22.7	1.4e-05	0
RefSeq_Paenibacillus	K05846	WP_119850735.1	22.6	1.5e-05	0
RefSeq_Paenibacillus	K05846	WP_071222972.1	22.3	1.8e-05	0
RefSeq_Paenibacillus	K05846	WP_119847528.1	21.9	2.4e-05	0
RefSeq_Paenibacillus	K05846	WP_009589944.1	21.6	3e-05	0
RefSeq_Paenibacillus	K05846	WP_119850360.1	21.5	3.2e-05	0
RefSeq_Paenibacillus	K05846	WP_119847736.1	21.4	3.4e-05	0
RefSeq_Paenibacillus	K05846	WP_009595489.1	21.3	3.7e-05	0
RefSeq_Paenibacillus	K05846	WP_119847941.1	21.3	3.7e-05	0
RefSeq_Paenibacillus	K05846	WP_420030521.1	21.2	3.9e-05	0
RefSeq_Paenibacillus	K05846	WP_404563847.1	20.8	5.1e-05	0
RefSeq_Paenibacillus	K05846	WP_119850325.1	20.8	5.3e-05	0
RefSeq_Paenibacillus	K05846	WP_012818642.1	20.4	7.1e-05	0
RefSeq_Paenibacillus	K05846	WP_119849089.1	20.3	7.5e-05	0
RefSeq_Paenibacillus	K05846	WP_119850397.1	20.2	8e-05	0
RefSeq_Paenibacillus	K05846	WP_090907824.1	19.9	0.0001	0
RefSeq_Paenibacillus	K05846	WP_119848823.1	19.6	0.00013	0
RefSeq_Paenibacillus	K05846	WP_009592355.1	19.4	0.00014	0
RefSeq_Paenibacillus	K05846	WP_009590830.1	19.0	0.00018	0
RefSeq_Paenibacillus	K05846	WP_119851114.1	19.0	0.00019	0
RefSeq_Paenibacillus	K05846	WP_009589786.1	18.7	0.00022	0
RefSeq_Paenibacillus	K05846	WP_119851448.1	18.7	0.00023	0
RefSeq_Paenibacillus	K05846	WP_119847215.1	18.5	0.00026	0
RefSeq_Paenibacillus	K05846	WP_119848579.1	18.1	0.00036	0
RefSeq_Paenibacillus	K05846	WP_096775761.1	18.0	0.00038	0
RefSeq_Paenibacillus	K05846	WP_119847207.1	17.9	0.0004	0
RefSeq_Paenibacillus	K05846	WP_009590746.1	17.7	0.00045	0
RefSeq_Paenibacillus	K05846	WP_119849678.1	17.7	0.00046	0
RefSeq_Paenibacillus	K05846	WP_119848355.1	17.7	0.00047	0
RefSeq_Paenibacillus	K05846	WP_244235503.1	17.7	0.00048	0
RefSeq_Paenibacillus	K05846	WP_006207931.1	17.6	0.00049	0
RefSeq_Paenibacillus	K05846	WP_096775370.1	17.6	0.00051	0
RefSeq_Paenibacillus	K05846	WP_119847297.1	17.5	0.00053	0
RefSeq_Paenibacillus	K05846	WP_119848544.1	17.5	0.00054	0
RefSeq_Paenibacillus	K05846	WP_119851186.1	17.3	0.00059	0
RefSeq_Paenibacillus	K05846	WP_096774977.1	17.2	0.00067	0
RefSeq_Paenibacillus	K05846	WP_009593684.1	17.2	0.00067	0
RefSeq_Paenibacillus	K05846	WP_119847023.1	17.1	0.00068	0
RefSeq_Paenibacillus	K05846	WP_119848377.1	17.1	0.0007	0
RefSeq_Paenibacillus	K05846	WP_119847438.1	17.0	0.00077	0
RefSeq_Paenibacillus	K05846	WP_009595691.1	16.9	0.00079	0
RefSeq_Paenibacillus	K05846	WP_119847951.1	16.8	0.00089	0
RefSeq_Paenibacillus	K05846	WP_162939228.1	16.7	0.00092	0
RefSeq_Paenibacillus	K05846	WP_119849510.1	16.7	0.00093	0
RefSeq_Paenibacillus	K05846	WP_009592284.1	16.6	0.001	0
RefSeq_Paenibacillus	K05846	WP_119847160.1	16.5	0.0011	0
RefSeq_Paenibacillus	K05846	WP_119850940.1	16.4	0.0011	0
RefSeq_Paenibacillus	K05846	WP_119850316.1	16.4	0.0012	0
RefSeq_Paenibacillus	K05846	WP_096777055.1	15.9	0.0017	0
RefSeq_Paenibacillus	K05846	WP_083397595.1	15.8	0.0017	0
RefSeq_Paenibacillus	K05846	WP_119850251.1	15.7	0.0019	0
RefSeq_Paenibacillus	K05846	WP_119849658.1	15.6	0.0019	0
RefSeq_Paenibacillus	K05846	WP_090909320.1	15.6	0.002	0
RefSeq_Paenibacillus	K05846	WP_119848248.1	15.5	0.0022	0
RefSeq_Paenibacillus	K05846	WP_119849977.1	15.4	0.0024	0
RefSeq_Paenibacillus	K05846	WP_119846344.1	15.3	0.0024	0
RefSeq_Paenibacillus	K05846	WP_119846934.1	15.2	0.0027	0
RefSeq_Paenibacillus	K05846	WP_119848511.1	15.1	0.0027	0
RefSeq_Paenibacillus	K05846	WP_009591588.1	14.9	0.0033	0
RefSeq_Paenibacillus	K05846	WP_119849706.1	14.7	0.0037	0
RefSeq_Paenibacillus	K05846	WP_071218755.1	14.6	0.0039	0
RefSeq_Paenibacillus	K05846	WP_208652548.1	14.6	0.0039	0
RefSeq_Paenibacillus	K05846	WP_119850207.1	14.6	0.0039	0
RefSeq_Paenibacillus	K05846	WP_119849775.1	14.4	0.0047	0
RefSeq_Paenibacillus	K05846	WP_119848150.1	14.3	0.0051	0
RefSeq_Paenibacillus	K05846	WP_009595532.1	14.2	0.0052	0
RefSeq_Paenibacillus	K05846	WP_119850237.1	14.2	0.0054	0
RefSeq_Paenibacillus	K05846	WP_119848371.1	14.2	0.0054	0
RefSeq_Paenibacillus	K05846	WP_208652599.1	14.1	0.0056	0
RefSeq_Paenibacillus	K05846	WP_208652560.1	14.0	0.006	0
RefSeq_Paenibacillus	K05846	WP_119849090.1	13.9	0.0065	0
RefSeq_Paenibacillus	K05846	WP_119849684.1	13.9	0.0067	0
RefSeq_Paenibacillus	K05846	WP_119849586.1	13.8	0.0069	0
RefSeq_Paenibacillus	K05846	WP_119850388.1	13.8	0.0069	0
RefSeq_Paenibacillus	K05846	WP_244235512.1	13.7	0.0076	0
RefSeq_Paenibacillus	K05846	WP_119847224.1	13.6	0.0079	0
RefSeq_Paenibacillus	K05846	WP_244235491.1	13.6	0.0081	0
RefSeq_Paenibacillus	K05846	WP_119850301.1	13.5	0.0086	0
RefSeq_Paenibacillus	K05846	WP_119848220.1	13.5	0.0086	0
RefSeq_Paenibacillus	K05846	WP_119849365.1	13.5	0.0086	0
RefSeq_Paenibacillus	K05846	WP_119848061.1	13.5	0.009	0
RefSeq_Paenibacillus	K05846	WP_119847159.1	13.4	0.009	0
RefSeq_Paenibacillus	K05846	WP_119849982.1	13.4	0.0094	0
RefSeq_Paenibacillus	K05846	WP_119850070.1	13.3	0.01	0
RefSeq_Paenibacillus	K05846	WP_119847856.1	13.1	0.011	0
RefSeq_Paenibacillus	K05846	WP_012818834.1	13.1	0.012	0
RefSeq_Paenibacillus	K05846	WP_244235533.1	13.0	0.012	0
RefSeq_Paenibacillus	K05846	WP_119850274.1	13.0	0.012	0
RefSeq_Paenibacillus	K05846	WP_119851052.1	13.0	0.013	0
RefSeq_Paenibacillus	K05846	WP_119847952.1	12.9	0.014	0
RefSeq_Paenibacillus	K05846	WP_119848167.1	12.7	0.015	0
RefSeq_Paenibacillus	K05846	WP_119850780.1	12.7	0.016	0
RefSeq_Paenibacillus	K05846	WP_119849719.1	12.5	0.017	0
RefSeq_Paenibacillus	K05846	WP_119851238.1	12.5	0.018	0
RefSeq_Paenibacillus	K05846	WP_119848496.1	12.3	0.02	0
RefSeq_Paenibacillus	K05846	WP_119850063.1	12.3	0.021	0
RefSeq_Paenibacillus	K05846	WP_208652542.1	12.2	0.021	0
RefSeq_Paenibacillus	K05846	WP_119850361.1	12.1	0.022	0
RefSeq_Paenibacillus	K05846	WP_119847621.1	12.1	0.023	0
RefSeq_Paenibacillus	K05846	WP_009595368.1	12.1	0.024	0
RefSeq_Paenibacillus	K05846	WP_009594311.1	12.0	0.024	0
RefSeq_Paenibacillus	K05846	WP_119847061.1	12.0	0.026	0
RefSeq_Paenibacillus	K05846	WP_096776254.1	11.9	0.026	0
RefSeq_Paenibacillus	K05846	WP_119850127.1	11.9	0.026	0
RefSeq_Paenibacillus	K05846	WP_119849936.1	11.9	0.026	0
RefSeq_Paenibacillus	K05846	WP_228468856.1	11.8	0.028	0
RefSeq_Paenibacillus	K05846	WP_119849376.1	11.8	0.028	0
RefSeq_Paenibacillus	K05846	WP_119847024.1	11.6	0.032	0
RefSeq_Paenibacillus	K05846	WP_009594306.1	11.6	0.032	0
RefSeq_Paenibacillus	K05846	WP_009595751.1	11.5	0.034	0
RefSeq_Paenibacillus	K05846	WP_119848261.1	11.5	0.034	0
RefSeq_Paenibacillus	K05846	WP_119849992.1	11.5	0.035	0
RefSeq_Paenibacillus	K05846	WP_119848596.1	11.5	0.035	0
RefSeq_Paenibacillus	K05846	WP_119847451.1	11.5	0.035	0
RefSeq_Paenibacillus	K05846	WP_119850528.1	11.4	0.039	0
RefSeq_Paenibacillus	K05846	WP_009592052.1	11.3	0.039	0
RefSeq_Paenibacillus	K05846	WP_036663034.1	11.3	0.04	0
RefSeq_Paenibacillus	K05846	WP_119850529.1	11.2	0.043	0
RefSeq_Paenibacillus	K05846	WP_254778116.1	11.0	0.05	0
RefSeq_Paenibacillus	K05846	WP_208652646.1	10.9	0.053	0
RefSeq_Paenibacillus	K05846	WP_119849976.1	10.8	0.056	0
RefSeq_Paenibacillus	K05846	WP_119848354.1	10.8	0.056	0
RefSeq_Paenibacillus	K05846	WP_009589991.1	10.7	0.062	0
RefSeq_Paenibacillus	K05846	WP_119846724.1	10.6	0.067	0
RefSeq_Paenibacillus	K05846	WP_012818681.1	10.5	0.072	0
RefSeq_Paenibacillus	K05846	WP_015736860.1	10.4	0.077	0
RefSeq_Paenibacillus	K05846	WP_119848216.1	10.3	0.082	0
RefSeq_Paenibacillus	K05846	WP_119849930.1	10.3	0.082	0
RefSeq_Paenibacillus	K05846	WP_119849385.1	10.2	0.089	0
RefSeq_Paenibacillus	K05846	WP_119847383.1	10.1	0.092	0
RefSeq_Paenibacillus	K05846	WP_119848276.1	10.1	0.096	0
RefSeq_Paenibacillus	K05846	WP_119849633.1	9.9	0.11	0
RefSeq_Paenibacillus	K05846	WP_119850970.1	9.8	0.11	0
RefSeq_Paenibacillus	K05846	WP_119849642.1	9.8	0.12	0
RefSeq_Paenibacillus	K05846	WP_119849705.1	9.8	0.12	0
RefSeq_Paenibacillus	K05846	WP_009594160.1	9.6	0.13	0
RefSeq_Paenibacillus	K05846	WP_119850169.1	9.5	0.14	0
RefSeq_Paenibacillus	K05846	WP_119846292.1	9.5	0.14	0
RefSeq_Paenibacillus	K05846	WP_096776255.1	9.5	0.15	0
RefSeq_Paenibacillus	K05846	WP_244235565.1	9.4	0.16	0
RefSeq_Paenibacillus	K05846	WP_009591023.1	9.1	0.19	0
RefSeq_Paenibacillus	K05846	WP_009594508.1	9.1	0.19	0
RefSeq_Paenibacillus	K05846	WP_119851051.1	9.0	0.2	0
RefSeq_Paenibacillus	K05846	WP_119848495.1	8.6	0.26	0
RefSeq_Paenibacillus	K05846	WP_009590583.1	8.5	0.28	0
RefSeq_Paenibacillus	K05846	WP_119850503.1	8.1	0.37	0
RefSeq_Paenibacillus	K05846	WP_119846345.1	8.0	0.41	0
RefSeq_Paenibacillus	K05846	WP_119846620.1	7.6	0.56	0
RefSeq_Paenibacillus	K05846	WP_119850781.1	7.4	0.6	0
RefSeq_Paenibacillus	K05846	WP_167470122.1	7.4	0.6	0
RefSeq_Paenibacillus	K05846	WP_009591771.1	7.3	0.64	0
RefSeq_Paenibacillus	K05846	WP_119848268.1	7.3	0.65	0
RefSeq_Paenibacillus	K05846	WP_009593907.1	7.2	0.7	0
RefSeq_Paenibacillus	K05846	WP_162939234.1	6.9	0.9	0
RefSeq_Paenibacillus	K05846	WP_036660892.1	6.9	0.9	0
RefSeq_Paenibacillus	K05846	WP_036666213.1	6.6	1.1	0
RefSeq_Paenibacillus	K05846	WP_119847452.1	6.6	1.1	0
RefSeq_Paenibacillus	K05846	WP_119847654.1	6.6	1.1	0
RefSeq_Paenibacillus	K05846	WP_119850429.1	6.0	1.6	0
RefSeq_Paenibacillus	K05846	WP_162939112.1	4.8	3.7	0
RefSeq_Paenibacillus	K05846	WP_119847062.1	4.5	4.8	0
RefSeq_Paenibacillus	K05846	WP_119848543.1	4.1	6.1	0
RefSeq_Paenibacillus	K05846	WP_119850090.1	3.8	7.6	0
RefSeq_Paenibacillus	K05847	WP_119847176.1	450.1	2.9e-135	1
RefSeq_Paenibacillus	K05847	WP_119849676.1	394.6	2.1e-118	1
RefSeq_Paenibacillus	K05847	WP_119846573.1	347.7	3.8e-104	0
RefSeq_Paenibacillus	K05847	WP_119850541.1	322.2	2.1e-96	0
RefSeq_Paenibacillus	K05847	WP_015737200.1	298.5	3.1e-89	0
RefSeq_Paenibacillus	K05847	WP_119849826.1	296.7	1.1e-88	0
RefSeq_Paenibacillus	K05847	WP_119849969.1	281.5	4.8e-84	0
RefSeq_Paenibacillus	K05847	WP_119850406.1	279.5	1.9e-83	0
RefSeq_Paenibacillus	K05847	WP_119846885.1	277.7	6.5e-83	0
RefSeq_Paenibacillus	K05847	WP_012818391.1	277.5	7.9e-83	0
RefSeq_Paenibacillus	K05847	WP_119850071.1	275.5	3.1e-82	0
RefSeq_Paenibacillus	K05847	WP_119846317.1	271.9	3.9e-81	0
RefSeq_Paenibacillus	K05847	WP_119846445.1	265.6	3.2e-79	0
RefSeq_Paenibacillus	K05847	WP_119850504.1	256.3	2.2e-76	0
RefSeq_Paenibacillus	K05847	WP_119846743.1	255.3	4.2e-76	0
RefSeq_Paenibacillus	K05847	WP_162939155.1	248.0	7.1e-74	0
RefSeq_Paenibacillus	K05847	WP_119850544.1	247.4	1e-73	0
RefSeq_Paenibacillus	K05847	WP_119850256.1	240.6	1.3e-71	0
RefSeq_Paenibacillus	K05847	WP_208652594.1	236.5	2.2e-70	0
RefSeq_Paenibacillus	K05847	WP_119847724.1	230.5	1.5e-68	0
RefSeq_Paenibacillus	K05847	WP_119847622.1	228.6	5.6e-68	0
RefSeq_Paenibacillus	K05847	WP_119849593.1	225.8	3.9e-67	0
RefSeq_Paenibacillus	K05847	WP_119849142.1	223.8	1.6e-66	0
RefSeq_Paenibacillus	K05847	WP_009590843.1	223.7	1.8e-66	0
RefSeq_Paenibacillus	K05847	WP_119849737.1	223.0	2.7e-66	0
RefSeq_Paenibacillus	K05847	WP_119846294.1	222.1	5.2e-66	0
RefSeq_Paenibacillus	K05847	WP_119849358.1	218.9	4.8e-65	0
RefSeq_Paenibacillus	K05847	WP_244235393.1	213.7	1.9e-63	0
RefSeq_Paenibacillus	K05847	WP_119848891.1	212.5	4.2e-63	0
RefSeq_Paenibacillus	K05847	WP_119850204.1	210.8	1.4e-62	0
RefSeq_Paenibacillus	K05847	WP_119851449.1	207.9	1.1e-61	0
RefSeq_Paenibacillus	K05847	WP_119847685.1	205.8	4.7e-61	0
RefSeq_Paenibacillus	K05847	WP_009594645.1	205.1	7.5e-61	0
RefSeq_Paenibacillus	K05847	WP_119850015.1	205.1	7.8e-61	0
RefSeq_Paenibacillus	K05847	WP_119850737.1	200.4	2e-59	0
RefSeq_Paenibacillus	K05847	WP_119846751.1	200.0	2.7e-59	0
RefSeq_Paenibacillus	K05847	WP_015737694.1	199.2	4.7e-59	0
RefSeq_Paenibacillus	K05847	WP_119847657.1	198.5	7.9e-59	0
RefSeq_Paenibacillus	K05847	WP_119850426.1	195.5	6.2e-58	0
RefSeq_Paenibacillus	K05847	WP_119850363.1	195.3	7.3e-58	0
RefSeq_Paenibacillus	K05847	WP_119846853.1	191.1	1.3e-56	0
RefSeq_Paenibacillus	K05847	WP_119850744.1	188.0	1.2e-55	0
RefSeq_Paenibacillus	K05847	WP_119848647.1	187.2	2.1e-55	0
RefSeq_Paenibacillus	K05847	WP_119848130.1	186.8	2.8e-55	0
RefSeq_Paenibacillus	K05847	WP_119850395.1	184.5	1.4e-54	0
RefSeq_Paenibacillus	K05847	WP_119848429.1	184.4	1.4e-54	0
RefSeq_Paenibacillus	K05847	WP_119850034.1	184.0	1.9e-54	0
RefSeq_Paenibacillus	K05847	WP_244235384.1	183.3	3.3e-54	0
RefSeq_Paenibacillus	K05847	WP_119848493.1	182.1	7.4e-54	0
RefSeq_Paenibacillus	K05847	WP_119848484.1	180.3	2.5e-53	0
RefSeq_Paenibacillus	K05847	WP_119848774.1	177.6	1.7e-52	0
RefSeq_Paenibacillus	K05847	WP_119849859.1	177.4	1.9e-52	0
RefSeq_Paenibacillus	K05847	WP_041621923.1	177.2	2.3e-52	0
RefSeq_Paenibacillus	K05847	WP_113057894.1	177.1	2.4e-52	0
RefSeq_Paenibacillus	K05847	WP_119850736.1	176.6	3.4e-52	0
RefSeq_Paenibacillus	K05847	WP_119849603.1	175.0	1.1e-51	0
RefSeq_Paenibacillus	K05847	WP_009591620.1	174.9	1.1e-51	0
RefSeq_Paenibacillus	K05847	WP_119851286.1	173.3	3.5e-51	0
RefSeq_Paenibacillus	K05847	WP_119849565.1	172.4	6.4e-51	0
RefSeq_Paenibacillus	K05847	WP_119851168.1	172.3	6.7e-51	0
RefSeq_Paenibacillus	K05847	WP_036666022.1	171.2	1.6e-50	0
RefSeq_Paenibacillus	K05847	WP_119850905.1	170.6	2.2e-50	0
RefSeq_Paenibacillus	K05847	WP_119849954.1	169.8	4e-50	0
RefSeq_Paenibacillus	K05847	WP_009589818.1	169.5	4.8e-50	0
RefSeq_Paenibacillus	K05847	WP_119850889.1	169.2	6.1e-50	0
RefSeq_Paenibacillus	K05847	WP_119850053.1	169.0	7.2e-50	0
RefSeq_Paenibacillus	K05847	WP_432206774.1	167.5	2e-49	0
RefSeq_Paenibacillus	K05847	WP_119847252.1	166.1	5.5e-49	0
RefSeq_Paenibacillus	K05847	WP_119847046.1	165.5	8.3e-49	0
RefSeq_Paenibacillus	K05847	WP_119850362.1	165.5	8.3e-49	0
RefSeq_Paenibacillus	K05847	WP_119848232.1	164.7	1.5e-48	0
RefSeq_Paenibacillus	K05847	WP_119846407.1	163.5	3.3e-48	0
RefSeq_Paenibacillus	K05847	WP_119846994.1	162.7	5.6e-48	0
RefSeq_Paenibacillus	K05847	WP_119851181.1	162.7	5.8e-48	0
RefSeq_Paenibacillus	K05847	WP_119847656.1	162.7	5.9e-48	0
RefSeq_Paenibacillus	K05847	WP_119846609.1	162.4	6.9e-48	0
RefSeq_Paenibacillus	K05847	WP_119846954.1	161.8	1.1e-47	0
RefSeq_Paenibacillus	K05847	WP_119846353.1	160.4	2.9e-47	0
RefSeq_Paenibacillus	K05847	WP_119850374.1	160.2	3.3e-47	0
RefSeq_Paenibacillus	K05847	WP_119848494.1	160.0	3.7e-47	0
RefSeq_Paenibacillus	K05847	WP_119846997.1	159.9	4.2e-47	0
RefSeq_Paenibacillus	K05847	WP_119847881.1	159.4	5.6e-47	0
RefSeq_Paenibacillus	K05847	WP_162939144.1	159.4	6e-47	0
RefSeq_Paenibacillus	K05847	WP_119851014.1	158.0	1.5e-46	0
RefSeq_Paenibacillus	K05847	WP_119850375.1	157.8	1.8e-46	0
RefSeq_Paenibacillus	K05847	WP_119847754.1	157.7	1.9e-46	0
RefSeq_Paenibacillus	K05847	WP_119850952.1	156.4	4.6e-46	0
RefSeq_Paenibacillus	K05847	WP_119846484.1	155.5	9.1e-46	0
RefSeq_Paenibacillus	K05847	WP_119849372.1	154.8	1.4e-45	0
RefSeq_Paenibacillus	K05847	WP_119851228.1	154.7	1.5e-45	0
RefSeq_Paenibacillus	K05847	WP_119849797.1	154.0	2.5e-45	0
RefSeq_Paenibacillus	K05847	WP_119847009.1	153.7	3.1e-45	0
RefSeq_Paenibacillus	K05847	WP_119850438.1	152.7	6.2e-45	0
RefSeq_Paenibacillus	K05847	WP_119850806.1	152.6	6.6e-45	0
RefSeq_Paenibacillus	K05847	WP_119850475.1	151.5	1.5e-44	0
RefSeq_Paenibacillus	K05847	WP_119848767.1	151.5	1.5e-44	0
RefSeq_Paenibacillus	K05847	WP_119846234.1	151.1	2e-44	0
RefSeq_Paenibacillus	K05847	WP_119848180.1	149.7	5.1e-44	0
RefSeq_Paenibacillus	K05847	WP_119850396.1	148.5	1.2e-43	0
RefSeq_Paenibacillus	K05847	WP_119847581.1	148.5	1.2e-43	0
RefSeq_Paenibacillus	K05847	WP_119849600.1	148.2	1.4e-43	0
RefSeq_Paenibacillus	K05847	WP_432206787.1	147.9	1.8e-43	0
RefSeq_Paenibacillus	K05847	WP_119847541.1	147.4	2.5e-43	0
RefSeq_Paenibacillus	K05847	WP_119849400.1	147.0	3.3e-43	0
RefSeq_Paenibacillus	K05847	WP_119850549.1	146.5	4.8e-43	0
RefSeq_Paenibacillus	K05847	WP_119848943.1	145.6	9e-43	0
RefSeq_Paenibacillus	K05847	WP_119848480.1	145.4	1e-42	0
RefSeq_Paenibacillus	K05847	WP_119848768.1	144.5	1.9e-42	0
RefSeq_Paenibacillus	K05847	WP_036659509.1	144.3	2.2e-42	0
RefSeq_Paenibacillus	K05847	WP_119849082.1	142.5	8.1e-42	0
RefSeq_Paenibacillus	K05847	WP_119847200.1	142.1	1e-41	0
RefSeq_Paenibacillus	K05847	WP_119849601.1	141.6	1.5e-41	0
RefSeq_Paenibacillus	K05847	WP_119848947.1	141.4	1.7e-41	0
RefSeq_Paenibacillus	K05847	WP_244235577.1	140.8	2.6e-41	0
RefSeq_Paenibacillus	K05847	WP_119847538.1	140.2	3.8e-41	0
RefSeq_Paenibacillus	K05847	WP_119848868.1	140.2	3.9e-41	0
RefSeq_Paenibacillus	K05847	WP_244235474.1	139.6	6.1e-41	0
RefSeq_Paenibacillus	K05847	WP_119848080.1	137.7	2.3e-40	0
RefSeq_Paenibacillus	K05847	WP_119846633.1	137.5	2.7e-40	0
RefSeq_Paenibacillus	K05847	WP_119847537.1	137.2	3.2e-40	0
RefSeq_Paenibacillus	K05847	WP_119851015.1	136.5	5.4e-40	0
RefSeq_Paenibacillus	K05847	WP_009589665.1	136.3	5.8e-40	0
RefSeq_Paenibacillus	K05847	WP_119848946.1	135.7	9.4e-40	0
RefSeq_Paenibacillus	K05847	WP_119848419.1	135.3	1.2e-39	0
RefSeq_Paenibacillus	K05847	WP_119848455.1	135.2	1.3e-39	0
RefSeq_Paenibacillus	K05847	WP_119847675.1	134.0	3e-39	0
RefSeq_Paenibacillus	K05847	WP_119849265.1	133.4	4.6e-39	0
RefSeq_Paenibacillus	K05847	WP_119850547.1	132.9	6.6e-39	0
RefSeq_Paenibacillus	K05847	WP_119846533.1	132.1	1.1e-38	0
RefSeq_Paenibacillus	K05847	WP_119849596.1	131.9	1.3e-38	0
RefSeq_Paenibacillus	K05847	WP_208652596.1	131.4	1.8e-38	0
RefSeq_Paenibacillus	K05847	WP_119850802.1	130.9	2.6e-38	0
RefSeq_Paenibacillus	K05847	WP_119848070.1	129.8	5.7e-38	0
RefSeq_Paenibacillus	K05847	WP_119848006.1	128.6	1.3e-37	0
RefSeq_Paenibacillus	K05847	WP_119846550.1	127.3	3.3e-37	0
RefSeq_Paenibacillus	K05847	WP_119850107.1	126.5	5.6e-37	0
RefSeq_Paenibacillus	K05847	WP_119849585.1	125.7	1e-36	0
RefSeq_Paenibacillus	K05847	WP_119851138.1	125.4	1.2e-36	0
RefSeq_Paenibacillus	K05847	WP_119848208.1	124.3	2.7e-36	0
RefSeq_Paenibacillus	K05847	WP_119846471.1	122.5	9.3e-36	0
RefSeq_Paenibacillus	K05847	WP_119846377.1	121.6	1.7e-35	0
RefSeq_Paenibacillus	K05847	WP_119848005.1	119.2	9.4e-35	0
RefSeq_Paenibacillus	K05847	WP_119847874.1	118.3	1.8e-34	0
RefSeq_Paenibacillus	K05847	WP_119847749.1	115.7	1.1e-33	0
RefSeq_Paenibacillus	K05847	WP_119848857.1	114.7	2.2e-33	0
RefSeq_Paenibacillus	K05847	WP_119847107.1	113.3	5.8e-33	0
RefSeq_Paenibacillus	K05847	WP_119848844.1	112.6	9.4e-33	0
RefSeq_Paenibacillus	K05847	WP_119851000.1	112.5	1e-32	0
RefSeq_Paenibacillus	K05847	WP_119846998.1	112.5	1e-32	0
RefSeq_Paenibacillus	K05847	WP_119850846.1	112.4	1.1e-32	0
RefSeq_Paenibacillus	K05847	WP_119850151.1	111.2	2.5e-32	0
RefSeq_Paenibacillus	K05847	WP_090913631.1	109.7	7.4e-32	0
RefSeq_Paenibacillus	K05847	WP_119846236.1	109.1	1.1e-31	0
RefSeq_Paenibacillus	K05847	WP_432206775.1	103.2	6.9e-30	0
RefSeq_Paenibacillus	K05847	WP_119846357.1	103.1	7.2e-30	0
RefSeq_Paenibacillus	K05847	WP_432206772.1	101.6	2.1e-29	0
RefSeq_Paenibacillus	K05847	WP_119849401.1	100.7	4.1e-29	0
RefSeq_Paenibacillus	K05847	WP_119851001.1	99.2	1.1e-28	0
RefSeq_Paenibacillus	K05847	WP_119848570.1	91.1	3.2e-26	0
RefSeq_Paenibacillus	K05847	WP_119850025.1	91.1	3.3e-26	0
RefSeq_Paenibacillus	K05847	WP_119847985.1	89.1	1.4e-25	0
RefSeq_Paenibacillus	K05847	WP_162939078.1	88.9	1.5e-25	0
RefSeq_Paenibacillus	K05847	WP_119848346.1	88.1	2.6e-25	0
RefSeq_Paenibacillus	K05847	WP_119847875.1	87.7	3.5e-25	0
RefSeq_Paenibacillus	K05847	WP_119850150.1	82.9	9.8e-24	0
RefSeq_Paenibacillus	K05847	WP_119849563.1	79.2	1.3e-22	0
RefSeq_Paenibacillus	K05847	WP_244235478.1	77.6	4.1e-22	0
RefSeq_Paenibacillus	K05847	WP_119850146.1	71.3	3.4e-20	0
RefSeq_Paenibacillus	K05847	WP_119847534.1	69.6	1.1e-19	0
RefSeq_Paenibacillus	K05847	WP_119850195.1	67.3	5.6e-19	0
RefSeq_Paenibacillus	K05847	WP_119847997.1	65.4	2e-18	0
RefSeq_Paenibacillus	K05847	WP_119847045.1	62.6	1.5e-17	0
RefSeq_Paenibacillus	K05847	WP_119846204.1	60.6	5.9e-17	0
RefSeq_Paenibacillus	K05847	WP_015737018.1	46.4	1.2e-12	0
RefSeq_Paenibacillus	K05847	WP_208652601.1	22.7	2e-05	0
RefSeq_Paenibacillus	K05847	WP_119849865.1	16.8	0.0012	0
RefSeq_Paenibacillus	K05847	WP_009591456.1	14.7	0.0053	0
RefSeq_Paenibacillus	K05847	WP_119850771.1	14.0	0.0088	0
RefSeq_Paenibacillus	K05847	WP_119851012.1	12.9	0.018	0
RefSeq_Paenibacillus	K05847	WP_119849487.1	12.1	0.032	0
RefSeq_Paenibacillus	K05847	WP_119849325.1	12.1	0.032	0
RefSeq_Paenibacillus	K05847	WP_119847283.1	12.0	0.034	0
RefSeq_Paenibacillus	K03451	WP_119850882.1	551.4	7.3e-166	0
RefSeq_Paenibacillus	K02168	WP_119850882.1	615.9	3e-185	0
RefSeq_Paenibacillus	K02168	WP_119846383.1	10.9	0.033	0
RefSeq_Paenibacillus	K02168	WP_162939251.1	5.6	1.3	0
RefSeq_Paenibacillus	K02168	WP_119846149.1	5.2	1.6	0
RefSeq_Paenibacillus	K02168	WP_009589303.1	5.1	1.8	0
RefSeq_Paenibacillus	K02168	WP_119846107.1	3.5	5.6	0
RefSeq_Paenibacillus	K02168	WP_119847553.1	2.9	8.2	0
RefSeq_Paenibacillus	K02000	WP_119846573.1	677.2	1.3e-203	1
RefSeq_Paenibacillus	K02000	WP_119849676.1	390.2	9.6e-117	0
RefSeq_Paenibacillus	K02000	WP_119847176.1	381.7	3.7e-114	0
RefSeq_Paenibacillus	K02000	WP_119850541.1	280.8	1.3e-83	0
RefSeq_Paenibacillus	K02000	WP_119846445.1	280.1	2.2e-83	0
RefSeq_Paenibacillus	K02000	WP_015737200.1	270.2	2.1e-80	0
RefSeq_Paenibacillus	K02000	WP_119849826.1	266.7	2.4e-79	0
RefSeq_Paenibacillus	K02000	WP_119849969.1	262.5	4.6e-78	0
RefSeq_Paenibacillus	K02000	WP_208652594.1	253.2	2.9e-75	0
RefSeq_Paenibacillus	K02000	WP_119846743.1	252.0	6.8e-75	0
RefSeq_Paenibacillus	K02000	WP_162939155.1	251.3	1.1e-74	0
RefSeq_Paenibacillus	K02000	WP_012818391.1	250.0	2.6e-74	0
RefSeq_Paenibacillus	K02000	WP_119846885.1	243.9	1.9e-72	0
RefSeq_Paenibacillus	K02000	WP_119850544.1	242.4	5.6e-72	0
RefSeq_Paenibacillus	K02000	WP_119850071.1	241.3	1.2e-71	0
RefSeq_Paenibacillus	K02000	WP_119849593.1	239.7	3.6e-71	0
RefSeq_Paenibacillus	K02000	WP_119846317.1	234.4	1.5e-69	0
RefSeq_Paenibacillus	K02000	WP_119850256.1	228.1	1.2e-67	0
RefSeq_Paenibacillus	K02000	WP_119850504.1	227.8	1.5e-67	0
RefSeq_Paenibacillus	K02000	WP_119847622.1	227.3	2e-67	0
RefSeq_Paenibacillus	K02000	WP_119846294.1	214.8	1.3e-63	0
RefSeq_Paenibacillus	K02000	WP_119850363.1	213.7	2.6e-63	0
RefSeq_Paenibacillus	K02000	WP_119850015.1	208.1	1.3e-61	0
RefSeq_Paenibacillus	K02000	WP_009590843.1	207.0	2.8e-61	0
RefSeq_Paenibacillus	K02000	WP_119847724.1	206.5	3.9e-61	0
RefSeq_Paenibacillus	K02000	WP_119849358.1	205.3	9.2e-61	0
RefSeq_Paenibacillus	K02000	WP_119850204.1	204.9	1.2e-60	0
RefSeq_Paenibacillus	K02000	WP_119846751.1	197.8	1.7e-58	0
RefSeq_Paenibacillus	K02000	WP_119847657.1	193.9	2.7e-57	0
RefSeq_Paenibacillus	K02000	WP_119850737.1	193.7	3.1e-57	0
RefSeq_Paenibacillus	K02000	WP_119850406.1	193.1	4.5e-57	0
RefSeq_Paenibacillus	K02000	WP_119850395.1	189.7	4.7e-56	0
RefSeq_Paenibacillus	K02000	WP_119848484.1	182.0	1e-53	0
RefSeq_Paenibacillus	K02000	WP_113057894.1	180.5	3e-53	0
RefSeq_Paenibacillus	K02000	WP_119848130.1	176.9	3.6e-52	0
RefSeq_Paenibacillus	K02000	WP_119848891.1	176.2	5.9e-52	0
RefSeq_Paenibacillus	K02000	WP_119848647.1	175.4	1e-51	0
RefSeq_Paenibacillus	K02000	WP_119848429.1	175.1	1.3e-51	0
RefSeq_Paenibacillus	K02000	WP_036666022.1	173.9	3e-51	0
RefSeq_Paenibacillus	K02000	WP_119849737.1	172.0	1.1e-50	0
RefSeq_Paenibacillus	K02000	WP_119850362.1	171.2	1.9e-50	0
RefSeq_Paenibacillus	K02000	WP_119849859.1	170.8	2.6e-50	0
RefSeq_Paenibacillus	K02000	WP_119847685.1	168.8	1e-49	0
RefSeq_Paenibacillus	K02000	WP_119850905.1	166.4	5.5e-49	0
RefSeq_Paenibacillus	K02000	WP_119850736.1	164.4	2.3e-48	0
RefSeq_Paenibacillus	K02000	WP_119851449.1	164.0	2.9e-48	0
RefSeq_Paenibacillus	K02000	WP_119849603.1	163.0	5.9e-48	0
RefSeq_Paenibacillus	K02000	WP_119849142.1	160.8	2.7e-47	0
RefSeq_Paenibacillus	K02000	WP_009594645.1	160.7	2.8e-47	0
RefSeq_Paenibacillus	K02000	WP_119850053.1	159.8	5.4e-47	0
RefSeq_Paenibacillus	K02000	WP_119850744.1	156.7	4.7e-46	0
RefSeq_Paenibacillus	K02000	WP_119848493.1	155.3	1.3e-45	0
RefSeq_Paenibacillus	K02000	WP_119847656.1	153.2	5.4e-45	0
RefSeq_Paenibacillus	K02000	WP_015737694.1	153.1	6e-45	0
RefSeq_Paenibacillus	K02000	WP_119849954.1	151.9	1.3e-44	0
RefSeq_Paenibacillus	K02000	WP_244235393.1	150.6	3.4e-44	0
RefSeq_Paenibacillus	K02000	WP_119851168.1	150.3	4.1e-44	0
RefSeq_Paenibacillus	K02000	WP_009591620.1	149.7	6.3e-44	0
RefSeq_Paenibacillus	K02000	WP_119850396.1	148.8	1.2e-43	0
RefSeq_Paenibacillus	K02000	WP_119851286.1	147.7	2.4e-43	0
RefSeq_Paenibacillus	K02000	WP_119850889.1	147.6	2.8e-43	0
RefSeq_Paenibacillus	K02000	WP_119850426.1	147.4	3.2e-43	0
RefSeq_Paenibacillus	K02000	WP_119850375.1	142.0	1.4e-41	0
RefSeq_Paenibacillus	K02000	WP_119846407.1	141.0	2.7e-41	0
RefSeq_Paenibacillus	K02000	WP_244235384.1	140.0	5.3e-41	0
RefSeq_Paenibacillus	K02000	WP_119849797.1	139.2	9.7e-41	0
RefSeq_Paenibacillus	K02000	WP_119848774.1	138.2	1.9e-40	0
RefSeq_Paenibacillus	K02000	WP_119847200.1	136.9	4.8e-40	0
RefSeq_Paenibacillus	K02000	WP_119848494.1	134.5	2.6e-39	0
RefSeq_Paenibacillus	K02000	WP_119847252.1	133.7	4.2e-39	0
RefSeq_Paenibacillus	K02000	WP_119849565.1	132.9	7.9e-39	0
RefSeq_Paenibacillus	K02000	WP_119846609.1	132.3	1.2e-38	0
RefSeq_Paenibacillus	K02000	WP_119850034.1	131.9	1.6e-38	0
RefSeq_Paenibacillus	K02000	WP_119846954.1	127.0	4.5e-37	0
RefSeq_Paenibacillus	K02000	WP_119851181.1	125.2	1.6e-36	0
RefSeq_Paenibacillus	K02000	WP_244235577.1	124.9	2.1e-36	0
RefSeq_Paenibacillus	K02000	WP_119847009.1	123.4	5.6e-36	0
RefSeq_Paenibacillus	K02000	WP_119846853.1	122.6	1e-35	0
RefSeq_Paenibacillus	K02000	WP_119850952.1	122.4	1.1e-35	0
RefSeq_Paenibacillus	K02000	WP_119848180.1	120.7	3.7e-35	0
RefSeq_Paenibacillus	K02000	WP_119850374.1	120.0	6.4e-35	0
RefSeq_Paenibacillus	K02000	WP_432206774.1	118.3	2e-34	0
RefSeq_Paenibacillus	K02000	WP_119846633.1	116.8	5.9e-34	0
RefSeq_Paenibacillus	K02000	WP_119850806.1	116.3	7.9e-34	0
RefSeq_Paenibacillus	K02000	WP_119848943.1	116.2	8.5e-34	0
RefSeq_Paenibacillus	K02000	WP_119848947.1	115.3	1.6e-33	0
RefSeq_Paenibacillus	K02000	WP_119851014.1	114.7	2.5e-33	0
RefSeq_Paenibacillus	K02000	WP_041621923.1	114.6	2.7e-33	0
RefSeq_Paenibacillus	K02000	WP_119848419.1	114.3	3.2e-33	0
RefSeq_Paenibacillus	K02000	WP_009589818.1	114.1	3.7e-33	0
RefSeq_Paenibacillus	K02000	WP_119846484.1	112.9	8.9e-33	0
RefSeq_Paenibacillus	K02000	WP_119848767.1	112.3	1.3e-32	0
RefSeq_Paenibacillus	K02000	WP_119846994.1	111.6	2.2e-32	0
RefSeq_Paenibacillus	K02000	WP_119848208.1	110.0	6.3e-32	0
RefSeq_Paenibacillus	K02000	WP_119848455.1	110.0	6.3e-32	0
RefSeq_Paenibacillus	K02000	WP_162939144.1	107.8	3.1e-31	0
RefSeq_Paenibacillus	K02000	WP_119848232.1	107.8	3.1e-31	0
RefSeq_Paenibacillus	K02000	WP_119849585.1	107.6	3.5e-31	0
RefSeq_Paenibacillus	K02000	WP_119846353.1	107.5	3.7e-31	0
RefSeq_Paenibacillus	K02000	WP_119846997.1	105.4	1.6e-30	0
RefSeq_Paenibacillus	K02000	WP_119851015.1	105.4	1.7e-30	0
RefSeq_Paenibacillus	K02000	WP_119848868.1	104.6	2.8e-30	0
RefSeq_Paenibacillus	K02000	WP_119850438.1	104.5	2.9e-30	0
RefSeq_Paenibacillus	K02000	WP_119846234.1	104.0	4.3e-30	0
RefSeq_Paenibacillus	K02000	WP_119848070.1	103.9	4.6e-30	0
RefSeq_Paenibacillus	K02000	WP_119848080.1	102.3	1.4e-29	0
RefSeq_Paenibacillus	K02000	WP_119847046.1	102.3	1.4e-29	0
RefSeq_Paenibacillus	K02000	WP_119847754.1	102.0	1.7e-29	0
RefSeq_Paenibacillus	K02000	WP_119847881.1	101.7	2.1e-29	0
RefSeq_Paenibacillus	K02000	WP_119847541.1	101.3	2.9e-29	0
RefSeq_Paenibacillus	K02000	WP_119850549.1	101.1	3.2e-29	0
RefSeq_Paenibacillus	K02000	WP_119847581.1	101.0	3.4e-29	0
RefSeq_Paenibacillus	K02000	WP_208652596.1	100.8	4e-29	0
RefSeq_Paenibacillus	K02000	WP_119847675.1	100.5	5.1e-29	0
RefSeq_Paenibacillus	K02000	WP_244235474.1	100.3	5.6e-29	0
RefSeq_Paenibacillus	K02000	WP_119851228.1	100.0	6.7e-29	0
RefSeq_Paenibacillus	K02000	WP_119849372.1	99.9	7.4e-29	0
RefSeq_Paenibacillus	K02000	WP_119848480.1	99.8	8.1e-29	0
RefSeq_Paenibacillus	K02000	WP_119849601.1	99.2	1.2e-28	0
RefSeq_Paenibacillus	K02000	WP_119850475.1	99.1	1.3e-28	0
RefSeq_Paenibacillus	K02000	WP_119846533.1	98.4	2.1e-28	0
RefSeq_Paenibacillus	K02000	WP_432206787.1	96.9	6e-28	0
RefSeq_Paenibacillus	K02000	WP_119849600.1	95.0	2.2e-27	0
RefSeq_Paenibacillus	K02000	WP_119847538.1	93.8	5.2e-27	0
RefSeq_Paenibacillus	K02000	WP_119848844.1	93.5	6.2e-27	0
RefSeq_Paenibacillus	K02000	WP_119850802.1	92.9	9.7e-27	0
RefSeq_Paenibacillus	K02000	WP_119849082.1	92.4	1.3e-26	0
RefSeq_Paenibacillus	K02000	WP_119847874.1	91.8	2.1e-26	0
RefSeq_Paenibacillus	K02000	WP_119849265.1	91.5	2.7e-26	0
RefSeq_Paenibacillus	K02000	WP_119850846.1	90.5	5.2e-26	0
RefSeq_Paenibacillus	K02000	WP_119847537.1	90.4	5.6e-26	0
RefSeq_Paenibacillus	K02000	WP_119846471.1	89.2	1.3e-25	0
RefSeq_Paenibacillus	K02000	WP_119850547.1	89.0	1.5e-25	0
RefSeq_Paenibacillus	K02000	WP_009589665.1	87.1	5.7e-25	0
RefSeq_Paenibacillus	K02000	WP_119849596.1	86.4	9.2e-25	0
RefSeq_Paenibacillus	K02000	WP_090913631.1	85.8	1.3e-24	0
RefSeq_Paenibacillus	K02000	WP_119849400.1	83.5	6.7e-24	0
RefSeq_Paenibacillus	K02000	WP_119851138.1	82.2	1.7e-23	0
RefSeq_Paenibacillus	K02000	WP_119848946.1	82.1	1.8e-23	0
RefSeq_Paenibacillus	K02000	WP_119848768.1	81.6	2.6e-23	0
RefSeq_Paenibacillus	K02000	WP_119848006.1	80.3	6.6e-23	0
RefSeq_Paenibacillus	K02000	WP_119850025.1	79.5	1.1e-22	0
RefSeq_Paenibacillus	K02000	WP_119851001.1	79.4	1.2e-22	0
RefSeq_Paenibacillus	K02000	WP_119846236.1	77.4	5e-22	0
RefSeq_Paenibacillus	K02000	WP_119846550.1	77.1	5.8e-22	0
RefSeq_Paenibacillus	K02000	WP_432206775.1	76.5	9.3e-22	0
RefSeq_Paenibacillus	K02000	WP_119848005.1	75.3	2.1e-21	0
RefSeq_Paenibacillus	K02000	WP_119847107.1	75.1	2.3e-21	0
RefSeq_Paenibacillus	K02000	WP_036659509.1	75.0	2.5e-21	0
RefSeq_Paenibacillus	K02000	WP_162939078.1	74.1	4.7e-21	0
RefSeq_Paenibacillus	K02000	WP_119846998.1	72.4	1.6e-20	0
RefSeq_Paenibacillus	K02000	WP_119850151.1	71.5	2.9e-20	0
RefSeq_Paenibacillus	K02000	WP_119847875.1	69.4	1.3e-19	0
RefSeq_Paenibacillus	K02000	WP_119850107.1	68.2	3e-19	0
RefSeq_Paenibacillus	K02000	WP_119851000.1	67.3	5.6e-19	0
RefSeq_Paenibacillus	K02000	WP_119847749.1	66.9	7.5e-19	0
RefSeq_Paenibacillus	K02000	WP_119848857.1	66.9	7.5e-19	0
RefSeq_Paenibacillus	K02000	WP_119850150.1	63.3	9e-18	0
RefSeq_Paenibacillus	K02000	WP_119846377.1	53.1	1.1e-14	0
RefSeq_Paenibacillus	K02000	WP_119846357.1	50.4	7.3e-14	0
RefSeq_Paenibacillus	K02000	WP_432206772.1	48.2	3.2e-13	0
RefSeq_Paenibacillus	K02000	WP_119850195.1	47.8	4.5e-13	0
RefSeq_Paenibacillus	K02000	WP_119849401.1	46.4	1.2e-12	0
RefSeq_Paenibacillus	K02000	WP_119847534.1	44.8	3.5e-12	0
RefSeq_Paenibacillus	K02000	WP_119850146.1	44.8	3.6e-12	0
RefSeq_Paenibacillus	K02000	WP_119849563.1	43.4	9.5e-12	0
RefSeq_Paenibacillus	K02000	WP_119847045.1	41.6	3.3e-11	0
RefSeq_Paenibacillus	K02000	WP_119848346.1	41.4	3.9e-11	0
RefSeq_Paenibacillus	K02000	WP_119847997.1	40.4	7.6e-11	0
RefSeq_Paenibacillus	K02000	WP_244235478.1	39.0	2.1e-10	0
RefSeq_Paenibacillus	K02000	WP_119848570.1	36.9	8.9e-10	0
RefSeq_Paenibacillus	K02000	WP_015737018.1	35.5	2.4e-09	0
RefSeq_Paenibacillus	K02000	WP_119847985.1	34.4	5e-09	0
RefSeq_Paenibacillus	K02000	WP_119846975.1	32.9	1.4e-08	0
RefSeq_Paenibacillus	K02000	WP_009591456.1	30.7	6.5e-08	0
RefSeq_Paenibacillus	K02000	WP_119846791.1	28.6	2.9e-07	0
RefSeq_Paenibacillus	K02000	WP_119846204.1	25.7	2.1e-06	0
RefSeq_Paenibacillus	K02000	WP_119846806.1	25.0	3.4e-06	0
RefSeq_Paenibacillus	K02000	WP_119851006.1	21.6	3.9e-05	0
RefSeq_Paenibacillus	K02000	WP_012818338.1	20.7	7.1e-05	0
RefSeq_Paenibacillus	K02000	WP_119850087.1	19.7	0.00015	0
RefSeq_Paenibacillus	K02000	WP_009595798.1	19.1	0.00022	0
RefSeq_Paenibacillus	K02000	WP_119850086.1	18.5	0.00033	0
RefSeq_Paenibacillus	K02000	WP_119848798.1	15.8	0.0021	0
RefSeq_Paenibacillus	K02000	WP_119850771.1	11.1	0.056	0
RefSeq_Paenibacillus	K02001	WP_119846572.1	490.9	2.8e-147	1
RefSeq_Paenibacillus	K02001	WP_119846571.1	238.2	7.5e-71	0
RefSeq_Paenibacillus	K02001	WP_119847174.1	131.3	1.6e-38	0
RefSeq_Paenibacillus	K02001	WP_009589947.1	120.6	2.8e-35	0
RefSeq_Paenibacillus	K02001	WP_009592866.1	72.0	1.4e-20	0
RefSeq_Paenibacillus	K02001	WP_119847727.1	46.9	5.2e-13	0
RefSeq_Paenibacillus	K02001	WP_119847726.1	41.9	1.7e-11	0
RefSeq_Paenibacillus	K02001	WP_119850203.1	41.4	2.4e-11	0
RefSeq_Paenibacillus	K02001	WP_119849592.1	36.0	1e-09	0
RefSeq_Paenibacillus	K02001	WP_119846886.1	35.0	2.1e-09	0
RefSeq_Paenibacillus	K02001	WP_119848430.1	34.1	3.8e-09	0
RefSeq_Paenibacillus	K02001	WP_119846741.1	30.4	5.2e-08	0
RefSeq_Paenibacillus	K02001	WP_009592251.1	29.8	7.6e-08	0
RefSeq_Paenibacillus	K02001	WP_119850050.1	29.6	8.8e-08	0
RefSeq_Paenibacillus	K02001	WP_119847655.1	28.7	1.7e-07	0
RefSeq_Paenibacillus	K02001	WP_244235401.1	26.2	9.7e-07	0
RefSeq_Paenibacillus	K02001	WP_119846826.1	24.5	3.2e-06	0
RefSeq_Paenibacillus	K02001	WP_119850049.1	21.4	2.7e-05	0
RefSeq_Paenibacillus	K02001	WP_244235561.1	20.9	4e-05	0
RefSeq_Paenibacillus	K02001	WP_009595092.1	20.0	7e-05	0
RefSeq_Paenibacillus	K02001	WP_119850398.1	19.9	7.5e-05	0
RefSeq_Paenibacillus	K02001	WP_119848216.1	19.6	9.6e-05	0
RefSeq_Paenibacillus	K02001	WP_119849364.1	19.6	9.8e-05	0
RefSeq_Paenibacillus	K02001	WP_012818642.1	19.4	0.00011	0
RefSeq_Paenibacillus	K02001	WP_119848579.1	19.3	0.00011	0
RefSeq_Paenibacillus	K02001	WP_119849705.1	19.2	0.00013	0
RefSeq_Paenibacillus	K02001	WP_009589944.1	19.0	0.00015	0
RefSeq_Paenibacillus	K02001	WP_119848836.1	18.9	0.00015	0
RefSeq_Paenibacillus	K02001	WP_244235580.1	18.1	0.00027	0
RefSeq_Paenibacillus	K02001	WP_119850237.1	18.0	0.00028	0
RefSeq_Paenibacillus	K02001	WP_009595691.1	18.0	0.0003	0
RefSeq_Paenibacillus	K02001	WP_119849510.1	17.6	0.00039	0
RefSeq_Paenibacillus	K02001	WP_119850540.1	17.6	0.00039	0
RefSeq_Paenibacillus	K02001	WP_009593034.1	17.3	0.00047	0
RefSeq_Paenibacillus	K02001	WP_119848167.1	17.1	0.00054	0
RefSeq_Paenibacillus	K02001	WP_096774977.1	16.9	0.00063	0
RefSeq_Paenibacillus	K02001	WP_009592284.1	16.8	0.00065	0
RefSeq_Paenibacillus	K02001	WP_119846344.1	16.7	0.00073	0
RefSeq_Paenibacillus	K02001	WP_036666213.1	16.3	0.00095	0
RefSeq_Paenibacillus	K02001	WP_119847159.1	16.2	0.001	0
RefSeq_Paenibacillus	K02001	WP_119848806.1	16.0	0.0011	0
RefSeq_Paenibacillus	K02001	WP_119849688.1	15.7	0.0015	0
RefSeq_Paenibacillus	K02001	WP_009593648.1	15.6	0.0015	0
RefSeq_Paenibacillus	K02001	WP_119850274.1	15.5	0.0017	0
RefSeq_Paenibacillus	K02001	WP_119847297.1	15.4	0.0017	0
RefSeq_Paenibacillus	K02001	WP_009593684.1	15.4	0.0017	0
RefSeq_Paenibacillus	K02001	WP_096775761.1	15.4	0.0018	0
RefSeq_Paenibacillus	K02001	WP_119846987.1	15.4	0.0018	0
RefSeq_Paenibacillus	K02001	WP_090909320.1	15.3	0.0019	0
RefSeq_Paenibacillus	K02001	WP_119848544.1	15.2	0.002	0
RefSeq_Paenibacillus	K02001	WP_208652607.1	15.0	0.0023	0
RefSeq_Paenibacillus	K02001	WP_009590746.1	14.9	0.0025	0
RefSeq_Paenibacillus	K02001	WP_119847951.1	14.9	0.0026	0
RefSeq_Paenibacillus	K02001	WP_432206788.1	14.8	0.0026	0
RefSeq_Paenibacillus	K02001	WP_119846292.1	14.7	0.0029	0
RefSeq_Paenibacillus	K02001	WP_119849090.1	14.5	0.0032	0
RefSeq_Paenibacillus	K02001	WP_119850028.1	14.5	0.0033	0
RefSeq_Paenibacillus	K02001	WP_119846293.1	14.2	0.004	0
RefSeq_Paenibacillus	K02001	WP_096776254.1	13.6	0.0061	0
RefSeq_Paenibacillus	K02001	WP_119851114.1	13.3	0.0079	0
RefSeq_Paenibacillus	K02001	WP_119848823.1	13.1	0.0085	0
RefSeq_Paenibacillus	K02001	WP_090907824.1	13.1	0.0086	0
RefSeq_Paenibacillus	K02001	WP_009595489.1	13.1	0.0087	0
RefSeq_Paenibacillus	K02001	WP_119849357.1	13.1	0.0087	0
RefSeq_Paenibacillus	K02001	WP_162939241.1	13.1	0.0088	0
RefSeq_Paenibacillus	K02001	WP_119849977.1	13.0	0.0091	0
RefSeq_Paenibacillus	K02001	WP_119848248.1	13.0	0.0095	0
RefSeq_Paenibacillus	K02001	WP_119850360.1	13.0	0.0095	0
RefSeq_Paenibacillus	K02001	WP_119847023.1	12.9	0.0098	0
RefSeq_Paenibacillus	K02001	WP_113059096.1	12.9	0.01	0
RefSeq_Paenibacillus	K02001	WP_119849775.1	12.8	0.011	0
RefSeq_Paenibacillus	K02001	WP_009589786.1	12.7	0.011	0
RefSeq_Paenibacillus	K02001	WP_113059258.1	12.7	0.011	0
RefSeq_Paenibacillus	K02001	WP_119851448.1	12.6	0.012	0
RefSeq_Paenibacillus	K02001	WP_119850090.1	12.6	0.013	0
RefSeq_Paenibacillus	K02001	WP_119847061.1	12.6	0.013	0
RefSeq_Paenibacillus	K02001	WP_119847528.1	12.6	0.013	0
RefSeq_Paenibacillus	K02001	WP_119847941.1	12.4	0.014	0
RefSeq_Paenibacillus	K02001	WP_119846619.1	12.4	0.014	0
RefSeq_Paenibacillus	K02001	WP_009595751.1	12.2	0.016	0
RefSeq_Paenibacillus	K02001	WP_119848220.1	12.2	0.016	0
RefSeq_Paenibacillus	K02001	WP_119848496.1	12.1	0.018	0
RefSeq_Paenibacillus	K02001	WP_119850251.1	12.0	0.019	0
RefSeq_Paenibacillus	K02001	WP_015734982.1	11.9	0.02	0
RefSeq_Paenibacillus	K02001	WP_119849982.1	11.9	0.02	0
RefSeq_Paenibacillus	K02001	WP_083397595.1	11.8	0.021	0
RefSeq_Paenibacillus	K02001	WP_119847438.1	11.8	0.021	0
RefSeq_Paenibacillus	K02001	WP_119850529.1	11.8	0.022	0
RefSeq_Paenibacillus	K02001	WP_119848596.1	11.8	0.022	0
RefSeq_Paenibacillus	K02001	WP_015736860.1	11.7	0.023	0
RefSeq_Paenibacillus	K02001	WP_119848431.1	11.6	0.025	0
RefSeq_Paenibacillus	K02001	WP_119848239.1	11.5	0.026	0
RefSeq_Paenibacillus	K02001	WP_119848355.1	11.5	0.026	0
RefSeq_Paenibacillus	K02001	WP_119847970.1	11.4	0.028	0
RefSeq_Paenibacillus	K02001	WP_119850301.1	11.4	0.029	0
RefSeq_Paenibacillus	K02001	WP_119850236.1	11.3	0.03	0
RefSeq_Paenibacillus	K02001	WP_119849677.1	11.1	0.035	0
RefSeq_Paenibacillus	K02001	WP_119849365.1	11.1	0.035	0
RefSeq_Paenibacillus	K02001	WP_119848392.1	11.1	0.036	0
RefSeq_Paenibacillus	K02001	WP_009591771.1	10.9	0.042	0
RefSeq_Paenibacillus	K02001	WP_009591023.1	10.9	0.042	0
RefSeq_Paenibacillus	K02001	WP_009589991.1	10.8	0.042	0
RefSeq_Paenibacillus	K02001	WP_119847736.1	10.8	0.043	0
RefSeq_Paenibacillus	K02001	WP_015735775.1	10.8	0.045	0
RefSeq_Paenibacillus	K02001	WP_420030521.1	10.6	0.049	0
RefSeq_Paenibacillus	K02001	WP_119850252.1	10.6	0.051	0
RefSeq_Paenibacillus	K02001	WP_119848511.1	10.5	0.054	0
RefSeq_Paenibacillus	K02001	WP_119851238.1	10.4	0.058	0
RefSeq_Paenibacillus	K02001	WP_036660892.1	10.3	0.059	0
RefSeq_Paenibacillus	K02001	WP_119850302.1	10.3	0.061	0
RefSeq_Paenibacillus	K02001	WP_244235503.1	10.2	0.065	0
RefSeq_Paenibacillus	K02001	WP_009592355.1	10.1	0.069	0
RefSeq_Paenibacillus	K02001	WP_119848276.1	10.1	0.069	0
RefSeq_Paenibacillus	K02001	WP_119848151.1	10.1	0.072	0
RefSeq_Paenibacillus	K02001	WP_119850207.1	9.9	0.08	0
RefSeq_Paenibacillus	K02001	WP_009594642.1	9.9	0.082	0
RefSeq_Paenibacillus	K02001	WP_119850598.1	9.7	0.096	0
RefSeq_Paenibacillus	K02001	WP_119850735.1	9.5	0.11	0
RefSeq_Paenibacillus	K02001	WP_119848088.1	8.9	0.16	0
RefSeq_Paenibacillus	K02001	WP_119849642.1	8.9	0.16	0
RefSeq_Paenibacillus	K02001	WP_119850091.1	8.9	0.17	0
RefSeq_Paenibacillus	K02001	WP_119848890.1	8.5	0.22	0
RefSeq_Paenibacillus	K02001	WP_119848150.1	8.3	0.25	0
RefSeq_Paenibacillus	K02001	WP_119850780.1	8.0	0.3	0
RefSeq_Paenibacillus	K02001	WP_119848221.1	7.7	0.37	0
RefSeq_Paenibacillus	K02001	WP_244235512.1	7.7	0.38	0
RefSeq_Paenibacillus	K02001	WP_119846816.1	7.4	0.46	0
RefSeq_Paenibacillus	K02001	WP_119850588.1	7.0	0.63	0
RefSeq_Paenibacillus	K02001	WP_096776255.1	6.9	0.65	0
RefSeq_Paenibacillus	K02001	WP_228468856.1	6.8	0.7	0
RefSeq_Paenibacillus	K02001	WP_119848382.1	4.7	3.0	0
RefSeq_Paenibacillus	K02001	WP_119849658.1	4.4	3.6	0
RefSeq_Paenibacillus	K02001	WP_119849678.1	4.0	5.0	0
RefSeq_Paenibacillus	K02001	WP_119850397.1	3.2	8.6	0
RefSeq_Paenibacillus	K02002	WP_119846571.1	365.8	1.3e-109	1
RefSeq_Paenibacillus	K02002	WP_119846572.1	256.1	2.2e-76	1
RefSeq_Paenibacillus	K02002	WP_119847175.1	38.7	1.5e-10	0
RefSeq_Paenibacillus	K02002	WP_119847174.1	34.4	3e-09	0
RefSeq_Paenibacillus	K02002	WP_009589947.1	29.9	7.2e-08	0
RefSeq_Paenibacillus	K02002	WP_119847727.1	23.5	6.1e-06	0
RefSeq_Paenibacillus	K02002	WP_119849591.1	20.4	5.3e-05	0
RefSeq_Paenibacillus	K02002	WP_009592866.1	19.0	0.00014	0
RefSeq_Paenibacillus	K02002	WP_119847289.1	17.9	0.00031	0
RefSeq_Paenibacillus	K02002	WP_009593648.1	15.0	0.0023	0
RefSeq_Paenibacillus	K02002	WP_119848269.1	15.0	0.0023	0
RefSeq_Paenibacillus	K02002	WP_119848836.1	14.0	0.0048	0
RefSeq_Paenibacillus	K02002	WP_119850540.1	13.0	0.0094	0
RefSeq_Paenibacillus	K02002	WP_119847396.1	11.5	0.027	0
RefSeq_Paenibacillus	K02002	WP_119846741.1	10.7	0.046	0
RefSeq_Paenibacillus	K02002	WP_119850203.1	9.1	0.15	0
RefSeq_Paenibacillus	K02002	WP_119850588.1	6.3	0.97	0
RefSeq_Paenibacillus	K02002	WP_119848608.1	5.0	2.5	0
RefSeq_Paenibacillus	K02779	WP_119850056.1	672.8	2e-202	0
RefSeq_Paenibacillus	K02779	WP_119849411.1	667.8	6.8e-201	0
RefSeq_Paenibacillus	K02779	WP_119847568.1	553.9	2e-166	0
RefSeq_Paenibacillus	K02779	WP_119849213.1	423.8	4.6e-127	0
RefSeq_Paenibacillus	K02779	WP_119847704.1	43.3	6.1e-12	0
RefSeq_Paenibacillus	K02779	WP_119848604.1	31.6	2.2e-08	0
RefSeq_Paenibacillus	K02779	WP_119848545.1	13.1	0.0085	0
RefSeq_Paenibacillus	K02779	WP_208652634.1	10.6	0.048	0
RefSeq_Paenibacillus	K02779	WP_119848440.1	8.9	0.16	0
RefSeq_Paenibacillus	K02779	WP_119851474.1	8.2	0.24	0
RefSeq_Paenibacillus	K02779	WP_119850118.1	6.8	0.65	0
RefSeq_Paenibacillus	K02779	WP_009589445.1	3.4	7.0	0
RefSeq_Paenibacillus	K02779	WP_015737448.1	3.4	7.0	0
RefSeq_Paenibacillus	K02779	WP_119846107.1	3.2	7.9	0
RefSeq_Paenibacillus	K01226	WP_119848605.1	860.8	1.7e-259	1
RefSeq_Paenibacillus	K01226	WP_119850145.1	702.9	1.2e-211	0
RefSeq_Paenibacillus	K01226	WP_119850223.1	598.9	3.8e-180	0
RefSeq_Paenibacillus	K01226	WP_119850196.1	354.3	4.9e-106	0
RefSeq_Paenibacillus	K01226	WP_119850181.1	170.0	3.4e-50	0
RefSeq_Paenibacillus	K01226	WP_119848837.1	160.8	2e-47	0
RefSeq_Paenibacillus	K01226	WP_119850408.1	113.0	6.3e-33	0
RefSeq_Paenibacillus	K01226	WP_119849935.1	91.6	1.9e-26	0
RefSeq_Paenibacillus	K01226	WP_432206785.1	52.1	1.7e-14	0
RefSeq_Paenibacillus	K01226	WP_119850971.1	51.7	2.2e-14	0
RefSeq_Paenibacillus	K01226	WP_119848839.1	39.9	8.7e-11	0
RefSeq_Paenibacillus	K01226	WP_119847593.1	29.3	1.4e-07	0
RefSeq_Paenibacillus	K03486	WP_009592969.1	332.3	6e-100	1
RefSeq_Paenibacillus	K03486	WP_119846242.1	87.8	3e-25	0
RefSeq_Paenibacillus	K03486	WP_119846907.1	71.6	2.6e-20	0
RefSeq_Paenibacillus	K03486	WP_119850913.1	70.3	6.7e-20	0
RefSeq_Paenibacillus	K03486	WP_119850391.1	68.7	1.9e-19	0
RefSeq_Paenibacillus	K03486	WP_119846897.1	66.4	1e-18	0
RefSeq_Paenibacillus	K03486	WP_119848594.1	62.5	1.6e-17	0
RefSeq_Paenibacillus	K03486	WP_119848297.1	61.4	3.4e-17	0
RefSeq_Paenibacillus	K03486	WP_119847961.1	60.8	5.1e-17	0
RefSeq_Paenibacillus	K03486	WP_119848380.1	60.4	6.8e-17	0
RefSeq_Paenibacillus	K03486	WP_119847944.1	59.3	1.5e-16	0
RefSeq_Paenibacillus	K03486	WP_119848093.1	58.6	2.4e-16	0
RefSeq_Paenibacillus	K03486	WP_119847962.1	57.9	3.9e-16	0
RefSeq_Paenibacillus	K03486	WP_119851128.1	57.4	5.7e-16	0
RefSeq_Paenibacillus	K03486	WP_119847362.1	54.8	3.5e-15	0
RefSeq_Paenibacillus	K03486	WP_208652640.1	53.8	7.2e-15	0
RefSeq_Paenibacillus	K03486	WP_119849168.1	49.4	1.6e-13	0
RefSeq_Paenibacillus	K03486	WP_119848207.1	48.8	2.5e-13	0
RefSeq_Paenibacillus	K03486	WP_119846971.1	46.4	1.3e-12	0
RefSeq_Paenibacillus	K03486	WP_119848028.1	46.2	1.5e-12	0
RefSeq_Paenibacillus	K03486	WP_119849562.1	45.0	3.4e-12	0
RefSeq_Paenibacillus	K03486	WP_119846475.1	44.2	6e-12	0
RefSeq_Paenibacillus	K03486	WP_119847074.1	43.4	1.1e-11	0
RefSeq_Paenibacillus	K03486	WP_119850108.1	42.9	1.5e-11	0
RefSeq_Paenibacillus	K03486	WP_119848771.1	41.8	3.4e-11	0
RefSeq_Paenibacillus	K03486	WP_119848707.1	41.6	3.9e-11	0
RefSeq_Paenibacillus	K03486	WP_119846882.1	41.5	4e-11	0
RefSeq_Paenibacillus	K03486	WP_009594678.1	41.3	4.7e-11	0
RefSeq_Paenibacillus	K03486	WP_119850720.1	35.9	2.1e-09	0
RefSeq_Paenibacillus	K03486	WP_009591066.1	35.7	2.4e-09	0
RefSeq_Paenibacillus	K03486	WP_119848504.1	35.4	2.9e-09	0
RefSeq_Paenibacillus	K03486	WP_119847926.1	35.4	3e-09	0
RefSeq_Paenibacillus	K03486	WP_119849121.1	34.8	4.6e-09	0
RefSeq_Paenibacillus	K03486	WP_119850902.1	34.2	7e-09	0
RefSeq_Paenibacillus	K03486	WP_119847889.1	31.8	3.9e-08	0
RefSeq_Paenibacillus	K03486	WP_119847033.1	31.6	4.4e-08	0
RefSeq_Paenibacillus	K03486	WP_119848044.1	26.5	1.5e-06	0
RefSeq_Paenibacillus	K03486	WP_119849620.1	26.1	2.1e-06	0
RefSeq_Paenibacillus	K03486	WP_119850935.1	25.2	3.9e-06	0
RefSeq_Paenibacillus	K03486	WP_244235448.1	21.3	6.2e-05	0
RefSeq_Paenibacillus	K03486	WP_119850505.1	20.1	0.00014	0
RefSeq_Paenibacillus	K03486	WP_119851154.1	17.6	0.00082	0
RefSeq_Paenibacillus	K03486	WP_119849407.1	17.3	0.001	0
RefSeq_Paenibacillus	K03486	WP_119850917.1	16.1	0.0023	0
RefSeq_Paenibacillus	K03486	WP_119846723.1	15.0	0.0052	0
RefSeq_Paenibacillus	K03486	WP_119847948.1	14.9	0.0055	0
RefSeq_Rubrobacter	K00697	WP_038680158.1	486.0	2.6e-146	0
RefSeq_Rubrobacter	K00697	WP_038682960.1	10.6	0.023	0
RefSeq_Rubrobacter	K01087	WP_041339098.1	305.0	1.3e-91	1
RefSeq_Rubrobacter	K01087	WP_038680161.1	176.3	1.7e-52	1
RefSeq_Rubrobacter	K01087	WP_084264175.1	18.3	0.00015	0
RefSeq_Rubrobacter	K01087	WP_038680518.1	12.3	0.01	0
RefSeq_Rubrobacter	K05343	WP_198024522.1	1351.0	0.0	1
RefSeq_Rubrobacter	K05343	WP_038684702.1	449.9	3.3e-135	0
RefSeq_Rubrobacter	K05343	WP_038680079.1	430.2	3e-129	0
RefSeq_Rubrobacter	K05343	WP_198024567.1	280.6	4.6e-84	0
RefSeq_Rubrobacter	K05343	WP_038680074.1	76.9	1.6e-22	0
RefSeq_Rubrobacter	K05343	WP_038680072.1	56.8	1.9e-16	0
RefSeq_Rubrobacter	K05343	WP_232226575.1	45.7	4.5e-13	0
RefSeq_Rubrobacter	K05343	WP_038680075.1	42.9	3e-12	0
RefSeq_Rubrobacter	K05343	WP_038680071.1	34.8	8.7e-10	0
RefSeq_Rubrobacter	K06044	WP_038680075.1	1253.1	0.0	1
RefSeq_Rubrobacter	K06044	WP_038679942.1	183.3	1.1e-54	0
RefSeq_Rubrobacter	K06044	WP_038680079.1	74.6	6.8e-22	0
RefSeq_Rubrobacter	K06044	WP_038684702.1	63.0	2.2e-18	0
RefSeq_Rubrobacter	K06044	WP_198024567.1	57.6	9.6e-17	0
RefSeq_Rubrobacter	K06044	WP_038680074.1	46.5	2.2e-13	0
RefSeq_Rubrobacter	K06044	WP_198024522.1	33.2	2.2e-09	0
RefSeq_Rubrobacter	K06044	WP_038680071.1	30.3	1.6e-08	0
RefSeq_Rubrobacter	K06044	WP_232226575.1	14.1	0.0013	0
RefSeq_Rubrobacter	K06044	WP_038680072.1	10.6	0.014	0
RefSeq_Rubrobacter	K01236	WP_038680074.1	797.6	2.2e-240	1
RefSeq_Rubrobacter	K01236	WP_038680071.1	219.8	1.2e-65	0
RefSeq_Rubrobacter	K01236	WP_038680072.1	172.4	2.4e-51	0
RefSeq_Rubrobacter	K01236	WP_198024522.1	135.5	3.6e-40	0
RefSeq_Rubrobacter	K01236	WP_038680079.1	133.5	1.4e-39	0
RefSeq_Rubrobacter	K01236	WP_038684702.1	104.2	1e-30	0
RefSeq_Rubrobacter	K01236	WP_198024567.1	61.6	8.1e-18	0
RefSeq_Rubrobacter	K01236	WP_038680075.1	46.7	2.6e-13	0
RefSeq_Rubrobacter	K01236	WP_232226575.1	40.3	2.1e-11	0
RefSeq_Rubrobacter	K13057	WP_038680813.1	76.2	3.1e-22	0
RefSeq_Rubrobacter	K13057	WP_051589232.1	60.5	1.8e-17	0
RefSeq_Rubrobacter	K13057	WP_038682960.1	60.5	1.8e-17	0
RefSeq_Rubrobacter	K13057	WP_038683316.1	48.1	1e-13	0
RefSeq_Rubrobacter	K13057	WP_051589859.1	43.0	3.7e-12	0
RefSeq_Rubrobacter	K13057	WP_084263915.1	39.2	5.3e-11	0
RefSeq_Rubrobacter	K13057	WP_038682013.1	36.4	3.5e-10	0
RefSeq_Rubrobacter	K13057	WP_038681464.1	31.4	1.2e-08	0
RefSeq_Rubrobacter	K13057	WP_051589611.1	24.7	1.3e-06	0
RefSeq_Rubrobacter	K13057	WP_051589434.1	19.9	3.8e-05	0
RefSeq_Rubrobacter	K13057	WP_038682011.1	19.8	3.9e-05	0
RefSeq_Rubrobacter	K13057	WP_038681013.1	16.7	0.00036	0
RefSeq_Rubrobacter	K13057	WP_038681571.1	10.9	0.019	0
RefSeq_Rubrobacter	K13057	WP_038681078.1	10.2	0.033	0
RefSeq_Rubrobacter	K00108	WP_038680764.1	59.5	2.6e-17	0
RefSeq_Rubrobacter	K00108	WP_038683202.1	40.0	2.2e-11	0
RefSeq_Rubrobacter	K00108	WP_041338493.1	14.2	0.0014	0
RefSeq_Rubrobacter	K00108	WP_038682922.1	11.4	0.0098	0
RefSeq_Rubrobacter	K00108	WP_084263899.1	10.8	0.015	0
RefSeq_Rubrobacter	K00108	WP_038680652.1	10.5	0.019	0
RefSeq_Rubrobacter	K00108	WP_041339092.1	10.1	0.025	0
RefSeq_Rubrobacter	K00108	WP_038680326.1	9.6	0.033	0
RefSeq_Rubrobacter	K00108	WP_084263988.1	9.5	0.038	0
RefSeq_Rubrobacter	K00130	WP_041338975.1	673.0	5.8e-203	0
RefSeq_Rubrobacter	K00130	WP_038680252.1	672.2	9.8e-203	0
RefSeq_Rubrobacter	K00130	WP_232226553.1	644.4	2.5e-194	0
RefSeq_Rubrobacter	K00130	WP_038682531.1	641.5	2e-193	0
RefSeq_Rubrobacter	K00130	WP_038683380.1	609.9	7.4e-184	0
RefSeq_Rubrobacter	K00130	WP_041339211.1	576.0	1.3e-173	0
RefSeq_Rubrobacter	K00130	WP_038681949.1	562.8	1.3e-169	0
RefSeq_Rubrobacter	K00130	WP_038681920.1	551.6	3.2e-166	0
RefSeq_Rubrobacter	K00130	WP_038682933.1	485.4	3.7e-146	0
RefSeq_Rubrobacter	K00130	WP_038680661.1	479.8	1.8e-144	0
RefSeq_Rubrobacter	K00130	WP_038683353.1	461.9	4.7e-139	0
RefSeq_Rubrobacter	K00130	WP_038680232.1	424.7	8.8e-128	0
RefSeq_Rubrobacter	K00130	WP_041339101.1	413.5	2.2e-124	0
RefSeq_Rubrobacter	K00130	WP_041338557.1	412.8	3.5e-124	0
RefSeq_Rubrobacter	K00130	WP_051589213.1	376.5	3.4e-113	0
RefSeq_Rubrobacter	K00130	WP_038681080.1	3.1	4.1	0
RefSeq_Rubrobacter	K00499	WP_038683340.1	12.2	0.0094	0
RefSeq_Rubrobacter	K00499	WP_143534105.1	10.9	0.023	0
RefSeq_Rubrobacter	K00499	WP_051589203.1	9.9	0.046	0
RefSeq_Rubrobacter	K17755	WP_038680764.1	46.6	3.5e-13	0
RefSeq_Rubrobacter	K17755	WP_038683202.1	33.0	4.8e-09	0
RefSeq_Rubrobacter	K17755	WP_084263899.1	14.1	0.0025	0
RefSeq_Rubrobacter	K17755	WP_084264168.1	13.0	0.0056	0
RefSeq_Rubrobacter	K17755	WP_084263988.1	11.8	0.013	0
RefSeq_Rubrobacter	K17755	WP_038682922.1	11.4	0.016	0
RefSeq_Rubrobacter	K17755	WP_038680326.1	11.2	0.02	0
RefSeq_Rubrobacter	K17755	WP_038682466.1	10.1	0.04	0
RefSeq_Rubrobacter	K17756	WP_038680764.1	127.5	9.4e-38	0
RefSeq_Rubrobacter	K17756	WP_038683202.1	102.2	4.2e-30	0
RefSeq_Rubrobacter	K17756	WP_041338493.1	23.6	2.5e-06	0
RefSeq_Rubrobacter	K17756	WP_041339092.1	19.2	5.2e-05	0
RefSeq_Rubrobacter	K17756	WP_038682440.1	19.1	5.8e-05	0
RefSeq_Rubrobacter	K17756	WP_038681453.1	13.8	0.0023	0
RefSeq_Rubrobacter	K17756	WP_038681303.1	11.6	0.01	0
RefSeq_Rubrobacter	K17756	WP_038680260.1	10.0	0.032	0
RefSeq_Rubrobacter	K17756	WP_051589153.1	9.8	0.036	0
RefSeq_Rubrobacter	K17756	WP_038683140.1	9.2	0.056	0
RefSeq_Rubrobacter	K17756	WP_143533795.1	7.0	0.27	0
RefSeq_Rubrobacter	K17756	WP_038682466.1	3.0	4.3	0
RefSeq_Rubrobacter	K06718	WP_051589730.1	38.0	1.9e-10	0
RefSeq_Rubrobacter	K06718	WP_038685182.1	32.7	7.9e-09	0
RefSeq_Rubrobacter	K06718	WP_038681239.1	21.6	1.9e-05	0
RefSeq_Rubrobacter	K06718	WP_038682820.1	21.5	2.1e-05	0
RefSeq_Rubrobacter	K06718	WP_051589311.1	18.5	0.00017	0
RefSeq_Rubrobacter	K06718	WP_159449928.1	14.5	0.0029	0
RefSeq_Rubrobacter	K06718	WP_159449947.1	11.2	0.03	0
RefSeq_Rubrobacter	K06720	WP_038682666.1	15.7	0.0019	0
RefSeq_Rubrobacter	K06720	WP_038680264.1	13.7	0.008	0
RefSeq_Rubrobacter	K06720	WP_038683147.1	12.4	0.02	0
RefSeq_Rubrobacter	K06721	WP_038680937.1	11.4	0.025	0
RefSeq_Rubrobacter	K01858	WP_198024490.1	392.8	5.2e-118	1
RefSeq_Rubrobacter	K05845	WP_051589366.1	358.3	1.2e-107	1
RefSeq_Rubrobacter	K05845	WP_198024475.1	349.4	6.1e-105	1
RefSeq_Rubrobacter	K05845	WP_051589146.1	31.2	1.7e-08	0
RefSeq_Rubrobacter	K05845	WP_051589147.1	22.7	6.6e-06	0
RefSeq_Rubrobacter	K05845	WP_051589148.1	21.1	2.1e-05	0
RefSeq_Rubrobacter	K05845	WP_084263897.1	13.3	0.0046	0
RefSeq_Rubrobacter	K05845	WP_051589811.1	11.8	0.014	0
RefSeq_Rubrobacter	K05845	WP_038680966.1	11.1	0.021	0
RefSeq_Rubrobacter	K05845	WP_051589813.1	8.3	0.15	0
RefSeq_Rubrobacter	K05845	WP_232226616.1	7.5	0.28	0
RefSeq_Rubrobacter	K05845	WP_041339137.1	4.5	2.2	0
RefSeq_Rubrobacter	K05846	WP_232226603.1	264.1	3.5e-79	1
RefSeq_Rubrobacter	K05846	WP_198024476.1	247.0	5.5e-74	1
RefSeq_Rubrobacter	K05846	WP_038680966.1	243.2	7.9e-73	1
RefSeq_Rubrobacter	K05846	WP_038682535.1	223.2	9.1e-67	1
RefSeq_Rubrobacter	K05846	WP_038679881.1	144.2	8.5e-43	0
RefSeq_Rubrobacter	K05846	WP_232226615.1	77.0	2.2e-22	0
RefSeq_Rubrobacter	K05846	WP_084263971.1	66.9	2.5e-19	0
RefSeq_Rubrobacter	K05846	WP_051589626.1	36.7	3.8e-10	0
RefSeq_Rubrobacter	K05846	WP_038680754.1	30.3	3.3e-08	0
RefSeq_Rubrobacter	K05846	WP_051589679.1	28.5	1.2e-07	0
RefSeq_Rubrobacter	K05846	WP_084264178.1	26.8	3.8e-07	0
RefSeq_Rubrobacter	K05846	WP_051589814.1	19.2	8e-05	0
RefSeq_Rubrobacter	K05846	WP_051589393.1	16.9	0.00038	0
RefSeq_Rubrobacter	K05846	WP_198024473.1	16.1	0.00067	0
RefSeq_Rubrobacter	K05846	WP_084263863.1	13.9	0.0031	0
RefSeq_Rubrobacter	K05846	WP_051590042.1	10.8	0.027	0
RefSeq_Rubrobacter	K05846	WP_051589627.1	10.2	0.042	0
RefSeq_Rubrobacter	K05846	WP_038680834.1	7.3	0.32	0
RefSeq_Rubrobacter	K05846	WP_051589221.1	7.0	0.4	0
RefSeq_Rubrobacter	K05846	WP_038680832.1	6.4	0.59	0
RefSeq_Rubrobacter	K05846	WP_232226590.1	6.2	0.7	0
RefSeq_Rubrobacter	K05846	WP_051590011.1	2.4	9.7	0
RefSeq_Rubrobacter	K05847	WP_084263907.1	485.1	3.3e-146	1
RefSeq_Rubrobacter	K05847	WP_051589368.1	482.7	1.7e-145	1
RefSeq_Rubrobacter	K05847	WP_084264023.1	328.5	1.2e-98	0
RefSeq_Rubrobacter	K05847	WP_038684202.1	291.9	1.6e-87	0
RefSeq_Rubrobacter	K05847	WP_038682058.1	277.1	4.8e-83	0
RefSeq_Rubrobacter	K05847	WP_038685139.1	268.5	2e-80	0
RefSeq_Rubrobacter	K05847	WP_084263896.1	265.8	1.3e-79	0
RefSeq_Rubrobacter	K05847	WP_041338761.1	252.0	2.1e-75	0
RefSeq_Rubrobacter	K05847	WP_038681805.1	213.7	9.1e-64	0
RefSeq_Rubrobacter	K05847	WP_051589889.1	202.8	1.8e-60	0
RefSeq_Rubrobacter	K05847	WP_051589334.1	200.3	1.1e-59	0
RefSeq_Rubrobacter	K05847	WP_038680787.1	195.4	3.2e-58	0
RefSeq_Rubrobacter	K05847	WP_038681252.1	192.4	2.6e-57	0
RefSeq_Rubrobacter	K05847	WP_038685077.1	190.7	8.5e-57	0
RefSeq_Rubrobacter	K05847	WP_038684747.1	187.7	7.2e-56	0
RefSeq_Rubrobacter	K05847	WP_038683868.1	186.5	1.6e-55	0
RefSeq_Rubrobacter	K05847	WP_051589717.1	174.3	8.3e-52	0
RefSeq_Rubrobacter	K05847	WP_051589697.1	173.4	1.6e-51	0
RefSeq_Rubrobacter	K05847	WP_051589202.1	173.3	1.6e-51	0
RefSeq_Rubrobacter	K05847	WP_084264098.1	173.3	1.7e-51	0
RefSeq_Rubrobacter	K05847	WP_038680828.1	168.0	7e-50	0
RefSeq_Rubrobacter	K05847	WP_051589853.1	164.9	5.9e-49	0
RefSeq_Rubrobacter	K05847	WP_038684686.1	161.7	5.6e-48	0
RefSeq_Rubrobacter	K05847	WP_051589333.1	159.9	1.9e-47	0
RefSeq_Rubrobacter	K05847	WP_041338607.1	159.3	3.1e-47	0
RefSeq_Rubrobacter	K05847	WP_320073055.1	155.5	4.4e-46	0
RefSeq_Rubrobacter	K05847	WP_051590028.1	155.2	5.2e-46	0
RefSeq_Rubrobacter	K05847	WP_198024509.1	154.5	8.7e-46	0
RefSeq_Rubrobacter	K05847	WP_232226542.1	153.9	1.3e-45	0
RefSeq_Rubrobacter	K05847	WP_084264016.1	153.8	1.4e-45	0
RefSeq_Rubrobacter	K05847	WP_038682951.1	151.9	5.3e-45	0
RefSeq_Rubrobacter	K05847	WP_198024562.1	149.2	3.4e-44	0
RefSeq_Rubrobacter	K05847	WP_041338589.1	147.9	8.5e-44	0
RefSeq_Rubrobacter	K05847	WP_051589776.1	138.5	6.3e-41	0
RefSeq_Rubrobacter	K05847	WP_038683752.1	137.3	1.5e-40	0
RefSeq_Rubrobacter	K05847	WP_051589718.1	132.6	3.8e-39	0
RefSeq_Rubrobacter	K05847	WP_051590074.1	131.8	7e-39	0
RefSeq_Rubrobacter	K05847	WP_038682146.1	128.1	9e-38	0
RefSeq_Rubrobacter	K05847	WP_038683271.1	126.4	2.9e-37	0
RefSeq_Rubrobacter	K05847	WP_051590073.1	123.7	1.9e-36	0
RefSeq_Rubrobacter	K05847	WP_038683241.1	121.3	1e-35	0
RefSeq_Rubrobacter	K05847	WP_038683025.1	121.0	1.3e-35	0
RefSeq_Rubrobacter	K05847	WP_051589478.1	118.7	6.6e-35	0
RefSeq_Rubrobacter	K05847	WP_038682770.1	111.2	1.3e-32	0
RefSeq_Rubrobacter	K05847	WP_051589477.1	110.8	1.6e-32	0
RefSeq_Rubrobacter	K05847	WP_051589764.1	99.6	4.1e-29	0
RefSeq_Rubrobacter	K05847	WP_038681283.1	97.7	1.5e-28	0
RefSeq_Rubrobacter	K05847	WP_143533796.1	86.8	3.1e-25	0
RefSeq_Rubrobacter	K05847	WP_051589597.1	82.2	8.1e-24	0
RefSeq_Rubrobacter	K05847	WP_038683336.1	50.6	3.2e-14	0
RefSeq_Rubrobacter	K05847	WP_232226522.1	46.6	5.3e-13	0
RefSeq_Rubrobacter	K05847	WP_051589512.1	13.2	0.0072	0
RefSeq_Rubrobacter	K05847	WP_038681723.1	12.5	0.012	0
RefSeq_Rubrobacter	K03451	WP_051590058.1	636.1	8e-192	0
RefSeq_Rubrobacter	K03451	WP_038679928.1	591.2	3.1e-178	0
RefSeq_Rubrobacter	K03451	WP_038682579.1	540.3	8.2e-163	0
RefSeq_Rubrobacter	K02168	WP_038682579.1	863.9	1.4e-260	1
RefSeq_Rubrobacter	K02168	WP_051590058.1	761.9	1e-229	1
RefSeq_Rubrobacter	K02168	WP_038679928.1	679.4	9e-205	0
RefSeq_Rubrobacter	K02000	WP_084264023.1	575.1	5.1e-173	1
RefSeq_Rubrobacter	K02000	WP_084263907.1	344.3	3.8e-103	0
RefSeq_Rubrobacter	K02000	WP_051589368.1	318.1	3.3e-95	0
RefSeq_Rubrobacter	K02000	WP_038684202.1	261.6	4e-78	0
RefSeq_Rubrobacter	K02000	WP_084263896.1	242.4	2.6e-72	0
RefSeq_Rubrobacter	K02000	WP_038685139.1	237.7	7e-71	0
RefSeq_Rubrobacter	K02000	WP_038682058.1	231.5	5.3e-69	0
RefSeq_Rubrobacter	K02000	WP_038680787.1	197.8	8.2e-59	0
RefSeq_Rubrobacter	K02000	WP_051589334.1	197.0	1.4e-58	0
RefSeq_Rubrobacter	K02000	WP_038685077.1	188.2	6.5e-56	0
RefSeq_Rubrobacter	K02000	WP_038681805.1	183.4	1.8e-54	0
RefSeq_Rubrobacter	K02000	WP_051589889.1	178.3	6.8e-53	0
RefSeq_Rubrobacter	K02000	WP_051589333.1	172.9	2.8e-51	0
RefSeq_Rubrobacter	K02000	WP_038684747.1	170.7	1.3e-50	0
RefSeq_Rubrobacter	K02000	WP_041338761.1	167.4	1.3e-49	0
RefSeq_Rubrobacter	K02000	WP_320073055.1	156.6	2.6e-46	0
RefSeq_Rubrobacter	K02000	WP_038683868.1	153.4	2.3e-45	0
RefSeq_Rubrobacter	K02000	WP_051589853.1	150.9	1.3e-44	0
RefSeq_Rubrobacter	K02000	WP_051589697.1	141.5	9.4e-42	0
RefSeq_Rubrobacter	K02000	WP_038681252.1	132.0	6.8e-39	0
RefSeq_Rubrobacter	K02000	WP_084264098.1	125.2	7.7e-37	0
RefSeq_Rubrobacter	K02000	WP_198024562.1	123.9	1.9e-36	0
RefSeq_Rubrobacter	K02000	WP_232226542.1	123.6	2.5e-36	0
RefSeq_Rubrobacter	K02000	WP_038680828.1	122.1	6.7e-36	0
RefSeq_Rubrobacter	K02000	WP_038682951.1	120.4	2.3e-35	0
RefSeq_Rubrobacter	K02000	WP_051589717.1	118.8	7e-35	0
RefSeq_Rubrobacter	K02000	WP_041338607.1	116.2	4.2e-34	0
RefSeq_Rubrobacter	K02000	WP_084264016.1	116.1	4.4e-34	0
RefSeq_Rubrobacter	K02000	WP_198024509.1	113.1	3.6e-33	0
RefSeq_Rubrobacter	K02000	WP_051589202.1	112.8	4.4e-33	0
RefSeq_Rubrobacter	K02000	WP_038684686.1	112.4	5.8e-33	0
RefSeq_Rubrobacter	K02000	WP_041338589.1	110.6	2.1e-32	0
RefSeq_Rubrobacter	K02000	WP_051590028.1	110.2	2.7e-32	0
RefSeq_Rubrobacter	K02000	WP_051589776.1	100.9	1.8e-29	0
RefSeq_Rubrobacter	K02000	WP_051589718.1	99.3	5.5e-29	0
RefSeq_Rubrobacter	K02000	WP_038681283.1	92.2	8e-27	0
RefSeq_Rubrobacter	K02000	WP_038683025.1	91.9	9.4e-27	0
RefSeq_Rubrobacter	K02000	WP_051590073.1	88.7	8.8e-26	0
RefSeq_Rubrobacter	K02000	WP_038683271.1	86.3	4.7e-25	0
RefSeq_Rubrobacter	K02000	WP_038682770.1	85.0	1.2e-24	0
RefSeq_Rubrobacter	K02000	WP_051590074.1	83.8	2.8e-24	0
RefSeq_Rubrobacter	K02000	WP_143533796.1	83.3	3.7e-24	0
RefSeq_Rubrobacter	K02000	WP_038682146.1	83.2	4.2e-24	0
RefSeq_Rubrobacter	K02000	WP_038683752.1	77.2	2.7e-22	0
RefSeq_Rubrobacter	K02000	WP_038683241.1	69.8	4.7e-20	0
RefSeq_Rubrobacter	K02000	WP_051589478.1	64.5	1.9e-18	0
RefSeq_Rubrobacter	K02000	WP_051589477.1	64.4	1.9e-18	0
RefSeq_Rubrobacter	K02000	WP_051589764.1	64.0	2.7e-18	0
RefSeq_Rubrobacter	K02000	WP_051589597.1	62.4	8.2e-18	0
RefSeq_Rubrobacter	K02000	WP_038683336.1	31.2	2.2e-08	0
RefSeq_Rubrobacter	K02000	WP_038680768.1	27.2	3.6e-07	0
RefSeq_Rubrobacter	K02000	WP_051589350.1	24.5	2.4e-06	0
RefSeq_Rubrobacter	K02000	WP_038680723.1	24.1	3.3e-06	0
RefSeq_Rubrobacter	K02000	WP_041339278.1	23.1	6.6e-06	0
RefSeq_Rubrobacter	K02000	WP_232226548.1	22.0	1.3e-05	0
RefSeq_Rubrobacter	K02000	WP_232226522.1	21.1	2.7e-05	0
RefSeq_Rubrobacter	K02000	WP_051589176.1	20.5	3.8e-05	0
RefSeq_Rubrobacter	K02000	WP_038681723.1	15.0	0.0019	0
RefSeq_Rubrobacter	K02001	WP_038679881.1	454.3	1.6e-136	1
RefSeq_Rubrobacter	K02001	WP_051589148.1	179.1	2.6e-53	0
RefSeq_Rubrobacter	K02001	WP_051589147.1	174.3	7.3e-52	0
RefSeq_Rubrobacter	K02001	WP_084263663.1	146.8	1.6e-43	0
RefSeq_Rubrobacter	K02001	WP_051589146.1	118.8	4.5e-35	0
RefSeq_Rubrobacter	K02001	WP_232226603.1	92.6	3.9e-27	0
RefSeq_Rubrobacter	K02001	WP_038682535.1	86.2	3.4e-25	0
RefSeq_Rubrobacter	K02001	WP_198024476.1	73.8	1.8e-21	0
RefSeq_Rubrobacter	K02001	WP_038680966.1	62.6	4.4e-18	0
RefSeq_Rubrobacter	K02001	WP_038680677.1	60.8	1.6e-17	0
RefSeq_Rubrobacter	K02001	WP_084263971.1	38.1	1.1e-10	0
RefSeq_Rubrobacter	K02001	WP_038680754.1	33.3	3.3e-09	0
RefSeq_Rubrobacter	K02001	WP_051589626.1	19.1	6.4e-05	0
RefSeq_Rubrobacter	K02001	WP_051589679.1	18.9	7.6e-05	0
RefSeq_Rubrobacter	K02001	WP_198024473.1	15.8	0.00063	0
RefSeq_Rubrobacter	K02001	WP_051589814.1	15.1	0.0011	0
RefSeq_Rubrobacter	K02001	WP_084264178.1	14.0	0.0022	0
RefSeq_Rubrobacter	K02001	WP_232226615.1	11.2	0.016	0
RefSeq_Rubrobacter	K02001	WP_038682163.1	10.6	0.025	0
RefSeq_Rubrobacter	K02001	WP_038680834.1	9.6	0.047	0
RefSeq_Rubrobacter	K02001	WP_051589627.1	9.2	0.064	0
RefSeq_Rubrobacter	K02001	WP_051589393.1	8.6	0.094	0
RefSeq_Rubrobacter	K02001	WP_232226590.1	5.4	0.9	0
RefSeq_Rubrobacter	K02001	WP_084263587.1	4.6	1.6	0
RefSeq_Rubrobacter	K02002	WP_051589148.1	315.1	1.4e-94	1
RefSeq_Rubrobacter	K02002	WP_051589147.1	307.0	4.1e-92	1
RefSeq_Rubrobacter	K02002	WP_051589146.1	283.5	5.5e-85	1
RefSeq_Rubrobacter	K02002	WP_084263663.1	281.5	2.2e-84	1
RefSeq_Rubrobacter	K02002	WP_038679881.1	203.7	8e-61	1
RefSeq_Rubrobacter	K02002	WP_038680677.1	136.4	2e-40	0
RefSeq_Rubrobacter	K02002	WP_051589366.1	48.3	9.3e-14	0
RefSeq_Rubrobacter	K02002	WP_198024475.1	33.6	2.5e-09	0
RefSeq_Rubrobacter	K02002	WP_038682535.1	30.2	2.7e-08	0
RefSeq_Rubrobacter	K02002	WP_232226603.1	28.8	7.5e-08	0
RefSeq_Rubrobacter	K02002	WP_198024476.1	26.7	3.1e-07	0
RefSeq_Rubrobacter	K02002	WP_051589813.1	24.6	1.4e-06	0
RefSeq_Rubrobacter	K02002	WP_038680966.1	17.0	0.00027	0
RefSeq_Rubrobacter	K02002	WP_051589395.1	14.3	0.0019	0
RefSeq_Rubrobacter	K02002	WP_051589814.1	11.3	0.015	0
RefSeq_Rubrobacter	K01226	WP_038684702.1	454.9	7.7e-137	0
RefSeq_Rubrobacter	K01226	WP_038680079.1	449.9	2.4e-135	0
RefSeq_Rubrobacter	K01226	WP_198024522.1	318.0	2.3e-95	0
RefSeq_Rubrobacter	K01226	WP_198024567.1	154.7	6.9e-46	0
RefSeq_Rubrobacter	K01226	WP_038680074.1	57.7	1.6e-16	0
RefSeq_Rubrobacter	K01226	WP_038680072.1	46.7	3.7e-13	0
RefSeq_Rubrobacter	K01226	WP_038680075.1	43.9	2.6e-12	0
RefSeq_Rubrobacter	K01226	WP_232226575.1	33.4	3.8e-09	0
RefSeq_Rubrobacter	K01226	WP_038680071.1	23.6	3.5e-06	0
RefSeq_Rubrobacter	K03486	WP_051589873.1	67.4	2.4e-19	0
RefSeq_Rubrobacter	K03486	WP_156947983.1	64.7	1.6e-18	0
RefSeq_Rubrobacter	K03486	WP_232226543.1	45.0	1.7e-12	0
RefSeq_Rubrobacter	K03486	WP_051589585.1	35.9	1e-09	0
RefSeq_Rubrobacter	K03486	WP_038683322.1	35.5	1.3e-09	0
RefSeq_Rubrobacter	K03486	WP_084263700.1	33.5	5.5e-09	0
RefSeq_Rubrobacter	K03486	WP_051590051.1	26.3	8.6e-07	0
RefSeq_Rubrobacter	K03486	WP_159449870.1	24.3	3.5e-06	0
RefSeq_Rubrobacter	K03486	WP_038683305.1	13.2	0.0089	0
RefSeq_Streptomyces	K00697	WP_110628878.1	527.3	1.9e-158	1
RefSeq_Streptomyces	K00697	WP_110628283.1	30.4	5.4e-08	0
RefSeq_Streptomyces	K00697	WP_110628934.1	12.3	0.017	0
RefSeq_Streptomyces	K00697	WP_110627904.1	12.1	0.019	0
RefSeq_Streptomyces	K01087	WP_110628879.1	192.3	5.3e-57	1
RefSeq_Streptomyces	K01087	WP_110636006.1	28.8	2.2e-07	0
RefSeq_Streptomyces	K01087	WP_110629742.1	28.0	3.8e-07	0
RefSeq_Streptomyces	K01087	WP_110633535.1	17.6	0.00057	0
RefSeq_Streptomyces	K01087	WP_110632380.1	17.4	0.00062	0
RefSeq_Streptomyces	K01087	WP_110629144.1	16.9	0.00095	0
RefSeq_Streptomyces	K01087	WP_110627060.1	13.6	0.0093	0
RefSeq_Streptomyces	K01087	WP_162655553.1	11.1	0.051	0
RefSeq_Streptomyces	K01087	WP_110629446.1	7.6	0.6	0
RefSeq_Streptomyces	K05343	WP_110626244.1	1139.8	0.0	1
RefSeq_Streptomyces	K05343	WP_110630775.1	1139.7	0.0	1
RefSeq_Streptomyces	K05343	WP_110626375.1	402.7	1.4e-120	0
RefSeq_Streptomyces	K05343	WP_110627776.1	358.8	2.6e-107	0
RefSeq_Streptomyces	K05343	WP_110626455.1	340.4	9.4e-102	0
RefSeq_Streptomyces	K05343	WP_110627365.1	317.6	7.4e-95	0
RefSeq_Streptomyces	K05343	WP_110626245.1	133.7	2.6e-39	0
RefSeq_Streptomyces	K05343	WP_110627772.1	124.4	1.7e-36	0
RefSeq_Streptomyces	K05343	WP_204359431.1	110.9	2.1e-32	0
RefSeq_Streptomyces	K05343	WP_110626093.1	82.5	7.6e-24	0
RefSeq_Streptomyces	K05343	WP_110632094.1	72.7	6.9e-21	0
RefSeq_Streptomyces	K05343	WP_110626243.1	64.6	2e-18	0
RefSeq_Streptomyces	K05343	WP_110630777.1	63.6	4e-18	0
RefSeq_Streptomyces	K05343	WP_110630799.1	48.9	1.1e-13	0
RefSeq_Streptomyces	K05343	WP_204359325.1	45.1	1.6e-12	0
RefSeq_Streptomyces	K05343	WP_110626246.1	45.0	1.7e-12	0
RefSeq_Streptomyces	K05343	WP_110632115.1	43.4	5.2e-12	0
RefSeq_Streptomyces	K05343	WP_110630771.1	40.0	5.3e-11	0
RefSeq_Streptomyces	K05343	WP_110627775.1	34.5	2.5e-09	0
RefSeq_Streptomyces	K05343	WP_110632118.1	31.5	2e-08	0
RefSeq_Streptomyces	K05343	WP_110635556.1	30.8	3.4e-08	0
RefSeq_Streptomyces	K06044	WP_110632115.1	1178.9	0.0	1
RefSeq_Streptomyces	K06044	WP_110628212.1	116.4	4e-34	0
RefSeq_Streptomyces	K06044	WP_110627365.1	80.6	2.5e-23	0
RefSeq_Streptomyces	K06044	WP_110626455.1	71.5	1.4e-20	0
RefSeq_Streptomyces	K06044	WP_110627776.1	71.3	1.6e-20	0
RefSeq_Streptomyces	K06044	WP_110626244.1	62.2	8.9e-18	0
RefSeq_Streptomyces	K06044	WP_110630775.1	62.2	9e-18	0
RefSeq_Streptomyces	K06044	WP_110626375.1	62.1	9.5e-18	0
RefSeq_Streptomyces	K06044	WP_110627772.1	60.2	3.6e-17	0
RefSeq_Streptomyces	K06044	WP_110632094.1	46.2	5.9e-13	0
RefSeq_Streptomyces	K06044	WP_110630771.1	39.4	6.9e-11	0
RefSeq_Streptomyces	K06044	WP_110626662.1	30.1	4.3e-08	0
RefSeq_Streptomyces	K06044	WP_110626246.1	29.6	6.2e-08	0
RefSeq_Streptomyces	K06044	WP_110630777.1	28.8	1.1e-07	0
RefSeq_Streptomyces	K06044	WP_110626243.1	25.8	8.4e-07	0
RefSeq_Streptomyces	K06044	WP_110626093.1	24.8	1.8e-06	0
RefSeq_Streptomyces	K06044	WP_110627775.1	20.9	2.5e-05	0
RefSeq_Streptomyces	K06044	WP_110635556.1	16.9	0.0004	0
RefSeq_Streptomyces	K06044	WP_204359325.1	16.4	0.00057	0
RefSeq_Streptomyces	K06044	WP_110630799.1	14.8	0.0017	0
RefSeq_Streptomyces	K01236	WP_110632094.1	913.7	4e-275	1
RefSeq_Streptomyces	K01236	WP_110626246.1	243.2	2.3e-72	0
RefSeq_Streptomyces	K01236	WP_110630771.1	237.6	1.1e-70	0
RefSeq_Streptomyces	K01236	WP_110627772.1	215.3	5.9e-64	0
RefSeq_Streptomyces	K01236	WP_110630799.1	190.7	1.7e-56	0
RefSeq_Streptomyces	K01236	WP_204359325.1	173.9	2e-51	0
RefSeq_Streptomyces	K01236	WP_110632118.1	167.5	1.7e-49	0
RefSeq_Streptomyces	K01236	WP_110626244.1	120.3	3.2e-35	0
RefSeq_Streptomyces	K01236	WP_110630775.1	118.7	1e-34	0
RefSeq_Streptomyces	K01236	WP_110626375.1	113.0	5.1e-33	0
RefSeq_Streptomyces	K01236	WP_110627776.1	107.9	1.8e-31	0
RefSeq_Streptomyces	K01236	WP_110627365.1	105.0	1.3e-30	0
RefSeq_Streptomyces	K01236	WP_110626455.1	95.3	1.2e-27	0
RefSeq_Streptomyces	K01236	WP_110632115.1	55.9	9.3e-16	0
RefSeq_Streptomyces	K01236	WP_110626093.1	52.2	1.3e-14	0
RefSeq_Streptomyces	K01236	WP_110630777.1	38.2	2.2e-10	0
RefSeq_Streptomyces	K01236	WP_110635556.1	36.3	8.3e-10	0
RefSeq_Streptomyces	K01236	WP_110627775.1	33.9	4.3e-09	0
RefSeq_Streptomyces	K01236	WP_110626243.1	33.2	6.8e-09	0
RefSeq_Streptomyces	K01236	WP_110626662.1	13.6	0.0058	0
RefSeq_Streptomyces	K13057	WP_110633920.1	100.7	2.6e-29	0
RefSeq_Streptomyces	K13057	WP_110632389.1	81.3	2e-23	0
RefSeq_Streptomyces	K13057	WP_110627710.1	80.3	4e-23	0
RefSeq_Streptomyces	K13057	WP_110627904.1	72.7	8.1e-21	0
RefSeq_Streptomyces	K13057	WP_110627661.1	68.7	1.3e-19	0
RefSeq_Streptomyces	K13057	WP_110630312.1	65.9	9.1e-19	0
RefSeq_Streptomyces	K13057	WP_110628934.1	62.8	8.4e-18	0
RefSeq_Streptomyces	K13057	WP_110628283.1	58.0	2.4e-16	0
RefSeq_Streptomyces	K13057	WP_110628141.1	57.9	2.6e-16	0
RefSeq_Streptomyces	K13057	WP_110633602.1	52.2	1.4e-14	0
RefSeq_Streptomyces	K13057	WP_430381174.1	51.6	2e-14	0
RefSeq_Streptomyces	K13057	WP_110626931.1	34.7	2.8e-09	0
RefSeq_Streptomyces	K13057	WP_110627194.1	28.7	1.9e-07	0
RefSeq_Streptomyces	K13057	WP_110632386.1	28.6	1.9e-07	0
RefSeq_Streptomyces	K13057	WP_110628288.1	12.9	0.012	0
RefSeq_Streptomyces	K13057	WP_239513371.1	12.3	0.017	0
RefSeq_Streptomyces	K00108	WP_110633813.1	631.6	4.8e-190	0
RefSeq_Streptomyces	K00108	WP_110629926.1	414.0	3.3e-124	0
RefSeq_Streptomyces	K00108	WP_110626071.1	46.9	4.2e-13	0
RefSeq_Streptomyces	K00108	WP_239513221.1	33.5	4.7e-09	0
RefSeq_Streptomyces	K00108	WP_110629723.1	16.0	0.00093	0
RefSeq_Streptomyces	K00108	WP_110635992.1	10.5	0.042	0
RefSeq_Streptomyces	K00108	WP_110626348.1	10.4	0.046	0
RefSeq_Streptomyces	K00108	WP_204359329.1	10.2	0.051	0
RefSeq_Streptomyces	K00108	WP_110636104.1	9.3	0.095	0
RefSeq_Streptomyces	K00108	WP_110631989.1	9.3	0.099	0
RefSeq_Streptomyces	K00108	WP_110626265.1	8.9	0.13	0
RefSeq_Streptomyces	K00108	WP_110626078.1	8.3	0.2	0
RefSeq_Streptomyces	K00130	WP_110629925.1	707.7	4.1e-213	1
RefSeq_Streptomyces	K00130	WP_110631242.1	697.7	4.3e-210	1
RefSeq_Streptomyces	K00130	WP_110631216.1	688.9	2e-207	1
RefSeq_Streptomyces	K00130	WP_110630006.1	626.9	1.2e-188	0
RefSeq_Streptomyces	K00130	WP_110633466.1	588.2	6.1e-177	0
RefSeq_Streptomyces	K00130	WP_110627019.1	579.3	3e-174	0
RefSeq_Streptomyces	K00130	WP_110627118.1	541.7	7.7e-163	0
RefSeq_Streptomyces	K00130	WP_110629880.1	503.9	2.1e-151	0
RefSeq_Streptomyces	K00130	WP_110629545.1	452.3	9.1e-136	0
RefSeq_Streptomyces	K00130	WP_110626673.1	446.1	6.5e-134	0
RefSeq_Streptomyces	K00130	WP_110628300.1	422.5	9.7e-127	0
RefSeq_Streptomyces	K00130	WP_110631283.1	412.6	9.6e-124	0
RefSeq_Streptomyces	K00130	WP_110626175.1	405.9	9.9e-122	0
RefSeq_Streptomyces	K00130	WP_110626315.1	277.6	7.3e-83	0
RefSeq_Streptomyces	K00130	WP_110630946.1	253.0	2e-75	0
RefSeq_Streptomyces	K00130	WP_110627290.1	143.1	3.7e-42	0
RefSeq_Streptomyces	K00130	WP_110630005.1	139.3	5.6e-41	0
RefSeq_Streptomyces	K00130	WP_110629256.1	71.1	2.5e-20	0
RefSeq_Streptomyces	K00130	WP_110628136.1	61.9	1.5e-17	0
RefSeq_Streptomyces	K00130	WP_110625966.1	13.7	0.006	0
RefSeq_Streptomyces	K00499	WP_110626001.1	28.4	2.7e-07	0
RefSeq_Streptomyces	K00499	WP_110632013.1	22.3	1.8e-05	0
RefSeq_Streptomyces	K00499	WP_110627381.1	19.0	0.00019	0
RefSeq_Streptomyces	K00499	WP_110629396.1	15.7	0.0019	0
RefSeq_Streptomyces	K00499	WP_110627347.1	13.2	0.011	0
RefSeq_Streptomyces	K00499	WP_110626350.1	12.8	0.015	0
RefSeq_Streptomyces	K17755	WP_110629926.1	591.0	8.7e-178	0
RefSeq_Streptomyces	K17755	WP_110633813.1	374.2	4.2e-112	0
RefSeq_Streptomyces	K17755	WP_110626071.1	39.2	1.4e-10	0
RefSeq_Streptomyces	K17755	WP_239513221.1	29.6	1.1e-07	0
RefSeq_Streptomyces	K17755	WP_162655442.1	12.4	0.019	0
RefSeq_Streptomyces	K17756	WP_239513221.1	85.7	9.6e-25	0
RefSeq_Streptomyces	K17756	WP_110626071.1	60.1	5.3e-17	0
RefSeq_Streptomyces	K17756	WP_110629926.1	60.1	5.3e-17	0
RefSeq_Streptomyces	K17756	WP_110633813.1	31.2	2.8e-08	0
RefSeq_Streptomyces	K17756	WP_110629723.1	28.5	1.9e-07	0
RefSeq_Streptomyces	K17756	WP_110626348.1	23.4	6.6e-06	0
RefSeq_Streptomyces	K17756	WP_204359329.1	19.5	9.7e-05	0
RefSeq_Streptomyces	K17756	WP_110626555.1	16.7	0.00068	0
RefSeq_Streptomyces	K17756	WP_110626078.1	16.2	0.00098	0
RefSeq_Streptomyces	K17756	WP_110628209.1	15.8	0.0013	0
RefSeq_Streptomyces	K17756	WP_110629576.1	14.3	0.0037	0
RefSeq_Streptomyces	K17756	WP_110634041.1	14.0	0.0045	0
RefSeq_Streptomyces	K17756	WP_110632731.1	14.0	0.0047	0
RefSeq_Streptomyces	K17756	WP_110634338.1	13.4	0.0068	0
RefSeq_Streptomyces	K17756	WP_204359375.1	13.1	0.0083	0
RefSeq_Streptomyces	K17756	WP_110632109.1	11.8	0.021	0
RefSeq_Streptomyces	K17756	WP_110626265.1	11.6	0.024	0
RefSeq_Streptomyces	K17756	WP_204359360.1	11.3	0.03	0
RefSeq_Streptomyces	K17756	WP_110633405.1	11.2	0.032	0
RefSeq_Streptomyces	K17756	WP_110626772.1	11.0	0.037	0
RefSeq_Streptomyces	K17756	WP_110625952.1	10.5	0.052	0
RefSeq_Streptomyces	K17756	WP_110628797.1	9.9	0.08	0
RefSeq_Streptomyces	K17756	WP_162655430.1	9.7	0.091	0
RefSeq_Streptomyces	K17756	WP_110625882.1	9.6	0.095	0
RefSeq_Streptomyces	K17756	WP_110629670.1	9.4	0.11	0
RefSeq_Streptomyces	K17756	WP_110632013.1	8.2	0.25	0
RefSeq_Streptomyces	K17756	WP_110627789.1	5.0	2.4	0
RefSeq_Streptomyces	K06718	WP_110627283.1	263.5	5.4e-79	1
RefSeq_Streptomyces	K06718	WP_110633740.1	40.9	5.6e-11	0
RefSeq_Streptomyces	K06718	WP_110627721.1	33.0	1.5e-08	0
RefSeq_Streptomyces	K06718	WP_110629075.1	26.2	1.8e-06	0
RefSeq_Streptomyces	K06718	WP_110630461.1	23.2	1.4e-05	0
RefSeq_Streptomyces	K06718	WP_110628500.1	19.1	0.00027	0
RefSeq_Streptomyces	K06718	WP_110635332.1	17.7	0.0007	0
RefSeq_Streptomyces	K06718	WP_110631714.1	17.1	0.0011	0
RefSeq_Streptomyces	K06718	WP_110626953.1	16.9	0.0012	0
RefSeq_Streptomyces	K06718	WP_204359391.1	15.9	0.0025	0
RefSeq_Streptomyces	K06718	WP_110628720.1	15.7	0.0029	0
RefSeq_Streptomyces	K06718	WP_110636932.1	15.4	0.0036	0
RefSeq_Streptomyces	K06718	WP_110637242.1	15.3	0.0038	0
RefSeq_Streptomyces	K06718	WP_110629172.1	15.2	0.0042	0
RefSeq_Streptomyces	K06718	WP_110626714.1	14.9	0.0049	0
RefSeq_Streptomyces	K06718	WP_110626410.1	14.4	0.0071	0
RefSeq_Streptomyces	K06718	WP_110628751.1	14.3	0.0079	0
RefSeq_Streptomyces	K06718	WP_110627150.1	14.2	0.0085	0
RefSeq_Streptomyces	K06718	WP_110626972.1	13.4	0.015	0
RefSeq_Streptomyces	K06718	WP_239513073.1	13.2	0.016	0
RefSeq_Streptomyces	K06718	WP_110630420.1	12.9	0.02	0
RefSeq_Streptomyces	K06718	WP_110631331.1	12.4	0.029	0
RefSeq_Streptomyces	K06718	WP_110630237.1	12.2	0.033	0
RefSeq_Streptomyces	K06718	WP_110627147.1	12.1	0.035	0
RefSeq_Streptomyces	K06718	WP_110633508.1	11.7	0.048	0
RefSeq_Streptomyces	K06718	WP_110628650.1	11.5	0.056	0
RefSeq_Streptomyces	K06718	WP_204359457.1	11.2	0.066	0
RefSeq_Streptomyces	K06718	WP_204359383.1	11.2	0.067	0
RefSeq_Streptomyces	K06718	WP_110626120.1	11.1	0.074	0
RefSeq_Streptomyces	K06718	WP_110629174.1	10.7	0.098	0
RefSeq_Streptomyces	K06720	WP_110627285.1	199.2	1.4e-59	1
RefSeq_Streptomyces	K06720	WP_110629166.1	19.2	0.00037	0
RefSeq_Streptomyces	K06720	WP_110629674.1	15.5	0.0051	0
RefSeq_Streptomyces	K06721	WP_110628450.1	14.4	0.0073	0
RefSeq_Streptomyces	K10674	WP_110627286.1	475.0	3.5e-143	1
RefSeq_Streptomyces	K01858	WP_110633030.1	366.3	1.3e-109	1
RefSeq_Streptomyces	K01858	WP_110629186.1	191.0	1.5e-56	1
RefSeq_Streptomyces	K05845	WP_239513385.1	327.9	4.7e-98	1
RefSeq_Streptomyces	K05845	WP_110632049.1	321.1	5.4e-96	1
RefSeq_Streptomyces	K05845	WP_110627026.1	39.3	1.5e-10	0
RefSeq_Streptomyces	K05845	WP_110626966.1	17.0	0.00082	0
RefSeq_Streptomyces	K05845	WP_110628692.1	13.5	0.0095	0
RefSeq_Streptomyces	K05845	WP_110627281.1	13.2	0.012	0
RefSeq_Streptomyces	K05845	WP_110633728.1	12.9	0.014	0
RefSeq_Streptomyces	K05845	WP_110628177.1	12.1	0.024	0
RefSeq_Streptomyces	K05845	WP_110629929.1	11.4	0.04	0
RefSeq_Streptomyces	K05845	WP_110628633.1	11.3	0.044	0
RefSeq_Streptomyces	K05845	WP_110630485.1	11.3	0.045	0
RefSeq_Streptomyces	K05845	WP_110633717.1	10.4	0.083	0
RefSeq_Streptomyces	K05845	WP_110628379.1	9.0	0.21	0
RefSeq_Streptomyces	K05845	WP_110628741.1	7.6	0.57	0
RefSeq_Streptomyces	K05846	WP_373314533.1	281.9	3.1e-84	1
RefSeq_Streptomyces	K05846	WP_110628473.1	239.2	2.9e-71	1
RefSeq_Streptomyces	K05846	WP_110632046.1	220.9	1e-65	1
RefSeq_Streptomyces	K05846	WP_110629928.1	200.6	1.5e-59	1
RefSeq_Streptomyces	K05846	WP_110632044.1	170.5	2.1e-50	0
RefSeq_Streptomyces	K05846	WP_110627026.1	152.5	5.9e-45	0
RefSeq_Streptomyces	K05846	WP_430381151.1	99.5	7.5e-29	0
RefSeq_Streptomyces	K05846	WP_110626967.1	86.9	4.9e-25	0
RefSeq_Streptomyces	K05846	WP_110626623.1	82.5	1.1e-23	0
RefSeq_Streptomyces	K05846	WP_110632171.1	68.4	2e-19	0
RefSeq_Streptomyces	K05846	WP_110631673.1	62.0	1.8e-17	0
RefSeq_Streptomyces	K05846	WP_110636453.1	56.0	1.2e-15	0
RefSeq_Streptomyces	K05846	WP_110631507.1	44.6	3.5e-12	0
RefSeq_Streptomyces	K05846	WP_110626534.1	43.7	6.8e-12	0
RefSeq_Streptomyces	K05846	WP_110630483.1	39.5	1.3e-10	0
RefSeq_Streptomyces	K05846	WP_110628221.1	37.8	4e-10	0
RefSeq_Streptomyces	K05846	WP_110628985.1	35.8	1.7e-09	0
RefSeq_Streptomyces	K05846	WP_110627161.1	32.8	1.4e-08	0
RefSeq_Streptomyces	K05846	WP_110627390.1	29.6	1.2e-07	0
RefSeq_Streptomyces	K05846	WP_229908877.1	29.1	1.7e-07	0
RefSeq_Streptomyces	K05846	WP_110631255.1	29.1	1.7e-07	0
RefSeq_Streptomyces	K05846	WP_110631252.1	27.9	4e-07	0
RefSeq_Streptomyces	K05846	WP_110628984.1	27.5	5.5e-07	0
RefSeq_Streptomyces	K05846	WP_110630433.1	26.6	1e-06	0
RefSeq_Streptomyces	K05846	WP_110631510.1	26.5	1.1e-06	0
RefSeq_Streptomyces	K05846	WP_110628520.1	26.4	1.2e-06	0
RefSeq_Streptomyces	K05846	WP_110633726.1	26.3	1.3e-06	0
RefSeq_Streptomyces	K05846	WP_110626800.1	23.1	1.2e-05	0
RefSeq_Streptomyces	K05846	WP_110627778.1	21.5	3.5e-05	0
RefSeq_Streptomyces	K05846	WP_110627363.1	21.1	4.6e-05	0
RefSeq_Streptomyces	K05846	WP_110630206.1	20.5	7.1e-05	0
RefSeq_Streptomyces	K05846	WP_110630431.1	19.9	0.00011	0
RefSeq_Streptomyces	K05846	WP_110636237.1	19.1	0.00019	0
RefSeq_Streptomyces	K05846	WP_204359322.1	19.1	0.00019	0
RefSeq_Streptomyces	K05846	WP_110628402.1	17.9	0.00043	0
RefSeq_Streptomyces	K05846	WP_110626439.1	17.9	0.00044	0
RefSeq_Streptomyces	K05846	WP_239513081.1	17.8	0.00047	0
RefSeq_Streptomyces	K05846	WP_110627325.1	17.7	0.00051	0
RefSeq_Streptomyces	K05846	WP_110632141.1	17.7	0.00052	0
RefSeq_Streptomyces	K05846	WP_110626456.1	17.7	0.00053	0
RefSeq_Streptomyces	K05846	WP_110631296.1	17.2	0.00073	0
RefSeq_Streptomyces	K05846	WP_110637262.1	16.5	0.0012	0
RefSeq_Streptomyces	K05846	WP_110628380.1	16.5	0.0012	0
RefSeq_Streptomyces	K05846	WP_110636255.1	16.1	0.0015	0
RefSeq_Streptomyces	K05846	WP_110634854.1	16.1	0.0016	0
RefSeq_Streptomyces	K05846	WP_110627666.1	16.0	0.0017	0
RefSeq_Streptomyces	K05846	WP_110637273.1	14.6	0.0046	0
RefSeq_Streptomyces	K05846	WP_110635040.1	14.2	0.0059	0
RefSeq_Streptomyces	K05846	WP_110628222.1	14.0	0.0066	0
RefSeq_Streptomyces	K05846	WP_110633219.1	14.0	0.0068	0
RefSeq_Streptomyces	K05846	WP_110627326.1	13.7	0.0083	0
RefSeq_Streptomyces	K05846	WP_110631940.1	13.6	0.0093	0
RefSeq_Streptomyces	K05846	WP_204359437.1	13.5	0.0099	0
RefSeq_Streptomyces	K05846	WP_110627987.1	11.6	0.038	0
RefSeq_Streptomyces	K05846	WP_110627777.1	11.4	0.042	0
RefSeq_Streptomyces	K05846	WP_110634851.1	10.6	0.071	0
RefSeq_Streptomyces	K05846	WP_110628521.1	10.6	0.075	0
RefSeq_Streptomyces	K05846	WP_110628401.1	10.5	0.08	0
RefSeq_Streptomyces	K05846	WP_110630208.1	8.3	0.37	0
RefSeq_Streptomyces	K05846	WP_110626220.1	7.7	0.54	0
RefSeq_Streptomyces	K05846	WP_110632139.1	7.4	0.7	0
RefSeq_Streptomyces	K05846	WP_110627311.1	7.0	0.92	0
RefSeq_Streptomyces	K05846	WP_204359428.1	7.0	0.93	0
RefSeq_Streptomyces	K05846	WP_110626440.1	6.4	1.4	0
RefSeq_Streptomyces	K05846	WP_110631299.1	6.3	1.5	0
RefSeq_Streptomyces	K05846	WP_110627988.1	5.7	2.2	0
RefSeq_Streptomyces	K05846	WP_110626085.1	5.3	3.0	0
RefSeq_Streptomyces	K05846	WP_110631943.1	4.8	4.1	0
RefSeq_Streptomyces	K05846	WP_204359429.1	4.2	6.5	0
RefSeq_Streptomyces	K05846	WP_110628549.1	3.8	8.6	0
RefSeq_Streptomyces	K05847	WP_110636533.1	507.3	1.3e-152	1
RefSeq_Streptomyces	K05847	WP_162655628.1	463.2	3.5e-139	1
RefSeq_Streptomyces	K05847	WP_110630310.1	372.4	1.3e-111	1
RefSeq_Streptomyces	K05847	WP_110629927.1	339.7	1.1e-101	0
RefSeq_Streptomyces	K05847	WP_110627027.1	318.1	4.1e-95	0
RefSeq_Streptomyces	K05847	WP_110628329.1	305.3	3.1e-91	0
RefSeq_Streptomyces	K05847	WP_110633214.1	299.9	1.4e-89	0
RefSeq_Streptomyces	K05847	WP_110631249.1	298.1	4.9e-89	0
RefSeq_Streptomyces	K05847	WP_110628900.1	277.2	1e-82	0
RefSeq_Streptomyces	K05847	WP_110627912.1	273.5	1.4e-81	0
RefSeq_Streptomyces	K05847	WP_110627119.1	261.8	4.9e-78	0
RefSeq_Streptomyces	K05847	WP_110631191.1	256.8	1.7e-76	0
RefSeq_Streptomyces	K05847	WP_110628403.1	253.0	2.3e-75	0
RefSeq_Streptomyces	K05847	WP_110629155.1	252.1	4.5e-75	0
RefSeq_Streptomyces	K05847	WP_110627280.1	248.8	4.6e-74	0
RefSeq_Streptomyces	K05847	WP_110629338.1	243.4	1.9e-72	0
RefSeq_Streptomyces	K05847	WP_110631516.1	243.1	2.5e-72	0
RefSeq_Streptomyces	K05847	WP_110632665.1	240.7	1.3e-71	0
RefSeq_Streptomyces	K05847	WP_110631671.1	240.0	2.1e-71	0
RefSeq_Streptomyces	K05847	WP_110627159.1	237.2	1.5e-70	0
RefSeq_Streptomyces	K05847	WP_275429375.1	234.2	1.2e-69	0
RefSeq_Streptomyces	K05847	WP_110626968.1	233.2	2.4e-69	0
RefSeq_Streptomyces	K05847	WP_110627391.1	230.9	1.2e-68	0
RefSeq_Streptomyces	K05847	WP_110632174.1	225.7	4.7e-67	0
RefSeq_Streptomyces	K05847	WP_110633014.1	222.8	3.6e-66	0
RefSeq_Streptomyces	K05847	WP_110636139.1	221.3	1e-65	0
RefSeq_Streptomyces	K05847	WP_110630211.1	215.0	8.1e-64	0
RefSeq_Streptomyces	K05847	WP_110626535.1	212.0	6.6e-63	0
RefSeq_Streptomyces	K05847	WP_110628513.1	210.1	2.5e-62	0
RefSeq_Streptomyces	K05847	WP_110630856.1	208.8	6.3e-62	0
RefSeq_Streptomyces	K05847	WP_110630028.1	206.0	4.5e-61	0
RefSeq_Streptomyces	K05847	WP_110630201.1	205.0	9.2e-61	0
RefSeq_Streptomyces	K05847	WP_110628986.1	204.1	1.8e-60	0
RefSeq_Streptomyces	K05847	WP_110631767.1	200.5	2.1e-59	0
RefSeq_Streptomyces	K05847	WP_110634415.1	200.1	2.8e-59	0
RefSeq_Streptomyces	K05847	WP_110628312.1	199.2	5.2e-59	0
RefSeq_Streptomyces	K05847	WP_110629450.1	197.7	1.5e-58	0
RefSeq_Streptomyces	K05847	WP_204359479.1	197.2	2.1e-58	0
RefSeq_Streptomyces	K05847	WP_110628722.1	196.5	3.4e-58	0
RefSeq_Streptomyces	K05847	WP_110630128.1	193.4	3e-57	0
RefSeq_Streptomyces	K05847	WP_110635313.1	189.6	4.3e-56	0
RefSeq_Streptomyces	K05847	WP_110635042.1	189.0	6.6e-56	0
RefSeq_Streptomyces	K05847	WP_110628656.1	187.3	2.1e-55	0
RefSeq_Streptomyces	K05847	WP_110630647.1	184.3	1.7e-54	0
RefSeq_Streptomyces	K05847	WP_110628617.1	183.3	3.4e-54	0
RefSeq_Streptomyces	K05847	WP_110629987.1	179.4	5.6e-53	0
RefSeq_Streptomyces	K05847	WP_110630097.1	178.7	8.5e-53	0
RefSeq_Streptomyces	K05847	WP_110628232.1	177.9	1.6e-52	0
RefSeq_Streptomyces	K05847	WP_110627368.1	175.7	7.2e-52	0
RefSeq_Streptomyces	K05847	WP_110628215.1	175.4	8.6e-52	0
RefSeq_Streptomyces	K05847	WP_110626495.1	174.8	1.4e-51	0
RefSeq_Streptomyces	K05847	WP_110626624.1	174.5	1.7e-51	0
RefSeq_Streptomyces	K05847	WP_110627977.1	173.9	2.5e-51	0
RefSeq_Streptomyces	K05847	WP_110628178.1	172.8	5.3e-51	0
RefSeq_Streptomyces	K05847	WP_110628701.1	170.9	2e-50	0
RefSeq_Streptomyces	K05847	WP_110634783.1	169.0	7.6e-50	0
RefSeq_Streptomyces	K05847	WP_239513132.1	166.4	4.9e-49	0
RefSeq_Streptomyces	K05847	WP_239513281.1	166.1	5.8e-49	0
RefSeq_Streptomyces	K05847	WP_239513213.1	164.0	2.6e-48	0
RefSeq_Streptomyces	K05847	WP_110630036.1	162.4	7.6e-48	0
RefSeq_Streptomyces	K05847	WP_204359314.1	161.7	1.3e-47	0
RefSeq_Streptomyces	K05847	WP_239513078.1	161.4	1.6e-47	0
RefSeq_Streptomyces	K05847	WP_110627200.1	160.2	3.7e-47	0
RefSeq_Streptomyces	K05847	WP_110630210.1	156.3	5.6e-46	0
RefSeq_Streptomyces	K05847	WP_110630199.1	154.0	2.7e-45	0
RefSeq_Streptomyces	K05847	WP_110628809.1	153.7	3.5e-45	0
RefSeq_Streptomyces	K05847	WP_110627129.1	152.6	7.6e-45	0
RefSeq_Streptomyces	K05847	WP_110636306.1	150.6	3e-44	0
RefSeq_Streptomyces	K05847	WP_110630223.1	150.2	3.9e-44	0
RefSeq_Streptomyces	K05847	WP_110630795.1	147.6	2.4e-43	0
RefSeq_Streptomyces	K05847	WP_204359346.1	147.0	3.7e-43	0
RefSeq_Streptomyces	K05847	WP_110627439.1	146.0	7.5e-43	0
RefSeq_Streptomyces	K05847	WP_110630854.1	145.5	1.1e-42	0
RefSeq_Streptomyces	K05847	WP_110634603.1	143.9	3.3e-42	0
RefSeq_Streptomyces	K05847	WP_110628974.1	143.1	5.6e-42	0
RefSeq_Streptomyces	K05847	WP_110627815.1	142.9	6.6e-42	0
RefSeq_Streptomyces	K05847	WP_110629052.1	141.6	1.7e-41	0
RefSeq_Streptomyces	K05847	WP_110629268.1	141.6	1.7e-41	0
RefSeq_Streptomyces	K05847	WP_110630793.1	141.5	1.7e-41	0
RefSeq_Streptomyces	K05847	WP_110636218.1	140.0	5.1e-41	0
RefSeq_Streptomyces	K05847	WP_110627438.1	137.4	3.1e-40	0
RefSeq_Streptomyces	K05847	WP_110629477.1	137.4	3.2e-40	0
RefSeq_Streptomyces	K05847	WP_110631208.1	137.2	3.5e-40	0
RefSeq_Streptomyces	K05847	WP_110628011.1	136.9	4.3e-40	0
RefSeq_Streptomyces	K05847	WP_110628978.1	136.5	5.7e-40	0
RefSeq_Streptomyces	K05847	WP_110626303.1	136.4	6.2e-40	0
RefSeq_Streptomyces	K05847	WP_162655514.1	135.9	9e-40	0
RefSeq_Streptomyces	K05847	WP_204359319.1	132.9	7.2e-39	0
RefSeq_Streptomyces	K05847	WP_110627351.1	132.8	7.6e-39	0
RefSeq_Streptomyces	K05847	WP_110631952.1	132.7	8.5e-39	0
RefSeq_Streptomyces	K05847	WP_110626629.1	132.3	1.1e-38	0
RefSeq_Streptomyces	K05847	WP_110628442.1	132.3	1.1e-38	0
RefSeq_Streptomyces	K05847	WP_110628235.1	131.5	1.9e-38	0
RefSeq_Streptomyces	K05847	WP_110629746.1	131.5	1.9e-38	0
RefSeq_Streptomyces	K05847	WP_162655611.1	130.8	3.1e-38	0
RefSeq_Streptomyces	K05847	WP_110630669.1	130.1	4.9e-38	0
RefSeq_Streptomyces	K05847	WP_110634758.1	129.1	1.1e-37	0
RefSeq_Streptomyces	K05847	WP_110628010.1	127.8	2.6e-37	0
RefSeq_Streptomyces	K05847	WP_110632596.1	126.9	4.9e-37	0
RefSeq_Streptomyces	K05847	WP_110636712.1	126.6	5.8e-37	0
RefSeq_Streptomyces	K05847	WP_110629010.1	125.2	1.6e-36	0
RefSeq_Streptomyces	K05847	WP_110629444.1	123.9	3.9e-36	0
RefSeq_Streptomyces	K05847	WP_239513425.1	123.2	6.6e-36	0
RefSeq_Streptomyces	K05847	WP_110626722.1	122.8	8.6e-36	0
RefSeq_Streptomyces	K05847	WP_110630820.1	121.1	2.8e-35	0
RefSeq_Streptomyces	K05847	WP_110636424.1	120.9	3.2e-35	0
RefSeq_Streptomyces	K05847	WP_110629146.1	120.7	3.6e-35	0
RefSeq_Streptomyces	K05847	WP_110633632.1	119.1	1.1e-34	0
RefSeq_Streptomyces	K05847	WP_110635437.1	118.1	2.2e-34	0
RefSeq_Streptomyces	K05847	WP_110627257.1	115.5	1.4e-33	0
RefSeq_Streptomyces	K05847	WP_110628686.1	115.4	1.5e-33	0
RefSeq_Streptomyces	K05847	WP_204359476.1	114.6	2.6e-33	0
RefSeq_Streptomyces	K05847	WP_110626391.1	110.4	4.9e-32	0
RefSeq_Streptomyces	K05847	WP_110627213.1	110.0	6.5e-32	0
RefSeq_Streptomyces	K05847	WP_110629326.1	109.3	1.1e-31	0
RefSeq_Streptomyces	K05847	WP_110634755.1	103.5	6.1e-30	0
RefSeq_Streptomyces	K05847	WP_110632888.1	102.9	9.6e-30	0
RefSeq_Streptomyces	K05847	WP_110634622.1	92.8	1.1e-26	0
RefSeq_Streptomyces	K05847	WP_110626634.1	89.2	1.3e-25	0
RefSeq_Streptomyces	K05847	WP_110633307.1	87.2	5.7e-25	0
RefSeq_Streptomyces	K05847	WP_110632001.1	75.3	2.3e-21	0
RefSeq_Streptomyces	K05847	WP_110633397.1	72.4	1.7e-20	0
RefSeq_Streptomyces	K05847	WP_110627171.1	72.0	2.2e-20	0
RefSeq_Streptomyces	K05847	WP_110627386.1	71.7	2.8e-20	0
RefSeq_Streptomyces	K05847	WP_162655530.1	68.8	2.1e-19	0
RefSeq_Streptomyces	K05847	WP_110635434.1	68.0	3.6e-19	0
RefSeq_Streptomyces	K05847	WP_110633355.1	65.1	2.8e-18	0
RefSeq_Streptomyces	K05847	WP_343234104.1	63.2	1.1e-17	0
RefSeq_Streptomyces	K05847	WP_110626633.1	60.0	9.7e-17	0
RefSeq_Streptomyces	K05847	WP_110633511.1	57.5	5.7e-16	0
RefSeq_Streptomyces	K05847	WP_110627346.1	54.3	5.3e-15	0
RefSeq_Streptomyces	K05847	WP_110634058.1	34.2	6.9e-09	0
RefSeq_Streptomyces	K05847	WP_239513113.1	28.7	3.2e-07	0
RefSeq_Streptomyces	K05847	WP_110631845.1	22.1	3.3e-05	0
RefSeq_Streptomyces	K05847	WP_110635081.1	17.1	0.0011	0
RefSeq_Streptomyces	K05847	WP_110630393.1	13.6	0.013	0
RefSeq_Streptomyces	K05847	WP_110626934.1	13.1	0.017	0
RefSeq_Streptomyces	K05847	WP_239513241.1	12.2	0.032	0
RefSeq_Streptomyces	K05847	WP_110631859.1	11.8	0.045	0
RefSeq_Streptomyces	K05847	WP_110629475.1	11.2	0.068	0
RefSeq_Streptomyces	K02168	WP_162655695.1	5.1	2.0	0
RefSeq_Streptomyces	K02000	WP_110627027.1	596.0	5.4e-179	1
RefSeq_Streptomyces	K02000	WP_110629927.1	592.5	6.5e-178	1
RefSeq_Streptomyces	K02000	WP_110636533.1	360.5	1.1e-107	0
RefSeq_Streptomyces	K02000	WP_110630310.1	330.6	1.2e-98	0
RefSeq_Streptomyces	K02000	WP_162655628.1	321.3	7.6e-96	0
RefSeq_Streptomyces	K02000	WP_110633214.1	294.3	1.2e-87	0
RefSeq_Streptomyces	K02000	WP_110626968.1	262.9	3.8e-78	0
RefSeq_Streptomyces	K02000	WP_110631249.1	253.0	3.7e-75	0
RefSeq_Streptomyces	K02000	WP_110628900.1	243.8	2.3e-72	0
RefSeq_Streptomyces	K02000	WP_110631516.1	237.7	1.6e-70	0
RefSeq_Streptomyces	K02000	WP_275429375.1	237.3	2.1e-70	0
RefSeq_Streptomyces	K02000	WP_110626535.1	236.6	3.5e-70	0
RefSeq_Streptomyces	K02000	WP_110632665.1	235.4	8.1e-70	0
RefSeq_Streptomyces	K02000	WP_110631191.1	232.2	7.2e-69	0
RefSeq_Streptomyces	K02000	WP_110627280.1	231.9	9.3e-69	0
RefSeq_Streptomyces	K02000	WP_110631671.1	231.4	1.3e-68	0
RefSeq_Streptomyces	K02000	WP_110627159.1	225.5	7.6e-67	0
RefSeq_Streptomyces	K02000	WP_110627119.1	223.6	3e-66	0
RefSeq_Streptomyces	K02000	WP_110628403.1	223.0	4.5e-66	0
RefSeq_Streptomyces	K02000	WP_110629338.1	220.9	1.9e-65	0
RefSeq_Streptomyces	K02000	WP_110628722.1	212.2	8.3e-63	0
RefSeq_Streptomyces	K02000	WP_110632174.1	211.1	1.8e-62	0
RefSeq_Streptomyces	K02000	WP_110636139.1	208.7	9.5e-62	0
RefSeq_Streptomyces	K02000	WP_110627391.1	207.1	2.9e-61	0
RefSeq_Streptomyces	K02000	WP_204359479.1	206.6	4.2e-61	0
RefSeq_Streptomyces	K02000	WP_110628329.1	202.1	9.7e-60	0
RefSeq_Streptomyces	K02000	WP_110630211.1	201.7	1.2e-59	0
RefSeq_Streptomyces	K02000	WP_110630028.1	198.0	1.7e-58	0
RefSeq_Streptomyces	K02000	WP_110628656.1	196.1	6.2e-58	0
RefSeq_Streptomyces	K02000	WP_110628215.1	195.0	1.3e-57	0
RefSeq_Streptomyces	K02000	WP_110629450.1	194.3	2.2e-57	0
RefSeq_Streptomyces	K02000	WP_110630128.1	194.2	2.3e-57	0
RefSeq_Streptomyces	K02000	WP_110630201.1	193.1	4.9e-57	0
RefSeq_Streptomyces	K02000	WP_110630856.1	190.6	2.9e-56	0
RefSeq_Streptomyces	K02000	WP_110628617.1	189.7	5.4e-56	0
RefSeq_Streptomyces	K02000	WP_110630097.1	189.5	6.2e-56	0
RefSeq_Streptomyces	K02000	WP_110631767.1	187.6	2.3e-55	0
RefSeq_Streptomyces	K02000	WP_110628513.1	180.2	4.1e-53	0
RefSeq_Streptomyces	K02000	WP_110633014.1	176.9	4.1e-52	0
RefSeq_Streptomyces	K02000	WP_110628178.1	176.4	5.6e-52	0
RefSeq_Streptomyces	K02000	WP_239513132.1	175.2	1.3e-51	0
RefSeq_Streptomyces	K02000	WP_110626495.1	174.2	2.7e-51	0
RefSeq_Streptomyces	K02000	WP_110627912.1	174.1	2.8e-51	0
RefSeq_Streptomyces	K02000	WP_239513078.1	172.1	1.2e-50	0
RefSeq_Streptomyces	K02000	WP_110627368.1	170.3	4e-50	0
RefSeq_Streptomyces	K02000	WP_110635313.1	169.8	5.8e-50	0
RefSeq_Streptomyces	K02000	WP_110635042.1	169.0	9.7e-50	0
RefSeq_Streptomyces	K02000	WP_110628986.1	162.9	7.2e-48	0
RefSeq_Streptomyces	K02000	WP_110630199.1	162.7	8e-48	0
RefSeq_Streptomyces	K02000	WP_110626624.1	158.6	1.4e-46	0
RefSeq_Streptomyces	K02000	WP_110628232.1	156.0	8.9e-46	0
RefSeq_Streptomyces	K02000	WP_110634415.1	153.4	5.2e-45	0
RefSeq_Streptomyces	K02000	WP_110628312.1	150.2	5e-44	0
RefSeq_Streptomyces	K02000	WP_110630210.1	150.0	5.8e-44	0
RefSeq_Streptomyces	K02000	WP_110627977.1	143.5	5.2e-42	0
RefSeq_Streptomyces	K02000	WP_110634783.1	140.5	4.2e-41	0
RefSeq_Streptomyces	K02000	WP_110629987.1	138.1	2.3e-40	0
RefSeq_Streptomyces	K02000	WP_239513281.1	137.1	4.5e-40	0
RefSeq_Streptomyces	K02000	WP_110628701.1	136.2	8.7e-40	0
RefSeq_Streptomyces	K02000	WP_110631208.1	134.6	2.6e-39	0
RefSeq_Streptomyces	K02000	WP_110629155.1	133.0	8.1e-39	0
RefSeq_Streptomyces	K02000	WP_110630854.1	130.8	3.6e-38	0
RefSeq_Streptomyces	K02000	WP_204359314.1	129.4	9.7e-38	0
RefSeq_Streptomyces	K02000	WP_110627200.1	127.8	3e-37	0
RefSeq_Streptomyces	K02000	WP_110630647.1	115.4	1.7e-33	0
RefSeq_Streptomyces	K02000	WP_110636306.1	114.3	3.5e-33	0
RefSeq_Streptomyces	K02000	WP_110629052.1	111.9	1.9e-32	0
RefSeq_Streptomyces	K02000	WP_239513213.1	110.9	3.9e-32	0
RefSeq_Streptomyces	K02000	WP_110634758.1	110.0	7e-32	0
RefSeq_Streptomyces	K02000	WP_110630036.1	109.9	7.7e-32	0
RefSeq_Streptomyces	K02000	WP_110634603.1	106.1	1.1e-30	0
RefSeq_Streptomyces	K02000	WP_110636218.1	104.9	2.6e-30	0
RefSeq_Streptomyces	K02000	WP_110627129.1	104.4	3.7e-30	0
RefSeq_Streptomyces	K02000	WP_110628809.1	102.6	1.3e-29	0
RefSeq_Streptomyces	K02000	WP_110629146.1	101.8	2.3e-29	0
RefSeq_Streptomyces	K02000	WP_110630793.1	100.9	4.1e-29	0
RefSeq_Streptomyces	K02000	WP_110636424.1	100.8	4.6e-29	0
RefSeq_Streptomyces	K02000	WP_204359346.1	100.7	4.7e-29	0
RefSeq_Streptomyces	K02000	WP_110627438.1	100.4	5.7e-29	0
RefSeq_Streptomyces	K02000	WP_110627439.1	100.2	6.8e-29	0
RefSeq_Streptomyces	K02000	WP_110629268.1	98.1	2.8e-28	0
RefSeq_Streptomyces	K02000	WP_110626303.1	97.9	3.3e-28	0
RefSeq_Streptomyces	K02000	WP_110628011.1	97.3	5e-28	0
RefSeq_Streptomyces	K02000	WP_110632596.1	96.4	9.7e-28	0
RefSeq_Streptomyces	K02000	WP_110633632.1	95.6	1.7e-27	0
RefSeq_Streptomyces	K02000	WP_110629746.1	95.3	2.1e-27	0
RefSeq_Streptomyces	K02000	WP_110627815.1	95.2	2.2e-27	0
RefSeq_Streptomyces	K02000	WP_110630795.1	94.9	2.7e-27	0
RefSeq_Streptomyces	K02000	WP_110628974.1	93.1	9.7e-27	0
RefSeq_Streptomyces	K02000	WP_110628010.1	92.4	1.5e-26	0
RefSeq_Streptomyces	K02000	WP_162655611.1	91.3	3.4e-26	0
RefSeq_Streptomyces	K02000	WP_110631952.1	90.3	6.7e-26	0
RefSeq_Streptomyces	K02000	WP_204359319.1	90.0	8.1e-26	0
RefSeq_Streptomyces	K02000	WP_110630223.1	89.5	1.2e-25	0
RefSeq_Streptomyces	K02000	WP_162655514.1	88.7	2e-25	0
RefSeq_Streptomyces	K02000	WP_110629477.1	88.6	2.1e-25	0
RefSeq_Streptomyces	K02000	WP_110630669.1	87.2	5.7e-25	0
RefSeq_Streptomyces	K02000	WP_110628442.1	86.6	8.5e-25	0
RefSeq_Streptomyces	K02000	WP_110627257.1	86.0	1.3e-24	0
RefSeq_Streptomyces	K02000	WP_110630820.1	85.9	1.4e-24	0
RefSeq_Streptomyces	K02000	WP_110626629.1	85.7	1.7e-24	0
RefSeq_Streptomyces	K02000	WP_110628978.1	85.2	2.3e-24	0
RefSeq_Streptomyces	K02000	WP_110626722.1	85.2	2.4e-24	0
RefSeq_Streptomyces	K02000	WP_110629010.1	84.1	5.2e-24	0
RefSeq_Streptomyces	K02000	WP_110636712.1	82.7	1.3e-23	0
RefSeq_Streptomyces	K02000	WP_239513425.1	80.3	7.1e-23	0
RefSeq_Streptomyces	K02000	WP_110629444.1	78.0	3.5e-22	0
RefSeq_Streptomyces	K02000	WP_110626391.1	78.0	3.6e-22	0
RefSeq_Streptomyces	K02000	WP_110629326.1	77.0	7.1e-22	0
RefSeq_Streptomyces	K02000	WP_110627351.1	76.7	8.7e-22	0
RefSeq_Streptomyces	K02000	WP_110627213.1	72.8	1.3e-20	0
RefSeq_Streptomyces	K02000	WP_204359476.1	69.5	1.3e-19	0
RefSeq_Streptomyces	K02000	WP_110632001.1	65.9	1.7e-18	0
RefSeq_Streptomyces	K02000	WP_110628235.1	64.1	5.7e-18	0
RefSeq_Streptomyces	K02000	WP_110626634.1	60.6	6.6e-17	0
RefSeq_Streptomyces	K02000	WP_162655530.1	59.8	1.2e-16	0
RefSeq_Streptomyces	K02000	WP_110633397.1	59.5	1.4e-16	0
RefSeq_Streptomyces	K02000	WP_110634622.1	58.3	3.2e-16	0
RefSeq_Streptomyces	K02000	WP_110632888.1	57.4	6e-16	0
RefSeq_Streptomyces	K02000	WP_110635437.1	54.3	5.2e-15	0
RefSeq_Streptomyces	K02000	WP_110634755.1	54.3	5.3e-15	0
RefSeq_Streptomyces	K02000	WP_110626633.1	49.0	2.1e-13	0
RefSeq_Streptomyces	K02000	WP_110635081.1	47.1	8e-13	0
RefSeq_Streptomyces	K02000	WP_110633355.1	44.8	4e-12	0
RefSeq_Streptomyces	K02000	WP_110628686.1	41.8	3.1e-11	0
RefSeq_Streptomyces	K02000	WP_110633307.1	39.1	2.1e-10	0
RefSeq_Streptomyces	K02000	WP_110627346.1	37.1	8.5e-10	0
RefSeq_Streptomyces	K02000	WP_110627407.1	35.9	1.9e-09	0
RefSeq_Streptomyces	K02000	WP_110627171.1	34.2	6.5e-09	0
RefSeq_Streptomyces	K02000	WP_110627386.1	32.5	2.2e-08	0
RefSeq_Streptomyces	K02000	WP_110633511.1	31.6	3.9e-08	0
RefSeq_Streptomyces	K02000	WP_110634631.1	31.1	5.7e-08	0
RefSeq_Streptomyces	K02000	WP_110626716.1	29.3	1.9e-07	0
RefSeq_Streptomyces	K02000	WP_343234104.1	29.3	2e-07	0
RefSeq_Streptomyces	K02000	WP_229908715.1	28.9	2.5e-07	0
RefSeq_Streptomyces	K02000	WP_110635434.1	26.9	1.1e-06	0
RefSeq_Streptomyces	K02000	WP_110634058.1	25.0	4.1e-06	0
RefSeq_Streptomyces	K02000	WP_110626878.1	23.6	1.1e-05	0
RefSeq_Streptomyces	K02000	WP_110634385.1	23.3	1.3e-05	0
RefSeq_Streptomyces	K02000	WP_110630383.1	21.8	3.5e-05	0
RefSeq_Streptomyces	K02000	WP_110629870.1	20.0	0.00012	0
RefSeq_Streptomyces	K02000	WP_110626856.1	19.3	0.00021	0
RefSeq_Streptomyces	K02000	WP_239513113.1	19.2	0.00022	0
RefSeq_Streptomyces	K02000	WP_110626855.1	18.8	0.00029	0
RefSeq_Streptomyces	K02000	WP_110628611.1	18.3	0.00042	0
RefSeq_Streptomyces	K02000	WP_110626715.1	18.0	0.00051	0
RefSeq_Streptomyces	K02000	WP_110626819.1	17.1	0.00096	0
RefSeq_Streptomyces	K02000	WP_162655674.1	14.7	0.0052	0
RefSeq_Streptomyces	K02000	WP_110627055.1	14.7	0.0053	0
RefSeq_Streptomyces	K02000	WP_162655614.1	14.5	0.006	0
RefSeq_Streptomyces	K02000	WP_110630271.1	12.6	0.022	0
RefSeq_Streptomyces	K02000	WP_110627221.1	9.8	0.15	0
RefSeq_Streptomyces	K02000	WP_110631404.1	9.2	0.23	0
RefSeq_Streptomyces	K02001	WP_110627026.1	1131.5	0.0	1
RefSeq_Streptomyces	K02001	WP_110629928.1	638.7	6e-192	1
RefSeq_Streptomyces	K02001	WP_110628473.1	75.7	1.1e-21	0
RefSeq_Streptomyces	K02001	WP_110632046.1	71.0	3.1e-20	0
RefSeq_Streptomyces	K02001	WP_373314533.1	70.6	3.8e-20	0
RefSeq_Streptomyces	K02001	WP_110626967.1	61.2	2.8e-17	0
RefSeq_Streptomyces	K02001	WP_430381151.1	56.4	8e-16	0
RefSeq_Streptomyces	K02001	WP_110629929.1	54.7	2.5e-15	0
RefSeq_Streptomyces	K02001	WP_110626534.1	45.8	1.2e-12	0
RefSeq_Streptomyces	K02001	WP_110632171.1	35.9	1.3e-09	0
RefSeq_Streptomyces	K02001	WP_110632044.1	33.6	6e-09	0
RefSeq_Streptomyces	K02001	WP_110626623.1	33.0	9.1e-09	0
RefSeq_Streptomyces	K02001	WP_110630483.1	27.0	6.2e-07	0
RefSeq_Streptomyces	K02001	WP_110628985.1	24.2	4.3e-06	0
RefSeq_Streptomyces	K02001	WP_110631673.1	20.9	4.3e-05	0
RefSeq_Streptomyces	K02001	WP_110627161.1	20.3	6.4e-05	0
RefSeq_Streptomyces	K02001	WP_110631252.1	18.8	0.00018	0
RefSeq_Streptomyces	K02001	WP_110628520.1	18.8	0.00019	0
RefSeq_Streptomyces	K02001	WP_110628221.1	18.7	0.00019	0
RefSeq_Streptomyces	K02001	WP_239513081.1	17.9	0.00033	0
RefSeq_Streptomyces	K02001	WP_110626440.1	16.2	0.0011	0
RefSeq_Streptomyces	K02001	WP_204359429.1	15.8	0.0015	0
RefSeq_Streptomyces	K02001	WP_110637273.1	15.7	0.0016	0
RefSeq_Streptomyces	K02001	WP_110628380.1	15.6	0.0017	0
RefSeq_Streptomyces	K02001	WP_110631296.1	15.1	0.0024	0
RefSeq_Streptomyces	K02001	WP_110626800.1	15.1	0.0025	0
RefSeq_Streptomyces	K02001	WP_110636237.1	14.6	0.0034	0
RefSeq_Streptomyces	K02001	WP_110634854.1	14.4	0.0039	0
RefSeq_Streptomyces	K02001	WP_110627363.1	14.1	0.0047	0
RefSeq_Streptomyces	K02001	WP_110628222.1	13.9	0.0057	0
RefSeq_Streptomyces	K02001	WP_110626439.1	13.8	0.0059	0
RefSeq_Streptomyces	K02001	WP_110628401.1	13.3	0.0086	0
RefSeq_Streptomyces	K02001	WP_110633726.1	13.0	0.011	0
RefSeq_Streptomyces	K02001	WP_110637264.1	12.9	0.012	0
RefSeq_Streptomyces	K02001	WP_110628381.1	12.6	0.013	0
RefSeq_Streptomyces	K02001	WP_110631507.1	12.6	0.014	0
RefSeq_Streptomyces	K02001	WP_229908877.1	12.5	0.015	0
RefSeq_Streptomyces	K02001	WP_110627778.1	12.2	0.018	0
RefSeq_Streptomyces	K02001	WP_110627325.1	12.2	0.018	0
RefSeq_Streptomyces	K02001	WP_110627390.1	12.1	0.019	0
RefSeq_Streptomyces	K02001	WP_110627666.1	12.0	0.02	0
RefSeq_Streptomyces	K02001	WP_110626456.1	11.6	0.027	0
RefSeq_Streptomyces	K02001	WP_110626184.1	11.3	0.033	0
RefSeq_Streptomyces	K02001	WP_110631943.1	10.8	0.049	0
RefSeq_Streptomyces	K02001	WP_204359428.1	10.6	0.054	0
RefSeq_Streptomyces	K02001	WP_110626220.1	10.6	0.055	0
RefSeq_Streptomyces	K02001	WP_110627312.1	10.3	0.067	0
RefSeq_Streptomyces	K02001	WP_110627987.1	10.2	0.075	0
RefSeq_Streptomyces	K02001	WP_110626084.1	9.4	0.13	0
RefSeq_Streptomyces	K02001	WP_110637110.1	7.5	0.49	0
RefSeq_Streptomyces	K02001	WP_110637262.1	7.2	0.6	0
RefSeq_Streptomyces	K02001	WP_110636255.1	6.7	0.81	0
RefSeq_Streptomyces	K02001	WP_110628984.1	5.4	2.0	0
RefSeq_Streptomyces	K02001	WP_110632141.1	5.2	2.4	0
RefSeq_Streptomyces	K02001	WP_110631510.1	5.1	2.5	0
RefSeq_Streptomyces	K02001	WP_110636453.1	4.9	3.0	0
RefSeq_Streptomyces	K02001	WP_110626479.1	4.9	3.0	0
RefSeq_Streptomyces	K02001	WP_110631255.1	4.0	5.4	0
RefSeq_Streptomyces	K02001	WP_110627311.1	3.9	5.7	0
RefSeq_Streptomyces	K02002	WP_110627026.1	905.9	4e-273	1
RefSeq_Streptomyces	K02002	WP_110629929.1	198.2	8.2e-59	1
RefSeq_Streptomyces	K02002	WP_110629928.1	189.1	4.7e-56	1
RefSeq_Streptomyces	K02002	WP_110632049.1	38.2	2.5e-10	0
RefSeq_Streptomyces	K02002	WP_110628473.1	23.3	7.7e-06	0
RefSeq_Streptomyces	K02002	WP_110626967.1	21.2	3.4e-05	0
RefSeq_Streptomyces	K02002	WP_110632046.1	20.4	6e-05	0
RefSeq_Streptomyces	K02002	WP_373314533.1	16.2	0.0011	0
RefSeq_Streptomyces	K02002	WP_430381151.1	14.3	0.0041	0
RefSeq_Streptomyces	K02002	WP_110626623.1	13.7	0.0061	0
RefSeq_Streptomyces	K02002	WP_239513385.1	13.2	0.0089	0
RefSeq_Streptomyces	K02002	WP_110629211.1	12.4	0.016	0
RefSeq_Streptomyces	K02002	WP_110628177.1	12.4	0.016	0
RefSeq_Streptomyces	K02002	WP_110632044.1	11.6	0.028	0
RefSeq_Streptomyces	K02002	WP_110637273.1	9.3	0.14	0
RefSeq_Streptomyces	K02002	WP_110630483.1	7.1	0.62	0
RefSeq_Streptomyces	K02779	WP_110628452.1	444.7	2.4e-133	0
RefSeq_Streptomyces	K02779	WP_110628453.1	439.6	8.2e-132	0
RefSeq_Streptomyces	K02779	WP_043440579.1	67.2	3.9e-19	0
RefSeq_Streptomyces	K02779	WP_110627221.1	9.7	0.097	0
RefSeq_Streptomyces	K02779	WP_110631026.1	9.4	0.12	0
RefSeq_Streptomyces	K02779	WP_110632615.1	5.2	2.3	0
RefSeq_Streptomyces	K02779	WP_110637168.1	4.0	5.3	0
RefSeq_Streptomyces	K02779	WP_110629725.1	3.5	7.6	0
RefSeq_Streptomyces	K01226	WP_110626375.1	690.0	1e-207	0
RefSeq_Streptomyces	K01226	WP_110627365.1	369.9	9.8e-111	0
RefSeq_Streptomyces	K01226	WP_110627776.1	362.4	1.9e-108	0
RefSeq_Streptomyces	K01226	WP_110626455.1	348.7	2.7e-104	0
RefSeq_Streptomyces	K01226	WP_110626244.1	331.1	5.9e-99	0
RefSeq_Streptomyces	K01226	WP_110630775.1	328.8	2.8e-98	0
RefSeq_Streptomyces	K01226	WP_110627772.1	120.2	4.6e-35	0
RefSeq_Streptomyces	K01226	WP_110626093.1	53.6	6.7e-15	0
RefSeq_Streptomyces	K01226	WP_110630777.1	42.9	1.2e-11	0
RefSeq_Streptomyces	K01226	WP_110632094.1	41.7	2.8e-11	0
RefSeq_Streptomyces	K01226	WP_110632115.1	38.9	2e-10	0
RefSeq_Streptomyces	K01226	WP_110626243.1	37.1	7e-10	0
RefSeq_Streptomyces	K01226	WP_110630771.1	34.8	3.2e-09	0
RefSeq_Streptomyces	K01226	WP_110626246.1	33.9	6.1e-09	0
RefSeq_Streptomyces	K01226	WP_110635556.1	32.9	1.3e-08	0
RefSeq_Streptomyces	K01226	WP_110630799.1	32.8	1.4e-08	0
RefSeq_Streptomyces	K01226	WP_110627775.1	30.0	9.3e-08	0
RefSeq_Streptomyces	K01226	WP_204359325.1	28.1	3.7e-07	0
RefSeq_Streptomyces	K01226	WP_110632118.1	21.5	3.7e-05	0
RefSeq_Streptomyces	K01226	WP_110626662.1	14.2	0.006	0
RefSeq_Streptomyces	K03486	WP_110630428.1	118.0	1.9e-34	0
RefSeq_Streptomyces	K03486	WP_110637225.1	99.1	1.2e-28	0
RefSeq_Streptomyces	K03486	WP_110626531.1	97.2	4.5e-28	0
RefSeq_Streptomyces	K03486	WP_110629072.1	96.9	5.4e-28	0
RefSeq_Streptomyces	K03486	WP_110637295.1	96.5	7.2e-28	0
RefSeq_Streptomyces	K03486	WP_110627126.1	73.0	1.1e-20	0
RefSeq_Streptomyces	K03486	WP_110627454.1	64.3	4.8e-18	0
RefSeq_Streptomyces	K03486	WP_110627509.1	61.5	3.6e-17	0
RefSeq_Streptomyces	K03486	WP_110626429.1	50.3	9.2e-14	0
RefSeq_Streptomyces	K03486	WP_110627229.1	48.5	3.2e-13	0
RefSeq_Streptomyces	K03486	WP_110630824.1	48.4	3.7e-13	0
RefSeq_Streptomyces	K03486	WP_110626417.1	46.2	1.7e-12	0
RefSeq_Streptomyces	K03486	WP_110628948.1	45.5	2.7e-12	0
RefSeq_Streptomyces	K03486	WP_110628109.1	41.9	3.4e-11	0
RefSeq_Streptomyces	K03486	WP_110630173.1	39.0	2.6e-10	0
RefSeq_Streptomyces	K03486	WP_110633664.1	37.3	8.5e-10	0
RefSeq_Streptomyces	K03486	WP_110627021.1	36.3	1.8e-09	0
RefSeq_Streptomyces	K03486	WP_110633211.1	36.2	1.8e-09	0
RefSeq_Streptomyces	K03486	WP_110627315.1	35.8	2.4e-09	0
RefSeq_Streptomyces	K03486	WP_204359398.1	35.2	3.7e-09	0
RefSeq_Streptomyces	K03486	WP_110633009.1	32.5	2.5e-08	0
RefSeq_Streptomyces	K03486	WP_110628977.1	32.1	3.3e-08	0
RefSeq_Streptomyces	K03486	WP_110631711.1	31.4	5.5e-08	0
RefSeq_Streptomyces	K03486	WP_204359338.1	31.1	6.9e-08	0
RefSeq_Streptomyces	K03486	WP_110627069.1	30.5	1.1e-07	0
RefSeq_Streptomyces	K03486	WP_110629932.1	30.1	1.4e-07	0
RefSeq_Streptomyces	K03486	WP_110628757.1	29.4	2.3e-07	0
RefSeq_Streptomyces	K03486	WP_110629277.1	29.2	2.5e-07	0
RefSeq_Streptomyces	K03486	WP_110627715.1	29.2	2.7e-07	0
RefSeq_Streptomyces	K03486	WP_110629325.1	29.0	3e-07	0
RefSeq_Streptomyces	K03486	WP_110627784.1	27.9	6.3e-07	0
RefSeq_Streptomyces	K03486	WP_110628950.1	27.2	1.1e-06	0
RefSeq_Streptomyces	K03486	WP_110627086.1	27.0	1.2e-06	0
RefSeq_Streptomyces	K03486	WP_110627146.1	26.4	1.8e-06	0
RefSeq_Streptomyces	K03486	WP_239513265.1	26.1	2.2e-06	0
RefSeq_Streptomyces	K03486	WP_110626841.1	25.9	2.6e-06	0
RefSeq_Streptomyces	K03486	WP_110627413.1	24.9	5.2e-06	0
RefSeq_Streptomyces	K03486	WP_110629305.1	23.0	2.1e-05	0
RefSeq_Streptomyces	K03486	WP_110626786.1	22.7	2.4e-05	0
RefSeq_Streptomyces	K03486	WP_110626490.1	21.1	7.6e-05	0
RefSeq_Streptomyces	K03486	WP_110629454.1	21.0	8.3e-05	0
RefSeq_Streptomyces	K03486	WP_110626832.1	20.2	0.00014	0
RefSeq_Streptomyces	K03486	WP_110636844.1	18.9	0.00036	0
RefSeq_Streptomyces	K03486	WP_110633443.1	18.8	0.00038	0
RefSeq_Streptomyces	K03486	WP_110628746.1	18.6	0.00045	0
RefSeq_Streptomyces	K03486	WP_110626453.1	18.3	0.00054	0
RefSeq_Streptomyces	K03486	WP_110627323.1	17.3	0.0012	0
RefSeq_Streptomyces	K03486	WP_110631642.1	16.0	0.0027	0
RefSeq_Streptomyces	K03486	WP_110626815.1	15.8	0.0033	0
RefSeq_Streptomyces	K03486	WP_110627547.1	14.6	0.0072	0
RefSeq_Streptomyces	K03486	WP_204359356.1	14.5	0.0082	0
RefSeq_Streptomyces	K03486	WP_029382547.1	13.9	0.012	0
RefSeq_Streptomyces	K03486	WP_110628748.1	11.6	0.06	0
